CAS Number,Chemical name(s),SMILES,Molecular formula,Predefined substance type,Additional Ids,Identity,CAS-SMILES relation,Water Solubility (fragments),Water Solubility,Vapor Pressure (Modified Grain Method),Mean Melting Point,log Kow,Log Koa (Henry's law constant model),Log Koa (Air-water partition coefficient model),Lipid Solubility,Kp (Octanol/air (Koa) model),FM reaction time,FM reaction soil,FM fugacity air,Vapor Pressure (Mackay method),Vapor Pressure (Antoine method),Ultimate biodeg (Biowin 3),Total Kb,Surface Tension,Subcooled liquid Vapor Pressure,STP FM (Total removal),STP FM (Total biodegradation),Similarity,Selected Vapor Pressure,Selected Melting Point,Relative number of N atoms,Ready Biodegradability Prediction,Primary biodeg (Biowin 4),phi (Octanol/air (Koa) model),phi (Mackay model),phi (Junge-Pankow model),OVERALL OZONE rate constant,OVERALL OZONE Half-life,OVERALL OH rate constant,OVERALL OH Half-life,Number of single bonds (with H),Number of single bonds,Number of rings,Number of nitro groups,Number of heavy atoms,Number of double bonds,Number of cyclic bonds,Number of aromatic bonds,Molecular Weight,Melting point (Gold and Ogle method),Melting Point (Adapted Joback Method),Kp (Mackay method),Koc (MCI),Koc (Log Kow),kM,Kb half-life (pH 8),Kb half-life (pH 7),Ka Half-Life (pH 8),Ka Half-Life (pH 7),Hydrolysis half-life (pH 6.5-7.4),Henrys law Constant (Group Method),Henrys Law Constant (Bond Method),Half-Life (Observed metabolism),Half-Life (Model River),Half-Life (Model Lake),GSH Reactivity,FM reaction water,FM reaction sediment,FM reaction air,FM persistence time,FM percent reacted,FM percent advected,FM mass amount water,FM mass amount soil,FM mass amount sediment,FM mass amount air,FM half-life water,FM half-life soil,FM half-life sediment,FM half-life air,FM fugacity water,FM fugacity soil,FM fugacity sediment,FM emissions water,FM emissions soil,FM emissions sedmient,FM emissions air,FM advection water,FM advection time,FM advection soil,FM advection sediment,FM advection air,Exp Water Solubility,Exp Vapor Pressure,Exp Ozone rate constant,Exp OH rate constant,Exp NO3 rate constant,Exp Melting Point,Exp Log P,Exp Henrys Law Constant,Exp Boiling Point,Boiling point,Biotransformation Half-Life,BioHC Half-Life,Biodeg probability (Biowin 7),Biodeg probability (Biowin 6),Biodeg probability (Biowin 5),Biodeg probability (Biowin 2),Biodeg probability (Biowin 1),Bio Half-Life,BCF (upper trophic),"BCF (upper trophic, biotransformation rate is zero)",BCF (mid trophic),BCF (lower trophic),BCF,Basic pKa (OASIS Regression),BAF (upper trophic),"BAF (upper trophic, biotransformation rate is zero)",BAF (mid trophic),BAF (lower trophic),BAF,Amino acids pKa (OASIS Regression),Acidic pKa (OASIS Regression),Acidic pKa (OASIS Electric),Acidic pKa (OASIS Consensus),Acidic pKa (OASIS composite calculator),(Q) Basic pKa (Chemaxon),(Q) Acidic pKa (Chemaxon),EndpointPath,Database,Endpoint,Reference source,Assigned SMILES,Qualifier,Substance/Test material equality,Experimental condition.Unit,Experimental condition.Scale,Experimental condition.MinValue,Year,Title,Reliability,Test type,Test guideline,Metadata,Record ID,Test organisms (species),Effect,Test method,Identity in file,Kingdom,Subkingdom,Phylum,Subphylum,Class,Subclass,Order,Suborder,Infraorder,Family,Genus,Infrakingdom,Superphylum,Superclass,Superorder,Subfamily,Infraphylum,Division,Superfamily,Strain,Route of administration,Type of method,Metabolic activation,Comments,Type of genotoxicity,Author,Gender,Test group,Publication,Organ(Tissue),Test category,Test laboratory,Examination items,Max dose.MeanValue,Max dose.Unit,Max dose.Scale,Min dose.MeanValue,Min dose.Unit,Min dose.Scale,Test purity.MeanValue,Test purity.Scale,Recovery period.MeanValue,Recovery period.Unit,Recovery period.Scale,Tissue,Assay,Assay URL,Assay mode,Cell format,Gene symbol,Assay target,Assay category,Assay provider,Assay footprint,Cell short name,Assay technology,Dilution solvent,Entrez gene name,Assay description,Assay design type,Assay format type,Assay source desc,Assay source name,Key assay reagent,Analysis direction,Assay function type,Assay target family,Assay target source,Content readout type,Detection technology,Intended target type,Normalized Data Type,Assay design sub-type,Assay solvent control,Assay sub-format type,Assay positive control,Assay source long name,Intended target family,Key assay reagent type,Intended target gene ID,Assay target source type,Intended target sub-type,Biological process target,Detection technology type,Intended signal direction,Technological target type,Wavelength emission1 (nm),Wavelength emission2 (nm),Intended target sub-family,Key assay positive control,Assay component target desc,Intended target gene symbol,Wavelength excitation1 (nm),Dilution solvent percent max,Technological target gene ID,Detection technology sub-type,Technological target sub-type,Technological target gene symbol,Entrez gene ID(s) corresponding to the assay readout,Infraclass,Timepoint.MeanValue,Timepoint.Unit,Timepoint.Scale,Assay note,Cell growth mode,Assay reference compound,Purity,Vehicle,Middle dose.MeanValue,Middle dose.Unit,Middle dose.Scale,Finding: Abnormal estrus cycle.MeanValue,Finding: Abnormal estrus cycle.Unit,Finding: Abnormal estrus cycle.Scale,Finding: Biased sex ratio.MeanValue,Finding: Biased sex ratio.Unit,Finding: Biased sex ratio.Scale,Finding: Decreased birth index.MeanValue,Finding: Decreased birth index.Unit,Finding: Decreased birth index.Scale,Finding: Other findings (Dams).MeanValue,Finding: Other findings (Dams).Unit,Finding: Other findings (Dams).Scale,Finding: Decreased nursing index.MeanValue,Finding: Decreased nursing index.Unit,Finding: Decreased nursing index.Scale,Finding: Decreased delivery index.MeanValue,Finding: Decreased delivery index.Unit,Finding: Decreased delivery index.Scale,Finding: Decreased fertility index.MeanValue,Finding: Decreased fertility index.Unit,Finding: Decreased fertility index.Scale,Finding: Decreased gestation index.MeanValue,Finding: Decreased gestation index.Unit,Finding: Decreased gestation index.Scale,Finding: Decreased viability index.MeanValue,Finding: Decreased viability index.Unit,Finding: Decreased viability index.Scale,Finding: Decreased copulation index.MeanValue,Finding: Decreased copulation index.Unit,Finding: Decreased copulation index.Scale,Finding: Decreased live birth index.MeanValue,Finding: Decreased live birth index.Unit,Finding: Decreased live birth index.Scale,Finding: Increased gestation length.MeanValue,Finding: Increased gestation length.Unit,Finding: Increased gestation length.Scale,Finding: Other findings (Offsprings).MeanValue,Finding: Other findings (Offsprings).Unit,Finding: Other findings (Offsprings).Scale,Finding: Decreased implantation index.MeanValue,Finding: Decreased implantation index.Unit,Finding: Decreased implantation index.Scale,Finding: Increased malformation in pups.MeanValue,Finding: Increased malformation in pups.Unit,Finding: Increased malformation in pups.Scale,Finding: Decreaced body weight  on day 0.MeanValue,Finding: Decreaced body weight  on day 0.Unit,Finding: Decreaced body weight  on day 0.Scale,Finding: Decreased body weight  on day 4.MeanValue,Finding: Decreased body weight  on day 4.Unit,Finding: Decreased body weight  on day 4.Scale,Finding: Decreased number of mated pairs.MeanValue,Finding: Decreased number of mated pairs.Unit,Finding: Decreased number of mated pairs.Scale,Finding: Increased pre-implantation loss.MeanValue,Finding: Increased pre-implantation loss.Unit,Finding: Increased pre-implantation loss.Scale,Finding: Increased post-implantation loss.MeanValue,Finding: Increased post-implantation loss.Unit,Finding: Increased post-implantation loss.Scale,Finding: Decreased number of corpora lutea.MeanValue,Finding: Decreased number of corpora lutea.Unit,Finding: Decreased number of corpora lutea.Scale,Finding: Decreased number of pups on day 0.MeanValue,Finding: Decreased number of pups on day 0.Unit,Finding: Decreased number of pups on day 0.Scale,Finding: Other findings in delivery (Dams).MeanValue,Finding: Other findings in delivery (Dams).Unit,Finding: Other findings in delivery (Dams).Scale,Finding: Decreased number of copulated pairs.MeanValue,Finding: Decreased number of copulated pairs.Unit,Finding: Decreased number of copulated pairs.Scale,Finding: Decreased number of pregnant females.MeanValue,Finding: Decreased number of pregnant females.Unit,Finding: Decreased number of pregnant females.Scale,Finding: Decreased number of implantation scar.MeanValue,Finding: Decreased number of implantation scar.Unit,Finding: Decreased number of implantation scar.Scale,Finding: Decreased number of live pups on day 0.MeanValue,Finding: Decreased number of live pups on day 0.Unit,Finding: Decreased number of live pups on day 0.Scale,Finding: Decreased number of live pups on day 4.MeanValue,Finding: Decreased number of live pups on day 4.Unit,Finding: Decreased number of live pups on day 4.Scale,Finding: Decreased number of dams with live pups.MeanValue,Finding: Decreased number of dams with live pups.Unit,Finding: Decreased number of dams with live pups.Scale,Finding: Increased pairing days until copulation.MeanValue,Finding: Increased pairing days until copulation.Unit,Finding: Increased pairing days until copulation.Scale,Finding: Other findings in delivery (Offsprings).MeanValue,Finding: Other findings in delivery (Offsprings).Unit,Finding: Other findings in delivery (Offsprings).Scale,Duration.MeanValue,Duration.Unit,Duration.Scale,Value.MeanValue,Value.Qualifier,Value.Unit,Value.Scale,Original value.MeanValue,Original value.Qualifier,Original value.Unit,Original value.Scale
103-24-2,"bis(2-ethylhexyl) azelate;1,9-bis(2-ethylhexyl) nonanedioate;Azelaic acid, bis(2-ethylhexyl) ester;bis(2-ethylhexyl) azelate;Bis(2-ethylhexyl) nonanedioate;bis(2-ethylhexyl) nonanedioate (nonanedioic acid, bis(2-ethylhexyl) ester);Di-2-ethylhexyl azelate;dioctyl azelate;Nonanedioic acid, 1,9-bis(2-ethylhexyl) ester;Nonanedioic acid, bis(2-ethylhexyl) ester",CCCCC(CC)COC(=O)CCCCCCCC(=O)OCC(CC)CCCC,C25H48O4,Mono constituent,EC Number:2030917,Sources:19,High,Not calculated,Not calculated,Not calculated,Not calculated,Not calculated,Not calculated,Not calculated,Not calculated,Not calculated,Not calculated,Not calculated,Not calculated,Not calculated,Not calculated,Not calculated,Not calculated,Not calculated,Not calculated,Not calculated,Not calculated,Not calculated,Not calculated,Not calculated,Not calculated,Not calculated,Not calculated,Not calculated,Not calculated,Not calculated,Not calculated,Not calculated,Not calculated,Not calculated,Not calculated,Not calculated,Not calculated,Not calculated,Not calculated,Not calculated,Not calculated,Not calculated,Not calculated,Not calculated,Not calculated,Not calculated,Not calculated,Not calculated,Not calculated,Not calculated,Not calculated,Not calculated,Not calculated,Not calculated,Not calculated,Not calculated,Not calculated,Not calculated,Not calculated,Not calculated,Not calculated,Not calculated,Not calculated,Not calculated,Not calculated,Not calculated,Not calculated,Not calculated,Not calculated,Not calculated,Not calculated,Not calculated,Not calculated,Not calculated,Not calculated,Not calculated,Not calculated,Not calculated,Not calculated,Not calculated,Not calculated,Not calculated,Not calculated,Not calculated,Not calculated,Not calculated,Not calculated,Not calculated,Not calculated,Not calculated,Not calculated,Not calculated,Not calculated,Not calculated,Not calculated,Not calculated,Not calculated,Not calculated,Not calculated,Not calculated,Not calculated,Not calculated,Not calculated,Not calculated,Not calculated,Not calculated,Not calculated,Not calculated,Not calculated,Not calculated,Not calculated,Not calculated,Not calculated,Not calculated,Not calculated,Not calculated,Not calculated,Not calculated,Not calculated,Not calculated,Not calculated,Not calculated,Physical Chemical Properties#Boiling point,Phys-chem EPISUITE,Boiling point,SRC,False,No qualifier,Equal,mm Hg,Pressure,5,,,,,,,,,,,,,,,,,,,,,,,,,,,,,,,,,,,,,,,,,,,,,,,,,,,,,,,,,,,,,,,,,,,,,,,,,,,,,,,,,,,,,,,,,,,,,,,,,,,,,,,,,,,,,,,,,,,,,,,,,,,,,,,,,,,,,,,,,,,,,,,,,,,,,,,,,,,,,,,,,,,,,,,,,,,,,,,,,,,,,,,,,,,,,,,,,,,,,,,,,,,,,,,,,,,,,,,,,,,237,,°C,Temperature,237,,°C,Temperature
103-24-2,"bis(2-ethylhexyl) azelate;1,9-bis(2-ethylhexyl) nonanedioate;Azelaic acid, bis(2-ethylhexyl) ester;bis(2-ethylhexyl) azelate;Bis(2-ethylhexyl) nonanedioate;bis(2-ethylhexyl) nonanedioate (nonanedioic acid, bis(2-ethylhexyl) ester);Di-2-ethylhexyl azelate;dioctyl azelate;Nonanedioic acid, 1,9-bis(2-ethylhexyl) ester;Nonanedioic acid, bis(2-ethylhexyl) ester",,,,,,,,,,,,,,,,,,,,,,,,,,,,,,,,,,,,,,,,,,,,,,,,,,,,,,,,,,,,,,,,,,,,,,,,,,,,,,,,,,,,,,,,,,,,,,,,,,,,,,,,,,,,,,,,,,,,,,,,,,,,,,,,Physical Chemical Properties#Melting / freezing point,Phys-chem EPISUITE,Melting point,SRC,False,No qualifier,Equal,,,,,,,,,,,,,,,,,,,,,,,,,,,,,,,,,,,,,,,,,,,,,,,,,,,,,,,,,,,,,,,,,,,,,,,,,,,,,,,,,,,,,,,,,,,,,,,,,,,,,,,,,,,,,,,,,,,,,,,,,,,,,,,,,,,,,,,,,,,,,,,,,,,,,,,,,,,,,,,,,,,,,,,,,,,,,,,,,,,,,,,,,,,,,,,,,,,,,,,,,,,,,,,,,,,,,,,,,,,,,,-78,,°C,Temperature,-78,,°C,Temperature
103-24-2,"bis(2-ethylhexyl) azelate;1,9-bis(2-ethylhexyl) nonanedioate;Azelaic acid, bis(2-ethylhexyl) ester;bis(2-ethylhexyl) azelate;Bis(2-ethylhexyl) nonanedioate;bis(2-ethylhexyl) nonanedioate (nonanedioic acid, bis(2-ethylhexyl) ester);Di-2-ethylhexyl azelate;dioctyl azelate;Nonanedioic acid, 1,9-bis(2-ethylhexyl) ester;Nonanedioic acid, bis(2-ethylhexyl) ester",,,,,,,,,,,,,,,,,,,,,,,,,,,,,,,,,,,,,,,,,,,,,,,,,,,,,,,,,,,,,,,,,,,,,,,,,,,,,,,,,,,,,,,,,,,,,,,,,,,,,,,,,,,,,,,,,,,,,,,,,,,,,,,,Environmental Fate and Transport#Biodegradation#Biodegradation in Water: Screening Tests#Ready Biodegradability,Biodegradation NITE,BOD,http://www.safe.nite.go.jp/japan/db.html,False,No qualifier,Equal,,,,2004,,,,OECD 301C,Biodegradation Data of Existing Chemicals Based on the CSCL Japan,1281,Microorganisms,,,,,,,,,,,,,,,,,,,,,,,,,,,,,,,,,,,,,,,,,,,,,,,,,,,,,,,,,,,,,,,,,,,,,,,,,,,,,,,,,,,,,,,,,,,,,,,,,,,,,,,,,,,,,,,,,,,,,,,,,,,,,,,,,,,,,,,,,,,,,,,,,,,,,,,,,,,,,,,,,,,,,,,,,,,,,,,,,,,,,,,,,,,,,,,,,,,,,,,,,,,,,,,,28,d,Time,95,,%,Biodegradability (%),95,,%,Biodegradability (%)
103-24-2,"bis(2-ethylhexyl) azelate;1,9-bis(2-ethylhexyl) nonanedioate;Azelaic acid, bis(2-ethylhexyl) ester;bis(2-ethylhexyl) azelate;Bis(2-ethylhexyl) nonanedioate;bis(2-ethylhexyl) nonanedioate (nonanedioic acid, bis(2-ethylhexyl) ester);Di-2-ethylhexyl azelate;dioctyl azelate;Nonanedioic acid, 1,9-bis(2-ethylhexyl) ester;Nonanedioic acid, bis(2-ethylhexyl) ester",,,,,,,,,,,,,,,,,,,,,,,,,,,,,,,,,,,,,,,,,,,,,,,,,,,,,,,,,,,,,,,,,,,,,,,,,,,,,,,,,,,,,,,,,,,,,,,,,,,,,,,,,,,,,,,,,,,,,,,,,,,,,,,,Ecotoxicological Information#Aquatic Toxicity,Aquatic Japan MoE,EC50,,True,>,Equal,,,,2002,,,,OECD TG 211,,,Daphnia magna,Acute,Daphnids Acute Immobilisation Test,2991,Animalia (animals),Bilateria,Arthropoda (arthropods),Crustacea (crustaceans),Branchiopoda (branchiopods),Phyllopoda,Diplostraca,Cladocera (water fleas),Anomopoda,Daphniidae,Daphnia,Protostomia,Ecdysozoa,,,,,,,,,,,,,,,,,,,,,,,,,,,,,,,,,,,,,,,,,,,,,,,,,,,,,,,,,,,,,,,,,,,,,,,,,,,,,,,,,,,,,,,,,,,,,,,,,,,,,,,,,,,,,,,,,,,,,,,,,,,,,,,,,,,,,,,,,,,,,,,,,,,,,,,,,,,,,,,,,,,,,,,,,,,,,,,,,,,,,,,,,,,,,,,,48,h,Time,0.09300000220537186,>,mg/L,Mass concentration,0.09300000220537186,>,mg/L,Mass concentration
103-24-2,"bis(2-ethylhexyl) azelate;1,9-bis(2-ethylhexyl) nonanedioate;Azelaic acid, bis(2-ethylhexyl) ester;bis(2-ethylhexyl) azelate;Bis(2-ethylhexyl) nonanedioate;bis(2-ethylhexyl) nonanedioate (nonanedioic acid, bis(2-ethylhexyl) ester);Di-2-ethylhexyl azelate;dioctyl azelate;Nonanedioic acid, 1,9-bis(2-ethylhexyl) ester;Nonanedioic acid, bis(2-ethylhexyl) ester",,,,,,,,,,,,,,,,,,,,,,,,,,,,,,,,,,,,,,,,,,,,,,,,,,,,,,,,,,,,,,,,,,,,,,,,,,,,,,,,,,,,,,,,,,,,,,,,,,,,,,,,,,,,,,,,,,,,,,,,,,,,,,,,Ecotoxicological Information#Aquatic Toxicity,Aquatic Japan MoE,LC50,,True,>,Equal,,,,2002,,,,OECD TG 203,,,Oryzias latipes,Acute,Fish Acute toxicity test,5070,Animalia (animals),Bilateria,Chordata (chordates),Vertebrata (vertebrates),Teleostei,,Beloniformes (needlefishes),Adrianichthyoidei,,"Adrianichthyidae (adrianichthyids,ricefishes)",Oryzias,Deuterostomia,,"Actinopterygii (ray-finned fishes,spiny rayed fishes)",Acanthopterygii,Oryziinae,Gnathostomata,,,,,,,,,,,,,,,,,,,,,,,,,,,,,,,,,,,,,,,,,,,,,,,,,,,,,,,,,,,,,,,,,,,,,,,,,,,,,,,,,,,,,,,,,,,,,,,,,,,,,,,,,,,,,,,,,,,,,,,,,,,,,,,,,,,,,,,,,,,,,,,,,,,,,,,,,,,,,,,,,,,,,,,,,,,,,,,,,,,,,,,,,,,,96,h,Time,0.07199999690055847,>,mg/L,Mass concentration,0.07199999690055847,>,mg/L,Mass concentration
103-24-2,"bis(2-ethylhexyl) azelate;1,9-bis(2-ethylhexyl) nonanedioate;Azelaic acid, bis(2-ethylhexyl) ester;bis(2-ethylhexyl) azelate;Bis(2-ethylhexyl) nonanedioate;bis(2-ethylhexyl) nonanedioate (nonanedioic acid, bis(2-ethylhexyl) ester);Di-2-ethylhexyl azelate;dioctyl azelate;Nonanedioic acid, 1,9-bis(2-ethylhexyl) ester;Nonanedioic acid, bis(2-ethylhexyl) ester",,,,,,,,,,,,,,,,,,,,,,,,,,,,,,,,,,,,,,,,,,,,,,,,,,,,,,,,,,,,,,,,,,,,,,,,,,,,,,,,,,,,,,,,,,,,,,,,,,,,,,,,,,,,,,,,,,,,,,,,,,,,,,,,Ecotoxicological Information#Aquatic Toxicity,Aquatic Japan MoE,EC50,,True,>,Equal,,,,2002,,,,OECD TG 201,,,Pseudokirchneriella subcapitata,Area Under Growth Curve,Algal growth inhibition test,1605,Plantae (plants),,,,Chlorophyceae,,,,,,,,,,,,,Chlorophyta (green algae),,,,,,,,,,,,,,,,,,,,,,,,,,,,,,,,,,,,,,,,,,,,,,,,,,,,,,,,,,,,,,,,,,,,,,,,,,,,,,,,,,,,,,,,,,,,,,,,,,,,,,,,,,,,,,,,,,,,,,,,,,,,,,,,,,,,,,,,,,,,,,,,,,,,,,,,,,,,,,,,,,,,,,,,,,,,,,,,,,,,,,,,,,,72,h,Time,0.08500000089406967,>,mg/L,Mass concentration,0.08500000089406967,>,mg/L,Mass concentration
103-24-2,"bis(2-ethylhexyl) azelate;1,9-bis(2-ethylhexyl) nonanedioate;Azelaic acid, bis(2-ethylhexyl) ester;bis(2-ethylhexyl) azelate;Bis(2-ethylhexyl) nonanedioate;bis(2-ethylhexyl) nonanedioate (nonanedioic acid, bis(2-ethylhexyl) ester);Di-2-ethylhexyl azelate;dioctyl azelate;Nonanedioic acid, 1,9-bis(2-ethylhexyl) ester;Nonanedioic acid, bis(2-ethylhexyl) ester",,,,,,,,,,,,,,,,,,,,,,,,,,,,,,,,,,,,,,,,,,,,,,,,,,,,,,,,,,,,,,,,,,,,,,,,,,,,,,,,,,,,,,,,,,,,,,,,,,,,,,,,,,,,,,,,,,,,,,,,,,,,,,,,Ecotoxicological Information#Aquatic Toxicity,Aquatic Japan MoE,NOEC,,True,>,Equal,,,,2002,,,,OECD TG 201,,,Pseudokirchneriella subcapitata,Area Under Growth Curve,Algal growth inhibition test,2298,Plantae (plants),,,,Chlorophyceae,,,,,,,,,,,,,Chlorophyta (green algae),,,,,,,,,,,,,,,,,,,,,,,,,,,,,,,,,,,,,,,,,,,,,,,,,,,,,,,,,,,,,,,,,,,,,,,,,,,,,,,,,,,,,,,,,,,,,,,,,,,,,,,,,,,,,,,,,,,,,,,,,,,,,,,,,,,,,,,,,,,,,,,,,,,,,,,,,,,,,,,,,,,,,,,,,,,,,,,,,,,,,,,,,,,72,h,Time,0.08500000089406967,>,mg/L,Mass concentration,0.08500000089406967,>,mg/L,Mass concentration
103-24-2,"bis(2-ethylhexyl) azelate;1,9-bis(2-ethylhexyl) nonanedioate;Azelaic acid, bis(2-ethylhexyl) ester;bis(2-ethylhexyl) azelate;Bis(2-ethylhexyl) nonanedioate;bis(2-ethylhexyl) nonanedioate (nonanedioic acid, bis(2-ethylhexyl) ester);Di-2-ethylhexyl azelate;dioctyl azelate;Nonanedioic acid, 1,9-bis(2-ethylhexyl) ester;Nonanedioic acid, bis(2-ethylhexyl) ester",,,,,,,,,,,,,,,,,,,,,,,,,,,,,,,,,,,,,,,,,,,,,,,,,,,,,,,,,,,,,,,,,,,,,,,,,,,,,,,,,,,,,,,,,,,,,,,,,,,,,,,,,,,,,,,,,,,,,,,,,,,,,,,,Ecotoxicological Information#Aquatic Toxicity,Aquatic Japan MoE,EC50,,True,>,Equal,,,,2002,,,,OECD TG 211,,,Daphnia magna,Chronic,Daphnia magna Reproduction test,3684,Animalia (animals),Bilateria,Arthropoda (arthropods),Crustacea (crustaceans),Branchiopoda (branchiopods),Phyllopoda,Diplostraca,Cladocera (water fleas),Anomopoda,Daphniidae,Daphnia,Protostomia,Ecdysozoa,,,,,,,,,,,,,,,,,,,,,,,,,,,,,,,,,,,,,,,,,,,,,,,,,,,,,,,,,,,,,,,,,,,,,,,,,,,,,,,,,,,,,,,,,,,,,,,,,,,,,,,,,,,,,,,,,,,,,,,,,,,,,,,,,,,,,,,,,,,,,,,,,,,,,,,,,,,,,,,,,,,,,,,,,,,,,,,,,,,,,,,,,,,,,,,,21,d,Time,0.06400000303983688,>,mg/L,Mass concentration,0.06400000303983688,>,mg/L,Mass concentration
103-24-2,"bis(2-ethylhexyl) azelate;1,9-bis(2-ethylhexyl) nonanedioate;Azelaic acid, bis(2-ethylhexyl) ester;bis(2-ethylhexyl) azelate;Bis(2-ethylhexyl) nonanedioate;bis(2-ethylhexyl) nonanedioate (nonanedioic acid, bis(2-ethylhexyl) ester);Di-2-ethylhexyl azelate;dioctyl azelate;Nonanedioic acid, 1,9-bis(2-ethylhexyl) ester;Nonanedioic acid, bis(2-ethylhexyl) ester",,,,,,,,,,,,,,,,,,,,,,,,,,,,,,,,,,,,,,,,,,,,,,,,,,,,,,,,,,,,,,,,,,,,,,,,,,,,,,,,,,,,,,,,,,,,,,,,,,,,,,,,,,,,,,,,,,,,,,,,,,,,,,,,Ecotoxicological Information#Aquatic Toxicity,Aquatic Japan MoE,NOEC,,True,>,Equal,,,,2002,,,,OECD TG 211,,,Daphnia magna,Chronic,Daphnia magna Reproduction test,4377,Animalia (animals),Bilateria,Arthropoda (arthropods),Crustacea (crustaceans),Branchiopoda (branchiopods),Phyllopoda,Diplostraca,Cladocera (water fleas),Anomopoda,Daphniidae,Daphnia,Protostomia,Ecdysozoa,,,,,,,,,,,,,,,,,,,,,,,,,,,,,,,,,,,,,,,,,,,,,,,,,,,,,,,,,,,,,,,,,,,,,,,,,,,,,,,,,,,,,,,,,,,,,,,,,,,,,,,,,,,,,,,,,,,,,,,,,,,,,,,,,,,,,,,,,,,,,,,,,,,,,,,,,,,,,,,,,,,,,,,,,,,,,,,,,,,,,,,,,,,,,,,,21,d,Time,0.06400000303983688,>,mg/L,Mass concentration,0.06400000303983688,>,mg/L,Mass concentration
103-24-2,"bis(2-ethylhexyl) azelate;1,9-bis(2-ethylhexyl) nonanedioate;Azelaic acid, bis(2-ethylhexyl) ester;bis(2-ethylhexyl) azelate;Bis(2-ethylhexyl) nonanedioate;bis(2-ethylhexyl) nonanedioate (nonanedioic acid, bis(2-ethylhexyl) ester);Di-2-ethylhexyl azelate;dioctyl azelate;Nonanedioic acid, 1,9-bis(2-ethylhexyl) ester;Nonanedioic acid, bis(2-ethylhexyl) ester",,,,,,,,,,,,,,,,,,,,,,,,,,,,,,,,,,,,,,,,,,,,,,,,,,,,,,,,,,,,,,,,,,,,,,,,,,,,,,,,,,,,,,,,,,,,,,,,,,,,,,,,,,,,,,,,,,,,,,,,,,,,,,,,Ecotoxicological Information#Aquatic Toxicity,Aquatic Japan MoE,EC50,,True,>,Equal,,,,2002,,,,OECD TG 201,,,Pseudokirchneriella subcapitata,Growth Rate,Algal growth inhibition test,219,Plantae (plants),,,,Chlorophyceae,,,,,,,,,,,,,Chlorophyta (green algae),,,,,,,,,,,,,,,,,,,,,,,,,,,,,,,,,,,,,,,,,,,,,,,,,,,,,,,,,,,,,,,,,,,,,,,,,,,,,,,,,,,,,,,,,,,,,,,,,,,,,,,,,,,,,,,,,,,,,,,,,,,,,,,,,,,,,,,,,,,,,,,,,,,,,,,,,,,,,,,,,,,,,,,,,,,,,,,,,,,,,,,,,,,72,h,Time,0.013000000268220901,>,mg/L,Mass concentration,0.013000000268220901,>,mg/L,Mass concentration
103-24-2,"bis(2-ethylhexyl) azelate;1,9-bis(2-ethylhexyl) nonanedioate;Azelaic acid, bis(2-ethylhexyl) ester;bis(2-ethylhexyl) azelate;Bis(2-ethylhexyl) nonanedioate;bis(2-ethylhexyl) nonanedioate (nonanedioic acid, bis(2-ethylhexyl) ester);Di-2-ethylhexyl azelate;dioctyl azelate;Nonanedioic acid, 1,9-bis(2-ethylhexyl) ester;Nonanedioic acid, bis(2-ethylhexyl) ester",,,,,,,,,,,,,,,,,,,,,,,,,,,,,,,,,,,,,,,,,,,,,,,,,,,,,,,,,,,,,,,,,,,,,,,,,,,,,,,,,,,,,,,,,,,,,,,,,,,,,,,,,,,,,,,,,,,,,,,,,,,,,,,,Ecotoxicological Information#Aquatic Toxicity,Aquatic Japan MoE,NOEC,,True,No qualifier,Equal,,,,2002,,,,OECD TG 201,,,Pseudokirchneriella subcapitata,Growth Rate,Algal growth inhibition test,912,Plantae (plants),,,,Chlorophyceae,,,,,,,,,,,,,Chlorophyta (green algae),,,,,,,,,,,,,,,,,,,,,,,,,,,,,,,,,,,,,,,,,,,,,,,,,,,,,,,,,,,,,,,,,,,,,,,,,,,,,,,,,,,,,,,,,,,,,,,,,,,,,,,,,,,,,,,,,,,,,,,,,,,,,,,,,,,,,,,,,,,,,,,,,,,,,,,,,,,,,,,,,,,,,,,,,,,,,,,,,,,,,,,,,,,72,h,Time,0.013000000268220901,,mg/L,Mass concentration,0.013000000268220901,,mg/L,Mass concentration
103-24-2,"bis(2-ethylhexyl) azelate;1,9-bis(2-ethylhexyl) nonanedioate;Azelaic acid, bis(2-ethylhexyl) ester;bis(2-ethylhexyl) azelate;Bis(2-ethylhexyl) nonanedioate;bis(2-ethylhexyl) nonanedioate (nonanedioic acid, bis(2-ethylhexyl) ester);Di-2-ethylhexyl azelate;dioctyl azelate;Nonanedioic acid, 1,9-bis(2-ethylhexyl) ester;Nonanedioic acid, bis(2-ethylhexyl) ester",,,,,,,,,,,,,,,,,,,,,,,,,,,,,,,,,,,,,,,,,,,,,,,,,,,,,,,,,,,,,,,,,,,,,,,,,,,,,,,,,,,,,,,,,,,,,,,,,,,,,,,,,,,,,,,,,,,,,,,,,,,,,,,,Human Health Hazards#Acute Toxicity,Acute Oral toxicity DB,LD50,http://chem.sis.nlm.nih.gov/chemidplus/rn/103-24-2,False,No qualifier,Equal,,,,2012,,,,,,,Rat,,,,,,,,,,,,,,,,,,,,,,,,Oral (Gavage),in Vivo,,,,,,,,,,,,,,,,,,,,,,,,,,,,,,,,,,,,,,,,,,,,,,,,,,,,,,,,,,,,,,,,,,,,,,,,,,,,,,,,,,,,,,,,,,,,,,,,,,,,,,,,,,,,,,,,,,,,,,,,,,,,,,,,,,,,,,,,,,,,,,,,,,,,,,,,,,,,,,,,,,,,,,,,,,,,,,,,,,,,,,,24,h,Time,8027.161544844061,,mg/kg,Mass fraction,0.01945360191166401,,mol/kg,Molality
103-24-2,"bis(2-ethylhexyl) azelate;1,9-bis(2-ethylhexyl) nonanedioate;Azelaic acid, bis(2-ethylhexyl) ester;bis(2-ethylhexyl) azelate;Bis(2-ethylhexyl) nonanedioate;bis(2-ethylhexyl) nonanedioate (nonanedioic acid, bis(2-ethylhexyl) ester);Di-2-ethylhexyl azelate;dioctyl azelate;Nonanedioic acid, 1,9-bis(2-ethylhexyl) ester;Nonanedioic acid, bis(2-ethylhexyl) ester",,,,,,,,,,,,,,,,,,,,,,,,,,,,,,,,,,,,,,,,,,,,,,,,,,,,,,,,,,,,,,,,,,,,,,,,,,,,,,,,,,,,,,,,,,,,,,,,,,,,,,,,,,,,,,,,,,,,,,,,,,,,,,,,Human Health Hazards#Genetic Toxicity,Genotoxicity OASIS,Gene mutation,"ECHA, Registration dossier",False,Categorical data,Equal,,,,,,,Bacterial Reverse Mutation Assay (e.g. Ames Test),,,32904,E. coli WP2 uvrA,,,,,,,,,,,,,,,,,,,,,,,E. Coli WP2 UvrA,,in Vitro,With S9,"Last visited: December, 2019",Gene Mutation,,,,,,,,,,,,,,,,,,,,,,,,,,,,,,,,,,,,,,,,,,,,,,,,,,,,,,,,,,,,,,,,,,,,,,,,,,,,,,,,,,,,,,,,,,,,,,,,,,,,,,,,,,,,,,,,,,,,,,,,,,,,,,,,,,,,,,,,,,,,,,,,,,,,,,,,,,,,,,,,,,,,,,,,,,,,,,,,,,,,,,,Negative,,,Gene mutation I,Negative,,,Gene mutation I
103-24-2,"bis(2-ethylhexyl) azelate;1,9-bis(2-ethylhexyl) nonanedioate;Azelaic acid, bis(2-ethylhexyl) ester;bis(2-ethylhexyl) azelate;Bis(2-ethylhexyl) nonanedioate;bis(2-ethylhexyl) nonanedioate (nonanedioic acid, bis(2-ethylhexyl) ester);Di-2-ethylhexyl azelate;dioctyl azelate;Nonanedioic acid, 1,9-bis(2-ethylhexyl) ester;Nonanedioic acid, bis(2-ethylhexyl) ester",,,,,,,,,,,,,,,,,,,,,,,,,,,,,,,,,,,,,,,,,,,,,,,,,,,,,,,,,,,,,,,,,,,,,,,,,,,,,,,,,,,,,,,,,,,,,,,,,,,,,,,,,,,,,,,,,,,,,,,,,,,,,,,,Human Health Hazards#Genetic Toxicity,Genotoxicity OASIS,Gene mutation,"ECHA, Registration dossier",False,Categorical data,Equal,,,,,,,Bacterial Reverse Mutation Assay (e.g. Ames Test),,,32899,E. coli WP2 uvrA,,,,,,,,,,,,,,,,,,,,,,,E. Coli WP2 UvrA,,in Vitro,Without S9,"Last visited: December, 2019",Gene Mutation,,,,,,,,,,,,,,,,,,,,,,,,,,,,,,,,,,,,,,,,,,,,,,,,,,,,,,,,,,,,,,,,,,,,,,,,,,,,,,,,,,,,,,,,,,,,,,,,,,,,,,,,,,,,,,,,,,,,,,,,,,,,,,,,,,,,,,,,,,,,,,,,,,,,,,,,,,,,,,,,,,,,,,,,,,,,,,,,,,,,,,,Negative,,,Gene mutation I,Negative,,,Gene mutation I
103-24-2,"bis(2-ethylhexyl) azelate;1,9-bis(2-ethylhexyl) nonanedioate;Azelaic acid, bis(2-ethylhexyl) ester;bis(2-ethylhexyl) azelate;Bis(2-ethylhexyl) nonanedioate;bis(2-ethylhexyl) nonanedioate (nonanedioic acid, bis(2-ethylhexyl) ester);Di-2-ethylhexyl azelate;dioctyl azelate;Nonanedioic acid, 1,9-bis(2-ethylhexyl) ester;Nonanedioic acid, bis(2-ethylhexyl) ester",,,,,,,,,,,,,,,,,,,,,,,,,,,,,,,,,,,,,,,,,,,,,,,,,,,,,,,,,,,,,,,,,,,,,,,,,,,,,,,,,,,,,,,,,,,,,,,,,,,,,,,,,,,,,,,,,,,,,,,,,,,,,,,,Human Health Hazards#Genetic Toxicity,Toxicity Japan MHLW,Gene mutation,http://dra4.nihs.go.jp/mhlw_data/jsp/SearchPageENG.jsp,False,Categorical data,Equal,,,,,Japan Ministry of Health Labour and Welfare,,Bacterial Reverse Mutation Assay (e.g. Ames Test),Guidelines For Screening Mutagenicity Testing of Chemicals (Chemical Substances Control Law of Japan),,,Escherichia coli,,,64,Bacteria (bacteria),Negibacteria,Proteobacteria,,Gammaproteobacteria,,Enterobacteriales,,,Enterobacteriaceae,Escherichia,,,,,,,,,WP2 UvrA,,in Vitro,With S9,-1 = negative; 1 = positive; Guidelines for Screening Mutagenicity Testing of Chemicals (Chemical Substances Control Law of Japan),Gene Mutation,Japan Existing Chemical Data Base,,,,,,,,,,,,,,,,,,,,,,,,,,,,,,,,,,,,,,,,,,,,,,,,,,,,,,,,,,,,,,,,,,,,,,,,,,,,,,,,,,,,,,,,,,,,,,,,,,,,,,,,,,,,,,,,,,,,,,,,,,,,,,,,,,,,,,,,,,,,,,,,,,,,,,,,,,,,,,,,,,,,,,,,,,,,,,,,,,,,,,Negative,,,Gene mutation I,Negative,,,Gene mutation I
103-24-2,"bis(2-ethylhexyl) azelate;1,9-bis(2-ethylhexyl) nonanedioate;Azelaic acid, bis(2-ethylhexyl) ester;bis(2-ethylhexyl) azelate;Bis(2-ethylhexyl) nonanedioate;bis(2-ethylhexyl) nonanedioate (nonanedioic acid, bis(2-ethylhexyl) ester);Di-2-ethylhexyl azelate;dioctyl azelate;Nonanedioic acid, 1,9-bis(2-ethylhexyl) ester;Nonanedioic acid, bis(2-ethylhexyl) ester",,,,,,,,,,,,,,,,,,,,,,,,,,,,,,,,,,,,,,,,,,,,,,,,,,,,,,,,,,,,,,,,,,,,,,,,,,,,,,,,,,,,,,,,,,,,,,,,,,,,,,,,,,,,,,,,,,,,,,,,,,,,,,,,Human Health Hazards#Genetic Toxicity,Toxicity Japan MHLW,Gene mutation,http://dra4.nihs.go.jp/mhlw_data/jsp/SearchPageENG.jsp,False,Categorical data,Equal,,,,,Japan Ministry of Health Labour and Welfare,,Bacterial Reverse Mutation Assay (e.g. Ames Test),Guidelines For Screening Mutagenicity Testing of Chemicals (Chemical Substances Control Law of Japan),,,Escherichia coli,,,1217,Bacteria (bacteria),Negibacteria,Proteobacteria,,Gammaproteobacteria,,Enterobacteriales,,,Enterobacteriaceae,Escherichia,,,,,,,,,WP2 UvrA,,in Vitro,Without S9,-1 = negative; 1 = positive; Guidelines for Screening Mutagenicity Testing of Chemicals (Chemical Substances Control Law of Japan),Gene Mutation,Japan Existing Chemical Data Base,,,,,,,,,,,,,,,,,,,,,,,,,,,,,,,,,,,,,,,,,,,,,,,,,,,,,,,,,,,,,,,,,,,,,,,,,,,,,,,,,,,,,,,,,,,,,,,,,,,,,,,,,,,,,,,,,,,,,,,,,,,,,,,,,,,,,,,,,,,,,,,,,,,,,,,,,,,,,,,,,,,,,,,,,,,,,,,,,,,,,,Negative,,,Gene mutation I,Negative,,,Gene mutation I
103-24-2,"bis(2-ethylhexyl) azelate;1,9-bis(2-ethylhexyl) nonanedioate;Azelaic acid, bis(2-ethylhexyl) ester;bis(2-ethylhexyl) azelate;Bis(2-ethylhexyl) nonanedioate;bis(2-ethylhexyl) nonanedioate (nonanedioic acid, bis(2-ethylhexyl) ester);Di-2-ethylhexyl azelate;dioctyl azelate;Nonanedioic acid, 1,9-bis(2-ethylhexyl) ester;Nonanedioic acid, bis(2-ethylhexyl) ester",,,,,,,,,,,,,,,,,,,,,,,,,,,,,,,,,,,,,,,,,,,,,,,,,,,,,,,,,,,,,,,,,,,,,,,,,,,,,,,,,,,,,,,,,,,,,,,,,,,,,,,,,,,,,,,,,,,,,,,,,,,,,,,,Human Health Hazards#Genetic Toxicity,Genotoxicity OASIS,Gene mutation,NIHS Japan,False,Categorical data,Equal,,,,,,,Bacterial Reverse Mutation Assay (e.g. Ames Test),,,7786,Salmonella typhimurium,,,,,,,,,,,,,,,,,,,,,,,No Strain Information,,in Vitro,With S9,,Gene Mutation,NIHS Japan,,,,,,,,,,,,,,,,,,,,,,,,,,,,,,,,,,,,,,,,,,,,,,,,,,,,,,,,,,,,,,,,,,,,,,,,,,,,,,,,,,,,,,,,,,,,,,,,,,,,,,,,,,,,,,,,,,,,,,,,,,,,,,,,,,,,,,,,,,,,,,,,,,,,,,,,,,,,,,,,,,,,,,,,,,,,,,,,,,,,,,Negative,,,Gene mutation I,Negative,,,Gene mutation I
103-24-2,"bis(2-ethylhexyl) azelate;1,9-bis(2-ethylhexyl) nonanedioate;Azelaic acid, bis(2-ethylhexyl) ester;bis(2-ethylhexyl) azelate;Bis(2-ethylhexyl) nonanedioate;bis(2-ethylhexyl) nonanedioate (nonanedioic acid, bis(2-ethylhexyl) ester);Di-2-ethylhexyl azelate;dioctyl azelate;Nonanedioic acid, 1,9-bis(2-ethylhexyl) ester;Nonanedioic acid, bis(2-ethylhexyl) ester",,,,,,,,,,,,,,,,,,,,,,,,,,,,,,,,,,,,,,,,,,,,,,,,,,,,,,,,,,,,,,,,,,,,,,,,,,,,,,,,,,,,,,,,,,,,,,,,,,,,,,,,,,,,,,,,,,,,,,,,,,,,,,,,Human Health Hazards#Genetic Toxicity,Toxicity Japan MHLW,Gene mutation,http://dra4.nihs.go.jp/mhlw_data/jsp/SearchPageENG.jsp,False,Categorical data,Equal,,,,,Japan Ministry of Health Labour and Welfare,,Bacterial Reverse Mutation Assay (e.g. Ames Test),Guidelines For Screening Mutagenicity Testing of Chemicals (Chemical Substances Control Law of Japan),,,Salmonella typhimurium,,,293,,,,,,,,,,,,,,,,,,,,TA 100,,in Vitro,With S9,-1 = negative; 1 = positive; Guidelines for Screening Mutagenicity Testing of Chemicals (Chemical Substances Control Law of Japan),Gene Mutation,Japan Existing Chemical Data Base,,,,,,,,,,,,,,,,,,,,,,,,,,,,,,,,,,,,,,,,,,,,,,,,,,,,,,,,,,,,,,,,,,,,,,,,,,,,,,,,,,,,,,,,,,,,,,,,,,,,,,,,,,,,,,,,,,,,,,,,,,,,,,,,,,,,,,,,,,,,,,,,,,,,,,,,,,,,,,,,,,,,,,,,,,,,,,,,,,,,,,Negative,,,Gene mutation I,Negative,,,Gene mutation I
103-24-2,"bis(2-ethylhexyl) azelate;1,9-bis(2-ethylhexyl) nonanedioate;Azelaic acid, bis(2-ethylhexyl) ester;bis(2-ethylhexyl) azelate;Bis(2-ethylhexyl) nonanedioate;bis(2-ethylhexyl) nonanedioate (nonanedioic acid, bis(2-ethylhexyl) ester);Di-2-ethylhexyl azelate;dioctyl azelate;Nonanedioic acid, 1,9-bis(2-ethylhexyl) ester;Nonanedioic acid, bis(2-ethylhexyl) ester",,,,,,,,,,,,,,,,,,,,,,,,,,,,,,,,,,,,,,,,,,,,,,,,,,,,,,,,,,,,,,,,,,,,,,,,,,,,,,,,,,,,,,,,,,,,,,,,,,,,,,,,,,,,,,,,,,,,,,,,,,,,,,,,Human Health Hazards#Genetic Toxicity,Genotoxicity OASIS,Gene mutation,"ECHA, Registration dossier",False,Categorical data,Equal,,,,,,,Bacterial Reverse Mutation Assay (e.g. Ames Test),,,32903,Salmonella typhimurium,,,,,,,,,,,,,,,,,,,,,,,TA 100,,in Vitro,With S9,"Last visited: December, 2019",Gene Mutation,,,,,,,,,,,,,,,,,,,,,,,,,,,,,,,,,,,,,,,,,,,,,,,,,,,,,,,,,,,,,,,,,,,,,,,,,,,,,,,,,,,,,,,,,,,,,,,,,,,,,,,,,,,,,,,,,,,,,,,,,,,,,,,,,,,,,,,,,,,,,,,,,,,,,,,,,,,,,,,,,,,,,,,,,,,,,,,,,,,,,,,Negative,,,Gene mutation I,Negative,,,Gene mutation I
103-24-2,"bis(2-ethylhexyl) azelate;1,9-bis(2-ethylhexyl) nonanedioate;Azelaic acid, bis(2-ethylhexyl) ester;bis(2-ethylhexyl) azelate;Bis(2-ethylhexyl) nonanedioate;bis(2-ethylhexyl) nonanedioate (nonanedioic acid, bis(2-ethylhexyl) ester);Di-2-ethylhexyl azelate;dioctyl azelate;Nonanedioic acid, 1,9-bis(2-ethylhexyl) ester;Nonanedioic acid, bis(2-ethylhexyl) ester",,,,,,,,,,,,,,,,,,,,,,,,,,,,,,,,,,,,,,,,,,,,,,,,,,,,,,,,,,,,,,,,,,,,,,,,,,,,,,,,,,,,,,,,,,,,,,,,,,,,,,,,,,,,,,,,,,,,,,,,,,,,,,,,Human Health Hazards#Genetic Toxicity,Toxicity Japan MHLW,Gene mutation,http://dra4.nihs.go.jp/mhlw_data/jsp/SearchPageENG.jsp,False,Categorical data,Equal,,,,,Japan Ministry of Health Labour and Welfare,,Bacterial Reverse Mutation Assay (e.g. Ames Test),Guidelines For Screening Mutagenicity Testing of Chemicals (Chemical Substances Control Law of Japan),,,Salmonella typhimurium,,,526,,,,,,,,,,,,,,,,,,,,TA 1535,,in Vitro,With S9,-1 = negative; 1 = positive; Guidelines for Screening Mutagenicity Testing of Chemicals (Chemical Substances Control Law of Japan),Gene Mutation,Japan Existing Chemical Data Base,,,,,,,,,,,,,,,,,,,,,,,,,,,,,,,,,,,,,,,,,,,,,,,,,,,,,,,,,,,,,,,,,,,,,,,,,,,,,,,,,,,,,,,,,,,,,,,,,,,,,,,,,,,,,,,,,,,,,,,,,,,,,,,,,,,,,,,,,,,,,,,,,,,,,,,,,,,,,,,,,,,,,,,,,,,,,,,,,,,,,,Negative,,,Gene mutation I,Negative,,,Gene mutation I
103-24-2,"bis(2-ethylhexyl) azelate;1,9-bis(2-ethylhexyl) nonanedioate;Azelaic acid, bis(2-ethylhexyl) ester;bis(2-ethylhexyl) azelate;Bis(2-ethylhexyl) nonanedioate;bis(2-ethylhexyl) nonanedioate (nonanedioic acid, bis(2-ethylhexyl) ester);Di-2-ethylhexyl azelate;dioctyl azelate;Nonanedioic acid, 1,9-bis(2-ethylhexyl) ester;Nonanedioic acid, bis(2-ethylhexyl) ester",,,,,,,,,,,,,,,,,,,,,,,,,,,,,,,,,,,,,,,,,,,,,,,,,,,,,,,,,,,,,,,,,,,,,,,,,,,,,,,,,,,,,,,,,,,,,,,,,,,,,,,,,,,,,,,,,,,,,,,,,,,,,,,,Human Health Hazards#Genetic Toxicity,Genotoxicity OASIS,Gene mutation,"ECHA, Registration dossier",False,Categorical data,Equal,,,,,,,Bacterial Reverse Mutation Assay (e.g. Ames Test),,,32900,Salmonella typhimurium,,,,,,,,,,,,,,,,,,,,,,,TA 1535,,in Vitro,With S9,"Last visited: December, 2019",Gene Mutation,,,,,,,,,,,,,,,,,,,,,,,,,,,,,,,,,,,,,,,,,,,,,,,,,,,,,,,,,,,,,,,,,,,,,,,,,,,,,,,,,,,,,,,,,,,,,,,,,,,,,,,,,,,,,,,,,,,,,,,,,,,,,,,,,,,,,,,,,,,,,,,,,,,,,,,,,,,,,,,,,,,,,,,,,,,,,,,,,,,,,,,Negative,,,Gene mutation I,Negative,,,Gene mutation I
103-24-2,"bis(2-ethylhexyl) azelate;1,9-bis(2-ethylhexyl) nonanedioate;Azelaic acid, bis(2-ethylhexyl) ester;bis(2-ethylhexyl) azelate;Bis(2-ethylhexyl) nonanedioate;bis(2-ethylhexyl) nonanedioate (nonanedioic acid, bis(2-ethylhexyl) ester);Di-2-ethylhexyl azelate;dioctyl azelate;Nonanedioic acid, 1,9-bis(2-ethylhexyl) ester;Nonanedioic acid, bis(2-ethylhexyl) ester",,,,,,,,,,,,,,,,,,,,,,,,,,,,,,,,,,,,,,,,,,,,,,,,,,,,,,,,,,,,,,,,,,,,,,,,,,,,,,,,,,,,,,,,,,,,,,,,,,,,,,,,,,,,,,,,,,,,,,,,,,,,,,,,Human Health Hazards#Genetic Toxicity,Toxicity Japan MHLW,Gene mutation,http://dra4.nihs.go.jp/mhlw_data/jsp/SearchPageENG.jsp,False,Categorical data,Equal,,,,,Japan Ministry of Health Labour and Welfare,,Bacterial Reverse Mutation Assay (e.g. Ames Test),Guidelines For Screening Mutagenicity Testing of Chemicals (Chemical Substances Control Law of Japan),,,Salmonella typhimurium,,,755,,,,,,,,,,,,,,,,,,,,TA 1537,,in Vitro,With S9,-1 = negative; 1 = positive; Guidelines for Screening Mutagenicity Testing of Chemicals (Chemical Substances Control Law of Japan),Gene Mutation,Japan Existing Chemical Data Base,,,,,,,,,,,,,,,,,,,,,,,,,,,,,,,,,,,,,,,,,,,,,,,,,,,,,,,,,,,,,,,,,,,,,,,,,,,,,,,,,,,,,,,,,,,,,,,,,,,,,,,,,,,,,,,,,,,,,,,,,,,,,,,,,,,,,,,,,,,,,,,,,,,,,,,,,,,,,,,,,,,,,,,,,,,,,,,,,,,,,,Negative,,,Gene mutation I,Negative,,,Gene mutation I
103-24-2,"bis(2-ethylhexyl) azelate;1,9-bis(2-ethylhexyl) nonanedioate;Azelaic acid, bis(2-ethylhexyl) ester;bis(2-ethylhexyl) azelate;Bis(2-ethylhexyl) nonanedioate;bis(2-ethylhexyl) nonanedioate (nonanedioic acid, bis(2-ethylhexyl) ester);Di-2-ethylhexyl azelate;dioctyl azelate;Nonanedioic acid, 1,9-bis(2-ethylhexyl) ester;Nonanedioic acid, bis(2-ethylhexyl) ester",,,,,,,,,,,,,,,,,,,,,,,,,,,,,,,,,,,,,,,,,,,,,,,,,,,,,,,,,,,,,,,,,,,,,,,,,,,,,,,,,,,,,,,,,,,,,,,,,,,,,,,,,,,,,,,,,,,,,,,,,,,,,,,,Human Health Hazards#Genetic Toxicity,Genotoxicity OASIS,Gene mutation,"ECHA, Registration dossier",False,Categorical data,Equal,,,,,,,Bacterial Reverse Mutation Assay (e.g. Ames Test),,,32901,Salmonella typhimurium,,,,,,,,,,,,,,,,,,,,,,,TA 1537,,in Vitro,With S9,"Last visited: December, 2019",Gene Mutation,,,,,,,,,,,,,,,,,,,,,,,,,,,,,,,,,,,,,,,,,,,,,,,,,,,,,,,,,,,,,,,,,,,,,,,,,,,,,,,,,,,,,,,,,,,,,,,,,,,,,,,,,,,,,,,,,,,,,,,,,,,,,,,,,,,,,,,,,,,,,,,,,,,,,,,,,,,,,,,,,,,,,,,,,,,,,,,,,,,,,,,Negative,,,Gene mutation I,Negative,,,Gene mutation I
103-24-2,"bis(2-ethylhexyl) azelate;1,9-bis(2-ethylhexyl) nonanedioate;Azelaic acid, bis(2-ethylhexyl) ester;bis(2-ethylhexyl) azelate;Bis(2-ethylhexyl) nonanedioate;bis(2-ethylhexyl) nonanedioate (nonanedioic acid, bis(2-ethylhexyl) ester);Di-2-ethylhexyl azelate;dioctyl azelate;Nonanedioic acid, 1,9-bis(2-ethylhexyl) ester;Nonanedioic acid, bis(2-ethylhexyl) ester",,,,,,,,,,,,,,,,,,,,,,,,,,,,,,,,,,,,,,,,,,,,,,,,,,,,,,,,,,,,,,,,,,,,,,,,,,,,,,,,,,,,,,,,,,,,,,,,,,,,,,,,,,,,,,,,,,,,,,,,,,,,,,,,Human Health Hazards#Genetic Toxicity,Toxicity Japan MHLW,Gene mutation,http://dra4.nihs.go.jp/mhlw_data/jsp/SearchPageENG.jsp,False,Categorical data,Equal,,,,,Japan Ministry of Health Labour and Welfare,,Bacterial Reverse Mutation Assay (e.g. Ames Test),Guidelines For Screening Mutagenicity Testing of Chemicals (Chemical Substances Control Law of Japan),,,Salmonella typhimurium,,,986,,,,,,,,,,,,,,,,,,,,TA 97,,in Vitro,With S9,-1 = negative; 1 = positive; Guidelines for Screening Mutagenicity Testing of Chemicals (Chemical Substances Control Law of Japan),Gene Mutation,Japan Existing Chemical Data Base,,,,,,,,,,,,,,,,,,,,,,,,,,,,,,,,,,,,,,,,,,,,,,,,,,,,,,,,,,,,,,,,,,,,,,,,,,,,,,,,,,,,,,,,,,,,,,,,,,,,,,,,,,,,,,,,,,,,,,,,,,,,,,,,,,,,,,,,,,,,,,,,,,,,,,,,,,,,,,,,,,,,,,,,,,,,,,,,,,,,,,Negative,,,Gene mutation I,Negative,,,Gene mutation I
103-24-2,"bis(2-ethylhexyl) azelate;1,9-bis(2-ethylhexyl) nonanedioate;Azelaic acid, bis(2-ethylhexyl) ester;bis(2-ethylhexyl) azelate;Bis(2-ethylhexyl) nonanedioate;bis(2-ethylhexyl) nonanedioate (nonanedioic acid, bis(2-ethylhexyl) ester);Di-2-ethylhexyl azelate;dioctyl azelate;Nonanedioic acid, 1,9-bis(2-ethylhexyl) ester;Nonanedioic acid, bis(2-ethylhexyl) ester",,,,,,,,,,,,,,,,,,,,,,,,,,,,,,,,,,,,,,,,,,,,,,,,,,,,,,,,,,,,,,,,,,,,,,,,,,,,,,,,,,,,,,,,,,,,,,,,,,,,,,,,,,,,,,,,,,,,,,,,,,,,,,,,Human Health Hazards#Genetic Toxicity,Genotoxicity OASIS,Gene mutation,"ECHA, Registration dossier",False,Categorical data,Equal,,,,,,,Bacterial Reverse Mutation Assay (e.g. Ames Test),,,32902,Salmonella typhimurium,,,,,,,,,,,,,,,,,,,,,,,TA 98,,in Vitro,With S9,"Last visited: December, 2019",Gene Mutation,,,,,,,,,,,,,,,,,,,,,,,,,,,,,,,,,,,,,,,,,,,,,,,,,,,,,,,,,,,,,,,,,,,,,,,,,,,,,,,,,,,,,,,,,,,,,,,,,,,,,,,,,,,,,,,,,,,,,,,,,,,,,,,,,,,,,,,,,,,,,,,,,,,,,,,,,,,,,,,,,,,,,,,,,,,,,,,,,,,,,,,Negative,,,Gene mutation I,Negative,,,Gene mutation I
103-24-2,"bis(2-ethylhexyl) azelate;1,9-bis(2-ethylhexyl) nonanedioate;Azelaic acid, bis(2-ethylhexyl) ester;bis(2-ethylhexyl) azelate;Bis(2-ethylhexyl) nonanedioate;bis(2-ethylhexyl) nonanedioate (nonanedioic acid, bis(2-ethylhexyl) ester);Di-2-ethylhexyl azelate;dioctyl azelate;Nonanedioic acid, 1,9-bis(2-ethylhexyl) ester;Nonanedioic acid, bis(2-ethylhexyl) ester",,,,,,,,,,,,,,,,,,,,,,,,,,,,,,,,,,,,,,,,,,,,,,,,,,,,,,,,,,,,,,,,,,,,,,,,,,,,,,,,,,,,,,,,,,,,,,,,,,,,,,,,,,,,,,,,,,,,,,,,,,,,,,,,Human Health Hazards#Genetic Toxicity,Genotoxicity OASIS,Gene mutation,NIHS Japan,False,Categorical data,Equal,,,,,,,Bacterial Reverse Mutation Assay (e.g. Ames Test),,,7785,Salmonella typhimurium,,,,,,,,,,,,,,,,,,,,,,,No Strain Information,,in Vitro,Without S9,,Gene Mutation,NIHS Japan,,,,,,,,,,,,,,,,,,,,,,,,,,,,,,,,,,,,,,,,,,,,,,,,,,,,,,,,,,,,,,,,,,,,,,,,,,,,,,,,,,,,,,,,,,,,,,,,,,,,,,,,,,,,,,,,,,,,,,,,,,,,,,,,,,,,,,,,,,,,,,,,,,,,,,,,,,,,,,,,,,,,,,,,,,,,,,,,,,,,,,Negative,,,Gene mutation I,Negative,,,Gene mutation I
103-24-2,"bis(2-ethylhexyl) azelate;1,9-bis(2-ethylhexyl) nonanedioate;Azelaic acid, bis(2-ethylhexyl) ester;bis(2-ethylhexyl) azelate;Bis(2-ethylhexyl) nonanedioate;bis(2-ethylhexyl) nonanedioate (nonanedioic acid, bis(2-ethylhexyl) ester);Di-2-ethylhexyl azelate;dioctyl azelate;Nonanedioic acid, 1,9-bis(2-ethylhexyl) ester;Nonanedioic acid, bis(2-ethylhexyl) ester",,,,,,,,,,,,,,,,,,,,,,,,,,,,,,,,,,,,,,,,,,,,,,,,,,,,,,,,,,,,,,,,,,,,,,,,,,,,,,,,,,,,,,,,,,,,,,,,,,,,,,,,,,,,,,,,,,,,,,,,,,,,,,,,Human Health Hazards#Genetic Toxicity,Toxicity Japan MHLW,Gene mutation,http://dra4.nihs.go.jp/mhlw_data/jsp/SearchPageENG.jsp,False,Categorical data,Equal,,,,,Japan Ministry of Health Labour and Welfare,,Bacterial Reverse Mutation Assay (e.g. Ames Test),Guidelines For Screening Mutagenicity Testing of Chemicals (Chemical Substances Control Law of Japan),,,Salmonella typhimurium,,,1446,,,,,,,,,,,,,,,,,,,,TA 100,,in Vitro,Without S9,-1 = negative; 1 = positive; Guidelines for Screening Mutagenicity Testing of Chemicals (Chemical Substances Control Law of Japan),Gene Mutation,Japan Existing Chemical Data Base,,,,,,,,,,,,,,,,,,,,,,,,,,,,,,,,,,,,,,,,,,,,,,,,,,,,,,,,,,,,,,,,,,,,,,,,,,,,,,,,,,,,,,,,,,,,,,,,,,,,,,,,,,,,,,,,,,,,,,,,,,,,,,,,,,,,,,,,,,,,,,,,,,,,,,,,,,,,,,,,,,,,,,,,,,,,,,,,,,,,,,Negative,,,Gene mutation I,Negative,,,Gene mutation I
103-24-2,"bis(2-ethylhexyl) azelate;1,9-bis(2-ethylhexyl) nonanedioate;Azelaic acid, bis(2-ethylhexyl) ester;bis(2-ethylhexyl) azelate;Bis(2-ethylhexyl) nonanedioate;bis(2-ethylhexyl) nonanedioate (nonanedioic acid, bis(2-ethylhexyl) ester);Di-2-ethylhexyl azelate;dioctyl azelate;Nonanedioic acid, 1,9-bis(2-ethylhexyl) ester;Nonanedioic acid, bis(2-ethylhexyl) ester",,,,,,,,,,,,,,,,,,,,,,,,,,,,,,,,,,,,,,,,,,,,,,,,,,,,,,,,,,,,,,,,,,,,,,,,,,,,,,,,,,,,,,,,,,,,,,,,,,,,,,,,,,,,,,,,,,,,,,,,,,,,,,,,Human Health Hazards#Genetic Toxicity,Genotoxicity OASIS,Gene mutation,"ECHA, Registration dossier",False,Categorical data,Equal,,,,,,,Bacterial Reverse Mutation Assay (e.g. Ames Test),,,32898,Salmonella typhimurium,,,,,,,,,,,,,,,,,,,,,,,TA 100,,in Vitro,Without S9,"Last visited: December, 2019",Gene Mutation,,,,,,,,,,,,,,,,,,,,,,,,,,,,,,,,,,,,,,,,,,,,,,,,,,,,,,,,,,,,,,,,,,,,,,,,,,,,,,,,,,,,,,,,,,,,,,,,,,,,,,,,,,,,,,,,,,,,,,,,,,,,,,,,,,,,,,,,,,,,,,,,,,,,,,,,,,,,,,,,,,,,,,,,,,,,,,,,,,,,,,,Negative,,,Gene mutation I,Negative,,,Gene mutation I
103-24-2,"bis(2-ethylhexyl) azelate;1,9-bis(2-ethylhexyl) nonanedioate;Azelaic acid, bis(2-ethylhexyl) ester;bis(2-ethylhexyl) azelate;Bis(2-ethylhexyl) nonanedioate;bis(2-ethylhexyl) nonanedioate (nonanedioic acid, bis(2-ethylhexyl) ester);Di-2-ethylhexyl azelate;dioctyl azelate;Nonanedioic acid, 1,9-bis(2-ethylhexyl) ester;Nonanedioic acid, bis(2-ethylhexyl) ester",,,,,,,,,,,,,,,,,,,,,,,,,,,,,,,,,,,,,,,,,,,,,,,,,,,,,,,,,,,,,,,,,,,,,,,,,,,,,,,,,,,,,,,,,,,,,,,,,,,,,,,,,,,,,,,,,,,,,,,,,,,,,,,,Human Health Hazards#Genetic Toxicity,Toxicity Japan MHLW,Gene mutation,http://dra4.nihs.go.jp/mhlw_data/jsp/SearchPageENG.jsp,False,Categorical data,Equal,,,,,Japan Ministry of Health Labour and Welfare,,Bacterial Reverse Mutation Assay (e.g. Ames Test),Guidelines For Screening Mutagenicity Testing of Chemicals (Chemical Substances Control Law of Japan),,,Salmonella typhimurium,,,1679,,,,,,,,,,,,,,,,,,,,TA 1535,,in Vitro,Without S9,-1 = negative; 1 = positive; Guidelines for Screening Mutagenicity Testing of Chemicals (Chemical Substances Control Law of Japan),Gene Mutation,Japan Existing Chemical Data Base,,,,,,,,,,,,,,,,,,,,,,,,,,,,,,,,,,,,,,,,,,,,,,,,,,,,,,,,,,,,,,,,,,,,,,,,,,,,,,,,,,,,,,,,,,,,,,,,,,,,,,,,,,,,,,,,,,,,,,,,,,,,,,,,,,,,,,,,,,,,,,,,,,,,,,,,,,,,,,,,,,,,,,,,,,,,,,,,,,,,,,Negative,,,Gene mutation I,Negative,,,Gene mutation I
103-24-2,"bis(2-ethylhexyl) azelate;1,9-bis(2-ethylhexyl) nonanedioate;Azelaic acid, bis(2-ethylhexyl) ester;bis(2-ethylhexyl) azelate;Bis(2-ethylhexyl) nonanedioate;bis(2-ethylhexyl) nonanedioate (nonanedioic acid, bis(2-ethylhexyl) ester);Di-2-ethylhexyl azelate;dioctyl azelate;Nonanedioic acid, 1,9-bis(2-ethylhexyl) ester;Nonanedioic acid, bis(2-ethylhexyl) ester",,,,,,,,,,,,,,,,,,,,,,,,,,,,,,,,,,,,,,,,,,,,,,,,,,,,,,,,,,,,,,,,,,,,,,,,,,,,,,,,,,,,,,,,,,,,,,,,,,,,,,,,,,,,,,,,,,,,,,,,,,,,,,,,Human Health Hazards#Genetic Toxicity,Genotoxicity OASIS,Gene mutation,"ECHA, Registration dossier",False,Categorical data,Equal,,,,,,,Bacterial Reverse Mutation Assay (e.g. Ames Test),,,32895,Salmonella typhimurium,,,,,,,,,,,,,,,,,,,,,,,TA 1535,,in Vitro,Without S9,"Last visited: December, 2019",Gene Mutation,,,,,,,,,,,,,,,,,,,,,,,,,,,,,,,,,,,,,,,,,,,,,,,,,,,,,,,,,,,,,,,,,,,,,,,,,,,,,,,,,,,,,,,,,,,,,,,,,,,,,,,,,,,,,,,,,,,,,,,,,,,,,,,,,,,,,,,,,,,,,,,,,,,,,,,,,,,,,,,,,,,,,,,,,,,,,,,,,,,,,,,Negative,,,Gene mutation I,Negative,,,Gene mutation I
103-24-2,"bis(2-ethylhexyl) azelate;1,9-bis(2-ethylhexyl) nonanedioate;Azelaic acid, bis(2-ethylhexyl) ester;bis(2-ethylhexyl) azelate;Bis(2-ethylhexyl) nonanedioate;bis(2-ethylhexyl) nonanedioate (nonanedioic acid, bis(2-ethylhexyl) ester);Di-2-ethylhexyl azelate;dioctyl azelate;Nonanedioic acid, 1,9-bis(2-ethylhexyl) ester;Nonanedioic acid, bis(2-ethylhexyl) ester",,,,,,,,,,,,,,,,,,,,,,,,,,,,,,,,,,,,,,,,,,,,,,,,,,,,,,,,,,,,,,,,,,,,,,,,,,,,,,,,,,,,,,,,,,,,,,,,,,,,,,,,,,,,,,,,,,,,,,,,,,,,,,,,Human Health Hazards#Genetic Toxicity,Toxicity Japan MHLW,Gene mutation,http://dra4.nihs.go.jp/mhlw_data/jsp/SearchPageENG.jsp,False,Categorical data,Equal,,,,,Japan Ministry of Health Labour and Welfare,,Bacterial Reverse Mutation Assay (e.g. Ames Test),Guidelines For Screening Mutagenicity Testing of Chemicals (Chemical Substances Control Law of Japan),,,Salmonella typhimurium,,,1908,,,,,,,,,,,,,,,,,,,,TA 1537,,in Vitro,Without S9,-1 = negative; 1 = positive; Guidelines for Screening Mutagenicity Testing of Chemicals (Chemical Substances Control Law of Japan),Gene Mutation,Japan Existing Chemical Data Base,,,,,,,,,,,,,,,,,,,,,,,,,,,,,,,,,,,,,,,,,,,,,,,,,,,,,,,,,,,,,,,,,,,,,,,,,,,,,,,,,,,,,,,,,,,,,,,,,,,,,,,,,,,,,,,,,,,,,,,,,,,,,,,,,,,,,,,,,,,,,,,,,,,,,,,,,,,,,,,,,,,,,,,,,,,,,,,,,,,,,,Negative,,,Gene mutation I,Negative,,,Gene mutation I
103-24-2,"bis(2-ethylhexyl) azelate;1,9-bis(2-ethylhexyl) nonanedioate;Azelaic acid, bis(2-ethylhexyl) ester;bis(2-ethylhexyl) azelate;Bis(2-ethylhexyl) nonanedioate;bis(2-ethylhexyl) nonanedioate (nonanedioic acid, bis(2-ethylhexyl) ester);Di-2-ethylhexyl azelate;dioctyl azelate;Nonanedioic acid, 1,9-bis(2-ethylhexyl) ester;Nonanedioic acid, bis(2-ethylhexyl) ester",,,,,,,,,,,,,,,,,,,,,,,,,,,,,,,,,,,,,,,,,,,,,,,,,,,,,,,,,,,,,,,,,,,,,,,,,,,,,,,,,,,,,,,,,,,,,,,,,,,,,,,,,,,,,,,,,,,,,,,,,,,,,,,,Human Health Hazards#Genetic Toxicity,Genotoxicity OASIS,Gene mutation,"ECHA, Registration dossier",False,Categorical data,Equal,,,,,,,Bacterial Reverse Mutation Assay (e.g. Ames Test),,,32896,Salmonella typhimurium,,,,,,,,,,,,,,,,,,,,,,,TA 1537,,in Vitro,Without S9,"Last visited: December, 2019",Gene Mutation,,,,,,,,,,,,,,,,,,,,,,,,,,,,,,,,,,,,,,,,,,,,,,,,,,,,,,,,,,,,,,,,,,,,,,,,,,,,,,,,,,,,,,,,,,,,,,,,,,,,,,,,,,,,,,,,,,,,,,,,,,,,,,,,,,,,,,,,,,,,,,,,,,,,,,,,,,,,,,,,,,,,,,,,,,,,,,,,,,,,,,,Negative,,,Gene mutation I,Negative,,,Gene mutation I
103-24-2,"bis(2-ethylhexyl) azelate;1,9-bis(2-ethylhexyl) nonanedioate;Azelaic acid, bis(2-ethylhexyl) ester;bis(2-ethylhexyl) azelate;Bis(2-ethylhexyl) nonanedioate;bis(2-ethylhexyl) nonanedioate (nonanedioic acid, bis(2-ethylhexyl) ester);Di-2-ethylhexyl azelate;dioctyl azelate;Nonanedioic acid, 1,9-bis(2-ethylhexyl) ester;Nonanedioic acid, bis(2-ethylhexyl) ester",,,,,,,,,,,,,,,,,,,,,,,,,,,,,,,,,,,,,,,,,,,,,,,,,,,,,,,,,,,,,,,,,,,,,,,,,,,,,,,,,,,,,,,,,,,,,,,,,,,,,,,,,,,,,,,,,,,,,,,,,,,,,,,,Human Health Hazards#Genetic Toxicity,Toxicity Japan MHLW,Gene mutation,http://dra4.nihs.go.jp/mhlw_data/jsp/SearchPageENG.jsp,False,Categorical data,Equal,,,,,Japan Ministry of Health Labour and Welfare,,Bacterial Reverse Mutation Assay (e.g. Ames Test),Guidelines For Screening Mutagenicity Testing of Chemicals (Chemical Substances Control Law of Japan),,,Salmonella typhimurium,,,2139,,,,,,,,,,,,,,,,,,,,TA 97,,in Vitro,Without S9,-1 = negative; 1 = positive; Guidelines for Screening Mutagenicity Testing of Chemicals (Chemical Substances Control Law of Japan),Gene Mutation,Japan Existing Chemical Data Base,,,,,,,,,,,,,,,,,,,,,,,,,,,,,,,,,,,,,,,,,,,,,,,,,,,,,,,,,,,,,,,,,,,,,,,,,,,,,,,,,,,,,,,,,,,,,,,,,,,,,,,,,,,,,,,,,,,,,,,,,,,,,,,,,,,,,,,,,,,,,,,,,,,,,,,,,,,,,,,,,,,,,,,,,,,,,,,,,,,,,,Negative,,,Gene mutation I,Negative,,,Gene mutation I
103-24-2,"bis(2-ethylhexyl) azelate;1,9-bis(2-ethylhexyl) nonanedioate;Azelaic acid, bis(2-ethylhexyl) ester;bis(2-ethylhexyl) azelate;Bis(2-ethylhexyl) nonanedioate;bis(2-ethylhexyl) nonanedioate (nonanedioic acid, bis(2-ethylhexyl) ester);Di-2-ethylhexyl azelate;dioctyl azelate;Nonanedioic acid, 1,9-bis(2-ethylhexyl) ester;Nonanedioic acid, bis(2-ethylhexyl) ester",,,,,,,,,,,,,,,,,,,,,,,,,,,,,,,,,,,,,,,,,,,,,,,,,,,,,,,,,,,,,,,,,,,,,,,,,,,,,,,,,,,,,,,,,,,,,,,,,,,,,,,,,,,,,,,,,,,,,,,,,,,,,,,,Human Health Hazards#Genetic Toxicity,Genotoxicity OASIS,Gene mutation,"ECHA, Registration dossier",False,Categorical data,Equal,,,,,,,Bacterial Reverse Mutation Assay (e.g. Ames Test),,,32897,Salmonella typhimurium,,,,,,,,,,,,,,,,,,,,,,,TA 98,,in Vitro,Without S9,"Last visited: December, 2019",Gene Mutation,,,,,,,,,,,,,,,,,,,,,,,,,,,,,,,,,,,,,,,,,,,,,,,,,,,,,,,,,,,,,,,,,,,,,,,,,,,,,,,,,,,,,,,,,,,,,,,,,,,,,,,,,,,,,,,,,,,,,,,,,,,,,,,,,,,,,,,,,,,,,,,,,,,,,,,,,,,,,,,,,,,,,,,,,,,,,,,,,,,,,,,Negative,,,Gene mutation I,Negative,,,Gene mutation I
103-24-2,"bis(2-ethylhexyl) azelate;1,9-bis(2-ethylhexyl) nonanedioate;Azelaic acid, bis(2-ethylhexyl) ester;bis(2-ethylhexyl) azelate;Bis(2-ethylhexyl) nonanedioate;bis(2-ethylhexyl) nonanedioate (nonanedioic acid, bis(2-ethylhexyl) ester);Di-2-ethylhexyl azelate;dioctyl azelate;Nonanedioic acid, 1,9-bis(2-ethylhexyl) ester;Nonanedioic acid, bis(2-ethylhexyl) ester",,,,,,,,,,,,,,,,,,,,,,,,,,,,,,,,,,,,,,,,,,,,,,,,,,,,,,,,,,,,,,,,,,,,,,,,,,,,,,,,,,,,,,,,,,,,,,,,,,,,,,,,,,,,,,,,,,,,,,,,,,,,,,,,Human Health Hazards#Genetic Toxicity,Toxicity Japan MHLW,Chromosome aberration,http://dra4.nihs.go.jp/mhlw_data/jsp/SearchPageENG.jsp,False,Categorical data,Equal,,,,,Japan Ministry of Health Labour and Welfare,,in Vitro Mammalian Chromosome Aberration Test,Guidelines For Screening Mutagenicity Testing of Chemicals (Chemical Substances Control Law of Japan),,,Chinese hamster,,,2548,,,,,,,,,,,,,,,,,,,,Chinese Hamster Lung Cells,,in Vitro,,-1 = negative; 1 = positive; Guidelines for Screening Mutagenicity Testing of Chemicals (Chemical Substances Control Law of Japan) ;,Chromosome Aberration,,,,,,,,,,,,,,,,,,,,,,,,,,,,,,,,,,,,,,,,,,,,,,,,,,,,,,,,,,,,,,,,,,,,,,,,,,,,,,,,,,,,,,,,,,,,,,,,,,,,,,,,,,,,,,,,,,,,,,,,,,,,,,,,,,,,,,,,,,,,,,,,,,,,,,,,,,,,,,,,,,,,,,,,,,,,,,,,,,,,,,,Negative,,,Chromosome aberration II (Japan MHLW),Negative,,,Chromosome aberration II (Japan MHLW)
103-24-2,"bis(2-ethylhexyl) azelate;1,9-bis(2-ethylhexyl) nonanedioate;Azelaic acid, bis(2-ethylhexyl) ester;bis(2-ethylhexyl) azelate;Bis(2-ethylhexyl) nonanedioate;bis(2-ethylhexyl) nonanedioate (nonanedioic acid, bis(2-ethylhexyl) ester);Di-2-ethylhexyl azelate;dioctyl azelate;Nonanedioic acid, 1,9-bis(2-ethylhexyl) ester;Nonanedioic acid, bis(2-ethylhexyl) ester",,,,,,,,,,,,,,,,,,,,,,,,,,,,,,,,,,,,,,,,,,,,,,,,,,,,,,,,,,,,,,,,,,,,,,,,,,,,,,,,,,,,,,,,,,,,,,,,,,,,,,,,,,,,,,,,,,,,,,,,,,,,,,,,Human Health Hazards#Genetic Toxicity,Toxicity Japan MHLW,Chromosome aberration,http://dra4.nihs.go.jp/mhlw_data/jsp/SearchPageENG.jsp,False,Categorical data,Equal,,,,,Japan Ministry of Health Labour and Welfare,,in Vitro Mammalian Chromosome Aberration Test,Guidelines For Screening Mutagenicity Testing of Chemicals (Chemical Substances Control Law of Japan),,,Chinese hamster,,,2321,,,,,,,,,,,,,,,,,,,,Chinese Hamster Lung Cells,,in Vitro,,-1 = negative; 1 = positive; Guidelines for Screening Mutagenicity Testing of Chemicals (Chemical Substances Control Law of Japan) ;,Chromosome Aberration,,,,,,,,,,,,,,,,,,,,,,,,,,,,,,,,,,,,,,,,,,,,,,,,,,,,,,,,,,,,,,,,,,,,,,,,,,,,,,,,,,,,,,,,,,,,,,,,,,,,,,,,,,,,,,,,,,,,,,,,,,,,,,,,,,,,,,,,,,,,,,,,,,,,,,,,,,,,,,,,,,,,,,,,,,,,,,,,,,,,,,,Negative,,,Chromosome aberration II (Japan MHLW),Negative,,,Chromosome aberration II (Japan MHLW)
103-24-2,"bis(2-ethylhexyl) azelate;1,9-bis(2-ethylhexyl) nonanedioate;Azelaic acid, bis(2-ethylhexyl) ester;bis(2-ethylhexyl) azelate;Bis(2-ethylhexyl) nonanedioate;bis(2-ethylhexyl) nonanedioate (nonanedioic acid, bis(2-ethylhexyl) ester);Di-2-ethylhexyl azelate;dioctyl azelate;Nonanedioic acid, 1,9-bis(2-ethylhexyl) ester;Nonanedioic acid, bis(2-ethylhexyl) ester",,,,,,,,,,,,,,,,,,,,,,,,,,,,,,,,,,,,,,,,,,,,,,,,,,,,,,,,,,,,,,,,,,,,,,,,,,,,,,,,,,,,,,,,,,,,,,,,,,,,,,,,,,,,,,,,,,,,,,,,,,,,,,,,Human Health Hazards#Genetic Toxicity,Genotoxicity OASIS,Chromosome aberration,NIHS Japan,False,Categorical data,Equal,,,,,,,in Vitro Mammalian Chromosome Aberration Test,,,7788,,,,,,,,,,,,,,,,,,,,,,,,No Strain Information,,in Vitro,With S9,,Chromosome Aberration,NIHS Japan,,,,,,,,,,,,,,,,,,,,,,,,,,,,,,,,,,,,,,,,,,,,,,,,,,,,,,,,,,,,,,,,,,,,,,,,,,,,,,,,,,,,,,,,,,,,,,,,,,,,,,,,,,,,,,,,,,,,,,,,,,,,,,,,,,,,,,,,,,,,,,,,,,,,,,,,,,,,,,,,,,,,,,,,,,,,,,,,,,,,,,Negative,,,Chromosome aberration I (Oasis),Negative,,,Chromosome aberration I (Oasis)
103-24-2,"bis(2-ethylhexyl) azelate;1,9-bis(2-ethylhexyl) nonanedioate;Azelaic acid, bis(2-ethylhexyl) ester;bis(2-ethylhexyl) azelate;Bis(2-ethylhexyl) nonanedioate;bis(2-ethylhexyl) nonanedioate (nonanedioic acid, bis(2-ethylhexyl) ester);Di-2-ethylhexyl azelate;dioctyl azelate;Nonanedioic acid, 1,9-bis(2-ethylhexyl) ester;Nonanedioic acid, bis(2-ethylhexyl) ester",,,,,,,,,,,,,,,,,,,,,,,,,,,,,,,,,,,,,,,,,,,,,,,,,,,,,,,,,,,,,,,,,,,,,,,,,,,,,,,,,,,,,,,,,,,,,,,,,,,,,,,,,,,,,,,,,,,,,,,,,,,,,,,,Human Health Hazards#Genetic Toxicity,Genotoxicity OASIS,Chromosome aberration,NIHS Japan,False,Categorical data,Equal,,,,,,,in Vitro Mammalian Chromosome Aberration Test,,,7787,,,,,,,,,,,,,,,,,,,,,,,,No Strain Information,,in Vitro,Without S9,,Chromosome Aberration,NIHS Japan,,,,,,,,,,,,,,,,,,,,,,,,,,,,,,,,,,,,,,,,,,,,,,,,,,,,,,,,,,,,,,,,,,,,,,,,,,,,,,,,,,,,,,,,,,,,,,,,,,,,,,,,,,,,,,,,,,,,,,,,,,,,,,,,,,,,,,,,,,,,,,,,,,,,,,,,,,,,,,,,,,,,,,,,,,,,,,,,,,,,,,Negative,,,Chromosome aberration I (Oasis),Negative,,,Chromosome aberration I (Oasis)
103-24-2,"bis(2-ethylhexyl) azelate;1,9-bis(2-ethylhexyl) nonanedioate;Azelaic acid, bis(2-ethylhexyl) ester;bis(2-ethylhexyl) azelate;Bis(2-ethylhexyl) nonanedioate;bis(2-ethylhexyl) nonanedioate (nonanedioic acid, bis(2-ethylhexyl) ester);Di-2-ethylhexyl azelate;dioctyl azelate;Nonanedioic acid, 1,9-bis(2-ethylhexyl) ester;Nonanedioic acid, bis(2-ethylhexyl) ester",,,,,,,,,,,,,,,,,,,,,,,,,,,,,,,,,,,,,,,,,,,,,,,,,,,,,,,,,,,,,,,,,,,,,,,,,,,,,,,,,,,,,,,,,,,,,,,,,,,,,,,,,,,,,,,,,,,,,,,,,,,,,,,,Human Health Hazards#Repeated Dose Toxicity,Repeated Dose Toxicity HESS,LOEL,,False,No qualifier,Equal,,,,2003,,,,OECD TG 422,,,Rat,A/G↑,,,,,,,,,,,,,,,,,,,,,,SD,Oral (Gavage),,,,,,Male,Main,"National Institute of Health Sciences, Japan",Blood serum (Enzyme),ReproTox,Food and Drug Safety Center,Blood chemical examination,1000,mg/kg bdwt/d,Administered dose(mass),100,mg/kg bdwt/d,Administered dose(mass),77.2,None,0,d,Time,,,,,,,,,,,,,,,,,,,,,,,,,,,,,,,,,,,,,,,,,,,,,,,,,,,,,,,,,,,,,,,,,,,,,,,,,,,,,,,,,,,,,,,,,,,,,,,,,,,,,,,,,,,,,,,,,,,,,,,,,,,,,,,,,,,,,,,,,,,,,,,,,,,,,,,,,,,,,,,,,42,d,Time,300,,mg/kg bdwt/d,Administered dose(mass),300,,mg/kg/d,Administered dose(mass)
103-24-2,"bis(2-ethylhexyl) azelate;1,9-bis(2-ethylhexyl) nonanedioate;Azelaic acid, bis(2-ethylhexyl) ester;bis(2-ethylhexyl) azelate;Bis(2-ethylhexyl) nonanedioate;bis(2-ethylhexyl) nonanedioate (nonanedioic acid, bis(2-ethylhexyl) ester);Di-2-ethylhexyl azelate;dioctyl azelate;Nonanedioic acid, 1,9-bis(2-ethylhexyl) ester;Nonanedioic acid, bis(2-ethylhexyl) ester",,,,,,,,,,,,,,,,,,,,,,,,,,,,,,,,,,,,,,,,,,,,,,,,,,,,,,,,,,,,,,,,,,,,,,,,,,,,,,,,,,,,,,,,,,,,,,,,,,,,,,,,,,,,,,,,,,,,,,,,,,,,,,,,Human Health Hazards#Repeated Dose Toxicity,Repeated Dose Toxicity HESS,LOEL,,False,No qualifier,Equal,,,,2003,,,,OECD TG 422,,,Rat,Absolute Organ Weight↑,,,,,,,,,,,,,,,,,,,,,,SD,Oral (Gavage),,,,,,Male,Main,"National Institute of Health Sciences, Japan",Kidney,ReproTox,Food and Drug Safety Center,Organ weights,1000,mg/kg bdwt/d,Administered dose(mass),100,mg/kg bdwt/d,Administered dose(mass),77.2,None,0,d,Time,,,,,,,,,,,,,,,,,,,,,,,,,,,,,,,,,,,,,,,,,,,,,,,,,,,,,,,,,,,,,,,,,,,,,,,,,,,,,,,,,,,,,,,,,,,,,,,,,,,,,,,,,,,,,,,,,,,,,,,,,,,,,,,,,,,,,,,,,,,,,,,,,,,,,,,,,,,,,,,,,42,d,Time,1000,,mg/kg bdwt/d,Administered dose(mass),1000,,mg/kg/d,Administered dose(mass)
103-24-2,"bis(2-ethylhexyl) azelate;1,9-bis(2-ethylhexyl) nonanedioate;Azelaic acid, bis(2-ethylhexyl) ester;bis(2-ethylhexyl) azelate;Bis(2-ethylhexyl) nonanedioate;bis(2-ethylhexyl) nonanedioate (nonanedioic acid, bis(2-ethylhexyl) ester);Di-2-ethylhexyl azelate;dioctyl azelate;Nonanedioic acid, 1,9-bis(2-ethylhexyl) ester;Nonanedioic acid, bis(2-ethylhexyl) ester",,,,,,,,,,,,,,,,,,,,,,,,,,,,,,,,,,,,,,,,,,,,,,,,,,,,,,,,,,,,,,,,,,,,,,,,,,,,,,,,,,,,,,,,,,,,,,,,,,,,,,,,,,,,,,,,,,,,,,,,,,,,,,,,Human Health Hazards#Repeated Dose Toxicity,Repeated Dose Toxicity HESS,LOEL,,False,No qualifier,Equal,,,,2003,,,,OECD TG 422,,,Rat,Relative Organ Weight↑,,,,,,,,,,,,,,,,,,,,,,SD,Oral (Gavage),,,,,,Male,Main,"National Institute of Health Sciences, Japan",Kidney,ReproTox,Food and Drug Safety Center,Organ weights,1000,mg/kg bdwt/d,Administered dose(mass),100,mg/kg bdwt/d,Administered dose(mass),77.2,None,0,d,Time,,,,,,,,,,,,,,,,,,,,,,,,,,,,,,,,,,,,,,,,,,,,,,,,,,,,,,,,,,,,,,,,,,,,,,,,,,,,,,,,,,,,,,,,,,,,,,,,,,,,,,,,,,,,,,,,,,,,,,,,,,,,,,,,,,,,,,,,,,,,,,,,,,,,,,,,,,,,,,,,,42,d,Time,1000,,mg/kg bdwt/d,Administered dose(mass),1000,,mg/kg/d,Administered dose(mass)
103-24-2,"bis(2-ethylhexyl) azelate;1,9-bis(2-ethylhexyl) nonanedioate;Azelaic acid, bis(2-ethylhexyl) ester;bis(2-ethylhexyl) azelate;Bis(2-ethylhexyl) nonanedioate;bis(2-ethylhexyl) nonanedioate (nonanedioic acid, bis(2-ethylhexyl) ester);Di-2-ethylhexyl azelate;dioctyl azelate;Nonanedioic acid, 1,9-bis(2-ethylhexyl) ester;Nonanedioic acid, bis(2-ethylhexyl) ester",,,,,,,,,,,,,,,,,,,,,,,,,,,,,,,,,,,,,,,,,,,,,,,,,,,,,,,,,,,,,,,,,,,,,,,,,,,,,,,,,,,,,,,,,,,,,,,,,,,,,,,,,,,,,,,,,,,,,,,,,,,,,,,,Human Health Hazards#Repeated Dose Toxicity,Repeated Dose Toxicity HESS,LOEL,,False,No qualifier,Equal,,,,2003,,,,OECD TG 422,,,Rat,Hypertrophy/Swelling Hepatocyte (Centrilobular),,,,,,,,,,,,,,,,,,,,,,SD,Oral (Gavage),,,,,,Male,Main,"National Institute of Health Sciences, Japan",Liver,ReproTox,Food and Drug Safety Center,Histopathological findings,1000,mg/kg bdwt/d,Administered dose(mass),100,mg/kg bdwt/d,Administered dose(mass),77.2,None,0,d,Time,Hepatocyte,,,,,,,,,,,,,,,,,,,,,,,,,,,,,,,,,,,,,,,,,,,,,,,,,,,,,,,,,,,,,,,,,,,,,,,,,,,,,,,,,,,,,,,,,,,,,,,,,,,,,,,,,,,,,,,,,,,,,,,,,,,,,,,,,,,,,,,,,,,,,,,,,,,,,,,,,,,,,,,,42,d,Time,1000,,mg/kg bdwt/d,Administered dose(mass),1000,,mg/kg/d,Administered dose(mass)
103-24-2,"bis(2-ethylhexyl) azelate;1,9-bis(2-ethylhexyl) nonanedioate;Azelaic acid, bis(2-ethylhexyl) ester;bis(2-ethylhexyl) azelate;Bis(2-ethylhexyl) nonanedioate;bis(2-ethylhexyl) nonanedioate (nonanedioic acid, bis(2-ethylhexyl) ester);Di-2-ethylhexyl azelate;dioctyl azelate;Nonanedioic acid, 1,9-bis(2-ethylhexyl) ester;Nonanedioic acid, bis(2-ethylhexyl) ester",,,,,,,,,,,,,,,,,,,,,,,,,,,,,,,,,,,,,,,,,,,,,,,,,,,,,,,,,,,,,,,,,,,,,,,,,,,,,,,,,,,,,,,,,,,,,,,,,,,,,,,,,,,,,,,,,,,,,,,,,,,,,,,,Human Health Hazards#Repeated Dose Toxicity,Repeated Dose Toxicity HESS,LOEL,,False,No qualifier,Equal,,,,2003,,,,OECD TG 422,,,Rat,Relative Organ Weight↑,,,,,,,,,,,,,,,,,,,,,,SD,Oral (Gavage),,,,,,Male,Main,"National Institute of Health Sciences, Japan",Liver,ReproTox,Food and Drug Safety Center,Organ weights,1000,mg/kg bdwt/d,Administered dose(mass),100,mg/kg bdwt/d,Administered dose(mass),77.2,None,0,d,Time,,,,,,,,,,,,,,,,,,,,,,,,,,,,,,,,,,,,,,,,,,,,,,,,,,,,,,,,,,,,,,,,,,,,,,,,,,,,,,,,,,,,,,,,,,,,,,,,,,,,,,,,,,,,,,,,,,,,,,,,,,,,,,,,,,,,,,,,,,,,,,,,,,,,,,,,,,,,,,,,,42,d,Time,1000,,mg/kg bdwt/d,Administered dose(mass),1000,,mg/kg/d,Administered dose(mass)
103-24-2,"bis(2-ethylhexyl) azelate;1,9-bis(2-ethylhexyl) nonanedioate;Azelaic acid, bis(2-ethylhexyl) ester;bis(2-ethylhexyl) azelate;Bis(2-ethylhexyl) nonanedioate;bis(2-ethylhexyl) nonanedioate (nonanedioic acid, bis(2-ethylhexyl) ester);Di-2-ethylhexyl azelate;dioctyl azelate;Nonanedioic acid, 1,9-bis(2-ethylhexyl) ester;Nonanedioic acid, bis(2-ethylhexyl) ester",,,,,,,,,,,,,,,,,,,,,,,,,,,,,,,,,,,,,,,,,,,,,,,,,,,,,,,,,,,,,,,,,,,,,,,,,,,,,,,,,,,,,,,,,,,,,,,,,,,,,,,,,,,,,,,,,,,,,,,,,,,,,,,,Human Health Hazards#Repeated Dose Toxicity,Repeated Dose Toxicity HESS,LOEL,,False,No qualifier,Equal,,,,2003,,,,OECD TG 422,,,Rat,Total,,,,,,,,,,,,,,,,,,,,,,SD,Oral (Gavage),,,,,,Male,Main,"National Institute of Health Sciences, Japan",Whole body,ReproTox,Food and Drug Safety Center,NOEL/LOEL,1000,mg/kg bdwt/d,Administered dose(mass),100,mg/kg bdwt/d,Administered dose(mass),77.2,None,0,d,Time,,,,,,,,,,,,,,,,,,,,,,,,,,,,,,,,,,,,,,,,,,,,,,,,,,,,,,,,,,,,,,,,,,,,,,,,,,,,,,,,,,,,,,,,,,,,,,,,,,,,,,,,,,,,,,,,,,,,,,,,,,,,,,,,,,,,,,,,,,,,,,,,,,,,,,,,,,,,,,,,,42,d,Time,300,,mg/kg bdwt/d,Administered dose(mass),300,,mg/kg/d,Administered dose(mass)
103-24-2,"bis(2-ethylhexyl) azelate;1,9-bis(2-ethylhexyl) nonanedioate;Azelaic acid, bis(2-ethylhexyl) ester;bis(2-ethylhexyl) azelate;Bis(2-ethylhexyl) nonanedioate;bis(2-ethylhexyl) nonanedioate (nonanedioic acid, bis(2-ethylhexyl) ester);Di-2-ethylhexyl azelate;dioctyl azelate;Nonanedioic acid, 1,9-bis(2-ethylhexyl) ester;Nonanedioic acid, bis(2-ethylhexyl) ester",,,,,,,,,,,,,,,,,,,,,,,,,,,,,,,,,,,,,,,,,,,,,,,,,,,,,,,,,,,,,,,,,,,,,,,,,,,,,,,,,,,,,,,,,,,,,,,,,,,,,,,,,,,,,,,,,,,,,,,,,,,,,,,,Human Health Hazards#Repeated Dose Toxicity,Repeated Dose Toxicity HESS,NOEL,,False,No qualifier,Equal,,,,2003,,,,OECD TG 422,,,Rat,Absolute Organ Weight↑,,,,,,,,,,,,,,,,,,,,,,SD,Oral (Gavage),,,,,,Male,Main,"National Institute of Health Sciences, Japan",Adrenal Gland,ReproTox,Food and Drug Safety Center,Organ weights,1000,mg/kg bdwt/d,Administered dose(mass),100,mg/kg bdwt/d,Administered dose(mass),77.2,None,0,d,Time,,,,,,,,,,,,,,,,,,,,,,,,,,,,,,,,,,,,,,,,,,,,,,,,,,,,,,,,,,,,,,,,,,,,,,,,,,,,,,,,,,,,,,,,,,,,,,,,,,,,,,,,,,,,,,,,,,,,,,,,,,,,,,,,,,,,,,,,,,,,,,,,,,,,,,,,,,,,,,,,,42,d,Time,1000,,mg/kg bdwt/d,Administered dose(mass),1000,,mg/kg/d,Administered dose(mass)
103-24-2,"bis(2-ethylhexyl) azelate;1,9-bis(2-ethylhexyl) nonanedioate;Azelaic acid, bis(2-ethylhexyl) ester;bis(2-ethylhexyl) azelate;Bis(2-ethylhexyl) nonanedioate;bis(2-ethylhexyl) nonanedioate (nonanedioic acid, bis(2-ethylhexyl) ester);Di-2-ethylhexyl azelate;dioctyl azelate;Nonanedioic acid, 1,9-bis(2-ethylhexyl) ester;Nonanedioic acid, bis(2-ethylhexyl) ester",,,,,,,,,,,,,,,,,,,,,,,,,,,,,,,,,,,,,,,,,,,,,,,,,,,,,,,,,,,,,,,,,,,,,,,,,,,,,,,,,,,,,,,,,,,,,,,,,,,,,,,,,,,,,,,,,,,,,,,,,,,,,,,,Human Health Hazards#Repeated Dose Toxicity,Repeated Dose Toxicity HESS,NOEL,,False,No qualifier,Equal,,,,2003,,,,OECD TG 422,,,Rat,Absolute Organ Weight↓,,,,,,,,,,,,,,,,,,,,,,SD,Oral (Gavage),,,,,,Male,Main,"National Institute of Health Sciences, Japan",Adrenal Gland,ReproTox,Food and Drug Safety Center,Organ weights,1000,mg/kg bdwt/d,Administered dose(mass),100,mg/kg bdwt/d,Administered dose(mass),77.2,None,0,d,Time,,,,,,,,,,,,,,,,,,,,,,,,,,,,,,,,,,,,,,,,,,,,,,,,,,,,,,,,,,,,,,,,,,,,,,,,,,,,,,,,,,,,,,,,,,,,,,,,,,,,,,,,,,,,,,,,,,,,,,,,,,,,,,,,,,,,,,,,,,,,,,,,,,,,,,,,,,,,,,,,,42,d,Time,1000,,mg/kg bdwt/d,Administered dose(mass),1000,,mg/kg/d,Administered dose(mass)
103-24-2,"bis(2-ethylhexyl) azelate;1,9-bis(2-ethylhexyl) nonanedioate;Azelaic acid, bis(2-ethylhexyl) ester;bis(2-ethylhexyl) azelate;Bis(2-ethylhexyl) nonanedioate;bis(2-ethylhexyl) nonanedioate (nonanedioic acid, bis(2-ethylhexyl) ester);Di-2-ethylhexyl azelate;dioctyl azelate;Nonanedioic acid, 1,9-bis(2-ethylhexyl) ester;Nonanedioic acid, bis(2-ethylhexyl) ester",,,,,,,,,,,,,,,,,,,,,,,,,,,,,,,,,,,,,,,,,,,,,,,,,,,,,,,,,,,,,,,,,,,,,,,,,,,,,,,,,,,,,,,,,,,,,,,,,,,,,,,,,,,,,,,,,,,,,,,,,,,,,,,,Human Health Hazards#Repeated Dose Toxicity,Repeated Dose Toxicity HESS,NOEL,,False,No qualifier,Equal,,,,2003,,,,OECD TG 422,,,Rat,Atrophy (Necropsy),,,,,,,,,,,,,,,,,,,,,,SD,Oral (Gavage),,,,,,Male,Main,"National Institute of Health Sciences, Japan",Adrenal Gland,ReproTox,Food and Drug Safety Center,Necropsy,1000,mg/kg bdwt/d,Administered dose(mass),100,mg/kg bdwt/d,Administered dose(mass),77.2,None,0,d,Time,,,,,,,,,,,,,,,,,,,,,,,,,,,,,,,,,,,,,,,,,,,,,,,,,,,,,,,,,,,,,,,,,,,,,,,,,,,,,,,,,,,,,,,,,,,,,,,,,,,,,,,,,,,,,,,,,,,,,,,,,,,,,,,,,,,,,,,,,,,,,,,,,,,,,,,,,,,,,,,,,42,d,Time,1000,,mg/kg bdwt/d,Administered dose(mass),1000,,mg/kg/d,Administered dose(mass)
103-24-2,"bis(2-ethylhexyl) azelate;1,9-bis(2-ethylhexyl) nonanedioate;Azelaic acid, bis(2-ethylhexyl) ester;bis(2-ethylhexyl) azelate;Bis(2-ethylhexyl) nonanedioate;bis(2-ethylhexyl) nonanedioate (nonanedioic acid, bis(2-ethylhexyl) ester);Di-2-ethylhexyl azelate;dioctyl azelate;Nonanedioic acid, 1,9-bis(2-ethylhexyl) ester;Nonanedioic acid, bis(2-ethylhexyl) ester",,,,,,,,,,,,,,,,,,,,,,,,,,,,,,,,,,,,,,,,,,,,,,,,,,,,,,,,,,,,,,,,,,,,,,,,,,,,,,,,,,,,,,,,,,,,,,,,,,,,,,,,,,,,,,,,,,,,,,,,,,,,,,,,Human Health Hazards#Repeated Dose Toxicity,Repeated Dose Toxicity HESS,NOEL,,False,No qualifier,Equal,,,,2003,,,,OECD TG 422,,,Rat,Cell Hypertrophy,,,,,,,,,,,,,,,,,,,,,,SD,Oral (Gavage),,,,,,Male,Main,"National Institute of Health Sciences, Japan",Adrenal Gland,ReproTox,Food and Drug Safety Center,Histopathological findings,1000,mg/kg bdwt/d,Administered dose(mass),100,mg/kg bdwt/d,Administered dose(mass),77.2,None,0,d,Time,Zona reticularis,,,,,,,,,,,,,,,,,,,,,,,,,,,,,,,,,,,,,,,,,,,,,,,,,,,,,,,,,,,,,,,,,,,,,,,,,,,,,,,,,,,,,,,,,,,,,,,,,,,,,,,,,,,,,,,,,,,,,,,,,,,,,,,,,,,,,,,,,,,,,,,,,,,,,,,,,,,,,,,,42,d,Time,1000,,mg/kg bdwt/d,Administered dose(mass),1000,,mg/kg/d,Administered dose(mass)
103-24-2,"bis(2-ethylhexyl) azelate;1,9-bis(2-ethylhexyl) nonanedioate;Azelaic acid, bis(2-ethylhexyl) ester;bis(2-ethylhexyl) azelate;Bis(2-ethylhexyl) nonanedioate;bis(2-ethylhexyl) nonanedioate (nonanedioic acid, bis(2-ethylhexyl) ester);Di-2-ethylhexyl azelate;dioctyl azelate;Nonanedioic acid, 1,9-bis(2-ethylhexyl) ester;Nonanedioic acid, bis(2-ethylhexyl) ester",,,,,,,,,,,,,,,,,,,,,,,,,,,,,,,,,,,,,,,,,,,,,,,,,,,,,,,,,,,,,,,,,,,,,,,,,,,,,,,,,,,,,,,,,,,,,,,,,,,,,,,,,,,,,,,,,,,,,,,,,,,,,,,,Human Health Hazards#Repeated Dose Toxicity,Repeated Dose Toxicity HESS,NOEL,,False,No qualifier,Equal,,,,2003,,,,OECD TG 422,,,Rat,Cell Hypertrophy,,,,,,,,,,,,,,,,,,,,,,SD,Oral (Gavage),,,,,,Male,Main,"National Institute of Health Sciences, Japan",Adrenal Gland,ReproTox,Food and Drug Safety Center,Histopathological findings,1000,mg/kg bdwt/d,Administered dose(mass),100,mg/kg bdwt/d,Administered dose(mass),77.2,None,0,d,Time,Zona fasciculata,,,,,,,,,,,,,,,,,,,,,,,,,,,,,,,,,,,,,,,,,,,,,,,,,,,,,,,,,,,,,,,,,,,,,,,,,,,,,,,,,,,,,,,,,,,,,,,,,,,,,,,,,,,,,,,,,,,,,,,,,,,,,,,,,,,,,,,,,,,,,,,,,,,,,,,,,,,,,,,,42,d,Time,1000,,mg/kg bdwt/d,Administered dose(mass),1000,,mg/kg/d,Administered dose(mass)
103-24-2,"bis(2-ethylhexyl) azelate;1,9-bis(2-ethylhexyl) nonanedioate;Azelaic acid, bis(2-ethylhexyl) ester;bis(2-ethylhexyl) azelate;Bis(2-ethylhexyl) nonanedioate;bis(2-ethylhexyl) nonanedioate (nonanedioic acid, bis(2-ethylhexyl) ester);Di-2-ethylhexyl azelate;dioctyl azelate;Nonanedioic acid, 1,9-bis(2-ethylhexyl) ester;Nonanedioic acid, bis(2-ethylhexyl) ester",,,,,,,,,,,,,,,,,,,,,,,,,,,,,,,,,,,,,,,,,,,,,,,,,,,,,,,,,,,,,,,,,,,,,,,,,,,,,,,,,,,,,,,,,,,,,,,,,,,,,,,,,,,,,,,,,,,,,,,,,,,,,,,,Human Health Hazards#Repeated Dose Toxicity,Repeated Dose Toxicity HESS,NOEL,,False,No qualifier,Equal,,,,2003,,,,OECD TG 422,,,Rat,Cell Hypertrophy,,,,,,,,,,,,,,,,,,,,,,SD,Oral (Gavage),,,,,,Male,Main,"National Institute of Health Sciences, Japan",Adrenal Gland,ReproTox,Food and Drug Safety Center,Histopathological findings,1000,mg/kg bdwt/d,Administered dose(mass),100,mg/kg bdwt/d,Administered dose(mass),77.2,None,0,d,Time,Zona glomerulosa,,,,,,,,,,,,,,,,,,,,,,,,,,,,,,,,,,,,,,,,,,,,,,,,,,,,,,,,,,,,,,,,,,,,,,,,,,,,,,,,,,,,,,,,,,,,,,,,,,,,,,,,,,,,,,,,,,,,,,,,,,,,,,,,,,,,,,,,,,,,,,,,,,,,,,,,,,,,,,,,42,d,Time,1000,,mg/kg bdwt/d,Administered dose(mass),1000,,mg/kg/d,Administered dose(mass)
103-24-2,"bis(2-ethylhexyl) azelate;1,9-bis(2-ethylhexyl) nonanedioate;Azelaic acid, bis(2-ethylhexyl) ester;bis(2-ethylhexyl) azelate;Bis(2-ethylhexyl) nonanedioate;bis(2-ethylhexyl) nonanedioate (nonanedioic acid, bis(2-ethylhexyl) ester);Di-2-ethylhexyl azelate;dioctyl azelate;Nonanedioic acid, 1,9-bis(2-ethylhexyl) ester;Nonanedioic acid, bis(2-ethylhexyl) ester",,,,,,,,,,,,,,,,,,,,,,,,,,,,,,,,,,,,,,,,,,,,,,,,,,,,,,,,,,,,,,,,,,,,,,,,,,,,,,,,,,,,,,,,,,,,,,,,,,,,,,,,,,,,,,,,,,,,,,,,,,,,,,,,Human Health Hazards#Repeated Dose Toxicity,Repeated Dose Toxicity HESS,NOEL,,False,No qualifier,Equal,,,,2003,,,,OECD TG 422,,,Rat,Enlarged (Necropsy),,,,,,,,,,,,,,,,,,,,,,SD,Oral (Gavage),,,,,,Male,Main,"National Institute of Health Sciences, Japan",Adrenal Gland,ReproTox,Food and Drug Safety Center,Necropsy,1000,mg/kg bdwt/d,Administered dose(mass),100,mg/kg bdwt/d,Administered dose(mass),77.2,None,0,d,Time,,,,,,,,,,,,,,,,,,,,,,,,,,,,,,,,,,,,,,,,,,,,,,,,,,,,,,,,,,,,,,,,,,,,,,,,,,,,,,,,,,,,,,,,,,,,,,,,,,,,,,,,,,,,,,,,,,,,,,,,,,,,,,,,,,,,,,,,,,,,,,,,,,,,,,,,,,,,,,,,,42,d,Time,1000,,mg/kg bdwt/d,Administered dose(mass),1000,,mg/kg/d,Administered dose(mass)
103-24-2,"bis(2-ethylhexyl) azelate;1,9-bis(2-ethylhexyl) nonanedioate;Azelaic acid, bis(2-ethylhexyl) ester;bis(2-ethylhexyl) azelate;Bis(2-ethylhexyl) nonanedioate;bis(2-ethylhexyl) nonanedioate (nonanedioic acid, bis(2-ethylhexyl) ester);Di-2-ethylhexyl azelate;dioctyl azelate;Nonanedioic acid, 1,9-bis(2-ethylhexyl) ester;Nonanedioic acid, bis(2-ethylhexyl) ester",,,,,,,,,,,,,,,,,,,,,,,,,,,,,,,,,,,,,,,,,,,,,,,,,,,,,,,,,,,,,,,,,,,,,,,,,,,,,,,,,,,,,,,,,,,,,,,,,,,,,,,,,,,,,,,,,,,,,,,,,,,,,,,,Human Health Hazards#Repeated Dose Toxicity,Repeated Dose Toxicity HESS,NOEL,,False,No qualifier,Equal,,,,2003,,,,OECD TG 422,,,Rat,Other Findings,,,,,,,,,,,,,,,,,,,,,,SD,Oral (Gavage),,,,,,Male,Main,"National Institute of Health Sciences, Japan",Adrenal Gland,ReproTox,Food and Drug Safety Center,Histopathological findings,1000,mg/kg bdwt/d,Administered dose(mass),100,mg/kg bdwt/d,Administered dose(mass),77.2,None,0,d,Time,Zona reticularis,,,,,,,,,,,,,,,,,,,,,,,,,,,,,,,,,,,,,,,,,,,,,,,,,,,,,,,,,,,,,,,,,,,,,,,,,,,,,,,,,,,,,,,,,,,,,,,,,,,,,,,,,,,,,,,,,,,,,,,,,,,,,,,,,,,,,,,,,,,,,,,,,,,,,,,,,,,,,,,,42,d,Time,1000,,mg/kg bdwt/d,Administered dose(mass),1000,,mg/kg/d,Administered dose(mass)
103-24-2,"bis(2-ethylhexyl) azelate;1,9-bis(2-ethylhexyl) nonanedioate;Azelaic acid, bis(2-ethylhexyl) ester;bis(2-ethylhexyl) azelate;Bis(2-ethylhexyl) nonanedioate;bis(2-ethylhexyl) nonanedioate (nonanedioic acid, bis(2-ethylhexyl) ester);Di-2-ethylhexyl azelate;dioctyl azelate;Nonanedioic acid, 1,9-bis(2-ethylhexyl) ester;Nonanedioic acid, bis(2-ethylhexyl) ester",,,,,,,,,,,,,,,,,,,,,,,,,,,,,,,,,,,,,,,,,,,,,,,,,,,,,,,,,,,,,,,,,,,,,,,,,,,,,,,,,,,,,,,,,,,,,,,,,,,,,,,,,,,,,,,,,,,,,,,,,,,,,,,,Human Health Hazards#Repeated Dose Toxicity,Repeated Dose Toxicity HESS,NOEL,,False,No qualifier,Equal,,,,2003,,,,OECD TG 422,,,Rat,Other Findings,,,,,,,,,,,,,,,,,,,,,,SD,Oral (Gavage),,,,,,Male,Main,"National Institute of Health Sciences, Japan",Adrenal Gland,ReproTox,Food and Drug Safety Center,Histopathological findings,1000,mg/kg bdwt/d,Administered dose(mass),100,mg/kg bdwt/d,Administered dose(mass),77.2,None,0,d,Time,Zona fasciculata,,,,,,,,,,,,,,,,,,,,,,,,,,,,,,,,,,,,,,,,,,,,,,,,,,,,,,,,,,,,,,,,,,,,,,,,,,,,,,,,,,,,,,,,,,,,,,,,,,,,,,,,,,,,,,,,,,,,,,,,,,,,,,,,,,,,,,,,,,,,,,,,,,,,,,,,,,,,,,,,42,d,Time,1000,,mg/kg bdwt/d,Administered dose(mass),1000,,mg/kg/d,Administered dose(mass)
103-24-2,"bis(2-ethylhexyl) azelate;1,9-bis(2-ethylhexyl) nonanedioate;Azelaic acid, bis(2-ethylhexyl) ester;bis(2-ethylhexyl) azelate;Bis(2-ethylhexyl) nonanedioate;bis(2-ethylhexyl) nonanedioate (nonanedioic acid, bis(2-ethylhexyl) ester);Di-2-ethylhexyl azelate;dioctyl azelate;Nonanedioic acid, 1,9-bis(2-ethylhexyl) ester;Nonanedioic acid, bis(2-ethylhexyl) ester",,,,,,,,,,,,,,,,,,,,,,,,,,,,,,,,,,,,,,,,,,,,,,,,,,,,,,,,,,,,,,,,,,,,,,,,,,,,,,,,,,,,,,,,,,,,,,,,,,,,,,,,,,,,,,,,,,,,,,,,,,,,,,,,Human Health Hazards#Repeated Dose Toxicity,Repeated Dose Toxicity HESS,NOEL,,False,No qualifier,Equal,,,,2003,,,,OECD TG 422,,,Rat,Other Findings,,,,,,,,,,,,,,,,,,,,,,SD,Oral (Gavage),,,,,,Male,Main,"National Institute of Health Sciences, Japan",Adrenal Gland,ReproTox,Food and Drug Safety Center,Histopathological findings,1000,mg/kg bdwt/d,Administered dose(mass),100,mg/kg bdwt/d,Administered dose(mass),77.2,None,0,d,Time,Zona glomerulosa,,,,,,,,,,,,,,,,,,,,,,,,,,,,,,,,,,,,,,,,,,,,,,,,,,,,,,,,,,,,,,,,,,,,,,,,,,,,,,,,,,,,,,,,,,,,,,,,,,,,,,,,,,,,,,,,,,,,,,,,,,,,,,,,,,,,,,,,,,,,,,,,,,,,,,,,,,,,,,,,42,d,Time,1000,,mg/kg bdwt/d,Administered dose(mass),1000,,mg/kg/d,Administered dose(mass)
103-24-2,"bis(2-ethylhexyl) azelate;1,9-bis(2-ethylhexyl) nonanedioate;Azelaic acid, bis(2-ethylhexyl) ester;bis(2-ethylhexyl) azelate;Bis(2-ethylhexyl) nonanedioate;bis(2-ethylhexyl) nonanedioate (nonanedioic acid, bis(2-ethylhexyl) ester);Di-2-ethylhexyl azelate;dioctyl azelate;Nonanedioic acid, 1,9-bis(2-ethylhexyl) ester;Nonanedioic acid, bis(2-ethylhexyl) ester",,,,,,,,,,,,,,,,,,,,,,,,,,,,,,,,,,,,,,,,,,,,,,,,,,,,,,,,,,,,,,,,,,,,,,,,,,,,,,,,,,,,,,,,,,,,,,,,,,,,,,,,,,,,,,,,,,,,,,,,,,,,,,,,Human Health Hazards#Repeated Dose Toxicity,Repeated Dose Toxicity HESS,NOEL,,False,No qualifier,Equal,,,,2003,,,,OECD TG 422,,,Rat,Other Findings,,,,,,,,,,,,,,,,,,,,,,SD,Oral (Gavage),,,,,,Male,Main,"National Institute of Health Sciences, Japan",Adrenal Gland,ReproTox,Food and Drug Safety Center,Necropsy,1000,mg/kg bdwt/d,Administered dose(mass),100,mg/kg bdwt/d,Administered dose(mass),77.2,None,0,d,Time,,,,,,,,,,,,,,,,,,,,,,,,,,,,,,,,,,,,,,,,,,,,,,,,,,,,,,,,,,,,,,,,,,,,,,,,,,,,,,,,,,,,,,,,,,,,,,,,,,,,,,,,,,,,,,,,,,,,,,,,,,,,,,,,,,,,,,,,,,,,,,,,,,,,,,,,,,,,,,,,,42,d,Time,1000,,mg/kg bdwt/d,Administered dose(mass),1000,,mg/kg/d,Administered dose(mass)
103-24-2,"bis(2-ethylhexyl) azelate;1,9-bis(2-ethylhexyl) nonanedioate;Azelaic acid, bis(2-ethylhexyl) ester;bis(2-ethylhexyl) azelate;Bis(2-ethylhexyl) nonanedioate;bis(2-ethylhexyl) nonanedioate (nonanedioic acid, bis(2-ethylhexyl) ester);Di-2-ethylhexyl azelate;dioctyl azelate;Nonanedioic acid, 1,9-bis(2-ethylhexyl) ester;Nonanedioic acid, bis(2-ethylhexyl) ester",,,,,,,,,,,,,,,,,,,,,,,,,,,,,,,,,,,,,,,,,,,,,,,,,,,,,,,,,,,,,,,,,,,,,,,,,,,,,,,,,,,,,,,,,,,,,,,,,,,,,,,,,,,,,,,,,,,,,,,,,,,,,,,,Human Health Hazards#Repeated Dose Toxicity,Repeated Dose Toxicity HESS,NOEL,,False,No qualifier,Equal,,,,2003,,,,OECD TG 422,,,Rat,Relative Organ Weight↑,,,,,,,,,,,,,,,,,,,,,,SD,Oral (Gavage),,,,,,Male,Main,"National Institute of Health Sciences, Japan",Adrenal Gland,ReproTox,Food and Drug Safety Center,Organ weights,1000,mg/kg bdwt/d,Administered dose(mass),100,mg/kg bdwt/d,Administered dose(mass),77.2,None,0,d,Time,,,,,,,,,,,,,,,,,,,,,,,,,,,,,,,,,,,,,,,,,,,,,,,,,,,,,,,,,,,,,,,,,,,,,,,,,,,,,,,,,,,,,,,,,,,,,,,,,,,,,,,,,,,,,,,,,,,,,,,,,,,,,,,,,,,,,,,,,,,,,,,,,,,,,,,,,,,,,,,,,42,d,Time,1000,,mg/kg bdwt/d,Administered dose(mass),1000,,mg/kg/d,Administered dose(mass)
103-24-2,"bis(2-ethylhexyl) azelate;1,9-bis(2-ethylhexyl) nonanedioate;Azelaic acid, bis(2-ethylhexyl) ester;bis(2-ethylhexyl) azelate;Bis(2-ethylhexyl) nonanedioate;bis(2-ethylhexyl) nonanedioate (nonanedioic acid, bis(2-ethylhexyl) ester);Di-2-ethylhexyl azelate;dioctyl azelate;Nonanedioic acid, 1,9-bis(2-ethylhexyl) ester;Nonanedioic acid, bis(2-ethylhexyl) ester",,,,,,,,,,,,,,,,,,,,,,,,,,,,,,,,,,,,,,,,,,,,,,,,,,,,,,,,,,,,,,,,,,,,,,,,,,,,,,,,,,,,,,,,,,,,,,,,,,,,,,,,,,,,,,,,,,,,,,,,,,,,,,,,Human Health Hazards#Repeated Dose Toxicity,Repeated Dose Toxicity HESS,NOEL,,False,No qualifier,Equal,,,,2003,,,,OECD TG 422,,,Rat,Relative Organ Weight↓,,,,,,,,,,,,,,,,,,,,,,SD,Oral (Gavage),,,,,,Male,Main,"National Institute of Health Sciences, Japan",Adrenal Gland,ReproTox,Food and Drug Safety Center,Organ weights,1000,mg/kg bdwt/d,Administered dose(mass),100,mg/kg bdwt/d,Administered dose(mass),77.2,None,0,d,Time,,,,,,,,,,,,,,,,,,,,,,,,,,,,,,,,,,,,,,,,,,,,,,,,,,,,,,,,,,,,,,,,,,,,,,,,,,,,,,,,,,,,,,,,,,,,,,,,,,,,,,,,,,,,,,,,,,,,,,,,,,,,,,,,,,,,,,,,,,,,,,,,,,,,,,,,,,,,,,,,,42,d,Time,1000,,mg/kg bdwt/d,Administered dose(mass),1000,,mg/kg/d,Administered dose(mass)
103-24-2,"bis(2-ethylhexyl) azelate;1,9-bis(2-ethylhexyl) nonanedioate;Azelaic acid, bis(2-ethylhexyl) ester;bis(2-ethylhexyl) azelate;Bis(2-ethylhexyl) nonanedioate;bis(2-ethylhexyl) nonanedioate (nonanedioic acid, bis(2-ethylhexyl) ester);Di-2-ethylhexyl azelate;dioctyl azelate;Nonanedioic acid, 1,9-bis(2-ethylhexyl) ester;Nonanedioic acid, bis(2-ethylhexyl) ester",,,,,,,,,,,,,,,,,,,,,,,,,,,,,,,,,,,,,,,,,,,,,,,,,,,,,,,,,,,,,,,,,,,,,,,,,,,,,,,,,,,,,,,,,,,,,,,,,,,,,,,,,,,,,,,,,,,,,,,,,,,,,,,,Human Health Hazards#Repeated Dose Toxicity,Repeated Dose Toxicity HESS,NOEL,,False,No qualifier,Equal,,,,2003,,,,OECD TG 422,,,Rat,,,,,,,,,,,,,,,,,,,,,,,SD,Oral (Gavage),,,,,,Male,Main,"National Institute of Health Sciences, Japan",Adrenal Gland,ReproTox,Food and Drug Safety Center,Histopathological findings,1000,mg/kg bdwt/d,Administered dose(mass),100,mg/kg bdwt/d,Administered dose(mass),77.2,None,0,d,Time,,,,,,,,,,,,,,,,,,,,,,,,,,,,,,,,,,,,,,,,,,,,,,,,,,,,,,,,,,,,,,,,,,,,,,,,,,,,,,,,,,,,,,,,,,,,,,,,,,,,,,,,,,,,,,,,,,,,,,,,,,,,,,,,,,,,,,,,,,,,,,,,,,,,,,,,,,,,,,,,,42,d,Time,1000,,mg/kg bdwt/d,Administered dose(mass),1000,,mg/kg/d,Administered dose(mass)
103-24-2,"bis(2-ethylhexyl) azelate;1,9-bis(2-ethylhexyl) nonanedioate;Azelaic acid, bis(2-ethylhexyl) ester;bis(2-ethylhexyl) azelate;Bis(2-ethylhexyl) nonanedioate;bis(2-ethylhexyl) nonanedioate (nonanedioic acid, bis(2-ethylhexyl) ester);Di-2-ethylhexyl azelate;dioctyl azelate;Nonanedioic acid, 1,9-bis(2-ethylhexyl) ester;Nonanedioic acid, bis(2-ethylhexyl) ester",,,,,,,,,,,,,,,,,,,,,,,,,,,,,,,,,,,,,,,,,,,,,,,,,,,,,,,,,,,,,,,,,,,,,,,,,,,,,,,,,,,,,,,,,,,,,,,,,,,,,,,,,,,,,,,,,,,,,,,,,,,,,,,,Human Health Hazards#Repeated Dose Toxicity,Repeated Dose Toxicity HESS,NOEL,,False,No qualifier,Equal,,,,2003,,,,OECD TG 422,,,Rat,Vacuolization,,,,,,,,,,,,,,,,,,,,,,SD,Oral (Gavage),,,,,,Male,Main,"National Institute of Health Sciences, Japan",Adrenal Gland,ReproTox,Food and Drug Safety Center,Histopathological findings,1000,mg/kg bdwt/d,Administered dose(mass),100,mg/kg bdwt/d,Administered dose(mass),77.2,None,0,d,Time,Zona reticularis,,,,,,,,,,,,,,,,,,,,,,,,,,,,,,,,,,,,,,,,,,,,,,,,,,,,,,,,,,,,,,,,,,,,,,,,,,,,,,,,,,,,,,,,,,,,,,,,,,,,,,,,,,,,,,,,,,,,,,,,,,,,,,,,,,,,,,,,,,,,,,,,,,,,,,,,,,,,,,,,42,d,Time,1000,,mg/kg bdwt/d,Administered dose(mass),1000,,mg/kg/d,Administered dose(mass)
103-24-2,"bis(2-ethylhexyl) azelate;1,9-bis(2-ethylhexyl) nonanedioate;Azelaic acid, bis(2-ethylhexyl) ester;bis(2-ethylhexyl) azelate;Bis(2-ethylhexyl) nonanedioate;bis(2-ethylhexyl) nonanedioate (nonanedioic acid, bis(2-ethylhexyl) ester);Di-2-ethylhexyl azelate;dioctyl azelate;Nonanedioic acid, 1,9-bis(2-ethylhexyl) ester;Nonanedioic acid, bis(2-ethylhexyl) ester",,,,,,,,,,,,,,,,,,,,,,,,,,,,,,,,,,,,,,,,,,,,,,,,,,,,,,,,,,,,,,,,,,,,,,,,,,,,,,,,,,,,,,,,,,,,,,,,,,,,,,,,,,,,,,,,,,,,,,,,,,,,,,,,Human Health Hazards#Repeated Dose Toxicity,Repeated Dose Toxicity HESS,NOEL,,False,No qualifier,Equal,,,,2003,,,,OECD TG 422,,,Rat,Vacuolization,,,,,,,,,,,,,,,,,,,,,,SD,Oral (Gavage),,,,,,Male,Main,"National Institute of Health Sciences, Japan",Adrenal Gland,ReproTox,Food and Drug Safety Center,Histopathological findings,1000,mg/kg bdwt/d,Administered dose(mass),100,mg/kg bdwt/d,Administered dose(mass),77.2,None,0,d,Time,Zona fasciculata,,,,,,,,,,,,,,,,,,,,,,,,,,,,,,,,,,,,,,,,,,,,,,,,,,,,,,,,,,,,,,,,,,,,,,,,,,,,,,,,,,,,,,,,,,,,,,,,,,,,,,,,,,,,,,,,,,,,,,,,,,,,,,,,,,,,,,,,,,,,,,,,,,,,,,,,,,,,,,,,42,d,Time,1000,,mg/kg bdwt/d,Administered dose(mass),1000,,mg/kg/d,Administered dose(mass)
103-24-2,"bis(2-ethylhexyl) azelate;1,9-bis(2-ethylhexyl) nonanedioate;Azelaic acid, bis(2-ethylhexyl) ester;bis(2-ethylhexyl) azelate;Bis(2-ethylhexyl) nonanedioate;bis(2-ethylhexyl) nonanedioate (nonanedioic acid, bis(2-ethylhexyl) ester);Di-2-ethylhexyl azelate;dioctyl azelate;Nonanedioic acid, 1,9-bis(2-ethylhexyl) ester;Nonanedioic acid, bis(2-ethylhexyl) ester",,,,,,,,,,,,,,,,,,,,,,,,,,,,,,,,,,,,,,,,,,,,,,,,,,,,,,,,,,,,,,,,,,,,,,,,,,,,,,,,,,,,,,,,,,,,,,,,,,,,,,,,,,,,,,,,,,,,,,,,,,,,,,,,Human Health Hazards#Repeated Dose Toxicity,Repeated Dose Toxicity HESS,NOEL,,False,No qualifier,Equal,,,,2003,,,,OECD TG 422,,,Rat,Vacuolization,,,,,,,,,,,,,,,,,,,,,,SD,Oral (Gavage),,,,,,Male,Main,"National Institute of Health Sciences, Japan",Adrenal Gland,ReproTox,Food and Drug Safety Center,Histopathological findings,1000,mg/kg bdwt/d,Administered dose(mass),100,mg/kg bdwt/d,Administered dose(mass),77.2,None,0,d,Time,Zona glomerulosa,,,,,,,,,,,,,,,,,,,,,,,,,,,,,,,,,,,,,,,,,,,,,,,,,,,,,,,,,,,,,,,,,,,,,,,,,,,,,,,,,,,,,,,,,,,,,,,,,,,,,,,,,,,,,,,,,,,,,,,,,,,,,,,,,,,,,,,,,,,,,,,,,,,,,,,,,,,,,,,,42,d,Time,1000,,mg/kg bdwt/d,Administered dose(mass),1000,,mg/kg/d,Administered dose(mass)
103-24-2,"bis(2-ethylhexyl) azelate;1,9-bis(2-ethylhexyl) nonanedioate;Azelaic acid, bis(2-ethylhexyl) ester;bis(2-ethylhexyl) azelate;Bis(2-ethylhexyl) nonanedioate;bis(2-ethylhexyl) nonanedioate (nonanedioic acid, bis(2-ethylhexyl) ester);Di-2-ethylhexyl azelate;dioctyl azelate;Nonanedioic acid, 1,9-bis(2-ethylhexyl) ester;Nonanedioic acid, bis(2-ethylhexyl) ester",,,,,,,,,,,,,,,,,,,,,,,,,,,,,,,,,,,,,,,,,,,,,,,,,,,,,,,,,,,,,,,,,,,,,,,,,,,,,,,,,,,,,,,,,,,,,,,,,,,,,,,,,,,,,,,,,,,,,,,,,,,,,,,,Human Health Hazards#Repeated Dose Toxicity,Repeated Dose Toxicity HESS,NOEL,,False,No qualifier,Equal,,,,2003,,,,OECD TG 422,,,Rat,APTT↑,,,,,,,,,,,,,,,,,,,,,,SD,Oral (Gavage),,,,,,Male,Main,"National Institute of Health Sciences, Japan",Blood cell (Coagulation),ReproTox,Food and Drug Safety Center,Hematological examination,1000,mg/kg bdwt/d,Administered dose(mass),100,mg/kg bdwt/d,Administered dose(mass),77.2,None,0,d,Time,,,,,,,,,,,,,,,,,,,,,,,,,,,,,,,,,,,,,,,,,,,,,,,,,,,,,,,,,,,,,,,,,,,,,,,,,,,,,,,,,,,,,,,,,,,,,,,,,,,,,,,,,,,,,,,,,,,,,,,,,,,,,,,,,,,,,,,,,,,,,,,,,,,,,,,,,,,,,,,,,42,d,Time,1000,,mg/kg bdwt/d,Administered dose(mass),1000,,mg/kg/d,Administered dose(mass)
103-24-2,"bis(2-ethylhexyl) azelate;1,9-bis(2-ethylhexyl) nonanedioate;Azelaic acid, bis(2-ethylhexyl) ester;bis(2-ethylhexyl) azelate;Bis(2-ethylhexyl) nonanedioate;bis(2-ethylhexyl) nonanedioate (nonanedioic acid, bis(2-ethylhexyl) ester);Di-2-ethylhexyl azelate;dioctyl azelate;Nonanedioic acid, 1,9-bis(2-ethylhexyl) ester;Nonanedioic acid, bis(2-ethylhexyl) ester",,,,,,,,,,,,,,,,,,,,,,,,,,,,,,,,,,,,,,,,,,,,,,,,,,,,,,,,,,,,,,,,,,,,,,,,,,,,,,,,,,,,,,,,,,,,,,,,,,,,,,,,,,,,,,,,,,,,,,,,,,,,,,,,Human Health Hazards#Repeated Dose Toxicity,Repeated Dose Toxicity HESS,NOEL,,False,No qualifier,Equal,,,,2003,,,,OECD TG 422,,,Rat,APTT↓,,,,,,,,,,,,,,,,,,,,,,SD,Oral (Gavage),,,,,,Male,Main,"National Institute of Health Sciences, Japan",Blood cell (Coagulation),ReproTox,Food and Drug Safety Center,Hematological examination,1000,mg/kg bdwt/d,Administered dose(mass),100,mg/kg bdwt/d,Administered dose(mass),77.2,None,0,d,Time,,,,,,,,,,,,,,,,,,,,,,,,,,,,,,,,,,,,,,,,,,,,,,,,,,,,,,,,,,,,,,,,,,,,,,,,,,,,,,,,,,,,,,,,,,,,,,,,,,,,,,,,,,,,,,,,,,,,,,,,,,,,,,,,,,,,,,,,,,,,,,,,,,,,,,,,,,,,,,,,,42,d,Time,1000,,mg/kg bdwt/d,Administered dose(mass),1000,,mg/kg/d,Administered dose(mass)
103-24-2,"bis(2-ethylhexyl) azelate;1,9-bis(2-ethylhexyl) nonanedioate;Azelaic acid, bis(2-ethylhexyl) ester;bis(2-ethylhexyl) azelate;Bis(2-ethylhexyl) nonanedioate;bis(2-ethylhexyl) nonanedioate (nonanedioic acid, bis(2-ethylhexyl) ester);Di-2-ethylhexyl azelate;dioctyl azelate;Nonanedioic acid, 1,9-bis(2-ethylhexyl) ester;Nonanedioic acid, bis(2-ethylhexyl) ester",,,,,,,,,,,,,,,,,,,,,,,,,,,,,,,,,,,,,,,,,,,,,,,,,,,,,,,,,,,,,,,,,,,,,,,,,,,,,,,,,,,,,,,,,,,,,,,,,,,,,,,,,,,,,,,,,,,,,,,,,,,,,,,,Human Health Hazards#Repeated Dose Toxicity,Repeated Dose Toxicity HESS,NOEL,,False,No qualifier,Equal,,,,2003,,,,OECD TG 422,,,Rat,PT↑,,,,,,,,,,,,,,,,,,,,,,SD,Oral (Gavage),,,,,,Male,Main,"National Institute of Health Sciences, Japan",Blood cell (Coagulation),ReproTox,Food and Drug Safety Center,Hematological examination,1000,mg/kg bdwt/d,Administered dose(mass),100,mg/kg bdwt/d,Administered dose(mass),77.2,None,0,d,Time,,,,,,,,,,,,,,,,,,,,,,,,,,,,,,,,,,,,,,,,,,,,,,,,,,,,,,,,,,,,,,,,,,,,,,,,,,,,,,,,,,,,,,,,,,,,,,,,,,,,,,,,,,,,,,,,,,,,,,,,,,,,,,,,,,,,,,,,,,,,,,,,,,,,,,,,,,,,,,,,,42,d,Time,1000,,mg/kg bdwt/d,Administered dose(mass),1000,,mg/kg/d,Administered dose(mass)
103-24-2,"bis(2-ethylhexyl) azelate;1,9-bis(2-ethylhexyl) nonanedioate;Azelaic acid, bis(2-ethylhexyl) ester;bis(2-ethylhexyl) azelate;Bis(2-ethylhexyl) nonanedioate;bis(2-ethylhexyl) nonanedioate (nonanedioic acid, bis(2-ethylhexyl) ester);Di-2-ethylhexyl azelate;dioctyl azelate;Nonanedioic acid, 1,9-bis(2-ethylhexyl) ester;Nonanedioic acid, bis(2-ethylhexyl) ester",,,,,,,,,,,,,,,,,,,,,,,,,,,,,,,,,,,,,,,,,,,,,,,,,,,,,,,,,,,,,,,,,,,,,,,,,,,,,,,,,,,,,,,,,,,,,,,,,,,,,,,,,,,,,,,,,,,,,,,,,,,,,,,,Human Health Hazards#Repeated Dose Toxicity,Repeated Dose Toxicity HESS,NOEL,,False,No qualifier,Equal,,,,2003,,,,OECD TG 422,,,Rat,PT↓,,,,,,,,,,,,,,,,,,,,,,SD,Oral (Gavage),,,,,,Male,Main,"National Institute of Health Sciences, Japan",Blood cell (Coagulation),ReproTox,Food and Drug Safety Center,Hematological examination,1000,mg/kg bdwt/d,Administered dose(mass),100,mg/kg bdwt/d,Administered dose(mass),77.2,None,0,d,Time,,,,,,,,,,,,,,,,,,,,,,,,,,,,,,,,,,,,,,,,,,,,,,,,,,,,,,,,,,,,,,,,,,,,,,,,,,,,,,,,,,,,,,,,,,,,,,,,,,,,,,,,,,,,,,,,,,,,,,,,,,,,,,,,,,,,,,,,,,,,,,,,,,,,,,,,,,,,,,,,,42,d,Time,1000,,mg/kg bdwt/d,Administered dose(mass),1000,,mg/kg/d,Administered dose(mass)
103-24-2,"bis(2-ethylhexyl) azelate;1,9-bis(2-ethylhexyl) nonanedioate;Azelaic acid, bis(2-ethylhexyl) ester;bis(2-ethylhexyl) azelate;Bis(2-ethylhexyl) nonanedioate;bis(2-ethylhexyl) nonanedioate (nonanedioic acid, bis(2-ethylhexyl) ester);Di-2-ethylhexyl azelate;dioctyl azelate;Nonanedioic acid, 1,9-bis(2-ethylhexyl) ester;Nonanedioic acid, bis(2-ethylhexyl) ester",,,,,,,,,,,,,,,,,,,,,,,,,,,,,,,,,,,,,,,,,,,,,,,,,,,,,,,,,,,,,,,,,,,,,,,,,,,,,,,,,,,,,,,,,,,,,,,,,,,,,,,,,,,,,,,,,,,,,,,,,,,,,,,,Human Health Hazards#Repeated Dose Toxicity,Repeated Dose Toxicity HESS,NOEL,,False,No qualifier,Equal,,,,2003,,,,OECD TG 422,,,Rat,HCT↑,,,,,,,,,,,,,,,,,,,,,,SD,Oral (Gavage),,,,,,Male,Main,"National Institute of Health Sciences, Japan",Blood cell (Erythrocyte),ReproTox,Food and Drug Safety Center,Hematological examination,1000,mg/kg bdwt/d,Administered dose(mass),100,mg/kg bdwt/d,Administered dose(mass),77.2,None,0,d,Time,,,,,,,,,,,,,,,,,,,,,,,,,,,,,,,,,,,,,,,,,,,,,,,,,,,,,,,,,,,,,,,,,,,,,,,,,,,,,,,,,,,,,,,,,,,,,,,,,,,,,,,,,,,,,,,,,,,,,,,,,,,,,,,,,,,,,,,,,,,,,,,,,,,,,,,,,,,,,,,,,42,d,Time,1000,,mg/kg bdwt/d,Administered dose(mass),1000,,mg/kg/d,Administered dose(mass)
103-24-2,"bis(2-ethylhexyl) azelate;1,9-bis(2-ethylhexyl) nonanedioate;Azelaic acid, bis(2-ethylhexyl) ester;bis(2-ethylhexyl) azelate;Bis(2-ethylhexyl) nonanedioate;bis(2-ethylhexyl) nonanedioate (nonanedioic acid, bis(2-ethylhexyl) ester);Di-2-ethylhexyl azelate;dioctyl azelate;Nonanedioic acid, 1,9-bis(2-ethylhexyl) ester;Nonanedioic acid, bis(2-ethylhexyl) ester",,,,,,,,,,,,,,,,,,,,,,,,,,,,,,,,,,,,,,,,,,,,,,,,,,,,,,,,,,,,,,,,,,,,,,,,,,,,,,,,,,,,,,,,,,,,,,,,,,,,,,,,,,,,,,,,,,,,,,,,,,,,,,,,Human Health Hazards#Repeated Dose Toxicity,Repeated Dose Toxicity HESS,NOEL,,False,No qualifier,Equal,,,,2003,,,,OECD TG 422,,,Rat,HCT↓,,,,,,,,,,,,,,,,,,,,,,SD,Oral (Gavage),,,,,,Male,Main,"National Institute of Health Sciences, Japan",Blood cell (Erythrocyte),ReproTox,Food and Drug Safety Center,Hematological examination,1000,mg/kg bdwt/d,Administered dose(mass),100,mg/kg bdwt/d,Administered dose(mass),77.2,None,0,d,Time,,,,,,,,,,,,,,,,,,,,,,,,,,,,,,,,,,,,,,,,,,,,,,,,,,,,,,,,,,,,,,,,,,,,,,,,,,,,,,,,,,,,,,,,,,,,,,,,,,,,,,,,,,,,,,,,,,,,,,,,,,,,,,,,,,,,,,,,,,,,,,,,,,,,,,,,,,,,,,,,,42,d,Time,1000,,mg/kg bdwt/d,Administered dose(mass),1000,,mg/kg/d,Administered dose(mass)
103-24-2,"bis(2-ethylhexyl) azelate;1,9-bis(2-ethylhexyl) nonanedioate;Azelaic acid, bis(2-ethylhexyl) ester;bis(2-ethylhexyl) azelate;Bis(2-ethylhexyl) nonanedioate;bis(2-ethylhexyl) nonanedioate (nonanedioic acid, bis(2-ethylhexyl) ester);Di-2-ethylhexyl azelate;dioctyl azelate;Nonanedioic acid, 1,9-bis(2-ethylhexyl) ester;Nonanedioic acid, bis(2-ethylhexyl) ester",,,,,,,,,,,,,,,,,,,,,,,,,,,,,,,,,,,,,,,,,,,,,,,,,,,,,,,,,,,,,,,,,,,,,,,,,,,,,,,,,,,,,,,,,,,,,,,,,,,,,,,,,,,,,,,,,,,,,,,,,,,,,,,,Human Health Hazards#Repeated Dose Toxicity,Repeated Dose Toxicity HESS,NOEL,,False,No qualifier,Equal,,,,2003,,,,OECD TG 422,,,Rat,HGB↑,,,,,,,,,,,,,,,,,,,,,,SD,Oral (Gavage),,,,,,Male,Main,"National Institute of Health Sciences, Japan",Blood cell (Erythrocyte),ReproTox,Food and Drug Safety Center,Hematological examination,1000,mg/kg bdwt/d,Administered dose(mass),100,mg/kg bdwt/d,Administered dose(mass),77.2,None,0,d,Time,,,,,,,,,,,,,,,,,,,,,,,,,,,,,,,,,,,,,,,,,,,,,,,,,,,,,,,,,,,,,,,,,,,,,,,,,,,,,,,,,,,,,,,,,,,,,,,,,,,,,,,,,,,,,,,,,,,,,,,,,,,,,,,,,,,,,,,,,,,,,,,,,,,,,,,,,,,,,,,,,42,d,Time,1000,,mg/kg bdwt/d,Administered dose(mass),1000,,mg/kg/d,Administered dose(mass)
103-24-2,"bis(2-ethylhexyl) azelate;1,9-bis(2-ethylhexyl) nonanedioate;Azelaic acid, bis(2-ethylhexyl) ester;bis(2-ethylhexyl) azelate;Bis(2-ethylhexyl) nonanedioate;bis(2-ethylhexyl) nonanedioate (nonanedioic acid, bis(2-ethylhexyl) ester);Di-2-ethylhexyl azelate;dioctyl azelate;Nonanedioic acid, 1,9-bis(2-ethylhexyl) ester;Nonanedioic acid, bis(2-ethylhexyl) ester",,,,,,,,,,,,,,,,,,,,,,,,,,,,,,,,,,,,,,,,,,,,,,,,,,,,,,,,,,,,,,,,,,,,,,,,,,,,,,,,,,,,,,,,,,,,,,,,,,,,,,,,,,,,,,,,,,,,,,,,,,,,,,,,Human Health Hazards#Repeated Dose Toxicity,Repeated Dose Toxicity HESS,NOEL,,False,No qualifier,Equal,,,,2003,,,,OECD TG 422,,,Rat,HGB↓,,,,,,,,,,,,,,,,,,,,,,SD,Oral (Gavage),,,,,,Male,Main,"National Institute of Health Sciences, Japan",Blood cell (Erythrocyte),ReproTox,Food and Drug Safety Center,Hematological examination,1000,mg/kg bdwt/d,Administered dose(mass),100,mg/kg bdwt/d,Administered dose(mass),77.2,None,0,d,Time,,,,,,,,,,,,,,,,,,,,,,,,,,,,,,,,,,,,,,,,,,,,,,,,,,,,,,,,,,,,,,,,,,,,,,,,,,,,,,,,,,,,,,,,,,,,,,,,,,,,,,,,,,,,,,,,,,,,,,,,,,,,,,,,,,,,,,,,,,,,,,,,,,,,,,,,,,,,,,,,,42,d,Time,1000,,mg/kg bdwt/d,Administered dose(mass),1000,,mg/kg/d,Administered dose(mass)
103-24-2,"bis(2-ethylhexyl) azelate;1,9-bis(2-ethylhexyl) nonanedioate;Azelaic acid, bis(2-ethylhexyl) ester;bis(2-ethylhexyl) azelate;Bis(2-ethylhexyl) nonanedioate;bis(2-ethylhexyl) nonanedioate (nonanedioic acid, bis(2-ethylhexyl) ester);Di-2-ethylhexyl azelate;dioctyl azelate;Nonanedioic acid, 1,9-bis(2-ethylhexyl) ester;Nonanedioic acid, bis(2-ethylhexyl) ester",,,,,,,,,,,,,,,,,,,,,,,,,,,,,,,,,,,,,,,,,,,,,,,,,,,,,,,,,,,,,,,,,,,,,,,,,,,,,,,,,,,,,,,,,,,,,,,,,,,,,,,,,,,,,,,,,,,,,,,,,,,,,,,,Human Health Hazards#Repeated Dose Toxicity,Repeated Dose Toxicity HESS,NOEL,,False,No qualifier,Equal,,,,2003,,,,OECD TG 422,,,Rat,MCH↑,,,,,,,,,,,,,,,,,,,,,,SD,Oral (Gavage),,,,,,Male,Main,"National Institute of Health Sciences, Japan",Blood cell (Erythrocyte),ReproTox,Food and Drug Safety Center,Hematological examination,1000,mg/kg bdwt/d,Administered dose(mass),100,mg/kg bdwt/d,Administered dose(mass),77.2,None,0,d,Time,,,,,,,,,,,,,,,,,,,,,,,,,,,,,,,,,,,,,,,,,,,,,,,,,,,,,,,,,,,,,,,,,,,,,,,,,,,,,,,,,,,,,,,,,,,,,,,,,,,,,,,,,,,,,,,,,,,,,,,,,,,,,,,,,,,,,,,,,,,,,,,,,,,,,,,,,,,,,,,,,42,d,Time,1000,,mg/kg bdwt/d,Administered dose(mass),1000,,mg/kg/d,Administered dose(mass)
103-24-2,"bis(2-ethylhexyl) azelate;1,9-bis(2-ethylhexyl) nonanedioate;Azelaic acid, bis(2-ethylhexyl) ester;bis(2-ethylhexyl) azelate;Bis(2-ethylhexyl) nonanedioate;bis(2-ethylhexyl) nonanedioate (nonanedioic acid, bis(2-ethylhexyl) ester);Di-2-ethylhexyl azelate;dioctyl azelate;Nonanedioic acid, 1,9-bis(2-ethylhexyl) ester;Nonanedioic acid, bis(2-ethylhexyl) ester",,,,,,,,,,,,,,,,,,,,,,,,,,,,,,,,,,,,,,,,,,,,,,,,,,,,,,,,,,,,,,,,,,,,,,,,,,,,,,,,,,,,,,,,,,,,,,,,,,,,,,,,,,,,,,,,,,,,,,,,,,,,,,,,Human Health Hazards#Repeated Dose Toxicity,Repeated Dose Toxicity HESS,NOEL,,False,No qualifier,Equal,,,,2003,,,,OECD TG 422,,,Rat,MCH↓,,,,,,,,,,,,,,,,,,,,,,SD,Oral (Gavage),,,,,,Male,Main,"National Institute of Health Sciences, Japan",Blood cell (Erythrocyte),ReproTox,Food and Drug Safety Center,Hematological examination,1000,mg/kg bdwt/d,Administered dose(mass),100,mg/kg bdwt/d,Administered dose(mass),77.2,None,0,d,Time,,,,,,,,,,,,,,,,,,,,,,,,,,,,,,,,,,,,,,,,,,,,,,,,,,,,,,,,,,,,,,,,,,,,,,,,,,,,,,,,,,,,,,,,,,,,,,,,,,,,,,,,,,,,,,,,,,,,,,,,,,,,,,,,,,,,,,,,,,,,,,,,,,,,,,,,,,,,,,,,,42,d,Time,1000,,mg/kg bdwt/d,Administered dose(mass),1000,,mg/kg/d,Administered dose(mass)
103-24-2,"bis(2-ethylhexyl) azelate;1,9-bis(2-ethylhexyl) nonanedioate;Azelaic acid, bis(2-ethylhexyl) ester;bis(2-ethylhexyl) azelate;Bis(2-ethylhexyl) nonanedioate;bis(2-ethylhexyl) nonanedioate (nonanedioic acid, bis(2-ethylhexyl) ester);Di-2-ethylhexyl azelate;dioctyl azelate;Nonanedioic acid, 1,9-bis(2-ethylhexyl) ester;Nonanedioic acid, bis(2-ethylhexyl) ester",,,,,,,,,,,,,,,,,,,,,,,,,,,,,,,,,,,,,,,,,,,,,,,,,,,,,,,,,,,,,,,,,,,,,,,,,,,,,,,,,,,,,,,,,,,,,,,,,,,,,,,,,,,,,,,,,,,,,,,,,,,,,,,,Human Health Hazards#Repeated Dose Toxicity,Repeated Dose Toxicity HESS,NOEL,,False,No qualifier,Equal,,,,2003,,,,OECD TG 422,,,Rat,MCHC↑,,,,,,,,,,,,,,,,,,,,,,SD,Oral (Gavage),,,,,,Male,Main,"National Institute of Health Sciences, Japan",Blood cell (Erythrocyte),ReproTox,Food and Drug Safety Center,Hematological examination,1000,mg/kg bdwt/d,Administered dose(mass),100,mg/kg bdwt/d,Administered dose(mass),77.2,None,0,d,Time,,,,,,,,,,,,,,,,,,,,,,,,,,,,,,,,,,,,,,,,,,,,,,,,,,,,,,,,,,,,,,,,,,,,,,,,,,,,,,,,,,,,,,,,,,,,,,,,,,,,,,,,,,,,,,,,,,,,,,,,,,,,,,,,,,,,,,,,,,,,,,,,,,,,,,,,,,,,,,,,,42,d,Time,1000,,mg/kg bdwt/d,Administered dose(mass),1000,,mg/kg/d,Administered dose(mass)
103-24-2,"bis(2-ethylhexyl) azelate;1,9-bis(2-ethylhexyl) nonanedioate;Azelaic acid, bis(2-ethylhexyl) ester;bis(2-ethylhexyl) azelate;Bis(2-ethylhexyl) nonanedioate;bis(2-ethylhexyl) nonanedioate (nonanedioic acid, bis(2-ethylhexyl) ester);Di-2-ethylhexyl azelate;dioctyl azelate;Nonanedioic acid, 1,9-bis(2-ethylhexyl) ester;Nonanedioic acid, bis(2-ethylhexyl) ester",,,,,,,,,,,,,,,,,,,,,,,,,,,,,,,,,,,,,,,,,,,,,,,,,,,,,,,,,,,,,,,,,,,,,,,,,,,,,,,,,,,,,,,,,,,,,,,,,,,,,,,,,,,,,,,,,,,,,,,,,,,,,,,,Human Health Hazards#Repeated Dose Toxicity,Repeated Dose Toxicity HESS,NOEL,,False,No qualifier,Equal,,,,2003,,,,OECD TG 422,,,Rat,MCHC↓,,,,,,,,,,,,,,,,,,,,,,SD,Oral (Gavage),,,,,,Male,Main,"National Institute of Health Sciences, Japan",Blood cell (Erythrocyte),ReproTox,Food and Drug Safety Center,Hematological examination,1000,mg/kg bdwt/d,Administered dose(mass),100,mg/kg bdwt/d,Administered dose(mass),77.2,None,0,d,Time,,,,,,,,,,,,,,,,,,,,,,,,,,,,,,,,,,,,,,,,,,,,,,,,,,,,,,,,,,,,,,,,,,,,,,,,,,,,,,,,,,,,,,,,,,,,,,,,,,,,,,,,,,,,,,,,,,,,,,,,,,,,,,,,,,,,,,,,,,,,,,,,,,,,,,,,,,,,,,,,,42,d,Time,1000,,mg/kg bdwt/d,Administered dose(mass),1000,,mg/kg/d,Administered dose(mass)
103-24-2,"bis(2-ethylhexyl) azelate;1,9-bis(2-ethylhexyl) nonanedioate;Azelaic acid, bis(2-ethylhexyl) ester;bis(2-ethylhexyl) azelate;Bis(2-ethylhexyl) nonanedioate;bis(2-ethylhexyl) nonanedioate (nonanedioic acid, bis(2-ethylhexyl) ester);Di-2-ethylhexyl azelate;dioctyl azelate;Nonanedioic acid, 1,9-bis(2-ethylhexyl) ester;Nonanedioic acid, bis(2-ethylhexyl) ester",,,,,,,,,,,,,,,,,,,,,,,,,,,,,,,,,,,,,,,,,,,,,,,,,,,,,,,,,,,,,,,,,,,,,,,,,,,,,,,,,,,,,,,,,,,,,,,,,,,,,,,,,,,,,,,,,,,,,,,,,,,,,,,,Human Health Hazards#Repeated Dose Toxicity,Repeated Dose Toxicity HESS,NOEL,,False,No qualifier,Equal,,,,2003,,,,OECD TG 422,,,Rat,MCV↑,,,,,,,,,,,,,,,,,,,,,,SD,Oral (Gavage),,,,,,Male,Main,"National Institute of Health Sciences, Japan",Blood cell (Erythrocyte),ReproTox,Food and Drug Safety Center,Hematological examination,1000,mg/kg bdwt/d,Administered dose(mass),100,mg/kg bdwt/d,Administered dose(mass),77.2,None,0,d,Time,,,,,,,,,,,,,,,,,,,,,,,,,,,,,,,,,,,,,,,,,,,,,,,,,,,,,,,,,,,,,,,,,,,,,,,,,,,,,,,,,,,,,,,,,,,,,,,,,,,,,,,,,,,,,,,,,,,,,,,,,,,,,,,,,,,,,,,,,,,,,,,,,,,,,,,,,,,,,,,,,42,d,Time,1000,,mg/kg bdwt/d,Administered dose(mass),1000,,mg/kg/d,Administered dose(mass)
103-24-2,"bis(2-ethylhexyl) azelate;1,9-bis(2-ethylhexyl) nonanedioate;Azelaic acid, bis(2-ethylhexyl) ester;bis(2-ethylhexyl) azelate;Bis(2-ethylhexyl) nonanedioate;bis(2-ethylhexyl) nonanedioate (nonanedioic acid, bis(2-ethylhexyl) ester);Di-2-ethylhexyl azelate;dioctyl azelate;Nonanedioic acid, 1,9-bis(2-ethylhexyl) ester;Nonanedioic acid, bis(2-ethylhexyl) ester",,,,,,,,,,,,,,,,,,,,,,,,,,,,,,,,,,,,,,,,,,,,,,,,,,,,,,,,,,,,,,,,,,,,,,,,,,,,,,,,,,,,,,,,,,,,,,,,,,,,,,,,,,,,,,,,,,,,,,,,,,,,,,,,Human Health Hazards#Repeated Dose Toxicity,Repeated Dose Toxicity HESS,NOEL,,False,No qualifier,Equal,,,,2003,,,,OECD TG 422,,,Rat,MCV↓,,,,,,,,,,,,,,,,,,,,,,SD,Oral (Gavage),,,,,,Male,Main,"National Institute of Health Sciences, Japan",Blood cell (Erythrocyte),ReproTox,Food and Drug Safety Center,Hematological examination,1000,mg/kg bdwt/d,Administered dose(mass),100,mg/kg bdwt/d,Administered dose(mass),77.2,None,0,d,Time,,,,,,,,,,,,,,,,,,,,,,,,,,,,,,,,,,,,,,,,,,,,,,,,,,,,,,,,,,,,,,,,,,,,,,,,,,,,,,,,,,,,,,,,,,,,,,,,,,,,,,,,,,,,,,,,,,,,,,,,,,,,,,,,,,,,,,,,,,,,,,,,,,,,,,,,,,,,,,,,,42,d,Time,1000,,mg/kg bdwt/d,Administered dose(mass),1000,,mg/kg/d,Administered dose(mass)
103-24-2,"bis(2-ethylhexyl) azelate;1,9-bis(2-ethylhexyl) nonanedioate;Azelaic acid, bis(2-ethylhexyl) ester;bis(2-ethylhexyl) azelate;Bis(2-ethylhexyl) nonanedioate;bis(2-ethylhexyl) nonanedioate (nonanedioic acid, bis(2-ethylhexyl) ester);Di-2-ethylhexyl azelate;dioctyl azelate;Nonanedioic acid, 1,9-bis(2-ethylhexyl) ester;Nonanedioic acid, bis(2-ethylhexyl) ester",,,,,,,,,,,,,,,,,,,,,,,,,,,,,,,,,,,,,,,,,,,,,,,,,,,,,,,,,,,,,,,,,,,,,,,,,,,,,,,,,,,,,,,,,,,,,,,,,,,,,,,,,,,,,,,,,,,,,,,,,,,,,,,,Human Health Hazards#Repeated Dose Toxicity,Repeated Dose Toxicity HESS,NOEL,,False,No qualifier,Equal,,,,2003,,,,OECD TG 422,,,Rat,RBC↑,,,,,,,,,,,,,,,,,,,,,,SD,Oral (Gavage),,,,,,Male,Main,"National Institute of Health Sciences, Japan",Blood cell (Erythrocyte),ReproTox,Food and Drug Safety Center,Hematological examination,1000,mg/kg bdwt/d,Administered dose(mass),100,mg/kg bdwt/d,Administered dose(mass),77.2,None,0,d,Time,,,,,,,,,,,,,,,,,,,,,,,,,,,,,,,,,,,,,,,,,,,,,,,,,,,,,,,,,,,,,,,,,,,,,,,,,,,,,,,,,,,,,,,,,,,,,,,,,,,,,,,,,,,,,,,,,,,,,,,,,,,,,,,,,,,,,,,,,,,,,,,,,,,,,,,,,,,,,,,,,42,d,Time,1000,,mg/kg bdwt/d,Administered dose(mass),1000,,mg/kg/d,Administered dose(mass)
103-24-2,"bis(2-ethylhexyl) azelate;1,9-bis(2-ethylhexyl) nonanedioate;Azelaic acid, bis(2-ethylhexyl) ester;bis(2-ethylhexyl) azelate;Bis(2-ethylhexyl) nonanedioate;bis(2-ethylhexyl) nonanedioate (nonanedioic acid, bis(2-ethylhexyl) ester);Di-2-ethylhexyl azelate;dioctyl azelate;Nonanedioic acid, 1,9-bis(2-ethylhexyl) ester;Nonanedioic acid, bis(2-ethylhexyl) ester",,,,,,,,,,,,,,,,,,,,,,,,,,,,,,,,,,,,,,,,,,,,,,,,,,,,,,,,,,,,,,,,,,,,,,,,,,,,,,,,,,,,,,,,,,,,,,,,,,,,,,,,,,,,,,,,,,,,,,,,,,,,,,,,Human Health Hazards#Repeated Dose Toxicity,Repeated Dose Toxicity HESS,NOEL,,False,No qualifier,Equal,,,,2003,,,,OECD TG 422,,,Rat,RBC↓,,,,,,,,,,,,,,,,,,,,,,SD,Oral (Gavage),,,,,,Male,Main,"National Institute of Health Sciences, Japan",Blood cell (Erythrocyte),ReproTox,Food and Drug Safety Center,Hematological examination,1000,mg/kg bdwt/d,Administered dose(mass),100,mg/kg bdwt/d,Administered dose(mass),77.2,None,0,d,Time,,,,,,,,,,,,,,,,,,,,,,,,,,,,,,,,,,,,,,,,,,,,,,,,,,,,,,,,,,,,,,,,,,,,,,,,,,,,,,,,,,,,,,,,,,,,,,,,,,,,,,,,,,,,,,,,,,,,,,,,,,,,,,,,,,,,,,,,,,,,,,,,,,,,,,,,,,,,,,,,,42,d,Time,1000,,mg/kg bdwt/d,Administered dose(mass),1000,,mg/kg/d,Administered dose(mass)
103-24-2,"bis(2-ethylhexyl) azelate;1,9-bis(2-ethylhexyl) nonanedioate;Azelaic acid, bis(2-ethylhexyl) ester;bis(2-ethylhexyl) azelate;Bis(2-ethylhexyl) nonanedioate;bis(2-ethylhexyl) nonanedioate (nonanedioic acid, bis(2-ethylhexyl) ester);Di-2-ethylhexyl azelate;dioctyl azelate;Nonanedioic acid, 1,9-bis(2-ethylhexyl) ester;Nonanedioic acid, bis(2-ethylhexyl) ester",,,,,,,,,,,,,,,,,,,,,,,,,,,,,,,,,,,,,,,,,,,,,,,,,,,,,,,,,,,,,,,,,,,,,,,,,,,,,,,,,,,,,,,,,,,,,,,,,,,,,,,,,,,,,,,,,,,,,,,,,,,,,,,,Human Health Hazards#Repeated Dose Toxicity,Repeated Dose Toxicity HESS,NOEL,,False,No qualifier,Equal,,,,2003,,,,OECD TG 422,,,Rat,BASO↑,,,,,,,,,,,,,,,,,,,,,,SD,Oral (Gavage),,,,,,Male,Main,"National Institute of Health Sciences, Japan",Blood cell (Leukocyte),ReproTox,Food and Drug Safety Center,Hematological examination,1000,mg/kg bdwt/d,Administered dose(mass),100,mg/kg bdwt/d,Administered dose(mass),77.2,None,0,d,Time,,,,,,,,,,,,,,,,,,,,,,,,,,,,,,,,,,,,,,,,,,,,,,,,,,,,,,,,,,,,,,,,,,,,,,,,,,,,,,,,,,,,,,,,,,,,,,,,,,,,,,,,,,,,,,,,,,,,,,,,,,,,,,,,,,,,,,,,,,,,,,,,,,,,,,,,,,,,,,,,,42,d,Time,1000,,mg/kg bdwt/d,Administered dose(mass),1000,,mg/kg/d,Administered dose(mass)
103-24-2,"bis(2-ethylhexyl) azelate;1,9-bis(2-ethylhexyl) nonanedioate;Azelaic acid, bis(2-ethylhexyl) ester;bis(2-ethylhexyl) azelate;Bis(2-ethylhexyl) nonanedioate;bis(2-ethylhexyl) nonanedioate (nonanedioic acid, bis(2-ethylhexyl) ester);Di-2-ethylhexyl azelate;dioctyl azelate;Nonanedioic acid, 1,9-bis(2-ethylhexyl) ester;Nonanedioic acid, bis(2-ethylhexyl) ester",,,,,,,,,,,,,,,,,,,,,,,,,,,,,,,,,,,,,,,,,,,,,,,,,,,,,,,,,,,,,,,,,,,,,,,,,,,,,,,,,,,,,,,,,,,,,,,,,,,,,,,,,,,,,,,,,,,,,,,,,,,,,,,,Human Health Hazards#Repeated Dose Toxicity,Repeated Dose Toxicity HESS,NOEL,,False,No qualifier,Equal,,,,2003,,,,OECD TG 422,,,Rat,BASO↓,,,,,,,,,,,,,,,,,,,,,,SD,Oral (Gavage),,,,,,Male,Main,"National Institute of Health Sciences, Japan",Blood cell (Leukocyte),ReproTox,Food and Drug Safety Center,Hematological examination,1000,mg/kg bdwt/d,Administered dose(mass),100,mg/kg bdwt/d,Administered dose(mass),77.2,None,0,d,Time,,,,,,,,,,,,,,,,,,,,,,,,,,,,,,,,,,,,,,,,,,,,,,,,,,,,,,,,,,,,,,,,,,,,,,,,,,,,,,,,,,,,,,,,,,,,,,,,,,,,,,,,,,,,,,,,,,,,,,,,,,,,,,,,,,,,,,,,,,,,,,,,,,,,,,,,,,,,,,,,,42,d,Time,1000,,mg/kg bdwt/d,Administered dose(mass),1000,,mg/kg/d,Administered dose(mass)
103-24-2,"bis(2-ethylhexyl) azelate;1,9-bis(2-ethylhexyl) nonanedioate;Azelaic acid, bis(2-ethylhexyl) ester;bis(2-ethylhexyl) azelate;Bis(2-ethylhexyl) nonanedioate;bis(2-ethylhexyl) nonanedioate (nonanedioic acid, bis(2-ethylhexyl) ester);Di-2-ethylhexyl azelate;dioctyl azelate;Nonanedioic acid, 1,9-bis(2-ethylhexyl) ester;Nonanedioic acid, bis(2-ethylhexyl) ester",,,,,,,,,,,,,,,,,,,,,,,,,,,,,,,,,,,,,,,,,,,,,,,,,,,,,,,,,,,,,,,,,,,,,,,,,,,,,,,,,,,,,,,,,,,,,,,,,,,,,,,,,,,,,,,,,,,,,,,,,,,,,,,,Human Health Hazards#Repeated Dose Toxicity,Repeated Dose Toxicity HESS,NOEL,,False,No qualifier,Equal,,,,2003,,,,OECD TG 422,,,Rat,EOSN↑,,,,,,,,,,,,,,,,,,,,,,SD,Oral (Gavage),,,,,,Male,Main,"National Institute of Health Sciences, Japan",Blood cell (Leukocyte),ReproTox,Food and Drug Safety Center,Hematological examination,1000,mg/kg bdwt/d,Administered dose(mass),100,mg/kg bdwt/d,Administered dose(mass),77.2,None,0,d,Time,,,,,,,,,,,,,,,,,,,,,,,,,,,,,,,,,,,,,,,,,,,,,,,,,,,,,,,,,,,,,,,,,,,,,,,,,,,,,,,,,,,,,,,,,,,,,,,,,,,,,,,,,,,,,,,,,,,,,,,,,,,,,,,,,,,,,,,,,,,,,,,,,,,,,,,,,,,,,,,,,42,d,Time,1000,,mg/kg bdwt/d,Administered dose(mass),1000,,mg/kg/d,Administered dose(mass)
103-24-2,"bis(2-ethylhexyl) azelate;1,9-bis(2-ethylhexyl) nonanedioate;Azelaic acid, bis(2-ethylhexyl) ester;bis(2-ethylhexyl) azelate;Bis(2-ethylhexyl) nonanedioate;bis(2-ethylhexyl) nonanedioate (nonanedioic acid, bis(2-ethylhexyl) ester);Di-2-ethylhexyl azelate;dioctyl azelate;Nonanedioic acid, 1,9-bis(2-ethylhexyl) ester;Nonanedioic acid, bis(2-ethylhexyl) ester",,,,,,,,,,,,,,,,,,,,,,,,,,,,,,,,,,,,,,,,,,,,,,,,,,,,,,,,,,,,,,,,,,,,,,,,,,,,,,,,,,,,,,,,,,,,,,,,,,,,,,,,,,,,,,,,,,,,,,,,,,,,,,,,Human Health Hazards#Repeated Dose Toxicity,Repeated Dose Toxicity HESS,NOEL,,False,No qualifier,Equal,,,,2003,,,,OECD TG 422,,,Rat,EOSN↓,,,,,,,,,,,,,,,,,,,,,,SD,Oral (Gavage),,,,,,Male,Main,"National Institute of Health Sciences, Japan",Blood cell (Leukocyte),ReproTox,Food and Drug Safety Center,Hematological examination,1000,mg/kg bdwt/d,Administered dose(mass),100,mg/kg bdwt/d,Administered dose(mass),77.2,None,0,d,Time,,,,,,,,,,,,,,,,,,,,,,,,,,,,,,,,,,,,,,,,,,,,,,,,,,,,,,,,,,,,,,,,,,,,,,,,,,,,,,,,,,,,,,,,,,,,,,,,,,,,,,,,,,,,,,,,,,,,,,,,,,,,,,,,,,,,,,,,,,,,,,,,,,,,,,,,,,,,,,,,,42,d,Time,1000,,mg/kg bdwt/d,Administered dose(mass),1000,,mg/kg/d,Administered dose(mass)
103-24-2,"bis(2-ethylhexyl) azelate;1,9-bis(2-ethylhexyl) nonanedioate;Azelaic acid, bis(2-ethylhexyl) ester;bis(2-ethylhexyl) azelate;Bis(2-ethylhexyl) nonanedioate;bis(2-ethylhexyl) nonanedioate (nonanedioic acid, bis(2-ethylhexyl) ester);Di-2-ethylhexyl azelate;dioctyl azelate;Nonanedioic acid, 1,9-bis(2-ethylhexyl) ester;Nonanedioic acid, bis(2-ethylhexyl) ester",,,,,,,,,,,,,,,,,,,,,,,,,,,,,,,,,,,,,,,,,,,,,,,,,,,,,,,,,,,,,,,,,,,,,,,,,,,,,,,,,,,,,,,,,,,,,,,,,,,,,,,,,,,,,,,,,,,,,,,,,,,,,,,,Human Health Hazards#Repeated Dose Toxicity,Repeated Dose Toxicity HESS,NOEL,,False,No qualifier,Equal,,,,2003,,,,OECD TG 422,,,Rat,LYMPH↑,,,,,,,,,,,,,,,,,,,,,,SD,Oral (Gavage),,,,,,Male,Main,"National Institute of Health Sciences, Japan",Blood cell (Leukocyte),ReproTox,Food and Drug Safety Center,Hematological examination,1000,mg/kg bdwt/d,Administered dose(mass),100,mg/kg bdwt/d,Administered dose(mass),77.2,None,0,d,Time,,,,,,,,,,,,,,,,,,,,,,,,,,,,,,,,,,,,,,,,,,,,,,,,,,,,,,,,,,,,,,,,,,,,,,,,,,,,,,,,,,,,,,,,,,,,,,,,,,,,,,,,,,,,,,,,,,,,,,,,,,,,,,,,,,,,,,,,,,,,,,,,,,,,,,,,,,,,,,,,,42,d,Time,1000,,mg/kg bdwt/d,Administered dose(mass),1000,,mg/kg/d,Administered dose(mass)
103-24-2,"bis(2-ethylhexyl) azelate;1,9-bis(2-ethylhexyl) nonanedioate;Azelaic acid, bis(2-ethylhexyl) ester;bis(2-ethylhexyl) azelate;Bis(2-ethylhexyl) nonanedioate;bis(2-ethylhexyl) nonanedioate (nonanedioic acid, bis(2-ethylhexyl) ester);Di-2-ethylhexyl azelate;dioctyl azelate;Nonanedioic acid, 1,9-bis(2-ethylhexyl) ester;Nonanedioic acid, bis(2-ethylhexyl) ester",,,,,,,,,,,,,,,,,,,,,,,,,,,,,,,,,,,,,,,,,,,,,,,,,,,,,,,,,,,,,,,,,,,,,,,,,,,,,,,,,,,,,,,,,,,,,,,,,,,,,,,,,,,,,,,,,,,,,,,,,,,,,,,,Human Health Hazards#Repeated Dose Toxicity,Repeated Dose Toxicity HESS,NOEL,,False,No qualifier,Equal,,,,2003,,,,OECD TG 422,,,Rat,LYMPH↓,,,,,,,,,,,,,,,,,,,,,,SD,Oral (Gavage),,,,,,Male,Main,"National Institute of Health Sciences, Japan",Blood cell (Leukocyte),ReproTox,Food and Drug Safety Center,Hematological examination,1000,mg/kg bdwt/d,Administered dose(mass),100,mg/kg bdwt/d,Administered dose(mass),77.2,None,0,d,Time,,,,,,,,,,,,,,,,,,,,,,,,,,,,,,,,,,,,,,,,,,,,,,,,,,,,,,,,,,,,,,,,,,,,,,,,,,,,,,,,,,,,,,,,,,,,,,,,,,,,,,,,,,,,,,,,,,,,,,,,,,,,,,,,,,,,,,,,,,,,,,,,,,,,,,,,,,,,,,,,,42,d,Time,1000,,mg/kg bdwt/d,Administered dose(mass),1000,,mg/kg/d,Administered dose(mass)
103-24-2,"bis(2-ethylhexyl) azelate;1,9-bis(2-ethylhexyl) nonanedioate;Azelaic acid, bis(2-ethylhexyl) ester;bis(2-ethylhexyl) azelate;Bis(2-ethylhexyl) nonanedioate;bis(2-ethylhexyl) nonanedioate (nonanedioic acid, bis(2-ethylhexyl) ester);Di-2-ethylhexyl azelate;dioctyl azelate;Nonanedioic acid, 1,9-bis(2-ethylhexyl) ester;Nonanedioic acid, bis(2-ethylhexyl) ester",,,,,,,,,,,,,,,,,,,,,,,,,,,,,,,,,,,,,,,,,,,,,,,,,,,,,,,,,,,,,,,,,,,,,,,,,,,,,,,,,,,,,,,,,,,,,,,,,,,,,,,,,,,,,,,,,,,,,,,,,,,,,,,,Human Health Hazards#Repeated Dose Toxicity,Repeated Dose Toxicity HESS,NOEL,,False,No qualifier,Equal,,,,2003,,,,OECD TG 422,,,Rat,MONO↑,,,,,,,,,,,,,,,,,,,,,,SD,Oral (Gavage),,,,,,Male,Main,"National Institute of Health Sciences, Japan",Blood cell (Leukocyte),ReproTox,Food and Drug Safety Center,Hematological examination,1000,mg/kg bdwt/d,Administered dose(mass),100,mg/kg bdwt/d,Administered dose(mass),77.2,None,0,d,Time,,,,,,,,,,,,,,,,,,,,,,,,,,,,,,,,,,,,,,,,,,,,,,,,,,,,,,,,,,,,,,,,,,,,,,,,,,,,,,,,,,,,,,,,,,,,,,,,,,,,,,,,,,,,,,,,,,,,,,,,,,,,,,,,,,,,,,,,,,,,,,,,,,,,,,,,,,,,,,,,,42,d,Time,1000,,mg/kg bdwt/d,Administered dose(mass),1000,,mg/kg/d,Administered dose(mass)
103-24-2,"bis(2-ethylhexyl) azelate;1,9-bis(2-ethylhexyl) nonanedioate;Azelaic acid, bis(2-ethylhexyl) ester;bis(2-ethylhexyl) azelate;Bis(2-ethylhexyl) nonanedioate;bis(2-ethylhexyl) nonanedioate (nonanedioic acid, bis(2-ethylhexyl) ester);Di-2-ethylhexyl azelate;dioctyl azelate;Nonanedioic acid, 1,9-bis(2-ethylhexyl) ester;Nonanedioic acid, bis(2-ethylhexyl) ester",,,,,,,,,,,,,,,,,,,,,,,,,,,,,,,,,,,,,,,,,,,,,,,,,,,,,,,,,,,,,,,,,,,,,,,,,,,,,,,,,,,,,,,,,,,,,,,,,,,,,,,,,,,,,,,,,,,,,,,,,,,,,,,,Human Health Hazards#Repeated Dose Toxicity,Repeated Dose Toxicity HESS,NOEL,,False,No qualifier,Equal,,,,2003,,,,OECD TG 422,,,Rat,MONO↓,,,,,,,,,,,,,,,,,,,,,,SD,Oral (Gavage),,,,,,Male,Main,"National Institute of Health Sciences, Japan",Blood cell (Leukocyte),ReproTox,Food and Drug Safety Center,Hematological examination,1000,mg/kg bdwt/d,Administered dose(mass),100,mg/kg bdwt/d,Administered dose(mass),77.2,None,0,d,Time,,,,,,,,,,,,,,,,,,,,,,,,,,,,,,,,,,,,,,,,,,,,,,,,,,,,,,,,,,,,,,,,,,,,,,,,,,,,,,,,,,,,,,,,,,,,,,,,,,,,,,,,,,,,,,,,,,,,,,,,,,,,,,,,,,,,,,,,,,,,,,,,,,,,,,,,,,,,,,,,,42,d,Time,1000,,mg/kg bdwt/d,Administered dose(mass),1000,,mg/kg/d,Administered dose(mass)
103-24-2,"bis(2-ethylhexyl) azelate;1,9-bis(2-ethylhexyl) nonanedioate;Azelaic acid, bis(2-ethylhexyl) ester;bis(2-ethylhexyl) azelate;Bis(2-ethylhexyl) nonanedioate;bis(2-ethylhexyl) nonanedioate (nonanedioic acid, bis(2-ethylhexyl) ester);Di-2-ethylhexyl azelate;dioctyl azelate;Nonanedioic acid, 1,9-bis(2-ethylhexyl) ester;Nonanedioic acid, bis(2-ethylhexyl) ester",,,,,,,,,,,,,,,,,,,,,,,,,,,,,,,,,,,,,,,,,,,,,,,,,,,,,,,,,,,,,,,,,,,,,,,,,,,,,,,,,,,,,,,,,,,,,,,,,,,,,,,,,,,,,,,,,,,,,,,,,,,,,,,,Human Health Hazards#Repeated Dose Toxicity,Repeated Dose Toxicity HESS,NOEL,,False,No qualifier,Equal,,,,2003,,,,OECD TG 422,,,Rat,NEUT↑,,,,,,,,,,,,,,,,,,,,,,SD,Oral (Gavage),,,,,,Male,Main,"National Institute of Health Sciences, Japan",Blood cell (Leukocyte),ReproTox,Food and Drug Safety Center,Hematological examination,1000,mg/kg bdwt/d,Administered dose(mass),100,mg/kg bdwt/d,Administered dose(mass),77.2,None,0,d,Time,,,,,,,,,,,,,,,,,,,,,,,,,,,,,,,,,,,,,,,,,,,,,,,,,,,,,,,,,,,,,,,,,,,,,,,,,,,,,,,,,,,,,,,,,,,,,,,,,,,,,,,,,,,,,,,,,,,,,,,,,,,,,,,,,,,,,,,,,,,,,,,,,,,,,,,,,,,,,,,,,42,d,Time,1000,,mg/kg bdwt/d,Administered dose(mass),1000,,mg/kg/d,Administered dose(mass)
103-24-2,"bis(2-ethylhexyl) azelate;1,9-bis(2-ethylhexyl) nonanedioate;Azelaic acid, bis(2-ethylhexyl) ester;bis(2-ethylhexyl) azelate;Bis(2-ethylhexyl) nonanedioate;bis(2-ethylhexyl) nonanedioate (nonanedioic acid, bis(2-ethylhexyl) ester);Di-2-ethylhexyl azelate;dioctyl azelate;Nonanedioic acid, 1,9-bis(2-ethylhexyl) ester;Nonanedioic acid, bis(2-ethylhexyl) ester",,,,,,,,,,,,,,,,,,,,,,,,,,,,,,,,,,,,,,,,,,,,,,,,,,,,,,,,,,,,,,,,,,,,,,,,,,,,,,,,,,,,,,,,,,,,,,,,,,,,,,,,,,,,,,,,,,,,,,,,,,,,,,,,Human Health Hazards#Repeated Dose Toxicity,Repeated Dose Toxicity HESS,NOEL,,False,No qualifier,Equal,,,,2003,,,,OECD TG 422,,,Rat,NEUT↓,,,,,,,,,,,,,,,,,,,,,,SD,Oral (Gavage),,,,,,Male,Main,"National Institute of Health Sciences, Japan",Blood cell (Leukocyte),ReproTox,Food and Drug Safety Center,Hematological examination,1000,mg/kg bdwt/d,Administered dose(mass),100,mg/kg bdwt/d,Administered dose(mass),77.2,None,0,d,Time,,,,,,,,,,,,,,,,,,,,,,,,,,,,,,,,,,,,,,,,,,,,,,,,,,,,,,,,,,,,,,,,,,,,,,,,,,,,,,,,,,,,,,,,,,,,,,,,,,,,,,,,,,,,,,,,,,,,,,,,,,,,,,,,,,,,,,,,,,,,,,,,,,,,,,,,,,,,,,,,,42,d,Time,1000,,mg/kg bdwt/d,Administered dose(mass),1000,,mg/kg/d,Administered dose(mass)
103-24-2,"bis(2-ethylhexyl) azelate;1,9-bis(2-ethylhexyl) nonanedioate;Azelaic acid, bis(2-ethylhexyl) ester;bis(2-ethylhexyl) azelate;Bis(2-ethylhexyl) nonanedioate;bis(2-ethylhexyl) nonanedioate (nonanedioic acid, bis(2-ethylhexyl) ester);Di-2-ethylhexyl azelate;dioctyl azelate;Nonanedioic acid, 1,9-bis(2-ethylhexyl) ester;Nonanedioic acid, bis(2-ethylhexyl) ester",,,,,,,,,,,,,,,,,,,,,,,,,,,,,,,,,,,,,,,,,,,,,,,,,,,,,,,,,,,,,,,,,,,,,,,,,,,,,,,,,,,,,,,,,,,,,,,,,,,,,,,,,,,,,,,,,,,,,,,,,,,,,,,,Human Health Hazards#Repeated Dose Toxicity,Repeated Dose Toxicity HESS,NOEL,,False,No qualifier,Equal,,,,2003,,,,OECD TG 422,,,Rat,WBC↑,,,,,,,,,,,,,,,,,,,,,,SD,Oral (Gavage),,,,,,Male,Main,"National Institute of Health Sciences, Japan",Blood cell (Leukocyte),ReproTox,Food and Drug Safety Center,Hematological examination,1000,mg/kg bdwt/d,Administered dose(mass),100,mg/kg bdwt/d,Administered dose(mass),77.2,None,0,d,Time,,,,,,,,,,,,,,,,,,,,,,,,,,,,,,,,,,,,,,,,,,,,,,,,,,,,,,,,,,,,,,,,,,,,,,,,,,,,,,,,,,,,,,,,,,,,,,,,,,,,,,,,,,,,,,,,,,,,,,,,,,,,,,,,,,,,,,,,,,,,,,,,,,,,,,,,,,,,,,,,,42,d,Time,1000,,mg/kg bdwt/d,Administered dose(mass),1000,,mg/kg/d,Administered dose(mass)
103-24-2,"bis(2-ethylhexyl) azelate;1,9-bis(2-ethylhexyl) nonanedioate;Azelaic acid, bis(2-ethylhexyl) ester;bis(2-ethylhexyl) azelate;Bis(2-ethylhexyl) nonanedioate;bis(2-ethylhexyl) nonanedioate (nonanedioic acid, bis(2-ethylhexyl) ester);Di-2-ethylhexyl azelate;dioctyl azelate;Nonanedioic acid, 1,9-bis(2-ethylhexyl) ester;Nonanedioic acid, bis(2-ethylhexyl) ester",,,,,,,,,,,,,,,,,,,,,,,,,,,,,,,,,,,,,,,,,,,,,,,,,,,,,,,,,,,,,,,,,,,,,,,,,,,,,,,,,,,,,,,,,,,,,,,,,,,,,,,,,,,,,,,,,,,,,,,,,,,,,,,,Human Health Hazards#Repeated Dose Toxicity,Repeated Dose Toxicity HESS,NOEL,,False,No qualifier,Equal,,,,2003,,,,OECD TG 422,,,Rat,WBC↓,,,,,,,,,,,,,,,,,,,,,,SD,Oral (Gavage),,,,,,Male,Main,"National Institute of Health Sciences, Japan",Blood cell (Leukocyte),ReproTox,Food and Drug Safety Center,Hematological examination,1000,mg/kg bdwt/d,Administered dose(mass),100,mg/kg bdwt/d,Administered dose(mass),77.2,None,0,d,Time,,,,,,,,,,,,,,,,,,,,,,,,,,,,,,,,,,,,,,,,,,,,,,,,,,,,,,,,,,,,,,,,,,,,,,,,,,,,,,,,,,,,,,,,,,,,,,,,,,,,,,,,,,,,,,,,,,,,,,,,,,,,,,,,,,,,,,,,,,,,,,,,,,,,,,,,,,,,,,,,,42,d,Time,1000,,mg/kg bdwt/d,Administered dose(mass),1000,,mg/kg/d,Administered dose(mass)
103-24-2,"bis(2-ethylhexyl) azelate;1,9-bis(2-ethylhexyl) nonanedioate;Azelaic acid, bis(2-ethylhexyl) ester;bis(2-ethylhexyl) azelate;Bis(2-ethylhexyl) nonanedioate;bis(2-ethylhexyl) nonanedioate (nonanedioic acid, bis(2-ethylhexyl) ester);Di-2-ethylhexyl azelate;dioctyl azelate;Nonanedioic acid, 1,9-bis(2-ethylhexyl) ester;Nonanedioic acid, bis(2-ethylhexyl) ester",,,,,,,,,,,,,,,,,,,,,,,,,,,,,,,,,,,,,,,,,,,,,,,,,,,,,,,,,,,,,,,,,,,,,,,,,,,,,,,,,,,,,,,,,,,,,,,,,,,,,,,,,,,,,,,,,,,,,,,,,,,,,,,,Human Health Hazards#Repeated Dose Toxicity,Repeated Dose Toxicity HESS,NOEL,,False,No qualifier,Equal,,,,2003,,,,OECD TG 422,,,Rat,PLT↑,,,,,,,,,,,,,,,,,,,,,,SD,Oral (Gavage),,,,,,Male,Main,"National Institute of Health Sciences, Japan",Blood cell (Platelet),ReproTox,Food and Drug Safety Center,Hematological examination,1000,mg/kg bdwt/d,Administered dose(mass),100,mg/kg bdwt/d,Administered dose(mass),77.2,None,0,d,Time,,,,,,,,,,,,,,,,,,,,,,,,,,,,,,,,,,,,,,,,,,,,,,,,,,,,,,,,,,,,,,,,,,,,,,,,,,,,,,,,,,,,,,,,,,,,,,,,,,,,,,,,,,,,,,,,,,,,,,,,,,,,,,,,,,,,,,,,,,,,,,,,,,,,,,,,,,,,,,,,,42,d,Time,1000,,mg/kg bdwt/d,Administered dose(mass),1000,,mg/kg/d,Administered dose(mass)
103-24-2,"bis(2-ethylhexyl) azelate;1,9-bis(2-ethylhexyl) nonanedioate;Azelaic acid, bis(2-ethylhexyl) ester;bis(2-ethylhexyl) azelate;Bis(2-ethylhexyl) nonanedioate;bis(2-ethylhexyl) nonanedioate (nonanedioic acid, bis(2-ethylhexyl) ester);Di-2-ethylhexyl azelate;dioctyl azelate;Nonanedioic acid, 1,9-bis(2-ethylhexyl) ester;Nonanedioic acid, bis(2-ethylhexyl) ester",,,,,,,,,,,,,,,,,,,,,,,,,,,,,,,,,,,,,,,,,,,,,,,,,,,,,,,,,,,,,,,,,,,,,,,,,,,,,,,,,,,,,,,,,,,,,,,,,,,,,,,,,,,,,,,,,,,,,,,,,,,,,,,,Human Health Hazards#Repeated Dose Toxicity,Repeated Dose Toxicity HESS,NOEL,,False,No qualifier,Equal,,,,2003,,,,OECD TG 422,,,Rat,PLT↓,,,,,,,,,,,,,,,,,,,,,,SD,Oral (Gavage),,,,,,Male,Main,"National Institute of Health Sciences, Japan",Blood cell (Platelet),ReproTox,Food and Drug Safety Center,Hematological examination,1000,mg/kg bdwt/d,Administered dose(mass),100,mg/kg bdwt/d,Administered dose(mass),77.2,None,0,d,Time,,,,,,,,,,,,,,,,,,,,,,,,,,,,,,,,,,,,,,,,,,,,,,,,,,,,,,,,,,,,,,,,,,,,,,,,,,,,,,,,,,,,,,,,,,,,,,,,,,,,,,,,,,,,,,,,,,,,,,,,,,,,,,,,,,,,,,,,,,,,,,,,,,,,,,,,,,,,,,,,,42,d,Time,1000,,mg/kg bdwt/d,Administered dose(mass),1000,,mg/kg/d,Administered dose(mass)
103-24-2,"bis(2-ethylhexyl) azelate;1,9-bis(2-ethylhexyl) nonanedioate;Azelaic acid, bis(2-ethylhexyl) ester;bis(2-ethylhexyl) azelate;Bis(2-ethylhexyl) nonanedioate;bis(2-ethylhexyl) nonanedioate (nonanedioic acid, bis(2-ethylhexyl) ester);Di-2-ethylhexyl azelate;dioctyl azelate;Nonanedioic acid, 1,9-bis(2-ethylhexyl) ester;Nonanedioic acid, bis(2-ethylhexyl) ester",,,,,,,,,,,,,,,,,,,,,,,,,,,,,,,,,,,,,,,,,,,,,,,,,,,,,,,,,,,,,,,,,,,,,,,,,,,,,,,,,,,,,,,,,,,,,,,,,,,,,,,,,,,,,,,,,,,,,,,,,,,,,,,,Human Health Hazards#Repeated Dose Toxicity,Repeated Dose Toxicity HESS,NOEL,,False,No qualifier,Equal,,,,2003,,,,OECD TG 422,,,Rat,T. Bilirubin↑,,,,,,,,,,,,,,,,,,,,,,SD,Oral (Gavage),,,,,,Male,Main,"National Institute of Health Sciences, Japan",Blood serum (Bilirubin),ReproTox,Food and Drug Safety Center,Blood chemical examination,1000,mg/kg bdwt/d,Administered dose(mass),100,mg/kg bdwt/d,Administered dose(mass),77.2,None,0,d,Time,,,,,,,,,,,,,,,,,,,,,,,,,,,,,,,,,,,,,,,,,,,,,,,,,,,,,,,,,,,,,,,,,,,,,,,,,,,,,,,,,,,,,,,,,,,,,,,,,,,,,,,,,,,,,,,,,,,,,,,,,,,,,,,,,,,,,,,,,,,,,,,,,,,,,,,,,,,,,,,,,42,d,Time,1000,,mg/kg bdwt/d,Administered dose(mass),1000,,mg/kg/d,Administered dose(mass)
103-24-2,"bis(2-ethylhexyl) azelate;1,9-bis(2-ethylhexyl) nonanedioate;Azelaic acid, bis(2-ethylhexyl) ester;bis(2-ethylhexyl) azelate;Bis(2-ethylhexyl) nonanedioate;bis(2-ethylhexyl) nonanedioate (nonanedioic acid, bis(2-ethylhexyl) ester);Di-2-ethylhexyl azelate;dioctyl azelate;Nonanedioic acid, 1,9-bis(2-ethylhexyl) ester;Nonanedioic acid, bis(2-ethylhexyl) ester",,,,,,,,,,,,,,,,,,,,,,,,,,,,,,,,,,,,,,,,,,,,,,,,,,,,,,,,,,,,,,,,,,,,,,,,,,,,,,,,,,,,,,,,,,,,,,,,,,,,,,,,,,,,,,,,,,,,,,,,,,,,,,,,Human Health Hazards#Repeated Dose Toxicity,Repeated Dose Toxicity HESS,NOEL,,False,No qualifier,Equal,,,,2003,,,,OECD TG 422,,,Rat,T. Bilirubin↓,,,,,,,,,,,,,,,,,,,,,,SD,Oral (Gavage),,,,,,Male,Main,"National Institute of Health Sciences, Japan",Blood serum (Bilirubin),ReproTox,Food and Drug Safety Center,Blood chemical examination,1000,mg/kg bdwt/d,Administered dose(mass),100,mg/kg bdwt/d,Administered dose(mass),77.2,None,0,d,Time,,,,,,,,,,,,,,,,,,,,,,,,,,,,,,,,,,,,,,,,,,,,,,,,,,,,,,,,,,,,,,,,,,,,,,,,,,,,,,,,,,,,,,,,,,,,,,,,,,,,,,,,,,,,,,,,,,,,,,,,,,,,,,,,,,,,,,,,,,,,,,,,,,,,,,,,,,,,,,,,,42,d,Time,1000,,mg/kg bdwt/d,Administered dose(mass),1000,,mg/kg/d,Administered dose(mass)
103-24-2,"bis(2-ethylhexyl) azelate;1,9-bis(2-ethylhexyl) nonanedioate;Azelaic acid, bis(2-ethylhexyl) ester;bis(2-ethylhexyl) azelate;Bis(2-ethylhexyl) nonanedioate;bis(2-ethylhexyl) nonanedioate (nonanedioic acid, bis(2-ethylhexyl) ester);Di-2-ethylhexyl azelate;dioctyl azelate;Nonanedioic acid, 1,9-bis(2-ethylhexyl) ester;Nonanedioic acid, bis(2-ethylhexyl) ester",,,,,,,,,,,,,,,,,,,,,,,,,,,,,,,,,,,,,,,,,,,,,,,,,,,,,,,,,,,,,,,,,,,,,,,,,,,,,,,,,,,,,,,,,,,,,,,,,,,,,,,,,,,,,,,,,,,,,,,,,,,,,,,,Human Health Hazards#Repeated Dose Toxicity,Repeated Dose Toxicity HESS,NOEL,,False,No qualifier,Equal,,,,2003,,,,OECD TG 422,,,Rat,Calcium↑,,,,,,,,,,,,,,,,,,,,,,SD,Oral (Gavage),,,,,,Male,Main,"National Institute of Health Sciences, Japan",Blood serum (Electrolyte),ReproTox,Food and Drug Safety Center,Blood chemical examination,1000,mg/kg bdwt/d,Administered dose(mass),100,mg/kg bdwt/d,Administered dose(mass),77.2,None,0,d,Time,,,,,,,,,,,,,,,,,,,,,,,,,,,,,,,,,,,,,,,,,,,,,,,,,,,,,,,,,,,,,,,,,,,,,,,,,,,,,,,,,,,,,,,,,,,,,,,,,,,,,,,,,,,,,,,,,,,,,,,,,,,,,,,,,,,,,,,,,,,,,,,,,,,,,,,,,,,,,,,,,42,d,Time,1000,,mg/kg bdwt/d,Administered dose(mass),1000,,mg/kg/d,Administered dose(mass)
103-24-2,"bis(2-ethylhexyl) azelate;1,9-bis(2-ethylhexyl) nonanedioate;Azelaic acid, bis(2-ethylhexyl) ester;bis(2-ethylhexyl) azelate;Bis(2-ethylhexyl) nonanedioate;bis(2-ethylhexyl) nonanedioate (nonanedioic acid, bis(2-ethylhexyl) ester);Di-2-ethylhexyl azelate;dioctyl azelate;Nonanedioic acid, 1,9-bis(2-ethylhexyl) ester;Nonanedioic acid, bis(2-ethylhexyl) ester",,,,,,,,,,,,,,,,,,,,,,,,,,,,,,,,,,,,,,,,,,,,,,,,,,,,,,,,,,,,,,,,,,,,,,,,,,,,,,,,,,,,,,,,,,,,,,,,,,,,,,,,,,,,,,,,,,,,,,,,,,,,,,,,Human Health Hazards#Repeated Dose Toxicity,Repeated Dose Toxicity HESS,NOEL,,False,No qualifier,Equal,,,,2003,,,,OECD TG 422,,,Rat,Calcium↓,,,,,,,,,,,,,,,,,,,,,,SD,Oral (Gavage),,,,,,Male,Main,"National Institute of Health Sciences, Japan",Blood serum (Electrolyte),ReproTox,Food and Drug Safety Center,Blood chemical examination,1000,mg/kg bdwt/d,Administered dose(mass),100,mg/kg bdwt/d,Administered dose(mass),77.2,None,0,d,Time,,,,,,,,,,,,,,,,,,,,,,,,,,,,,,,,,,,,,,,,,,,,,,,,,,,,,,,,,,,,,,,,,,,,,,,,,,,,,,,,,,,,,,,,,,,,,,,,,,,,,,,,,,,,,,,,,,,,,,,,,,,,,,,,,,,,,,,,,,,,,,,,,,,,,,,,,,,,,,,,,42,d,Time,1000,,mg/kg bdwt/d,Administered dose(mass),1000,,mg/kg/d,Administered dose(mass)
103-24-2,"bis(2-ethylhexyl) azelate;1,9-bis(2-ethylhexyl) nonanedioate;Azelaic acid, bis(2-ethylhexyl) ester;bis(2-ethylhexyl) azelate;Bis(2-ethylhexyl) nonanedioate;bis(2-ethylhexyl) nonanedioate (nonanedioic acid, bis(2-ethylhexyl) ester);Di-2-ethylhexyl azelate;dioctyl azelate;Nonanedioic acid, 1,9-bis(2-ethylhexyl) ester;Nonanedioic acid, bis(2-ethylhexyl) ester",,,,,,,,,,,,,,,,,,,,,,,,,,,,,,,,,,,,,,,,,,,,,,,,,,,,,,,,,,,,,,,,,,,,,,,,,,,,,,,,,,,,,,,,,,,,,,,,,,,,,,,,,,,,,,,,,,,,,,,,,,,,,,,,Human Health Hazards#Repeated Dose Toxicity,Repeated Dose Toxicity HESS,NOEL,,False,No qualifier,Equal,,,,2003,,,,OECD TG 422,,,Rat,Chloride↑,,,,,,,,,,,,,,,,,,,,,,SD,Oral (Gavage),,,,,,Male,Main,"National Institute of Health Sciences, Japan",Blood serum (Electrolyte),ReproTox,Food and Drug Safety Center,Blood chemical examination,1000,mg/kg bdwt/d,Administered dose(mass),100,mg/kg bdwt/d,Administered dose(mass),77.2,None,0,d,Time,,,,,,,,,,,,,,,,,,,,,,,,,,,,,,,,,,,,,,,,,,,,,,,,,,,,,,,,,,,,,,,,,,,,,,,,,,,,,,,,,,,,,,,,,,,,,,,,,,,,,,,,,,,,,,,,,,,,,,,,,,,,,,,,,,,,,,,,,,,,,,,,,,,,,,,,,,,,,,,,,42,d,Time,1000,,mg/kg bdwt/d,Administered dose(mass),1000,,mg/kg/d,Administered dose(mass)
103-24-2,"bis(2-ethylhexyl) azelate;1,9-bis(2-ethylhexyl) nonanedioate;Azelaic acid, bis(2-ethylhexyl) ester;bis(2-ethylhexyl) azelate;Bis(2-ethylhexyl) nonanedioate;bis(2-ethylhexyl) nonanedioate (nonanedioic acid, bis(2-ethylhexyl) ester);Di-2-ethylhexyl azelate;dioctyl azelate;Nonanedioic acid, 1,9-bis(2-ethylhexyl) ester;Nonanedioic acid, bis(2-ethylhexyl) ester",,,,,,,,,,,,,,,,,,,,,,,,,,,,,,,,,,,,,,,,,,,,,,,,,,,,,,,,,,,,,,,,,,,,,,,,,,,,,,,,,,,,,,,,,,,,,,,,,,,,,,,,,,,,,,,,,,,,,,,,,,,,,,,,Human Health Hazards#Repeated Dose Toxicity,Repeated Dose Toxicity HESS,NOEL,,False,No qualifier,Equal,,,,2003,,,,OECD TG 422,,,Rat,Chloride↓,,,,,,,,,,,,,,,,,,,,,,SD,Oral (Gavage),,,,,,Male,Main,"National Institute of Health Sciences, Japan",Blood serum (Electrolyte),ReproTox,Food and Drug Safety Center,Blood chemical examination,1000,mg/kg bdwt/d,Administered dose(mass),100,mg/kg bdwt/d,Administered dose(mass),77.2,None,0,d,Time,,,,,,,,,,,,,,,,,,,,,,,,,,,,,,,,,,,,,,,,,,,,,,,,,,,,,,,,,,,,,,,,,,,,,,,,,,,,,,,,,,,,,,,,,,,,,,,,,,,,,,,,,,,,,,,,,,,,,,,,,,,,,,,,,,,,,,,,,,,,,,,,,,,,,,,,,,,,,,,,,42,d,Time,1000,,mg/kg bdwt/d,Administered dose(mass),1000,,mg/kg/d,Administered dose(mass)
103-24-2,"bis(2-ethylhexyl) azelate;1,9-bis(2-ethylhexyl) nonanedioate;Azelaic acid, bis(2-ethylhexyl) ester;bis(2-ethylhexyl) azelate;Bis(2-ethylhexyl) nonanedioate;bis(2-ethylhexyl) nonanedioate (nonanedioic acid, bis(2-ethylhexyl) ester);Di-2-ethylhexyl azelate;dioctyl azelate;Nonanedioic acid, 1,9-bis(2-ethylhexyl) ester;Nonanedioic acid, bis(2-ethylhexyl) ester",,,,,,,,,,,,,,,,,,,,,,,,,,,,,,,,,,,,,,,,,,,,,,,,,,,,,,,,,,,,,,,,,,,,,,,,,,,,,,,,,,,,,,,,,,,,,,,,,,,,,,,,,,,,,,,,,,,,,,,,,,,,,,,,Human Health Hazards#Repeated Dose Toxicity,Repeated Dose Toxicity HESS,NOEL,,False,No qualifier,Equal,,,,2003,,,,OECD TG 422,,,Rat,I. Phosphorus↑,,,,,,,,,,,,,,,,,,,,,,SD,Oral (Gavage),,,,,,Male,Main,"National Institute of Health Sciences, Japan",Blood serum (Electrolyte),ReproTox,Food and Drug Safety Center,Blood chemical examination,1000,mg/kg bdwt/d,Administered dose(mass),100,mg/kg bdwt/d,Administered dose(mass),77.2,None,0,d,Time,,,,,,,,,,,,,,,,,,,,,,,,,,,,,,,,,,,,,,,,,,,,,,,,,,,,,,,,,,,,,,,,,,,,,,,,,,,,,,,,,,,,,,,,,,,,,,,,,,,,,,,,,,,,,,,,,,,,,,,,,,,,,,,,,,,,,,,,,,,,,,,,,,,,,,,,,,,,,,,,,42,d,Time,1000,,mg/kg bdwt/d,Administered dose(mass),1000,,mg/kg/d,Administered dose(mass)
103-24-2,"bis(2-ethylhexyl) azelate;1,9-bis(2-ethylhexyl) nonanedioate;Azelaic acid, bis(2-ethylhexyl) ester;bis(2-ethylhexyl) azelate;Bis(2-ethylhexyl) nonanedioate;bis(2-ethylhexyl) nonanedioate (nonanedioic acid, bis(2-ethylhexyl) ester);Di-2-ethylhexyl azelate;dioctyl azelate;Nonanedioic acid, 1,9-bis(2-ethylhexyl) ester;Nonanedioic acid, bis(2-ethylhexyl) ester",,,,,,,,,,,,,,,,,,,,,,,,,,,,,,,,,,,,,,,,,,,,,,,,,,,,,,,,,,,,,,,,,,,,,,,,,,,,,,,,,,,,,,,,,,,,,,,,,,,,,,,,,,,,,,,,,,,,,,,,,,,,,,,,Human Health Hazards#Repeated Dose Toxicity,Repeated Dose Toxicity HESS,NOEL,,False,No qualifier,Equal,,,,2003,,,,OECD TG 422,,,Rat,I. Phosphorus↓,,,,,,,,,,,,,,,,,,,,,,SD,Oral (Gavage),,,,,,Male,Main,"National Institute of Health Sciences, Japan",Blood serum (Electrolyte),ReproTox,Food and Drug Safety Center,Blood chemical examination,1000,mg/kg bdwt/d,Administered dose(mass),100,mg/kg bdwt/d,Administered dose(mass),77.2,None,0,d,Time,,,,,,,,,,,,,,,,,,,,,,,,,,,,,,,,,,,,,,,,,,,,,,,,,,,,,,,,,,,,,,,,,,,,,,,,,,,,,,,,,,,,,,,,,,,,,,,,,,,,,,,,,,,,,,,,,,,,,,,,,,,,,,,,,,,,,,,,,,,,,,,,,,,,,,,,,,,,,,,,,42,d,Time,1000,,mg/kg bdwt/d,Administered dose(mass),1000,,mg/kg/d,Administered dose(mass)
103-24-2,"bis(2-ethylhexyl) azelate;1,9-bis(2-ethylhexyl) nonanedioate;Azelaic acid, bis(2-ethylhexyl) ester;bis(2-ethylhexyl) azelate;Bis(2-ethylhexyl) nonanedioate;bis(2-ethylhexyl) nonanedioate (nonanedioic acid, bis(2-ethylhexyl) ester);Di-2-ethylhexyl azelate;dioctyl azelate;Nonanedioic acid, 1,9-bis(2-ethylhexyl) ester;Nonanedioic acid, bis(2-ethylhexyl) ester",,,,,,,,,,,,,,,,,,,,,,,,,,,,,,,,,,,,,,,,,,,,,,,,,,,,,,,,,,,,,,,,,,,,,,,,,,,,,,,,,,,,,,,,,,,,,,,,,,,,,,,,,,,,,,,,,,,,,,,,,,,,,,,,Human Health Hazards#Repeated Dose Toxicity,Repeated Dose Toxicity HESS,NOEL,,False,No qualifier,Equal,,,,2003,,,,OECD TG 422,,,Rat,Potassium↑,,,,,,,,,,,,,,,,,,,,,,SD,Oral (Gavage),,,,,,Male,Main,"National Institute of Health Sciences, Japan",Blood serum (Electrolyte),ReproTox,Food and Drug Safety Center,Blood chemical examination,1000,mg/kg bdwt/d,Administered dose(mass),100,mg/kg bdwt/d,Administered dose(mass),77.2,None,0,d,Time,,,,,,,,,,,,,,,,,,,,,,,,,,,,,,,,,,,,,,,,,,,,,,,,,,,,,,,,,,,,,,,,,,,,,,,,,,,,,,,,,,,,,,,,,,,,,,,,,,,,,,,,,,,,,,,,,,,,,,,,,,,,,,,,,,,,,,,,,,,,,,,,,,,,,,,,,,,,,,,,,42,d,Time,1000,,mg/kg bdwt/d,Administered dose(mass),1000,,mg/kg/d,Administered dose(mass)
103-24-2,"bis(2-ethylhexyl) azelate;1,9-bis(2-ethylhexyl) nonanedioate;Azelaic acid, bis(2-ethylhexyl) ester;bis(2-ethylhexyl) azelate;Bis(2-ethylhexyl) nonanedioate;bis(2-ethylhexyl) nonanedioate (nonanedioic acid, bis(2-ethylhexyl) ester);Di-2-ethylhexyl azelate;dioctyl azelate;Nonanedioic acid, 1,9-bis(2-ethylhexyl) ester;Nonanedioic acid, bis(2-ethylhexyl) ester",,,,,,,,,,,,,,,,,,,,,,,,,,,,,,,,,,,,,,,,,,,,,,,,,,,,,,,,,,,,,,,,,,,,,,,,,,,,,,,,,,,,,,,,,,,,,,,,,,,,,,,,,,,,,,,,,,,,,,,,,,,,,,,,Human Health Hazards#Repeated Dose Toxicity,Repeated Dose Toxicity HESS,NOEL,,False,No qualifier,Equal,,,,2003,,,,OECD TG 422,,,Rat,Potassium↓,,,,,,,,,,,,,,,,,,,,,,SD,Oral (Gavage),,,,,,Male,Main,"National Institute of Health Sciences, Japan",Blood serum (Electrolyte),ReproTox,Food and Drug Safety Center,Blood chemical examination,1000,mg/kg bdwt/d,Administered dose(mass),100,mg/kg bdwt/d,Administered dose(mass),77.2,None,0,d,Time,,,,,,,,,,,,,,,,,,,,,,,,,,,,,,,,,,,,,,,,,,,,,,,,,,,,,,,,,,,,,,,,,,,,,,,,,,,,,,,,,,,,,,,,,,,,,,,,,,,,,,,,,,,,,,,,,,,,,,,,,,,,,,,,,,,,,,,,,,,,,,,,,,,,,,,,,,,,,,,,,42,d,Time,1000,,mg/kg bdwt/d,Administered dose(mass),1000,,mg/kg/d,Administered dose(mass)
103-24-2,"bis(2-ethylhexyl) azelate;1,9-bis(2-ethylhexyl) nonanedioate;Azelaic acid, bis(2-ethylhexyl) ester;bis(2-ethylhexyl) azelate;Bis(2-ethylhexyl) nonanedioate;bis(2-ethylhexyl) nonanedioate (nonanedioic acid, bis(2-ethylhexyl) ester);Di-2-ethylhexyl azelate;dioctyl azelate;Nonanedioic acid, 1,9-bis(2-ethylhexyl) ester;Nonanedioic acid, bis(2-ethylhexyl) ester",,,,,,,,,,,,,,,,,,,,,,,,,,,,,,,,,,,,,,,,,,,,,,,,,,,,,,,,,,,,,,,,,,,,,,,,,,,,,,,,,,,,,,,,,,,,,,,,,,,,,,,,,,,,,,,,,,,,,,,,,,,,,,,,Human Health Hazards#Repeated Dose Toxicity,Repeated Dose Toxicity HESS,NOEL,,False,No qualifier,Equal,,,,2003,,,,OECD TG 422,,,Rat,Sodium↑,,,,,,,,,,,,,,,,,,,,,,SD,Oral (Gavage),,,,,,Male,Main,"National Institute of Health Sciences, Japan",Blood serum (Electrolyte),ReproTox,Food and Drug Safety Center,Blood chemical examination,1000,mg/kg bdwt/d,Administered dose(mass),100,mg/kg bdwt/d,Administered dose(mass),77.2,None,0,d,Time,,,,,,,,,,,,,,,,,,,,,,,,,,,,,,,,,,,,,,,,,,,,,,,,,,,,,,,,,,,,,,,,,,,,,,,,,,,,,,,,,,,,,,,,,,,,,,,,,,,,,,,,,,,,,,,,,,,,,,,,,,,,,,,,,,,,,,,,,,,,,,,,,,,,,,,,,,,,,,,,,42,d,Time,1000,,mg/kg bdwt/d,Administered dose(mass),1000,,mg/kg/d,Administered dose(mass)
103-24-2,"bis(2-ethylhexyl) azelate;1,9-bis(2-ethylhexyl) nonanedioate;Azelaic acid, bis(2-ethylhexyl) ester;bis(2-ethylhexyl) azelate;Bis(2-ethylhexyl) nonanedioate;bis(2-ethylhexyl) nonanedioate (nonanedioic acid, bis(2-ethylhexyl) ester);Di-2-ethylhexyl azelate;dioctyl azelate;Nonanedioic acid, 1,9-bis(2-ethylhexyl) ester;Nonanedioic acid, bis(2-ethylhexyl) ester",,,,,,,,,,,,,,,,,,,,,,,,,,,,,,,,,,,,,,,,,,,,,,,,,,,,,,,,,,,,,,,,,,,,,,,,,,,,,,,,,,,,,,,,,,,,,,,,,,,,,,,,,,,,,,,,,,,,,,,,,,,,,,,,Human Health Hazards#Repeated Dose Toxicity,Repeated Dose Toxicity HESS,NOEL,,False,No qualifier,Equal,,,,2003,,,,OECD TG 422,,,Rat,Sodium↓,,,,,,,,,,,,,,,,,,,,,,SD,Oral (Gavage),,,,,,Male,Main,"National Institute of Health Sciences, Japan",Blood serum (Electrolyte),ReproTox,Food and Drug Safety Center,Blood chemical examination,1000,mg/kg bdwt/d,Administered dose(mass),100,mg/kg bdwt/d,Administered dose(mass),77.2,None,0,d,Time,,,,,,,,,,,,,,,,,,,,,,,,,,,,,,,,,,,,,,,,,,,,,,,,,,,,,,,,,,,,,,,,,,,,,,,,,,,,,,,,,,,,,,,,,,,,,,,,,,,,,,,,,,,,,,,,,,,,,,,,,,,,,,,,,,,,,,,,,,,,,,,,,,,,,,,,,,,,,,,,,42,d,Time,1000,,mg/kg bdwt/d,Administered dose(mass),1000,,mg/kg/d,Administered dose(mass)
103-24-2,"bis(2-ethylhexyl) azelate;1,9-bis(2-ethylhexyl) nonanedioate;Azelaic acid, bis(2-ethylhexyl) ester;bis(2-ethylhexyl) azelate;Bis(2-ethylhexyl) nonanedioate;bis(2-ethylhexyl) nonanedioate (nonanedioic acid, bis(2-ethylhexyl) ester);Di-2-ethylhexyl azelate;dioctyl azelate;Nonanedioic acid, 1,9-bis(2-ethylhexyl) ester;Nonanedioic acid, bis(2-ethylhexyl) ester",,,,,,,,,,,,,,,,,,,,,,,,,,,,,,,,,,,,,,,,,,,,,,,,,,,,,,,,,,,,,,,,,,,,,,,,,,,,,,,,,,,,,,,,,,,,,,,,,,,,,,,,,,,,,,,,,,,,,,,,,,,,,,,,Human Health Hazards#Repeated Dose Toxicity,Repeated Dose Toxicity HESS,NOEL,,False,No qualifier,Equal,,,,2003,,,,OECD TG 422,,,Rat,A/G↑,,,,,,,,,,,,,,,,,,,,,,SD,Oral (Gavage),,,,,,Male,Main,"National Institute of Health Sciences, Japan",Blood serum (Enzyme),ReproTox,Food and Drug Safety Center,Blood chemical examination,1000,mg/kg bdwt/d,Administered dose(mass),100,mg/kg bdwt/d,Administered dose(mass),77.2,None,0,d,Time,,,,,,,,,,,,,,,,,,,,,,,,,,,,,,,,,,,,,,,,,,,,,,,,,,,,,,,,,,,,,,,,,,,,,,,,,,,,,,,,,,,,,,,,,,,,,,,,,,,,,,,,,,,,,,,,,,,,,,,,,,,,,,,,,,,,,,,,,,,,,,,,,,,,,,,,,,,,,,,,,42,d,Time,100,,mg/kg bdwt/d,Administered dose(mass),100,,mg/kg/d,Administered dose(mass)
103-24-2,"bis(2-ethylhexyl) azelate;1,9-bis(2-ethylhexyl) nonanedioate;Azelaic acid, bis(2-ethylhexyl) ester;bis(2-ethylhexyl) azelate;Bis(2-ethylhexyl) nonanedioate;bis(2-ethylhexyl) nonanedioate (nonanedioic acid, bis(2-ethylhexyl) ester);Di-2-ethylhexyl azelate;dioctyl azelate;Nonanedioic acid, 1,9-bis(2-ethylhexyl) ester;Nonanedioic acid, bis(2-ethylhexyl) ester",,,,,,,,,,,,,,,,,,,,,,,,,,,,,,,,,,,,,,,,,,,,,,,,,,,,,,,,,,,,,,,,,,,,,,,,,,,,,,,,,,,,,,,,,,,,,,,,,,,,,,,,,,,,,,,,,,,,,,,,,,,,,,,,Human Health Hazards#Repeated Dose Toxicity,Repeated Dose Toxicity HESS,NOEL,,False,No qualifier,Equal,,,,2003,,,,OECD TG 422,,,Rat,A/G↓,,,,,,,,,,,,,,,,,,,,,,SD,Oral (Gavage),,,,,,Male,Main,"National Institute of Health Sciences, Japan",Blood serum (Enzyme),ReproTox,Food and Drug Safety Center,Blood chemical examination,1000,mg/kg bdwt/d,Administered dose(mass),100,mg/kg bdwt/d,Administered dose(mass),77.2,None,0,d,Time,,,,,,,,,,,,,,,,,,,,,,,,,,,,,,,,,,,,,,,,,,,,,,,,,,,,,,,,,,,,,,,,,,,,,,,,,,,,,,,,,,,,,,,,,,,,,,,,,,,,,,,,,,,,,,,,,,,,,,,,,,,,,,,,,,,,,,,,,,,,,,,,,,,,,,,,,,,,,,,,,42,d,Time,1000,,mg/kg bdwt/d,Administered dose(mass),1000,,mg/kg/d,Administered dose(mass)
103-24-2,"bis(2-ethylhexyl) azelate;1,9-bis(2-ethylhexyl) nonanedioate;Azelaic acid, bis(2-ethylhexyl) ester;bis(2-ethylhexyl) azelate;Bis(2-ethylhexyl) nonanedioate;bis(2-ethylhexyl) nonanedioate (nonanedioic acid, bis(2-ethylhexyl) ester);Di-2-ethylhexyl azelate;dioctyl azelate;Nonanedioic acid, 1,9-bis(2-ethylhexyl) ester;Nonanedioic acid, bis(2-ethylhexyl) ester",,,,,,,,,,,,,,,,,,,,,,,,,,,,,,,,,,,,,,,,,,,,,,,,,,,,,,,,,,,,,,,,,,,,,,,,,,,,,,,,,,,,,,,,,,,,,,,,,,,,,,,,,,,,,,,,,,,,,,,,,,,,,,,,Human Health Hazards#Repeated Dose Toxicity,Repeated Dose Toxicity HESS,NOEL,,False,No qualifier,Equal,,,,2003,,,,OECD TG 422,,,Rat,Alb↑,,,,,,,,,,,,,,,,,,,,,,SD,Oral (Gavage),,,,,,Male,Main,"National Institute of Health Sciences, Japan",Blood serum (Enzyme),ReproTox,Food and Drug Safety Center,Blood chemical examination,1000,mg/kg bdwt/d,Administered dose(mass),100,mg/kg bdwt/d,Administered dose(mass),77.2,None,0,d,Time,,,,,,,,,,,,,,,,,,,,,,,,,,,,,,,,,,,,,,,,,,,,,,,,,,,,,,,,,,,,,,,,,,,,,,,,,,,,,,,,,,,,,,,,,,,,,,,,,,,,,,,,,,,,,,,,,,,,,,,,,,,,,,,,,,,,,,,,,,,,,,,,,,,,,,,,,,,,,,,,,42,d,Time,1000,,mg/kg bdwt/d,Administered dose(mass),1000,,mg/kg/d,Administered dose(mass)
103-24-2,"bis(2-ethylhexyl) azelate;1,9-bis(2-ethylhexyl) nonanedioate;Azelaic acid, bis(2-ethylhexyl) ester;bis(2-ethylhexyl) azelate;Bis(2-ethylhexyl) nonanedioate;bis(2-ethylhexyl) nonanedioate (nonanedioic acid, bis(2-ethylhexyl) ester);Di-2-ethylhexyl azelate;dioctyl azelate;Nonanedioic acid, 1,9-bis(2-ethylhexyl) ester;Nonanedioic acid, bis(2-ethylhexyl) ester",,,,,,,,,,,,,,,,,,,,,,,,,,,,,,,,,,,,,,,,,,,,,,,,,,,,,,,,,,,,,,,,,,,,,,,,,,,,,,,,,,,,,,,,,,,,,,,,,,,,,,,,,,,,,,,,,,,,,,,,,,,,,,,,Human Health Hazards#Repeated Dose Toxicity,Repeated Dose Toxicity HESS,NOEL,,False,No qualifier,Equal,,,,2003,,,,OECD TG 422,,,Rat,Alb↓,,,,,,,,,,,,,,,,,,,,,,SD,Oral (Gavage),,,,,,Male,Main,"National Institute of Health Sciences, Japan",Blood serum (Enzyme),ReproTox,Food and Drug Safety Center,Blood chemical examination,1000,mg/kg bdwt/d,Administered dose(mass),100,mg/kg bdwt/d,Administered dose(mass),77.2,None,0,d,Time,,,,,,,,,,,,,,,,,,,,,,,,,,,,,,,,,,,,,,,,,,,,,,,,,,,,,,,,,,,,,,,,,,,,,,,,,,,,,,,,,,,,,,,,,,,,,,,,,,,,,,,,,,,,,,,,,,,,,,,,,,,,,,,,,,,,,,,,,,,,,,,,,,,,,,,,,,,,,,,,,42,d,Time,1000,,mg/kg bdwt/d,Administered dose(mass),1000,,mg/kg/d,Administered dose(mass)
103-24-2,"bis(2-ethylhexyl) azelate;1,9-bis(2-ethylhexyl) nonanedioate;Azelaic acid, bis(2-ethylhexyl) ester;bis(2-ethylhexyl) azelate;Bis(2-ethylhexyl) nonanedioate;bis(2-ethylhexyl) nonanedioate (nonanedioic acid, bis(2-ethylhexyl) ester);Di-2-ethylhexyl azelate;dioctyl azelate;Nonanedioic acid, 1,9-bis(2-ethylhexyl) ester;Nonanedioic acid, bis(2-ethylhexyl) ester",,,,,,,,,,,,,,,,,,,,,,,,,,,,,,,,,,,,,,,,,,,,,,,,,,,,,,,,,,,,,,,,,,,,,,,,,,,,,,,,,,,,,,,,,,,,,,,,,,,,,,,,,,,,,,,,,,,,,,,,,,,,,,,,Human Health Hazards#Repeated Dose Toxicity,Repeated Dose Toxicity HESS,NOEL,,False,No qualifier,Equal,,,,2003,,,,OECD TG 422,,,Rat,ALP↑,,,,,,,,,,,,,,,,,,,,,,SD,Oral (Gavage),,,,,,Male,Main,"National Institute of Health Sciences, Japan",Blood serum (Enzyme),ReproTox,Food and Drug Safety Center,Blood chemical examination,1000,mg/kg bdwt/d,Administered dose(mass),100,mg/kg bdwt/d,Administered dose(mass),77.2,None,0,d,Time,,,,,,,,,,,,,,,,,,,,,,,,,,,,,,,,,,,,,,,,,,,,,,,,,,,,,,,,,,,,,,,,,,,,,,,,,,,,,,,,,,,,,,,,,,,,,,,,,,,,,,,,,,,,,,,,,,,,,,,,,,,,,,,,,,,,,,,,,,,,,,,,,,,,,,,,,,,,,,,,,42,d,Time,1000,,mg/kg bdwt/d,Administered dose(mass),1000,,mg/kg/d,Administered dose(mass)
103-24-2,"bis(2-ethylhexyl) azelate;1,9-bis(2-ethylhexyl) nonanedioate;Azelaic acid, bis(2-ethylhexyl) ester;bis(2-ethylhexyl) azelate;Bis(2-ethylhexyl) nonanedioate;bis(2-ethylhexyl) nonanedioate (nonanedioic acid, bis(2-ethylhexyl) ester);Di-2-ethylhexyl azelate;dioctyl azelate;Nonanedioic acid, 1,9-bis(2-ethylhexyl) ester;Nonanedioic acid, bis(2-ethylhexyl) ester",,,,,,,,,,,,,,,,,,,,,,,,,,,,,,,,,,,,,,,,,,,,,,,,,,,,,,,,,,,,,,,,,,,,,,,,,,,,,,,,,,,,,,,,,,,,,,,,,,,,,,,,,,,,,,,,,,,,,,,,,,,,,,,,Human Health Hazards#Repeated Dose Toxicity,Repeated Dose Toxicity HESS,NOEL,,False,No qualifier,Equal,,,,2003,,,,OECD TG 422,,,Rat,ALP↓,,,,,,,,,,,,,,,,,,,,,,SD,Oral (Gavage),,,,,,Male,Main,"National Institute of Health Sciences, Japan",Blood serum (Enzyme),ReproTox,Food and Drug Safety Center,Blood chemical examination,1000,mg/kg bdwt/d,Administered dose(mass),100,mg/kg bdwt/d,Administered dose(mass),77.2,None,0,d,Time,,,,,,,,,,,,,,,,,,,,,,,,,,,,,,,,,,,,,,,,,,,,,,,,,,,,,,,,,,,,,,,,,,,,,,,,,,,,,,,,,,,,,,,,,,,,,,,,,,,,,,,,,,,,,,,,,,,,,,,,,,,,,,,,,,,,,,,,,,,,,,,,,,,,,,,,,,,,,,,,,42,d,Time,1000,,mg/kg bdwt/d,Administered dose(mass),1000,,mg/kg/d,Administered dose(mass)
103-24-2,"bis(2-ethylhexyl) azelate;1,9-bis(2-ethylhexyl) nonanedioate;Azelaic acid, bis(2-ethylhexyl) ester;bis(2-ethylhexyl) azelate;Bis(2-ethylhexyl) nonanedioate;bis(2-ethylhexyl) nonanedioate (nonanedioic acid, bis(2-ethylhexyl) ester);Di-2-ethylhexyl azelate;dioctyl azelate;Nonanedioic acid, 1,9-bis(2-ethylhexyl) ester;Nonanedioic acid, bis(2-ethylhexyl) ester",,,,,,,,,,,,,,,,,,,,,,,,,,,,,,,,,,,,,,,,,,,,,,,,,,,,,,,,,,,,,,,,,,,,,,,,,,,,,,,,,,,,,,,,,,,,,,,,,,,,,,,,,,,,,,,,,,,,,,,,,,,,,,,,Human Health Hazards#Repeated Dose Toxicity,Repeated Dose Toxicity HESS,NOEL,,False,No qualifier,Equal,,,,2003,,,,OECD TG 422,,,Rat,ALT(GPT)↑,,,,,,,,,,,,,,,,,,,,,,SD,Oral (Gavage),,,,,,Male,Main,"National Institute of Health Sciences, Japan",Blood serum (Enzyme),ReproTox,Food and Drug Safety Center,Blood chemical examination,1000,mg/kg bdwt/d,Administered dose(mass),100,mg/kg bdwt/d,Administered dose(mass),77.2,None,0,d,Time,,,,,,,,,,,,,,,,,,,,,,,,,,,,,,,,,,,,,,,,,,,,,,,,,,,,,,,,,,,,,,,,,,,,,,,,,,,,,,,,,,,,,,,,,,,,,,,,,,,,,,,,,,,,,,,,,,,,,,,,,,,,,,,,,,,,,,,,,,,,,,,,,,,,,,,,,,,,,,,,,42,d,Time,1000,,mg/kg bdwt/d,Administered dose(mass),1000,,mg/kg/d,Administered dose(mass)
103-24-2,"bis(2-ethylhexyl) azelate;1,9-bis(2-ethylhexyl) nonanedioate;Azelaic acid, bis(2-ethylhexyl) ester;bis(2-ethylhexyl) azelate;Bis(2-ethylhexyl) nonanedioate;bis(2-ethylhexyl) nonanedioate (nonanedioic acid, bis(2-ethylhexyl) ester);Di-2-ethylhexyl azelate;dioctyl azelate;Nonanedioic acid, 1,9-bis(2-ethylhexyl) ester;Nonanedioic acid, bis(2-ethylhexyl) ester",,,,,,,,,,,,,,,,,,,,,,,,,,,,,,,,,,,,,,,,,,,,,,,,,,,,,,,,,,,,,,,,,,,,,,,,,,,,,,,,,,,,,,,,,,,,,,,,,,,,,,,,,,,,,,,,,,,,,,,,,,,,,,,,Human Health Hazards#Repeated Dose Toxicity,Repeated Dose Toxicity HESS,NOEL,,False,No qualifier,Equal,,,,2003,,,,OECD TG 422,,,Rat,ALT(GPT)↓,,,,,,,,,,,,,,,,,,,,,,SD,Oral (Gavage),,,,,,Male,Main,"National Institute of Health Sciences, Japan",Blood serum (Enzyme),ReproTox,Food and Drug Safety Center,Blood chemical examination,1000,mg/kg bdwt/d,Administered dose(mass),100,mg/kg bdwt/d,Administered dose(mass),77.2,None,0,d,Time,,,,,,,,,,,,,,,,,,,,,,,,,,,,,,,,,,,,,,,,,,,,,,,,,,,,,,,,,,,,,,,,,,,,,,,,,,,,,,,,,,,,,,,,,,,,,,,,,,,,,,,,,,,,,,,,,,,,,,,,,,,,,,,,,,,,,,,,,,,,,,,,,,,,,,,,,,,,,,,,,42,d,Time,1000,,mg/kg bdwt/d,Administered dose(mass),1000,,mg/kg/d,Administered dose(mass)
103-24-2,"bis(2-ethylhexyl) azelate;1,9-bis(2-ethylhexyl) nonanedioate;Azelaic acid, bis(2-ethylhexyl) ester;bis(2-ethylhexyl) azelate;Bis(2-ethylhexyl) nonanedioate;bis(2-ethylhexyl) nonanedioate (nonanedioic acid, bis(2-ethylhexyl) ester);Di-2-ethylhexyl azelate;dioctyl azelate;Nonanedioic acid, 1,9-bis(2-ethylhexyl) ester;Nonanedioic acid, bis(2-ethylhexyl) ester",,,,,,,,,,,,,,,,,,,,,,,,,,,,,,,,,,,,,,,,,,,,,,,,,,,,,,,,,,,,,,,,,,,,,,,,,,,,,,,,,,,,,,,,,,,,,,,,,,,,,,,,,,,,,,,,,,,,,,,,,,,,,,,,Human Health Hazards#Repeated Dose Toxicity,Repeated Dose Toxicity HESS,NOEL,,False,No qualifier,Equal,,,,2003,,,,OECD TG 422,,,Rat,AST(GOT)↑,,,,,,,,,,,,,,,,,,,,,,SD,Oral (Gavage),,,,,,Male,Main,"National Institute of Health Sciences, Japan",Blood serum (Enzyme),ReproTox,Food and Drug Safety Center,Blood chemical examination,1000,mg/kg bdwt/d,Administered dose(mass),100,mg/kg bdwt/d,Administered dose(mass),77.2,None,0,d,Time,,,,,,,,,,,,,,,,,,,,,,,,,,,,,,,,,,,,,,,,,,,,,,,,,,,,,,,,,,,,,,,,,,,,,,,,,,,,,,,,,,,,,,,,,,,,,,,,,,,,,,,,,,,,,,,,,,,,,,,,,,,,,,,,,,,,,,,,,,,,,,,,,,,,,,,,,,,,,,,,,42,d,Time,1000,,mg/kg bdwt/d,Administered dose(mass),1000,,mg/kg/d,Administered dose(mass)
103-24-2,"bis(2-ethylhexyl) azelate;1,9-bis(2-ethylhexyl) nonanedioate;Azelaic acid, bis(2-ethylhexyl) ester;bis(2-ethylhexyl) azelate;Bis(2-ethylhexyl) nonanedioate;bis(2-ethylhexyl) nonanedioate (nonanedioic acid, bis(2-ethylhexyl) ester);Di-2-ethylhexyl azelate;dioctyl azelate;Nonanedioic acid, 1,9-bis(2-ethylhexyl) ester;Nonanedioic acid, bis(2-ethylhexyl) ester",,,,,,,,,,,,,,,,,,,,,,,,,,,,,,,,,,,,,,,,,,,,,,,,,,,,,,,,,,,,,,,,,,,,,,,,,,,,,,,,,,,,,,,,,,,,,,,,,,,,,,,,,,,,,,,,,,,,,,,,,,,,,,,,Human Health Hazards#Repeated Dose Toxicity,Repeated Dose Toxicity HESS,NOEL,,False,No qualifier,Equal,,,,2003,,,,OECD TG 422,,,Rat,AST(GOT)↓,,,,,,,,,,,,,,,,,,,,,,SD,Oral (Gavage),,,,,,Male,Main,"National Institute of Health Sciences, Japan",Blood serum (Enzyme),ReproTox,Food and Drug Safety Center,Blood chemical examination,1000,mg/kg bdwt/d,Administered dose(mass),100,mg/kg bdwt/d,Administered dose(mass),77.2,None,0,d,Time,,,,,,,,,,,,,,,,,,,,,,,,,,,,,,,,,,,,,,,,,,,,,,,,,,,,,,,,,,,,,,,,,,,,,,,,,,,,,,,,,,,,,,,,,,,,,,,,,,,,,,,,,,,,,,,,,,,,,,,,,,,,,,,,,,,,,,,,,,,,,,,,,,,,,,,,,,,,,,,,,42,d,Time,1000,,mg/kg bdwt/d,Administered dose(mass),1000,,mg/kg/d,Administered dose(mass)
103-24-2,"bis(2-ethylhexyl) azelate;1,9-bis(2-ethylhexyl) nonanedioate;Azelaic acid, bis(2-ethylhexyl) ester;bis(2-ethylhexyl) azelate;Bis(2-ethylhexyl) nonanedioate;bis(2-ethylhexyl) nonanedioate (nonanedioic acid, bis(2-ethylhexyl) ester);Di-2-ethylhexyl azelate;dioctyl azelate;Nonanedioic acid, 1,9-bis(2-ethylhexyl) ester;Nonanedioic acid, bis(2-ethylhexyl) ester",,,,,,,,,,,,,,,,,,,,,,,,,,,,,,,,,,,,,,,,,,,,,,,,,,,,,,,,,,,,,,,,,,,,,,,,,,,,,,,,,,,,,,,,,,,,,,,,,,,,,,,,,,,,,,,,,,,,,,,,,,,,,,,,Human Health Hazards#Repeated Dose Toxicity,Repeated Dose Toxicity HESS,NOEL,,False,No qualifier,Equal,,,,2003,,,,OECD TG 422,,,Rat,T. Protein↑,,,,,,,,,,,,,,,,,,,,,,SD,Oral (Gavage),,,,,,Male,Main,"National Institute of Health Sciences, Japan",Blood serum (Enzyme),ReproTox,Food and Drug Safety Center,Blood chemical examination,1000,mg/kg bdwt/d,Administered dose(mass),100,mg/kg bdwt/d,Administered dose(mass),77.2,None,0,d,Time,,,,,,,,,,,,,,,,,,,,,,,,,,,,,,,,,,,,,,,,,,,,,,,,,,,,,,,,,,,,,,,,,,,,,,,,,,,,,,,,,,,,,,,,,,,,,,,,,,,,,,,,,,,,,,,,,,,,,,,,,,,,,,,,,,,,,,,,,,,,,,,,,,,,,,,,,,,,,,,,,42,d,Time,1000,,mg/kg bdwt/d,Administered dose(mass),1000,,mg/kg/d,Administered dose(mass)
103-24-2,"bis(2-ethylhexyl) azelate;1,9-bis(2-ethylhexyl) nonanedioate;Azelaic acid, bis(2-ethylhexyl) ester;bis(2-ethylhexyl) azelate;Bis(2-ethylhexyl) nonanedioate;bis(2-ethylhexyl) nonanedioate (nonanedioic acid, bis(2-ethylhexyl) ester);Di-2-ethylhexyl azelate;dioctyl azelate;Nonanedioic acid, 1,9-bis(2-ethylhexyl) ester;Nonanedioic acid, bis(2-ethylhexyl) ester",,,,,,,,,,,,,,,,,,,,,,,,,,,,,,,,,,,,,,,,,,,,,,,,,,,,,,,,,,,,,,,,,,,,,,,,,,,,,,,,,,,,,,,,,,,,,,,,,,,,,,,,,,,,,,,,,,,,,,,,,,,,,,,,Human Health Hazards#Repeated Dose Toxicity,Repeated Dose Toxicity HESS,NOEL,,False,No qualifier,Equal,,,,2003,,,,OECD TG 422,,,Rat,T. Protein↓,,,,,,,,,,,,,,,,,,,,,,SD,Oral (Gavage),,,,,,Male,Main,"National Institute of Health Sciences, Japan",Blood serum (Enzyme),ReproTox,Food and Drug Safety Center,Blood chemical examination,1000,mg/kg bdwt/d,Administered dose(mass),100,mg/kg bdwt/d,Administered dose(mass),77.2,None,0,d,Time,,,,,,,,,,,,,,,,,,,,,,,,,,,,,,,,,,,,,,,,,,,,,,,,,,,,,,,,,,,,,,,,,,,,,,,,,,,,,,,,,,,,,,,,,,,,,,,,,,,,,,,,,,,,,,,,,,,,,,,,,,,,,,,,,,,,,,,,,,,,,,,,,,,,,,,,,,,,,,,,,42,d,Time,1000,,mg/kg bdwt/d,Administered dose(mass),1000,,mg/kg/d,Administered dose(mass)
103-24-2,"bis(2-ethylhexyl) azelate;1,9-bis(2-ethylhexyl) nonanedioate;Azelaic acid, bis(2-ethylhexyl) ester;bis(2-ethylhexyl) azelate;Bis(2-ethylhexyl) nonanedioate;bis(2-ethylhexyl) nonanedioate (nonanedioic acid, bis(2-ethylhexyl) ester);Di-2-ethylhexyl azelate;dioctyl azelate;Nonanedioic acid, 1,9-bis(2-ethylhexyl) ester;Nonanedioic acid, bis(2-ethylhexyl) ester",,,,,,,,,,,,,,,,,,,,,,,,,,,,,,,,,,,,,,,,,,,,,,,,,,,,,,,,,,,,,,,,,,,,,,,,,,,,,,,,,,,,,,,,,,,,,,,,,,,,,,,,,,,,,,,,,,,,,,,,,,,,,,,,Human Health Hazards#Repeated Dose Toxicity,Repeated Dose Toxicity HESS,NOEL,,False,No qualifier,Equal,,,,2003,,,,OECD TG 422,,,Rat,Γ-GTP↑,,,,,,,,,,,,,,,,,,,,,,SD,Oral (Gavage),,,,,,Male,Main,"National Institute of Health Sciences, Japan",Blood serum (Enzyme),ReproTox,Food and Drug Safety Center,Blood chemical examination,1000,mg/kg bdwt/d,Administered dose(mass),100,mg/kg bdwt/d,Administered dose(mass),77.2,None,0,d,Time,,,,,,,,,,,,,,,,,,,,,,,,,,,,,,,,,,,,,,,,,,,,,,,,,,,,,,,,,,,,,,,,,,,,,,,,,,,,,,,,,,,,,,,,,,,,,,,,,,,,,,,,,,,,,,,,,,,,,,,,,,,,,,,,,,,,,,,,,,,,,,,,,,,,,,,,,,,,,,,,,42,d,Time,1000,,mg/kg bdwt/d,Administered dose(mass),1000,,mg/kg/d,Administered dose(mass)
103-24-2,"bis(2-ethylhexyl) azelate;1,9-bis(2-ethylhexyl) nonanedioate;Azelaic acid, bis(2-ethylhexyl) ester;bis(2-ethylhexyl) azelate;Bis(2-ethylhexyl) nonanedioate;bis(2-ethylhexyl) nonanedioate (nonanedioic acid, bis(2-ethylhexyl) ester);Di-2-ethylhexyl azelate;dioctyl azelate;Nonanedioic acid, 1,9-bis(2-ethylhexyl) ester;Nonanedioic acid, bis(2-ethylhexyl) ester",,,,,,,,,,,,,,,,,,,,,,,,,,,,,,,,,,,,,,,,,,,,,,,,,,,,,,,,,,,,,,,,,,,,,,,,,,,,,,,,,,,,,,,,,,,,,,,,,,,,,,,,,,,,,,,,,,,,,,,,,,,,,,,,Human Health Hazards#Repeated Dose Toxicity,Repeated Dose Toxicity HESS,NOEL,,False,No qualifier,Equal,,,,2003,,,,OECD TG 422,,,Rat,Γ-GTP↓,,,,,,,,,,,,,,,,,,,,,,SD,Oral (Gavage),,,,,,Male,Main,"National Institute of Health Sciences, Japan",Blood serum (Enzyme),ReproTox,Food and Drug Safety Center,Blood chemical examination,1000,mg/kg bdwt/d,Administered dose(mass),100,mg/kg bdwt/d,Administered dose(mass),77.2,None,0,d,Time,,,,,,,,,,,,,,,,,,,,,,,,,,,,,,,,,,,,,,,,,,,,,,,,,,,,,,,,,,,,,,,,,,,,,,,,,,,,,,,,,,,,,,,,,,,,,,,,,,,,,,,,,,,,,,,,,,,,,,,,,,,,,,,,,,,,,,,,,,,,,,,,,,,,,,,,,,,,,,,,,42,d,Time,1000,,mg/kg bdwt/d,Administered dose(mass),1000,,mg/kg/d,Administered dose(mass)
103-24-2,"bis(2-ethylhexyl) azelate;1,9-bis(2-ethylhexyl) nonanedioate;Azelaic acid, bis(2-ethylhexyl) ester;bis(2-ethylhexyl) azelate;Bis(2-ethylhexyl) nonanedioate;bis(2-ethylhexyl) nonanedioate (nonanedioic acid, bis(2-ethylhexyl) ester);Di-2-ethylhexyl azelate;dioctyl azelate;Nonanedioic acid, 1,9-bis(2-ethylhexyl) ester;Nonanedioic acid, bis(2-ethylhexyl) ester",,,,,,,,,,,,,,,,,,,,,,,,,,,,,,,,,,,,,,,,,,,,,,,,,,,,,,,,,,,,,,,,,,,,,,,,,,,,,,,,,,,,,,,,,,,,,,,,,,,,,,,,,,,,,,,,,,,,,,,,,,,,,,,,Human Health Hazards#Repeated Dose Toxicity,Repeated Dose Toxicity HESS,NOEL,,False,No qualifier,Equal,,,,2003,,,,OECD TG 422,,,Rat,T. Cholesterol↑,,,,,,,,,,,,,,,,,,,,,,SD,Oral (Gavage),,,,,,Male,Main,"National Institute of Health Sciences, Japan",Blood serum (Lipid),ReproTox,Food and Drug Safety Center,Blood chemical examination,1000,mg/kg bdwt/d,Administered dose(mass),100,mg/kg bdwt/d,Administered dose(mass),77.2,None,0,d,Time,,,,,,,,,,,,,,,,,,,,,,,,,,,,,,,,,,,,,,,,,,,,,,,,,,,,,,,,,,,,,,,,,,,,,,,,,,,,,,,,,,,,,,,,,,,,,,,,,,,,,,,,,,,,,,,,,,,,,,,,,,,,,,,,,,,,,,,,,,,,,,,,,,,,,,,,,,,,,,,,,42,d,Time,1000,,mg/kg bdwt/d,Administered dose(mass),1000,,mg/kg/d,Administered dose(mass)
103-24-2,"bis(2-ethylhexyl) azelate;1,9-bis(2-ethylhexyl) nonanedioate;Azelaic acid, bis(2-ethylhexyl) ester;bis(2-ethylhexyl) azelate;Bis(2-ethylhexyl) nonanedioate;bis(2-ethylhexyl) nonanedioate (nonanedioic acid, bis(2-ethylhexyl) ester);Di-2-ethylhexyl azelate;dioctyl azelate;Nonanedioic acid, 1,9-bis(2-ethylhexyl) ester;Nonanedioic acid, bis(2-ethylhexyl) ester",,,,,,,,,,,,,,,,,,,,,,,,,,,,,,,,,,,,,,,,,,,,,,,,,,,,,,,,,,,,,,,,,,,,,,,,,,,,,,,,,,,,,,,,,,,,,,,,,,,,,,,,,,,,,,,,,,,,,,,,,,,,,,,,Human Health Hazards#Repeated Dose Toxicity,Repeated Dose Toxicity HESS,NOEL,,False,No qualifier,Equal,,,,2003,,,,OECD TG 422,,,Rat,T. Cholesterol↓,,,,,,,,,,,,,,,,,,,,,,SD,Oral (Gavage),,,,,,Male,Main,"National Institute of Health Sciences, Japan",Blood serum (Lipid),ReproTox,Food and Drug Safety Center,Blood chemical examination,1000,mg/kg bdwt/d,Administered dose(mass),100,mg/kg bdwt/d,Administered dose(mass),77.2,None,0,d,Time,,,,,,,,,,,,,,,,,,,,,,,,,,,,,,,,,,,,,,,,,,,,,,,,,,,,,,,,,,,,,,,,,,,,,,,,,,,,,,,,,,,,,,,,,,,,,,,,,,,,,,,,,,,,,,,,,,,,,,,,,,,,,,,,,,,,,,,,,,,,,,,,,,,,,,,,,,,,,,,,,42,d,Time,1000,,mg/kg bdwt/d,Administered dose(mass),1000,,mg/kg/d,Administered dose(mass)
103-24-2,"bis(2-ethylhexyl) azelate;1,9-bis(2-ethylhexyl) nonanedioate;Azelaic acid, bis(2-ethylhexyl) ester;bis(2-ethylhexyl) azelate;Bis(2-ethylhexyl) nonanedioate;bis(2-ethylhexyl) nonanedioate (nonanedioic acid, bis(2-ethylhexyl) ester);Di-2-ethylhexyl azelate;dioctyl azelate;Nonanedioic acid, 1,9-bis(2-ethylhexyl) ester;Nonanedioic acid, bis(2-ethylhexyl) ester",,,,,,,,,,,,,,,,,,,,,,,,,,,,,,,,,,,,,,,,,,,,,,,,,,,,,,,,,,,,,,,,,,,,,,,,,,,,,,,,,,,,,,,,,,,,,,,,,,,,,,,,,,,,,,,,,,,,,,,,,,,,,,,,Human Health Hazards#Repeated Dose Toxicity,Repeated Dose Toxicity HESS,NOEL,,False,No qualifier,Equal,,,,2003,,,,OECD TG 422,,,Rat,Triglyceride↑,,,,,,,,,,,,,,,,,,,,,,SD,Oral (Gavage),,,,,,Male,Main,"National Institute of Health Sciences, Japan",Blood serum (Lipid),ReproTox,Food and Drug Safety Center,Blood chemical examination,1000,mg/kg bdwt/d,Administered dose(mass),100,mg/kg bdwt/d,Administered dose(mass),77.2,None,0,d,Time,,,,,,,,,,,,,,,,,,,,,,,,,,,,,,,,,,,,,,,,,,,,,,,,,,,,,,,,,,,,,,,,,,,,,,,,,,,,,,,,,,,,,,,,,,,,,,,,,,,,,,,,,,,,,,,,,,,,,,,,,,,,,,,,,,,,,,,,,,,,,,,,,,,,,,,,,,,,,,,,,42,d,Time,1000,,mg/kg bdwt/d,Administered dose(mass),1000,,mg/kg/d,Administered dose(mass)
103-24-2,"bis(2-ethylhexyl) azelate;1,9-bis(2-ethylhexyl) nonanedioate;Azelaic acid, bis(2-ethylhexyl) ester;bis(2-ethylhexyl) azelate;Bis(2-ethylhexyl) nonanedioate;bis(2-ethylhexyl) nonanedioate (nonanedioic acid, bis(2-ethylhexyl) ester);Di-2-ethylhexyl azelate;dioctyl azelate;Nonanedioic acid, 1,9-bis(2-ethylhexyl) ester;Nonanedioic acid, bis(2-ethylhexyl) ester",,,,,,,,,,,,,,,,,,,,,,,,,,,,,,,,,,,,,,,,,,,,,,,,,,,,,,,,,,,,,,,,,,,,,,,,,,,,,,,,,,,,,,,,,,,,,,,,,,,,,,,,,,,,,,,,,,,,,,,,,,,,,,,,Human Health Hazards#Repeated Dose Toxicity,Repeated Dose Toxicity HESS,NOEL,,False,No qualifier,Equal,,,,2003,,,,OECD TG 422,,,Rat,Triglyceride↓,,,,,,,,,,,,,,,,,,,,,,SD,Oral (Gavage),,,,,,Male,Main,"National Institute of Health Sciences, Japan",Blood serum (Lipid),ReproTox,Food and Drug Safety Center,Blood chemical examination,1000,mg/kg bdwt/d,Administered dose(mass),100,mg/kg bdwt/d,Administered dose(mass),77.2,None,0,d,Time,,,,,,,,,,,,,,,,,,,,,,,,,,,,,,,,,,,,,,,,,,,,,,,,,,,,,,,,,,,,,,,,,,,,,,,,,,,,,,,,,,,,,,,,,,,,,,,,,,,,,,,,,,,,,,,,,,,,,,,,,,,,,,,,,,,,,,,,,,,,,,,,,,,,,,,,,,,,,,,,,42,d,Time,1000,,mg/kg bdwt/d,Administered dose(mass),1000,,mg/kg/d,Administered dose(mass)
103-24-2,"bis(2-ethylhexyl) azelate;1,9-bis(2-ethylhexyl) nonanedioate;Azelaic acid, bis(2-ethylhexyl) ester;bis(2-ethylhexyl) azelate;Bis(2-ethylhexyl) nonanedioate;bis(2-ethylhexyl) nonanedioate (nonanedioic acid, bis(2-ethylhexyl) ester);Di-2-ethylhexyl azelate;dioctyl azelate;Nonanedioic acid, 1,9-bis(2-ethylhexyl) ester;Nonanedioic acid, bis(2-ethylhexyl) ester",,,,,,,,,,,,,,,,,,,,,,,,,,,,,,,,,,,,,,,,,,,,,,,,,,,,,,,,,,,,,,,,,,,,,,,,,,,,,,,,,,,,,,,,,,,,,,,,,,,,,,,,,,,,,,,,,,,,,,,,,,,,,,,,Human Health Hazards#Repeated Dose Toxicity,Repeated Dose Toxicity HESS,NOEL,,False,No qualifier,Equal,,,,2003,,,,OECD TG 422,,,Rat,BUN↑,,,,,,,,,,,,,,,,,,,,,,SD,Oral (Gavage),,,,,,Male,Main,"National Institute of Health Sciences, Japan",Blood serum (Nitrogen compound),ReproTox,Food and Drug Safety Center,Blood chemical examination,1000,mg/kg bdwt/d,Administered dose(mass),100,mg/kg bdwt/d,Administered dose(mass),77.2,None,0,d,Time,,,,,,,,,,,,,,,,,,,,,,,,,,,,,,,,,,,,,,,,,,,,,,,,,,,,,,,,,,,,,,,,,,,,,,,,,,,,,,,,,,,,,,,,,,,,,,,,,,,,,,,,,,,,,,,,,,,,,,,,,,,,,,,,,,,,,,,,,,,,,,,,,,,,,,,,,,,,,,,,,42,d,Time,1000,,mg/kg bdwt/d,Administered dose(mass),1000,,mg/kg/d,Administered dose(mass)
103-24-2,"bis(2-ethylhexyl) azelate;1,9-bis(2-ethylhexyl) nonanedioate;Azelaic acid, bis(2-ethylhexyl) ester;bis(2-ethylhexyl) azelate;Bis(2-ethylhexyl) nonanedioate;bis(2-ethylhexyl) nonanedioate (nonanedioic acid, bis(2-ethylhexyl) ester);Di-2-ethylhexyl azelate;dioctyl azelate;Nonanedioic acid, 1,9-bis(2-ethylhexyl) ester;Nonanedioic acid, bis(2-ethylhexyl) ester",,,,,,,,,,,,,,,,,,,,,,,,,,,,,,,,,,,,,,,,,,,,,,,,,,,,,,,,,,,,,,,,,,,,,,,,,,,,,,,,,,,,,,,,,,,,,,,,,,,,,,,,,,,,,,,,,,,,,,,,,,,,,,,,Human Health Hazards#Repeated Dose Toxicity,Repeated Dose Toxicity HESS,NOEL,,False,No qualifier,Equal,,,,2003,,,,OECD TG 422,,,Rat,BUN↓,,,,,,,,,,,,,,,,,,,,,,SD,Oral (Gavage),,,,,,Male,Main,"National Institute of Health Sciences, Japan",Blood serum (Nitrogen compound),ReproTox,Food and Drug Safety Center,Blood chemical examination,1000,mg/kg bdwt/d,Administered dose(mass),100,mg/kg bdwt/d,Administered dose(mass),77.2,None,0,d,Time,,,,,,,,,,,,,,,,,,,,,,,,,,,,,,,,,,,,,,,,,,,,,,,,,,,,,,,,,,,,,,,,,,,,,,,,,,,,,,,,,,,,,,,,,,,,,,,,,,,,,,,,,,,,,,,,,,,,,,,,,,,,,,,,,,,,,,,,,,,,,,,,,,,,,,,,,,,,,,,,,42,d,Time,1000,,mg/kg bdwt/d,Administered dose(mass),1000,,mg/kg/d,Administered dose(mass)
103-24-2,"bis(2-ethylhexyl) azelate;1,9-bis(2-ethylhexyl) nonanedioate;Azelaic acid, bis(2-ethylhexyl) ester;bis(2-ethylhexyl) azelate;Bis(2-ethylhexyl) nonanedioate;bis(2-ethylhexyl) nonanedioate (nonanedioic acid, bis(2-ethylhexyl) ester);Di-2-ethylhexyl azelate;dioctyl azelate;Nonanedioic acid, 1,9-bis(2-ethylhexyl) ester;Nonanedioic acid, bis(2-ethylhexyl) ester",,,,,,,,,,,,,,,,,,,,,,,,,,,,,,,,,,,,,,,,,,,,,,,,,,,,,,,,,,,,,,,,,,,,,,,,,,,,,,,,,,,,,,,,,,,,,,,,,,,,,,,,,,,,,,,,,,,,,,,,,,,,,,,,Human Health Hazards#Repeated Dose Toxicity,Repeated Dose Toxicity HESS,NOEL,,False,No qualifier,Equal,,,,2003,,,,OECD TG 422,,,Rat,Creatinine↑,,,,,,,,,,,,,,,,,,,,,,SD,Oral (Gavage),,,,,,Male,Main,"National Institute of Health Sciences, Japan",Blood serum (Nitrogen compound),ReproTox,Food and Drug Safety Center,Blood chemical examination,1000,mg/kg bdwt/d,Administered dose(mass),100,mg/kg bdwt/d,Administered dose(mass),77.2,None,0,d,Time,,,,,,,,,,,,,,,,,,,,,,,,,,,,,,,,,,,,,,,,,,,,,,,,,,,,,,,,,,,,,,,,,,,,,,,,,,,,,,,,,,,,,,,,,,,,,,,,,,,,,,,,,,,,,,,,,,,,,,,,,,,,,,,,,,,,,,,,,,,,,,,,,,,,,,,,,,,,,,,,,42,d,Time,1000,,mg/kg bdwt/d,Administered dose(mass),1000,,mg/kg/d,Administered dose(mass)
103-24-2,"bis(2-ethylhexyl) azelate;1,9-bis(2-ethylhexyl) nonanedioate;Azelaic acid, bis(2-ethylhexyl) ester;bis(2-ethylhexyl) azelate;Bis(2-ethylhexyl) nonanedioate;bis(2-ethylhexyl) nonanedioate (nonanedioic acid, bis(2-ethylhexyl) ester);Di-2-ethylhexyl azelate;dioctyl azelate;Nonanedioic acid, 1,9-bis(2-ethylhexyl) ester;Nonanedioic acid, bis(2-ethylhexyl) ester",,,,,,,,,,,,,,,,,,,,,,,,,,,,,,,,,,,,,,,,,,,,,,,,,,,,,,,,,,,,,,,,,,,,,,,,,,,,,,,,,,,,,,,,,,,,,,,,,,,,,,,,,,,,,,,,,,,,,,,,,,,,,,,,Human Health Hazards#Repeated Dose Toxicity,Repeated Dose Toxicity HESS,NOEL,,False,No qualifier,Equal,,,,2003,,,,OECD TG 422,,,Rat,Glucose↑,,,,,,,,,,,,,,,,,,,,,,SD,Oral (Gavage),,,,,,Male,Main,"National Institute of Health Sciences, Japan",Blood serum (Sugar),ReproTox,Food and Drug Safety Center,Blood chemical examination,1000,mg/kg bdwt/d,Administered dose(mass),100,mg/kg bdwt/d,Administered dose(mass),77.2,None,0,d,Time,,,,,,,,,,,,,,,,,,,,,,,,,,,,,,,,,,,,,,,,,,,,,,,,,,,,,,,,,,,,,,,,,,,,,,,,,,,,,,,,,,,,,,,,,,,,,,,,,,,,,,,,,,,,,,,,,,,,,,,,,,,,,,,,,,,,,,,,,,,,,,,,,,,,,,,,,,,,,,,,,42,d,Time,1000,,mg/kg bdwt/d,Administered dose(mass),1000,,mg/kg/d,Administered dose(mass)
103-24-2,"bis(2-ethylhexyl) azelate;1,9-bis(2-ethylhexyl) nonanedioate;Azelaic acid, bis(2-ethylhexyl) ester;bis(2-ethylhexyl) azelate;Bis(2-ethylhexyl) nonanedioate;bis(2-ethylhexyl) nonanedioate (nonanedioic acid, bis(2-ethylhexyl) ester);Di-2-ethylhexyl azelate;dioctyl azelate;Nonanedioic acid, 1,9-bis(2-ethylhexyl) ester;Nonanedioic acid, bis(2-ethylhexyl) ester",,,,,,,,,,,,,,,,,,,,,,,,,,,,,,,,,,,,,,,,,,,,,,,,,,,,,,,,,,,,,,,,,,,,,,,,,,,,,,,,,,,,,,,,,,,,,,,,,,,,,,,,,,,,,,,,,,,,,,,,,,,,,,,,Human Health Hazards#Repeated Dose Toxicity,Repeated Dose Toxicity HESS,NOEL,,False,No qualifier,Equal,,,,2003,,,,OECD TG 422,,,Rat,Glucose↓,,,,,,,,,,,,,,,,,,,,,,SD,Oral (Gavage),,,,,,Male,Main,"National Institute of Health Sciences, Japan",Blood serum (Sugar),ReproTox,Food and Drug Safety Center,Blood chemical examination,1000,mg/kg bdwt/d,Administered dose(mass),100,mg/kg bdwt/d,Administered dose(mass),77.2,None,0,d,Time,,,,,,,,,,,,,,,,,,,,,,,,,,,,,,,,,,,,,,,,,,,,,,,,,,,,,,,,,,,,,,,,,,,,,,,,,,,,,,,,,,,,,,,,,,,,,,,,,,,,,,,,,,,,,,,,,,,,,,,,,,,,,,,,,,,,,,,,,,,,,,,,,,,,,,,,,,,,,,,,,42,d,Time,1000,,mg/kg bdwt/d,Administered dose(mass),1000,,mg/kg/d,Administered dose(mass)
103-24-2,"bis(2-ethylhexyl) azelate;1,9-bis(2-ethylhexyl) nonanedioate;Azelaic acid, bis(2-ethylhexyl) ester;bis(2-ethylhexyl) azelate;Bis(2-ethylhexyl) nonanedioate;bis(2-ethylhexyl) nonanedioate (nonanedioic acid, bis(2-ethylhexyl) ester);Di-2-ethylhexyl azelate;dioctyl azelate;Nonanedioic acid, 1,9-bis(2-ethylhexyl) ester;Nonanedioic acid, bis(2-ethylhexyl) ester",,,,,,,,,,,,,,,,,,,,,,,,,,,,,,,,,,,,,,,,,,,,,,,,,,,,,,,,,,,,,,,,,,,,,,,,,,,,,,,,,,,,,,,,,,,,,,,,,,,,,,,,,,,,,,,,,,,,,,,,,,,,,,,,Human Health Hazards#Repeated Dose Toxicity,Repeated Dose Toxicity HESS,NOEL,,False,No qualifier,Equal,,,,2003,,,,OECD TG 422,,,Rat,Hematopoiesis↑,,,,,,,,,,,,,,,,,,,,,,SD,Oral (Gavage),,,,,,Male,Main,"National Institute of Health Sciences, Japan",Bone marrow,ReproTox,Food and Drug Safety Center,Histopathological findings,1000,mg/kg bdwt/d,Administered dose(mass),100,mg/kg bdwt/d,Administered dose(mass),77.2,None,0,d,Time,,,,,,,,,,,,,,,,,,,,,,,,,,,,,,,,,,,,,,,,,,,,,,,,,,,,,,,,,,,,,,,,,,,,,,,,,,,,,,,,,,,,,,,,,,,,,,,,,,,,,,,,,,,,,,,,,,,,,,,,,,,,,,,,,,,,,,,,,,,,,,,,,,,,,,,,,,,,,,,,,42,d,Time,1000,,mg/kg bdwt/d,Administered dose(mass),1000,,mg/kg/d,Administered dose(mass)
103-24-2,"bis(2-ethylhexyl) azelate;1,9-bis(2-ethylhexyl) nonanedioate;Azelaic acid, bis(2-ethylhexyl) ester;bis(2-ethylhexyl) azelate;Bis(2-ethylhexyl) nonanedioate;bis(2-ethylhexyl) nonanedioate (nonanedioic acid, bis(2-ethylhexyl) ester);Di-2-ethylhexyl azelate;dioctyl azelate;Nonanedioic acid, 1,9-bis(2-ethylhexyl) ester;Nonanedioic acid, bis(2-ethylhexyl) ester",,,,,,,,,,,,,,,,,,,,,,,,,,,,,,,,,,,,,,,,,,,,,,,,,,,,,,,,,,,,,,,,,,,,,,,,,,,,,,,,,,,,,,,,,,,,,,,,,,,,,,,,,,,,,,,,,,,,,,,,,,,,,,,,Human Health Hazards#Repeated Dose Toxicity,Repeated Dose Toxicity HESS,NOEL,,False,No qualifier,Equal,,,,2003,,,,OECD TG 422,,,Rat,Hematopoiesis↓,,,,,,,,,,,,,,,,,,,,,,SD,Oral (Gavage),,,,,,Male,Main,"National Institute of Health Sciences, Japan",Bone marrow,ReproTox,Food and Drug Safety Center,Histopathological findings,1000,mg/kg bdwt/d,Administered dose(mass),100,mg/kg bdwt/d,Administered dose(mass),77.2,None,0,d,Time,,,,,,,,,,,,,,,,,,,,,,,,,,,,,,,,,,,,,,,,,,,,,,,,,,,,,,,,,,,,,,,,,,,,,,,,,,,,,,,,,,,,,,,,,,,,,,,,,,,,,,,,,,,,,,,,,,,,,,,,,,,,,,,,,,,,,,,,,,,,,,,,,,,,,,,,,,,,,,,,,42,d,Time,1000,,mg/kg bdwt/d,Administered dose(mass),1000,,mg/kg/d,Administered dose(mass)
103-24-2,"bis(2-ethylhexyl) azelate;1,9-bis(2-ethylhexyl) nonanedioate;Azelaic acid, bis(2-ethylhexyl) ester;bis(2-ethylhexyl) azelate;Bis(2-ethylhexyl) nonanedioate;bis(2-ethylhexyl) nonanedioate (nonanedioic acid, bis(2-ethylhexyl) ester);Di-2-ethylhexyl azelate;dioctyl azelate;Nonanedioic acid, 1,9-bis(2-ethylhexyl) ester;Nonanedioic acid, bis(2-ethylhexyl) ester",,,,,,,,,,,,,,,,,,,,,,,,,,,,,,,,,,,,,,,,,,,,,,,,,,,,,,,,,,,,,,,,,,,,,,,,,,,,,,,,,,,,,,,,,,,,,,,,,,,,,,,,,,,,,,,,,,,,,,,,,,,,,,,,Human Health Hazards#Repeated Dose Toxicity,Repeated Dose Toxicity HESS,NOEL,,False,No qualifier,Equal,,,,2003,,,,OECD TG 422,,,Rat,Other Findings,,,,,,,,,,,,,,,,,,,,,,SD,Oral (Gavage),,,,,,Male,Main,"National Institute of Health Sciences, Japan",Bone marrow,ReproTox,Food and Drug Safety Center,Histopathological findings,1000,mg/kg bdwt/d,Administered dose(mass),100,mg/kg bdwt/d,Administered dose(mass),77.2,None,0,d,Time,,,,,,,,,,,,,,,,,,,,,,,,,,,,,,,,,,,,,,,,,,,,,,,,,,,,,,,,,,,,,,,,,,,,,,,,,,,,,,,,,,,,,,,,,,,,,,,,,,,,,,,,,,,,,,,,,,,,,,,,,,,,,,,,,,,,,,,,,,,,,,,,,,,,,,,,,,,,,,,,,42,d,Time,1000,,mg/kg bdwt/d,Administered dose(mass),1000,,mg/kg/d,Administered dose(mass)
103-24-2,"bis(2-ethylhexyl) azelate;1,9-bis(2-ethylhexyl) nonanedioate;Azelaic acid, bis(2-ethylhexyl) ester;bis(2-ethylhexyl) azelate;Bis(2-ethylhexyl) nonanedioate;bis(2-ethylhexyl) nonanedioate (nonanedioic acid, bis(2-ethylhexyl) ester);Di-2-ethylhexyl azelate;dioctyl azelate;Nonanedioic acid, 1,9-bis(2-ethylhexyl) ester;Nonanedioic acid, bis(2-ethylhexyl) ester",,,,,,,,,,,,,,,,,,,,,,,,,,,,,,,,,,,,,,,,,,,,,,,,,,,,,,,,,,,,,,,,,,,,,,,,,,,,,,,,,,,,,,,,,,,,,,,,,,,,,,,,,,,,,,,,,,,,,,,,,,,,,,,,Human Health Hazards#Repeated Dose Toxicity,Repeated Dose Toxicity HESS,NOEL,,False,No qualifier,Equal,,,,2003,,,,OECD TG 422,,,Rat,,,,,,,,,,,,,,,,,,,,,,,SD,Oral (Gavage),,,,,,Male,Main,"National Institute of Health Sciences, Japan",Bone marrow,ReproTox,Food and Drug Safety Center,Necropsy,1000,mg/kg bdwt/d,Administered dose(mass),100,mg/kg bdwt/d,Administered dose(mass),77.2,None,0,d,Time,,,,,,,,,,,,,,,,,,,,,,,,,,,,,,,,,,,,,,,,,,,,,,,,,,,,,,,,,,,,,,,,,,,,,,,,,,,,,,,,,,,,,,,,,,,,,,,,,,,,,,,,,,,,,,,,,,,,,,,,,,,,,,,,,,,,,,,,,,,,,,,,,,,,,,,,,,,,,,,,,42,d,Time,1000,,mg/kg bdwt/d,Administered dose(mass),1000,,mg/kg/d,Administered dose(mass)
103-24-2,"bis(2-ethylhexyl) azelate;1,9-bis(2-ethylhexyl) nonanedioate;Azelaic acid, bis(2-ethylhexyl) ester;bis(2-ethylhexyl) azelate;Bis(2-ethylhexyl) nonanedioate;bis(2-ethylhexyl) nonanedioate (nonanedioic acid, bis(2-ethylhexyl) ester);Di-2-ethylhexyl azelate;dioctyl azelate;Nonanedioic acid, 1,9-bis(2-ethylhexyl) ester;Nonanedioic acid, bis(2-ethylhexyl) ester",,,,,,,,,,,,,,,,,,,,,,,,,,,,,,,,,,,,,,,,,,,,,,,,,,,,,,,,,,,,,,,,,,,,,,,,,,,,,,,,,,,,,,,,,,,,,,,,,,,,,,,,,,,,,,,,,,,,,,,,,,,,,,,,Human Health Hazards#Repeated Dose Toxicity,Repeated Dose Toxicity HESS,NOEL,,False,No qualifier,Equal,,,,2003,,,,OECD TG 422,,,Rat,Absolute Organ Weight↑,,,,,,,,,,,,,,,,,,,,,,SD,Oral (Gavage),,,,,,Male,Main,"National Institute of Health Sciences, Japan",Brain,ReproTox,Food and Drug Safety Center,Organ weights,1000,mg/kg bdwt/d,Administered dose(mass),100,mg/kg bdwt/d,Administered dose(mass),77.2,None,0,d,Time,,,,,,,,,,,,,,,,,,,,,,,,,,,,,,,,,,,,,,,,,,,,,,,,,,,,,,,,,,,,,,,,,,,,,,,,,,,,,,,,,,,,,,,,,,,,,,,,,,,,,,,,,,,,,,,,,,,,,,,,,,,,,,,,,,,,,,,,,,,,,,,,,,,,,,,,,,,,,,,,,42,d,Time,1000,,mg/kg bdwt/d,Administered dose(mass),1000,,mg/kg/d,Administered dose(mass)
103-24-2,"bis(2-ethylhexyl) azelate;1,9-bis(2-ethylhexyl) nonanedioate;Azelaic acid, bis(2-ethylhexyl) ester;bis(2-ethylhexyl) azelate;Bis(2-ethylhexyl) nonanedioate;bis(2-ethylhexyl) nonanedioate (nonanedioic acid, bis(2-ethylhexyl) ester);Di-2-ethylhexyl azelate;dioctyl azelate;Nonanedioic acid, 1,9-bis(2-ethylhexyl) ester;Nonanedioic acid, bis(2-ethylhexyl) ester",,,,,,,,,,,,,,,,,,,,,,,,,,,,,,,,,,,,,,,,,,,,,,,,,,,,,,,,,,,,,,,,,,,,,,,,,,,,,,,,,,,,,,,,,,,,,,,,,,,,,,,,,,,,,,,,,,,,,,,,,,,,,,,,Human Health Hazards#Repeated Dose Toxicity,Repeated Dose Toxicity HESS,NOEL,,False,No qualifier,Equal,,,,2003,,,,OECD TG 422,,,Rat,Absolute Organ Weight↓,,,,,,,,,,,,,,,,,,,,,,SD,Oral (Gavage),,,,,,Male,Main,"National Institute of Health Sciences, Japan",Brain,ReproTox,Food and Drug Safety Center,Organ weights,1000,mg/kg bdwt/d,Administered dose(mass),100,mg/kg bdwt/d,Administered dose(mass),77.2,None,0,d,Time,,,,,,,,,,,,,,,,,,,,,,,,,,,,,,,,,,,,,,,,,,,,,,,,,,,,,,,,,,,,,,,,,,,,,,,,,,,,,,,,,,,,,,,,,,,,,,,,,,,,,,,,,,,,,,,,,,,,,,,,,,,,,,,,,,,,,,,,,,,,,,,,,,,,,,,,,,,,,,,,,42,d,Time,1000,,mg/kg bdwt/d,Administered dose(mass),1000,,mg/kg/d,Administered dose(mass)
103-24-2,"bis(2-ethylhexyl) azelate;1,9-bis(2-ethylhexyl) nonanedioate;Azelaic acid, bis(2-ethylhexyl) ester;bis(2-ethylhexyl) azelate;Bis(2-ethylhexyl) nonanedioate;bis(2-ethylhexyl) nonanedioate (nonanedioic acid, bis(2-ethylhexyl) ester);Di-2-ethylhexyl azelate;dioctyl azelate;Nonanedioic acid, 1,9-bis(2-ethylhexyl) ester;Nonanedioic acid, bis(2-ethylhexyl) ester",,,,,,,,,,,,,,,,,,,,,,,,,,,,,,,,,,,,,,,,,,,,,,,,,,,,,,,,,,,,,,,,,,,,,,,,,,,,,,,,,,,,,,,,,,,,,,,,,,,,,,,,,,,,,,,,,,,,,,,,,,,,,,,,Human Health Hazards#Repeated Dose Toxicity,Repeated Dose Toxicity HESS,NOEL,,False,No qualifier,Equal,,,,2003,,,,OECD TG 422,,,Rat,Degeneration Nerve Fiber,,,,,,,,,,,,,,,,,,,,,,SD,Oral (Gavage),,,,,,Male,Main,"National Institute of Health Sciences, Japan",Brain,ReproTox,Food and Drug Safety Center,Histopathological findings,1000,mg/kg bdwt/d,Administered dose(mass),100,mg/kg bdwt/d,Administered dose(mass),77.2,None,0,d,Time,,,,,,,,,,,,,,,,,,,,,,,,,,,,,,,,,,,,,,,,,,,,,,,,,,,,,,,,,,,,,,,,,,,,,,,,,,,,,,,,,,,,,,,,,,,,,,,,,,,,,,,,,,,,,,,,,,,,,,,,,,,,,,,,,,,,,,,,,,,,,,,,,,,,,,,,,,,,,,,,,42,d,Time,1000,,mg/kg bdwt/d,Administered dose(mass),1000,,mg/kg/d,Administered dose(mass)
103-24-2,"bis(2-ethylhexyl) azelate;1,9-bis(2-ethylhexyl) nonanedioate;Azelaic acid, bis(2-ethylhexyl) ester;bis(2-ethylhexyl) azelate;Bis(2-ethylhexyl) nonanedioate;bis(2-ethylhexyl) nonanedioate (nonanedioic acid, bis(2-ethylhexyl) ester);Di-2-ethylhexyl azelate;dioctyl azelate;Nonanedioic acid, 1,9-bis(2-ethylhexyl) ester;Nonanedioic acid, bis(2-ethylhexyl) ester",,,,,,,,,,,,,,,,,,,,,,,,,,,,,,,,,,,,,,,,,,,,,,,,,,,,,,,,,,,,,,,,,,,,,,,,,,,,,,,,,,,,,,,,,,,,,,,,,,,,,,,,,,,,,,,,,,,,,,,,,,,,,,,,Human Health Hazards#Repeated Dose Toxicity,Repeated Dose Toxicity HESS,NOEL,,False,No qualifier,Equal,,,,2003,,,,OECD TG 422,,,Rat,Other Findings,,,,,,,,,,,,,,,,,,,,,,SD,Oral (Gavage),,,,,,Male,Main,"National Institute of Health Sciences, Japan",Brain,ReproTox,Food and Drug Safety Center,Histopathological findings,1000,mg/kg bdwt/d,Administered dose(mass),100,mg/kg bdwt/d,Administered dose(mass),77.2,None,0,d,Time,,,,,,,,,,,,,,,,,,,,,,,,,,,,,,,,,,,,,,,,,,,,,,,,,,,,,,,,,,,,,,,,,,,,,,,,,,,,,,,,,,,,,,,,,,,,,,,,,,,,,,,,,,,,,,,,,,,,,,,,,,,,,,,,,,,,,,,,,,,,,,,,,,,,,,,,,,,,,,,,,42,d,Time,1000,,mg/kg bdwt/d,Administered dose(mass),1000,,mg/kg/d,Administered dose(mass)
103-24-2,"bis(2-ethylhexyl) azelate;1,9-bis(2-ethylhexyl) nonanedioate;Azelaic acid, bis(2-ethylhexyl) ester;bis(2-ethylhexyl) azelate;Bis(2-ethylhexyl) nonanedioate;bis(2-ethylhexyl) nonanedioate (nonanedioic acid, bis(2-ethylhexyl) ester);Di-2-ethylhexyl azelate;dioctyl azelate;Nonanedioic acid, 1,9-bis(2-ethylhexyl) ester;Nonanedioic acid, bis(2-ethylhexyl) ester",,,,,,,,,,,,,,,,,,,,,,,,,,,,,,,,,,,,,,,,,,,,,,,,,,,,,,,,,,,,,,,,,,,,,,,,,,,,,,,,,,,,,,,,,,,,,,,,,,,,,,,,,,,,,,,,,,,,,,,,,,,,,,,,Human Health Hazards#Repeated Dose Toxicity,Repeated Dose Toxicity HESS,NOEL,,False,No qualifier,Equal,,,,2003,,,,OECD TG 422,,,Rat,Relative Organ Weight↑,,,,,,,,,,,,,,,,,,,,,,SD,Oral (Gavage),,,,,,Male,Main,"National Institute of Health Sciences, Japan",Brain,ReproTox,Food and Drug Safety Center,Organ weights,1000,mg/kg bdwt/d,Administered dose(mass),100,mg/kg bdwt/d,Administered dose(mass),77.2,None,0,d,Time,,,,,,,,,,,,,,,,,,,,,,,,,,,,,,,,,,,,,,,,,,,,,,,,,,,,,,,,,,,,,,,,,,,,,,,,,,,,,,,,,,,,,,,,,,,,,,,,,,,,,,,,,,,,,,,,,,,,,,,,,,,,,,,,,,,,,,,,,,,,,,,,,,,,,,,,,,,,,,,,,42,d,Time,1000,,mg/kg bdwt/d,Administered dose(mass),1000,,mg/kg/d,Administered dose(mass)
103-24-2,"bis(2-ethylhexyl) azelate;1,9-bis(2-ethylhexyl) nonanedioate;Azelaic acid, bis(2-ethylhexyl) ester;bis(2-ethylhexyl) azelate;Bis(2-ethylhexyl) nonanedioate;bis(2-ethylhexyl) nonanedioate (nonanedioic acid, bis(2-ethylhexyl) ester);Di-2-ethylhexyl azelate;dioctyl azelate;Nonanedioic acid, 1,9-bis(2-ethylhexyl) ester;Nonanedioic acid, bis(2-ethylhexyl) ester",,,,,,,,,,,,,,,,,,,,,,,,,,,,,,,,,,,,,,,,,,,,,,,,,,,,,,,,,,,,,,,,,,,,,,,,,,,,,,,,,,,,,,,,,,,,,,,,,,,,,,,,,,,,,,,,,,,,,,,,,,,,,,,,Human Health Hazards#Repeated Dose Toxicity,Repeated Dose Toxicity HESS,NOEL,,False,No qualifier,Equal,,,,2003,,,,OECD TG 422,,,Rat,Relative Organ Weight↓,,,,,,,,,,,,,,,,,,,,,,SD,Oral (Gavage),,,,,,Male,Main,"National Institute of Health Sciences, Japan",Brain,ReproTox,Food and Drug Safety Center,Organ weights,1000,mg/kg bdwt/d,Administered dose(mass),100,mg/kg bdwt/d,Administered dose(mass),77.2,None,0,d,Time,,,,,,,,,,,,,,,,,,,,,,,,,,,,,,,,,,,,,,,,,,,,,,,,,,,,,,,,,,,,,,,,,,,,,,,,,,,,,,,,,,,,,,,,,,,,,,,,,,,,,,,,,,,,,,,,,,,,,,,,,,,,,,,,,,,,,,,,,,,,,,,,,,,,,,,,,,,,,,,,,42,d,Time,1000,,mg/kg bdwt/d,Administered dose(mass),1000,,mg/kg/d,Administered dose(mass)
103-24-2,"bis(2-ethylhexyl) azelate;1,9-bis(2-ethylhexyl) nonanedioate;Azelaic acid, bis(2-ethylhexyl) ester;bis(2-ethylhexyl) azelate;Bis(2-ethylhexyl) nonanedioate;bis(2-ethylhexyl) nonanedioate (nonanedioic acid, bis(2-ethylhexyl) ester);Di-2-ethylhexyl azelate;dioctyl azelate;Nonanedioic acid, 1,9-bis(2-ethylhexyl) ester;Nonanedioic acid, bis(2-ethylhexyl) ester",,,,,,,,,,,,,,,,,,,,,,,,,,,,,,,,,,,,,,,,,,,,,,,,,,,,,,,,,,,,,,,,,,,,,,,,,,,,,,,,,,,,,,,,,,,,,,,,,,,,,,,,,,,,,,,,,,,,,,,,,,,,,,,,Human Health Hazards#Repeated Dose Toxicity,Repeated Dose Toxicity HESS,NOEL,,False,No qualifier,Equal,,,,2003,,,,OECD TG 422,,,Rat,,,,,,,,,,,,,,,,,,,,,,,SD,Oral (Gavage),,,,,,Male,Main,"National Institute of Health Sciences, Japan",Brain,ReproTox,Food and Drug Safety Center,Necropsy,1000,mg/kg bdwt/d,Administered dose(mass),100,mg/kg bdwt/d,Administered dose(mass),77.2,None,0,d,Time,,,,,,,,,,,,,,,,,,,,,,,,,,,,,,,,,,,,,,,,,,,,,,,,,,,,,,,,,,,,,,,,,,,,,,,,,,,,,,,,,,,,,,,,,,,,,,,,,,,,,,,,,,,,,,,,,,,,,,,,,,,,,,,,,,,,,,,,,,,,,,,,,,,,,,,,,,,,,,,,,42,d,Time,1000,,mg/kg bdwt/d,Administered dose(mass),1000,,mg/kg/d,Administered dose(mass)
103-24-2,"bis(2-ethylhexyl) azelate;1,9-bis(2-ethylhexyl) nonanedioate;Azelaic acid, bis(2-ethylhexyl) ester;bis(2-ethylhexyl) azelate;Bis(2-ethylhexyl) nonanedioate;bis(2-ethylhexyl) nonanedioate (nonanedioic acid, bis(2-ethylhexyl) ester);Di-2-ethylhexyl azelate;dioctyl azelate;Nonanedioic acid, 1,9-bis(2-ethylhexyl) ester;Nonanedioic acid, bis(2-ethylhexyl) ester",,,,,,,,,,,,,,,,,,,,,,,,,,,,,,,,,,,,,,,,,,,,,,,,,,,,,,,,,,,,,,,,,,,,,,,,,,,,,,,,,,,,,,,,,,,,,,,,,,,,,,,,,,,,,,,,,,,,,,,,,,,,,,,,Human Health Hazards#Repeated Dose Toxicity,Repeated Dose Toxicity HESS,NOEL,,False,No qualifier,Equal,,,,2003,,,,OECD TG 422,,,Rat,Absolute Organ Weight↑,,,,,,,,,,,,,,,,,,,,,,SD,Oral (Gavage),,,,,,Male,Main,"National Institute of Health Sciences, Japan",Epididymis,ReproTox,Food and Drug Safety Center,Organ weights,1000,mg/kg bdwt/d,Administered dose(mass),100,mg/kg bdwt/d,Administered dose(mass),77.2,None,0,d,Time,,,,,,,,,,,,,,,,,,,,,,,,,,,,,,,,,,,,,,,,,,,,,,,,,,,,,,,,,,,,,,,,,,,,,,,,,,,,,,,,,,,,,,,,,,,,,,,,,,,,,,,,,,,,,,,,,,,,,,,,,,,,,,,,,,,,,,,,,,,,,,,,,,,,,,,,,,,,,,,,,42,d,Time,1000,,mg/kg bdwt/d,Administered dose(mass),1000,,mg/kg/d,Administered dose(mass)
103-24-2,"bis(2-ethylhexyl) azelate;1,9-bis(2-ethylhexyl) nonanedioate;Azelaic acid, bis(2-ethylhexyl) ester;bis(2-ethylhexyl) azelate;Bis(2-ethylhexyl) nonanedioate;bis(2-ethylhexyl) nonanedioate (nonanedioic acid, bis(2-ethylhexyl) ester);Di-2-ethylhexyl azelate;dioctyl azelate;Nonanedioic acid, 1,9-bis(2-ethylhexyl) ester;Nonanedioic acid, bis(2-ethylhexyl) ester",,,,,,,,,,,,,,,,,,,,,,,,,,,,,,,,,,,,,,,,,,,,,,,,,,,,,,,,,,,,,,,,,,,,,,,,,,,,,,,,,,,,,,,,,,,,,,,,,,,,,,,,,,,,,,,,,,,,,,,,,,,,,,,,Human Health Hazards#Repeated Dose Toxicity,Repeated Dose Toxicity HESS,NOEL,,False,No qualifier,Equal,,,,2003,,,,OECD TG 422,,,Rat,Absolute Organ Weight↓,,,,,,,,,,,,,,,,,,,,,,SD,Oral (Gavage),,,,,,Male,Main,"National Institute of Health Sciences, Japan",Epididymis,ReproTox,Food and Drug Safety Center,Organ weights,1000,mg/kg bdwt/d,Administered dose(mass),100,mg/kg bdwt/d,Administered dose(mass),77.2,None,0,d,Time,,,,,,,,,,,,,,,,,,,,,,,,,,,,,,,,,,,,,,,,,,,,,,,,,,,,,,,,,,,,,,,,,,,,,,,,,,,,,,,,,,,,,,,,,,,,,,,,,,,,,,,,,,,,,,,,,,,,,,,,,,,,,,,,,,,,,,,,,,,,,,,,,,,,,,,,,,,,,,,,,42,d,Time,1000,,mg/kg bdwt/d,Administered dose(mass),1000,,mg/kg/d,Administered dose(mass)
103-24-2,"bis(2-ethylhexyl) azelate;1,9-bis(2-ethylhexyl) nonanedioate;Azelaic acid, bis(2-ethylhexyl) ester;bis(2-ethylhexyl) azelate;Bis(2-ethylhexyl) nonanedioate;bis(2-ethylhexyl) nonanedioate (nonanedioic acid, bis(2-ethylhexyl) ester);Di-2-ethylhexyl azelate;dioctyl azelate;Nonanedioic acid, 1,9-bis(2-ethylhexyl) ester;Nonanedioic acid, bis(2-ethylhexyl) ester",,,,,,,,,,,,,,,,,,,,,,,,,,,,,,,,,,,,,,,,,,,,,,,,,,,,,,,,,,,,,,,,,,,,,,,,,,,,,,,,,,,,,,,,,,,,,,,,,,,,,,,,,,,,,,,,,,,,,,,,,,,,,,,,Human Health Hazards#Repeated Dose Toxicity,Repeated Dose Toxicity HESS,NOEL,,False,No qualifier,Equal,,,,2003,,,,OECD TG 422,,,Rat,Atrophy,,,,,,,,,,,,,,,,,,,,,,SD,Oral (Gavage),,,,,,Male,Main,"National Institute of Health Sciences, Japan",Epididymis,ReproTox,Food and Drug Safety Center,Histopathological findings,1000,mg/kg bdwt/d,Administered dose(mass),100,mg/kg bdwt/d,Administered dose(mass),77.2,None,0,d,Time,,,,,,,,,,,,,,,,,,,,,,,,,,,,,,,,,,,,,,,,,,,,,,,,,,,,,,,,,,,,,,,,,,,,,,,,,,,,,,,,,,,,,,,,,,,,,,,,,,,,,,,,,,,,,,,,,,,,,,,,,,,,,,,,,,,,,,,,,,,,,,,,,,,,,,,,,,,,,,,,,42,d,Time,1000,,mg/kg bdwt/d,Administered dose(mass),1000,,mg/kg/d,Administered dose(mass)
103-24-2,"bis(2-ethylhexyl) azelate;1,9-bis(2-ethylhexyl) nonanedioate;Azelaic acid, bis(2-ethylhexyl) ester;bis(2-ethylhexyl) azelate;Bis(2-ethylhexyl) nonanedioate;bis(2-ethylhexyl) nonanedioate (nonanedioic acid, bis(2-ethylhexyl) ester);Di-2-ethylhexyl azelate;dioctyl azelate;Nonanedioic acid, 1,9-bis(2-ethylhexyl) ester;Nonanedioic acid, bis(2-ethylhexyl) ester",,,,,,,,,,,,,,,,,,,,,,,,,,,,,,,,,,,,,,,,,,,,,,,,,,,,,,,,,,,,,,,,,,,,,,,,,,,,,,,,,,,,,,,,,,,,,,,,,,,,,,,,,,,,,,,,,,,,,,,,,,,,,,,,Human Health Hazards#Repeated Dose Toxicity,Repeated Dose Toxicity HESS,NOEL,,False,No qualifier,Equal,,,,2003,,,,OECD TG 422,,,Rat,Atrophy (Necropsy),,,,,,,,,,,,,,,,,,,,,,SD,Oral (Gavage),,,,,,Male,Main,"National Institute of Health Sciences, Japan",Epididymis,ReproTox,Food and Drug Safety Center,Necropsy,1000,mg/kg bdwt/d,Administered dose(mass),100,mg/kg bdwt/d,Administered dose(mass),77.2,None,0,d,Time,,,,,,,,,,,,,,,,,,,,,,,,,,,,,,,,,,,,,,,,,,,,,,,,,,,,,,,,,,,,,,,,,,,,,,,,,,,,,,,,,,,,,,,,,,,,,,,,,,,,,,,,,,,,,,,,,,,,,,,,,,,,,,,,,,,,,,,,,,,,,,,,,,,,,,,,,,,,,,,,,42,d,Time,1000,,mg/kg bdwt/d,Administered dose(mass),1000,,mg/kg/d,Administered dose(mass)
103-24-2,"bis(2-ethylhexyl) azelate;1,9-bis(2-ethylhexyl) nonanedioate;Azelaic acid, bis(2-ethylhexyl) ester;bis(2-ethylhexyl) azelate;Bis(2-ethylhexyl) nonanedioate;bis(2-ethylhexyl) nonanedioate (nonanedioic acid, bis(2-ethylhexyl) ester);Di-2-ethylhexyl azelate;dioctyl azelate;Nonanedioic acid, 1,9-bis(2-ethylhexyl) ester;Nonanedioic acid, bis(2-ethylhexyl) ester",,,,,,,,,,,,,,,,,,,,,,,,,,,,,,,,,,,,,,,,,,,,,,,,,,,,,,,,,,,,,,,,,,,,,,,,,,,,,,,,,,,,,,,,,,,,,,,,,,,,,,,,,,,,,,,,,,,,,,,,,,,,,,,,Human Health Hazards#Repeated Dose Toxicity,Repeated Dose Toxicity HESS,NOEL,,False,No qualifier,Equal,,,,2003,,,,OECD TG 422,,,Rat,Cell Debris Germ Cell,,,,,,,,,,,,,,,,,,,,,,SD,Oral (Gavage),,,,,,Male,Main,"National Institute of Health Sciences, Japan",Epididymis,ReproTox,Food and Drug Safety Center,Histopathological findings,1000,mg/kg bdwt/d,Administered dose(mass),100,mg/kg bdwt/d,Administered dose(mass),77.2,None,0,d,Time,,,,,,,,,,,,,,,,,,,,,,,,,,,,,,,,,,,,,,,,,,,,,,,,,,,,,,,,,,,,,,,,,,,,,,,,,,,,,,,,,,,,,,,,,,,,,,,,,,,,,,,,,,,,,,,,,,,,,,,,,,,,,,,,,,,,,,,,,,,,,,,,,,,,,,,,,,,,,,,,,42,d,Time,1000,,mg/kg bdwt/d,Administered dose(mass),1000,,mg/kg/d,Administered dose(mass)
103-24-2,"bis(2-ethylhexyl) azelate;1,9-bis(2-ethylhexyl) nonanedioate;Azelaic acid, bis(2-ethylhexyl) ester;bis(2-ethylhexyl) azelate;Bis(2-ethylhexyl) nonanedioate;bis(2-ethylhexyl) nonanedioate (nonanedioic acid, bis(2-ethylhexyl) ester);Di-2-ethylhexyl azelate;dioctyl azelate;Nonanedioic acid, 1,9-bis(2-ethylhexyl) ester;Nonanedioic acid, bis(2-ethylhexyl) ester",,,,,,,,,,,,,,,,,,,,,,,,,,,,,,,,,,,,,,,,,,,,,,,,,,,,,,,,,,,,,,,,,,,,,,,,,,,,,,,,,,,,,,,,,,,,,,,,,,,,,,,,,,,,,,,,,,,,,,,,,,,,,,,,Human Health Hazards#Repeated Dose Toxicity,Repeated Dose Toxicity HESS,NOEL,,False,No qualifier,Equal,,,,2003,,,,OECD TG 422,,,Rat,Degeneration Epididymis,,,,,,,,,,,,,,,,,,,,,,SD,Oral (Gavage),,,,,,Male,Main,"National Institute of Health Sciences, Japan",Epididymis,ReproTox,Food and Drug Safety Center,Histopathological findings,1000,mg/kg bdwt/d,Administered dose(mass),100,mg/kg bdwt/d,Administered dose(mass),77.2,None,0,d,Time,,,,,,,,,,,,,,,,,,,,,,,,,,,,,,,,,,,,,,,,,,,,,,,,,,,,,,,,,,,,,,,,,,,,,,,,,,,,,,,,,,,,,,,,,,,,,,,,,,,,,,,,,,,,,,,,,,,,,,,,,,,,,,,,,,,,,,,,,,,,,,,,,,,,,,,,,,,,,,,,,42,d,Time,1000,,mg/kg bdwt/d,Administered dose(mass),1000,,mg/kg/d,Administered dose(mass)
103-24-2,"bis(2-ethylhexyl) azelate;1,9-bis(2-ethylhexyl) nonanedioate;Azelaic acid, bis(2-ethylhexyl) ester;bis(2-ethylhexyl) azelate;Bis(2-ethylhexyl) nonanedioate;bis(2-ethylhexyl) nonanedioate (nonanedioic acid, bis(2-ethylhexyl) ester);Di-2-ethylhexyl azelate;dioctyl azelate;Nonanedioic acid, 1,9-bis(2-ethylhexyl) ester;Nonanedioic acid, bis(2-ethylhexyl) ester",,,,,,,,,,,,,,,,,,,,,,,,,,,,,,,,,,,,,,,,,,,,,,,,,,,,,,,,,,,,,,,,,,,,,,,,,,,,,,,,,,,,,,,,,,,,,,,,,,,,,,,,,,,,,,,,,,,,,,,,,,,,,,,,Human Health Hazards#Repeated Dose Toxicity,Repeated Dose Toxicity HESS,NOEL,,False,No qualifier,Equal,,,,2003,,,,OECD TG 422,,,Rat,Germ Cell↓,,,,,,,,,,,,,,,,,,,,,,SD,Oral (Gavage),,,,,,Male,Main,"National Institute of Health Sciences, Japan",Epididymis,ReproTox,Food and Drug Safety Center,Histopathological findings,1000,mg/kg bdwt/d,Administered dose(mass),100,mg/kg bdwt/d,Administered dose(mass),77.2,None,0,d,Time,,,,,,,,,,,,,,,,,,,,,,,,,,,,,,,,,,,,,,,,,,,,,,,,,,,,,,,,,,,,,,,,,,,,,,,,,,,,,,,,,,,,,,,,,,,,,,,,,,,,,,,,,,,,,,,,,,,,,,,,,,,,,,,,,,,,,,,,,,,,,,,,,,,,,,,,,,,,,,,,,42,d,Time,1000,,mg/kg bdwt/d,Administered dose(mass),1000,,mg/kg/d,Administered dose(mass)
103-24-2,"bis(2-ethylhexyl) azelate;1,9-bis(2-ethylhexyl) nonanedioate;Azelaic acid, bis(2-ethylhexyl) ester;bis(2-ethylhexyl) azelate;Bis(2-ethylhexyl) nonanedioate;bis(2-ethylhexyl) nonanedioate (nonanedioic acid, bis(2-ethylhexyl) ester);Di-2-ethylhexyl azelate;dioctyl azelate;Nonanedioic acid, 1,9-bis(2-ethylhexyl) ester;Nonanedioic acid, bis(2-ethylhexyl) ester",,,,,,,,,,,,,,,,,,,,,,,,,,,,,,,,,,,,,,,,,,,,,,,,,,,,,,,,,,,,,,,,,,,,,,,,,,,,,,,,,,,,,,,,,,,,,,,,,,,,,,,,,,,,,,,,,,,,,,,,,,,,,,,,Human Health Hazards#Repeated Dose Toxicity,Repeated Dose Toxicity HESS,NOEL,,False,No qualifier,Equal,,,,2003,,,,OECD TG 422,,,Rat,Multinucleated Giant Cell,,,,,,,,,,,,,,,,,,,,,,SD,Oral (Gavage),,,,,,Male,Main,"National Institute of Health Sciences, Japan",Epididymis,ReproTox,Food and Drug Safety Center,Histopathological findings,1000,mg/kg bdwt/d,Administered dose(mass),100,mg/kg bdwt/d,Administered dose(mass),77.2,None,0,d,Time,,,,,,,,,,,,,,,,,,,,,,,,,,,,,,,,,,,,,,,,,,,,,,,,,,,,,,,,,,,,,,,,,,,,,,,,,,,,,,,,,,,,,,,,,,,,,,,,,,,,,,,,,,,,,,,,,,,,,,,,,,,,,,,,,,,,,,,,,,,,,,,,,,,,,,,,,,,,,,,,,42,d,Time,1000,,mg/kg bdwt/d,Administered dose(mass),1000,,mg/kg/d,Administered dose(mass)
103-24-2,"bis(2-ethylhexyl) azelate;1,9-bis(2-ethylhexyl) nonanedioate;Azelaic acid, bis(2-ethylhexyl) ester;bis(2-ethylhexyl) azelate;Bis(2-ethylhexyl) nonanedioate;bis(2-ethylhexyl) nonanedioate (nonanedioic acid, bis(2-ethylhexyl) ester);Di-2-ethylhexyl azelate;dioctyl azelate;Nonanedioic acid, 1,9-bis(2-ethylhexyl) ester;Nonanedioic acid, bis(2-ethylhexyl) ester",,,,,,,,,,,,,,,,,,,,,,,,,,,,,,,,,,,,,,,,,,,,,,,,,,,,,,,,,,,,,,,,,,,,,,,,,,,,,,,,,,,,,,,,,,,,,,,,,,,,,,,,,,,,,,,,,,,,,,,,,,,,,,,,Human Health Hazards#Repeated Dose Toxicity,Repeated Dose Toxicity HESS,NOEL,,False,No qualifier,Equal,,,,2003,,,,OECD TG 422,,,Rat,Other Findings,,,,,,,,,,,,,,,,,,,,,,SD,Oral (Gavage),,,,,,Male,Main,"National Institute of Health Sciences, Japan",Epididymis,ReproTox,Food and Drug Safety Center,Histopathological findings,1000,mg/kg bdwt/d,Administered dose(mass),100,mg/kg bdwt/d,Administered dose(mass),77.2,None,0,d,Time,,,,,,,,,,,,,,,,,,,,,,,,,,,,,,,,,,,,,,,,,,,,,,,,,,,,,,,,,,,,,,,,,,,,,,,,,,,,,,,,,,,,,,,,,,,,,,,,,,,,,,,,,,,,,,,,,,,,,,,,,,,,,,,,,,,,,,,,,,,,,,,,,,,,,,,,,,,,,,,,,42,d,Time,1000,,mg/kg bdwt/d,Administered dose(mass),1000,,mg/kg/d,Administered dose(mass)
103-24-2,"bis(2-ethylhexyl) azelate;1,9-bis(2-ethylhexyl) nonanedioate;Azelaic acid, bis(2-ethylhexyl) ester;bis(2-ethylhexyl) azelate;Bis(2-ethylhexyl) nonanedioate;bis(2-ethylhexyl) nonanedioate (nonanedioic acid, bis(2-ethylhexyl) ester);Di-2-ethylhexyl azelate;dioctyl azelate;Nonanedioic acid, 1,9-bis(2-ethylhexyl) ester;Nonanedioic acid, bis(2-ethylhexyl) ester",,,,,,,,,,,,,,,,,,,,,,,,,,,,,,,,,,,,,,,,,,,,,,,,,,,,,,,,,,,,,,,,,,,,,,,,,,,,,,,,,,,,,,,,,,,,,,,,,,,,,,,,,,,,,,,,,,,,,,,,,,,,,,,,Human Health Hazards#Repeated Dose Toxicity,Repeated Dose Toxicity HESS,NOEL,,False,No qualifier,Equal,,,,2003,,,,OECD TG 422,,,Rat,Other Findings,,,,,,,,,,,,,,,,,,,,,,SD,Oral (Gavage),,,,,,Male,Main,"National Institute of Health Sciences, Japan",Epididymis,ReproTox,Food and Drug Safety Center,Necropsy,1000,mg/kg bdwt/d,Administered dose(mass),100,mg/kg bdwt/d,Administered dose(mass),77.2,None,0,d,Time,,,,,,,,,,,,,,,,,,,,,,,,,,,,,,,,,,,,,,,,,,,,,,,,,,,,,,,,,,,,,,,,,,,,,,,,,,,,,,,,,,,,,,,,,,,,,,,,,,,,,,,,,,,,,,,,,,,,,,,,,,,,,,,,,,,,,,,,,,,,,,,,,,,,,,,,,,,,,,,,,42,d,Time,1000,,mg/kg bdwt/d,Administered dose(mass),1000,,mg/kg/d,Administered dose(mass)
103-24-2,"bis(2-ethylhexyl) azelate;1,9-bis(2-ethylhexyl) nonanedioate;Azelaic acid, bis(2-ethylhexyl) ester;bis(2-ethylhexyl) azelate;Bis(2-ethylhexyl) nonanedioate;bis(2-ethylhexyl) nonanedioate (nonanedioic acid, bis(2-ethylhexyl) ester);Di-2-ethylhexyl azelate;dioctyl azelate;Nonanedioic acid, 1,9-bis(2-ethylhexyl) ester;Nonanedioic acid, bis(2-ethylhexyl) ester",,,,,,,,,,,,,,,,,,,,,,,,,,,,,,,,,,,,,,,,,,,,,,,,,,,,,,,,,,,,,,,,,,,,,,,,,,,,,,,,,,,,,,,,,,,,,,,,,,,,,,,,,,,,,,,,,,,,,,,,,,,,,,,,Human Health Hazards#Repeated Dose Toxicity,Repeated Dose Toxicity HESS,NOEL,,False,No qualifier,Equal,,,,2003,,,,OECD TG 422,,,Rat,Relative Organ Weight↑,,,,,,,,,,,,,,,,,,,,,,SD,Oral (Gavage),,,,,,Male,Main,"National Institute of Health Sciences, Japan",Epididymis,ReproTox,Food and Drug Safety Center,Organ weights,1000,mg/kg bdwt/d,Administered dose(mass),100,mg/kg bdwt/d,Administered dose(mass),77.2,None,0,d,Time,,,,,,,,,,,,,,,,,,,,,,,,,,,,,,,,,,,,,,,,,,,,,,,,,,,,,,,,,,,,,,,,,,,,,,,,,,,,,,,,,,,,,,,,,,,,,,,,,,,,,,,,,,,,,,,,,,,,,,,,,,,,,,,,,,,,,,,,,,,,,,,,,,,,,,,,,,,,,,,,,42,d,Time,1000,,mg/kg bdwt/d,Administered dose(mass),1000,,mg/kg/d,Administered dose(mass)
103-24-2,"bis(2-ethylhexyl) azelate;1,9-bis(2-ethylhexyl) nonanedioate;Azelaic acid, bis(2-ethylhexyl) ester;bis(2-ethylhexyl) azelate;Bis(2-ethylhexyl) nonanedioate;bis(2-ethylhexyl) nonanedioate (nonanedioic acid, bis(2-ethylhexyl) ester);Di-2-ethylhexyl azelate;dioctyl azelate;Nonanedioic acid, 1,9-bis(2-ethylhexyl) ester;Nonanedioic acid, bis(2-ethylhexyl) ester",,,,,,,,,,,,,,,,,,,,,,,,,,,,,,,,,,,,,,,,,,,,,,,,,,,,,,,,,,,,,,,,,,,,,,,,,,,,,,,,,,,,,,,,,,,,,,,,,,,,,,,,,,,,,,,,,,,,,,,,,,,,,,,,Human Health Hazards#Repeated Dose Toxicity,Repeated Dose Toxicity HESS,NOEL,,False,No qualifier,Equal,,,,2003,,,,OECD TG 422,,,Rat,Relative Organ Weight↓,,,,,,,,,,,,,,,,,,,,,,SD,Oral (Gavage),,,,,,Male,Main,"National Institute of Health Sciences, Japan",Epididymis,ReproTox,Food and Drug Safety Center,Organ weights,1000,mg/kg bdwt/d,Administered dose(mass),100,mg/kg bdwt/d,Administered dose(mass),77.2,None,0,d,Time,,,,,,,,,,,,,,,,,,,,,,,,,,,,,,,,,,,,,,,,,,,,,,,,,,,,,,,,,,,,,,,,,,,,,,,,,,,,,,,,,,,,,,,,,,,,,,,,,,,,,,,,,,,,,,,,,,,,,,,,,,,,,,,,,,,,,,,,,,,,,,,,,,,,,,,,,,,,,,,,,42,d,Time,1000,,mg/kg bdwt/d,Administered dose(mass),1000,,mg/kg/d,Administered dose(mass)
103-24-2,"bis(2-ethylhexyl) azelate;1,9-bis(2-ethylhexyl) nonanedioate;Azelaic acid, bis(2-ethylhexyl) ester;bis(2-ethylhexyl) azelate;Bis(2-ethylhexyl) nonanedioate;bis(2-ethylhexyl) nonanedioate (nonanedioic acid, bis(2-ethylhexyl) ester);Di-2-ethylhexyl azelate;dioctyl azelate;Nonanedioic acid, 1,9-bis(2-ethylhexyl) ester;Nonanedioic acid, bis(2-ethylhexyl) ester",,,,,,,,,,,,,,,,,,,,,,,,,,,,,,,,,,,,,,,,,,,,,,,,,,,,,,,,,,,,,,,,,,,,,,,,,,,,,,,,,,,,,,,,,,,,,,,,,,,,,,,,,,,,,,,,,,,,,,,,,,,,,,,,Human Health Hazards#Repeated Dose Toxicity,Repeated Dose Toxicity HESS,NOEL,,False,No qualifier,Equal,,,,2003,,,,OECD TG 422,,,Rat,Absolute Organ Weight↑,,,,,,,,,,,,,,,,,,,,,,SD,Oral (Gavage),,,,,,Male,Main,"National Institute of Health Sciences, Japan",Heart,ReproTox,Food and Drug Safety Center,Organ weights,1000,mg/kg bdwt/d,Administered dose(mass),100,mg/kg bdwt/d,Administered dose(mass),77.2,None,0,d,Time,,,,,,,,,,,,,,,,,,,,,,,,,,,,,,,,,,,,,,,,,,,,,,,,,,,,,,,,,,,,,,,,,,,,,,,,,,,,,,,,,,,,,,,,,,,,,,,,,,,,,,,,,,,,,,,,,,,,,,,,,,,,,,,,,,,,,,,,,,,,,,,,,,,,,,,,,,,,,,,,,42,d,Time,1000,,mg/kg bdwt/d,Administered dose(mass),1000,,mg/kg/d,Administered dose(mass)
103-24-2,"bis(2-ethylhexyl) azelate;1,9-bis(2-ethylhexyl) nonanedioate;Azelaic acid, bis(2-ethylhexyl) ester;bis(2-ethylhexyl) azelate;Bis(2-ethylhexyl) nonanedioate;bis(2-ethylhexyl) nonanedioate (nonanedioic acid, bis(2-ethylhexyl) ester);Di-2-ethylhexyl azelate;dioctyl azelate;Nonanedioic acid, 1,9-bis(2-ethylhexyl) ester;Nonanedioic acid, bis(2-ethylhexyl) ester",,,,,,,,,,,,,,,,,,,,,,,,,,,,,,,,,,,,,,,,,,,,,,,,,,,,,,,,,,,,,,,,,,,,,,,,,,,,,,,,,,,,,,,,,,,,,,,,,,,,,,,,,,,,,,,,,,,,,,,,,,,,,,,,Human Health Hazards#Repeated Dose Toxicity,Repeated Dose Toxicity HESS,NOEL,,False,No qualifier,Equal,,,,2003,,,,OECD TG 422,,,Rat,Absolute Organ Weight↓,,,,,,,,,,,,,,,,,,,,,,SD,Oral (Gavage),,,,,,Male,Main,"National Institute of Health Sciences, Japan",Heart,ReproTox,Food and Drug Safety Center,Organ weights,1000,mg/kg bdwt/d,Administered dose(mass),100,mg/kg bdwt/d,Administered dose(mass),77.2,None,0,d,Time,,,,,,,,,,,,,,,,,,,,,,,,,,,,,,,,,,,,,,,,,,,,,,,,,,,,,,,,,,,,,,,,,,,,,,,,,,,,,,,,,,,,,,,,,,,,,,,,,,,,,,,,,,,,,,,,,,,,,,,,,,,,,,,,,,,,,,,,,,,,,,,,,,,,,,,,,,,,,,,,,42,d,Time,1000,,mg/kg bdwt/d,Administered dose(mass),1000,,mg/kg/d,Administered dose(mass)
103-24-2,"bis(2-ethylhexyl) azelate;1,9-bis(2-ethylhexyl) nonanedioate;Azelaic acid, bis(2-ethylhexyl) ester;bis(2-ethylhexyl) azelate;Bis(2-ethylhexyl) nonanedioate;bis(2-ethylhexyl) nonanedioate (nonanedioic acid, bis(2-ethylhexyl) ester);Di-2-ethylhexyl azelate;dioctyl azelate;Nonanedioic acid, 1,9-bis(2-ethylhexyl) ester;Nonanedioic acid, bis(2-ethylhexyl) ester",,,,,,,,,,,,,,,,,,,,,,,,,,,,,,,,,,,,,,,,,,,,,,,,,,,,,,,,,,,,,,,,,,,,,,,,,,,,,,,,,,,,,,,,,,,,,,,,,,,,,,,,,,,,,,,,,,,,,,,,,,,,,,,,Human Health Hazards#Repeated Dose Toxicity,Repeated Dose Toxicity HESS,NOEL,,False,No qualifier,Equal,,,,2003,,,,OECD TG 422,,,Rat,Cell Infiltration/Inflamation,,,,,,,,,,,,,,,,,,,,,,SD,Oral (Gavage),,,,,,Male,Main,"National Institute of Health Sciences, Japan",Heart,ReproTox,Food and Drug Safety Center,Histopathological findings,1000,mg/kg bdwt/d,Administered dose(mass),100,mg/kg bdwt/d,Administered dose(mass),77.2,None,0,d,Time,,,,,,,,,,,,,,,,,,,,,,,,,,,,,,,,,,,,,,,,,,,,,,,,,,,,,,,,,,,,,,,,,,,,,,,,,,,,,,,,,,,,,,,,,,,,,,,,,,,,,,,,,,,,,,,,,,,,,,,,,,,,,,,,,,,,,,,,,,,,,,,,,,,,,,,,,,,,,,,,,42,d,Time,1000,,mg/kg bdwt/d,Administered dose(mass),1000,,mg/kg/d,Administered dose(mass)
103-24-2,"bis(2-ethylhexyl) azelate;1,9-bis(2-ethylhexyl) nonanedioate;Azelaic acid, bis(2-ethylhexyl) ester;bis(2-ethylhexyl) azelate;Bis(2-ethylhexyl) nonanedioate;bis(2-ethylhexyl) nonanedioate (nonanedioic acid, bis(2-ethylhexyl) ester);Di-2-ethylhexyl azelate;dioctyl azelate;Nonanedioic acid, 1,9-bis(2-ethylhexyl) ester;Nonanedioic acid, bis(2-ethylhexyl) ester",,,,,,,,,,,,,,,,,,,,,,,,,,,,,,,,,,,,,,,,,,,,,,,,,,,,,,,,,,,,,,,,,,,,,,,,,,,,,,,,,,,,,,,,,,,,,,,,,,,,,,,,,,,,,,,,,,,,,,,,,,,,,,,,Human Health Hazards#Repeated Dose Toxicity,Repeated Dose Toxicity HESS,NOEL,,False,No qualifier,Equal,,,,2003,,,,OECD TG 422,,,Rat,Myocardial Degeneration,,,,,,,,,,,,,,,,,,,,,,SD,Oral (Gavage),,,,,,Male,Main,"National Institute of Health Sciences, Japan",Heart,ReproTox,Food and Drug Safety Center,Histopathological findings,1000,mg/kg bdwt/d,Administered dose(mass),100,mg/kg bdwt/d,Administered dose(mass),77.2,None,0,d,Time,,,,,,,,,,,,,,,,,,,,,,,,,,,,,,,,,,,,,,,,,,,,,,,,,,,,,,,,,,,,,,,,,,,,,,,,,,,,,,,,,,,,,,,,,,,,,,,,,,,,,,,,,,,,,,,,,,,,,,,,,,,,,,,,,,,,,,,,,,,,,,,,,,,,,,,,,,,,,,,,,42,d,Time,1000,,mg/kg bdwt/d,Administered dose(mass),1000,,mg/kg/d,Administered dose(mass)
103-24-2,"bis(2-ethylhexyl) azelate;1,9-bis(2-ethylhexyl) nonanedioate;Azelaic acid, bis(2-ethylhexyl) ester;bis(2-ethylhexyl) azelate;Bis(2-ethylhexyl) nonanedioate;bis(2-ethylhexyl) nonanedioate (nonanedioic acid, bis(2-ethylhexyl) ester);Di-2-ethylhexyl azelate;dioctyl azelate;Nonanedioic acid, 1,9-bis(2-ethylhexyl) ester;Nonanedioic acid, bis(2-ethylhexyl) ester",,,,,,,,,,,,,,,,,,,,,,,,,,,,,,,,,,,,,,,,,,,,,,,,,,,,,,,,,,,,,,,,,,,,,,,,,,,,,,,,,,,,,,,,,,,,,,,,,,,,,,,,,,,,,,,,,,,,,,,,,,,,,,,,Human Health Hazards#Repeated Dose Toxicity,Repeated Dose Toxicity HESS,NOEL,,False,No qualifier,Equal,,,,2003,,,,OECD TG 422,,,Rat,Myocardial Fibrosis,,,,,,,,,,,,,,,,,,,,,,SD,Oral (Gavage),,,,,,Male,Main,"National Institute of Health Sciences, Japan",Heart,ReproTox,Food and Drug Safety Center,Histopathological findings,1000,mg/kg bdwt/d,Administered dose(mass),100,mg/kg bdwt/d,Administered dose(mass),77.2,None,0,d,Time,,,,,,,,,,,,,,,,,,,,,,,,,,,,,,,,,,,,,,,,,,,,,,,,,,,,,,,,,,,,,,,,,,,,,,,,,,,,,,,,,,,,,,,,,,,,,,,,,,,,,,,,,,,,,,,,,,,,,,,,,,,,,,,,,,,,,,,,,,,,,,,,,,,,,,,,,,,,,,,,,42,d,Time,1000,,mg/kg bdwt/d,Administered dose(mass),1000,,mg/kg/d,Administered dose(mass)
103-24-2,"bis(2-ethylhexyl) azelate;1,9-bis(2-ethylhexyl) nonanedioate;Azelaic acid, bis(2-ethylhexyl) ester;bis(2-ethylhexyl) azelate;Bis(2-ethylhexyl) nonanedioate;bis(2-ethylhexyl) nonanedioate (nonanedioic acid, bis(2-ethylhexyl) ester);Di-2-ethylhexyl azelate;dioctyl azelate;Nonanedioic acid, 1,9-bis(2-ethylhexyl) ester;Nonanedioic acid, bis(2-ethylhexyl) ester",,,,,,,,,,,,,,,,,,,,,,,,,,,,,,,,,,,,,,,,,,,,,,,,,,,,,,,,,,,,,,,,,,,,,,,,,,,,,,,,,,,,,,,,,,,,,,,,,,,,,,,,,,,,,,,,,,,,,,,,,,,,,,,,Human Health Hazards#Repeated Dose Toxicity,Repeated Dose Toxicity HESS,NOEL,,False,No qualifier,Equal,,,,2003,,,,OECD TG 422,,,Rat,Myocardial Necrosis,,,,,,,,,,,,,,,,,,,,,,SD,Oral (Gavage),,,,,,Male,Main,"National Institute of Health Sciences, Japan",Heart,ReproTox,Food and Drug Safety Center,Histopathological findings,1000,mg/kg bdwt/d,Administered dose(mass),100,mg/kg bdwt/d,Administered dose(mass),77.2,None,0,d,Time,,,,,,,,,,,,,,,,,,,,,,,,,,,,,,,,,,,,,,,,,,,,,,,,,,,,,,,,,,,,,,,,,,,,,,,,,,,,,,,,,,,,,,,,,,,,,,,,,,,,,,,,,,,,,,,,,,,,,,,,,,,,,,,,,,,,,,,,,,,,,,,,,,,,,,,,,,,,,,,,,42,d,Time,1000,,mg/kg bdwt/d,Administered dose(mass),1000,,mg/kg/d,Administered dose(mass)
103-24-2,"bis(2-ethylhexyl) azelate;1,9-bis(2-ethylhexyl) nonanedioate;Azelaic acid, bis(2-ethylhexyl) ester;bis(2-ethylhexyl) azelate;Bis(2-ethylhexyl) nonanedioate;bis(2-ethylhexyl) nonanedioate (nonanedioic acid, bis(2-ethylhexyl) ester);Di-2-ethylhexyl azelate;dioctyl azelate;Nonanedioic acid, 1,9-bis(2-ethylhexyl) ester;Nonanedioic acid, bis(2-ethylhexyl) ester",,,,,,,,,,,,,,,,,,,,,,,,,,,,,,,,,,,,,,,,,,,,,,,,,,,,,,,,,,,,,,,,,,,,,,,,,,,,,,,,,,,,,,,,,,,,,,,,,,,,,,,,,,,,,,,,,,,,,,,,,,,,,,,,Human Health Hazards#Repeated Dose Toxicity,Repeated Dose Toxicity HESS,NOEL,,False,No qualifier,Equal,,,,2003,,,,OECD TG 422,,,Rat,Other Findings,,,,,,,,,,,,,,,,,,,,,,SD,Oral (Gavage),,,,,,Male,Main,"National Institute of Health Sciences, Japan",Heart,ReproTox,Food and Drug Safety Center,Histopathological findings,1000,mg/kg bdwt/d,Administered dose(mass),100,mg/kg bdwt/d,Administered dose(mass),77.2,None,0,d,Time,,,,,,,,,,,,,,,,,,,,,,,,,,,,,,,,,,,,,,,,,,,,,,,,,,,,,,,,,,,,,,,,,,,,,,,,,,,,,,,,,,,,,,,,,,,,,,,,,,,,,,,,,,,,,,,,,,,,,,,,,,,,,,,,,,,,,,,,,,,,,,,,,,,,,,,,,,,,,,,,,42,d,Time,1000,,mg/kg bdwt/d,Administered dose(mass),1000,,mg/kg/d,Administered dose(mass)
103-24-2,"bis(2-ethylhexyl) azelate;1,9-bis(2-ethylhexyl) nonanedioate;Azelaic acid, bis(2-ethylhexyl) ester;bis(2-ethylhexyl) azelate;Bis(2-ethylhexyl) nonanedioate;bis(2-ethylhexyl) nonanedioate (nonanedioic acid, bis(2-ethylhexyl) ester);Di-2-ethylhexyl azelate;dioctyl azelate;Nonanedioic acid, 1,9-bis(2-ethylhexyl) ester;Nonanedioic acid, bis(2-ethylhexyl) ester",,,,,,,,,,,,,,,,,,,,,,,,,,,,,,,,,,,,,,,,,,,,,,,,,,,,,,,,,,,,,,,,,,,,,,,,,,,,,,,,,,,,,,,,,,,,,,,,,,,,,,,,,,,,,,,,,,,,,,,,,,,,,,,,Human Health Hazards#Repeated Dose Toxicity,Repeated Dose Toxicity HESS,NOEL,,False,No qualifier,Equal,,,,2003,,,,OECD TG 422,,,Rat,Relative Organ Weight↑,,,,,,,,,,,,,,,,,,,,,,SD,Oral (Gavage),,,,,,Male,Main,"National Institute of Health Sciences, Japan",Heart,ReproTox,Food and Drug Safety Center,Organ weights,1000,mg/kg bdwt/d,Administered dose(mass),100,mg/kg bdwt/d,Administered dose(mass),77.2,None,0,d,Time,,,,,,,,,,,,,,,,,,,,,,,,,,,,,,,,,,,,,,,,,,,,,,,,,,,,,,,,,,,,,,,,,,,,,,,,,,,,,,,,,,,,,,,,,,,,,,,,,,,,,,,,,,,,,,,,,,,,,,,,,,,,,,,,,,,,,,,,,,,,,,,,,,,,,,,,,,,,,,,,,42,d,Time,1000,,mg/kg bdwt/d,Administered dose(mass),1000,,mg/kg/d,Administered dose(mass)
103-24-2,"bis(2-ethylhexyl) azelate;1,9-bis(2-ethylhexyl) nonanedioate;Azelaic acid, bis(2-ethylhexyl) ester;bis(2-ethylhexyl) azelate;Bis(2-ethylhexyl) nonanedioate;bis(2-ethylhexyl) nonanedioate (nonanedioic acid, bis(2-ethylhexyl) ester);Di-2-ethylhexyl azelate;dioctyl azelate;Nonanedioic acid, 1,9-bis(2-ethylhexyl) ester;Nonanedioic acid, bis(2-ethylhexyl) ester",,,,,,,,,,,,,,,,,,,,,,,,,,,,,,,,,,,,,,,,,,,,,,,,,,,,,,,,,,,,,,,,,,,,,,,,,,,,,,,,,,,,,,,,,,,,,,,,,,,,,,,,,,,,,,,,,,,,,,,,,,,,,,,,Human Health Hazards#Repeated Dose Toxicity,Repeated Dose Toxicity HESS,NOEL,,False,No qualifier,Equal,,,,2003,,,,OECD TG 422,,,Rat,Relative Organ Weight↓,,,,,,,,,,,,,,,,,,,,,,SD,Oral (Gavage),,,,,,Male,Main,"National Institute of Health Sciences, Japan",Heart,ReproTox,Food and Drug Safety Center,Organ weights,1000,mg/kg bdwt/d,Administered dose(mass),100,mg/kg bdwt/d,Administered dose(mass),77.2,None,0,d,Time,,,,,,,,,,,,,,,,,,,,,,,,,,,,,,,,,,,,,,,,,,,,,,,,,,,,,,,,,,,,,,,,,,,,,,,,,,,,,,,,,,,,,,,,,,,,,,,,,,,,,,,,,,,,,,,,,,,,,,,,,,,,,,,,,,,,,,,,,,,,,,,,,,,,,,,,,,,,,,,,,42,d,Time,1000,,mg/kg bdwt/d,Administered dose(mass),1000,,mg/kg/d,Administered dose(mass)
103-24-2,"bis(2-ethylhexyl) azelate;1,9-bis(2-ethylhexyl) nonanedioate;Azelaic acid, bis(2-ethylhexyl) ester;bis(2-ethylhexyl) azelate;Bis(2-ethylhexyl) nonanedioate;bis(2-ethylhexyl) nonanedioate (nonanedioic acid, bis(2-ethylhexyl) ester);Di-2-ethylhexyl azelate;dioctyl azelate;Nonanedioic acid, 1,9-bis(2-ethylhexyl) ester;Nonanedioic acid, bis(2-ethylhexyl) ester",,,,,,,,,,,,,,,,,,,,,,,,,,,,,,,,,,,,,,,,,,,,,,,,,,,,,,,,,,,,,,,,,,,,,,,,,,,,,,,,,,,,,,,,,,,,,,,,,,,,,,,,,,,,,,,,,,,,,,,,,,,,,,,,Human Health Hazards#Repeated Dose Toxicity,Repeated Dose Toxicity HESS,NOEL,,False,No qualifier,Equal,,,,2003,,,,OECD TG 422,,,Rat,,,,,,,,,,,,,,,,,,,,,,,SD,Oral (Gavage),,,,,,Male,Main,"National Institute of Health Sciences, Japan",Heart,ReproTox,Food and Drug Safety Center,Necropsy,1000,mg/kg bdwt/d,Administered dose(mass),100,mg/kg bdwt/d,Administered dose(mass),77.2,None,0,d,Time,,,,,,,,,,,,,,,,,,,,,,,,,,,,,,,,,,,,,,,,,,,,,,,,,,,,,,,,,,,,,,,,,,,,,,,,,,,,,,,,,,,,,,,,,,,,,,,,,,,,,,,,,,,,,,,,,,,,,,,,,,,,,,,,,,,,,,,,,,,,,,,,,,,,,,,,,,,,,,,,,42,d,Time,1000,,mg/kg bdwt/d,Administered dose(mass),1000,,mg/kg/d,Administered dose(mass)
103-24-2,"bis(2-ethylhexyl) azelate;1,9-bis(2-ethylhexyl) nonanedioate;Azelaic acid, bis(2-ethylhexyl) ester;bis(2-ethylhexyl) azelate;Bis(2-ethylhexyl) nonanedioate;bis(2-ethylhexyl) nonanedioate (nonanedioic acid, bis(2-ethylhexyl) ester);Di-2-ethylhexyl azelate;dioctyl azelate;Nonanedioic acid, 1,9-bis(2-ethylhexyl) ester;Nonanedioic acid, bis(2-ethylhexyl) ester",,,,,,,,,,,,,,,,,,,,,,,,,,,,,,,,,,,,,,,,,,,,,,,,,,,,,,,,,,,,,,,,,,,,,,,,,,,,,,,,,,,,,,,,,,,,,,,,,,,,,,,,,,,,,,,,,,,,,,,,,,,,,,,,Human Health Hazards#Repeated Dose Toxicity,Repeated Dose Toxicity HESS,NOEL,,False,No qualifier,Equal,,,,2003,,,,OECD TG 422,,,Rat,,,,,,,,,,,,,,,,,,,,,,,SD,Oral (Gavage),,,,,,Male,Main,"National Institute of Health Sciences, Japan",Intestine,ReproTox,Food and Drug Safety Center,Histopathological findings,1000,mg/kg bdwt/d,Administered dose(mass),100,mg/kg bdwt/d,Administered dose(mass),77.2,None,0,d,Time,,,,,,,,,,,,,,,,,,,,,,,,,,,,,,,,,,,,,,,,,,,,,,,,,,,,,,,,,,,,,,,,,,,,,,,,,,,,,,,,,,,,,,,,,,,,,,,,,,,,,,,,,,,,,,,,,,,,,,,,,,,,,,,,,,,,,,,,,,,,,,,,,,,,,,,,,,,,,,,,,42,d,Time,1000,,mg/kg bdwt/d,Administered dose(mass),1000,,mg/kg/d,Administered dose(mass)
103-24-2,"bis(2-ethylhexyl) azelate;1,9-bis(2-ethylhexyl) nonanedioate;Azelaic acid, bis(2-ethylhexyl) ester;bis(2-ethylhexyl) azelate;Bis(2-ethylhexyl) nonanedioate;bis(2-ethylhexyl) nonanedioate (nonanedioic acid, bis(2-ethylhexyl) ester);Di-2-ethylhexyl azelate;dioctyl azelate;Nonanedioic acid, 1,9-bis(2-ethylhexyl) ester;Nonanedioic acid, bis(2-ethylhexyl) ester",,,,,,,,,,,,,,,,,,,,,,,,,,,,,,,,,,,,,,,,,,,,,,,,,,,,,,,,,,,,,,,,,,,,,,,,,,,,,,,,,,,,,,,,,,,,,,,,,,,,,,,,,,,,,,,,,,,,,,,,,,,,,,,,Human Health Hazards#Repeated Dose Toxicity,Repeated Dose Toxicity HESS,NOEL,,False,No qualifier,Equal,,,,2003,,,,OECD TG 422,,,Rat,,,,,,,,,,,,,,,,,,,,,,,SD,Oral (Gavage),,,,,,Male,Main,"National Institute of Health Sciences, Japan",Intestine,ReproTox,Food and Drug Safety Center,Necropsy,1000,mg/kg bdwt/d,Administered dose(mass),100,mg/kg bdwt/d,Administered dose(mass),77.2,None,0,d,Time,,,,,,,,,,,,,,,,,,,,,,,,,,,,,,,,,,,,,,,,,,,,,,,,,,,,,,,,,,,,,,,,,,,,,,,,,,,,,,,,,,,,,,,,,,,,,,,,,,,,,,,,,,,,,,,,,,,,,,,,,,,,,,,,,,,,,,,,,,,,,,,,,,,,,,,,,,,,,,,,,42,d,Time,1000,,mg/kg bdwt/d,Administered dose(mass),1000,,mg/kg/d,Administered dose(mass)
103-24-2,"bis(2-ethylhexyl) azelate;1,9-bis(2-ethylhexyl) nonanedioate;Azelaic acid, bis(2-ethylhexyl) ester;bis(2-ethylhexyl) azelate;Bis(2-ethylhexyl) nonanedioate;bis(2-ethylhexyl) nonanedioate (nonanedioic acid, bis(2-ethylhexyl) ester);Di-2-ethylhexyl azelate;dioctyl azelate;Nonanedioic acid, 1,9-bis(2-ethylhexyl) ester;Nonanedioic acid, bis(2-ethylhexyl) ester",,,,,,,,,,,,,,,,,,,,,,,,,,,,,,,,,,,,,,,,,,,,,,,,,,,,,,,,,,,,,,,,,,,,,,,,,,,,,,,,,,,,,,,,,,,,,,,,,,,,,,,,,,,,,,,,,,,,,,,,,,,,,,,,Human Health Hazards#Repeated Dose Toxicity,Repeated Dose Toxicity HESS,NOEL,,False,No qualifier,Equal,,,,2003,,,,OECD TG 422,,,Rat,Absolute Organ Weight↑,,,,,,,,,,,,,,,,,,,,,,SD,Oral (Gavage),,,,,,Male,Main,"National Institute of Health Sciences, Japan",Kidney,ReproTox,Food and Drug Safety Center,Organ weights,1000,mg/kg bdwt/d,Administered dose(mass),100,mg/kg bdwt/d,Administered dose(mass),77.2,None,0,d,Time,,,,,,,,,,,,,,,,,,,,,,,,,,,,,,,,,,,,,,,,,,,,,,,,,,,,,,,,,,,,,,,,,,,,,,,,,,,,,,,,,,,,,,,,,,,,,,,,,,,,,,,,,,,,,,,,,,,,,,,,,,,,,,,,,,,,,,,,,,,,,,,,,,,,,,,,,,,,,,,,,42,d,Time,300,,mg/kg bdwt/d,Administered dose(mass),300,,mg/kg/d,Administered dose(mass)
103-24-2,"bis(2-ethylhexyl) azelate;1,9-bis(2-ethylhexyl) nonanedioate;Azelaic acid, bis(2-ethylhexyl) ester;bis(2-ethylhexyl) azelate;Bis(2-ethylhexyl) nonanedioate;bis(2-ethylhexyl) nonanedioate (nonanedioic acid, bis(2-ethylhexyl) ester);Di-2-ethylhexyl azelate;dioctyl azelate;Nonanedioic acid, 1,9-bis(2-ethylhexyl) ester;Nonanedioic acid, bis(2-ethylhexyl) ester",,,,,,,,,,,,,,,,,,,,,,,,,,,,,,,,,,,,,,,,,,,,,,,,,,,,,,,,,,,,,,,,,,,,,,,,,,,,,,,,,,,,,,,,,,,,,,,,,,,,,,,,,,,,,,,,,,,,,,,,,,,,,,,,Human Health Hazards#Repeated Dose Toxicity,Repeated Dose Toxicity HESS,NOEL,,False,No qualifier,Equal,,,,2003,,,,OECD TG 422,,,Rat,Absolute Organ Weight↓,,,,,,,,,,,,,,,,,,,,,,SD,Oral (Gavage),,,,,,Male,Main,"National Institute of Health Sciences, Japan",Kidney,ReproTox,Food and Drug Safety Center,Organ weights,1000,mg/kg bdwt/d,Administered dose(mass),100,mg/kg bdwt/d,Administered dose(mass),77.2,None,0,d,Time,,,,,,,,,,,,,,,,,,,,,,,,,,,,,,,,,,,,,,,,,,,,,,,,,,,,,,,,,,,,,,,,,,,,,,,,,,,,,,,,,,,,,,,,,,,,,,,,,,,,,,,,,,,,,,,,,,,,,,,,,,,,,,,,,,,,,,,,,,,,,,,,,,,,,,,,,,,,,,,,,42,d,Time,1000,,mg/kg bdwt/d,Administered dose(mass),1000,,mg/kg/d,Administered dose(mass)
103-24-2,"bis(2-ethylhexyl) azelate;1,9-bis(2-ethylhexyl) nonanedioate;Azelaic acid, bis(2-ethylhexyl) ester;bis(2-ethylhexyl) azelate;Bis(2-ethylhexyl) nonanedioate;bis(2-ethylhexyl) nonanedioate (nonanedioic acid, bis(2-ethylhexyl) ester);Di-2-ethylhexyl azelate;dioctyl azelate;Nonanedioic acid, 1,9-bis(2-ethylhexyl) ester;Nonanedioic acid, bis(2-ethylhexyl) ester",,,,,,,,,,,,,,,,,,,,,,,,,,,,,,,,,,,,,,,,,,,,,,,,,,,,,,,,,,,,,,,,,,,,,,,,,,,,,,,,,,,,,,,,,,,,,,,,,,,,,,,,,,,,,,,,,,,,,,,,,,,,,,,,Human Health Hazards#Repeated Dose Toxicity,Repeated Dose Toxicity HESS,NOEL,,False,No qualifier,Equal,,,,2003,,,,OECD TG 422,,,Rat,Atrophy,,,,,,,,,,,,,,,,,,,,,,SD,Oral (Gavage),,,,,,Male,Main,"National Institute of Health Sciences, Japan",Kidney,ReproTox,Food and Drug Safety Center,Histopathological findings,1000,mg/kg bdwt/d,Administered dose(mass),100,mg/kg bdwt/d,Administered dose(mass),77.2,None,0,d,Time,Renal tubule (Distal/Collecting duct),,,,,,,,,,,,,,,,,,,,,,,,,,,,,,,,,,,,,,,,,,,,,,,,,,,,,,,,,,,,,,,,,,,,,,,,,,,,,,,,,,,,,,,,,,,,,,,,,,,,,,,,,,,,,,,,,,,,,,,,,,,,,,,,,,,,,,,,,,,,,,,,,,,,,,,,,,,,,,,,42,d,Time,1000,,mg/kg bdwt/d,Administered dose(mass),1000,,mg/kg/d,Administered dose(mass)
103-24-2,"bis(2-ethylhexyl) azelate;1,9-bis(2-ethylhexyl) nonanedioate;Azelaic acid, bis(2-ethylhexyl) ester;bis(2-ethylhexyl) azelate;Bis(2-ethylhexyl) nonanedioate;bis(2-ethylhexyl) nonanedioate (nonanedioic acid, bis(2-ethylhexyl) ester);Di-2-ethylhexyl azelate;dioctyl azelate;Nonanedioic acid, 1,9-bis(2-ethylhexyl) ester;Nonanedioic acid, bis(2-ethylhexyl) ester",,,,,,,,,,,,,,,,,,,,,,,,,,,,,,,,,,,,,,,,,,,,,,,,,,,,,,,,,,,,,,,,,,,,,,,,,,,,,,,,,,,,,,,,,,,,,,,,,,,,,,,,,,,,,,,,,,,,,,,,,,,,,,,,Human Health Hazards#Repeated Dose Toxicity,Repeated Dose Toxicity HESS,NOEL,,False,No qualifier,Equal,,,,2003,,,,OECD TG 422,,,Rat,Atrophy,,,,,,,,,,,,,,,,,,,,,,SD,Oral (Gavage),,,,,,Male,Main,"National Institute of Health Sciences, Japan",Kidney,ReproTox,Food and Drug Safety Center,Histopathological findings,1000,mg/kg bdwt/d,Administered dose(mass),100,mg/kg bdwt/d,Administered dose(mass),77.2,None,0,d,Time,Renal tubule (Proximal),,,,,,,,,,,,,,,,,,,,,,,,,,,,,,,,,,,,,,,,,,,,,,,,,,,,,,,,,,,,,,,,,,,,,,,,,,,,,,,,,,,,,,,,,,,,,,,,,,,,,,,,,,,,,,,,,,,,,,,,,,,,,,,,,,,,,,,,,,,,,,,,,,,,,,,,,,,,,,,,42,d,Time,1000,,mg/kg bdwt/d,Administered dose(mass),1000,,mg/kg/d,Administered dose(mass)
103-24-2,"bis(2-ethylhexyl) azelate;1,9-bis(2-ethylhexyl) nonanedioate;Azelaic acid, bis(2-ethylhexyl) ester;bis(2-ethylhexyl) azelate;Bis(2-ethylhexyl) nonanedioate;bis(2-ethylhexyl) nonanedioate (nonanedioic acid, bis(2-ethylhexyl) ester);Di-2-ethylhexyl azelate;dioctyl azelate;Nonanedioic acid, 1,9-bis(2-ethylhexyl) ester;Nonanedioic acid, bis(2-ethylhexyl) ester",,,,,,,,,,,,,,,,,,,,,,,,,,,,,,,,,,,,,,,,,,,,,,,,,,,,,,,,,,,,,,,,,,,,,,,,,,,,,,,,,,,,,,,,,,,,,,,,,,,,,,,,,,,,,,,,,,,,,,,,,,,,,,,,Human Health Hazards#Repeated Dose Toxicity,Repeated Dose Toxicity HESS,NOEL,,False,No qualifier,Equal,,,,2003,,,,OECD TG 422,,,Rat,Atrophy,,,,,,,,,,,,,,,,,,,,,,SD,Oral (Gavage),,,,,,Male,Main,"National Institute of Health Sciences, Japan",Kidney,ReproTox,Food and Drug Safety Center,Histopathological findings,1000,mg/kg bdwt/d,Administered dose(mass),100,mg/kg bdwt/d,Administered dose(mass),77.2,None,0,d,Time,Renal tubule (Other),,,,,,,,,,,,,,,,,,,,,,,,,,,,,,,,,,,,,,,,,,,,,,,,,,,,,,,,,,,,,,,,,,,,,,,,,,,,,,,,,,,,,,,,,,,,,,,,,,,,,,,,,,,,,,,,,,,,,,,,,,,,,,,,,,,,,,,,,,,,,,,,,,,,,,,,,,,,,,,,42,d,Time,1000,,mg/kg bdwt/d,Administered dose(mass),1000,,mg/kg/d,Administered dose(mass)
103-24-2,"bis(2-ethylhexyl) azelate;1,9-bis(2-ethylhexyl) nonanedioate;Azelaic acid, bis(2-ethylhexyl) ester;bis(2-ethylhexyl) azelate;Bis(2-ethylhexyl) nonanedioate;bis(2-ethylhexyl) nonanedioate (nonanedioic acid, bis(2-ethylhexyl) ester);Di-2-ethylhexyl azelate;dioctyl azelate;Nonanedioic acid, 1,9-bis(2-ethylhexyl) ester;Nonanedioic acid, bis(2-ethylhexyl) ester",,,,,,,,,,,,,,,,,,,,,,,,,,,,,,,,,,,,,,,,,,,,,,,,,,,,,,,,,,,,,,,,,,,,,,,,,,,,,,,,,,,,,,,,,,,,,,,,,,,,,,,,,,,,,,,,,,,,,,,,,,,,,,,,Human Health Hazards#Repeated Dose Toxicity,Repeated Dose Toxicity HESS,NOEL,,False,No qualifier,Equal,,,,2003,,,,OECD TG 422,,,Rat,Atrophy Pelvis,,,,,,,,,,,,,,,,,,,,,,SD,Oral (Gavage),,,,,,Male,Main,"National Institute of Health Sciences, Japan",Kidney,ReproTox,Food and Drug Safety Center,Histopathological findings,1000,mg/kg bdwt/d,Administered dose(mass),100,mg/kg bdwt/d,Administered dose(mass),77.2,None,0,d,Time,Pelvis/Papilla,,,,,,,,,,,,,,,,,,,,,,,,,,,,,,,,,,,,,,,,,,,,,,,,,,,,,,,,,,,,,,,,,,,,,,,,,,,,,,,,,,,,,,,,,,,,,,,,,,,,,,,,,,,,,,,,,,,,,,,,,,,,,,,,,,,,,,,,,,,,,,,,,,,,,,,,,,,,,,,,42,d,Time,1000,,mg/kg bdwt/d,Administered dose(mass),1000,,mg/kg/d,Administered dose(mass)
103-24-2,"bis(2-ethylhexyl) azelate;1,9-bis(2-ethylhexyl) nonanedioate;Azelaic acid, bis(2-ethylhexyl) ester;bis(2-ethylhexyl) azelate;Bis(2-ethylhexyl) nonanedioate;bis(2-ethylhexyl) nonanedioate (nonanedioic acid, bis(2-ethylhexyl) ester);Di-2-ethylhexyl azelate;dioctyl azelate;Nonanedioic acid, 1,9-bis(2-ethylhexyl) ester;Nonanedioic acid, bis(2-ethylhexyl) ester",,,,,,,,,,,,,,,,,,,,,,,,,,,,,,,,,,,,,,,,,,,,,,,,,,,,,,,,,,,,,,,,,,,,,,,,,,,,,,,,,,,,,,,,,,,,,,,,,,,,,,,,,,,,,,,,,,,,,,,,,,,,,,,,Human Health Hazards#Repeated Dose Toxicity,Repeated Dose Toxicity HESS,NOEL,,False,No qualifier,Equal,,,,2003,,,,OECD TG 422,,,Rat,Basophilic Change/Regeneration/Degeneration,,,,,,,,,,,,,,,,,,,,,,SD,Oral (Gavage),,,,,,Male,Main,"National Institute of Health Sciences, Japan",Kidney,ReproTox,Food and Drug Safety Center,Histopathological findings,1000,mg/kg bdwt/d,Administered dose(mass),100,mg/kg bdwt/d,Administered dose(mass),77.2,None,0,d,Time,Renal tubule (Other),,,,,,,,,,,,,,,,,,,,,,,,,,,,,,,,,,,,,,,,,,,,,,,,,,,,,,,,,,,,,,,,,,,,,,,,,,,,,,,,,,,,,,,,,,,,,,,,,,,,,,,,,,,,,,,,,,,,,,,,,,,,,,,,,,,,,,,,,,,,,,,,,,,,,,,,,,,,,,,,42,d,Time,1000,,mg/kg bdwt/d,Administered dose(mass),1000,,mg/kg/d,Administered dose(mass)
103-24-2,"bis(2-ethylhexyl) azelate;1,9-bis(2-ethylhexyl) nonanedioate;Azelaic acid, bis(2-ethylhexyl) ester;bis(2-ethylhexyl) azelate;Bis(2-ethylhexyl) nonanedioate;bis(2-ethylhexyl) nonanedioate (nonanedioic acid, bis(2-ethylhexyl) ester);Di-2-ethylhexyl azelate;dioctyl azelate;Nonanedioic acid, 1,9-bis(2-ethylhexyl) ester;Nonanedioic acid, bis(2-ethylhexyl) ester",,,,,,,,,,,,,,,,,,,,,,,,,,,,,,,,,,,,,,,,,,,,,,,,,,,,,,,,,,,,,,,,,,,,,,,,,,,,,,,,,,,,,,,,,,,,,,,,,,,,,,,,,,,,,,,,,,,,,,,,,,,,,,,,Human Health Hazards#Repeated Dose Toxicity,Repeated Dose Toxicity HESS,NOEL,,False,No qualifier,Equal,,,,2003,,,,OECD TG 422,,,Rat,Basophilic Change/Regeneration/Degeneration,,,,,,,,,,,,,,,,,,,,,,SD,Oral (Gavage),,,,,,Male,Main,"National Institute of Health Sciences, Japan",Kidney,ReproTox,Food and Drug Safety Center,Histopathological findings,1000,mg/kg bdwt/d,Administered dose(mass),100,mg/kg bdwt/d,Administered dose(mass),77.2,None,0,d,Time,Renal tubule (Distal/Collecting duct),,,,,,,,,,,,,,,,,,,,,,,,,,,,,,,,,,,,,,,,,,,,,,,,,,,,,,,,,,,,,,,,,,,,,,,,,,,,,,,,,,,,,,,,,,,,,,,,,,,,,,,,,,,,,,,,,,,,,,,,,,,,,,,,,,,,,,,,,,,,,,,,,,,,,,,,,,,,,,,,42,d,Time,1000,,mg/kg bdwt/d,Administered dose(mass),1000,,mg/kg/d,Administered dose(mass)
103-24-2,"bis(2-ethylhexyl) azelate;1,9-bis(2-ethylhexyl) nonanedioate;Azelaic acid, bis(2-ethylhexyl) ester;bis(2-ethylhexyl) azelate;Bis(2-ethylhexyl) nonanedioate;bis(2-ethylhexyl) nonanedioate (nonanedioic acid, bis(2-ethylhexyl) ester);Di-2-ethylhexyl azelate;dioctyl azelate;Nonanedioic acid, 1,9-bis(2-ethylhexyl) ester;Nonanedioic acid, bis(2-ethylhexyl) ester",,,,,,,,,,,,,,,,,,,,,,,,,,,,,,,,,,,,,,,,,,,,,,,,,,,,,,,,,,,,,,,,,,,,,,,,,,,,,,,,,,,,,,,,,,,,,,,,,,,,,,,,,,,,,,,,,,,,,,,,,,,,,,,,Human Health Hazards#Repeated Dose Toxicity,Repeated Dose Toxicity HESS,NOEL,,False,No qualifier,Equal,,,,2003,,,,OECD TG 422,,,Rat,Basophilic Change/Regeneration/Degeneration,,,,,,,,,,,,,,,,,,,,,,SD,Oral (Gavage),,,,,,Male,Main,"National Institute of Health Sciences, Japan",Kidney,ReproTox,Food and Drug Safety Center,Histopathological findings,1000,mg/kg bdwt/d,Administered dose(mass),100,mg/kg bdwt/d,Administered dose(mass),77.2,None,0,d,Time,Renal tubule (Proximal),,,,,,,,,,,,,,,,,,,,,,,,,,,,,,,,,,,,,,,,,,,,,,,,,,,,,,,,,,,,,,,,,,,,,,,,,,,,,,,,,,,,,,,,,,,,,,,,,,,,,,,,,,,,,,,,,,,,,,,,,,,,,,,,,,,,,,,,,,,,,,,,,,,,,,,,,,,,,,,,42,d,Time,1000,,mg/kg bdwt/d,Administered dose(mass),1000,,mg/kg/d,Administered dose(mass)
103-24-2,"bis(2-ethylhexyl) azelate;1,9-bis(2-ethylhexyl) nonanedioate;Azelaic acid, bis(2-ethylhexyl) ester;bis(2-ethylhexyl) azelate;Bis(2-ethylhexyl) nonanedioate;bis(2-ethylhexyl) nonanedioate (nonanedioic acid, bis(2-ethylhexyl) ester);Di-2-ethylhexyl azelate;dioctyl azelate;Nonanedioic acid, 1,9-bis(2-ethylhexyl) ester;Nonanedioic acid, bis(2-ethylhexyl) ester",,,,,,,,,,,,,,,,,,,,,,,,,,,,,,,,,,,,,,,,,,,,,,,,,,,,,,,,,,,,,,,,,,,,,,,,,,,,,,,,,,,,,,,,,,,,,,,,,,,,,,,,,,,,,,,,,,,,,,,,,,,,,,,,Human Health Hazards#Repeated Dose Toxicity,Repeated Dose Toxicity HESS,NOEL,,False,No qualifier,Equal,,,,2003,,,,OECD TG 422,,,Rat,Casts,,,,,,,,,,,,,,,,,,,,,,SD,Oral (Gavage),,,,,,Male,Main,"National Institute of Health Sciences, Japan",Kidney,ReproTox,Food and Drug Safety Center,Histopathological findings,1000,mg/kg bdwt/d,Administered dose(mass),100,mg/kg bdwt/d,Administered dose(mass),77.2,None,0,d,Time,Renal tubule (Other),,,,,,,,,,,,,,,,,,,,,,,,,,,,,,,,,,,,,,,,,,,,,,,,,,,,,,,,,,,,,,,,,,,,,,,,,,,,,,,,,,,,,,,,,,,,,,,,,,,,,,,,,,,,,,,,,,,,,,,,,,,,,,,,,,,,,,,,,,,,,,,,,,,,,,,,,,,,,,,,42,d,Time,1000,,mg/kg bdwt/d,Administered dose(mass),1000,,mg/kg/d,Administered dose(mass)
103-24-2,"bis(2-ethylhexyl) azelate;1,9-bis(2-ethylhexyl) nonanedioate;Azelaic acid, bis(2-ethylhexyl) ester;bis(2-ethylhexyl) azelate;Bis(2-ethylhexyl) nonanedioate;bis(2-ethylhexyl) nonanedioate (nonanedioic acid, bis(2-ethylhexyl) ester);Di-2-ethylhexyl azelate;dioctyl azelate;Nonanedioic acid, 1,9-bis(2-ethylhexyl) ester;Nonanedioic acid, bis(2-ethylhexyl) ester",,,,,,,,,,,,,,,,,,,,,,,,,,,,,,,,,,,,,,,,,,,,,,,,,,,,,,,,,,,,,,,,,,,,,,,,,,,,,,,,,,,,,,,,,,,,,,,,,,,,,,,,,,,,,,,,,,,,,,,,,,,,,,,,Human Health Hazards#Repeated Dose Toxicity,Repeated Dose Toxicity HESS,NOEL,,False,No qualifier,Equal,,,,2003,,,,OECD TG 422,,,Rat,Casts,,,,,,,,,,,,,,,,,,,,,,SD,Oral (Gavage),,,,,,Male,Main,"National Institute of Health Sciences, Japan",Kidney,ReproTox,Food and Drug Safety Center,Histopathological findings,1000,mg/kg bdwt/d,Administered dose(mass),100,mg/kg bdwt/d,Administered dose(mass),77.2,None,0,d,Time,Renal tubule (Distal/Collecting duct),,,,,,,,,,,,,,,,,,,,,,,,,,,,,,,,,,,,,,,,,,,,,,,,,,,,,,,,,,,,,,,,,,,,,,,,,,,,,,,,,,,,,,,,,,,,,,,,,,,,,,,,,,,,,,,,,,,,,,,,,,,,,,,,,,,,,,,,,,,,,,,,,,,,,,,,,,,,,,,,42,d,Time,1000,,mg/kg bdwt/d,Administered dose(mass),1000,,mg/kg/d,Administered dose(mass)
103-24-2,"bis(2-ethylhexyl) azelate;1,9-bis(2-ethylhexyl) nonanedioate;Azelaic acid, bis(2-ethylhexyl) ester;bis(2-ethylhexyl) azelate;Bis(2-ethylhexyl) nonanedioate;bis(2-ethylhexyl) nonanedioate (nonanedioic acid, bis(2-ethylhexyl) ester);Di-2-ethylhexyl azelate;dioctyl azelate;Nonanedioic acid, 1,9-bis(2-ethylhexyl) ester;Nonanedioic acid, bis(2-ethylhexyl) ester",,,,,,,,,,,,,,,,,,,,,,,,,,,,,,,,,,,,,,,,,,,,,,,,,,,,,,,,,,,,,,,,,,,,,,,,,,,,,,,,,,,,,,,,,,,,,,,,,,,,,,,,,,,,,,,,,,,,,,,,,,,,,,,,Human Health Hazards#Repeated Dose Toxicity,Repeated Dose Toxicity HESS,NOEL,,False,No qualifier,Equal,,,,2003,,,,OECD TG 422,,,Rat,Casts,,,,,,,,,,,,,,,,,,,,,,SD,Oral (Gavage),,,,,,Male,Main,"National Institute of Health Sciences, Japan",Kidney,ReproTox,Food and Drug Safety Center,Histopathological findings,1000,mg/kg bdwt/d,Administered dose(mass),100,mg/kg bdwt/d,Administered dose(mass),77.2,None,0,d,Time,Renal tubule (Proximal),,,,,,,,,,,,,,,,,,,,,,,,,,,,,,,,,,,,,,,,,,,,,,,,,,,,,,,,,,,,,,,,,,,,,,,,,,,,,,,,,,,,,,,,,,,,,,,,,,,,,,,,,,,,,,,,,,,,,,,,,,,,,,,,,,,,,,,,,,,,,,,,,,,,,,,,,,,,,,,,42,d,Time,1000,,mg/kg bdwt/d,Administered dose(mass),1000,,mg/kg/d,Administered dose(mass)
103-24-2,"bis(2-ethylhexyl) azelate;1,9-bis(2-ethylhexyl) nonanedioate;Azelaic acid, bis(2-ethylhexyl) ester;bis(2-ethylhexyl) azelate;Bis(2-ethylhexyl) nonanedioate;bis(2-ethylhexyl) nonanedioate (nonanedioic acid, bis(2-ethylhexyl) ester);Di-2-ethylhexyl azelate;dioctyl azelate;Nonanedioic acid, 1,9-bis(2-ethylhexyl) ester;Nonanedioic acid, bis(2-ethylhexyl) ester",,,,,,,,,,,,,,,,,,,,,,,,,,,,,,,,,,,,,,,,,,,,,,,,,,,,,,,,,,,,,,,,,,,,,,,,,,,,,,,,,,,,,,,,,,,,,,,,,,,,,,,,,,,,,,,,,,,,,,,,,,,,,,,,Human Health Hazards#Repeated Dose Toxicity,Repeated Dose Toxicity HESS,NOEL,,False,No qualifier,Equal,,,,2003,,,,OECD TG 422,,,Rat,Cell Infiltration/Inflamation,,,,,,,,,,,,,,,,,,,,,,SD,Oral (Gavage),,,,,,Male,Main,"National Institute of Health Sciences, Japan",Kidney,ReproTox,Food and Drug Safety Center,Histopathological findings,1000,mg/kg bdwt/d,Administered dose(mass),100,mg/kg bdwt/d,Administered dose(mass),77.2,None,0,d,Time,,,,,,,,,,,,,,,,,,,,,,,,,,,,,,,,,,,,,,,,,,,,,,,,,,,,,,,,,,,,,,,,,,,,,,,,,,,,,,,,,,,,,,,,,,,,,,,,,,,,,,,,,,,,,,,,,,,,,,,,,,,,,,,,,,,,,,,,,,,,,,,,,,,,,,,,,,,,,,,,,42,d,Time,1000,,mg/kg bdwt/d,Administered dose(mass),1000,,mg/kg/d,Administered dose(mass)
103-24-2,"bis(2-ethylhexyl) azelate;1,9-bis(2-ethylhexyl) nonanedioate;Azelaic acid, bis(2-ethylhexyl) ester;bis(2-ethylhexyl) azelate;Bis(2-ethylhexyl) nonanedioate;bis(2-ethylhexyl) nonanedioate (nonanedioic acid, bis(2-ethylhexyl) ester);Di-2-ethylhexyl azelate;dioctyl azelate;Nonanedioic acid, 1,9-bis(2-ethylhexyl) ester;Nonanedioic acid, bis(2-ethylhexyl) ester",,,,,,,,,,,,,,,,,,,,,,,,,,,,,,,,,,,,,,,,,,,,,,,,,,,,,,,,,,,,,,,,,,,,,,,,,,,,,,,,,,,,,,,,,,,,,,,,,,,,,,,,,,,,,,,,,,,,,,,,,,,,,,,,Human Health Hazards#Repeated Dose Toxicity,Repeated Dose Toxicity HESS,NOEL,,False,No qualifier,Equal,,,,2003,,,,OECD TG 422,,,Rat,Desquamation Tubular Epithelium Cell,,,,,,,,,,,,,,,,,,,,,,SD,Oral (Gavage),,,,,,Male,Main,"National Institute of Health Sciences, Japan",Kidney,ReproTox,Food and Drug Safety Center,Histopathological findings,1000,mg/kg bdwt/d,Administered dose(mass),100,mg/kg bdwt/d,Administered dose(mass),77.2,None,0,d,Time,Renal tubule (Other),,,,,,,,,,,,,,,,,,,,,,,,,,,,,,,,,,,,,,,,,,,,,,,,,,,,,,,,,,,,,,,,,,,,,,,,,,,,,,,,,,,,,,,,,,,,,,,,,,,,,,,,,,,,,,,,,,,,,,,,,,,,,,,,,,,,,,,,,,,,,,,,,,,,,,,,,,,,,,,,42,d,Time,1000,,mg/kg bdwt/d,Administered dose(mass),1000,,mg/kg/d,Administered dose(mass)
103-24-2,"bis(2-ethylhexyl) azelate;1,9-bis(2-ethylhexyl) nonanedioate;Azelaic acid, bis(2-ethylhexyl) ester;bis(2-ethylhexyl) azelate;Bis(2-ethylhexyl) nonanedioate;bis(2-ethylhexyl) nonanedioate (nonanedioic acid, bis(2-ethylhexyl) ester);Di-2-ethylhexyl azelate;dioctyl azelate;Nonanedioic acid, 1,9-bis(2-ethylhexyl) ester;Nonanedioic acid, bis(2-ethylhexyl) ester",,,,,,,,,,,,,,,,,,,,,,,,,,,,,,,,,,,,,,,,,,,,,,,,,,,,,,,,,,,,,,,,,,,,,,,,,,,,,,,,,,,,,,,,,,,,,,,,,,,,,,,,,,,,,,,,,,,,,,,,,,,,,,,,Human Health Hazards#Repeated Dose Toxicity,Repeated Dose Toxicity HESS,NOEL,,False,No qualifier,Equal,,,,2003,,,,OECD TG 422,,,Rat,Desquamation Tubular Epithelium Cell,,,,,,,,,,,,,,,,,,,,,,SD,Oral (Gavage),,,,,,Male,Main,"National Institute of Health Sciences, Japan",Kidney,ReproTox,Food and Drug Safety Center,Histopathological findings,1000,mg/kg bdwt/d,Administered dose(mass),100,mg/kg bdwt/d,Administered dose(mass),77.2,None,0,d,Time,Renal tubule (Distal/Collecting duct),,,,,,,,,,,,,,,,,,,,,,,,,,,,,,,,,,,,,,,,,,,,,,,,,,,,,,,,,,,,,,,,,,,,,,,,,,,,,,,,,,,,,,,,,,,,,,,,,,,,,,,,,,,,,,,,,,,,,,,,,,,,,,,,,,,,,,,,,,,,,,,,,,,,,,,,,,,,,,,,42,d,Time,1000,,mg/kg bdwt/d,Administered dose(mass),1000,,mg/kg/d,Administered dose(mass)
103-24-2,"bis(2-ethylhexyl) azelate;1,9-bis(2-ethylhexyl) nonanedioate;Azelaic acid, bis(2-ethylhexyl) ester;bis(2-ethylhexyl) azelate;Bis(2-ethylhexyl) nonanedioate;bis(2-ethylhexyl) nonanedioate (nonanedioic acid, bis(2-ethylhexyl) ester);Di-2-ethylhexyl azelate;dioctyl azelate;Nonanedioic acid, 1,9-bis(2-ethylhexyl) ester;Nonanedioic acid, bis(2-ethylhexyl) ester",,,,,,,,,,,,,,,,,,,,,,,,,,,,,,,,,,,,,,,,,,,,,,,,,,,,,,,,,,,,,,,,,,,,,,,,,,,,,,,,,,,,,,,,,,,,,,,,,,,,,,,,,,,,,,,,,,,,,,,,,,,,,,,,Human Health Hazards#Repeated Dose Toxicity,Repeated Dose Toxicity HESS,NOEL,,False,No qualifier,Equal,,,,2003,,,,OECD TG 422,,,Rat,Desquamation Tubular Epithelium Cell,,,,,,,,,,,,,,,,,,,,,,SD,Oral (Gavage),,,,,,Male,Main,"National Institute of Health Sciences, Japan",Kidney,ReproTox,Food and Drug Safety Center,Histopathological findings,1000,mg/kg bdwt/d,Administered dose(mass),100,mg/kg bdwt/d,Administered dose(mass),77.2,None,0,d,Time,Renal tubule (Proximal),,,,,,,,,,,,,,,,,,,,,,,,,,,,,,,,,,,,,,,,,,,,,,,,,,,,,,,,,,,,,,,,,,,,,,,,,,,,,,,,,,,,,,,,,,,,,,,,,,,,,,,,,,,,,,,,,,,,,,,,,,,,,,,,,,,,,,,,,,,,,,,,,,,,,,,,,,,,,,,,42,d,Time,1000,,mg/kg bdwt/d,Administered dose(mass),1000,,mg/kg/d,Administered dose(mass)
103-24-2,"bis(2-ethylhexyl) azelate;1,9-bis(2-ethylhexyl) nonanedioate;Azelaic acid, bis(2-ethylhexyl) ester;bis(2-ethylhexyl) azelate;Bis(2-ethylhexyl) nonanedioate;bis(2-ethylhexyl) nonanedioate (nonanedioic acid, bis(2-ethylhexyl) ester);Di-2-ethylhexyl azelate;dioctyl azelate;Nonanedioic acid, 1,9-bis(2-ethylhexyl) ester;Nonanedioic acid, bis(2-ethylhexyl) ester",,,,,,,,,,,,,,,,,,,,,,,,,,,,,,,,,,,,,,,,,,,,,,,,,,,,,,,,,,,,,,,,,,,,,,,,,,,,,,,,,,,,,,,,,,,,,,,,,,,,,,,,,,,,,,,,,,,,,,,,,,,,,,,,Human Health Hazards#Repeated Dose Toxicity,Repeated Dose Toxicity HESS,NOEL,,False,No qualifier,Equal,,,,2003,,,,OECD TG 422,,,Rat,Dilatation,,,,,,,,,,,,,,,,,,,,,,SD,Oral (Gavage),,,,,,Male,Main,"National Institute of Health Sciences, Japan",Kidney,ReproTox,Food and Drug Safety Center,Histopathological findings,1000,mg/kg bdwt/d,Administered dose(mass),100,mg/kg bdwt/d,Administered dose(mass),77.2,None,0,d,Time,Renal tubule (Other),,,,,,,,,,,,,,,,,,,,,,,,,,,,,,,,,,,,,,,,,,,,,,,,,,,,,,,,,,,,,,,,,,,,,,,,,,,,,,,,,,,,,,,,,,,,,,,,,,,,,,,,,,,,,,,,,,,,,,,,,,,,,,,,,,,,,,,,,,,,,,,,,,,,,,,,,,,,,,,,42,d,Time,1000,,mg/kg bdwt/d,Administered dose(mass),1000,,mg/kg/d,Administered dose(mass)
103-24-2,"bis(2-ethylhexyl) azelate;1,9-bis(2-ethylhexyl) nonanedioate;Azelaic acid, bis(2-ethylhexyl) ester;bis(2-ethylhexyl) azelate;Bis(2-ethylhexyl) nonanedioate;bis(2-ethylhexyl) nonanedioate (nonanedioic acid, bis(2-ethylhexyl) ester);Di-2-ethylhexyl azelate;dioctyl azelate;Nonanedioic acid, 1,9-bis(2-ethylhexyl) ester;Nonanedioic acid, bis(2-ethylhexyl) ester",,,,,,,,,,,,,,,,,,,,,,,,,,,,,,,,,,,,,,,,,,,,,,,,,,,,,,,,,,,,,,,,,,,,,,,,,,,,,,,,,,,,,,,,,,,,,,,,,,,,,,,,,,,,,,,,,,,,,,,,,,,,,,,,Human Health Hazards#Repeated Dose Toxicity,Repeated Dose Toxicity HESS,NOEL,,False,No qualifier,Equal,,,,2003,,,,OECD TG 422,,,Rat,Dilatation,,,,,,,,,,,,,,,,,,,,,,SD,Oral (Gavage),,,,,,Male,Main,"National Institute of Health Sciences, Japan",Kidney,ReproTox,Food and Drug Safety Center,Histopathological findings,1000,mg/kg bdwt/d,Administered dose(mass),100,mg/kg bdwt/d,Administered dose(mass),77.2,None,0,d,Time,Renal tubule (Distal/Collecting duct),,,,,,,,,,,,,,,,,,,,,,,,,,,,,,,,,,,,,,,,,,,,,,,,,,,,,,,,,,,,,,,,,,,,,,,,,,,,,,,,,,,,,,,,,,,,,,,,,,,,,,,,,,,,,,,,,,,,,,,,,,,,,,,,,,,,,,,,,,,,,,,,,,,,,,,,,,,,,,,,42,d,Time,1000,,mg/kg bdwt/d,Administered dose(mass),1000,,mg/kg/d,Administered dose(mass)
103-24-2,"bis(2-ethylhexyl) azelate;1,9-bis(2-ethylhexyl) nonanedioate;Azelaic acid, bis(2-ethylhexyl) ester;bis(2-ethylhexyl) azelate;Bis(2-ethylhexyl) nonanedioate;bis(2-ethylhexyl) nonanedioate (nonanedioic acid, bis(2-ethylhexyl) ester);Di-2-ethylhexyl azelate;dioctyl azelate;Nonanedioic acid, 1,9-bis(2-ethylhexyl) ester;Nonanedioic acid, bis(2-ethylhexyl) ester",,,,,,,,,,,,,,,,,,,,,,,,,,,,,,,,,,,,,,,,,,,,,,,,,,,,,,,,,,,,,,,,,,,,,,,,,,,,,,,,,,,,,,,,,,,,,,,,,,,,,,,,,,,,,,,,,,,,,,,,,,,,,,,,Human Health Hazards#Repeated Dose Toxicity,Repeated Dose Toxicity HESS,NOEL,,False,No qualifier,Equal,,,,2003,,,,OECD TG 422,,,Rat,Dilatation,,,,,,,,,,,,,,,,,,,,,,SD,Oral (Gavage),,,,,,Male,Main,"National Institute of Health Sciences, Japan",Kidney,ReproTox,Food and Drug Safety Center,Histopathological findings,1000,mg/kg bdwt/d,Administered dose(mass),100,mg/kg bdwt/d,Administered dose(mass),77.2,None,0,d,Time,Renal tubule (Proximal),,,,,,,,,,,,,,,,,,,,,,,,,,,,,,,,,,,,,,,,,,,,,,,,,,,,,,,,,,,,,,,,,,,,,,,,,,,,,,,,,,,,,,,,,,,,,,,,,,,,,,,,,,,,,,,,,,,,,,,,,,,,,,,,,,,,,,,,,,,,,,,,,,,,,,,,,,,,,,,,42,d,Time,1000,,mg/kg bdwt/d,Administered dose(mass),1000,,mg/kg/d,Administered dose(mass)
103-24-2,"bis(2-ethylhexyl) azelate;1,9-bis(2-ethylhexyl) nonanedioate;Azelaic acid, bis(2-ethylhexyl) ester;bis(2-ethylhexyl) azelate;Bis(2-ethylhexyl) nonanedioate;bis(2-ethylhexyl) nonanedioate (nonanedioic acid, bis(2-ethylhexyl) ester);Di-2-ethylhexyl azelate;dioctyl azelate;Nonanedioic acid, 1,9-bis(2-ethylhexyl) ester;Nonanedioic acid, bis(2-ethylhexyl) ester",,,,,,,,,,,,,,,,,,,,,,,,,,,,,,,,,,,,,,,,,,,,,,,,,,,,,,,,,,,,,,,,,,,,,,,,,,,,,,,,,,,,,,,,,,,,,,,,,,,,,,,,,,,,,,,,,,,,,,,,,,,,,,,,Human Health Hazards#Repeated Dose Toxicity,Repeated Dose Toxicity HESS,NOEL,,False,No qualifier,Equal,,,,2003,,,,OECD TG 422,,,Rat,Enlarged,,,,,,,,,,,,,,,,,,,,,,SD,Oral (Gavage),,,,,,Male,Main,"National Institute of Health Sciences, Japan",Kidney,ReproTox,Food and Drug Safety Center,Histopathological findings,1000,mg/kg bdwt/d,Administered dose(mass),100,mg/kg bdwt/d,Administered dose(mass),77.2,None,0,d,Time,Pelvis/Papilla,,,,,,,,,,,,,,,,,,,,,,,,,,,,,,,,,,,,,,,,,,,,,,,,,,,,,,,,,,,,,,,,,,,,,,,,,,,,,,,,,,,,,,,,,,,,,,,,,,,,,,,,,,,,,,,,,,,,,,,,,,,,,,,,,,,,,,,,,,,,,,,,,,,,,,,,,,,,,,,,42,d,Time,1000,,mg/kg bdwt/d,Administered dose(mass),1000,,mg/kg/d,Administered dose(mass)
103-24-2,"bis(2-ethylhexyl) azelate;1,9-bis(2-ethylhexyl) nonanedioate;Azelaic acid, bis(2-ethylhexyl) ester;bis(2-ethylhexyl) azelate;Bis(2-ethylhexyl) nonanedioate;bis(2-ethylhexyl) nonanedioate (nonanedioic acid, bis(2-ethylhexyl) ester);Di-2-ethylhexyl azelate;dioctyl azelate;Nonanedioic acid, 1,9-bis(2-ethylhexyl) ester;Nonanedioic acid, bis(2-ethylhexyl) ester",,,,,,,,,,,,,,,,,,,,,,,,,,,,,,,,,,,,,,,,,,,,,,,,,,,,,,,,,,,,,,,,,,,,,,,,,,,,,,,,,,,,,,,,,,,,,,,,,,,,,,,,,,,,,,,,,,,,,,,,,,,,,,,,Human Health Hazards#Repeated Dose Toxicity,Repeated Dose Toxicity HESS,NOEL,,False,No qualifier,Equal,,,,2003,,,,OECD TG 422,,,Rat,Enlarged (Necropsy),,,,,,,,,,,,,,,,,,,,,,SD,Oral (Gavage),,,,,,Male,Main,"National Institute of Health Sciences, Japan",Kidney,ReproTox,Food and Drug Safety Center,Necropsy,1000,mg/kg bdwt/d,Administered dose(mass),100,mg/kg bdwt/d,Administered dose(mass),77.2,None,0,d,Time,,,,,,,,,,,,,,,,,,,,,,,,,,,,,,,,,,,,,,,,,,,,,,,,,,,,,,,,,,,,,,,,,,,,,,,,,,,,,,,,,,,,,,,,,,,,,,,,,,,,,,,,,,,,,,,,,,,,,,,,,,,,,,,,,,,,,,,,,,,,,,,,,,,,,,,,,,,,,,,,,42,d,Time,1000,,mg/kg bdwt/d,Administered dose(mass),1000,,mg/kg/d,Administered dose(mass)
103-24-2,"bis(2-ethylhexyl) azelate;1,9-bis(2-ethylhexyl) nonanedioate;Azelaic acid, bis(2-ethylhexyl) ester;bis(2-ethylhexyl) azelate;Bis(2-ethylhexyl) nonanedioate;bis(2-ethylhexyl) nonanedioate (nonanedioic acid, bis(2-ethylhexyl) ester);Di-2-ethylhexyl azelate;dioctyl azelate;Nonanedioic acid, 1,9-bis(2-ethylhexyl) ester;Nonanedioic acid, bis(2-ethylhexyl) ester",,,,,,,,,,,,,,,,,,,,,,,,,,,,,,,,,,,,,,,,,,,,,,,,,,,,,,,,,,,,,,,,,,,,,,,,,,,,,,,,,,,,,,,,,,,,,,,,,,,,,,,,,,,,,,,,,,,,,,,,,,,,,,,,Human Health Hazards#Repeated Dose Toxicity,Repeated Dose Toxicity HESS,NOEL,,False,No qualifier,Equal,,,,2003,,,,OECD TG 422,,,Rat,Eosinophilic Body/Hyaline Droplets,,,,,,,,,,,,,,,,,,,,,,SD,Oral (Gavage),,,,,,Male,Main,"National Institute of Health Sciences, Japan",Kidney,ReproTox,Food and Drug Safety Center,Histopathological findings,1000,mg/kg bdwt/d,Administered dose(mass),100,mg/kg bdwt/d,Administered dose(mass),77.2,None,0,d,Time,Renal tubule (Other),,,,,,,,,,,,,,,,,,,,,,,,,,,,,,,,,,,,,,,,,,,,,,,,,,,,,,,,,,,,,,,,,,,,,,,,,,,,,,,,,,,,,,,,,,,,,,,,,,,,,,,,,,,,,,,,,,,,,,,,,,,,,,,,,,,,,,,,,,,,,,,,,,,,,,,,,,,,,,,,42,d,Time,1000,,mg/kg bdwt/d,Administered dose(mass),1000,,mg/kg/d,Administered dose(mass)
103-24-2,"bis(2-ethylhexyl) azelate;1,9-bis(2-ethylhexyl) nonanedioate;Azelaic acid, bis(2-ethylhexyl) ester;bis(2-ethylhexyl) azelate;Bis(2-ethylhexyl) nonanedioate;bis(2-ethylhexyl) nonanedioate (nonanedioic acid, bis(2-ethylhexyl) ester);Di-2-ethylhexyl azelate;dioctyl azelate;Nonanedioic acid, 1,9-bis(2-ethylhexyl) ester;Nonanedioic acid, bis(2-ethylhexyl) ester",,,,,,,,,,,,,,,,,,,,,,,,,,,,,,,,,,,,,,,,,,,,,,,,,,,,,,,,,,,,,,,,,,,,,,,,,,,,,,,,,,,,,,,,,,,,,,,,,,,,,,,,,,,,,,,,,,,,,,,,,,,,,,,,Human Health Hazards#Repeated Dose Toxicity,Repeated Dose Toxicity HESS,NOEL,,False,No qualifier,Equal,,,,2003,,,,OECD TG 422,,,Rat,Eosinophilic Body/Hyaline Droplets,,,,,,,,,,,,,,,,,,,,,,SD,Oral (Gavage),,,,,,Male,Main,"National Institute of Health Sciences, Japan",Kidney,ReproTox,Food and Drug Safety Center,Histopathological findings,1000,mg/kg bdwt/d,Administered dose(mass),100,mg/kg bdwt/d,Administered dose(mass),77.2,None,0,d,Time,Renal tubule (Distal/Collecting duct),,,,,,,,,,,,,,,,,,,,,,,,,,,,,,,,,,,,,,,,,,,,,,,,,,,,,,,,,,,,,,,,,,,,,,,,,,,,,,,,,,,,,,,,,,,,,,,,,,,,,,,,,,,,,,,,,,,,,,,,,,,,,,,,,,,,,,,,,,,,,,,,,,,,,,,,,,,,,,,,42,d,Time,1000,,mg/kg bdwt/d,Administered dose(mass),1000,,mg/kg/d,Administered dose(mass)
103-24-2,"bis(2-ethylhexyl) azelate;1,9-bis(2-ethylhexyl) nonanedioate;Azelaic acid, bis(2-ethylhexyl) ester;bis(2-ethylhexyl) azelate;Bis(2-ethylhexyl) nonanedioate;bis(2-ethylhexyl) nonanedioate (nonanedioic acid, bis(2-ethylhexyl) ester);Di-2-ethylhexyl azelate;dioctyl azelate;Nonanedioic acid, 1,9-bis(2-ethylhexyl) ester;Nonanedioic acid, bis(2-ethylhexyl) ester",,,,,,,,,,,,,,,,,,,,,,,,,,,,,,,,,,,,,,,,,,,,,,,,,,,,,,,,,,,,,,,,,,,,,,,,,,,,,,,,,,,,,,,,,,,,,,,,,,,,,,,,,,,,,,,,,,,,,,,,,,,,,,,,Human Health Hazards#Repeated Dose Toxicity,Repeated Dose Toxicity HESS,NOEL,,False,No qualifier,Equal,,,,2003,,,,OECD TG 422,,,Rat,Eosinophilic Body/Hyaline Droplets,,,,,,,,,,,,,,,,,,,,,,SD,Oral (Gavage),,,,,,Male,Main,"National Institute of Health Sciences, Japan",Kidney,ReproTox,Food and Drug Safety Center,Histopathological findings,1000,mg/kg bdwt/d,Administered dose(mass),100,mg/kg bdwt/d,Administered dose(mass),77.2,None,0,d,Time,Renal tubule (Proximal),,,,,,,,,,,,,,,,,,,,,,,,,,,,,,,,,,,,,,,,,,,,,,,,,,,,,,,,,,,,,,,,,,,,,,,,,,,,,,,,,,,,,,,,,,,,,,,,,,,,,,,,,,,,,,,,,,,,,,,,,,,,,,,,,,,,,,,,,,,,,,,,,,,,,,,,,,,,,,,,42,d,Time,1000,,mg/kg bdwt/d,Administered dose(mass),1000,,mg/kg/d,Administered dose(mass)
103-24-2,"bis(2-ethylhexyl) azelate;1,9-bis(2-ethylhexyl) nonanedioate;Azelaic acid, bis(2-ethylhexyl) ester;bis(2-ethylhexyl) azelate;Bis(2-ethylhexyl) nonanedioate;bis(2-ethylhexyl) nonanedioate (nonanedioic acid, bis(2-ethylhexyl) ester);Di-2-ethylhexyl azelate;dioctyl azelate;Nonanedioic acid, 1,9-bis(2-ethylhexyl) ester;Nonanedioic acid, bis(2-ethylhexyl) ester",,,,,,,,,,,,,,,,,,,,,,,,,,,,,,,,,,,,,,,,,,,,,,,,,,,,,,,,,,,,,,,,,,,,,,,,,,,,,,,,,,,,,,,,,,,,,,,,,,,,,,,,,,,,,,,,,,,,,,,,,,,,,,,,Human Health Hazards#Repeated Dose Toxicity,Repeated Dose Toxicity HESS,NOEL,,False,No qualifier,Equal,,,,2003,,,,OECD TG 422,,,Rat,Fatty Change,,,,,,,,,,,,,,,,,,,,,,SD,Oral (Gavage),,,,,,Male,Main,"National Institute of Health Sciences, Japan",Kidney,ReproTox,Food and Drug Safety Center,Histopathological findings,1000,mg/kg bdwt/d,Administered dose(mass),100,mg/kg bdwt/d,Administered dose(mass),77.2,None,0,d,Time,Pelvis/Papilla,,,,,,,,,,,,,,,,,,,,,,,,,,,,,,,,,,,,,,,,,,,,,,,,,,,,,,,,,,,,,,,,,,,,,,,,,,,,,,,,,,,,,,,,,,,,,,,,,,,,,,,,,,,,,,,,,,,,,,,,,,,,,,,,,,,,,,,,,,,,,,,,,,,,,,,,,,,,,,,,42,d,Time,1000,,mg/kg bdwt/d,Administered dose(mass),1000,,mg/kg/d,Administered dose(mass)
103-24-2,"bis(2-ethylhexyl) azelate;1,9-bis(2-ethylhexyl) nonanedioate;Azelaic acid, bis(2-ethylhexyl) ester;bis(2-ethylhexyl) azelate;Bis(2-ethylhexyl) nonanedioate;bis(2-ethylhexyl) nonanedioate (nonanedioic acid, bis(2-ethylhexyl) ester);Di-2-ethylhexyl azelate;dioctyl azelate;Nonanedioic acid, 1,9-bis(2-ethylhexyl) ester;Nonanedioic acid, bis(2-ethylhexyl) ester",,,,,,,,,,,,,,,,,,,,,,,,,,,,,,,,,,,,,,,,,,,,,,,,,,,,,,,,,,,,,,,,,,,,,,,,,,,,,,,,,,,,,,,,,,,,,,,,,,,,,,,,,,,,,,,,,,,,,,,,,,,,,,,,Human Health Hazards#Repeated Dose Toxicity,Repeated Dose Toxicity HESS,NOEL,,False,No qualifier,Equal,,,,2003,,,,OECD TG 422,,,Rat,Fatty Change,,,,,,,,,,,,,,,,,,,,,,SD,Oral (Gavage),,,,,,Male,Main,"National Institute of Health Sciences, Japan",Kidney,ReproTox,Food and Drug Safety Center,Histopathological findings,1000,mg/kg bdwt/d,Administered dose(mass),100,mg/kg bdwt/d,Administered dose(mass),77.2,None,0,d,Time,Renal tubule (Other),,,,,,,,,,,,,,,,,,,,,,,,,,,,,,,,,,,,,,,,,,,,,,,,,,,,,,,,,,,,,,,,,,,,,,,,,,,,,,,,,,,,,,,,,,,,,,,,,,,,,,,,,,,,,,,,,,,,,,,,,,,,,,,,,,,,,,,,,,,,,,,,,,,,,,,,,,,,,,,,42,d,Time,1000,,mg/kg bdwt/d,Administered dose(mass),1000,,mg/kg/d,Administered dose(mass)
103-24-2,"bis(2-ethylhexyl) azelate;1,9-bis(2-ethylhexyl) nonanedioate;Azelaic acid, bis(2-ethylhexyl) ester;bis(2-ethylhexyl) azelate;Bis(2-ethylhexyl) nonanedioate;bis(2-ethylhexyl) nonanedioate (nonanedioic acid, bis(2-ethylhexyl) ester);Di-2-ethylhexyl azelate;dioctyl azelate;Nonanedioic acid, 1,9-bis(2-ethylhexyl) ester;Nonanedioic acid, bis(2-ethylhexyl) ester",,,,,,,,,,,,,,,,,,,,,,,,,,,,,,,,,,,,,,,,,,,,,,,,,,,,,,,,,,,,,,,,,,,,,,,,,,,,,,,,,,,,,,,,,,,,,,,,,,,,,,,,,,,,,,,,,,,,,,,,,,,,,,,,Human Health Hazards#Repeated Dose Toxicity,Repeated Dose Toxicity HESS,NOEL,,False,No qualifier,Equal,,,,2003,,,,OECD TG 422,,,Rat,Fatty Change,,,,,,,,,,,,,,,,,,,,,,SD,Oral (Gavage),,,,,,Male,Main,"National Institute of Health Sciences, Japan",Kidney,ReproTox,Food and Drug Safety Center,Histopathological findings,1000,mg/kg bdwt/d,Administered dose(mass),100,mg/kg bdwt/d,Administered dose(mass),77.2,None,0,d,Time,Renal tubule (Distal/Collecting duct),,,,,,,,,,,,,,,,,,,,,,,,,,,,,,,,,,,,,,,,,,,,,,,,,,,,,,,,,,,,,,,,,,,,,,,,,,,,,,,,,,,,,,,,,,,,,,,,,,,,,,,,,,,,,,,,,,,,,,,,,,,,,,,,,,,,,,,,,,,,,,,,,,,,,,,,,,,,,,,,42,d,Time,1000,,mg/kg bdwt/d,Administered dose(mass),1000,,mg/kg/d,Administered dose(mass)
103-24-2,"bis(2-ethylhexyl) azelate;1,9-bis(2-ethylhexyl) nonanedioate;Azelaic acid, bis(2-ethylhexyl) ester;bis(2-ethylhexyl) azelate;Bis(2-ethylhexyl) nonanedioate;bis(2-ethylhexyl) nonanedioate (nonanedioic acid, bis(2-ethylhexyl) ester);Di-2-ethylhexyl azelate;dioctyl azelate;Nonanedioic acid, 1,9-bis(2-ethylhexyl) ester;Nonanedioic acid, bis(2-ethylhexyl) ester",,,,,,,,,,,,,,,,,,,,,,,,,,,,,,,,,,,,,,,,,,,,,,,,,,,,,,,,,,,,,,,,,,,,,,,,,,,,,,,,,,,,,,,,,,,,,,,,,,,,,,,,,,,,,,,,,,,,,,,,,,,,,,,,Human Health Hazards#Repeated Dose Toxicity,Repeated Dose Toxicity HESS,NOEL,,False,No qualifier,Equal,,,,2003,,,,OECD TG 422,,,Rat,Fatty Change,,,,,,,,,,,,,,,,,,,,,,SD,Oral (Gavage),,,,,,Male,Main,"National Institute of Health Sciences, Japan",Kidney,ReproTox,Food and Drug Safety Center,Histopathological findings,1000,mg/kg bdwt/d,Administered dose(mass),100,mg/kg bdwt/d,Administered dose(mass),77.2,None,0,d,Time,Renal tubule (Proximal),,,,,,,,,,,,,,,,,,,,,,,,,,,,,,,,,,,,,,,,,,,,,,,,,,,,,,,,,,,,,,,,,,,,,,,,,,,,,,,,,,,,,,,,,,,,,,,,,,,,,,,,,,,,,,,,,,,,,,,,,,,,,,,,,,,,,,,,,,,,,,,,,,,,,,,,,,,,,,,,42,d,Time,1000,,mg/kg bdwt/d,Administered dose(mass),1000,,mg/kg/d,Administered dose(mass)
103-24-2,"bis(2-ethylhexyl) azelate;1,9-bis(2-ethylhexyl) nonanedioate;Azelaic acid, bis(2-ethylhexyl) ester;bis(2-ethylhexyl) azelate;Bis(2-ethylhexyl) nonanedioate;bis(2-ethylhexyl) nonanedioate (nonanedioic acid, bis(2-ethylhexyl) ester);Di-2-ethylhexyl azelate;dioctyl azelate;Nonanedioic acid, 1,9-bis(2-ethylhexyl) ester;Nonanedioic acid, bis(2-ethylhexyl) ester",,,,,,,,,,,,,,,,,,,,,,,,,,,,,,,,,,,,,,,,,,,,,,,,,,,,,,,,,,,,,,,,,,,,,,,,,,,,,,,,,,,,,,,,,,,,,,,,,,,,,,,,,,,,,,,,,,,,,,,,,,,,,,,,Human Health Hazards#Repeated Dose Toxicity,Repeated Dose Toxicity HESS,NOEL,,False,No qualifier,Equal,,,,2003,,,,OECD TG 422,,,Rat,Hyperplasia Epithlium,,,,,,,,,,,,,,,,,,,,,,SD,Oral (Gavage),,,,,,Male,Main,"National Institute of Health Sciences, Japan",Kidney,ReproTox,Food and Drug Safety Center,Histopathological findings,1000,mg/kg bdwt/d,Administered dose(mass),100,mg/kg bdwt/d,Administered dose(mass),77.2,None,0,d,Time,Pelvis/Papilla,,,,,,,,,,,,,,,,,,,,,,,,,,,,,,,,,,,,,,,,,,,,,,,,,,,,,,,,,,,,,,,,,,,,,,,,,,,,,,,,,,,,,,,,,,,,,,,,,,,,,,,,,,,,,,,,,,,,,,,,,,,,,,,,,,,,,,,,,,,,,,,,,,,,,,,,,,,,,,,,42,d,Time,1000,,mg/kg bdwt/d,Administered dose(mass),1000,,mg/kg/d,Administered dose(mass)
103-24-2,"bis(2-ethylhexyl) azelate;1,9-bis(2-ethylhexyl) nonanedioate;Azelaic acid, bis(2-ethylhexyl) ester;bis(2-ethylhexyl) azelate;Bis(2-ethylhexyl) nonanedioate;bis(2-ethylhexyl) nonanedioate (nonanedioic acid, bis(2-ethylhexyl) ester);Di-2-ethylhexyl azelate;dioctyl azelate;Nonanedioic acid, 1,9-bis(2-ethylhexyl) ester;Nonanedioic acid, bis(2-ethylhexyl) ester",,,,,,,,,,,,,,,,,,,,,,,,,,,,,,,,,,,,,,,,,,,,,,,,,,,,,,,,,,,,,,,,,,,,,,,,,,,,,,,,,,,,,,,,,,,,,,,,,,,,,,,,,,,,,,,,,,,,,,,,,,,,,,,,Human Health Hazards#Repeated Dose Toxicity,Repeated Dose Toxicity HESS,NOEL,,False,No qualifier,Equal,,,,2003,,,,OECD TG 422,,,Rat,Hypertrophy Epithelium,,,,,,,,,,,,,,,,,,,,,,SD,Oral (Gavage),,,,,,Male,Main,"National Institute of Health Sciences, Japan",Kidney,ReproTox,Food and Drug Safety Center,Histopathological findings,1000,mg/kg bdwt/d,Administered dose(mass),100,mg/kg bdwt/d,Administered dose(mass),77.2,None,0,d,Time,Renal tubule (Other),,,,,,,,,,,,,,,,,,,,,,,,,,,,,,,,,,,,,,,,,,,,,,,,,,,,,,,,,,,,,,,,,,,,,,,,,,,,,,,,,,,,,,,,,,,,,,,,,,,,,,,,,,,,,,,,,,,,,,,,,,,,,,,,,,,,,,,,,,,,,,,,,,,,,,,,,,,,,,,,42,d,Time,1000,,mg/kg bdwt/d,Administered dose(mass),1000,,mg/kg/d,Administered dose(mass)
103-24-2,"bis(2-ethylhexyl) azelate;1,9-bis(2-ethylhexyl) nonanedioate;Azelaic acid, bis(2-ethylhexyl) ester;bis(2-ethylhexyl) azelate;Bis(2-ethylhexyl) nonanedioate;bis(2-ethylhexyl) nonanedioate (nonanedioic acid, bis(2-ethylhexyl) ester);Di-2-ethylhexyl azelate;dioctyl azelate;Nonanedioic acid, 1,9-bis(2-ethylhexyl) ester;Nonanedioic acid, bis(2-ethylhexyl) ester",,,,,,,,,,,,,,,,,,,,,,,,,,,,,,,,,,,,,,,,,,,,,,,,,,,,,,,,,,,,,,,,,,,,,,,,,,,,,,,,,,,,,,,,,,,,,,,,,,,,,,,,,,,,,,,,,,,,,,,,,,,,,,,,Human Health Hazards#Repeated Dose Toxicity,Repeated Dose Toxicity HESS,NOEL,,False,No qualifier,Equal,,,,2003,,,,OECD TG 422,,,Rat,Hypertrophy Epithelium,,,,,,,,,,,,,,,,,,,,,,SD,Oral (Gavage),,,,,,Male,Main,"National Institute of Health Sciences, Japan",Kidney,ReproTox,Food and Drug Safety Center,Histopathological findings,1000,mg/kg bdwt/d,Administered dose(mass),100,mg/kg bdwt/d,Administered dose(mass),77.2,None,0,d,Time,Renal tubule (Distal/Collecting duct),,,,,,,,,,,,,,,,,,,,,,,,,,,,,,,,,,,,,,,,,,,,,,,,,,,,,,,,,,,,,,,,,,,,,,,,,,,,,,,,,,,,,,,,,,,,,,,,,,,,,,,,,,,,,,,,,,,,,,,,,,,,,,,,,,,,,,,,,,,,,,,,,,,,,,,,,,,,,,,,42,d,Time,1000,,mg/kg bdwt/d,Administered dose(mass),1000,,mg/kg/d,Administered dose(mass)
103-24-2,"bis(2-ethylhexyl) azelate;1,9-bis(2-ethylhexyl) nonanedioate;Azelaic acid, bis(2-ethylhexyl) ester;bis(2-ethylhexyl) azelate;Bis(2-ethylhexyl) nonanedioate;bis(2-ethylhexyl) nonanedioate (nonanedioic acid, bis(2-ethylhexyl) ester);Di-2-ethylhexyl azelate;dioctyl azelate;Nonanedioic acid, 1,9-bis(2-ethylhexyl) ester;Nonanedioic acid, bis(2-ethylhexyl) ester",,,,,,,,,,,,,,,,,,,,,,,,,,,,,,,,,,,,,,,,,,,,,,,,,,,,,,,,,,,,,,,,,,,,,,,,,,,,,,,,,,,,,,,,,,,,,,,,,,,,,,,,,,,,,,,,,,,,,,,,,,,,,,,,Human Health Hazards#Repeated Dose Toxicity,Repeated Dose Toxicity HESS,NOEL,,False,No qualifier,Equal,,,,2003,,,,OECD TG 422,,,Rat,Hypertrophy Epithelium,,,,,,,,,,,,,,,,,,,,,,SD,Oral (Gavage),,,,,,Male,Main,"National Institute of Health Sciences, Japan",Kidney,ReproTox,Food and Drug Safety Center,Histopathological findings,1000,mg/kg bdwt/d,Administered dose(mass),100,mg/kg bdwt/d,Administered dose(mass),77.2,None,0,d,Time,Renal tubule (Proximal),,,,,,,,,,,,,,,,,,,,,,,,,,,,,,,,,,,,,,,,,,,,,,,,,,,,,,,,,,,,,,,,,,,,,,,,,,,,,,,,,,,,,,,,,,,,,,,,,,,,,,,,,,,,,,,,,,,,,,,,,,,,,,,,,,,,,,,,,,,,,,,,,,,,,,,,,,,,,,,,42,d,Time,1000,,mg/kg bdwt/d,Administered dose(mass),1000,,mg/kg/d,Administered dose(mass)
103-24-2,"bis(2-ethylhexyl) azelate;1,9-bis(2-ethylhexyl) nonanedioate;Azelaic acid, bis(2-ethylhexyl) ester;bis(2-ethylhexyl) azelate;Bis(2-ethylhexyl) nonanedioate;bis(2-ethylhexyl) nonanedioate (nonanedioic acid, bis(2-ethylhexyl) ester);Di-2-ethylhexyl azelate;dioctyl azelate;Nonanedioic acid, 1,9-bis(2-ethylhexyl) ester;Nonanedioic acid, bis(2-ethylhexyl) ester",,,,,,,,,,,,,,,,,,,,,,,,,,,,,,,,,,,,,,,,,,,,,,,,,,,,,,,,,,,,,,,,,,,,,,,,,,,,,,,,,,,,,,,,,,,,,,,,,,,,,,,,,,,,,,,,,,,,,,,,,,,,,,,,Human Health Hazards#Repeated Dose Toxicity,Repeated Dose Toxicity HESS,NOEL,,False,No qualifier,Equal,,,,2003,,,,OECD TG 422,,,Rat,Mineralization,,,,,,,,,,,,,,,,,,,,,,SD,Oral (Gavage),,,,,,Male,Main,"National Institute of Health Sciences, Japan",Kidney,ReproTox,Food and Drug Safety Center,Histopathological findings,1000,mg/kg bdwt/d,Administered dose(mass),100,mg/kg bdwt/d,Administered dose(mass),77.2,None,0,d,Time,Renal tubule (Other),,,,,,,,,,,,,,,,,,,,,,,,,,,,,,,,,,,,,,,,,,,,,,,,,,,,,,,,,,,,,,,,,,,,,,,,,,,,,,,,,,,,,,,,,,,,,,,,,,,,,,,,,,,,,,,,,,,,,,,,,,,,,,,,,,,,,,,,,,,,,,,,,,,,,,,,,,,,,,,,42,d,Time,1000,,mg/kg bdwt/d,Administered dose(mass),1000,,mg/kg/d,Administered dose(mass)
103-24-2,"bis(2-ethylhexyl) azelate;1,9-bis(2-ethylhexyl) nonanedioate;Azelaic acid, bis(2-ethylhexyl) ester;bis(2-ethylhexyl) azelate;Bis(2-ethylhexyl) nonanedioate;bis(2-ethylhexyl) nonanedioate (nonanedioic acid, bis(2-ethylhexyl) ester);Di-2-ethylhexyl azelate;dioctyl azelate;Nonanedioic acid, 1,9-bis(2-ethylhexyl) ester;Nonanedioic acid, bis(2-ethylhexyl) ester",,,,,,,,,,,,,,,,,,,,,,,,,,,,,,,,,,,,,,,,,,,,,,,,,,,,,,,,,,,,,,,,,,,,,,,,,,,,,,,,,,,,,,,,,,,,,,,,,,,,,,,,,,,,,,,,,,,,,,,,,,,,,,,,Human Health Hazards#Repeated Dose Toxicity,Repeated Dose Toxicity HESS,NOEL,,False,No qualifier,Equal,,,,2003,,,,OECD TG 422,,,Rat,Mineralization,,,,,,,,,,,,,,,,,,,,,,SD,Oral (Gavage),,,,,,Male,Main,"National Institute of Health Sciences, Japan",Kidney,ReproTox,Food and Drug Safety Center,Histopathological findings,1000,mg/kg bdwt/d,Administered dose(mass),100,mg/kg bdwt/d,Administered dose(mass),77.2,None,0,d,Time,Renal tubule (Distal/Collecting duct),,,,,,,,,,,,,,,,,,,,,,,,,,,,,,,,,,,,,,,,,,,,,,,,,,,,,,,,,,,,,,,,,,,,,,,,,,,,,,,,,,,,,,,,,,,,,,,,,,,,,,,,,,,,,,,,,,,,,,,,,,,,,,,,,,,,,,,,,,,,,,,,,,,,,,,,,,,,,,,,42,d,Time,1000,,mg/kg bdwt/d,Administered dose(mass),1000,,mg/kg/d,Administered dose(mass)
103-24-2,"bis(2-ethylhexyl) azelate;1,9-bis(2-ethylhexyl) nonanedioate;Azelaic acid, bis(2-ethylhexyl) ester;bis(2-ethylhexyl) azelate;Bis(2-ethylhexyl) nonanedioate;bis(2-ethylhexyl) nonanedioate (nonanedioic acid, bis(2-ethylhexyl) ester);Di-2-ethylhexyl azelate;dioctyl azelate;Nonanedioic acid, 1,9-bis(2-ethylhexyl) ester;Nonanedioic acid, bis(2-ethylhexyl) ester",,,,,,,,,,,,,,,,,,,,,,,,,,,,,,,,,,,,,,,,,,,,,,,,,,,,,,,,,,,,,,,,,,,,,,,,,,,,,,,,,,,,,,,,,,,,,,,,,,,,,,,,,,,,,,,,,,,,,,,,,,,,,,,,Human Health Hazards#Repeated Dose Toxicity,Repeated Dose Toxicity HESS,NOEL,,False,No qualifier,Equal,,,,2003,,,,OECD TG 422,,,Rat,Mineralization,,,,,,,,,,,,,,,,,,,,,,SD,Oral (Gavage),,,,,,Male,Main,"National Institute of Health Sciences, Japan",Kidney,ReproTox,Food and Drug Safety Center,Histopathological findings,1000,mg/kg bdwt/d,Administered dose(mass),100,mg/kg bdwt/d,Administered dose(mass),77.2,None,0,d,Time,Renal tubule (Proximal),,,,,,,,,,,,,,,,,,,,,,,,,,,,,,,,,,,,,,,,,,,,,,,,,,,,,,,,,,,,,,,,,,,,,,,,,,,,,,,,,,,,,,,,,,,,,,,,,,,,,,,,,,,,,,,,,,,,,,,,,,,,,,,,,,,,,,,,,,,,,,,,,,,,,,,,,,,,,,,,42,d,Time,1000,,mg/kg bdwt/d,Administered dose(mass),1000,,mg/kg/d,Administered dose(mass)
103-24-2,"bis(2-ethylhexyl) azelate;1,9-bis(2-ethylhexyl) nonanedioate;Azelaic acid, bis(2-ethylhexyl) ester;bis(2-ethylhexyl) azelate;Bis(2-ethylhexyl) nonanedioate;bis(2-ethylhexyl) nonanedioate (nonanedioic acid, bis(2-ethylhexyl) ester);Di-2-ethylhexyl azelate;dioctyl azelate;Nonanedioic acid, 1,9-bis(2-ethylhexyl) ester;Nonanedioic acid, bis(2-ethylhexyl) ester",,,,,,,,,,,,,,,,,,,,,,,,,,,,,,,,,,,,,,,,,,,,,,,,,,,,,,,,,,,,,,,,,,,,,,,,,,,,,,,,,,,,,,,,,,,,,,,,,,,,,,,,,,,,,,,,,,,,,,,,,,,,,,,,Human Health Hazards#Repeated Dose Toxicity,Repeated Dose Toxicity HESS,NOEL,,False,No qualifier,Equal,,,,2003,,,,OECD TG 422,,,Rat,Necrosis,,,,,,,,,,,,,,,,,,,,,,SD,Oral (Gavage),,,,,,Male,Main,"National Institute of Health Sciences, Japan",Kidney,ReproTox,Food and Drug Safety Center,Histopathological findings,1000,mg/kg bdwt/d,Administered dose(mass),100,mg/kg bdwt/d,Administered dose(mass),77.2,None,0,d,Time,Pelvis/Papilla,,,,,,,,,,,,,,,,,,,,,,,,,,,,,,,,,,,,,,,,,,,,,,,,,,,,,,,,,,,,,,,,,,,,,,,,,,,,,,,,,,,,,,,,,,,,,,,,,,,,,,,,,,,,,,,,,,,,,,,,,,,,,,,,,,,,,,,,,,,,,,,,,,,,,,,,,,,,,,,,42,d,Time,1000,,mg/kg bdwt/d,Administered dose(mass),1000,,mg/kg/d,Administered dose(mass)
103-24-2,"bis(2-ethylhexyl) azelate;1,9-bis(2-ethylhexyl) nonanedioate;Azelaic acid, bis(2-ethylhexyl) ester;bis(2-ethylhexyl) azelate;Bis(2-ethylhexyl) nonanedioate;bis(2-ethylhexyl) nonanedioate (nonanedioic acid, bis(2-ethylhexyl) ester);Di-2-ethylhexyl azelate;dioctyl azelate;Nonanedioic acid, 1,9-bis(2-ethylhexyl) ester;Nonanedioic acid, bis(2-ethylhexyl) ester",,,,,,,,,,,,,,,,,,,,,,,,,,,,,,,,,,,,,,,,,,,,,,,,,,,,,,,,,,,,,,,,,,,,,,,,,,,,,,,,,,,,,,,,,,,,,,,,,,,,,,,,,,,,,,,,,,,,,,,,,,,,,,,,Human Health Hazards#Repeated Dose Toxicity,Repeated Dose Toxicity HESS,NOEL,,False,No qualifier,Equal,,,,2003,,,,OECD TG 422,,,Rat,Necrosis,,,,,,,,,,,,,,,,,,,,,,SD,Oral (Gavage),,,,,,Male,Main,"National Institute of Health Sciences, Japan",Kidney,ReproTox,Food and Drug Safety Center,Histopathological findings,1000,mg/kg bdwt/d,Administered dose(mass),100,mg/kg bdwt/d,Administered dose(mass),77.2,None,0,d,Time,Renal tubule (Other),,,,,,,,,,,,,,,,,,,,,,,,,,,,,,,,,,,,,,,,,,,,,,,,,,,,,,,,,,,,,,,,,,,,,,,,,,,,,,,,,,,,,,,,,,,,,,,,,,,,,,,,,,,,,,,,,,,,,,,,,,,,,,,,,,,,,,,,,,,,,,,,,,,,,,,,,,,,,,,,42,d,Time,1000,,mg/kg bdwt/d,Administered dose(mass),1000,,mg/kg/d,Administered dose(mass)
103-24-2,"bis(2-ethylhexyl) azelate;1,9-bis(2-ethylhexyl) nonanedioate;Azelaic acid, bis(2-ethylhexyl) ester;bis(2-ethylhexyl) azelate;Bis(2-ethylhexyl) nonanedioate;bis(2-ethylhexyl) nonanedioate (nonanedioic acid, bis(2-ethylhexyl) ester);Di-2-ethylhexyl azelate;dioctyl azelate;Nonanedioic acid, 1,9-bis(2-ethylhexyl) ester;Nonanedioic acid, bis(2-ethylhexyl) ester",,,,,,,,,,,,,,,,,,,,,,,,,,,,,,,,,,,,,,,,,,,,,,,,,,,,,,,,,,,,,,,,,,,,,,,,,,,,,,,,,,,,,,,,,,,,,,,,,,,,,,,,,,,,,,,,,,,,,,,,,,,,,,,,Human Health Hazards#Repeated Dose Toxicity,Repeated Dose Toxicity HESS,NOEL,,False,No qualifier,Equal,,,,2003,,,,OECD TG 422,,,Rat,Necrosis,,,,,,,,,,,,,,,,,,,,,,SD,Oral (Gavage),,,,,,Male,Main,"National Institute of Health Sciences, Japan",Kidney,ReproTox,Food and Drug Safety Center,Histopathological findings,1000,mg/kg bdwt/d,Administered dose(mass),100,mg/kg bdwt/d,Administered dose(mass),77.2,None,0,d,Time,Renal tubule (Distal/Collecting duct),,,,,,,,,,,,,,,,,,,,,,,,,,,,,,,,,,,,,,,,,,,,,,,,,,,,,,,,,,,,,,,,,,,,,,,,,,,,,,,,,,,,,,,,,,,,,,,,,,,,,,,,,,,,,,,,,,,,,,,,,,,,,,,,,,,,,,,,,,,,,,,,,,,,,,,,,,,,,,,,42,d,Time,1000,,mg/kg bdwt/d,Administered dose(mass),1000,,mg/kg/d,Administered dose(mass)
103-24-2,"bis(2-ethylhexyl) azelate;1,9-bis(2-ethylhexyl) nonanedioate;Azelaic acid, bis(2-ethylhexyl) ester;bis(2-ethylhexyl) azelate;Bis(2-ethylhexyl) nonanedioate;bis(2-ethylhexyl) nonanedioate (nonanedioic acid, bis(2-ethylhexyl) ester);Di-2-ethylhexyl azelate;dioctyl azelate;Nonanedioic acid, 1,9-bis(2-ethylhexyl) ester;Nonanedioic acid, bis(2-ethylhexyl) ester",,,,,,,,,,,,,,,,,,,,,,,,,,,,,,,,,,,,,,,,,,,,,,,,,,,,,,,,,,,,,,,,,,,,,,,,,,,,,,,,,,,,,,,,,,,,,,,,,,,,,,,,,,,,,,,,,,,,,,,,,,,,,,,,Human Health Hazards#Repeated Dose Toxicity,Repeated Dose Toxicity HESS,NOEL,,False,No qualifier,Equal,,,,2003,,,,OECD TG 422,,,Rat,Necrosis,,,,,,,,,,,,,,,,,,,,,,SD,Oral (Gavage),,,,,,Male,Main,"National Institute of Health Sciences, Japan",Kidney,ReproTox,Food and Drug Safety Center,Histopathological findings,1000,mg/kg bdwt/d,Administered dose(mass),100,mg/kg bdwt/d,Administered dose(mass),77.2,None,0,d,Time,Renal tubule (Proximal),,,,,,,,,,,,,,,,,,,,,,,,,,,,,,,,,,,,,,,,,,,,,,,,,,,,,,,,,,,,,,,,,,,,,,,,,,,,,,,,,,,,,,,,,,,,,,,,,,,,,,,,,,,,,,,,,,,,,,,,,,,,,,,,,,,,,,,,,,,,,,,,,,,,,,,,,,,,,,,,42,d,Time,1000,,mg/kg bdwt/d,Administered dose(mass),1000,,mg/kg/d,Administered dose(mass)
103-24-2,"bis(2-ethylhexyl) azelate;1,9-bis(2-ethylhexyl) nonanedioate;Azelaic acid, bis(2-ethylhexyl) ester;bis(2-ethylhexyl) azelate;Bis(2-ethylhexyl) nonanedioate;bis(2-ethylhexyl) nonanedioate (nonanedioic acid, bis(2-ethylhexyl) ester);Di-2-ethylhexyl azelate;dioctyl azelate;Nonanedioic acid, 1,9-bis(2-ethylhexyl) ester;Nonanedioic acid, bis(2-ethylhexyl) ester",,,,,,,,,,,,,,,,,,,,,,,,,,,,,,,,,,,,,,,,,,,,,,,,,,,,,,,,,,,,,,,,,,,,,,,,,,,,,,,,,,,,,,,,,,,,,,,,,,,,,,,,,,,,,,,,,,,,,,,,,,,,,,,,Human Health Hazards#Repeated Dose Toxicity,Repeated Dose Toxicity HESS,NOEL,,False,No qualifier,Equal,,,,2003,,,,OECD TG 422,,,Rat,Nephropathy,,,,,,,,,,,,,,,,,,,,,,SD,Oral (Gavage),,,,,,Male,Main,"National Institute of Health Sciences, Japan",Kidney,ReproTox,Food and Drug Safety Center,Histopathological findings,1000,mg/kg bdwt/d,Administered dose(mass),100,mg/kg bdwt/d,Administered dose(mass),77.2,None,0,d,Time,,,,,,,,,,,,,,,,,,,,,,,,,,,,,,,,,,,,,,,,,,,,,,,,,,,,,,,,,,,,,,,,,,,,,,,,,,,,,,,,,,,,,,,,,,,,,,,,,,,,,,,,,,,,,,,,,,,,,,,,,,,,,,,,,,,,,,,,,,,,,,,,,,,,,,,,,,,,,,,,,42,d,Time,1000,,mg/kg bdwt/d,Administered dose(mass),1000,,mg/kg/d,Administered dose(mass)
103-24-2,"bis(2-ethylhexyl) azelate;1,9-bis(2-ethylhexyl) nonanedioate;Azelaic acid, bis(2-ethylhexyl) ester;bis(2-ethylhexyl) azelate;Bis(2-ethylhexyl) nonanedioate;bis(2-ethylhexyl) nonanedioate (nonanedioic acid, bis(2-ethylhexyl) ester);Di-2-ethylhexyl azelate;dioctyl azelate;Nonanedioic acid, 1,9-bis(2-ethylhexyl) ester;Nonanedioic acid, bis(2-ethylhexyl) ester",,,,,,,,,,,,,,,,,,,,,,,,,,,,,,,,,,,,,,,,,,,,,,,,,,,,,,,,,,,,,,,,,,,,,,,,,,,,,,,,,,,,,,,,,,,,,,,,,,,,,,,,,,,,,,,,,,,,,,,,,,,,,,,,Human Health Hazards#Repeated Dose Toxicity,Repeated Dose Toxicity HESS,NOEL,,False,No qualifier,Equal,,,,2003,,,,OECD TG 422,,,Rat,Other Findings,,,,,,,,,,,,,,,,,,,,,,SD,Oral (Gavage),,,,,,Male,Main,"National Institute of Health Sciences, Japan",Kidney,ReproTox,Food and Drug Safety Center,Histopathological findings,1000,mg/kg bdwt/d,Administered dose(mass),100,mg/kg bdwt/d,Administered dose(mass),77.2,None,0,d,Time,,,,,,,,,,,,,,,,,,,,,,,,,,,,,,,,,,,,,,,,,,,,,,,,,,,,,,,,,,,,,,,,,,,,,,,,,,,,,,,,,,,,,,,,,,,,,,,,,,,,,,,,,,,,,,,,,,,,,,,,,,,,,,,,,,,,,,,,,,,,,,,,,,,,,,,,,,,,,,,,,42,d,Time,1000,,mg/kg bdwt/d,Administered dose(mass),1000,,mg/kg/d,Administered dose(mass)
103-24-2,"bis(2-ethylhexyl) azelate;1,9-bis(2-ethylhexyl) nonanedioate;Azelaic acid, bis(2-ethylhexyl) ester;bis(2-ethylhexyl) azelate;Bis(2-ethylhexyl) nonanedioate;bis(2-ethylhexyl) nonanedioate (nonanedioic acid, bis(2-ethylhexyl) ester);Di-2-ethylhexyl azelate;dioctyl azelate;Nonanedioic acid, 1,9-bis(2-ethylhexyl) ester;Nonanedioic acid, bis(2-ethylhexyl) ester",,,,,,,,,,,,,,,,,,,,,,,,,,,,,,,,,,,,,,,,,,,,,,,,,,,,,,,,,,,,,,,,,,,,,,,,,,,,,,,,,,,,,,,,,,,,,,,,,,,,,,,,,,,,,,,,,,,,,,,,,,,,,,,,Human Health Hazards#Repeated Dose Toxicity,Repeated Dose Toxicity HESS,NOEL,,False,No qualifier,Equal,,,,2003,,,,OECD TG 422,,,Rat,Other Findings,,,,,,,,,,,,,,,,,,,,,,SD,Oral (Gavage),,,,,,Male,Main,"National Institute of Health Sciences, Japan",Kidney,ReproTox,Food and Drug Safety Center,Histopathological findings,1000,mg/kg bdwt/d,Administered dose(mass),100,mg/kg bdwt/d,Administered dose(mass),77.2,None,0,d,Time,Pelvis/Papilla,,,,,,,,,,,,,,,,,,,,,,,,,,,,,,,,,,,,,,,,,,,,,,,,,,,,,,,,,,,,,,,,,,,,,,,,,,,,,,,,,,,,,,,,,,,,,,,,,,,,,,,,,,,,,,,,,,,,,,,,,,,,,,,,,,,,,,,,,,,,,,,,,,,,,,,,,,,,,,,,42,d,Time,1000,,mg/kg bdwt/d,Administered dose(mass),1000,,mg/kg/d,Administered dose(mass)
103-24-2,"bis(2-ethylhexyl) azelate;1,9-bis(2-ethylhexyl) nonanedioate;Azelaic acid, bis(2-ethylhexyl) ester;bis(2-ethylhexyl) azelate;Bis(2-ethylhexyl) nonanedioate;bis(2-ethylhexyl) nonanedioate (nonanedioic acid, bis(2-ethylhexyl) ester);Di-2-ethylhexyl azelate;dioctyl azelate;Nonanedioic acid, 1,9-bis(2-ethylhexyl) ester;Nonanedioic acid, bis(2-ethylhexyl) ester",,,,,,,,,,,,,,,,,,,,,,,,,,,,,,,,,,,,,,,,,,,,,,,,,,,,,,,,,,,,,,,,,,,,,,,,,,,,,,,,,,,,,,,,,,,,,,,,,,,,,,,,,,,,,,,,,,,,,,,,,,,,,,,,Human Health Hazards#Repeated Dose Toxicity,Repeated Dose Toxicity HESS,NOEL,,False,No qualifier,Equal,,,,2003,,,,OECD TG 422,,,Rat,Other Findings,,,,,,,,,,,,,,,,,,,,,,SD,Oral (Gavage),,,,,,Male,Main,"National Institute of Health Sciences, Japan",Kidney,ReproTox,Food and Drug Safety Center,Histopathological findings,1000,mg/kg bdwt/d,Administered dose(mass),100,mg/kg bdwt/d,Administered dose(mass),77.2,None,0,d,Time,Renal tubule (Other),,,,,,,,,,,,,,,,,,,,,,,,,,,,,,,,,,,,,,,,,,,,,,,,,,,,,,,,,,,,,,,,,,,,,,,,,,,,,,,,,,,,,,,,,,,,,,,,,,,,,,,,,,,,,,,,,,,,,,,,,,,,,,,,,,,,,,,,,,,,,,,,,,,,,,,,,,,,,,,,42,d,Time,1000,,mg/kg bdwt/d,Administered dose(mass),1000,,mg/kg/d,Administered dose(mass)
103-24-2,"bis(2-ethylhexyl) azelate;1,9-bis(2-ethylhexyl) nonanedioate;Azelaic acid, bis(2-ethylhexyl) ester;bis(2-ethylhexyl) azelate;Bis(2-ethylhexyl) nonanedioate;bis(2-ethylhexyl) nonanedioate (nonanedioic acid, bis(2-ethylhexyl) ester);Di-2-ethylhexyl azelate;dioctyl azelate;Nonanedioic acid, 1,9-bis(2-ethylhexyl) ester;Nonanedioic acid, bis(2-ethylhexyl) ester",,,,,,,,,,,,,,,,,,,,,,,,,,,,,,,,,,,,,,,,,,,,,,,,,,,,,,,,,,,,,,,,,,,,,,,,,,,,,,,,,,,,,,,,,,,,,,,,,,,,,,,,,,,,,,,,,,,,,,,,,,,,,,,,Human Health Hazards#Repeated Dose Toxicity,Repeated Dose Toxicity HESS,NOEL,,False,No qualifier,Equal,,,,2003,,,,OECD TG 422,,,Rat,Other Findings,,,,,,,,,,,,,,,,,,,,,,SD,Oral (Gavage),,,,,,Male,Main,"National Institute of Health Sciences, Japan",Kidney,ReproTox,Food and Drug Safety Center,Histopathological findings,1000,mg/kg bdwt/d,Administered dose(mass),100,mg/kg bdwt/d,Administered dose(mass),77.2,None,0,d,Time,Renal tubule (Distal/Collecting duct),,,,,,,,,,,,,,,,,,,,,,,,,,,,,,,,,,,,,,,,,,,,,,,,,,,,,,,,,,,,,,,,,,,,,,,,,,,,,,,,,,,,,,,,,,,,,,,,,,,,,,,,,,,,,,,,,,,,,,,,,,,,,,,,,,,,,,,,,,,,,,,,,,,,,,,,,,,,,,,,42,d,Time,1000,,mg/kg bdwt/d,Administered dose(mass),1000,,mg/kg/d,Administered dose(mass)
103-24-2,"bis(2-ethylhexyl) azelate;1,9-bis(2-ethylhexyl) nonanedioate;Azelaic acid, bis(2-ethylhexyl) ester;bis(2-ethylhexyl) azelate;Bis(2-ethylhexyl) nonanedioate;bis(2-ethylhexyl) nonanedioate (nonanedioic acid, bis(2-ethylhexyl) ester);Di-2-ethylhexyl azelate;dioctyl azelate;Nonanedioic acid, 1,9-bis(2-ethylhexyl) ester;Nonanedioic acid, bis(2-ethylhexyl) ester",,,,,,,,,,,,,,,,,,,,,,,,,,,,,,,,,,,,,,,,,,,,,,,,,,,,,,,,,,,,,,,,,,,,,,,,,,,,,,,,,,,,,,,,,,,,,,,,,,,,,,,,,,,,,,,,,,,,,,,,,,,,,,,,Human Health Hazards#Repeated Dose Toxicity,Repeated Dose Toxicity HESS,NOEL,,False,No qualifier,Equal,,,,2003,,,,OECD TG 422,,,Rat,Other Findings,,,,,,,,,,,,,,,,,,,,,,SD,Oral (Gavage),,,,,,Male,Main,"National Institute of Health Sciences, Japan",Kidney,ReproTox,Food and Drug Safety Center,Histopathological findings,1000,mg/kg bdwt/d,Administered dose(mass),100,mg/kg bdwt/d,Administered dose(mass),77.2,None,0,d,Time,Renal tubule (Proximal),,,,,,,,,,,,,,,,,,,,,,,,,,,,,,,,,,,,,,,,,,,,,,,,,,,,,,,,,,,,,,,,,,,,,,,,,,,,,,,,,,,,,,,,,,,,,,,,,,,,,,,,,,,,,,,,,,,,,,,,,,,,,,,,,,,,,,,,,,,,,,,,,,,,,,,,,,,,,,,,42,d,Time,1000,,mg/kg bdwt/d,Administered dose(mass),1000,,mg/kg/d,Administered dose(mass)
103-24-2,"bis(2-ethylhexyl) azelate;1,9-bis(2-ethylhexyl) nonanedioate;Azelaic acid, bis(2-ethylhexyl) ester;bis(2-ethylhexyl) azelate;Bis(2-ethylhexyl) nonanedioate;bis(2-ethylhexyl) nonanedioate (nonanedioic acid, bis(2-ethylhexyl) ester);Di-2-ethylhexyl azelate;dioctyl azelate;Nonanedioic acid, 1,9-bis(2-ethylhexyl) ester;Nonanedioic acid, bis(2-ethylhexyl) ester",,,,,,,,,,,,,,,,,,,,,,,,,,,,,,,,,,,,,,,,,,,,,,,,,,,,,,,,,,,,,,,,,,,,,,,,,,,,,,,,,,,,,,,,,,,,,,,,,,,,,,,,,,,,,,,,,,,,,,,,,,,,,,,,Human Health Hazards#Repeated Dose Toxicity,Repeated Dose Toxicity HESS,NOEL,,False,No qualifier,Equal,,,,2003,,,,OECD TG 422,,,Rat,Pigmentation (Hemosiderin),,,,,,,,,,,,,,,,,,,,,,SD,Oral (Gavage),,,,,,Male,Main,"National Institute of Health Sciences, Japan",Kidney,ReproTox,Food and Drug Safety Center,Histopathological findings,1000,mg/kg bdwt/d,Administered dose(mass),100,mg/kg bdwt/d,Administered dose(mass),77.2,None,0,d,Time,Renal tubule (Other),,,,,,,,,,,,,,,,,,,,,,,,,,,,,,,,,,,,,,,,,,,,,,,,,,,,,,,,,,,,,,,,,,,,,,,,,,,,,,,,,,,,,,,,,,,,,,,,,,,,,,,,,,,,,,,,,,,,,,,,,,,,,,,,,,,,,,,,,,,,,,,,,,,,,,,,,,,,,,,,42,d,Time,1000,,mg/kg bdwt/d,Administered dose(mass),1000,,mg/kg/d,Administered dose(mass)
103-24-2,"bis(2-ethylhexyl) azelate;1,9-bis(2-ethylhexyl) nonanedioate;Azelaic acid, bis(2-ethylhexyl) ester;bis(2-ethylhexyl) azelate;Bis(2-ethylhexyl) nonanedioate;bis(2-ethylhexyl) nonanedioate (nonanedioic acid, bis(2-ethylhexyl) ester);Di-2-ethylhexyl azelate;dioctyl azelate;Nonanedioic acid, 1,9-bis(2-ethylhexyl) ester;Nonanedioic acid, bis(2-ethylhexyl) ester",,,,,,,,,,,,,,,,,,,,,,,,,,,,,,,,,,,,,,,,,,,,,,,,,,,,,,,,,,,,,,,,,,,,,,,,,,,,,,,,,,,,,,,,,,,,,,,,,,,,,,,,,,,,,,,,,,,,,,,,,,,,,,,,Human Health Hazards#Repeated Dose Toxicity,Repeated Dose Toxicity HESS,NOEL,,False,No qualifier,Equal,,,,2003,,,,OECD TG 422,,,Rat,Pigmentation (Hemosiderin),,,,,,,,,,,,,,,,,,,,,,SD,Oral (Gavage),,,,,,Male,Main,"National Institute of Health Sciences, Japan",Kidney,ReproTox,Food and Drug Safety Center,Histopathological findings,1000,mg/kg bdwt/d,Administered dose(mass),100,mg/kg bdwt/d,Administered dose(mass),77.2,None,0,d,Time,Renal tubule (Distal/Collecting duct),,,,,,,,,,,,,,,,,,,,,,,,,,,,,,,,,,,,,,,,,,,,,,,,,,,,,,,,,,,,,,,,,,,,,,,,,,,,,,,,,,,,,,,,,,,,,,,,,,,,,,,,,,,,,,,,,,,,,,,,,,,,,,,,,,,,,,,,,,,,,,,,,,,,,,,,,,,,,,,,42,d,Time,1000,,mg/kg bdwt/d,Administered dose(mass),1000,,mg/kg/d,Administered dose(mass)
103-24-2,"bis(2-ethylhexyl) azelate;1,9-bis(2-ethylhexyl) nonanedioate;Azelaic acid, bis(2-ethylhexyl) ester;bis(2-ethylhexyl) azelate;Bis(2-ethylhexyl) nonanedioate;bis(2-ethylhexyl) nonanedioate (nonanedioic acid, bis(2-ethylhexyl) ester);Di-2-ethylhexyl azelate;dioctyl azelate;Nonanedioic acid, 1,9-bis(2-ethylhexyl) ester;Nonanedioic acid, bis(2-ethylhexyl) ester",,,,,,,,,,,,,,,,,,,,,,,,,,,,,,,,,,,,,,,,,,,,,,,,,,,,,,,,,,,,,,,,,,,,,,,,,,,,,,,,,,,,,,,,,,,,,,,,,,,,,,,,,,,,,,,,,,,,,,,,,,,,,,,,Human Health Hazards#Repeated Dose Toxicity,Repeated Dose Toxicity HESS,NOEL,,False,No qualifier,Equal,,,,2003,,,,OECD TG 422,,,Rat,Pigmentation (Hemosiderin),,,,,,,,,,,,,,,,,,,,,,SD,Oral (Gavage),,,,,,Male,Main,"National Institute of Health Sciences, Japan",Kidney,ReproTox,Food and Drug Safety Center,Histopathological findings,1000,mg/kg bdwt/d,Administered dose(mass),100,mg/kg bdwt/d,Administered dose(mass),77.2,None,0,d,Time,Renal tubule (Proximal),,,,,,,,,,,,,,,,,,,,,,,,,,,,,,,,,,,,,,,,,,,,,,,,,,,,,,,,,,,,,,,,,,,,,,,,,,,,,,,,,,,,,,,,,,,,,,,,,,,,,,,,,,,,,,,,,,,,,,,,,,,,,,,,,,,,,,,,,,,,,,,,,,,,,,,,,,,,,,,,42,d,Time,1000,,mg/kg bdwt/d,Administered dose(mass),1000,,mg/kg/d,Administered dose(mass)
103-24-2,"bis(2-ethylhexyl) azelate;1,9-bis(2-ethylhexyl) nonanedioate;Azelaic acid, bis(2-ethylhexyl) ester;bis(2-ethylhexyl) azelate;Bis(2-ethylhexyl) nonanedioate;bis(2-ethylhexyl) nonanedioate (nonanedioic acid, bis(2-ethylhexyl) ester);Di-2-ethylhexyl azelate;dioctyl azelate;Nonanedioic acid, 1,9-bis(2-ethylhexyl) ester;Nonanedioic acid, bis(2-ethylhexyl) ester",,,,,,,,,,,,,,,,,,,,,,,,,,,,,,,,,,,,,,,,,,,,,,,,,,,,,,,,,,,,,,,,,,,,,,,,,,,,,,,,,,,,,,,,,,,,,,,,,,,,,,,,,,,,,,,,,,,,,,,,,,,,,,,,Human Health Hazards#Repeated Dose Toxicity,Repeated Dose Toxicity HESS,NOEL,,False,No qualifier,Equal,,,,2003,,,,OECD TG 422,,,Rat,Pigmentation (Other),,,,,,,,,,,,,,,,,,,,,,SD,Oral (Gavage),,,,,,Male,Main,"National Institute of Health Sciences, Japan",Kidney,ReproTox,Food and Drug Safety Center,Histopathological findings,1000,mg/kg bdwt/d,Administered dose(mass),100,mg/kg bdwt/d,Administered dose(mass),77.2,None,0,d,Time,Renal tubule (Other),,,,,,,,,,,,,,,,,,,,,,,,,,,,,,,,,,,,,,,,,,,,,,,,,,,,,,,,,,,,,,,,,,,,,,,,,,,,,,,,,,,,,,,,,,,,,,,,,,,,,,,,,,,,,,,,,,,,,,,,,,,,,,,,,,,,,,,,,,,,,,,,,,,,,,,,,,,,,,,,42,d,Time,1000,,mg/kg bdwt/d,Administered dose(mass),1000,,mg/kg/d,Administered dose(mass)
103-24-2,"bis(2-ethylhexyl) azelate;1,9-bis(2-ethylhexyl) nonanedioate;Azelaic acid, bis(2-ethylhexyl) ester;bis(2-ethylhexyl) azelate;Bis(2-ethylhexyl) nonanedioate;bis(2-ethylhexyl) nonanedioate (nonanedioic acid, bis(2-ethylhexyl) ester);Di-2-ethylhexyl azelate;dioctyl azelate;Nonanedioic acid, 1,9-bis(2-ethylhexyl) ester;Nonanedioic acid, bis(2-ethylhexyl) ester",,,,,,,,,,,,,,,,,,,,,,,,,,,,,,,,,,,,,,,,,,,,,,,,,,,,,,,,,,,,,,,,,,,,,,,,,,,,,,,,,,,,,,,,,,,,,,,,,,,,,,,,,,,,,,,,,,,,,,,,,,,,,,,,Human Health Hazards#Repeated Dose Toxicity,Repeated Dose Toxicity HESS,NOEL,,False,No qualifier,Equal,,,,2003,,,,OECD TG 422,,,Rat,Pigmentation (Other),,,,,,,,,,,,,,,,,,,,,,SD,Oral (Gavage),,,,,,Male,Main,"National Institute of Health Sciences, Japan",Kidney,ReproTox,Food and Drug Safety Center,Histopathological findings,1000,mg/kg bdwt/d,Administered dose(mass),100,mg/kg bdwt/d,Administered dose(mass),77.2,None,0,d,Time,Renal tubule (Distal/Collecting duct),,,,,,,,,,,,,,,,,,,,,,,,,,,,,,,,,,,,,,,,,,,,,,,,,,,,,,,,,,,,,,,,,,,,,,,,,,,,,,,,,,,,,,,,,,,,,,,,,,,,,,,,,,,,,,,,,,,,,,,,,,,,,,,,,,,,,,,,,,,,,,,,,,,,,,,,,,,,,,,,42,d,Time,1000,,mg/kg bdwt/d,Administered dose(mass),1000,,mg/kg/d,Administered dose(mass)
103-24-2,"bis(2-ethylhexyl) azelate;1,9-bis(2-ethylhexyl) nonanedioate;Azelaic acid, bis(2-ethylhexyl) ester;bis(2-ethylhexyl) azelate;Bis(2-ethylhexyl) nonanedioate;bis(2-ethylhexyl) nonanedioate (nonanedioic acid, bis(2-ethylhexyl) ester);Di-2-ethylhexyl azelate;dioctyl azelate;Nonanedioic acid, 1,9-bis(2-ethylhexyl) ester;Nonanedioic acid, bis(2-ethylhexyl) ester",,,,,,,,,,,,,,,,,,,,,,,,,,,,,,,,,,,,,,,,,,,,,,,,,,,,,,,,,,,,,,,,,,,,,,,,,,,,,,,,,,,,,,,,,,,,,,,,,,,,,,,,,,,,,,,,,,,,,,,,,,,,,,,,Human Health Hazards#Repeated Dose Toxicity,Repeated Dose Toxicity HESS,NOEL,,False,No qualifier,Equal,,,,2003,,,,OECD TG 422,,,Rat,Pigmentation (Other),,,,,,,,,,,,,,,,,,,,,,SD,Oral (Gavage),,,,,,Male,Main,"National Institute of Health Sciences, Japan",Kidney,ReproTox,Food and Drug Safety Center,Histopathological findings,1000,mg/kg bdwt/d,Administered dose(mass),100,mg/kg bdwt/d,Administered dose(mass),77.2,None,0,d,Time,Renal tubule (Proximal),,,,,,,,,,,,,,,,,,,,,,,,,,,,,,,,,,,,,,,,,,,,,,,,,,,,,,,,,,,,,,,,,,,,,,,,,,,,,,,,,,,,,,,,,,,,,,,,,,,,,,,,,,,,,,,,,,,,,,,,,,,,,,,,,,,,,,,,,,,,,,,,,,,,,,,,,,,,,,,,42,d,Time,1000,,mg/kg bdwt/d,Administered dose(mass),1000,,mg/kg/d,Administered dose(mass)
103-24-2,"bis(2-ethylhexyl) azelate;1,9-bis(2-ethylhexyl) nonanedioate;Azelaic acid, bis(2-ethylhexyl) ester;bis(2-ethylhexyl) azelate;Bis(2-ethylhexyl) nonanedioate;bis(2-ethylhexyl) nonanedioate (nonanedioic acid, bis(2-ethylhexyl) ester);Di-2-ethylhexyl azelate;dioctyl azelate;Nonanedioic acid, 1,9-bis(2-ethylhexyl) ester;Nonanedioic acid, bis(2-ethylhexyl) ester",,,,,,,,,,,,,,,,,,,,,,,,,,,,,,,,,,,,,,,,,,,,,,,,,,,,,,,,,,,,,,,,,,,,,,,,,,,,,,,,,,,,,,,,,,,,,,,,,,,,,,,,,,,,,,,,,,,,,,,,,,,,,,,,Human Health Hazards#Repeated Dose Toxicity,Repeated Dose Toxicity HESS,NOEL,,False,No qualifier,Equal,,,,2003,,,,OECD TG 422,,,Rat,Relative Organ Weight↑,,,,,,,,,,,,,,,,,,,,,,SD,Oral (Gavage),,,,,,Male,Main,"National Institute of Health Sciences, Japan",Kidney,ReproTox,Food and Drug Safety Center,Organ weights,1000,mg/kg bdwt/d,Administered dose(mass),100,mg/kg bdwt/d,Administered dose(mass),77.2,None,0,d,Time,,,,,,,,,,,,,,,,,,,,,,,,,,,,,,,,,,,,,,,,,,,,,,,,,,,,,,,,,,,,,,,,,,,,,,,,,,,,,,,,,,,,,,,,,,,,,,,,,,,,,,,,,,,,,,,,,,,,,,,,,,,,,,,,,,,,,,,,,,,,,,,,,,,,,,,,,,,,,,,,,42,d,Time,300,,mg/kg bdwt/d,Administered dose(mass),300,,mg/kg/d,Administered dose(mass)
103-24-2,"bis(2-ethylhexyl) azelate;1,9-bis(2-ethylhexyl) nonanedioate;Azelaic acid, bis(2-ethylhexyl) ester;bis(2-ethylhexyl) azelate;Bis(2-ethylhexyl) nonanedioate;bis(2-ethylhexyl) nonanedioate (nonanedioic acid, bis(2-ethylhexyl) ester);Di-2-ethylhexyl azelate;dioctyl azelate;Nonanedioic acid, 1,9-bis(2-ethylhexyl) ester;Nonanedioic acid, bis(2-ethylhexyl) ester",,,,,,,,,,,,,,,,,,,,,,,,,,,,,,,,,,,,,,,,,,,,,,,,,,,,,,,,,,,,,,,,,,,,,,,,,,,,,,,,,,,,,,,,,,,,,,,,,,,,,,,,,,,,,,,,,,,,,,,,,,,,,,,,Human Health Hazards#Repeated Dose Toxicity,Repeated Dose Toxicity HESS,NOEL,,False,No qualifier,Equal,,,,2003,,,,OECD TG 422,,,Rat,Relative Organ Weight↓,,,,,,,,,,,,,,,,,,,,,,SD,Oral (Gavage),,,,,,Male,Main,"National Institute of Health Sciences, Japan",Kidney,ReproTox,Food and Drug Safety Center,Organ weights,1000,mg/kg bdwt/d,Administered dose(mass),100,mg/kg bdwt/d,Administered dose(mass),77.2,None,0,d,Time,,,,,,,,,,,,,,,,,,,,,,,,,,,,,,,,,,,,,,,,,,,,,,,,,,,,,,,,,,,,,,,,,,,,,,,,,,,,,,,,,,,,,,,,,,,,,,,,,,,,,,,,,,,,,,,,,,,,,,,,,,,,,,,,,,,,,,,,,,,,,,,,,,,,,,,,,,,,,,,,,42,d,Time,1000,,mg/kg bdwt/d,Administered dose(mass),1000,,mg/kg/d,Administered dose(mass)
103-24-2,"bis(2-ethylhexyl) azelate;1,9-bis(2-ethylhexyl) nonanedioate;Azelaic acid, bis(2-ethylhexyl) ester;bis(2-ethylhexyl) azelate;Bis(2-ethylhexyl) nonanedioate;bis(2-ethylhexyl) nonanedioate (nonanedioic acid, bis(2-ethylhexyl) ester);Di-2-ethylhexyl azelate;dioctyl azelate;Nonanedioic acid, 1,9-bis(2-ethylhexyl) ester;Nonanedioic acid, bis(2-ethylhexyl) ester",,,,,,,,,,,,,,,,,,,,,,,,,,,,,,,,,,,,,,,,,,,,,,,,,,,,,,,,,,,,,,,,,,,,,,,,,,,,,,,,,,,,,,,,,,,,,,,,,,,,,,,,,,,,,,,,,,,,,,,,,,,,,,,,Human Health Hazards#Repeated Dose Toxicity,Repeated Dose Toxicity HESS,NOEL,,False,No qualifier,Equal,,,,2003,,,,OECD TG 422,,,Rat,,,,,,,,,,,,,,,,,,,,,,,SD,Oral (Gavage),,,,,,Male,Main,"National Institute of Health Sciences, Japan",Kidney,ReproTox,Food and Drug Safety Center,Histopathological findings,1000,mg/kg bdwt/d,Administered dose(mass),100,mg/kg bdwt/d,Administered dose(mass),77.2,None,0,d,Time,Glomerulus,,,,,,,,,,,,,,,,,,,,,,,,,,,,,,,,,,,,,,,,,,,,,,,,,,,,,,,,,,,,,,,,,,,,,,,,,,,,,,,,,,,,,,,,,,,,,,,,,,,,,,,,,,,,,,,,,,,,,,,,,,,,,,,,,,,,,,,,,,,,,,,,,,,,,,,,,,,,,,,,42,d,Time,1000,,mg/kg bdwt/d,Administered dose(mass),1000,,mg/kg/d,Administered dose(mass)
103-24-2,"bis(2-ethylhexyl) azelate;1,9-bis(2-ethylhexyl) nonanedioate;Azelaic acid, bis(2-ethylhexyl) ester;bis(2-ethylhexyl) azelate;Bis(2-ethylhexyl) nonanedioate;bis(2-ethylhexyl) nonanedioate (nonanedioic acid, bis(2-ethylhexyl) ester);Di-2-ethylhexyl azelate;dioctyl azelate;Nonanedioic acid, 1,9-bis(2-ethylhexyl) ester;Nonanedioic acid, bis(2-ethylhexyl) ester",,,,,,,,,,,,,,,,,,,,,,,,,,,,,,,,,,,,,,,,,,,,,,,,,,,,,,,,,,,,,,,,,,,,,,,,,,,,,,,,,,,,,,,,,,,,,,,,,,,,,,,,,,,,,,,,,,,,,,,,,,,,,,,,Human Health Hazards#Repeated Dose Toxicity,Repeated Dose Toxicity HESS,NOEL,,False,No qualifier,Equal,,,,2003,,,,OECD TG 422,,,Rat,,,,,,,,,,,,,,,,,,,,,,,SD,Oral (Gavage),,,,,,Male,Main,"National Institute of Health Sciences, Japan",Kidney,ReproTox,Food and Drug Safety Center,Necropsy,1000,mg/kg bdwt/d,Administered dose(mass),100,mg/kg bdwt/d,Administered dose(mass),77.2,None,0,d,Time,,,,,,,,,,,,,,,,,,,,,,,,,,,,,,,,,,,,,,,,,,,,,,,,,,,,,,,,,,,,,,,,,,,,,,,,,,,,,,,,,,,,,,,,,,,,,,,,,,,,,,,,,,,,,,,,,,,,,,,,,,,,,,,,,,,,,,,,,,,,,,,,,,,,,,,,,,,,,,,,,42,d,Time,1000,,mg/kg bdwt/d,Administered dose(mass),1000,,mg/kg/d,Administered dose(mass)
103-24-2,"bis(2-ethylhexyl) azelate;1,9-bis(2-ethylhexyl) nonanedioate;Azelaic acid, bis(2-ethylhexyl) ester;bis(2-ethylhexyl) azelate;Bis(2-ethylhexyl) nonanedioate;bis(2-ethylhexyl) nonanedioate (nonanedioic acid, bis(2-ethylhexyl) ester);Di-2-ethylhexyl azelate;dioctyl azelate;Nonanedioic acid, 1,9-bis(2-ethylhexyl) ester;Nonanedioic acid, bis(2-ethylhexyl) ester",,,,,,,,,,,,,,,,,,,,,,,,,,,,,,,,,,,,,,,,,,,,,,,,,,,,,,,,,,,,,,,,,,,,,,,,,,,,,,,,,,,,,,,,,,,,,,,,,,,,,,,,,,,,,,,,,,,,,,,,,,,,,,,,Human Health Hazards#Repeated Dose Toxicity,Repeated Dose Toxicity HESS,NOEL,,False,No qualifier,Equal,,,,2003,,,,OECD TG 422,,,Rat,Vacuolization,,,,,,,,,,,,,,,,,,,,,,SD,Oral (Gavage),,,,,,Male,Main,"National Institute of Health Sciences, Japan",Kidney,ReproTox,Food and Drug Safety Center,Histopathological findings,1000,mg/kg bdwt/d,Administered dose(mass),100,mg/kg bdwt/d,Administered dose(mass),77.2,None,0,d,Time,Pelvis/Papilla,,,,,,,,,,,,,,,,,,,,,,,,,,,,,,,,,,,,,,,,,,,,,,,,,,,,,,,,,,,,,,,,,,,,,,,,,,,,,,,,,,,,,,,,,,,,,,,,,,,,,,,,,,,,,,,,,,,,,,,,,,,,,,,,,,,,,,,,,,,,,,,,,,,,,,,,,,,,,,,,42,d,Time,1000,,mg/kg bdwt/d,Administered dose(mass),1000,,mg/kg/d,Administered dose(mass)
103-24-2,"bis(2-ethylhexyl) azelate;1,9-bis(2-ethylhexyl) nonanedioate;Azelaic acid, bis(2-ethylhexyl) ester;bis(2-ethylhexyl) azelate;Bis(2-ethylhexyl) nonanedioate;bis(2-ethylhexyl) nonanedioate (nonanedioic acid, bis(2-ethylhexyl) ester);Di-2-ethylhexyl azelate;dioctyl azelate;Nonanedioic acid, 1,9-bis(2-ethylhexyl) ester;Nonanedioic acid, bis(2-ethylhexyl) ester",,,,,,,,,,,,,,,,,,,,,,,,,,,,,,,,,,,,,,,,,,,,,,,,,,,,,,,,,,,,,,,,,,,,,,,,,,,,,,,,,,,,,,,,,,,,,,,,,,,,,,,,,,,,,,,,,,,,,,,,,,,,,,,,Human Health Hazards#Repeated Dose Toxicity,Repeated Dose Toxicity HESS,NOEL,,False,No qualifier,Equal,,,,2003,,,,OECD TG 422,,,Rat,Vacuolization,,,,,,,,,,,,,,,,,,,,,,SD,Oral (Gavage),,,,,,Male,Main,"National Institute of Health Sciences, Japan",Kidney,ReproTox,Food and Drug Safety Center,Histopathological findings,1000,mg/kg bdwt/d,Administered dose(mass),100,mg/kg bdwt/d,Administered dose(mass),77.2,None,0,d,Time,Renal tubule (Other),,,,,,,,,,,,,,,,,,,,,,,,,,,,,,,,,,,,,,,,,,,,,,,,,,,,,,,,,,,,,,,,,,,,,,,,,,,,,,,,,,,,,,,,,,,,,,,,,,,,,,,,,,,,,,,,,,,,,,,,,,,,,,,,,,,,,,,,,,,,,,,,,,,,,,,,,,,,,,,,42,d,Time,1000,,mg/kg bdwt/d,Administered dose(mass),1000,,mg/kg/d,Administered dose(mass)
103-24-2,"bis(2-ethylhexyl) azelate;1,9-bis(2-ethylhexyl) nonanedioate;Azelaic acid, bis(2-ethylhexyl) ester;bis(2-ethylhexyl) azelate;Bis(2-ethylhexyl) nonanedioate;bis(2-ethylhexyl) nonanedioate (nonanedioic acid, bis(2-ethylhexyl) ester);Di-2-ethylhexyl azelate;dioctyl azelate;Nonanedioic acid, 1,9-bis(2-ethylhexyl) ester;Nonanedioic acid, bis(2-ethylhexyl) ester",,,,,,,,,,,,,,,,,,,,,,,,,,,,,,,,,,,,,,,,,,,,,,,,,,,,,,,,,,,,,,,,,,,,,,,,,,,,,,,,,,,,,,,,,,,,,,,,,,,,,,,,,,,,,,,,,,,,,,,,,,,,,,,,Human Health Hazards#Repeated Dose Toxicity,Repeated Dose Toxicity HESS,NOEL,,False,No qualifier,Equal,,,,2003,,,,OECD TG 422,,,Rat,Vacuolization,,,,,,,,,,,,,,,,,,,,,,SD,Oral (Gavage),,,,,,Male,Main,"National Institute of Health Sciences, Japan",Kidney,ReproTox,Food and Drug Safety Center,Histopathological findings,1000,mg/kg bdwt/d,Administered dose(mass),100,mg/kg bdwt/d,Administered dose(mass),77.2,None,0,d,Time,Renal tubule (Distal/Collecting duct),,,,,,,,,,,,,,,,,,,,,,,,,,,,,,,,,,,,,,,,,,,,,,,,,,,,,,,,,,,,,,,,,,,,,,,,,,,,,,,,,,,,,,,,,,,,,,,,,,,,,,,,,,,,,,,,,,,,,,,,,,,,,,,,,,,,,,,,,,,,,,,,,,,,,,,,,,,,,,,,42,d,Time,1000,,mg/kg bdwt/d,Administered dose(mass),1000,,mg/kg/d,Administered dose(mass)
103-24-2,"bis(2-ethylhexyl) azelate;1,9-bis(2-ethylhexyl) nonanedioate;Azelaic acid, bis(2-ethylhexyl) ester;bis(2-ethylhexyl) azelate;Bis(2-ethylhexyl) nonanedioate;bis(2-ethylhexyl) nonanedioate (nonanedioic acid, bis(2-ethylhexyl) ester);Di-2-ethylhexyl azelate;dioctyl azelate;Nonanedioic acid, 1,9-bis(2-ethylhexyl) ester;Nonanedioic acid, bis(2-ethylhexyl) ester",,,,,,,,,,,,,,,,,,,,,,,,,,,,,,,,,,,,,,,,,,,,,,,,,,,,,,,,,,,,,,,,,,,,,,,,,,,,,,,,,,,,,,,,,,,,,,,,,,,,,,,,,,,,,,,,,,,,,,,,,,,,,,,,Human Health Hazards#Repeated Dose Toxicity,Repeated Dose Toxicity HESS,NOEL,,False,No qualifier,Equal,,,,2003,,,,OECD TG 422,,,Rat,Vacuolization,,,,,,,,,,,,,,,,,,,,,,SD,Oral (Gavage),,,,,,Male,Main,"National Institute of Health Sciences, Japan",Kidney,ReproTox,Food and Drug Safety Center,Histopathological findings,1000,mg/kg bdwt/d,Administered dose(mass),100,mg/kg bdwt/d,Administered dose(mass),77.2,None,0,d,Time,Renal tubule (Proximal),,,,,,,,,,,,,,,,,,,,,,,,,,,,,,,,,,,,,,,,,,,,,,,,,,,,,,,,,,,,,,,,,,,,,,,,,,,,,,,,,,,,,,,,,,,,,,,,,,,,,,,,,,,,,,,,,,,,,,,,,,,,,,,,,,,,,,,,,,,,,,,,,,,,,,,,,,,,,,,,42,d,Time,1000,,mg/kg bdwt/d,Administered dose(mass),1000,,mg/kg/d,Administered dose(mass)
103-24-2,"bis(2-ethylhexyl) azelate;1,9-bis(2-ethylhexyl) nonanedioate;Azelaic acid, bis(2-ethylhexyl) ester;bis(2-ethylhexyl) azelate;Bis(2-ethylhexyl) nonanedioate;bis(2-ethylhexyl) nonanedioate (nonanedioic acid, bis(2-ethylhexyl) ester);Di-2-ethylhexyl azelate;dioctyl azelate;Nonanedioic acid, 1,9-bis(2-ethylhexyl) ester;Nonanedioic acid, bis(2-ethylhexyl) ester",,,,,,,,,,,,,,,,,,,,,,,,,,,,,,,,,,,,,,,,,,,,,,,,,,,,,,,,,,,,,,,,,,,,,,,,,,,,,,,,,,,,,,,,,,,,,,,,,,,,,,,,,,,,,,,,,,,,,,,,,,,,,,,,Human Health Hazards#Repeated Dose Toxicity,Repeated Dose Toxicity HESS,NOEL,,False,No qualifier,Equal,,,,2003,,,,OECD TG 422,,,Rat,Cell Infiltration,,,,,,,,,,,,,,,,,,,,,,SD,Oral (Gavage),,,,,,Male,Main,"National Institute of Health Sciences, Japan",Large intestine (Cecum),ReproTox,Food and Drug Safety Center,Histopathological findings,1000,mg/kg bdwt/d,Administered dose(mass),100,mg/kg bdwt/d,Administered dose(mass),77.2,None,0,d,Time,,,,,,,,,,,,,,,,,,,,,,,,,,,,,,,,,,,,,,,,,,,,,,,,,,,,,,,,,,,,,,,,,,,,,,,,,,,,,,,,,,,,,,,,,,,,,,,,,,,,,,,,,,,,,,,,,,,,,,,,,,,,,,,,,,,,,,,,,,,,,,,,,,,,,,,,,,,,,,,,,42,d,Time,1000,,mg/kg bdwt/d,Administered dose(mass),1000,,mg/kg/d,Administered dose(mass)
103-24-2,"bis(2-ethylhexyl) azelate;1,9-bis(2-ethylhexyl) nonanedioate;Azelaic acid, bis(2-ethylhexyl) ester;bis(2-ethylhexyl) azelate;Bis(2-ethylhexyl) nonanedioate;bis(2-ethylhexyl) nonanedioate (nonanedioic acid, bis(2-ethylhexyl) ester);Di-2-ethylhexyl azelate;dioctyl azelate;Nonanedioic acid, 1,9-bis(2-ethylhexyl) ester;Nonanedioic acid, bis(2-ethylhexyl) ester",,,,,,,,,,,,,,,,,,,,,,,,,,,,,,,,,,,,,,,,,,,,,,,,,,,,,,,,,,,,,,,,,,,,,,,,,,,,,,,,,,,,,,,,,,,,,,,,,,,,,,,,,,,,,,,,,,,,,,,,,,,,,,,,Human Health Hazards#Repeated Dose Toxicity,Repeated Dose Toxicity HESS,NOEL,,False,No qualifier,Equal,,,,2003,,,,OECD TG 422,,,Rat,Dilatation (Necropsy),,,,,,,,,,,,,,,,,,,,,,SD,Oral (Gavage),,,,,,Male,Main,"National Institute of Health Sciences, Japan",Large intestine (Cecum),ReproTox,Food and Drug Safety Center,Necropsy,1000,mg/kg bdwt/d,Administered dose(mass),100,mg/kg bdwt/d,Administered dose(mass),77.2,None,0,d,Time,,,,,,,,,,,,,,,,,,,,,,,,,,,,,,,,,,,,,,,,,,,,,,,,,,,,,,,,,,,,,,,,,,,,,,,,,,,,,,,,,,,,,,,,,,,,,,,,,,,,,,,,,,,,,,,,,,,,,,,,,,,,,,,,,,,,,,,,,,,,,,,,,,,,,,,,,,,,,,,,,42,d,Time,1000,,mg/kg bdwt/d,Administered dose(mass),1000,,mg/kg/d,Administered dose(mass)
103-24-2,"bis(2-ethylhexyl) azelate;1,9-bis(2-ethylhexyl) nonanedioate;Azelaic acid, bis(2-ethylhexyl) ester;bis(2-ethylhexyl) azelate;Bis(2-ethylhexyl) nonanedioate;bis(2-ethylhexyl) nonanedioate (nonanedioic acid, bis(2-ethylhexyl) ester);Di-2-ethylhexyl azelate;dioctyl azelate;Nonanedioic acid, 1,9-bis(2-ethylhexyl) ester;Nonanedioic acid, bis(2-ethylhexyl) ester",,,,,,,,,,,,,,,,,,,,,,,,,,,,,,,,,,,,,,,,,,,,,,,,,,,,,,,,,,,,,,,,,,,,,,,,,,,,,,,,,,,,,,,,,,,,,,,,,,,,,,,,,,,,,,,,,,,,,,,,,,,,,,,,Human Health Hazards#Repeated Dose Toxicity,Repeated Dose Toxicity HESS,NOEL,,False,No qualifier,Equal,,,,2003,,,,OECD TG 422,,,Rat,Edema,,,,,,,,,,,,,,,,,,,,,,SD,Oral (Gavage),,,,,,Male,Main,"National Institute of Health Sciences, Japan",Large intestine (Cecum),ReproTox,Food and Drug Safety Center,Histopathological findings,1000,mg/kg bdwt/d,Administered dose(mass),100,mg/kg bdwt/d,Administered dose(mass),77.2,None,0,d,Time,,,,,,,,,,,,,,,,,,,,,,,,,,,,,,,,,,,,,,,,,,,,,,,,,,,,,,,,,,,,,,,,,,,,,,,,,,,,,,,,,,,,,,,,,,,,,,,,,,,,,,,,,,,,,,,,,,,,,,,,,,,,,,,,,,,,,,,,,,,,,,,,,,,,,,,,,,,,,,,,,42,d,Time,1000,,mg/kg bdwt/d,Administered dose(mass),1000,,mg/kg/d,Administered dose(mass)
103-24-2,"bis(2-ethylhexyl) azelate;1,9-bis(2-ethylhexyl) nonanedioate;Azelaic acid, bis(2-ethylhexyl) ester;bis(2-ethylhexyl) azelate;Bis(2-ethylhexyl) nonanedioate;bis(2-ethylhexyl) nonanedioate (nonanedioic acid, bis(2-ethylhexyl) ester);Di-2-ethylhexyl azelate;dioctyl azelate;Nonanedioic acid, 1,9-bis(2-ethylhexyl) ester;Nonanedioic acid, bis(2-ethylhexyl) ester",,,,,,,,,,,,,,,,,,,,,,,,,,,,,,,,,,,,,,,,,,,,,,,,,,,,,,,,,,,,,,,,,,,,,,,,,,,,,,,,,,,,,,,,,,,,,,,,,,,,,,,,,,,,,,,,,,,,,,,,,,,,,,,,Human Health Hazards#Repeated Dose Toxicity,Repeated Dose Toxicity HESS,NOEL,,False,No qualifier,Equal,,,,2003,,,,OECD TG 422,,,Rat,Erosin,,,,,,,,,,,,,,,,,,,,,,SD,Oral (Gavage),,,,,,Male,Main,"National Institute of Health Sciences, Japan",Large intestine (Cecum),ReproTox,Food and Drug Safety Center,Histopathological findings,1000,mg/kg bdwt/d,Administered dose(mass),100,mg/kg bdwt/d,Administered dose(mass),77.2,None,0,d,Time,,,,,,,,,,,,,,,,,,,,,,,,,,,,,,,,,,,,,,,,,,,,,,,,,,,,,,,,,,,,,,,,,,,,,,,,,,,,,,,,,,,,,,,,,,,,,,,,,,,,,,,,,,,,,,,,,,,,,,,,,,,,,,,,,,,,,,,,,,,,,,,,,,,,,,,,,,,,,,,,,42,d,Time,1000,,mg/kg bdwt/d,Administered dose(mass),1000,,mg/kg/d,Administered dose(mass)
103-24-2,"bis(2-ethylhexyl) azelate;1,9-bis(2-ethylhexyl) nonanedioate;Azelaic acid, bis(2-ethylhexyl) ester;bis(2-ethylhexyl) azelate;Bis(2-ethylhexyl) nonanedioate;bis(2-ethylhexyl) nonanedioate (nonanedioic acid, bis(2-ethylhexyl) ester);Di-2-ethylhexyl azelate;dioctyl azelate;Nonanedioic acid, 1,9-bis(2-ethylhexyl) ester;Nonanedioic acid, bis(2-ethylhexyl) ester",,,,,,,,,,,,,,,,,,,,,,,,,,,,,,,,,,,,,,,,,,,,,,,,,,,,,,,,,,,,,,,,,,,,,,,,,,,,,,,,,,,,,,,,,,,,,,,,,,,,,,,,,,,,,,,,,,,,,,,,,,,,,,,,Human Health Hazards#Repeated Dose Toxicity,Repeated Dose Toxicity HESS,NOEL,,False,No qualifier,Equal,,,,2003,,,,OECD TG 422,,,Rat,Hemorrhage,,,,,,,,,,,,,,,,,,,,,,SD,Oral (Gavage),,,,,,Male,Main,"National Institute of Health Sciences, Japan",Large intestine (Cecum),ReproTox,Food and Drug Safety Center,Histopathological findings,1000,mg/kg bdwt/d,Administered dose(mass),100,mg/kg bdwt/d,Administered dose(mass),77.2,None,0,d,Time,,,,,,,,,,,,,,,,,,,,,,,,,,,,,,,,,,,,,,,,,,,,,,,,,,,,,,,,,,,,,,,,,,,,,,,,,,,,,,,,,,,,,,,,,,,,,,,,,,,,,,,,,,,,,,,,,,,,,,,,,,,,,,,,,,,,,,,,,,,,,,,,,,,,,,,,,,,,,,,,,42,d,Time,1000,,mg/kg bdwt/d,Administered dose(mass),1000,,mg/kg/d,Administered dose(mass)
103-24-2,"bis(2-ethylhexyl) azelate;1,9-bis(2-ethylhexyl) nonanedioate;Azelaic acid, bis(2-ethylhexyl) ester;bis(2-ethylhexyl) azelate;Bis(2-ethylhexyl) nonanedioate;bis(2-ethylhexyl) nonanedioate (nonanedioic acid, bis(2-ethylhexyl) ester);Di-2-ethylhexyl azelate;dioctyl azelate;Nonanedioic acid, 1,9-bis(2-ethylhexyl) ester;Nonanedioic acid, bis(2-ethylhexyl) ester",,,,,,,,,,,,,,,,,,,,,,,,,,,,,,,,,,,,,,,,,,,,,,,,,,,,,,,,,,,,,,,,,,,,,,,,,,,,,,,,,,,,,,,,,,,,,,,,,,,,,,,,,,,,,,,,,,,,,,,,,,,,,,,,Human Health Hazards#Repeated Dose Toxicity,Repeated Dose Toxicity HESS,NOEL,,False,No qualifier,Equal,,,,2003,,,,OECD TG 422,,,Rat,Hyperplasia/thicknening Epithelium,,,,,,,,,,,,,,,,,,,,,,SD,Oral (Gavage),,,,,,Male,Main,"National Institute of Health Sciences, Japan",Large intestine (Cecum),ReproTox,Food and Drug Safety Center,Histopathological findings,1000,mg/kg bdwt/d,Administered dose(mass),100,mg/kg bdwt/d,Administered dose(mass),77.2,None,0,d,Time,,,,,,,,,,,,,,,,,,,,,,,,,,,,,,,,,,,,,,,,,,,,,,,,,,,,,,,,,,,,,,,,,,,,,,,,,,,,,,,,,,,,,,,,,,,,,,,,,,,,,,,,,,,,,,,,,,,,,,,,,,,,,,,,,,,,,,,,,,,,,,,,,,,,,,,,,,,,,,,,,42,d,Time,1000,,mg/kg bdwt/d,Administered dose(mass),1000,,mg/kg/d,Administered dose(mass)
103-24-2,"bis(2-ethylhexyl) azelate;1,9-bis(2-ethylhexyl) nonanedioate;Azelaic acid, bis(2-ethylhexyl) ester;bis(2-ethylhexyl) azelate;Bis(2-ethylhexyl) nonanedioate;bis(2-ethylhexyl) nonanedioate (nonanedioic acid, bis(2-ethylhexyl) ester);Di-2-ethylhexyl azelate;dioctyl azelate;Nonanedioic acid, 1,9-bis(2-ethylhexyl) ester;Nonanedioic acid, bis(2-ethylhexyl) ester",,,,,,,,,,,,,,,,,,,,,,,,,,,,,,,,,,,,,,,,,,,,,,,,,,,,,,,,,,,,,,,,,,,,,,,,,,,,,,,,,,,,,,,,,,,,,,,,,,,,,,,,,,,,,,,,,,,,,,,,,,,,,,,,Human Health Hazards#Repeated Dose Toxicity,Repeated Dose Toxicity HESS,NOEL,,False,No qualifier,Equal,,,,2003,,,,OECD TG 422,,,Rat,Inflamation,,,,,,,,,,,,,,,,,,,,,,SD,Oral (Gavage),,,,,,Male,Main,"National Institute of Health Sciences, Japan",Large intestine (Cecum),ReproTox,Food and Drug Safety Center,Histopathological findings,1000,mg/kg bdwt/d,Administered dose(mass),100,mg/kg bdwt/d,Administered dose(mass),77.2,None,0,d,Time,,,,,,,,,,,,,,,,,,,,,,,,,,,,,,,,,,,,,,,,,,,,,,,,,,,,,,,,,,,,,,,,,,,,,,,,,,,,,,,,,,,,,,,,,,,,,,,,,,,,,,,,,,,,,,,,,,,,,,,,,,,,,,,,,,,,,,,,,,,,,,,,,,,,,,,,,,,,,,,,,42,d,Time,1000,,mg/kg bdwt/d,Administered dose(mass),1000,,mg/kg/d,Administered dose(mass)
103-24-2,"bis(2-ethylhexyl) azelate;1,9-bis(2-ethylhexyl) nonanedioate;Azelaic acid, bis(2-ethylhexyl) ester;bis(2-ethylhexyl) azelate;Bis(2-ethylhexyl) nonanedioate;bis(2-ethylhexyl) nonanedioate (nonanedioic acid, bis(2-ethylhexyl) ester);Di-2-ethylhexyl azelate;dioctyl azelate;Nonanedioic acid, 1,9-bis(2-ethylhexyl) ester;Nonanedioic acid, bis(2-ethylhexyl) ester",,,,,,,,,,,,,,,,,,,,,,,,,,,,,,,,,,,,,,,,,,,,,,,,,,,,,,,,,,,,,,,,,,,,,,,,,,,,,,,,,,,,,,,,,,,,,,,,,,,,,,,,,,,,,,,,,,,,,,,,,,,,,,,,Human Health Hazards#Repeated Dose Toxicity,Repeated Dose Toxicity HESS,NOEL,,False,No qualifier,Equal,,,,2003,,,,OECD TG 422,,,Rat,Necrosis,,,,,,,,,,,,,,,,,,,,,,SD,Oral (Gavage),,,,,,Male,Main,"National Institute of Health Sciences, Japan",Large intestine (Cecum),ReproTox,Food and Drug Safety Center,Histopathological findings,1000,mg/kg bdwt/d,Administered dose(mass),100,mg/kg bdwt/d,Administered dose(mass),77.2,None,0,d,Time,,,,,,,,,,,,,,,,,,,,,,,,,,,,,,,,,,,,,,,,,,,,,,,,,,,,,,,,,,,,,,,,,,,,,,,,,,,,,,,,,,,,,,,,,,,,,,,,,,,,,,,,,,,,,,,,,,,,,,,,,,,,,,,,,,,,,,,,,,,,,,,,,,,,,,,,,,,,,,,,,42,d,Time,1000,,mg/kg bdwt/d,Administered dose(mass),1000,,mg/kg/d,Administered dose(mass)
103-24-2,"bis(2-ethylhexyl) azelate;1,9-bis(2-ethylhexyl) nonanedioate;Azelaic acid, bis(2-ethylhexyl) ester;bis(2-ethylhexyl) azelate;Bis(2-ethylhexyl) nonanedioate;bis(2-ethylhexyl) nonanedioate (nonanedioic acid, bis(2-ethylhexyl) ester);Di-2-ethylhexyl azelate;dioctyl azelate;Nonanedioic acid, 1,9-bis(2-ethylhexyl) ester;Nonanedioic acid, bis(2-ethylhexyl) ester",,,,,,,,,,,,,,,,,,,,,,,,,,,,,,,,,,,,,,,,,,,,,,,,,,,,,,,,,,,,,,,,,,,,,,,,,,,,,,,,,,,,,,,,,,,,,,,,,,,,,,,,,,,,,,,,,,,,,,,,,,,,,,,,Human Health Hazards#Repeated Dose Toxicity,Repeated Dose Toxicity HESS,NOEL,,False,No qualifier,Equal,,,,2003,,,,OECD TG 422,,,Rat,Other Findings,,,,,,,,,,,,,,,,,,,,,,SD,Oral (Gavage),,,,,,Male,Main,"National Institute of Health Sciences, Japan",Large intestine (Cecum),ReproTox,Food and Drug Safety Center,Necropsy,1000,mg/kg bdwt/d,Administered dose(mass),100,mg/kg bdwt/d,Administered dose(mass),77.2,None,0,d,Time,,,,,,,,,,,,,,,,,,,,,,,,,,,,,,,,,,,,,,,,,,,,,,,,,,,,,,,,,,,,,,,,,,,,,,,,,,,,,,,,,,,,,,,,,,,,,,,,,,,,,,,,,,,,,,,,,,,,,,,,,,,,,,,,,,,,,,,,,,,,,,,,,,,,,,,,,,,,,,,,,42,d,Time,1000,,mg/kg bdwt/d,Administered dose(mass),1000,,mg/kg/d,Administered dose(mass)
103-24-2,"bis(2-ethylhexyl) azelate;1,9-bis(2-ethylhexyl) nonanedioate;Azelaic acid, bis(2-ethylhexyl) ester;bis(2-ethylhexyl) azelate;Bis(2-ethylhexyl) nonanedioate;bis(2-ethylhexyl) nonanedioate (nonanedioic acid, bis(2-ethylhexyl) ester);Di-2-ethylhexyl azelate;dioctyl azelate;Nonanedioic acid, 1,9-bis(2-ethylhexyl) ester;Nonanedioic acid, bis(2-ethylhexyl) ester",,,,,,,,,,,,,,,,,,,,,,,,,,,,,,,,,,,,,,,,,,,,,,,,,,,,,,,,,,,,,,,,,,,,,,,,,,,,,,,,,,,,,,,,,,,,,,,,,,,,,,,,,,,,,,,,,,,,,,,,,,,,,,,,Human Health Hazards#Repeated Dose Toxicity,Repeated Dose Toxicity HESS,NOEL,,False,No qualifier,Equal,,,,2003,,,,OECD TG 422,,,Rat,Ulcer,,,,,,,,,,,,,,,,,,,,,,SD,Oral (Gavage),,,,,,Male,Main,"National Institute of Health Sciences, Japan",Large intestine (Cecum),ReproTox,Food and Drug Safety Center,Histopathological findings,1000,mg/kg bdwt/d,Administered dose(mass),100,mg/kg bdwt/d,Administered dose(mass),77.2,None,0,d,Time,,,,,,,,,,,,,,,,,,,,,,,,,,,,,,,,,,,,,,,,,,,,,,,,,,,,,,,,,,,,,,,,,,,,,,,,,,,,,,,,,,,,,,,,,,,,,,,,,,,,,,,,,,,,,,,,,,,,,,,,,,,,,,,,,,,,,,,,,,,,,,,,,,,,,,,,,,,,,,,,,42,d,Time,1000,,mg/kg bdwt/d,Administered dose(mass),1000,,mg/kg/d,Administered dose(mass)
103-24-2,"bis(2-ethylhexyl) azelate;1,9-bis(2-ethylhexyl) nonanedioate;Azelaic acid, bis(2-ethylhexyl) ester;bis(2-ethylhexyl) azelate;Bis(2-ethylhexyl) nonanedioate;bis(2-ethylhexyl) nonanedioate (nonanedioic acid, bis(2-ethylhexyl) ester);Di-2-ethylhexyl azelate;dioctyl azelate;Nonanedioic acid, 1,9-bis(2-ethylhexyl) ester;Nonanedioic acid, bis(2-ethylhexyl) ester",,,,,,,,,,,,,,,,,,,,,,,,,,,,,,,,,,,,,,,,,,,,,,,,,,,,,,,,,,,,,,,,,,,,,,,,,,,,,,,,,,,,,,,,,,,,,,,,,,,,,,,,,,,,,,,,,,,,,,,,,,,,,,,,Human Health Hazards#Repeated Dose Toxicity,Repeated Dose Toxicity HESS,NOEL,,False,No qualifier,Equal,,,,2003,,,,OECD TG 422,,,Rat,,,,,,,,,,,,,,,,,,,,,,,SD,Oral (Gavage),,,,,,Male,Main,"National Institute of Health Sciences, Japan",Large intestine (Cecum),ReproTox,Food and Drug Safety Center,Histopathological findings,1000,mg/kg bdwt/d,Administered dose(mass),100,mg/kg bdwt/d,Administered dose(mass),77.2,None,0,d,Time,,,,,,,,,,,,,,,,,,,,,,,,,,,,,,,,,,,,,,,,,,,,,,,,,,,,,,,,,,,,,,,,,,,,,,,,,,,,,,,,,,,,,,,,,,,,,,,,,,,,,,,,,,,,,,,,,,,,,,,,,,,,,,,,,,,,,,,,,,,,,,,,,,,,,,,,,,,,,,,,,42,d,Time,1000,,mg/kg bdwt/d,Administered dose(mass),1000,,mg/kg/d,Administered dose(mass)
103-24-2,"bis(2-ethylhexyl) azelate;1,9-bis(2-ethylhexyl) nonanedioate;Azelaic acid, bis(2-ethylhexyl) ester;bis(2-ethylhexyl) azelate;Bis(2-ethylhexyl) nonanedioate;bis(2-ethylhexyl) nonanedioate (nonanedioic acid, bis(2-ethylhexyl) ester);Di-2-ethylhexyl azelate;dioctyl azelate;Nonanedioic acid, 1,9-bis(2-ethylhexyl) ester;Nonanedioic acid, bis(2-ethylhexyl) ester",,,,,,,,,,,,,,,,,,,,,,,,,,,,,,,,,,,,,,,,,,,,,,,,,,,,,,,,,,,,,,,,,,,,,,,,,,,,,,,,,,,,,,,,,,,,,,,,,,,,,,,,,,,,,,,,,,,,,,,,,,,,,,,,Human Health Hazards#Repeated Dose Toxicity,Repeated Dose Toxicity HESS,NOEL,,False,No qualifier,Equal,,,,2003,,,,OECD TG 422,,,Rat,,,,,,,,,,,,,,,,,,,,,,,SD,Oral (Gavage),,,,,,Male,Main,"National Institute of Health Sciences, Japan",Large intestine (Colon),ReproTox,Food and Drug Safety Center,Histopathological findings,1000,mg/kg bdwt/d,Administered dose(mass),100,mg/kg bdwt/d,Administered dose(mass),77.2,None,0,d,Time,,,,,,,,,,,,,,,,,,,,,,,,,,,,,,,,,,,,,,,,,,,,,,,,,,,,,,,,,,,,,,,,,,,,,,,,,,,,,,,,,,,,,,,,,,,,,,,,,,,,,,,,,,,,,,,,,,,,,,,,,,,,,,,,,,,,,,,,,,,,,,,,,,,,,,,,,,,,,,,,,42,d,Time,1000,,mg/kg bdwt/d,Administered dose(mass),1000,,mg/kg/d,Administered dose(mass)
103-24-2,"bis(2-ethylhexyl) azelate;1,9-bis(2-ethylhexyl) nonanedioate;Azelaic acid, bis(2-ethylhexyl) ester;bis(2-ethylhexyl) azelate;Bis(2-ethylhexyl) nonanedioate;bis(2-ethylhexyl) nonanedioate (nonanedioic acid, bis(2-ethylhexyl) ester);Di-2-ethylhexyl azelate;dioctyl azelate;Nonanedioic acid, 1,9-bis(2-ethylhexyl) ester;Nonanedioic acid, bis(2-ethylhexyl) ester",,,,,,,,,,,,,,,,,,,,,,,,,,,,,,,,,,,,,,,,,,,,,,,,,,,,,,,,,,,,,,,,,,,,,,,,,,,,,,,,,,,,,,,,,,,,,,,,,,,,,,,,,,,,,,,,,,,,,,,,,,,,,,,,Human Health Hazards#Repeated Dose Toxicity,Repeated Dose Toxicity HESS,NOEL,,False,No qualifier,Equal,,,,2003,,,,OECD TG 422,,,Rat,,,,,,,,,,,,,,,,,,,,,,,SD,Oral (Gavage),,,,,,Male,Main,"National Institute of Health Sciences, Japan",Large intestine (Colon),ReproTox,Food and Drug Safety Center,Necropsy,1000,mg/kg bdwt/d,Administered dose(mass),100,mg/kg bdwt/d,Administered dose(mass),77.2,None,0,d,Time,,,,,,,,,,,,,,,,,,,,,,,,,,,,,,,,,,,,,,,,,,,,,,,,,,,,,,,,,,,,,,,,,,,,,,,,,,,,,,,,,,,,,,,,,,,,,,,,,,,,,,,,,,,,,,,,,,,,,,,,,,,,,,,,,,,,,,,,,,,,,,,,,,,,,,,,,,,,,,,,,42,d,Time,1000,,mg/kg bdwt/d,Administered dose(mass),1000,,mg/kg/d,Administered dose(mass)
103-24-2,"bis(2-ethylhexyl) azelate;1,9-bis(2-ethylhexyl) nonanedioate;Azelaic acid, bis(2-ethylhexyl) ester;bis(2-ethylhexyl) azelate;Bis(2-ethylhexyl) nonanedioate;bis(2-ethylhexyl) nonanedioate (nonanedioic acid, bis(2-ethylhexyl) ester);Di-2-ethylhexyl azelate;dioctyl azelate;Nonanedioic acid, 1,9-bis(2-ethylhexyl) ester;Nonanedioic acid, bis(2-ethylhexyl) ester",,,,,,,,,,,,,,,,,,,,,,,,,,,,,,,,,,,,,,,,,,,,,,,,,,,,,,,,,,,,,,,,,,,,,,,,,,,,,,,,,,,,,,,,,,,,,,,,,,,,,,,,,,,,,,,,,,,,,,,,,,,,,,,,Human Health Hazards#Repeated Dose Toxicity,Repeated Dose Toxicity HESS,NOEL,,False,No qualifier,Equal,,,,2003,,,,OECD TG 422,,,Rat,,,,,,,,,,,,,,,,,,,,,,,SD,Oral (Gavage),,,,,,Male,Main,"National Institute of Health Sciences, Japan",Large intestine (Rectum),ReproTox,Food and Drug Safety Center,Histopathological findings,1000,mg/kg bdwt/d,Administered dose(mass),100,mg/kg bdwt/d,Administered dose(mass),77.2,None,0,d,Time,,,,,,,,,,,,,,,,,,,,,,,,,,,,,,,,,,,,,,,,,,,,,,,,,,,,,,,,,,,,,,,,,,,,,,,,,,,,,,,,,,,,,,,,,,,,,,,,,,,,,,,,,,,,,,,,,,,,,,,,,,,,,,,,,,,,,,,,,,,,,,,,,,,,,,,,,,,,,,,,,42,d,Time,1000,,mg/kg bdwt/d,Administered dose(mass),1000,,mg/kg/d,Administered dose(mass)
103-24-2,"bis(2-ethylhexyl) azelate;1,9-bis(2-ethylhexyl) nonanedioate;Azelaic acid, bis(2-ethylhexyl) ester;bis(2-ethylhexyl) azelate;Bis(2-ethylhexyl) nonanedioate;bis(2-ethylhexyl) nonanedioate (nonanedioic acid, bis(2-ethylhexyl) ester);Di-2-ethylhexyl azelate;dioctyl azelate;Nonanedioic acid, 1,9-bis(2-ethylhexyl) ester;Nonanedioic acid, bis(2-ethylhexyl) ester",,,,,,,,,,,,,,,,,,,,,,,,,,,,,,,,,,,,,,,,,,,,,,,,,,,,,,,,,,,,,,,,,,,,,,,,,,,,,,,,,,,,,,,,,,,,,,,,,,,,,,,,,,,,,,,,,,,,,,,,,,,,,,,,Human Health Hazards#Repeated Dose Toxicity,Repeated Dose Toxicity HESS,NOEL,,False,No qualifier,Equal,,,,2003,,,,OECD TG 422,,,Rat,,,,,,,,,,,,,,,,,,,,,,,SD,Oral (Gavage),,,,,,Male,Main,"National Institute of Health Sciences, Japan",Large intestine (Rectum),ReproTox,Food and Drug Safety Center,Necropsy,1000,mg/kg bdwt/d,Administered dose(mass),100,mg/kg bdwt/d,Administered dose(mass),77.2,None,0,d,Time,,,,,,,,,,,,,,,,,,,,,,,,,,,,,,,,,,,,,,,,,,,,,,,,,,,,,,,,,,,,,,,,,,,,,,,,,,,,,,,,,,,,,,,,,,,,,,,,,,,,,,,,,,,,,,,,,,,,,,,,,,,,,,,,,,,,,,,,,,,,,,,,,,,,,,,,,,,,,,,,,42,d,Time,1000,,mg/kg bdwt/d,Administered dose(mass),1000,,mg/kg/d,Administered dose(mass)
103-24-2,"bis(2-ethylhexyl) azelate;1,9-bis(2-ethylhexyl) nonanedioate;Azelaic acid, bis(2-ethylhexyl) ester;bis(2-ethylhexyl) azelate;Bis(2-ethylhexyl) nonanedioate;bis(2-ethylhexyl) nonanedioate (nonanedioic acid, bis(2-ethylhexyl) ester);Di-2-ethylhexyl azelate;dioctyl azelate;Nonanedioic acid, 1,9-bis(2-ethylhexyl) ester;Nonanedioic acid, bis(2-ethylhexyl) ester",,,,,,,,,,,,,,,,,,,,,,,,,,,,,,,,,,,,,,,,,,,,,,,,,,,,,,,,,,,,,,,,,,,,,,,,,,,,,,,,,,,,,,,,,,,,,,,,,,,,,,,,,,,,,,,,,,,,,,,,,,,,,,,,Human Health Hazards#Repeated Dose Toxicity,Repeated Dose Toxicity HESS,NOEL,,False,No qualifier,Equal,,,,2003,,,,OECD TG 422,,,Rat,Absolute Organ Weight↑,,,,,,,,,,,,,,,,,,,,,,SD,Oral (Gavage),,,,,,Male,Main,"National Institute of Health Sciences, Japan",Liver,ReproTox,Food and Drug Safety Center,Organ weights,1000,mg/kg bdwt/d,Administered dose(mass),100,mg/kg bdwt/d,Administered dose(mass),77.2,None,0,d,Time,,,,,,,,,,,,,,,,,,,,,,,,,,,,,,,,,,,,,,,,,,,,,,,,,,,,,,,,,,,,,,,,,,,,,,,,,,,,,,,,,,,,,,,,,,,,,,,,,,,,,,,,,,,,,,,,,,,,,,,,,,,,,,,,,,,,,,,,,,,,,,,,,,,,,,,,,,,,,,,,,42,d,Time,1000,,mg/kg bdwt/d,Administered dose(mass),1000,,mg/kg/d,Administered dose(mass)
103-24-2,"bis(2-ethylhexyl) azelate;1,9-bis(2-ethylhexyl) nonanedioate;Azelaic acid, bis(2-ethylhexyl) ester;bis(2-ethylhexyl) azelate;Bis(2-ethylhexyl) nonanedioate;bis(2-ethylhexyl) nonanedioate (nonanedioic acid, bis(2-ethylhexyl) ester);Di-2-ethylhexyl azelate;dioctyl azelate;Nonanedioic acid, 1,9-bis(2-ethylhexyl) ester;Nonanedioic acid, bis(2-ethylhexyl) ester",,,,,,,,,,,,,,,,,,,,,,,,,,,,,,,,,,,,,,,,,,,,,,,,,,,,,,,,,,,,,,,,,,,,,,,,,,,,,,,,,,,,,,,,,,,,,,,,,,,,,,,,,,,,,,,,,,,,,,,,,,,,,,,,Human Health Hazards#Repeated Dose Toxicity,Repeated Dose Toxicity HESS,NOEL,,False,No qualifier,Equal,,,,2003,,,,OECD TG 422,,,Rat,Absolute Organ Weight↓,,,,,,,,,,,,,,,,,,,,,,SD,Oral (Gavage),,,,,,Male,Main,"National Institute of Health Sciences, Japan",Liver,ReproTox,Food and Drug Safety Center,Organ weights,1000,mg/kg bdwt/d,Administered dose(mass),100,mg/kg bdwt/d,Administered dose(mass),77.2,None,0,d,Time,,,,,,,,,,,,,,,,,,,,,,,,,,,,,,,,,,,,,,,,,,,,,,,,,,,,,,,,,,,,,,,,,,,,,,,,,,,,,,,,,,,,,,,,,,,,,,,,,,,,,,,,,,,,,,,,,,,,,,,,,,,,,,,,,,,,,,,,,,,,,,,,,,,,,,,,,,,,,,,,,42,d,Time,1000,,mg/kg bdwt/d,Administered dose(mass),1000,,mg/kg/d,Administered dose(mass)
103-24-2,"bis(2-ethylhexyl) azelate;1,9-bis(2-ethylhexyl) nonanedioate;Azelaic acid, bis(2-ethylhexyl) ester;bis(2-ethylhexyl) azelate;Bis(2-ethylhexyl) nonanedioate;bis(2-ethylhexyl) nonanedioate (nonanedioic acid, bis(2-ethylhexyl) ester);Di-2-ethylhexyl azelate;dioctyl azelate;Nonanedioic acid, 1,9-bis(2-ethylhexyl) ester;Nonanedioic acid, bis(2-ethylhexyl) ester",,,,,,,,,,,,,,,,,,,,,,,,,,,,,,,,,,,,,,,,,,,,,,,,,,,,,,,,,,,,,,,,,,,,,,,,,,,,,,,,,,,,,,,,,,,,,,,,,,,,,,,,,,,,,,,,,,,,,,,,,,,,,,,,Human Health Hazards#Repeated Dose Toxicity,Repeated Dose Toxicity HESS,NOEL,,False,No qualifier,Equal,,,,2003,,,,OECD TG 422,,,Rat,Anisonucleosis/Mitosis,,,,,,,,,,,,,,,,,,,,,,SD,Oral (Gavage),,,,,,Male,Main,"National Institute of Health Sciences, Japan",Liver,ReproTox,Food and Drug Safety Center,Histopathological findings,1000,mg/kg bdwt/d,Administered dose(mass),100,mg/kg bdwt/d,Administered dose(mass),77.2,None,0,d,Time,Hepatocyte,,,,,,,,,,,,,,,,,,,,,,,,,,,,,,,,,,,,,,,,,,,,,,,,,,,,,,,,,,,,,,,,,,,,,,,,,,,,,,,,,,,,,,,,,,,,,,,,,,,,,,,,,,,,,,,,,,,,,,,,,,,,,,,,,,,,,,,,,,,,,,,,,,,,,,,,,,,,,,,,42,d,Time,1000,,mg/kg bdwt/d,Administered dose(mass),1000,,mg/kg/d,Administered dose(mass)
103-24-2,"bis(2-ethylhexyl) azelate;1,9-bis(2-ethylhexyl) nonanedioate;Azelaic acid, bis(2-ethylhexyl) ester;bis(2-ethylhexyl) azelate;Bis(2-ethylhexyl) nonanedioate;bis(2-ethylhexyl) nonanedioate (nonanedioic acid, bis(2-ethylhexyl) ester);Di-2-ethylhexyl azelate;dioctyl azelate;Nonanedioic acid, 1,9-bis(2-ethylhexyl) ester;Nonanedioic acid, bis(2-ethylhexyl) ester",,,,,,,,,,,,,,,,,,,,,,,,,,,,,,,,,,,,,,,,,,,,,,,,,,,,,,,,,,,,,,,,,,,,,,,,,,,,,,,,,,,,,,,,,,,,,,,,,,,,,,,,,,,,,,,,,,,,,,,,,,,,,,,,Human Health Hazards#Repeated Dose Toxicity,Repeated Dose Toxicity HESS,NOEL,,False,No qualifier,Equal,,,,2003,,,,OECD TG 422,,,Rat,Bile Thrombus,,,,,,,,,,,,,,,,,,,,,,SD,Oral (Gavage),,,,,,Male,Main,"National Institute of Health Sciences, Japan",Liver,ReproTox,Food and Drug Safety Center,Histopathological findings,1000,mg/kg bdwt/d,Administered dose(mass),100,mg/kg bdwt/d,Administered dose(mass),77.2,None,0,d,Time,Bile duct,,,,,,,,,,,,,,,,,,,,,,,,,,,,,,,,,,,,,,,,,,,,,,,,,,,,,,,,,,,,,,,,,,,,,,,,,,,,,,,,,,,,,,,,,,,,,,,,,,,,,,,,,,,,,,,,,,,,,,,,,,,,,,,,,,,,,,,,,,,,,,,,,,,,,,,,,,,,,,,,42,d,Time,1000,,mg/kg bdwt/d,Administered dose(mass),1000,,mg/kg/d,Administered dose(mass)
103-24-2,"bis(2-ethylhexyl) azelate;1,9-bis(2-ethylhexyl) nonanedioate;Azelaic acid, bis(2-ethylhexyl) ester;bis(2-ethylhexyl) azelate;Bis(2-ethylhexyl) nonanedioate;bis(2-ethylhexyl) nonanedioate (nonanedioic acid, bis(2-ethylhexyl) ester);Di-2-ethylhexyl azelate;dioctyl azelate;Nonanedioic acid, 1,9-bis(2-ethylhexyl) ester;Nonanedioic acid, bis(2-ethylhexyl) ester",,,,,,,,,,,,,,,,,,,,,,,,,,,,,,,,,,,,,,,,,,,,,,,,,,,,,,,,,,,,,,,,,,,,,,,,,,,,,,,,,,,,,,,,,,,,,,,,,,,,,,,,,,,,,,,,,,,,,,,,,,,,,,,,Human Health Hazards#Repeated Dose Toxicity,Repeated Dose Toxicity HESS,NOEL,,False,No qualifier,Equal,,,,2003,,,,OECD TG 422,,,Rat,Cell Infiltration/Inflamation,,,,,,,,,,,,,,,,,,,,,,SD,Oral (Gavage),,,,,,Male,Main,"National Institute of Health Sciences, Japan",Liver,ReproTox,Food and Drug Safety Center,Histopathological findings,1000,mg/kg bdwt/d,Administered dose(mass),100,mg/kg bdwt/d,Administered dose(mass),77.2,None,0,d,Time,,,,,,,,,,,,,,,,,,,,,,,,,,,,,,,,,,,,,,,,,,,,,,,,,,,,,,,,,,,,,,,,,,,,,,,,,,,,,,,,,,,,,,,,,,,,,,,,,,,,,,,,,,,,,,,,,,,,,,,,,,,,,,,,,,,,,,,,,,,,,,,,,,,,,,,,,,,,,,,,,42,d,Time,1000,,mg/kg bdwt/d,Administered dose(mass),1000,,mg/kg/d,Administered dose(mass)
103-24-2,"bis(2-ethylhexyl) azelate;1,9-bis(2-ethylhexyl) nonanedioate;Azelaic acid, bis(2-ethylhexyl) ester;bis(2-ethylhexyl) azelate;Bis(2-ethylhexyl) nonanedioate;bis(2-ethylhexyl) nonanedioate (nonanedioic acid, bis(2-ethylhexyl) ester);Di-2-ethylhexyl azelate;dioctyl azelate;Nonanedioic acid, 1,9-bis(2-ethylhexyl) ester;Nonanedioic acid, bis(2-ethylhexyl) ester",,,,,,,,,,,,,,,,,,,,,,,,,,,,,,,,,,,,,,,,,,,,,,,,,,,,,,,,,,,,,,,,,,,,,,,,,,,,,,,,,,,,,,,,,,,,,,,,,,,,,,,,,,,,,,,,,,,,,,,,,,,,,,,,Human Health Hazards#Repeated Dose Toxicity,Repeated Dose Toxicity HESS,NOEL,,False,No qualifier,Equal,,,,2003,,,,OECD TG 422,,,Rat,Congestion,,,,,,,,,,,,,,,,,,,,,,SD,Oral (Gavage),,,,,,Male,Main,"National Institute of Health Sciences, Japan",Liver,ReproTox,Food and Drug Safety Center,Histopathological findings,1000,mg/kg bdwt/d,Administered dose(mass),100,mg/kg bdwt/d,Administered dose(mass),77.2,None,0,d,Time,,,,,,,,,,,,,,,,,,,,,,,,,,,,,,,,,,,,,,,,,,,,,,,,,,,,,,,,,,,,,,,,,,,,,,,,,,,,,,,,,,,,,,,,,,,,,,,,,,,,,,,,,,,,,,,,,,,,,,,,,,,,,,,,,,,,,,,,,,,,,,,,,,,,,,,,,,,,,,,,,42,d,Time,1000,,mg/kg bdwt/d,Administered dose(mass),1000,,mg/kg/d,Administered dose(mass)
103-24-2,"bis(2-ethylhexyl) azelate;1,9-bis(2-ethylhexyl) nonanedioate;Azelaic acid, bis(2-ethylhexyl) ester;bis(2-ethylhexyl) azelate;Bis(2-ethylhexyl) nonanedioate;bis(2-ethylhexyl) nonanedioate (nonanedioic acid, bis(2-ethylhexyl) ester);Di-2-ethylhexyl azelate;dioctyl azelate;Nonanedioic acid, 1,9-bis(2-ethylhexyl) ester;Nonanedioic acid, bis(2-ethylhexyl) ester",,,,,,,,,,,,,,,,,,,,,,,,,,,,,,,,,,,,,,,,,,,,,,,,,,,,,,,,,,,,,,,,,,,,,,,,,,,,,,,,,,,,,,,,,,,,,,,,,,,,,,,,,,,,,,,,,,,,,,,,,,,,,,,,Human Health Hazards#Repeated Dose Toxicity,Repeated Dose Toxicity HESS,NOEL,,False,No qualifier,Equal,,,,2003,,,,OECD TG 422,,,Rat,Enlarged (Necropsy),,,,,,,,,,,,,,,,,,,,,,SD,Oral (Gavage),,,,,,Male,Main,"National Institute of Health Sciences, Japan",Liver,ReproTox,Food and Drug Safety Center,Necropsy,1000,mg/kg bdwt/d,Administered dose(mass),100,mg/kg bdwt/d,Administered dose(mass),77.2,None,0,d,Time,,,,,,,,,,,,,,,,,,,,,,,,,,,,,,,,,,,,,,,,,,,,,,,,,,,,,,,,,,,,,,,,,,,,,,,,,,,,,,,,,,,,,,,,,,,,,,,,,,,,,,,,,,,,,,,,,,,,,,,,,,,,,,,,,,,,,,,,,,,,,,,,,,,,,,,,,,,,,,,,,42,d,Time,1000,,mg/kg bdwt/d,Administered dose(mass),1000,,mg/kg/d,Administered dose(mass)
103-24-2,"bis(2-ethylhexyl) azelate;1,9-bis(2-ethylhexyl) nonanedioate;Azelaic acid, bis(2-ethylhexyl) ester;bis(2-ethylhexyl) azelate;Bis(2-ethylhexyl) nonanedioate;bis(2-ethylhexyl) nonanedioate (nonanedioic acid, bis(2-ethylhexyl) ester);Di-2-ethylhexyl azelate;dioctyl azelate;Nonanedioic acid, 1,9-bis(2-ethylhexyl) ester;Nonanedioic acid, bis(2-ethylhexyl) ester",,,,,,,,,,,,,,,,,,,,,,,,,,,,,,,,,,,,,,,,,,,,,,,,,,,,,,,,,,,,,,,,,,,,,,,,,,,,,,,,,,,,,,,,,,,,,,,,,,,,,,,,,,,,,,,,,,,,,,,,,,,,,,,,Human Health Hazards#Repeated Dose Toxicity,Repeated Dose Toxicity HESS,NOEL,,False,No qualifier,Equal,,,,2003,,,,OECD TG 422,,,Rat,Eosinophilic Hepatocyte (Centrilobular),,,,,,,,,,,,,,,,,,,,,,SD,Oral (Gavage),,,,,,Male,Main,"National Institute of Health Sciences, Japan",Liver,ReproTox,Food and Drug Safety Center,Histopathological findings,1000,mg/kg bdwt/d,Administered dose(mass),100,mg/kg bdwt/d,Administered dose(mass),77.2,None,0,d,Time,Hepatocyte,,,,,,,,,,,,,,,,,,,,,,,,,,,,,,,,,,,,,,,,,,,,,,,,,,,,,,,,,,,,,,,,,,,,,,,,,,,,,,,,,,,,,,,,,,,,,,,,,,,,,,,,,,,,,,,,,,,,,,,,,,,,,,,,,,,,,,,,,,,,,,,,,,,,,,,,,,,,,,,,42,d,Time,1000,,mg/kg bdwt/d,Administered dose(mass),1000,,mg/kg/d,Administered dose(mass)
103-24-2,"bis(2-ethylhexyl) azelate;1,9-bis(2-ethylhexyl) nonanedioate;Azelaic acid, bis(2-ethylhexyl) ester;bis(2-ethylhexyl) azelate;Bis(2-ethylhexyl) nonanedioate;bis(2-ethylhexyl) nonanedioate (nonanedioic acid, bis(2-ethylhexyl) ester);Di-2-ethylhexyl azelate;dioctyl azelate;Nonanedioic acid, 1,9-bis(2-ethylhexyl) ester;Nonanedioic acid, bis(2-ethylhexyl) ester",,,,,,,,,,,,,,,,,,,,,,,,,,,,,,,,,,,,,,,,,,,,,,,,,,,,,,,,,,,,,,,,,,,,,,,,,,,,,,,,,,,,,,,,,,,,,,,,,,,,,,,,,,,,,,,,,,,,,,,,,,,,,,,,Human Health Hazards#Repeated Dose Toxicity,Repeated Dose Toxicity HESS,NOEL,,False,No qualifier,Equal,,,,2003,,,,OECD TG 422,,,Rat,Eosinophilic Hepatocyte (Other),,,,,,,,,,,,,,,,,,,,,,SD,Oral (Gavage),,,,,,Male,Main,"National Institute of Health Sciences, Japan",Liver,ReproTox,Food and Drug Safety Center,Histopathological findings,1000,mg/kg bdwt/d,Administered dose(mass),100,mg/kg bdwt/d,Administered dose(mass),77.2,None,0,d,Time,Hepatocyte,,,,,,,,,,,,,,,,,,,,,,,,,,,,,,,,,,,,,,,,,,,,,,,,,,,,,,,,,,,,,,,,,,,,,,,,,,,,,,,,,,,,,,,,,,,,,,,,,,,,,,,,,,,,,,,,,,,,,,,,,,,,,,,,,,,,,,,,,,,,,,,,,,,,,,,,,,,,,,,,42,d,Time,1000,,mg/kg bdwt/d,Administered dose(mass),1000,,mg/kg/d,Administered dose(mass)
103-24-2,"bis(2-ethylhexyl) azelate;1,9-bis(2-ethylhexyl) nonanedioate;Azelaic acid, bis(2-ethylhexyl) ester;bis(2-ethylhexyl) azelate;Bis(2-ethylhexyl) nonanedioate;bis(2-ethylhexyl) nonanedioate (nonanedioic acid, bis(2-ethylhexyl) ester);Di-2-ethylhexyl azelate;dioctyl azelate;Nonanedioic acid, 1,9-bis(2-ethylhexyl) ester;Nonanedioic acid, bis(2-ethylhexyl) ester",,,,,,,,,,,,,,,,,,,,,,,,,,,,,,,,,,,,,,,,,,,,,,,,,,,,,,,,,,,,,,,,,,,,,,,,,,,,,,,,,,,,,,,,,,,,,,,,,,,,,,,,,,,,,,,,,,,,,,,,,,,,,,,,Human Health Hazards#Repeated Dose Toxicity,Repeated Dose Toxicity HESS,NOEL,,False,No qualifier,Equal,,,,2003,,,,OECD TG 422,,,Rat,Eosinophilic Hepatocyte (Periportal),,,,,,,,,,,,,,,,,,,,,,SD,Oral (Gavage),,,,,,Male,Main,"National Institute of Health Sciences, Japan",Liver,ReproTox,Food and Drug Safety Center,Histopathological findings,1000,mg/kg bdwt/d,Administered dose(mass),100,mg/kg bdwt/d,Administered dose(mass),77.2,None,0,d,Time,Hepatocyte,,,,,,,,,,,,,,,,,,,,,,,,,,,,,,,,,,,,,,,,,,,,,,,,,,,,,,,,,,,,,,,,,,,,,,,,,,,,,,,,,,,,,,,,,,,,,,,,,,,,,,,,,,,,,,,,,,,,,,,,,,,,,,,,,,,,,,,,,,,,,,,,,,,,,,,,,,,,,,,,42,d,Time,1000,,mg/kg bdwt/d,Administered dose(mass),1000,,mg/kg/d,Administered dose(mass)
103-24-2,"bis(2-ethylhexyl) azelate;1,9-bis(2-ethylhexyl) nonanedioate;Azelaic acid, bis(2-ethylhexyl) ester;bis(2-ethylhexyl) azelate;Bis(2-ethylhexyl) nonanedioate;bis(2-ethylhexyl) nonanedioate (nonanedioic acid, bis(2-ethylhexyl) ester);Di-2-ethylhexyl azelate;dioctyl azelate;Nonanedioic acid, 1,9-bis(2-ethylhexyl) ester;Nonanedioic acid, bis(2-ethylhexyl) ester",,,,,,,,,,,,,,,,,,,,,,,,,,,,,,,,,,,,,,,,,,,,,,,,,,,,,,,,,,,,,,,,,,,,,,,,,,,,,,,,,,,,,,,,,,,,,,,,,,,,,,,,,,,,,,,,,,,,,,,,,,,,,,,,Human Health Hazards#Repeated Dose Toxicity,Repeated Dose Toxicity HESS,NOEL,,False,No qualifier,Equal,,,,2003,,,,OECD TG 422,,,Rat,Extramedullary Hematopoiesis,,,,,,,,,,,,,,,,,,,,,,SD,Oral (Gavage),,,,,,Male,Main,"National Institute of Health Sciences, Japan",Liver,ReproTox,Food and Drug Safety Center,Histopathological findings,1000,mg/kg bdwt/d,Administered dose(mass),100,mg/kg bdwt/d,Administered dose(mass),77.2,None,0,d,Time,,,,,,,,,,,,,,,,,,,,,,,,,,,,,,,,,,,,,,,,,,,,,,,,,,,,,,,,,,,,,,,,,,,,,,,,,,,,,,,,,,,,,,,,,,,,,,,,,,,,,,,,,,,,,,,,,,,,,,,,,,,,,,,,,,,,,,,,,,,,,,,,,,,,,,,,,,,,,,,,,42,d,Time,1000,,mg/kg bdwt/d,Administered dose(mass),1000,,mg/kg/d,Administered dose(mass)
103-24-2,"bis(2-ethylhexyl) azelate;1,9-bis(2-ethylhexyl) nonanedioate;Azelaic acid, bis(2-ethylhexyl) ester;bis(2-ethylhexyl) azelate;Bis(2-ethylhexyl) nonanedioate;bis(2-ethylhexyl) nonanedioate (nonanedioic acid, bis(2-ethylhexyl) ester);Di-2-ethylhexyl azelate;dioctyl azelate;Nonanedioic acid, 1,9-bis(2-ethylhexyl) ester;Nonanedioic acid, bis(2-ethylhexyl) ester",,,,,,,,,,,,,,,,,,,,,,,,,,,,,,,,,,,,,,,,,,,,,,,,,,,,,,,,,,,,,,,,,,,,,,,,,,,,,,,,,,,,,,,,,,,,,,,,,,,,,,,,,,,,,,,,,,,,,,,,,,,,,,,,Human Health Hazards#Repeated Dose Toxicity,Repeated Dose Toxicity HESS,NOEL,,False,No qualifier,Equal,,,,2003,,,,OECD TG 422,,,Rat,Fatty Change/Vacuolization↑(Centrilobular),,,,,,,,,,,,,,,,,,,,,,SD,Oral (Gavage),,,,,,Male,Main,"National Institute of Health Sciences, Japan",Liver,ReproTox,Food and Drug Safety Center,Histopathological findings,1000,mg/kg bdwt/d,Administered dose(mass),100,mg/kg bdwt/d,Administered dose(mass),77.2,None,0,d,Time,Hepatocyte,,,,,,,,,,,,,,,,,,,,,,,,,,,,,,,,,,,,,,,,,,,,,,,,,,,,,,,,,,,,,,,,,,,,,,,,,,,,,,,,,,,,,,,,,,,,,,,,,,,,,,,,,,,,,,,,,,,,,,,,,,,,,,,,,,,,,,,,,,,,,,,,,,,,,,,,,,,,,,,,42,d,Time,1000,,mg/kg bdwt/d,Administered dose(mass),1000,,mg/kg/d,Administered dose(mass)
103-24-2,"bis(2-ethylhexyl) azelate;1,9-bis(2-ethylhexyl) nonanedioate;Azelaic acid, bis(2-ethylhexyl) ester;bis(2-ethylhexyl) azelate;Bis(2-ethylhexyl) nonanedioate;bis(2-ethylhexyl) nonanedioate (nonanedioic acid, bis(2-ethylhexyl) ester);Di-2-ethylhexyl azelate;dioctyl azelate;Nonanedioic acid, 1,9-bis(2-ethylhexyl) ester;Nonanedioic acid, bis(2-ethylhexyl) ester",,,,,,,,,,,,,,,,,,,,,,,,,,,,,,,,,,,,,,,,,,,,,,,,,,,,,,,,,,,,,,,,,,,,,,,,,,,,,,,,,,,,,,,,,,,,,,,,,,,,,,,,,,,,,,,,,,,,,,,,,,,,,,,,Human Health Hazards#Repeated Dose Toxicity,Repeated Dose Toxicity HESS,NOEL,,False,No qualifier,Equal,,,,2003,,,,OECD TG 422,,,Rat,Fatty Change/Vacuolization↑(Other),,,,,,,,,,,,,,,,,,,,,,SD,Oral (Gavage),,,,,,Male,Main,"National Institute of Health Sciences, Japan",Liver,ReproTox,Food and Drug Safety Center,Histopathological findings,1000,mg/kg bdwt/d,Administered dose(mass),100,mg/kg bdwt/d,Administered dose(mass),77.2,None,0,d,Time,Hepatocyte,,,,,,,,,,,,,,,,,,,,,,,,,,,,,,,,,,,,,,,,,,,,,,,,,,,,,,,,,,,,,,,,,,,,,,,,,,,,,,,,,,,,,,,,,,,,,,,,,,,,,,,,,,,,,,,,,,,,,,,,,,,,,,,,,,,,,,,,,,,,,,,,,,,,,,,,,,,,,,,,42,d,Time,1000,,mg/kg bdwt/d,Administered dose(mass),1000,,mg/kg/d,Administered dose(mass)
103-24-2,"bis(2-ethylhexyl) azelate;1,9-bis(2-ethylhexyl) nonanedioate;Azelaic acid, bis(2-ethylhexyl) ester;bis(2-ethylhexyl) azelate;Bis(2-ethylhexyl) nonanedioate;bis(2-ethylhexyl) nonanedioate (nonanedioic acid, bis(2-ethylhexyl) ester);Di-2-ethylhexyl azelate;dioctyl azelate;Nonanedioic acid, 1,9-bis(2-ethylhexyl) ester;Nonanedioic acid, bis(2-ethylhexyl) ester",,,,,,,,,,,,,,,,,,,,,,,,,,,,,,,,,,,,,,,,,,,,,,,,,,,,,,,,,,,,,,,,,,,,,,,,,,,,,,,,,,,,,,,,,,,,,,,,,,,,,,,,,,,,,,,,,,,,,,,,,,,,,,,,Human Health Hazards#Repeated Dose Toxicity,Repeated Dose Toxicity HESS,NOEL,,False,No qualifier,Equal,,,,2003,,,,OECD TG 422,,,Rat,Fatty Change/Vacuolization↑(Periportal),,,,,,,,,,,,,,,,,,,,,,SD,Oral (Gavage),,,,,,Male,Main,"National Institute of Health Sciences, Japan",Liver,ReproTox,Food and Drug Safety Center,Histopathological findings,1000,mg/kg bdwt/d,Administered dose(mass),100,mg/kg bdwt/d,Administered dose(mass),77.2,None,0,d,Time,Hepatocyte,,,,,,,,,,,,,,,,,,,,,,,,,,,,,,,,,,,,,,,,,,,,,,,,,,,,,,,,,,,,,,,,,,,,,,,,,,,,,,,,,,,,,,,,,,,,,,,,,,,,,,,,,,,,,,,,,,,,,,,,,,,,,,,,,,,,,,,,,,,,,,,,,,,,,,,,,,,,,,,,42,d,Time,1000,,mg/kg bdwt/d,Administered dose(mass),1000,,mg/kg/d,Administered dose(mass)
103-24-2,"bis(2-ethylhexyl) azelate;1,9-bis(2-ethylhexyl) nonanedioate;Azelaic acid, bis(2-ethylhexyl) ester;bis(2-ethylhexyl) azelate;Bis(2-ethylhexyl) nonanedioate;bis(2-ethylhexyl) nonanedioate (nonanedioic acid, bis(2-ethylhexyl) ester);Di-2-ethylhexyl azelate;dioctyl azelate;Nonanedioic acid, 1,9-bis(2-ethylhexyl) ester;Nonanedioic acid, bis(2-ethylhexyl) ester",,,,,,,,,,,,,,,,,,,,,,,,,,,,,,,,,,,,,,,,,,,,,,,,,,,,,,,,,,,,,,,,,,,,,,,,,,,,,,,,,,,,,,,,,,,,,,,,,,,,,,,,,,,,,,,,,,,,,,,,,,,,,,,,Human Health Hazards#Repeated Dose Toxicity,Repeated Dose Toxicity HESS,NOEL,,False,No qualifier,Equal,,,,2003,,,,OECD TG 422,,,Rat,Fatty Change/Vacuolization↓(Centrilobular),,,,,,,,,,,,,,,,,,,,,,SD,Oral (Gavage),,,,,,Male,Main,"National Institute of Health Sciences, Japan",Liver,ReproTox,Food and Drug Safety Center,Histopathological findings,1000,mg/kg bdwt/d,Administered dose(mass),100,mg/kg bdwt/d,Administered dose(mass),77.2,None,0,d,Time,Hepatocyte,,,,,,,,,,,,,,,,,,,,,,,,,,,,,,,,,,,,,,,,,,,,,,,,,,,,,,,,,,,,,,,,,,,,,,,,,,,,,,,,,,,,,,,,,,,,,,,,,,,,,,,,,,,,,,,,,,,,,,,,,,,,,,,,,,,,,,,,,,,,,,,,,,,,,,,,,,,,,,,,42,d,Time,1000,,mg/kg bdwt/d,Administered dose(mass),1000,,mg/kg/d,Administered dose(mass)
103-24-2,"bis(2-ethylhexyl) azelate;1,9-bis(2-ethylhexyl) nonanedioate;Azelaic acid, bis(2-ethylhexyl) ester;bis(2-ethylhexyl) azelate;Bis(2-ethylhexyl) nonanedioate;bis(2-ethylhexyl) nonanedioate (nonanedioic acid, bis(2-ethylhexyl) ester);Di-2-ethylhexyl azelate;dioctyl azelate;Nonanedioic acid, 1,9-bis(2-ethylhexyl) ester;Nonanedioic acid, bis(2-ethylhexyl) ester",,,,,,,,,,,,,,,,,,,,,,,,,,,,,,,,,,,,,,,,,,,,,,,,,,,,,,,,,,,,,,,,,,,,,,,,,,,,,,,,,,,,,,,,,,,,,,,,,,,,,,,,,,,,,,,,,,,,,,,,,,,,,,,,Human Health Hazards#Repeated Dose Toxicity,Repeated Dose Toxicity HESS,NOEL,,False,No qualifier,Equal,,,,2003,,,,OECD TG 422,,,Rat,Fatty Change/Vacuolization↓(Other),,,,,,,,,,,,,,,,,,,,,,SD,Oral (Gavage),,,,,,Male,Main,"National Institute of Health Sciences, Japan",Liver,ReproTox,Food and Drug Safety Center,Histopathological findings,1000,mg/kg bdwt/d,Administered dose(mass),100,mg/kg bdwt/d,Administered dose(mass),77.2,None,0,d,Time,Hepatocyte,,,,,,,,,,,,,,,,,,,,,,,,,,,,,,,,,,,,,,,,,,,,,,,,,,,,,,,,,,,,,,,,,,,,,,,,,,,,,,,,,,,,,,,,,,,,,,,,,,,,,,,,,,,,,,,,,,,,,,,,,,,,,,,,,,,,,,,,,,,,,,,,,,,,,,,,,,,,,,,,42,d,Time,1000,,mg/kg bdwt/d,Administered dose(mass),1000,,mg/kg/d,Administered dose(mass)
103-24-2,"bis(2-ethylhexyl) azelate;1,9-bis(2-ethylhexyl) nonanedioate;Azelaic acid, bis(2-ethylhexyl) ester;bis(2-ethylhexyl) azelate;Bis(2-ethylhexyl) nonanedioate;bis(2-ethylhexyl) nonanedioate (nonanedioic acid, bis(2-ethylhexyl) ester);Di-2-ethylhexyl azelate;dioctyl azelate;Nonanedioic acid, 1,9-bis(2-ethylhexyl) ester;Nonanedioic acid, bis(2-ethylhexyl) ester",,,,,,,,,,,,,,,,,,,,,,,,,,,,,,,,,,,,,,,,,,,,,,,,,,,,,,,,,,,,,,,,,,,,,,,,,,,,,,,,,,,,,,,,,,,,,,,,,,,,,,,,,,,,,,,,,,,,,,,,,,,,,,,,Human Health Hazards#Repeated Dose Toxicity,Repeated Dose Toxicity HESS,NOEL,,False,No qualifier,Equal,,,,2003,,,,OECD TG 422,,,Rat,Fatty Change/Vacuolization↓(Periportal),,,,,,,,,,,,,,,,,,,,,,SD,Oral (Gavage),,,,,,Male,Main,"National Institute of Health Sciences, Japan",Liver,ReproTox,Food and Drug Safety Center,Histopathological findings,1000,mg/kg bdwt/d,Administered dose(mass),100,mg/kg bdwt/d,Administered dose(mass),77.2,None,0,d,Time,Hepatocyte,,,,,,,,,,,,,,,,,,,,,,,,,,,,,,,,,,,,,,,,,,,,,,,,,,,,,,,,,,,,,,,,,,,,,,,,,,,,,,,,,,,,,,,,,,,,,,,,,,,,,,,,,,,,,,,,,,,,,,,,,,,,,,,,,,,,,,,,,,,,,,,,,,,,,,,,,,,,,,,,42,d,Time,1000,,mg/kg bdwt/d,Administered dose(mass),1000,,mg/kg/d,Administered dose(mass)
103-24-2,"bis(2-ethylhexyl) azelate;1,9-bis(2-ethylhexyl) nonanedioate;Azelaic acid, bis(2-ethylhexyl) ester;bis(2-ethylhexyl) azelate;Bis(2-ethylhexyl) nonanedioate;bis(2-ethylhexyl) nonanedioate (nonanedioic acid, bis(2-ethylhexyl) ester);Di-2-ethylhexyl azelate;dioctyl azelate;Nonanedioic acid, 1,9-bis(2-ethylhexyl) ester;Nonanedioic acid, bis(2-ethylhexyl) ester",,,,,,,,,,,,,,,,,,,,,,,,,,,,,,,,,,,,,,,,,,,,,,,,,,,,,,,,,,,,,,,,,,,,,,,,,,,,,,,,,,,,,,,,,,,,,,,,,,,,,,,,,,,,,,,,,,,,,,,,,,,,,,,,Human Health Hazards#Repeated Dose Toxicity,Repeated Dose Toxicity HESS,NOEL,,False,No qualifier,Equal,,,,2003,,,,OECD TG 422,,,Rat,Hyperplasia,,,,,,,,,,,,,,,,,,,,,,SD,Oral (Gavage),,,,,,Male,Main,"National Institute of Health Sciences, Japan",Liver,ReproTox,Food and Drug Safety Center,Histopathological findings,1000,mg/kg bdwt/d,Administered dose(mass),100,mg/kg bdwt/d,Administered dose(mass),77.2,None,0,d,Time,Bile duct,,,,,,,,,,,,,,,,,,,,,,,,,,,,,,,,,,,,,,,,,,,,,,,,,,,,,,,,,,,,,,,,,,,,,,,,,,,,,,,,,,,,,,,,,,,,,,,,,,,,,,,,,,,,,,,,,,,,,,,,,,,,,,,,,,,,,,,,,,,,,,,,,,,,,,,,,,,,,,,,42,d,Time,1000,,mg/kg bdwt/d,Administered dose(mass),1000,,mg/kg/d,Administered dose(mass)
103-24-2,"bis(2-ethylhexyl) azelate;1,9-bis(2-ethylhexyl) nonanedioate;Azelaic acid, bis(2-ethylhexyl) ester;bis(2-ethylhexyl) azelate;Bis(2-ethylhexyl) nonanedioate;bis(2-ethylhexyl) nonanedioate (nonanedioic acid, bis(2-ethylhexyl) ester);Di-2-ethylhexyl azelate;dioctyl azelate;Nonanedioic acid, 1,9-bis(2-ethylhexyl) ester;Nonanedioic acid, bis(2-ethylhexyl) ester",,,,,,,,,,,,,,,,,,,,,,,,,,,,,,,,,,,,,,,,,,,,,,,,,,,,,,,,,,,,,,,,,,,,,,,,,,,,,,,,,,,,,,,,,,,,,,,,,,,,,,,,,,,,,,,,,,,,,,,,,,,,,,,,Human Health Hazards#Repeated Dose Toxicity,Repeated Dose Toxicity HESS,NOEL,,False,No qualifier,Equal,,,,2003,,,,OECD TG 422,,,Rat,Hypertrophy/Swelling Hepatocyte (Centrilobular),,,,,,,,,,,,,,,,,,,,,,SD,Oral (Gavage),,,,,,Male,Main,"National Institute of Health Sciences, Japan",Liver,ReproTox,Food and Drug Safety Center,Histopathological findings,1000,mg/kg bdwt/d,Administered dose(mass),100,mg/kg bdwt/d,Administered dose(mass),77.2,None,0,d,Time,Hepatocyte,,,,,,,,,,,,,,,,,,,,,,,,,,,,,,,,,,,,,,,,,,,,,,,,,,,,,,,,,,,,,,,,,,,,,,,,,,,,,,,,,,,,,,,,,,,,,,,,,,,,,,,,,,,,,,,,,,,,,,,,,,,,,,,,,,,,,,,,,,,,,,,,,,,,,,,,,,,,,,,,42,d,Time,300,,mg/kg bdwt/d,Administered dose(mass),300,,mg/kg/d,Administered dose(mass)
103-24-2,"bis(2-ethylhexyl) azelate;1,9-bis(2-ethylhexyl) nonanedioate;Azelaic acid, bis(2-ethylhexyl) ester;bis(2-ethylhexyl) azelate;Bis(2-ethylhexyl) nonanedioate;bis(2-ethylhexyl) nonanedioate (nonanedioic acid, bis(2-ethylhexyl) ester);Di-2-ethylhexyl azelate;dioctyl azelate;Nonanedioic acid, 1,9-bis(2-ethylhexyl) ester;Nonanedioic acid, bis(2-ethylhexyl) ester",,,,,,,,,,,,,,,,,,,,,,,,,,,,,,,,,,,,,,,,,,,,,,,,,,,,,,,,,,,,,,,,,,,,,,,,,,,,,,,,,,,,,,,,,,,,,,,,,,,,,,,,,,,,,,,,,,,,,,,,,,,,,,,,Human Health Hazards#Repeated Dose Toxicity,Repeated Dose Toxicity HESS,NOEL,,False,No qualifier,Equal,,,,2003,,,,OECD TG 422,,,Rat,Hypertrophy/Swelling Hepatocyte (Other),,,,,,,,,,,,,,,,,,,,,,SD,Oral (Gavage),,,,,,Male,Main,"National Institute of Health Sciences, Japan",Liver,ReproTox,Food and Drug Safety Center,Histopathological findings,1000,mg/kg bdwt/d,Administered dose(mass),100,mg/kg bdwt/d,Administered dose(mass),77.2,None,0,d,Time,Hepatocyte,,,,,,,,,,,,,,,,,,,,,,,,,,,,,,,,,,,,,,,,,,,,,,,,,,,,,,,,,,,,,,,,,,,,,,,,,,,,,,,,,,,,,,,,,,,,,,,,,,,,,,,,,,,,,,,,,,,,,,,,,,,,,,,,,,,,,,,,,,,,,,,,,,,,,,,,,,,,,,,,42,d,Time,1000,,mg/kg bdwt/d,Administered dose(mass),1000,,mg/kg/d,Administered dose(mass)
103-24-2,"bis(2-ethylhexyl) azelate;1,9-bis(2-ethylhexyl) nonanedioate;Azelaic acid, bis(2-ethylhexyl) ester;bis(2-ethylhexyl) azelate;Bis(2-ethylhexyl) nonanedioate;bis(2-ethylhexyl) nonanedioate (nonanedioic acid, bis(2-ethylhexyl) ester);Di-2-ethylhexyl azelate;dioctyl azelate;Nonanedioic acid, 1,9-bis(2-ethylhexyl) ester;Nonanedioic acid, bis(2-ethylhexyl) ester",,,,,,,,,,,,,,,,,,,,,,,,,,,,,,,,,,,,,,,,,,,,,,,,,,,,,,,,,,,,,,,,,,,,,,,,,,,,,,,,,,,,,,,,,,,,,,,,,,,,,,,,,,,,,,,,,,,,,,,,,,,,,,,,Human Health Hazards#Repeated Dose Toxicity,Repeated Dose Toxicity HESS,NOEL,,False,No qualifier,Equal,,,,2003,,,,OECD TG 422,,,Rat,Hypertrophy/Swelling Hepatocyte (Periportal),,,,,,,,,,,,,,,,,,,,,,SD,Oral (Gavage),,,,,,Male,Main,"National Institute of Health Sciences, Japan",Liver,ReproTox,Food and Drug Safety Center,Histopathological findings,1000,mg/kg bdwt/d,Administered dose(mass),100,mg/kg bdwt/d,Administered dose(mass),77.2,None,0,d,Time,Hepatocyte,,,,,,,,,,,,,,,,,,,,,,,,,,,,,,,,,,,,,,,,,,,,,,,,,,,,,,,,,,,,,,,,,,,,,,,,,,,,,,,,,,,,,,,,,,,,,,,,,,,,,,,,,,,,,,,,,,,,,,,,,,,,,,,,,,,,,,,,,,,,,,,,,,,,,,,,,,,,,,,,42,d,Time,1000,,mg/kg bdwt/d,Administered dose(mass),1000,,mg/kg/d,Administered dose(mass)
103-24-2,"bis(2-ethylhexyl) azelate;1,9-bis(2-ethylhexyl) nonanedioate;Azelaic acid, bis(2-ethylhexyl) ester;bis(2-ethylhexyl) azelate;Bis(2-ethylhexyl) nonanedioate;bis(2-ethylhexyl) nonanedioate (nonanedioic acid, bis(2-ethylhexyl) ester);Di-2-ethylhexyl azelate;dioctyl azelate;Nonanedioic acid, 1,9-bis(2-ethylhexyl) ester;Nonanedioic acid, bis(2-ethylhexyl) ester",,,,,,,,,,,,,,,,,,,,,,,,,,,,,,,,,,,,,,,,,,,,,,,,,,,,,,,,,,,,,,,,,,,,,,,,,,,,,,,,,,,,,,,,,,,,,,,,,,,,,,,,,,,,,,,,,,,,,,,,,,,,,,,,Human Health Hazards#Repeated Dose Toxicity,Repeated Dose Toxicity HESS,NOEL,,False,No qualifier,Equal,,,,2003,,,,OECD TG 422,,,Rat,Necrosis Hepatocyte (Centrilobular),,,,,,,,,,,,,,,,,,,,,,SD,Oral (Gavage),,,,,,Male,Main,"National Institute of Health Sciences, Japan",Liver,ReproTox,Food and Drug Safety Center,Histopathological findings,1000,mg/kg bdwt/d,Administered dose(mass),100,mg/kg bdwt/d,Administered dose(mass),77.2,None,0,d,Time,Hepatocyte,,,,,,,,,,,,,,,,,,,,,,,,,,,,,,,,,,,,,,,,,,,,,,,,,,,,,,,,,,,,,,,,,,,,,,,,,,,,,,,,,,,,,,,,,,,,,,,,,,,,,,,,,,,,,,,,,,,,,,,,,,,,,,,,,,,,,,,,,,,,,,,,,,,,,,,,,,,,,,,,42,d,Time,1000,,mg/kg bdwt/d,Administered dose(mass),1000,,mg/kg/d,Administered dose(mass)
103-24-2,"bis(2-ethylhexyl) azelate;1,9-bis(2-ethylhexyl) nonanedioate;Azelaic acid, bis(2-ethylhexyl) ester;bis(2-ethylhexyl) azelate;Bis(2-ethylhexyl) nonanedioate;bis(2-ethylhexyl) nonanedioate (nonanedioic acid, bis(2-ethylhexyl) ester);Di-2-ethylhexyl azelate;dioctyl azelate;Nonanedioic acid, 1,9-bis(2-ethylhexyl) ester;Nonanedioic acid, bis(2-ethylhexyl) ester",,,,,,,,,,,,,,,,,,,,,,,,,,,,,,,,,,,,,,,,,,,,,,,,,,,,,,,,,,,,,,,,,,,,,,,,,,,,,,,,,,,,,,,,,,,,,,,,,,,,,,,,,,,,,,,,,,,,,,,,,,,,,,,,Human Health Hazards#Repeated Dose Toxicity,Repeated Dose Toxicity HESS,NOEL,,False,No qualifier,Equal,,,,2003,,,,OECD TG 422,,,Rat,Necrosis Hepatocyte (Other),,,,,,,,,,,,,,,,,,,,,,SD,Oral (Gavage),,,,,,Male,Main,"National Institute of Health Sciences, Japan",Liver,ReproTox,Food and Drug Safety Center,Histopathological findings,1000,mg/kg bdwt/d,Administered dose(mass),100,mg/kg bdwt/d,Administered dose(mass),77.2,None,0,d,Time,Hepatocyte,,,,,,,,,,,,,,,,,,,,,,,,,,,,,,,,,,,,,,,,,,,,,,,,,,,,,,,,,,,,,,,,,,,,,,,,,,,,,,,,,,,,,,,,,,,,,,,,,,,,,,,,,,,,,,,,,,,,,,,,,,,,,,,,,,,,,,,,,,,,,,,,,,,,,,,,,,,,,,,,42,d,Time,1000,,mg/kg bdwt/d,Administered dose(mass),1000,,mg/kg/d,Administered dose(mass)
103-24-2,"bis(2-ethylhexyl) azelate;1,9-bis(2-ethylhexyl) nonanedioate;Azelaic acid, bis(2-ethylhexyl) ester;bis(2-ethylhexyl) azelate;Bis(2-ethylhexyl) nonanedioate;bis(2-ethylhexyl) nonanedioate (nonanedioic acid, bis(2-ethylhexyl) ester);Di-2-ethylhexyl azelate;dioctyl azelate;Nonanedioic acid, 1,9-bis(2-ethylhexyl) ester;Nonanedioic acid, bis(2-ethylhexyl) ester",,,,,,,,,,,,,,,,,,,,,,,,,,,,,,,,,,,,,,,,,,,,,,,,,,,,,,,,,,,,,,,,,,,,,,,,,,,,,,,,,,,,,,,,,,,,,,,,,,,,,,,,,,,,,,,,,,,,,,,,,,,,,,,,Human Health Hazards#Repeated Dose Toxicity,Repeated Dose Toxicity HESS,NOEL,,False,No qualifier,Equal,,,,2003,,,,OECD TG 422,,,Rat,Necrosis Hepatocyte (Periportal),,,,,,,,,,,,,,,,,,,,,,SD,Oral (Gavage),,,,,,Male,Main,"National Institute of Health Sciences, Japan",Liver,ReproTox,Food and Drug Safety Center,Histopathological findings,1000,mg/kg bdwt/d,Administered dose(mass),100,mg/kg bdwt/d,Administered dose(mass),77.2,None,0,d,Time,Hepatocyte,,,,,,,,,,,,,,,,,,,,,,,,,,,,,,,,,,,,,,,,,,,,,,,,,,,,,,,,,,,,,,,,,,,,,,,,,,,,,,,,,,,,,,,,,,,,,,,,,,,,,,,,,,,,,,,,,,,,,,,,,,,,,,,,,,,,,,,,,,,,,,,,,,,,,,,,,,,,,,,,42,d,Time,1000,,mg/kg bdwt/d,Administered dose(mass),1000,,mg/kg/d,Administered dose(mass)
103-24-2,"bis(2-ethylhexyl) azelate;1,9-bis(2-ethylhexyl) nonanedioate;Azelaic acid, bis(2-ethylhexyl) ester;bis(2-ethylhexyl) azelate;Bis(2-ethylhexyl) nonanedioate;bis(2-ethylhexyl) nonanedioate (nonanedioic acid, bis(2-ethylhexyl) ester);Di-2-ethylhexyl azelate;dioctyl azelate;Nonanedioic acid, 1,9-bis(2-ethylhexyl) ester;Nonanedioic acid, bis(2-ethylhexyl) ester",,,,,,,,,,,,,,,,,,,,,,,,,,,,,,,,,,,,,,,,,,,,,,,,,,,,,,,,,,,,,,,,,,,,,,,,,,,,,,,,,,,,,,,,,,,,,,,,,,,,,,,,,,,,,,,,,,,,,,,,,,,,,,,,Human Health Hazards#Repeated Dose Toxicity,Repeated Dose Toxicity HESS,NOEL,,False,No qualifier,Equal,,,,2003,,,,OECD TG 422,,,Rat,Other Findings,,,,,,,,,,,,,,,,,,,,,,SD,Oral (Gavage),,,,,,Male,Main,"National Institute of Health Sciences, Japan",Liver,ReproTox,Food and Drug Safety Center,Histopathological findings,1000,mg/kg bdwt/d,Administered dose(mass),100,mg/kg bdwt/d,Administered dose(mass),77.2,None,0,d,Time,,,,,,,,,,,,,,,,,,,,,,,,,,,,,,,,,,,,,,,,,,,,,,,,,,,,,,,,,,,,,,,,,,,,,,,,,,,,,,,,,,,,,,,,,,,,,,,,,,,,,,,,,,,,,,,,,,,,,,,,,,,,,,,,,,,,,,,,,,,,,,,,,,,,,,,,,,,,,,,,,42,d,Time,1000,,mg/kg bdwt/d,Administered dose(mass),1000,,mg/kg/d,Administered dose(mass)
103-24-2,"bis(2-ethylhexyl) azelate;1,9-bis(2-ethylhexyl) nonanedioate;Azelaic acid, bis(2-ethylhexyl) ester;bis(2-ethylhexyl) azelate;Bis(2-ethylhexyl) nonanedioate;bis(2-ethylhexyl) nonanedioate (nonanedioic acid, bis(2-ethylhexyl) ester);Di-2-ethylhexyl azelate;dioctyl azelate;Nonanedioic acid, 1,9-bis(2-ethylhexyl) ester;Nonanedioic acid, bis(2-ethylhexyl) ester",,,,,,,,,,,,,,,,,,,,,,,,,,,,,,,,,,,,,,,,,,,,,,,,,,,,,,,,,,,,,,,,,,,,,,,,,,,,,,,,,,,,,,,,,,,,,,,,,,,,,,,,,,,,,,,,,,,,,,,,,,,,,,,,Human Health Hazards#Repeated Dose Toxicity,Repeated Dose Toxicity HESS,NOEL,,False,No qualifier,Equal,,,,2003,,,,OECD TG 422,,,Rat,Other Findings,,,,,,,,,,,,,,,,,,,,,,SD,Oral (Gavage),,,,,,Male,Main,"National Institute of Health Sciences, Japan",Liver,ReproTox,Food and Drug Safety Center,Histopathological findings,1000,mg/kg bdwt/d,Administered dose(mass),100,mg/kg bdwt/d,Administered dose(mass),77.2,None,0,d,Time,Bile duct,,,,,,,,,,,,,,,,,,,,,,,,,,,,,,,,,,,,,,,,,,,,,,,,,,,,,,,,,,,,,,,,,,,,,,,,,,,,,,,,,,,,,,,,,,,,,,,,,,,,,,,,,,,,,,,,,,,,,,,,,,,,,,,,,,,,,,,,,,,,,,,,,,,,,,,,,,,,,,,,42,d,Time,1000,,mg/kg bdwt/d,Administered dose(mass),1000,,mg/kg/d,Administered dose(mass)
103-24-2,"bis(2-ethylhexyl) azelate;1,9-bis(2-ethylhexyl) nonanedioate;Azelaic acid, bis(2-ethylhexyl) ester;bis(2-ethylhexyl) azelate;Bis(2-ethylhexyl) nonanedioate;bis(2-ethylhexyl) nonanedioate (nonanedioic acid, bis(2-ethylhexyl) ester);Di-2-ethylhexyl azelate;dioctyl azelate;Nonanedioic acid, 1,9-bis(2-ethylhexyl) ester;Nonanedioic acid, bis(2-ethylhexyl) ester",,,,,,,,,,,,,,,,,,,,,,,,,,,,,,,,,,,,,,,,,,,,,,,,,,,,,,,,,,,,,,,,,,,,,,,,,,,,,,,,,,,,,,,,,,,,,,,,,,,,,,,,,,,,,,,,,,,,,,,,,,,,,,,,Human Health Hazards#Repeated Dose Toxicity,Repeated Dose Toxicity HESS,NOEL,,False,No qualifier,Equal,,,,2003,,,,OECD TG 422,,,Rat,Other Findings,,,,,,,,,,,,,,,,,,,,,,SD,Oral (Gavage),,,,,,Male,Main,"National Institute of Health Sciences, Japan",Liver,ReproTox,Food and Drug Safety Center,Histopathological findings,1000,mg/kg bdwt/d,Administered dose(mass),100,mg/kg bdwt/d,Administered dose(mass),77.2,None,0,d,Time,Kupffer cell,,,,,,,,,,,,,,,,,,,,,,,,,,,,,,,,,,,,,,,,,,,,,,,,,,,,,,,,,,,,,,,,,,,,,,,,,,,,,,,,,,,,,,,,,,,,,,,,,,,,,,,,,,,,,,,,,,,,,,,,,,,,,,,,,,,,,,,,,,,,,,,,,,,,,,,,,,,,,,,,42,d,Time,1000,,mg/kg bdwt/d,Administered dose(mass),1000,,mg/kg/d,Administered dose(mass)
103-24-2,"bis(2-ethylhexyl) azelate;1,9-bis(2-ethylhexyl) nonanedioate;Azelaic acid, bis(2-ethylhexyl) ester;bis(2-ethylhexyl) azelate;Bis(2-ethylhexyl) nonanedioate;bis(2-ethylhexyl) nonanedioate (nonanedioic acid, bis(2-ethylhexyl) ester);Di-2-ethylhexyl azelate;dioctyl azelate;Nonanedioic acid, 1,9-bis(2-ethylhexyl) ester;Nonanedioic acid, bis(2-ethylhexyl) ester",,,,,,,,,,,,,,,,,,,,,,,,,,,,,,,,,,,,,,,,,,,,,,,,,,,,,,,,,,,,,,,,,,,,,,,,,,,,,,,,,,,,,,,,,,,,,,,,,,,,,,,,,,,,,,,,,,,,,,,,,,,,,,,,Human Health Hazards#Repeated Dose Toxicity,Repeated Dose Toxicity HESS,NOEL,,False,No qualifier,Equal,,,,2003,,,,OECD TG 422,,,Rat,Other Findings,,,,,,,,,,,,,,,,,,,,,,SD,Oral (Gavage),,,,,,Male,Main,"National Institute of Health Sciences, Japan",Liver,ReproTox,Food and Drug Safety Center,Histopathological findings,1000,mg/kg bdwt/d,Administered dose(mass),100,mg/kg bdwt/d,Administered dose(mass),77.2,None,0,d,Time,Hepatocyte,,,,,,,,,,,,,,,,,,,,,,,,,,,,,,,,,,,,,,,,,,,,,,,,,,,,,,,,,,,,,,,,,,,,,,,,,,,,,,,,,,,,,,,,,,,,,,,,,,,,,,,,,,,,,,,,,,,,,,,,,,,,,,,,,,,,,,,,,,,,,,,,,,,,,,,,,,,,,,,,42,d,Time,1000,,mg/kg bdwt/d,Administered dose(mass),1000,,mg/kg/d,Administered dose(mass)
103-24-2,"bis(2-ethylhexyl) azelate;1,9-bis(2-ethylhexyl) nonanedioate;Azelaic acid, bis(2-ethylhexyl) ester;bis(2-ethylhexyl) azelate;Bis(2-ethylhexyl) nonanedioate;bis(2-ethylhexyl) nonanedioate (nonanedioic acid, bis(2-ethylhexyl) ester);Di-2-ethylhexyl azelate;dioctyl azelate;Nonanedioic acid, 1,9-bis(2-ethylhexyl) ester;Nonanedioic acid, bis(2-ethylhexyl) ester",,,,,,,,,,,,,,,,,,,,,,,,,,,,,,,,,,,,,,,,,,,,,,,,,,,,,,,,,,,,,,,,,,,,,,,,,,,,,,,,,,,,,,,,,,,,,,,,,,,,,,,,,,,,,,,,,,,,,,,,,,,,,,,,Human Health Hazards#Repeated Dose Toxicity,Repeated Dose Toxicity HESS,NOEL,,False,No qualifier,Equal,,,,2003,,,,OECD TG 422,,,Rat,Other Findings,,,,,,,,,,,,,,,,,,,,,,SD,Oral (Gavage),,,,,,Male,Main,"National Institute of Health Sciences, Japan",Liver,ReproTox,Food and Drug Safety Center,Necropsy,1000,mg/kg bdwt/d,Administered dose(mass),100,mg/kg bdwt/d,Administered dose(mass),77.2,None,0,d,Time,,,,,,,,,,,,,,,,,,,,,,,,,,,,,,,,,,,,,,,,,,,,,,,,,,,,,,,,,,,,,,,,,,,,,,,,,,,,,,,,,,,,,,,,,,,,,,,,,,,,,,,,,,,,,,,,,,,,,,,,,,,,,,,,,,,,,,,,,,,,,,,,,,,,,,,,,,,,,,,,,42,d,Time,1000,,mg/kg bdwt/d,Administered dose(mass),1000,,mg/kg/d,Administered dose(mass)
103-24-2,"bis(2-ethylhexyl) azelate;1,9-bis(2-ethylhexyl) nonanedioate;Azelaic acid, bis(2-ethylhexyl) ester;bis(2-ethylhexyl) azelate;Bis(2-ethylhexyl) nonanedioate;bis(2-ethylhexyl) nonanedioate (nonanedioic acid, bis(2-ethylhexyl) ester);Di-2-ethylhexyl azelate;dioctyl azelate;Nonanedioic acid, 1,9-bis(2-ethylhexyl) ester;Nonanedioic acid, bis(2-ethylhexyl) ester",,,,,,,,,,,,,,,,,,,,,,,,,,,,,,,,,,,,,,,,,,,,,,,,,,,,,,,,,,,,,,,,,,,,,,,,,,,,,,,,,,,,,,,,,,,,,,,,,,,,,,,,,,,,,,,,,,,,,,,,,,,,,,,,Human Health Hazards#Repeated Dose Toxicity,Repeated Dose Toxicity HESS,NOEL,,False,No qualifier,Equal,,,,2003,,,,OECD TG 422,,,Rat,Pigmentation (Hemosiderin),,,,,,,,,,,,,,,,,,,,,,SD,Oral (Gavage),,,,,,Male,Main,"National Institute of Health Sciences, Japan",Liver,ReproTox,Food and Drug Safety Center,Histopathological findings,1000,mg/kg bdwt/d,Administered dose(mass),100,mg/kg bdwt/d,Administered dose(mass),77.2,None,0,d,Time,Kupffer cell,,,,,,,,,,,,,,,,,,,,,,,,,,,,,,,,,,,,,,,,,,,,,,,,,,,,,,,,,,,,,,,,,,,,,,,,,,,,,,,,,,,,,,,,,,,,,,,,,,,,,,,,,,,,,,,,,,,,,,,,,,,,,,,,,,,,,,,,,,,,,,,,,,,,,,,,,,,,,,,,42,d,Time,1000,,mg/kg bdwt/d,Administered dose(mass),1000,,mg/kg/d,Administered dose(mass)
103-24-2,"bis(2-ethylhexyl) azelate;1,9-bis(2-ethylhexyl) nonanedioate;Azelaic acid, bis(2-ethylhexyl) ester;bis(2-ethylhexyl) azelate;Bis(2-ethylhexyl) nonanedioate;bis(2-ethylhexyl) nonanedioate (nonanedioic acid, bis(2-ethylhexyl) ester);Di-2-ethylhexyl azelate;dioctyl azelate;Nonanedioic acid, 1,9-bis(2-ethylhexyl) ester;Nonanedioic acid, bis(2-ethylhexyl) ester",,,,,,,,,,,,,,,,,,,,,,,,,,,,,,,,,,,,,,,,,,,,,,,,,,,,,,,,,,,,,,,,,,,,,,,,,,,,,,,,,,,,,,,,,,,,,,,,,,,,,,,,,,,,,,,,,,,,,,,,,,,,,,,,Human Health Hazards#Repeated Dose Toxicity,Repeated Dose Toxicity HESS,NOEL,,False,No qualifier,Equal,,,,2003,,,,OECD TG 422,,,Rat,Pigmentation (Other),,,,,,,,,,,,,,,,,,,,,,SD,Oral (Gavage),,,,,,Male,Main,"National Institute of Health Sciences, Japan",Liver,ReproTox,Food and Drug Safety Center,Histopathological findings,1000,mg/kg bdwt/d,Administered dose(mass),100,mg/kg bdwt/d,Administered dose(mass),77.2,None,0,d,Time,Kupffer cell,,,,,,,,,,,,,,,,,,,,,,,,,,,,,,,,,,,,,,,,,,,,,,,,,,,,,,,,,,,,,,,,,,,,,,,,,,,,,,,,,,,,,,,,,,,,,,,,,,,,,,,,,,,,,,,,,,,,,,,,,,,,,,,,,,,,,,,,,,,,,,,,,,,,,,,,,,,,,,,,42,d,Time,1000,,mg/kg bdwt/d,Administered dose(mass),1000,,mg/kg/d,Administered dose(mass)
103-24-2,"bis(2-ethylhexyl) azelate;1,9-bis(2-ethylhexyl) nonanedioate;Azelaic acid, bis(2-ethylhexyl) ester;bis(2-ethylhexyl) azelate;Bis(2-ethylhexyl) nonanedioate;bis(2-ethylhexyl) nonanedioate (nonanedioic acid, bis(2-ethylhexyl) ester);Di-2-ethylhexyl azelate;dioctyl azelate;Nonanedioic acid, 1,9-bis(2-ethylhexyl) ester;Nonanedioic acid, bis(2-ethylhexyl) ester",,,,,,,,,,,,,,,,,,,,,,,,,,,,,,,,,,,,,,,,,,,,,,,,,,,,,,,,,,,,,,,,,,,,,,,,,,,,,,,,,,,,,,,,,,,,,,,,,,,,,,,,,,,,,,,,,,,,,,,,,,,,,,,,Human Health Hazards#Repeated Dose Toxicity,Repeated Dose Toxicity HESS,NOEL,,False,No qualifier,Equal,,,,2003,,,,OECD TG 422,,,Rat,Proliferation,,,,,,,,,,,,,,,,,,,,,,SD,Oral (Gavage),,,,,,Male,Main,"National Institute of Health Sciences, Japan",Liver,ReproTox,Food and Drug Safety Center,Histopathological findings,1000,mg/kg bdwt/d,Administered dose(mass),100,mg/kg bdwt/d,Administered dose(mass),77.2,None,0,d,Time,Bile duct,,,,,,,,,,,,,,,,,,,,,,,,,,,,,,,,,,,,,,,,,,,,,,,,,,,,,,,,,,,,,,,,,,,,,,,,,,,,,,,,,,,,,,,,,,,,,,,,,,,,,,,,,,,,,,,,,,,,,,,,,,,,,,,,,,,,,,,,,,,,,,,,,,,,,,,,,,,,,,,,42,d,Time,1000,,mg/kg bdwt/d,Administered dose(mass),1000,,mg/kg/d,Administered dose(mass)
103-24-2,"bis(2-ethylhexyl) azelate;1,9-bis(2-ethylhexyl) nonanedioate;Azelaic acid, bis(2-ethylhexyl) ester;bis(2-ethylhexyl) azelate;Bis(2-ethylhexyl) nonanedioate;bis(2-ethylhexyl) nonanedioate (nonanedioic acid, bis(2-ethylhexyl) ester);Di-2-ethylhexyl azelate;dioctyl azelate;Nonanedioic acid, 1,9-bis(2-ethylhexyl) ester;Nonanedioic acid, bis(2-ethylhexyl) ester",,,,,,,,,,,,,,,,,,,,,,,,,,,,,,,,,,,,,,,,,,,,,,,,,,,,,,,,,,,,,,,,,,,,,,,,,,,,,,,,,,,,,,,,,,,,,,,,,,,,,,,,,,,,,,,,,,,,,,,,,,,,,,,,Human Health Hazards#Repeated Dose Toxicity,Repeated Dose Toxicity HESS,NOEL,,False,No qualifier,Equal,,,,2003,,,,OECD TG 422,,,Rat,Relative Organ Weight↑,,,,,,,,,,,,,,,,,,,,,,SD,Oral (Gavage),,,,,,Male,Main,"National Institute of Health Sciences, Japan",Liver,ReproTox,Food and Drug Safety Center,Organ weights,1000,mg/kg bdwt/d,Administered dose(mass),100,mg/kg bdwt/d,Administered dose(mass),77.2,None,0,d,Time,,,,,,,,,,,,,,,,,,,,,,,,,,,,,,,,,,,,,,,,,,,,,,,,,,,,,,,,,,,,,,,,,,,,,,,,,,,,,,,,,,,,,,,,,,,,,,,,,,,,,,,,,,,,,,,,,,,,,,,,,,,,,,,,,,,,,,,,,,,,,,,,,,,,,,,,,,,,,,,,,42,d,Time,300,,mg/kg bdwt/d,Administered dose(mass),300,,mg/kg/d,Administered dose(mass)
103-24-2,"bis(2-ethylhexyl) azelate;1,9-bis(2-ethylhexyl) nonanedioate;Azelaic acid, bis(2-ethylhexyl) ester;bis(2-ethylhexyl) azelate;Bis(2-ethylhexyl) nonanedioate;bis(2-ethylhexyl) nonanedioate (nonanedioic acid, bis(2-ethylhexyl) ester);Di-2-ethylhexyl azelate;dioctyl azelate;Nonanedioic acid, 1,9-bis(2-ethylhexyl) ester;Nonanedioic acid, bis(2-ethylhexyl) ester",,,,,,,,,,,,,,,,,,,,,,,,,,,,,,,,,,,,,,,,,,,,,,,,,,,,,,,,,,,,,,,,,,,,,,,,,,,,,,,,,,,,,,,,,,,,,,,,,,,,,,,,,,,,,,,,,,,,,,,,,,,,,,,,Human Health Hazards#Repeated Dose Toxicity,Repeated Dose Toxicity HESS,NOEL,,False,No qualifier,Equal,,,,2003,,,,OECD TG 422,,,Rat,Relative Organ Weight↓,,,,,,,,,,,,,,,,,,,,,,SD,Oral (Gavage),,,,,,Male,Main,"National Institute of Health Sciences, Japan",Liver,ReproTox,Food and Drug Safety Center,Organ weights,1000,mg/kg bdwt/d,Administered dose(mass),100,mg/kg bdwt/d,Administered dose(mass),77.2,None,0,d,Time,,,,,,,,,,,,,,,,,,,,,,,,,,,,,,,,,,,,,,,,,,,,,,,,,,,,,,,,,,,,,,,,,,,,,,,,,,,,,,,,,,,,,,,,,,,,,,,,,,,,,,,,,,,,,,,,,,,,,,,,,,,,,,,,,,,,,,,,,,,,,,,,,,,,,,,,,,,,,,,,,42,d,Time,1000,,mg/kg bdwt/d,Administered dose(mass),1000,,mg/kg/d,Administered dose(mass)
103-24-2,"bis(2-ethylhexyl) azelate;1,9-bis(2-ethylhexyl) nonanedioate;Azelaic acid, bis(2-ethylhexyl) ester;bis(2-ethylhexyl) azelate;Bis(2-ethylhexyl) nonanedioate;bis(2-ethylhexyl) nonanedioate (nonanedioic acid, bis(2-ethylhexyl) ester);Di-2-ethylhexyl azelate;dioctyl azelate;Nonanedioic acid, 1,9-bis(2-ethylhexyl) ester;Nonanedioic acid, bis(2-ethylhexyl) ester",,,,,,,,,,,,,,,,,,,,,,,,,,,,,,,,,,,,,,,,,,,,,,,,,,,,,,,,,,,,,,,,,,,,,,,,,,,,,,,,,,,,,,,,,,,,,,,,,,,,,,,,,,,,,,,,,,,,,,,,,,,,,,,,Human Health Hazards#Repeated Dose Toxicity,Repeated Dose Toxicity HESS,NOEL,,False,No qualifier,Equal,,,,2003,,,,OECD TG 422,,,Rat,Cell Infiltration/Inflamation,,,,,,,,,,,,,,,,,,,,,,SD,Oral (Gavage),,,,,,Male,Main,"National Institute of Health Sciences, Japan",Lung,ReproTox,Food and Drug Safety Center,Histopathological findings,1000,mg/kg bdwt/d,Administered dose(mass),100,mg/kg bdwt/d,Administered dose(mass),77.2,None,0,d,Time,,,,,,,,,,,,,,,,,,,,,,,,,,,,,,,,,,,,,,,,,,,,,,,,,,,,,,,,,,,,,,,,,,,,,,,,,,,,,,,,,,,,,,,,,,,,,,,,,,,,,,,,,,,,,,,,,,,,,,,,,,,,,,,,,,,,,,,,,,,,,,,,,,,,,,,,,,,,,,,,,42,d,Time,1000,,mg/kg bdwt/d,Administered dose(mass),1000,,mg/kg/d,Administered dose(mass)
103-24-2,"bis(2-ethylhexyl) azelate;1,9-bis(2-ethylhexyl) nonanedioate;Azelaic acid, bis(2-ethylhexyl) ester;bis(2-ethylhexyl) azelate;Bis(2-ethylhexyl) nonanedioate;bis(2-ethylhexyl) nonanedioate (nonanedioic acid, bis(2-ethylhexyl) ester);Di-2-ethylhexyl azelate;dioctyl azelate;Nonanedioic acid, 1,9-bis(2-ethylhexyl) ester;Nonanedioic acid, bis(2-ethylhexyl) ester",,,,,,,,,,,,,,,,,,,,,,,,,,,,,,,,,,,,,,,,,,,,,,,,,,,,,,,,,,,,,,,,,,,,,,,,,,,,,,,,,,,,,,,,,,,,,,,,,,,,,,,,,,,,,,,,,,,,,,,,,,,,,,,,Human Health Hazards#Repeated Dose Toxicity,Repeated Dose Toxicity HESS,NOEL,,False,No qualifier,Equal,,,,2003,,,,OECD TG 422,,,Rat,Edema,,,,,,,,,,,,,,,,,,,,,,SD,Oral (Gavage),,,,,,Male,Main,"National Institute of Health Sciences, Japan",Lung,ReproTox,Food and Drug Safety Center,Histopathological findings,1000,mg/kg bdwt/d,Administered dose(mass),100,mg/kg bdwt/d,Administered dose(mass),77.2,None,0,d,Time,,,,,,,,,,,,,,,,,,,,,,,,,,,,,,,,,,,,,,,,,,,,,,,,,,,,,,,,,,,,,,,,,,,,,,,,,,,,,,,,,,,,,,,,,,,,,,,,,,,,,,,,,,,,,,,,,,,,,,,,,,,,,,,,,,,,,,,,,,,,,,,,,,,,,,,,,,,,,,,,,42,d,Time,1000,,mg/kg bdwt/d,Administered dose(mass),1000,,mg/kg/d,Administered dose(mass)
103-24-2,"bis(2-ethylhexyl) azelate;1,9-bis(2-ethylhexyl) nonanedioate;Azelaic acid, bis(2-ethylhexyl) ester;bis(2-ethylhexyl) azelate;Bis(2-ethylhexyl) nonanedioate;bis(2-ethylhexyl) nonanedioate (nonanedioic acid, bis(2-ethylhexyl) ester);Di-2-ethylhexyl azelate;dioctyl azelate;Nonanedioic acid, 1,9-bis(2-ethylhexyl) ester;Nonanedioic acid, bis(2-ethylhexyl) ester",,,,,,,,,,,,,,,,,,,,,,,,,,,,,,,,,,,,,,,,,,,,,,,,,,,,,,,,,,,,,,,,,,,,,,,,,,,,,,,,,,,,,,,,,,,,,,,,,,,,,,,,,,,,,,,,,,,,,,,,,,,,,,,,Human Health Hazards#Repeated Dose Toxicity,Repeated Dose Toxicity HESS,NOEL,,False,No qualifier,Equal,,,,2003,,,,OECD TG 422,,,Rat,Foamy Cell Accumulation,,,,,,,,,,,,,,,,,,,,,,SD,Oral (Gavage),,,,,,Male,Main,"National Institute of Health Sciences, Japan",Lung,ReproTox,Food and Drug Safety Center,Histopathological findings,1000,mg/kg bdwt/d,Administered dose(mass),100,mg/kg bdwt/d,Administered dose(mass),77.2,None,0,d,Time,,,,,,,,,,,,,,,,,,,,,,,,,,,,,,,,,,,,,,,,,,,,,,,,,,,,,,,,,,,,,,,,,,,,,,,,,,,,,,,,,,,,,,,,,,,,,,,,,,,,,,,,,,,,,,,,,,,,,,,,,,,,,,,,,,,,,,,,,,,,,,,,,,,,,,,,,,,,,,,,,42,d,Time,1000,,mg/kg bdwt/d,Administered dose(mass),1000,,mg/kg/d,Administered dose(mass)
103-24-2,"bis(2-ethylhexyl) azelate;1,9-bis(2-ethylhexyl) nonanedioate;Azelaic acid, bis(2-ethylhexyl) ester;bis(2-ethylhexyl) azelate;Bis(2-ethylhexyl) nonanedioate;bis(2-ethylhexyl) nonanedioate (nonanedioic acid, bis(2-ethylhexyl) ester);Di-2-ethylhexyl azelate;dioctyl azelate;Nonanedioic acid, 1,9-bis(2-ethylhexyl) ester;Nonanedioic acid, bis(2-ethylhexyl) ester",,,,,,,,,,,,,,,,,,,,,,,,,,,,,,,,,,,,,,,,,,,,,,,,,,,,,,,,,,,,,,,,,,,,,,,,,,,,,,,,,,,,,,,,,,,,,,,,,,,,,,,,,,,,,,,,,,,,,,,,,,,,,,,,Human Health Hazards#Repeated Dose Toxicity,Repeated Dose Toxicity HESS,NOEL,,False,No qualifier,Equal,,,,2003,,,,OECD TG 422,,,Rat,Hemorrhage,,,,,,,,,,,,,,,,,,,,,,SD,Oral (Gavage),,,,,,Male,Main,"National Institute of Health Sciences, Japan",Lung,ReproTox,Food and Drug Safety Center,Histopathological findings,1000,mg/kg bdwt/d,Administered dose(mass),100,mg/kg bdwt/d,Administered dose(mass),77.2,None,0,d,Time,,,,,,,,,,,,,,,,,,,,,,,,,,,,,,,,,,,,,,,,,,,,,,,,,,,,,,,,,,,,,,,,,,,,,,,,,,,,,,,,,,,,,,,,,,,,,,,,,,,,,,,,,,,,,,,,,,,,,,,,,,,,,,,,,,,,,,,,,,,,,,,,,,,,,,,,,,,,,,,,,42,d,Time,1000,,mg/kg bdwt/d,Administered dose(mass),1000,,mg/kg/d,Administered dose(mass)
103-24-2,"bis(2-ethylhexyl) azelate;1,9-bis(2-ethylhexyl) nonanedioate;Azelaic acid, bis(2-ethylhexyl) ester;bis(2-ethylhexyl) azelate;Bis(2-ethylhexyl) nonanedioate;bis(2-ethylhexyl) nonanedioate (nonanedioic acid, bis(2-ethylhexyl) ester);Di-2-ethylhexyl azelate;dioctyl azelate;Nonanedioic acid, 1,9-bis(2-ethylhexyl) ester;Nonanedioic acid, bis(2-ethylhexyl) ester",,,,,,,,,,,,,,,,,,,,,,,,,,,,,,,,,,,,,,,,,,,,,,,,,,,,,,,,,,,,,,,,,,,,,,,,,,,,,,,,,,,,,,,,,,,,,,,,,,,,,,,,,,,,,,,,,,,,,,,,,,,,,,,,Human Health Hazards#Repeated Dose Toxicity,Repeated Dose Toxicity HESS,NOEL,,False,No qualifier,Equal,,,,2003,,,,OECD TG 422,,,Rat,Other Findings,,,,,,,,,,,,,,,,,,,,,,SD,Oral (Gavage),,,,,,Male,Main,"National Institute of Health Sciences, Japan",Lung,ReproTox,Food and Drug Safety Center,Histopathological findings,1000,mg/kg bdwt/d,Administered dose(mass),100,mg/kg bdwt/d,Administered dose(mass),77.2,None,0,d,Time,,,,,,,,,,,,,,,,,,,,,,,,,,,,,,,,,,,,,,,,,,,,,,,,,,,,,,,,,,,,,,,,,,,,,,,,,,,,,,,,,,,,,,,,,,,,,,,,,,,,,,,,,,,,,,,,,,,,,,,,,,,,,,,,,,,,,,,,,,,,,,,,,,,,,,,,,,,,,,,,,42,d,Time,1000,,mg/kg bdwt/d,Administered dose(mass),1000,,mg/kg/d,Administered dose(mass)
103-24-2,"bis(2-ethylhexyl) azelate;1,9-bis(2-ethylhexyl) nonanedioate;Azelaic acid, bis(2-ethylhexyl) ester;bis(2-ethylhexyl) azelate;Bis(2-ethylhexyl) nonanedioate;bis(2-ethylhexyl) nonanedioate (nonanedioic acid, bis(2-ethylhexyl) ester);Di-2-ethylhexyl azelate;dioctyl azelate;Nonanedioic acid, 1,9-bis(2-ethylhexyl) ester;Nonanedioic acid, bis(2-ethylhexyl) ester",,,,,,,,,,,,,,,,,,,,,,,,,,,,,,,,,,,,,,,,,,,,,,,,,,,,,,,,,,,,,,,,,,,,,,,,,,,,,,,,,,,,,,,,,,,,,,,,,,,,,,,,,,,,,,,,,,,,,,,,,,,,,,,,Human Health Hazards#Repeated Dose Toxicity,Repeated Dose Toxicity HESS,NOEL,,False,No qualifier,Equal,,,,2003,,,,OECD TG 422,,,Rat,,,,,,,,,,,,,,,,,,,,,,,SD,Oral (Gavage),,,,,,Male,Main,"National Institute of Health Sciences, Japan",Lung,ReproTox,Food and Drug Safety Center,Necropsy,1000,mg/kg bdwt/d,Administered dose(mass),100,mg/kg bdwt/d,Administered dose(mass),77.2,None,0,d,Time,,,,,,,,,,,,,,,,,,,,,,,,,,,,,,,,,,,,,,,,,,,,,,,,,,,,,,,,,,,,,,,,,,,,,,,,,,,,,,,,,,,,,,,,,,,,,,,,,,,,,,,,,,,,,,,,,,,,,,,,,,,,,,,,,,,,,,,,,,,,,,,,,,,,,,,,,,,,,,,,,42,d,Time,1000,,mg/kg bdwt/d,Administered dose(mass),1000,,mg/kg/d,Administered dose(mass)
103-24-2,"bis(2-ethylhexyl) azelate;1,9-bis(2-ethylhexyl) nonanedioate;Azelaic acid, bis(2-ethylhexyl) ester;bis(2-ethylhexyl) azelate;Bis(2-ethylhexyl) nonanedioate;bis(2-ethylhexyl) nonanedioate (nonanedioic acid, bis(2-ethylhexyl) ester);Di-2-ethylhexyl azelate;dioctyl azelate;Nonanedioic acid, 1,9-bis(2-ethylhexyl) ester;Nonanedioic acid, bis(2-ethylhexyl) ester",,,,,,,,,,,,,,,,,,,,,,,,,,,,,,,,,,,,,,,,,,,,,,,,,,,,,,,,,,,,,,,,,,,,,,,,,,,,,,,,,,,,,,,,,,,,,,,,,,,,,,,,,,,,,,,,,,,,,,,,,,,,,,,,Human Health Hazards#Repeated Dose Toxicity,Repeated Dose Toxicity HESS,NOEL,,False,No qualifier,Equal,,,,2003,,,,OECD TG 422,,,Rat,,,,,,,,,,,,,,,,,,,,,,,SD,Oral (Gavage),,,,,,Male,Main,"National Institute of Health Sciences, Japan",Lymph node,ReproTox,Food and Drug Safety Center,Histopathological findings,1000,mg/kg bdwt/d,Administered dose(mass),100,mg/kg bdwt/d,Administered dose(mass),77.2,None,0,d,Time,,,,,,,,,,,,,,,,,,,,,,,,,,,,,,,,,,,,,,,,,,,,,,,,,,,,,,,,,,,,,,,,,,,,,,,,,,,,,,,,,,,,,,,,,,,,,,,,,,,,,,,,,,,,,,,,,,,,,,,,,,,,,,,,,,,,,,,,,,,,,,,,,,,,,,,,,,,,,,,,,42,d,Time,1000,,mg/kg bdwt/d,Administered dose(mass),1000,,mg/kg/d,Administered dose(mass)
103-24-2,"bis(2-ethylhexyl) azelate;1,9-bis(2-ethylhexyl) nonanedioate;Azelaic acid, bis(2-ethylhexyl) ester;bis(2-ethylhexyl) azelate;Bis(2-ethylhexyl) nonanedioate;bis(2-ethylhexyl) nonanedioate (nonanedioic acid, bis(2-ethylhexyl) ester);Di-2-ethylhexyl azelate;dioctyl azelate;Nonanedioic acid, 1,9-bis(2-ethylhexyl) ester;Nonanedioic acid, bis(2-ethylhexyl) ester",,,,,,,,,,,,,,,,,,,,,,,,,,,,,,,,,,,,,,,,,,,,,,,,,,,,,,,,,,,,,,,,,,,,,,,,,,,,,,,,,,,,,,,,,,,,,,,,,,,,,,,,,,,,,,,,,,,,,,,,,,,,,,,,Human Health Hazards#Repeated Dose Toxicity,Repeated Dose Toxicity HESS,NOEL,,False,No qualifier,Equal,,,,2003,,,,OECD TG 422,,,Rat,,,,,,,,,,,,,,,,,,,,,,,SD,Oral (Gavage),,,,,,Male,Main,"National Institute of Health Sciences, Japan",Lymph node,ReproTox,Food and Drug Safety Center,Necropsy,1000,mg/kg bdwt/d,Administered dose(mass),100,mg/kg bdwt/d,Administered dose(mass),77.2,None,0,d,Time,,,,,,,,,,,,,,,,,,,,,,,,,,,,,,,,,,,,,,,,,,,,,,,,,,,,,,,,,,,,,,,,,,,,,,,,,,,,,,,,,,,,,,,,,,,,,,,,,,,,,,,,,,,,,,,,,,,,,,,,,,,,,,,,,,,,,,,,,,,,,,,,,,,,,,,,,,,,,,,,,42,d,Time,1000,,mg/kg bdwt/d,Administered dose(mass),1000,,mg/kg/d,Administered dose(mass)
103-24-2,"bis(2-ethylhexyl) azelate;1,9-bis(2-ethylhexyl) nonanedioate;Azelaic acid, bis(2-ethylhexyl) ester;bis(2-ethylhexyl) azelate;Bis(2-ethylhexyl) nonanedioate;bis(2-ethylhexyl) nonanedioate (nonanedioic acid, bis(2-ethylhexyl) ester);Di-2-ethylhexyl azelate;dioctyl azelate;Nonanedioic acid, 1,9-bis(2-ethylhexyl) ester;Nonanedioic acid, bis(2-ethylhexyl) ester",,,,,,,,,,,,,,,,,,,,,,,,,,,,,,,,,,,,,,,,,,,,,,,,,,,,,,,,,,,,,,,,,,,,,,,,,,,,,,,,,,,,,,,,,,,,,,,,,,,,,,,,,,,,,,,,,,,,,,,,,,,,,,,,Human Health Hazards#Repeated Dose Toxicity,Repeated Dose Toxicity HESS,NOEL,,False,No qualifier,Equal,,,,2003,,,,OECD TG 422,,,Rat,,,,,,,,,,,,,,,,,,,,,,,SD,Oral (Gavage),,,,,,Male,Main,"National Institute of Health Sciences, Japan",Other organs,ReproTox,Food and Drug Safety Center,Necropsy,1000,mg/kg bdwt/d,Administered dose(mass),100,mg/kg bdwt/d,Administered dose(mass),77.2,None,0,d,Time,,,,,,,,,,,,,,,,,,,,,,,,,,,,,,,,,,,,,,,,,,,,,,,,,,,,,,,,,,,,,,,,,,,,,,,,,,,,,,,,,,,,,,,,,,,,,,,,,,,,,,,,,,,,,,,,,,,,,,,,,,,,,,,,,,,,,,,,,,,,,,,,,,,,,,,,,,,,,,,,,42,d,Time,1000,,mg/kg bdwt/d,Administered dose(mass),1000,,mg/kg/d,Administered dose(mass)
103-24-2,"bis(2-ethylhexyl) azelate;1,9-bis(2-ethylhexyl) nonanedioate;Azelaic acid, bis(2-ethylhexyl) ester;bis(2-ethylhexyl) azelate;Bis(2-ethylhexyl) nonanedioate;bis(2-ethylhexyl) nonanedioate (nonanedioic acid, bis(2-ethylhexyl) ester);Di-2-ethylhexyl azelate;dioctyl azelate;Nonanedioic acid, 1,9-bis(2-ethylhexyl) ester;Nonanedioic acid, bis(2-ethylhexyl) ester",,,,,,,,,,,,,,,,,,,,,,,,,,,,,,,,,,,,,,,,,,,,,,,,,,,,,,,,,,,,,,,,,,,,,,,,,,,,,,,,,,,,,,,,,,,,,,,,,,,,,,,,,,,,,,,,,,,,,,,,,,,,,,,,Human Health Hazards#Repeated Dose Toxicity,Repeated Dose Toxicity HESS,NOEL,,False,No qualifier,Equal,,,,2003,,,,OECD TG 422,,,Rat,,,,,,,,,,,,,,,,,,,,,,,SD,Oral (Gavage),,,,,,Male,Main,"National Institute of Health Sciences, Japan",Pancreas,ReproTox,Food and Drug Safety Center,Necropsy,1000,mg/kg bdwt/d,Administered dose(mass),100,mg/kg bdwt/d,Administered dose(mass),77.2,None,0,d,Time,,,,,,,,,,,,,,,,,,,,,,,,,,,,,,,,,,,,,,,,,,,,,,,,,,,,,,,,,,,,,,,,,,,,,,,,,,,,,,,,,,,,,,,,,,,,,,,,,,,,,,,,,,,,,,,,,,,,,,,,,,,,,,,,,,,,,,,,,,,,,,,,,,,,,,,,,,,,,,,,,42,d,Time,1000,,mg/kg bdwt/d,Administered dose(mass),1000,,mg/kg/d,Administered dose(mass)
103-24-2,"bis(2-ethylhexyl) azelate;1,9-bis(2-ethylhexyl) nonanedioate;Azelaic acid, bis(2-ethylhexyl) ester;bis(2-ethylhexyl) azelate;Bis(2-ethylhexyl) nonanedioate;bis(2-ethylhexyl) nonanedioate (nonanedioic acid, bis(2-ethylhexyl) ester);Di-2-ethylhexyl azelate;dioctyl azelate;Nonanedioic acid, 1,9-bis(2-ethylhexyl) ester;Nonanedioic acid, bis(2-ethylhexyl) ester",,,,,,,,,,,,,,,,,,,,,,,,,,,,,,,,,,,,,,,,,,,,,,,,,,,,,,,,,,,,,,,,,,,,,,,,,,,,,,,,,,,,,,,,,,,,,,,,,,,,,,,,,,,,,,,,,,,,,,,,,,,,,,,,Human Health Hazards#Repeated Dose Toxicity,Repeated Dose Toxicity HESS,NOEL,,False,No qualifier,Equal,,,,2003,,,,OECD TG 422,,,Rat,Atrophy (Necropsy),,,,,,,,,,,,,,,,,,,,,,SD,Oral (Gavage),,,,,,Male,Main,"National Institute of Health Sciences, Japan",Pituitary,ReproTox,Food and Drug Safety Center,Necropsy,1000,mg/kg bdwt/d,Administered dose(mass),100,mg/kg bdwt/d,Administered dose(mass),77.2,None,0,d,Time,,,,,,,,,,,,,,,,,,,,,,,,,,,,,,,,,,,,,,,,,,,,,,,,,,,,,,,,,,,,,,,,,,,,,,,,,,,,,,,,,,,,,,,,,,,,,,,,,,,,,,,,,,,,,,,,,,,,,,,,,,,,,,,,,,,,,,,,,,,,,,,,,,,,,,,,,,,,,,,,,42,d,Time,1000,,mg/kg bdwt/d,Administered dose(mass),1000,,mg/kg/d,Administered dose(mass)
103-24-2,"bis(2-ethylhexyl) azelate;1,9-bis(2-ethylhexyl) nonanedioate;Azelaic acid, bis(2-ethylhexyl) ester;bis(2-ethylhexyl) azelate;Bis(2-ethylhexyl) nonanedioate;bis(2-ethylhexyl) nonanedioate (nonanedioic acid, bis(2-ethylhexyl) ester);Di-2-ethylhexyl azelate;dioctyl azelate;Nonanedioic acid, 1,9-bis(2-ethylhexyl) ester;Nonanedioic acid, bis(2-ethylhexyl) ester",,,,,,,,,,,,,,,,,,,,,,,,,,,,,,,,,,,,,,,,,,,,,,,,,,,,,,,,,,,,,,,,,,,,,,,,,,,,,,,,,,,,,,,,,,,,,,,,,,,,,,,,,,,,,,,,,,,,,,,,,,,,,,,,Human Health Hazards#Repeated Dose Toxicity,Repeated Dose Toxicity HESS,NOEL,,False,No qualifier,Equal,,,,2003,,,,OECD TG 422,,,Rat,Enlarged (Necropsy),,,,,,,,,,,,,,,,,,,,,,SD,Oral (Gavage),,,,,,Male,Main,"National Institute of Health Sciences, Japan",Pituitary,ReproTox,Food and Drug Safety Center,Necropsy,1000,mg/kg bdwt/d,Administered dose(mass),100,mg/kg bdwt/d,Administered dose(mass),77.2,None,0,d,Time,,,,,,,,,,,,,,,,,,,,,,,,,,,,,,,,,,,,,,,,,,,,,,,,,,,,,,,,,,,,,,,,,,,,,,,,,,,,,,,,,,,,,,,,,,,,,,,,,,,,,,,,,,,,,,,,,,,,,,,,,,,,,,,,,,,,,,,,,,,,,,,,,,,,,,,,,,,,,,,,,42,d,Time,1000,,mg/kg bdwt/d,Administered dose(mass),1000,,mg/kg/d,Administered dose(mass)
103-24-2,"bis(2-ethylhexyl) azelate;1,9-bis(2-ethylhexyl) nonanedioate;Azelaic acid, bis(2-ethylhexyl) ester;bis(2-ethylhexyl) azelate;Bis(2-ethylhexyl) nonanedioate;bis(2-ethylhexyl) nonanedioate (nonanedioic acid, bis(2-ethylhexyl) ester);Di-2-ethylhexyl azelate;dioctyl azelate;Nonanedioic acid, 1,9-bis(2-ethylhexyl) ester;Nonanedioic acid, bis(2-ethylhexyl) ester",,,,,,,,,,,,,,,,,,,,,,,,,,,,,,,,,,,,,,,,,,,,,,,,,,,,,,,,,,,,,,,,,,,,,,,,,,,,,,,,,,,,,,,,,,,,,,,,,,,,,,,,,,,,,,,,,,,,,,,,,,,,,,,,Human Health Hazards#Repeated Dose Toxicity,Repeated Dose Toxicity HESS,NOEL,,False,No qualifier,Equal,,,,2003,,,,OECD TG 422,,,Rat,Hyperplasia/hypertrophy,,,,,,,,,,,,,,,,,,,,,,SD,Oral (Gavage),,,,,,Male,Main,"National Institute of Health Sciences, Japan",Pituitary,ReproTox,Food and Drug Safety Center,Histopathological findings,1000,mg/kg bdwt/d,Administered dose(mass),100,mg/kg bdwt/d,Administered dose(mass),77.2,None,0,d,Time,,,,,,,,,,,,,,,,,,,,,,,,,,,,,,,,,,,,,,,,,,,,,,,,,,,,,,,,,,,,,,,,,,,,,,,,,,,,,,,,,,,,,,,,,,,,,,,,,,,,,,,,,,,,,,,,,,,,,,,,,,,,,,,,,,,,,,,,,,,,,,,,,,,,,,,,,,,,,,,,,42,d,Time,1000,,mg/kg bdwt/d,Administered dose(mass),1000,,mg/kg/d,Administered dose(mass)
103-24-2,"bis(2-ethylhexyl) azelate;1,9-bis(2-ethylhexyl) nonanedioate;Azelaic acid, bis(2-ethylhexyl) ester;bis(2-ethylhexyl) azelate;Bis(2-ethylhexyl) nonanedioate;bis(2-ethylhexyl) nonanedioate (nonanedioic acid, bis(2-ethylhexyl) ester);Di-2-ethylhexyl azelate;dioctyl azelate;Nonanedioic acid, 1,9-bis(2-ethylhexyl) ester;Nonanedioic acid, bis(2-ethylhexyl) ester",,,,,,,,,,,,,,,,,,,,,,,,,,,,,,,,,,,,,,,,,,,,,,,,,,,,,,,,,,,,,,,,,,,,,,,,,,,,,,,,,,,,,,,,,,,,,,,,,,,,,,,,,,,,,,,,,,,,,,,,,,,,,,,,Human Health Hazards#Repeated Dose Toxicity,Repeated Dose Toxicity HESS,NOEL,,False,No qualifier,Equal,,,,2003,,,,OECD TG 422,,,Rat,Other Findings,,,,,,,,,,,,,,,,,,,,,,SD,Oral (Gavage),,,,,,Male,Main,"National Institute of Health Sciences, Japan",Pituitary,ReproTox,Food and Drug Safety Center,Histopathological findings,1000,mg/kg bdwt/d,Administered dose(mass),100,mg/kg bdwt/d,Administered dose(mass),77.2,None,0,d,Time,,,,,,,,,,,,,,,,,,,,,,,,,,,,,,,,,,,,,,,,,,,,,,,,,,,,,,,,,,,,,,,,,,,,,,,,,,,,,,,,,,,,,,,,,,,,,,,,,,,,,,,,,,,,,,,,,,,,,,,,,,,,,,,,,,,,,,,,,,,,,,,,,,,,,,,,,,,,,,,,,42,d,Time,1000,,mg/kg bdwt/d,Administered dose(mass),1000,,mg/kg/d,Administered dose(mass)
103-24-2,"bis(2-ethylhexyl) azelate;1,9-bis(2-ethylhexyl) nonanedioate;Azelaic acid, bis(2-ethylhexyl) ester;bis(2-ethylhexyl) azelate;Bis(2-ethylhexyl) nonanedioate;bis(2-ethylhexyl) nonanedioate (nonanedioic acid, bis(2-ethylhexyl) ester);Di-2-ethylhexyl azelate;dioctyl azelate;Nonanedioic acid, 1,9-bis(2-ethylhexyl) ester;Nonanedioic acid, bis(2-ethylhexyl) ester",,,,,,,,,,,,,,,,,,,,,,,,,,,,,,,,,,,,,,,,,,,,,,,,,,,,,,,,,,,,,,,,,,,,,,,,,,,,,,,,,,,,,,,,,,,,,,,,,,,,,,,,,,,,,,,,,,,,,,,,,,,,,,,,Human Health Hazards#Repeated Dose Toxicity,Repeated Dose Toxicity HESS,NOEL,,False,No qualifier,Equal,,,,2003,,,,OECD TG 422,,,Rat,Other Findings,,,,,,,,,,,,,,,,,,,,,,SD,Oral (Gavage),,,,,,Male,Main,"National Institute of Health Sciences, Japan",Pituitary,ReproTox,Food and Drug Safety Center,Necropsy,1000,mg/kg bdwt/d,Administered dose(mass),100,mg/kg bdwt/d,Administered dose(mass),77.2,None,0,d,Time,,,,,,,,,,,,,,,,,,,,,,,,,,,,,,,,,,,,,,,,,,,,,,,,,,,,,,,,,,,,,,,,,,,,,,,,,,,,,,,,,,,,,,,,,,,,,,,,,,,,,,,,,,,,,,,,,,,,,,,,,,,,,,,,,,,,,,,,,,,,,,,,,,,,,,,,,,,,,,,,,42,d,Time,1000,,mg/kg bdwt/d,Administered dose(mass),1000,,mg/kg/d,Administered dose(mass)
103-24-2,"bis(2-ethylhexyl) azelate;1,9-bis(2-ethylhexyl) nonanedioate;Azelaic acid, bis(2-ethylhexyl) ester;bis(2-ethylhexyl) azelate;Bis(2-ethylhexyl) nonanedioate;bis(2-ethylhexyl) nonanedioate (nonanedioic acid, bis(2-ethylhexyl) ester);Di-2-ethylhexyl azelate;dioctyl azelate;Nonanedioic acid, 1,9-bis(2-ethylhexyl) ester;Nonanedioic acid, bis(2-ethylhexyl) ester",,,,,,,,,,,,,,,,,,,,,,,,,,,,,,,,,,,,,,,,,,,,,,,,,,,,,,,,,,,,,,,,,,,,,,,,,,,,,,,,,,,,,,,,,,,,,,,,,,,,,,,,,,,,,,,,,,,,,,,,,,,,,,,,Human Health Hazards#Repeated Dose Toxicity,Repeated Dose Toxicity HESS,NOEL,,False,No qualifier,Equal,,,,2003,,,,OECD TG 422,,,Rat,,,,,,,,,,,,,,,,,,,,,,,SD,Oral (Gavage),,,,,,Male,Main,"National Institute of Health Sciences, Japan",Prostate,ReproTox,Food and Drug Safety Center,Necropsy,1000,mg/kg bdwt/d,Administered dose(mass),100,mg/kg bdwt/d,Administered dose(mass),77.2,None,0,d,Time,,,,,,,,,,,,,,,,,,,,,,,,,,,,,,,,,,,,,,,,,,,,,,,,,,,,,,,,,,,,,,,,,,,,,,,,,,,,,,,,,,,,,,,,,,,,,,,,,,,,,,,,,,,,,,,,,,,,,,,,,,,,,,,,,,,,,,,,,,,,,,,,,,,,,,,,,,,,,,,,,42,d,Time,1000,,mg/kg bdwt/d,Administered dose(mass),1000,,mg/kg/d,Administered dose(mass)
103-24-2,"bis(2-ethylhexyl) azelate;1,9-bis(2-ethylhexyl) nonanedioate;Azelaic acid, bis(2-ethylhexyl) ester;bis(2-ethylhexyl) azelate;Bis(2-ethylhexyl) nonanedioate;bis(2-ethylhexyl) nonanedioate (nonanedioic acid, bis(2-ethylhexyl) ester);Di-2-ethylhexyl azelate;dioctyl azelate;Nonanedioic acid, 1,9-bis(2-ethylhexyl) ester;Nonanedioic acid, bis(2-ethylhexyl) ester",,,,,,,,,,,,,,,,,,,,,,,,,,,,,,,,,,,,,,,,,,,,,,,,,,,,,,,,,,,,,,,,,,,,,,,,,,,,,,,,,,,,,,,,,,,,,,,,,,,,,,,,,,,,,,,,,,,,,,,,,,,,,,,,Human Health Hazards#Repeated Dose Toxicity,Repeated Dose Toxicity HESS,NOEL,,False,No qualifier,Equal,,,,2003,,,,OECD TG 422,,,Rat,,,,,,,,,,,,,,,,,,,,,,,SD,Oral (Gavage),,,,,,Male,Main,"National Institute of Health Sciences, Japan",Salivary gland,ReproTox,Food and Drug Safety Center,Necropsy,1000,mg/kg bdwt/d,Administered dose(mass),100,mg/kg bdwt/d,Administered dose(mass),77.2,None,0,d,Time,,,,,,,,,,,,,,,,,,,,,,,,,,,,,,,,,,,,,,,,,,,,,,,,,,,,,,,,,,,,,,,,,,,,,,,,,,,,,,,,,,,,,,,,,,,,,,,,,,,,,,,,,,,,,,,,,,,,,,,,,,,,,,,,,,,,,,,,,,,,,,,,,,,,,,,,,,,,,,,,,42,d,Time,1000,,mg/kg bdwt/d,Administered dose(mass),1000,,mg/kg/d,Administered dose(mass)
103-24-2,"bis(2-ethylhexyl) azelate;1,9-bis(2-ethylhexyl) nonanedioate;Azelaic acid, bis(2-ethylhexyl) ester;bis(2-ethylhexyl) azelate;Bis(2-ethylhexyl) nonanedioate;bis(2-ethylhexyl) nonanedioate (nonanedioic acid, bis(2-ethylhexyl) ester);Di-2-ethylhexyl azelate;dioctyl azelate;Nonanedioic acid, 1,9-bis(2-ethylhexyl) ester;Nonanedioic acid, bis(2-ethylhexyl) ester",,,,,,,,,,,,,,,,,,,,,,,,,,,,,,,,,,,,,,,,,,,,,,,,,,,,,,,,,,,,,,,,,,,,,,,,,,,,,,,,,,,,,,,,,,,,,,,,,,,,,,,,,,,,,,,,,,,,,,,,,,,,,,,,Human Health Hazards#Repeated Dose Toxicity,Repeated Dose Toxicity HESS,NOEL,,False,No qualifier,Equal,,,,2003,,,,OECD TG 422,,,Rat,Degeneration Nerve Fiber,,,,,,,,,,,,,,,,,,,,,,SD,Oral (Gavage),,,,,,Male,Main,"National Institute of Health Sciences, Japan",Sciatic nerve,ReproTox,Food and Drug Safety Center,Histopathological findings,1000,mg/kg bdwt/d,Administered dose(mass),100,mg/kg bdwt/d,Administered dose(mass),77.2,None,0,d,Time,,,,,,,,,,,,,,,,,,,,,,,,,,,,,,,,,,,,,,,,,,,,,,,,,,,,,,,,,,,,,,,,,,,,,,,,,,,,,,,,,,,,,,,,,,,,,,,,,,,,,,,,,,,,,,,,,,,,,,,,,,,,,,,,,,,,,,,,,,,,,,,,,,,,,,,,,,,,,,,,,42,d,Time,1000,,mg/kg bdwt/d,Administered dose(mass),1000,,mg/kg/d,Administered dose(mass)
103-24-2,"bis(2-ethylhexyl) azelate;1,9-bis(2-ethylhexyl) nonanedioate;Azelaic acid, bis(2-ethylhexyl) ester;bis(2-ethylhexyl) azelate;Bis(2-ethylhexyl) nonanedioate;bis(2-ethylhexyl) nonanedioate (nonanedioic acid, bis(2-ethylhexyl) ester);Di-2-ethylhexyl azelate;dioctyl azelate;Nonanedioic acid, 1,9-bis(2-ethylhexyl) ester;Nonanedioic acid, bis(2-ethylhexyl) ester",,,,,,,,,,,,,,,,,,,,,,,,,,,,,,,,,,,,,,,,,,,,,,,,,,,,,,,,,,,,,,,,,,,,,,,,,,,,,,,,,,,,,,,,,,,,,,,,,,,,,,,,,,,,,,,,,,,,,,,,,,,,,,,,Human Health Hazards#Repeated Dose Toxicity,Repeated Dose Toxicity HESS,NOEL,,False,No qualifier,Equal,,,,2003,,,,OECD TG 422,,,Rat,Other Findings,,,,,,,,,,,,,,,,,,,,,,SD,Oral (Gavage),,,,,,Male,Main,"National Institute of Health Sciences, Japan",Sciatic nerve,ReproTox,Food and Drug Safety Center,Histopathological findings,1000,mg/kg bdwt/d,Administered dose(mass),100,mg/kg bdwt/d,Administered dose(mass),77.2,None,0,d,Time,,,,,,,,,,,,,,,,,,,,,,,,,,,,,,,,,,,,,,,,,,,,,,,,,,,,,,,,,,,,,,,,,,,,,,,,,,,,,,,,,,,,,,,,,,,,,,,,,,,,,,,,,,,,,,,,,,,,,,,,,,,,,,,,,,,,,,,,,,,,,,,,,,,,,,,,,,,,,,,,,42,d,Time,1000,,mg/kg bdwt/d,Administered dose(mass),1000,,mg/kg/d,Administered dose(mass)
103-24-2,"bis(2-ethylhexyl) azelate;1,9-bis(2-ethylhexyl) nonanedioate;Azelaic acid, bis(2-ethylhexyl) ester;bis(2-ethylhexyl) azelate;Bis(2-ethylhexyl) nonanedioate;bis(2-ethylhexyl) nonanedioate (nonanedioic acid, bis(2-ethylhexyl) ester);Di-2-ethylhexyl azelate;dioctyl azelate;Nonanedioic acid, 1,9-bis(2-ethylhexyl) ester;Nonanedioic acid, bis(2-ethylhexyl) ester",,,,,,,,,,,,,,,,,,,,,,,,,,,,,,,,,,,,,,,,,,,,,,,,,,,,,,,,,,,,,,,,,,,,,,,,,,,,,,,,,,,,,,,,,,,,,,,,,,,,,,,,,,,,,,,,,,,,,,,,,,,,,,,,Human Health Hazards#Repeated Dose Toxicity,Repeated Dose Toxicity HESS,NOEL,,False,No qualifier,Equal,,,,2003,,,,OECD TG 422,,,Rat,,,,,,,,,,,,,,,,,,,,,,,SD,Oral (Gavage),,,,,,Male,Main,"National Institute of Health Sciences, Japan",Sciatic nerve,ReproTox,Food and Drug Safety Center,Necropsy,1000,mg/kg bdwt/d,Administered dose(mass),100,mg/kg bdwt/d,Administered dose(mass),77.2,None,0,d,Time,,,,,,,,,,,,,,,,,,,,,,,,,,,,,,,,,,,,,,,,,,,,,,,,,,,,,,,,,,,,,,,,,,,,,,,,,,,,,,,,,,,,,,,,,,,,,,,,,,,,,,,,,,,,,,,,,,,,,,,,,,,,,,,,,,,,,,,,,,,,,,,,,,,,,,,,,,,,,,,,,42,d,Time,1000,,mg/kg bdwt/d,Administered dose(mass),1000,,mg/kg/d,Administered dose(mass)
103-24-2,"bis(2-ethylhexyl) azelate;1,9-bis(2-ethylhexyl) nonanedioate;Azelaic acid, bis(2-ethylhexyl) ester;bis(2-ethylhexyl) azelate;Bis(2-ethylhexyl) nonanedioate;bis(2-ethylhexyl) nonanedioate (nonanedioic acid, bis(2-ethylhexyl) ester);Di-2-ethylhexyl azelate;dioctyl azelate;Nonanedioic acid, 1,9-bis(2-ethylhexyl) ester;Nonanedioic acid, bis(2-ethylhexyl) ester",,,,,,,,,,,,,,,,,,,,,,,,,,,,,,,,,,,,,,,,,,,,,,,,,,,,,,,,,,,,,,,,,,,,,,,,,,,,,,,,,,,,,,,,,,,,,,,,,,,,,,,,,,,,,,,,,,,,,,,,,,,,,,,,Human Health Hazards#Repeated Dose Toxicity,Repeated Dose Toxicity HESS,NOEL,,False,No qualifier,Equal,,,,2003,,,,OECD TG 422,,,Rat,,,,,,,,,,,,,,,,,,,,,,,SD,Oral (Gavage),,,,,,Male,Main,"National Institute of Health Sciences, Japan",Small intestine (Duodenum),ReproTox,Food and Drug Safety Center,Histopathological findings,1000,mg/kg bdwt/d,Administered dose(mass),100,mg/kg bdwt/d,Administered dose(mass),77.2,None,0,d,Time,,,,,,,,,,,,,,,,,,,,,,,,,,,,,,,,,,,,,,,,,,,,,,,,,,,,,,,,,,,,,,,,,,,,,,,,,,,,,,,,,,,,,,,,,,,,,,,,,,,,,,,,,,,,,,,,,,,,,,,,,,,,,,,,,,,,,,,,,,,,,,,,,,,,,,,,,,,,,,,,,42,d,Time,1000,,mg/kg bdwt/d,Administered dose(mass),1000,,mg/kg/d,Administered dose(mass)
103-24-2,"bis(2-ethylhexyl) azelate;1,9-bis(2-ethylhexyl) nonanedioate;Azelaic acid, bis(2-ethylhexyl) ester;bis(2-ethylhexyl) azelate;Bis(2-ethylhexyl) nonanedioate;bis(2-ethylhexyl) nonanedioate (nonanedioic acid, bis(2-ethylhexyl) ester);Di-2-ethylhexyl azelate;dioctyl azelate;Nonanedioic acid, 1,9-bis(2-ethylhexyl) ester;Nonanedioic acid, bis(2-ethylhexyl) ester",,,,,,,,,,,,,,,,,,,,,,,,,,,,,,,,,,,,,,,,,,,,,,,,,,,,,,,,,,,,,,,,,,,,,,,,,,,,,,,,,,,,,,,,,,,,,,,,,,,,,,,,,,,,,,,,,,,,,,,,,,,,,,,,Human Health Hazards#Repeated Dose Toxicity,Repeated Dose Toxicity HESS,NOEL,,False,No qualifier,Equal,,,,2003,,,,OECD TG 422,,,Rat,,,,,,,,,,,,,,,,,,,,,,,SD,Oral (Gavage),,,,,,Male,Main,"National Institute of Health Sciences, Japan",Small intestine (Duodenum),ReproTox,Food and Drug Safety Center,Necropsy,1000,mg/kg bdwt/d,Administered dose(mass),100,mg/kg bdwt/d,Administered dose(mass),77.2,None,0,d,Time,,,,,,,,,,,,,,,,,,,,,,,,,,,,,,,,,,,,,,,,,,,,,,,,,,,,,,,,,,,,,,,,,,,,,,,,,,,,,,,,,,,,,,,,,,,,,,,,,,,,,,,,,,,,,,,,,,,,,,,,,,,,,,,,,,,,,,,,,,,,,,,,,,,,,,,,,,,,,,,,,42,d,Time,1000,,mg/kg bdwt/d,Administered dose(mass),1000,,mg/kg/d,Administered dose(mass)
103-24-2,"bis(2-ethylhexyl) azelate;1,9-bis(2-ethylhexyl) nonanedioate;Azelaic acid, bis(2-ethylhexyl) ester;bis(2-ethylhexyl) azelate;Bis(2-ethylhexyl) nonanedioate;bis(2-ethylhexyl) nonanedioate (nonanedioic acid, bis(2-ethylhexyl) ester);Di-2-ethylhexyl azelate;dioctyl azelate;Nonanedioic acid, 1,9-bis(2-ethylhexyl) ester;Nonanedioic acid, bis(2-ethylhexyl) ester",,,,,,,,,,,,,,,,,,,,,,,,,,,,,,,,,,,,,,,,,,,,,,,,,,,,,,,,,,,,,,,,,,,,,,,,,,,,,,,,,,,,,,,,,,,,,,,,,,,,,,,,,,,,,,,,,,,,,,,,,,,,,,,,Human Health Hazards#Repeated Dose Toxicity,Repeated Dose Toxicity HESS,NOEL,,False,No qualifier,Equal,,,,2003,,,,OECD TG 422,,,Rat,,,,,,,,,,,,,,,,,,,,,,,SD,Oral (Gavage),,,,,,Male,Main,"National Institute of Health Sciences, Japan",Small intestine (Ileum),ReproTox,Food and Drug Safety Center,Histopathological findings,1000,mg/kg bdwt/d,Administered dose(mass),100,mg/kg bdwt/d,Administered dose(mass),77.2,None,0,d,Time,,,,,,,,,,,,,,,,,,,,,,,,,,,,,,,,,,,,,,,,,,,,,,,,,,,,,,,,,,,,,,,,,,,,,,,,,,,,,,,,,,,,,,,,,,,,,,,,,,,,,,,,,,,,,,,,,,,,,,,,,,,,,,,,,,,,,,,,,,,,,,,,,,,,,,,,,,,,,,,,,42,d,Time,1000,,mg/kg bdwt/d,Administered dose(mass),1000,,mg/kg/d,Administered dose(mass)
103-24-2,"bis(2-ethylhexyl) azelate;1,9-bis(2-ethylhexyl) nonanedioate;Azelaic acid, bis(2-ethylhexyl) ester;bis(2-ethylhexyl) azelate;Bis(2-ethylhexyl) nonanedioate;bis(2-ethylhexyl) nonanedioate (nonanedioic acid, bis(2-ethylhexyl) ester);Di-2-ethylhexyl azelate;dioctyl azelate;Nonanedioic acid, 1,9-bis(2-ethylhexyl) ester;Nonanedioic acid, bis(2-ethylhexyl) ester",,,,,,,,,,,,,,,,,,,,,,,,,,,,,,,,,,,,,,,,,,,,,,,,,,,,,,,,,,,,,,,,,,,,,,,,,,,,,,,,,,,,,,,,,,,,,,,,,,,,,,,,,,,,,,,,,,,,,,,,,,,,,,,,Human Health Hazards#Repeated Dose Toxicity,Repeated Dose Toxicity HESS,NOEL,,False,No qualifier,Equal,,,,2003,,,,OECD TG 422,,,Rat,,,,,,,,,,,,,,,,,,,,,,,SD,Oral (Gavage),,,,,,Male,Main,"National Institute of Health Sciences, Japan",Small intestine (Ileum),ReproTox,Food and Drug Safety Center,Necropsy,1000,mg/kg bdwt/d,Administered dose(mass),100,mg/kg bdwt/d,Administered dose(mass),77.2,None,0,d,Time,,,,,,,,,,,,,,,,,,,,,,,,,,,,,,,,,,,,,,,,,,,,,,,,,,,,,,,,,,,,,,,,,,,,,,,,,,,,,,,,,,,,,,,,,,,,,,,,,,,,,,,,,,,,,,,,,,,,,,,,,,,,,,,,,,,,,,,,,,,,,,,,,,,,,,,,,,,,,,,,,42,d,Time,1000,,mg/kg bdwt/d,Administered dose(mass),1000,,mg/kg/d,Administered dose(mass)
103-24-2,"bis(2-ethylhexyl) azelate;1,9-bis(2-ethylhexyl) nonanedioate;Azelaic acid, bis(2-ethylhexyl) ester;bis(2-ethylhexyl) azelate;Bis(2-ethylhexyl) nonanedioate;bis(2-ethylhexyl) nonanedioate (nonanedioic acid, bis(2-ethylhexyl) ester);Di-2-ethylhexyl azelate;dioctyl azelate;Nonanedioic acid, 1,9-bis(2-ethylhexyl) ester;Nonanedioic acid, bis(2-ethylhexyl) ester",,,,,,,,,,,,,,,,,,,,,,,,,,,,,,,,,,,,,,,,,,,,,,,,,,,,,,,,,,,,,,,,,,,,,,,,,,,,,,,,,,,,,,,,,,,,,,,,,,,,,,,,,,,,,,,,,,,,,,,,,,,,,,,,Human Health Hazards#Repeated Dose Toxicity,Repeated Dose Toxicity HESS,NOEL,,False,No qualifier,Equal,,,,2003,,,,OECD TG 422,,,Rat,,,,,,,,,,,,,,,,,,,,,,,SD,Oral (Gavage),,,,,,Male,Main,"National Institute of Health Sciences, Japan",Small intestine (Jejunum),ReproTox,Food and Drug Safety Center,Histopathological findings,1000,mg/kg bdwt/d,Administered dose(mass),100,mg/kg bdwt/d,Administered dose(mass),77.2,None,0,d,Time,,,,,,,,,,,,,,,,,,,,,,,,,,,,,,,,,,,,,,,,,,,,,,,,,,,,,,,,,,,,,,,,,,,,,,,,,,,,,,,,,,,,,,,,,,,,,,,,,,,,,,,,,,,,,,,,,,,,,,,,,,,,,,,,,,,,,,,,,,,,,,,,,,,,,,,,,,,,,,,,,42,d,Time,1000,,mg/kg bdwt/d,Administered dose(mass),1000,,mg/kg/d,Administered dose(mass)
103-24-2,"bis(2-ethylhexyl) azelate;1,9-bis(2-ethylhexyl) nonanedioate;Azelaic acid, bis(2-ethylhexyl) ester;bis(2-ethylhexyl) azelate;Bis(2-ethylhexyl) nonanedioate;bis(2-ethylhexyl) nonanedioate (nonanedioic acid, bis(2-ethylhexyl) ester);Di-2-ethylhexyl azelate;dioctyl azelate;Nonanedioic acid, 1,9-bis(2-ethylhexyl) ester;Nonanedioic acid, bis(2-ethylhexyl) ester",,,,,,,,,,,,,,,,,,,,,,,,,,,,,,,,,,,,,,,,,,,,,,,,,,,,,,,,,,,,,,,,,,,,,,,,,,,,,,,,,,,,,,,,,,,,,,,,,,,,,,,,,,,,,,,,,,,,,,,,,,,,,,,,Human Health Hazards#Repeated Dose Toxicity,Repeated Dose Toxicity HESS,NOEL,,False,No qualifier,Equal,,,,2003,,,,OECD TG 422,,,Rat,,,,,,,,,,,,,,,,,,,,,,,SD,Oral (Gavage),,,,,,Male,Main,"National Institute of Health Sciences, Japan",Small intestine (Jejunum),ReproTox,Food and Drug Safety Center,Necropsy,1000,mg/kg bdwt/d,Administered dose(mass),100,mg/kg bdwt/d,Administered dose(mass),77.2,None,0,d,Time,,,,,,,,,,,,,,,,,,,,,,,,,,,,,,,,,,,,,,,,,,,,,,,,,,,,,,,,,,,,,,,,,,,,,,,,,,,,,,,,,,,,,,,,,,,,,,,,,,,,,,,,,,,,,,,,,,,,,,,,,,,,,,,,,,,,,,,,,,,,,,,,,,,,,,,,,,,,,,,,,42,d,Time,1000,,mg/kg bdwt/d,Administered dose(mass),1000,,mg/kg/d,Administered dose(mass)
103-24-2,"bis(2-ethylhexyl) azelate;1,9-bis(2-ethylhexyl) nonanedioate;Azelaic acid, bis(2-ethylhexyl) ester;bis(2-ethylhexyl) azelate;Bis(2-ethylhexyl) nonanedioate;bis(2-ethylhexyl) nonanedioate (nonanedioic acid, bis(2-ethylhexyl) ester);Di-2-ethylhexyl azelate;dioctyl azelate;Nonanedioic acid, 1,9-bis(2-ethylhexyl) ester;Nonanedioic acid, bis(2-ethylhexyl) ester",,,,,,,,,,,,,,,,,,,,,,,,,,,,,,,,,,,,,,,,,,,,,,,,,,,,,,,,,,,,,,,,,,,,,,,,,,,,,,,,,,,,,,,,,,,,,,,,,,,,,,,,,,,,,,,,,,,,,,,,,,,,,,,,Human Health Hazards#Repeated Dose Toxicity,Repeated Dose Toxicity HESS,NOEL,,False,No qualifier,Equal,,,,2003,,,,OECD TG 422,,,Rat,Degeneration Nerve Fiber,,,,,,,,,,,,,,,,,,,,,,SD,Oral (Gavage),,,,,,Male,Main,"National Institute of Health Sciences, Japan",Spinal Cord,ReproTox,Food and Drug Safety Center,Histopathological findings,1000,mg/kg bdwt/d,Administered dose(mass),100,mg/kg bdwt/d,Administered dose(mass),77.2,None,0,d,Time,,,,,,,,,,,,,,,,,,,,,,,,,,,,,,,,,,,,,,,,,,,,,,,,,,,,,,,,,,,,,,,,,,,,,,,,,,,,,,,,,,,,,,,,,,,,,,,,,,,,,,,,,,,,,,,,,,,,,,,,,,,,,,,,,,,,,,,,,,,,,,,,,,,,,,,,,,,,,,,,,42,d,Time,1000,,mg/kg bdwt/d,Administered dose(mass),1000,,mg/kg/d,Administered dose(mass)
103-24-2,"bis(2-ethylhexyl) azelate;1,9-bis(2-ethylhexyl) nonanedioate;Azelaic acid, bis(2-ethylhexyl) ester;bis(2-ethylhexyl) azelate;Bis(2-ethylhexyl) nonanedioate;bis(2-ethylhexyl) nonanedioate (nonanedioic acid, bis(2-ethylhexyl) ester);Di-2-ethylhexyl azelate;dioctyl azelate;Nonanedioic acid, 1,9-bis(2-ethylhexyl) ester;Nonanedioic acid, bis(2-ethylhexyl) ester",,,,,,,,,,,,,,,,,,,,,,,,,,,,,,,,,,,,,,,,,,,,,,,,,,,,,,,,,,,,,,,,,,,,,,,,,,,,,,,,,,,,,,,,,,,,,,,,,,,,,,,,,,,,,,,,,,,,,,,,,,,,,,,,Human Health Hazards#Repeated Dose Toxicity,Repeated Dose Toxicity HESS,NOEL,,False,No qualifier,Equal,,,,2003,,,,OECD TG 422,,,Rat,Other Findings,,,,,,,,,,,,,,,,,,,,,,SD,Oral (Gavage),,,,,,Male,Main,"National Institute of Health Sciences, Japan",Spinal Cord,ReproTox,Food and Drug Safety Center,Histopathological findings,1000,mg/kg bdwt/d,Administered dose(mass),100,mg/kg bdwt/d,Administered dose(mass),77.2,None,0,d,Time,,,,,,,,,,,,,,,,,,,,,,,,,,,,,,,,,,,,,,,,,,,,,,,,,,,,,,,,,,,,,,,,,,,,,,,,,,,,,,,,,,,,,,,,,,,,,,,,,,,,,,,,,,,,,,,,,,,,,,,,,,,,,,,,,,,,,,,,,,,,,,,,,,,,,,,,,,,,,,,,,42,d,Time,1000,,mg/kg bdwt/d,Administered dose(mass),1000,,mg/kg/d,Administered dose(mass)
103-24-2,"bis(2-ethylhexyl) azelate;1,9-bis(2-ethylhexyl) nonanedioate;Azelaic acid, bis(2-ethylhexyl) ester;bis(2-ethylhexyl) azelate;Bis(2-ethylhexyl) nonanedioate;bis(2-ethylhexyl) nonanedioate (nonanedioic acid, bis(2-ethylhexyl) ester);Di-2-ethylhexyl azelate;dioctyl azelate;Nonanedioic acid, 1,9-bis(2-ethylhexyl) ester;Nonanedioic acid, bis(2-ethylhexyl) ester",,,,,,,,,,,,,,,,,,,,,,,,,,,,,,,,,,,,,,,,,,,,,,,,,,,,,,,,,,,,,,,,,,,,,,,,,,,,,,,,,,,,,,,,,,,,,,,,,,,,,,,,,,,,,,,,,,,,,,,,,,,,,,,,Human Health Hazards#Repeated Dose Toxicity,Repeated Dose Toxicity HESS,NOEL,,False,No qualifier,Equal,,,,2003,,,,OECD TG 422,,,Rat,,,,,,,,,,,,,,,,,,,,,,,SD,Oral (Gavage),,,,,,Male,Main,"National Institute of Health Sciences, Japan",Spinal Cord,ReproTox,Food and Drug Safety Center,Necropsy,1000,mg/kg bdwt/d,Administered dose(mass),100,mg/kg bdwt/d,Administered dose(mass),77.2,None,0,d,Time,,,,,,,,,,,,,,,,,,,,,,,,,,,,,,,,,,,,,,,,,,,,,,,,,,,,,,,,,,,,,,,,,,,,,,,,,,,,,,,,,,,,,,,,,,,,,,,,,,,,,,,,,,,,,,,,,,,,,,,,,,,,,,,,,,,,,,,,,,,,,,,,,,,,,,,,,,,,,,,,,42,d,Time,1000,,mg/kg bdwt/d,Administered dose(mass),1000,,mg/kg/d,Administered dose(mass)
103-24-2,"bis(2-ethylhexyl) azelate;1,9-bis(2-ethylhexyl) nonanedioate;Azelaic acid, bis(2-ethylhexyl) ester;bis(2-ethylhexyl) azelate;Bis(2-ethylhexyl) nonanedioate;bis(2-ethylhexyl) nonanedioate (nonanedioic acid, bis(2-ethylhexyl) ester);Di-2-ethylhexyl azelate;dioctyl azelate;Nonanedioic acid, 1,9-bis(2-ethylhexyl) ester;Nonanedioic acid, bis(2-ethylhexyl) ester",,,,,,,,,,,,,,,,,,,,,,,,,,,,,,,,,,,,,,,,,,,,,,,,,,,,,,,,,,,,,,,,,,,,,,,,,,,,,,,,,,,,,,,,,,,,,,,,,,,,,,,,,,,,,,,,,,,,,,,,,,,,,,,,Human Health Hazards#Repeated Dose Toxicity,Repeated Dose Toxicity HESS,NOEL,,False,No qualifier,Equal,,,,2003,,,,OECD TG 422,,,Rat,Absolute Organ Weight↑,,,,,,,,,,,,,,,,,,,,,,SD,Oral (Gavage),,,,,,Male,Main,"National Institute of Health Sciences, Japan",Spleen,ReproTox,Food and Drug Safety Center,Organ weights,1000,mg/kg bdwt/d,Administered dose(mass),100,mg/kg bdwt/d,Administered dose(mass),77.2,None,0,d,Time,,,,,,,,,,,,,,,,,,,,,,,,,,,,,,,,,,,,,,,,,,,,,,,,,,,,,,,,,,,,,,,,,,,,,,,,,,,,,,,,,,,,,,,,,,,,,,,,,,,,,,,,,,,,,,,,,,,,,,,,,,,,,,,,,,,,,,,,,,,,,,,,,,,,,,,,,,,,,,,,,42,d,Time,1000,,mg/kg bdwt/d,Administered dose(mass),1000,,mg/kg/d,Administered dose(mass)
103-24-2,"bis(2-ethylhexyl) azelate;1,9-bis(2-ethylhexyl) nonanedioate;Azelaic acid, bis(2-ethylhexyl) ester;bis(2-ethylhexyl) azelate;Bis(2-ethylhexyl) nonanedioate;bis(2-ethylhexyl) nonanedioate (nonanedioic acid, bis(2-ethylhexyl) ester);Di-2-ethylhexyl azelate;dioctyl azelate;Nonanedioic acid, 1,9-bis(2-ethylhexyl) ester;Nonanedioic acid, bis(2-ethylhexyl) ester",,,,,,,,,,,,,,,,,,,,,,,,,,,,,,,,,,,,,,,,,,,,,,,,,,,,,,,,,,,,,,,,,,,,,,,,,,,,,,,,,,,,,,,,,,,,,,,,,,,,,,,,,,,,,,,,,,,,,,,,,,,,,,,,Human Health Hazards#Repeated Dose Toxicity,Repeated Dose Toxicity HESS,NOEL,,False,No qualifier,Equal,,,,2003,,,,OECD TG 422,,,Rat,Absolute Organ Weight↓,,,,,,,,,,,,,,,,,,,,,,SD,Oral (Gavage),,,,,,Male,Main,"National Institute of Health Sciences, Japan",Spleen,ReproTox,Food and Drug Safety Center,Organ weights,1000,mg/kg bdwt/d,Administered dose(mass),100,mg/kg bdwt/d,Administered dose(mass),77.2,None,0,d,Time,,,,,,,,,,,,,,,,,,,,,,,,,,,,,,,,,,,,,,,,,,,,,,,,,,,,,,,,,,,,,,,,,,,,,,,,,,,,,,,,,,,,,,,,,,,,,,,,,,,,,,,,,,,,,,,,,,,,,,,,,,,,,,,,,,,,,,,,,,,,,,,,,,,,,,,,,,,,,,,,,42,d,Time,1000,,mg/kg bdwt/d,Administered dose(mass),1000,,mg/kg/d,Administered dose(mass)
103-24-2,"bis(2-ethylhexyl) azelate;1,9-bis(2-ethylhexyl) nonanedioate;Azelaic acid, bis(2-ethylhexyl) ester;bis(2-ethylhexyl) azelate;Bis(2-ethylhexyl) nonanedioate;bis(2-ethylhexyl) nonanedioate (nonanedioic acid, bis(2-ethylhexyl) ester);Di-2-ethylhexyl azelate;dioctyl azelate;Nonanedioic acid, 1,9-bis(2-ethylhexyl) ester;Nonanedioic acid, bis(2-ethylhexyl) ester",,,,,,,,,,,,,,,,,,,,,,,,,,,,,,,,,,,,,,,,,,,,,,,,,,,,,,,,,,,,,,,,,,,,,,,,,,,,,,,,,,,,,,,,,,,,,,,,,,,,,,,,,,,,,,,,,,,,,,,,,,,,,,,,Human Health Hazards#Repeated Dose Toxicity,Repeated Dose Toxicity HESS,NOEL,,False,No qualifier,Equal,,,,2003,,,,OECD TG 422,,,Rat,Atrophy,,,,,,,,,,,,,,,,,,,,,,SD,Oral (Gavage),,,,,,Male,Main,"National Institute of Health Sciences, Japan",Spleen,ReproTox,Food and Drug Safety Center,Histopathological findings,1000,mg/kg bdwt/d,Administered dose(mass),100,mg/kg bdwt/d,Administered dose(mass),77.2,None,0,d,Time,Lymph follicle,,,,,,,,,,,,,,,,,,,,,,,,,,,,,,,,,,,,,,,,,,,,,,,,,,,,,,,,,,,,,,,,,,,,,,,,,,,,,,,,,,,,,,,,,,,,,,,,,,,,,,,,,,,,,,,,,,,,,,,,,,,,,,,,,,,,,,,,,,,,,,,,,,,,,,,,,,,,,,,,42,d,Time,1000,,mg/kg bdwt/d,Administered dose(mass),1000,,mg/kg/d,Administered dose(mass)
103-24-2,"bis(2-ethylhexyl) azelate;1,9-bis(2-ethylhexyl) nonanedioate;Azelaic acid, bis(2-ethylhexyl) ester;bis(2-ethylhexyl) azelate;Bis(2-ethylhexyl) nonanedioate;bis(2-ethylhexyl) nonanedioate (nonanedioic acid, bis(2-ethylhexyl) ester);Di-2-ethylhexyl azelate;dioctyl azelate;Nonanedioic acid, 1,9-bis(2-ethylhexyl) ester;Nonanedioic acid, bis(2-ethylhexyl) ester",,,,,,,,,,,,,,,,,,,,,,,,,,,,,,,,,,,,,,,,,,,,,,,,,,,,,,,,,,,,,,,,,,,,,,,,,,,,,,,,,,,,,,,,,,,,,,,,,,,,,,,,,,,,,,,,,,,,,,,,,,,,,,,,Human Health Hazards#Repeated Dose Toxicity,Repeated Dose Toxicity HESS,NOEL,,False,No qualifier,Equal,,,,2003,,,,OECD TG 422,,,Rat,Atrophy (Necropsy),,,,,,,,,,,,,,,,,,,,,,SD,Oral (Gavage),,,,,,Male,Main,"National Institute of Health Sciences, Japan",Spleen,ReproTox,Food and Drug Safety Center,Necropsy,1000,mg/kg bdwt/d,Administered dose(mass),100,mg/kg bdwt/d,Administered dose(mass),77.2,None,0,d,Time,,,,,,,,,,,,,,,,,,,,,,,,,,,,,,,,,,,,,,,,,,,,,,,,,,,,,,,,,,,,,,,,,,,,,,,,,,,,,,,,,,,,,,,,,,,,,,,,,,,,,,,,,,,,,,,,,,,,,,,,,,,,,,,,,,,,,,,,,,,,,,,,,,,,,,,,,,,,,,,,,42,d,Time,1000,,mg/kg bdwt/d,Administered dose(mass),1000,,mg/kg/d,Administered dose(mass)
103-24-2,"bis(2-ethylhexyl) azelate;1,9-bis(2-ethylhexyl) nonanedioate;Azelaic acid, bis(2-ethylhexyl) ester;bis(2-ethylhexyl) azelate;Bis(2-ethylhexyl) nonanedioate;bis(2-ethylhexyl) nonanedioate (nonanedioic acid, bis(2-ethylhexyl) ester);Di-2-ethylhexyl azelate;dioctyl azelate;Nonanedioic acid, 1,9-bis(2-ethylhexyl) ester;Nonanedioic acid, bis(2-ethylhexyl) ester",,,,,,,,,,,,,,,,,,,,,,,,,,,,,,,,,,,,,,,,,,,,,,,,,,,,,,,,,,,,,,,,,,,,,,,,,,,,,,,,,,,,,,,,,,,,,,,,,,,,,,,,,,,,,,,,,,,,,,,,,,,,,,,,Human Health Hazards#Repeated Dose Toxicity,Repeated Dose Toxicity HESS,NOEL,,False,No qualifier,Equal,,,,2003,,,,OECD TG 422,,,Rat,Congestion,,,,,,,,,,,,,,,,,,,,,,SD,Oral (Gavage),,,,,,Male,Main,"National Institute of Health Sciences, Japan",Spleen,ReproTox,Food and Drug Safety Center,Histopathological findings,1000,mg/kg bdwt/d,Administered dose(mass),100,mg/kg bdwt/d,Administered dose(mass),77.2,None,0,d,Time,,,,,,,,,,,,,,,,,,,,,,,,,,,,,,,,,,,,,,,,,,,,,,,,,,,,,,,,,,,,,,,,,,,,,,,,,,,,,,,,,,,,,,,,,,,,,,,,,,,,,,,,,,,,,,,,,,,,,,,,,,,,,,,,,,,,,,,,,,,,,,,,,,,,,,,,,,,,,,,,,42,d,Time,1000,,mg/kg bdwt/d,Administered dose(mass),1000,,mg/kg/d,Administered dose(mass)
103-24-2,"bis(2-ethylhexyl) azelate;1,9-bis(2-ethylhexyl) nonanedioate;Azelaic acid, bis(2-ethylhexyl) ester;bis(2-ethylhexyl) azelate;Bis(2-ethylhexyl) nonanedioate;bis(2-ethylhexyl) nonanedioate (nonanedioic acid, bis(2-ethylhexyl) ester);Di-2-ethylhexyl azelate;dioctyl azelate;Nonanedioic acid, 1,9-bis(2-ethylhexyl) ester;Nonanedioic acid, bis(2-ethylhexyl) ester",,,,,,,,,,,,,,,,,,,,,,,,,,,,,,,,,,,,,,,,,,,,,,,,,,,,,,,,,,,,,,,,,,,,,,,,,,,,,,,,,,,,,,,,,,,,,,,,,,,,,,,,,,,,,,,,,,,,,,,,,,,,,,,,Human Health Hazards#Repeated Dose Toxicity,Repeated Dose Toxicity HESS,NOEL,,False,No qualifier,Equal,,,,2003,,,,OECD TG 422,,,Rat,Enlarged (Necropsy),,,,,,,,,,,,,,,,,,,,,,SD,Oral (Gavage),,,,,,Male,Main,"National Institute of Health Sciences, Japan",Spleen,ReproTox,Food and Drug Safety Center,Necropsy,1000,mg/kg bdwt/d,Administered dose(mass),100,mg/kg bdwt/d,Administered dose(mass),77.2,None,0,d,Time,,,,,,,,,,,,,,,,,,,,,,,,,,,,,,,,,,,,,,,,,,,,,,,,,,,,,,,,,,,,,,,,,,,,,,,,,,,,,,,,,,,,,,,,,,,,,,,,,,,,,,,,,,,,,,,,,,,,,,,,,,,,,,,,,,,,,,,,,,,,,,,,,,,,,,,,,,,,,,,,,42,d,Time,1000,,mg/kg bdwt/d,Administered dose(mass),1000,,mg/kg/d,Administered dose(mass)
103-24-2,"bis(2-ethylhexyl) azelate;1,9-bis(2-ethylhexyl) nonanedioate;Azelaic acid, bis(2-ethylhexyl) ester;bis(2-ethylhexyl) azelate;Bis(2-ethylhexyl) nonanedioate;bis(2-ethylhexyl) nonanedioate (nonanedioic acid, bis(2-ethylhexyl) ester);Di-2-ethylhexyl azelate;dioctyl azelate;Nonanedioic acid, 1,9-bis(2-ethylhexyl) ester;Nonanedioic acid, bis(2-ethylhexyl) ester",,,,,,,,,,,,,,,,,,,,,,,,,,,,,,,,,,,,,,,,,,,,,,,,,,,,,,,,,,,,,,,,,,,,,,,,,,,,,,,,,,,,,,,,,,,,,,,,,,,,,,,,,,,,,,,,,,,,,,,,,,,,,,,,Human Health Hazards#Repeated Dose Toxicity,Repeated Dose Toxicity HESS,NOEL,,False,No qualifier,Equal,,,,2003,,,,OECD TG 422,,,Rat,Extramedullary Hematopoiesis,,,,,,,,,,,,,,,,,,,,,,SD,Oral (Gavage),,,,,,Male,Main,"National Institute of Health Sciences, Japan",Spleen,ReproTox,Food and Drug Safety Center,Histopathological findings,1000,mg/kg bdwt/d,Administered dose(mass),100,mg/kg bdwt/d,Administered dose(mass),77.2,None,0,d,Time,,,,,,,,,,,,,,,,,,,,,,,,,,,,,,,,,,,,,,,,,,,,,,,,,,,,,,,,,,,,,,,,,,,,,,,,,,,,,,,,,,,,,,,,,,,,,,,,,,,,,,,,,,,,,,,,,,,,,,,,,,,,,,,,,,,,,,,,,,,,,,,,,,,,,,,,,,,,,,,,,42,d,Time,1000,,mg/kg bdwt/d,Administered dose(mass),1000,,mg/kg/d,Administered dose(mass)
103-24-2,"bis(2-ethylhexyl) azelate;1,9-bis(2-ethylhexyl) nonanedioate;Azelaic acid, bis(2-ethylhexyl) ester;bis(2-ethylhexyl) azelate;Bis(2-ethylhexyl) nonanedioate;bis(2-ethylhexyl) nonanedioate (nonanedioic acid, bis(2-ethylhexyl) ester);Di-2-ethylhexyl azelate;dioctyl azelate;Nonanedioic acid, 1,9-bis(2-ethylhexyl) ester;Nonanedioic acid, bis(2-ethylhexyl) ester",,,,,,,,,,,,,,,,,,,,,,,,,,,,,,,,,,,,,,,,,,,,,,,,,,,,,,,,,,,,,,,,,,,,,,,,,,,,,,,,,,,,,,,,,,,,,,,,,,,,,,,,,,,,,,,,,,,,,,,,,,,,,,,,Human Health Hazards#Repeated Dose Toxicity,Repeated Dose Toxicity HESS,NOEL,,False,No qualifier,Equal,,,,2003,,,,OECD TG 422,,,Rat,Fibrosis,,,,,,,,,,,,,,,,,,,,,,SD,Oral (Gavage),,,,,,Male,Main,"National Institute of Health Sciences, Japan",Spleen,ReproTox,Food and Drug Safety Center,Histopathological findings,1000,mg/kg bdwt/d,Administered dose(mass),100,mg/kg bdwt/d,Administered dose(mass),77.2,None,0,d,Time,,,,,,,,,,,,,,,,,,,,,,,,,,,,,,,,,,,,,,,,,,,,,,,,,,,,,,,,,,,,,,,,,,,,,,,,,,,,,,,,,,,,,,,,,,,,,,,,,,,,,,,,,,,,,,,,,,,,,,,,,,,,,,,,,,,,,,,,,,,,,,,,,,,,,,,,,,,,,,,,,42,d,Time,1000,,mg/kg bdwt/d,Administered dose(mass),1000,,mg/kg/d,Administered dose(mass)
103-24-2,"bis(2-ethylhexyl) azelate;1,9-bis(2-ethylhexyl) nonanedioate;Azelaic acid, bis(2-ethylhexyl) ester;bis(2-ethylhexyl) azelate;Bis(2-ethylhexyl) nonanedioate;bis(2-ethylhexyl) nonanedioate (nonanedioic acid, bis(2-ethylhexyl) ester);Di-2-ethylhexyl azelate;dioctyl azelate;Nonanedioic acid, 1,9-bis(2-ethylhexyl) ester;Nonanedioic acid, bis(2-ethylhexyl) ester",,,,,,,,,,,,,,,,,,,,,,,,,,,,,,,,,,,,,,,,,,,,,,,,,,,,,,,,,,,,,,,,,,,,,,,,,,,,,,,,,,,,,,,,,,,,,,,,,,,,,,,,,,,,,,,,,,,,,,,,,,,,,,,,Human Health Hazards#Repeated Dose Toxicity,Repeated Dose Toxicity HESS,NOEL,,False,No qualifier,Equal,,,,2003,,,,OECD TG 422,,,Rat,Hemorrhage,,,,,,,,,,,,,,,,,,,,,,SD,Oral (Gavage),,,,,,Male,Main,"National Institute of Health Sciences, Japan",Spleen,ReproTox,Food and Drug Safety Center,Histopathological findings,1000,mg/kg bdwt/d,Administered dose(mass),100,mg/kg bdwt/d,Administered dose(mass),77.2,None,0,d,Time,,,,,,,,,,,,,,,,,,,,,,,,,,,,,,,,,,,,,,,,,,,,,,,,,,,,,,,,,,,,,,,,,,,,,,,,,,,,,,,,,,,,,,,,,,,,,,,,,,,,,,,,,,,,,,,,,,,,,,,,,,,,,,,,,,,,,,,,,,,,,,,,,,,,,,,,,,,,,,,,,42,d,Time,1000,,mg/kg bdwt/d,Administered dose(mass),1000,,mg/kg/d,Administered dose(mass)
103-24-2,"bis(2-ethylhexyl) azelate;1,9-bis(2-ethylhexyl) nonanedioate;Azelaic acid, bis(2-ethylhexyl) ester;bis(2-ethylhexyl) azelate;Bis(2-ethylhexyl) nonanedioate;bis(2-ethylhexyl) nonanedioate (nonanedioic acid, bis(2-ethylhexyl) ester);Di-2-ethylhexyl azelate;dioctyl azelate;Nonanedioic acid, 1,9-bis(2-ethylhexyl) ester;Nonanedioic acid, bis(2-ethylhexyl) ester",,,,,,,,,,,,,,,,,,,,,,,,,,,,,,,,,,,,,,,,,,,,,,,,,,,,,,,,,,,,,,,,,,,,,,,,,,,,,,,,,,,,,,,,,,,,,,,,,,,,,,,,,,,,,,,,,,,,,,,,,,,,,,,,Human Health Hazards#Repeated Dose Toxicity,Repeated Dose Toxicity HESS,NOEL,,False,No qualifier,Equal,,,,2003,,,,OECD TG 422,,,Rat,Hyperplasia,,,,,,,,,,,,,,,,,,,,,,SD,Oral (Gavage),,,,,,Male,Main,"National Institute of Health Sciences, Japan",Spleen,ReproTox,Food and Drug Safety Center,Histopathological findings,1000,mg/kg bdwt/d,Administered dose(mass),100,mg/kg bdwt/d,Administered dose(mass),77.2,None,0,d,Time,Lymph follicle,,,,,,,,,,,,,,,,,,,,,,,,,,,,,,,,,,,,,,,,,,,,,,,,,,,,,,,,,,,,,,,,,,,,,,,,,,,,,,,,,,,,,,,,,,,,,,,,,,,,,,,,,,,,,,,,,,,,,,,,,,,,,,,,,,,,,,,,,,,,,,,,,,,,,,,,,,,,,,,,42,d,Time,1000,,mg/kg bdwt/d,Administered dose(mass),1000,,mg/kg/d,Administered dose(mass)
103-24-2,"bis(2-ethylhexyl) azelate;1,9-bis(2-ethylhexyl) nonanedioate;Azelaic acid, bis(2-ethylhexyl) ester;bis(2-ethylhexyl) azelate;Bis(2-ethylhexyl) nonanedioate;bis(2-ethylhexyl) nonanedioate (nonanedioic acid, bis(2-ethylhexyl) ester);Di-2-ethylhexyl azelate;dioctyl azelate;Nonanedioic acid, 1,9-bis(2-ethylhexyl) ester;Nonanedioic acid, bis(2-ethylhexyl) ester",,,,,,,,,,,,,,,,,,,,,,,,,,,,,,,,,,,,,,,,,,,,,,,,,,,,,,,,,,,,,,,,,,,,,,,,,,,,,,,,,,,,,,,,,,,,,,,,,,,,,,,,,,,,,,,,,,,,,,,,,,,,,,,,Human Health Hazards#Repeated Dose Toxicity,Repeated Dose Toxicity HESS,NOEL,,False,No qualifier,Equal,,,,2003,,,,OECD TG 422,,,Rat,Other Findings,,,,,,,,,,,,,,,,,,,,,,SD,Oral (Gavage),,,,,,Male,Main,"National Institute of Health Sciences, Japan",Spleen,ReproTox,Food and Drug Safety Center,Histopathological findings,1000,mg/kg bdwt/d,Administered dose(mass),100,mg/kg bdwt/d,Administered dose(mass),77.2,None,0,d,Time,,,,,,,,,,,,,,,,,,,,,,,,,,,,,,,,,,,,,,,,,,,,,,,,,,,,,,,,,,,,,,,,,,,,,,,,,,,,,,,,,,,,,,,,,,,,,,,,,,,,,,,,,,,,,,,,,,,,,,,,,,,,,,,,,,,,,,,,,,,,,,,,,,,,,,,,,,,,,,,,,42,d,Time,1000,,mg/kg bdwt/d,Administered dose(mass),1000,,mg/kg/d,Administered dose(mass)
103-24-2,"bis(2-ethylhexyl) azelate;1,9-bis(2-ethylhexyl) nonanedioate;Azelaic acid, bis(2-ethylhexyl) ester;bis(2-ethylhexyl) azelate;Bis(2-ethylhexyl) nonanedioate;bis(2-ethylhexyl) nonanedioate (nonanedioic acid, bis(2-ethylhexyl) ester);Di-2-ethylhexyl azelate;dioctyl azelate;Nonanedioic acid, 1,9-bis(2-ethylhexyl) ester;Nonanedioic acid, bis(2-ethylhexyl) ester",,,,,,,,,,,,,,,,,,,,,,,,,,,,,,,,,,,,,,,,,,,,,,,,,,,,,,,,,,,,,,,,,,,,,,,,,,,,,,,,,,,,,,,,,,,,,,,,,,,,,,,,,,,,,,,,,,,,,,,,,,,,,,,,Human Health Hazards#Repeated Dose Toxicity,Repeated Dose Toxicity HESS,NOEL,,False,No qualifier,Equal,,,,2003,,,,OECD TG 422,,,Rat,Other Findings,,,,,,,,,,,,,,,,,,,,,,SD,Oral (Gavage),,,,,,Male,Main,"National Institute of Health Sciences, Japan",Spleen,ReproTox,Food and Drug Safety Center,Necropsy,1000,mg/kg bdwt/d,Administered dose(mass),100,mg/kg bdwt/d,Administered dose(mass),77.2,None,0,d,Time,,,,,,,,,,,,,,,,,,,,,,,,,,,,,,,,,,,,,,,,,,,,,,,,,,,,,,,,,,,,,,,,,,,,,,,,,,,,,,,,,,,,,,,,,,,,,,,,,,,,,,,,,,,,,,,,,,,,,,,,,,,,,,,,,,,,,,,,,,,,,,,,,,,,,,,,,,,,,,,,,42,d,Time,1000,,mg/kg bdwt/d,Administered dose(mass),1000,,mg/kg/d,Administered dose(mass)
103-24-2,"bis(2-ethylhexyl) azelate;1,9-bis(2-ethylhexyl) nonanedioate;Azelaic acid, bis(2-ethylhexyl) ester;bis(2-ethylhexyl) azelate;Bis(2-ethylhexyl) nonanedioate;bis(2-ethylhexyl) nonanedioate (nonanedioic acid, bis(2-ethylhexyl) ester);Di-2-ethylhexyl azelate;dioctyl azelate;Nonanedioic acid, 1,9-bis(2-ethylhexyl) ester;Nonanedioic acid, bis(2-ethylhexyl) ester",,,,,,,,,,,,,,,,,,,,,,,,,,,,,,,,,,,,,,,,,,,,,,,,,,,,,,,,,,,,,,,,,,,,,,,,,,,,,,,,,,,,,,,,,,,,,,,,,,,,,,,,,,,,,,,,,,,,,,,,,,,,,,,,Human Health Hazards#Repeated Dose Toxicity,Repeated Dose Toxicity HESS,NOEL,,False,No qualifier,Equal,,,,2003,,,,OECD TG 422,,,Rat,Pigmentation (Hemosiderin),,,,,,,,,,,,,,,,,,,,,,SD,Oral (Gavage),,,,,,Male,Main,"National Institute of Health Sciences, Japan",Spleen,ReproTox,Food and Drug Safety Center,Histopathological findings,1000,mg/kg bdwt/d,Administered dose(mass),100,mg/kg bdwt/d,Administered dose(mass),77.2,None,0,d,Time,,,,,,,,,,,,,,,,,,,,,,,,,,,,,,,,,,,,,,,,,,,,,,,,,,,,,,,,,,,,,,,,,,,,,,,,,,,,,,,,,,,,,,,,,,,,,,,,,,,,,,,,,,,,,,,,,,,,,,,,,,,,,,,,,,,,,,,,,,,,,,,,,,,,,,,,,,,,,,,,,42,d,Time,1000,,mg/kg bdwt/d,Administered dose(mass),1000,,mg/kg/d,Administered dose(mass)
103-24-2,"bis(2-ethylhexyl) azelate;1,9-bis(2-ethylhexyl) nonanedioate;Azelaic acid, bis(2-ethylhexyl) ester;bis(2-ethylhexyl) azelate;Bis(2-ethylhexyl) nonanedioate;bis(2-ethylhexyl) nonanedioate (nonanedioic acid, bis(2-ethylhexyl) ester);Di-2-ethylhexyl azelate;dioctyl azelate;Nonanedioic acid, 1,9-bis(2-ethylhexyl) ester;Nonanedioic acid, bis(2-ethylhexyl) ester",,,,,,,,,,,,,,,,,,,,,,,,,,,,,,,,,,,,,,,,,,,,,,,,,,,,,,,,,,,,,,,,,,,,,,,,,,,,,,,,,,,,,,,,,,,,,,,,,,,,,,,,,,,,,,,,,,,,,,,,,,,,,,,,Human Health Hazards#Repeated Dose Toxicity,Repeated Dose Toxicity HESS,NOEL,,False,No qualifier,Equal,,,,2003,,,,OECD TG 422,,,Rat,Pigmentation (Other),,,,,,,,,,,,,,,,,,,,,,SD,Oral (Gavage),,,,,,Male,Main,"National Institute of Health Sciences, Japan",Spleen,ReproTox,Food and Drug Safety Center,Histopathological findings,1000,mg/kg bdwt/d,Administered dose(mass),100,mg/kg bdwt/d,Administered dose(mass),77.2,None,0,d,Time,,,,,,,,,,,,,,,,,,,,,,,,,,,,,,,,,,,,,,,,,,,,,,,,,,,,,,,,,,,,,,,,,,,,,,,,,,,,,,,,,,,,,,,,,,,,,,,,,,,,,,,,,,,,,,,,,,,,,,,,,,,,,,,,,,,,,,,,,,,,,,,,,,,,,,,,,,,,,,,,,42,d,Time,1000,,mg/kg bdwt/d,Administered dose(mass),1000,,mg/kg/d,Administered dose(mass)
103-24-2,"bis(2-ethylhexyl) azelate;1,9-bis(2-ethylhexyl) nonanedioate;Azelaic acid, bis(2-ethylhexyl) ester;bis(2-ethylhexyl) azelate;Bis(2-ethylhexyl) nonanedioate;bis(2-ethylhexyl) nonanedioate (nonanedioic acid, bis(2-ethylhexyl) ester);Di-2-ethylhexyl azelate;dioctyl azelate;Nonanedioic acid, 1,9-bis(2-ethylhexyl) ester;Nonanedioic acid, bis(2-ethylhexyl) ester",,,,,,,,,,,,,,,,,,,,,,,,,,,,,,,,,,,,,,,,,,,,,,,,,,,,,,,,,,,,,,,,,,,,,,,,,,,,,,,,,,,,,,,,,,,,,,,,,,,,,,,,,,,,,,,,,,,,,,,,,,,,,,,,Human Health Hazards#Repeated Dose Toxicity,Repeated Dose Toxicity HESS,NOEL,,False,No qualifier,Equal,,,,2003,,,,OECD TG 422,,,Rat,Relative Organ Weight↑,,,,,,,,,,,,,,,,,,,,,,SD,Oral (Gavage),,,,,,Male,Main,"National Institute of Health Sciences, Japan",Spleen,ReproTox,Food and Drug Safety Center,Organ weights,1000,mg/kg bdwt/d,Administered dose(mass),100,mg/kg bdwt/d,Administered dose(mass),77.2,None,0,d,Time,,,,,,,,,,,,,,,,,,,,,,,,,,,,,,,,,,,,,,,,,,,,,,,,,,,,,,,,,,,,,,,,,,,,,,,,,,,,,,,,,,,,,,,,,,,,,,,,,,,,,,,,,,,,,,,,,,,,,,,,,,,,,,,,,,,,,,,,,,,,,,,,,,,,,,,,,,,,,,,,,42,d,Time,1000,,mg/kg bdwt/d,Administered dose(mass),1000,,mg/kg/d,Administered dose(mass)
103-24-2,"bis(2-ethylhexyl) azelate;1,9-bis(2-ethylhexyl) nonanedioate;Azelaic acid, bis(2-ethylhexyl) ester;bis(2-ethylhexyl) azelate;Bis(2-ethylhexyl) nonanedioate;bis(2-ethylhexyl) nonanedioate (nonanedioic acid, bis(2-ethylhexyl) ester);Di-2-ethylhexyl azelate;dioctyl azelate;Nonanedioic acid, 1,9-bis(2-ethylhexyl) ester;Nonanedioic acid, bis(2-ethylhexyl) ester",,,,,,,,,,,,,,,,,,,,,,,,,,,,,,,,,,,,,,,,,,,,,,,,,,,,,,,,,,,,,,,,,,,,,,,,,,,,,,,,,,,,,,,,,,,,,,,,,,,,,,,,,,,,,,,,,,,,,,,,,,,,,,,,Human Health Hazards#Repeated Dose Toxicity,Repeated Dose Toxicity HESS,NOEL,,False,No qualifier,Equal,,,,2003,,,,OECD TG 422,,,Rat,Relative Organ Weight↓,,,,,,,,,,,,,,,,,,,,,,SD,Oral (Gavage),,,,,,Male,Main,"National Institute of Health Sciences, Japan",Spleen,ReproTox,Food and Drug Safety Center,Organ weights,1000,mg/kg bdwt/d,Administered dose(mass),100,mg/kg bdwt/d,Administered dose(mass),77.2,None,0,d,Time,,,,,,,,,,,,,,,,,,,,,,,,,,,,,,,,,,,,,,,,,,,,,,,,,,,,,,,,,,,,,,,,,,,,,,,,,,,,,,,,,,,,,,,,,,,,,,,,,,,,,,,,,,,,,,,,,,,,,,,,,,,,,,,,,,,,,,,,,,,,,,,,,,,,,,,,,,,,,,,,,42,d,Time,1000,,mg/kg bdwt/d,Administered dose(mass),1000,,mg/kg/d,Administered dose(mass)
103-24-2,"bis(2-ethylhexyl) azelate;1,9-bis(2-ethylhexyl) nonanedioate;Azelaic acid, bis(2-ethylhexyl) ester;bis(2-ethylhexyl) azelate;Bis(2-ethylhexyl) nonanedioate;bis(2-ethylhexyl) nonanedioate (nonanedioic acid, bis(2-ethylhexyl) ester);Di-2-ethylhexyl azelate;dioctyl azelate;Nonanedioic acid, 1,9-bis(2-ethylhexyl) ester;Nonanedioic acid, bis(2-ethylhexyl) ester",,,,,,,,,,,,,,,,,,,,,,,,,,,,,,,,,,,,,,,,,,,,,,,,,,,,,,,,,,,,,,,,,,,,,,,,,,,,,,,,,,,,,,,,,,,,,,,,,,,,,,,,,,,,,,,,,,,,,,,,,,,,,,,,Human Health Hazards#Repeated Dose Toxicity,Repeated Dose Toxicity HESS,NOEL,,False,No qualifier,Equal,,,,2003,,,,OECD TG 422,,,Rat,Other Findings,,,,,,,,,,,,,,,,,,,,,,SD,Oral (Gavage),,,,,,Male,Main,"National Institute of Health Sciences, Japan",Stomach,ReproTox,Food and Drug Safety Center,Histopathological findings,1000,mg/kg bdwt/d,Administered dose(mass),100,mg/kg bdwt/d,Administered dose(mass),77.2,None,0,d,Time,,,,,,,,,,,,,,,,,,,,,,,,,,,,,,,,,,,,,,,,,,,,,,,,,,,,,,,,,,,,,,,,,,,,,,,,,,,,,,,,,,,,,,,,,,,,,,,,,,,,,,,,,,,,,,,,,,,,,,,,,,,,,,,,,,,,,,,,,,,,,,,,,,,,,,,,,,,,,,,,,42,d,Time,1000,,mg/kg bdwt/d,Administered dose(mass),1000,,mg/kg/d,Administered dose(mass)
103-24-2,"bis(2-ethylhexyl) azelate;1,9-bis(2-ethylhexyl) nonanedioate;Azelaic acid, bis(2-ethylhexyl) ester;bis(2-ethylhexyl) azelate;Bis(2-ethylhexyl) nonanedioate;bis(2-ethylhexyl) nonanedioate (nonanedioic acid, bis(2-ethylhexyl) ester);Di-2-ethylhexyl azelate;dioctyl azelate;Nonanedioic acid, 1,9-bis(2-ethylhexyl) ester;Nonanedioic acid, bis(2-ethylhexyl) ester",,,,,,,,,,,,,,,,,,,,,,,,,,,,,,,,,,,,,,,,,,,,,,,,,,,,,,,,,,,,,,,,,,,,,,,,,,,,,,,,,,,,,,,,,,,,,,,,,,,,,,,,,,,,,,,,,,,,,,,,,,,,,,,,Human Health Hazards#Repeated Dose Toxicity,Repeated Dose Toxicity HESS,NOEL,,False,No qualifier,Equal,,,,2003,,,,OECD TG 422,,,Rat,Atrophy Mucosa,,,,,,,,,,,,,,,,,,,,,,SD,Oral (Gavage),,,,,,Male,Main,"National Institute of Health Sciences, Japan",Stomach (Forestomach/Limiting ridge),ReproTox,Food and Drug Safety Center,Histopathological findings,1000,mg/kg bdwt/d,Administered dose(mass),100,mg/kg bdwt/d,Administered dose(mass),77.2,None,0,d,Time,,,,,,,,,,,,,,,,,,,,,,,,,,,,,,,,,,,,,,,,,,,,,,,,,,,,,,,,,,,,,,,,,,,,,,,,,,,,,,,,,,,,,,,,,,,,,,,,,,,,,,,,,,,,,,,,,,,,,,,,,,,,,,,,,,,,,,,,,,,,,,,,,,,,,,,,,,,,,,,,,42,d,Time,1000,,mg/kg bdwt/d,Administered dose(mass),1000,,mg/kg/d,Administered dose(mass)
103-24-2,"bis(2-ethylhexyl) azelate;1,9-bis(2-ethylhexyl) nonanedioate;Azelaic acid, bis(2-ethylhexyl) ester;bis(2-ethylhexyl) azelate;Bis(2-ethylhexyl) nonanedioate;bis(2-ethylhexyl) nonanedioate (nonanedioic acid, bis(2-ethylhexyl) ester);Di-2-ethylhexyl azelate;dioctyl azelate;Nonanedioic acid, 1,9-bis(2-ethylhexyl) ester;Nonanedioic acid, bis(2-ethylhexyl) ester",,,,,,,,,,,,,,,,,,,,,,,,,,,,,,,,,,,,,,,,,,,,,,,,,,,,,,,,,,,,,,,,,,,,,,,,,,,,,,,,,,,,,,,,,,,,,,,,,,,,,,,,,,,,,,,,,,,,,,,,,,,,,,,,Human Health Hazards#Repeated Dose Toxicity,Repeated Dose Toxicity HESS,NOEL,,False,No qualifier,Equal,,,,2003,,,,OECD TG 422,,,Rat,Cell Infiltration,,,,,,,,,,,,,,,,,,,,,,SD,Oral (Gavage),,,,,,Male,Main,"National Institute of Health Sciences, Japan",Stomach (Forestomach/Limiting ridge),ReproTox,Food and Drug Safety Center,Histopathological findings,1000,mg/kg bdwt/d,Administered dose(mass),100,mg/kg bdwt/d,Administered dose(mass),77.2,None,0,d,Time,,,,,,,,,,,,,,,,,,,,,,,,,,,,,,,,,,,,,,,,,,,,,,,,,,,,,,,,,,,,,,,,,,,,,,,,,,,,,,,,,,,,,,,,,,,,,,,,,,,,,,,,,,,,,,,,,,,,,,,,,,,,,,,,,,,,,,,,,,,,,,,,,,,,,,,,,,,,,,,,,42,d,Time,1000,,mg/kg bdwt/d,Administered dose(mass),1000,,mg/kg/d,Administered dose(mass)
103-24-2,"bis(2-ethylhexyl) azelate;1,9-bis(2-ethylhexyl) nonanedioate;Azelaic acid, bis(2-ethylhexyl) ester;bis(2-ethylhexyl) azelate;Bis(2-ethylhexyl) nonanedioate;bis(2-ethylhexyl) nonanedioate (nonanedioic acid, bis(2-ethylhexyl) ester);Di-2-ethylhexyl azelate;dioctyl azelate;Nonanedioic acid, 1,9-bis(2-ethylhexyl) ester;Nonanedioic acid, bis(2-ethylhexyl) ester",,,,,,,,,,,,,,,,,,,,,,,,,,,,,,,,,,,,,,,,,,,,,,,,,,,,,,,,,,,,,,,,,,,,,,,,,,,,,,,,,,,,,,,,,,,,,,,,,,,,,,,,,,,,,,,,,,,,,,,,,,,,,,,,Human Health Hazards#Repeated Dose Toxicity,Repeated Dose Toxicity HESS,NOEL,,False,No qualifier,Equal,,,,2003,,,,OECD TG 422,,,Rat,Edema,,,,,,,,,,,,,,,,,,,,,,SD,Oral (Gavage),,,,,,Male,Main,"National Institute of Health Sciences, Japan",Stomach (Forestomach/Limiting ridge),ReproTox,Food and Drug Safety Center,Histopathological findings,1000,mg/kg bdwt/d,Administered dose(mass),100,mg/kg bdwt/d,Administered dose(mass),77.2,None,0,d,Time,,,,,,,,,,,,,,,,,,,,,,,,,,,,,,,,,,,,,,,,,,,,,,,,,,,,,,,,,,,,,,,,,,,,,,,,,,,,,,,,,,,,,,,,,,,,,,,,,,,,,,,,,,,,,,,,,,,,,,,,,,,,,,,,,,,,,,,,,,,,,,,,,,,,,,,,,,,,,,,,,42,d,Time,1000,,mg/kg bdwt/d,Administered dose(mass),1000,,mg/kg/d,Administered dose(mass)
103-24-2,"bis(2-ethylhexyl) azelate;1,9-bis(2-ethylhexyl) nonanedioate;Azelaic acid, bis(2-ethylhexyl) ester;bis(2-ethylhexyl) azelate;Bis(2-ethylhexyl) nonanedioate;bis(2-ethylhexyl) nonanedioate (nonanedioic acid, bis(2-ethylhexyl) ester);Di-2-ethylhexyl azelate;dioctyl azelate;Nonanedioic acid, 1,9-bis(2-ethylhexyl) ester;Nonanedioic acid, bis(2-ethylhexyl) ester",,,,,,,,,,,,,,,,,,,,,,,,,,,,,,,,,,,,,,,,,,,,,,,,,,,,,,,,,,,,,,,,,,,,,,,,,,,,,,,,,,,,,,,,,,,,,,,,,,,,,,,,,,,,,,,,,,,,,,,,,,,,,,,,Human Health Hazards#Repeated Dose Toxicity,Repeated Dose Toxicity HESS,NOEL,,False,No qualifier,Equal,,,,2003,,,,OECD TG 422,,,Rat,Erosin,,,,,,,,,,,,,,,,,,,,,,SD,Oral (Gavage),,,,,,Male,Main,"National Institute of Health Sciences, Japan",Stomach (Forestomach/Limiting ridge),ReproTox,Food and Drug Safety Center,Histopathological findings,1000,mg/kg bdwt/d,Administered dose(mass),100,mg/kg bdwt/d,Administered dose(mass),77.2,None,0,d,Time,,,,,,,,,,,,,,,,,,,,,,,,,,,,,,,,,,,,,,,,,,,,,,,,,,,,,,,,,,,,,,,,,,,,,,,,,,,,,,,,,,,,,,,,,,,,,,,,,,,,,,,,,,,,,,,,,,,,,,,,,,,,,,,,,,,,,,,,,,,,,,,,,,,,,,,,,,,,,,,,,42,d,Time,1000,,mg/kg bdwt/d,Administered dose(mass),1000,,mg/kg/d,Administered dose(mass)
103-24-2,"bis(2-ethylhexyl) azelate;1,9-bis(2-ethylhexyl) nonanedioate;Azelaic acid, bis(2-ethylhexyl) ester;bis(2-ethylhexyl) azelate;Bis(2-ethylhexyl) nonanedioate;bis(2-ethylhexyl) nonanedioate (nonanedioic acid, bis(2-ethylhexyl) ester);Di-2-ethylhexyl azelate;dioctyl azelate;Nonanedioic acid, 1,9-bis(2-ethylhexyl) ester;Nonanedioic acid, bis(2-ethylhexyl) ester",,,,,,,,,,,,,,,,,,,,,,,,,,,,,,,,,,,,,,,,,,,,,,,,,,,,,,,,,,,,,,,,,,,,,,,,,,,,,,,,,,,,,,,,,,,,,,,,,,,,,,,,,,,,,,,,,,,,,,,,,,,,,,,,Human Health Hazards#Repeated Dose Toxicity,Repeated Dose Toxicity HESS,NOEL,,False,No qualifier,Equal,,,,2003,,,,OECD TG 422,,,Rat,Hemorrhage,,,,,,,,,,,,,,,,,,,,,,SD,Oral (Gavage),,,,,,Male,Main,"National Institute of Health Sciences, Japan",Stomach (Forestomach/Limiting ridge),ReproTox,Food and Drug Safety Center,Histopathological findings,1000,mg/kg bdwt/d,Administered dose(mass),100,mg/kg bdwt/d,Administered dose(mass),77.2,None,0,d,Time,,,,,,,,,,,,,,,,,,,,,,,,,,,,,,,,,,,,,,,,,,,,,,,,,,,,,,,,,,,,,,,,,,,,,,,,,,,,,,,,,,,,,,,,,,,,,,,,,,,,,,,,,,,,,,,,,,,,,,,,,,,,,,,,,,,,,,,,,,,,,,,,,,,,,,,,,,,,,,,,,42,d,Time,1000,,mg/kg bdwt/d,Administered dose(mass),1000,,mg/kg/d,Administered dose(mass)
103-24-2,"bis(2-ethylhexyl) azelate;1,9-bis(2-ethylhexyl) nonanedioate;Azelaic acid, bis(2-ethylhexyl) ester;bis(2-ethylhexyl) azelate;Bis(2-ethylhexyl) nonanedioate;bis(2-ethylhexyl) nonanedioate (nonanedioic acid, bis(2-ethylhexyl) ester);Di-2-ethylhexyl azelate;dioctyl azelate;Nonanedioic acid, 1,9-bis(2-ethylhexyl) ester;Nonanedioic acid, bis(2-ethylhexyl) ester",,,,,,,,,,,,,,,,,,,,,,,,,,,,,,,,,,,,,,,,,,,,,,,,,,,,,,,,,,,,,,,,,,,,,,,,,,,,,,,,,,,,,,,,,,,,,,,,,,,,,,,,,,,,,,,,,,,,,,,,,,,,,,,,Human Health Hazards#Repeated Dose Toxicity,Repeated Dose Toxicity HESS,NOEL,,False,No qualifier,Equal,,,,2003,,,,OECD TG 422,,,Rat,Hyperkeratosis/Parakeratosis,,,,,,,,,,,,,,,,,,,,,,SD,Oral (Gavage),,,,,,Male,Main,"National Institute of Health Sciences, Japan",Stomach (Forestomach/Limiting ridge),ReproTox,Food and Drug Safety Center,Histopathological findings,1000,mg/kg bdwt/d,Administered dose(mass),100,mg/kg bdwt/d,Administered dose(mass),77.2,None,0,d,Time,,,,,,,,,,,,,,,,,,,,,,,,,,,,,,,,,,,,,,,,,,,,,,,,,,,,,,,,,,,,,,,,,,,,,,,,,,,,,,,,,,,,,,,,,,,,,,,,,,,,,,,,,,,,,,,,,,,,,,,,,,,,,,,,,,,,,,,,,,,,,,,,,,,,,,,,,,,,,,,,,42,d,Time,1000,,mg/kg bdwt/d,Administered dose(mass),1000,,mg/kg/d,Administered dose(mass)
103-24-2,"bis(2-ethylhexyl) azelate;1,9-bis(2-ethylhexyl) nonanedioate;Azelaic acid, bis(2-ethylhexyl) ester;bis(2-ethylhexyl) azelate;Bis(2-ethylhexyl) nonanedioate;bis(2-ethylhexyl) nonanedioate (nonanedioic acid, bis(2-ethylhexyl) ester);Di-2-ethylhexyl azelate;dioctyl azelate;Nonanedioic acid, 1,9-bis(2-ethylhexyl) ester;Nonanedioic acid, bis(2-ethylhexyl) ester",,,,,,,,,,,,,,,,,,,,,,,,,,,,,,,,,,,,,,,,,,,,,,,,,,,,,,,,,,,,,,,,,,,,,,,,,,,,,,,,,,,,,,,,,,,,,,,,,,,,,,,,,,,,,,,,,,,,,,,,,,,,,,,,Human Health Hazards#Repeated Dose Toxicity,Repeated Dose Toxicity HESS,NOEL,,False,No qualifier,Equal,,,,2003,,,,OECD TG 422,,,Rat,Hyperplasia/Thickneing Epithelium,,,,,,,,,,,,,,,,,,,,,,SD,Oral (Gavage),,,,,,Male,Main,"National Institute of Health Sciences, Japan",Stomach (Forestomach/Limiting ridge),ReproTox,Food and Drug Safety Center,Histopathological findings,1000,mg/kg bdwt/d,Administered dose(mass),100,mg/kg bdwt/d,Administered dose(mass),77.2,None,0,d,Time,,,,,,,,,,,,,,,,,,,,,,,,,,,,,,,,,,,,,,,,,,,,,,,,,,,,,,,,,,,,,,,,,,,,,,,,,,,,,,,,,,,,,,,,,,,,,,,,,,,,,,,,,,,,,,,,,,,,,,,,,,,,,,,,,,,,,,,,,,,,,,,,,,,,,,,,,,,,,,,,,42,d,Time,1000,,mg/kg bdwt/d,Administered dose(mass),1000,,mg/kg/d,Administered dose(mass)
103-24-2,"bis(2-ethylhexyl) azelate;1,9-bis(2-ethylhexyl) nonanedioate;Azelaic acid, bis(2-ethylhexyl) ester;bis(2-ethylhexyl) azelate;Bis(2-ethylhexyl) nonanedioate;bis(2-ethylhexyl) nonanedioate (nonanedioic acid, bis(2-ethylhexyl) ester);Di-2-ethylhexyl azelate;dioctyl azelate;Nonanedioic acid, 1,9-bis(2-ethylhexyl) ester;Nonanedioic acid, bis(2-ethylhexyl) ester",,,,,,,,,,,,,,,,,,,,,,,,,,,,,,,,,,,,,,,,,,,,,,,,,,,,,,,,,,,,,,,,,,,,,,,,,,,,,,,,,,,,,,,,,,,,,,,,,,,,,,,,,,,,,,,,,,,,,,,,,,,,,,,,Human Health Hazards#Repeated Dose Toxicity,Repeated Dose Toxicity HESS,NOEL,,False,No qualifier,Equal,,,,2003,,,,OECD TG 422,,,Rat,Hyperplasia/Thickneing Epithelium,,,,,,,,,,,,,,,,,,,,,,SD,Oral (Gavage),,,,,,Male,Main,"National Institute of Health Sciences, Japan",Stomach (Forestomach/Limiting ridge),ReproTox,Food and Drug Safety Center,Necropsy,1000,mg/kg bdwt/d,Administered dose(mass),100,mg/kg bdwt/d,Administered dose(mass),77.2,None,0,d,Time,,,,,,,,,,,,,,,,,,,,,,,,,,,,,,,,,,,,,,,,,,,,,,,,,,,,,,,,,,,,,,,,,,,,,,,,,,,,,,,,,,,,,,,,,,,,,,,,,,,,,,,,,,,,,,,,,,,,,,,,,,,,,,,,,,,,,,,,,,,,,,,,,,,,,,,,,,,,,,,,,42,d,Time,1000,,mg/kg bdwt/d,Administered dose(mass),1000,,mg/kg/d,Administered dose(mass)
103-24-2,"bis(2-ethylhexyl) azelate;1,9-bis(2-ethylhexyl) nonanedioate;Azelaic acid, bis(2-ethylhexyl) ester;bis(2-ethylhexyl) azelate;Bis(2-ethylhexyl) nonanedioate;bis(2-ethylhexyl) nonanedioate (nonanedioic acid, bis(2-ethylhexyl) ester);Di-2-ethylhexyl azelate;dioctyl azelate;Nonanedioic acid, 1,9-bis(2-ethylhexyl) ester;Nonanedioic acid, bis(2-ethylhexyl) ester",,,,,,,,,,,,,,,,,,,,,,,,,,,,,,,,,,,,,,,,,,,,,,,,,,,,,,,,,,,,,,,,,,,,,,,,,,,,,,,,,,,,,,,,,,,,,,,,,,,,,,,,,,,,,,,,,,,,,,,,,,,,,,,,Human Health Hazards#Repeated Dose Toxicity,Repeated Dose Toxicity HESS,NOEL,,False,No qualifier,Equal,,,,2003,,,,OECD TG 422,,,Rat,Inflamation,,,,,,,,,,,,,,,,,,,,,,SD,Oral (Gavage),,,,,,Male,Main,"National Institute of Health Sciences, Japan",Stomach (Forestomach/Limiting ridge),ReproTox,Food and Drug Safety Center,Histopathological findings,1000,mg/kg bdwt/d,Administered dose(mass),100,mg/kg bdwt/d,Administered dose(mass),77.2,None,0,d,Time,,,,,,,,,,,,,,,,,,,,,,,,,,,,,,,,,,,,,,,,,,,,,,,,,,,,,,,,,,,,,,,,,,,,,,,,,,,,,,,,,,,,,,,,,,,,,,,,,,,,,,,,,,,,,,,,,,,,,,,,,,,,,,,,,,,,,,,,,,,,,,,,,,,,,,,,,,,,,,,,,42,d,Time,1000,,mg/kg bdwt/d,Administered dose(mass),1000,,mg/kg/d,Administered dose(mass)
103-24-2,"bis(2-ethylhexyl) azelate;1,9-bis(2-ethylhexyl) nonanedioate;Azelaic acid, bis(2-ethylhexyl) ester;bis(2-ethylhexyl) azelate;Bis(2-ethylhexyl) nonanedioate;bis(2-ethylhexyl) nonanedioate (nonanedioic acid, bis(2-ethylhexyl) ester);Di-2-ethylhexyl azelate;dioctyl azelate;Nonanedioic acid, 1,9-bis(2-ethylhexyl) ester;Nonanedioic acid, bis(2-ethylhexyl) ester",,,,,,,,,,,,,,,,,,,,,,,,,,,,,,,,,,,,,,,,,,,,,,,,,,,,,,,,,,,,,,,,,,,,,,,,,,,,,,,,,,,,,,,,,,,,,,,,,,,,,,,,,,,,,,,,,,,,,,,,,,,,,,,,Human Health Hazards#Repeated Dose Toxicity,Repeated Dose Toxicity HESS,NOEL,,False,No qualifier,Equal,,,,2003,,,,OECD TG 422,,,Rat,Necrosis,,,,,,,,,,,,,,,,,,,,,,SD,Oral (Gavage),,,,,,Male,Main,"National Institute of Health Sciences, Japan",Stomach (Forestomach/Limiting ridge),ReproTox,Food and Drug Safety Center,Histopathological findings,1000,mg/kg bdwt/d,Administered dose(mass),100,mg/kg bdwt/d,Administered dose(mass),77.2,None,0,d,Time,,,,,,,,,,,,,,,,,,,,,,,,,,,,,,,,,,,,,,,,,,,,,,,,,,,,,,,,,,,,,,,,,,,,,,,,,,,,,,,,,,,,,,,,,,,,,,,,,,,,,,,,,,,,,,,,,,,,,,,,,,,,,,,,,,,,,,,,,,,,,,,,,,,,,,,,,,,,,,,,,42,d,Time,1000,,mg/kg bdwt/d,Administered dose(mass),1000,,mg/kg/d,Administered dose(mass)
103-24-2,"bis(2-ethylhexyl) azelate;1,9-bis(2-ethylhexyl) nonanedioate;Azelaic acid, bis(2-ethylhexyl) ester;bis(2-ethylhexyl) azelate;Bis(2-ethylhexyl) nonanedioate;bis(2-ethylhexyl) nonanedioate (nonanedioic acid, bis(2-ethylhexyl) ester);Di-2-ethylhexyl azelate;dioctyl azelate;Nonanedioic acid, 1,9-bis(2-ethylhexyl) ester;Nonanedioic acid, bis(2-ethylhexyl) ester",,,,,,,,,,,,,,,,,,,,,,,,,,,,,,,,,,,,,,,,,,,,,,,,,,,,,,,,,,,,,,,,,,,,,,,,,,,,,,,,,,,,,,,,,,,,,,,,,,,,,,,,,,,,,,,,,,,,,,,,,,,,,,,,Human Health Hazards#Repeated Dose Toxicity,Repeated Dose Toxicity HESS,NOEL,,False,No qualifier,Equal,,,,2003,,,,OECD TG 422,,,Rat,Other Findings,,,,,,,,,,,,,,,,,,,,,,SD,Oral (Gavage),,,,,,Male,Main,"National Institute of Health Sciences, Japan",Stomach (Forestomach/Limiting ridge),ReproTox,Food and Drug Safety Center,Histopathological findings,1000,mg/kg bdwt/d,Administered dose(mass),100,mg/kg bdwt/d,Administered dose(mass),77.2,None,0,d,Time,,,,,,,,,,,,,,,,,,,,,,,,,,,,,,,,,,,,,,,,,,,,,,,,,,,,,,,,,,,,,,,,,,,,,,,,,,,,,,,,,,,,,,,,,,,,,,,,,,,,,,,,,,,,,,,,,,,,,,,,,,,,,,,,,,,,,,,,,,,,,,,,,,,,,,,,,,,,,,,,,42,d,Time,1000,,mg/kg bdwt/d,Administered dose(mass),1000,,mg/kg/d,Administered dose(mass)
103-24-2,"bis(2-ethylhexyl) azelate;1,9-bis(2-ethylhexyl) nonanedioate;Azelaic acid, bis(2-ethylhexyl) ester;bis(2-ethylhexyl) azelate;Bis(2-ethylhexyl) nonanedioate;bis(2-ethylhexyl) nonanedioate (nonanedioic acid, bis(2-ethylhexyl) ester);Di-2-ethylhexyl azelate;dioctyl azelate;Nonanedioic acid, 1,9-bis(2-ethylhexyl) ester;Nonanedioic acid, bis(2-ethylhexyl) ester",,,,,,,,,,,,,,,,,,,,,,,,,,,,,,,,,,,,,,,,,,,,,,,,,,,,,,,,,,,,,,,,,,,,,,,,,,,,,,,,,,,,,,,,,,,,,,,,,,,,,,,,,,,,,,,,,,,,,,,,,,,,,,,,Human Health Hazards#Repeated Dose Toxicity,Repeated Dose Toxicity HESS,NOEL,,False,No qualifier,Equal,,,,2003,,,,OECD TG 422,,,Rat,Other Findings,,,,,,,,,,,,,,,,,,,,,,SD,Oral (Gavage),,,,,,Male,Main,"National Institute of Health Sciences, Japan",Stomach (Forestomach/Limiting ridge),ReproTox,Food and Drug Safety Center,Necropsy,1000,mg/kg bdwt/d,Administered dose(mass),100,mg/kg bdwt/d,Administered dose(mass),77.2,None,0,d,Time,,,,,,,,,,,,,,,,,,,,,,,,,,,,,,,,,,,,,,,,,,,,,,,,,,,,,,,,,,,,,,,,,,,,,,,,,,,,,,,,,,,,,,,,,,,,,,,,,,,,,,,,,,,,,,,,,,,,,,,,,,,,,,,,,,,,,,,,,,,,,,,,,,,,,,,,,,,,,,,,,42,d,Time,1000,,mg/kg bdwt/d,Administered dose(mass),1000,,mg/kg/d,Administered dose(mass)
103-24-2,"bis(2-ethylhexyl) azelate;1,9-bis(2-ethylhexyl) nonanedioate;Azelaic acid, bis(2-ethylhexyl) ester;bis(2-ethylhexyl) azelate;Bis(2-ethylhexyl) nonanedioate;bis(2-ethylhexyl) nonanedioate (nonanedioic acid, bis(2-ethylhexyl) ester);Di-2-ethylhexyl azelate;dioctyl azelate;Nonanedioic acid, 1,9-bis(2-ethylhexyl) ester;Nonanedioic acid, bis(2-ethylhexyl) ester",,,,,,,,,,,,,,,,,,,,,,,,,,,,,,,,,,,,,,,,,,,,,,,,,,,,,,,,,,,,,,,,,,,,,,,,,,,,,,,,,,,,,,,,,,,,,,,,,,,,,,,,,,,,,,,,,,,,,,,,,,,,,,,,Human Health Hazards#Repeated Dose Toxicity,Repeated Dose Toxicity HESS,NOEL,,False,No qualifier,Equal,,,,2003,,,,OECD TG 422,,,Rat,Ulcer,,,,,,,,,,,,,,,,,,,,,,SD,Oral (Gavage),,,,,,Male,Main,"National Institute of Health Sciences, Japan",Stomach (Forestomach/Limiting ridge),ReproTox,Food and Drug Safety Center,Histopathological findings,1000,mg/kg bdwt/d,Administered dose(mass),100,mg/kg bdwt/d,Administered dose(mass),77.2,None,0,d,Time,,,,,,,,,,,,,,,,,,,,,,,,,,,,,,,,,,,,,,,,,,,,,,,,,,,,,,,,,,,,,,,,,,,,,,,,,,,,,,,,,,,,,,,,,,,,,,,,,,,,,,,,,,,,,,,,,,,,,,,,,,,,,,,,,,,,,,,,,,,,,,,,,,,,,,,,,,,,,,,,,42,d,Time,1000,,mg/kg bdwt/d,Administered dose(mass),1000,,mg/kg/d,Administered dose(mass)
103-24-2,"bis(2-ethylhexyl) azelate;1,9-bis(2-ethylhexyl) nonanedioate;Azelaic acid, bis(2-ethylhexyl) ester;bis(2-ethylhexyl) azelate;Bis(2-ethylhexyl) nonanedioate;bis(2-ethylhexyl) nonanedioate (nonanedioic acid, bis(2-ethylhexyl) ester);Di-2-ethylhexyl azelate;dioctyl azelate;Nonanedioic acid, 1,9-bis(2-ethylhexyl) ester;Nonanedioic acid, bis(2-ethylhexyl) ester",,,,,,,,,,,,,,,,,,,,,,,,,,,,,,,,,,,,,,,,,,,,,,,,,,,,,,,,,,,,,,,,,,,,,,,,,,,,,,,,,,,,,,,,,,,,,,,,,,,,,,,,,,,,,,,,,,,,,,,,,,,,,,,,Human Health Hazards#Repeated Dose Toxicity,Repeated Dose Toxicity HESS,NOEL,,False,No qualifier,Equal,,,,2003,,,,OECD TG 422,,,Rat,Atrophy Mucosa,,,,,,,,,,,,,,,,,,,,,,SD,Oral (Gavage),,,,,,Male,Main,"National Institute of Health Sciences, Japan",Stomach (Glandular stomach),ReproTox,Food and Drug Safety Center,Histopathological findings,1000,mg/kg bdwt/d,Administered dose(mass),100,mg/kg bdwt/d,Administered dose(mass),77.2,None,0,d,Time,,,,,,,,,,,,,,,,,,,,,,,,,,,,,,,,,,,,,,,,,,,,,,,,,,,,,,,,,,,,,,,,,,,,,,,,,,,,,,,,,,,,,,,,,,,,,,,,,,,,,,,,,,,,,,,,,,,,,,,,,,,,,,,,,,,,,,,,,,,,,,,,,,,,,,,,,,,,,,,,,42,d,Time,1000,,mg/kg bdwt/d,Administered dose(mass),1000,,mg/kg/d,Administered dose(mass)
103-24-2,"bis(2-ethylhexyl) azelate;1,9-bis(2-ethylhexyl) nonanedioate;Azelaic acid, bis(2-ethylhexyl) ester;bis(2-ethylhexyl) azelate;Bis(2-ethylhexyl) nonanedioate;bis(2-ethylhexyl) nonanedioate (nonanedioic acid, bis(2-ethylhexyl) ester);Di-2-ethylhexyl azelate;dioctyl azelate;Nonanedioic acid, 1,9-bis(2-ethylhexyl) ester;Nonanedioic acid, bis(2-ethylhexyl) ester",,,,,,,,,,,,,,,,,,,,,,,,,,,,,,,,,,,,,,,,,,,,,,,,,,,,,,,,,,,,,,,,,,,,,,,,,,,,,,,,,,,,,,,,,,,,,,,,,,,,,,,,,,,,,,,,,,,,,,,,,,,,,,,,Human Health Hazards#Repeated Dose Toxicity,Repeated Dose Toxicity HESS,NOEL,,False,No qualifier,Equal,,,,2003,,,,OECD TG 422,,,Rat,Cell Infiltration,,,,,,,,,,,,,,,,,,,,,,SD,Oral (Gavage),,,,,,Male,Main,"National Institute of Health Sciences, Japan",Stomach (Glandular stomach),ReproTox,Food and Drug Safety Center,Histopathological findings,1000,mg/kg bdwt/d,Administered dose(mass),100,mg/kg bdwt/d,Administered dose(mass),77.2,None,0,d,Time,,,,,,,,,,,,,,,,,,,,,,,,,,,,,,,,,,,,,,,,,,,,,,,,,,,,,,,,,,,,,,,,,,,,,,,,,,,,,,,,,,,,,,,,,,,,,,,,,,,,,,,,,,,,,,,,,,,,,,,,,,,,,,,,,,,,,,,,,,,,,,,,,,,,,,,,,,,,,,,,,42,d,Time,1000,,mg/kg bdwt/d,Administered dose(mass),1000,,mg/kg/d,Administered dose(mass)
103-24-2,"bis(2-ethylhexyl) azelate;1,9-bis(2-ethylhexyl) nonanedioate;Azelaic acid, bis(2-ethylhexyl) ester;bis(2-ethylhexyl) azelate;Bis(2-ethylhexyl) nonanedioate;bis(2-ethylhexyl) nonanedioate (nonanedioic acid, bis(2-ethylhexyl) ester);Di-2-ethylhexyl azelate;dioctyl azelate;Nonanedioic acid, 1,9-bis(2-ethylhexyl) ester;Nonanedioic acid, bis(2-ethylhexyl) ester",,,,,,,,,,,,,,,,,,,,,,,,,,,,,,,,,,,,,,,,,,,,,,,,,,,,,,,,,,,,,,,,,,,,,,,,,,,,,,,,,,,,,,,,,,,,,,,,,,,,,,,,,,,,,,,,,,,,,,,,,,,,,,,,Human Health Hazards#Repeated Dose Toxicity,Repeated Dose Toxicity HESS,NOEL,,False,No qualifier,Equal,,,,2003,,,,OECD TG 422,,,Rat,Edema,,,,,,,,,,,,,,,,,,,,,,SD,Oral (Gavage),,,,,,Male,Main,"National Institute of Health Sciences, Japan",Stomach (Glandular stomach),ReproTox,Food and Drug Safety Center,Histopathological findings,1000,mg/kg bdwt/d,Administered dose(mass),100,mg/kg bdwt/d,Administered dose(mass),77.2,None,0,d,Time,,,,,,,,,,,,,,,,,,,,,,,,,,,,,,,,,,,,,,,,,,,,,,,,,,,,,,,,,,,,,,,,,,,,,,,,,,,,,,,,,,,,,,,,,,,,,,,,,,,,,,,,,,,,,,,,,,,,,,,,,,,,,,,,,,,,,,,,,,,,,,,,,,,,,,,,,,,,,,,,,42,d,Time,1000,,mg/kg bdwt/d,Administered dose(mass),1000,,mg/kg/d,Administered dose(mass)
103-24-2,"bis(2-ethylhexyl) azelate;1,9-bis(2-ethylhexyl) nonanedioate;Azelaic acid, bis(2-ethylhexyl) ester;bis(2-ethylhexyl) azelate;Bis(2-ethylhexyl) nonanedioate;bis(2-ethylhexyl) nonanedioate (nonanedioic acid, bis(2-ethylhexyl) ester);Di-2-ethylhexyl azelate;dioctyl azelate;Nonanedioic acid, 1,9-bis(2-ethylhexyl) ester;Nonanedioic acid, bis(2-ethylhexyl) ester",,,,,,,,,,,,,,,,,,,,,,,,,,,,,,,,,,,,,,,,,,,,,,,,,,,,,,,,,,,,,,,,,,,,,,,,,,,,,,,,,,,,,,,,,,,,,,,,,,,,,,,,,,,,,,,,,,,,,,,,,,,,,,,,Human Health Hazards#Repeated Dose Toxicity,Repeated Dose Toxicity HESS,NOEL,,False,No qualifier,Equal,,,,2003,,,,OECD TG 422,,,Rat,Erosin,,,,,,,,,,,,,,,,,,,,,,SD,Oral (Gavage),,,,,,Male,Main,"National Institute of Health Sciences, Japan",Stomach (Glandular stomach),ReproTox,Food and Drug Safety Center,Histopathological findings,1000,mg/kg bdwt/d,Administered dose(mass),100,mg/kg bdwt/d,Administered dose(mass),77.2,None,0,d,Time,,,,,,,,,,,,,,,,,,,,,,,,,,,,,,,,,,,,,,,,,,,,,,,,,,,,,,,,,,,,,,,,,,,,,,,,,,,,,,,,,,,,,,,,,,,,,,,,,,,,,,,,,,,,,,,,,,,,,,,,,,,,,,,,,,,,,,,,,,,,,,,,,,,,,,,,,,,,,,,,,42,d,Time,1000,,mg/kg bdwt/d,Administered dose(mass),1000,,mg/kg/d,Administered dose(mass)
103-24-2,"bis(2-ethylhexyl) azelate;1,9-bis(2-ethylhexyl) nonanedioate;Azelaic acid, bis(2-ethylhexyl) ester;bis(2-ethylhexyl) azelate;Bis(2-ethylhexyl) nonanedioate;bis(2-ethylhexyl) nonanedioate (nonanedioic acid, bis(2-ethylhexyl) ester);Di-2-ethylhexyl azelate;dioctyl azelate;Nonanedioic acid, 1,9-bis(2-ethylhexyl) ester;Nonanedioic acid, bis(2-ethylhexyl) ester",,,,,,,,,,,,,,,,,,,,,,,,,,,,,,,,,,,,,,,,,,,,,,,,,,,,,,,,,,,,,,,,,,,,,,,,,,,,,,,,,,,,,,,,,,,,,,,,,,,,,,,,,,,,,,,,,,,,,,,,,,,,,,,,Human Health Hazards#Repeated Dose Toxicity,Repeated Dose Toxicity HESS,NOEL,,False,No qualifier,Equal,,,,2003,,,,OECD TG 422,,,Rat,Hemorrhage,,,,,,,,,,,,,,,,,,,,,,SD,Oral (Gavage),,,,,,Male,Main,"National Institute of Health Sciences, Japan",Stomach (Glandular stomach),ReproTox,Food and Drug Safety Center,Histopathological findings,1000,mg/kg bdwt/d,Administered dose(mass),100,mg/kg bdwt/d,Administered dose(mass),77.2,None,0,d,Time,,,,,,,,,,,,,,,,,,,,,,,,,,,,,,,,,,,,,,,,,,,,,,,,,,,,,,,,,,,,,,,,,,,,,,,,,,,,,,,,,,,,,,,,,,,,,,,,,,,,,,,,,,,,,,,,,,,,,,,,,,,,,,,,,,,,,,,,,,,,,,,,,,,,,,,,,,,,,,,,,42,d,Time,1000,,mg/kg bdwt/d,Administered dose(mass),1000,,mg/kg/d,Administered dose(mass)
103-24-2,"bis(2-ethylhexyl) azelate;1,9-bis(2-ethylhexyl) nonanedioate;Azelaic acid, bis(2-ethylhexyl) ester;bis(2-ethylhexyl) azelate;Bis(2-ethylhexyl) nonanedioate;bis(2-ethylhexyl) nonanedioate (nonanedioic acid, bis(2-ethylhexyl) ester);Di-2-ethylhexyl azelate;dioctyl azelate;Nonanedioic acid, 1,9-bis(2-ethylhexyl) ester;Nonanedioic acid, bis(2-ethylhexyl) ester",,,,,,,,,,,,,,,,,,,,,,,,,,,,,,,,,,,,,,,,,,,,,,,,,,,,,,,,,,,,,,,,,,,,,,,,,,,,,,,,,,,,,,,,,,,,,,,,,,,,,,,,,,,,,,,,,,,,,,,,,,,,,,,,Human Health Hazards#Repeated Dose Toxicity,Repeated Dose Toxicity HESS,NOEL,,False,No qualifier,Equal,,,,2003,,,,OECD TG 422,,,Rat,Hyperkeratosis/Parakeratosis,,,,,,,,,,,,,,,,,,,,,,SD,Oral (Gavage),,,,,,Male,Main,"National Institute of Health Sciences, Japan",Stomach (Glandular stomach),ReproTox,Food and Drug Safety Center,Histopathological findings,1000,mg/kg bdwt/d,Administered dose(mass),100,mg/kg bdwt/d,Administered dose(mass),77.2,None,0,d,Time,,,,,,,,,,,,,,,,,,,,,,,,,,,,,,,,,,,,,,,,,,,,,,,,,,,,,,,,,,,,,,,,,,,,,,,,,,,,,,,,,,,,,,,,,,,,,,,,,,,,,,,,,,,,,,,,,,,,,,,,,,,,,,,,,,,,,,,,,,,,,,,,,,,,,,,,,,,,,,,,,42,d,Time,1000,,mg/kg bdwt/d,Administered dose(mass),1000,,mg/kg/d,Administered dose(mass)
103-24-2,"bis(2-ethylhexyl) azelate;1,9-bis(2-ethylhexyl) nonanedioate;Azelaic acid, bis(2-ethylhexyl) ester;bis(2-ethylhexyl) azelate;Bis(2-ethylhexyl) nonanedioate;bis(2-ethylhexyl) nonanedioate (nonanedioic acid, bis(2-ethylhexyl) ester);Di-2-ethylhexyl azelate;dioctyl azelate;Nonanedioic acid, 1,9-bis(2-ethylhexyl) ester;Nonanedioic acid, bis(2-ethylhexyl) ester",,,,,,,,,,,,,,,,,,,,,,,,,,,,,,,,,,,,,,,,,,,,,,,,,,,,,,,,,,,,,,,,,,,,,,,,,,,,,,,,,,,,,,,,,,,,,,,,,,,,,,,,,,,,,,,,,,,,,,,,,,,,,,,,Human Health Hazards#Repeated Dose Toxicity,Repeated Dose Toxicity HESS,NOEL,,False,No qualifier,Equal,,,,2003,,,,OECD TG 422,,,Rat,Hyperplasia/Thickneing Epithelium,,,,,,,,,,,,,,,,,,,,,,SD,Oral (Gavage),,,,,,Male,Main,"National Institute of Health Sciences, Japan",Stomach (Glandular stomach),ReproTox,Food and Drug Safety Center,Histopathological findings,1000,mg/kg bdwt/d,Administered dose(mass),100,mg/kg bdwt/d,Administered dose(mass),77.2,None,0,d,Time,,,,,,,,,,,,,,,,,,,,,,,,,,,,,,,,,,,,,,,,,,,,,,,,,,,,,,,,,,,,,,,,,,,,,,,,,,,,,,,,,,,,,,,,,,,,,,,,,,,,,,,,,,,,,,,,,,,,,,,,,,,,,,,,,,,,,,,,,,,,,,,,,,,,,,,,,,,,,,,,,42,d,Time,1000,,mg/kg bdwt/d,Administered dose(mass),1000,,mg/kg/d,Administered dose(mass)
103-24-2,"bis(2-ethylhexyl) azelate;1,9-bis(2-ethylhexyl) nonanedioate;Azelaic acid, bis(2-ethylhexyl) ester;bis(2-ethylhexyl) azelate;Bis(2-ethylhexyl) nonanedioate;bis(2-ethylhexyl) nonanedioate (nonanedioic acid, bis(2-ethylhexyl) ester);Di-2-ethylhexyl azelate;dioctyl azelate;Nonanedioic acid, 1,9-bis(2-ethylhexyl) ester;Nonanedioic acid, bis(2-ethylhexyl) ester",,,,,,,,,,,,,,,,,,,,,,,,,,,,,,,,,,,,,,,,,,,,,,,,,,,,,,,,,,,,,,,,,,,,,,,,,,,,,,,,,,,,,,,,,,,,,,,,,,,,,,,,,,,,,,,,,,,,,,,,,,,,,,,,Human Health Hazards#Repeated Dose Toxicity,Repeated Dose Toxicity HESS,NOEL,,False,No qualifier,Equal,,,,2003,,,,OECD TG 422,,,Rat,Hyperplasia/Thickneing Epithelium,,,,,,,,,,,,,,,,,,,,,,SD,Oral (Gavage),,,,,,Male,Main,"National Institute of Health Sciences, Japan",Stomach (Glandular stomach),ReproTox,Food and Drug Safety Center,Necropsy,1000,mg/kg bdwt/d,Administered dose(mass),100,mg/kg bdwt/d,Administered dose(mass),77.2,None,0,d,Time,,,,,,,,,,,,,,,,,,,,,,,,,,,,,,,,,,,,,,,,,,,,,,,,,,,,,,,,,,,,,,,,,,,,,,,,,,,,,,,,,,,,,,,,,,,,,,,,,,,,,,,,,,,,,,,,,,,,,,,,,,,,,,,,,,,,,,,,,,,,,,,,,,,,,,,,,,,,,,,,,42,d,Time,1000,,mg/kg bdwt/d,Administered dose(mass),1000,,mg/kg/d,Administered dose(mass)
103-24-2,"bis(2-ethylhexyl) azelate;1,9-bis(2-ethylhexyl) nonanedioate;Azelaic acid, bis(2-ethylhexyl) ester;bis(2-ethylhexyl) azelate;Bis(2-ethylhexyl) nonanedioate;bis(2-ethylhexyl) nonanedioate (nonanedioic acid, bis(2-ethylhexyl) ester);Di-2-ethylhexyl azelate;dioctyl azelate;Nonanedioic acid, 1,9-bis(2-ethylhexyl) ester;Nonanedioic acid, bis(2-ethylhexyl) ester",,,,,,,,,,,,,,,,,,,,,,,,,,,,,,,,,,,,,,,,,,,,,,,,,,,,,,,,,,,,,,,,,,,,,,,,,,,,,,,,,,,,,,,,,,,,,,,,,,,,,,,,,,,,,,,,,,,,,,,,,,,,,,,,Human Health Hazards#Repeated Dose Toxicity,Repeated Dose Toxicity HESS,NOEL,,False,No qualifier,Equal,,,,2003,,,,OECD TG 422,,,Rat,Inflamation,,,,,,,,,,,,,,,,,,,,,,SD,Oral (Gavage),,,,,,Male,Main,"National Institute of Health Sciences, Japan",Stomach (Glandular stomach),ReproTox,Food and Drug Safety Center,Histopathological findings,1000,mg/kg bdwt/d,Administered dose(mass),100,mg/kg bdwt/d,Administered dose(mass),77.2,None,0,d,Time,,,,,,,,,,,,,,,,,,,,,,,,,,,,,,,,,,,,,,,,,,,,,,,,,,,,,,,,,,,,,,,,,,,,,,,,,,,,,,,,,,,,,,,,,,,,,,,,,,,,,,,,,,,,,,,,,,,,,,,,,,,,,,,,,,,,,,,,,,,,,,,,,,,,,,,,,,,,,,,,,42,d,Time,1000,,mg/kg bdwt/d,Administered dose(mass),1000,,mg/kg/d,Administered dose(mass)
103-24-2,"bis(2-ethylhexyl) azelate;1,9-bis(2-ethylhexyl) nonanedioate;Azelaic acid, bis(2-ethylhexyl) ester;bis(2-ethylhexyl) azelate;Bis(2-ethylhexyl) nonanedioate;bis(2-ethylhexyl) nonanedioate (nonanedioic acid, bis(2-ethylhexyl) ester);Di-2-ethylhexyl azelate;dioctyl azelate;Nonanedioic acid, 1,9-bis(2-ethylhexyl) ester;Nonanedioic acid, bis(2-ethylhexyl) ester",,,,,,,,,,,,,,,,,,,,,,,,,,,,,,,,,,,,,,,,,,,,,,,,,,,,,,,,,,,,,,,,,,,,,,,,,,,,,,,,,,,,,,,,,,,,,,,,,,,,,,,,,,,,,,,,,,,,,,,,,,,,,,,,Human Health Hazards#Repeated Dose Toxicity,Repeated Dose Toxicity HESS,NOEL,,False,No qualifier,Equal,,,,2003,,,,OECD TG 422,,,Rat,Necrosis,,,,,,,,,,,,,,,,,,,,,,SD,Oral (Gavage),,,,,,Male,Main,"National Institute of Health Sciences, Japan",Stomach (Glandular stomach),ReproTox,Food and Drug Safety Center,Histopathological findings,1000,mg/kg bdwt/d,Administered dose(mass),100,mg/kg bdwt/d,Administered dose(mass),77.2,None,0,d,Time,,,,,,,,,,,,,,,,,,,,,,,,,,,,,,,,,,,,,,,,,,,,,,,,,,,,,,,,,,,,,,,,,,,,,,,,,,,,,,,,,,,,,,,,,,,,,,,,,,,,,,,,,,,,,,,,,,,,,,,,,,,,,,,,,,,,,,,,,,,,,,,,,,,,,,,,,,,,,,,,,42,d,Time,1000,,mg/kg bdwt/d,Administered dose(mass),1000,,mg/kg/d,Administered dose(mass)
103-24-2,"bis(2-ethylhexyl) azelate;1,9-bis(2-ethylhexyl) nonanedioate;Azelaic acid, bis(2-ethylhexyl) ester;bis(2-ethylhexyl) azelate;Bis(2-ethylhexyl) nonanedioate;bis(2-ethylhexyl) nonanedioate (nonanedioic acid, bis(2-ethylhexyl) ester);Di-2-ethylhexyl azelate;dioctyl azelate;Nonanedioic acid, 1,9-bis(2-ethylhexyl) ester;Nonanedioic acid, bis(2-ethylhexyl) ester",,,,,,,,,,,,,,,,,,,,,,,,,,,,,,,,,,,,,,,,,,,,,,,,,,,,,,,,,,,,,,,,,,,,,,,,,,,,,,,,,,,,,,,,,,,,,,,,,,,,,,,,,,,,,,,,,,,,,,,,,,,,,,,,Human Health Hazards#Repeated Dose Toxicity,Repeated Dose Toxicity HESS,NOEL,,False,No qualifier,Equal,,,,2003,,,,OECD TG 422,,,Rat,Other Findings,,,,,,,,,,,,,,,,,,,,,,SD,Oral (Gavage),,,,,,Male,Main,"National Institute of Health Sciences, Japan",Stomach (Glandular stomach),ReproTox,Food and Drug Safety Center,Histopathological findings,1000,mg/kg bdwt/d,Administered dose(mass),100,mg/kg bdwt/d,Administered dose(mass),77.2,None,0,d,Time,,,,,,,,,,,,,,,,,,,,,,,,,,,,,,,,,,,,,,,,,,,,,,,,,,,,,,,,,,,,,,,,,,,,,,,,,,,,,,,,,,,,,,,,,,,,,,,,,,,,,,,,,,,,,,,,,,,,,,,,,,,,,,,,,,,,,,,,,,,,,,,,,,,,,,,,,,,,,,,,,42,d,Time,1000,,mg/kg bdwt/d,Administered dose(mass),1000,,mg/kg/d,Administered dose(mass)
103-24-2,"bis(2-ethylhexyl) azelate;1,9-bis(2-ethylhexyl) nonanedioate;Azelaic acid, bis(2-ethylhexyl) ester;bis(2-ethylhexyl) azelate;Bis(2-ethylhexyl) nonanedioate;bis(2-ethylhexyl) nonanedioate (nonanedioic acid, bis(2-ethylhexyl) ester);Di-2-ethylhexyl azelate;dioctyl azelate;Nonanedioic acid, 1,9-bis(2-ethylhexyl) ester;Nonanedioic acid, bis(2-ethylhexyl) ester",,,,,,,,,,,,,,,,,,,,,,,,,,,,,,,,,,,,,,,,,,,,,,,,,,,,,,,,,,,,,,,,,,,,,,,,,,,,,,,,,,,,,,,,,,,,,,,,,,,,,,,,,,,,,,,,,,,,,,,,,,,,,,,,Human Health Hazards#Repeated Dose Toxicity,Repeated Dose Toxicity HESS,NOEL,,False,No qualifier,Equal,,,,2003,,,,OECD TG 422,,,Rat,Other Findings,,,,,,,,,,,,,,,,,,,,,,SD,Oral (Gavage),,,,,,Male,Main,"National Institute of Health Sciences, Japan",Stomach (Glandular stomach),ReproTox,Food and Drug Safety Center,Necropsy,1000,mg/kg bdwt/d,Administered dose(mass),100,mg/kg bdwt/d,Administered dose(mass),77.2,None,0,d,Time,,,,,,,,,,,,,,,,,,,,,,,,,,,,,,,,,,,,,,,,,,,,,,,,,,,,,,,,,,,,,,,,,,,,,,,,,,,,,,,,,,,,,,,,,,,,,,,,,,,,,,,,,,,,,,,,,,,,,,,,,,,,,,,,,,,,,,,,,,,,,,,,,,,,,,,,,,,,,,,,,42,d,Time,1000,,mg/kg bdwt/d,Administered dose(mass),1000,,mg/kg/d,Administered dose(mass)
103-24-2,"bis(2-ethylhexyl) azelate;1,9-bis(2-ethylhexyl) nonanedioate;Azelaic acid, bis(2-ethylhexyl) ester;bis(2-ethylhexyl) azelate;Bis(2-ethylhexyl) nonanedioate;bis(2-ethylhexyl) nonanedioate (nonanedioic acid, bis(2-ethylhexyl) ester);Di-2-ethylhexyl azelate;dioctyl azelate;Nonanedioic acid, 1,9-bis(2-ethylhexyl) ester;Nonanedioic acid, bis(2-ethylhexyl) ester",,,,,,,,,,,,,,,,,,,,,,,,,,,,,,,,,,,,,,,,,,,,,,,,,,,,,,,,,,,,,,,,,,,,,,,,,,,,,,,,,,,,,,,,,,,,,,,,,,,,,,,,,,,,,,,,,,,,,,,,,,,,,,,,Human Health Hazards#Repeated Dose Toxicity,Repeated Dose Toxicity HESS,NOEL,,False,No qualifier,Equal,,,,2003,,,,OECD TG 422,,,Rat,Ulcer,,,,,,,,,,,,,,,,,,,,,,SD,Oral (Gavage),,,,,,Male,Main,"National Institute of Health Sciences, Japan",Stomach (Glandular stomach),ReproTox,Food and Drug Safety Center,Histopathological findings,1000,mg/kg bdwt/d,Administered dose(mass),100,mg/kg bdwt/d,Administered dose(mass),77.2,None,0,d,Time,,,,,,,,,,,,,,,,,,,,,,,,,,,,,,,,,,,,,,,,,,,,,,,,,,,,,,,,,,,,,,,,,,,,,,,,,,,,,,,,,,,,,,,,,,,,,,,,,,,,,,,,,,,,,,,,,,,,,,,,,,,,,,,,,,,,,,,,,,,,,,,,,,,,,,,,,,,,,,,,,42,d,Time,1000,,mg/kg bdwt/d,Administered dose(mass),1000,,mg/kg/d,Administered dose(mass)
103-24-2,"bis(2-ethylhexyl) azelate;1,9-bis(2-ethylhexyl) nonanedioate;Azelaic acid, bis(2-ethylhexyl) ester;bis(2-ethylhexyl) azelate;Bis(2-ethylhexyl) nonanedioate;bis(2-ethylhexyl) nonanedioate (nonanedioic acid, bis(2-ethylhexyl) ester);Di-2-ethylhexyl azelate;dioctyl azelate;Nonanedioic acid, 1,9-bis(2-ethylhexyl) ester;Nonanedioic acid, bis(2-ethylhexyl) ester",,,,,,,,,,,,,,,,,,,,,,,,,,,,,,,,,,,,,,,,,,,,,,,,,,,,,,,,,,,,,,,,,,,,,,,,,,,,,,,,,,,,,,,,,,,,,,,,,,,,,,,,,,,,,,,,,,,,,,,,,,,,,,,,Human Health Hazards#Repeated Dose Toxicity,Repeated Dose Toxicity HESS,NOEL,,False,No qualifier,Equal,,,,2003,,,,OECD TG 422,,,Rat,Absolute Organ Weight↑,,,,,,,,,,,,,,,,,,,,,,SD,Oral (Gavage),,,,,,Male,Main,"National Institute of Health Sciences, Japan",Testis,ReproTox,Food and Drug Safety Center,Organ weights,1000,mg/kg bdwt/d,Administered dose(mass),100,mg/kg bdwt/d,Administered dose(mass),77.2,None,0,d,Time,,,,,,,,,,,,,,,,,,,,,,,,,,,,,,,,,,,,,,,,,,,,,,,,,,,,,,,,,,,,,,,,,,,,,,,,,,,,,,,,,,,,,,,,,,,,,,,,,,,,,,,,,,,,,,,,,,,,,,,,,,,,,,,,,,,,,,,,,,,,,,,,,,,,,,,,,,,,,,,,,42,d,Time,1000,,mg/kg bdwt/d,Administered dose(mass),1000,,mg/kg/d,Administered dose(mass)
103-24-2,"bis(2-ethylhexyl) azelate;1,9-bis(2-ethylhexyl) nonanedioate;Azelaic acid, bis(2-ethylhexyl) ester;bis(2-ethylhexyl) azelate;Bis(2-ethylhexyl) nonanedioate;bis(2-ethylhexyl) nonanedioate (nonanedioic acid, bis(2-ethylhexyl) ester);Di-2-ethylhexyl azelate;dioctyl azelate;Nonanedioic acid, 1,9-bis(2-ethylhexyl) ester;Nonanedioic acid, bis(2-ethylhexyl) ester",,,,,,,,,,,,,,,,,,,,,,,,,,,,,,,,,,,,,,,,,,,,,,,,,,,,,,,,,,,,,,,,,,,,,,,,,,,,,,,,,,,,,,,,,,,,,,,,,,,,,,,,,,,,,,,,,,,,,,,,,,,,,,,,Human Health Hazards#Repeated Dose Toxicity,Repeated Dose Toxicity HESS,NOEL,,False,No qualifier,Equal,,,,2003,,,,OECD TG 422,,,Rat,Absolute Organ Weight↓,,,,,,,,,,,,,,,,,,,,,,SD,Oral (Gavage),,,,,,Male,Main,"National Institute of Health Sciences, Japan",Testis,ReproTox,Food and Drug Safety Center,Organ weights,1000,mg/kg bdwt/d,Administered dose(mass),100,mg/kg bdwt/d,Administered dose(mass),77.2,None,0,d,Time,,,,,,,,,,,,,,,,,,,,,,,,,,,,,,,,,,,,,,,,,,,,,,,,,,,,,,,,,,,,,,,,,,,,,,,,,,,,,,,,,,,,,,,,,,,,,,,,,,,,,,,,,,,,,,,,,,,,,,,,,,,,,,,,,,,,,,,,,,,,,,,,,,,,,,,,,,,,,,,,,42,d,Time,1000,,mg/kg bdwt/d,Administered dose(mass),1000,,mg/kg/d,Administered dose(mass)
103-24-2,"bis(2-ethylhexyl) azelate;1,9-bis(2-ethylhexyl) nonanedioate;Azelaic acid, bis(2-ethylhexyl) ester;bis(2-ethylhexyl) azelate;Bis(2-ethylhexyl) nonanedioate;bis(2-ethylhexyl) nonanedioate (nonanedioic acid, bis(2-ethylhexyl) ester);Di-2-ethylhexyl azelate;dioctyl azelate;Nonanedioic acid, 1,9-bis(2-ethylhexyl) ester;Nonanedioic acid, bis(2-ethylhexyl) ester",,,,,,,,,,,,,,,,,,,,,,,,,,,,,,,,,,,,,,,,,,,,,,,,,,,,,,,,,,,,,,,,,,,,,,,,,,,,,,,,,,,,,,,,,,,,,,,,,,,,,,,,,,,,,,,,,,,,,,,,,,,,,,,,Human Health Hazards#Repeated Dose Toxicity,Repeated Dose Toxicity HESS,NOEL,,False,No qualifier,Equal,,,,2003,,,,OECD TG 422,,,Rat,Atrophy (Necropsy),,,,,,,,,,,,,,,,,,,,,,SD,Oral (Gavage),,,,,,Male,Main,"National Institute of Health Sciences, Japan",Testis,ReproTox,Food and Drug Safety Center,Necropsy,1000,mg/kg bdwt/d,Administered dose(mass),100,mg/kg bdwt/d,Administered dose(mass),77.2,None,0,d,Time,,,,,,,,,,,,,,,,,,,,,,,,,,,,,,,,,,,,,,,,,,,,,,,,,,,,,,,,,,,,,,,,,,,,,,,,,,,,,,,,,,,,,,,,,,,,,,,,,,,,,,,,,,,,,,,,,,,,,,,,,,,,,,,,,,,,,,,,,,,,,,,,,,,,,,,,,,,,,,,,,42,d,Time,1000,,mg/kg bdwt/d,Administered dose(mass),1000,,mg/kg/d,Administered dose(mass)
103-24-2,"bis(2-ethylhexyl) azelate;1,9-bis(2-ethylhexyl) nonanedioate;Azelaic acid, bis(2-ethylhexyl) ester;bis(2-ethylhexyl) azelate;Bis(2-ethylhexyl) nonanedioate;bis(2-ethylhexyl) nonanedioate (nonanedioic acid, bis(2-ethylhexyl) ester);Di-2-ethylhexyl azelate;dioctyl azelate;Nonanedioic acid, 1,9-bis(2-ethylhexyl) ester;Nonanedioic acid, bis(2-ethylhexyl) ester",,,,,,,,,,,,,,,,,,,,,,,,,,,,,,,,,,,,,,,,,,,,,,,,,,,,,,,,,,,,,,,,,,,,,,,,,,,,,,,,,,,,,,,,,,,,,,,,,,,,,,,,,,,,,,,,,,,,,,,,,,,,,,,,Human Health Hazards#Repeated Dose Toxicity,Repeated Dose Toxicity HESS,NOEL,,False,No qualifier,Equal,,,,2003,,,,OECD TG 422,,,Rat,Atrophy Seminiferous,,,,,,,,,,,,,,,,,,,,,,SD,Oral (Gavage),,,,,,Male,Main,"National Institute of Health Sciences, Japan",Testis,ReproTox,Food and Drug Safety Center,Histopathological findings,1000,mg/kg bdwt/d,Administered dose(mass),100,mg/kg bdwt/d,Administered dose(mass),77.2,None,0,d,Time,,,,,,,,,,,,,,,,,,,,,,,,,,,,,,,,,,,,,,,,,,,,,,,,,,,,,,,,,,,,,,,,,,,,,,,,,,,,,,,,,,,,,,,,,,,,,,,,,,,,,,,,,,,,,,,,,,,,,,,,,,,,,,,,,,,,,,,,,,,,,,,,,,,,,,,,,,,,,,,,,42,d,Time,1000,,mg/kg bdwt/d,Administered dose(mass),1000,,mg/kg/d,Administered dose(mass)
103-24-2,"bis(2-ethylhexyl) azelate;1,9-bis(2-ethylhexyl) nonanedioate;Azelaic acid, bis(2-ethylhexyl) ester;bis(2-ethylhexyl) azelate;Bis(2-ethylhexyl) nonanedioate;bis(2-ethylhexyl) nonanedioate (nonanedioic acid, bis(2-ethylhexyl) ester);Di-2-ethylhexyl azelate;dioctyl azelate;Nonanedioic acid, 1,9-bis(2-ethylhexyl) ester;Nonanedioic acid, bis(2-ethylhexyl) ester",,,,,,,,,,,,,,,,,,,,,,,,,,,,,,,,,,,,,,,,,,,,,,,,,,,,,,,,,,,,,,,,,,,,,,,,,,,,,,,,,,,,,,,,,,,,,,,,,,,,,,,,,,,,,,,,,,,,,,,,,,,,,,,,Human Health Hazards#Repeated Dose Toxicity,Repeated Dose Toxicity HESS,NOEL,,False,No qualifier,Equal,,,,2003,,,,OECD TG 422,,,Rat,Degeneration Germ Cell,,,,,,,,,,,,,,,,,,,,,,SD,Oral (Gavage),,,,,,Male,Main,"National Institute of Health Sciences, Japan",Testis,ReproTox,Food and Drug Safety Center,Histopathological findings,1000,mg/kg bdwt/d,Administered dose(mass),100,mg/kg bdwt/d,Administered dose(mass),77.2,None,0,d,Time,,,,,,,,,,,,,,,,,,,,,,,,,,,,,,,,,,,,,,,,,,,,,,,,,,,,,,,,,,,,,,,,,,,,,,,,,,,,,,,,,,,,,,,,,,,,,,,,,,,,,,,,,,,,,,,,,,,,,,,,,,,,,,,,,,,,,,,,,,,,,,,,,,,,,,,,,,,,,,,,,42,d,Time,1000,,mg/kg bdwt/d,Administered dose(mass),1000,,mg/kg/d,Administered dose(mass)
103-24-2,"bis(2-ethylhexyl) azelate;1,9-bis(2-ethylhexyl) nonanedioate;Azelaic acid, bis(2-ethylhexyl) ester;bis(2-ethylhexyl) azelate;Bis(2-ethylhexyl) nonanedioate;bis(2-ethylhexyl) nonanedioate (nonanedioic acid, bis(2-ethylhexyl) ester);Di-2-ethylhexyl azelate;dioctyl azelate;Nonanedioic acid, 1,9-bis(2-ethylhexyl) ester;Nonanedioic acid, bis(2-ethylhexyl) ester",,,,,,,,,,,,,,,,,,,,,,,,,,,,,,,,,,,,,,,,,,,,,,,,,,,,,,,,,,,,,,,,,,,,,,,,,,,,,,,,,,,,,,,,,,,,,,,,,,,,,,,,,,,,,,,,,,,,,,,,,,,,,,,,Human Health Hazards#Repeated Dose Toxicity,Repeated Dose Toxicity HESS,NOEL,,False,No qualifier,Equal,,,,2003,,,,OECD TG 422,,,Rat,Degeneration Semiferous Tubule,,,,,,,,,,,,,,,,,,,,,,SD,Oral (Gavage),,,,,,Male,Main,"National Institute of Health Sciences, Japan",Testis,ReproTox,Food and Drug Safety Center,Histopathological findings,1000,mg/kg bdwt/d,Administered dose(mass),100,mg/kg bdwt/d,Administered dose(mass),77.2,None,0,d,Time,,,,,,,,,,,,,,,,,,,,,,,,,,,,,,,,,,,,,,,,,,,,,,,,,,,,,,,,,,,,,,,,,,,,,,,,,,,,,,,,,,,,,,,,,,,,,,,,,,,,,,,,,,,,,,,,,,,,,,,,,,,,,,,,,,,,,,,,,,,,,,,,,,,,,,,,,,,,,,,,,42,d,Time,1000,,mg/kg bdwt/d,Administered dose(mass),1000,,mg/kg/d,Administered dose(mass)
103-24-2,"bis(2-ethylhexyl) azelate;1,9-bis(2-ethylhexyl) nonanedioate;Azelaic acid, bis(2-ethylhexyl) ester;bis(2-ethylhexyl) azelate;Bis(2-ethylhexyl) nonanedioate;bis(2-ethylhexyl) nonanedioate (nonanedioic acid, bis(2-ethylhexyl) ester);Di-2-ethylhexyl azelate;dioctyl azelate;Nonanedioic acid, 1,9-bis(2-ethylhexyl) ester;Nonanedioic acid, bis(2-ethylhexyl) ester",,,,,,,,,,,,,,,,,,,,,,,,,,,,,,,,,,,,,,,,,,,,,,,,,,,,,,,,,,,,,,,,,,,,,,,,,,,,,,,,,,,,,,,,,,,,,,,,,,,,,,,,,,,,,,,,,,,,,,,,,,,,,,,,Human Health Hazards#Repeated Dose Toxicity,Repeated Dose Toxicity HESS,NOEL,,False,No qualifier,Equal,,,,2003,,,,OECD TG 422,,,Rat,Germ Cell↓,,,,,,,,,,,,,,,,,,,,,,SD,Oral (Gavage),,,,,,Male,Main,"National Institute of Health Sciences, Japan",Testis,ReproTox,Food and Drug Safety Center,Histopathological findings,1000,mg/kg bdwt/d,Administered dose(mass),100,mg/kg bdwt/d,Administered dose(mass),77.2,None,0,d,Time,,,,,,,,,,,,,,,,,,,,,,,,,,,,,,,,,,,,,,,,,,,,,,,,,,,,,,,,,,,,,,,,,,,,,,,,,,,,,,,,,,,,,,,,,,,,,,,,,,,,,,,,,,,,,,,,,,,,,,,,,,,,,,,,,,,,,,,,,,,,,,,,,,,,,,,,,,,,,,,,,42,d,Time,1000,,mg/kg bdwt/d,Administered dose(mass),1000,,mg/kg/d,Administered dose(mass)
103-24-2,"bis(2-ethylhexyl) azelate;1,9-bis(2-ethylhexyl) nonanedioate;Azelaic acid, bis(2-ethylhexyl) ester;bis(2-ethylhexyl) azelate;Bis(2-ethylhexyl) nonanedioate;bis(2-ethylhexyl) nonanedioate (nonanedioic acid, bis(2-ethylhexyl) ester);Di-2-ethylhexyl azelate;dioctyl azelate;Nonanedioic acid, 1,9-bis(2-ethylhexyl) ester;Nonanedioic acid, bis(2-ethylhexyl) ester",,,,,,,,,,,,,,,,,,,,,,,,,,,,,,,,,,,,,,,,,,,,,,,,,,,,,,,,,,,,,,,,,,,,,,,,,,,,,,,,,,,,,,,,,,,,,,,,,,,,,,,,,,,,,,,,,,,,,,,,,,,,,,,,Human Health Hazards#Repeated Dose Toxicity,Repeated Dose Toxicity HESS,NOEL,,False,No qualifier,Equal,,,,2003,,,,OECD TG 422,,,Rat,Hyperplasia Leydig Cell,,,,,,,,,,,,,,,,,,,,,,SD,Oral (Gavage),,,,,,Male,Main,"National Institute of Health Sciences, Japan",Testis,ReproTox,Food and Drug Safety Center,Histopathological findings,1000,mg/kg bdwt/d,Administered dose(mass),100,mg/kg bdwt/d,Administered dose(mass),77.2,None,0,d,Time,,,,,,,,,,,,,,,,,,,,,,,,,,,,,,,,,,,,,,,,,,,,,,,,,,,,,,,,,,,,,,,,,,,,,,,,,,,,,,,,,,,,,,,,,,,,,,,,,,,,,,,,,,,,,,,,,,,,,,,,,,,,,,,,,,,,,,,,,,,,,,,,,,,,,,,,,,,,,,,,,42,d,Time,1000,,mg/kg bdwt/d,Administered dose(mass),1000,,mg/kg/d,Administered dose(mass)
103-24-2,"bis(2-ethylhexyl) azelate;1,9-bis(2-ethylhexyl) nonanedioate;Azelaic acid, bis(2-ethylhexyl) ester;bis(2-ethylhexyl) azelate;Bis(2-ethylhexyl) nonanedioate;bis(2-ethylhexyl) nonanedioate (nonanedioic acid, bis(2-ethylhexyl) ester);Di-2-ethylhexyl azelate;dioctyl azelate;Nonanedioic acid, 1,9-bis(2-ethylhexyl) ester;Nonanedioic acid, bis(2-ethylhexyl) ester",,,,,,,,,,,,,,,,,,,,,,,,,,,,,,,,,,,,,,,,,,,,,,,,,,,,,,,,,,,,,,,,,,,,,,,,,,,,,,,,,,,,,,,,,,,,,,,,,,,,,,,,,,,,,,,,,,,,,,,,,,,,,,,,Human Health Hazards#Repeated Dose Toxicity,Repeated Dose Toxicity HESS,NOEL,,False,No qualifier,Equal,,,,2003,,,,OECD TG 422,,,Rat,Multinucleated Giant Cell,,,,,,,,,,,,,,,,,,,,,,SD,Oral (Gavage),,,,,,Male,Main,"National Institute of Health Sciences, Japan",Testis,ReproTox,Food and Drug Safety Center,Histopathological findings,1000,mg/kg bdwt/d,Administered dose(mass),100,mg/kg bdwt/d,Administered dose(mass),77.2,None,0,d,Time,,,,,,,,,,,,,,,,,,,,,,,,,,,,,,,,,,,,,,,,,,,,,,,,,,,,,,,,,,,,,,,,,,,,,,,,,,,,,,,,,,,,,,,,,,,,,,,,,,,,,,,,,,,,,,,,,,,,,,,,,,,,,,,,,,,,,,,,,,,,,,,,,,,,,,,,,,,,,,,,,42,d,Time,1000,,mg/kg bdwt/d,Administered dose(mass),1000,,mg/kg/d,Administered dose(mass)
103-24-2,"bis(2-ethylhexyl) azelate;1,9-bis(2-ethylhexyl) nonanedioate;Azelaic acid, bis(2-ethylhexyl) ester;bis(2-ethylhexyl) azelate;Bis(2-ethylhexyl) nonanedioate;bis(2-ethylhexyl) nonanedioate (nonanedioic acid, bis(2-ethylhexyl) ester);Di-2-ethylhexyl azelate;dioctyl azelate;Nonanedioic acid, 1,9-bis(2-ethylhexyl) ester;Nonanedioic acid, bis(2-ethylhexyl) ester",,,,,,,,,,,,,,,,,,,,,,,,,,,,,,,,,,,,,,,,,,,,,,,,,,,,,,,,,,,,,,,,,,,,,,,,,,,,,,,,,,,,,,,,,,,,,,,,,,,,,,,,,,,,,,,,,,,,,,,,,,,,,,,,Human Health Hazards#Repeated Dose Toxicity,Repeated Dose Toxicity HESS,NOEL,,False,No qualifier,Equal,,,,2003,,,,OECD TG 422,,,Rat,Necrosis Germ Cell,,,,,,,,,,,,,,,,,,,,,,SD,Oral (Gavage),,,,,,Male,Main,"National Institute of Health Sciences, Japan",Testis,ReproTox,Food and Drug Safety Center,Histopathological findings,1000,mg/kg bdwt/d,Administered dose(mass),100,mg/kg bdwt/d,Administered dose(mass),77.2,None,0,d,Time,,,,,,,,,,,,,,,,,,,,,,,,,,,,,,,,,,,,,,,,,,,,,,,,,,,,,,,,,,,,,,,,,,,,,,,,,,,,,,,,,,,,,,,,,,,,,,,,,,,,,,,,,,,,,,,,,,,,,,,,,,,,,,,,,,,,,,,,,,,,,,,,,,,,,,,,,,,,,,,,,42,d,Time,1000,,mg/kg bdwt/d,Administered dose(mass),1000,,mg/kg/d,Administered dose(mass)
103-24-2,"bis(2-ethylhexyl) azelate;1,9-bis(2-ethylhexyl) nonanedioate;Azelaic acid, bis(2-ethylhexyl) ester;bis(2-ethylhexyl) azelate;Bis(2-ethylhexyl) nonanedioate;bis(2-ethylhexyl) nonanedioate (nonanedioic acid, bis(2-ethylhexyl) ester);Di-2-ethylhexyl azelate;dioctyl azelate;Nonanedioic acid, 1,9-bis(2-ethylhexyl) ester;Nonanedioic acid, bis(2-ethylhexyl) ester",,,,,,,,,,,,,,,,,,,,,,,,,,,,,,,,,,,,,,,,,,,,,,,,,,,,,,,,,,,,,,,,,,,,,,,,,,,,,,,,,,,,,,,,,,,,,,,,,,,,,,,,,,,,,,,,,,,,,,,,,,,,,,,,Human Health Hazards#Repeated Dose Toxicity,Repeated Dose Toxicity HESS,NOEL,,False,No qualifier,Equal,,,,2003,,,,OECD TG 422,,,Rat,Other Findings,,,,,,,,,,,,,,,,,,,,,,SD,Oral (Gavage),,,,,,Male,Main,"National Institute of Health Sciences, Japan",Testis,ReproTox,Food and Drug Safety Center,Histopathological findings,1000,mg/kg bdwt/d,Administered dose(mass),100,mg/kg bdwt/d,Administered dose(mass),77.2,None,0,d,Time,,,,,,,,,,,,,,,,,,,,,,,,,,,,,,,,,,,,,,,,,,,,,,,,,,,,,,,,,,,,,,,,,,,,,,,,,,,,,,,,,,,,,,,,,,,,,,,,,,,,,,,,,,,,,,,,,,,,,,,,,,,,,,,,,,,,,,,,,,,,,,,,,,,,,,,,,,,,,,,,,42,d,Time,1000,,mg/kg bdwt/d,Administered dose(mass),1000,,mg/kg/d,Administered dose(mass)
103-24-2,"bis(2-ethylhexyl) azelate;1,9-bis(2-ethylhexyl) nonanedioate;Azelaic acid, bis(2-ethylhexyl) ester;bis(2-ethylhexyl) azelate;Bis(2-ethylhexyl) nonanedioate;bis(2-ethylhexyl) nonanedioate (nonanedioic acid, bis(2-ethylhexyl) ester);Di-2-ethylhexyl azelate;dioctyl azelate;Nonanedioic acid, 1,9-bis(2-ethylhexyl) ester;Nonanedioic acid, bis(2-ethylhexyl) ester",,,,,,,,,,,,,,,,,,,,,,,,,,,,,,,,,,,,,,,,,,,,,,,,,,,,,,,,,,,,,,,,,,,,,,,,,,,,,,,,,,,,,,,,,,,,,,,,,,,,,,,,,,,,,,,,,,,,,,,,,,,,,,,,Human Health Hazards#Repeated Dose Toxicity,Repeated Dose Toxicity HESS,NOEL,,False,No qualifier,Equal,,,,2003,,,,OECD TG 422,,,Rat,Other Findings,,,,,,,,,,,,,,,,,,,,,,SD,Oral (Gavage),,,,,,Male,Main,"National Institute of Health Sciences, Japan",Testis,ReproTox,Food and Drug Safety Center,Necropsy,1000,mg/kg bdwt/d,Administered dose(mass),100,mg/kg bdwt/d,Administered dose(mass),77.2,None,0,d,Time,,,,,,,,,,,,,,,,,,,,,,,,,,,,,,,,,,,,,,,,,,,,,,,,,,,,,,,,,,,,,,,,,,,,,,,,,,,,,,,,,,,,,,,,,,,,,,,,,,,,,,,,,,,,,,,,,,,,,,,,,,,,,,,,,,,,,,,,,,,,,,,,,,,,,,,,,,,,,,,,,42,d,Time,1000,,mg/kg bdwt/d,Administered dose(mass),1000,,mg/kg/d,Administered dose(mass)
103-24-2,"bis(2-ethylhexyl) azelate;1,9-bis(2-ethylhexyl) nonanedioate;Azelaic acid, bis(2-ethylhexyl) ester;bis(2-ethylhexyl) azelate;Bis(2-ethylhexyl) nonanedioate;bis(2-ethylhexyl) nonanedioate (nonanedioic acid, bis(2-ethylhexyl) ester);Di-2-ethylhexyl azelate;dioctyl azelate;Nonanedioic acid, 1,9-bis(2-ethylhexyl) ester;Nonanedioic acid, bis(2-ethylhexyl) ester",,,,,,,,,,,,,,,,,,,,,,,,,,,,,,,,,,,,,,,,,,,,,,,,,,,,,,,,,,,,,,,,,,,,,,,,,,,,,,,,,,,,,,,,,,,,,,,,,,,,,,,,,,,,,,,,,,,,,,,,,,,,,,,,Human Health Hazards#Repeated Dose Toxicity,Repeated Dose Toxicity HESS,NOEL,,False,No qualifier,Equal,,,,2003,,,,OECD TG 422,,,Rat,Relative Organ Weight↑,,,,,,,,,,,,,,,,,,,,,,SD,Oral (Gavage),,,,,,Male,Main,"National Institute of Health Sciences, Japan",Testis,ReproTox,Food and Drug Safety Center,Organ weights,1000,mg/kg bdwt/d,Administered dose(mass),100,mg/kg bdwt/d,Administered dose(mass),77.2,None,0,d,Time,,,,,,,,,,,,,,,,,,,,,,,,,,,,,,,,,,,,,,,,,,,,,,,,,,,,,,,,,,,,,,,,,,,,,,,,,,,,,,,,,,,,,,,,,,,,,,,,,,,,,,,,,,,,,,,,,,,,,,,,,,,,,,,,,,,,,,,,,,,,,,,,,,,,,,,,,,,,,,,,,42,d,Time,1000,,mg/kg bdwt/d,Administered dose(mass),1000,,mg/kg/d,Administered dose(mass)
103-24-2,"bis(2-ethylhexyl) azelate;1,9-bis(2-ethylhexyl) nonanedioate;Azelaic acid, bis(2-ethylhexyl) ester;bis(2-ethylhexyl) azelate;Bis(2-ethylhexyl) nonanedioate;bis(2-ethylhexyl) nonanedioate (nonanedioic acid, bis(2-ethylhexyl) ester);Di-2-ethylhexyl azelate;dioctyl azelate;Nonanedioic acid, 1,9-bis(2-ethylhexyl) ester;Nonanedioic acid, bis(2-ethylhexyl) ester",,,,,,,,,,,,,,,,,,,,,,,,,,,,,,,,,,,,,,,,,,,,,,,,,,,,,,,,,,,,,,,,,,,,,,,,,,,,,,,,,,,,,,,,,,,,,,,,,,,,,,,,,,,,,,,,,,,,,,,,,,,,,,,,Human Health Hazards#Repeated Dose Toxicity,Repeated Dose Toxicity HESS,NOEL,,False,No qualifier,Equal,,,,2003,,,,OECD TG 422,,,Rat,Relative Organ Weight↓,,,,,,,,,,,,,,,,,,,,,,SD,Oral (Gavage),,,,,,Male,Main,"National Institute of Health Sciences, Japan",Testis,ReproTox,Food and Drug Safety Center,Organ weights,1000,mg/kg bdwt/d,Administered dose(mass),100,mg/kg bdwt/d,Administered dose(mass),77.2,None,0,d,Time,,,,,,,,,,,,,,,,,,,,,,,,,,,,,,,,,,,,,,,,,,,,,,,,,,,,,,,,,,,,,,,,,,,,,,,,,,,,,,,,,,,,,,,,,,,,,,,,,,,,,,,,,,,,,,,,,,,,,,,,,,,,,,,,,,,,,,,,,,,,,,,,,,,,,,,,,,,,,,,,,42,d,Time,1000,,mg/kg bdwt/d,Administered dose(mass),1000,,mg/kg/d,Administered dose(mass)
103-24-2,"bis(2-ethylhexyl) azelate;1,9-bis(2-ethylhexyl) nonanedioate;Azelaic acid, bis(2-ethylhexyl) ester;bis(2-ethylhexyl) azelate;Bis(2-ethylhexyl) nonanedioate;bis(2-ethylhexyl) nonanedioate (nonanedioic acid, bis(2-ethylhexyl) ester);Di-2-ethylhexyl azelate;dioctyl azelate;Nonanedioic acid, 1,9-bis(2-ethylhexyl) ester;Nonanedioic acid, bis(2-ethylhexyl) ester",,,,,,,,,,,,,,,,,,,,,,,,,,,,,,,,,,,,,,,,,,,,,,,,,,,,,,,,,,,,,,,,,,,,,,,,,,,,,,,,,,,,,,,,,,,,,,,,,,,,,,,,,,,,,,,,,,,,,,,,,,,,,,,,Human Health Hazards#Repeated Dose Toxicity,Repeated Dose Toxicity HESS,NOEL,,False,No qualifier,Equal,,,,2003,,,,OECD TG 422,,,Rat,Retention Germ Cell,,,,,,,,,,,,,,,,,,,,,,SD,Oral (Gavage),,,,,,Male,Main,"National Institute of Health Sciences, Japan",Testis,ReproTox,Food and Drug Safety Center,Histopathological findings,1000,mg/kg bdwt/d,Administered dose(mass),100,mg/kg bdwt/d,Administered dose(mass),77.2,None,0,d,Time,,,,,,,,,,,,,,,,,,,,,,,,,,,,,,,,,,,,,,,,,,,,,,,,,,,,,,,,,,,,,,,,,,,,,,,,,,,,,,,,,,,,,,,,,,,,,,,,,,,,,,,,,,,,,,,,,,,,,,,,,,,,,,,,,,,,,,,,,,,,,,,,,,,,,,,,,,,,,,,,,42,d,Time,1000,,mg/kg bdwt/d,Administered dose(mass),1000,,mg/kg/d,Administered dose(mass)
103-24-2,"bis(2-ethylhexyl) azelate;1,9-bis(2-ethylhexyl) nonanedioate;Azelaic acid, bis(2-ethylhexyl) ester;bis(2-ethylhexyl) azelate;Bis(2-ethylhexyl) nonanedioate;bis(2-ethylhexyl) nonanedioate (nonanedioic acid, bis(2-ethylhexyl) ester);Di-2-ethylhexyl azelate;dioctyl azelate;Nonanedioic acid, 1,9-bis(2-ethylhexyl) ester;Nonanedioic acid, bis(2-ethylhexyl) ester",,,,,,,,,,,,,,,,,,,,,,,,,,,,,,,,,,,,,,,,,,,,,,,,,,,,,,,,,,,,,,,,,,,,,,,,,,,,,,,,,,,,,,,,,,,,,,,,,,,,,,,,,,,,,,,,,,,,,,,,,,,,,,,,Human Health Hazards#Repeated Dose Toxicity,Repeated Dose Toxicity HESS,NOEL,,False,No qualifier,Equal,,,,2003,,,,OECD TG 422,,,Rat,Vacuolization Germ Cell,,,,,,,,,,,,,,,,,,,,,,SD,Oral (Gavage),,,,,,Male,Main,"National Institute of Health Sciences, Japan",Testis,ReproTox,Food and Drug Safety Center,Histopathological findings,1000,mg/kg bdwt/d,Administered dose(mass),100,mg/kg bdwt/d,Administered dose(mass),77.2,None,0,d,Time,,,,,,,,,,,,,,,,,,,,,,,,,,,,,,,,,,,,,,,,,,,,,,,,,,,,,,,,,,,,,,,,,,,,,,,,,,,,,,,,,,,,,,,,,,,,,,,,,,,,,,,,,,,,,,,,,,,,,,,,,,,,,,,,,,,,,,,,,,,,,,,,,,,,,,,,,,,,,,,,,42,d,Time,1000,,mg/kg bdwt/d,Administered dose(mass),1000,,mg/kg/d,Administered dose(mass)
103-24-2,"bis(2-ethylhexyl) azelate;1,9-bis(2-ethylhexyl) nonanedioate;Azelaic acid, bis(2-ethylhexyl) ester;bis(2-ethylhexyl) azelate;Bis(2-ethylhexyl) nonanedioate;bis(2-ethylhexyl) nonanedioate (nonanedioic acid, bis(2-ethylhexyl) ester);Di-2-ethylhexyl azelate;dioctyl azelate;Nonanedioic acid, 1,9-bis(2-ethylhexyl) ester;Nonanedioic acid, bis(2-ethylhexyl) ester",,,,,,,,,,,,,,,,,,,,,,,,,,,,,,,,,,,,,,,,,,,,,,,,,,,,,,,,,,,,,,,,,,,,,,,,,,,,,,,,,,,,,,,,,,,,,,,,,,,,,,,,,,,,,,,,,,,,,,,,,,,,,,,,Human Health Hazards#Repeated Dose Toxicity,Repeated Dose Toxicity HESS,NOEL,,False,No qualifier,Equal,,,,2003,,,,OECD TG 422,,,Rat,Vacuolization Sertli Cell,,,,,,,,,,,,,,,,,,,,,,SD,Oral (Gavage),,,,,,Male,Main,"National Institute of Health Sciences, Japan",Testis,ReproTox,Food and Drug Safety Center,Histopathological findings,1000,mg/kg bdwt/d,Administered dose(mass),100,mg/kg bdwt/d,Administered dose(mass),77.2,None,0,d,Time,,,,,,,,,,,,,,,,,,,,,,,,,,,,,,,,,,,,,,,,,,,,,,,,,,,,,,,,,,,,,,,,,,,,,,,,,,,,,,,,,,,,,,,,,,,,,,,,,,,,,,,,,,,,,,,,,,,,,,,,,,,,,,,,,,,,,,,,,,,,,,,,,,,,,,,,,,,,,,,,,42,d,Time,1000,,mg/kg bdwt/d,Administered dose(mass),1000,,mg/kg/d,Administered dose(mass)
103-24-2,"bis(2-ethylhexyl) azelate;1,9-bis(2-ethylhexyl) nonanedioate;Azelaic acid, bis(2-ethylhexyl) ester;bis(2-ethylhexyl) azelate;Bis(2-ethylhexyl) nonanedioate;bis(2-ethylhexyl) nonanedioate (nonanedioic acid, bis(2-ethylhexyl) ester);Di-2-ethylhexyl azelate;dioctyl azelate;Nonanedioic acid, 1,9-bis(2-ethylhexyl) ester;Nonanedioic acid, bis(2-ethylhexyl) ester",,,,,,,,,,,,,,,,,,,,,,,,,,,,,,,,,,,,,,,,,,,,,,,,,,,,,,,,,,,,,,,,,,,,,,,,,,,,,,,,,,,,,,,,,,,,,,,,,,,,,,,,,,,,,,,,,,,,,,,,,,,,,,,,Human Health Hazards#Repeated Dose Toxicity,Repeated Dose Toxicity HESS,NOEL,,False,No qualifier,Equal,,,,2003,,,,OECD TG 422,,,Rat,Absolute Organ Weight↑,,,,,,,,,,,,,,,,,,,,,,SD,Oral (Gavage),,,,,,Male,Main,"National Institute of Health Sciences, Japan",Thymus,ReproTox,Food and Drug Safety Center,Organ weights,1000,mg/kg bdwt/d,Administered dose(mass),100,mg/kg bdwt/d,Administered dose(mass),77.2,None,0,d,Time,,,,,,,,,,,,,,,,,,,,,,,,,,,,,,,,,,,,,,,,,,,,,,,,,,,,,,,,,,,,,,,,,,,,,,,,,,,,,,,,,,,,,,,,,,,,,,,,,,,,,,,,,,,,,,,,,,,,,,,,,,,,,,,,,,,,,,,,,,,,,,,,,,,,,,,,,,,,,,,,,42,d,Time,1000,,mg/kg bdwt/d,Administered dose(mass),1000,,mg/kg/d,Administered dose(mass)
103-24-2,"bis(2-ethylhexyl) azelate;1,9-bis(2-ethylhexyl) nonanedioate;Azelaic acid, bis(2-ethylhexyl) ester;bis(2-ethylhexyl) azelate;Bis(2-ethylhexyl) nonanedioate;bis(2-ethylhexyl) nonanedioate (nonanedioic acid, bis(2-ethylhexyl) ester);Di-2-ethylhexyl azelate;dioctyl azelate;Nonanedioic acid, 1,9-bis(2-ethylhexyl) ester;Nonanedioic acid, bis(2-ethylhexyl) ester",,,,,,,,,,,,,,,,,,,,,,,,,,,,,,,,,,,,,,,,,,,,,,,,,,,,,,,,,,,,,,,,,,,,,,,,,,,,,,,,,,,,,,,,,,,,,,,,,,,,,,,,,,,,,,,,,,,,,,,,,,,,,,,,Human Health Hazards#Repeated Dose Toxicity,Repeated Dose Toxicity HESS,NOEL,,False,No qualifier,Equal,,,,2003,,,,OECD TG 422,,,Rat,Absolute Organ Weight↓,,,,,,,,,,,,,,,,,,,,,,SD,Oral (Gavage),,,,,,Male,Main,"National Institute of Health Sciences, Japan",Thymus,ReproTox,Food and Drug Safety Center,Organ weights,1000,mg/kg bdwt/d,Administered dose(mass),100,mg/kg bdwt/d,Administered dose(mass),77.2,None,0,d,Time,,,,,,,,,,,,,,,,,,,,,,,,,,,,,,,,,,,,,,,,,,,,,,,,,,,,,,,,,,,,,,,,,,,,,,,,,,,,,,,,,,,,,,,,,,,,,,,,,,,,,,,,,,,,,,,,,,,,,,,,,,,,,,,,,,,,,,,,,,,,,,,,,,,,,,,,,,,,,,,,,42,d,Time,1000,,mg/kg bdwt/d,Administered dose(mass),1000,,mg/kg/d,Administered dose(mass)
103-24-2,"bis(2-ethylhexyl) azelate;1,9-bis(2-ethylhexyl) nonanedioate;Azelaic acid, bis(2-ethylhexyl) ester;bis(2-ethylhexyl) azelate;Bis(2-ethylhexyl) nonanedioate;bis(2-ethylhexyl) nonanedioate (nonanedioic acid, bis(2-ethylhexyl) ester);Di-2-ethylhexyl azelate;dioctyl azelate;Nonanedioic acid, 1,9-bis(2-ethylhexyl) ester;Nonanedioic acid, bis(2-ethylhexyl) ester",,,,,,,,,,,,,,,,,,,,,,,,,,,,,,,,,,,,,,,,,,,,,,,,,,,,,,,,,,,,,,,,,,,,,,,,,,,,,,,,,,,,,,,,,,,,,,,,,,,,,,,,,,,,,,,,,,,,,,,,,,,,,,,,Human Health Hazards#Repeated Dose Toxicity,Repeated Dose Toxicity HESS,NOEL,,False,No qualifier,Equal,,,,2003,,,,OECD TG 422,,,Rat,Atrophy,,,,,,,,,,,,,,,,,,,,,,SD,Oral (Gavage),,,,,,Male,Main,"National Institute of Health Sciences, Japan",Thymus,ReproTox,Food and Drug Safety Center,Histopathological findings,1000,mg/kg bdwt/d,Administered dose(mass),100,mg/kg bdwt/d,Administered dose(mass),77.2,None,0,d,Time,Thymocyte,,,,,,,,,,,,,,,,,,,,,,,,,,,,,,,,,,,,,,,,,,,,,,,,,,,,,,,,,,,,,,,,,,,,,,,,,,,,,,,,,,,,,,,,,,,,,,,,,,,,,,,,,,,,,,,,,,,,,,,,,,,,,,,,,,,,,,,,,,,,,,,,,,,,,,,,,,,,,,,,42,d,Time,1000,,mg/kg bdwt/d,Administered dose(mass),1000,,mg/kg/d,Administered dose(mass)
103-24-2,"bis(2-ethylhexyl) azelate;1,9-bis(2-ethylhexyl) nonanedioate;Azelaic acid, bis(2-ethylhexyl) ester;bis(2-ethylhexyl) azelate;Bis(2-ethylhexyl) nonanedioate;bis(2-ethylhexyl) nonanedioate (nonanedioic acid, bis(2-ethylhexyl) ester);Di-2-ethylhexyl azelate;dioctyl azelate;Nonanedioic acid, 1,9-bis(2-ethylhexyl) ester;Nonanedioic acid, bis(2-ethylhexyl) ester",,,,,,,,,,,,,,,,,,,,,,,,,,,,,,,,,,,,,,,,,,,,,,,,,,,,,,,,,,,,,,,,,,,,,,,,,,,,,,,,,,,,,,,,,,,,,,,,,,,,,,,,,,,,,,,,,,,,,,,,,,,,,,,,Human Health Hazards#Repeated Dose Toxicity,Repeated Dose Toxicity HESS,NOEL,,False,No qualifier,Equal,,,,2003,,,,OECD TG 422,,,Rat,Atrophy (Necropsy),,,,,,,,,,,,,,,,,,,,,,SD,Oral (Gavage),,,,,,Male,Main,"National Institute of Health Sciences, Japan",Thymus,ReproTox,Food and Drug Safety Center,Necropsy,1000,mg/kg bdwt/d,Administered dose(mass),100,mg/kg bdwt/d,Administered dose(mass),77.2,None,0,d,Time,,,,,,,,,,,,,,,,,,,,,,,,,,,,,,,,,,,,,,,,,,,,,,,,,,,,,,,,,,,,,,,,,,,,,,,,,,,,,,,,,,,,,,,,,,,,,,,,,,,,,,,,,,,,,,,,,,,,,,,,,,,,,,,,,,,,,,,,,,,,,,,,,,,,,,,,,,,,,,,,,42,d,Time,1000,,mg/kg bdwt/d,Administered dose(mass),1000,,mg/kg/d,Administered dose(mass)
103-24-2,"bis(2-ethylhexyl) azelate;1,9-bis(2-ethylhexyl) nonanedioate;Azelaic acid, bis(2-ethylhexyl) ester;bis(2-ethylhexyl) azelate;Bis(2-ethylhexyl) nonanedioate;bis(2-ethylhexyl) nonanedioate (nonanedioic acid, bis(2-ethylhexyl) ester);Di-2-ethylhexyl azelate;dioctyl azelate;Nonanedioic acid, 1,9-bis(2-ethylhexyl) ester;Nonanedioic acid, bis(2-ethylhexyl) ester",,,,,,,,,,,,,,,,,,,,,,,,,,,,,,,,,,,,,,,,,,,,,,,,,,,,,,,,,,,,,,,,,,,,,,,,,,,,,,,,,,,,,,,,,,,,,,,,,,,,,,,,,,,,,,,,,,,,,,,,,,,,,,,,Human Health Hazards#Repeated Dose Toxicity,Repeated Dose Toxicity HESS,NOEL,,False,No qualifier,Equal,,,,2003,,,,OECD TG 422,,,Rat,Other Findings,,,,,,,,,,,,,,,,,,,,,,SD,Oral (Gavage),,,,,,Male,Main,"National Institute of Health Sciences, Japan",Thymus,ReproTox,Food and Drug Safety Center,Histopathological findings,1000,mg/kg bdwt/d,Administered dose(mass),100,mg/kg bdwt/d,Administered dose(mass),77.2,None,0,d,Time,,,,,,,,,,,,,,,,,,,,,,,,,,,,,,,,,,,,,,,,,,,,,,,,,,,,,,,,,,,,,,,,,,,,,,,,,,,,,,,,,,,,,,,,,,,,,,,,,,,,,,,,,,,,,,,,,,,,,,,,,,,,,,,,,,,,,,,,,,,,,,,,,,,,,,,,,,,,,,,,,42,d,Time,1000,,mg/kg bdwt/d,Administered dose(mass),1000,,mg/kg/d,Administered dose(mass)
103-24-2,"bis(2-ethylhexyl) azelate;1,9-bis(2-ethylhexyl) nonanedioate;Azelaic acid, bis(2-ethylhexyl) ester;bis(2-ethylhexyl) azelate;Bis(2-ethylhexyl) nonanedioate;bis(2-ethylhexyl) nonanedioate (nonanedioic acid, bis(2-ethylhexyl) ester);Di-2-ethylhexyl azelate;dioctyl azelate;Nonanedioic acid, 1,9-bis(2-ethylhexyl) ester;Nonanedioic acid, bis(2-ethylhexyl) ester",,,,,,,,,,,,,,,,,,,,,,,,,,,,,,,,,,,,,,,,,,,,,,,,,,,,,,,,,,,,,,,,,,,,,,,,,,,,,,,,,,,,,,,,,,,,,,,,,,,,,,,,,,,,,,,,,,,,,,,,,,,,,,,,Human Health Hazards#Repeated Dose Toxicity,Repeated Dose Toxicity HESS,NOEL,,False,No qualifier,Equal,,,,2003,,,,OECD TG 422,,,Rat,Other Findings,,,,,,,,,,,,,,,,,,,,,,SD,Oral (Gavage),,,,,,Male,Main,"National Institute of Health Sciences, Japan",Thymus,ReproTox,Food and Drug Safety Center,Necropsy,1000,mg/kg bdwt/d,Administered dose(mass),100,mg/kg bdwt/d,Administered dose(mass),77.2,None,0,d,Time,,,,,,,,,,,,,,,,,,,,,,,,,,,,,,,,,,,,,,,,,,,,,,,,,,,,,,,,,,,,,,,,,,,,,,,,,,,,,,,,,,,,,,,,,,,,,,,,,,,,,,,,,,,,,,,,,,,,,,,,,,,,,,,,,,,,,,,,,,,,,,,,,,,,,,,,,,,,,,,,,42,d,Time,1000,,mg/kg bdwt/d,Administered dose(mass),1000,,mg/kg/d,Administered dose(mass)
103-24-2,"bis(2-ethylhexyl) azelate;1,9-bis(2-ethylhexyl) nonanedioate;Azelaic acid, bis(2-ethylhexyl) ester;bis(2-ethylhexyl) azelate;Bis(2-ethylhexyl) nonanedioate;bis(2-ethylhexyl) nonanedioate (nonanedioic acid, bis(2-ethylhexyl) ester);Di-2-ethylhexyl azelate;dioctyl azelate;Nonanedioic acid, 1,9-bis(2-ethylhexyl) ester;Nonanedioic acid, bis(2-ethylhexyl) ester",,,,,,,,,,,,,,,,,,,,,,,,,,,,,,,,,,,,,,,,,,,,,,,,,,,,,,,,,,,,,,,,,,,,,,,,,,,,,,,,,,,,,,,,,,,,,,,,,,,,,,,,,,,,,,,,,,,,,,,,,,,,,,,,Human Health Hazards#Repeated Dose Toxicity,Repeated Dose Toxicity HESS,NOEL,,False,No qualifier,Equal,,,,2003,,,,OECD TG 422,,,Rat,Relative Organ Weight↑,,,,,,,,,,,,,,,,,,,,,,SD,Oral (Gavage),,,,,,Male,Main,"National Institute of Health Sciences, Japan",Thymus,ReproTox,Food and Drug Safety Center,Organ weights,1000,mg/kg bdwt/d,Administered dose(mass),100,mg/kg bdwt/d,Administered dose(mass),77.2,None,0,d,Time,,,,,,,,,,,,,,,,,,,,,,,,,,,,,,,,,,,,,,,,,,,,,,,,,,,,,,,,,,,,,,,,,,,,,,,,,,,,,,,,,,,,,,,,,,,,,,,,,,,,,,,,,,,,,,,,,,,,,,,,,,,,,,,,,,,,,,,,,,,,,,,,,,,,,,,,,,,,,,,,,42,d,Time,1000,,mg/kg bdwt/d,Administered dose(mass),1000,,mg/kg/d,Administered dose(mass)
103-24-2,"bis(2-ethylhexyl) azelate;1,9-bis(2-ethylhexyl) nonanedioate;Azelaic acid, bis(2-ethylhexyl) ester;bis(2-ethylhexyl) azelate;Bis(2-ethylhexyl) nonanedioate;bis(2-ethylhexyl) nonanedioate (nonanedioic acid, bis(2-ethylhexyl) ester);Di-2-ethylhexyl azelate;dioctyl azelate;Nonanedioic acid, 1,9-bis(2-ethylhexyl) ester;Nonanedioic acid, bis(2-ethylhexyl) ester",,,,,,,,,,,,,,,,,,,,,,,,,,,,,,,,,,,,,,,,,,,,,,,,,,,,,,,,,,,,,,,,,,,,,,,,,,,,,,,,,,,,,,,,,,,,,,,,,,,,,,,,,,,,,,,,,,,,,,,,,,,,,,,,Human Health Hazards#Repeated Dose Toxicity,Repeated Dose Toxicity HESS,NOEL,,False,No qualifier,Equal,,,,2003,,,,OECD TG 422,,,Rat,Relative Organ Weight↓,,,,,,,,,,,,,,,,,,,,,,SD,Oral (Gavage),,,,,,Male,Main,"National Institute of Health Sciences, Japan",Thymus,ReproTox,Food and Drug Safety Center,Organ weights,1000,mg/kg bdwt/d,Administered dose(mass),100,mg/kg bdwt/d,Administered dose(mass),77.2,None,0,d,Time,,,,,,,,,,,,,,,,,,,,,,,,,,,,,,,,,,,,,,,,,,,,,,,,,,,,,,,,,,,,,,,,,,,,,,,,,,,,,,,,,,,,,,,,,,,,,,,,,,,,,,,,,,,,,,,,,,,,,,,,,,,,,,,,,,,,,,,,,,,,,,,,,,,,,,,,,,,,,,,,,42,d,Time,1000,,mg/kg bdwt/d,Administered dose(mass),1000,,mg/kg/d,Administered dose(mass)
103-24-2,"bis(2-ethylhexyl) azelate;1,9-bis(2-ethylhexyl) nonanedioate;Azelaic acid, bis(2-ethylhexyl) ester;bis(2-ethylhexyl) azelate;Bis(2-ethylhexyl) nonanedioate;bis(2-ethylhexyl) nonanedioate (nonanedioic acid, bis(2-ethylhexyl) ester);Di-2-ethylhexyl azelate;dioctyl azelate;Nonanedioic acid, 1,9-bis(2-ethylhexyl) ester;Nonanedioic acid, bis(2-ethylhexyl) ester",,,,,,,,,,,,,,,,,,,,,,,,,,,,,,,,,,,,,,,,,,,,,,,,,,,,,,,,,,,,,,,,,,,,,,,,,,,,,,,,,,,,,,,,,,,,,,,,,,,,,,,,,,,,,,,,,,,,,,,,,,,,,,,,Human Health Hazards#Repeated Dose Toxicity,Repeated Dose Toxicity HESS,NOEL,,False,No qualifier,Equal,,,,2003,,,,OECD TG 422,,,Rat,Atrophy (Necropsy),,,,,,,,,,,,,,,,,,,,,,SD,Oral (Gavage),,,,,,Male,Main,"National Institute of Health Sciences, Japan",Thyroid　Gland,ReproTox,Food and Drug Safety Center,Necropsy,1000,mg/kg bdwt/d,Administered dose(mass),100,mg/kg bdwt/d,Administered dose(mass),77.2,None,0,d,Time,,,,,,,,,,,,,,,,,,,,,,,,,,,,,,,,,,,,,,,,,,,,,,,,,,,,,,,,,,,,,,,,,,,,,,,,,,,,,,,,,,,,,,,,,,,,,,,,,,,,,,,,,,,,,,,,,,,,,,,,,,,,,,,,,,,,,,,,,,,,,,,,,,,,,,,,,,,,,,,,,42,d,Time,1000,,mg/kg bdwt/d,Administered dose(mass),1000,,mg/kg/d,Administered dose(mass)
103-24-2,"bis(2-ethylhexyl) azelate;1,9-bis(2-ethylhexyl) nonanedioate;Azelaic acid, bis(2-ethylhexyl) ester;bis(2-ethylhexyl) azelate;Bis(2-ethylhexyl) nonanedioate;bis(2-ethylhexyl) nonanedioate (nonanedioic acid, bis(2-ethylhexyl) ester);Di-2-ethylhexyl azelate;dioctyl azelate;Nonanedioic acid, 1,9-bis(2-ethylhexyl) ester;Nonanedioic acid, bis(2-ethylhexyl) ester",,,,,,,,,,,,,,,,,,,,,,,,,,,,,,,,,,,,,,,,,,,,,,,,,,,,,,,,,,,,,,,,,,,,,,,,,,,,,,,,,,,,,,,,,,,,,,,,,,,,,,,,,,,,,,,,,,,,,,,,,,,,,,,,Human Health Hazards#Repeated Dose Toxicity,Repeated Dose Toxicity HESS,NOEL,,False,No qualifier,Equal,,,,2003,,,,OECD TG 422,,,Rat,Castration Cell↑,,,,,,,,,,,,,,,,,,,,,,SD,Oral (Gavage),,,,,,Male,Main,"National Institute of Health Sciences, Japan",Thyroid　Gland,ReproTox,Food and Drug Safety Center,Histopathological findings,1000,mg/kg bdwt/d,Administered dose(mass),100,mg/kg bdwt/d,Administered dose(mass),77.2,None,0,d,Time,,,,,,,,,,,,,,,,,,,,,,,,,,,,,,,,,,,,,,,,,,,,,,,,,,,,,,,,,,,,,,,,,,,,,,,,,,,,,,,,,,,,,,,,,,,,,,,,,,,,,,,,,,,,,,,,,,,,,,,,,,,,,,,,,,,,,,,,,,,,,,,,,,,,,,,,,,,,,,,,,42,d,Time,1000,,mg/kg bdwt/d,Administered dose(mass),1000,,mg/kg/d,Administered dose(mass)
103-24-2,"bis(2-ethylhexyl) azelate;1,9-bis(2-ethylhexyl) nonanedioate;Azelaic acid, bis(2-ethylhexyl) ester;bis(2-ethylhexyl) azelate;Bis(2-ethylhexyl) nonanedioate;bis(2-ethylhexyl) nonanedioate (nonanedioic acid, bis(2-ethylhexyl) ester);Di-2-ethylhexyl azelate;dioctyl azelate;Nonanedioic acid, 1,9-bis(2-ethylhexyl) ester;Nonanedioic acid, bis(2-ethylhexyl) ester",,,,,,,,,,,,,,,,,,,,,,,,,,,,,,,,,,,,,,,,,,,,,,,,,,,,,,,,,,,,,,,,,,,,,,,,,,,,,,,,,,,,,,,,,,,,,,,,,,,,,,,,,,,,,,,,,,,,,,,,,,,,,,,,Human Health Hazards#Repeated Dose Toxicity,Repeated Dose Toxicity HESS,NOEL,,False,No qualifier,Equal,,,,2003,,,,OECD TG 422,,,Rat,Cell Infiltration/Inflamation,,,,,,,,,,,,,,,,,,,,,,SD,Oral (Gavage),,,,,,Male,Main,"National Institute of Health Sciences, Japan",Thyroid　Gland,ReproTox,Food and Drug Safety Center,Histopathological findings,1000,mg/kg bdwt/d,Administered dose(mass),100,mg/kg bdwt/d,Administered dose(mass),77.2,None,0,d,Time,,,,,,,,,,,,,,,,,,,,,,,,,,,,,,,,,,,,,,,,,,,,,,,,,,,,,,,,,,,,,,,,,,,,,,,,,,,,,,,,,,,,,,,,,,,,,,,,,,,,,,,,,,,,,,,,,,,,,,,,,,,,,,,,,,,,,,,,,,,,,,,,,,,,,,,,,,,,,,,,,42,d,Time,1000,,mg/kg bdwt/d,Administered dose(mass),1000,,mg/kg/d,Administered dose(mass)
103-24-2,"bis(2-ethylhexyl) azelate;1,9-bis(2-ethylhexyl) nonanedioate;Azelaic acid, bis(2-ethylhexyl) ester;bis(2-ethylhexyl) azelate;Bis(2-ethylhexyl) nonanedioate;bis(2-ethylhexyl) nonanedioate (nonanedioic acid, bis(2-ethylhexyl) ester);Di-2-ethylhexyl azelate;dioctyl azelate;Nonanedioic acid, 1,9-bis(2-ethylhexyl) ester;Nonanedioic acid, bis(2-ethylhexyl) ester",,,,,,,,,,,,,,,,,,,,,,,,,,,,,,,,,,,,,,,,,,,,,,,,,,,,,,,,,,,,,,,,,,,,,,,,,,,,,,,,,,,,,,,,,,,,,,,,,,,,,,,,,,,,,,,,,,,,,,,,,,,,,,,,Human Health Hazards#Repeated Dose Toxicity,Repeated Dose Toxicity HESS,NOEL,,False,No qualifier,Equal,,,,2003,,,,OECD TG 422,,,Rat,Colloid↓,,,,,,,,,,,,,,,,,,,,,,SD,Oral (Gavage),,,,,,Male,Main,"National Institute of Health Sciences, Japan",Thyroid　Gland,ReproTox,Food and Drug Safety Center,Histopathological findings,1000,mg/kg bdwt/d,Administered dose(mass),100,mg/kg bdwt/d,Administered dose(mass),77.2,None,0,d,Time,,,,,,,,,,,,,,,,,,,,,,,,,,,,,,,,,,,,,,,,,,,,,,,,,,,,,,,,,,,,,,,,,,,,,,,,,,,,,,,,,,,,,,,,,,,,,,,,,,,,,,,,,,,,,,,,,,,,,,,,,,,,,,,,,,,,,,,,,,,,,,,,,,,,,,,,,,,,,,,,,42,d,Time,1000,,mg/kg bdwt/d,Administered dose(mass),1000,,mg/kg/d,Administered dose(mass)
103-24-2,"bis(2-ethylhexyl) azelate;1,9-bis(2-ethylhexyl) nonanedioate;Azelaic acid, bis(2-ethylhexyl) ester;bis(2-ethylhexyl) azelate;Bis(2-ethylhexyl) nonanedioate;bis(2-ethylhexyl) nonanedioate (nonanedioic acid, bis(2-ethylhexyl) ester);Di-2-ethylhexyl azelate;dioctyl azelate;Nonanedioic acid, 1,9-bis(2-ethylhexyl) ester;Nonanedioic acid, bis(2-ethylhexyl) ester",,,,,,,,,,,,,,,,,,,,,,,,,,,,,,,,,,,,,,,,,,,,,,,,,,,,,,,,,,,,,,,,,,,,,,,,,,,,,,,,,,,,,,,,,,,,,,,,,,,,,,,,,,,,,,,,,,,,,,,,,,,,,,,,Human Health Hazards#Repeated Dose Toxicity,Repeated Dose Toxicity HESS,NOEL,,False,No qualifier,Equal,,,,2003,,,,OECD TG 422,,,Rat,Enlarged (Necropsy),,,,,,,,,,,,,,,,,,,,,,SD,Oral (Gavage),,,,,,Male,Main,"National Institute of Health Sciences, Japan",Thyroid　Gland,ReproTox,Food and Drug Safety Center,Necropsy,1000,mg/kg bdwt/d,Administered dose(mass),100,mg/kg bdwt/d,Administered dose(mass),77.2,None,0,d,Time,,,,,,,,,,,,,,,,,,,,,,,,,,,,,,,,,,,,,,,,,,,,,,,,,,,,,,,,,,,,,,,,,,,,,,,,,,,,,,,,,,,,,,,,,,,,,,,,,,,,,,,,,,,,,,,,,,,,,,,,,,,,,,,,,,,,,,,,,,,,,,,,,,,,,,,,,,,,,,,,,42,d,Time,1000,,mg/kg bdwt/d,Administered dose(mass),1000,,mg/kg/d,Administered dose(mass)
103-24-2,"bis(2-ethylhexyl) azelate;1,9-bis(2-ethylhexyl) nonanedioate;Azelaic acid, bis(2-ethylhexyl) ester;bis(2-ethylhexyl) azelate;Bis(2-ethylhexyl) nonanedioate;bis(2-ethylhexyl) nonanedioate (nonanedioic acid, bis(2-ethylhexyl) ester);Di-2-ethylhexyl azelate;dioctyl azelate;Nonanedioic acid, 1,9-bis(2-ethylhexyl) ester;Nonanedioic acid, bis(2-ethylhexyl) ester",,,,,,,,,,,,,,,,,,,,,,,,,,,,,,,,,,,,,,,,,,,,,,,,,,,,,,,,,,,,,,,,,,,,,,,,,,,,,,,,,,,,,,,,,,,,,,,,,,,,,,,,,,,,,,,,,,,,,,,,,,,,,,,,Human Health Hazards#Repeated Dose Toxicity,Repeated Dose Toxicity HESS,NOEL,,False,No qualifier,Equal,,,,2003,,,,OECD TG 422,,,Rat,Hyperplasia/Hypertrophy Follicular Cell,,,,,,,,,,,,,,,,,,,,,,SD,Oral (Gavage),,,,,,Male,Main,"National Institute of Health Sciences, Japan",Thyroid　Gland,ReproTox,Food and Drug Safety Center,Histopathological findings,1000,mg/kg bdwt/d,Administered dose(mass),100,mg/kg bdwt/d,Administered dose(mass),77.2,None,0,d,Time,,,,,,,,,,,,,,,,,,,,,,,,,,,,,,,,,,,,,,,,,,,,,,,,,,,,,,,,,,,,,,,,,,,,,,,,,,,,,,,,,,,,,,,,,,,,,,,,,,,,,,,,,,,,,,,,,,,,,,,,,,,,,,,,,,,,,,,,,,,,,,,,,,,,,,,,,,,,,,,,,42,d,Time,1000,,mg/kg bdwt/d,Administered dose(mass),1000,,mg/kg/d,Administered dose(mass)
103-24-2,"bis(2-ethylhexyl) azelate;1,9-bis(2-ethylhexyl) nonanedioate;Azelaic acid, bis(2-ethylhexyl) ester;bis(2-ethylhexyl) azelate;Bis(2-ethylhexyl) nonanedioate;bis(2-ethylhexyl) nonanedioate (nonanedioic acid, bis(2-ethylhexyl) ester);Di-2-ethylhexyl azelate;dioctyl azelate;Nonanedioic acid, 1,9-bis(2-ethylhexyl) ester;Nonanedioic acid, bis(2-ethylhexyl) ester",,,,,,,,,,,,,,,,,,,,,,,,,,,,,,,,,,,,,,,,,,,,,,,,,,,,,,,,,,,,,,,,,,,,,,,,,,,,,,,,,,,,,,,,,,,,,,,,,,,,,,,,,,,,,,,,,,,,,,,,,,,,,,,,Human Health Hazards#Repeated Dose Toxicity,Repeated Dose Toxicity HESS,NOEL,,False,No qualifier,Equal,,,,2003,,,,OECD TG 422,,,Rat,Other Findings,,,,,,,,,,,,,,,,,,,,,,SD,Oral (Gavage),,,,,,Male,Main,"National Institute of Health Sciences, Japan",Thyroid　Gland,ReproTox,Food and Drug Safety Center,Histopathological findings,1000,mg/kg bdwt/d,Administered dose(mass),100,mg/kg bdwt/d,Administered dose(mass),77.2,None,0,d,Time,,,,,,,,,,,,,,,,,,,,,,,,,,,,,,,,,,,,,,,,,,,,,,,,,,,,,,,,,,,,,,,,,,,,,,,,,,,,,,,,,,,,,,,,,,,,,,,,,,,,,,,,,,,,,,,,,,,,,,,,,,,,,,,,,,,,,,,,,,,,,,,,,,,,,,,,,,,,,,,,,42,d,Time,1000,,mg/kg bdwt/d,Administered dose(mass),1000,,mg/kg/d,Administered dose(mass)
103-24-2,"bis(2-ethylhexyl) azelate;1,9-bis(2-ethylhexyl) nonanedioate;Azelaic acid, bis(2-ethylhexyl) ester;bis(2-ethylhexyl) azelate;Bis(2-ethylhexyl) nonanedioate;bis(2-ethylhexyl) nonanedioate (nonanedioic acid, bis(2-ethylhexyl) ester);Di-2-ethylhexyl azelate;dioctyl azelate;Nonanedioic acid, 1,9-bis(2-ethylhexyl) ester;Nonanedioic acid, bis(2-ethylhexyl) ester",,,,,,,,,,,,,,,,,,,,,,,,,,,,,,,,,,,,,,,,,,,,,,,,,,,,,,,,,,,,,,,,,,,,,,,,,,,,,,,,,,,,,,,,,,,,,,,,,,,,,,,,,,,,,,,,,,,,,,,,,,,,,,,,Human Health Hazards#Repeated Dose Toxicity,Repeated Dose Toxicity HESS,NOEL,,False,No qualifier,Equal,,,,2003,,,,OECD TG 422,,,Rat,Other Findings,,,,,,,,,,,,,,,,,,,,,,SD,Oral (Gavage),,,,,,Male,Main,"National Institute of Health Sciences, Japan",Thyroid　Gland,ReproTox,Food and Drug Safety Center,Necropsy,1000,mg/kg bdwt/d,Administered dose(mass),100,mg/kg bdwt/d,Administered dose(mass),77.2,None,0,d,Time,,,,,,,,,,,,,,,,,,,,,,,,,,,,,,,,,,,,,,,,,,,,,,,,,,,,,,,,,,,,,,,,,,,,,,,,,,,,,,,,,,,,,,,,,,,,,,,,,,,,,,,,,,,,,,,,,,,,,,,,,,,,,,,,,,,,,,,,,,,,,,,,,,,,,,,,,,,,,,,,,42,d,Time,1000,,mg/kg bdwt/d,Administered dose(mass),1000,,mg/kg/d,Administered dose(mass)
103-24-2,"bis(2-ethylhexyl) azelate;1,9-bis(2-ethylhexyl) nonanedioate;Azelaic acid, bis(2-ethylhexyl) ester;bis(2-ethylhexyl) azelate;Bis(2-ethylhexyl) nonanedioate;bis(2-ethylhexyl) nonanedioate (nonanedioic acid, bis(2-ethylhexyl) ester);Di-2-ethylhexyl azelate;dioctyl azelate;Nonanedioic acid, 1,9-bis(2-ethylhexyl) ester;Nonanedioic acid, bis(2-ethylhexyl) ester",,,,,,,,,,,,,,,,,,,,,,,,,,,,,,,,,,,,,,,,,,,,,,,,,,,,,,,,,,,,,,,,,,,,,,,,,,,,,,,,,,,,,,,,,,,,,,,,,,,,,,,,,,,,,,,,,,,,,,,,,,,,,,,,Human Health Hazards#Repeated Dose Toxicity,Repeated Dose Toxicity HESS,NOEL,,False,No qualifier,Equal,,,,2003,,,,OECD TG 422,,,Rat,,,,,,,,,,,,,,,,,,,,,,,SD,Oral (Gavage),,,,,,Male,Main,"National Institute of Health Sciences, Japan",Trachea,ReproTox,Food and Drug Safety Center,Histopathological findings,1000,mg/kg bdwt/d,Administered dose(mass),100,mg/kg bdwt/d,Administered dose(mass),77.2,None,0,d,Time,,,,,,,,,,,,,,,,,,,,,,,,,,,,,,,,,,,,,,,,,,,,,,,,,,,,,,,,,,,,,,,,,,,,,,,,,,,,,,,,,,,,,,,,,,,,,,,,,,,,,,,,,,,,,,,,,,,,,,,,,,,,,,,,,,,,,,,,,,,,,,,,,,,,,,,,,,,,,,,,,42,d,Time,1000,,mg/kg bdwt/d,Administered dose(mass),1000,,mg/kg/d,Administered dose(mass)
103-24-2,"bis(2-ethylhexyl) azelate;1,9-bis(2-ethylhexyl) nonanedioate;Azelaic acid, bis(2-ethylhexyl) ester;bis(2-ethylhexyl) azelate;Bis(2-ethylhexyl) nonanedioate;bis(2-ethylhexyl) nonanedioate (nonanedioic acid, bis(2-ethylhexyl) ester);Di-2-ethylhexyl azelate;dioctyl azelate;Nonanedioic acid, 1,9-bis(2-ethylhexyl) ester;Nonanedioic acid, bis(2-ethylhexyl) ester",,,,,,,,,,,,,,,,,,,,,,,,,,,,,,,,,,,,,,,,,,,,,,,,,,,,,,,,,,,,,,,,,,,,,,,,,,,,,,,,,,,,,,,,,,,,,,,,,,,,,,,,,,,,,,,,,,,,,,,,,,,,,,,,Human Health Hazards#Repeated Dose Toxicity,Repeated Dose Toxicity HESS,NOEL,,False,No qualifier,Equal,,,,2003,,,,OECD TG 422,,,Rat,,,,,,,,,,,,,,,,,,,,,,,SD,Oral (Gavage),,,,,,Male,Main,"National Institute of Health Sciences, Japan",Trachea,ReproTox,Food and Drug Safety Center,Necropsy,1000,mg/kg bdwt/d,Administered dose(mass),100,mg/kg bdwt/d,Administered dose(mass),77.2,None,0,d,Time,,,,,,,,,,,,,,,,,,,,,,,,,,,,,,,,,,,,,,,,,,,,,,,,,,,,,,,,,,,,,,,,,,,,,,,,,,,,,,,,,,,,,,,,,,,,,,,,,,,,,,,,,,,,,,,,,,,,,,,,,,,,,,,,,,,,,,,,,,,,,,,,,,,,,,,,,,,,,,,,,42,d,Time,1000,,mg/kg bdwt/d,Administered dose(mass),1000,,mg/kg/d,Administered dose(mass)
103-24-2,"bis(2-ethylhexyl) azelate;1,9-bis(2-ethylhexyl) nonanedioate;Azelaic acid, bis(2-ethylhexyl) ester;bis(2-ethylhexyl) azelate;Bis(2-ethylhexyl) nonanedioate;bis(2-ethylhexyl) nonanedioate (nonanedioic acid, bis(2-ethylhexyl) ester);Di-2-ethylhexyl azelate;dioctyl azelate;Nonanedioic acid, 1,9-bis(2-ethylhexyl) ester;Nonanedioic acid, bis(2-ethylhexyl) ester",,,,,,,,,,,,,,,,,,,,,,,,,,,,,,,,,,,,,,,,,,,,,,,,,,,,,,,,,,,,,,,,,,,,,,,,,,,,,,,,,,,,,,,,,,,,,,,,,,,,,,,,,,,,,,,,,,,,,,,,,,,,,,,,Human Health Hazards#Repeated Dose Toxicity,Repeated Dose Toxicity HESS,NOEL,,False,No qualifier,Equal,,,,2003,,,,OECD TG 422,,,Rat,Cell Infiltration/Inflamation,,,,,,,,,,,,,,,,,,,,,,SD,Oral (Gavage),,,,,,Male,Main,"National Institute of Health Sciences, Japan",Urinary bladder,ReproTox,Food and Drug Safety Center,Histopathological findings,1000,mg/kg bdwt/d,Administered dose(mass),100,mg/kg bdwt/d,Administered dose(mass),77.2,None,0,d,Time,,,,,,,,,,,,,,,,,,,,,,,,,,,,,,,,,,,,,,,,,,,,,,,,,,,,,,,,,,,,,,,,,,,,,,,,,,,,,,,,,,,,,,,,,,,,,,,,,,,,,,,,,,,,,,,,,,,,,,,,,,,,,,,,,,,,,,,,,,,,,,,,,,,,,,,,,,,,,,,,,42,d,Time,1000,,mg/kg bdwt/d,Administered dose(mass),1000,,mg/kg/d,Administered dose(mass)
103-24-2,"bis(2-ethylhexyl) azelate;1,9-bis(2-ethylhexyl) nonanedioate;Azelaic acid, bis(2-ethylhexyl) ester;bis(2-ethylhexyl) azelate;Bis(2-ethylhexyl) nonanedioate;bis(2-ethylhexyl) nonanedioate (nonanedioic acid, bis(2-ethylhexyl) ester);Di-2-ethylhexyl azelate;dioctyl azelate;Nonanedioic acid, 1,9-bis(2-ethylhexyl) ester;Nonanedioic acid, bis(2-ethylhexyl) ester",,,,,,,,,,,,,,,,,,,,,,,,,,,,,,,,,,,,,,,,,,,,,,,,,,,,,,,,,,,,,,,,,,,,,,,,,,,,,,,,,,,,,,,,,,,,,,,,,,,,,,,,,,,,,,,,,,,,,,,,,,,,,,,,Human Health Hazards#Repeated Dose Toxicity,Repeated Dose Toxicity HESS,NOEL,,False,No qualifier,Equal,,,,2003,,,,OECD TG 422,,,Rat,Hemorrhage,,,,,,,,,,,,,,,,,,,,,,SD,Oral (Gavage),,,,,,Male,Main,"National Institute of Health Sciences, Japan",Urinary bladder,ReproTox,Food and Drug Safety Center,Histopathological findings,1000,mg/kg bdwt/d,Administered dose(mass),100,mg/kg bdwt/d,Administered dose(mass),77.2,None,0,d,Time,,,,,,,,,,,,,,,,,,,,,,,,,,,,,,,,,,,,,,,,,,,,,,,,,,,,,,,,,,,,,,,,,,,,,,,,,,,,,,,,,,,,,,,,,,,,,,,,,,,,,,,,,,,,,,,,,,,,,,,,,,,,,,,,,,,,,,,,,,,,,,,,,,,,,,,,,,,,,,,,,42,d,Time,1000,,mg/kg bdwt/d,Administered dose(mass),1000,,mg/kg/d,Administered dose(mass)
103-24-2,"bis(2-ethylhexyl) azelate;1,9-bis(2-ethylhexyl) nonanedioate;Azelaic acid, bis(2-ethylhexyl) ester;bis(2-ethylhexyl) azelate;Bis(2-ethylhexyl) nonanedioate;bis(2-ethylhexyl) nonanedioate (nonanedioic acid, bis(2-ethylhexyl) ester);Di-2-ethylhexyl azelate;dioctyl azelate;Nonanedioic acid, 1,9-bis(2-ethylhexyl) ester;Nonanedioic acid, bis(2-ethylhexyl) ester",,,,,,,,,,,,,,,,,,,,,,,,,,,,,,,,,,,,,,,,,,,,,,,,,,,,,,,,,,,,,,,,,,,,,,,,,,,,,,,,,,,,,,,,,,,,,,,,,,,,,,,,,,,,,,,,,,,,,,,,,,,,,,,,Human Health Hazards#Repeated Dose Toxicity,Repeated Dose Toxicity HESS,NOEL,,False,No qualifier,Equal,,,,2003,,,,OECD TG 422,,,Rat,Hyperplasia/thickened Epithelial Cell,,,,,,,,,,,,,,,,,,,,,,SD,Oral (Gavage),,,,,,Male,Main,"National Institute of Health Sciences, Japan",Urinary bladder,ReproTox,Food and Drug Safety Center,Histopathological findings,1000,mg/kg bdwt/d,Administered dose(mass),100,mg/kg bdwt/d,Administered dose(mass),77.2,None,0,d,Time,,,,,,,,,,,,,,,,,,,,,,,,,,,,,,,,,,,,,,,,,,,,,,,,,,,,,,,,,,,,,,,,,,,,,,,,,,,,,,,,,,,,,,,,,,,,,,,,,,,,,,,,,,,,,,,,,,,,,,,,,,,,,,,,,,,,,,,,,,,,,,,,,,,,,,,,,,,,,,,,,42,d,Time,1000,,mg/kg bdwt/d,Administered dose(mass),1000,,mg/kg/d,Administered dose(mass)
103-24-2,"bis(2-ethylhexyl) azelate;1,9-bis(2-ethylhexyl) nonanedioate;Azelaic acid, bis(2-ethylhexyl) ester;bis(2-ethylhexyl) azelate;Bis(2-ethylhexyl) nonanedioate;bis(2-ethylhexyl) nonanedioate (nonanedioic acid, bis(2-ethylhexyl) ester);Di-2-ethylhexyl azelate;dioctyl azelate;Nonanedioic acid, 1,9-bis(2-ethylhexyl) ester;Nonanedioic acid, bis(2-ethylhexyl) ester",,,,,,,,,,,,,,,,,,,,,,,,,,,,,,,,,,,,,,,,,,,,,,,,,,,,,,,,,,,,,,,,,,,,,,,,,,,,,,,,,,,,,,,,,,,,,,,,,,,,,,,,,,,,,,,,,,,,,,,,,,,,,,,,Human Health Hazards#Repeated Dose Toxicity,Repeated Dose Toxicity HESS,NOEL,,False,No qualifier,Equal,,,,2003,,,,OECD TG 422,,,Rat,Other Findings,,,,,,,,,,,,,,,,,,,,,,SD,Oral (Gavage),,,,,,Male,Main,"National Institute of Health Sciences, Japan",Urinary bladder,ReproTox,Food and Drug Safety Center,Histopathological findings,1000,mg/kg bdwt/d,Administered dose(mass),100,mg/kg bdwt/d,Administered dose(mass),77.2,None,0,d,Time,,,,,,,,,,,,,,,,,,,,,,,,,,,,,,,,,,,,,,,,,,,,,,,,,,,,,,,,,,,,,,,,,,,,,,,,,,,,,,,,,,,,,,,,,,,,,,,,,,,,,,,,,,,,,,,,,,,,,,,,,,,,,,,,,,,,,,,,,,,,,,,,,,,,,,,,,,,,,,,,,42,d,Time,1000,,mg/kg bdwt/d,Administered dose(mass),1000,,mg/kg/d,Administered dose(mass)
103-24-2,"bis(2-ethylhexyl) azelate;1,9-bis(2-ethylhexyl) nonanedioate;Azelaic acid, bis(2-ethylhexyl) ester;bis(2-ethylhexyl) azelate;Bis(2-ethylhexyl) nonanedioate;bis(2-ethylhexyl) nonanedioate (nonanedioic acid, bis(2-ethylhexyl) ester);Di-2-ethylhexyl azelate;dioctyl azelate;Nonanedioic acid, 1,9-bis(2-ethylhexyl) ester;Nonanedioic acid, bis(2-ethylhexyl) ester",,,,,,,,,,,,,,,,,,,,,,,,,,,,,,,,,,,,,,,,,,,,,,,,,,,,,,,,,,,,,,,,,,,,,,,,,,,,,,,,,,,,,,,,,,,,,,,,,,,,,,,,,,,,,,,,,,,,,,,,,,,,,,,,Human Health Hazards#Repeated Dose Toxicity,Repeated Dose Toxicity HESS,NOEL,,False,No qualifier,Equal,,,,2003,,,,OECD TG 422,,,Rat,,,,,,,,,,,,,,,,,,,,,,,SD,Oral (Gavage),,,,,,Male,Main,"National Institute of Health Sciences, Japan",Urinary bladder,ReproTox,Food and Drug Safety Center,Necropsy,1000,mg/kg bdwt/d,Administered dose(mass),100,mg/kg bdwt/d,Administered dose(mass),77.2,None,0,d,Time,,,,,,,,,,,,,,,,,,,,,,,,,,,,,,,,,,,,,,,,,,,,,,,,,,,,,,,,,,,,,,,,,,,,,,,,,,,,,,,,,,,,,,,,,,,,,,,,,,,,,,,,,,,,,,,,,,,,,,,,,,,,,,,,,,,,,,,,,,,,,,,,,,,,,,,,,,,,,,,,,42,d,Time,1000,,mg/kg bdwt/d,Administered dose(mass),1000,,mg/kg/d,Administered dose(mass)
103-24-2,"bis(2-ethylhexyl) azelate;1,9-bis(2-ethylhexyl) nonanedioate;Azelaic acid, bis(2-ethylhexyl) ester;bis(2-ethylhexyl) azelate;Bis(2-ethylhexyl) nonanedioate;bis(2-ethylhexyl) nonanedioate (nonanedioic acid, bis(2-ethylhexyl) ester);Di-2-ethylhexyl azelate;dioctyl azelate;Nonanedioic acid, 1,9-bis(2-ethylhexyl) ester;Nonanedioic acid, bis(2-ethylhexyl) ester",,,,,,,,,,,,,,,,,,,,,,,,,,,,,,,,,,,,,,,,,,,,,,,,,,,,,,,,,,,,,,,,,,,,,,,,,,,,,,,,,,,,,,,,,,,,,,,,,,,,,,,,,,,,,,,,,,,,,,,,,,,,,,,,Human Health Hazards#Repeated Dose Toxicity,Repeated Dose Toxicity HESS,NOEL,,False,No qualifier,Equal,,,,2003,,,,OECD TG 422,,,Rat,Abnormal Appearance,,,,,,,,,,,,,,,,,,,,,,SD,Oral (Gavage),,,,,,Male,Main,"National Institute of Health Sciences, Japan",Whole body,ReproTox,Food and Drug Safety Center,FOB,1000,mg/kg bdwt/d,Administered dose(mass),100,mg/kg bdwt/d,Administered dose(mass),77.2,None,0,d,Time,,,,,,,,,,,,,,,,,,,,,,,,,,,,,,,,,,,,,,,,,,,,,,,,,,,,,,,,,,,,,,,,,,,,,,,,,,,,,,,,,,,,,,,,,,,,,,,,,,,,,,,,,,,,,,,,,,,,,,,,,,,,,,,,,,,,,,,,,,,,,,,,,,,,,,,,,,,,,,,,,42,d,Time,1000,,mg/kg bdwt/d,Administered dose(mass),1000,,mg/kg/d,Administered dose(mass)
103-24-2,"bis(2-ethylhexyl) azelate;1,9-bis(2-ethylhexyl) nonanedioate;Azelaic acid, bis(2-ethylhexyl) ester;bis(2-ethylhexyl) azelate;Bis(2-ethylhexyl) nonanedioate;bis(2-ethylhexyl) nonanedioate (nonanedioic acid, bis(2-ethylhexyl) ester);Di-2-ethylhexyl azelate;dioctyl azelate;Nonanedioic acid, 1,9-bis(2-ethylhexyl) ester;Nonanedioic acid, bis(2-ethylhexyl) ester",,,,,,,,,,,,,,,,,,,,,,,,,,,,,,,,,,,,,,,,,,,,,,,,,,,,,,,,,,,,,,,,,,,,,,,,,,,,,,,,,,,,,,,,,,,,,,,,,,,,,,,,,,,,,,,,,,,,,,,,,,,,,,,,Human Health Hazards#Repeated Dose Toxicity,Repeated Dose Toxicity HESS,NOEL,,False,No qualifier,Equal,,,,2003,,,,OECD TG 422,,,Rat,Abnormal Appearance,,,,,,,,,,,,,,,,,,,,,,SD,Oral (Gavage),,,,,,Male,Main,"National Institute of Health Sciences, Japan",Whole body,ReproTox,Food and Drug Safety Center,General signs,1000,mg/kg bdwt/d,Administered dose(mass),100,mg/kg bdwt/d,Administered dose(mass),77.2,None,0,d,Time,,,,,,,,,,,,,,,,,,,,,,,,,,,,,,,,,,,,,,,,,,,,,,,,,,,,,,,,,,,,,,,,,,,,,,,,,,,,,,,,,,,,,,,,,,,,,,,,,,,,,,,,,,,,,,,,,,,,,,,,,,,,,,,,,,,,,,,,,,,,,,,,,,,,,,,,,,,,,,,,,42,d,Time,1000,,mg/kg bdwt/d,Administered dose(mass),1000,,mg/kg/d,Administered dose(mass)
103-24-2,"bis(2-ethylhexyl) azelate;1,9-bis(2-ethylhexyl) nonanedioate;Azelaic acid, bis(2-ethylhexyl) ester;bis(2-ethylhexyl) azelate;Bis(2-ethylhexyl) nonanedioate;bis(2-ethylhexyl) nonanedioate (nonanedioic acid, bis(2-ethylhexyl) ester);Di-2-ethylhexyl azelate;dioctyl azelate;Nonanedioic acid, 1,9-bis(2-ethylhexyl) ester;Nonanedioic acid, bis(2-ethylhexyl) ester",,,,,,,,,,,,,,,,,,,,,,,,,,,,,,,,,,,,,,,,,,,,,,,,,,,,,,,,,,,,,,,,,,,,,,,,,,,,,,,,,,,,,,,,,,,,,,,,,,,,,,,,,,,,,,,,,,,,,,,,,,,,,,,,Human Health Hazards#Repeated Dose Toxicity,Repeated Dose Toxicity HESS,NOEL,,False,No qualifier,Equal,,,,2003,,,,OECD TG 422,,,Rat,Abnormal Behavior,,,,,,,,,,,,,,,,,,,,,,SD,Oral (Gavage),,,,,,Male,Main,"National Institute of Health Sciences, Japan",Whole body,ReproTox,Food and Drug Safety Center,FOB,1000,mg/kg bdwt/d,Administered dose(mass),100,mg/kg bdwt/d,Administered dose(mass),77.2,None,0,d,Time,,,,,,,,,,,,,,,,,,,,,,,,,,,,,,,,,,,,,,,,,,,,,,,,,,,,,,,,,,,,,,,,,,,,,,,,,,,,,,,,,,,,,,,,,,,,,,,,,,,,,,,,,,,,,,,,,,,,,,,,,,,,,,,,,,,,,,,,,,,,,,,,,,,,,,,,,,,,,,,,,42,d,Time,1000,,mg/kg bdwt/d,Administered dose(mass),1000,,mg/kg/d,Administered dose(mass)
103-24-2,"bis(2-ethylhexyl) azelate;1,9-bis(2-ethylhexyl) nonanedioate;Azelaic acid, bis(2-ethylhexyl) ester;bis(2-ethylhexyl) azelate;Bis(2-ethylhexyl) nonanedioate;bis(2-ethylhexyl) nonanedioate (nonanedioic acid, bis(2-ethylhexyl) ester);Di-2-ethylhexyl azelate;dioctyl azelate;Nonanedioic acid, 1,9-bis(2-ethylhexyl) ester;Nonanedioic acid, bis(2-ethylhexyl) ester",,,,,,,,,,,,,,,,,,,,,,,,,,,,,,,,,,,,,,,,,,,,,,,,,,,,,,,,,,,,,,,,,,,,,,,,,,,,,,,,,,,,,,,,,,,,,,,,,,,,,,,,,,,,,,,,,,,,,,,,,,,,,,,,Human Health Hazards#Repeated Dose Toxicity,Repeated Dose Toxicity HESS,NOEL,,False,No qualifier,Equal,,,,2003,,,,OECD TG 422,,,Rat,Abnormal Behavior,,,,,,,,,,,,,,,,,,,,,,SD,Oral (Gavage),,,,,,Male,Main,"National Institute of Health Sciences, Japan",Whole body,ReproTox,Food and Drug Safety Center,General signs,1000,mg/kg bdwt/d,Administered dose(mass),100,mg/kg bdwt/d,Administered dose(mass),77.2,None,0,d,Time,,,,,,,,,,,,,,,,,,,,,,,,,,,,,,,,,,,,,,,,,,,,,,,,,,,,,,,,,,,,,,,,,,,,,,,,,,,,,,,,,,,,,,,,,,,,,,,,,,,,,,,,,,,,,,,,,,,,,,,,,,,,,,,,,,,,,,,,,,,,,,,,,,,,,,,,,,,,,,,,,42,d,Time,1000,,mg/kg bdwt/d,Administered dose(mass),1000,,mg/kg/d,Administered dose(mass)
103-24-2,"bis(2-ethylhexyl) azelate;1,9-bis(2-ethylhexyl) nonanedioate;Azelaic acid, bis(2-ethylhexyl) ester;bis(2-ethylhexyl) azelate;Bis(2-ethylhexyl) nonanedioate;bis(2-ethylhexyl) nonanedioate (nonanedioic acid, bis(2-ethylhexyl) ester);Di-2-ethylhexyl azelate;dioctyl azelate;Nonanedioic acid, 1,9-bis(2-ethylhexyl) ester;Nonanedioic acid, bis(2-ethylhexyl) ester",,,,,,,,,,,,,,,,,,,,,,,,,,,,,,,,,,,,,,,,,,,,,,,,,,,,,,,,,,,,,,,,,,,,,,,,,,,,,,,,,,,,,,,,,,,,,,,,,,,,,,,,,,,,,,,,,,,,,,,,,,,,,,,,Human Health Hazards#Repeated Dose Toxicity,Repeated Dose Toxicity HESS,NOEL,,False,No qualifier,Equal,,,,2003,,,,OECD TG 422,,,Rat,Abnormal Body Position,,,,,,,,,,,,,,,,,,,,,,SD,Oral (Gavage),,,,,,Male,Main,"National Institute of Health Sciences, Japan",Whole body,ReproTox,Food and Drug Safety Center,FOB,1000,mg/kg bdwt/d,Administered dose(mass),100,mg/kg bdwt/d,Administered dose(mass),77.2,None,0,d,Time,,,,,,,,,,,,,,,,,,,,,,,,,,,,,,,,,,,,,,,,,,,,,,,,,,,,,,,,,,,,,,,,,,,,,,,,,,,,,,,,,,,,,,,,,,,,,,,,,,,,,,,,,,,,,,,,,,,,,,,,,,,,,,,,,,,,,,,,,,,,,,,,,,,,,,,,,,,,,,,,,42,d,Time,1000,,mg/kg bdwt/d,Administered dose(mass),1000,,mg/kg/d,Administered dose(mass)
103-24-2,"bis(2-ethylhexyl) azelate;1,9-bis(2-ethylhexyl) nonanedioate;Azelaic acid, bis(2-ethylhexyl) ester;bis(2-ethylhexyl) azelate;Bis(2-ethylhexyl) nonanedioate;bis(2-ethylhexyl) nonanedioate (nonanedioic acid, bis(2-ethylhexyl) ester);Di-2-ethylhexyl azelate;dioctyl azelate;Nonanedioic acid, 1,9-bis(2-ethylhexyl) ester;Nonanedioic acid, bis(2-ethylhexyl) ester",,,,,,,,,,,,,,,,,,,,,,,,,,,,,,,,,,,,,,,,,,,,,,,,,,,,,,,,,,,,,,,,,,,,,,,,,,,,,,,,,,,,,,,,,,,,,,,,,,,,,,,,,,,,,,,,,,,,,,,,,,,,,,,,Human Health Hazards#Repeated Dose Toxicity,Repeated Dose Toxicity HESS,NOEL,,False,No qualifier,Equal,,,,2003,,,,OECD TG 422,,,Rat,Abnormal Body Position,,,,,,,,,,,,,,,,,,,,,,SD,Oral (Gavage),,,,,,Male,Main,"National Institute of Health Sciences, Japan",Whole body,ReproTox,Food and Drug Safety Center,General signs,1000,mg/kg bdwt/d,Administered dose(mass),100,mg/kg bdwt/d,Administered dose(mass),77.2,None,0,d,Time,,,,,,,,,,,,,,,,,,,,,,,,,,,,,,,,,,,,,,,,,,,,,,,,,,,,,,,,,,,,,,,,,,,,,,,,,,,,,,,,,,,,,,,,,,,,,,,,,,,,,,,,,,,,,,,,,,,,,,,,,,,,,,,,,,,,,,,,,,,,,,,,,,,,,,,,,,,,,,,,,42,d,Time,1000,,mg/kg bdwt/d,Administered dose(mass),1000,,mg/kg/d,Administered dose(mass)
103-24-2,"bis(2-ethylhexyl) azelate;1,9-bis(2-ethylhexyl) nonanedioate;Azelaic acid, bis(2-ethylhexyl) ester;bis(2-ethylhexyl) azelate;Bis(2-ethylhexyl) nonanedioate;bis(2-ethylhexyl) nonanedioate (nonanedioic acid, bis(2-ethylhexyl) ester);Di-2-ethylhexyl azelate;dioctyl azelate;Nonanedioic acid, 1,9-bis(2-ethylhexyl) ester;Nonanedioic acid, bis(2-ethylhexyl) ester",,,,,,,,,,,,,,,,,,,,,,,,,,,,,,,,,,,,,,,,,,,,,,,,,,,,,,,,,,,,,,,,,,,,,,,,,,,,,,,,,,,,,,,,,,,,,,,,,,,,,,,,,,,,,,,,,,,,,,,,,,,,,,,,Human Health Hazards#Repeated Dose Toxicity,Repeated Dose Toxicity HESS,NOEL,,False,No qualifier,Equal,,,,2003,,,,OECD TG 422,,,Rat,Abnormal Breathing,,,,,,,,,,,,,,,,,,,,,,SD,Oral (Gavage),,,,,,Male,Main,"National Institute of Health Sciences, Japan",Whole body,ReproTox,Food and Drug Safety Center,FOB,1000,mg/kg bdwt/d,Administered dose(mass),100,mg/kg bdwt/d,Administered dose(mass),77.2,None,0,d,Time,,,,,,,,,,,,,,,,,,,,,,,,,,,,,,,,,,,,,,,,,,,,,,,,,,,,,,,,,,,,,,,,,,,,,,,,,,,,,,,,,,,,,,,,,,,,,,,,,,,,,,,,,,,,,,,,,,,,,,,,,,,,,,,,,,,,,,,,,,,,,,,,,,,,,,,,,,,,,,,,,42,d,Time,1000,,mg/kg bdwt/d,Administered dose(mass),1000,,mg/kg/d,Administered dose(mass)
103-24-2,"bis(2-ethylhexyl) azelate;1,9-bis(2-ethylhexyl) nonanedioate;Azelaic acid, bis(2-ethylhexyl) ester;bis(2-ethylhexyl) azelate;Bis(2-ethylhexyl) nonanedioate;bis(2-ethylhexyl) nonanedioate (nonanedioic acid, bis(2-ethylhexyl) ester);Di-2-ethylhexyl azelate;dioctyl azelate;Nonanedioic acid, 1,9-bis(2-ethylhexyl) ester;Nonanedioic acid, bis(2-ethylhexyl) ester",,,,,,,,,,,,,,,,,,,,,,,,,,,,,,,,,,,,,,,,,,,,,,,,,,,,,,,,,,,,,,,,,,,,,,,,,,,,,,,,,,,,,,,,,,,,,,,,,,,,,,,,,,,,,,,,,,,,,,,,,,,,,,,,Human Health Hazards#Repeated Dose Toxicity,Repeated Dose Toxicity HESS,NOEL,,False,No qualifier,Equal,,,,2003,,,,OECD TG 422,,,Rat,Abnormal Breathing,,,,,,,,,,,,,,,,,,,,,,SD,Oral (Gavage),,,,,,Male,Main,"National Institute of Health Sciences, Japan",Whole body,ReproTox,Food and Drug Safety Center,General signs,1000,mg/kg bdwt/d,Administered dose(mass),100,mg/kg bdwt/d,Administered dose(mass),77.2,None,0,d,Time,,,,,,,,,,,,,,,,,,,,,,,,,,,,,,,,,,,,,,,,,,,,,,,,,,,,,,,,,,,,,,,,,,,,,,,,,,,,,,,,,,,,,,,,,,,,,,,,,,,,,,,,,,,,,,,,,,,,,,,,,,,,,,,,,,,,,,,,,,,,,,,,,,,,,,,,,,,,,,,,,42,d,Time,1000,,mg/kg bdwt/d,Administered dose(mass),1000,,mg/kg/d,Administered dose(mass)
103-24-2,"bis(2-ethylhexyl) azelate;1,9-bis(2-ethylhexyl) nonanedioate;Azelaic acid, bis(2-ethylhexyl) ester;bis(2-ethylhexyl) azelate;Bis(2-ethylhexyl) nonanedioate;bis(2-ethylhexyl) nonanedioate (nonanedioic acid, bis(2-ethylhexyl) ester);Di-2-ethylhexyl azelate;dioctyl azelate;Nonanedioic acid, 1,9-bis(2-ethylhexyl) ester;Nonanedioic acid, bis(2-ethylhexyl) ester",,,,,,,,,,,,,,,,,,,,,,,,,,,,,,,,,,,,,,,,,,,,,,,,,,,,,,,,,,,,,,,,,,,,,,,,,,,,,,,,,,,,,,,,,,,,,,,,,,,,,,,,,,,,,,,,,,,,,,,,,,,,,,,,Human Health Hazards#Repeated Dose Toxicity,Repeated Dose Toxicity HESS,NOEL,,False,No qualifier,Equal,,,,2003,,,,OECD TG 422,,,Rat,Abnormal Fur,,,,,,,,,,,,,,,,,,,,,,SD,Oral (Gavage),,,,,,Male,Main,"National Institute of Health Sciences, Japan",Whole body,ReproTox,Food and Drug Safety Center,FOB,1000,mg/kg bdwt/d,Administered dose(mass),100,mg/kg bdwt/d,Administered dose(mass),77.2,None,0,d,Time,,,,,,,,,,,,,,,,,,,,,,,,,,,,,,,,,,,,,,,,,,,,,,,,,,,,,,,,,,,,,,,,,,,,,,,,,,,,,,,,,,,,,,,,,,,,,,,,,,,,,,,,,,,,,,,,,,,,,,,,,,,,,,,,,,,,,,,,,,,,,,,,,,,,,,,,,,,,,,,,,42,d,Time,1000,,mg/kg bdwt/d,Administered dose(mass),1000,,mg/kg/d,Administered dose(mass)
103-24-2,"bis(2-ethylhexyl) azelate;1,9-bis(2-ethylhexyl) nonanedioate;Azelaic acid, bis(2-ethylhexyl) ester;bis(2-ethylhexyl) azelate;Bis(2-ethylhexyl) nonanedioate;bis(2-ethylhexyl) nonanedioate (nonanedioic acid, bis(2-ethylhexyl) ester);Di-2-ethylhexyl azelate;dioctyl azelate;Nonanedioic acid, 1,9-bis(2-ethylhexyl) ester;Nonanedioic acid, bis(2-ethylhexyl) ester",,,,,,,,,,,,,,,,,,,,,,,,,,,,,,,,,,,,,,,,,,,,,,,,,,,,,,,,,,,,,,,,,,,,,,,,,,,,,,,,,,,,,,,,,,,,,,,,,,,,,,,,,,,,,,,,,,,,,,,,,,,,,,,,Human Health Hazards#Repeated Dose Toxicity,Repeated Dose Toxicity HESS,NOEL,,False,No qualifier,Equal,,,,2003,,,,OECD TG 422,,,Rat,Abnormal Fur,,,,,,,,,,,,,,,,,,,,,,SD,Oral (Gavage),,,,,,Male,Main,"National Institute of Health Sciences, Japan",Whole body,ReproTox,Food and Drug Safety Center,General signs,1000,mg/kg bdwt/d,Administered dose(mass),100,mg/kg bdwt/d,Administered dose(mass),77.2,None,0,d,Time,,,,,,,,,,,,,,,,,,,,,,,,,,,,,,,,,,,,,,,,,,,,,,,,,,,,,,,,,,,,,,,,,,,,,,,,,,,,,,,,,,,,,,,,,,,,,,,,,,,,,,,,,,,,,,,,,,,,,,,,,,,,,,,,,,,,,,,,,,,,,,,,,,,,,,,,,,,,,,,,,42,d,Time,1000,,mg/kg bdwt/d,Administered dose(mass),1000,,mg/kg/d,Administered dose(mass)
103-24-2,"bis(2-ethylhexyl) azelate;1,9-bis(2-ethylhexyl) nonanedioate;Azelaic acid, bis(2-ethylhexyl) ester;bis(2-ethylhexyl) azelate;Bis(2-ethylhexyl) nonanedioate;bis(2-ethylhexyl) nonanedioate (nonanedioic acid, bis(2-ethylhexyl) ester);Di-2-ethylhexyl azelate;dioctyl azelate;Nonanedioic acid, 1,9-bis(2-ethylhexyl) ester;Nonanedioic acid, bis(2-ethylhexyl) ester",,,,,,,,,,,,,,,,,,,,,,,,,,,,,,,,,,,,,,,,,,,,,,,,,,,,,,,,,,,,,,,,,,,,,,,,,,,,,,,,,,,,,,,,,,,,,,,,,,,,,,,,,,,,,,,,,,,,,,,,,,,,,,,,Human Health Hazards#Repeated Dose Toxicity,Repeated Dose Toxicity HESS,NOEL,,False,No qualifier,Equal,,,,2003,,,,OECD TG 422,,,Rat,Abnormal Gait,,,,,,,,,,,,,,,,,,,,,,SD,Oral (Gavage),,,,,,Male,Main,"National Institute of Health Sciences, Japan",Whole body,ReproTox,Food and Drug Safety Center,FOB,1000,mg/kg bdwt/d,Administered dose(mass),100,mg/kg bdwt/d,Administered dose(mass),77.2,None,0,d,Time,,,,,,,,,,,,,,,,,,,,,,,,,,,,,,,,,,,,,,,,,,,,,,,,,,,,,,,,,,,,,,,,,,,,,,,,,,,,,,,,,,,,,,,,,,,,,,,,,,,,,,,,,,,,,,,,,,,,,,,,,,,,,,,,,,,,,,,,,,,,,,,,,,,,,,,,,,,,,,,,,42,d,Time,1000,,mg/kg bdwt/d,Administered dose(mass),1000,,mg/kg/d,Administered dose(mass)
103-24-2,"bis(2-ethylhexyl) azelate;1,9-bis(2-ethylhexyl) nonanedioate;Azelaic acid, bis(2-ethylhexyl) ester;bis(2-ethylhexyl) azelate;Bis(2-ethylhexyl) nonanedioate;bis(2-ethylhexyl) nonanedioate (nonanedioic acid, bis(2-ethylhexyl) ester);Di-2-ethylhexyl azelate;dioctyl azelate;Nonanedioic acid, 1,9-bis(2-ethylhexyl) ester;Nonanedioic acid, bis(2-ethylhexyl) ester",,,,,,,,,,,,,,,,,,,,,,,,,,,,,,,,,,,,,,,,,,,,,,,,,,,,,,,,,,,,,,,,,,,,,,,,,,,,,,,,,,,,,,,,,,,,,,,,,,,,,,,,,,,,,,,,,,,,,,,,,,,,,,,,Human Health Hazards#Repeated Dose Toxicity,Repeated Dose Toxicity HESS,NOEL,,False,No qualifier,Equal,,,,2003,,,,OECD TG 422,,,Rat,Abnormal Gait,,,,,,,,,,,,,,,,,,,,,,SD,Oral (Gavage),,,,,,Male,Main,"National Institute of Health Sciences, Japan",Whole body,ReproTox,Food and Drug Safety Center,General signs,1000,mg/kg bdwt/d,Administered dose(mass),100,mg/kg bdwt/d,Administered dose(mass),77.2,None,0,d,Time,,,,,,,,,,,,,,,,,,,,,,,,,,,,,,,,,,,,,,,,,,,,,,,,,,,,,,,,,,,,,,,,,,,,,,,,,,,,,,,,,,,,,,,,,,,,,,,,,,,,,,,,,,,,,,,,,,,,,,,,,,,,,,,,,,,,,,,,,,,,,,,,,,,,,,,,,,,,,,,,,42,d,Time,1000,,mg/kg bdwt/d,Administered dose(mass),1000,,mg/kg/d,Administered dose(mass)
103-24-2,"bis(2-ethylhexyl) azelate;1,9-bis(2-ethylhexyl) nonanedioate;Azelaic acid, bis(2-ethylhexyl) ester;bis(2-ethylhexyl) azelate;Bis(2-ethylhexyl) nonanedioate;bis(2-ethylhexyl) nonanedioate (nonanedioic acid, bis(2-ethylhexyl) ester);Di-2-ethylhexyl azelate;dioctyl azelate;Nonanedioic acid, 1,9-bis(2-ethylhexyl) ester;Nonanedioic acid, bis(2-ethylhexyl) ester",,,,,,,,,,,,,,,,,,,,,,,,,,,,,,,,,,,,,,,,,,,,,,,,,,,,,,,,,,,,,,,,,,,,,,,,,,,,,,,,,,,,,,,,,,,,,,,,,,,,,,,,,,,,,,,,,,,,,,,,,,,,,,,,Human Health Hazards#Repeated Dose Toxicity,Repeated Dose Toxicity HESS,NOEL,,False,No qualifier,Equal,,,,2003,,,,OECD TG 422,,,Rat,Abnormal Response in Handling,,,,,,,,,,,,,,,,,,,,,,SD,Oral (Gavage),,,,,,Male,Main,"National Institute of Health Sciences, Japan",Whole body,ReproTox,Food and Drug Safety Center,General signs,1000,mg/kg bdwt/d,Administered dose(mass),100,mg/kg bdwt/d,Administered dose(mass),77.2,None,0,d,Time,,,,,,,,,,,,,,,,,,,,,,,,,,,,,,,,,,,,,,,,,,,,,,,,,,,,,,,,,,,,,,,,,,,,,,,,,,,,,,,,,,,,,,,,,,,,,,,,,,,,,,,,,,,,,,,,,,,,,,,,,,,,,,,,,,,,,,,,,,,,,,,,,,,,,,,,,,,,,,,,,42,d,Time,1000,,mg/kg bdwt/d,Administered dose(mass),1000,,mg/kg/d,Administered dose(mass)
103-24-2,"bis(2-ethylhexyl) azelate;1,9-bis(2-ethylhexyl) nonanedioate;Azelaic acid, bis(2-ethylhexyl) ester;bis(2-ethylhexyl) azelate;Bis(2-ethylhexyl) nonanedioate;bis(2-ethylhexyl) nonanedioate (nonanedioic acid, bis(2-ethylhexyl) ester);Di-2-ethylhexyl azelate;dioctyl azelate;Nonanedioic acid, 1,9-bis(2-ethylhexyl) ester;Nonanedioic acid, bis(2-ethylhexyl) ester",,,,,,,,,,,,,,,,,,,,,,,,,,,,,,,,,,,,,,,,,,,,,,,,,,,,,,,,,,,,,,,,,,,,,,,,,,,,,,,,,,,,,,,,,,,,,,,,,,,,,,,,,,,,,,,,,,,,,,,,,,,,,,,,Human Health Hazards#Repeated Dose Toxicity,Repeated Dose Toxicity HESS,NOEL,,False,No qualifier,Equal,,,,2003,,,,OECD TG 422,,,Rat,Abnormal Sensory Response,,,,,,,,,,,,,,,,,,,,,,SD,Oral (Gavage),,,,,,Male,Main,"National Institute of Health Sciences, Japan",Whole body,ReproTox,Food and Drug Safety Center,FOB,1000,mg/kg bdwt/d,Administered dose(mass),100,mg/kg bdwt/d,Administered dose(mass),77.2,None,0,d,Time,,,,,,,,,,,,,,,,,,,,,,,,,,,,,,,,,,,,,,,,,,,,,,,,,,,,,,,,,,,,,,,,,,,,,,,,,,,,,,,,,,,,,,,,,,,,,,,,,,,,,,,,,,,,,,,,,,,,,,,,,,,,,,,,,,,,,,,,,,,,,,,,,,,,,,,,,,,,,,,,,42,d,Time,1000,,mg/kg bdwt/d,Administered dose(mass),1000,,mg/kg/d,Administered dose(mass)
103-24-2,"bis(2-ethylhexyl) azelate;1,9-bis(2-ethylhexyl) nonanedioate;Azelaic acid, bis(2-ethylhexyl) ester;bis(2-ethylhexyl) azelate;Bis(2-ethylhexyl) nonanedioate;bis(2-ethylhexyl) nonanedioate (nonanedioic acid, bis(2-ethylhexyl) ester);Di-2-ethylhexyl azelate;dioctyl azelate;Nonanedioic acid, 1,9-bis(2-ethylhexyl) ester;Nonanedioic acid, bis(2-ethylhexyl) ester",,,,,,,,,,,,,,,,,,,,,,,,,,,,,,,,,,,,,,,,,,,,,,,,,,,,,,,,,,,,,,,,,,,,,,,,,,,,,,,,,,,,,,,,,,,,,,,,,,,,,,,,,,,,,,,,,,,,,,,,,,,,,,,,Human Health Hazards#Repeated Dose Toxicity,Repeated Dose Toxicity HESS,NOEL,,False,No qualifier,Equal,,,,2003,,,,OECD TG 422,,,Rat,Abnormal Sensory Response,,,,,,,,,,,,,,,,,,,,,,SD,Oral (Gavage),,,,,,Male,Main,"National Institute of Health Sciences, Japan",Whole body,ReproTox,Food and Drug Safety Center,General signs,1000,mg/kg bdwt/d,Administered dose(mass),100,mg/kg bdwt/d,Administered dose(mass),77.2,None,0,d,Time,,,,,,,,,,,,,,,,,,,,,,,,,,,,,,,,,,,,,,,,,,,,,,,,,,,,,,,,,,,,,,,,,,,,,,,,,,,,,,,,,,,,,,,,,,,,,,,,,,,,,,,,,,,,,,,,,,,,,,,,,,,,,,,,,,,,,,,,,,,,,,,,,,,,,,,,,,,,,,,,,42,d,Time,1000,,mg/kg bdwt/d,Administered dose(mass),1000,,mg/kg/d,Administered dose(mass)
103-24-2,"bis(2-ethylhexyl) azelate;1,9-bis(2-ethylhexyl) nonanedioate;Azelaic acid, bis(2-ethylhexyl) ester;bis(2-ethylhexyl) azelate;Bis(2-ethylhexyl) nonanedioate;bis(2-ethylhexyl) nonanedioate (nonanedioic acid, bis(2-ethylhexyl) ester);Di-2-ethylhexyl azelate;dioctyl azelate;Nonanedioic acid, 1,9-bis(2-ethylhexyl) ester;Nonanedioic acid, bis(2-ethylhexyl) ester",,,,,,,,,,,,,,,,,,,,,,,,,,,,,,,,,,,,,,,,,,,,,,,,,,,,,,,,,,,,,,,,,,,,,,,,,,,,,,,,,,,,,,,,,,,,,,,,,,,,,,,,,,,,,,,,,,,,,,,,,,,,,,,,Human Health Hazards#Repeated Dose Toxicity,Repeated Dose Toxicity HESS,NOEL,,False,No qualifier,Equal,,,,2003,,,,OECD TG 422,,,Rat,Body Weight↑,,,,,,,,,,,,,,,,,,,,,,SD,Oral (Gavage),,,,,,Male,Main,"National Institute of Health Sciences, Japan",Whole body,ReproTox,Food and Drug Safety Center,General signs,1000,mg/kg bdwt/d,Administered dose(mass),100,mg/kg bdwt/d,Administered dose(mass),77.2,None,0,d,Time,,,,,,,,,,,,,,,,,,,,,,,,,,,,,,,,,,,,,,,,,,,,,,,,,,,,,,,,,,,,,,,,,,,,,,,,,,,,,,,,,,,,,,,,,,,,,,,,,,,,,,,,,,,,,,,,,,,,,,,,,,,,,,,,,,,,,,,,,,,,,,,,,,,,,,,,,,,,,,,,,42,d,Time,1000,,mg/kg bdwt/d,Administered dose(mass),1000,,mg/kg/d,Administered dose(mass)
103-24-2,"bis(2-ethylhexyl) azelate;1,9-bis(2-ethylhexyl) nonanedioate;Azelaic acid, bis(2-ethylhexyl) ester;bis(2-ethylhexyl) azelate;Bis(2-ethylhexyl) nonanedioate;bis(2-ethylhexyl) nonanedioate (nonanedioic acid, bis(2-ethylhexyl) ester);Di-2-ethylhexyl azelate;dioctyl azelate;Nonanedioic acid, 1,9-bis(2-ethylhexyl) ester;Nonanedioic acid, bis(2-ethylhexyl) ester",,,,,,,,,,,,,,,,,,,,,,,,,,,,,,,,,,,,,,,,,,,,,,,,,,,,,,,,,,,,,,,,,,,,,,,,,,,,,,,,,,,,,,,,,,,,,,,,,,,,,,,,,,,,,,,,,,,,,,,,,,,,,,,,Human Health Hazards#Repeated Dose Toxicity,Repeated Dose Toxicity HESS,NOEL,,False,No qualifier,Equal,,,,2003,,,,OECD TG 422,,,Rat,Body Weight↓,,,,,,,,,,,,,,,,,,,,,,SD,Oral (Gavage),,,,,,Male,Main,"National Institute of Health Sciences, Japan",Whole body,ReproTox,Food and Drug Safety Center,General signs,1000,mg/kg bdwt/d,Administered dose(mass),100,mg/kg bdwt/d,Administered dose(mass),77.2,None,0,d,Time,,,,,,,,,,,,,,,,,,,,,,,,,,,,,,,,,,,,,,,,,,,,,,,,,,,,,,,,,,,,,,,,,,,,,,,,,,,,,,,,,,,,,,,,,,,,,,,,,,,,,,,,,,,,,,,,,,,,,,,,,,,,,,,,,,,,,,,,,,,,,,,,,,,,,,,,,,,,,,,,,42,d,Time,1000,,mg/kg bdwt/d,Administered dose(mass),1000,,mg/kg/d,Administered dose(mass)
103-24-2,"bis(2-ethylhexyl) azelate;1,9-bis(2-ethylhexyl) nonanedioate;Azelaic acid, bis(2-ethylhexyl) ester;bis(2-ethylhexyl) azelate;Bis(2-ethylhexyl) nonanedioate;bis(2-ethylhexyl) nonanedioate (nonanedioic acid, bis(2-ethylhexyl) ester);Di-2-ethylhexyl azelate;dioctyl azelate;Nonanedioic acid, 1,9-bis(2-ethylhexyl) ester;Nonanedioic acid, bis(2-ethylhexyl) ester",,,,,,,,,,,,,,,,,,,,,,,,,,,,,,,,,,,,,,,,,,,,,,,,,,,,,,,,,,,,,,,,,,,,,,,,,,,,,,,,,,,,,,,,,,,,,,,,,,,,,,,,,,,,,,,,,,,,,,,,,,,,,,,,Human Health Hazards#Repeated Dose Toxicity,Repeated Dose Toxicity HESS,NOEL,,False,No qualifier,Equal,,,,2003,,,,OECD TG 422,,,Rat,Coma,,,,,,,,,,,,,,,,,,,,,,SD,Oral (Gavage),,,,,,Male,Main,"National Institute of Health Sciences, Japan",Whole body,ReproTox,Food and Drug Safety Center,FOB,1000,mg/kg bdwt/d,Administered dose(mass),100,mg/kg bdwt/d,Administered dose(mass),77.2,None,0,d,Time,,,,,,,,,,,,,,,,,,,,,,,,,,,,,,,,,,,,,,,,,,,,,,,,,,,,,,,,,,,,,,,,,,,,,,,,,,,,,,,,,,,,,,,,,,,,,,,,,,,,,,,,,,,,,,,,,,,,,,,,,,,,,,,,,,,,,,,,,,,,,,,,,,,,,,,,,,,,,,,,,42,d,Time,1000,,mg/kg bdwt/d,Administered dose(mass),1000,,mg/kg/d,Administered dose(mass)
103-24-2,"bis(2-ethylhexyl) azelate;1,9-bis(2-ethylhexyl) nonanedioate;Azelaic acid, bis(2-ethylhexyl) ester;bis(2-ethylhexyl) azelate;Bis(2-ethylhexyl) nonanedioate;bis(2-ethylhexyl) nonanedioate (nonanedioic acid, bis(2-ethylhexyl) ester);Di-2-ethylhexyl azelate;dioctyl azelate;Nonanedioic acid, 1,9-bis(2-ethylhexyl) ester;Nonanedioic acid, bis(2-ethylhexyl) ester",,,,,,,,,,,,,,,,,,,,,,,,,,,,,,,,,,,,,,,,,,,,,,,,,,,,,,,,,,,,,,,,,,,,,,,,,,,,,,,,,,,,,,,,,,,,,,,,,,,,,,,,,,,,,,,,,,,,,,,,,,,,,,,,Human Health Hazards#Repeated Dose Toxicity,Repeated Dose Toxicity HESS,NOEL,,False,No qualifier,Equal,,,,2003,,,,OECD TG 422,,,Rat,Coma,,,,,,,,,,,,,,,,,,,,,,SD,Oral (Gavage),,,,,,Male,Main,"National Institute of Health Sciences, Japan",Whole body,ReproTox,Food and Drug Safety Center,General signs,1000,mg/kg bdwt/d,Administered dose(mass),100,mg/kg bdwt/d,Administered dose(mass),77.2,None,0,d,Time,,,,,,,,,,,,,,,,,,,,,,,,,,,,,,,,,,,,,,,,,,,,,,,,,,,,,,,,,,,,,,,,,,,,,,,,,,,,,,,,,,,,,,,,,,,,,,,,,,,,,,,,,,,,,,,,,,,,,,,,,,,,,,,,,,,,,,,,,,,,,,,,,,,,,,,,,,,,,,,,,42,d,Time,1000,,mg/kg bdwt/d,Administered dose(mass),1000,,mg/kg/d,Administered dose(mass)
103-24-2,"bis(2-ethylhexyl) azelate;1,9-bis(2-ethylhexyl) nonanedioate;Azelaic acid, bis(2-ethylhexyl) ester;bis(2-ethylhexyl) azelate;Bis(2-ethylhexyl) nonanedioate;bis(2-ethylhexyl) nonanedioate (nonanedioic acid, bis(2-ethylhexyl) ester);Di-2-ethylhexyl azelate;dioctyl azelate;Nonanedioic acid, 1,9-bis(2-ethylhexyl) ester;Nonanedioic acid, bis(2-ethylhexyl) ester",,,,,,,,,,,,,,,,,,,,,,,,,,,,,,,,,,,,,,,,,,,,,,,,,,,,,,,,,,,,,,,,,,,,,,,,,,,,,,,,,,,,,,,,,,,,,,,,,,,,,,,,,,,,,,,,,,,,,,,,,,,,,,,,Human Health Hazards#Repeated Dose Toxicity,Repeated Dose Toxicity HESS,NOEL,,False,No qualifier,Equal,,,,2003,,,,OECD TG 422,,,Rat,Cyanosis or Pale Skin,,,,,,,,,,,,,,,,,,,,,,SD,Oral (Gavage),,,,,,Male,Main,"National Institute of Health Sciences, Japan",Whole body,ReproTox,Food and Drug Safety Center,FOB,1000,mg/kg bdwt/d,Administered dose(mass),100,mg/kg bdwt/d,Administered dose(mass),77.2,None,0,d,Time,,,,,,,,,,,,,,,,,,,,,,,,,,,,,,,,,,,,,,,,,,,,,,,,,,,,,,,,,,,,,,,,,,,,,,,,,,,,,,,,,,,,,,,,,,,,,,,,,,,,,,,,,,,,,,,,,,,,,,,,,,,,,,,,,,,,,,,,,,,,,,,,,,,,,,,,,,,,,,,,,42,d,Time,1000,,mg/kg bdwt/d,Administered dose(mass),1000,,mg/kg/d,Administered dose(mass)
103-24-2,"bis(2-ethylhexyl) azelate;1,9-bis(2-ethylhexyl) nonanedioate;Azelaic acid, bis(2-ethylhexyl) ester;bis(2-ethylhexyl) azelate;Bis(2-ethylhexyl) nonanedioate;bis(2-ethylhexyl) nonanedioate (nonanedioic acid, bis(2-ethylhexyl) ester);Di-2-ethylhexyl azelate;dioctyl azelate;Nonanedioic acid, 1,9-bis(2-ethylhexyl) ester;Nonanedioic acid, bis(2-ethylhexyl) ester",,,,,,,,,,,,,,,,,,,,,,,,,,,,,,,,,,,,,,,,,,,,,,,,,,,,,,,,,,,,,,,,,,,,,,,,,,,,,,,,,,,,,,,,,,,,,,,,,,,,,,,,,,,,,,,,,,,,,,,,,,,,,,,,Human Health Hazards#Repeated Dose Toxicity,Repeated Dose Toxicity HESS,NOEL,,False,No qualifier,Equal,,,,2003,,,,OECD TG 422,,,Rat,Cyanosis or Pale Skin,,,,,,,,,,,,,,,,,,,,,,SD,Oral (Gavage),,,,,,Male,Main,"National Institute of Health Sciences, Japan",Whole body,ReproTox,Food and Drug Safety Center,General signs,1000,mg/kg bdwt/d,Administered dose(mass),100,mg/kg bdwt/d,Administered dose(mass),77.2,None,0,d,Time,,,,,,,,,,,,,,,,,,,,,,,,,,,,,,,,,,,,,,,,,,,,,,,,,,,,,,,,,,,,,,,,,,,,,,,,,,,,,,,,,,,,,,,,,,,,,,,,,,,,,,,,,,,,,,,,,,,,,,,,,,,,,,,,,,,,,,,,,,,,,,,,,,,,,,,,,,,,,,,,,42,d,Time,1000,,mg/kg bdwt/d,Administered dose(mass),1000,,mg/kg/d,Administered dose(mass)
103-24-2,"bis(2-ethylhexyl) azelate;1,9-bis(2-ethylhexyl) nonanedioate;Azelaic acid, bis(2-ethylhexyl) ester;bis(2-ethylhexyl) azelate;Bis(2-ethylhexyl) nonanedioate;bis(2-ethylhexyl) nonanedioate (nonanedioic acid, bis(2-ethylhexyl) ester);Di-2-ethylhexyl azelate;dioctyl azelate;Nonanedioic acid, 1,9-bis(2-ethylhexyl) ester;Nonanedioic acid, bis(2-ethylhexyl) ester",,,,,,,,,,,,,,,,,,,,,,,,,,,,,,,,,,,,,,,,,,,,,,,,,,,,,,,,,,,,,,,,,,,,,,,,,,,,,,,,,,,,,,,,,,,,,,,,,,,,,,,,,,,,,,,,,,,,,,,,,,,,,,,,Human Health Hazards#Repeated Dose Toxicity,Repeated Dose Toxicity HESS,NOEL,,False,No qualifier,Equal,,,,2003,,,,OECD TG 422,,,Rat,Death,,,,,,,,,,,,,,,,,,,,,,SD,Oral (Gavage),,,,,,Male,Main,"National Institute of Health Sciences, Japan",Whole body,ReproTox,Food and Drug Safety Center,General signs,1000,mg/kg bdwt/d,Administered dose(mass),100,mg/kg bdwt/d,Administered dose(mass),77.2,None,0,d,Time,,,,,,,,,,,,,,,,,,,,,,,,,,,,,,,,,,,,,,,,,,,,,,,,,,,,,,,,,,,,,,,,,,,,,,,,,,,,,,,,,,,,,,,,,,,,,,,,,,,,,,,,,,,,,,,,,,,,,,,,,,,,,,,,,,,,,,,,,,,,,,,,,,,,,,,,,,,,,,,,,42,d,Time,1000,,mg/kg bdwt/d,Administered dose(mass),1000,,mg/kg/d,Administered dose(mass)
103-24-2,"bis(2-ethylhexyl) azelate;1,9-bis(2-ethylhexyl) nonanedioate;Azelaic acid, bis(2-ethylhexyl) ester;bis(2-ethylhexyl) azelate;Bis(2-ethylhexyl) nonanedioate;bis(2-ethylhexyl) nonanedioate (nonanedioic acid, bis(2-ethylhexyl) ester);Di-2-ethylhexyl azelate;dioctyl azelate;Nonanedioic acid, 1,9-bis(2-ethylhexyl) ester;Nonanedioic acid, bis(2-ethylhexyl) ester",,,,,,,,,,,,,,,,,,,,,,,,,,,,,,,,,,,,,,,,,,,,,,,,,,,,,,,,,,,,,,,,,,,,,,,,,,,,,,,,,,,,,,,,,,,,,,,,,,,,,,,,,,,,,,,,,,,,,,,,,,,,,,,,Human Health Hazards#Repeated Dose Toxicity,Repeated Dose Toxicity HESS,NOEL,,False,No qualifier,Equal,,,,2003,,,,OECD TG 422,,,Rat,Diarrhea/Loose Stool/Bloody Stool,,,,,,,,,,,,,,,,,,,,,,SD,Oral (Gavage),,,,,,Male,Main,"National Institute of Health Sciences, Japan",Whole body,ReproTox,Food and Drug Safety Center,FOB,1000,mg/kg bdwt/d,Administered dose(mass),100,mg/kg bdwt/d,Administered dose(mass),77.2,None,0,d,Time,,,,,,,,,,,,,,,,,,,,,,,,,,,,,,,,,,,,,,,,,,,,,,,,,,,,,,,,,,,,,,,,,,,,,,,,,,,,,,,,,,,,,,,,,,,,,,,,,,,,,,,,,,,,,,,,,,,,,,,,,,,,,,,,,,,,,,,,,,,,,,,,,,,,,,,,,,,,,,,,,42,d,Time,1000,,mg/kg bdwt/d,Administered dose(mass),1000,,mg/kg/d,Administered dose(mass)
103-24-2,"bis(2-ethylhexyl) azelate;1,9-bis(2-ethylhexyl) nonanedioate;Azelaic acid, bis(2-ethylhexyl) ester;bis(2-ethylhexyl) azelate;Bis(2-ethylhexyl) nonanedioate;bis(2-ethylhexyl) nonanedioate (nonanedioic acid, bis(2-ethylhexyl) ester);Di-2-ethylhexyl azelate;dioctyl azelate;Nonanedioic acid, 1,9-bis(2-ethylhexyl) ester;Nonanedioic acid, bis(2-ethylhexyl) ester",,,,,,,,,,,,,,,,,,,,,,,,,,,,,,,,,,,,,,,,,,,,,,,,,,,,,,,,,,,,,,,,,,,,,,,,,,,,,,,,,,,,,,,,,,,,,,,,,,,,,,,,,,,,,,,,,,,,,,,,,,,,,,,,Human Health Hazards#Repeated Dose Toxicity,Repeated Dose Toxicity HESS,NOEL,,False,No qualifier,Equal,,,,2003,,,,OECD TG 422,,,Rat,Diarrhea/Loose Stool/Bloody Stool,,,,,,,,,,,,,,,,,,,,,,SD,Oral (Gavage),,,,,,Male,Main,"National Institute of Health Sciences, Japan",Whole body,ReproTox,Food and Drug Safety Center,General signs,1000,mg/kg bdwt/d,Administered dose(mass),100,mg/kg bdwt/d,Administered dose(mass),77.2,None,0,d,Time,,,,,,,,,,,,,,,,,,,,,,,,,,,,,,,,,,,,,,,,,,,,,,,,,,,,,,,,,,,,,,,,,,,,,,,,,,,,,,,,,,,,,,,,,,,,,,,,,,,,,,,,,,,,,,,,,,,,,,,,,,,,,,,,,,,,,,,,,,,,,,,,,,,,,,,,,,,,,,,,,42,d,Time,1000,,mg/kg bdwt/d,Administered dose(mass),1000,,mg/kg/d,Administered dose(mass)
103-24-2,"bis(2-ethylhexyl) azelate;1,9-bis(2-ethylhexyl) nonanedioate;Azelaic acid, bis(2-ethylhexyl) ester;bis(2-ethylhexyl) azelate;Bis(2-ethylhexyl) nonanedioate;bis(2-ethylhexyl) nonanedioate (nonanedioic acid, bis(2-ethylhexyl) ester);Di-2-ethylhexyl azelate;dioctyl azelate;Nonanedioic acid, 1,9-bis(2-ethylhexyl) ester;Nonanedioic acid, bis(2-ethylhexyl) ester",,,,,,,,,,,,,,,,,,,,,,,,,,,,,,,,,,,,,,,,,,,,,,,,,,,,,,,,,,,,,,,,,,,,,,,,,,,,,,,,,,,,,,,,,,,,,,,,,,,,,,,,,,,,,,,,,,,,,,,,,,,,,,,,Human Health Hazards#Repeated Dose Toxicity,Repeated Dose Toxicity HESS,NOEL,,False,No qualifier,Equal,,,,2003,,,,OECD TG 422,,,Rat,Emaciation,,,,,,,,,,,,,,,,,,,,,,SD,Oral (Gavage),,,,,,Male,Main,"National Institute of Health Sciences, Japan",Whole body,ReproTox,Food and Drug Safety Center,FOB,1000,mg/kg bdwt/d,Administered dose(mass),100,mg/kg bdwt/d,Administered dose(mass),77.2,None,0,d,Time,,,,,,,,,,,,,,,,,,,,,,,,,,,,,,,,,,,,,,,,,,,,,,,,,,,,,,,,,,,,,,,,,,,,,,,,,,,,,,,,,,,,,,,,,,,,,,,,,,,,,,,,,,,,,,,,,,,,,,,,,,,,,,,,,,,,,,,,,,,,,,,,,,,,,,,,,,,,,,,,,42,d,Time,1000,,mg/kg bdwt/d,Administered dose(mass),1000,,mg/kg/d,Administered dose(mass)
103-24-2,"bis(2-ethylhexyl) azelate;1,9-bis(2-ethylhexyl) nonanedioate;Azelaic acid, bis(2-ethylhexyl) ester;bis(2-ethylhexyl) azelate;Bis(2-ethylhexyl) nonanedioate;bis(2-ethylhexyl) nonanedioate (nonanedioic acid, bis(2-ethylhexyl) ester);Di-2-ethylhexyl azelate;dioctyl azelate;Nonanedioic acid, 1,9-bis(2-ethylhexyl) ester;Nonanedioic acid, bis(2-ethylhexyl) ester",,,,,,,,,,,,,,,,,,,,,,,,,,,,,,,,,,,,,,,,,,,,,,,,,,,,,,,,,,,,,,,,,,,,,,,,,,,,,,,,,,,,,,,,,,,,,,,,,,,,,,,,,,,,,,,,,,,,,,,,,,,,,,,,Human Health Hazards#Repeated Dose Toxicity,Repeated Dose Toxicity HESS,NOEL,,False,No qualifier,Equal,,,,2003,,,,OECD TG 422,,,Rat,Emaciation,,,,,,,,,,,,,,,,,,,,,,SD,Oral (Gavage),,,,,,Male,Main,"National Institute of Health Sciences, Japan",Whole body,ReproTox,Food and Drug Safety Center,General signs,1000,mg/kg bdwt/d,Administered dose(mass),100,mg/kg bdwt/d,Administered dose(mass),77.2,None,0,d,Time,,,,,,,,,,,,,,,,,,,,,,,,,,,,,,,,,,,,,,,,,,,,,,,,,,,,,,,,,,,,,,,,,,,,,,,,,,,,,,,,,,,,,,,,,,,,,,,,,,,,,,,,,,,,,,,,,,,,,,,,,,,,,,,,,,,,,,,,,,,,,,,,,,,,,,,,,,,,,,,,,42,d,Time,1000,,mg/kg bdwt/d,Administered dose(mass),1000,,mg/kg/d,Administered dose(mass)
103-24-2,"bis(2-ethylhexyl) azelate;1,9-bis(2-ethylhexyl) nonanedioate;Azelaic acid, bis(2-ethylhexyl) ester;bis(2-ethylhexyl) azelate;Bis(2-ethylhexyl) nonanedioate;bis(2-ethylhexyl) nonanedioate (nonanedioic acid, bis(2-ethylhexyl) ester);Di-2-ethylhexyl azelate;dioctyl azelate;Nonanedioic acid, 1,9-bis(2-ethylhexyl) ester;Nonanedioic acid, bis(2-ethylhexyl) ester",,,,,,,,,,,,,,,,,,,,,,,,,,,,,,,,,,,,,,,,,,,,,,,,,,,,,,,,,,,,,,,,,,,,,,,,,,,,,,,,,,,,,,,,,,,,,,,,,,,,,,,,,,,,,,,,,,,,,,,,,,,,,,,,Human Health Hazards#Repeated Dose Toxicity,Repeated Dose Toxicity HESS,NOEL,,False,No qualifier,Equal,,,,2003,,,,OECD TG 422,,,Rat,Food Consumption↑,,,,,,,,,,,,,,,,,,,,,,SD,Oral (Gavage),,,,,,Male,Main,"National Institute of Health Sciences, Japan",Whole body,ReproTox,Food and Drug Safety Center,General signs,1000,mg/kg bdwt/d,Administered dose(mass),100,mg/kg bdwt/d,Administered dose(mass),77.2,None,0,d,Time,,,,,,,,,,,,,,,,,,,,,,,,,,,,,,,,,,,,,,,,,,,,,,,,,,,,,,,,,,,,,,,,,,,,,,,,,,,,,,,,,,,,,,,,,,,,,,,,,,,,,,,,,,,,,,,,,,,,,,,,,,,,,,,,,,,,,,,,,,,,,,,,,,,,,,,,,,,,,,,,,42,d,Time,1000,,mg/kg bdwt/d,Administered dose(mass),1000,,mg/kg/d,Administered dose(mass)
103-24-2,"bis(2-ethylhexyl) azelate;1,9-bis(2-ethylhexyl) nonanedioate;Azelaic acid, bis(2-ethylhexyl) ester;bis(2-ethylhexyl) azelate;Bis(2-ethylhexyl) nonanedioate;bis(2-ethylhexyl) nonanedioate (nonanedioic acid, bis(2-ethylhexyl) ester);Di-2-ethylhexyl azelate;dioctyl azelate;Nonanedioic acid, 1,9-bis(2-ethylhexyl) ester;Nonanedioic acid, bis(2-ethylhexyl) ester",,,,,,,,,,,,,,,,,,,,,,,,,,,,,,,,,,,,,,,,,,,,,,,,,,,,,,,,,,,,,,,,,,,,,,,,,,,,,,,,,,,,,,,,,,,,,,,,,,,,,,,,,,,,,,,,,,,,,,,,,,,,,,,,Human Health Hazards#Repeated Dose Toxicity,Repeated Dose Toxicity HESS,NOEL,,False,No qualifier,Equal,,,,2003,,,,OECD TG 422,,,Rat,Food Consumption↓,,,,,,,,,,,,,,,,,,,,,,SD,Oral (Gavage),,,,,,Male,Main,"National Institute of Health Sciences, Japan",Whole body,ReproTox,Food and Drug Safety Center,General signs,1000,mg/kg bdwt/d,Administered dose(mass),100,mg/kg bdwt/d,Administered dose(mass),77.2,None,0,d,Time,,,,,,,,,,,,,,,,,,,,,,,,,,,,,,,,,,,,,,,,,,,,,,,,,,,,,,,,,,,,,,,,,,,,,,,,,,,,,,,,,,,,,,,,,,,,,,,,,,,,,,,,,,,,,,,,,,,,,,,,,,,,,,,,,,,,,,,,,,,,,,,,,,,,,,,,,,,,,,,,,42,d,Time,1000,,mg/kg bdwt/d,Administered dose(mass),1000,,mg/kg/d,Administered dose(mass)
103-24-2,"bis(2-ethylhexyl) azelate;1,9-bis(2-ethylhexyl) nonanedioate;Azelaic acid, bis(2-ethylhexyl) ester;bis(2-ethylhexyl) azelate;Bis(2-ethylhexyl) nonanedioate;bis(2-ethylhexyl) nonanedioate (nonanedioic acid, bis(2-ethylhexyl) ester);Di-2-ethylhexyl azelate;dioctyl azelate;Nonanedioic acid, 1,9-bis(2-ethylhexyl) ester;Nonanedioic acid, bis(2-ethylhexyl) ester",,,,,,,,,,,,,,,,,,,,,,,,,,,,,,,,,,,,,,,,,,,,,,,,,,,,,,,,,,,,,,,,,,,,,,,,,,,,,,,,,,,,,,,,,,,,,,,,,,,,,,,,,,,,,,,,,,,,,,,,,,,,,,,,Human Health Hazards#Repeated Dose Toxicity,Repeated Dose Toxicity HESS,NOEL,,False,No qualifier,Equal,,,,2003,,,,OECD TG 422,,,Rat,Hyperthermia,,,,,,,,,,,,,,,,,,,,,,SD,Oral (Gavage),,,,,,Male,Main,"National Institute of Health Sciences, Japan",Whole body,ReproTox,Food and Drug Safety Center,FOB,1000,mg/kg bdwt/d,Administered dose(mass),100,mg/kg bdwt/d,Administered dose(mass),77.2,None,0,d,Time,,,,,,,,,,,,,,,,,,,,,,,,,,,,,,,,,,,,,,,,,,,,,,,,,,,,,,,,,,,,,,,,,,,,,,,,,,,,,,,,,,,,,,,,,,,,,,,,,,,,,,,,,,,,,,,,,,,,,,,,,,,,,,,,,,,,,,,,,,,,,,,,,,,,,,,,,,,,,,,,,42,d,Time,1000,,mg/kg bdwt/d,Administered dose(mass),1000,,mg/kg/d,Administered dose(mass)
103-24-2,"bis(2-ethylhexyl) azelate;1,9-bis(2-ethylhexyl) nonanedioate;Azelaic acid, bis(2-ethylhexyl) ester;bis(2-ethylhexyl) azelate;Bis(2-ethylhexyl) nonanedioate;bis(2-ethylhexyl) nonanedioate (nonanedioic acid, bis(2-ethylhexyl) ester);Di-2-ethylhexyl azelate;dioctyl azelate;Nonanedioic acid, 1,9-bis(2-ethylhexyl) ester;Nonanedioic acid, bis(2-ethylhexyl) ester",,,,,,,,,,,,,,,,,,,,,,,,,,,,,,,,,,,,,,,,,,,,,,,,,,,,,,,,,,,,,,,,,,,,,,,,,,,,,,,,,,,,,,,,,,,,,,,,,,,,,,,,,,,,,,,,,,,,,,,,,,,,,,,,Human Health Hazards#Repeated Dose Toxicity,Repeated Dose Toxicity HESS,NOEL,,False,No qualifier,Equal,,,,2003,,,,OECD TG 422,,,Rat,Hyperthermia,,,,,,,,,,,,,,,,,,,,,,SD,Oral (Gavage),,,,,,Male,Main,"National Institute of Health Sciences, Japan",Whole body,ReproTox,Food and Drug Safety Center,General signs,1000,mg/kg bdwt/d,Administered dose(mass),100,mg/kg bdwt/d,Administered dose(mass),77.2,None,0,d,Time,,,,,,,,,,,,,,,,,,,,,,,,,,,,,,,,,,,,,,,,,,,,,,,,,,,,,,,,,,,,,,,,,,,,,,,,,,,,,,,,,,,,,,,,,,,,,,,,,,,,,,,,,,,,,,,,,,,,,,,,,,,,,,,,,,,,,,,,,,,,,,,,,,,,,,,,,,,,,,,,,42,d,Time,1000,,mg/kg bdwt/d,Administered dose(mass),1000,,mg/kg/d,Administered dose(mass)
103-24-2,"bis(2-ethylhexyl) azelate;1,9-bis(2-ethylhexyl) nonanedioate;Azelaic acid, bis(2-ethylhexyl) ester;bis(2-ethylhexyl) azelate;Bis(2-ethylhexyl) nonanedioate;bis(2-ethylhexyl) nonanedioate (nonanedioic acid, bis(2-ethylhexyl) ester);Di-2-ethylhexyl azelate;dioctyl azelate;Nonanedioic acid, 1,9-bis(2-ethylhexyl) ester;Nonanedioic acid, bis(2-ethylhexyl) ester",,,,,,,,,,,,,,,,,,,,,,,,,,,,,,,,,,,,,,,,,,,,,,,,,,,,,,,,,,,,,,,,,,,,,,,,,,,,,,,,,,,,,,,,,,,,,,,,,,,,,,,,,,,,,,,,,,,,,,,,,,,,,,,,Human Health Hazards#Repeated Dose Toxicity,Repeated Dose Toxicity HESS,NOEL,,False,No qualifier,Equal,,,,2003,,,,OECD TG 422,,,Rat,Hypothermia,,,,,,,,,,,,,,,,,,,,,,SD,Oral (Gavage),,,,,,Male,Main,"National Institute of Health Sciences, Japan",Whole body,ReproTox,Food and Drug Safety Center,FOB,1000,mg/kg bdwt/d,Administered dose(mass),100,mg/kg bdwt/d,Administered dose(mass),77.2,None,0,d,Time,,,,,,,,,,,,,,,,,,,,,,,,,,,,,,,,,,,,,,,,,,,,,,,,,,,,,,,,,,,,,,,,,,,,,,,,,,,,,,,,,,,,,,,,,,,,,,,,,,,,,,,,,,,,,,,,,,,,,,,,,,,,,,,,,,,,,,,,,,,,,,,,,,,,,,,,,,,,,,,,,42,d,Time,1000,,mg/kg bdwt/d,Administered dose(mass),1000,,mg/kg/d,Administered dose(mass)
103-24-2,"bis(2-ethylhexyl) azelate;1,9-bis(2-ethylhexyl) nonanedioate;Azelaic acid, bis(2-ethylhexyl) ester;bis(2-ethylhexyl) azelate;Bis(2-ethylhexyl) nonanedioate;bis(2-ethylhexyl) nonanedioate (nonanedioic acid, bis(2-ethylhexyl) ester);Di-2-ethylhexyl azelate;dioctyl azelate;Nonanedioic acid, 1,9-bis(2-ethylhexyl) ester;Nonanedioic acid, bis(2-ethylhexyl) ester",,,,,,,,,,,,,,,,,,,,,,,,,,,,,,,,,,,,,,,,,,,,,,,,,,,,,,,,,,,,,,,,,,,,,,,,,,,,,,,,,,,,,,,,,,,,,,,,,,,,,,,,,,,,,,,,,,,,,,,,,,,,,,,,Human Health Hazards#Repeated Dose Toxicity,Repeated Dose Toxicity HESS,NOEL,,False,No qualifier,Equal,,,,2003,,,,OECD TG 422,,,Rat,Hypothermia,,,,,,,,,,,,,,,,,,,,,,SD,Oral (Gavage),,,,,,Male,Main,"National Institute of Health Sciences, Japan",Whole body,ReproTox,Food and Drug Safety Center,General signs,1000,mg/kg bdwt/d,Administered dose(mass),100,mg/kg bdwt/d,Administered dose(mass),77.2,None,0,d,Time,,,,,,,,,,,,,,,,,,,,,,,,,,,,,,,,,,,,,,,,,,,,,,,,,,,,,,,,,,,,,,,,,,,,,,,,,,,,,,,,,,,,,,,,,,,,,,,,,,,,,,,,,,,,,,,,,,,,,,,,,,,,,,,,,,,,,,,,,,,,,,,,,,,,,,,,,,,,,,,,,42,d,Time,1000,,mg/kg bdwt/d,Administered dose(mass),1000,,mg/kg/d,Administered dose(mass)
103-24-2,"bis(2-ethylhexyl) azelate;1,9-bis(2-ethylhexyl) nonanedioate;Azelaic acid, bis(2-ethylhexyl) ester;bis(2-ethylhexyl) azelate;Bis(2-ethylhexyl) nonanedioate;bis(2-ethylhexyl) nonanedioate (nonanedioic acid, bis(2-ethylhexyl) ester);Di-2-ethylhexyl azelate;dioctyl azelate;Nonanedioic acid, 1,9-bis(2-ethylhexyl) ester;Nonanedioic acid, bis(2-ethylhexyl) ester",,,,,,,,,,,,,,,,,,,,,,,,,,,,,,,,,,,,,,,,,,,,,,,,,,,,,,,,,,,,,,,,,,,,,,,,,,,,,,,,,,,,,,,,,,,,,,,,,,,,,,,,,,,,,,,,,,,,,,,,,,,,,,,,Human Health Hazards#Repeated Dose Toxicity,Repeated Dose Toxicity HESS,NOEL,,False,No qualifier,Equal,,,,2003,,,,OECD TG 422,,,Rat,Lacrimation,,,,,,,,,,,,,,,,,,,,,,SD,Oral (Gavage),,,,,,Male,Main,"National Institute of Health Sciences, Japan",Whole body,ReproTox,Food and Drug Safety Center,FOB,1000,mg/kg bdwt/d,Administered dose(mass),100,mg/kg bdwt/d,Administered dose(mass),77.2,None,0,d,Time,,,,,,,,,,,,,,,,,,,,,,,,,,,,,,,,,,,,,,,,,,,,,,,,,,,,,,,,,,,,,,,,,,,,,,,,,,,,,,,,,,,,,,,,,,,,,,,,,,,,,,,,,,,,,,,,,,,,,,,,,,,,,,,,,,,,,,,,,,,,,,,,,,,,,,,,,,,,,,,,,42,d,Time,1000,,mg/kg bdwt/d,Administered dose(mass),1000,,mg/kg/d,Administered dose(mass)
103-24-2,"bis(2-ethylhexyl) azelate;1,9-bis(2-ethylhexyl) nonanedioate;Azelaic acid, bis(2-ethylhexyl) ester;bis(2-ethylhexyl) azelate;Bis(2-ethylhexyl) nonanedioate;bis(2-ethylhexyl) nonanedioate (nonanedioic acid, bis(2-ethylhexyl) ester);Di-2-ethylhexyl azelate;dioctyl azelate;Nonanedioic acid, 1,9-bis(2-ethylhexyl) ester;Nonanedioic acid, bis(2-ethylhexyl) ester",,,,,,,,,,,,,,,,,,,,,,,,,,,,,,,,,,,,,,,,,,,,,,,,,,,,,,,,,,,,,,,,,,,,,,,,,,,,,,,,,,,,,,,,,,,,,,,,,,,,,,,,,,,,,,,,,,,,,,,,,,,,,,,,Human Health Hazards#Repeated Dose Toxicity,Repeated Dose Toxicity HESS,NOEL,,False,No qualifier,Equal,,,,2003,,,,OECD TG 422,,,Rat,Lacrimation,,,,,,,,,,,,,,,,,,,,,,SD,Oral (Gavage),,,,,,Male,Main,"National Institute of Health Sciences, Japan",Whole body,ReproTox,Food and Drug Safety Center,General signs,1000,mg/kg bdwt/d,Administered dose(mass),100,mg/kg bdwt/d,Administered dose(mass),77.2,None,0,d,Time,,,,,,,,,,,,,,,,,,,,,,,,,,,,,,,,,,,,,,,,,,,,,,,,,,,,,,,,,,,,,,,,,,,,,,,,,,,,,,,,,,,,,,,,,,,,,,,,,,,,,,,,,,,,,,,,,,,,,,,,,,,,,,,,,,,,,,,,,,,,,,,,,,,,,,,,,,,,,,,,,42,d,Time,1000,,mg/kg bdwt/d,Administered dose(mass),1000,,mg/kg/d,Administered dose(mass)
103-24-2,"bis(2-ethylhexyl) azelate;1,9-bis(2-ethylhexyl) nonanedioate;Azelaic acid, bis(2-ethylhexyl) ester;bis(2-ethylhexyl) azelate;Bis(2-ethylhexyl) nonanedioate;bis(2-ethylhexyl) nonanedioate (nonanedioic acid, bis(2-ethylhexyl) ester);Di-2-ethylhexyl azelate;dioctyl azelate;Nonanedioic acid, 1,9-bis(2-ethylhexyl) ester;Nonanedioic acid, bis(2-ethylhexyl) ester",,,,,,,,,,,,,,,,,,,,,,,,,,,,,,,,,,,,,,,,,,,,,,,,,,,,,,,,,,,,,,,,,,,,,,,,,,,,,,,,,,,,,,,,,,,,,,,,,,,,,,,,,,,,,,,,,,,,,,,,,,,,,,,,Human Health Hazards#Repeated Dose Toxicity,Repeated Dose Toxicity HESS,NOEL,,False,No qualifier,Equal,,,,2003,,,,OECD TG 422,,,Rat,Locomotor Activity↑,,,,,,,,,,,,,,,,,,,,,,SD,Oral (Gavage),,,,,,Male,Main,"National Institute of Health Sciences, Japan",Whole body,ReproTox,Food and Drug Safety Center,FOB,1000,mg/kg bdwt/d,Administered dose(mass),100,mg/kg bdwt/d,Administered dose(mass),77.2,None,0,d,Time,,,,,,,,,,,,,,,,,,,,,,,,,,,,,,,,,,,,,,,,,,,,,,,,,,,,,,,,,,,,,,,,,,,,,,,,,,,,,,,,,,,,,,,,,,,,,,,,,,,,,,,,,,,,,,,,,,,,,,,,,,,,,,,,,,,,,,,,,,,,,,,,,,,,,,,,,,,,,,,,,42,d,Time,1000,,mg/kg bdwt/d,Administered dose(mass),1000,,mg/kg/d,Administered dose(mass)
103-24-2,"bis(2-ethylhexyl) azelate;1,9-bis(2-ethylhexyl) nonanedioate;Azelaic acid, bis(2-ethylhexyl) ester;bis(2-ethylhexyl) azelate;Bis(2-ethylhexyl) nonanedioate;bis(2-ethylhexyl) nonanedioate (nonanedioic acid, bis(2-ethylhexyl) ester);Di-2-ethylhexyl azelate;dioctyl azelate;Nonanedioic acid, 1,9-bis(2-ethylhexyl) ester;Nonanedioic acid, bis(2-ethylhexyl) ester",,,,,,,,,,,,,,,,,,,,,,,,,,,,,,,,,,,,,,,,,,,,,,,,,,,,,,,,,,,,,,,,,,,,,,,,,,,,,,,,,,,,,,,,,,,,,,,,,,,,,,,,,,,,,,,,,,,,,,,,,,,,,,,,Human Health Hazards#Repeated Dose Toxicity,Repeated Dose Toxicity HESS,NOEL,,False,No qualifier,Equal,,,,2003,,,,OECD TG 422,,,Rat,Locomotor Activity↑,,,,,,,,,,,,,,,,,,,,,,SD,Oral (Gavage),,,,,,Male,Main,"National Institute of Health Sciences, Japan",Whole body,ReproTox,Food and Drug Safety Center,General signs,1000,mg/kg bdwt/d,Administered dose(mass),100,mg/kg bdwt/d,Administered dose(mass),77.2,None,0,d,Time,,,,,,,,,,,,,,,,,,,,,,,,,,,,,,,,,,,,,,,,,,,,,,,,,,,,,,,,,,,,,,,,,,,,,,,,,,,,,,,,,,,,,,,,,,,,,,,,,,,,,,,,,,,,,,,,,,,,,,,,,,,,,,,,,,,,,,,,,,,,,,,,,,,,,,,,,,,,,,,,,42,d,Time,1000,,mg/kg bdwt/d,Administered dose(mass),1000,,mg/kg/d,Administered dose(mass)
103-24-2,"bis(2-ethylhexyl) azelate;1,9-bis(2-ethylhexyl) nonanedioate;Azelaic acid, bis(2-ethylhexyl) ester;bis(2-ethylhexyl) azelate;Bis(2-ethylhexyl) nonanedioate;bis(2-ethylhexyl) nonanedioate (nonanedioic acid, bis(2-ethylhexyl) ester);Di-2-ethylhexyl azelate;dioctyl azelate;Nonanedioic acid, 1,9-bis(2-ethylhexyl) ester;Nonanedioic acid, bis(2-ethylhexyl) ester",,,,,,,,,,,,,,,,,,,,,,,,,,,,,,,,,,,,,,,,,,,,,,,,,,,,,,,,,,,,,,,,,,,,,,,,,,,,,,,,,,,,,,,,,,,,,,,,,,,,,,,,,,,,,,,,,,,,,,,,,,,,,,,,Human Health Hazards#Repeated Dose Toxicity,Repeated Dose Toxicity HESS,NOEL,,False,No qualifier,Equal,,,,2003,,,,OECD TG 422,,,Rat,Locomotor Activity↓,,,,,,,,,,,,,,,,,,,,,,SD,Oral (Gavage),,,,,,Male,Main,"National Institute of Health Sciences, Japan",Whole body,ReproTox,Food and Drug Safety Center,FOB,1000,mg/kg bdwt/d,Administered dose(mass),100,mg/kg bdwt/d,Administered dose(mass),77.2,None,0,d,Time,,,,,,,,,,,,,,,,,,,,,,,,,,,,,,,,,,,,,,,,,,,,,,,,,,,,,,,,,,,,,,,,,,,,,,,,,,,,,,,,,,,,,,,,,,,,,,,,,,,,,,,,,,,,,,,,,,,,,,,,,,,,,,,,,,,,,,,,,,,,,,,,,,,,,,,,,,,,,,,,,42,d,Time,1000,,mg/kg bdwt/d,Administered dose(mass),1000,,mg/kg/d,Administered dose(mass)
103-24-2,"bis(2-ethylhexyl) azelate;1,9-bis(2-ethylhexyl) nonanedioate;Azelaic acid, bis(2-ethylhexyl) ester;bis(2-ethylhexyl) azelate;Bis(2-ethylhexyl) nonanedioate;bis(2-ethylhexyl) nonanedioate (nonanedioic acid, bis(2-ethylhexyl) ester);Di-2-ethylhexyl azelate;dioctyl azelate;Nonanedioic acid, 1,9-bis(2-ethylhexyl) ester;Nonanedioic acid, bis(2-ethylhexyl) ester",,,,,,,,,,,,,,,,,,,,,,,,,,,,,,,,,,,,,,,,,,,,,,,,,,,,,,,,,,,,,,,,,,,,,,,,,,,,,,,,,,,,,,,,,,,,,,,,,,,,,,,,,,,,,,,,,,,,,,,,,,,,,,,,Human Health Hazards#Repeated Dose Toxicity,Repeated Dose Toxicity HESS,NOEL,,False,No qualifier,Equal,,,,2003,,,,OECD TG 422,,,Rat,Locomotor Activity↓,,,,,,,,,,,,,,,,,,,,,,SD,Oral (Gavage),,,,,,Male,Main,"National Institute of Health Sciences, Japan",Whole body,ReproTox,Food and Drug Safety Center,General signs,1000,mg/kg bdwt/d,Administered dose(mass),100,mg/kg bdwt/d,Administered dose(mass),77.2,None,0,d,Time,,,,,,,,,,,,,,,,,,,,,,,,,,,,,,,,,,,,,,,,,,,,,,,,,,,,,,,,,,,,,,,,,,,,,,,,,,,,,,,,,,,,,,,,,,,,,,,,,,,,,,,,,,,,,,,,,,,,,,,,,,,,,,,,,,,,,,,,,,,,,,,,,,,,,,,,,,,,,,,,,42,d,Time,1000,,mg/kg bdwt/d,Administered dose(mass),1000,,mg/kg/d,Administered dose(mass)
103-24-2,"bis(2-ethylhexyl) azelate;1,9-bis(2-ethylhexyl) nonanedioate;Azelaic acid, bis(2-ethylhexyl) ester;bis(2-ethylhexyl) azelate;Bis(2-ethylhexyl) nonanedioate;bis(2-ethylhexyl) nonanedioate (nonanedioic acid, bis(2-ethylhexyl) ester);Di-2-ethylhexyl azelate;dioctyl azelate;Nonanedioic acid, 1,9-bis(2-ethylhexyl) ester;Nonanedioic acid, bis(2-ethylhexyl) ester",,,,,,,,,,,,,,,,,,,,,,,,,,,,,,,,,,,,,,,,,,,,,,,,,,,,,,,,,,,,,,,,,,,,,,,,,,,,,,,,,,,,,,,,,,,,,,,,,,,,,,,,,,,,,,,,,,,,,,,,,,,,,,,,Human Health Hazards#Repeated Dose Toxicity,Repeated Dose Toxicity HESS,NOEL,,False,No qualifier,Equal,,,,2003,,,,OECD TG 422,,,Rat,Miosis,,,,,,,,,,,,,,,,,,,,,,SD,Oral (Gavage),,,,,,Male,Main,"National Institute of Health Sciences, Japan",Whole body,ReproTox,Food and Drug Safety Center,FOB,1000,mg/kg bdwt/d,Administered dose(mass),100,mg/kg bdwt/d,Administered dose(mass),77.2,None,0,d,Time,,,,,,,,,,,,,,,,,,,,,,,,,,,,,,,,,,,,,,,,,,,,,,,,,,,,,,,,,,,,,,,,,,,,,,,,,,,,,,,,,,,,,,,,,,,,,,,,,,,,,,,,,,,,,,,,,,,,,,,,,,,,,,,,,,,,,,,,,,,,,,,,,,,,,,,,,,,,,,,,,42,d,Time,1000,,mg/kg bdwt/d,Administered dose(mass),1000,,mg/kg/d,Administered dose(mass)
103-24-2,"bis(2-ethylhexyl) azelate;1,9-bis(2-ethylhexyl) nonanedioate;Azelaic acid, bis(2-ethylhexyl) ester;bis(2-ethylhexyl) azelate;Bis(2-ethylhexyl) nonanedioate;bis(2-ethylhexyl) nonanedioate (nonanedioic acid, bis(2-ethylhexyl) ester);Di-2-ethylhexyl azelate;dioctyl azelate;Nonanedioic acid, 1,9-bis(2-ethylhexyl) ester;Nonanedioic acid, bis(2-ethylhexyl) ester",,,,,,,,,,,,,,,,,,,,,,,,,,,,,,,,,,,,,,,,,,,,,,,,,,,,,,,,,,,,,,,,,,,,,,,,,,,,,,,,,,,,,,,,,,,,,,,,,,,,,,,,,,,,,,,,,,,,,,,,,,,,,,,,Human Health Hazards#Repeated Dose Toxicity,Repeated Dose Toxicity HESS,NOEL,,False,No qualifier,Equal,,,,2003,,,,OECD TG 422,,,Rat,Miosis,,,,,,,,,,,,,,,,,,,,,,SD,Oral (Gavage),,,,,,Male,Main,"National Institute of Health Sciences, Japan",Whole body,ReproTox,Food and Drug Safety Center,General signs,1000,mg/kg bdwt/d,Administered dose(mass),100,mg/kg bdwt/d,Administered dose(mass),77.2,None,0,d,Time,,,,,,,,,,,,,,,,,,,,,,,,,,,,,,,,,,,,,,,,,,,,,,,,,,,,,,,,,,,,,,,,,,,,,,,,,,,,,,,,,,,,,,,,,,,,,,,,,,,,,,,,,,,,,,,,,,,,,,,,,,,,,,,,,,,,,,,,,,,,,,,,,,,,,,,,,,,,,,,,,42,d,Time,1000,,mg/kg bdwt/d,Administered dose(mass),1000,,mg/kg/d,Administered dose(mass)
103-24-2,"bis(2-ethylhexyl) azelate;1,9-bis(2-ethylhexyl) nonanedioate;Azelaic acid, bis(2-ethylhexyl) ester;bis(2-ethylhexyl) azelate;Bis(2-ethylhexyl) nonanedioate;bis(2-ethylhexyl) nonanedioate (nonanedioic acid, bis(2-ethylhexyl) ester);Di-2-ethylhexyl azelate;dioctyl azelate;Nonanedioic acid, 1,9-bis(2-ethylhexyl) ester;Nonanedioic acid, bis(2-ethylhexyl) ester",,,,,,,,,,,,,,,,,,,,,,,,,,,,,,,,,,,,,,,,,,,,,,,,,,,,,,,,,,,,,,,,,,,,,,,,,,,,,,,,,,,,,,,,,,,,,,,,,,,,,,,,,,,,,,,,,,,,,,,,,,,,,,,,Human Health Hazards#Repeated Dose Toxicity,Repeated Dose Toxicity HESS,NOEL,,False,No qualifier,Equal,,,,2003,,,,OECD TG 422,,,Rat,Muscle Strength↓,,,,,,,,,,,,,,,,,,,,,,SD,Oral (Gavage),,,,,,Male,Main,"National Institute of Health Sciences, Japan",Whole body,ReproTox,Food and Drug Safety Center,FOB,1000,mg/kg bdwt/d,Administered dose(mass),100,mg/kg bdwt/d,Administered dose(mass),77.2,None,0,d,Time,,,,,,,,,,,,,,,,,,,,,,,,,,,,,,,,,,,,,,,,,,,,,,,,,,,,,,,,,,,,,,,,,,,,,,,,,,,,,,,,,,,,,,,,,,,,,,,,,,,,,,,,,,,,,,,,,,,,,,,,,,,,,,,,,,,,,,,,,,,,,,,,,,,,,,,,,,,,,,,,,42,d,Time,1000,,mg/kg bdwt/d,Administered dose(mass),1000,,mg/kg/d,Administered dose(mass)
103-24-2,"bis(2-ethylhexyl) azelate;1,9-bis(2-ethylhexyl) nonanedioate;Azelaic acid, bis(2-ethylhexyl) ester;bis(2-ethylhexyl) azelate;Bis(2-ethylhexyl) nonanedioate;bis(2-ethylhexyl) nonanedioate (nonanedioic acid, bis(2-ethylhexyl) ester);Di-2-ethylhexyl azelate;dioctyl azelate;Nonanedioic acid, 1,9-bis(2-ethylhexyl) ester;Nonanedioic acid, bis(2-ethylhexyl) ester",,,,,,,,,,,,,,,,,,,,,,,,,,,,,,,,,,,,,,,,,,,,,,,,,,,,,,,,,,,,,,,,,,,,,,,,,,,,,,,,,,,,,,,,,,,,,,,,,,,,,,,,,,,,,,,,,,,,,,,,,,,,,,,,Human Health Hazards#Repeated Dose Toxicity,Repeated Dose Toxicity HESS,NOEL,,False,No qualifier,Equal,,,,2003,,,,OECD TG 422,,,Rat,Muscle Tone↓,,,,,,,,,,,,,,,,,,,,,,SD,Oral (Gavage),,,,,,Male,Main,"National Institute of Health Sciences, Japan",Whole body,ReproTox,Food and Drug Safety Center,FOB,1000,mg/kg bdwt/d,Administered dose(mass),100,mg/kg bdwt/d,Administered dose(mass),77.2,None,0,d,Time,,,,,,,,,,,,,,,,,,,,,,,,,,,,,,,,,,,,,,,,,,,,,,,,,,,,,,,,,,,,,,,,,,,,,,,,,,,,,,,,,,,,,,,,,,,,,,,,,,,,,,,,,,,,,,,,,,,,,,,,,,,,,,,,,,,,,,,,,,,,,,,,,,,,,,,,,,,,,,,,,42,d,Time,1000,,mg/kg bdwt/d,Administered dose(mass),1000,,mg/kg/d,Administered dose(mass)
103-24-2,"bis(2-ethylhexyl) azelate;1,9-bis(2-ethylhexyl) nonanedioate;Azelaic acid, bis(2-ethylhexyl) ester;bis(2-ethylhexyl) azelate;Bis(2-ethylhexyl) nonanedioate;bis(2-ethylhexyl) nonanedioate (nonanedioic acid, bis(2-ethylhexyl) ester);Di-2-ethylhexyl azelate;dioctyl azelate;Nonanedioic acid, 1,9-bis(2-ethylhexyl) ester;Nonanedioic acid, bis(2-ethylhexyl) ester",,,,,,,,,,,,,,,,,,,,,,,,,,,,,,,,,,,,,,,,,,,,,,,,,,,,,,,,,,,,,,,,,,,,,,,,,,,,,,,,,,,,,,,,,,,,,,,,,,,,,,,,,,,,,,,,,,,,,,,,,,,,,,,,Human Health Hazards#Repeated Dose Toxicity,Repeated Dose Toxicity HESS,NOEL,,False,No qualifier,Equal,,,,2003,,,,OECD TG 422,,,Rat,Muscle Tone↓,,,,,,,,,,,,,,,,,,,,,,SD,Oral (Gavage),,,,,,Male,Main,"National Institute of Health Sciences, Japan",Whole body,ReproTox,Food and Drug Safety Center,General signs,1000,mg/kg bdwt/d,Administered dose(mass),100,mg/kg bdwt/d,Administered dose(mass),77.2,None,0,d,Time,,,,,,,,,,,,,,,,,,,,,,,,,,,,,,,,,,,,,,,,,,,,,,,,,,,,,,,,,,,,,,,,,,,,,,,,,,,,,,,,,,,,,,,,,,,,,,,,,,,,,,,,,,,,,,,,,,,,,,,,,,,,,,,,,,,,,,,,,,,,,,,,,,,,,,,,,,,,,,,,,42,d,Time,1000,,mg/kg bdwt/d,Administered dose(mass),1000,,mg/kg/d,Administered dose(mass)
103-24-2,"bis(2-ethylhexyl) azelate;1,9-bis(2-ethylhexyl) nonanedioate;Azelaic acid, bis(2-ethylhexyl) ester;bis(2-ethylhexyl) azelate;Bis(2-ethylhexyl) nonanedioate;bis(2-ethylhexyl) nonanedioate (nonanedioic acid, bis(2-ethylhexyl) ester);Di-2-ethylhexyl azelate;dioctyl azelate;Nonanedioic acid, 1,9-bis(2-ethylhexyl) ester;Nonanedioic acid, bis(2-ethylhexyl) ester",,,,,,,,,,,,,,,,,,,,,,,,,,,,,,,,,,,,,,,,,,,,,,,,,,,,,,,,,,,,,,,,,,,,,,,,,,,,,,,,,,,,,,,,,,,,,,,,,,,,,,,,,,,,,,,,,,,,,,,,,,,,,,,,Human Health Hazards#Repeated Dose Toxicity,Repeated Dose Toxicity HESS,NOEL,,False,No qualifier,Equal,,,,2003,,,,OECD TG 422,,,Rat,Mydriasis,,,,,,,,,,,,,,,,,,,,,,SD,Oral (Gavage),,,,,,Male,Main,"National Institute of Health Sciences, Japan",Whole body,ReproTox,Food and Drug Safety Center,FOB,1000,mg/kg bdwt/d,Administered dose(mass),100,mg/kg bdwt/d,Administered dose(mass),77.2,None,0,d,Time,,,,,,,,,,,,,,,,,,,,,,,,,,,,,,,,,,,,,,,,,,,,,,,,,,,,,,,,,,,,,,,,,,,,,,,,,,,,,,,,,,,,,,,,,,,,,,,,,,,,,,,,,,,,,,,,,,,,,,,,,,,,,,,,,,,,,,,,,,,,,,,,,,,,,,,,,,,,,,,,,42,d,Time,1000,,mg/kg bdwt/d,Administered dose(mass),1000,,mg/kg/d,Administered dose(mass)
103-24-2,"bis(2-ethylhexyl) azelate;1,9-bis(2-ethylhexyl) nonanedioate;Azelaic acid, bis(2-ethylhexyl) ester;bis(2-ethylhexyl) azelate;Bis(2-ethylhexyl) nonanedioate;bis(2-ethylhexyl) nonanedioate (nonanedioic acid, bis(2-ethylhexyl) ester);Di-2-ethylhexyl azelate;dioctyl azelate;Nonanedioic acid, 1,9-bis(2-ethylhexyl) ester;Nonanedioic acid, bis(2-ethylhexyl) ester",,,,,,,,,,,,,,,,,,,,,,,,,,,,,,,,,,,,,,,,,,,,,,,,,,,,,,,,,,,,,,,,,,,,,,,,,,,,,,,,,,,,,,,,,,,,,,,,,,,,,,,,,,,,,,,,,,,,,,,,,,,,,,,,Human Health Hazards#Repeated Dose Toxicity,Repeated Dose Toxicity HESS,NOEL,,False,No qualifier,Equal,,,,2003,,,,OECD TG 422,,,Rat,Mydriasis,,,,,,,,,,,,,,,,,,,,,,SD,Oral (Gavage),,,,,,Male,Main,"National Institute of Health Sciences, Japan",Whole body,ReproTox,Food and Drug Safety Center,General signs,1000,mg/kg bdwt/d,Administered dose(mass),100,mg/kg bdwt/d,Administered dose(mass),77.2,None,0,d,Time,,,,,,,,,,,,,,,,,,,,,,,,,,,,,,,,,,,,,,,,,,,,,,,,,,,,,,,,,,,,,,,,,,,,,,,,,,,,,,,,,,,,,,,,,,,,,,,,,,,,,,,,,,,,,,,,,,,,,,,,,,,,,,,,,,,,,,,,,,,,,,,,,,,,,,,,,,,,,,,,,42,d,Time,1000,,mg/kg bdwt/d,Administered dose(mass),1000,,mg/kg/d,Administered dose(mass)
103-24-2,"bis(2-ethylhexyl) azelate;1,9-bis(2-ethylhexyl) nonanedioate;Azelaic acid, bis(2-ethylhexyl) ester;bis(2-ethylhexyl) azelate;Bis(2-ethylhexyl) nonanedioate;bis(2-ethylhexyl) nonanedioate (nonanedioic acid, bis(2-ethylhexyl) ester);Di-2-ethylhexyl azelate;dioctyl azelate;Nonanedioic acid, 1,9-bis(2-ethylhexyl) ester;Nonanedioic acid, bis(2-ethylhexyl) ester",,,,,,,,,,,,,,,,,,,,,,,,,,,,,,,,,,,,,,,,,,,,,,,,,,,,,,,,,,,,,,,,,,,,,,,,,,,,,,,,,,,,,,,,,,,,,,,,,,,,,,,,,,,,,,,,,,,,,,,,,,,,,,,,Human Health Hazards#Repeated Dose Toxicity,Repeated Dose Toxicity HESS,NOEL,,False,No qualifier,Equal,,,,2003,,,,OECD TG 422,,,Rat,Other Findings,,,,,,,,,,,,,,,,,,,,,,SD,Oral (Gavage),,,,,,Male,Main,"National Institute of Health Sciences, Japan",Whole body,ReproTox,Food and Drug Safety Center,FOB,1000,mg/kg bdwt/d,Administered dose(mass),100,mg/kg bdwt/d,Administered dose(mass),77.2,None,0,d,Time,,,,,,,,,,,,,,,,,,,,,,,,,,,,,,,,,,,,,,,,,,,,,,,,,,,,,,,,,,,,,,,,,,,,,,,,,,,,,,,,,,,,,,,,,,,,,,,,,,,,,,,,,,,,,,,,,,,,,,,,,,,,,,,,,,,,,,,,,,,,,,,,,,,,,,,,,,,,,,,,,42,d,Time,1000,,mg/kg bdwt/d,Administered dose(mass),1000,,mg/kg/d,Administered dose(mass)
103-24-2,"bis(2-ethylhexyl) azelate;1,9-bis(2-ethylhexyl) nonanedioate;Azelaic acid, bis(2-ethylhexyl) ester;bis(2-ethylhexyl) azelate;Bis(2-ethylhexyl) nonanedioate;bis(2-ethylhexyl) nonanedioate (nonanedioic acid, bis(2-ethylhexyl) ester);Di-2-ethylhexyl azelate;dioctyl azelate;Nonanedioic acid, 1,9-bis(2-ethylhexyl) ester;Nonanedioic acid, bis(2-ethylhexyl) ester",,,,,,,,,,,,,,,,,,,,,,,,,,,,,,,,,,,,,,,,,,,,,,,,,,,,,,,,,,,,,,,,,,,,,,,,,,,,,,,,,,,,,,,,,,,,,,,,,,,,,,,,,,,,,,,,,,,,,,,,,,,,,,,,Human Health Hazards#Repeated Dose Toxicity,Repeated Dose Toxicity HESS,NOEL,,False,No qualifier,Equal,,,,2003,,,,OECD TG 422,,,Rat,Other Findings,,,,,,,,,,,,,,,,,,,,,,SD,Oral (Gavage),,,,,,Male,Main,"National Institute of Health Sciences, Japan",Whole body,ReproTox,Food and Drug Safety Center,General signs,1000,mg/kg bdwt/d,Administered dose(mass),100,mg/kg bdwt/d,Administered dose(mass),77.2,None,0,d,Time,,,,,,,,,,,,,,,,,,,,,,,,,,,,,,,,,,,,,,,,,,,,,,,,,,,,,,,,,,,,,,,,,,,,,,,,,,,,,,,,,,,,,,,,,,,,,,,,,,,,,,,,,,,,,,,,,,,,,,,,,,,,,,,,,,,,,,,,,,,,,,,,,,,,,,,,,,,,,,,,,42,d,Time,1000,,mg/kg bdwt/d,Administered dose(mass),1000,,mg/kg/d,Administered dose(mass)
103-24-2,"bis(2-ethylhexyl) azelate;1,9-bis(2-ethylhexyl) nonanedioate;Azelaic acid, bis(2-ethylhexyl) ester;bis(2-ethylhexyl) azelate;Bis(2-ethylhexyl) nonanedioate;bis(2-ethylhexyl) nonanedioate (nonanedioic acid, bis(2-ethylhexyl) ester);Di-2-ethylhexyl azelate;dioctyl azelate;Nonanedioic acid, 1,9-bis(2-ethylhexyl) ester;Nonanedioic acid, bis(2-ethylhexyl) ester",,,,,,,,,,,,,,,,,,,,,,,,,,,,,,,,,,,,,,,,,,,,,,,,,,,,,,,,,,,,,,,,,,,,,,,,,,,,,,,,,,,,,,,,,,,,,,,,,,,,,,,,,,,,,,,,,,,,,,,,,,,,,,,,Human Health Hazards#Repeated Dose Toxicity,Repeated Dose Toxicity HESS,NOEL,,False,No qualifier,Equal,,,,2003,,,,OECD TG 422,,,Rat,Piloerection,,,,,,,,,,,,,,,,,,,,,,SD,Oral (Gavage),,,,,,Male,Main,"National Institute of Health Sciences, Japan",Whole body,ReproTox,Food and Drug Safety Center,FOB,1000,mg/kg bdwt/d,Administered dose(mass),100,mg/kg bdwt/d,Administered dose(mass),77.2,None,0,d,Time,,,,,,,,,,,,,,,,,,,,,,,,,,,,,,,,,,,,,,,,,,,,,,,,,,,,,,,,,,,,,,,,,,,,,,,,,,,,,,,,,,,,,,,,,,,,,,,,,,,,,,,,,,,,,,,,,,,,,,,,,,,,,,,,,,,,,,,,,,,,,,,,,,,,,,,,,,,,,,,,,42,d,Time,1000,,mg/kg bdwt/d,Administered dose(mass),1000,,mg/kg/d,Administered dose(mass)
103-24-2,"bis(2-ethylhexyl) azelate;1,9-bis(2-ethylhexyl) nonanedioate;Azelaic acid, bis(2-ethylhexyl) ester;bis(2-ethylhexyl) azelate;Bis(2-ethylhexyl) nonanedioate;bis(2-ethylhexyl) nonanedioate (nonanedioic acid, bis(2-ethylhexyl) ester);Di-2-ethylhexyl azelate;dioctyl azelate;Nonanedioic acid, 1,9-bis(2-ethylhexyl) ester;Nonanedioic acid, bis(2-ethylhexyl) ester",,,,,,,,,,,,,,,,,,,,,,,,,,,,,,,,,,,,,,,,,,,,,,,,,,,,,,,,,,,,,,,,,,,,,,,,,,,,,,,,,,,,,,,,,,,,,,,,,,,,,,,,,,,,,,,,,,,,,,,,,,,,,,,,Human Health Hazards#Repeated Dose Toxicity,Repeated Dose Toxicity HESS,NOEL,,False,No qualifier,Equal,,,,2003,,,,OECD TG 422,,,Rat,Piloerection,,,,,,,,,,,,,,,,,,,,,,SD,Oral (Gavage),,,,,,Male,Main,"National Institute of Health Sciences, Japan",Whole body,ReproTox,Food and Drug Safety Center,General signs,1000,mg/kg bdwt/d,Administered dose(mass),100,mg/kg bdwt/d,Administered dose(mass),77.2,None,0,d,Time,,,,,,,,,,,,,,,,,,,,,,,,,,,,,,,,,,,,,,,,,,,,,,,,,,,,,,,,,,,,,,,,,,,,,,,,,,,,,,,,,,,,,,,,,,,,,,,,,,,,,,,,,,,,,,,,,,,,,,,,,,,,,,,,,,,,,,,,,,,,,,,,,,,,,,,,,,,,,,,,,42,d,Time,1000,,mg/kg bdwt/d,Administered dose(mass),1000,,mg/kg/d,Administered dose(mass)
103-24-2,"bis(2-ethylhexyl) azelate;1,9-bis(2-ethylhexyl) nonanedioate;Azelaic acid, bis(2-ethylhexyl) ester;bis(2-ethylhexyl) azelate;Bis(2-ethylhexyl) nonanedioate;bis(2-ethylhexyl) nonanedioate (nonanedioic acid, bis(2-ethylhexyl) ester);Di-2-ethylhexyl azelate;dioctyl azelate;Nonanedioic acid, 1,9-bis(2-ethylhexyl) ester;Nonanedioic acid, bis(2-ethylhexyl) ester",,,,,,,,,,,,,,,,,,,,,,,,,,,,,,,,,,,,,,,,,,,,,,,,,,,,,,,,,,,,,,,,,,,,,,,,,,,,,,,,,,,,,,,,,,,,,,,,,,,,,,,,,,,,,,,,,,,,,,,,,,,,,,,,Human Health Hazards#Repeated Dose Toxicity,Repeated Dose Toxicity HESS,NOEL,,False,No qualifier,Equal,,,,2003,,,,OECD TG 422,,,Rat,Ptosis/Palpebral Closure,,,,,,,,,,,,,,,,,,,,,,SD,Oral (Gavage),,,,,,Male,Main,"National Institute of Health Sciences, Japan",Whole body,ReproTox,Food and Drug Safety Center,FOB,1000,mg/kg bdwt/d,Administered dose(mass),100,mg/kg bdwt/d,Administered dose(mass),77.2,None,0,d,Time,,,,,,,,,,,,,,,,,,,,,,,,,,,,,,,,,,,,,,,,,,,,,,,,,,,,,,,,,,,,,,,,,,,,,,,,,,,,,,,,,,,,,,,,,,,,,,,,,,,,,,,,,,,,,,,,,,,,,,,,,,,,,,,,,,,,,,,,,,,,,,,,,,,,,,,,,,,,,,,,,42,d,Time,1000,,mg/kg bdwt/d,Administered dose(mass),1000,,mg/kg/d,Administered dose(mass)
103-24-2,"bis(2-ethylhexyl) azelate;1,9-bis(2-ethylhexyl) nonanedioate;Azelaic acid, bis(2-ethylhexyl) ester;bis(2-ethylhexyl) azelate;Bis(2-ethylhexyl) nonanedioate;bis(2-ethylhexyl) nonanedioate (nonanedioic acid, bis(2-ethylhexyl) ester);Di-2-ethylhexyl azelate;dioctyl azelate;Nonanedioic acid, 1,9-bis(2-ethylhexyl) ester;Nonanedioic acid, bis(2-ethylhexyl) ester",,,,,,,,,,,,,,,,,,,,,,,,,,,,,,,,,,,,,,,,,,,,,,,,,,,,,,,,,,,,,,,,,,,,,,,,,,,,,,,,,,,,,,,,,,,,,,,,,,,,,,,,,,,,,,,,,,,,,,,,,,,,,,,,Human Health Hazards#Repeated Dose Toxicity,Repeated Dose Toxicity HESS,NOEL,,False,No qualifier,Equal,,,,2003,,,,OECD TG 422,,,Rat,Ptosis/Palpebral Closure,,,,,,,,,,,,,,,,,,,,,,SD,Oral (Gavage),,,,,,Male,Main,"National Institute of Health Sciences, Japan",Whole body,ReproTox,Food and Drug Safety Center,General signs,1000,mg/kg bdwt/d,Administered dose(mass),100,mg/kg bdwt/d,Administered dose(mass),77.2,None,0,d,Time,,,,,,,,,,,,,,,,,,,,,,,,,,,,,,,,,,,,,,,,,,,,,,,,,,,,,,,,,,,,,,,,,,,,,,,,,,,,,,,,,,,,,,,,,,,,,,,,,,,,,,,,,,,,,,,,,,,,,,,,,,,,,,,,,,,,,,,,,,,,,,,,,,,,,,,,,,,,,,,,,42,d,Time,1000,,mg/kg bdwt/d,Administered dose(mass),1000,,mg/kg/d,Administered dose(mass)
103-24-2,"bis(2-ethylhexyl) azelate;1,9-bis(2-ethylhexyl) nonanedioate;Azelaic acid, bis(2-ethylhexyl) ester;bis(2-ethylhexyl) azelate;Bis(2-ethylhexyl) nonanedioate;bis(2-ethylhexyl) nonanedioate (nonanedioic acid, bis(2-ethylhexyl) ester);Di-2-ethylhexyl azelate;dioctyl azelate;Nonanedioic acid, 1,9-bis(2-ethylhexyl) ester;Nonanedioic acid, bis(2-ethylhexyl) ester",,,,,,,,,,,,,,,,,,,,,,,,,,,,,,,,,,,,,,,,,,,,,,,,,,,,,,,,,,,,,,,,,,,,,,,,,,,,,,,,,,,,,,,,,,,,,,,,,,,,,,,,,,,,,,,,,,,,,,,,,,,,,,,,Human Health Hazards#Repeated Dose Toxicity,Repeated Dose Toxicity HESS,NOEL,,False,No qualifier,Equal,,,,2003,,,,OECD TG 422,,,Rat,Pupillary Light Reflex,,,,,,,,,,,,,,,,,,,,,,SD,Oral (Gavage),,,,,,Male,Main,"National Institute of Health Sciences, Japan",Whole body,ReproTox,Food and Drug Safety Center,FOB,1000,mg/kg bdwt/d,Administered dose(mass),100,mg/kg bdwt/d,Administered dose(mass),77.2,None,0,d,Time,,,,,,,,,,,,,,,,,,,,,,,,,,,,,,,,,,,,,,,,,,,,,,,,,,,,,,,,,,,,,,,,,,,,,,,,,,,,,,,,,,,,,,,,,,,,,,,,,,,,,,,,,,,,,,,,,,,,,,,,,,,,,,,,,,,,,,,,,,,,,,,,,,,,,,,,,,,,,,,,,42,d,Time,1000,,mg/kg bdwt/d,Administered dose(mass),1000,,mg/kg/d,Administered dose(mass)
103-24-2,"bis(2-ethylhexyl) azelate;1,9-bis(2-ethylhexyl) nonanedioate;Azelaic acid, bis(2-ethylhexyl) ester;bis(2-ethylhexyl) azelate;Bis(2-ethylhexyl) nonanedioate;bis(2-ethylhexyl) nonanedioate (nonanedioic acid, bis(2-ethylhexyl) ester);Di-2-ethylhexyl azelate;dioctyl azelate;Nonanedioic acid, 1,9-bis(2-ethylhexyl) ester;Nonanedioic acid, bis(2-ethylhexyl) ester",,,,,,,,,,,,,,,,,,,,,,,,,,,,,,,,,,,,,,,,,,,,,,,,,,,,,,,,,,,,,,,,,,,,,,,,,,,,,,,,,,,,,,,,,,,,,,,,,,,,,,,,,,,,,,,,,,,,,,,,,,,,,,,,Human Health Hazards#Repeated Dose Toxicity,Repeated Dose Toxicity HESS,NOEL,,False,No qualifier,Equal,,,,2003,,,,OECD TG 422,,,Rat,Salivation,,,,,,,,,,,,,,,,,,,,,,SD,Oral (Gavage),,,,,,Male,Main,"National Institute of Health Sciences, Japan",Whole body,ReproTox,Food and Drug Safety Center,FOB,1000,mg/kg bdwt/d,Administered dose(mass),100,mg/kg bdwt/d,Administered dose(mass),77.2,None,0,d,Time,,,,,,,,,,,,,,,,,,,,,,,,,,,,,,,,,,,,,,,,,,,,,,,,,,,,,,,,,,,,,,,,,,,,,,,,,,,,,,,,,,,,,,,,,,,,,,,,,,,,,,,,,,,,,,,,,,,,,,,,,,,,,,,,,,,,,,,,,,,,,,,,,,,,,,,,,,,,,,,,,42,d,Time,1000,,mg/kg bdwt/d,Administered dose(mass),1000,,mg/kg/d,Administered dose(mass)
103-24-2,"bis(2-ethylhexyl) azelate;1,9-bis(2-ethylhexyl) nonanedioate;Azelaic acid, bis(2-ethylhexyl) ester;bis(2-ethylhexyl) azelate;Bis(2-ethylhexyl) nonanedioate;bis(2-ethylhexyl) nonanedioate (nonanedioic acid, bis(2-ethylhexyl) ester);Di-2-ethylhexyl azelate;dioctyl azelate;Nonanedioic acid, 1,9-bis(2-ethylhexyl) ester;Nonanedioic acid, bis(2-ethylhexyl) ester",,,,,,,,,,,,,,,,,,,,,,,,,,,,,,,,,,,,,,,,,,,,,,,,,,,,,,,,,,,,,,,,,,,,,,,,,,,,,,,,,,,,,,,,,,,,,,,,,,,,,,,,,,,,,,,,,,,,,,,,,,,,,,,,Human Health Hazards#Repeated Dose Toxicity,Repeated Dose Toxicity HESS,NOEL,,False,No qualifier,Equal,,,,2003,,,,OECD TG 422,,,Rat,Salivation,,,,,,,,,,,,,,,,,,,,,,SD,Oral (Gavage),,,,,,Male,Main,"National Institute of Health Sciences, Japan",Whole body,ReproTox,Food and Drug Safety Center,General signs,1000,mg/kg bdwt/d,Administered dose(mass),100,mg/kg bdwt/d,Administered dose(mass),77.2,None,0,d,Time,,,,,,,,,,,,,,,,,,,,,,,,,,,,,,,,,,,,,,,,,,,,,,,,,,,,,,,,,,,,,,,,,,,,,,,,,,,,,,,,,,,,,,,,,,,,,,,,,,,,,,,,,,,,,,,,,,,,,,,,,,,,,,,,,,,,,,,,,,,,,,,,,,,,,,,,,,,,,,,,,42,d,Time,1000,,mg/kg bdwt/d,Administered dose(mass),1000,,mg/kg/d,Administered dose(mass)
103-24-2,"bis(2-ethylhexyl) azelate;1,9-bis(2-ethylhexyl) nonanedioate;Azelaic acid, bis(2-ethylhexyl) ester;bis(2-ethylhexyl) azelate;Bis(2-ethylhexyl) nonanedioate;bis(2-ethylhexyl) nonanedioate (nonanedioic acid, bis(2-ethylhexyl) ester);Di-2-ethylhexyl azelate;dioctyl azelate;Nonanedioic acid, 1,9-bis(2-ethylhexyl) ester;Nonanedioic acid, bis(2-ethylhexyl) ester",,,,,,,,,,,,,,,,,,,,,,,,,,,,,,,,,,,,,,,,,,,,,,,,,,,,,,,,,,,,,,,,,,,,,,,,,,,,,,,,,,,,,,,,,,,,,,,,,,,,,,,,,,,,,,,,,,,,,,,,,,,,,,,,Human Health Hazards#Repeated Dose Toxicity,Repeated Dose Toxicity HESS,NOEL,,False,No qualifier,Equal,,,,2003,,,,OECD TG 422,,,Rat,Straub Tail,,,,,,,,,,,,,,,,,,,,,,SD,Oral (Gavage),,,,,,Male,Main,"National Institute of Health Sciences, Japan",Whole body,ReproTox,Food and Drug Safety Center,FOB,1000,mg/kg bdwt/d,Administered dose(mass),100,mg/kg bdwt/d,Administered dose(mass),77.2,None,0,d,Time,,,,,,,,,,,,,,,,,,,,,,,,,,,,,,,,,,,,,,,,,,,,,,,,,,,,,,,,,,,,,,,,,,,,,,,,,,,,,,,,,,,,,,,,,,,,,,,,,,,,,,,,,,,,,,,,,,,,,,,,,,,,,,,,,,,,,,,,,,,,,,,,,,,,,,,,,,,,,,,,,42,d,Time,1000,,mg/kg bdwt/d,Administered dose(mass),1000,,mg/kg/d,Administered dose(mass)
103-24-2,"bis(2-ethylhexyl) azelate;1,9-bis(2-ethylhexyl) nonanedioate;Azelaic acid, bis(2-ethylhexyl) ester;bis(2-ethylhexyl) azelate;Bis(2-ethylhexyl) nonanedioate;bis(2-ethylhexyl) nonanedioate (nonanedioic acid, bis(2-ethylhexyl) ester);Di-2-ethylhexyl azelate;dioctyl azelate;Nonanedioic acid, 1,9-bis(2-ethylhexyl) ester;Nonanedioic acid, bis(2-ethylhexyl) ester",,,,,,,,,,,,,,,,,,,,,,,,,,,,,,,,,,,,,,,,,,,,,,,,,,,,,,,,,,,,,,,,,,,,,,,,,,,,,,,,,,,,,,,,,,,,,,,,,,,,,,,,,,,,,,,,,,,,,,,,,,,,,,,,Human Health Hazards#Repeated Dose Toxicity,Repeated Dose Toxicity HESS,NOEL,,False,No qualifier,Equal,,,,2003,,,,OECD TG 422,,,Rat,Straub Tail,,,,,,,,,,,,,,,,,,,,,,SD,Oral (Gavage),,,,,,Male,Main,"National Institute of Health Sciences, Japan",Whole body,ReproTox,Food and Drug Safety Center,General signs,1000,mg/kg bdwt/d,Administered dose(mass),100,mg/kg bdwt/d,Administered dose(mass),77.2,None,0,d,Time,,,,,,,,,,,,,,,,,,,,,,,,,,,,,,,,,,,,,,,,,,,,,,,,,,,,,,,,,,,,,,,,,,,,,,,,,,,,,,,,,,,,,,,,,,,,,,,,,,,,,,,,,,,,,,,,,,,,,,,,,,,,,,,,,,,,,,,,,,,,,,,,,,,,,,,,,,,,,,,,,42,d,Time,1000,,mg/kg bdwt/d,Administered dose(mass),1000,,mg/kg/d,Administered dose(mass)
103-24-2,"bis(2-ethylhexyl) azelate;1,9-bis(2-ethylhexyl) nonanedioate;Azelaic acid, bis(2-ethylhexyl) ester;bis(2-ethylhexyl) azelate;Bis(2-ethylhexyl) nonanedioate;bis(2-ethylhexyl) nonanedioate (nonanedioic acid, bis(2-ethylhexyl) ester);Di-2-ethylhexyl azelate;dioctyl azelate;Nonanedioic acid, 1,9-bis(2-ethylhexyl) ester;Nonanedioic acid, bis(2-ethylhexyl) ester",,,,,,,,,,,,,,,,,,,,,,,,,,,,,,,,,,,,,,,,,,,,,,,,,,,,,,,,,,,,,,,,,,,,,,,,,,,,,,,,,,,,,,,,,,,,,,,,,,,,,,,,,,,,,,,,,,,,,,,,,,,,,,,,Human Health Hazards#Repeated Dose Toxicity,Repeated Dose Toxicity HESS,NOEL,,False,No qualifier,Equal,,,,2003,,,,OECD TG 422,,,Rat,Total,,,,,,,,,,,,,,,,,,,,,,SD,Oral (Gavage),,,,,,Male,Main,"National Institute of Health Sciences, Japan",Whole body,ReproTox,Food and Drug Safety Center,NOEL/LOEL,1000,mg/kg bdwt/d,Administered dose(mass),100,mg/kg bdwt/d,Administered dose(mass),77.2,None,0,d,Time,,,,,,,,,,,,,,,,,,,,,,,,,,,,,,,,,,,,,,,,,,,,,,,,,,,,,,,,,,,,,,,,,,,,,,,,,,,,,,,,,,,,,,,,,,,,,,,,,,,,,,,,,,,,,,,,,,,,,,,,,,,,,,,,,,,,,,,,,,,,,,,,,,,,,,,,,,,,,,,,,42,d,Time,100,,mg/kg bdwt/d,Administered dose(mass),100,,mg/kg/d,Administered dose(mass)
103-24-2,"bis(2-ethylhexyl) azelate;1,9-bis(2-ethylhexyl) nonanedioate;Azelaic acid, bis(2-ethylhexyl) ester;bis(2-ethylhexyl) azelate;Bis(2-ethylhexyl) nonanedioate;bis(2-ethylhexyl) nonanedioate (nonanedioic acid, bis(2-ethylhexyl) ester);Di-2-ethylhexyl azelate;dioctyl azelate;Nonanedioic acid, 1,9-bis(2-ethylhexyl) ester;Nonanedioic acid, bis(2-ethylhexyl) ester",,,,,,,,,,,,,,,,,,,,,,,,,,,,,,,,,,,,,,,,,,,,,,,,,,,,,,,,,,,,,,,,,,,,,,,,,,,,,,,,,,,,,,,,,,,,,,,,,,,,,,,,,,,,,,,,,,,,,,,,,,,,,,,,Human Health Hazards#Repeated Dose Toxicity,Repeated Dose Toxicity HESS,NOEL,,False,No qualifier,Equal,,,,2003,,,,OECD TG 422,,,Rat,Tremor/Convulsion,,,,,,,,,,,,,,,,,,,,,,SD,Oral (Gavage),,,,,,Male,Main,"National Institute of Health Sciences, Japan",Whole body,ReproTox,Food and Drug Safety Center,FOB,1000,mg/kg bdwt/d,Administered dose(mass),100,mg/kg bdwt/d,Administered dose(mass),77.2,None,0,d,Time,,,,,,,,,,,,,,,,,,,,,,,,,,,,,,,,,,,,,,,,,,,,,,,,,,,,,,,,,,,,,,,,,,,,,,,,,,,,,,,,,,,,,,,,,,,,,,,,,,,,,,,,,,,,,,,,,,,,,,,,,,,,,,,,,,,,,,,,,,,,,,,,,,,,,,,,,,,,,,,,,42,d,Time,1000,,mg/kg bdwt/d,Administered dose(mass),1000,,mg/kg/d,Administered dose(mass)
103-24-2,"bis(2-ethylhexyl) azelate;1,9-bis(2-ethylhexyl) nonanedioate;Azelaic acid, bis(2-ethylhexyl) ester;bis(2-ethylhexyl) azelate;Bis(2-ethylhexyl) nonanedioate;bis(2-ethylhexyl) nonanedioate (nonanedioic acid, bis(2-ethylhexyl) ester);Di-2-ethylhexyl azelate;dioctyl azelate;Nonanedioic acid, 1,9-bis(2-ethylhexyl) ester;Nonanedioic acid, bis(2-ethylhexyl) ester",,,,,,,,,,,,,,,,,,,,,,,,,,,,,,,,,,,,,,,,,,,,,,,,,,,,,,,,,,,,,,,,,,,,,,,,,,,,,,,,,,,,,,,,,,,,,,,,,,,,,,,,,,,,,,,,,,,,,,,,,,,,,,,,Human Health Hazards#Repeated Dose Toxicity,Repeated Dose Toxicity HESS,NOEL,,False,No qualifier,Equal,,,,2003,,,,OECD TG 422,,,Rat,Tremor/Convulsion,,,,,,,,,,,,,,,,,,,,,,SD,Oral (Gavage),,,,,,Male,Main,"National Institute of Health Sciences, Japan",Whole body,ReproTox,Food and Drug Safety Center,General signs,1000,mg/kg bdwt/d,Administered dose(mass),100,mg/kg bdwt/d,Administered dose(mass),77.2,None,0,d,Time,,,,,,,,,,,,,,,,,,,,,,,,,,,,,,,,,,,,,,,,,,,,,,,,,,,,,,,,,,,,,,,,,,,,,,,,,,,,,,,,,,,,,,,,,,,,,,,,,,,,,,,,,,,,,,,,,,,,,,,,,,,,,,,,,,,,,,,,,,,,,,,,,,,,,,,,,,,,,,,,,42,d,Time,1000,,mg/kg bdwt/d,Administered dose(mass),1000,,mg/kg/d,Administered dose(mass)
103-24-2,"bis(2-ethylhexyl) azelate;1,9-bis(2-ethylhexyl) nonanedioate;Azelaic acid, bis(2-ethylhexyl) ester;bis(2-ethylhexyl) azelate;Bis(2-ethylhexyl) nonanedioate;bis(2-ethylhexyl) nonanedioate (nonanedioic acid, bis(2-ethylhexyl) ester);Di-2-ethylhexyl azelate;dioctyl azelate;Nonanedioic acid, 1,9-bis(2-ethylhexyl) ester;Nonanedioic acid, bis(2-ethylhexyl) ester",,,,,,,,,,,,,,,,,,,,,,,,,,,,,,,,,,,,,,,,,,,,,,,,,,,,,,,,,,,,,,,,,,,,,,,,,,,,,,,,,,,,,,,,,,,,,,,,,,,,,,,,,,,,,,,,,,,,,,,,,,,,,,,,Human Health Hazards#Repeated Dose Toxicity,Repeated Dose Toxicity HESS,NOEL,,False,No qualifier,Equal,,,,2003,,,,OECD TG 422,,,Rat,Vocalization,,,,,,,,,,,,,,,,,,,,,,SD,Oral (Gavage),,,,,,Male,Main,"National Institute of Health Sciences, Japan",Whole body,ReproTox,Food and Drug Safety Center,FOB,1000,mg/kg bdwt/d,Administered dose(mass),100,mg/kg bdwt/d,Administered dose(mass),77.2,None,0,d,Time,,,,,,,,,,,,,,,,,,,,,,,,,,,,,,,,,,,,,,,,,,,,,,,,,,,,,,,,,,,,,,,,,,,,,,,,,,,,,,,,,,,,,,,,,,,,,,,,,,,,,,,,,,,,,,,,,,,,,,,,,,,,,,,,,,,,,,,,,,,,,,,,,,,,,,,,,,,,,,,,,42,d,Time,1000,,mg/kg bdwt/d,Administered dose(mass),1000,,mg/kg/d,Administered dose(mass)
103-24-2,"bis(2-ethylhexyl) azelate;1,9-bis(2-ethylhexyl) nonanedioate;Azelaic acid, bis(2-ethylhexyl) ester;bis(2-ethylhexyl) azelate;Bis(2-ethylhexyl) nonanedioate;bis(2-ethylhexyl) nonanedioate (nonanedioic acid, bis(2-ethylhexyl) ester);Di-2-ethylhexyl azelate;dioctyl azelate;Nonanedioic acid, 1,9-bis(2-ethylhexyl) ester;Nonanedioic acid, bis(2-ethylhexyl) ester",,,,,,,,,,,,,,,,,,,,,,,,,,,,,,,,,,,,,,,,,,,,,,,,,,,,,,,,,,,,,,,,,,,,,,,,,,,,,,,,,,,,,,,,,,,,,,,,,,,,,,,,,,,,,,,,,,,,,,,,,,,,,,,,Human Health Hazards#Repeated Dose Toxicity,Repeated Dose Toxicity HESS,NOEL,,False,No qualifier,Equal,,,,2003,,,,OECD TG 422,,,Rat,Vocalization,,,,,,,,,,,,,,,,,,,,,,SD,Oral (Gavage),,,,,,Male,Main,"National Institute of Health Sciences, Japan",Whole body,ReproTox,Food and Drug Safety Center,General signs,1000,mg/kg bdwt/d,Administered dose(mass),100,mg/kg bdwt/d,Administered dose(mass),77.2,None,0,d,Time,,,,,,,,,,,,,,,,,,,,,,,,,,,,,,,,,,,,,,,,,,,,,,,,,,,,,,,,,,,,,,,,,,,,,,,,,,,,,,,,,,,,,,,,,,,,,,,,,,,,,,,,,,,,,,,,,,,,,,,,,,,,,,,,,,,,,,,,,,,,,,,,,,,,,,,,,,,,,,,,,42,d,Time,1000,,mg/kg bdwt/d,Administered dose(mass),1000,,mg/kg/d,Administered dose(mass)
103-24-2,"bis(2-ethylhexyl) azelate;1,9-bis(2-ethylhexyl) nonanedioate;Azelaic acid, bis(2-ethylhexyl) ester;bis(2-ethylhexyl) azelate;Bis(2-ethylhexyl) nonanedioate;bis(2-ethylhexyl) nonanedioate (nonanedioic acid, bis(2-ethylhexyl) ester);Di-2-ethylhexyl azelate;dioctyl azelate;Nonanedioic acid, 1,9-bis(2-ethylhexyl) ester;Nonanedioic acid, bis(2-ethylhexyl) ester",,,,,,,,,,,,,,,,,,,,,,,,,,,,,,,,,,,,,,,,,,,,,,,,,,,,,,,,,,,,,,,,,,,,,,,,,,,,,,,,,,,,,,,,,,,,,,,,,,,,,,,,,,,,,,,,,,,,,,,,,,,,,,,,Human Health Hazards#ToxCast,ToxCastDB,AC50,,False,No qualifier,Equal,,,,,,,,,,,Homo sapiens,,,,Animalia (animals),Bilateria,Chordata (chordates),Vertebrata (vertebrates),Mammalia (mammals),Theria,Primates (primates),Haplorrhini,Simiiformes,"Hominidae (man-like primates,Great Apes)",Homo (hominoids),Deuterostomia,,Tetrapoda,,Homininae (African apes),Gnathostomata,,Hominoidea,,,,,,,,,,,,,,,,,,,,,,,,,,skin,HDFn_IL_1b_TNF_a_IFN_g_EGF_FGF_PDGFbb_24_Collagen_III_up,http://www.bioseekinc.com/,Fold-Change,primary cell,COL3A1,Collagen III,In vitro (Cellular),BioSeek,microplate: 96-well plate,HDF,ELISA,DMSO,"collagen, type III, alpha 1",Primary Human Dermal Fibroblasts (IL-1b+TNF-a+IFN-g+bFGF+EGF+PDGF-BB): Collagen,binding reporter,cell-based,Bioseek is a division of DiscoveRx Corporation and developed the BioMAP® system providing uniquely informative biological activity profiles.,BSK,Collagen antibody,positive,signaling,ECM,Primary Cell,multiplexed,ELISA,protein,fold_induction,immunoassay: elisa,DMSO,cell-based,Colchicine,Bioseek,cell adhesion molecules,antibody,1281,Primary Human Dermal Fibroblasts,protein-specified,regulation of gene expression,Fluorescence,both,protein,450,650,collagen,colchicine,"BSK_hDFCGF_CollagenIII was designed to target cell adhesion molecules (collagen) activity at the protein (protein-specified) level, specifically mapping to COL3A1 gene(s) using a positive control of colchicine",COL3A1,0,0.2,1281,Fluorescence intensity,protein-specified,COL3A1,1281,Eutheria,24,h,Time,,,,,,,,,,,,,,,,,,,,,,,,,,,,,,,,,,,,,,,,,,,,,,,,,,,,,,,,,,,,,,,,,,,,,,,,,,,,,,,,,,,,,,,,,,,,,,,,,,,,,,,,,2.8182705181187435,,mg/L,Mass concentration,6.829999923706055,,µM,Molar concentration
103-24-2,"bis(2-ethylhexyl) azelate;1,9-bis(2-ethylhexyl) nonanedioate;Azelaic acid, bis(2-ethylhexyl) ester;bis(2-ethylhexyl) azelate;Bis(2-ethylhexyl) nonanedioate;bis(2-ethylhexyl) nonanedioate (nonanedioic acid, bis(2-ethylhexyl) ester);Di-2-ethylhexyl azelate;dioctyl azelate;Nonanedioic acid, 1,9-bis(2-ethylhexyl) ester;Nonanedioic acid, bis(2-ethylhexyl) ester",,,,,,,,,,,,,,,,,,,,,,,,,,,,,,,,,,,,,,,,,,,,,,,,,,,,,,,,,,,,,,,,,,,,,,,,,,,,,,,,,,,,,,,,,,,,,,,,,,,,,,,,,,,,,,,,,,,,,,,,,,,,,,,,Human Health Hazards#ToxCast,ToxCastDB,AC50,,False,No qualifier,Equal,,,,,,,,,,,Homo sapiens,,,,Animalia (animals),Bilateria,Chordata (chordates),Vertebrata (vertebrates),Mammalia (mammals),Theria,Primates (primates),Haplorrhini,Simiiformes,"Hominidae (man-like primates,Great Apes)",Homo (hominoids),Deuterostomia,,Tetrapoda,,Homininae (African apes),Gnathostomata,,Hominoidea,,,,,,,,,,,,,,,,,,,,,,,,,,skin,HDFn_IL_1b_TNF_a_IFN_g_EGF_FGF_PDGFbb_24_MMP_1_up,http://www.bioseekinc.com/,Fold-Change,primary cell,MMP1,MMP-1,In vitro (Cellular),BioSeek,microplate: 96-well plate,HDF,ELISA,DMSO,matrix metallopeptidase 1 (interstitial collagenase),Primary Human Dermal Fibroblasts (IL-1b+TNF-a+IFN-g+bFGF+EGF+PDGF-BB): MMP-1,binding reporter,cell-based,Bioseek is a division of DiscoveRx Corporation and developed the BioMAP® system providing uniquely informative biological activity profiles.,BSK,MMP-1 antibody,positive,signaling,Protease,Primary Cell,multiplexed,ELISA,protein,fold_induction,immunoassay: elisa,DMSO,cell-based,Colchicine,Bioseek,protease,antibody,4312,Primary Human Dermal Fibroblasts,protein-specified,regulation of gene expression,Fluorescence,both,protein,450,650,matrix metalloproteinase,colchicine,"BSK_hDFCGF_MMP1 was designed to target protease (matrix metalloproteinase) activity at the protein (protein-specified) level, specifically mapping to MMP1 gene(s) using a positive control of colchicine",MMP1,0,0.2,4312,Fluorescence intensity,protein-specified,MMP1,4312,Eutheria,24,h,Time,,,,,,,,,,,,,,,,,,,,,,,,,,,,,,,,,,,,,,,,,,,,,,,,,,,,,,,,,,,,,,,,,,,,,,,,,,,,,,,,,,,,,,,,,,,,,,,,,,,,,,,,,3.2969225543562306,,mg/L,Mass concentration,7.989999771118164,,µM,Molar concentration
103-24-2,"bis(2-ethylhexyl) azelate;1,9-bis(2-ethylhexyl) nonanedioate;Azelaic acid, bis(2-ethylhexyl) ester;bis(2-ethylhexyl) azelate;Bis(2-ethylhexyl) nonanedioate;bis(2-ethylhexyl) nonanedioate (nonanedioic acid, bis(2-ethylhexyl) ester);Di-2-ethylhexyl azelate;dioctyl azelate;Nonanedioic acid, 1,9-bis(2-ethylhexyl) ester;Nonanedioic acid, bis(2-ethylhexyl) ester",,,,,,,,,,,,,,,,,,,,,,,,,,,,,,,,,,,,,,,,,,,,,,,,,,,,,,,,,,,,,,,,,,,,,,,,,,,,,,,,,,,,,,,,,,,,,,,,,,,,,,,,,,,,,,,,,,,,,,,,,,,,,,,,Human Health Hazards#ToxCast,ToxCastDB,AC50,,False,No qualifier,Equal,,,,,,,,,,,Homo sapiens,,,,Animalia (animals),Bilateria,Chordata (chordates),Vertebrata (vertebrates),Mammalia (mammals),Theria,Primates (primates),Haplorrhini,Simiiformes,"Hominidae (man-like primates,Great Apes)",Homo (hominoids),Deuterostomia,,Tetrapoda,,Homininae (African apes),Gnathostomata,,Hominoidea,,,,,,,,,,,,,,,,,,,,,,,,,,kidney,NCGC Reporter Gene Assay ERa Antagonist,http://www.ncgc.nih.gov/,Antagonist,cell line,ESR1,ERa,In vitro (Cellular),NCGC,microplate: 1536-well plate,HEK293T,Reporter gene assay,DMSO,estrogen receptor 1,GAL4 BLAM Reporter gene assay: ERa,inducible reporter,cell-based,"Tox21 is an interagency agreement between the NIH, NTP, FDA and EPA. NIH Chemical Genomics Center (NCGC) is the primary screening facility running ultra high throughput screening assays across a large interagency-developed chemical library.",Tox21,GAL4,positive,reporter gene,Nuclear Receptor,Cell line,single,GAL4 b-lactamase reporter gene,protein,percent_activity,beta lactamase induction,,cell-based,,Tox21/NCGC,nuclear receptor,substrate,2099,HEK293H,receptor,regulation of gene expression,Fluorescence,loss,protein,460,530,steroidal,4-hydroxytamoxifen,"Tox21_ERa_BLA_Antagonist_ratio was designed to target nuclear receptor (steroidal) activity at the protein (receptor) level, specifically mapping to ESR1 gene(s) using a positive control of 4-hydroxytamoxifen",ESR1,0,0,2099,Fluorescence intensity,receptor,ESR1,2099,Eutheria,24,h,Time,Invitrogen GeneGLAzer: SKU# 1393,adherent,17-beta-estradiol,,,,,,,,,,,,,,,,,,,,,,,,,,,,,,,,,,,,,,,,,,,,,,,,,,,,,,,,,,,,,,,,,,,,,,,,,,,,,,,,,,,,,,,,,,,,,,,,,,,,,,17.082928997625118,,mg/L,Mass concentration,41.400001525878906,,µM,Molar concentration
103-24-2,"bis(2-ethylhexyl) azelate;1,9-bis(2-ethylhexyl) nonanedioate;Azelaic acid, bis(2-ethylhexyl) ester;bis(2-ethylhexyl) azelate;Bis(2-ethylhexyl) nonanedioate;bis(2-ethylhexyl) nonanedioate (nonanedioic acid, bis(2-ethylhexyl) ester);Di-2-ethylhexyl azelate;dioctyl azelate;Nonanedioic acid, 1,9-bis(2-ethylhexyl) ester;Nonanedioic acid, bis(2-ethylhexyl) ester",,,,,,,,,,,,,,,,,,,,,,,,,,,,,,,,,,,,,,,,,,,,,,,,,,,,,,,,,,,,,,,,,,,,,,,,,,,,,,,,,,,,,,,,,,,,,,,,,,,,,,,,,,,,,,,,,,,,,,,,,,,,,,,,Human Health Hazards#Toxicity to Reproduction,Toxicity Japan MHLW,LOEL,,False,No qualifier,Equal,,,,2003,,1,,OECD TG422,,,Rat,,,49,,,,,,,,,,,,,,,,,,,,SD,Oral (Gavage),,,,,,,Main,MHLW,,,,,1000,mg/kg bdwt/d,Administered dose(mass),100,mg/kg bdwt/d,Administered dose(mass),,,0,d,Time,,,,,,,,,,,,,,,,,,,,,,,,,,,,,,,,,,,,,,,,,,,,,,,,,,,,,,,,,,,,,,,77.2,Corn oil,300,mg/kg bdwt/d,Administered dose(mass),1000,mg/kg bdwt/d,Administered dose(mass),,,,,,,,,,,,,,,,,,,,,,,,,,,,,,,,,,,,,,,,,,,,,,,,,,,,,,,,,,,,,,,,,,,,,,,,,,,,,,,,,,,,,,,,,,,,,,1000,,mg/kg bdwt/d,Administered dose(mass),1000,,mg/kg/d,Administered dose(mass)
103-24-2,"bis(2-ethylhexyl) azelate;1,9-bis(2-ethylhexyl) nonanedioate;Azelaic acid, bis(2-ethylhexyl) ester;bis(2-ethylhexyl) azelate;Bis(2-ethylhexyl) nonanedioate;bis(2-ethylhexyl) nonanedioate (nonanedioic acid, bis(2-ethylhexyl) ester);Di-2-ethylhexyl azelate;dioctyl azelate;Nonanedioic acid, 1,9-bis(2-ethylhexyl) ester;Nonanedioic acid, bis(2-ethylhexyl) ester",,,,,,,,,,,,,,,,,,,,,,,,,,,,,,,,,,,,,,,,,,,,,,,,,,,,,,,,,,,,,,,,,,,,,,,,,,,,,,,,,,,,,,,,,,,,,,,,,,,,,,,,,,,,,,,,,,,,,,,,,,,,,,,,Human Health Hazards#Toxicity to Reproduction,Toxicity Japan MHLW,NOEL,,False,No qualifier,Equal,,,,2003,,1,,OECD TG422,,,Rat,,,48,,,,,,,,,,,,,,,,,,,,SD,Oral (Gavage),,,,,,,Main,MHLW,,,,,1000,mg/kg bdwt/d,Administered dose(mass),100,mg/kg bdwt/d,Administered dose(mass),,,0,d,Time,,,,,,,,,,,,,,,,,,,,,,,,,,,,,,,,,,,,,,,,,,,,,,,,,,,,,,,,,,,,,,,77.2,Corn oil,300,mg/kg bdwt/d,Administered dose(mass),300,mg/kg bdwt/d,Administered dose(mass),1000,mg/kg bdwt/d,Administered dose(mass),1000,mg/kg bdwt/d,Administered dose(mass),1000,mg/kg bdwt/d,Administered dose(mass),1000,mg/kg bdwt/d,Administered dose(mass),1000,mg/kg bdwt/d,Administered dose(mass),1000,mg/kg bdwt/d,Administered dose(mass),1000,mg/kg bdwt/d,Administered dose(mass),1000,mg/kg bdwt/d,Administered dose(mass),1000,mg/kg bdwt/d,Administered dose(mass),1000,mg/kg bdwt/d,Administered dose(mass),1000,mg/kg bdwt/d,Administered dose(mass),1000,mg/kg bdwt/d,Administered dose(mass),1000,mg/kg bdwt/d,Administered dose(mass),1000,mg/kg bdwt/d,Administered dose(mass),1000,mg/kg bdwt/d,Administered dose(mass),1000,mg/kg bdwt/d,Administered dose(mass),1000,mg/kg bdwt/d,Administered dose(mass),1000,mg/kg bdwt/d,Administered dose(mass),1000,mg/kg bdwt/d,Administered dose(mass),1000,mg/kg bdwt/d,Administered dose(mass),1000,mg/kg bdwt/d,Administered dose(mass),1000,mg/kg bdwt/d,Administered dose(mass),1000,mg/kg bdwt/d,Administered dose(mass),1000,mg/kg bdwt/d,Administered dose(mass),1000,mg/kg bdwt/d,Administered dose(mass),1000,mg/kg bdwt/d,Administered dose(mass),1000,mg/kg bdwt/d,Administered dose(mass),1000,mg/kg bdwt/d,Administered dose(mass),1000,mg/kg bdwt/d,Administered dose(mass),1000,mg/kg bdwt/d,Administered dose(mass),,,,300,,mg/kg bdwt/d,Administered dose(mass),300,,mg/kg/d,Administered dose(mass)







