CAS Number,Chemical name(s),SMILES,Molecular formula,Predefined substance type,Additional Ids,Identity,CAS-SMILES relation,Water Solubility (fragments),Water Solubility,Vapor Pressure (Modified Grain Method),Vapor Pressure (Mackay method),Vapor Pressure (Antoine method),Ultimate biodeg (Biowin 3),Total Kb,Surface Tension,Subcooled liquid Vapor Pressure,STP FM (Total removal),STP FM (Total biodegradation),Similarity,Selected Vapor Pressure,Selected Melting Point,Relative number of N atoms,Ready Biodegradability Prediction,Primary biodeg (Biowin 4),phi (Octanol/air (Koa) model),phi (Mackay model),phi (Junge-Pankow model),OVERALL OZONE rate constant,OVERALL OZONE Half-life,OVERALL OH rate constant,Lipid Solubility,Kp (Octanol/air (Koa) model),Kp (Mackay method),Koc (MCI),Koc (Log Kow),kM,Kb half-life (pH 8),Kb half-life (pH 7),Ka Half-Life (pH 8),Ka Half-Life (pH 7),Hydrolysis half-life (pH 6.5-7.4),Henrys law Constant (Group Method),Henrys Law Constant (Bond Method),Half-Life (Observed metabolism),Half-Life (Model River),Half-Life (Model Lake),GSH Reactivity,FM reaction water,FM reaction time,FM reaction soil,FM fugacity air,FM emissions water,FM emissions soil,FM emissions sedmient,FM emissions air,FM advection water,FM advection time,FM advection soil,Exp Log P,Exp Henrys Law Constant,Exp Boiling Point,Boiling point,BCF (upper trophic),"BCF (upper trophic, biotransformation rate is zero)",BCF (mid trophic),BCF (lower trophic),Acidic pKa (OASIS Regression),OVERALL OH Half-life,Number of single bonds (with H),Number of single bonds,Number of rings,Number of nitro groups,Number of heavy atoms,Number of double bonds,Number of cyclic bonds,Number of aromatic bonds,Molecular Weight,Melting point (Gold and Ogle method),Melting Point (Adapted Joback Method),Mean Melting Point,log Kow,Log Koa (Henry's law constant model),Log Koa (Air-water partition coefficient model),FM reaction sediment,FM reaction air,FM persistence time,FM percent reacted,FM percent advected,FM mass amount water,FM mass amount soil,FM mass amount sediment,FM mass amount air,FM half-life water,FM half-life soil,FM half-life sediment,FM half-life air,FM fugacity water,FM fugacity soil,FM fugacity sediment,FM advection sediment,FM advection air,Exp Water Solubility,Exp Vapor Pressure,Exp Ozone rate constant,Exp OH rate constant,Exp NO3 rate constant,Exp Melting Point,Biotransformation Half-Life,BioHC Half-Life,Biodeg probability (Biowin 7),Biodeg probability (Biowin 6),Biodeg probability (Biowin 5),Biodeg probability (Biowin 2),Biodeg probability (Biowin 1),Bio Half-Life,BCF,Basic pKa (OASIS Regression),BAF (upper trophic),"BAF (upper trophic, biotransformation rate is zero)",BAF (mid trophic),BAF (lower trophic),BAF,Amino acids pKa (OASIS Regression),Acidic pKa (OASIS Electric),Acidic pKa (OASIS Consensus),Acidic pKa (OASIS composite calculator),(Q) Basic pKa (Chemaxon),(Q) Acidic pKa (Chemaxon),EndpointPath,Database,Year,Title,Endpoint,GLP compliance,Test guideline,Assigned SMILES,Qualifier,Substance/Test material equality,Reference source,Experimental condition.Unit,Experimental condition.Scale,Experimental condition.MinValue,Test type,Comments,Test organisms (species),Kingdom,Subkingdom,Phylum,Subphylum,Superclass,Class,Superorder,Order,Suborder,Family,Genus,Infrakingdom,Infraphylum,Trend,Author,Effect,Test ID,Result ID,Conc1 type,Media type,Test grade,Measurement,Control type,Created date,Reference db,Exposure Type,Modified date,Response site,Test location,Publication year,Additional comments,Chem analysis method,Measurement comments,Other effect comments,Media ph.MeanValue,Media ph.Scale,Media ph.MinValue,Media ph.MaxValue,Concentration.MeanValue,Concentration.Unit,Concentration.Scale,Media hardness.MeanValue,Media hardness.Unit,Media hardness.Scale,Dissolved oxygen.MeanValue,Dissolved oxygen.Unit,Dissolved oxygen.Scale,Dissolved oxygen.MinValue,Dissolved oxygen.MaxValue,Media alkalinity.MeanValue,Media alkalinity.Unit,Media alkalinity.Scale,Media conductivity.MeanValue,Media conductivity.Unit,Media conductivity.Scale,Test specificity,Metadata,Record ID,Test method,Identity in file,Subclass,Infraorder,Superphylum,Subfamily,Division,Published date,Organism source,Organism lifestage,Experimental design,Media type comments,Test characteristics,Control type comments,Organism source comments,Test additional comments,Superfamily,Num doses.MeanValue,Num doses.Scale,Test purity.MeanValue,Test purity.Qualifier,Test purity.Scale,Organism age.MeanValue,Organism age.Qualifier,Organism age.Unit,Organism age.Scale,Organism age.MinValue,Organism age.MaxValue,Study duration.MeanValue,Study duration.Unit,Study duration.Scale,Application freq.MeanValue,Application freq.Unit,Application freq.Scale,Exposure duration.MeanValue,Exposure duration.Unit,Exposure duration.Scale,Media temperature.MeanValue,Media temperature.Unit,Media temperature.Scale,Media temperature.MinValue,Media temperature.MaxValue,Companion tag,Endpoint assigned,Significance code,Significance type,Significance level.MeanValue,Significance level.Qualifier,Significance level.Scale,Conc1 comments,Effect %.MeanValue,Effect %.Scale,Lifestage,Water type,Data quality,Organism characteristics,Infraclass,Soil type,Subgenus,Type of method,Strain,Route of administration,Activity Score,ChemicalPage URL,Target System Male,Target System Female,Substance Description,Formula,Substance ID,Sexual maturation (offspring),CAESAR v214,Toxicity Effect,Metabolic activation,Type of genotoxicity,Source of methabolic system,OVERALL,Tissue,Overall value,Organ,Institution and country,OECD SIDS Dossier label,"Test guideline, qualifier",Study Id,Additional info,Purity,Recovery period.MeanValue,Recovery period.Unit,Recovery period.Scale,Doses,Dose Comments,Assay,Assay URL,Assay mode,Assay note,Gene symbol,Assay target,Assay category,Assay provider,Assay technology,Entrez gene name,Assay description,Assay target family,Assay target source,Assay reference compound,Assay target source type,Entrez gene ID(s) corresponding to the assay readout,Cell format,Assay footprint,Cell short name,Cell growth mode,Dilution solvent,Assay design type,Assay format type,Assay source desc,Assay source name,Key assay reagent,Analysis direction,Assay function type,Content readout type,Detection technology,Intended target type,Normalized Data Type,Assay design sub-type,Assay sub-format type,Assay source long name,Intended target family,Key assay reagent type,Intended target gene ID,Intended target sub-type,Biological process target,Detection technology type,Intended signal direction,Technological target type,Wavelength emission1 (nm),Wavelength emission2 (nm),Intended target sub-family,Assay component target desc,Intended target gene symbol,Wavelength excitation1 (nm),Dilution solvent percent max,Technological target gene ID,Detection technology sub-type,Technological target sub-type,Technological target gene symbol,Timepoint.MeanValue,Timepoint.Unit,Timepoint.Scale,Assay solvent control,Assay positive control,Key assay positive control,Assay substrate name,Contractor catalog number,Cell free component source,Assay ATP concentration (M),HTS No,TestSub ID,Tissue analyzed,Database affiliations,Duration.MeanValue,Duration.Unit,Duration.Scale,Duration.MinValue,Duration.MaxValue,Value.MeanValue,Value.Qualifier,Value.Unit,Value.Scale,Value.MinValue,Value.MaxValue,Original value.MeanValue,Original value.Qualifier,Original value.Unit,Original value.Scale,Original value.MinValue,Original value.MaxValue
103-23-1,"|bis(2-ethylhexyl)|ester|bis(2-ethylhexyl)adipate|1,6-bis(2-ethylhexyl)|hexanedioic acid, bis(2-ethylhexyl)ester;|bis(2-ethylhexyl)ester|di-2-ethylhexyl adipate|adipate;|di|acid|di(2-ethylhexyl)|bis(2-ethylhexyl)ester;1,6-bis(2-ethylhexyl) hexanedioate;Adipic acid, bis(2-ethylhexyl) ester;ADIPIC ACID, DI (2-ETHYLHEXYL) ESTER;bis(2-ethylhexyl) adipate;bis(2-ethylhexyl) hexanedioate;Bis(2-ethylhexyl)adipate;bis(2-ethylhexyl)ester hexanedioic acid;Di-(2-Ethylhexyl) Adipate;DI-2-ETHYLHEXYL ADIPATE;Di(2-ethylhexyl) adipate;di(2-ethylhexyl) adipate (hexanedioic acid, bis(2-ethylhexyl) ester) (deha);di(2-Ethylhexyl)adipate;dioctyl adipate;Hexanedioic acid, 1,6-bis(2-ethylhexyl) ester;Hexanedioic acid, bis(2-ethylhexyl) ester;hexanedioic acid, bis(2-ethylhexyl)ester;hexanedioic_acid,_bis(2-ethylhexyl)ester;hexanedioic|di(2-ethylhexyl)adipate|di-(2-ethylhexyl)|hexanedioate|(2-ethylhexyl)|di-2-ethylhexyl|acid,|adipic|ester",CCCCC(CC)COC(=O)CCCCC(=O)OCC(CC)CCCC,C22H42O4,Mono constituent,EC Number:2030901,Sources:31,High,Not calculated,Not calculated,Not calculated,Not calculated,Not calculated,Not calculated,Not calculated,Not calculated,Not calculated,Not calculated,Not calculated,Not calculated,Not calculated,Not calculated,Not calculated,Not calculated,Not calculated,Not calculated,Not calculated,Not calculated,Not calculated,Not calculated,Not calculated,Not calculated,Not calculated,Not calculated,Not calculated,Not calculated,Not calculated,Not calculated,Not calculated,Not calculated,Not calculated,Not calculated,Not calculated,Not calculated,Not calculated,Not calculated,Not calculated,Not calculated,Not calculated,Not calculated,Not calculated,Not calculated,Not calculated,Not calculated,Not calculated,Not calculated,Not calculated,Not calculated,Not calculated,Not calculated,Not calculated,Not calculated,Not calculated,Not calculated,Not calculated,Not calculated,Not calculated,Not calculated,Not calculated,Not calculated,Not calculated,Not calculated,Not calculated,Not calculated,Not calculated,Not calculated,Not calculated,Not calculated,Not calculated,Not calculated,Not calculated,Not calculated,Not calculated,Not calculated,Not calculated,Not calculated,Not calculated,Not calculated,Not calculated,Not calculated,Not calculated,Not calculated,Not calculated,Not calculated,Not calculated,Not calculated,Not calculated,Not calculated,Not calculated,Not calculated,Not calculated,Not calculated,Not calculated,Not calculated,Not calculated,Not calculated,Not calculated,Not calculated,Not calculated,Not calculated,Not calculated,Not calculated,Not calculated,Not calculated,Not calculated,Not calculated,Not calculated,Not calculated,Not calculated,Not calculated,Not calculated,Not calculated,Not calculated,Not calculated,Not calculated,Not calculated,Not calculated,Not calculated,Not calculated,Physical Chemical Properties#Boiling point,Phys-chem EPISUITE,,,Boiling point,,,False,No qualifier,Equal,SRC,mm Hg,Pressure,760,,,,,,,,,,,,,,,,,,,,,,,,,,,,,,,,,,,,,,,,,,,,,,,,,,,,,,,,,,,,,,,,,,,,,,,,,,,,,,,,,,,,,,,,,,,,,,,,,,,,,,,,,,,,,,,,,,,,,,,,,,,,,,,,,,,,,,,,,,,,,,,,,,,,,,,,,,,,,,,,,,,,,,,,,,,,,,,,,,,,,,,,,,,,,,,,,,,,,,,,,,,,,,,,,,,,,,,,,,,,,,,,,417,,°C,Temperature,,,417,,°C,Temperature,,
103-23-1,"|bis(2-ethylhexyl)|ester|bis(2-ethylhexyl)adipate|1,6-bis(2-ethylhexyl)|hexanedioic acid, bis(2-ethylhexyl)ester;|bis(2-ethylhexyl)ester|di-2-ethylhexyl adipate|adipate;|di|acid|di(2-ethylhexyl)|bis(2-ethylhexyl)ester;1,6-bis(2-ethylhexyl) hexanedioate;Adipic acid, bis(2-ethylhexyl) ester;ADIPIC ACID, DI (2-ETHYLHEXYL) ESTER;bis(2-ethylhexyl) adipate;bis(2-ethylhexyl) hexanedioate;Bis(2-ethylhexyl)adipate;bis(2-ethylhexyl)ester hexanedioic acid;Di-(2-Ethylhexyl) Adipate;DI-2-ETHYLHEXYL ADIPATE;Di(2-ethylhexyl) adipate;di(2-ethylhexyl) adipate (hexanedioic acid, bis(2-ethylhexyl) ester) (deha);di(2-Ethylhexyl)adipate;dioctyl adipate;Hexanedioic acid, 1,6-bis(2-ethylhexyl) ester;Hexanedioic acid, bis(2-ethylhexyl) ester;hexanedioic acid, bis(2-ethylhexyl)ester;hexanedioic_acid,_bis(2-ethylhexyl)ester;hexanedioic|di(2-ethylhexyl)adipate|di-(2-ethylhexyl)|hexanedioate|(2-ethylhexyl)|di-2-ethylhexyl|acid,|adipic|ester",,,,,,,,,,,,,,,,,,,,,,,,,,,,,,,,,,,,,,,,,,,,,,,,,,,,,,,,,,,,,,,,,,,,,,,,,,,,,,,,,,,,,,,,,,,,,,,,,,,,,,,,,,,,,,,,,,,,,,,,,,,,,,,,Physical Chemical Properties#Melting / freezing point,Phys-chem EPISUITE,,,Melting point,,,False,No qualifier,Equal,SRC,,,,,,,,,,,,,,,,,,,,,,,,,,,,,,,,,,,,,,,,,,,,,,,,,,,,,,,,,,,,,,,,,,,,,,,,,,,,,,,,,,,,,,,,,,,,,,,,,,,,,,,,,,,,,,,,,,,,,,,,,,,,,,,,,,,,,,,,,,,,,,,,,,,,,,,,,,,,,,,,,,,,,,,,,,,,,,,,,,,,,,,,,,,,,,,,,,,,,,,,,,,,,,,,,,,,,,,,,,,,,,,,,,,,-67.80000305175781,,°C,Temperature,,,-67.80000305175781,,°C,Temperature,,
103-23-1,"|bis(2-ethylhexyl)|ester|bis(2-ethylhexyl)adipate|1,6-bis(2-ethylhexyl)|hexanedioic acid, bis(2-ethylhexyl)ester;|bis(2-ethylhexyl)ester|di-2-ethylhexyl adipate|adipate;|di|acid|di(2-ethylhexyl)|bis(2-ethylhexyl)ester;1,6-bis(2-ethylhexyl) hexanedioate;Adipic acid, bis(2-ethylhexyl) ester;ADIPIC ACID, DI (2-ETHYLHEXYL) ESTER;bis(2-ethylhexyl) adipate;bis(2-ethylhexyl) hexanedioate;Bis(2-ethylhexyl)adipate;bis(2-ethylhexyl)ester hexanedioic acid;Di-(2-Ethylhexyl) Adipate;DI-2-ETHYLHEXYL ADIPATE;Di(2-ethylhexyl) adipate;di(2-ethylhexyl) adipate (hexanedioic acid, bis(2-ethylhexyl) ester) (deha);di(2-Ethylhexyl)adipate;dioctyl adipate;Hexanedioic acid, 1,6-bis(2-ethylhexyl) ester;Hexanedioic acid, bis(2-ethylhexyl) ester;hexanedioic acid, bis(2-ethylhexyl)ester;hexanedioic_acid,_bis(2-ethylhexyl)ester;hexanedioic|di(2-ethylhexyl)adipate|di-(2-ethylhexyl)|hexanedioate|(2-ethylhexyl)|di-2-ethylhexyl|acid,|adipic|ester",,,,,,,,,,,,,,,,,,,,,,,,,,,,,,,,,,,,,,,,,,,,,,,,,,,,,,,,,,,,,,,,,,,,,,,,,,,,,,,,,,,,,,,,,,,,,,,,,,,,,,,,,,,,,,,,,,,,,,,,,,,,,,,,Physical Chemical Properties#Vapour pressure,Phys-chem EPISUITE,,,Vapor Pressure,,,False,No qualifier,Equal,SRC,°C,Temperature,20,,Experimental data,,,,,,,,,,,,,,,,,,,,,,,,,,,,,,,,,,,,,,,,,,,,,,,,,,,,,,,,,,,,,,,,,,,,,,,,,,,,,,,,,,,,,,,,,,,,,,,,,,,,,,,,,,,,,,,,,,,,,,,,,,,,,,,,,,,,,,,,,,,,,,,,,,,,,,,,,,,,,,,,,,,,,,,,,,,,,,,,,,,,,,,,,,,,,,,,,,,,,,,,,,,,,,,,,,,,,,,,,,,,,,,8.499999921696144E-07,,mm Hg,Pressure,,,8.499999921696144E-07,,mm Hg,Pressure,,
103-23-1,"|bis(2-ethylhexyl)|ester|bis(2-ethylhexyl)adipate|1,6-bis(2-ethylhexyl)|hexanedioic acid, bis(2-ethylhexyl)ester;|bis(2-ethylhexyl)ester|di-2-ethylhexyl adipate|adipate;|di|acid|di(2-ethylhexyl)|bis(2-ethylhexyl)ester;1,6-bis(2-ethylhexyl) hexanedioate;Adipic acid, bis(2-ethylhexyl) ester;ADIPIC ACID, DI (2-ETHYLHEXYL) ESTER;bis(2-ethylhexyl) adipate;bis(2-ethylhexyl) hexanedioate;Bis(2-ethylhexyl)adipate;bis(2-ethylhexyl)ester hexanedioic acid;Di-(2-Ethylhexyl) Adipate;DI-2-ETHYLHEXYL ADIPATE;Di(2-ethylhexyl) adipate;di(2-ethylhexyl) adipate (hexanedioic acid, bis(2-ethylhexyl) ester) (deha);di(2-Ethylhexyl)adipate;dioctyl adipate;Hexanedioic acid, 1,6-bis(2-ethylhexyl) ester;Hexanedioic acid, bis(2-ethylhexyl) ester;hexanedioic acid, bis(2-ethylhexyl)ester;hexanedioic_acid,_bis(2-ethylhexyl)ester;hexanedioic|di(2-ethylhexyl)adipate|di-(2-ethylhexyl)|hexanedioate|(2-ethylhexyl)|di-2-ethylhexyl|acid,|adipic|ester",,,,,,,,,,,,,,,,,,,,,,,,,,,,,,,,,,,,,,,,,,,,,,,,,,,,,,,,,,,,,,,,,,,,,,,,,,,,,,,,,,,,,,,,,,,,,,,,,,,,,,,,,,,,,,,,,,,,,,,,,,,,,,,,Physical Chemical Properties#Water solubility,Phys-chem EPISUITE,,,Water solubility,,,False,No qualifier,Equal,SRC,°C,Temperature,22,,,,,,,,,,,,,,,,,,,,,,,,,,,,,,,,,,,,,,,,,,,,,,,,,,,,,,,,,,,,,,,,,,,,,,,,,,,,,,,,,,,,,,,,,,,,,,,,,,,,,,,,,,,,,,,,,,,,,,,,,,,,,,,,,,,,,,,,,,,,,,,,,,,,,,,,,,,,,,,,,,,,,,,,,,,,,,,,,,,,,,,,,,,,,,,,,,,,,,,,,,,,,,,,,,,,,,,,,,,,,,,,,0.7799999713897705,,mg/L,Mass concentration,,,0.7799999713897705,,mg/L,Mass concentration,,
103-23-1,"|bis(2-ethylhexyl)|ester|bis(2-ethylhexyl)adipate|1,6-bis(2-ethylhexyl)|hexanedioic acid, bis(2-ethylhexyl)ester;|bis(2-ethylhexyl)ester|di-2-ethylhexyl adipate|adipate;|di|acid|di(2-ethylhexyl)|bis(2-ethylhexyl)ester;1,6-bis(2-ethylhexyl) hexanedioate;Adipic acid, bis(2-ethylhexyl) ester;ADIPIC ACID, DI (2-ETHYLHEXYL) ESTER;bis(2-ethylhexyl) adipate;bis(2-ethylhexyl) hexanedioate;Bis(2-ethylhexyl)adipate;bis(2-ethylhexyl)ester hexanedioic acid;Di-(2-Ethylhexyl) Adipate;DI-2-ETHYLHEXYL ADIPATE;Di(2-ethylhexyl) adipate;di(2-ethylhexyl) adipate (hexanedioic acid, bis(2-ethylhexyl) ester) (deha);di(2-Ethylhexyl)adipate;dioctyl adipate;Hexanedioic acid, 1,6-bis(2-ethylhexyl) ester;Hexanedioic acid, bis(2-ethylhexyl) ester;hexanedioic acid, bis(2-ethylhexyl)ester;hexanedioic_acid,_bis(2-ethylhexyl)ester;hexanedioic|di(2-ethylhexyl)adipate|di-(2-ethylhexyl)|hexanedioate|(2-ethylhexyl)|di-2-ethylhexyl|acid,|adipic|ester",,,,,,,,,,,,,,,,,,,,,,,,,,,,,,,,,,,,,,,,,,,,,,,,,,,,,,,,,,,,,,,,,,,,,,,,,,,,,,,,,,,,,,,,,,,,,,,,,,,,,,,,,,,,,,,,,,,,,,,,,,,,,,,,Environmental Fate and Transport#Bioaccumulation: aquatic,ECOTOX,,Assessment of the Safety of Dioctyl Adipate in Freshwater Environments,BCF,,,True,No qualifier,Equal,Environ. Toxicol. Chem.5(8): 777-784,,,,,,Lepomis macrochirus,Animalia (animals),Bilateria,Chordata (chordates),Vertebrata (vertebrates),"Actinopterygii (ray-finned fishes,spiny rayed fishes)",Teleostei,Acanthopterygii,Perciformes (perch-like fishes),Percoidei,Centrarchidae (sunfishes),"Lepomis (common sunfishes,eared sunfishes)",Deuterostomia,Gnathostomata,Increasing,"Felder,J.D., W.J. Adams, and V.W. Saeger",Accumulation,1145675,139094,Active ingredient,Fresh water,Commercial grade,Residue,Insufficient,08/23/1996,A,Flow-through,09/03/1996,Whole organism,Lab,1986,O EFCT CONT/ASSESSMENT//,Measured,STEADY STATE/,"MORT, BEHAVIOR, ELIMINATION, FATE, ENVIRONMENTAL SAFETY",,None,7.8,8.3,0.25,mg/L,Mass concentration,265,milligrams per liter Calcium carbonate,Unknown,,mg/L,Mass concentration,9.2,10.2,350,milligrams per liter Calcium carbonate,Unknown,700,micro ohms per centimeter,Unknown,,,,,,,,,,,,,,,,,,,,,,,,,,,,,,,,,,,,,,,,,,,,,,,,,,,,,,,,,,,,,,,,,,,,,,,,,,,,,,,,,,,,,,,,,,,,,,,,,,,,,,,,,,,,,,,,,,,,,,,,,,,,,,,,,,,,,,,,,,,,,,,,,,,,,,,,,,,,,,,,,,28,d,Time,,,1.4313637641589874,,log(L/kg),Specific volume,,,27,,L/kg,Specific volume,,
103-23-1,"|bis(2-ethylhexyl)|ester|bis(2-ethylhexyl)adipate|1,6-bis(2-ethylhexyl)|hexanedioic acid, bis(2-ethylhexyl)ester;|bis(2-ethylhexyl)ester|di-2-ethylhexyl adipate|adipate;|di|acid|di(2-ethylhexyl)|bis(2-ethylhexyl)ester;1,6-bis(2-ethylhexyl) hexanedioate;Adipic acid, bis(2-ethylhexyl) ester;ADIPIC ACID, DI (2-ETHYLHEXYL) ESTER;bis(2-ethylhexyl) adipate;bis(2-ethylhexyl) hexanedioate;Bis(2-ethylhexyl)adipate;bis(2-ethylhexyl)ester hexanedioic acid;Di-(2-Ethylhexyl) Adipate;DI-2-ETHYLHEXYL ADIPATE;Di(2-ethylhexyl) adipate;di(2-ethylhexyl) adipate (hexanedioic acid, bis(2-ethylhexyl) ester) (deha);di(2-Ethylhexyl)adipate;dioctyl adipate;Hexanedioic acid, 1,6-bis(2-ethylhexyl) ester;Hexanedioic acid, bis(2-ethylhexyl) ester;hexanedioic acid, bis(2-ethylhexyl)ester;hexanedioic_acid,_bis(2-ethylhexyl)ester;hexanedioic|di(2-ethylhexyl)adipate|di-(2-ethylhexyl)|hexanedioate|(2-ethylhexyl)|di-2-ethylhexyl|acid,|adipic|ester",,,,,,,,,,,,,,,,,,,,,,,,,,,,,,,,,,,,,,,,,,,,,,,,,,,,,,,,,,,,,,,,,,,,,,,,,,,,,,,,,,,,,,,,,,,,,,,,,,,,,,,,,,,,,,,,,,,,,,,,,,,,,,,,Environmental Fate and Transport#Bioaccumulation: aquatic,Bioaccumulation Canada,(1986),Assessment of the Safety of Dioctyl Adipate in Freshwater Environments.,BCF,,,False,No qualifier,Equal,"Environ.Toxicol.Chem. 5(8):777-784,1986",,,,,Lipid Content - N/R%,Lepomis macrochirus,Animalia (animals),Bilateria,Chordata (chordates),Vertebrata (vertebrates),"Actinopterygii (ray-finned fishes,spiny rayed fishes)",Teleostei,Acanthopterygii,Perciformes (perch-like fishes),Percoidei,Centrarchidae (sunfishes),"Lepomis (common sunfishes,eared sunfishes)",Deuterostomia,Gnathostomata,,"Felder, J.D., W.J. Adams, and V.W. Saeger",,,,,,,,,,,,,,,,,,,,,,,,,,,,,,,,,,,,,,,,,wet weight,,,,,,,,,,,,,,,,,,,,,,,,,,,,,,,,,,,,,,,,,,,,,,,,,,,,,,,,,,,,,,,,,,,,,,,,,,,,,,,,,,,,,,,,,,,,,,,,,,,,,,,,,,,,,,,,,,,,,,,,,,,,,,,,,,,,,,,,,,,,,,,,,,,,,,,,,,,,,,,,,672,h,Time,,,1.431363821029663,,log(L/kg),Specific volume,,,1.431363821029663,,log(L/kg),Specific volume,,
103-23-1,"|bis(2-ethylhexyl)|ester|bis(2-ethylhexyl)adipate|1,6-bis(2-ethylhexyl)|hexanedioic acid, bis(2-ethylhexyl)ester;|bis(2-ethylhexyl)ester|di-2-ethylhexyl adipate|adipate;|di|acid|di(2-ethylhexyl)|bis(2-ethylhexyl)ester;1,6-bis(2-ethylhexyl) hexanedioate;Adipic acid, bis(2-ethylhexyl) ester;ADIPIC ACID, DI (2-ETHYLHEXYL) ESTER;bis(2-ethylhexyl) adipate;bis(2-ethylhexyl) hexanedioate;Bis(2-ethylhexyl)adipate;bis(2-ethylhexyl)ester hexanedioic acid;Di-(2-Ethylhexyl) Adipate;DI-2-ETHYLHEXYL ADIPATE;Di(2-ethylhexyl) adipate;di(2-ethylhexyl) adipate (hexanedioic acid, bis(2-ethylhexyl) ester) (deha);di(2-Ethylhexyl)adipate;dioctyl adipate;Hexanedioic acid, 1,6-bis(2-ethylhexyl) ester;Hexanedioic acid, bis(2-ethylhexyl) ester;hexanedioic acid, bis(2-ethylhexyl)ester;hexanedioic_acid,_bis(2-ethylhexyl)ester;hexanedioic|di(2-ethylhexyl)adipate|di-(2-ethylhexyl)|hexanedioate|(2-ethylhexyl)|di-2-ethylhexyl|acid,|adipic|ester",,,,,,,,,,,,,,,,,,,,,,,,,,,,,,,,,,,,,,,,,,,,,,,,,,,,,,,,,,,,,,,,,,,,,,,,,,,,,,,,,,,,,,,,,,,,,,,,,,,,,,,,,,,,,,,,,,,,,,,,,,,,,,,,Environmental Fate and Transport#Biodegradation#Biodegradation in Water: Screening Tests#Ready Biodegradability,Biodegradation NITE,1990,,BOD,,OECD 301C,False,No qualifier,Equal,http://www.safe.nite.go.jp/japan/db.html,,,,,,Microorganisms,,,,,,,,,,,,,,,,,,,,,,,,,,,,,,,,,,,,,,,,,,,,,,,,,,,,,,,,,Biodegradation Data of Existing Chemicals Based on the CSCL Japan,810,,,,,,,,,,,,,,,,,,,,,,,,,,,,,,,,,,,,,,,,,,,,,,,,,,,,,,,,,,,,,,,,,,,,,,,,,,,,,,,,,,,,,,,,,,,,,,,,,,,,,,,,,,,,,,,,,,,,,,,,,,,,,,,,,,,,,,,,,,,,,,,,,,,,,,,,,,,,,,,28,d,Time,,,71,,%,Biodegradability (%),,,71,,%,Biodegradability (%),,
103-23-1,"|bis(2-ethylhexyl)|ester|bis(2-ethylhexyl)adipate|1,6-bis(2-ethylhexyl)|hexanedioic acid, bis(2-ethylhexyl)ester;|bis(2-ethylhexyl)ester|di-2-ethylhexyl adipate|adipate;|di|acid|di(2-ethylhexyl)|bis(2-ethylhexyl)ester;1,6-bis(2-ethylhexyl) hexanedioate;Adipic acid, bis(2-ethylhexyl) ester;ADIPIC ACID, DI (2-ETHYLHEXYL) ESTER;bis(2-ethylhexyl) adipate;bis(2-ethylhexyl) hexanedioate;Bis(2-ethylhexyl)adipate;bis(2-ethylhexyl)ester hexanedioic acid;Di-(2-Ethylhexyl) Adipate;DI-2-ETHYLHEXYL ADIPATE;Di(2-ethylhexyl) adipate;di(2-ethylhexyl) adipate (hexanedioic acid, bis(2-ethylhexyl) ester) (deha);di(2-Ethylhexyl)adipate;dioctyl adipate;Hexanedioic acid, 1,6-bis(2-ethylhexyl) ester;Hexanedioic acid, bis(2-ethylhexyl) ester;hexanedioic acid, bis(2-ethylhexyl)ester;hexanedioic_acid,_bis(2-ethylhexyl)ester;hexanedioic|di(2-ethylhexyl)adipate|di-(2-ethylhexyl)|hexanedioate|(2-ethylhexyl)|di-2-ethylhexyl|acid,|adipic|ester",,,,,,,,,,,,,,,,,,,,,,,,,,,,,,,,,,,,,,,,,,,,,,,,,,,,,,,,,,,,,,,,,,,,,,,,,,,,,,,,,,,,,,,,,,,,,,,,,,,,,,,,,,,,,,,,,,,,,,,,,,,,,,,,Environmental Fate and Transport#Transport and Distribution Between Environmental Compartments#Adsorption/desorption,Phys-chem EPISUITE,,,Kos,,,False,No qualifier,Equal,SRC,,,,,Log Koc = experimental log Soil Sorption coefficient,,,,,,,,,,,,,,,,,,,,,,,,,,,,,,,,,,wet weight,,,,,,,,,,,,,,,,,,,,,,,,,,,,,,,,,,,,,,,,,,,,,,,,,,,,,,,,,,,,,,,,,,,,,,,,,,,,,,,,,,,,,,,,,,,,,,,,,,,,,,,,,,,,,,,,,,,,,,,,,,,,,,,,,,,,,,,,,,,,,,,,,,,,,,,,,,,,,,,,,,,,,,,,,,,,,,,,,,,,,,,,,,,,,4.190000057220459,,log(L/kg),Specific volume,,,4.190000057220459,,log(L/kg),Specific volume,,
103-23-1,"|bis(2-ethylhexyl)|ester|bis(2-ethylhexyl)adipate|1,6-bis(2-ethylhexyl)|hexanedioic acid, bis(2-ethylhexyl)ester;|bis(2-ethylhexyl)ester|di-2-ethylhexyl adipate|adipate;|di|acid|di(2-ethylhexyl)|bis(2-ethylhexyl)ester;1,6-bis(2-ethylhexyl) hexanedioate;Adipic acid, bis(2-ethylhexyl) ester;ADIPIC ACID, DI (2-ETHYLHEXYL) ESTER;bis(2-ethylhexyl) adipate;bis(2-ethylhexyl) hexanedioate;Bis(2-ethylhexyl)adipate;bis(2-ethylhexyl)ester hexanedioic acid;Di-(2-Ethylhexyl) Adipate;DI-2-ETHYLHEXYL ADIPATE;Di(2-ethylhexyl) adipate;di(2-ethylhexyl) adipate (hexanedioic acid, bis(2-ethylhexyl) ester) (deha);di(2-Ethylhexyl)adipate;dioctyl adipate;Hexanedioic acid, 1,6-bis(2-ethylhexyl) ester;Hexanedioic acid, bis(2-ethylhexyl) ester;hexanedioic acid, bis(2-ethylhexyl)ester;hexanedioic_acid,_bis(2-ethylhexyl)ester;hexanedioic|di(2-ethylhexyl)adipate|di-(2-ethylhexyl)|hexanedioate|(2-ethylhexyl)|di-2-ethylhexyl|acid,|adipic|ester",,,,,,,,,,,,,,,,,,,,,,,,,,,,,,,,,,,,,,,,,,,,,,,,,,,,,,,,,,,,,,,,,,,,,,,,,,,,,,,,,,,,,,,,,,,,,,,,,,,,,,,,,,,,,,,,,,,,,,,,,,,,,,,,Environmental Fate and Transport#Transport and Distribution Between Environmental Compartments#Henry's Law constant (H),Phys-chem EPISUITE,,,Henry's Law constant,,,False,No qualifier,Equal,SRC,°C,Temperature,20,,Experimental data,,,,,,,,,,,,,,,,,,,,,,,,,,,,,,,,,,,,,,,,,,,,,,,,,,,,,,,,,,,,,,,,,,,,,,,,,,,,,,,,,,,,,,,,,,,,,,,,,,,,,,,,,,,,,,,,,,,,,,,,,,,,,,,,,,,,,,,,,,,,,,,,,,,,,,,,,,,,,,,,,,,,,,,,,,,,,,,,,,,,,,,,,,,,,,,,,,,,,,,,,,,,,,,,,,,,,,,,,,,,,,,4.339999861713295E-07,,atm-m3/mole,Pressure per mole,,,4.339999861713295E-07,,atm-m3/mole,Pressure per mole,,
103-23-1,"|bis(2-ethylhexyl)|ester|bis(2-ethylhexyl)adipate|1,6-bis(2-ethylhexyl)|hexanedioic acid, bis(2-ethylhexyl)ester;|bis(2-ethylhexyl)ester|di-2-ethylhexyl adipate|adipate;|di|acid|di(2-ethylhexyl)|bis(2-ethylhexyl)ester;1,6-bis(2-ethylhexyl) hexanedioate;Adipic acid, bis(2-ethylhexyl) ester;ADIPIC ACID, DI (2-ETHYLHEXYL) ESTER;bis(2-ethylhexyl) adipate;bis(2-ethylhexyl) hexanedioate;Bis(2-ethylhexyl)adipate;bis(2-ethylhexyl)ester hexanedioic acid;Di-(2-Ethylhexyl) Adipate;DI-2-ETHYLHEXYL ADIPATE;Di(2-ethylhexyl) adipate;di(2-ethylhexyl) adipate (hexanedioic acid, bis(2-ethylhexyl) ester) (deha);di(2-Ethylhexyl)adipate;dioctyl adipate;Hexanedioic acid, 1,6-bis(2-ethylhexyl) ester;Hexanedioic acid, bis(2-ethylhexyl) ester;hexanedioic acid, bis(2-ethylhexyl)ester;hexanedioic_acid,_bis(2-ethylhexyl)ester;hexanedioic|di(2-ethylhexyl)adipate|di-(2-ethylhexyl)|hexanedioate|(2-ethylhexyl)|di-2-ethylhexyl|acid,|adipic|ester",,,,,,,,,,,,,,,,,,,,,,,,,,,,,,,,,,,,,,,,,,,,,,,,,,,,,,,,,,,,,,,,,,,,,,,,,,,,,,,,,,,,,,,,,,,,,,,,,,,,,,,,,,,,,,,,,,,,,,,,,,,,,,,,Ecotoxicological Information#Aquatic Toxicity,Aquatic Japan MoE,1999,,EC50,,OECD TG 211,True,>,Equal,,,,,,,Daphnia magna,Animalia (animals),Bilateria,Arthropoda (arthropods),Crustacea (crustaceans),,Branchiopoda (branchiopods),,Diplostraca,Cladocera (water fleas),Daphniidae,Daphnia,Protostomia,,,,Acute,,,,,,,,,,,,,,,,,,,,,,,,,,,,,,,,,,,,,,,,,,,Daphnids Acute Immobilisation Test,2989,Phyllopoda,Anomopoda,Ecdysozoa,,,,,,,,,,,,,,,,,,,,,,,,,,,,,,,,,,,,,,,,,,,,,,,,,,,,,,,,,,,,,,,,,,,,,,,,,,,,,,,,,,,,,,,,,,,,,,,,,,,,,,,,,,,,,,,,,,,,,,,,,,,,,,,,,,,,,,,,,,,,,,,,,,,,,,,,,,48,h,Time,,,50,>,mg/L,Mass concentration,,,50,>,mg/L,Mass concentration,,
103-23-1,"|bis(2-ethylhexyl)|ester|bis(2-ethylhexyl)adipate|1,6-bis(2-ethylhexyl)|hexanedioic acid, bis(2-ethylhexyl)ester;|bis(2-ethylhexyl)ester|di-2-ethylhexyl adipate|adipate;|di|acid|di(2-ethylhexyl)|bis(2-ethylhexyl)ester;1,6-bis(2-ethylhexyl) hexanedioate;Adipic acid, bis(2-ethylhexyl) ester;ADIPIC ACID, DI (2-ETHYLHEXYL) ESTER;bis(2-ethylhexyl) adipate;bis(2-ethylhexyl) hexanedioate;Bis(2-ethylhexyl)adipate;bis(2-ethylhexyl)ester hexanedioic acid;Di-(2-Ethylhexyl) Adipate;DI-2-ETHYLHEXYL ADIPATE;Di(2-ethylhexyl) adipate;di(2-ethylhexyl) adipate (hexanedioic acid, bis(2-ethylhexyl) ester) (deha);di(2-Ethylhexyl)adipate;dioctyl adipate;Hexanedioic acid, 1,6-bis(2-ethylhexyl) ester;Hexanedioic acid, bis(2-ethylhexyl) ester;hexanedioic acid, bis(2-ethylhexyl)ester;hexanedioic_acid,_bis(2-ethylhexyl)ester;hexanedioic|di(2-ethylhexyl)adipate|di-(2-ethylhexyl)|hexanedioate|(2-ethylhexyl)|di-2-ethylhexyl|acid,|adipic|ester",,,,,,,,,,,,,,,,,,,,,,,,,,,,,,,,,,,,,,,,,,,,,,,,,,,,,,,,,,,,,,,,,,,,,,,,,,,,,,,,,,,,,,,,,,,,,,,,,,,,,,,,,,,,,,,,,,,,,,,,,,,,,,,,Ecotoxicological Information#Aquatic Toxicity,Aquatic Japan MoE,2005,,EC50,,OECD TG 211,True,>,Equal,,,,,,,Daphnia magna,Animalia (animals),Bilateria,Arthropoda (arthropods),Crustacea (crustaceans),,Branchiopoda (branchiopods),,Diplostraca,Cladocera (water fleas),Daphniidae,Daphnia,Protostomia,,,,Acute,,,,,,,,,,,,,,,,,,,,,,,,,,,,,,,,,,,,,,,,,,,Daphnids Acute Immobilisation Test,2990,Phyllopoda,Anomopoda,Ecdysozoa,,,,,,,,,,,,,,,,,,,,,,,,,,,,,,,,,,,,,,,,,,,,,,,,,,,,,,,,,,,,,,,,,,,,,,,,,,,,,,,,,,,,,,,,,,,,,,,,,,,,,,,,,,,,,,,,,,,,,,,,,,,,,,,,,,,,,,,,,,,,,,,,,,,,,,,,,,48,h,Time,,,0.0031999999191612005,>,mg/L,Mass concentration,,,0.0031999999191612005,>,mg/L,Mass concentration,,
103-23-1,"|bis(2-ethylhexyl)|ester|bis(2-ethylhexyl)adipate|1,6-bis(2-ethylhexyl)|hexanedioic acid, bis(2-ethylhexyl)ester;|bis(2-ethylhexyl)ester|di-2-ethylhexyl adipate|adipate;|di|acid|di(2-ethylhexyl)|bis(2-ethylhexyl)ester;1,6-bis(2-ethylhexyl) hexanedioate;Adipic acid, bis(2-ethylhexyl) ester;ADIPIC ACID, DI (2-ETHYLHEXYL) ESTER;bis(2-ethylhexyl) adipate;bis(2-ethylhexyl) hexanedioate;Bis(2-ethylhexyl)adipate;bis(2-ethylhexyl)ester hexanedioic acid;Di-(2-Ethylhexyl) Adipate;DI-2-ETHYLHEXYL ADIPATE;Di(2-ethylhexyl) adipate;di(2-ethylhexyl) adipate (hexanedioic acid, bis(2-ethylhexyl) ester) (deha);di(2-Ethylhexyl)adipate;dioctyl adipate;Hexanedioic acid, 1,6-bis(2-ethylhexyl) ester;Hexanedioic acid, bis(2-ethylhexyl) ester;hexanedioic acid, bis(2-ethylhexyl)ester;hexanedioic_acid,_bis(2-ethylhexyl)ester;hexanedioic|di(2-ethylhexyl)adipate|di-(2-ethylhexyl)|hexanedioate|(2-ethylhexyl)|di-2-ethylhexyl|acid,|adipic|ester",,,,,,,,,,,,,,,,,,,,,,,,,,,,,,,,,,,,,,,,,,,,,,,,,,,,,,,,,,,,,,,,,,,,,,,,,,,,,,,,,,,,,,,,,,,,,,,,,,,,,,,,,,,,,,,,,,,,,,,,,,,,,,,,Ecotoxicological Information#Aquatic Toxicity,Aquatic Japan MoE,1999,,LC50,,OECD TG 203,True,>,Equal,,,,,,,Oryzias latipes,Animalia (animals),Bilateria,Chordata (chordates),Vertebrata (vertebrates),"Actinopterygii (ray-finned fishes,spiny rayed fishes)",Teleostei,Acanthopterygii,Beloniformes (needlefishes),Adrianichthyoidei,"Adrianichthyidae (adrianichthyids,ricefishes)",Oryzias,Deuterostomia,Gnathostomata,,,Acute,,,,,,,,,,,,,,,,,,,,,,,,,,,,,,,,,,,,,,,,,,,Fish Acute toxicity test,5068,,,,Oryziinae,,,,,,,,,,,,,,,,,,,,,,,,,,,,,,,,,,,,,,,,,,,,,,,,,,,,,,,,,,,,,,,,,,,,,,,,,,,,,,,,,,,,,,,,,,,,,,,,,,,,,,,,,,,,,,,,,,,,,,,,,,,,,,,,,,,,,,,,,,,,,,,,,,,,,,,,,96,h,Time,,,50,>,mg/L,Mass concentration,,,50,>,mg/L,Mass concentration,,
103-23-1,"|bis(2-ethylhexyl)|ester|bis(2-ethylhexyl)adipate|1,6-bis(2-ethylhexyl)|hexanedioic acid, bis(2-ethylhexyl)ester;|bis(2-ethylhexyl)ester|di-2-ethylhexyl adipate|adipate;|di|acid|di(2-ethylhexyl)|bis(2-ethylhexyl)ester;1,6-bis(2-ethylhexyl) hexanedioate;Adipic acid, bis(2-ethylhexyl) ester;ADIPIC ACID, DI (2-ETHYLHEXYL) ESTER;bis(2-ethylhexyl) adipate;bis(2-ethylhexyl) hexanedioate;Bis(2-ethylhexyl)adipate;bis(2-ethylhexyl)ester hexanedioic acid;Di-(2-Ethylhexyl) Adipate;DI-2-ETHYLHEXYL ADIPATE;Di(2-ethylhexyl) adipate;di(2-ethylhexyl) adipate (hexanedioic acid, bis(2-ethylhexyl) ester) (deha);di(2-Ethylhexyl)adipate;dioctyl adipate;Hexanedioic acid, 1,6-bis(2-ethylhexyl) ester;Hexanedioic acid, bis(2-ethylhexyl) ester;hexanedioic acid, bis(2-ethylhexyl)ester;hexanedioic_acid,_bis(2-ethylhexyl)ester;hexanedioic|di(2-ethylhexyl)adipate|di-(2-ethylhexyl)|hexanedioate|(2-ethylhexyl)|di-2-ethylhexyl|acid,|adipic|ester",,,,,,,,,,,,,,,,,,,,,,,,,,,,,,,,,,,,,,,,,,,,,,,,,,,,,,,,,,,,,,,,,,,,,,,,,,,,,,,,,,,,,,,,,,,,,,,,,,,,,,,,,,,,,,,,,,,,,,,,,,,,,,,,Ecotoxicological Information#Aquatic Toxicity,Aquatic Japan MoE,1999,,EC50,,OECD TG 201,True,>,Equal,,,,,,,Pseudokirchneriella subcapitata,Plantae (plants),,,,,Chlorophyceae,,,,,,,,,,Area Under Growth Curve,,,,,,,,,,,,,,,,,,,,,,,,,,,,,,,,,,,,,,,,,,,Algal growth inhibition test,1603,,,,,Chlorophyta (green algae),,,,,,,,,,,,,,,,,,,,,,,,,,,,,,,,,,,,,,,,,,,,,,,,,,,,,,,,,,,,,,,,,,,,,,,,,,,,,,,,,,,,,,,,,,,,,,,,,,,,,,,,,,,,,,,,,,,,,,,,,,,,,,,,,,,,,,,,,,,,,,,,,,,,,,,,72,h,Time,,,50,>,mg/L,Mass concentration,,,50,>,mg/L,Mass concentration,,
103-23-1,"|bis(2-ethylhexyl)|ester|bis(2-ethylhexyl)adipate|1,6-bis(2-ethylhexyl)|hexanedioic acid, bis(2-ethylhexyl)ester;|bis(2-ethylhexyl)ester|di-2-ethylhexyl adipate|adipate;|di|acid|di(2-ethylhexyl)|bis(2-ethylhexyl)ester;1,6-bis(2-ethylhexyl) hexanedioate;Adipic acid, bis(2-ethylhexyl) ester;ADIPIC ACID, DI (2-ETHYLHEXYL) ESTER;bis(2-ethylhexyl) adipate;bis(2-ethylhexyl) hexanedioate;Bis(2-ethylhexyl)adipate;bis(2-ethylhexyl)ester hexanedioic acid;Di-(2-Ethylhexyl) Adipate;DI-2-ETHYLHEXYL ADIPATE;Di(2-ethylhexyl) adipate;di(2-ethylhexyl) adipate (hexanedioic acid, bis(2-ethylhexyl) ester) (deha);di(2-Ethylhexyl)adipate;dioctyl adipate;Hexanedioic acid, 1,6-bis(2-ethylhexyl) ester;Hexanedioic acid, bis(2-ethylhexyl) ester;hexanedioic acid, bis(2-ethylhexyl)ester;hexanedioic_acid,_bis(2-ethylhexyl)ester;hexanedioic|di(2-ethylhexyl)adipate|di-(2-ethylhexyl)|hexanedioate|(2-ethylhexyl)|di-2-ethylhexyl|acid,|adipic|ester",,,,,,,,,,,,,,,,,,,,,,,,,,,,,,,,,,,,,,,,,,,,,,,,,,,,,,,,,,,,,,,,,,,,,,,,,,,,,,,,,,,,,,,,,,,,,,,,,,,,,,,,,,,,,,,,,,,,,,,,,,,,,,,,Ecotoxicological Information#Aquatic Toxicity,Aquatic Japan MoE,1999,,NOEC,,OECD TG 201,True,No qualifier,Equal,,,,,,,Pseudokirchneriella subcapitata,Plantae (plants),,,,,Chlorophyceae,,,,,,,,,,Area Under Growth Curve,,,,,,,,,,,,,,,,,,,,,,,,,,,,,,,,,,,,,,,,,,,Algal growth inhibition test,2296,,,,,Chlorophyta (green algae),,,,,,,,,,,,,,,,,,,,,,,,,,,,,,,,,,,,,,,,,,,,,,,,,,,,,,,,,,,,,,,,,,,,,,,,,,,,,,,,,,,,,,,,,,,,,,,,,,,,,,,,,,,,,,,,,,,,,,,,,,,,,,,,,,,,,,,,,,,,,,,,,,,,,,,,72,h,Time,,,50,,mg/L,Mass concentration,,,50,,mg/L,Mass concentration,,
103-23-1,"|bis(2-ethylhexyl)|ester|bis(2-ethylhexyl)adipate|1,6-bis(2-ethylhexyl)|hexanedioic acid, bis(2-ethylhexyl)ester;|bis(2-ethylhexyl)ester|di-2-ethylhexyl adipate|adipate;|di|acid|di(2-ethylhexyl)|bis(2-ethylhexyl)ester;1,6-bis(2-ethylhexyl) hexanedioate;Adipic acid, bis(2-ethylhexyl) ester;ADIPIC ACID, DI (2-ETHYLHEXYL) ESTER;bis(2-ethylhexyl) adipate;bis(2-ethylhexyl) hexanedioate;Bis(2-ethylhexyl)adipate;bis(2-ethylhexyl)ester hexanedioic acid;Di-(2-Ethylhexyl) Adipate;DI-2-ETHYLHEXYL ADIPATE;Di(2-ethylhexyl) adipate;di(2-ethylhexyl) adipate (hexanedioic acid, bis(2-ethylhexyl) ester) (deha);di(2-Ethylhexyl)adipate;dioctyl adipate;Hexanedioic acid, 1,6-bis(2-ethylhexyl) ester;Hexanedioic acid, bis(2-ethylhexyl) ester;hexanedioic acid, bis(2-ethylhexyl)ester;hexanedioic_acid,_bis(2-ethylhexyl)ester;hexanedioic|di(2-ethylhexyl)adipate|di-(2-ethylhexyl)|hexanedioate|(2-ethylhexyl)|di-2-ethylhexyl|acid,|adipic|ester",,,,,,,,,,,,,,,,,,,,,,,,,,,,,,,,,,,,,,,,,,,,,,,,,,,,,,,,,,,,,,,,,,,,,,,,,,,,,,,,,,,,,,,,,,,,,,,,,,,,,,,,,,,,,,,,,,,,,,,,,,,,,,,,Ecotoxicological Information#Aquatic Toxicity,Aquatic Japan MoE,1999,,EC50,,OECD TG 211,True,>,Equal,,,,,,,Daphnia magna,Animalia (animals),Bilateria,Arthropoda (arthropods),Crustacea (crustaceans),,Branchiopoda (branchiopods),,Diplostraca,Cladocera (water fleas),Daphniidae,Daphnia,Protostomia,,,,Chronic,,,,,,,,,,,,,,,,,,,,,,,,,,,,,,,,,,,,,,,,,,,Daphnia magna Reproduction test,3682,Phyllopoda,Anomopoda,Ecdysozoa,,,,,,,,,,,,,,,,,,,,,,,,,,,,,,,,,,,,,,,,,,,,,,,,,,,,,,,,,,,,,,,,,,,,,,,,,,,,,,,,,,,,,,,,,,,,,,,,,,,,,,,,,,,,,,,,,,,,,,,,,,,,,,,,,,,,,,,,,,,,,,,,,,,,,,,,,,21,d,Time,,,46,>,mg/L,Mass concentration,,,46,>,mg/L,Mass concentration,,
103-23-1,"|bis(2-ethylhexyl)|ester|bis(2-ethylhexyl)adipate|1,6-bis(2-ethylhexyl)|hexanedioic acid, bis(2-ethylhexyl)ester;|bis(2-ethylhexyl)ester|di-2-ethylhexyl adipate|adipate;|di|acid|di(2-ethylhexyl)|bis(2-ethylhexyl)ester;1,6-bis(2-ethylhexyl) hexanedioate;Adipic acid, bis(2-ethylhexyl) ester;ADIPIC ACID, DI (2-ETHYLHEXYL) ESTER;bis(2-ethylhexyl) adipate;bis(2-ethylhexyl) hexanedioate;Bis(2-ethylhexyl)adipate;bis(2-ethylhexyl)ester hexanedioic acid;Di-(2-Ethylhexyl) Adipate;DI-2-ETHYLHEXYL ADIPATE;Di(2-ethylhexyl) adipate;di(2-ethylhexyl) adipate (hexanedioic acid, bis(2-ethylhexyl) ester) (deha);di(2-Ethylhexyl)adipate;dioctyl adipate;Hexanedioic acid, 1,6-bis(2-ethylhexyl) ester;Hexanedioic acid, bis(2-ethylhexyl) ester;hexanedioic acid, bis(2-ethylhexyl)ester;hexanedioic_acid,_bis(2-ethylhexyl)ester;hexanedioic|di(2-ethylhexyl)adipate|di-(2-ethylhexyl)|hexanedioate|(2-ethylhexyl)|di-2-ethylhexyl|acid,|adipic|ester",,,,,,,,,,,,,,,,,,,,,,,,,,,,,,,,,,,,,,,,,,,,,,,,,,,,,,,,,,,,,,,,,,,,,,,,,,,,,,,,,,,,,,,,,,,,,,,,,,,,,,,,,,,,,,,,,,,,,,,,,,,,,,,,Ecotoxicological Information#Aquatic Toxicity,Aquatic Japan MoE,2005,,EC50,,OECD TG 211,True,>,Equal,,,,,,,Daphnia magna,Animalia (animals),Bilateria,Arthropoda (arthropods),Crustacea (crustaceans),,Branchiopoda (branchiopods),,Diplostraca,Cladocera (water fleas),Daphniidae,Daphnia,Protostomia,,,,Chronic,,,,,,,,,,,,,,,,,,,,,,,,,,,,,,,,,,,,,,,,,,,Daphnia magna Reproduction test,3683,Phyllopoda,Anomopoda,Ecdysozoa,,,,,,,,,,,,,,,,,,,,,,,,,,,,,,,,,,,,,,,,,,,,,,,,,,,,,,,,,,,,,,,,,,,,,,,,,,,,,,,,,,,,,,,,,,,,,,,,,,,,,,,,,,,,,,,,,,,,,,,,,,,,,,,,,,,,,,,,,,,,,,,,,,,,,,,,,,21,d,Time,,,0.0031999999191612005,>,mg/L,Mass concentration,,,0.0031999999191612005,>,mg/L,Mass concentration,,
103-23-1,"|bis(2-ethylhexyl)|ester|bis(2-ethylhexyl)adipate|1,6-bis(2-ethylhexyl)|hexanedioic acid, bis(2-ethylhexyl)ester;|bis(2-ethylhexyl)ester|di-2-ethylhexyl adipate|adipate;|di|acid|di(2-ethylhexyl)|bis(2-ethylhexyl)ester;1,6-bis(2-ethylhexyl) hexanedioate;Adipic acid, bis(2-ethylhexyl) ester;ADIPIC ACID, DI (2-ETHYLHEXYL) ESTER;bis(2-ethylhexyl) adipate;bis(2-ethylhexyl) hexanedioate;Bis(2-ethylhexyl)adipate;bis(2-ethylhexyl)ester hexanedioic acid;Di-(2-Ethylhexyl) Adipate;DI-2-ETHYLHEXYL ADIPATE;Di(2-ethylhexyl) adipate;di(2-ethylhexyl) adipate (hexanedioic acid, bis(2-ethylhexyl) ester) (deha);di(2-Ethylhexyl)adipate;dioctyl adipate;Hexanedioic acid, 1,6-bis(2-ethylhexyl) ester;Hexanedioic acid, bis(2-ethylhexyl) ester;hexanedioic acid, bis(2-ethylhexyl)ester;hexanedioic_acid,_bis(2-ethylhexyl)ester;hexanedioic|di(2-ethylhexyl)adipate|di-(2-ethylhexyl)|hexanedioate|(2-ethylhexyl)|di-2-ethylhexyl|acid,|adipic|ester",,,,,,,,,,,,,,,,,,,,,,,,,,,,,,,,,,,,,,,,,,,,,,,,,,,,,,,,,,,,,,,,,,,,,,,,,,,,,,,,,,,,,,,,,,,,,,,,,,,,,,,,,,,,,,,,,,,,,,,,,,,,,,,,Ecotoxicological Information#Aquatic Toxicity,Aquatic Japan MoE,2005,,NOEC,,OECD TG 211,True,No qualifier,Equal,,,,,,,Daphnia magna,Animalia (animals),Bilateria,Arthropoda (arthropods),Crustacea (crustaceans),,Branchiopoda (branchiopods),,Diplostraca,Cladocera (water fleas),Daphniidae,Daphnia,Protostomia,,,,Chronic,,,,,,,,,,,,,,,,,,,,,,,,,,,,,,,,,,,,,,,,,,,Daphnia magna Reproduction test,4376,Phyllopoda,Anomopoda,Ecdysozoa,,,,,,,,,,,,,,,,,,,,,,,,,,,,,,,,,,,,,,,,,,,,,,,,,,,,,,,,,,,,,,,,,,,,,,,,,,,,,,,,,,,,,,,,,,,,,,,,,,,,,,,,,,,,,,,,,,,,,,,,,,,,,,,,,,,,,,,,,,,,,,,,,,,,,,,,,,21,d,Time,,,0.0031999999191612005,,mg/L,Mass concentration,,,0.0031999999191612005,,mg/L,Mass concentration,,
103-23-1,"|bis(2-ethylhexyl)|ester|bis(2-ethylhexyl)adipate|1,6-bis(2-ethylhexyl)|hexanedioic acid, bis(2-ethylhexyl)ester;|bis(2-ethylhexyl)ester|di-2-ethylhexyl adipate|adipate;|di|acid|di(2-ethylhexyl)|bis(2-ethylhexyl)ester;1,6-bis(2-ethylhexyl) hexanedioate;Adipic acid, bis(2-ethylhexyl) ester;ADIPIC ACID, DI (2-ETHYLHEXYL) ESTER;bis(2-ethylhexyl) adipate;bis(2-ethylhexyl) hexanedioate;Bis(2-ethylhexyl)adipate;bis(2-ethylhexyl)ester hexanedioic acid;Di-(2-Ethylhexyl) Adipate;DI-2-ETHYLHEXYL ADIPATE;Di(2-ethylhexyl) adipate;di(2-ethylhexyl) adipate (hexanedioic acid, bis(2-ethylhexyl) ester) (deha);di(2-Ethylhexyl)adipate;dioctyl adipate;Hexanedioic acid, 1,6-bis(2-ethylhexyl) ester;Hexanedioic acid, bis(2-ethylhexyl) ester;hexanedioic acid, bis(2-ethylhexyl)ester;hexanedioic_acid,_bis(2-ethylhexyl)ester;hexanedioic|di(2-ethylhexyl)adipate|di-(2-ethylhexyl)|hexanedioate|(2-ethylhexyl)|di-2-ethylhexyl|acid,|adipic|ester",,,,,,,,,,,,,,,,,,,,,,,,,,,,,,,,,,,,,,,,,,,,,,,,,,,,,,,,,,,,,,,,,,,,,,,,,,,,,,,,,,,,,,,,,,,,,,,,,,,,,,,,,,,,,,,,,,,,,,,,,,,,,,,,Ecotoxicological Information#Aquatic Toxicity,Aquatic Japan MoE,1999,,NOEC,,OECD TG 211,True,No qualifier,Equal,,,,,,,Daphnia magna,Animalia (animals),Bilateria,Arthropoda (arthropods),Crustacea (crustaceans),,Branchiopoda (branchiopods),,Diplostraca,Cladocera (water fleas),Daphniidae,Daphnia,Protostomia,,,,Chronic,,,,,,,,,,,,,,,,,,,,,,,,,,,,,,,,,,,,,,,,,,,Daphnia magna Reproduction test,4375,Phyllopoda,Anomopoda,Ecdysozoa,,,,,,,,,,,,,,,,,,,,,,,,,,,,,,,,,,,,,,,,,,,,,,,,,,,,,,,,,,,,,,,,,,,,,,,,,,,,,,,,,,,,,,,,,,,,,,,,,,,,,,,,,,,,,,,,,,,,,,,,,,,,,,,,,,,,,,,,,,,,,,,,,,,,,,,,,,21,d,Time,,,14,,mg/L,Mass concentration,,,14,,mg/L,Mass concentration,,
103-23-1,"|bis(2-ethylhexyl)|ester|bis(2-ethylhexyl)adipate|1,6-bis(2-ethylhexyl)|hexanedioic acid, bis(2-ethylhexyl)ester;|bis(2-ethylhexyl)ester|di-2-ethylhexyl adipate|adipate;|di|acid|di(2-ethylhexyl)|bis(2-ethylhexyl)ester;1,6-bis(2-ethylhexyl) hexanedioate;Adipic acid, bis(2-ethylhexyl) ester;ADIPIC ACID, DI (2-ETHYLHEXYL) ESTER;bis(2-ethylhexyl) adipate;bis(2-ethylhexyl) hexanedioate;Bis(2-ethylhexyl)adipate;bis(2-ethylhexyl)ester hexanedioic acid;Di-(2-Ethylhexyl) Adipate;DI-2-ETHYLHEXYL ADIPATE;Di(2-ethylhexyl) adipate;di(2-ethylhexyl) adipate (hexanedioic acid, bis(2-ethylhexyl) ester) (deha);di(2-Ethylhexyl)adipate;dioctyl adipate;Hexanedioic acid, 1,6-bis(2-ethylhexyl) ester;Hexanedioic acid, bis(2-ethylhexyl) ester;hexanedioic acid, bis(2-ethylhexyl)ester;hexanedioic_acid,_bis(2-ethylhexyl)ester;hexanedioic|di(2-ethylhexyl)adipate|di-(2-ethylhexyl)|hexanedioate|(2-ethylhexyl)|di-2-ethylhexyl|acid,|adipic|ester",,,,,,,,,,,,,,,,,,,,,,,,,,,,,,,,,,,,,,,,,,,,,,,,,,,,,,,,,,,,,,,,,,,,,,,,,,,,,,,,,,,,,,,,,,,,,,,,,,,,,,,,,,,,,,,,,,,,,,,,,,,,,,,,Ecotoxicological Information#Aquatic Toxicity,ECOTOX,,Stress-Induced Transcriptional Changes and DNA Damage Associated with Bis(2-ethylhexyl) Adipate Exposure in Zebrafish (Danio rerio) Larvae,,,,True,No qualifier,Equal,Bull. Environ. Contam. Toxicol.99(3): 308-314,,,,,,Danio rerio,Animalia (animals),Bilateria,Chordata (chordates),Vertebrata (vertebrates),"Actinopterygii (ray-finned fishes,spiny rayed fishes)",Teleostei,Ostariophysi,"Cypriniformes (minnows,suckers)",,"Cyprinidae (carps,minnows,carps and minnows)",Danio,Deuterostomia,Gnathostomata,Increasing,"Boran,H., and S. Terzi",Development,2208291,2420021,Active ingredient,Fresh water,,Deformation,Multiple types of controls were reported by the author,03/19/2018,A,Static,03/19/2018,,Lab,2017,,Unmeasured,"PERICARDIAL EDEMA, HYPEREMIA, UNDERINFLATED SWIM BLADDER",,7.3,None,,,,,,,,,91,percent saturation,Unknown,,,,,,,,,,,,,,,,,,,06/07/2018,Laboratory,Larva,GENE EXPRESSION ASSAY,DECHLORINATED TAP WATER,Bis(2-ethylhexyl) adipate,"CONTR/C,V/",RECEP TAYYIP ERGODAN UNIV.,"SOURCE/RECEP TAYYIP ERGODAN UNIV.//CONTR/C,V//MEDIA/DECHLORINATED TAP WATER//",Cyprinoidea,6,None,99,≥,None,72,,h,Time,,,96,h,Time,1,Dosed x time(s) per study period,Unknown,96,h,Time,27.5,°C,Temperature,,,,,,,,,,,,,,,,,,,,,,,,,,,,,,,,,,,,,,,,,,,,,,,,,,,,,,,,,,,,,,,,,,,,,,,,,,,,,,,,,,,,,,,,,,,,,,,,,,,,,,,,,,,,,,,,,,,,,,,96,h,Time,,,25,,mg/L,Mass concentration,,,25,,mg/L,Mass concentration,,
103-23-1,"|bis(2-ethylhexyl)|ester|bis(2-ethylhexyl)adipate|1,6-bis(2-ethylhexyl)|hexanedioic acid, bis(2-ethylhexyl)ester;|bis(2-ethylhexyl)ester|di-2-ethylhexyl adipate|adipate;|di|acid|di(2-ethylhexyl)|bis(2-ethylhexyl)ester;1,6-bis(2-ethylhexyl) hexanedioate;Adipic acid, bis(2-ethylhexyl) ester;ADIPIC ACID, DI (2-ETHYLHEXYL) ESTER;bis(2-ethylhexyl) adipate;bis(2-ethylhexyl) hexanedioate;Bis(2-ethylhexyl)adipate;bis(2-ethylhexyl)ester hexanedioic acid;Di-(2-Ethylhexyl) Adipate;DI-2-ETHYLHEXYL ADIPATE;Di(2-ethylhexyl) adipate;di(2-ethylhexyl) adipate (hexanedioic acid, bis(2-ethylhexyl) ester) (deha);di(2-Ethylhexyl)adipate;dioctyl adipate;Hexanedioic acid, 1,6-bis(2-ethylhexyl) ester;Hexanedioic acid, bis(2-ethylhexyl) ester;hexanedioic acid, bis(2-ethylhexyl)ester;hexanedioic_acid,_bis(2-ethylhexyl)ester;hexanedioic|di(2-ethylhexyl)adipate|di-(2-ethylhexyl)|hexanedioate|(2-ethylhexyl)|di-2-ethylhexyl|acid,|adipic|ester",,,,,,,,,,,,,,,,,,,,,,,,,,,,,,,,,,,,,,,,,,,,,,,,,,,,,,,,,,,,,,,,,,,,,,,,,,,,,,,,,,,,,,,,,,,,,,,,,,,,,,,,,,,,,,,,,,,,,,,,,,,,,,,,Ecotoxicological Information#Aquatic Toxicity,ECOTOX,,Stress-Induced Transcriptional Changes and DNA Damage Associated with Bis(2-ethylhexyl) Adipate Exposure in Zebrafish (Danio rerio) Larvae,LOEC,,,True,No qualifier,Equal,Bull. Environ. Contam. Toxicol.99(3): 308-314,,,,,,Danio rerio,Animalia (animals),Bilateria,Chordata (chordates),Vertebrata (vertebrates),"Actinopterygii (ray-finned fishes,spiny rayed fishes)",Teleostei,Ostariophysi,"Cypriniformes (minnows,suckers)",,"Cyprinidae (carps,minnows,carps and minnows)",Danio,Deuterostomia,Gnathostomata,Increasing,"Boran,H., and S. Terzi",Genetics,2208291,2420020,Active ingredient,Fresh water,,X-ray repair cross-complementing protein 5 mRNA,Multiple types of controls were reported by the author,03/19/2018,A,Static,03/19/2018,Whole organism,Lab,2017,,Unmeasured,STATS TO V CONTROL,,7.3,None,,,,,,,,,91,percent saturation,Unknown,,,,,,,,,,,,,,,,,,,06/07/2018,Laboratory,Larva,GENE EXPRESSION ASSAY,DECHLORINATED TAP WATER,Bis(2-ethylhexyl) adipate,"CONTR/C,V/",RECEP TAYYIP ERGODAN UNIV.,"SOURCE/RECEP TAYYIP ERGODAN UNIV.//CONTR/C,V//MEDIA/DECHLORINATED TAP WATER//",Cyprinoidea,6,None,99,≥,None,72,,h,Time,,,96,h,Time,1,Dosed x time(s) per study period,Unknown,96,h,Time,27.5,°C,Temperature,,,76296,Reviewer assigned endpoint,Significant,P,0.05,<,None,,,,,,,,,,,,,,,,,,,,,,,,,,,,,,,,,,,,,,,,,,,,,,,,,,,,,,,,,,,,,,,,,,,,,,,,,,,,,,,,,,,,,,,,,,,,,,,,,,,,,,,,,,,,,,96,h,Time,,,5,,mg/L,Mass concentration,,,5,,mg/L,Mass concentration,,
103-23-1,"|bis(2-ethylhexyl)|ester|bis(2-ethylhexyl)adipate|1,6-bis(2-ethylhexyl)|hexanedioic acid, bis(2-ethylhexyl)ester;|bis(2-ethylhexyl)ester|di-2-ethylhexyl adipate|adipate;|di|acid|di(2-ethylhexyl)|bis(2-ethylhexyl)ester;1,6-bis(2-ethylhexyl) hexanedioate;Adipic acid, bis(2-ethylhexyl) ester;ADIPIC ACID, DI (2-ETHYLHEXYL) ESTER;bis(2-ethylhexyl) adipate;bis(2-ethylhexyl) hexanedioate;Bis(2-ethylhexyl)adipate;bis(2-ethylhexyl)ester hexanedioic acid;Di-(2-Ethylhexyl) Adipate;DI-2-ETHYLHEXYL ADIPATE;Di(2-ethylhexyl) adipate;di(2-ethylhexyl) adipate (hexanedioic acid, bis(2-ethylhexyl) ester) (deha);di(2-Ethylhexyl)adipate;dioctyl adipate;Hexanedioic acid, 1,6-bis(2-ethylhexyl) ester;Hexanedioic acid, bis(2-ethylhexyl) ester;hexanedioic acid, bis(2-ethylhexyl)ester;hexanedioic_acid,_bis(2-ethylhexyl)ester;hexanedioic|di(2-ethylhexyl)adipate|di-(2-ethylhexyl)|hexanedioate|(2-ethylhexyl)|di-2-ethylhexyl|acid,|adipic|ester",,,,,,,,,,,,,,,,,,,,,,,,,,,,,,,,,,,,,,,,,,,,,,,,,,,,,,,,,,,,,,,,,,,,,,,,,,,,,,,,,,,,,,,,,,,,,,,,,,,,,,,,,,,,,,,,,,,,,,,,,,,,,,,,Ecotoxicological Information#Aquatic Toxicity,ECOTOX,,Stress-Induced Transcriptional Changes and DNA Damage Associated with Bis(2-ethylhexyl) Adipate Exposure in Zebrafish (Danio rerio) Larvae,LOEC,,,True,No qualifier,Equal,Bull. Environ. Contam. Toxicol.99(3): 308-314,,,,,,Danio rerio,Animalia (animals),Bilateria,Chordata (chordates),Vertebrata (vertebrates),"Actinopterygii (ray-finned fishes,spiny rayed fishes)",Teleostei,Ostariophysi,"Cypriniformes (minnows,suckers)",,"Cyprinidae (carps,minnows,carps and minnows)",Danio,Deuterostomia,Gnathostomata,Increasing,"Boran,H., and S. Terzi",Genetics,2208291,2420017,Active ingredient,Fresh water,,p53 mRNA,Multiple types of controls were reported by the author,03/19/2018,A,Static,03/19/2018,Whole organism,Lab,2017,,Unmeasured,STATS TO V CONTROL,,7.3,None,,,,,,,,,91,percent saturation,Unknown,,,,,,,,,,,,,,,,,,,06/07/2018,Laboratory,Larva,GENE EXPRESSION ASSAY,DECHLORINATED TAP WATER,Bis(2-ethylhexyl) adipate,"CONTR/C,V/",RECEP TAYYIP ERGODAN UNIV.,"SOURCE/RECEP TAYYIP ERGODAN UNIV.//CONTR/C,V//MEDIA/DECHLORINATED TAP WATER//",Cyprinoidea,6,None,99,≥,None,72,,h,Time,,,96,h,Time,1,Dosed x time(s) per study period,Unknown,96,h,Time,27.5,°C,Temperature,,,76297,Reviewer assigned endpoint,Significant,P,0.05,<,None,,,,,,,,,,,,,,,,,,,,,,,,,,,,,,,,,,,,,,,,,,,,,,,,,,,,,,,,,,,,,,,,,,,,,,,,,,,,,,,,,,,,,,,,,,,,,,,,,,,,,,,,,,,,,,96,h,Time,,,25,,mg/L,Mass concentration,,,25,,mg/L,Mass concentration,,
103-23-1,"|bis(2-ethylhexyl)|ester|bis(2-ethylhexyl)adipate|1,6-bis(2-ethylhexyl)|hexanedioic acid, bis(2-ethylhexyl)ester;|bis(2-ethylhexyl)ester|di-2-ethylhexyl adipate|adipate;|di|acid|di(2-ethylhexyl)|bis(2-ethylhexyl)ester;1,6-bis(2-ethylhexyl) hexanedioate;Adipic acid, bis(2-ethylhexyl) ester;ADIPIC ACID, DI (2-ETHYLHEXYL) ESTER;bis(2-ethylhexyl) adipate;bis(2-ethylhexyl) hexanedioate;Bis(2-ethylhexyl)adipate;bis(2-ethylhexyl)ester hexanedioic acid;Di-(2-Ethylhexyl) Adipate;DI-2-ETHYLHEXYL ADIPATE;Di(2-ethylhexyl) adipate;di(2-ethylhexyl) adipate (hexanedioic acid, bis(2-ethylhexyl) ester) (deha);di(2-Ethylhexyl)adipate;dioctyl adipate;Hexanedioic acid, 1,6-bis(2-ethylhexyl) ester;Hexanedioic acid, bis(2-ethylhexyl) ester;hexanedioic acid, bis(2-ethylhexyl)ester;hexanedioic_acid,_bis(2-ethylhexyl)ester;hexanedioic|di(2-ethylhexyl)adipate|di-(2-ethylhexyl)|hexanedioate|(2-ethylhexyl)|di-2-ethylhexyl|acid,|adipic|ester",,,,,,,,,,,,,,,,,,,,,,,,,,,,,,,,,,,,,,,,,,,,,,,,,,,,,,,,,,,,,,,,,,,,,,,,,,,,,,,,,,,,,,,,,,,,,,,,,,,,,,,,,,,,,,,,,,,,,,,,,,,,,,,,Ecotoxicological Information#Aquatic Toxicity,ECOTOX,,Stress-Induced Transcriptional Changes and DNA Damage Associated with Bis(2-ethylhexyl) Adipate Exposure in Zebrafish (Danio rerio) Larvae,NOEC,,,True,No qualifier,Equal,Bull. Environ. Contam. Toxicol.99(3): 308-314,,,,,,Danio rerio,Animalia (animals),Bilateria,Chordata (chordates),Vertebrata (vertebrates),"Actinopterygii (ray-finned fishes,spiny rayed fishes)",Teleostei,Ostariophysi,"Cypriniformes (minnows,suckers)",,"Cyprinidae (carps,minnows,carps and minnows)",Danio,Deuterostomia,Gnathostomata,Increasing,"Boran,H., and S. Terzi",Genetics,2208291,2420019,Active ingredient,Fresh water,,X-ray repair cross-complementing protein 5 mRNA,Multiple types of controls were reported by the author,03/19/2018,A,Static,03/19/2018,Whole organism,Lab,2017,,Unmeasured,STATS TO V CONTROL,,7.3,None,,,,,,,,,91,percent saturation,Unknown,,,,,,,,,,,,,,,,,,,06/07/2018,Laboratory,Larva,GENE EXPRESSION ASSAY,DECHLORINATED TAP WATER,Bis(2-ethylhexyl) adipate,"CONTR/C,V/",RECEP TAYYIP ERGODAN UNIV.,"SOURCE/RECEP TAYYIP ERGODAN UNIV.//CONTR/C,V//MEDIA/DECHLORINATED TAP WATER//",Cyprinoidea,6,None,99,≥,None,72,,h,Time,,,96,h,Time,1,Dosed x time(s) per study period,Unknown,96,h,Time,27.5,°C,Temperature,,,76296,Reviewer assigned endpoint,No significance,P,0.05,<,None,,,,,,,,,,,,,,,,,,,,,,,,,,,,,,,,,,,,,,,,,,,,,,,,,,,,,,,,,,,,,,,,,,,,,,,,,,,,,,,,,,,,,,,,,,,,,,,,,,,,,,,,,,,,,,96,h,Time,,,1,,mg/L,Mass concentration,,,1,,mg/L,Mass concentration,,
103-23-1,"|bis(2-ethylhexyl)|ester|bis(2-ethylhexyl)adipate|1,6-bis(2-ethylhexyl)|hexanedioic acid, bis(2-ethylhexyl)ester;|bis(2-ethylhexyl)ester|di-2-ethylhexyl adipate|adipate;|di|acid|di(2-ethylhexyl)|bis(2-ethylhexyl)ester;1,6-bis(2-ethylhexyl) hexanedioate;Adipic acid, bis(2-ethylhexyl) ester;ADIPIC ACID, DI (2-ETHYLHEXYL) ESTER;bis(2-ethylhexyl) adipate;bis(2-ethylhexyl) hexanedioate;Bis(2-ethylhexyl)adipate;bis(2-ethylhexyl)ester hexanedioic acid;Di-(2-Ethylhexyl) Adipate;DI-2-ETHYLHEXYL ADIPATE;Di(2-ethylhexyl) adipate;di(2-ethylhexyl) adipate (hexanedioic acid, bis(2-ethylhexyl) ester) (deha);di(2-Ethylhexyl)adipate;dioctyl adipate;Hexanedioic acid, 1,6-bis(2-ethylhexyl) ester;Hexanedioic acid, bis(2-ethylhexyl) ester;hexanedioic acid, bis(2-ethylhexyl)ester;hexanedioic_acid,_bis(2-ethylhexyl)ester;hexanedioic|di(2-ethylhexyl)adipate|di-(2-ethylhexyl)|hexanedioate|(2-ethylhexyl)|di-2-ethylhexyl|acid,|adipic|ester",,,,,,,,,,,,,,,,,,,,,,,,,,,,,,,,,,,,,,,,,,,,,,,,,,,,,,,,,,,,,,,,,,,,,,,,,,,,,,,,,,,,,,,,,,,,,,,,,,,,,,,,,,,,,,,,,,,,,,,,,,,,,,,,Ecotoxicological Information#Aquatic Toxicity,ECOTOX,,Stress-Induced Transcriptional Changes and DNA Damage Associated with Bis(2-ethylhexyl) Adipate Exposure in Zebrafish (Danio rerio) Larvae,NOEC,,,True,No qualifier,Equal,Bull. Environ. Contam. Toxicol.99(3): 308-314,,,,,,Danio rerio,Animalia (animals),Bilateria,Chordata (chordates),Vertebrata (vertebrates),"Actinopterygii (ray-finned fishes,spiny rayed fishes)",Teleostei,Ostariophysi,"Cypriniformes (minnows,suckers)",,"Cyprinidae (carps,minnows,carps and minnows)",Danio,Deuterostomia,Gnathostomata,Increasing,"Boran,H., and S. Terzi",Genetics,2208291,2420016,Active ingredient,Fresh water,,p53 mRNA,Multiple types of controls were reported by the author,03/19/2018,A,Static,03/19/2018,Whole organism,Lab,2017,,Unmeasured,STATS TO V CONTROL,,7.3,None,,,,,,,,,91,percent saturation,Unknown,,,,,,,,,,,,,,,,,,,06/07/2018,Laboratory,Larva,GENE EXPRESSION ASSAY,DECHLORINATED TAP WATER,Bis(2-ethylhexyl) adipate,"CONTR/C,V/",RECEP TAYYIP ERGODAN UNIV.,"SOURCE/RECEP TAYYIP ERGODAN UNIV.//CONTR/C,V//MEDIA/DECHLORINATED TAP WATER//",Cyprinoidea,6,None,99,≥,None,72,,h,Time,,,96,h,Time,1,Dosed x time(s) per study period,Unknown,96,h,Time,27.5,°C,Temperature,,,76297,Reviewer assigned endpoint,No significance,P,0.05,<,None,,,,,,,,,,,,,,,,,,,,,,,,,,,,,,,,,,,,,,,,,,,,,,,,,,,,,,,,,,,,,,,,,,,,,,,,,,,,,,,,,,,,,,,,,,,,,,,,,,,,,,,,,,,,,,96,h,Time,,,10,,mg/L,Mass concentration,,,10,,mg/L,Mass concentration,,
103-23-1,"|bis(2-ethylhexyl)|ester|bis(2-ethylhexyl)adipate|1,6-bis(2-ethylhexyl)|hexanedioic acid, bis(2-ethylhexyl)ester;|bis(2-ethylhexyl)ester|di-2-ethylhexyl adipate|adipate;|di|acid|di(2-ethylhexyl)|bis(2-ethylhexyl)ester;1,6-bis(2-ethylhexyl) hexanedioate;Adipic acid, bis(2-ethylhexyl) ester;ADIPIC ACID, DI (2-ETHYLHEXYL) ESTER;bis(2-ethylhexyl) adipate;bis(2-ethylhexyl) hexanedioate;Bis(2-ethylhexyl)adipate;bis(2-ethylhexyl)ester hexanedioic acid;Di-(2-Ethylhexyl) Adipate;DI-2-ETHYLHEXYL ADIPATE;Di(2-ethylhexyl) adipate;di(2-ethylhexyl) adipate (hexanedioic acid, bis(2-ethylhexyl) ester) (deha);di(2-Ethylhexyl)adipate;dioctyl adipate;Hexanedioic acid, 1,6-bis(2-ethylhexyl) ester;Hexanedioic acid, bis(2-ethylhexyl) ester;hexanedioic acid, bis(2-ethylhexyl)ester;hexanedioic_acid,_bis(2-ethylhexyl)ester;hexanedioic|di(2-ethylhexyl)adipate|di-(2-ethylhexyl)|hexanedioate|(2-ethylhexyl)|di-2-ethylhexyl|acid,|adipic|ester",,,,,,,,,,,,,,,,,,,,,,,,,,,,,,,,,,,,,,,,,,,,,,,,,,,,,,,,,,,,,,,,,,,,,,,,,,,,,,,,,,,,,,,,,,,,,,,,,,,,,,,,,,,,,,,,,,,,,,,,,,,,,,,,Ecotoxicological Information#Aquatic Toxicity,ECOTOX,,Stress-Induced Transcriptional Changes and DNA Damage Associated with Bis(2-ethylhexyl) Adipate Exposure in Zebrafish (Danio rerio) Larvae,NOEC,,,True,No qualifier,Equal,Bull. Environ. Contam. Toxicol.99(3): 308-314,,,,,,Danio rerio,Animalia (animals),Bilateria,Chordata (chordates),Vertebrata (vertebrates),"Actinopterygii (ray-finned fishes,spiny rayed fishes)",Teleostei,Ostariophysi,"Cypriniformes (minnows,suckers)",,"Cyprinidae (carps,minnows,carps and minnows)",Danio,Deuterostomia,Gnathostomata,Increasing,"Boran,H., and S. Terzi",Genetics,2208291,2420023,Active ingredient,Fresh water,,Damage,Multiple types of controls were reported by the author,03/19/2018,A,Static,03/19/2018,,Lab,2017,CONC1/ONLY CONC REPORTED//,Unmeasured,STATS TO V CONTROL,,7.3,None,,,,,,,,,91,percent saturation,Unknown,,,,,,,,,,,,,,,,,,,06/07/2018,Laboratory,Larva,GENE EXPRESSION ASSAY,DECHLORINATED TAP WATER,Bis(2-ethylhexyl) adipate,"CONTR/C,V/",RECEP TAYYIP ERGODAN UNIV.,"SOURCE/RECEP TAYYIP ERGODAN UNIV.//CONTR/C,V//MEDIA/DECHLORINATED TAP WATER//",Cyprinoidea,6,None,99,≥,None,72,,h,Time,,,96,h,Time,1,Dosed x time(s) per study period,Unknown,96,h,Time,27.5,°C,Temperature,,,,Reviewer assigned endpoint,Not significant at all concentrations,P,0.05,<,None,ONLY CONC REPORTED,14.5,None,,,,,,,,,,,,,,,,,,,,,,,,,,,,,,,,,,,,,,,,,,,,,,,,,,,,,,,,,,,,,,,,,,,,,,,,,,,,,,,,,,,,,,,,,,,,,,,,,,,,,,,,,,,96,h,Time,,,25,,mg/L,Mass concentration,,,25,,mg/L,Mass concentration,,
103-23-1,"|bis(2-ethylhexyl)|ester|bis(2-ethylhexyl)adipate|1,6-bis(2-ethylhexyl)|hexanedioic acid, bis(2-ethylhexyl)ester;|bis(2-ethylhexyl)ester|di-2-ethylhexyl adipate|adipate;|di|acid|di(2-ethylhexyl)|bis(2-ethylhexyl)ester;1,6-bis(2-ethylhexyl) hexanedioate;Adipic acid, bis(2-ethylhexyl) ester;ADIPIC ACID, DI (2-ETHYLHEXYL) ESTER;bis(2-ethylhexyl) adipate;bis(2-ethylhexyl) hexanedioate;Bis(2-ethylhexyl)adipate;bis(2-ethylhexyl)ester hexanedioic acid;Di-(2-Ethylhexyl) Adipate;DI-2-ETHYLHEXYL ADIPATE;Di(2-ethylhexyl) adipate;di(2-ethylhexyl) adipate (hexanedioic acid, bis(2-ethylhexyl) ester) (deha);di(2-Ethylhexyl)adipate;dioctyl adipate;Hexanedioic acid, 1,6-bis(2-ethylhexyl) ester;Hexanedioic acid, bis(2-ethylhexyl) ester;hexanedioic acid, bis(2-ethylhexyl)ester;hexanedioic_acid,_bis(2-ethylhexyl)ester;hexanedioic|di(2-ethylhexyl)adipate|di-(2-ethylhexyl)|hexanedioate|(2-ethylhexyl)|di-2-ethylhexyl|acid,|adipic|ester",,,,,,,,,,,,,,,,,,,,,,,,,,,,,,,,,,,,,,,,,,,,,,,,,,,,,,,,,,,,,,,,,,,,,,,,,,,,,,,,,,,,,,,,,,,,,,,,,,,,,,,,,,,,,,,,,,,,,,,,,,,,,,,,Ecotoxicological Information#Aquatic Toxicity,ECOTOX,,Stress-Induced Transcriptional Changes and DNA Damage Associated with Bis(2-ethylhexyl) Adipate Exposure in Zebrafish (Danio rerio) Larvae,NOEC,,,True,No qualifier,Equal,Bull. Environ. Contam. Toxicol.99(3): 308-314,,,,,,Danio rerio,Animalia (animals),Bilateria,Chordata (chordates),Vertebrata (vertebrates),"Actinopterygii (ray-finned fishes,spiny rayed fishes)",Teleostei,Ostariophysi,"Cypriniformes (minnows,suckers)",,"Cyprinidae (carps,minnows,carps and minnows)",Danio,Deuterostomia,Gnathostomata,Increasing,"Boran,H., and S. Terzi",Genetics,2208291,2420018,Active ingredient,Fresh water,,DNA repair protein RAD51 homolog 1 mRNA,Multiple types of controls were reported by the author,03/19/2018,A,Static,03/19/2018,Whole organism,Lab,2017,,Unmeasured,STATS TO V CONTROL,,7.3,None,,,,,,,,,91,percent saturation,Unknown,,,,,,,,,,,,,,,,,,,06/07/2018,Laboratory,Larva,GENE EXPRESSION ASSAY,DECHLORINATED TAP WATER,Bis(2-ethylhexyl) adipate,"CONTR/C,V/",RECEP TAYYIP ERGODAN UNIV.,"SOURCE/RECEP TAYYIP ERGODAN UNIV.//CONTR/C,V//MEDIA/DECHLORINATED TAP WATER//",Cyprinoidea,6,None,99,≥,None,72,,h,Time,,,96,h,Time,1,Dosed x time(s) per study period,Unknown,96,h,Time,27.5,°C,Temperature,,,,Reviewer assigned endpoint,Not significant at all concentrations,P,0.05,<,None,,,,,,,,,,,,,,,,,,,,,,,,,,,,,,,,,,,,,,,,,,,,,,,,,,,,,,,,,,,,,,,,,,,,,,,,,,,,,,,,,,,,,,,,,,,,,,,,,,,,,,,,,,,,,,96,h,Time,,,25,,mg/L,Mass concentration,,,25,,mg/L,Mass concentration,,
103-23-1,"|bis(2-ethylhexyl)|ester|bis(2-ethylhexyl)adipate|1,6-bis(2-ethylhexyl)|hexanedioic acid, bis(2-ethylhexyl)ester;|bis(2-ethylhexyl)ester|di-2-ethylhexyl adipate|adipate;|di|acid|di(2-ethylhexyl)|bis(2-ethylhexyl)ester;1,6-bis(2-ethylhexyl) hexanedioate;Adipic acid, bis(2-ethylhexyl) ester;ADIPIC ACID, DI (2-ETHYLHEXYL) ESTER;bis(2-ethylhexyl) adipate;bis(2-ethylhexyl) hexanedioate;Bis(2-ethylhexyl)adipate;bis(2-ethylhexyl)ester hexanedioic acid;Di-(2-Ethylhexyl) Adipate;DI-2-ETHYLHEXYL ADIPATE;Di(2-ethylhexyl) adipate;di(2-ethylhexyl) adipate (hexanedioic acid, bis(2-ethylhexyl) ester) (deha);di(2-Ethylhexyl)adipate;dioctyl adipate;Hexanedioic acid, 1,6-bis(2-ethylhexyl) ester;Hexanedioic acid, bis(2-ethylhexyl) ester;hexanedioic acid, bis(2-ethylhexyl)ester;hexanedioic_acid,_bis(2-ethylhexyl)ester;hexanedioic|di(2-ethylhexyl)adipate|di-(2-ethylhexyl)|hexanedioate|(2-ethylhexyl)|di-2-ethylhexyl|acid,|adipic|ester",,,,,,,,,,,,,,,,,,,,,,,,,,,,,,,,,,,,,,,,,,,,,,,,,,,,,,,,,,,,,,,,,,,,,,,,,,,,,,,,,,,,,,,,,,,,,,,,,,,,,,,,,,,,,,,,,,,,,,,,,,,,,,,,Ecotoxicological Information#Aquatic Toxicity,ECOTOX,,Stress-Induced Transcriptional Changes and DNA Damage Associated with Bis(2-ethylhexyl) Adipate Exposure in Zebrafish (Danio rerio) Larvae,,,,True,Data in range,Equal,Bull. Environ. Contam. Toxicol.99(3): 308-314,,,,,,Danio rerio,Animalia (animals),Bilateria,Chordata (chordates),Vertebrata (vertebrates),"Actinopterygii (ray-finned fishes,spiny rayed fishes)",Teleostei,Ostariophysi,"Cypriniformes (minnows,suckers)",,"Cyprinidae (carps,minnows,carps and minnows)",Danio,Deuterostomia,Gnathostomata,Increasing,"Boran,H., and S. Terzi",Genetics,2208291,2420022,Active ingredient,Fresh water,,Chromosomal breaks,Multiple types of controls were reported by the author,03/19/2018,A,Static,03/19/2018,,Lab,2017,,Unmeasured,,,7.3,None,,,,,,,,,91,percent saturation,Unknown,,,,,,,,,,,,,,,,,,,06/07/2018,Laboratory,Larva,GENE EXPRESSION ASSAY,DECHLORINATED TAP WATER,Bis(2-ethylhexyl) adipate,"CONTR/C,V/",RECEP TAYYIP ERGODAN UNIV.,"SOURCE/RECEP TAYYIP ERGODAN UNIV.//CONTR/C,V//MEDIA/DECHLORINATED TAP WATER//",Cyprinoidea,6,None,99,≥,None,72,,h,Time,,,96,h,Time,1,Dosed x time(s) per study period,Unknown,96,h,Time,27.5,°C,Temperature,,,,,,,,,,,,,,,,,,,,,,,,,,,,,,,,,,,,,,,,,,,,,,,,,,,,,,,,,,,,,,,,,,,,,,,,,,,,,,,,,,,,,,,,,,,,,,,,,,,,,,,,,,,,,,,,,,,,,,,96,h,Time,,,,,mg/L,Mass concentration,1,25,,,mg/L,Mass concentration,1,25
103-23-1,"|bis(2-ethylhexyl)|ester|bis(2-ethylhexyl)adipate|1,6-bis(2-ethylhexyl)|hexanedioic acid, bis(2-ethylhexyl)ester;|bis(2-ethylhexyl)ester|di-2-ethylhexyl adipate|adipate;|di|acid|di(2-ethylhexyl)|bis(2-ethylhexyl)ester;1,6-bis(2-ethylhexyl) hexanedioate;Adipic acid, bis(2-ethylhexyl) ester;ADIPIC ACID, DI (2-ETHYLHEXYL) ESTER;bis(2-ethylhexyl) adipate;bis(2-ethylhexyl) hexanedioate;Bis(2-ethylhexyl)adipate;bis(2-ethylhexyl)ester hexanedioic acid;Di-(2-Ethylhexyl) Adipate;DI-2-ETHYLHEXYL ADIPATE;Di(2-ethylhexyl) adipate;di(2-ethylhexyl) adipate (hexanedioic acid, bis(2-ethylhexyl) ester) (deha);di(2-Ethylhexyl)adipate;dioctyl adipate;Hexanedioic acid, 1,6-bis(2-ethylhexyl) ester;Hexanedioic acid, bis(2-ethylhexyl) ester;hexanedioic acid, bis(2-ethylhexyl)ester;hexanedioic_acid,_bis(2-ethylhexyl)ester;hexanedioic|di(2-ethylhexyl)adipate|di-(2-ethylhexyl)|hexanedioate|(2-ethylhexyl)|di-2-ethylhexyl|acid,|adipic|ester",,,,,,,,,,,,,,,,,,,,,,,,,,,,,,,,,,,,,,,,,,,,,,,,,,,,,,,,,,,,,,,,,,,,,,,,,,,,,,,,,,,,,,,,,,,,,,,,,,,,,,,,,,,,,,,,,,,,,,,,,,,,,,,,Ecotoxicological Information#Aquatic Toxicity,Aquatic ECETOC,1986,Assessment of the safety of dioctyl adipate in freshwater environments,LOEC,,,True,No qualifier,Equal,Environ Toxicol Chem 5:777,,,,,,Daphnia magna,Animalia (animals),Bilateria,Arthropoda (arthropods),Crustacea (crustaceans),,Branchiopoda (branchiopods),,Diplostraca,Cladocera (water fleas),Daphniidae,Daphnia,Protostomia,,,"Felder JD, Adams WJ, Saeger VW",Growth,,,,,,,,,,,,,,,,,,,,,,,,,,,,,,,,,,,,,,,,,,3348,,,Phyllopoda,Anomopoda,Ecdysozoa,,,,,,,,,,,,,,,,,,,,,,,,,,,,,,,,,,,,,,,,,,,,,,,,Life cycle,Freshwater,1,,,,,,,,,,,,,,,,,,,,,,,,,,,,,,,,,,,,,,,,,,,,,,,,,,,,,,,,,,,,,,,,,,,,,,,,,,,,,,,,,,,,,,,,,,,,,,,,,,,,,,,,504,h,Time,,,0.052000001072883606,,mg/L,Mass concentration,,,0.052000001072883606,,mg/L,Mass concentration,,
103-23-1,"|bis(2-ethylhexyl)|ester|bis(2-ethylhexyl)adipate|1,6-bis(2-ethylhexyl)|hexanedioic acid, bis(2-ethylhexyl)ester;|bis(2-ethylhexyl)ester|di-2-ethylhexyl adipate|adipate;|di|acid|di(2-ethylhexyl)|bis(2-ethylhexyl)ester;1,6-bis(2-ethylhexyl) hexanedioate;Adipic acid, bis(2-ethylhexyl) ester;ADIPIC ACID, DI (2-ETHYLHEXYL) ESTER;bis(2-ethylhexyl) adipate;bis(2-ethylhexyl) hexanedioate;Bis(2-ethylhexyl)adipate;bis(2-ethylhexyl)ester hexanedioic acid;Di-(2-Ethylhexyl) Adipate;DI-2-ETHYLHEXYL ADIPATE;Di(2-ethylhexyl) adipate;di(2-ethylhexyl) adipate (hexanedioic acid, bis(2-ethylhexyl) ester) (deha);di(2-Ethylhexyl)adipate;dioctyl adipate;Hexanedioic acid, 1,6-bis(2-ethylhexyl) ester;Hexanedioic acid, bis(2-ethylhexyl) ester;hexanedioic acid, bis(2-ethylhexyl)ester;hexanedioic_acid,_bis(2-ethylhexyl)ester;hexanedioic|di(2-ethylhexyl)adipate|di-(2-ethylhexyl)|hexanedioate|(2-ethylhexyl)|di-2-ethylhexyl|acid,|adipic|ester",,,,,,,,,,,,,,,,,,,,,,,,,,,,,,,,,,,,,,,,,,,,,,,,,,,,,,,,,,,,,,,,,,,,,,,,,,,,,,,,,,,,,,,,,,,,,,,,,,,,,,,,,,,,,,,,,,,,,,,,,,,,,,,,Ecotoxicological Information#Aquatic Toxicity,ECOTOX,,Assessment of the Safety of Dioctyl Adipate in Freshwater Environments,MATC,,,True,Data in range,Equal,Environ. Toxicol. Chem.5(8): 777-784,,,,,,Daphnia magna,Animalia (animals),Bilateria,Arthropoda (arthropods),Crustacea (crustaceans),,Branchiopoda (branchiopods),,Diplostraca,Cladocera (water fleas),Daphniidae,Daphnia,Protostomia,,Change,"Felder,J.D., W.J. Adams, and V.W. Saeger",Growth,1145672,139091,Active ingredient,Fresh water,Commercial grade,"Growth, general",Insufficient,08/23/1996,A,Flow-through,09/03/1996,,Lab,1986,,Measured,MEAN LENGTH/,ENVIRONMENTAL SAFETY ASSESSMENT,,None,8.1,8.3,,,,250,milligrams per liter Calcium carbonate,Unknown,,mg/L,Mass concentration,6.2,8.6,350,milligrams per liter Calcium carbonate,Unknown,700,micro ohms per centimeter,Unknown,,,,,,Phyllopoda,Anomopoda,Ecdysozoa,,,,,Larva,,,,,,,,,,,,,24,<,h,Time,,,,,,,,,,,,,,,,,,,,,,,,,,,,,,FIRST INSTAR,,,,,,,,,,,,,,,,,,,,,,,,,,,,,,,,,,,,,,,,,,,,,,,,,,,,,,,,,,,,,,,,,,,,,,,,,,,,,,,,,,,,,,,,,,,,,,,,,,,,,,,21,d,Time,,,,,mg/L,Mass concentration,0.024,0.052000000000000005,,,µg/L,Mass concentration,24,52
103-23-1,"|bis(2-ethylhexyl)|ester|bis(2-ethylhexyl)adipate|1,6-bis(2-ethylhexyl)|hexanedioic acid, bis(2-ethylhexyl)ester;|bis(2-ethylhexyl)ester|di-2-ethylhexyl adipate|adipate;|di|acid|di(2-ethylhexyl)|bis(2-ethylhexyl)ester;1,6-bis(2-ethylhexyl) hexanedioate;Adipic acid, bis(2-ethylhexyl) ester;ADIPIC ACID, DI (2-ETHYLHEXYL) ESTER;bis(2-ethylhexyl) adipate;bis(2-ethylhexyl) hexanedioate;Bis(2-ethylhexyl)adipate;bis(2-ethylhexyl)ester hexanedioic acid;Di-(2-Ethylhexyl) Adipate;DI-2-ETHYLHEXYL ADIPATE;Di(2-ethylhexyl) adipate;di(2-ethylhexyl) adipate (hexanedioic acid, bis(2-ethylhexyl) ester) (deha);di(2-Ethylhexyl)adipate;dioctyl adipate;Hexanedioic acid, 1,6-bis(2-ethylhexyl) ester;Hexanedioic acid, bis(2-ethylhexyl) ester;hexanedioic acid, bis(2-ethylhexyl)ester;hexanedioic_acid,_bis(2-ethylhexyl)ester;hexanedioic|di(2-ethylhexyl)adipate|di-(2-ethylhexyl)|hexanedioate|(2-ethylhexyl)|di-2-ethylhexyl|acid,|adipic|ester",,,,,,,,,,,,,,,,,,,,,,,,,,,,,,,,,,,,,,,,,,,,,,,,,,,,,,,,,,,,,,,,,,,,,,,,,,,,,,,,,,,,,,,,,,,,,,,,,,,,,,,,,,,,,,,,,,,,,,,,,,,,,,,,Ecotoxicological Information#Aquatic Toxicity,Aquatic ECETOC,1986,Assessment of the safety of dioctyl adipate in freshwater environments,NOEC,,,True,No qualifier,Equal,Environ Toxicol Chem 5:777,,,,,,Daphnia magna,Animalia (animals),Bilateria,Arthropoda (arthropods),Crustacea (crustaceans),,Branchiopoda (branchiopods),,Diplostraca,Cladocera (water fleas),Daphniidae,Daphnia,Protostomia,,,"Felder JD, Adams WJ, Saeger VW",Growth,,,,,,,,,,,,,,,,,,,,,,,,,,,,,,,,,,,,,,,,,,3345,,,Phyllopoda,Anomopoda,Ecdysozoa,,,,,,,,,,,,,,,,,,,,,,,,,,,,,,,,,,,,,,,,,,,,,,,,Life cycle,Freshwater,1,,,,,,,,,,,,,,,,,,,,,,,,,,,,,,,,,,,,,,,,,,,,,,,,,,,,,,,,,,,,,,,,,,,,,,,,,,,,,,,,,,,,,,,,,,,,,,,,,,,,,,,,504,h,Time,,,0.024000000208616257,,mg/L,Mass concentration,,,0.024000000208616257,,mg/L,Mass concentration,,
103-23-1,"|bis(2-ethylhexyl)|ester|bis(2-ethylhexyl)adipate|1,6-bis(2-ethylhexyl)|hexanedioic acid, bis(2-ethylhexyl)ester;|bis(2-ethylhexyl)ester|di-2-ethylhexyl adipate|adipate;|di|acid|di(2-ethylhexyl)|bis(2-ethylhexyl)ester;1,6-bis(2-ethylhexyl) hexanedioate;Adipic acid, bis(2-ethylhexyl) ester;ADIPIC ACID, DI (2-ETHYLHEXYL) ESTER;bis(2-ethylhexyl) adipate;bis(2-ethylhexyl) hexanedioate;Bis(2-ethylhexyl)adipate;bis(2-ethylhexyl)ester hexanedioic acid;Di-(2-Ethylhexyl) Adipate;DI-2-ETHYLHEXYL ADIPATE;Di(2-ethylhexyl) adipate;di(2-ethylhexyl) adipate (hexanedioic acid, bis(2-ethylhexyl) ester) (deha);di(2-Ethylhexyl)adipate;dioctyl adipate;Hexanedioic acid, 1,6-bis(2-ethylhexyl) ester;Hexanedioic acid, bis(2-ethylhexyl) ester;hexanedioic acid, bis(2-ethylhexyl)ester;hexanedioic_acid,_bis(2-ethylhexyl)ester;hexanedioic|di(2-ethylhexyl)adipate|di-(2-ethylhexyl)|hexanedioate|(2-ethylhexyl)|di-2-ethylhexyl|acid,|adipic|ester",,,,,,,,,,,,,,,,,,,,,,,,,,,,,,,,,,,,,,,,,,,,,,,,,,,,,,,,,,,,,,,,,,,,,,,,,,,,,,,,,,,,,,,,,,,,,,,,,,,,,,,,,,,,,,,,,,,,,,,,,,,,,,,,Ecotoxicological Information#Aquatic Toxicity,Aquatic Japan MoE,1999,,EC50,,OECD TG 201,True,>,Equal,,,,,,,Pseudokirchneriella subcapitata,Plantae (plants),,,,,Chlorophyceae,,,,,,,,,,Growth Rate,,,,,,,,,,,,,,,,,,,,,,,,,,,,,,,,,,,,,,,,,,,Algal growth inhibition test,217,,,,,Chlorophyta (green algae),,,,,,,,,,,,,,,,,,,,,,,,,,,,,,,,,,,,,,,,,,,,,,,,,,,,,,,,,,,,,,,,,,,,,,,,,,,,,,,,,,,,,,,,,,,,,,,,,,,,,,,,,,,,,,,,,,,,,,,,,,,,,,,,,,,,,,,,,,,,,,,,,,,,,,,,72,h,Time,,,50,>,mg/L,Mass concentration,,,50,>,mg/L,Mass concentration,,
103-23-1,"|bis(2-ethylhexyl)|ester|bis(2-ethylhexyl)adipate|1,6-bis(2-ethylhexyl)|hexanedioic acid, bis(2-ethylhexyl)ester;|bis(2-ethylhexyl)ester|di-2-ethylhexyl adipate|adipate;|di|acid|di(2-ethylhexyl)|bis(2-ethylhexyl)ester;1,6-bis(2-ethylhexyl) hexanedioate;Adipic acid, bis(2-ethylhexyl) ester;ADIPIC ACID, DI (2-ETHYLHEXYL) ESTER;bis(2-ethylhexyl) adipate;bis(2-ethylhexyl) hexanedioate;Bis(2-ethylhexyl)adipate;bis(2-ethylhexyl)ester hexanedioic acid;Di-(2-Ethylhexyl) Adipate;DI-2-ETHYLHEXYL ADIPATE;Di(2-ethylhexyl) adipate;di(2-ethylhexyl) adipate (hexanedioic acid, bis(2-ethylhexyl) ester) (deha);di(2-Ethylhexyl)adipate;dioctyl adipate;Hexanedioic acid, 1,6-bis(2-ethylhexyl) ester;Hexanedioic acid, bis(2-ethylhexyl) ester;hexanedioic acid, bis(2-ethylhexyl)ester;hexanedioic_acid,_bis(2-ethylhexyl)ester;hexanedioic|di(2-ethylhexyl)adipate|di-(2-ethylhexyl)|hexanedioate|(2-ethylhexyl)|di-2-ethylhexyl|acid,|adipic|ester",,,,,,,,,,,,,,,,,,,,,,,,,,,,,,,,,,,,,,,,,,,,,,,,,,,,,,,,,,,,,,,,,,,,,,,,,,,,,,,,,,,,,,,,,,,,,,,,,,,,,,,,,,,,,,,,,,,,,,,,,,,,,,,,Ecotoxicological Information#Aquatic Toxicity,Aquatic Japan MoE,1999,,NOEC,,OECD TG 201,True,No qualifier,Equal,,,,,,,Pseudokirchneriella subcapitata,Plantae (plants),,,,,Chlorophyceae,,,,,,,,,,Growth Rate,,,,,,,,,,,,,,,,,,,,,,,,,,,,,,,,,,,,,,,,,,,Algal growth inhibition test,910,,,,,Chlorophyta (green algae),,,,,,,,,,,,,,,,,,,,,,,,,,,,,,,,,,,,,,,,,,,,,,,,,,,,,,,,,,,,,,,,,,,,,,,,,,,,,,,,,,,,,,,,,,,,,,,,,,,,,,,,,,,,,,,,,,,,,,,,,,,,,,,,,,,,,,,,,,,,,,,,,,,,,,,,72,h,Time,,,50,,mg/L,Mass concentration,,,50,,mg/L,Mass concentration,,
103-23-1,"|bis(2-ethylhexyl)|ester|bis(2-ethylhexyl)adipate|1,6-bis(2-ethylhexyl)|hexanedioic acid, bis(2-ethylhexyl)ester;|bis(2-ethylhexyl)ester|di-2-ethylhexyl adipate|adipate;|di|acid|di(2-ethylhexyl)|bis(2-ethylhexyl)ester;1,6-bis(2-ethylhexyl) hexanedioate;Adipic acid, bis(2-ethylhexyl) ester;ADIPIC ACID, DI (2-ETHYLHEXYL) ESTER;bis(2-ethylhexyl) adipate;bis(2-ethylhexyl) hexanedioate;Bis(2-ethylhexyl)adipate;bis(2-ethylhexyl)ester hexanedioic acid;Di-(2-Ethylhexyl) Adipate;DI-2-ETHYLHEXYL ADIPATE;Di(2-ethylhexyl) adipate;di(2-ethylhexyl) adipate (hexanedioic acid, bis(2-ethylhexyl) ester) (deha);di(2-Ethylhexyl)adipate;dioctyl adipate;Hexanedioic acid, 1,6-bis(2-ethylhexyl) ester;Hexanedioic acid, bis(2-ethylhexyl) ester;hexanedioic acid, bis(2-ethylhexyl)ester;hexanedioic_acid,_bis(2-ethylhexyl)ester;hexanedioic|di(2-ethylhexyl)adipate|di-(2-ethylhexyl)|hexanedioate|(2-ethylhexyl)|di-2-ethylhexyl|acid,|adipic|ester",,,,,,,,,,,,,,,,,,,,,,,,,,,,,,,,,,,,,,,,,,,,,,,,,,,,,,,,,,,,,,,,,,,,,,,,,,,,,,,,,,,,,,,,,,,,,,,,,,,,,,,,,,,,,,,,,,,,,,,,,,,,,,,,Ecotoxicological Information#Aquatic Toxicity,Aquatic ECETOC,1986,Assessment of the safety of dioctyl adipate in freshwater environments,EC50,,,True,No qualifier,Equal,Environ Toxicol Chem 5:777,,,,,,Daphnia magna,Animalia (animals),Bilateria,Arthropoda (arthropods),Crustacea (crustaceans),,Branchiopoda (branchiopods),,Diplostraca,Cladocera (water fleas),Daphniidae,Daphnia,Protostomia,,,"Felder JD, Adams WJ, Saeger VW",Mortality,,,,,,,,,,,,,,,,,,,,,,,,,,,,,,,,,,,,,,,,,,3350,,,Phyllopoda,Anomopoda,Ecdysozoa,,,,,,,,,,,,,,,,,,,,,,,,,,,,,,,,,,,,,,,,,,,,,,,,Juvenile,Freshwater,1,,,,,,,,,,,,,,,,,,,,,,,,,,,,,,,,,,,,,,,,,,,,,,,,,,,,,,,,,,,,,,,,,,,,,,,,,,,,,,,,,,,,,,,,,,,,,,,,,,,,,,,,48,h,Time,,,0.6600000262260437,,mg/L,Mass concentration,,,0.6600000262260437,,mg/L,Mass concentration,,
103-23-1,"|bis(2-ethylhexyl)|ester|bis(2-ethylhexyl)adipate|1,6-bis(2-ethylhexyl)|hexanedioic acid, bis(2-ethylhexyl)ester;|bis(2-ethylhexyl)ester|di-2-ethylhexyl adipate|adipate;|di|acid|di(2-ethylhexyl)|bis(2-ethylhexyl)ester;1,6-bis(2-ethylhexyl) hexanedioate;Adipic acid, bis(2-ethylhexyl) ester;ADIPIC ACID, DI (2-ETHYLHEXYL) ESTER;bis(2-ethylhexyl) adipate;bis(2-ethylhexyl) hexanedioate;Bis(2-ethylhexyl)adipate;bis(2-ethylhexyl)ester hexanedioic acid;Di-(2-Ethylhexyl) Adipate;DI-2-ETHYLHEXYL ADIPATE;Di(2-ethylhexyl) adipate;di(2-ethylhexyl) adipate (hexanedioic acid, bis(2-ethylhexyl) ester) (deha);di(2-Ethylhexyl)adipate;dioctyl adipate;Hexanedioic acid, 1,6-bis(2-ethylhexyl) ester;Hexanedioic acid, bis(2-ethylhexyl) ester;hexanedioic acid, bis(2-ethylhexyl)ester;hexanedioic_acid,_bis(2-ethylhexyl)ester;hexanedioic|di(2-ethylhexyl)adipate|di-(2-ethylhexyl)|hexanedioate|(2-ethylhexyl)|di-2-ethylhexyl|acid,|adipic|ester",,,,,,,,,,,,,,,,,,,,,,,,,,,,,,,,,,,,,,,,,,,,,,,,,,,,,,,,,,,,,,,,,,,,,,,,,,,,,,,,,,,,,,,,,,,,,,,,,,,,,,,,,,,,,,,,,,,,,,,,,,,,,,,,Ecotoxicological Information#Aquatic Toxicity,ECOTOX,,Assessment of the Safety of Dioctyl Adipate in Freshwater Environments,LC50,,,True,No qualifier,Equal,Environ. Toxicol. Chem.5(8): 777-784,,,,,,Daphnia magna,Animalia (animals),Bilateria,Arthropoda (arthropods),Crustacea (crustaceans),,Branchiopoda (branchiopods),,Diplostraca,Cladocera (water fleas),Daphniidae,Daphnia,Protostomia,,Increasing,"Felder,J.D., W.J. Adams, and V.W. Saeger",Mortality,1145668,139087,Active ingredient,Fresh water,Commercial grade,Mortality,Insufficient,08/23/1996,A,Static,08/23/1996,,Lab,1986,O EFCT CONT/ASSESSMENT//,Unmeasured,EC50/,"FATE, CHIRONOMUS TENTANS LC50, ENVIRONMENTAL SAFETY",8,None,,,,,,255,milligrams per liter Calcium carbonate,Unknown,9.4,mg/L,Mass concentration,,,368,milligrams per liter Calcium carbonate,Unknown,,,,,,,,,Phyllopoda,Anomopoda,Ecdysozoa,,,,,,,,,,,,,,,,,,,,,,,,,,,1,Dosed x time(s) per study period,Unknown,,,,25,°C,Temperature,,,,,,,,,,,,,,,,,,,,,,,,,,,,,,,,,,,,,,,,,,,,,,,,,,,,,,,,,,,,,,,,,,,,,,,,,,,,,,,,,,,,,,,,,,,,,,,,,,,,,,,,,,,,,,,,,,,,,,,48,h,Time,,,0.66,,mg/L,Mass concentration,0.48,0.85,660,,µg/L,Mass concentration,480,850
103-23-1,"|bis(2-ethylhexyl)|ester|bis(2-ethylhexyl)adipate|1,6-bis(2-ethylhexyl)|hexanedioic acid, bis(2-ethylhexyl)ester;|bis(2-ethylhexyl)ester|di-2-ethylhexyl adipate|adipate;|di|acid|di(2-ethylhexyl)|bis(2-ethylhexyl)ester;1,6-bis(2-ethylhexyl) hexanedioate;Adipic acid, bis(2-ethylhexyl) ester;ADIPIC ACID, DI (2-ETHYLHEXYL) ESTER;bis(2-ethylhexyl) adipate;bis(2-ethylhexyl) hexanedioate;Bis(2-ethylhexyl)adipate;bis(2-ethylhexyl)ester hexanedioic acid;Di-(2-Ethylhexyl) Adipate;DI-2-ETHYLHEXYL ADIPATE;Di(2-ethylhexyl) adipate;di(2-ethylhexyl) adipate (hexanedioic acid, bis(2-ethylhexyl) ester) (deha);di(2-Ethylhexyl)adipate;dioctyl adipate;Hexanedioic acid, 1,6-bis(2-ethylhexyl) ester;Hexanedioic acid, bis(2-ethylhexyl) ester;hexanedioic acid, bis(2-ethylhexyl)ester;hexanedioic_acid,_bis(2-ethylhexyl)ester;hexanedioic|di(2-ethylhexyl)adipate|di-(2-ethylhexyl)|hexanedioate|(2-ethylhexyl)|di-2-ethylhexyl|acid,|adipic|ester",,,,,,,,,,,,,,,,,,,,,,,,,,,,,,,,,,,,,,,,,,,,,,,,,,,,,,,,,,,,,,,,,,,,,,,,,,,,,,,,,,,,,,,,,,,,,,,,,,,,,,,,,,,,,,,,,,,,,,,,,,,,,,,,Ecotoxicological Information#Aquatic Toxicity,ECOTOX,,Stress-Induced Transcriptional Changes and DNA Damage Associated with Bis(2-ethylhexyl) Adipate Exposure in Zebrafish (Danio rerio) Larvae,LC50,,,True,No qualifier,Equal,Bull. Environ. Contam. Toxicol.99(3): 308-314,,,,,,Danio rerio,Animalia (animals),Bilateria,Chordata (chordates),Vertebrata (vertebrates),"Actinopterygii (ray-finned fishes,spiny rayed fishes)",Teleostei,Ostariophysi,"Cypriniformes (minnows,suckers)",,"Cyprinidae (carps,minnows,carps and minnows)",Danio,Deuterostomia,Gnathostomata,Increasing,"Boran,H., and S. Terzi",Mortality,2208290,2420015,Active ingredient,Fresh water,,Mortality,Multiple types of controls were reported by the author,03/19/2018,A,Static,03/19/2018,,Lab,2017,,Measured,,,7.3,None,,,,,,,,,91,percent saturation,Unknown,,,,,,,,,,,,,,,,,,,06/07/2018,Laboratory,Larva,3 REPLICATES,DECHLORINATED TAP WATER,Bis(2-ethylhexyl) adipate,"CONTR/C,V/",RECEP TAYYIP ERGODAN UNIV.,"SOURCE/RECEP TAYYIP ERGODAN UNIV.//CONTR/C,V//MEDIA/DECHLORINATED TAP WATER//",Cyprinoidea,7,None,99,≥,None,72,,h,Time,,,96,h,Time,1,Dosed x time(s) per study period,Unknown,96,h,Time,27.5,°C,Temperature,,,,Publication reported endpoint,,,,,,,,,,,,,,,,,,,,,,,,,,,,,,,,,,,,,,,,,,,,,,,,,,,,,,,,,,,,,,,,,,,,,,,,,,,,,,,,,,,,,,,,,,,,,,,,,,,,,,,,,,,,,,,,,,,96,h,Time,,,89.9000015258789,,mg/L,Mass concentration,,,89.9000015258789,,mg/L,Mass concentration,,
103-23-1,"|bis(2-ethylhexyl)|ester|bis(2-ethylhexyl)adipate|1,6-bis(2-ethylhexyl)|hexanedioic acid, bis(2-ethylhexyl)ester;|bis(2-ethylhexyl)ester|di-2-ethylhexyl adipate|adipate;|di|acid|di(2-ethylhexyl)|bis(2-ethylhexyl)ester;1,6-bis(2-ethylhexyl) hexanedioate;Adipic acid, bis(2-ethylhexyl) ester;ADIPIC ACID, DI (2-ETHYLHEXYL) ESTER;bis(2-ethylhexyl) adipate;bis(2-ethylhexyl) hexanedioate;Bis(2-ethylhexyl)adipate;bis(2-ethylhexyl)ester hexanedioic acid;Di-(2-Ethylhexyl) Adipate;DI-2-ETHYLHEXYL ADIPATE;Di(2-ethylhexyl) adipate;di(2-ethylhexyl) adipate (hexanedioic acid, bis(2-ethylhexyl) ester) (deha);di(2-Ethylhexyl)adipate;dioctyl adipate;Hexanedioic acid, 1,6-bis(2-ethylhexyl) ester;Hexanedioic acid, bis(2-ethylhexyl) ester;hexanedioic acid, bis(2-ethylhexyl)ester;hexanedioic_acid,_bis(2-ethylhexyl)ester;hexanedioic|di(2-ethylhexyl)adipate|di-(2-ethylhexyl)|hexanedioate|(2-ethylhexyl)|di-2-ethylhexyl|acid,|adipic|ester",,,,,,,,,,,,,,,,,,,,,,,,,,,,,,,,,,,,,,,,,,,,,,,,,,,,,,,,,,,,,,,,,,,,,,,,,,,,,,,,,,,,,,,,,,,,,,,,,,,,,,,,,,,,,,,,,,,,,,,,,,,,,,,,Ecotoxicological Information#Aquatic Toxicity,ECOTOX,,Assessment of the Safety of Dioctyl Adipate in Freshwater Environments,LC50,,,True,>,Equal,Environ. Toxicol. Chem.5(8): 777-784,,,,,,Lepomis macrochirus,Animalia (animals),Bilateria,Chordata (chordates),Vertebrata (vertebrates),"Actinopterygii (ray-finned fishes,spiny rayed fishes)",Teleostei,Acanthopterygii,Perciformes (perch-like fishes),Percoidei,Centrarchidae (sunfishes),"Lepomis (common sunfishes,eared sunfishes)",Deuterostomia,Gnathostomata,Increasing,"Felder,J.D., W.J. Adams, and V.W. Saeger",Mortality,1145670,139089,Active ingredient,Fresh water,Commercial grade,Mortality,Insufficient,08/23/1996,A,Static,09/03/1996,,Lab,1986,O EFCT CONT/ASSESSMENT//,Unmeasured,,"FATE, CHIRONOMUS TENTANS LC50, ENVIRONMENTAL SAFETY",,,,,,,,,,,,,,,,,,,,,,,,,,,,,,,,,,,,,,,,,,,,,,,,,,,,,,,,1,Dosed x time(s) per study period,Unknown,,,,,,,,,,,,,,,,,,,,,,,,,,,,,,,,,,,,,,,,,,,,,,,,,,,,,,,,,,,,,,,,,,,,,,,,,,,,,,,,,,,,,,,,,,,,,,,,,,,,,,,,,,,,,,,,,,,,,,,,,,,,,96,h,Time,,,0.78,>,mg/L,Mass concentration,0.48,0.85,780,>,µg/L,Mass concentration,480,850
103-23-1,"|bis(2-ethylhexyl)|ester|bis(2-ethylhexyl)adipate|1,6-bis(2-ethylhexyl)|hexanedioic acid, bis(2-ethylhexyl)ester;|bis(2-ethylhexyl)ester|di-2-ethylhexyl adipate|adipate;|di|acid|di(2-ethylhexyl)|bis(2-ethylhexyl)ester;1,6-bis(2-ethylhexyl) hexanedioate;Adipic acid, bis(2-ethylhexyl) ester;ADIPIC ACID, DI (2-ETHYLHEXYL) ESTER;bis(2-ethylhexyl) adipate;bis(2-ethylhexyl) hexanedioate;Bis(2-ethylhexyl)adipate;bis(2-ethylhexyl)ester hexanedioic acid;Di-(2-Ethylhexyl) Adipate;DI-2-ETHYLHEXYL ADIPATE;Di(2-ethylhexyl) adipate;di(2-ethylhexyl) adipate (hexanedioic acid, bis(2-ethylhexyl) ester) (deha);di(2-Ethylhexyl)adipate;dioctyl adipate;Hexanedioic acid, 1,6-bis(2-ethylhexyl) ester;Hexanedioic acid, bis(2-ethylhexyl) ester;hexanedioic acid, bis(2-ethylhexyl)ester;hexanedioic_acid,_bis(2-ethylhexyl)ester;hexanedioic|di(2-ethylhexyl)adipate|di-(2-ethylhexyl)|hexanedioate|(2-ethylhexyl)|di-2-ethylhexyl|acid,|adipic|ester",,,,,,,,,,,,,,,,,,,,,,,,,,,,,,,,,,,,,,,,,,,,,,,,,,,,,,,,,,,,,,,,,,,,,,,,,,,,,,,,,,,,,,,,,,,,,,,,,,,,,,,,,,,,,,,,,,,,,,,,,,,,,,,,Ecotoxicological Information#Aquatic Toxicity,ECOTOX,,Assessment of the Safety of Dioctyl Adipate in Freshwater Environments,LC50,,,True,>,Equal,Environ. Toxicol. Chem.5(8): 777-784,,,,,,Oncorhynchus mykiss,Animalia (animals),Bilateria,Chordata (chordates),Vertebrata (vertebrates),"Actinopterygii (ray-finned fishes,spiny rayed fishes)",Teleostei,Protacanthopterygii,Salmoniformes (salmons),,"Salmonidae (salmonids,trouts and salmons,salmons,trouts)",Oncorhynchus (Pacific salmon),Deuterostomia,Gnathostomata,Increasing,"Felder,J.D., W.J. Adams, and V.W. Saeger",Mortality,1145671,139090,Active ingredient,Fresh water,Commercial grade,Mortality,Insufficient,08/23/1996,A,Static,09/03/1996,,Lab,1986,O EFCT CONT/ASSESSMENT//,Unmeasured,,"FATE, CHIRONOMUS TENTANS LC50, ENVIRONMENTAL SAFETY",8,None,,,,,,255,milligrams per liter Calcium carbonate,Unknown,9.4,mg/L,Mass concentration,,,368,milligrams per liter Calcium carbonate,Unknown,,,,,,,,,,,,Salmoninae,,,,,,,,,,,,,,,,,,,,,,,,,,1,Dosed x time(s) per study period,Unknown,,,,12,°C,Temperature,,,,,,,,,,,,,,,,,,,,,,,,,,,,,,,,,,,,,,,,,,,,,,,,,,,,,,,,,,,,,,,,,,,,,,,,,,,,,,,,,,,,,,,,,,,,,,,,,,,,,,,,,,,,,,,,,,,,,,,96,h,Time,,,0.78,>,mg/L,Mass concentration,0.48,0.85,780,>,µg/L,Mass concentration,480,850
103-23-1,"|bis(2-ethylhexyl)|ester|bis(2-ethylhexyl)adipate|1,6-bis(2-ethylhexyl)|hexanedioic acid, bis(2-ethylhexyl)ester;|bis(2-ethylhexyl)ester|di-2-ethylhexyl adipate|adipate;|di|acid|di(2-ethylhexyl)|bis(2-ethylhexyl)ester;1,6-bis(2-ethylhexyl) hexanedioate;Adipic acid, bis(2-ethylhexyl) ester;ADIPIC ACID, DI (2-ETHYLHEXYL) ESTER;bis(2-ethylhexyl) adipate;bis(2-ethylhexyl) hexanedioate;Bis(2-ethylhexyl)adipate;bis(2-ethylhexyl)ester hexanedioic acid;Di-(2-Ethylhexyl) Adipate;DI-2-ETHYLHEXYL ADIPATE;Di(2-ethylhexyl) adipate;di(2-ethylhexyl) adipate (hexanedioic acid, bis(2-ethylhexyl) ester) (deha);di(2-Ethylhexyl)adipate;dioctyl adipate;Hexanedioic acid, 1,6-bis(2-ethylhexyl) ester;Hexanedioic acid, bis(2-ethylhexyl) ester;hexanedioic acid, bis(2-ethylhexyl)ester;hexanedioic_acid,_bis(2-ethylhexyl)ester;hexanedioic|di(2-ethylhexyl)adipate|di-(2-ethylhexyl)|hexanedioate|(2-ethylhexyl)|di-2-ethylhexyl|acid,|adipic|ester",,,,,,,,,,,,,,,,,,,,,,,,,,,,,,,,,,,,,,,,,,,,,,,,,,,,,,,,,,,,,,,,,,,,,,,,,,,,,,,,,,,,,,,,,,,,,,,,,,,,,,,,,,,,,,,,,,,,,,,,,,,,,,,,Ecotoxicological Information#Aquatic Toxicity,ECOTOX,,Assessment of the Safety of Dioctyl Adipate in Freshwater Environments,LC50,,,True,>,Equal,Environ. Toxicol. Chem.5(8): 777-784,,,,,,Pimephales promelas,Animalia (animals),Bilateria,Chordata (chordates),Vertebrata (vertebrates),"Actinopterygii (ray-finned fishes,spiny rayed fishes)",Teleostei,Ostariophysi,"Cypriniformes (minnows,suckers)",,"Cyprinidae (carps,minnows,carps and minnows)",Pimephales (bluntnose minnows),Deuterostomia,Gnathostomata,Increasing,"Felder,J.D., W.J. Adams, and V.W. Saeger",Mortality,1145669,139088,Active ingredient,Fresh water,Commercial grade,Mortality,Insufficient,08/23/1996,A,Static,09/03/1996,,Lab,1986,O EFCT CONT/ASSESSMENT//,Unmeasured,,"FATE, CHIRONOMUS TENTANS LC50, ENVIRONMENTAL SAFETY",8,None,,,,,,255,milligrams per liter Calcium carbonate,Unknown,9.4,mg/L,Mass concentration,,,368,milligrams per liter Calcium carbonate,Unknown,,,,,,,,,,,,,,,,,,,,,,,Cyprinoidea,,,,,,,,,,,,,,,1,Dosed x time(s) per study period,Unknown,,,,22,°C,Temperature,,,,,,,,,,,,,,,,,,,,,,,,,,,,,,,,,,,,,,,,,,,,,,,,,,,,,,,,,,,,,,,,,,,,,,,,,,,,,,,,,,,,,,,,,,,,,,,,,,,,,,,,,,,,,,,,,,,,,,,96,h,Time,,,0.78,>,mg/L,Mass concentration,0.48,0.85,780,>,µg/L,Mass concentration,480,850
103-23-1,"|bis(2-ethylhexyl)|ester|bis(2-ethylhexyl)adipate|1,6-bis(2-ethylhexyl)|hexanedioic acid, bis(2-ethylhexyl)ester;|bis(2-ethylhexyl)ester|di-2-ethylhexyl adipate|adipate;|di|acid|di(2-ethylhexyl)|bis(2-ethylhexyl)ester;1,6-bis(2-ethylhexyl) hexanedioate;Adipic acid, bis(2-ethylhexyl) ester;ADIPIC ACID, DI (2-ETHYLHEXYL) ESTER;bis(2-ethylhexyl) adipate;bis(2-ethylhexyl) hexanedioate;Bis(2-ethylhexyl)adipate;bis(2-ethylhexyl)ester hexanedioic acid;Di-(2-Ethylhexyl) Adipate;DI-2-ETHYLHEXYL ADIPATE;Di(2-ethylhexyl) adipate;di(2-ethylhexyl) adipate (hexanedioic acid, bis(2-ethylhexyl) ester) (deha);di(2-Ethylhexyl)adipate;dioctyl adipate;Hexanedioic acid, 1,6-bis(2-ethylhexyl) ester;Hexanedioic acid, bis(2-ethylhexyl) ester;hexanedioic acid, bis(2-ethylhexyl)ester;hexanedioic_acid,_bis(2-ethylhexyl)ester;hexanedioic|di(2-ethylhexyl)adipate|di-(2-ethylhexyl)|hexanedioate|(2-ethylhexyl)|di-2-ethylhexyl|acid,|adipic|ester",,,,,,,,,,,,,,,,,,,,,,,,,,,,,,,,,,,,,,,,,,,,,,,,,,,,,,,,,,,,,,,,,,,,,,,,,,,,,,,,,,,,,,,,,,,,,,,,,,,,,,,,,,,,,,,,,,,,,,,,,,,,,,,,Ecotoxicological Information#Aquatic Toxicity,ECOTOX,,Assessment of the Safety of Dioctyl Adipate in Freshwater Environments,LC50,,,True,>,Equal,Environ. Toxicol. Chem.5(8): 777-784,,,,,,Raphidocelis subcapitata,,,,,,,,,,,,,,Increasing,"Felder,J.D., W.J. Adams, and V.W. Saeger",Mortality,1145667,139086,Active ingredient,Fresh water,Commercial grade,Mortality,Insufficient,08/23/1996,A,Static,08/23/1996,,Lab,1986,O EFCT CONT/ASSESSMENT//,Unmeasured,,"FATE, CHIRONOMUS TENTANS LC50, ENVIRONMENTAL SAFETY",,,,,,,,,,,,,,,,,,,,,,,,,,,,,,,,,,,,,,,,,,,,,,,,,,,,,,,,1,Dosed x time(s) per study period,Unknown,,,,,,,,,,,,,,,,,,,,,,,,,,,,,,,,,,,,,,,,,,,,,,,,,,,,,,,,,,,,,,,,,,,,,,,,,,,,,,,,,,,,,,,,,,,,,,,,,,,,,,,,,,,,,,,,,,,,,,,,,,,,,96,h,Time,,,0.78,>,mg/L,Mass concentration,,,780,>,µg/L,Mass concentration,,
103-23-1,"|bis(2-ethylhexyl)|ester|bis(2-ethylhexyl)adipate|1,6-bis(2-ethylhexyl)|hexanedioic acid, bis(2-ethylhexyl)ester;|bis(2-ethylhexyl)ester|di-2-ethylhexyl adipate|adipate;|di|acid|di(2-ethylhexyl)|bis(2-ethylhexyl)ester;1,6-bis(2-ethylhexyl) hexanedioate;Adipic acid, bis(2-ethylhexyl) ester;ADIPIC ACID, DI (2-ETHYLHEXYL) ESTER;bis(2-ethylhexyl) adipate;bis(2-ethylhexyl) hexanedioate;Bis(2-ethylhexyl)adipate;bis(2-ethylhexyl)ester hexanedioic acid;Di-(2-Ethylhexyl) Adipate;DI-2-ETHYLHEXYL ADIPATE;Di(2-ethylhexyl) adipate;di(2-ethylhexyl) adipate (hexanedioic acid, bis(2-ethylhexyl) ester) (deha);di(2-Ethylhexyl)adipate;dioctyl adipate;Hexanedioic acid, 1,6-bis(2-ethylhexyl) ester;Hexanedioic acid, bis(2-ethylhexyl) ester;hexanedioic acid, bis(2-ethylhexyl)ester;hexanedioic_acid,_bis(2-ethylhexyl)ester;hexanedioic|di(2-ethylhexyl)adipate|di-(2-ethylhexyl)|hexanedioate|(2-ethylhexyl)|di-2-ethylhexyl|acid,|adipic|ester",,,,,,,,,,,,,,,,,,,,,,,,,,,,,,,,,,,,,,,,,,,,,,,,,,,,,,,,,,,,,,,,,,,,,,,,,,,,,,,,,,,,,,,,,,,,,,,,,,,,,,,,,,,,,,,,,,,,,,,,,,,,,,,,Ecotoxicological Information#Aquatic Toxicity,Aquatic ECETOC,1986,Assessment of the safety of dioctyl adipate in freshwater environments,LOEC,,,True,No qualifier,Equal,Environ Toxicol Chem 5:777,,,,,,Daphnia magna,Animalia (animals),Bilateria,Arthropoda (arthropods),Crustacea (crustaceans),,Branchiopoda (branchiopods),,Diplostraca,Cladocera (water fleas),Daphniidae,Daphnia,Protostomia,,,"Felder JD, Adams WJ, Saeger VW",Mortality,,,,,,,,,,,,,,,,,,,,,,,,,,,,,,,,,,,,,,,,,,3347,,,Phyllopoda,Anomopoda,Ecdysozoa,,,,,,,,,,,,,,,,,,,,,,,,,,,,,,,,,,,,,,,,,,,,,,,,Life cycle,Freshwater,1,,,,,,,,,,,,,,,,,,,,,,,,,,,,,,,,,,,,,,,,,,,,,,,,,,,,,,,,,,,,,,,,,,,,,,,,,,,,,,,,,,,,,,,,,,,,,,,,,,,,,,,,504,h,Time,,,0.052000001072883606,,mg/L,Mass concentration,,,0.052000001072883606,,mg/L,Mass concentration,,
103-23-1,"|bis(2-ethylhexyl)|ester|bis(2-ethylhexyl)adipate|1,6-bis(2-ethylhexyl)|hexanedioic acid, bis(2-ethylhexyl)ester;|bis(2-ethylhexyl)ester|di-2-ethylhexyl adipate|adipate;|di|acid|di(2-ethylhexyl)|bis(2-ethylhexyl)ester;1,6-bis(2-ethylhexyl) hexanedioate;Adipic acid, bis(2-ethylhexyl) ester;ADIPIC ACID, DI (2-ETHYLHEXYL) ESTER;bis(2-ethylhexyl) adipate;bis(2-ethylhexyl) hexanedioate;Bis(2-ethylhexyl)adipate;bis(2-ethylhexyl)ester hexanedioic acid;Di-(2-Ethylhexyl) Adipate;DI-2-ETHYLHEXYL ADIPATE;Di(2-ethylhexyl) adipate;di(2-ethylhexyl) adipate (hexanedioic acid, bis(2-ethylhexyl) ester) (deha);di(2-Ethylhexyl)adipate;dioctyl adipate;Hexanedioic acid, 1,6-bis(2-ethylhexyl) ester;Hexanedioic acid, bis(2-ethylhexyl) ester;hexanedioic acid, bis(2-ethylhexyl)ester;hexanedioic_acid,_bis(2-ethylhexyl)ester;hexanedioic|di(2-ethylhexyl)adipate|di-(2-ethylhexyl)|hexanedioate|(2-ethylhexyl)|di-2-ethylhexyl|acid,|adipic|ester",,,,,,,,,,,,,,,,,,,,,,,,,,,,,,,,,,,,,,,,,,,,,,,,,,,,,,,,,,,,,,,,,,,,,,,,,,,,,,,,,,,,,,,,,,,,,,,,,,,,,,,,,,,,,,,,,,,,,,,,,,,,,,,,Ecotoxicological Information#Aquatic Toxicity,ECOTOX,,Assessment of the Safety of Dioctyl Adipate in Freshwater Environments,MATC,,,True,Data in range,Equal,Environ. Toxicol. Chem.5(8): 777-784,,,,,,Daphnia magna,Animalia (animals),Bilateria,Arthropoda (arthropods),Crustacea (crustaceans),,Branchiopoda (branchiopods),,Diplostraca,Cladocera (water fleas),Daphniidae,Daphnia,Protostomia,,Increasing,"Felder,J.D., W.J. Adams, and V.W. Saeger",Mortality,1145673,139092,Active ingredient,Fresh water,Commercial grade,Mortality,Insufficient,08/23/1996,A,Flow-through,08/23/1996,,Lab,1986,,Measured,MEAN LENGTH/,ENVIRONMENTAL SAFETY ASSESSMENT,,None,8.1,8.3,,,,250,milligrams per liter Calcium carbonate,Unknown,,mg/L,Mass concentration,6.2,8.6,350,milligrams per liter Calcium carbonate,Unknown,700,micro ohms per centimeter,Unknown,,,,,,Phyllopoda,Anomopoda,Ecdysozoa,,,,,Larva,,,,,,,,,,,,,24,<,h,Time,,,,,,,,,,,,,,,,,,,,,,,,,,,,,,FIRST INSTAR,,,,,,,,,,,,,,,,,,,,,,,,,,,,,,,,,,,,,,,,,,,,,,,,,,,,,,,,,,,,,,,,,,,,,,,,,,,,,,,,,,,,,,,,,,,,,,,,,,,,,,,21,d,Time,,,,,mg/L,Mass concentration,0.024,0.052000000000000005,,,µg/L,Mass concentration,24,52
103-23-1,"|bis(2-ethylhexyl)|ester|bis(2-ethylhexyl)adipate|1,6-bis(2-ethylhexyl)|hexanedioic acid, bis(2-ethylhexyl)ester;|bis(2-ethylhexyl)ester|di-2-ethylhexyl adipate|adipate;|di|acid|di(2-ethylhexyl)|bis(2-ethylhexyl)ester;1,6-bis(2-ethylhexyl) hexanedioate;Adipic acid, bis(2-ethylhexyl) ester;ADIPIC ACID, DI (2-ETHYLHEXYL) ESTER;bis(2-ethylhexyl) adipate;bis(2-ethylhexyl) hexanedioate;Bis(2-ethylhexyl)adipate;bis(2-ethylhexyl)ester hexanedioic acid;Di-(2-Ethylhexyl) Adipate;DI-2-ETHYLHEXYL ADIPATE;Di(2-ethylhexyl) adipate;di(2-ethylhexyl) adipate (hexanedioic acid, bis(2-ethylhexyl) ester) (deha);di(2-Ethylhexyl)adipate;dioctyl adipate;Hexanedioic acid, 1,6-bis(2-ethylhexyl) ester;Hexanedioic acid, bis(2-ethylhexyl) ester;hexanedioic acid, bis(2-ethylhexyl)ester;hexanedioic_acid,_bis(2-ethylhexyl)ester;hexanedioic|di(2-ethylhexyl)adipate|di-(2-ethylhexyl)|hexanedioate|(2-ethylhexyl)|di-2-ethylhexyl|acid,|adipic|ester",,,,,,,,,,,,,,,,,,,,,,,,,,,,,,,,,,,,,,,,,,,,,,,,,,,,,,,,,,,,,,,,,,,,,,,,,,,,,,,,,,,,,,,,,,,,,,,,,,,,,,,,,,,,,,,,,,,,,,,,,,,,,,,,Ecotoxicological Information#Aquatic Toxicity,Aquatic ECETOC,1986,Assessment of the safety of dioctyl adipate in freshwater environments,NOEC,,,True,No qualifier,Equal,Environ Toxicol Chem 5:777,,,,,,Daphnia magna,Animalia (animals),Bilateria,Arthropoda (arthropods),Crustacea (crustaceans),,Branchiopoda (branchiopods),,Diplostraca,Cladocera (water fleas),Daphniidae,Daphnia,Protostomia,,,"Felder JD, Adams WJ, Saeger VW",Mortality,,,,,,,,,,,,,,,,,,,,,,,,,,,,,,,,,,,,,,,,,,3344,,,Phyllopoda,Anomopoda,Ecdysozoa,,,,,,,,,,,,,,,,,,,,,,,,,,,,,,,,,,,,,,,,,,,,,,,,Life cycle,Freshwater,1,,,,,,,,,,,,,,,,,,,,,,,,,,,,,,,,,,,,,,,,,,,,,,,,,,,,,,,,,,,,,,,,,,,,,,,,,,,,,,,,,,,,,,,,,,,,,,,,,,,,,,,,504,h,Time,,,0.024000000208616257,,mg/L,Mass concentration,,,0.024000000208616257,,mg/L,Mass concentration,,
103-23-1,"|bis(2-ethylhexyl)|ester|bis(2-ethylhexyl)adipate|1,6-bis(2-ethylhexyl)|hexanedioic acid, bis(2-ethylhexyl)ester;|bis(2-ethylhexyl)ester|di-2-ethylhexyl adipate|adipate;|di|acid|di(2-ethylhexyl)|bis(2-ethylhexyl)ester;1,6-bis(2-ethylhexyl) hexanedioate;Adipic acid, bis(2-ethylhexyl) ester;ADIPIC ACID, DI (2-ETHYLHEXYL) ESTER;bis(2-ethylhexyl) adipate;bis(2-ethylhexyl) hexanedioate;Bis(2-ethylhexyl)adipate;bis(2-ethylhexyl)ester hexanedioic acid;Di-(2-Ethylhexyl) Adipate;DI-2-ETHYLHEXYL ADIPATE;Di(2-ethylhexyl) adipate;di(2-ethylhexyl) adipate (hexanedioic acid, bis(2-ethylhexyl) ester) (deha);di(2-Ethylhexyl)adipate;dioctyl adipate;Hexanedioic acid, 1,6-bis(2-ethylhexyl) ester;Hexanedioic acid, bis(2-ethylhexyl) ester;hexanedioic acid, bis(2-ethylhexyl)ester;hexanedioic_acid,_bis(2-ethylhexyl)ester;hexanedioic|di(2-ethylhexyl)adipate|di-(2-ethylhexyl)|hexanedioate|(2-ethylhexyl)|di-2-ethylhexyl|acid,|adipic|ester",,,,,,,,,,,,,,,,,,,,,,,,,,,,,,,,,,,,,,,,,,,,,,,,,,,,,,,,,,,,,,,,,,,,,,,,,,,,,,,,,,,,,,,,,,,,,,,,,,,,,,,,,,,,,,,,,,,,,,,,,,,,,,,,Ecotoxicological Information#Aquatic Toxicity,ECOTOX,,"Characteristics of 3,5,3'-Triiodothyronine (T3)-Uptake System of Tadpole Red Blood Cells: Effect of Endocrine-Disrupting Chemicals on Cellular T3 Response",NOEC,,,True,No qualifier,Equal,J. Endocrinol.183(3): 627-637,,,,,,Rana catesbeiana,,,,,,,,,,,,,,Increasing,"Shimada,N., and K. Yamauchi",Physiology,2225284,2474320,Formulation,Culture,,Triiodothyronine uptake,Carrier or solvent,08/20/2019,A,In Vitro,08/20/2019,Erythrocyte,Lab,2004,CONC1/ONLY CONC TESTED//,Unmeasured,,,,,,,,,,,,,,,,,,,,,,,,,,,,,,,,,,09/12/2019,Wild,Not intact,"3 REPLICATES, UPTAKE WAS INITIATED BY MIXING THE RBC SUSPENSION WITH [125I]T3 SOLUTION AT THE SAME TEMPERATURE, ADJUSTING THE FINAL CONCENTRATION OF [125I]T3 TO 0?1 NM IN THE PRESENCE OR ABSENCE OF 5 UM UNLABELED T3",LEIBOVITZ?S L-15 MEDIUM,Bis(2-ethylhexyl) adipate,,"FROM PONDS IN SAITAMA PREFECTURE AND SHIZUOKA PREFECTURE, JAPAN","SOURCE/FROM PONDS IN SAITAMA PREFECTURE AND SHIZUOKA PREFECTURE, JAPAN//MEDIA/LEIBOVITZ?S L-15 MEDIUM//",,2,None,,,,,,,,,,2,min,Time,1,Dosed x time(s) per study period,Unknown,2,min,Time,23,°C,Temperature,,,,Reviewer assigned endpoint,Not significant at all concentrations,P,0.05,<,None,ONLY CONC TESTED,,,,,,"RED BLOOD CELLS, 1E+6 CELLS/ML",,,,,,,,,,,,,,,,,,,,,,,,,,,,,,,,,,,,,,,,,,,,,,,,,,,,,,,,,,,,,,,,,,,,,,,,,,,,,,,,,,,,,,,,,,,,,,,,,,,,,,,2,min,Time,,,2.964427839999999,,mg/L,Mass concentration,,,8,,µM,Molar concentration,,
103-23-1,"|bis(2-ethylhexyl)|ester|bis(2-ethylhexyl)adipate|1,6-bis(2-ethylhexyl)|hexanedioic acid, bis(2-ethylhexyl)ester;|bis(2-ethylhexyl)ester|di-2-ethylhexyl adipate|adipate;|di|acid|di(2-ethylhexyl)|bis(2-ethylhexyl)ester;1,6-bis(2-ethylhexyl) hexanedioate;Adipic acid, bis(2-ethylhexyl) ester;ADIPIC ACID, DI (2-ETHYLHEXYL) ESTER;bis(2-ethylhexyl) adipate;bis(2-ethylhexyl) hexanedioate;Bis(2-ethylhexyl)adipate;bis(2-ethylhexyl)ester hexanedioic acid;Di-(2-Ethylhexyl) Adipate;DI-2-ETHYLHEXYL ADIPATE;Di(2-ethylhexyl) adipate;di(2-ethylhexyl) adipate (hexanedioic acid, bis(2-ethylhexyl) ester) (deha);di(2-Ethylhexyl)adipate;dioctyl adipate;Hexanedioic acid, 1,6-bis(2-ethylhexyl) ester;Hexanedioic acid, bis(2-ethylhexyl) ester;hexanedioic acid, bis(2-ethylhexyl)ester;hexanedioic_acid,_bis(2-ethylhexyl)ester;hexanedioic|di(2-ethylhexyl)adipate|di-(2-ethylhexyl)|hexanedioate|(2-ethylhexyl)|di-2-ethylhexyl|acid,|adipic|ester",,,,,,,,,,,,,,,,,,,,,,,,,,,,,,,,,,,,,,,,,,,,,,,,,,,,,,,,,,,,,,,,,,,,,,,,,,,,,,,,,,,,,,,,,,,,,,,,,,,,,,,,,,,,,,,,,,,,,,,,,,,,,,,,Ecotoxicological Information#Aquatic Toxicity,Aquatic ECETOC,1986,Assessment of the safety of dioctyl adipate in freshwater environments,LOEC,,,True,No qualifier,Equal,Environ Toxicol Chem 5:777,,,,,,Daphnia magna,Animalia (animals),Bilateria,Arthropoda (arthropods),Crustacea (crustaceans),,Branchiopoda (branchiopods),,Diplostraca,Cladocera (water fleas),Daphniidae,Daphnia,Protostomia,,,"Felder JD, Adams WJ, Saeger VW",Reproduction,,,,,,,,,,,,,,,,,,,,,,,,,,,,,,,,,,,,,,,,,,3349,,,Phyllopoda,Anomopoda,Ecdysozoa,,,,,,,,,,,,,,,,,,,,,,,,,,,,,,,,,,,,,,,,,,,,,,,,Life cycle,Freshwater,1,,,,,,,,,,,,,,,,,,,,,,,,,,,,,,,,,,,,,,,,,,,,,,,,,,,,,,,,,,,,,,,,,,,,,,,,,,,,,,,,,,,,,,,,,,,,,,,,,,,,,,,,504,h,Time,,,0.052000001072883606,,mg/L,Mass concentration,,,0.052000001072883606,,mg/L,Mass concentration,,
103-23-1,"|bis(2-ethylhexyl)|ester|bis(2-ethylhexyl)adipate|1,6-bis(2-ethylhexyl)|hexanedioic acid, bis(2-ethylhexyl)ester;|bis(2-ethylhexyl)ester|di-2-ethylhexyl adipate|adipate;|di|acid|di(2-ethylhexyl)|bis(2-ethylhexyl)ester;1,6-bis(2-ethylhexyl) hexanedioate;Adipic acid, bis(2-ethylhexyl) ester;ADIPIC ACID, DI (2-ETHYLHEXYL) ESTER;bis(2-ethylhexyl) adipate;bis(2-ethylhexyl) hexanedioate;Bis(2-ethylhexyl)adipate;bis(2-ethylhexyl)ester hexanedioic acid;Di-(2-Ethylhexyl) Adipate;DI-2-ETHYLHEXYL ADIPATE;Di(2-ethylhexyl) adipate;di(2-ethylhexyl) adipate (hexanedioic acid, bis(2-ethylhexyl) ester) (deha);di(2-Ethylhexyl)adipate;dioctyl adipate;Hexanedioic acid, 1,6-bis(2-ethylhexyl) ester;Hexanedioic acid, bis(2-ethylhexyl) ester;hexanedioic acid, bis(2-ethylhexyl)ester;hexanedioic_acid,_bis(2-ethylhexyl)ester;hexanedioic|di(2-ethylhexyl)adipate|di-(2-ethylhexyl)|hexanedioate|(2-ethylhexyl)|di-2-ethylhexyl|acid,|adipic|ester",,,,,,,,,,,,,,,,,,,,,,,,,,,,,,,,,,,,,,,,,,,,,,,,,,,,,,,,,,,,,,,,,,,,,,,,,,,,,,,,,,,,,,,,,,,,,,,,,,,,,,,,,,,,,,,,,,,,,,,,,,,,,,,,Ecotoxicological Information#Aquatic Toxicity,ECOTOX,,Assessment of the Safety of Dioctyl Adipate in Freshwater Environments,MATC,,,True,Data in range,Equal,Environ. Toxicol. Chem.5(8): 777-784,,,,,,Daphnia magna,Animalia (animals),Bilateria,Arthropoda (arthropods),Crustacea (crustaceans),,Branchiopoda (branchiopods),,Diplostraca,Cladocera (water fleas),Daphniidae,Daphnia,Protostomia,,Change,"Felder,J.D., W.J. Adams, and V.W. Saeger",Reproduction,1145674,139093,Active ingredient,Fresh water,Commercial grade,"Reproduction, general",Insufficient,08/23/1996,A,Flow-through,08/23/1996,,Lab,1986,,Measured,YOUNG/ADULT/REPRODUCTION DAY/,ENVIRONMENTAL SAFETY ASSESSMENT,,None,8.1,8.3,,,,250,milligrams per liter Calcium carbonate,Unknown,,mg/L,Mass concentration,6.2,8.6,350,milligrams per liter Calcium carbonate,Unknown,700,micro ohms per centimeter,Unknown,,,,,,Phyllopoda,Anomopoda,Ecdysozoa,,,,,Larva,,,,,,,,,,,,,24,<,h,Time,,,,,,,,,,,,,,,,,,,,,,,,,,,,,,FIRST INSTAR,,,,,,,,,,,,,,,,,,,,,,,,,,,,,,,,,,,,,,,,,,,,,,,,,,,,,,,,,,,,,,,,,,,,,,,,,,,,,,,,,,,,,,,,,,,,,,,,,,,,,,,21,d,Time,,,,,mg/L,Mass concentration,0.024,0.052000000000000005,,,µg/L,Mass concentration,24,52
103-23-1,"|bis(2-ethylhexyl)|ester|bis(2-ethylhexyl)adipate|1,6-bis(2-ethylhexyl)|hexanedioic acid, bis(2-ethylhexyl)ester;|bis(2-ethylhexyl)ester|di-2-ethylhexyl adipate|adipate;|di|acid|di(2-ethylhexyl)|bis(2-ethylhexyl)ester;1,6-bis(2-ethylhexyl) hexanedioate;Adipic acid, bis(2-ethylhexyl) ester;ADIPIC ACID, DI (2-ETHYLHEXYL) ESTER;bis(2-ethylhexyl) adipate;bis(2-ethylhexyl) hexanedioate;Bis(2-ethylhexyl)adipate;bis(2-ethylhexyl)ester hexanedioic acid;Di-(2-Ethylhexyl) Adipate;DI-2-ETHYLHEXYL ADIPATE;Di(2-ethylhexyl) adipate;di(2-ethylhexyl) adipate (hexanedioic acid, bis(2-ethylhexyl) ester) (deha);di(2-Ethylhexyl)adipate;dioctyl adipate;Hexanedioic acid, 1,6-bis(2-ethylhexyl) ester;Hexanedioic acid, bis(2-ethylhexyl) ester;hexanedioic acid, bis(2-ethylhexyl)ester;hexanedioic_acid,_bis(2-ethylhexyl)ester;hexanedioic|di(2-ethylhexyl)adipate|di-(2-ethylhexyl)|hexanedioate|(2-ethylhexyl)|di-2-ethylhexyl|acid,|adipic|ester",,,,,,,,,,,,,,,,,,,,,,,,,,,,,,,,,,,,,,,,,,,,,,,,,,,,,,,,,,,,,,,,,,,,,,,,,,,,,,,,,,,,,,,,,,,,,,,,,,,,,,,,,,,,,,,,,,,,,,,,,,,,,,,,Ecotoxicological Information#Aquatic Toxicity,Aquatic ECETOC,1986,Assessment of the safety of dioctyl adipate in freshwater environments,NOEC,,,True,No qualifier,Equal,Environ Toxicol Chem 5:777,,,,,,Daphnia magna,Animalia (animals),Bilateria,Arthropoda (arthropods),Crustacea (crustaceans),,Branchiopoda (branchiopods),,Diplostraca,Cladocera (water fleas),Daphniidae,Daphnia,Protostomia,,,"Felder JD, Adams WJ, Saeger VW",Reproduction,,,,,,,,,,,,,,,,,,,,,,,,,,,,,,,,,,,,,,,,,,3346,,,Phyllopoda,Anomopoda,Ecdysozoa,,,,,,,,,,,,,,,,,,,,,,,,,,,,,,,,,,,,,,,,,,,,,,,,Life cycle,Freshwater,1,,,,,,,,,,,,,,,,,,,,,,,,,,,,,,,,,,,,,,,,,,,,,,,,,,,,,,,,,,,,,,,,,,,,,,,,,,,,,,,,,,,,,,,,,,,,,,,,,,,,,,,,504,h,Time,,,0.024000000208616257,,mg/L,Mass concentration,,,0.024000000208616257,,mg/L,Mass concentration,,
103-23-1,"|bis(2-ethylhexyl)|ester|bis(2-ethylhexyl)adipate|1,6-bis(2-ethylhexyl)|hexanedioic acid, bis(2-ethylhexyl)ester;|bis(2-ethylhexyl)ester|di-2-ethylhexyl adipate|adipate;|di|acid|di(2-ethylhexyl)|bis(2-ethylhexyl)ester;1,6-bis(2-ethylhexyl) hexanedioate;Adipic acid, bis(2-ethylhexyl) ester;ADIPIC ACID, DI (2-ETHYLHEXYL) ESTER;bis(2-ethylhexyl) adipate;bis(2-ethylhexyl) hexanedioate;Bis(2-ethylhexyl)adipate;bis(2-ethylhexyl)ester hexanedioic acid;Di-(2-Ethylhexyl) Adipate;DI-2-ETHYLHEXYL ADIPATE;Di(2-ethylhexyl) adipate;di(2-ethylhexyl) adipate (hexanedioic acid, bis(2-ethylhexyl) ester) (deha);di(2-Ethylhexyl)adipate;dioctyl adipate;Hexanedioic acid, 1,6-bis(2-ethylhexyl) ester;Hexanedioic acid, bis(2-ethylhexyl) ester;hexanedioic acid, bis(2-ethylhexyl)ester;hexanedioic_acid,_bis(2-ethylhexyl)ester;hexanedioic|di(2-ethylhexyl)adipate|di-(2-ethylhexyl)|hexanedioate|(2-ethylhexyl)|di-2-ethylhexyl|acid,|adipic|ester",,,,,,,,,,,,,,,,,,,,,,,,,,,,,,,,,,,,,,,,,,,,,,,,,,,,,,,,,,,,,,,,,,,,,,,,,,,,,,,,,,,,,,,,,,,,,,,,,,,,,,,,,,,,,,,,,,,,,,,,,,,,,,,,Ecotoxicological Information#Terrestrial Toxicity,ECOTOX,,Chemical Mutagenesis Testing in Drosophila. V. Results of 53 Coded Compounds Tested for the National Toxicology Program,,,,True,No qualifier,Equal,Environ. Mutagen.7:677-702,,,,,,Drosophila melanogaster,Animalia (animals),Bilateria,Arthropoda (arthropods),Hexapoda (hexapods),,Insecta (insects),Holometabola,"Diptera (gnats,mosquitoes,true flies)","Brachycera (circular-seamed flies,muscoid flies,short-horned flies)",Drosophilidae,Drosophila,Protostomia,,,"Woodruff,R.C., J.M. Mason, R. Valencia, and S. Zimmering",Reproduction,2159589,2308078,Active ingredient,No substrate,,Sterility,Carrier or solvent,11/09/2015,T,"Injection, unspecified",11/09/2015,,Lab,1985,CONC1/ONLY CONC TESTED//,Unmeasured,,"RECIPROCAL TRANSLOCATION STUDY, BIOLOGICAL TOXICANT",,,,,,,,,,,,,,,,,,,,,,,,,,,Pterygota (winged insects),Muscomorpha,Ecdysozoa,Drosophilinae,,03/15/2016,,Adult,"MALES WERE INJECTED AND ALLOWED TO RECOVER 24-48 H BEFORE MATING WITH 3 NEW FEMALES FOR EACH OF 3 BROODS, STUDY CONDUCTED AT UNIVERSITY OF WISCONSIN, MADISON",,Di(2-ethylhexyl)adipate,,,,,2,None,97.6,,None,,,d,Time,1,3,1,Brood or litter,Unknown,1,Dosed x time(s) per study period,Unknown,1,Brood or litter,Unknown,,°C,Temperature,23,25,,,,,,,,ONLY CONC TESTED,0,None,,,,CANTON-S GENOTYPE,"Neoptera (modern, wing-folding insects)",,,,,,,,,,,,,,,,,,,,,,,,,,,,,,,,,,,,,,,,,,,,,,,,,,,,,,,,,,,,,,,,,,,,,,,,,,,,,,,,,,,,,,,,,,,,,,,,,,,,,,1,Brood or litter,Unknown,,,5000,,ppm,Ratio,,,5000,,ppm,Ratio,,
103-23-1,"|bis(2-ethylhexyl)|ester|bis(2-ethylhexyl)adipate|1,6-bis(2-ethylhexyl)|hexanedioic acid, bis(2-ethylhexyl)ester;|bis(2-ethylhexyl)ester|di-2-ethylhexyl adipate|adipate;|di|acid|di(2-ethylhexyl)|bis(2-ethylhexyl)ester;1,6-bis(2-ethylhexyl) hexanedioate;Adipic acid, bis(2-ethylhexyl) ester;ADIPIC ACID, DI (2-ETHYLHEXYL) ESTER;bis(2-ethylhexyl) adipate;bis(2-ethylhexyl) hexanedioate;Bis(2-ethylhexyl)adipate;bis(2-ethylhexyl)ester hexanedioic acid;Di-(2-Ethylhexyl) Adipate;DI-2-ETHYLHEXYL ADIPATE;Di(2-ethylhexyl) adipate;di(2-ethylhexyl) adipate (hexanedioic acid, bis(2-ethylhexyl) ester) (deha);di(2-Ethylhexyl)adipate;dioctyl adipate;Hexanedioic acid, 1,6-bis(2-ethylhexyl) ester;Hexanedioic acid, bis(2-ethylhexyl) ester;hexanedioic acid, bis(2-ethylhexyl)ester;hexanedioic_acid,_bis(2-ethylhexyl)ester;hexanedioic|di(2-ethylhexyl)adipate|di-(2-ethylhexyl)|hexanedioate|(2-ethylhexyl)|di-2-ethylhexyl|acid,|adipic|ester",,,,,,,,,,,,,,,,,,,,,,,,,,,,,,,,,,,,,,,,,,,,,,,,,,,,,,,,,,,,,,,,,,,,,,,,,,,,,,,,,,,,,,,,,,,,,,,,,,,,,,,,,,,,,,,,,,,,,,,,,,,,,,,,Ecotoxicological Information#Terrestrial Toxicity,ECOTOX,,Chemical Mutagenesis Testing in Drosophila. V. Results of 53 Coded Compounds Tested for the National Toxicology Program,,,,True,No qualifier,Equal,Environ. Mutagen.7:677-702,,,,,,Drosophila melanogaster,Animalia (animals),Bilateria,Arthropoda (arthropods),Hexapoda (hexapods),,Insecta (insects),Holometabola,"Diptera (gnats,mosquitoes,true flies)","Brachycera (circular-seamed flies,muscoid flies,short-horned flies)",Drosophilidae,Drosophila,Protostomia,,No effect,"Woodruff,R.C., J.M. Mason, R. Valencia, and S. Zimmering",Genetics,2159590,2308089,Active ingredient,No substrate,,Mutation,Carrier or solvent,11/09/2015,T,"Environmental, unspecified",11/09/2015,,Lab,1985,CONC1/ONLY CONC TESTED//,Unmeasured,"RECESSIVE LETHAL MUTATION, FEMALE 3","RECIPROCAL TRANSLOCATION STUDY, BIOLOGICAL TOXICANT",,,,,,,,,,,,,,,,,,,,,,,,,,,Pterygota (winged insects),Muscomorpha,Ecdysozoa,Drosophilinae,,03/15/2016,,Adult,"MALES WERE EXPOSED TO A GLASS FIBER DISK SOAKED WITH SOLUTION FOR 3 DAYS AND MATED WITH 3 NEW FEMALES FOR EACH OF 3 BROODS IMMEDIATELY AFTER TREATMENT, STUDY CONDUCTED AT UNIVERSITY OF WISCONSIN, MADISON",,Di(2-ethylhexyl)adipate,,,,,2,None,97.6,,None,1,,d,Time,,,1,Brood or litter,Unknown,,,,3,d,Time,,°C,Temperature,23,25,,,,,,,,ONLY CONC TESTED,,,,,,CANTON-S GENOTYPE,"Neoptera (modern, wing-folding insects)",,,,,,,,,,,,,,,,,,,,,,,,,,,,,,,,,,,,,,,,,,,,,,,,,,,,,,,,,,,,,,,,,,,,,,,,,,,,,,,,,,,,,,,,,,,,,,,,,,,,,,1,Brood or litter,Unknown,,,20000,,ppm,Ratio,,,20000,,ppm,Ratio,,
103-23-1,"|bis(2-ethylhexyl)|ester|bis(2-ethylhexyl)adipate|1,6-bis(2-ethylhexyl)|hexanedioic acid, bis(2-ethylhexyl)ester;|bis(2-ethylhexyl)ester|di-2-ethylhexyl adipate|adipate;|di|acid|di(2-ethylhexyl)|bis(2-ethylhexyl)ester;1,6-bis(2-ethylhexyl) hexanedioate;Adipic acid, bis(2-ethylhexyl) ester;ADIPIC ACID, DI (2-ETHYLHEXYL) ESTER;bis(2-ethylhexyl) adipate;bis(2-ethylhexyl) hexanedioate;Bis(2-ethylhexyl)adipate;bis(2-ethylhexyl)ester hexanedioic acid;Di-(2-Ethylhexyl) Adipate;DI-2-ETHYLHEXYL ADIPATE;Di(2-ethylhexyl) adipate;di(2-ethylhexyl) adipate (hexanedioic acid, bis(2-ethylhexyl) ester) (deha);di(2-Ethylhexyl)adipate;dioctyl adipate;Hexanedioic acid, 1,6-bis(2-ethylhexyl) ester;Hexanedioic acid, bis(2-ethylhexyl) ester;hexanedioic acid, bis(2-ethylhexyl)ester;hexanedioic_acid,_bis(2-ethylhexyl)ester;hexanedioic|di(2-ethylhexyl)adipate|di-(2-ethylhexyl)|hexanedioate|(2-ethylhexyl)|di-2-ethylhexyl|acid,|adipic|ester",,,,,,,,,,,,,,,,,,,,,,,,,,,,,,,,,,,,,,,,,,,,,,,,,,,,,,,,,,,,,,,,,,,,,,,,,,,,,,,,,,,,,,,,,,,,,,,,,,,,,,,,,,,,,,,,,,,,,,,,,,,,,,,,Ecotoxicological Information#Terrestrial Toxicity,ECOTOX,,Chemical Mutagenesis Testing in Drosophila. V. Results of 53 Coded Compounds Tested for the National Toxicology Program,,,,True,No qualifier,Equal,Environ. Mutagen.7:677-702,,,,,,Drosophila melanogaster,Animalia (animals),Bilateria,Arthropoda (arthropods),Hexapoda (hexapods),,Insecta (insects),Holometabola,"Diptera (gnats,mosquitoes,true flies)","Brachycera (circular-seamed flies,muscoid flies,short-horned flies)",Drosophilidae,Drosophila,Protostomia,,No effect,"Woodruff,R.C., J.M. Mason, R. Valencia, and S. Zimmering",Genetics,2159589,2308081,Active ingredient,No substrate,,Mutation,Carrier or solvent,11/09/2015,T,"Injection, unspecified",11/09/2015,,Lab,1985,CONC1/ONLY CONC TESTED//,Unmeasured,"RECESSIVE LETHAL MUTATION, FEMALE 3","RECIPROCAL TRANSLOCATION STUDY, BIOLOGICAL TOXICANT",,,,,,,,,,,,,,,,,,,,,,,,,,,Pterygota (winged insects),Muscomorpha,Ecdysozoa,Drosophilinae,,03/15/2016,,Adult,"MALES WERE INJECTED AND ALLOWED TO RECOVER 24-48 H BEFORE MATING WITH 3 NEW FEMALES FOR EACH OF 3 BROODS, STUDY CONDUCTED AT UNIVERSITY OF WISCONSIN, MADISON",,Di(2-ethylhexyl)adipate,,,,,2,None,97.6,,None,,,d,Time,1,3,1,Brood or litter,Unknown,1,Dosed x time(s) per study period,Unknown,1,Brood or litter,Unknown,,°C,Temperature,23,25,,,,,,,,ONLY CONC TESTED,,,,,,CANTON-S GENOTYPE,"Neoptera (modern, wing-folding insects)",,,,,,,,,,,,,,,,,,,,,,,,,,,,,,,,,,,,,,,,,,,,,,,,,,,,,,,,,,,,,,,,,,,,,,,,,,,,,,,,,,,,,,,,,,,,,,,,,,,,,,1,Brood or litter,Unknown,,,5000,,ppm,Ratio,,,5000,,ppm,Ratio,,
103-23-1,"|bis(2-ethylhexyl)|ester|bis(2-ethylhexyl)adipate|1,6-bis(2-ethylhexyl)|hexanedioic acid, bis(2-ethylhexyl)ester;|bis(2-ethylhexyl)ester|di-2-ethylhexyl adipate|adipate;|di|acid|di(2-ethylhexyl)|bis(2-ethylhexyl)ester;1,6-bis(2-ethylhexyl) hexanedioate;Adipic acid, bis(2-ethylhexyl) ester;ADIPIC ACID, DI (2-ETHYLHEXYL) ESTER;bis(2-ethylhexyl) adipate;bis(2-ethylhexyl) hexanedioate;Bis(2-ethylhexyl)adipate;bis(2-ethylhexyl)ester hexanedioic acid;Di-(2-Ethylhexyl) Adipate;DI-2-ETHYLHEXYL ADIPATE;Di(2-ethylhexyl) adipate;di(2-ethylhexyl) adipate (hexanedioic acid, bis(2-ethylhexyl) ester) (deha);di(2-Ethylhexyl)adipate;dioctyl adipate;Hexanedioic acid, 1,6-bis(2-ethylhexyl) ester;Hexanedioic acid, bis(2-ethylhexyl) ester;hexanedioic acid, bis(2-ethylhexyl)ester;hexanedioic_acid,_bis(2-ethylhexyl)ester;hexanedioic|di(2-ethylhexyl)adipate|di-(2-ethylhexyl)|hexanedioate|(2-ethylhexyl)|di-2-ethylhexyl|acid,|adipic|ester",,,,,,,,,,,,,,,,,,,,,,,,,,,,,,,,,,,,,,,,,,,,,,,,,,,,,,,,,,,,,,,,,,,,,,,,,,,,,,,,,,,,,,,,,,,,,,,,,,,,,,,,,,,,,,,,,,,,,,,,,,,,,,,,Ecotoxicological Information#Terrestrial Toxicity,ECOTOX,,Chemical Mutagenesis Testing in Drosophila. V. Results of 53 Coded Compounds Tested for the National Toxicology Program,,,,True,No qualifier,Equal,Environ. Mutagen.7:677-702,,,,,,Drosophila melanogaster,Animalia (animals),Bilateria,Arthropoda (arthropods),Hexapoda (hexapods),,Insecta (insects),Holometabola,"Diptera (gnats,mosquitoes,true flies)","Brachycera (circular-seamed flies,muscoid flies,short-horned flies)",Drosophilidae,Drosophila,Protostomia,,Increasing,"Woodruff,R.C., J.M. Mason, R. Valencia, and S. Zimmering",Genetics,2159590,2308087,Active ingredient,No substrate,,Mutation,Carrier or solvent,11/09/2015,T,"Environmental, unspecified",11/09/2015,,Lab,1985,CONC1/ONLY CONC TESTED//,Unmeasured,"RECESSIVE LETHAL MUTATION, FEMALE 1","RECIPROCAL TRANSLOCATION STUDY, BIOLOGICAL TOXICANT",,,,,,,,,,,,,,,,,,,,,,,,,,,Pterygota (winged insects),Muscomorpha,Ecdysozoa,Drosophilinae,,03/15/2016,,Adult,"MALES WERE EXPOSED TO A GLASS FIBER DISK SOAKED WITH SOLUTION FOR 3 DAYS AND MATED WITH 3 NEW FEMALES FOR EACH OF 3 BROODS IMMEDIATELY AFTER TREATMENT, STUDY CONDUCTED AT UNIVERSITY OF WISCONSIN, MADISON",,Di(2-ethylhexyl)adipate,,,,,2,None,97.6,,None,1,,d,Time,,,1,Brood or litter,Unknown,,,,3,d,Time,,°C,Temperature,23,25,,,,,,,,ONLY CONC TESTED,,,,,,CANTON-S GENOTYPE,"Neoptera (modern, wing-folding insects)",,,,,,,,,,,,,,,,,,,,,,,,,,,,,,,,,,,,,,,,,,,,,,,,,,,,,,,,,,,,,,,,,,,,,,,,,,,,,,,,,,,,,,,,,,,,,,,,,,,,,,1,Brood or litter,Unknown,,,20000,,ppm,Ratio,,,20000,,ppm,Ratio,,
103-23-1,"|bis(2-ethylhexyl)|ester|bis(2-ethylhexyl)adipate|1,6-bis(2-ethylhexyl)|hexanedioic acid, bis(2-ethylhexyl)ester;|bis(2-ethylhexyl)ester|di-2-ethylhexyl adipate|adipate;|di|acid|di(2-ethylhexyl)|bis(2-ethylhexyl)ester;1,6-bis(2-ethylhexyl) hexanedioate;Adipic acid, bis(2-ethylhexyl) ester;ADIPIC ACID, DI (2-ETHYLHEXYL) ESTER;bis(2-ethylhexyl) adipate;bis(2-ethylhexyl) hexanedioate;Bis(2-ethylhexyl)adipate;bis(2-ethylhexyl)ester hexanedioic acid;Di-(2-Ethylhexyl) Adipate;DI-2-ETHYLHEXYL ADIPATE;Di(2-ethylhexyl) adipate;di(2-ethylhexyl) adipate (hexanedioic acid, bis(2-ethylhexyl) ester) (deha);di(2-Ethylhexyl)adipate;dioctyl adipate;Hexanedioic acid, 1,6-bis(2-ethylhexyl) ester;Hexanedioic acid, bis(2-ethylhexyl) ester;hexanedioic acid, bis(2-ethylhexyl)ester;hexanedioic_acid,_bis(2-ethylhexyl)ester;hexanedioic|di(2-ethylhexyl)adipate|di-(2-ethylhexyl)|hexanedioate|(2-ethylhexyl)|di-2-ethylhexyl|acid,|adipic|ester",,,,,,,,,,,,,,,,,,,,,,,,,,,,,,,,,,,,,,,,,,,,,,,,,,,,,,,,,,,,,,,,,,,,,,,,,,,,,,,,,,,,,,,,,,,,,,,,,,,,,,,,,,,,,,,,,,,,,,,,,,,,,,,,Ecotoxicological Information#Terrestrial Toxicity,ECOTOX,,Chemical Mutagenesis Testing in Drosophila. V. Results of 53 Coded Compounds Tested for the National Toxicology Program,,,,True,No qualifier,Equal,Environ. Mutagen.7:677-702,,,,,,Drosophila melanogaster,Animalia (animals),Bilateria,Arthropoda (arthropods),Hexapoda (hexapods),,Insecta (insects),Holometabola,"Diptera (gnats,mosquitoes,true flies)","Brachycera (circular-seamed flies,muscoid flies,short-horned flies)",Drosophilidae,Drosophila,Protostomia,,No effect,"Woodruff,R.C., J.M. Mason, R. Valencia, and S. Zimmering",Genetics,2159589,2308080,Active ingredient,No substrate,,Mutation,Carrier or solvent,11/09/2015,T,"Injection, unspecified",11/09/2015,,Lab,1985,CONC1/ONLY CONC TESTED//,Unmeasured,"RECESSIVE LETHAL MUTATION, FEMALE 2","RECIPROCAL TRANSLOCATION STUDY, BIOLOGICAL TOXICANT",,,,,,,,,,,,,,,,,,,,,,,,,,,Pterygota (winged insects),Muscomorpha,Ecdysozoa,Drosophilinae,,03/15/2016,,Adult,"MALES WERE INJECTED AND ALLOWED TO RECOVER 24-48 H BEFORE MATING WITH 3 NEW FEMALES FOR EACH OF 3 BROODS, STUDY CONDUCTED AT UNIVERSITY OF WISCONSIN, MADISON",,Di(2-ethylhexyl)adipate,,,,,2,None,97.6,,None,,,d,Time,1,3,1,Brood or litter,Unknown,1,Dosed x time(s) per study period,Unknown,1,Brood or litter,Unknown,,°C,Temperature,23,25,,,,,,,,ONLY CONC TESTED,,,,,,CANTON-S GENOTYPE,"Neoptera (modern, wing-folding insects)",,,,,,,,,,,,,,,,,,,,,,,,,,,,,,,,,,,,,,,,,,,,,,,,,,,,,,,,,,,,,,,,,,,,,,,,,,,,,,,,,,,,,,,,,,,,,,,,,,,,,,1,Brood or litter,Unknown,,,5000,,ppm,Ratio,,,5000,,ppm,Ratio,,
103-23-1,"|bis(2-ethylhexyl)|ester|bis(2-ethylhexyl)adipate|1,6-bis(2-ethylhexyl)|hexanedioic acid, bis(2-ethylhexyl)ester;|bis(2-ethylhexyl)ester|di-2-ethylhexyl adipate|adipate;|di|acid|di(2-ethylhexyl)|bis(2-ethylhexyl)ester;1,6-bis(2-ethylhexyl) hexanedioate;Adipic acid, bis(2-ethylhexyl) ester;ADIPIC ACID, DI (2-ETHYLHEXYL) ESTER;bis(2-ethylhexyl) adipate;bis(2-ethylhexyl) hexanedioate;Bis(2-ethylhexyl)adipate;bis(2-ethylhexyl)ester hexanedioic acid;Di-(2-Ethylhexyl) Adipate;DI-2-ETHYLHEXYL ADIPATE;Di(2-ethylhexyl) adipate;di(2-ethylhexyl) adipate (hexanedioic acid, bis(2-ethylhexyl) ester) (deha);di(2-Ethylhexyl)adipate;dioctyl adipate;Hexanedioic acid, 1,6-bis(2-ethylhexyl) ester;Hexanedioic acid, bis(2-ethylhexyl) ester;hexanedioic acid, bis(2-ethylhexyl)ester;hexanedioic_acid,_bis(2-ethylhexyl)ester;hexanedioic|di(2-ethylhexyl)adipate|di-(2-ethylhexyl)|hexanedioate|(2-ethylhexyl)|di-2-ethylhexyl|acid,|adipic|ester",,,,,,,,,,,,,,,,,,,,,,,,,,,,,,,,,,,,,,,,,,,,,,,,,,,,,,,,,,,,,,,,,,,,,,,,,,,,,,,,,,,,,,,,,,,,,,,,,,,,,,,,,,,,,,,,,,,,,,,,,,,,,,,,Ecotoxicological Information#Terrestrial Toxicity,ECOTOX,,Chemical Mutagenesis Testing in Drosophila. V. Results of 53 Coded Compounds Tested for the National Toxicology Program,,,,True,No qualifier,Equal,Environ. Mutagen.7:677-702,,,,,,Drosophila melanogaster,Animalia (animals),Bilateria,Arthropoda (arthropods),Hexapoda (hexapods),,Insecta (insects),Holometabola,"Diptera (gnats,mosquitoes,true flies)","Brachycera (circular-seamed flies,muscoid flies,short-horned flies)",Drosophilidae,Drosophila,Protostomia,,Increasing,"Woodruff,R.C., J.M. Mason, R. Valencia, and S. Zimmering",Genetics,2159589,2308079,Active ingredient,No substrate,,Mutation,Carrier or solvent,11/09/2015,T,"Injection, unspecified",11/09/2015,,Lab,1985,CONC1/ONLY CONC TESTED//,Unmeasured,"RECESSIVE LETHAL MUTATION, FEMALE 1","RECIPROCAL TRANSLOCATION STUDY, BIOLOGICAL TOXICANT",,,,,,,,,,,,,,,,,,,,,,,,,,,Pterygota (winged insects),Muscomorpha,Ecdysozoa,Drosophilinae,,03/15/2016,,Adult,"MALES WERE INJECTED AND ALLOWED TO RECOVER 24-48 H BEFORE MATING WITH 3 NEW FEMALES FOR EACH OF 3 BROODS, STUDY CONDUCTED AT UNIVERSITY OF WISCONSIN, MADISON",,Di(2-ethylhexyl)adipate,,,,,2,None,97.6,,None,,,d,Time,1,3,1,Brood or litter,Unknown,1,Dosed x time(s) per study period,Unknown,1,Brood or litter,Unknown,,°C,Temperature,23,25,,,,,,,,ONLY CONC TESTED,,,,,,CANTON-S GENOTYPE,"Neoptera (modern, wing-folding insects)",,,,,,,,,,,,,,,,,,,,,,,,,,,,,,,,,,,,,,,,,,,,,,,,,,,,,,,,,,,,,,,,,,,,,,,,,,,,,,,,,,,,,,,,,,,,,,,,,,,,,,1,Brood or litter,Unknown,,,5000,,ppm,Ratio,,,5000,,ppm,Ratio,,
103-23-1,"|bis(2-ethylhexyl)|ester|bis(2-ethylhexyl)adipate|1,6-bis(2-ethylhexyl)|hexanedioic acid, bis(2-ethylhexyl)ester;|bis(2-ethylhexyl)ester|di-2-ethylhexyl adipate|adipate;|di|acid|di(2-ethylhexyl)|bis(2-ethylhexyl)ester;1,6-bis(2-ethylhexyl) hexanedioate;Adipic acid, bis(2-ethylhexyl) ester;ADIPIC ACID, DI (2-ETHYLHEXYL) ESTER;bis(2-ethylhexyl) adipate;bis(2-ethylhexyl) hexanedioate;Bis(2-ethylhexyl)adipate;bis(2-ethylhexyl)ester hexanedioic acid;Di-(2-Ethylhexyl) Adipate;DI-2-ETHYLHEXYL ADIPATE;Di(2-ethylhexyl) adipate;di(2-ethylhexyl) adipate (hexanedioic acid, bis(2-ethylhexyl) ester) (deha);di(2-Ethylhexyl)adipate;dioctyl adipate;Hexanedioic acid, 1,6-bis(2-ethylhexyl) ester;Hexanedioic acid, bis(2-ethylhexyl) ester;hexanedioic acid, bis(2-ethylhexyl)ester;hexanedioic_acid,_bis(2-ethylhexyl)ester;hexanedioic|di(2-ethylhexyl)adipate|di-(2-ethylhexyl)|hexanedioate|(2-ethylhexyl)|di-2-ethylhexyl|acid,|adipic|ester",,,,,,,,,,,,,,,,,,,,,,,,,,,,,,,,,,,,,,,,,,,,,,,,,,,,,,,,,,,,,,,,,,,,,,,,,,,,,,,,,,,,,,,,,,,,,,,,,,,,,,,,,,,,,,,,,,,,,,,,,,,,,,,,Ecotoxicological Information#Terrestrial Toxicity,ECOTOX,,Chemical Mutagenesis Testing in Drosophila. V. Results of 53 Coded Compounds Tested for the National Toxicology Program,,,,True,No qualifier,Equal,Environ. Mutagen.7:677-702,,,,,,Drosophila melanogaster,Animalia (animals),Bilateria,Arthropoda (arthropods),Hexapoda (hexapods),,Insecta (insects),Holometabola,"Diptera (gnats,mosquitoes,true flies)","Brachycera (circular-seamed flies,muscoid flies,short-horned flies)",Drosophilidae,Drosophila,Protostomia,,No effect,"Woodruff,R.C., J.M. Mason, R. Valencia, and S. Zimmering",Genetics,2159590,2308088,Active ingredient,No substrate,,Mutation,Carrier or solvent,11/09/2015,T,"Environmental, unspecified",11/09/2015,,Lab,1985,CONC1/ONLY CONC TESTED//,Unmeasured,"RECESSIVE LETHAL MUTATION, FEMALE 2","RECIPROCAL TRANSLOCATION STUDY, BIOLOGICAL TOXICANT",,,,,,,,,,,,,,,,,,,,,,,,,,,Pterygota (winged insects),Muscomorpha,Ecdysozoa,Drosophilinae,,03/15/2016,,Adult,"MALES WERE EXPOSED TO A GLASS FIBER DISK SOAKED WITH SOLUTION FOR 3 DAYS AND MATED WITH 3 NEW FEMALES FOR EACH OF 3 BROODS IMMEDIATELY AFTER TREATMENT, STUDY CONDUCTED AT UNIVERSITY OF WISCONSIN, MADISON",,Di(2-ethylhexyl)adipate,,,,,2,None,97.6,,None,1,,d,Time,,,1,Brood or litter,Unknown,,,,3,d,Time,,°C,Temperature,23,25,,,,,,,,ONLY CONC TESTED,,,,,,CANTON-S GENOTYPE,"Neoptera (modern, wing-folding insects)",,,,,,,,,,,,,,,,,,,,,,,,,,,,,,,,,,,,,,,,,,,,,,,,,,,,,,,,,,,,,,,,,,,,,,,,,,,,,,,,,,,,,,,,,,,,,,,,,,,,,,1,Brood or litter,Unknown,,,20000,,ppm,Ratio,,,20000,,ppm,Ratio,,
103-23-1,"|bis(2-ethylhexyl)|ester|bis(2-ethylhexyl)adipate|1,6-bis(2-ethylhexyl)|hexanedioic acid, bis(2-ethylhexyl)ester;|bis(2-ethylhexyl)ester|di-2-ethylhexyl adipate|adipate;|di|acid|di(2-ethylhexyl)|bis(2-ethylhexyl)ester;1,6-bis(2-ethylhexyl) hexanedioate;Adipic acid, bis(2-ethylhexyl) ester;ADIPIC ACID, DI (2-ETHYLHEXYL) ESTER;bis(2-ethylhexyl) adipate;bis(2-ethylhexyl) hexanedioate;Bis(2-ethylhexyl)adipate;bis(2-ethylhexyl)ester hexanedioic acid;Di-(2-Ethylhexyl) Adipate;DI-2-ETHYLHEXYL ADIPATE;Di(2-ethylhexyl) adipate;di(2-ethylhexyl) adipate (hexanedioic acid, bis(2-ethylhexyl) ester) (deha);di(2-Ethylhexyl)adipate;dioctyl adipate;Hexanedioic acid, 1,6-bis(2-ethylhexyl) ester;Hexanedioic acid, bis(2-ethylhexyl) ester;hexanedioic acid, bis(2-ethylhexyl)ester;hexanedioic_acid,_bis(2-ethylhexyl)ester;hexanedioic|di(2-ethylhexyl)adipate|di-(2-ethylhexyl)|hexanedioate|(2-ethylhexyl)|di-2-ethylhexyl|acid,|adipic|ester",,,,,,,,,,,,,,,,,,,,,,,,,,,,,,,,,,,,,,,,,,,,,,,,,,,,,,,,,,,,,,,,,,,,,,,,,,,,,,,,,,,,,,,,,,,,,,,,,,,,,,,,,,,,,,,,,,,,,,,,,,,,,,,,Ecotoxicological Information#Terrestrial Toxicity,ECOTOX,,Chemical Mutagenesis Testing in Drosophila. V. Results of 53 Coded Compounds Tested for the National Toxicology Program,,,,True,No qualifier,Equal,Environ. Mutagen.7:677-702,,,,,,Drosophila melanogaster,Animalia (animals),Bilateria,Arthropoda (arthropods),Hexapoda (hexapods),,Insecta (insects),Holometabola,"Diptera (gnats,mosquitoes,true flies)","Brachycera (circular-seamed flies,muscoid flies,short-horned flies)",Drosophilidae,Drosophila,Protostomia,,,"Woodruff,R.C., J.M. Mason, R. Valencia, and S. Zimmering",Reproduction,2159590,2308086,Active ingredient,No substrate,,Sterility,Carrier or solvent,11/09/2015,T,"Environmental, unspecified",11/09/2015,,Lab,1985,CONC1/ONLY CONC TESTED//,Unmeasured,,"RECIPROCAL TRANSLOCATION STUDY, BIOLOGICAL TOXICANT",,,,,,,,,,,,,,,,,,,,,,,,,,,Pterygota (winged insects),Muscomorpha,Ecdysozoa,Drosophilinae,,03/15/2016,,Adult,"MALES WERE EXPOSED TO A GLASS FIBER DISK SOAKED WITH SOLUTION FOR 3 DAYS AND MATED WITH 3 NEW FEMALES FOR EACH OF 3 BROODS IMMEDIATELY AFTER TREATMENT, STUDY CONDUCTED AT UNIVERSITY OF WISCONSIN, MADISON",,Di(2-ethylhexyl)adipate,,,,,2,None,97.6,,None,1,,d,Time,,,1,Brood or litter,Unknown,,,,3,d,Time,,°C,Temperature,23,25,,,,,,,,ONLY CONC TESTED,0,None,,,,CANTON-S GENOTYPE,"Neoptera (modern, wing-folding insects)",,,,,,,,,,,,,,,,,,,,,,,,,,,,,,,,,,,,,,,,,,,,,,,,,,,,,,,,,,,,,,,,,,,,,,,,,,,,,,,,,,,,,,,,,,,,,,,,,,,,,,1,Brood or litter,Unknown,,,20000,,ppm,Ratio,,,20000,,ppm,Ratio,,
103-23-1,"|bis(2-ethylhexyl)|ester|bis(2-ethylhexyl)adipate|1,6-bis(2-ethylhexyl)|hexanedioic acid, bis(2-ethylhexyl)ester;|bis(2-ethylhexyl)ester|di-2-ethylhexyl adipate|adipate;|di|acid|di(2-ethylhexyl)|bis(2-ethylhexyl)ester;1,6-bis(2-ethylhexyl) hexanedioate;Adipic acid, bis(2-ethylhexyl) ester;ADIPIC ACID, DI (2-ETHYLHEXYL) ESTER;bis(2-ethylhexyl) adipate;bis(2-ethylhexyl) hexanedioate;Bis(2-ethylhexyl)adipate;bis(2-ethylhexyl)ester hexanedioic acid;Di-(2-Ethylhexyl) Adipate;DI-2-ETHYLHEXYL ADIPATE;Di(2-ethylhexyl) adipate;di(2-ethylhexyl) adipate (hexanedioic acid, bis(2-ethylhexyl) ester) (deha);di(2-Ethylhexyl)adipate;dioctyl adipate;Hexanedioic acid, 1,6-bis(2-ethylhexyl) ester;Hexanedioic acid, bis(2-ethylhexyl) ester;hexanedioic acid, bis(2-ethylhexyl)ester;hexanedioic_acid,_bis(2-ethylhexyl)ester;hexanedioic|di(2-ethylhexyl)adipate|di-(2-ethylhexyl)|hexanedioate|(2-ethylhexyl)|di-2-ethylhexyl|acid,|adipic|ester",,,,,,,,,,,,,,,,,,,,,,,,,,,,,,,,,,,,,,,,,,,,,,,,,,,,,,,,,,,,,,,,,,,,,,,,,,,,,,,,,,,,,,,,,,,,,,,,,,,,,,,,,,,,,,,,,,,,,,,,,,,,,,,,Ecotoxicological Information#Terrestrial Toxicity,ECOTOX,,The Effect of Endocrine Disrupting Chemicals on Thyroid Hormone Binding to Japanese Quail Transthyretin and Thyroid Hormone Receptor,,,,True,No qualifier,Equal,Gen. Comp. Endocrinol.134(1): 36-43,,,,,,Coturnix japonica,Animalia (animals),Bilateria,Chordata (chordates),Vertebrata (vertebrates),Tetrapoda,Aves (Birds),,"Galliformes (Fowls,Gallinaceous Birds)",,"Phasianidae (Partridges,Turkeys,Grouse,Pheasants,Quail)",Coturnix (Asian Quails),Deuterostomia,Gnathostomata,Increasing,"Ishihara,A., N. Nishiyama, S.I. Sugiyama, and K. Yamauchi",Physiology,2233837,2498281,Active ingredient,Culture,,Thyroid hormone binding ratio,Carrier or solvent,11/21/2019,T,In Vitro,11/22/2019,Serum,Lab,2003,CONC1/ONLY CONC TESTED//,Unmeasured,,,,,,,,,,,,,,,,,,,,,,,,,,,,,,,,"Perdicinae (Partridges,Francolins)",,12/12/2019,Laboratory,Not intact,INCUBATED WITH 0.1 NM 125 LABELED T3.,"PURIFIED TTR IN TRIS-HCL, NACL, AND CACAL2",Bis(2-ethylhexyl) adipate,,OBTAINED FROM A LOCAL ABATTOIR IN SHIZUOKA,SOURCE/OBTAINED FROM A LOCAL ABATTOIR IN SHIZUOKA//,,2,None,99,>,None,,,,,,,1,h,Time,1,Dosed x time(s) per study period,Unknown,1,h,Time,4,°C,Temperature,,,,,,,,,,ONLY CONC TESTED,,,,,,PURIFIED TRANSTHYRETIN,,"PURIFIED TTR IN TRIS-HCL, NACL, AND CACAL2",,,,,,,,,,,,,,,,,,,,,,,,,,,,,,,,,,,,,,,,,,,,,,,,,,,,,,,,,,,,,,,,,,,,,,,,,,,,,,,,,,,,,,,,,,,,,,,,,,,,,1,h,Time,,,2.964427839999999,,mg/L,Mass concentration,,,8,,µM,Molar concentration,,
103-23-1,"|bis(2-ethylhexyl)|ester|bis(2-ethylhexyl)adipate|1,6-bis(2-ethylhexyl)|hexanedioic acid, bis(2-ethylhexyl)ester;|bis(2-ethylhexyl)ester|di-2-ethylhexyl adipate|adipate;|di|acid|di(2-ethylhexyl)|bis(2-ethylhexyl)ester;1,6-bis(2-ethylhexyl) hexanedioate;Adipic acid, bis(2-ethylhexyl) ester;ADIPIC ACID, DI (2-ETHYLHEXYL) ESTER;bis(2-ethylhexyl) adipate;bis(2-ethylhexyl) hexanedioate;Bis(2-ethylhexyl)adipate;bis(2-ethylhexyl)ester hexanedioic acid;Di-(2-Ethylhexyl) Adipate;DI-2-ETHYLHEXYL ADIPATE;Di(2-ethylhexyl) adipate;di(2-ethylhexyl) adipate (hexanedioic acid, bis(2-ethylhexyl) ester) (deha);di(2-Ethylhexyl)adipate;dioctyl adipate;Hexanedioic acid, 1,6-bis(2-ethylhexyl) ester;Hexanedioic acid, bis(2-ethylhexyl) ester;hexanedioic acid, bis(2-ethylhexyl)ester;hexanedioic_acid,_bis(2-ethylhexyl)ester;hexanedioic|di(2-ethylhexyl)adipate|di-(2-ethylhexyl)|hexanedioate|(2-ethylhexyl)|di-2-ethylhexyl|acid,|adipic|ester",,,,,,,,,,,,,,,,,,,,,,,,,,,,,,,,,,,,,,,,,,,,,,,,,,,,,,,,,,,,,,,,,,,,,,,,,,,,,,,,,,,,,,,,,,,,,,,,,,,,,,,,,,,,,,,,,,,,,,,,,,,,,,,,Ecotoxicological Information#Terrestrial Toxicity,ECOTOX,,The Effect of Endocrine Disrupting Chemicals on Thyroid Hormone Binding to Japanese Quail Transthyretin and Thyroid Hormone Receptor,,,,True,No qualifier,Equal,Gen. Comp. Endocrinol.134(1): 36-43,,,,,,Coturnix japonica,Animalia (animals),Bilateria,Chordata (chordates),Vertebrata (vertebrates),Tetrapoda,Aves (Birds),,"Galliformes (Fowls,Gallinaceous Birds)",,"Phasianidae (Partridges,Turkeys,Grouse,Pheasants,Quail)",Coturnix (Asian Quails),Deuterostomia,Gnathostomata,Increasing,"Ishihara,A., N. Nishiyama, S.I. Sugiyama, and K. Yamauchi",Physiology,2233944,2498485,Active ingredient,Culture,,Thyroid hormone binding ratio,Carrier or solvent,11/22/2019,T,In Vitro,11/22/2019,Serum,Lab,2003,CONC1/ONLY CONC TESTED//,Unmeasured,,,,,,,,,,,,,,,,,,,,,,,,,,,,,,,,"Perdicinae (Partridges,Francolins)",,12/12/2019,Laboratory,Not intact,INCUBATED WITH 0.1 NM 125 LABELED T3.,"GST-TR LBD INCUBATED WITH TRIS-HCL, EDTA, DITHIOTHREITOL, AND GLYCEROL",Bis(2-ethylhexyl) adipate,,OBTAINED FROM A LOCAL ABATTOIR IN SHIZUOKA,SOURCE/OBTAINED FROM A LOCAL ABATTOIR IN SHIZUOKA//,,2,None,99,>,None,,,,,,,1.5,h,Time,1,Dosed x time(s) per study period,Unknown,1.5,h,Time,4,°C,Temperature,,,,,,,,,,ONLY CONC TESTED,,,,,,LIGAND-BINDING DOMAIN OF THYROID HORMONE RECEPTOR BETA,,"GST-TR LBD INCUBATED WITH TRIS-HCL, EDTA, DITHIOTHREITOL, AND GLYCEROL",,,,,,,,,,,,,,,,,,,,,,,,,,,,,,,,,,,,,,,,,,,,,,,,,,,,,,,,,,,,,,,,,,,,,,,,,,,,,,,,,,,,,,,,,,,,,,,,,,,,,1.5,h,Time,,,2.964427839999999,,mg/L,Mass concentration,,,8,,µM,Molar concentration,,
103-23-1,"|bis(2-ethylhexyl)|ester|bis(2-ethylhexyl)adipate|1,6-bis(2-ethylhexyl)|hexanedioic acid, bis(2-ethylhexyl)ester;|bis(2-ethylhexyl)ester|di-2-ethylhexyl adipate|adipate;|di|acid|di(2-ethylhexyl)|bis(2-ethylhexyl)ester;1,6-bis(2-ethylhexyl) hexanedioate;Adipic acid, bis(2-ethylhexyl) ester;ADIPIC ACID, DI (2-ETHYLHEXYL) ESTER;bis(2-ethylhexyl) adipate;bis(2-ethylhexyl) hexanedioate;Bis(2-ethylhexyl)adipate;bis(2-ethylhexyl)ester hexanedioic acid;Di-(2-Ethylhexyl) Adipate;DI-2-ETHYLHEXYL ADIPATE;Di(2-ethylhexyl) adipate;di(2-ethylhexyl) adipate (hexanedioic acid, bis(2-ethylhexyl) ester) (deha);di(2-Ethylhexyl)adipate;dioctyl adipate;Hexanedioic acid, 1,6-bis(2-ethylhexyl) ester;Hexanedioic acid, bis(2-ethylhexyl) ester;hexanedioic acid, bis(2-ethylhexyl)ester;hexanedioic_acid,_bis(2-ethylhexyl)ester;hexanedioic|di(2-ethylhexyl)adipate|di-(2-ethylhexyl)|hexanedioate|(2-ethylhexyl)|di-2-ethylhexyl|acid,|adipic|ester",,,,,,,,,,,,,,,,,,,,,,,,,,,,,,,,,,,,,,,,,,,,,,,,,,,,,,,,,,,,,,,,,,,,,,,,,,,,,,,,,,,,,,,,,,,,,,,,,,,,,,,,,,,,,,,,,,,,,,,,,,,,,,,,Ecotoxicological Information#Terrestrial Toxicity,ECOTOX,,The In Vivo-In Vitro Replicative DNA Synthesis (RDS) Test with Hepatocytes Prepared from Male B6C3F1 Mice as an Early Prediction Assay for Putative Nongenotoxic (Ames-Negative) Mouse Hepatocarcinogens,,,,True,Data in range,Equal,Mutat. Res.343(2/3): 157-183,,,,,,Mus musculus,Animalia (animals),Bilateria,Chordata (chordates),Vertebrata (vertebrates),Tetrapoda,Mammalia (mammals),,Rodentia (rodents),"Myomorpha (Mice,Rats,Voles,Gerbils,Hamsters,Lemmings)","Muridae (mice,rats,voles)","Mus (House Mice,Old World Mice)",Deuterostomia,Gnathostomata,Increasing,"Miyagawa,M., H. Takasawa, A. Sugiyama, Y. Inoue, T. Murata, Y. Uno, and K. Yoshikawa",Genetics,2193207,2387530,Formulation,No substrate,,DNA synthesis rate,Carrier or solvent,05/17/2017,T,Gavage,05/17/2017,Liver,Lab,1995,,Unmeasured,bdwt,,,,,,,,,,,,,,,,,,,,,,,,,,,,Theria,,,"Murinae (Old World rats,Old World mice)",,06/15/2017,Laboratory,,,,Di(2-ethylhexyl)adipate,,FROM CHARLES RIVER LABORATORIES (KANAGAWA),SOURCE/FROM CHARLES RIVER LABORATORIES (KANAGAWA)//,Muroidea,3,None,,,,8,,wk,Time,,,48,h,Time,1,Dosed x time(s) per study period,Unknown,48,h,Time,,°C,Temperature,20,24,,,,,,,,,,,,,,B6C3F1,Eutheria,,Mus (Mus),,,,,,,,,,,,,,,,,,,,,,,,,,,,,,,,,,,,,,,,,,,,,,,,,,,,,,,,,,,,,,,,,,,,,,,,,,,,,,,,,,,,,,,,,,,,,,,,,,,,,h,Time,24,48,,,mg/kg,Mass fraction,1000,2000,,,mg/kg,Mass fraction,1000,2000
103-23-1,"|bis(2-ethylhexyl)|ester|bis(2-ethylhexyl)adipate|1,6-bis(2-ethylhexyl)|hexanedioic acid, bis(2-ethylhexyl)ester;|bis(2-ethylhexyl)ester|di-2-ethylhexyl adipate|adipate;|di|acid|di(2-ethylhexyl)|bis(2-ethylhexyl)ester;1,6-bis(2-ethylhexyl) hexanedioate;Adipic acid, bis(2-ethylhexyl) ester;ADIPIC ACID, DI (2-ETHYLHEXYL) ESTER;bis(2-ethylhexyl) adipate;bis(2-ethylhexyl) hexanedioate;Bis(2-ethylhexyl)adipate;bis(2-ethylhexyl)ester hexanedioic acid;Di-(2-Ethylhexyl) Adipate;DI-2-ETHYLHEXYL ADIPATE;Di(2-ethylhexyl) adipate;di(2-ethylhexyl) adipate (hexanedioic acid, bis(2-ethylhexyl) ester) (deha);di(2-Ethylhexyl)adipate;dioctyl adipate;Hexanedioic acid, 1,6-bis(2-ethylhexyl) ester;Hexanedioic acid, bis(2-ethylhexyl) ester;hexanedioic acid, bis(2-ethylhexyl)ester;hexanedioic_acid,_bis(2-ethylhexyl)ester;hexanedioic|di(2-ethylhexyl)adipate|di-(2-ethylhexyl)|hexanedioate|(2-ethylhexyl)|di-2-ethylhexyl|acid,|adipic|ester",,,,,,,,,,,,,,,,,,,,,,,,,,,,,,,,,,,,,,,,,,,,,,,,,,,,,,,,,,,,,,,,,,,,,,,,,,,,,,,,,,,,,,,,,,,,,,,,,,,,,,,,,,,,,,,,,,,,,,,,,,,,,,,,Ecotoxicological Information#Terrestrial Toxicity,ECOTOX,,Chemical Mutagenesis Testing in Drosophila. V. Results of 53 Coded Compounds Tested for the National Toxicology Program,,,,True,No qualifier,Equal,Environ. Mutagen.7:677-702,,,,,,Drosophila melanogaster,Animalia (animals),Bilateria,Arthropoda (arthropods),Hexapoda (hexapods),,Insecta (insects),Holometabola,"Diptera (gnats,mosquitoes,true flies)","Brachycera (circular-seamed flies,muscoid flies,short-horned flies)",Drosophilidae,Drosophila,Protostomia,,,"Woodruff,R.C., J.M. Mason, R. Valencia, and S. Zimmering",Mortality,2159589,2308077,Active ingredient,No substrate,,Mortality,Carrier or solvent,11/09/2015,T,"Injection, unspecified",11/09/2015,,Lab,1985,CONC1/ONLY CONC TESTED//,Unmeasured,,"RECIPROCAL TRANSLOCATION STUDY, BIOLOGICAL TOXICANT",,,,,,,,,,,,,,,,,,,,,,,,,,,Pterygota (winged insects),Muscomorpha,Ecdysozoa,Drosophilinae,,03/15/2016,,Adult,"MALES WERE INJECTED AND ALLOWED TO RECOVER 24-48 H BEFORE MATING WITH 3 NEW FEMALES FOR EACH OF 3 BROODS, STUDY CONDUCTED AT UNIVERSITY OF WISCONSIN, MADISON",,Di(2-ethylhexyl)adipate,,,,,2,None,97.6,,None,,,d,Time,1,3,1,Brood or litter,Unknown,1,Dosed x time(s) per study period,Unknown,1,Brood or litter,Unknown,,°C,Temperature,23,25,,,,,,,,ONLY CONC TESTED,11,None,,,,CANTON-S GENOTYPE,"Neoptera (modern, wing-folding insects)",,,,,,,,,,,,,,,,,,,,,,,,,,,,,,,,,,,,,,,,,,,,,,,,,,,,,,,,,,,,,,,,,,,,,,,,,,,,,,,,,,,,,,,,,,,,,,,,,,,,,,48,h,Time,,,5000,,ppm,Ratio,,,5000,,ppm,Ratio,,
103-23-1,"|bis(2-ethylhexyl)|ester|bis(2-ethylhexyl)adipate|1,6-bis(2-ethylhexyl)|hexanedioic acid, bis(2-ethylhexyl)ester;|bis(2-ethylhexyl)ester|di-2-ethylhexyl adipate|adipate;|di|acid|di(2-ethylhexyl)|bis(2-ethylhexyl)ester;1,6-bis(2-ethylhexyl) hexanedioate;Adipic acid, bis(2-ethylhexyl) ester;ADIPIC ACID, DI (2-ETHYLHEXYL) ESTER;bis(2-ethylhexyl) adipate;bis(2-ethylhexyl) hexanedioate;Bis(2-ethylhexyl)adipate;bis(2-ethylhexyl)ester hexanedioic acid;Di-(2-Ethylhexyl) Adipate;DI-2-ETHYLHEXYL ADIPATE;Di(2-ethylhexyl) adipate;di(2-ethylhexyl) adipate (hexanedioic acid, bis(2-ethylhexyl) ester) (deha);di(2-Ethylhexyl)adipate;dioctyl adipate;Hexanedioic acid, 1,6-bis(2-ethylhexyl) ester;Hexanedioic acid, bis(2-ethylhexyl) ester;hexanedioic acid, bis(2-ethylhexyl)ester;hexanedioic_acid,_bis(2-ethylhexyl)ester;hexanedioic|di(2-ethylhexyl)adipate|di-(2-ethylhexyl)|hexanedioate|(2-ethylhexyl)|di-2-ethylhexyl|acid,|adipic|ester",,,,,,,,,,,,,,,,,,,,,,,,,,,,,,,,,,,,,,,,,,,,,,,,,,,,,,,,,,,,,,,,,,,,,,,,,,,,,,,,,,,,,,,,,,,,,,,,,,,,,,,,,,,,,,,,,,,,,,,,,,,,,,,,Ecotoxicological Information#Terrestrial Toxicity,ECOTOX,,Chemical Mutagenesis Testing in Drosophila. V. Results of 53 Coded Compounds Tested for the National Toxicology Program,,,,True,No qualifier,Equal,Environ. Mutagen.7:677-702,,,,,,Drosophila melanogaster,Animalia (animals),Bilateria,Arthropoda (arthropods),Hexapoda (hexapods),,Insecta (insects),Holometabola,"Diptera (gnats,mosquitoes,true flies)","Brachycera (circular-seamed flies,muscoid flies,short-horned flies)",Drosophilidae,Drosophila,Protostomia,,,"Woodruff,R.C., J.M. Mason, R. Valencia, and S. Zimmering",Mortality,2159590,2308085,Active ingredient,No substrate,,Mortality,Carrier or solvent,11/09/2015,T,"Environmental, unspecified",11/09/2015,,Lab,1985,CONC1/ONLY CONC TESTED//,Unmeasured,,"RECIPROCAL TRANSLOCATION STUDY, BIOLOGICAL TOXICANT",,,,,,,,,,,,,,,,,,,,,,,,,,,Pterygota (winged insects),Muscomorpha,Ecdysozoa,Drosophilinae,,03/15/2016,,Adult,"MALES WERE EXPOSED TO A GLASS FIBER DISK SOAKED WITH SOLUTION FOR 3 DAYS AND MATED WITH 3 NEW FEMALES FOR EACH OF 3 BROODS IMMEDIATELY AFTER TREATMENT, STUDY CONDUCTED AT UNIVERSITY OF WISCONSIN, MADISON",,Di(2-ethylhexyl)adipate,,,,,2,None,97.6,,None,1,,d,Time,,,1,Brood or litter,Unknown,,,,3,d,Time,,°C,Temperature,23,25,,,,,,,,ONLY CONC TESTED,3,None,,,,CANTON-S GENOTYPE,"Neoptera (modern, wing-folding insects)",,,,,,,,,,,,,,,,,,,,,,,,,,,,,,,,,,,,,,,,,,,,,,,,,,,,,,,,,,,,,,,,,,,,,,,,,,,,,,,,,,,,,,,,,,,,,,,,,,,,,,3,d,Time,,,20000,,ppm,Ratio,,,20000,,ppm,Ratio,,
103-23-1,"|bis(2-ethylhexyl)|ester|bis(2-ethylhexyl)adipate|1,6-bis(2-ethylhexyl)|hexanedioic acid, bis(2-ethylhexyl)ester;|bis(2-ethylhexyl)ester|di-2-ethylhexyl adipate|adipate;|di|acid|di(2-ethylhexyl)|bis(2-ethylhexyl)ester;1,6-bis(2-ethylhexyl) hexanedioate;Adipic acid, bis(2-ethylhexyl) ester;ADIPIC ACID, DI (2-ETHYLHEXYL) ESTER;bis(2-ethylhexyl) adipate;bis(2-ethylhexyl) hexanedioate;Bis(2-ethylhexyl)adipate;bis(2-ethylhexyl)ester hexanedioic acid;Di-(2-Ethylhexyl) Adipate;DI-2-ETHYLHEXYL ADIPATE;Di(2-ethylhexyl) adipate;di(2-ethylhexyl) adipate (hexanedioic acid, bis(2-ethylhexyl) ester) (deha);di(2-Ethylhexyl)adipate;dioctyl adipate;Hexanedioic acid, 1,6-bis(2-ethylhexyl) ester;Hexanedioic acid, bis(2-ethylhexyl) ester;hexanedioic acid, bis(2-ethylhexyl)ester;hexanedioic_acid,_bis(2-ethylhexyl)ester;hexanedioic|di(2-ethylhexyl)adipate|di-(2-ethylhexyl)|hexanedioate|(2-ethylhexyl)|di-2-ethylhexyl|acid,|adipic|ester",,,,,,,,,,,,,,,,,,,,,,,,,,,,,,,,,,,,,,,,,,,,,,,,,,,,,,,,,,,,,,,,,,,,,,,,,,,,,,,,,,,,,,,,,,,,,,,,,,,,,,,,,,,,,,,,,,,,,,,,,,,,,,,,Human Health Hazards#Acute Toxicity,ZEBET database,2001,,IC50,,,True,No qualifier,Equal,"ICCVAM and NICEATM. 2001. Report of the International Workshop on In Vitro Methods for Assessing Acute Systemic Toxicity Interagency Coordinating Committee on the Validation of Alternative Methods and National Toxicology Program Interagency Center for the Evaluation of Alternative Toxicological Methods Report 01-4499. Bethesda, MD:National Institutes of Health.",,,,,,,,,,,,,,,,,,,,,,,,,,,,,,,,,,,,,,,,,,,,,,,,,,,,,,,,,,,,,,,,255,,,,,,,,,,,,,,,,,,,,,,,,,,,,,,,,,,,,,,,,,,,,,,,,,,,,,,,,,,,,in Vitro,,,,,,,,,,,,,,,,,,,,,,,,,,,,,,,,,,,,,,,,,,,,,,,,,,,,,,,,,,,,,,,,,,,,,,,,,,,,,,,,,,,,,,,,,,,,,,,,,,,,,,,,1167.2434973387333,,mg/L,Mass concentration,,,3.1500000953674316,,mmol/L,Molar concentration,,
103-23-1,"|bis(2-ethylhexyl)|ester|bis(2-ethylhexyl)adipate|1,6-bis(2-ethylhexyl)|hexanedioic acid, bis(2-ethylhexyl)ester;|bis(2-ethylhexyl)ester|di-2-ethylhexyl adipate|adipate;|di|acid|di(2-ethylhexyl)|bis(2-ethylhexyl)ester;1,6-bis(2-ethylhexyl) hexanedioate;Adipic acid, bis(2-ethylhexyl) ester;ADIPIC ACID, DI (2-ETHYLHEXYL) ESTER;bis(2-ethylhexyl) adipate;bis(2-ethylhexyl) hexanedioate;Bis(2-ethylhexyl)adipate;bis(2-ethylhexyl)ester hexanedioic acid;Di-(2-Ethylhexyl) Adipate;DI-2-ETHYLHEXYL ADIPATE;Di(2-ethylhexyl) adipate;di(2-ethylhexyl) adipate (hexanedioic acid, bis(2-ethylhexyl) ester) (deha);di(2-Ethylhexyl)adipate;dioctyl adipate;Hexanedioic acid, 1,6-bis(2-ethylhexyl) ester;Hexanedioic acid, bis(2-ethylhexyl) ester;hexanedioic acid, bis(2-ethylhexyl)ester;hexanedioic_acid,_bis(2-ethylhexyl)ester;hexanedioic|di(2-ethylhexyl)adipate|di-(2-ethylhexyl)|hexanedioate|(2-ethylhexyl)|di-2-ethylhexyl|acid,|adipic|ester",,,,,,,,,,,,,,,,,,,,,,,,,,,,,,,,,,,,,,,,,,,,,,,,,,,,,,,,,,,,,,,,,,,,,,,,,,,,,,,,,,,,,,,,,,,,,,,,,,,,,,,,,,,,,,,,,,,,,,,,,,,,,,,,Human Health Hazards#Acute Toxicity,Acute Oral toxicity DB,2012,,LD50,,,False,No qualifier,Equal,http://chem.sis.nlm.nih.gov/chemidplus/rn/103-23-1,,,,,,Rat,,,,,,,,,,,,,,,,,,,,,,,,,,,,,,,,,,,,,,,,,,,,,,,,,,,,,,,,,,,,,,,,,,,,,,,,,,,,,,,,,,,,,,,,,,,,,,,,,,,,,,,,,,,,,,,,,,,,,,in Vivo,,Oral (Gavage),,,,,,,,,,,,,,,,,,,,,,,,,,,,,,,,,,,,,,,,,,,,,,,,,,,,,,,,,,,,,,,,,,,,,,,,,,,,,,,,,,,,,,,,,,,,,,,,,24,h,Time,,,9096.009212528614,,mg/kg,Mass fraction,,,0.024547088891267776,,mol/kg,Molality,,
103-23-1,"|bis(2-ethylhexyl)|ester|bis(2-ethylhexyl)adipate|1,6-bis(2-ethylhexyl)|hexanedioic acid, bis(2-ethylhexyl)ester;|bis(2-ethylhexyl)ester|di-2-ethylhexyl adipate|adipate;|di|acid|di(2-ethylhexyl)|bis(2-ethylhexyl)ester;1,6-bis(2-ethylhexyl) hexanedioate;Adipic acid, bis(2-ethylhexyl) ester;ADIPIC ACID, DI (2-ETHYLHEXYL) ESTER;bis(2-ethylhexyl) adipate;bis(2-ethylhexyl) hexanedioate;Bis(2-ethylhexyl)adipate;bis(2-ethylhexyl)ester hexanedioic acid;Di-(2-Ethylhexyl) Adipate;DI-2-ETHYLHEXYL ADIPATE;Di(2-ethylhexyl) adipate;di(2-ethylhexyl) adipate (hexanedioic acid, bis(2-ethylhexyl) ester) (deha);di(2-Ethylhexyl)adipate;dioctyl adipate;Hexanedioic acid, 1,6-bis(2-ethylhexyl) ester;Hexanedioic acid, bis(2-ethylhexyl) ester;hexanedioic acid, bis(2-ethylhexyl)ester;hexanedioic_acid,_bis(2-ethylhexyl)ester;hexanedioic|di(2-ethylhexyl)adipate|di-(2-ethylhexyl)|hexanedioate|(2-ethylhexyl)|di-2-ethylhexyl|acid,|adipic|ester",,,,,,,,,,,,,,,,,,,,,,,,,,,,,,,,,,,,,,,,,,,,,,,,,,,,,,,,,,,,,,,,,,,,,,,,,,,,,,,,,,,,,,,,,,,,,,,,,,,,,,,,,,,,,,,,,,,,,,,,,,,,,,,,Human Health Hazards#Acute Toxicity,ZEBET database,2001,,LD50,,,True,No qualifier,Equal,"ICCVAM and NICEATM. 2001. Report of the International Workshop on In Vitro Methods for Assessing Acute Systemic Toxicity Interagency Coordinating Committee on the Validation of Alternative Methods and National Toxicology Program Interagency Center for the Evaluation of Alternative Toxicological Methods Report 01-4499. Bethesda, MD:National Institutes of Health.",,,,,,Rat,,,,,,,,,,,,,,,,,,,,,,,,,,,,,,,,,,,,,,,,,,,,,,,,,,,,,,,,,,1323,,,,,,,,,,,,,,,,,,,,,,,,,,,,,,,,,,,,,,,,,,,,,,,,,,,,,,,,,,,,in Vitro,,,,,,,,,,,,,,,,,,,,,,,,,,,,,,,,,,,,,,,,,,,,,,,,,,,,,,,,,,,,,,,,,,,,,,,,,,,,,,,,,,,,,,,,,,,,,,,,,,,,,,,,9115.61574935493,,mg/kg,Mass fraction,,,24.600000381469727,,mmol/kg,Molality,,
103-23-1,"|bis(2-ethylhexyl)|ester|bis(2-ethylhexyl)adipate|1,6-bis(2-ethylhexyl)|hexanedioic acid, bis(2-ethylhexyl)ester;|bis(2-ethylhexyl)ester|di-2-ethylhexyl adipate|adipate;|di|acid|di(2-ethylhexyl)|bis(2-ethylhexyl)ester;1,6-bis(2-ethylhexyl) hexanedioate;Adipic acid, bis(2-ethylhexyl) ester;ADIPIC ACID, DI (2-ETHYLHEXYL) ESTER;bis(2-ethylhexyl) adipate;bis(2-ethylhexyl) hexanedioate;Bis(2-ethylhexyl)adipate;bis(2-ethylhexyl)ester hexanedioic acid;Di-(2-Ethylhexyl) Adipate;DI-2-ETHYLHEXYL ADIPATE;Di(2-ethylhexyl) adipate;di(2-ethylhexyl) adipate (hexanedioic acid, bis(2-ethylhexyl) ester) (deha);di(2-Ethylhexyl)adipate;dioctyl adipate;Hexanedioic acid, 1,6-bis(2-ethylhexyl) ester;Hexanedioic acid, bis(2-ethylhexyl) ester;hexanedioic acid, bis(2-ethylhexyl)ester;hexanedioic_acid,_bis(2-ethylhexyl)ester;hexanedioic|di(2-ethylhexyl)adipate|di-(2-ethylhexyl)|hexanedioate|(2-ethylhexyl)|di-2-ethylhexyl|acid,|adipic|ester",,,,,,,,,,,,,,,,,,,,,,,,,,,,,,,,,,,,,,,,,,,,,,,,,,,,,,,,,,,,,,,,,,,,,,,,,,,,,,,,,,,,,,,,,,,,,,,,,,,,,,,,,,,,,,,,,,,,,,,,,,,,,,,,Human Health Hazards#Carcinogenicity,Carcinogenic Potency Database (CPDB),,,Summary carcinogenicity,,,False,Categorical data,Equal,TR 212,,,,,TD50 is harmonic mean of more than one positive test,Mouse,,,,,,,,,,,,,,,,,,,,,,,,,,,,,,,,,,,,,,,,,,,,,,,,,,,,,,,,,,,,,,,,,,,,,,,,,,,,,,,,,,,,,,,,,,,,,,,,,,,,,,,,,,,,,,,,,,,,,,in Vivo,,Diet,17,http://potency.berkeley.edu/chempages/DI(2-ETHYLHEXYL)ADIPATE.html,Liver,Liver,single chemical compound,,,,,,,,,,,,,,,,,,,,,,,,,,,,,,,,,,,,,,,,,,,,,,,,,,,,,,,,,,,,,,,,,,,,,,,,,,,,,,,,,,,,,,,,,,,,,,,,,Positive,,,Carcinogenicity I (ISSCAN),,,Positive,,,Carcinogenicity III (CPDB),,
103-23-1,"|bis(2-ethylhexyl)|ester|bis(2-ethylhexyl)adipate|1,6-bis(2-ethylhexyl)|hexanedioic acid, bis(2-ethylhexyl)ester;|bis(2-ethylhexyl)ester|di-2-ethylhexyl adipate|adipate;|di|acid|di(2-ethylhexyl)|bis(2-ethylhexyl)ester;1,6-bis(2-ethylhexyl) hexanedioate;Adipic acid, bis(2-ethylhexyl) ester;ADIPIC ACID, DI (2-ETHYLHEXYL) ESTER;bis(2-ethylhexyl) adipate;bis(2-ethylhexyl) hexanedioate;Bis(2-ethylhexyl)adipate;bis(2-ethylhexyl)ester hexanedioic acid;Di-(2-Ethylhexyl) Adipate;DI-2-ETHYLHEXYL ADIPATE;Di(2-ethylhexyl) adipate;di(2-ethylhexyl) adipate (hexanedioic acid, bis(2-ethylhexyl) ester) (deha);di(2-Ethylhexyl)adipate;dioctyl adipate;Hexanedioic acid, 1,6-bis(2-ethylhexyl) ester;Hexanedioic acid, bis(2-ethylhexyl) ester;hexanedioic acid, bis(2-ethylhexyl)ester;hexanedioic_acid,_bis(2-ethylhexyl)ester;hexanedioic|di(2-ethylhexyl)adipate|di-(2-ethylhexyl)|hexanedioate|(2-ethylhexyl)|di-2-ethylhexyl|acid,|adipic|ester",,,,,,,,,,,,,,,,,,,,,,,,,,,,,,,,,,,,,,,,,,,,,,,,,,,,,,,,,,,,,,,,,,,,,,,,,,,,,,,,,,,,,,,,,,,,,,,,,,,,,,,,,,,,,,,,,,,,,,,,,,,,,,,,Human Health Hazards#Carcinogenicity,Carcinogenicity&mutagenicity ISSCAN,16.7.2011,,Summary carcinogenicity,,,False,Categorical data,Equal,NTP212,,,,,Carcinogenicity results in the four experimental groups most commonly used for the cancer bioassay: 3 = carcinogen; 2 = equivocal; 1 = noncarcinogen;,Mouse,,,,,,,,,,,,,,,Romualdo Benigni,,,,,,,,,,,,,,,,,,,,,,,,,,,,,,,,,,,,,,,,,,Adipic acid bis (2-ethylhexyl) ester; adipol 2EH; sicol 250; staflex doa; truflex doa; uniflex doa; vestinol oa; wickenol 158; witamol 320; BEHA; Bis(2-ethylhexyl) adipate; Bis(2-ethylhexyl) hexanedio|||ate; Dioctyl Adipate; bisoflex doa; DEHA; DOA; effemoll doa; effomoll doa; ergoplast addo; flexol a 26; flexol plasticizer 10-a; flexol plasticizer a-26; Hexanedioic acid bis(2-ethylhexyl) ester; ke|m|e|ster 5652; kodaflex doa; mollan s; monoplex doa; Octyl Adipate; plastomoll doa; PX-238; reomol doa; rucoflex plasticizer doa.,,,,,,,,,,,,,,,,,,,,,,,,,,,,,,,,,,,,,,,,,,,,,,,,,,,,,,,,,,,,,,,Dosed Feed,,,,,,C22H42O4,52,Fеmale,,,,,,,,,,,,,,,,,,,,,,,,,,,,,,,,,,,,,,,,,,,,,,,,,,,,,,,,,,,,,,,,,,,,,,,,,,,,,,,,,,,,,,,,,,,,,,Positive,,,Carcinogenicity I (ISSCAN),,,Positive,,,Carcinogenicity I (ISSCAN),,
103-23-1,"|bis(2-ethylhexyl)|ester|bis(2-ethylhexyl)adipate|1,6-bis(2-ethylhexyl)|hexanedioic acid, bis(2-ethylhexyl)ester;|bis(2-ethylhexyl)ester|di-2-ethylhexyl adipate|adipate;|di|acid|di(2-ethylhexyl)|bis(2-ethylhexyl)ester;1,6-bis(2-ethylhexyl) hexanedioate;Adipic acid, bis(2-ethylhexyl) ester;ADIPIC ACID, DI (2-ETHYLHEXYL) ESTER;bis(2-ethylhexyl) adipate;bis(2-ethylhexyl) hexanedioate;Bis(2-ethylhexyl)adipate;bis(2-ethylhexyl)ester hexanedioic acid;Di-(2-Ethylhexyl) Adipate;DI-2-ETHYLHEXYL ADIPATE;Di(2-ethylhexyl) adipate;di(2-ethylhexyl) adipate (hexanedioic acid, bis(2-ethylhexyl) ester) (deha);di(2-Ethylhexyl)adipate;dioctyl adipate;Hexanedioic acid, 1,6-bis(2-ethylhexyl) ester;Hexanedioic acid, bis(2-ethylhexyl) ester;hexanedioic acid, bis(2-ethylhexyl)ester;hexanedioic_acid,_bis(2-ethylhexyl)ester;hexanedioic|di(2-ethylhexyl)adipate|di-(2-ethylhexyl)|hexanedioate|(2-ethylhexyl)|di-2-ethylhexyl|acid,|adipic|ester",,,,,,,,,,,,,,,,,,,,,,,,,,,,,,,,,,,,,,,,,,,,,,,,,,,,,,,,,,,,,,,,,,,,,,,,,,,,,,,,,,,,,,,,,,,,,,,,,,,,,,,,,,,,,,,,,,,,,,,,,,,,,,,,Human Health Hazards#Carcinogenicity,Carcinogenicity&mutagenicity ISSCAN,16.7.2011,,Summary carcinogenicity,,,False,Categorical data,Equal,NTP212,,,,,Carcinogenicity results in the four experimental groups most commonly used for the cancer bioassay: 3 = carcinogen; 2 = equivocal; 1 = noncarcinogen;,Mouse,,,,,,,,,,,,,,,Romualdo Benigni,,,,,,,,,,,,,,,,,,,,,,,,,,,,,,,,,,,,,,,,,,Adipic acid bis (2-ethylhexyl) ester; adipol 2EH; sicol 250; staflex doa; truflex doa; uniflex doa; vestinol oa; wickenol 158; witamol 320; BEHA; Bis(2-ethylhexyl) adipate; Bis(2-ethylhexyl) hexanedio|||ate; Dioctyl Adipate; bisoflex doa; DEHA; DOA; effemoll doa; effomoll doa; ergoplast addo; flexol a 26; flexol plasticizer 10-a; flexol plasticizer a-26; Hexanedioic acid bis(2-ethylhexyl) ester; ke|m|e|ster 5652; kodaflex doa; mollan s; monoplex doa; Octyl Adipate; plastomoll doa; PX-238; reomol doa; rucoflex plasticizer doa.,,,,,,,,,,,,,,,,,,,,,,,,,,,,,,,,,,,,,,,,,,,,,,,,,,,,,,,,,,,,,,,Dosed Feed,,,,,,C22H42O4,52,Male,,,,,,,,,,,,,,,,,,,,,,,,,,,,,,,,,,,,,,,,,,,,,,,,,,,,,,,,,,,,,,,,,,,,,,,,,,,,,,,,,,,,,,,,,,,,,,Positive,,,Carcinogenicity I (ISSCAN),,,Positive,,,Carcinogenicity I (ISSCAN),,
103-23-1,"|bis(2-ethylhexyl)|ester|bis(2-ethylhexyl)adipate|1,6-bis(2-ethylhexyl)|hexanedioic acid, bis(2-ethylhexyl)ester;|bis(2-ethylhexyl)ester|di-2-ethylhexyl adipate|adipate;|di|acid|di(2-ethylhexyl)|bis(2-ethylhexyl)ester;1,6-bis(2-ethylhexyl) hexanedioate;Adipic acid, bis(2-ethylhexyl) ester;ADIPIC ACID, DI (2-ETHYLHEXYL) ESTER;bis(2-ethylhexyl) adipate;bis(2-ethylhexyl) hexanedioate;Bis(2-ethylhexyl)adipate;bis(2-ethylhexyl)ester hexanedioic acid;Di-(2-Ethylhexyl) Adipate;DI-2-ETHYLHEXYL ADIPATE;Di(2-ethylhexyl) adipate;di(2-ethylhexyl) adipate (hexanedioic acid, bis(2-ethylhexyl) ester) (deha);di(2-Ethylhexyl)adipate;dioctyl adipate;Hexanedioic acid, 1,6-bis(2-ethylhexyl) ester;Hexanedioic acid, bis(2-ethylhexyl) ester;hexanedioic acid, bis(2-ethylhexyl)ester;hexanedioic_acid,_bis(2-ethylhexyl)ester;hexanedioic|di(2-ethylhexyl)adipate|di-(2-ethylhexyl)|hexanedioate|(2-ethylhexyl)|di-2-ethylhexyl|acid,|adipic|ester",,,,,,,,,,,,,,,,,,,,,,,,,,,,,,,,,,,,,,,,,,,,,,,,,,,,,,,,,,,,,,,,,,,,,,,,,,,,,,,,,,,,,,,,,,,,,,,,,,,,,,,,,,,,,,,,,,,,,,,,,,,,,,,,Human Health Hazards#Carcinogenicity,Carcinogenic Potency Database (CPDB),,,TD50,,,False,No qualifier,Equal,TR 212,,,,,TD50 is harmonic mean of more than one positive test,Mouse,,,,,,,,,,,,,,,,,,,,,,,,,,,,,,,,,,,,,,,,,,,,,,,,,,,,,,,,,,,,,,,,,,,,,,,,,,,,,,,,,,,,,,,,,,,,,,,,,,,,,,,,,,,,,,,,,,,,,,in Vivo,,Diet,17,http://potency.berkeley.edu/chempages/DI(2-ETHYLHEXYL)ADIPATE.html,Liver,Liver,single chemical compound,,,,,,,,,,,,,,,,,,,,,,,,,,,,,,,,,,,,,,,,,,,,,,,,,,,,,,,,,,,,,,,,,,,,,,,,,,,,,,,,,,,,,,,,,,,,,,,,,3880,,mg/kg bdwt/d,Administered dose(mass),,,3880,,mg/kg bdwt/d,Administered dose(mass),,
103-23-1,"|bis(2-ethylhexyl)|ester|bis(2-ethylhexyl)adipate|1,6-bis(2-ethylhexyl)|hexanedioic acid, bis(2-ethylhexyl)ester;|bis(2-ethylhexyl)ester|di-2-ethylhexyl adipate|adipate;|di|acid|di(2-ethylhexyl)|bis(2-ethylhexyl)ester;1,6-bis(2-ethylhexyl) hexanedioate;Adipic acid, bis(2-ethylhexyl) ester;ADIPIC ACID, DI (2-ETHYLHEXYL) ESTER;bis(2-ethylhexyl) adipate;bis(2-ethylhexyl) hexanedioate;Bis(2-ethylhexyl)adipate;bis(2-ethylhexyl)ester hexanedioic acid;Di-(2-Ethylhexyl) Adipate;DI-2-ETHYLHEXYL ADIPATE;Di(2-ethylhexyl) adipate;di(2-ethylhexyl) adipate (hexanedioic acid, bis(2-ethylhexyl) ester) (deha);di(2-Ethylhexyl)adipate;dioctyl adipate;Hexanedioic acid, 1,6-bis(2-ethylhexyl) ester;Hexanedioic acid, bis(2-ethylhexyl) ester;hexanedioic acid, bis(2-ethylhexyl)ester;hexanedioic_acid,_bis(2-ethylhexyl)ester;hexanedioic|di(2-ethylhexyl)adipate|di-(2-ethylhexyl)|hexanedioate|(2-ethylhexyl)|di-2-ethylhexyl|acid,|adipic|ester",,,,,,,,,,,,,,,,,,,,,,,,,,,,,,,,,,,,,,,,,,,,,,,,,,,,,,,,,,,,,,,,,,,,,,,,,,,,,,,,,,,,,,,,,,,,,,,,,,,,,,,,,,,,,,,,,,,,,,,,,,,,,,,,Human Health Hazards#Carcinogenicity,Carcinogenicity&mutagenicity ISSCAN,16.7.2011,,TD50,,,False,No qualifier,Equal,NTP212,,,,,,Mouse,,,,,,,,,,,,,,,Romualdo Benigni,,,,,,,,,,,,,,,,,,,,,,,,,,,,,,,,,,,,,,,,,,Adipic acid bis (2-ethylhexyl) ester; adipol 2EH; sicol 250; staflex doa; truflex doa; uniflex doa; vestinol oa; wickenol 158; witamol 320; BEHA; Bis(2-ethylhexyl) adipate; Bis(2-ethylhexyl) hexanedio|||ate; Dioctyl Adipate; bisoflex doa; DEHA; DOA; effemoll doa; effomoll doa; ergoplast addo; flexol a 26; flexol plasticizer 10-a; flexol plasticizer a-26; Hexanedioic acid bis(2-ethylhexyl) ester; ke|m|e|ster 5652; kodaflex doa; mollan s; monoplex doa; Octyl Adipate; plastomoll doa; PX-238; reomol doa; rucoflex plasticizer doa.,,,,,,,,,,,,,,,,,,,,,,,,,,,,,,,,,,,,,,,,,,,,,,,,,,,,,,,,,,,,,,,,,,,,,C22H42O4,52,,,,,,,,,,,,,,,,,,,,,,,,,,,,,,,,,,,,,,,,,,,,,,,,,,,,,,,,,,,,,,,,,,,,,,,,,,,,,,,,,,,,,,,,,,,,,,,3880,,mg/kg bdwt/d,Administered dose(mass),,,3880,,mg/kg bdwt/d,Administered dose(mass),,
103-23-1,"|bis(2-ethylhexyl)|ester|bis(2-ethylhexyl)adipate|1,6-bis(2-ethylhexyl)|hexanedioic acid, bis(2-ethylhexyl)ester;|bis(2-ethylhexyl)ester|di-2-ethylhexyl adipate|adipate;|di|acid|di(2-ethylhexyl)|bis(2-ethylhexyl)ester;1,6-bis(2-ethylhexyl) hexanedioate;Adipic acid, bis(2-ethylhexyl) ester;ADIPIC ACID, DI (2-ETHYLHEXYL) ESTER;bis(2-ethylhexyl) adipate;bis(2-ethylhexyl) hexanedioate;Bis(2-ethylhexyl)adipate;bis(2-ethylhexyl)ester hexanedioic acid;Di-(2-Ethylhexyl) Adipate;DI-2-ETHYLHEXYL ADIPATE;Di(2-ethylhexyl) adipate;di(2-ethylhexyl) adipate (hexanedioic acid, bis(2-ethylhexyl) ester) (deha);di(2-Ethylhexyl)adipate;dioctyl adipate;Hexanedioic acid, 1,6-bis(2-ethylhexyl) ester;Hexanedioic acid, bis(2-ethylhexyl) ester;hexanedioic acid, bis(2-ethylhexyl)ester;hexanedioic_acid,_bis(2-ethylhexyl)ester;hexanedioic|di(2-ethylhexyl)adipate|di-(2-ethylhexyl)|hexanedioate|(2-ethylhexyl)|di-2-ethylhexyl|acid,|adipic|ester",,,,,,,,,,,,,,,,,,,,,,,,,,,,,,,,,,,,,,,,,,,,,,,,,,,,,,,,,,,,,,,,,,,,,,,,,,,,,,,,,,,,,,,,,,,,,,,,,,,,,,,,,,,,,,,,,,,,,,,,,,,,,,,,Human Health Hazards#Carcinogenicity,Carcinogenic Potency Database (CPDB),,,Summary carcinogenicity,,,False,Categorical data,Equal,TR 212,,,,,no positive results,Rat,,,,,,,,,,,,,,,,,,,,,,,,,,,,,,,,,,,,,,,,,,,,,,,,,,,,,,,,,,,,,,,,,,,,,,,,,,,,,,,,,,,,,,,,,,,,,,,,,,,,,,,,,,,,,,,,,,,,,,in Vivo,,Diet,0,http://potency.berkeley.edu/chempages/DI(2-ETHYLHEXYL)ADIPATE.html,No positive results,No positive results,single chemical compound,,,,,,,,,,,,,,,,,,,,,,,,,,,,,,,,,,,,,,,,,,,,,,,,,,,,,,,,,,,,,,,,,,,,,,,,,,,,,,,,,,,,,,,,,,,,,,,,,Negative,,,Carcinogenicity I (ISSCAN),,,Negative,,,Carcinogenicity III (CPDB),,
103-23-1,"|bis(2-ethylhexyl)|ester|bis(2-ethylhexyl)adipate|1,6-bis(2-ethylhexyl)|hexanedioic acid, bis(2-ethylhexyl)ester;|bis(2-ethylhexyl)ester|di-2-ethylhexyl adipate|adipate;|di|acid|di(2-ethylhexyl)|bis(2-ethylhexyl)ester;1,6-bis(2-ethylhexyl) hexanedioate;Adipic acid, bis(2-ethylhexyl) ester;ADIPIC ACID, DI (2-ETHYLHEXYL) ESTER;bis(2-ethylhexyl) adipate;bis(2-ethylhexyl) hexanedioate;Bis(2-ethylhexyl)adipate;bis(2-ethylhexyl)ester hexanedioic acid;Di-(2-Ethylhexyl) Adipate;DI-2-ETHYLHEXYL ADIPATE;Di(2-ethylhexyl) adipate;di(2-ethylhexyl) adipate (hexanedioic acid, bis(2-ethylhexyl) ester) (deha);di(2-Ethylhexyl)adipate;dioctyl adipate;Hexanedioic acid, 1,6-bis(2-ethylhexyl) ester;Hexanedioic acid, bis(2-ethylhexyl) ester;hexanedioic acid, bis(2-ethylhexyl)ester;hexanedioic_acid,_bis(2-ethylhexyl)ester;hexanedioic|di(2-ethylhexyl)adipate|di-(2-ethylhexyl)|hexanedioate|(2-ethylhexyl)|di-2-ethylhexyl|acid,|adipic|ester",,,,,,,,,,,,,,,,,,,,,,,,,,,,,,,,,,,,,,,,,,,,,,,,,,,,,,,,,,,,,,,,,,,,,,,,,,,,,,,,,,,,,,,,,,,,,,,,,,,,,,,,,,,,,,,,,,,,,,,,,,,,,,,,Human Health Hazards#Carcinogenicity,Carcinogenicity&mutagenicity ISSCAN,16.7.2011,,Summary carcinogenicity,,,False,Categorical data,Equal,NTP212,,,,,Carcinogenicity results in the four experimental groups most commonly used for the cancer bioassay: 3 = carcinogen; 2 = equivocal; 1 = noncarcinogen;,Rat,,,,,,,,,,,,,,,Romualdo Benigni,,,,,,,,,,,,,,,,,,,,,,,,,,,,,,,,,,,,,,,,,,Adipic acid bis (2-ethylhexyl) ester; adipol 2EH; sicol 250; staflex doa; truflex doa; uniflex doa; vestinol oa; wickenol 158; witamol 320; BEHA; Bis(2-ethylhexyl) adipate; Bis(2-ethylhexyl) hexanedio|||ate; Dioctyl Adipate; bisoflex doa; DEHA; DOA; effemoll doa; effomoll doa; ergoplast addo; flexol a 26; flexol plasticizer 10-a; flexol plasticizer a-26; Hexanedioic acid bis(2-ethylhexyl) ester; ke|m|e|ster 5652; kodaflex doa; mollan s; monoplex doa; Octyl Adipate; plastomoll doa; PX-238; reomol doa; rucoflex plasticizer doa.,,,,,,,,,,,,,,,,,,,,,,,,,,,,,,,,,,,,,,,,,,,,,,,,,,,,,,,,,,,,,,,Dosed Feed,,,,,,C22H42O4,52,Fеmale,,,,,,,,,,,,,,,,,,,,,,,,,,,,,,,,,,,,,,,,,,,,,,,,,,,,,,,,,,,,,,,,,,,,,,,,,,,,,,,,,,,,,,,,,,,,,,Negative,,,Carcinogenicity I (ISSCAN),,,Negative,,,Carcinogenicity I (ISSCAN),,
103-23-1,"|bis(2-ethylhexyl)|ester|bis(2-ethylhexyl)adipate|1,6-bis(2-ethylhexyl)|hexanedioic acid, bis(2-ethylhexyl)ester;|bis(2-ethylhexyl)ester|di-2-ethylhexyl adipate|adipate;|di|acid|di(2-ethylhexyl)|bis(2-ethylhexyl)ester;1,6-bis(2-ethylhexyl) hexanedioate;Adipic acid, bis(2-ethylhexyl) ester;ADIPIC ACID, DI (2-ETHYLHEXYL) ESTER;bis(2-ethylhexyl) adipate;bis(2-ethylhexyl) hexanedioate;Bis(2-ethylhexyl)adipate;bis(2-ethylhexyl)ester hexanedioic acid;Di-(2-Ethylhexyl) Adipate;DI-2-ETHYLHEXYL ADIPATE;Di(2-ethylhexyl) adipate;di(2-ethylhexyl) adipate (hexanedioic acid, bis(2-ethylhexyl) ester) (deha);di(2-Ethylhexyl)adipate;dioctyl adipate;Hexanedioic acid, 1,6-bis(2-ethylhexyl) ester;Hexanedioic acid, bis(2-ethylhexyl) ester;hexanedioic acid, bis(2-ethylhexyl)ester;hexanedioic_acid,_bis(2-ethylhexyl)ester;hexanedioic|di(2-ethylhexyl)adipate|di-(2-ethylhexyl)|hexanedioate|(2-ethylhexyl)|di-2-ethylhexyl|acid,|adipic|ester",,,,,,,,,,,,,,,,,,,,,,,,,,,,,,,,,,,,,,,,,,,,,,,,,,,,,,,,,,,,,,,,,,,,,,,,,,,,,,,,,,,,,,,,,,,,,,,,,,,,,,,,,,,,,,,,,,,,,,,,,,,,,,,,Human Health Hazards#Carcinogenicity,Carcinogenicity&mutagenicity ISSCAN,16.7.2011,,Summary carcinogenicity,,,False,Categorical data,Equal,NTP212,,,,,Carcinogenicity results in the four experimental groups most commonly used for the cancer bioassay: 3 = carcinogen; 2 = equivocal; 1 = noncarcinogen;,Rat,,,,,,,,,,,,,,,Romualdo Benigni,,,,,,,,,,,,,,,,,,,,,,,,,,,,,,,,,,,,,,,,,,Adipic acid bis (2-ethylhexyl) ester; adipol 2EH; sicol 250; staflex doa; truflex doa; uniflex doa; vestinol oa; wickenol 158; witamol 320; BEHA; Bis(2-ethylhexyl) adipate; Bis(2-ethylhexyl) hexanedio|||ate; Dioctyl Adipate; bisoflex doa; DEHA; DOA; effemoll doa; effomoll doa; ergoplast addo; flexol a 26; flexol plasticizer 10-a; flexol plasticizer a-26; Hexanedioic acid bis(2-ethylhexyl) ester; ke|m|e|ster 5652; kodaflex doa; mollan s; monoplex doa; Octyl Adipate; plastomoll doa; PX-238; reomol doa; rucoflex plasticizer doa.,,,,,,,,,,,,,,,,,,,,,,,,,,,,,,,,,,,,,,,,,,,,,,,,,,,,,,,,,,,,,,,Dosed Feed,,,,,,C22H42O4,52,Male,,,,,,,,,,,,,,,,,,,,,,,,,,,,,,,,,,,,,,,,,,,,,,,,,,,,,,,,,,,,,,,,,,,,,,,,,,,,,,,,,,,,,,,,,,,,,,Negative,,,Carcinogenicity I (ISSCAN),,,Negative,,,Carcinogenicity I (ISSCAN),,
103-23-1,"|bis(2-ethylhexyl)|ester|bis(2-ethylhexyl)adipate|1,6-bis(2-ethylhexyl)|hexanedioic acid, bis(2-ethylhexyl)ester;|bis(2-ethylhexyl)ester|di-2-ethylhexyl adipate|adipate;|di|acid|di(2-ethylhexyl)|bis(2-ethylhexyl)ester;1,6-bis(2-ethylhexyl) hexanedioate;Adipic acid, bis(2-ethylhexyl) ester;ADIPIC ACID, DI (2-ETHYLHEXYL) ESTER;bis(2-ethylhexyl) adipate;bis(2-ethylhexyl) hexanedioate;Bis(2-ethylhexyl)adipate;bis(2-ethylhexyl)ester hexanedioic acid;Di-(2-Ethylhexyl) Adipate;DI-2-ETHYLHEXYL ADIPATE;Di(2-ethylhexyl) adipate;di(2-ethylhexyl) adipate (hexanedioic acid, bis(2-ethylhexyl) ester) (deha);di(2-Ethylhexyl)adipate;dioctyl adipate;Hexanedioic acid, 1,6-bis(2-ethylhexyl) ester;Hexanedioic acid, bis(2-ethylhexyl) ester;hexanedioic acid, bis(2-ethylhexyl)ester;hexanedioic_acid,_bis(2-ethylhexyl)ester;hexanedioic|di(2-ethylhexyl)adipate|di-(2-ethylhexyl)|hexanedioate|(2-ethylhexyl)|di-2-ethylhexyl|acid,|adipic|ester",,,,,,,,,,,,,,,,,,,,,,,,,,,,,,,,,,,,,,,,,,,,,,,,,,,,,,,,,,,,,,,,,,,,,,,,,,,,,,,,,,,,,,,,,,,,,,,,,,,,,,,,,,,,,,,,,,,,,,,,,,,,,,,,Human Health Hazards#Developmental Toxicity / Teratogenicity,Developmental & Reproductive Toxicity (DART),,,Developmental toxicity,,,False,Categorical data,Equal,"Singh, A. R., Lawrence, W. H., and Autian, J. (1973) Embryonic-fetal toxicity and teratogenic effects of adipic acid esters in rats. J. Pharm. Sci. 62, 1596-1600.",,,,,,,,,,,,,,,,,,,,,,,,,,,,,,,,,,,,,,,,,,,,,,,,,,,,,,,,,,,,,,,,1218,,,,,,,,,,,,,,,,,,,,,,,,,,,,,,,,,,,,,,,,,,,,,,,,,,,,,,,,,,,,,,,,,,,,,,,NON-Toxicant,Spectrum of developmental toxicity endpoints observed include structural malformations,,,,,,,,,,,,,,,,,,,,,,,,,,,,,,,,,,,,,,,,,,,,,,,,,,,,,,,,,,,,,,,,,,,,,,,,,,,,,,,,,,,,,,,,,,,,Positive,,,DART toxicity (ordinal),,,Known developmental potential,,,DART toxicity (nominal),,
103-23-1,"|bis(2-ethylhexyl)|ester|bis(2-ethylhexyl)adipate|1,6-bis(2-ethylhexyl)|hexanedioic acid, bis(2-ethylhexyl)ester;|bis(2-ethylhexyl)ester|di-2-ethylhexyl adipate|adipate;|di|acid|di(2-ethylhexyl)|bis(2-ethylhexyl)ester;1,6-bis(2-ethylhexyl) hexanedioate;Adipic acid, bis(2-ethylhexyl) ester;ADIPIC ACID, DI (2-ETHYLHEXYL) ESTER;bis(2-ethylhexyl) adipate;bis(2-ethylhexyl) hexanedioate;Bis(2-ethylhexyl)adipate;bis(2-ethylhexyl)ester hexanedioic acid;Di-(2-Ethylhexyl) Adipate;DI-2-ETHYLHEXYL ADIPATE;Di(2-ethylhexyl) adipate;di(2-ethylhexyl) adipate (hexanedioic acid, bis(2-ethylhexyl) ester) (deha);di(2-Ethylhexyl)adipate;dioctyl adipate;Hexanedioic acid, 1,6-bis(2-ethylhexyl) ester;Hexanedioic acid, bis(2-ethylhexyl) ester;hexanedioic acid, bis(2-ethylhexyl)ester;hexanedioic_acid,_bis(2-ethylhexyl)ester;hexanedioic|di(2-ethylhexyl)adipate|di-(2-ethylhexyl)|hexanedioate|(2-ethylhexyl)|di-2-ethylhexyl|acid,|adipic|ester",,,,,,,,,,,,,,,,,,,,,,,,,,,,,,,,,,,,,,,,,,,,,,,,,,,,,,,,,,,,,,,,,,,,,,,,,,,,,,,,,,,,,,,,,,,,,,,,,,,,,,,,,,,,,,,,,,,,,,,,,,,,,,,,Human Health Hazards#Developmental Toxicity / Teratogenicity,Developmental & Reproductive Toxicity (DART),,,Reproductive toxicity,,,False,Categorical data,Equal,,,,,,,,,,,,,,,,,,,,,,,,,,,,,,,,,,,,,,,,,,,,,,,,,,,,,,,,,,,,,,,,,502,,,,,,,,,,,,,,,,,,,,,,,,,,,,,,,,,,,,,,,,,,,,,,,,,,,,,,,,,,,,,,,,,,,,,,,NON-Toxicant,No relevant studies identified,,,,,,,,,,,,,,,,,,,,,,,,,,,,,,,,,,,,,,,,,,,,,,,,,,,,,,,,,,,,,,,,,,,,,,,,,,,,,,,,,,,,,,,,,,,,Undefined,,,DART toxicity (ordinal),,,Undefined reproductive potential,,,DART toxicity (nominal),,
103-23-1,"|bis(2-ethylhexyl)|ester|bis(2-ethylhexyl)adipate|1,6-bis(2-ethylhexyl)|hexanedioic acid, bis(2-ethylhexyl)ester;|bis(2-ethylhexyl)ester|di-2-ethylhexyl adipate|adipate;|di|acid|di(2-ethylhexyl)|bis(2-ethylhexyl)ester;1,6-bis(2-ethylhexyl) hexanedioate;Adipic acid, bis(2-ethylhexyl) ester;ADIPIC ACID, DI (2-ETHYLHEXYL) ESTER;bis(2-ethylhexyl) adipate;bis(2-ethylhexyl) hexanedioate;Bis(2-ethylhexyl)adipate;bis(2-ethylhexyl)ester hexanedioic acid;Di-(2-Ethylhexyl) Adipate;DI-2-ETHYLHEXYL ADIPATE;Di(2-ethylhexyl) adipate;di(2-ethylhexyl) adipate (hexanedioic acid, bis(2-ethylhexyl) ester) (deha);di(2-Ethylhexyl)adipate;dioctyl adipate;Hexanedioic acid, 1,6-bis(2-ethylhexyl) ester;Hexanedioic acid, bis(2-ethylhexyl) ester;hexanedioic acid, bis(2-ethylhexyl)ester;hexanedioic_acid,_bis(2-ethylhexyl)ester;hexanedioic|di(2-ethylhexyl)adipate|di-(2-ethylhexyl)|hexanedioate|(2-ethylhexyl)|di-2-ethylhexyl|acid,|adipic|ester",,,,,,,,,,,,,,,,,,,,,,,,,,,,,,,,,,,,,,,,,,,,,,,,,,,,,,,,,,,,,,,,,,,,,,,,,,,,,,,,,,,,,,,,,,,,,,,,,,,,,,,,,,,,,,,,,,,,,,,,,,,,,,,,Human Health Hazards#Genetic Toxicity,Genotoxicity OASIS,,,Gene mutation,,OECD Guideline 471 (Bacterial Reverse Mutation Assay),False,Categorical data,Equal,"Hazard assessment of di(2-ethylhexyl)adipate [Di(2-ethylhexyl)adipate, CAS No. 103-23-1], pp. 221û240. https://www.meti.go.jp/english/report/downloadfiles/gED0311e.pdf",,,,Bacterial Reverse Mutation Assay (e.g. Ames Test),,E. coli WP2 uvrA,,,,,,,,,,,,,,,"Hazard assessment of di(2-ethylhexyl)adipate [Di(2-ethylhexyl)adipate, CAS No. 103-23-1], pp. 221û240. https://www.meti.go.jp/english/report/downloadfiles/gED0311e.pdf",,,,,,,,,,,,,,,,,,,,,,,,,,,,,,,,,,,,,,,,,,,31209,,,,,,,,,,,,,,,,,,,,,,,,,,,,,,,,,,,,,,,,,,,,,,,,,,,,,,,,,,,,in Vitro,E. Coli WP2 UvrA,,,,,,,,,,,,With S9,Gene Mutation,,,,,,,,,,,,,,,,,,,,,,,,,,,,,,,,,,,,,,,,,,,,,,,,,,,,,,,,,,,,,,,,,,,,,,,,,,,,,,,,,,,,,,,,,,Negative,,,Gene mutation I,,,Negative,,,Gene mutation I,,
103-23-1,"|bis(2-ethylhexyl)|ester|bis(2-ethylhexyl)adipate|1,6-bis(2-ethylhexyl)|hexanedioic acid, bis(2-ethylhexyl)ester;|bis(2-ethylhexyl)ester|di-2-ethylhexyl adipate|adipate;|di|acid|di(2-ethylhexyl)|bis(2-ethylhexyl)ester;1,6-bis(2-ethylhexyl) hexanedioate;Adipic acid, bis(2-ethylhexyl) ester;ADIPIC ACID, DI (2-ETHYLHEXYL) ESTER;bis(2-ethylhexyl) adipate;bis(2-ethylhexyl) hexanedioate;Bis(2-ethylhexyl)adipate;bis(2-ethylhexyl)ester hexanedioic acid;Di-(2-Ethylhexyl) Adipate;DI-2-ETHYLHEXYL ADIPATE;Di(2-ethylhexyl) adipate;di(2-ethylhexyl) adipate (hexanedioic acid, bis(2-ethylhexyl) ester) (deha);di(2-Ethylhexyl)adipate;dioctyl adipate;Hexanedioic acid, 1,6-bis(2-ethylhexyl) ester;Hexanedioic acid, bis(2-ethylhexyl) ester;hexanedioic acid, bis(2-ethylhexyl)ester;hexanedioic_acid,_bis(2-ethylhexyl)ester;hexanedioic|di(2-ethylhexyl)adipate|di-(2-ethylhexyl)|hexanedioate|(2-ethylhexyl)|di-2-ethylhexyl|acid,|adipic|ester",,,,,,,,,,,,,,,,,,,,,,,,,,,,,,,,,,,,,,,,,,,,,,,,,,,,,,,,,,,,,,,,,,,,,,,,,,,,,,,,,,,,,,,,,,,,,,,,,,,,,,,,,,,,,,,,,,,,,,,,,,,,,,,,Human Health Hazards#Genetic Toxicity,Genotoxicity OASIS,,,Gene mutation,,OECD Guideline 471 (Bacterial Reverse Mutation Assay),False,Categorical data,Equal,"Hazard assessment of di(2-ethylhexyl)adipate [Di(2-ethylhexyl)adipate, CAS No. 103-23-1], pp. 221û240. https://www.meti.go.jp/english/report/downloadfiles/gED0311e.pdf",,,,Bacterial Reverse Mutation Assay (e.g. Ames Test),,E. coli WP2 uvrA,,,,,,,,,,,,,,,"Hazard assessment of di(2-ethylhexyl)adipate [Di(2-ethylhexyl)adipate, CAS No. 103-23-1], pp. 221û240. https://www.meti.go.jp/english/report/downloadfiles/gED0311e.pdf",,,,,,,,,,,,,,,,,,,,,,,,,,,,,,,,,,,,,,,,,,,31210,,,,,,,,,,,,,,,,,,,,,,,,,,,,,,,,,,,,,,,,,,,,,,,,,,,,,,,,,,,,in Vitro,E. Coli WP2 UvrA,,,,,,,,,,,,Without S9,Gene Mutation,,,,,,,,,,,,,,,,,,,,,,,,,,,,,,,,,,,,,,,,,,,,,,,,,,,,,,,,,,,,,,,,,,,,,,,,,,,,,,,,,,,,,,,,,,Negative,,,Gene mutation I,,,Negative,,,Gene mutation I,,
103-23-1,"|bis(2-ethylhexyl)|ester|bis(2-ethylhexyl)adipate|1,6-bis(2-ethylhexyl)|hexanedioic acid, bis(2-ethylhexyl)ester;|bis(2-ethylhexyl)ester|di-2-ethylhexyl adipate|adipate;|di|acid|di(2-ethylhexyl)|bis(2-ethylhexyl)ester;1,6-bis(2-ethylhexyl) hexanedioate;Adipic acid, bis(2-ethylhexyl) ester;ADIPIC ACID, DI (2-ETHYLHEXYL) ESTER;bis(2-ethylhexyl) adipate;bis(2-ethylhexyl) hexanedioate;Bis(2-ethylhexyl)adipate;bis(2-ethylhexyl)ester hexanedioic acid;Di-(2-Ethylhexyl) Adipate;DI-2-ETHYLHEXYL ADIPATE;Di(2-ethylhexyl) adipate;di(2-ethylhexyl) adipate (hexanedioic acid, bis(2-ethylhexyl) ester) (deha);di(2-Ethylhexyl)adipate;dioctyl adipate;Hexanedioic acid, 1,6-bis(2-ethylhexyl) ester;Hexanedioic acid, bis(2-ethylhexyl) ester;hexanedioic acid, bis(2-ethylhexyl)ester;hexanedioic_acid,_bis(2-ethylhexyl)ester;hexanedioic|di(2-ethylhexyl)adipate|di-(2-ethylhexyl)|hexanedioate|(2-ethylhexyl)|di-2-ethylhexyl|acid,|adipic|ester",,,,,,,,,,,,,,,,,,,,,,,,,,,,,,,,,,,,,,,,,,,,,,,,,,,,,,,,,,,,,,,,,,,,,,,,,,,,,,,,,,,,,,,,,,,,,,,,,,,,,,,,,,,,,,,,,,,,,,,,,,,,,,,,Human Health Hazards#Genetic Toxicity,Genotoxicity OASIS,,,Gene mutation,,,False,Categorical data,Equal,"Journal of Medicinal Chemistry 48 (1), pp. 312-32, 25",,,,Bacterial Reverse Mutation Assay (e.g. Ames Test),,Salmonella typhimurium,,,,,,,,,,,,,,,"Kazius J, McGuire R., Bursi R",,,,,,,,,,,,,,,,,,,,,,,,,,,,,,,,,,,,,,,,,,,7774,,,,,,,,,,,,,,,,,,,,,,,,,,,,,,,,,,,,,,,,,,,,,,,,,,,,,,,,,,,,in Vitro,No Strain Information,,,,,,,,,,,,No S9 Info,Gene Mutation,,,,,,,,,,,,,,,,,,,,,,,,,,,,,,,,,,,,,,,,,,,,,,,,,,,,,,,,,,,,,,,,,,,,,,,,,,,,,,,,,,,,,,,,,,Negative,,,Gene mutation I,,,Negative,,,Gene mutation I,,
103-23-1,"|bis(2-ethylhexyl)|ester|bis(2-ethylhexyl)adipate|1,6-bis(2-ethylhexyl)|hexanedioic acid, bis(2-ethylhexyl)ester;|bis(2-ethylhexyl)ester|di-2-ethylhexyl adipate|adipate;|di|acid|di(2-ethylhexyl)|bis(2-ethylhexyl)ester;1,6-bis(2-ethylhexyl) hexanedioate;Adipic acid, bis(2-ethylhexyl) ester;ADIPIC ACID, DI (2-ETHYLHEXYL) ESTER;bis(2-ethylhexyl) adipate;bis(2-ethylhexyl) hexanedioate;Bis(2-ethylhexyl)adipate;bis(2-ethylhexyl)ester hexanedioic acid;Di-(2-Ethylhexyl) Adipate;DI-2-ETHYLHEXYL ADIPATE;Di(2-ethylhexyl) adipate;di(2-ethylhexyl) adipate (hexanedioic acid, bis(2-ethylhexyl) ester) (deha);di(2-Ethylhexyl)adipate;dioctyl adipate;Hexanedioic acid, 1,6-bis(2-ethylhexyl) ester;Hexanedioic acid, bis(2-ethylhexyl) ester;hexanedioic acid, bis(2-ethylhexyl)ester;hexanedioic_acid,_bis(2-ethylhexyl)ester;hexanedioic|di(2-ethylhexyl)adipate|di-(2-ethylhexyl)|hexanedioate|(2-ethylhexyl)|di-2-ethylhexyl|acid,|adipic|ester",,,,,,,,,,,,,,,,,,,,,,,,,,,,,,,,,,,,,,,,,,,,,,,,,,,,,,,,,,,,,,,,,,,,,,,,,,,,,,,,,,,,,,,,,,,,,,,,,,,,,,,,,,,,,,,,,,,,,,,,,,,,,,,,Human Health Hazards#Genetic Toxicity,Genotoxicity OASIS,,,Gene mutation,,,False,Categorical data,Equal,Mutation Research 584 (2005) 1-256,,,,Bacterial Reverse Mutation Assay (e.g. Ames Test),,Salmonella typhimurium,,,,,,,,,,,,,,,Kirkland et al.,,,,,,,,,,,,,,,,,,,,,,,,,,,,,,,,,,,,,,,,,,,7773,,,,,,,,,,,,,,,,,,,,,,,,,,,,,,,,,,,,,,,,,,,,,,,,,,,,,,,,,,,,in Vitro,No Strain Information,,,,,,,,,,,,No S9 Info,Gene Mutation,,,,,,,,,,,,,,,,,,,,,,,,,,,,,,,,,,,,,,,,,,,,,,,,,,,,,,,,,,,,,,,,,,,,,,,,,,,,,,,,,,,,,,,,,,Negative,,,Gene mutation I,,,Negative,,,Gene mutation I,,
103-23-1,"|bis(2-ethylhexyl)|ester|bis(2-ethylhexyl)adipate|1,6-bis(2-ethylhexyl)|hexanedioic acid, bis(2-ethylhexyl)ester;|bis(2-ethylhexyl)ester|di-2-ethylhexyl adipate|adipate;|di|acid|di(2-ethylhexyl)|bis(2-ethylhexyl)ester;1,6-bis(2-ethylhexyl) hexanedioate;Adipic acid, bis(2-ethylhexyl) ester;ADIPIC ACID, DI (2-ETHYLHEXYL) ESTER;bis(2-ethylhexyl) adipate;bis(2-ethylhexyl) hexanedioate;Bis(2-ethylhexyl)adipate;bis(2-ethylhexyl)ester hexanedioic acid;Di-(2-Ethylhexyl) Adipate;DI-2-ETHYLHEXYL ADIPATE;Di(2-ethylhexyl) adipate;di(2-ethylhexyl) adipate (hexanedioic acid, bis(2-ethylhexyl) ester) (deha);di(2-Ethylhexyl)adipate;dioctyl adipate;Hexanedioic acid, 1,6-bis(2-ethylhexyl) ester;Hexanedioic acid, bis(2-ethylhexyl) ester;hexanedioic acid, bis(2-ethylhexyl)ester;hexanedioic_acid,_bis(2-ethylhexyl)ester;hexanedioic|di(2-ethylhexyl)adipate|di-(2-ethylhexyl)|hexanedioate|(2-ethylhexyl)|di-2-ethylhexyl|acid,|adipic|ester",,,,,,,,,,,,,,,,,,,,,,,,,,,,,,,,,,,,,,,,,,,,,,,,,,,,,,,,,,,,,,,,,,,,,,,,,,,,,,,,,,,,,,,,,,,,,,,,,,,,,,,,,,,,,,,,,,,,,,,,,,,,,,,,Human Health Hazards#Genetic Toxicity,Genotoxicity OASIS,,,Gene mutation,,,False,Categorical data,Equal,,,,,Bacterial Reverse Mutation Assay (e.g. Ames Test),,Salmonella typhimurium,,,,,,,,,,,,,,,P&G,,,,,,,,,,,,,,,,,,,,,,,,,,,,,,,,,,,,,,,,,,,7770,,,,,,,,,,,,,,,,,,,,,,,,,,,,,,,,,,,,,,,,,,,,,,,,,,,,,,,,,,,,in Vitro,TA 100,,,,,,,,,,,,With S9,Gene Mutation,rat,,,,,,,,,,,,,,,,,,,,,,,,,,,,,,,,,,,,,,,,,,,,,,,,,,,,,,,,,,,,,,,,,,,,,,,,,,,,,,,,,,,,,,,,,Negative,,,Gene mutation I,,,Negative,,,Gene mutation I,,
103-23-1,"|bis(2-ethylhexyl)|ester|bis(2-ethylhexyl)adipate|1,6-bis(2-ethylhexyl)|hexanedioic acid, bis(2-ethylhexyl)ester;|bis(2-ethylhexyl)ester|di-2-ethylhexyl adipate|adipate;|di|acid|di(2-ethylhexyl)|bis(2-ethylhexyl)ester;1,6-bis(2-ethylhexyl) hexanedioate;Adipic acid, bis(2-ethylhexyl) ester;ADIPIC ACID, DI (2-ETHYLHEXYL) ESTER;bis(2-ethylhexyl) adipate;bis(2-ethylhexyl) hexanedioate;Bis(2-ethylhexyl)adipate;bis(2-ethylhexyl)ester hexanedioic acid;Di-(2-Ethylhexyl) Adipate;DI-2-ETHYLHEXYL ADIPATE;Di(2-ethylhexyl) adipate;di(2-ethylhexyl) adipate (hexanedioic acid, bis(2-ethylhexyl) ester) (deha);di(2-Ethylhexyl)adipate;dioctyl adipate;Hexanedioic acid, 1,6-bis(2-ethylhexyl) ester;Hexanedioic acid, bis(2-ethylhexyl) ester;hexanedioic acid, bis(2-ethylhexyl)ester;hexanedioic_acid,_bis(2-ethylhexyl)ester;hexanedioic|di(2-ethylhexyl)adipate|di-(2-ethylhexyl)|hexanedioate|(2-ethylhexyl)|di-2-ethylhexyl|acid,|adipic|ester",,,,,,,,,,,,,,,,,,,,,,,,,,,,,,,,,,,,,,,,,,,,,,,,,,,,,,,,,,,,,,,,,,,,,,,,,,,,,,,,,,,,,,,,,,,,,,,,,,,,,,,,,,,,,,,,,,,,,,,,,,,,,,,,Human Health Hazards#Genetic Toxicity,Bacterial mutagenicity ISSSTY,02.5.2011,,Gene mutation,,,False,Categorical data,Equal,"CCRIS database,Toxnet databases",,,,Bacterial Reverse Mutation Assay (e.g. Ames Test),,Salmonella typhimurium,,,,,,,,,,,,,,,Romualdo Benigni,,,,,,,,,,,,,,,,,,,,,,,,,,,,,,,,,,,,,,,,,,,6854,,,,,,,,,,,,,,,,,,,,,,,,,,,,,,,,,,,,,,,,,,,,,,,,,,,,,,,,,,,,in Vitro,TA 100,,,,,,,,524,,,,With S9,Gene Mutation,,Negative,,,,,,,,,,,,,,,,,,,,,,,,,,,,,,,,,,,,,,,,,,,,,,,,,,,,,,,,,,,,,,,,,,,,,,,,,,,,,,,,,,,,,,,,Negative,,,Gene mutation I,,,Negative,,,Gene mutation I,,
103-23-1,"|bis(2-ethylhexyl)|ester|bis(2-ethylhexyl)adipate|1,6-bis(2-ethylhexyl)|hexanedioic acid, bis(2-ethylhexyl)ester;|bis(2-ethylhexyl)ester|di-2-ethylhexyl adipate|adipate;|di|acid|di(2-ethylhexyl)|bis(2-ethylhexyl)ester;1,6-bis(2-ethylhexyl) hexanedioate;Adipic acid, bis(2-ethylhexyl) ester;ADIPIC ACID, DI (2-ETHYLHEXYL) ESTER;bis(2-ethylhexyl) adipate;bis(2-ethylhexyl) hexanedioate;Bis(2-ethylhexyl)adipate;bis(2-ethylhexyl)ester hexanedioic acid;Di-(2-Ethylhexyl) Adipate;DI-2-ETHYLHEXYL ADIPATE;Di(2-ethylhexyl) adipate;di(2-ethylhexyl) adipate (hexanedioic acid, bis(2-ethylhexyl) ester) (deha);di(2-Ethylhexyl)adipate;dioctyl adipate;Hexanedioic acid, 1,6-bis(2-ethylhexyl) ester;Hexanedioic acid, bis(2-ethylhexyl) ester;hexanedioic acid, bis(2-ethylhexyl)ester;hexanedioic_acid,_bis(2-ethylhexyl)ester;hexanedioic|di(2-ethylhexyl)adipate|di-(2-ethylhexyl)|hexanedioate|(2-ethylhexyl)|di-2-ethylhexyl|acid,|adipic|ester",,,,,,,,,,,,,,,,,,,,,,,,,,,,,,,,,,,,,,,,,,,,,,,,,,,,,,,,,,,,,,,,,,,,,,,,,,,,,,,,,,,,,,,,,,,,,,,,,,,,,,,,,,,,,,,,,,,,,,,,,,,,,,,,Human Health Hazards#Genetic Toxicity,Genotoxicity OASIS,,,Gene mutation,,OECD Guideline 471 (Bacterial Reverse Mutation Assay),False,Categorical data,Equal,"Driven H.A.A.M at all., Non-mutagenicity of 4 metabolites of di(2-ethylhexyl)phthalate (DEHP) and 3 structurally related derivatives of di(2-ethylhexyl)adipate (DEHA) in the Salmonella mutagenicity assay. Mutatton Research, 260 (1991) 121-130",,,,Bacterial Reverse Mutation Assay (e.g. Ames Test),,Salmonella typhimurium,,,,,,,,,,,,,,,Driven H.A.A.M at all.,,,,,,,,,,,,,,,,,,,,,,,,,,,,,,,,,,,,,,,,,,,31211,,,,,,,,,,,,,,,,,,,,,,,,,,,,,,,,,,,,,,,,,,,,,,,,,,,,,,,,,,,,in Vitro,TA 102,,,,,,,,,,,,With S9,Gene Mutation,,,,,,,,,,,,,,,,,,,,,,,,,,,,,,,,,,,,,,,,,,,,,,,,,,,,,,,,,,,,,,,,,,,,,,,,,,,,,,,,,,,,,,,,,,Negative,,,Gene mutation I,,,Negative,,,Gene mutation I,,
103-23-1,"|bis(2-ethylhexyl)|ester|bis(2-ethylhexyl)adipate|1,6-bis(2-ethylhexyl)|hexanedioic acid, bis(2-ethylhexyl)ester;|bis(2-ethylhexyl)ester|di-2-ethylhexyl adipate|adipate;|di|acid|di(2-ethylhexyl)|bis(2-ethylhexyl)ester;1,6-bis(2-ethylhexyl) hexanedioate;Adipic acid, bis(2-ethylhexyl) ester;ADIPIC ACID, DI (2-ETHYLHEXYL) ESTER;bis(2-ethylhexyl) adipate;bis(2-ethylhexyl) hexanedioate;Bis(2-ethylhexyl)adipate;bis(2-ethylhexyl)ester hexanedioic acid;Di-(2-Ethylhexyl) Adipate;DI-2-ETHYLHEXYL ADIPATE;Di(2-ethylhexyl) adipate;di(2-ethylhexyl) adipate (hexanedioic acid, bis(2-ethylhexyl) ester) (deha);di(2-Ethylhexyl)adipate;dioctyl adipate;Hexanedioic acid, 1,6-bis(2-ethylhexyl) ester;Hexanedioic acid, bis(2-ethylhexyl) ester;hexanedioic acid, bis(2-ethylhexyl)ester;hexanedioic_acid,_bis(2-ethylhexyl)ester;hexanedioic|di(2-ethylhexyl)adipate|di-(2-ethylhexyl)|hexanedioate|(2-ethylhexyl)|di-2-ethylhexyl|acid,|adipic|ester",,,,,,,,,,,,,,,,,,,,,,,,,,,,,,,,,,,,,,,,,,,,,,,,,,,,,,,,,,,,,,,,,,,,,,,,,,,,,,,,,,,,,,,,,,,,,,,,,,,,,,,,,,,,,,,,,,,,,,,,,,,,,,,,Human Health Hazards#Genetic Toxicity,Genotoxicity OASIS,,,Gene mutation,,,False,Categorical data,Equal,,,,,Bacterial Reverse Mutation Assay (e.g. Ames Test),,Salmonella typhimurium,,,,,,,,,,,,,,,P&G,,,,,,,,,,,,,,,,,,,,,,,,,,,,,,,,,,,,,,,,,,,7771,,,,,,,,,,,,,,,,,,,,,,,,,,,,,,,,,,,,,,,,,,,,,,,,,,,,,,,,,,,,in Vitro,TA 1535,,,,,,,,,,,,With S9,Gene Mutation,rat,,,,,,,,,,,,,,,,,,,,,,,,,,,,,,,,,,,,,,,,,,,,,,,,,,,,,,,,,,,,,,,,,,,,,,,,,,,,,,,,,,,,,,,,,Negative,,,Gene mutation I,,,Negative,,,Gene mutation I,,
103-23-1,"|bis(2-ethylhexyl)|ester|bis(2-ethylhexyl)adipate|1,6-bis(2-ethylhexyl)|hexanedioic acid, bis(2-ethylhexyl)ester;|bis(2-ethylhexyl)ester|di-2-ethylhexyl adipate|adipate;|di|acid|di(2-ethylhexyl)|bis(2-ethylhexyl)ester;1,6-bis(2-ethylhexyl) hexanedioate;Adipic acid, bis(2-ethylhexyl) ester;ADIPIC ACID, DI (2-ETHYLHEXYL) ESTER;bis(2-ethylhexyl) adipate;bis(2-ethylhexyl) hexanedioate;Bis(2-ethylhexyl)adipate;bis(2-ethylhexyl)ester hexanedioic acid;Di-(2-Ethylhexyl) Adipate;DI-2-ETHYLHEXYL ADIPATE;Di(2-ethylhexyl) adipate;di(2-ethylhexyl) adipate (hexanedioic acid, bis(2-ethylhexyl) ester) (deha);di(2-Ethylhexyl)adipate;dioctyl adipate;Hexanedioic acid, 1,6-bis(2-ethylhexyl) ester;Hexanedioic acid, bis(2-ethylhexyl) ester;hexanedioic acid, bis(2-ethylhexyl)ester;hexanedioic_acid,_bis(2-ethylhexyl)ester;hexanedioic|di(2-ethylhexyl)adipate|di-(2-ethylhexyl)|hexanedioate|(2-ethylhexyl)|di-2-ethylhexyl|acid,|adipic|ester",,,,,,,,,,,,,,,,,,,,,,,,,,,,,,,,,,,,,,,,,,,,,,,,,,,,,,,,,,,,,,,,,,,,,,,,,,,,,,,,,,,,,,,,,,,,,,,,,,,,,,,,,,,,,,,,,,,,,,,,,,,,,,,,Human Health Hazards#Genetic Toxicity,Bacterial mutagenicity ISSSTY,02.5.2011,,Gene mutation,,,False,Categorical data,Equal,"CCRIS database,Toxnet databases",,,,Bacterial Reverse Mutation Assay (e.g. Ames Test),,Salmonella typhimurium,,,,,,,,,,,,,,,Romualdo Benigni,,,,,,,,,,,,,,,,,,,,,,,,,,,,,,,,,,,,,,,,,,,6855,,,,,,,,,,,,,,,,,,,,,,,,,,,,,,,,,,,,,,,,,,,,,,,,,,,,,,,,,,,,in Vitro,TA 1535,,,,,,,,524,,,,With S9,Gene Mutation,,Negative,,,,,,,,,,,,,,,,,,,,,,,,,,,,,,,,,,,,,,,,,,,,,,,,,,,,,,,,,,,,,,,,,,,,,,,,,,,,,,,,,,,,,,,,Negative,,,Gene mutation I,,,Negative,,,Gene mutation I,,
103-23-1,"|bis(2-ethylhexyl)|ester|bis(2-ethylhexyl)adipate|1,6-bis(2-ethylhexyl)|hexanedioic acid, bis(2-ethylhexyl)ester;|bis(2-ethylhexyl)ester|di-2-ethylhexyl adipate|adipate;|di|acid|di(2-ethylhexyl)|bis(2-ethylhexyl)ester;1,6-bis(2-ethylhexyl) hexanedioate;Adipic acid, bis(2-ethylhexyl) ester;ADIPIC ACID, DI (2-ETHYLHEXYL) ESTER;bis(2-ethylhexyl) adipate;bis(2-ethylhexyl) hexanedioate;Bis(2-ethylhexyl)adipate;bis(2-ethylhexyl)ester hexanedioic acid;Di-(2-Ethylhexyl) Adipate;DI-2-ETHYLHEXYL ADIPATE;Di(2-ethylhexyl) adipate;di(2-ethylhexyl) adipate (hexanedioic acid, bis(2-ethylhexyl) ester) (deha);di(2-Ethylhexyl)adipate;dioctyl adipate;Hexanedioic acid, 1,6-bis(2-ethylhexyl) ester;Hexanedioic acid, bis(2-ethylhexyl) ester;hexanedioic acid, bis(2-ethylhexyl)ester;hexanedioic_acid,_bis(2-ethylhexyl)ester;hexanedioic|di(2-ethylhexyl)adipate|di-(2-ethylhexyl)|hexanedioate|(2-ethylhexyl)|di-2-ethylhexyl|acid,|adipic|ester",,,,,,,,,,,,,,,,,,,,,,,,,,,,,,,,,,,,,,,,,,,,,,,,,,,,,,,,,,,,,,,,,,,,,,,,,,,,,,,,,,,,,,,,,,,,,,,,,,,,,,,,,,,,,,,,,,,,,,,,,,,,,,,,Human Health Hazards#Genetic Toxicity,Genotoxicity OASIS,,,Gene mutation,,,False,Categorical data,Equal,,,,,Bacterial Reverse Mutation Assay (e.g. Ames Test),,Salmonella typhimurium,,,,,,,,,,,,,,,P&G,,,,,,,,,,,,,,,,,,,,,,,,,,,,,,,,,,,,,,,,,,,7772,,,,,,,,,,,,,,,,,,,,,,,,,,,,,,,,,,,,,,,,,,,,,,,,,,,,,,,,,,,,in Vitro,TA 1537,,,,,,,,,,,,With S9,Gene Mutation,rat,,,,,,,,,,,,,,,,,,,,,,,,,,,,,,,,,,,,,,,,,,,,,,,,,,,,,,,,,,,,,,,,,,,,,,,,,,,,,,,,,,,,,,,,,Negative,,,Gene mutation I,,,Negative,,,Gene mutation I,,
103-23-1,"|bis(2-ethylhexyl)|ester|bis(2-ethylhexyl)adipate|1,6-bis(2-ethylhexyl)|hexanedioic acid, bis(2-ethylhexyl)ester;|bis(2-ethylhexyl)ester|di-2-ethylhexyl adipate|adipate;|di|acid|di(2-ethylhexyl)|bis(2-ethylhexyl)ester;1,6-bis(2-ethylhexyl) hexanedioate;Adipic acid, bis(2-ethylhexyl) ester;ADIPIC ACID, DI (2-ETHYLHEXYL) ESTER;bis(2-ethylhexyl) adipate;bis(2-ethylhexyl) hexanedioate;Bis(2-ethylhexyl)adipate;bis(2-ethylhexyl)ester hexanedioic acid;Di-(2-Ethylhexyl) Adipate;DI-2-ETHYLHEXYL ADIPATE;Di(2-ethylhexyl) adipate;di(2-ethylhexyl) adipate (hexanedioic acid, bis(2-ethylhexyl) ester) (deha);di(2-Ethylhexyl)adipate;dioctyl adipate;Hexanedioic acid, 1,6-bis(2-ethylhexyl) ester;Hexanedioic acid, bis(2-ethylhexyl) ester;hexanedioic acid, bis(2-ethylhexyl)ester;hexanedioic_acid,_bis(2-ethylhexyl)ester;hexanedioic|di(2-ethylhexyl)adipate|di-(2-ethylhexyl)|hexanedioate|(2-ethylhexyl)|di-2-ethylhexyl|acid,|adipic|ester",,,,,,,,,,,,,,,,,,,,,,,,,,,,,,,,,,,,,,,,,,,,,,,,,,,,,,,,,,,,,,,,,,,,,,,,,,,,,,,,,,,,,,,,,,,,,,,,,,,,,,,,,,,,,,,,,,,,,,,,,,,,,,,,Human Health Hazards#Genetic Toxicity,Bacterial mutagenicity ISSSTY,02.5.2011,,Gene mutation,,,False,Categorical data,Equal,"CCRIS database,Toxnet databases",,,,Bacterial Reverse Mutation Assay (e.g. Ames Test),,Salmonella typhimurium,,,,,,,,,,,,,,,Romualdo Benigni,,,,,,,,,,,,,,,,,,,,,,,,,,,,,,,,,,,,,,,,,,,6856,,,,,,,,,,,,,,,,,,,,,,,,,,,,,,,,,,,,,,,,,,,,,,,,,,,,,,,,,,,,in Vitro,TA 1537,,,,,,,,524,,,,With S9,Gene Mutation,,Negative,,,,,,,,,,,,,,,,,,,,,,,,,,,,,,,,,,,,,,,,,,,,,,,,,,,,,,,,,,,,,,,,,,,,,,,,,,,,,,,,,,,,,,,,Negative,,,Gene mutation I,,,Negative,,,Gene mutation I,,
103-23-1,"|bis(2-ethylhexyl)|ester|bis(2-ethylhexyl)adipate|1,6-bis(2-ethylhexyl)|hexanedioic acid, bis(2-ethylhexyl)ester;|bis(2-ethylhexyl)ester|di-2-ethylhexyl adipate|adipate;|di|acid|di(2-ethylhexyl)|bis(2-ethylhexyl)ester;1,6-bis(2-ethylhexyl) hexanedioate;Adipic acid, bis(2-ethylhexyl) ester;ADIPIC ACID, DI (2-ETHYLHEXYL) ESTER;bis(2-ethylhexyl) adipate;bis(2-ethylhexyl) hexanedioate;Bis(2-ethylhexyl)adipate;bis(2-ethylhexyl)ester hexanedioic acid;Di-(2-Ethylhexyl) Adipate;DI-2-ETHYLHEXYL ADIPATE;Di(2-ethylhexyl) adipate;di(2-ethylhexyl) adipate (hexanedioic acid, bis(2-ethylhexyl) ester) (deha);di(2-Ethylhexyl)adipate;dioctyl adipate;Hexanedioic acid, 1,6-bis(2-ethylhexyl) ester;Hexanedioic acid, bis(2-ethylhexyl) ester;hexanedioic acid, bis(2-ethylhexyl)ester;hexanedioic_acid,_bis(2-ethylhexyl)ester;hexanedioic|di(2-ethylhexyl)adipate|di-(2-ethylhexyl)|hexanedioate|(2-ethylhexyl)|di-2-ethylhexyl|acid,|adipic|ester",,,,,,,,,,,,,,,,,,,,,,,,,,,,,,,,,,,,,,,,,,,,,,,,,,,,,,,,,,,,,,,,,,,,,,,,,,,,,,,,,,,,,,,,,,,,,,,,,,,,,,,,,,,,,,,,,,,,,,,,,,,,,,,,Human Health Hazards#Genetic Toxicity,Genotoxicity OASIS,,,Gene mutation,,,False,Categorical data,Equal,,,,,Bacterial Reverse Mutation Assay (e.g. Ames Test),,Salmonella typhimurium,,,,,,,,,,,,,,,P&G,,,,,,,,,,,,,,,,,,,,,,,,,,,,,,,,,,,,,,,,,,,7775,,,,,,,,,,,,,,,,,,,,,,,,,,,,,,,,,,,,,,,,,,,,,,,,,,,,,,,,,,,,in Vitro,TA 1538,,,,,,,,,,,,With S9,Gene Mutation,rat,,,,,,,,,,,,,,,,,,,,,,,,,,,,,,,,,,,,,,,,,,,,,,,,,,,,,,,,,,,,,,,,,,,,,,,,,,,,,,,,,,,,,,,,,Negative,,,Gene mutation I,,,Negative,,,Gene mutation I,,
103-23-1,"|bis(2-ethylhexyl)|ester|bis(2-ethylhexyl)adipate|1,6-bis(2-ethylhexyl)|hexanedioic acid, bis(2-ethylhexyl)ester;|bis(2-ethylhexyl)ester|di-2-ethylhexyl adipate|adipate;|di|acid|di(2-ethylhexyl)|bis(2-ethylhexyl)ester;1,6-bis(2-ethylhexyl) hexanedioate;Adipic acid, bis(2-ethylhexyl) ester;ADIPIC ACID, DI (2-ETHYLHEXYL) ESTER;bis(2-ethylhexyl) adipate;bis(2-ethylhexyl) hexanedioate;Bis(2-ethylhexyl)adipate;bis(2-ethylhexyl)ester hexanedioic acid;Di-(2-Ethylhexyl) Adipate;DI-2-ETHYLHEXYL ADIPATE;Di(2-ethylhexyl) adipate;di(2-ethylhexyl) adipate (hexanedioic acid, bis(2-ethylhexyl) ester) (deha);di(2-Ethylhexyl)adipate;dioctyl adipate;Hexanedioic acid, 1,6-bis(2-ethylhexyl) ester;Hexanedioic acid, bis(2-ethylhexyl) ester;hexanedioic acid, bis(2-ethylhexyl)ester;hexanedioic_acid,_bis(2-ethylhexyl)ester;hexanedioic|di(2-ethylhexyl)adipate|di-(2-ethylhexyl)|hexanedioate|(2-ethylhexyl)|di-2-ethylhexyl|acid,|adipic|ester",,,,,,,,,,,,,,,,,,,,,,,,,,,,,,,,,,,,,,,,,,,,,,,,,,,,,,,,,,,,,,,,,,,,,,,,,,,,,,,,,,,,,,,,,,,,,,,,,,,,,,,,,,,,,,,,,,,,,,,,,,,,,,,,Human Health Hazards#Genetic Toxicity,Genotoxicity OASIS,,,Gene mutation,,,False,Categorical data,Equal,,,,,Bacterial Reverse Mutation Assay (e.g. Ames Test),,Salmonella typhimurium,,,,,,,,,,,,,,,P&G,,,,,,,,,,,,,,,,,,,,,,,,,,,,,,,,,,,,,,,,,,,7782,,,,,,,,,,,,,,,,,,,,,,,,,,,,,,,,,,,,,,,,,,,,,,,,,,,,,,,,,,,,in Vitro,TA 97,,,,,,,,,,,,With S9,Gene Mutation,rat,,,,,,,,,,,,,,,,,,,,,,,,,,,,,,,,,,,,,,,,,,,,,,,,,,,,,,,,,,,,,,,,,,,,,,,,,,,,,,,,,,,,,,,,,Negative,,,Gene mutation I,,,Negative,,,Gene mutation I,,
103-23-1,"|bis(2-ethylhexyl)|ester|bis(2-ethylhexyl)adipate|1,6-bis(2-ethylhexyl)|hexanedioic acid, bis(2-ethylhexyl)ester;|bis(2-ethylhexyl)ester|di-2-ethylhexyl adipate|adipate;|di|acid|di(2-ethylhexyl)|bis(2-ethylhexyl)ester;1,6-bis(2-ethylhexyl) hexanedioate;Adipic acid, bis(2-ethylhexyl) ester;ADIPIC ACID, DI (2-ETHYLHEXYL) ESTER;bis(2-ethylhexyl) adipate;bis(2-ethylhexyl) hexanedioate;Bis(2-ethylhexyl)adipate;bis(2-ethylhexyl)ester hexanedioic acid;Di-(2-Ethylhexyl) Adipate;DI-2-ETHYLHEXYL ADIPATE;Di(2-ethylhexyl) adipate;di(2-ethylhexyl) adipate (hexanedioic acid, bis(2-ethylhexyl) ester) (deha);di(2-Ethylhexyl)adipate;dioctyl adipate;Hexanedioic acid, 1,6-bis(2-ethylhexyl) ester;Hexanedioic acid, bis(2-ethylhexyl) ester;hexanedioic acid, bis(2-ethylhexyl)ester;hexanedioic_acid,_bis(2-ethylhexyl)ester;hexanedioic|di(2-ethylhexyl)adipate|di-(2-ethylhexyl)|hexanedioate|(2-ethylhexyl)|di-2-ethylhexyl|acid,|adipic|ester",,,,,,,,,,,,,,,,,,,,,,,,,,,,,,,,,,,,,,,,,,,,,,,,,,,,,,,,,,,,,,,,,,,,,,,,,,,,,,,,,,,,,,,,,,,,,,,,,,,,,,,,,,,,,,,,,,,,,,,,,,,,,,,,Human Health Hazards#Genetic Toxicity,Genotoxicity OASIS,,,Gene mutation,,,False,Categorical data,Equal,,,,,Bacterial Reverse Mutation Assay (e.g. Ames Test),,Salmonella typhimurium,,,,,,,,,,,,,,,P&G,,,,,,,,,,,,,,,,,,,,,,,,,,,,,,,,,,,,,,,,,,,7769,,,,,,,,,,,,,,,,,,,,,,,,,,,,,,,,,,,,,,,,,,,,,,,,,,,,,,,,,,,,in Vitro,TA 98,,,,,,,,,,,,With S9,Gene Mutation,rat,,,,,,,,,,,,,,,,,,,,,,,,,,,,,,,,,,,,,,,,,,,,,,,,,,,,,,,,,,,,,,,,,,,,,,,,,,,,,,,,,,,,,,,,,Negative,,,Gene mutation I,,,Negative,,,Gene mutation I,,
103-23-1,"|bis(2-ethylhexyl)|ester|bis(2-ethylhexyl)adipate|1,6-bis(2-ethylhexyl)|hexanedioic acid, bis(2-ethylhexyl)ester;|bis(2-ethylhexyl)ester|di-2-ethylhexyl adipate|adipate;|di|acid|di(2-ethylhexyl)|bis(2-ethylhexyl)ester;1,6-bis(2-ethylhexyl) hexanedioate;Adipic acid, bis(2-ethylhexyl) ester;ADIPIC ACID, DI (2-ETHYLHEXYL) ESTER;bis(2-ethylhexyl) adipate;bis(2-ethylhexyl) hexanedioate;Bis(2-ethylhexyl)adipate;bis(2-ethylhexyl)ester hexanedioic acid;Di-(2-Ethylhexyl) Adipate;DI-2-ETHYLHEXYL ADIPATE;Di(2-ethylhexyl) adipate;di(2-ethylhexyl) adipate (hexanedioic acid, bis(2-ethylhexyl) ester) (deha);di(2-Ethylhexyl)adipate;dioctyl adipate;Hexanedioic acid, 1,6-bis(2-ethylhexyl) ester;Hexanedioic acid, bis(2-ethylhexyl) ester;hexanedioic acid, bis(2-ethylhexyl)ester;hexanedioic_acid,_bis(2-ethylhexyl)ester;hexanedioic|di(2-ethylhexyl)adipate|di-(2-ethylhexyl)|hexanedioate|(2-ethylhexyl)|di-2-ethylhexyl|acid,|adipic|ester",,,,,,,,,,,,,,,,,,,,,,,,,,,,,,,,,,,,,,,,,,,,,,,,,,,,,,,,,,,,,,,,,,,,,,,,,,,,,,,,,,,,,,,,,,,,,,,,,,,,,,,,,,,,,,,,,,,,,,,,,,,,,,,,Human Health Hazards#Genetic Toxicity,Bacterial mutagenicity ISSSTY,02.5.2011,,Gene mutation,,,False,Categorical data,Equal,"CCRIS database,Toxnet databases",,,,Bacterial Reverse Mutation Assay (e.g. Ames Test),,Salmonella typhimurium,,,,,,,,,,,,,,,Romualdo Benigni,,,,,,,,,,,,,,,,,,,,,,,,,,,,,,,,,,,,,,,,,,,6857,,,,,,,,,,,,,,,,,,,,,,,,,,,,,,,,,,,,,,,,,,,,,,,,,,,,,,,,,,,,in Vitro,TA 98,,,,,,,,524,,,,With S9,Gene Mutation,,Negative,,,,,,,,,,,,,,,,,,,,,,,,,,,,,,,,,,,,,,,,,,,,,,,,,,,,,,,,,,,,,,,,,,,,,,,,,,,,,,,,,,,,,,,,Negative,,,Gene mutation I,,,Negative,,,Gene mutation I,,
103-23-1,"|bis(2-ethylhexyl)|ester|bis(2-ethylhexyl)adipate|1,6-bis(2-ethylhexyl)|hexanedioic acid, bis(2-ethylhexyl)ester;|bis(2-ethylhexyl)ester|di-2-ethylhexyl adipate|adipate;|di|acid|di(2-ethylhexyl)|bis(2-ethylhexyl)ester;1,6-bis(2-ethylhexyl) hexanedioate;Adipic acid, bis(2-ethylhexyl) ester;ADIPIC ACID, DI (2-ETHYLHEXYL) ESTER;bis(2-ethylhexyl) adipate;bis(2-ethylhexyl) hexanedioate;Bis(2-ethylhexyl)adipate;bis(2-ethylhexyl)ester hexanedioic acid;Di-(2-Ethylhexyl) Adipate;DI-2-ETHYLHEXYL ADIPATE;Di(2-ethylhexyl) adipate;di(2-ethylhexyl) adipate (hexanedioic acid, bis(2-ethylhexyl) ester) (deha);di(2-Ethylhexyl)adipate;dioctyl adipate;Hexanedioic acid, 1,6-bis(2-ethylhexyl) ester;Hexanedioic acid, bis(2-ethylhexyl) ester;hexanedioic acid, bis(2-ethylhexyl)ester;hexanedioic_acid,_bis(2-ethylhexyl)ester;hexanedioic|di(2-ethylhexyl)adipate|di-(2-ethylhexyl)|hexanedioate|(2-ethylhexyl)|di-2-ethylhexyl|acid,|adipic|ester",,,,,,,,,,,,,,,,,,,,,,,,,,,,,,,,,,,,,,,,,,,,,,,,,,,,,,,,,,,,,,,,,,,,,,,,,,,,,,,,,,,,,,,,,,,,,,,,,,,,,,,,,,,,,,,,,,,,,,,,,,,,,,,,Human Health Hazards#Genetic Toxicity,Genotoxicity OASIS,,,Gene mutation,,,False,Categorical data,Equal,,,,,Bacterial Reverse Mutation Assay (e.g. Ames Test),,Salmonella typhimurium,,,,,,,,,,,,,,,P&G,,,,,,,,,,,,,,,,,,,,,,,,,,,,,,,,,,,,,,,,,,,7778,,,,,,,,,,,,,,,,,,,,,,,,,,,,,,,,,,,,,,,,,,,,,,,,,,,,,,,,,,,,in Vitro,TA 100,,,,,,,,,,,,Without S9,Gene Mutation,,,,,,,,,,,,,,,,,,,,,,,,,,,,,,,,,,,,,,,,,,,,,,,,,,,,,,,,,,,,,,,,,,,,,,,,,,,,,,,,,,,,,,,,,,Negative,,,Gene mutation I,,,Negative,,,Gene mutation I,,
103-23-1,"|bis(2-ethylhexyl)|ester|bis(2-ethylhexyl)adipate|1,6-bis(2-ethylhexyl)|hexanedioic acid, bis(2-ethylhexyl)ester;|bis(2-ethylhexyl)ester|di-2-ethylhexyl adipate|adipate;|di|acid|di(2-ethylhexyl)|bis(2-ethylhexyl)ester;1,6-bis(2-ethylhexyl) hexanedioate;Adipic acid, bis(2-ethylhexyl) ester;ADIPIC ACID, DI (2-ETHYLHEXYL) ESTER;bis(2-ethylhexyl) adipate;bis(2-ethylhexyl) hexanedioate;Bis(2-ethylhexyl)adipate;bis(2-ethylhexyl)ester hexanedioic acid;Di-(2-Ethylhexyl) Adipate;DI-2-ETHYLHEXYL ADIPATE;Di(2-ethylhexyl) adipate;di(2-ethylhexyl) adipate (hexanedioic acid, bis(2-ethylhexyl) ester) (deha);di(2-Ethylhexyl)adipate;dioctyl adipate;Hexanedioic acid, 1,6-bis(2-ethylhexyl) ester;Hexanedioic acid, bis(2-ethylhexyl) ester;hexanedioic acid, bis(2-ethylhexyl)ester;hexanedioic_acid,_bis(2-ethylhexyl)ester;hexanedioic|di(2-ethylhexyl)adipate|di-(2-ethylhexyl)|hexanedioate|(2-ethylhexyl)|di-2-ethylhexyl|acid,|adipic|ester",,,,,,,,,,,,,,,,,,,,,,,,,,,,,,,,,,,,,,,,,,,,,,,,,,,,,,,,,,,,,,,,,,,,,,,,,,,,,,,,,,,,,,,,,,,,,,,,,,,,,,,,,,,,,,,,,,,,,,,,,,,,,,,,Human Health Hazards#Genetic Toxicity,Bacterial mutagenicity ISSSTY,02.5.2011,,Gene mutation,,,False,Categorical data,Equal,"CCRIS database,Toxnet databases",,,,Bacterial Reverse Mutation Assay (e.g. Ames Test),,Salmonella typhimurium,,,,,,,,,,,,,,,Romualdo Benigni,,,,,,,,,,,,,,,,,,,,,,,,,,,,,,,,,,,,,,,,,,,6858,,,,,,,,,,,,,,,,,,,,,,,,,,,,,,,,,,,,,,,,,,,,,,,,,,,,,,,,,,,,in Vitro,TA 100,,,,,,,,524,,,,Without S9,Gene Mutation,,Negative,,,,,,,,,,,,,,,,,,,,,,,,,,,,,,,,,,,,,,,,,,,,,,,,,,,,,,,,,,,,,,,,,,,,,,,,,,,,,,,,,,,,,,,,Negative,,,Gene mutation I,,,Negative,,,Gene mutation I,,
103-23-1,"|bis(2-ethylhexyl)|ester|bis(2-ethylhexyl)adipate|1,6-bis(2-ethylhexyl)|hexanedioic acid, bis(2-ethylhexyl)ester;|bis(2-ethylhexyl)ester|di-2-ethylhexyl adipate|adipate;|di|acid|di(2-ethylhexyl)|bis(2-ethylhexyl)ester;1,6-bis(2-ethylhexyl) hexanedioate;Adipic acid, bis(2-ethylhexyl) ester;ADIPIC ACID, DI (2-ETHYLHEXYL) ESTER;bis(2-ethylhexyl) adipate;bis(2-ethylhexyl) hexanedioate;Bis(2-ethylhexyl)adipate;bis(2-ethylhexyl)ester hexanedioic acid;Di-(2-Ethylhexyl) Adipate;DI-2-ETHYLHEXYL ADIPATE;Di(2-ethylhexyl) adipate;di(2-ethylhexyl) adipate (hexanedioic acid, bis(2-ethylhexyl) ester) (deha);di(2-Ethylhexyl)adipate;dioctyl adipate;Hexanedioic acid, 1,6-bis(2-ethylhexyl) ester;Hexanedioic acid, bis(2-ethylhexyl) ester;hexanedioic acid, bis(2-ethylhexyl)ester;hexanedioic_acid,_bis(2-ethylhexyl)ester;hexanedioic|di(2-ethylhexyl)adipate|di-(2-ethylhexyl)|hexanedioate|(2-ethylhexyl)|di-2-ethylhexyl|acid,|adipic|ester",,,,,,,,,,,,,,,,,,,,,,,,,,,,,,,,,,,,,,,,,,,,,,,,,,,,,,,,,,,,,,,,,,,,,,,,,,,,,,,,,,,,,,,,,,,,,,,,,,,,,,,,,,,,,,,,,,,,,,,,,,,,,,,,Human Health Hazards#Genetic Toxicity,Genotoxicity OASIS,,,Gene mutation,,OECD Guideline 471 (Bacterial Reverse Mutation Assay),False,Categorical data,Equal,"Driven H.A.A.M at all., Non-mutagenicity of 4 metabolites of di(2-ethylhexyl)phthalate (DEHP) and 3 structurally related derivatives of di(2-ethylhexyl)adipate (DEHA) in the Salmonella mutagenicity assay. Mutatton Research, 260 (1991) 121-130",,,,Bacterial Reverse Mutation Assay (e.g. Ames Test),,Salmonella typhimurium,,,,,,,,,,,,,,,Driven H.A.A.M at all.,,,,,,,,,,,,,,,,,,,,,,,,,,,,,,,,,,,,,,,,,,,31212,,,,,,,,,,,,,,,,,,,,,,,,,,,,,,,,,,,,,,,,,,,,,,,,,,,,,,,,,,,,in Vitro,TA 102,,,,,,,,,,,,Without S9,Gene Mutation,,,,,,,,,,,,,,,,,,,,,,,,,,,,,,,,,,,,,,,,,,,,,,,,,,,,,,,,,,,,,,,,,,,,,,,,,,,,,,,,,,,,,,,,,,Negative,,,Gene mutation I,,,Negative,,,Gene mutation I,,
103-23-1,"|bis(2-ethylhexyl)|ester|bis(2-ethylhexyl)adipate|1,6-bis(2-ethylhexyl)|hexanedioic acid, bis(2-ethylhexyl)ester;|bis(2-ethylhexyl)ester|di-2-ethylhexyl adipate|adipate;|di|acid|di(2-ethylhexyl)|bis(2-ethylhexyl)ester;1,6-bis(2-ethylhexyl) hexanedioate;Adipic acid, bis(2-ethylhexyl) ester;ADIPIC ACID, DI (2-ETHYLHEXYL) ESTER;bis(2-ethylhexyl) adipate;bis(2-ethylhexyl) hexanedioate;Bis(2-ethylhexyl)adipate;bis(2-ethylhexyl)ester hexanedioic acid;Di-(2-Ethylhexyl) Adipate;DI-2-ETHYLHEXYL ADIPATE;Di(2-ethylhexyl) adipate;di(2-ethylhexyl) adipate (hexanedioic acid, bis(2-ethylhexyl) ester) (deha);di(2-Ethylhexyl)adipate;dioctyl adipate;Hexanedioic acid, 1,6-bis(2-ethylhexyl) ester;Hexanedioic acid, bis(2-ethylhexyl) ester;hexanedioic acid, bis(2-ethylhexyl)ester;hexanedioic_acid,_bis(2-ethylhexyl)ester;hexanedioic|di(2-ethylhexyl)adipate|di-(2-ethylhexyl)|hexanedioate|(2-ethylhexyl)|di-2-ethylhexyl|acid,|adipic|ester",,,,,,,,,,,,,,,,,,,,,,,,,,,,,,,,,,,,,,,,,,,,,,,,,,,,,,,,,,,,,,,,,,,,,,,,,,,,,,,,,,,,,,,,,,,,,,,,,,,,,,,,,,,,,,,,,,,,,,,,,,,,,,,,Human Health Hazards#Genetic Toxicity,Genotoxicity OASIS,,,Gene mutation,,,False,Categorical data,Equal,,,,,Bacterial Reverse Mutation Assay (e.g. Ames Test),,Salmonella typhimurium,,,,,,,,,,,,,,,P&G,,,,,,,,,,,,,,,,,,,,,,,,,,,,,,,,,,,,,,,,,,,7779,,,,,,,,,,,,,,,,,,,,,,,,,,,,,,,,,,,,,,,,,,,,,,,,,,,,,,,,,,,,in Vitro,TA 1535,,,,,,,,,,,,Without S9,Gene Mutation,,,,,,,,,,,,,,,,,,,,,,,,,,,,,,,,,,,,,,,,,,,,,,,,,,,,,,,,,,,,,,,,,,,,,,,,,,,,,,,,,,,,,,,,,,Negative,,,Gene mutation I,,,Negative,,,Gene mutation I,,
103-23-1,"|bis(2-ethylhexyl)|ester|bis(2-ethylhexyl)adipate|1,6-bis(2-ethylhexyl)|hexanedioic acid, bis(2-ethylhexyl)ester;|bis(2-ethylhexyl)ester|di-2-ethylhexyl adipate|adipate;|di|acid|di(2-ethylhexyl)|bis(2-ethylhexyl)ester;1,6-bis(2-ethylhexyl) hexanedioate;Adipic acid, bis(2-ethylhexyl) ester;ADIPIC ACID, DI (2-ETHYLHEXYL) ESTER;bis(2-ethylhexyl) adipate;bis(2-ethylhexyl) hexanedioate;Bis(2-ethylhexyl)adipate;bis(2-ethylhexyl)ester hexanedioic acid;Di-(2-Ethylhexyl) Adipate;DI-2-ETHYLHEXYL ADIPATE;Di(2-ethylhexyl) adipate;di(2-ethylhexyl) adipate (hexanedioic acid, bis(2-ethylhexyl) ester) (deha);di(2-Ethylhexyl)adipate;dioctyl adipate;Hexanedioic acid, 1,6-bis(2-ethylhexyl) ester;Hexanedioic acid, bis(2-ethylhexyl) ester;hexanedioic acid, bis(2-ethylhexyl)ester;hexanedioic_acid,_bis(2-ethylhexyl)ester;hexanedioic|di(2-ethylhexyl)adipate|di-(2-ethylhexyl)|hexanedioate|(2-ethylhexyl)|di-2-ethylhexyl|acid,|adipic|ester",,,,,,,,,,,,,,,,,,,,,,,,,,,,,,,,,,,,,,,,,,,,,,,,,,,,,,,,,,,,,,,,,,,,,,,,,,,,,,,,,,,,,,,,,,,,,,,,,,,,,,,,,,,,,,,,,,,,,,,,,,,,,,,,Human Health Hazards#Genetic Toxicity,Bacterial mutagenicity ISSSTY,02.5.2011,,Gene mutation,,,False,Categorical data,Equal,"CCRIS database,Toxnet databases",,,,Bacterial Reverse Mutation Assay (e.g. Ames Test),,Salmonella typhimurium,,,,,,,,,,,,,,,Romualdo Benigni,,,,,,,,,,,,,,,,,,,,,,,,,,,,,,,,,,,,,,,,,,,6859,,,,,,,,,,,,,,,,,,,,,,,,,,,,,,,,,,,,,,,,,,,,,,,,,,,,,,,,,,,,in Vitro,TA 1535,,,,,,,,524,,,,Without S9,Gene Mutation,,Negative,,,,,,,,,,,,,,,,,,,,,,,,,,,,,,,,,,,,,,,,,,,,,,,,,,,,,,,,,,,,,,,,,,,,,,,,,,,,,,,,,,,,,,,,Negative,,,Gene mutation I,,,Negative,,,Gene mutation I,,
103-23-1,"|bis(2-ethylhexyl)|ester|bis(2-ethylhexyl)adipate|1,6-bis(2-ethylhexyl)|hexanedioic acid, bis(2-ethylhexyl)ester;|bis(2-ethylhexyl)ester|di-2-ethylhexyl adipate|adipate;|di|acid|di(2-ethylhexyl)|bis(2-ethylhexyl)ester;1,6-bis(2-ethylhexyl) hexanedioate;Adipic acid, bis(2-ethylhexyl) ester;ADIPIC ACID, DI (2-ETHYLHEXYL) ESTER;bis(2-ethylhexyl) adipate;bis(2-ethylhexyl) hexanedioate;Bis(2-ethylhexyl)adipate;bis(2-ethylhexyl)ester hexanedioic acid;Di-(2-Ethylhexyl) Adipate;DI-2-ETHYLHEXYL ADIPATE;Di(2-ethylhexyl) adipate;di(2-ethylhexyl) adipate (hexanedioic acid, bis(2-ethylhexyl) ester) (deha);di(2-Ethylhexyl)adipate;dioctyl adipate;Hexanedioic acid, 1,6-bis(2-ethylhexyl) ester;Hexanedioic acid, bis(2-ethylhexyl) ester;hexanedioic acid, bis(2-ethylhexyl)ester;hexanedioic_acid,_bis(2-ethylhexyl)ester;hexanedioic|di(2-ethylhexyl)adipate|di-(2-ethylhexyl)|hexanedioate|(2-ethylhexyl)|di-2-ethylhexyl|acid,|adipic|ester",,,,,,,,,,,,,,,,,,,,,,,,,,,,,,,,,,,,,,,,,,,,,,,,,,,,,,,,,,,,,,,,,,,,,,,,,,,,,,,,,,,,,,,,,,,,,,,,,,,,,,,,,,,,,,,,,,,,,,,,,,,,,,,,Human Health Hazards#Genetic Toxicity,Genotoxicity OASIS,,,Gene mutation,,,False,Categorical data,Equal,,,,,Bacterial Reverse Mutation Assay (e.g. Ames Test),,Salmonella typhimurium,,,,,,,,,,,,,,,P&G,,,,,,,,,,,,,,,,,,,,,,,,,,,,,,,,,,,,,,,,,,,7780,,,,,,,,,,,,,,,,,,,,,,,,,,,,,,,,,,,,,,,,,,,,,,,,,,,,,,,,,,,,in Vitro,TA 1537,,,,,,,,,,,,Without S9,Gene Mutation,,,,,,,,,,,,,,,,,,,,,,,,,,,,,,,,,,,,,,,,,,,,,,,,,,,,,,,,,,,,,,,,,,,,,,,,,,,,,,,,,,,,,,,,,,Negative,,,Gene mutation I,,,Negative,,,Gene mutation I,,
103-23-1,"|bis(2-ethylhexyl)|ester|bis(2-ethylhexyl)adipate|1,6-bis(2-ethylhexyl)|hexanedioic acid, bis(2-ethylhexyl)ester;|bis(2-ethylhexyl)ester|di-2-ethylhexyl adipate|adipate;|di|acid|di(2-ethylhexyl)|bis(2-ethylhexyl)ester;1,6-bis(2-ethylhexyl) hexanedioate;Adipic acid, bis(2-ethylhexyl) ester;ADIPIC ACID, DI (2-ETHYLHEXYL) ESTER;bis(2-ethylhexyl) adipate;bis(2-ethylhexyl) hexanedioate;Bis(2-ethylhexyl)adipate;bis(2-ethylhexyl)ester hexanedioic acid;Di-(2-Ethylhexyl) Adipate;DI-2-ETHYLHEXYL ADIPATE;Di(2-ethylhexyl) adipate;di(2-ethylhexyl) adipate (hexanedioic acid, bis(2-ethylhexyl) ester) (deha);di(2-Ethylhexyl)adipate;dioctyl adipate;Hexanedioic acid, 1,6-bis(2-ethylhexyl) ester;Hexanedioic acid, bis(2-ethylhexyl) ester;hexanedioic acid, bis(2-ethylhexyl)ester;hexanedioic_acid,_bis(2-ethylhexyl)ester;hexanedioic|di(2-ethylhexyl)adipate|di-(2-ethylhexyl)|hexanedioate|(2-ethylhexyl)|di-2-ethylhexyl|acid,|adipic|ester",,,,,,,,,,,,,,,,,,,,,,,,,,,,,,,,,,,,,,,,,,,,,,,,,,,,,,,,,,,,,,,,,,,,,,,,,,,,,,,,,,,,,,,,,,,,,,,,,,,,,,,,,,,,,,,,,,,,,,,,,,,,,,,,Human Health Hazards#Genetic Toxicity,Bacterial mutagenicity ISSSTY,02.5.2011,,Gene mutation,,,False,Categorical data,Equal,"CCRIS database,Toxnet databases",,,,Bacterial Reverse Mutation Assay (e.g. Ames Test),,Salmonella typhimurium,,,,,,,,,,,,,,,Romualdo Benigni,,,,,,,,,,,,,,,,,,,,,,,,,,,,,,,,,,,,,,,,,,,6860,,,,,,,,,,,,,,,,,,,,,,,,,,,,,,,,,,,,,,,,,,,,,,,,,,,,,,,,,,,,in Vitro,TA 1537,,,,,,,,524,,,,Without S9,Gene Mutation,,Negative,,,,,,,,,,,,,,,,,,,,,,,,,,,,,,,,,,,,,,,,,,,,,,,,,,,,,,,,,,,,,,,,,,,,,,,,,,,,,,,,,,,,,,,,Negative,,,Gene mutation I,,,Negative,,,Gene mutation I,,
103-23-1,"|bis(2-ethylhexyl)|ester|bis(2-ethylhexyl)adipate|1,6-bis(2-ethylhexyl)|hexanedioic acid, bis(2-ethylhexyl)ester;|bis(2-ethylhexyl)ester|di-2-ethylhexyl adipate|adipate;|di|acid|di(2-ethylhexyl)|bis(2-ethylhexyl)ester;1,6-bis(2-ethylhexyl) hexanedioate;Adipic acid, bis(2-ethylhexyl) ester;ADIPIC ACID, DI (2-ETHYLHEXYL) ESTER;bis(2-ethylhexyl) adipate;bis(2-ethylhexyl) hexanedioate;Bis(2-ethylhexyl)adipate;bis(2-ethylhexyl)ester hexanedioic acid;Di-(2-Ethylhexyl) Adipate;DI-2-ETHYLHEXYL ADIPATE;Di(2-ethylhexyl) adipate;di(2-ethylhexyl) adipate (hexanedioic acid, bis(2-ethylhexyl) ester) (deha);di(2-Ethylhexyl)adipate;dioctyl adipate;Hexanedioic acid, 1,6-bis(2-ethylhexyl) ester;Hexanedioic acid, bis(2-ethylhexyl) ester;hexanedioic acid, bis(2-ethylhexyl)ester;hexanedioic_acid,_bis(2-ethylhexyl)ester;hexanedioic|di(2-ethylhexyl)adipate|di-(2-ethylhexyl)|hexanedioate|(2-ethylhexyl)|di-2-ethylhexyl|acid,|adipic|ester",,,,,,,,,,,,,,,,,,,,,,,,,,,,,,,,,,,,,,,,,,,,,,,,,,,,,,,,,,,,,,,,,,,,,,,,,,,,,,,,,,,,,,,,,,,,,,,,,,,,,,,,,,,,,,,,,,,,,,,,,,,,,,,,Human Health Hazards#Genetic Toxicity,Genotoxicity OASIS,,,Gene mutation,,,False,Categorical data,Equal,,,,,Bacterial Reverse Mutation Assay (e.g. Ames Test),,Salmonella typhimurium,,,,,,,,,,,,,,,P&G,,,,,,,,,,,,,,,,,,,,,,,,,,,,,,,,,,,,,,,,,,,7781,,,,,,,,,,,,,,,,,,,,,,,,,,,,,,,,,,,,,,,,,,,,,,,,,,,,,,,,,,,,in Vitro,TA 1538,,,,,,,,,,,,Without S9,Gene Mutation,,,,,,,,,,,,,,,,,,,,,,,,,,,,,,,,,,,,,,,,,,,,,,,,,,,,,,,,,,,,,,,,,,,,,,,,,,,,,,,,,,,,,,,,,,Negative,,,Gene mutation I,,,Negative,,,Gene mutation I,,
103-23-1,"|bis(2-ethylhexyl)|ester|bis(2-ethylhexyl)adipate|1,6-bis(2-ethylhexyl)|hexanedioic acid, bis(2-ethylhexyl)ester;|bis(2-ethylhexyl)ester|di-2-ethylhexyl adipate|adipate;|di|acid|di(2-ethylhexyl)|bis(2-ethylhexyl)ester;1,6-bis(2-ethylhexyl) hexanedioate;Adipic acid, bis(2-ethylhexyl) ester;ADIPIC ACID, DI (2-ETHYLHEXYL) ESTER;bis(2-ethylhexyl) adipate;bis(2-ethylhexyl) hexanedioate;Bis(2-ethylhexyl)adipate;bis(2-ethylhexyl)ester hexanedioic acid;Di-(2-Ethylhexyl) Adipate;DI-2-ETHYLHEXYL ADIPATE;Di(2-ethylhexyl) adipate;di(2-ethylhexyl) adipate (hexanedioic acid, bis(2-ethylhexyl) ester) (deha);di(2-Ethylhexyl)adipate;dioctyl adipate;Hexanedioic acid, 1,6-bis(2-ethylhexyl) ester;Hexanedioic acid, bis(2-ethylhexyl) ester;hexanedioic acid, bis(2-ethylhexyl)ester;hexanedioic_acid,_bis(2-ethylhexyl)ester;hexanedioic|di(2-ethylhexyl)adipate|di-(2-ethylhexyl)|hexanedioate|(2-ethylhexyl)|di-2-ethylhexyl|acid,|adipic|ester",,,,,,,,,,,,,,,,,,,,,,,,,,,,,,,,,,,,,,,,,,,,,,,,,,,,,,,,,,,,,,,,,,,,,,,,,,,,,,,,,,,,,,,,,,,,,,,,,,,,,,,,,,,,,,,,,,,,,,,,,,,,,,,,Human Health Hazards#Genetic Toxicity,Genotoxicity OASIS,,,Gene mutation,,,False,Categorical data,Equal,,,,,Bacterial Reverse Mutation Assay (e.g. Ames Test),,Salmonella typhimurium,,,,,,,,,,,,,,,P&G,,,,,,,,,,,,,,,,,,,,,,,,,,,,,,,,,,,,,,,,,,,7776,,,,,,,,,,,,,,,,,,,,,,,,,,,,,,,,,,,,,,,,,,,,,,,,,,,,,,,,,,,,in Vitro,TA 97,,,,,,,,,,,,Without S9,Gene Mutation,,,,,,,,,,,,,,,,,,,,,,,,,,,,,,,,,,,,,,,,,,,,,,,,,,,,,,,,,,,,,,,,,,,,,,,,,,,,,,,,,,,,,,,,,,Negative,,,Gene mutation I,,,Negative,,,Gene mutation I,,
103-23-1,"|bis(2-ethylhexyl)|ester|bis(2-ethylhexyl)adipate|1,6-bis(2-ethylhexyl)|hexanedioic acid, bis(2-ethylhexyl)ester;|bis(2-ethylhexyl)ester|di-2-ethylhexyl adipate|adipate;|di|acid|di(2-ethylhexyl)|bis(2-ethylhexyl)ester;1,6-bis(2-ethylhexyl) hexanedioate;Adipic acid, bis(2-ethylhexyl) ester;ADIPIC ACID, DI (2-ETHYLHEXYL) ESTER;bis(2-ethylhexyl) adipate;bis(2-ethylhexyl) hexanedioate;Bis(2-ethylhexyl)adipate;bis(2-ethylhexyl)ester hexanedioic acid;Di-(2-Ethylhexyl) Adipate;DI-2-ETHYLHEXYL ADIPATE;Di(2-ethylhexyl) adipate;di(2-ethylhexyl) adipate (hexanedioic acid, bis(2-ethylhexyl) ester) (deha);di(2-Ethylhexyl)adipate;dioctyl adipate;Hexanedioic acid, 1,6-bis(2-ethylhexyl) ester;Hexanedioic acid, bis(2-ethylhexyl) ester;hexanedioic acid, bis(2-ethylhexyl)ester;hexanedioic_acid,_bis(2-ethylhexyl)ester;hexanedioic|di(2-ethylhexyl)adipate|di-(2-ethylhexyl)|hexanedioate|(2-ethylhexyl)|di-2-ethylhexyl|acid,|adipic|ester",,,,,,,,,,,,,,,,,,,,,,,,,,,,,,,,,,,,,,,,,,,,,,,,,,,,,,,,,,,,,,,,,,,,,,,,,,,,,,,,,,,,,,,,,,,,,,,,,,,,,,,,,,,,,,,,,,,,,,,,,,,,,,,,Human Health Hazards#Genetic Toxicity,Genotoxicity OASIS,,,Gene mutation,,,False,Categorical data,Equal,,,,,Bacterial Reverse Mutation Assay (e.g. Ames Test),,Salmonella typhimurium,,,,,,,,,,,,,,,P&G,,,,,,,,,,,,,,,,,,,,,,,,,,,,,,,,,,,,,,,,,,,7777,,,,,,,,,,,,,,,,,,,,,,,,,,,,,,,,,,,,,,,,,,,,,,,,,,,,,,,,,,,,in Vitro,TA 98,,,,,,,,,,,,Without S9,Gene Mutation,,,,,,,,,,,,,,,,,,,,,,,,,,,,,,,,,,,,,,,,,,,,,,,,,,,,,,,,,,,,,,,,,,,,,,,,,,,,,,,,,,,,,,,,,,Negative,,,Gene mutation I,,,Negative,,,Gene mutation I,,
103-23-1,"|bis(2-ethylhexyl)|ester|bis(2-ethylhexyl)adipate|1,6-bis(2-ethylhexyl)|hexanedioic acid, bis(2-ethylhexyl)ester;|bis(2-ethylhexyl)ester|di-2-ethylhexyl adipate|adipate;|di|acid|di(2-ethylhexyl)|bis(2-ethylhexyl)ester;1,6-bis(2-ethylhexyl) hexanedioate;Adipic acid, bis(2-ethylhexyl) ester;ADIPIC ACID, DI (2-ETHYLHEXYL) ESTER;bis(2-ethylhexyl) adipate;bis(2-ethylhexyl) hexanedioate;Bis(2-ethylhexyl)adipate;bis(2-ethylhexyl)ester hexanedioic acid;Di-(2-Ethylhexyl) Adipate;DI-2-ETHYLHEXYL ADIPATE;Di(2-ethylhexyl) adipate;di(2-ethylhexyl) adipate (hexanedioic acid, bis(2-ethylhexyl) ester) (deha);di(2-Ethylhexyl)adipate;dioctyl adipate;Hexanedioic acid, 1,6-bis(2-ethylhexyl) ester;Hexanedioic acid, bis(2-ethylhexyl) ester;hexanedioic acid, bis(2-ethylhexyl)ester;hexanedioic_acid,_bis(2-ethylhexyl)ester;hexanedioic|di(2-ethylhexyl)adipate|di-(2-ethylhexyl)|hexanedioate|(2-ethylhexyl)|di-2-ethylhexyl|acid,|adipic|ester",,,,,,,,,,,,,,,,,,,,,,,,,,,,,,,,,,,,,,,,,,,,,,,,,,,,,,,,,,,,,,,,,,,,,,,,,,,,,,,,,,,,,,,,,,,,,,,,,,,,,,,,,,,,,,,,,,,,,,,,,,,,,,,,Human Health Hazards#Genetic Toxicity,Bacterial mutagenicity ISSSTY,02.5.2011,,Gene mutation,,,False,Categorical data,Equal,"CCRIS database,Toxnet databases",,,,Bacterial Reverse Mutation Assay (e.g. Ames Test),,Salmonella typhimurium,,,,,,,,,,,,,,,Romualdo Benigni,,,,,,,,,,,,,,,,,,,,,,,,,,,,,,,,,,,,,,,,,,,6861,,,,,,,,,,,,,,,,,,,,,,,,,,,,,,,,,,,,,,,,,,,,,,,,,,,,,,,,,,,,in Vitro,TA 98,,,,,,,,524,,,,Without S9,Gene Mutation,,Negative,,,,,,,,,,,,,,,,,,,,,,,,,,,,,,,,,,,,,,,,,,,,,,,,,,,,,,,,,,,,,,,,,,,,,,,,,,,,,,,,,,,,,,,,Negative,,,Gene mutation I,,,Negative,,,Gene mutation I,,
103-23-1,"|bis(2-ethylhexyl)|ester|bis(2-ethylhexyl)adipate|1,6-bis(2-ethylhexyl)|hexanedioic acid, bis(2-ethylhexyl)ester;|bis(2-ethylhexyl)ester|di-2-ethylhexyl adipate|adipate;|di|acid|di(2-ethylhexyl)|bis(2-ethylhexyl)ester;1,6-bis(2-ethylhexyl) hexanedioate;Adipic acid, bis(2-ethylhexyl) ester;ADIPIC ACID, DI (2-ETHYLHEXYL) ESTER;bis(2-ethylhexyl) adipate;bis(2-ethylhexyl) hexanedioate;Bis(2-ethylhexyl)adipate;bis(2-ethylhexyl)ester hexanedioic acid;Di-(2-Ethylhexyl) Adipate;DI-2-ETHYLHEXYL ADIPATE;Di(2-ethylhexyl) adipate;di(2-ethylhexyl) adipate (hexanedioic acid, bis(2-ethylhexyl) ester) (deha);di(2-Ethylhexyl)adipate;dioctyl adipate;Hexanedioic acid, 1,6-bis(2-ethylhexyl) ester;Hexanedioic acid, bis(2-ethylhexyl) ester;hexanedioic acid, bis(2-ethylhexyl)ester;hexanedioic_acid,_bis(2-ethylhexyl)ester;hexanedioic|di(2-ethylhexyl)adipate|di-(2-ethylhexyl)|hexanedioate|(2-ethylhexyl)|di-2-ethylhexyl|acid,|adipic|ester",,,,,,,,,,,,,,,,,,,,,,,,,,,,,,,,,,,,,,,,,,,,,,,,,,,,,,,,,,,,,,,,,,,,,,,,,,,,,,,,,,,,,,,,,,,,,,,,,,,,,,,,,,,,,,,,,,,,,,,,,,,,,,,,Human Health Hazards#Genetic Toxicity,Genotoxicity OASIS,,,Gene mutation,,,False,Categorical data,Equal,Mutation Research 584 (2005) 1-256,,,,in Vitro Mammalian Cell Micronucleus Test,,,,,,,,,,,,,,,,,Kirkland et al.,,,,,,,,,,,,,,,,,,,,,,,,,,,,,,,,,,,,,,,,,,,7783,,,,,,,,,,,,,,,,,,,,,,,,,,,,,,,,,,,,,,,,,,,,,,,,,,,,,,,,,,,,in Vitro,,,,,,,,,,,,,With S9,Gene Mutation,,,,,,,,,,,,,,,,,,,,,,,,,,,,,,,,,,,,,,,,,,,,,,,,,,,,,,,,,,,,,,,,,,,,,,,,,,,,,,,,,,,,,,,,,,Negative,,,Micronucleus I,,,Negative,,,Micronucleus I,,
103-23-1,"|bis(2-ethylhexyl)|ester|bis(2-ethylhexyl)adipate|1,6-bis(2-ethylhexyl)|hexanedioic acid, bis(2-ethylhexyl)ester;|bis(2-ethylhexyl)ester|di-2-ethylhexyl adipate|adipate;|di|acid|di(2-ethylhexyl)|bis(2-ethylhexyl)ester;1,6-bis(2-ethylhexyl) hexanedioate;Adipic acid, bis(2-ethylhexyl) ester;ADIPIC ACID, DI (2-ETHYLHEXYL) ESTER;bis(2-ethylhexyl) adipate;bis(2-ethylhexyl) hexanedioate;Bis(2-ethylhexyl)adipate;bis(2-ethylhexyl)ester hexanedioic acid;Di-(2-Ethylhexyl) Adipate;DI-2-ETHYLHEXYL ADIPATE;Di(2-ethylhexyl) adipate;di(2-ethylhexyl) adipate (hexanedioic acid, bis(2-ethylhexyl) ester) (deha);di(2-Ethylhexyl)adipate;dioctyl adipate;Hexanedioic acid, 1,6-bis(2-ethylhexyl) ester;Hexanedioic acid, bis(2-ethylhexyl) ester;hexanedioic acid, bis(2-ethylhexyl)ester;hexanedioic_acid,_bis(2-ethylhexyl)ester;hexanedioic|di(2-ethylhexyl)adipate|di-(2-ethylhexyl)|hexanedioate|(2-ethylhexyl)|di-2-ethylhexyl|acid,|adipic|ester",,,,,,,,,,,,,,,,,,,,,,,,,,,,,,,,,,,,,,,,,,,,,,,,,,,,,,,,,,,,,,,,,,,,,,,,,,,,,,,,,,,,,,,,,,,,,,,,,,,,,,,,,,,,,,,,,,,,,,,,,,,,,,,,Human Health Hazards#Genetic Toxicity,Genotoxicity OASIS,,,Gene mutation,,,False,Categorical data,Equal,Mutation Research 584 (2005) 1-256,,,,Mammalian Cell Gene Mutation Assay,,,,,,,,,,,,,,,,,Kirkland et al.,,,,,,,,,,,,,,,,,,,,,,,,,,,,,,,,,,,,,,,,,,,7784,,,,,,,,,,,,,,,,,,,,,,,,,,,,,,,,,,,,,,,,,,,,,,,,,,,,,,,,,,,,in Vitro,T-lymphoma Cell Lines,,,,,,,,,,,,With S9,Gene Mutation,mouse,,,,,,,,,,,,,,,,,,,,,,,,,,,,,,,,,,,,,,,,,,,,,,,,,,,,,,,,,,,,,,,,,,,,,,,,,,,,,,,,,,,,,,,,,Negative,,,Gene mutation I,,,Negative,,,Gene mutation I,,
103-23-1,"|bis(2-ethylhexyl)|ester|bis(2-ethylhexyl)adipate|1,6-bis(2-ethylhexyl)|hexanedioic acid, bis(2-ethylhexyl)ester;|bis(2-ethylhexyl)ester|di-2-ethylhexyl adipate|adipate;|di|acid|di(2-ethylhexyl)|bis(2-ethylhexyl)ester;1,6-bis(2-ethylhexyl) hexanedioate;Adipic acid, bis(2-ethylhexyl) ester;ADIPIC ACID, DI (2-ETHYLHEXYL) ESTER;bis(2-ethylhexyl) adipate;bis(2-ethylhexyl) hexanedioate;Bis(2-ethylhexyl)adipate;bis(2-ethylhexyl)ester hexanedioic acid;Di-(2-Ethylhexyl) Adipate;DI-2-ETHYLHEXYL ADIPATE;Di(2-ethylhexyl) adipate;di(2-ethylhexyl) adipate (hexanedioic acid, bis(2-ethylhexyl) ester) (deha);di(2-Ethylhexyl)adipate;dioctyl adipate;Hexanedioic acid, 1,6-bis(2-ethylhexyl) ester;Hexanedioic acid, bis(2-ethylhexyl) ester;hexanedioic acid, bis(2-ethylhexyl)ester;hexanedioic_acid,_bis(2-ethylhexyl)ester;hexanedioic|di(2-ethylhexyl)adipate|di-(2-ethylhexyl)|hexanedioate|(2-ethylhexyl)|di-2-ethylhexyl|acid,|adipic|ester",,,,,,,,,,,,,,,,,,,,,,,,,,,,,,,,,,,,,,,,,,,,,,,,,,,,,,,,,,,,,,,,,,,,,,,,,,,,,,,,,,,,,,,,,,,,,,,,,,,,,,,,,,,,,,,,,,,,,,,,,,,,,,,,Human Health Hazards#Genetic Toxicity,Micronucleus ISSMIC,16.07.2010,,Chromosome aberration,,,False,Categorical data,Equal,NTP,,,,Micronucleus Assay,,Mouse,,,,,,,,,,,,,,,Romualdo Benigni,,,,,,,,,,,,,,,,,,,,,,,,,,,,,,,,,,,,,,,,,,,,,,,,,,,,,,,,,,,,,,,,,,,,,,,,,,,,,,,,,,,,,,,,,,,,,,,,,,,,,,,in Vivo,,"MM B6C3F1, IP (TB:Pos);",,,,,,,,Male,,,,Chromosome Aberration,,,bone marrow cells,Negative,,,,,,,,,,,,,,,,,,,,,,,,,,,,,,,,,,,,,,,,,,,,,,,,,,,,,,,,,,,,,,,,,,,,,,,,,,,,,,,,,,,,,,Negative,,,Micronucleus II,,,Negative,,,Micronucleus II,,
103-23-1,"|bis(2-ethylhexyl)|ester|bis(2-ethylhexyl)adipate|1,6-bis(2-ethylhexyl)|hexanedioic acid, bis(2-ethylhexyl)ester;|bis(2-ethylhexyl)ester|di-2-ethylhexyl adipate|adipate;|di|acid|di(2-ethylhexyl)|bis(2-ethylhexyl)ester;1,6-bis(2-ethylhexyl) hexanedioate;Adipic acid, bis(2-ethylhexyl) ester;ADIPIC ACID, DI (2-ETHYLHEXYL) ESTER;bis(2-ethylhexyl) adipate;bis(2-ethylhexyl) hexanedioate;Bis(2-ethylhexyl)adipate;bis(2-ethylhexyl)ester hexanedioic acid;Di-(2-Ethylhexyl) Adipate;DI-2-ETHYLHEXYL ADIPATE;Di(2-ethylhexyl) adipate;di(2-ethylhexyl) adipate (hexanedioic acid, bis(2-ethylhexyl) ester) (deha);di(2-Ethylhexyl)adipate;dioctyl adipate;Hexanedioic acid, 1,6-bis(2-ethylhexyl) ester;Hexanedioic acid, bis(2-ethylhexyl) ester;hexanedioic acid, bis(2-ethylhexyl)ester;hexanedioic_acid,_bis(2-ethylhexyl)ester;hexanedioic|di(2-ethylhexyl)adipate|di-(2-ethylhexyl)|hexanedioate|(2-ethylhexyl)|di-2-ethylhexyl|acid,|adipic|ester",,,,,,,,,,,,,,,,,,,,,,,,,,,,,,,,,,,,,,,,,,,,,,,,,,,,,,,,,,,,,,,,,,,,,,,,,,,,,,,,,,,,,,,,,,,,,,,,,,,,,,,,,,,,,,,,,,,,,,,,,,,,,,,,Human Health Hazards#Irritation / Corrosion,Skin Irritation,1951,,Primary Irritation Index,no,Other Guideline:,False,<,Equal,"Smyth, H.F., Carpenter, C.P., and Weil, C.S. (1951). Range-Finding Toxicity Data: List IV, AMA Arch. Ind. Hyg. Occ. Med. 4:119-122.",,,,,Result gathered from OECD SIDS Dossier,Rabbit,,,,,,,,,,,,,,,,,,,,,,,,,,,,,,,,,,,,,,,,,,,,,,,,,,,,,,,,,,,,,,,,,,,,,,,,,,,,,,,,,,,,,,,,,,,,,,,,,,,,,,,,,,,,,,,,,,,,,,in Vivo,,,,,,,,,,,,,,,,,,,Skin,no data,not irritating,according to:,,,,,,,,,,,,,,,,,,,,,,,,,,,,,,,,,,,,,,,,,,,,,,,,,,,,,,,,,,,,,,,,,,,,,,,,,,,,,,,,,,2,<,,Primary Irritation Index,,,2,<,,Primary Irritation Index,,
103-23-1,"|bis(2-ethylhexyl)|ester|bis(2-ethylhexyl)adipate|1,6-bis(2-ethylhexyl)|hexanedioic acid, bis(2-ethylhexyl)ester;|bis(2-ethylhexyl)ester|di-2-ethylhexyl adipate|adipate;|di|acid|di(2-ethylhexyl)|bis(2-ethylhexyl)ester;1,6-bis(2-ethylhexyl) hexanedioate;Adipic acid, bis(2-ethylhexyl) ester;ADIPIC ACID, DI (2-ETHYLHEXYL) ESTER;bis(2-ethylhexyl) adipate;bis(2-ethylhexyl) hexanedioate;Bis(2-ethylhexyl)adipate;bis(2-ethylhexyl)ester hexanedioic acid;Di-(2-Ethylhexyl) Adipate;DI-2-ETHYLHEXYL ADIPATE;Di(2-ethylhexyl) adipate;di(2-ethylhexyl) adipate (hexanedioic acid, bis(2-ethylhexyl) ester) (deha);di(2-Ethylhexyl)adipate;dioctyl adipate;Hexanedioic acid, 1,6-bis(2-ethylhexyl) ester;Hexanedioic acid, bis(2-ethylhexyl) ester;hexanedioic acid, bis(2-ethylhexyl)ester;hexanedioic_acid,_bis(2-ethylhexyl)ester;hexanedioic|di(2-ethylhexyl)adipate|di-(2-ethylhexyl)|hexanedioate|(2-ethylhexyl)|di-2-ethylhexyl|acid,|adipic|ester",,,,,,,,,,,,,,,,,,,,,,,,,,,,,,,,,,,,,,,,,,,,,,,,,,,,,,,,,,,,,,,,,,,,,,,,,,,,,,,,,,,,,,,,,,,,,,,,,,,,,,,,,,,,,,,,,,,,,,,,,,,,,,,,Human Health Hazards#Repeated Dose Toxicity,Rep Dose Tox Fraunhofer ITEM,,,LOEL,,,False,Categorical data,Equal,FhG RepDose,,,,,,mouse,,,,,,,,,,,,,,,,,,,,,,,,,,,,,,,,,,,,,,,,,,,,,,,,,,,,,,,,,,,,,,,,,,,,,,,,,,,,,,,,,,,,,,,,,,,,,,,,,,,,,,,,,,,,,,,,,,,,,,,B6C3F1,Feed,,,,,,,,,,,,,,,,,,,,,905,info@repdose.de,,,,,,,,,,,,,,,,,,,,,,,,,,,,,,,,,,,,,,,,,,,,,,,,,,,,,,,,,,,,,,,,,,,,,,,,,,,91,d,Time,,,data available,,,FraunhoferITEM,,,data available,,,FraunhoferITEM,,
103-23-1,"|bis(2-ethylhexyl)|ester|bis(2-ethylhexyl)adipate|1,6-bis(2-ethylhexyl)|hexanedioic acid, bis(2-ethylhexyl)ester;|bis(2-ethylhexyl)ester|di-2-ethylhexyl adipate|adipate;|di|acid|di(2-ethylhexyl)|bis(2-ethylhexyl)ester;1,6-bis(2-ethylhexyl) hexanedioate;Adipic acid, bis(2-ethylhexyl) ester;ADIPIC ACID, DI (2-ETHYLHEXYL) ESTER;bis(2-ethylhexyl) adipate;bis(2-ethylhexyl) hexanedioate;Bis(2-ethylhexyl)adipate;bis(2-ethylhexyl)ester hexanedioic acid;Di-(2-Ethylhexyl) Adipate;DI-2-ETHYLHEXYL ADIPATE;Di(2-ethylhexyl) adipate;di(2-ethylhexyl) adipate (hexanedioic acid, bis(2-ethylhexyl) ester) (deha);di(2-Ethylhexyl)adipate;dioctyl adipate;Hexanedioic acid, 1,6-bis(2-ethylhexyl) ester;Hexanedioic acid, bis(2-ethylhexyl) ester;hexanedioic acid, bis(2-ethylhexyl)ester;hexanedioic_acid,_bis(2-ethylhexyl)ester;hexanedioic|di(2-ethylhexyl)adipate|di-(2-ethylhexyl)|hexanedioate|(2-ethylhexyl)|di-2-ethylhexyl|acid,|adipic|ester",,,,,,,,,,,,,,,,,,,,,,,,,,,,,,,,,,,,,,,,,,,,,,,,,,,,,,,,,,,,,,,,,,,,,,,,,,,,,,,,,,,,,,,,,,,,,,,,,,,,,,,,,,,,,,,,,,,,,,,,,,,,,,,,Human Health Hazards#Repeated Dose Toxicity,Rep Dose Tox Fraunhofer ITEM,,,LOEL,,,False,Categorical data,Equal,FhG RepDose,,,,,,mouse,,,,,,,,,,,,,,,,,,,,,,,,,,,,,,,,,,,,,,,,,,,,,,,,,,,,,,,,,,,,,,,,,,,,,,,,,,,,,,,,,,,,,,,,,,,,,,,,,,,,,,,,,,,,,,,,,,,,,,,B6C3F1,Feed,,,,,,,,,,,,,,,,,,,,,907,info@repdose.de,98,28,d,Time,,,,,,,,,,,,,,,,,,,,,,,,,,,,,,,,,,,,,,,,,,,,,,,,,,,,,,,,,,,,,,,,,,,,,,,721,d,Time,,,data available,,,FraunhoferITEM,,,data available,,,FraunhoferITEM,,
103-23-1,"|bis(2-ethylhexyl)|ester|bis(2-ethylhexyl)adipate|1,6-bis(2-ethylhexyl)|hexanedioic acid, bis(2-ethylhexyl)ester;|bis(2-ethylhexyl)ester|di-2-ethylhexyl adipate|adipate;|di|acid|di(2-ethylhexyl)|bis(2-ethylhexyl)ester;1,6-bis(2-ethylhexyl) hexanedioate;Adipic acid, bis(2-ethylhexyl) ester;ADIPIC ACID, DI (2-ETHYLHEXYL) ESTER;bis(2-ethylhexyl) adipate;bis(2-ethylhexyl) hexanedioate;Bis(2-ethylhexyl)adipate;bis(2-ethylhexyl)ester hexanedioic acid;Di-(2-Ethylhexyl) Adipate;DI-2-ETHYLHEXYL ADIPATE;Di(2-ethylhexyl) adipate;di(2-ethylhexyl) adipate (hexanedioic acid, bis(2-ethylhexyl) ester) (deha);di(2-Ethylhexyl)adipate;dioctyl adipate;Hexanedioic acid, 1,6-bis(2-ethylhexyl) ester;Hexanedioic acid, bis(2-ethylhexyl) ester;hexanedioic acid, bis(2-ethylhexyl)ester;hexanedioic_acid,_bis(2-ethylhexyl)ester;hexanedioic|di(2-ethylhexyl)adipate|di-(2-ethylhexyl)|hexanedioate|(2-ethylhexyl)|di-2-ethylhexyl|acid,|adipic|ester",,,,,,,,,,,,,,,,,,,,,,,,,,,,,,,,,,,,,,,,,,,,,,,,,,,,,,,,,,,,,,,,,,,,,,,,,,,,,,,,,,,,,,,,,,,,,,,,,,,,,,,,,,,,,,,,,,,,,,,,,,,,,,,,Human Health Hazards#Repeated Dose Toxicity,Rep Dose Tox Fraunhofer ITEM,,,LOEL,,,False,Categorical data,Equal,FhG RepDose,,,,,,mouse,,,,,,,,,,,,,,,,,,,,,,,,,,,,,,,,,,,,,,,,,,,,,,,,,,,,,,,,,,,,,,,,,,,,,,,,,,,,,,,,,,,,,,,,,,,,,,,,,,,,,,,,,,,,,,,,,,,,,,,B6C3F1,Gavage,,,,,,,,,,,,,,,,,,,,,903,info@repdose.de,,,,,,,,,,,,,,,,,,,,,,,,,,,,,,,,,,,,,,,,,,,,,,,,,,,,,,,,,,,,,,,,,,,,,,,,,,,14,d,Time,,,data available,,,FraunhoferITEM,,,data available,,,FraunhoferITEM,,
103-23-1,"|bis(2-ethylhexyl)|ester|bis(2-ethylhexyl)adipate|1,6-bis(2-ethylhexyl)|hexanedioic acid, bis(2-ethylhexyl)ester;|bis(2-ethylhexyl)ester|di-2-ethylhexyl adipate|adipate;|di|acid|di(2-ethylhexyl)|bis(2-ethylhexyl)ester;1,6-bis(2-ethylhexyl) hexanedioate;Adipic acid, bis(2-ethylhexyl) ester;ADIPIC ACID, DI (2-ETHYLHEXYL) ESTER;bis(2-ethylhexyl) adipate;bis(2-ethylhexyl) hexanedioate;Bis(2-ethylhexyl)adipate;bis(2-ethylhexyl)ester hexanedioic acid;Di-(2-Ethylhexyl) Adipate;DI-2-ETHYLHEXYL ADIPATE;Di(2-ethylhexyl) adipate;di(2-ethylhexyl) adipate (hexanedioic acid, bis(2-ethylhexyl) ester) (deha);di(2-Ethylhexyl)adipate;dioctyl adipate;Hexanedioic acid, 1,6-bis(2-ethylhexyl) ester;Hexanedioic acid, bis(2-ethylhexyl) ester;hexanedioic acid, bis(2-ethylhexyl)ester;hexanedioic_acid,_bis(2-ethylhexyl)ester;hexanedioic|di(2-ethylhexyl)adipate|di-(2-ethylhexyl)|hexanedioate|(2-ethylhexyl)|di-2-ethylhexyl|acid,|adipic|ester",,,,,,,,,,,,,,,,,,,,,,,,,,,,,,,,,,,,,,,,,,,,,,,,,,,,,,,,,,,,,,,,,,,,,,,,,,,,,,,,,,,,,,,,,,,,,,,,,,,,,,,,,,,,,,,,,,,,,,,,,,,,,,,,Human Health Hazards#Repeated Dose Toxicity,Rep Dose Tox Fraunhofer ITEM,,,LOEL,,,False,Categorical data,Equal,FhG RepDose,,,,,,Rat,,,,,,,,,,,,,,,,,,,,,,,,,,,,,,,,,,,,,,,,,,,,,,,,,,,,,,,,,,,,,,,,,,,,,,,,,,,,,,,,,,,,,,,,,,,,,,,,,,,,,,,,,,,,,,,,,,,,,,,F344,Feed,,,,,,,,,,,,,,,,,,,,,906,info@repdose.de,,,,,,,,,,,,,,,,,,,,,,,,,,,,,,,,,,,,,,,,,,,,,,,,,,,,,,,,,,,,,,,,,,,,,,,,,,,91,d,Time,,,data available,,,FraunhoferITEM,,,data available,,,FraunhoferITEM,,
103-23-1,"|bis(2-ethylhexyl)|ester|bis(2-ethylhexyl)adipate|1,6-bis(2-ethylhexyl)|hexanedioic acid, bis(2-ethylhexyl)ester;|bis(2-ethylhexyl)ester|di-2-ethylhexyl adipate|adipate;|di|acid|di(2-ethylhexyl)|bis(2-ethylhexyl)ester;1,6-bis(2-ethylhexyl) hexanedioate;Adipic acid, bis(2-ethylhexyl) ester;ADIPIC ACID, DI (2-ETHYLHEXYL) ESTER;bis(2-ethylhexyl) adipate;bis(2-ethylhexyl) hexanedioate;Bis(2-ethylhexyl)adipate;bis(2-ethylhexyl)ester hexanedioic acid;Di-(2-Ethylhexyl) Adipate;DI-2-ETHYLHEXYL ADIPATE;Di(2-ethylhexyl) adipate;di(2-ethylhexyl) adipate (hexanedioic acid, bis(2-ethylhexyl) ester) (deha);di(2-Ethylhexyl)adipate;dioctyl adipate;Hexanedioic acid, 1,6-bis(2-ethylhexyl) ester;Hexanedioic acid, bis(2-ethylhexyl) ester;hexanedioic acid, bis(2-ethylhexyl)ester;hexanedioic_acid,_bis(2-ethylhexyl)ester;hexanedioic|di(2-ethylhexyl)adipate|di-(2-ethylhexyl)|hexanedioate|(2-ethylhexyl)|di-2-ethylhexyl|acid,|adipic|ester",,,,,,,,,,,,,,,,,,,,,,,,,,,,,,,,,,,,,,,,,,,,,,,,,,,,,,,,,,,,,,,,,,,,,,,,,,,,,,,,,,,,,,,,,,,,,,,,,,,,,,,,,,,,,,,,,,,,,,,,,,,,,,,,Human Health Hazards#Repeated Dose Toxicity,Rep Dose Tox Fraunhofer ITEM,,,LOEL,,,False,Categorical data,Equal,FhG RepDose,,,,,,Rat,,,,,,,,,,,,,,,,,,,,,,,,,,,,,,,,,,,,,,,,,,,,,,,,,,,,,,,,,,,,,,,,,,,,,,,,,,,,,,,,,,,,,,,,,,,,,,,,,,,,,,,,,,,,,,,,,,,,,,,F344,Feed,,,,,,,,,,,,,,,,,,,,,902,info@repdose.de,98,28,d,Time,,,,,,,,,,,,,,,,,,,,,,,,,,,,,,,,,,,,,,,,,,,,,,,,,,,,,,,,,,,,,,,,,,,,,,,721,d,Time,,,data available,,,FraunhoferITEM,,,data available,,,FraunhoferITEM,,
103-23-1,"|bis(2-ethylhexyl)|ester|bis(2-ethylhexyl)adipate|1,6-bis(2-ethylhexyl)|hexanedioic acid, bis(2-ethylhexyl)ester;|bis(2-ethylhexyl)ester|di-2-ethylhexyl adipate|adipate;|di|acid|di(2-ethylhexyl)|bis(2-ethylhexyl)ester;1,6-bis(2-ethylhexyl) hexanedioate;Adipic acid, bis(2-ethylhexyl) ester;ADIPIC ACID, DI (2-ETHYLHEXYL) ESTER;bis(2-ethylhexyl) adipate;bis(2-ethylhexyl) hexanedioate;Bis(2-ethylhexyl)adipate;bis(2-ethylhexyl)ester hexanedioic acid;Di-(2-Ethylhexyl) Adipate;DI-2-ETHYLHEXYL ADIPATE;Di(2-ethylhexyl) adipate;di(2-ethylhexyl) adipate (hexanedioic acid, bis(2-ethylhexyl) ester) (deha);di(2-Ethylhexyl)adipate;dioctyl adipate;Hexanedioic acid, 1,6-bis(2-ethylhexyl) ester;Hexanedioic acid, bis(2-ethylhexyl) ester;hexanedioic acid, bis(2-ethylhexyl)ester;hexanedioic_acid,_bis(2-ethylhexyl)ester;hexanedioic|di(2-ethylhexyl)adipate|di-(2-ethylhexyl)|hexanedioate|(2-ethylhexyl)|di-2-ethylhexyl|acid,|adipic|ester",,,,,,,,,,,,,,,,,,,,,,,,,,,,,,,,,,,,,,,,,,,,,,,,,,,,,,,,,,,,,,,,,,,,,,,,,,,,,,,,,,,,,,,,,,,,,,,,,,,,,,,,,,,,,,,,,,,,,,,,,,,,,,,,Human Health Hazards#Repeated Dose Toxicity,Rep Dose Tox Fraunhofer ITEM,,,LOEL,,,False,Categorical data,Equal,FhG RepDose,,,,,,Rat,,,,,,,,,,,,,,,,,,,,,,,,,,,,,,,,,,,,,,,,,,,,,,,,,,,,,,,,,,,,,,,,,,,,,,,,,,,,,,,,,,,,,,,,,,,,,,,,,,,,,,,,,,,,,,,,,,,,,,,F344,Gavage,,,,,,,,,,,,,,,,,,,,,904,info@repdose.de,,,,,,,,,,,,,,,,,,,,,,,,,,,,,,,,,,,,,,,,,,,,,,,,,,,,,,,,,,,,,,,,,,,,,,,,,,,14,d,Time,,,data available,,,FraunhoferITEM,,,data available,,,FraunhoferITEM,,
103-23-1,"|bis(2-ethylhexyl)|ester|bis(2-ethylhexyl)adipate|1,6-bis(2-ethylhexyl)|hexanedioic acid, bis(2-ethylhexyl)ester;|bis(2-ethylhexyl)ester|di-2-ethylhexyl adipate|adipate;|di|acid|di(2-ethylhexyl)|bis(2-ethylhexyl)ester;1,6-bis(2-ethylhexyl) hexanedioate;Adipic acid, bis(2-ethylhexyl) ester;ADIPIC ACID, DI (2-ETHYLHEXYL) ESTER;bis(2-ethylhexyl) adipate;bis(2-ethylhexyl) hexanedioate;Bis(2-ethylhexyl)adipate;bis(2-ethylhexyl)ester hexanedioic acid;Di-(2-Ethylhexyl) Adipate;DI-2-ETHYLHEXYL ADIPATE;Di(2-ethylhexyl) adipate;di(2-ethylhexyl) adipate (hexanedioic acid, bis(2-ethylhexyl) ester) (deha);di(2-Ethylhexyl)adipate;dioctyl adipate;Hexanedioic acid, 1,6-bis(2-ethylhexyl) ester;Hexanedioic acid, bis(2-ethylhexyl) ester;hexanedioic acid, bis(2-ethylhexyl)ester;hexanedioic_acid,_bis(2-ethylhexyl)ester;hexanedioic|di(2-ethylhexyl)adipate|di-(2-ethylhexyl)|hexanedioate|(2-ethylhexyl)|di-2-ethylhexyl|acid,|adipic|ester",,,,,,,,,,,,,,,,,,,,,,,,,,,,,,,,,,,,,,,,,,,,,,,,,,,,,,,,,,,,,,,,,,,,,,,,,,,,,,,,,,,,,,,,,,,,,,,,,,,,,,,,,,,,,,,,,,,,,,,,,,,,,,,,Human Health Hazards#Repeated Dose Toxicity,MUNRO non-cancer EFSA,1988,,LOEL,,,False,No qualifier,Equal,ICI Americas Inc.,,,,Reproduction,,Rat,,,,,,,,,,,,,,,,Multiple Effects,,,,,,,,,,,,,,,,,,,,,,,,,,,,,,,,,,,,,,,,,,,,,,,,,,,,,,,,,,,,,,,,,,,,,,,,,,,,,,,,,,,,,,,,,,,,,,,,,,,,,,,,Oral (Diet),,,,,,,,,,,,,,,,,,,,,,,,,,,"0, 300, 1800, 12,000 ppm [a]",Conversions provided by author.,,,,,,,,,,,,,,,,,,,,,,,,,,,,,,,,,,,,,,,,,,,,,,,,,,,,,,,,,,,,,,,,,,,,,133,d,Time,,,1080,,mg/kg bdwt/d,Administered dose(mass),,,1080,,mg/kg/d,Administered dose(mass),,
103-23-1,"|bis(2-ethylhexyl)|ester|bis(2-ethylhexyl)adipate|1,6-bis(2-ethylhexyl)|hexanedioic acid, bis(2-ethylhexyl)ester;|bis(2-ethylhexyl)ester|di-2-ethylhexyl adipate|adipate;|di|acid|di(2-ethylhexyl)|bis(2-ethylhexyl)ester;1,6-bis(2-ethylhexyl) hexanedioate;Adipic acid, bis(2-ethylhexyl) ester;ADIPIC ACID, DI (2-ETHYLHEXYL) ESTER;bis(2-ethylhexyl) adipate;bis(2-ethylhexyl) hexanedioate;Bis(2-ethylhexyl)adipate;bis(2-ethylhexyl)ester hexanedioic acid;Di-(2-Ethylhexyl) Adipate;DI-2-ETHYLHEXYL ADIPATE;Di(2-ethylhexyl) adipate;di(2-ethylhexyl) adipate (hexanedioic acid, bis(2-ethylhexyl) ester) (deha);di(2-Ethylhexyl)adipate;dioctyl adipate;Hexanedioic acid, 1,6-bis(2-ethylhexyl) ester;Hexanedioic acid, bis(2-ethylhexyl) ester;hexanedioic acid, bis(2-ethylhexyl)ester;hexanedioic_acid,_bis(2-ethylhexyl)ester;hexanedioic|di(2-ethylhexyl)adipate|di-(2-ethylhexyl)|hexanedioate|(2-ethylhexyl)|di-2-ethylhexyl|acid,|adipic|ester",,,,,,,,,,,,,,,,,,,,,,,,,,,,,,,,,,,,,,,,,,,,,,,,,,,,,,,,,,,,,,,,,,,,,,,,,,,,,,,,,,,,,,,,,,,,,,,,,,,,,,,,,,,,,,,,,,,,,,,,,,,,,,,,Human Health Hazards#Repeated Dose Toxicity,ECOTOX,,The In Vivo-In Vitro Replicative DNA Synthesis (RDS) Test with Hepatocytes Prepared from Male B6C3F1 Mice as an Early Prediction Assay for Putative Nongenotoxic (Ames-Negative) Mouse Hepatocarcinogens,NOEL,,,True,No qualifier,Equal,Mutat. Res.343(2/3): 157-183,,,,,,Mus musculus,Animalia (animals),Bilateria,Chordata (chordates),Vertebrata (vertebrates),Tetrapoda,Mammalia (mammals),,Rodentia (rodents),"Myomorpha (Mice,Rats,Voles,Gerbils,Hamsters,Lemmings)","Muridae (mice,rats,voles)","Mus (House Mice,Old World Mice)",Deuterostomia,Gnathostomata,Increasing,"Miyagawa,M., H. Takasawa, A. Sugiyama, Y. Inoue, T. Murata, Y. Uno, and K. Yoshikawa",Cell(s),2193207,2387529,Formulation,No substrate,,Viability,Carrier or solvent,05/17/2017,T,Gavage,05/17/2017,Liver,Lab,1995,,Unmeasured,bdwt,,,,,,,,,,,,,,,,,,,,,,,,,,,,Theria,,,"Murinae (Old World rats,Old World mice)",,06/15/2017,Laboratory,,,,Di(2-ethylhexyl)adipate,,FROM CHARLES RIVER LABORATORIES (KANAGAWA),SOURCE/FROM CHARLES RIVER LABORATORIES (KANAGAWA)//,Muroidea,3,None,,,,8,,wk,Time,,,48,h,Time,1,Dosed x time(s) per study period,Unknown,48,h,Time,,°C,Temperature,20,24,,Reviewer assigned endpoint,Not significant at all concentrations,P,0.05,,None,,,,,,,B6C3F1,Eutheria,,Mus (Mus),,,,,,,,,,,,,,,,,,,,,,,,,,,,,,,,,,,,,,,,,,,,,,,,,,,,,,,,,,,,,,,,,,,,,,,,,,,,,,,,,,,,,,,,,,,,,,,,,,,,48,h,Time,,,2000,,mg/kg,Mass fraction,,,2000,,mg/kg,Mass fraction,,
103-23-1,"|bis(2-ethylhexyl)|ester|bis(2-ethylhexyl)adipate|1,6-bis(2-ethylhexyl)|hexanedioic acid, bis(2-ethylhexyl)ester;|bis(2-ethylhexyl)ester|di-2-ethylhexyl adipate|adipate;|di|acid|di(2-ethylhexyl)|bis(2-ethylhexyl)ester;1,6-bis(2-ethylhexyl) hexanedioate;Adipic acid, bis(2-ethylhexyl) ester;ADIPIC ACID, DI (2-ETHYLHEXYL) ESTER;bis(2-ethylhexyl) adipate;bis(2-ethylhexyl) hexanedioate;Bis(2-ethylhexyl)adipate;bis(2-ethylhexyl)ester hexanedioic acid;Di-(2-Ethylhexyl) Adipate;DI-2-ETHYLHEXYL ADIPATE;Di(2-ethylhexyl) adipate;di(2-ethylhexyl) adipate (hexanedioic acid, bis(2-ethylhexyl) ester) (deha);di(2-Ethylhexyl)adipate;dioctyl adipate;Hexanedioic acid, 1,6-bis(2-ethylhexyl) ester;Hexanedioic acid, bis(2-ethylhexyl) ester;hexanedioic acid, bis(2-ethylhexyl)ester;hexanedioic_acid,_bis(2-ethylhexyl)ester;hexanedioic|di(2-ethylhexyl)adipate|di-(2-ethylhexyl)|hexanedioate|(2-ethylhexyl)|di-2-ethylhexyl|acid,|adipic|ester",,,,,,,,,,,,,,,,,,,,,,,,,,,,,,,,,,,,,,,,,,,,,,,,,,,,,,,,,,,,,,,,,,,,,,,,,,,,,,,,,,,,,,,,,,,,,,,,,,,,,,,,,,,,,,,,,,,,,,,,,,,,,,,,Human Health Hazards#Repeated Dose Toxicity,MUNRO non-cancer EFSA,1988,,NOEL,,,False,No qualifier,Equal,ICI Americas Inc.,,,,Reproduction,,Rat,,,,,,,,,,,,,,,,Multiple Effects,,,,,,,,,,,,,,,,,,,,,,,,,,,,,,,,,,,,,,,,,,,,,,,,,,,,,,,,,,,,,,,,,,,,,,,,,,,,,,,,,,,,,,,,,,,,,,,,,,,,,,,,Oral (Diet),,,,,,,,,,,,,,,,,,,,,,,,,,,"0, 300, 1800, 12,000 ppm [a]",Conversions provided by author.,,,,,,,,,,,,,,,,,,,,,,,,,,,,,,,,,,,,,,,,,,,,,,,,,,,,,,,,,,,,,,,,,,,,,133,d,Time,,,170,,mg/kg bdwt/d,Administered dose(mass),,,170,,mg/kg/d,Administered dose(mass),,
103-23-1,"|bis(2-ethylhexyl)|ester|bis(2-ethylhexyl)adipate|1,6-bis(2-ethylhexyl)|hexanedioic acid, bis(2-ethylhexyl)ester;|bis(2-ethylhexyl)ester|di-2-ethylhexyl adipate|adipate;|di|acid|di(2-ethylhexyl)|bis(2-ethylhexyl)ester;1,6-bis(2-ethylhexyl) hexanedioate;Adipic acid, bis(2-ethylhexyl) ester;ADIPIC ACID, DI (2-ETHYLHEXYL) ESTER;bis(2-ethylhexyl) adipate;bis(2-ethylhexyl) hexanedioate;Bis(2-ethylhexyl)adipate;bis(2-ethylhexyl)ester hexanedioic acid;Di-(2-Ethylhexyl) Adipate;DI-2-ETHYLHEXYL ADIPATE;Di(2-ethylhexyl) adipate;di(2-ethylhexyl) adipate (hexanedioic acid, bis(2-ethylhexyl) ester) (deha);di(2-Ethylhexyl)adipate;dioctyl adipate;Hexanedioic acid, 1,6-bis(2-ethylhexyl) ester;Hexanedioic acid, bis(2-ethylhexyl) ester;hexanedioic acid, bis(2-ethylhexyl)ester;hexanedioic_acid,_bis(2-ethylhexyl)ester;hexanedioic|di(2-ethylhexyl)adipate|di-(2-ethylhexyl)|hexanedioate|(2-ethylhexyl)|di-2-ethylhexyl|acid,|adipic|ester",,,,,,,,,,,,,,,,,,,,,,,,,,,,,,,,,,,,,,,,,,,,,,,,,,,,,,,,,,,,,,,,,,,,,,,,,,,,,,,,,,,,,,,,,,,,,,,,,,,,,,,,,,,,,,,,,,,,,,,,,,,,,,,,Human Health Hazards#Repeated Dose Toxicity,MUNRO non-cancer EFSA,1988,,NOEL calculated,,,False,No qualifier,Equal,ICI Americas Inc.,,,,Reproduction,,Rat,,,,,,,,,,,,,,,,Multiple Effects,,,,,,,,,,,,,,,,,,,,,,,,,,,,,,,,,,,,,,,,,,,,,,,,,,,,,,,,,,,,,,,,,,,,,,,,,,,,,,,,,,,,,,,,,,,,,,,,,,,,,,,,Oral (Diet),,,,,,,,,,,,,,,,,,,,,,,,,,,"0, 300, 1800, 12,000 ppm [a]",Conversions provided by author.,,,,,,,,,,,,,,,,,,,,,,,,,,,,,,,,,,,,,,,,,,,,,,,,,,,,,,,,,,,,,,,,,,,,,133,d,Time,,,170,,mg/kg bdwt/d,Administered dose(mass),,,170,,mg/kg/d,Administered dose(mass),,
103-23-1,"|bis(2-ethylhexyl)|ester|bis(2-ethylhexyl)adipate|1,6-bis(2-ethylhexyl)|hexanedioic acid, bis(2-ethylhexyl)ester;|bis(2-ethylhexyl)ester|di-2-ethylhexyl adipate|adipate;|di|acid|di(2-ethylhexyl)|bis(2-ethylhexyl)ester;1,6-bis(2-ethylhexyl) hexanedioate;Adipic acid, bis(2-ethylhexyl) ester;ADIPIC ACID, DI (2-ETHYLHEXYL) ESTER;bis(2-ethylhexyl) adipate;bis(2-ethylhexyl) hexanedioate;Bis(2-ethylhexyl)adipate;bis(2-ethylhexyl)ester hexanedioic acid;Di-(2-Ethylhexyl) Adipate;DI-2-ETHYLHEXYL ADIPATE;Di(2-ethylhexyl) adipate;di(2-ethylhexyl) adipate (hexanedioic acid, bis(2-ethylhexyl) ester) (deha);di(2-Ethylhexyl)adipate;dioctyl adipate;Hexanedioic acid, 1,6-bis(2-ethylhexyl) ester;Hexanedioic acid, bis(2-ethylhexyl) ester;hexanedioic acid, bis(2-ethylhexyl)ester;hexanedioic_acid,_bis(2-ethylhexyl)ester;hexanedioic|di(2-ethylhexyl)adipate|di-(2-ethylhexyl)|hexanedioate|(2-ethylhexyl)|di-2-ethylhexyl|acid,|adipic|ester",,,,,,,,,,,,,,,,,,,,,,,,,,,,,,,,,,,,,,,,,,,,,,,,,,,,,,,,,,,,,,,,,,,,,,,,,,,,,,,,,,,,,,,,,,,,,,,,,,,,,,,,,,,,,,,,,,,,,,,,,,,,,,,,Human Health Hazards#Sensitisation,Skin Sensitization,1976,,S W A N,no,Other Guideline:,False,Categorical data,Equal,"Kolmar Research Center Unpublished report. TheToxicological Examination ofDi-a-ethyl-hexyl-adipate (Wickenol 158), 1967. as as cited in OECD (2000), SIDS Initial Assessment Report for Bis(2-ethylhexyl)adipate 103231",,,,,,Guinea pig,,,,,,,,,,,,,,,,,,,,,,,,,,,,,,,,,,,,,,,,,,,,,,,,,,,,,,,,,,509,,,,,,,,,,,,,,,,,,,,,,,,,,,,,,,,,,,,,,,,,,,,,,,,,,,,,,,,,,,,in Vivo,,,,,,,,,,,,,,,,,,,Skin,"LJMU,UK",,according to:,,,,,,,,,Miscellaneous,,,,,,,,,,,,,,,,,,,,,,,,,,,,,,,,,,,,,,,,,,,,,,,,,,,,,,,,,,,,,,,,,,,,,,,,,Not sensitising,,,Skin sensitisation III (LJMU),,,Not sensitising,,,Skin sensitisation III (LJMU),,
103-23-1,"|bis(2-ethylhexyl)|ester|bis(2-ethylhexyl)adipate|1,6-bis(2-ethylhexyl)|hexanedioic acid, bis(2-ethylhexyl)ester;|bis(2-ethylhexyl)ester|di-2-ethylhexyl adipate|adipate;|di|acid|di(2-ethylhexyl)|bis(2-ethylhexyl)ester;1,6-bis(2-ethylhexyl) hexanedioate;Adipic acid, bis(2-ethylhexyl) ester;ADIPIC ACID, DI (2-ETHYLHEXYL) ESTER;bis(2-ethylhexyl) adipate;bis(2-ethylhexyl) hexanedioate;Bis(2-ethylhexyl)adipate;bis(2-ethylhexyl)ester hexanedioic acid;Di-(2-Ethylhexyl) Adipate;DI-2-ETHYLHEXYL ADIPATE;Di(2-ethylhexyl) adipate;di(2-ethylhexyl) adipate (hexanedioic acid, bis(2-ethylhexyl) ester) (deha);di(2-Ethylhexyl)adipate;dioctyl adipate;Hexanedioic acid, 1,6-bis(2-ethylhexyl) ester;Hexanedioic acid, bis(2-ethylhexyl) ester;hexanedioic acid, bis(2-ethylhexyl)ester;hexanedioic_acid,_bis(2-ethylhexyl)ester;hexanedioic|di(2-ethylhexyl)adipate|di-(2-ethylhexyl)|hexanedioate|(2-ethylhexyl)|di-2-ethylhexyl|acid,|adipic|ester",,,,,,,,,,,,,,,,,,,,,,,,,,,,,,,,,,,,,,,,,,,,,,,,,,,,,,,,,,,,,,,,,,,,,,,,,,,,,,,,,,,,,,,,,,,,,,,,,,,,,,,,,,,,,,,,,,,,,,,,,,,,,,,,Human Health Hazards#ToxCast,ToxCastDB,,,AC50,,,False,No qualifier,Equal,,,,,,,Homo sapiens,Animalia (animals),Bilateria,Chordata (chordates),Vertebrata (vertebrates),Tetrapoda,Mammalia (mammals),,Primates (primates),Haplorrhini,"Hominidae (man-like primates,Great Apes)",Homo (hominoids),Deuterostomia,Gnathostomata,,,,,,,,,,,,,,,,,,,,,,,,,,,,,,,,,,,,,,,,,,,,,,,,Theria,Simiiformes,,Homininae (African apes),,,,,,,,,,,Hominoidea,,,,,,,,,,,,,,,,,,,,,,,,,,,,,,,,,,,,,,,,Eutheria,,,,,,,,,,,,,,,,,,,,,,,,,,,,,,,,,,Attagene Factorial Trans RXRb,http://www.attagene.com/services.php,DNA sequencer,Multiplexed reporter gene assay; Nuclear receptor pathway,RXRB,RXRb,In vitro (Cellular),Attagene,Reporter gene assay,"retinoid X receptor, beta",Factorial reporter gene assay,Transcription Factor,Cell line,9-cis-Retinoic acid,HepG2,6257,,,,,,,,,,,,,,,,,,,,,,,,,,,,,,,,,,,,,,,,,,,,,,,,,,,,,,,,,,29.27372491999999,,mg/L,Mass concentration,,,79,,µM,Molar concentration,,
103-23-1,"|bis(2-ethylhexyl)|ester|bis(2-ethylhexyl)adipate|1,6-bis(2-ethylhexyl)|hexanedioic acid, bis(2-ethylhexyl)ester;|bis(2-ethylhexyl)ester|di-2-ethylhexyl adipate|adipate;|di|acid|di(2-ethylhexyl)|bis(2-ethylhexyl)ester;1,6-bis(2-ethylhexyl) hexanedioate;Adipic acid, bis(2-ethylhexyl) ester;ADIPIC ACID, DI (2-ETHYLHEXYL) ESTER;bis(2-ethylhexyl) adipate;bis(2-ethylhexyl) hexanedioate;Bis(2-ethylhexyl)adipate;bis(2-ethylhexyl)ester hexanedioic acid;Di-(2-Ethylhexyl) Adipate;DI-2-ETHYLHEXYL ADIPATE;Di(2-ethylhexyl) adipate;di(2-ethylhexyl) adipate (hexanedioic acid, bis(2-ethylhexyl) ester) (deha);di(2-Ethylhexyl)adipate;dioctyl adipate;Hexanedioic acid, 1,6-bis(2-ethylhexyl) ester;Hexanedioic acid, bis(2-ethylhexyl) ester;hexanedioic acid, bis(2-ethylhexyl)ester;hexanedioic_acid,_bis(2-ethylhexyl)ester;hexanedioic|di(2-ethylhexyl)adipate|di-(2-ethylhexyl)|hexanedioate|(2-ethylhexyl)|di-2-ethylhexyl|acid,|adipic|ester",,,,,,,,,,,,,,,,,,,,,,,,,,,,,,,,,,,,,,,,,,,,,,,,,,,,,,,,,,,,,,,,,,,,,,,,,,,,,,,,,,,,,,,,,,,,,,,,,,,,,,,,,,,,,,,,,,,,,,,,,,,,,,,,Human Health Hazards#ToxCast,ToxCastDB,,,AC50,,,False,No qualifier,Equal,,,,,,,Homo sapiens,Animalia (animals),Bilateria,Chordata (chordates),Vertebrata (vertebrates),Tetrapoda,Mammalia (mammals),,Primates (primates),Haplorrhini,"Hominidae (man-like primates,Great Apes)",Homo (hominoids),Deuterostomia,Gnathostomata,,,,,,,,,,,,,,,,,,,,,,,,,,,,,,,,,,,,,,,,,,,,,,,,Theria,Simiiformes,,Homininae (African apes),,,,,,,,,,,Hominoidea,,,,,,,,,,,,,,,,,,,,,,,,,,,,,,,,,,,,,,,,Eutheria,,,,,,,,,,,,,,,,,,,,liver,,,,,,,,,,,,,,Attagene Factorial Trans RXRb,http://www.attagene.com/services.php,DNA sequencer,Multiplexed reporter gene assay; Nuclear receptor pathway,RXRB,RXRb,In vitro (Cellular),Attagene,Reporter gene assay,"retinoid X receptor, beta",Factorial reporter gene assay,Transcription Factor,Cell line,9-cis-Retinoic acid,HepG2,6257,cell line,microplate: 24-well plate,HepG2,adherent,DMSO,inducible reporter,cell-based,"Attagene Inc. is a CRO offering a unique screening service using its proprietary multiplexed pathway profiling platform, the FACTORIAL.",ATG,gal4-RXRb RTU,positive,reporter gene,multiplexed,RT-PCR and Capillary electrophoresis,protein,fold_induction,mRNA induction,cell-based,Attagene,nuclear receptor,inducer,6257,transcription factor,regulation of transcription factor activity,Fluorescence,gain,rna,0,0,non-steroidal,"ATG_RXRb_TRANS was designed to target nuclear receptor (non-steroidal) activity at the protein (transcription factor) level, specifically mapping to RXRB gene(s) using a positive control of NA",RXRB,0,0,6257,Fluorescence intensity,mRNA,RXRB,24,h,Time,,,,,,,,,,,,,,,,,29.27372491999999,,mg/L,Mass concentration,,,79,,µM,Molar concentration,,
103-23-1,"|bis(2-ethylhexyl)|ester|bis(2-ethylhexyl)adipate|1,6-bis(2-ethylhexyl)|hexanedioic acid, bis(2-ethylhexyl)ester;|bis(2-ethylhexyl)ester|di-2-ethylhexyl adipate|adipate;|di|acid|di(2-ethylhexyl)|bis(2-ethylhexyl)ester;1,6-bis(2-ethylhexyl) hexanedioate;Adipic acid, bis(2-ethylhexyl) ester;ADIPIC ACID, DI (2-ETHYLHEXYL) ESTER;bis(2-ethylhexyl) adipate;bis(2-ethylhexyl) hexanedioate;Bis(2-ethylhexyl)adipate;bis(2-ethylhexyl)ester hexanedioic acid;Di-(2-Ethylhexyl) Adipate;DI-2-ETHYLHEXYL ADIPATE;Di(2-ethylhexyl) adipate;di(2-ethylhexyl) adipate (hexanedioic acid, bis(2-ethylhexyl) ester) (deha);di(2-Ethylhexyl)adipate;dioctyl adipate;Hexanedioic acid, 1,6-bis(2-ethylhexyl) ester;Hexanedioic acid, bis(2-ethylhexyl) ester;hexanedioic acid, bis(2-ethylhexyl)ester;hexanedioic_acid,_bis(2-ethylhexyl)ester;hexanedioic|di(2-ethylhexyl)adipate|di-(2-ethylhexyl)|hexanedioate|(2-ethylhexyl)|di-2-ethylhexyl|acid,|adipic|ester",,,,,,,,,,,,,,,,,,,,,,,,,,,,,,,,,,,,,,,,,,,,,,,,,,,,,,,,,,,,,,,,,,,,,,,,,,,,,,,,,,,,,,,,,,,,,,,,,,,,,,,,,,,,,,,,,,,,,,,,,,,,,,,,Human Health Hazards#ToxCast,ToxCastDB,,,AC50,,,False,No qualifier,Equal,,,,,,,Homo sapiens,Animalia (animals),Bilateria,Chordata (chordates),Vertebrata (vertebrates),Tetrapoda,Mammalia (mammals),,Primates (primates),Haplorrhini,"Hominidae (man-like primates,Great Apes)",Homo (hominoids),Deuterostomia,Gnathostomata,,,,,,,,,,,,,,,,,,,,,,,,,,,,,,,,,,,,,,,,,,,,,,,,Theria,Simiiformes,,Homininae (African apes),,,,,,,,,,,Hominoidea,,,,,,,,,,,,,,,,,,,,,,,,,,,,,,,,,,,,,,,,Eutheria,,,,,,,,,,,,,,,,,,,,vascular,,,,,,,,,,,,,,HUVEC_PBMC_LPS_24_TNF_alpha_up,http://www.bioseekinc.com/,Fold-Change,,TNF,TNF-a,In vitro (Cellular),BioSeek,ELISA,"tumor necrosis factor (TNF superfamily, member 2)",HUVEC/PBMC (TLR4): TNF-a,Cytokine,Primary Cell,,"HUVEC, PBMC",7124,primary cell co-culture,microplate: 96-well plate,"HUVEC, PBMC",,DMSO,binding reporter,cell-based,Bioseek is a division of DiscoveRx Corporation and developed the BioMAP® system providing uniquely informative biological activity profiles.,BSK,TNF-a antibody,positive,signaling,multiplexed,ELISA,protein,fold_induction,immunoassay: elisa,cell-based,Bioseek,cytokine,antibody,7124,protein-specified,regulation of gene expression,Fluorescence,both,protein,450,650,inflammatory factor,"BSK_LPS_TNFa was designed to target cytokine (inflammatory factor) activity at the protein (protein-specified) level, specifically mapping to TNF gene(s) using a positive control of colchicine",TNF,0,0.2,7124,Fluorescence intensity,protein-specified,TNF,24,h,Time,DMSO,Colchicine,colchicine,,,,,,,,,,,,,,4.928361354677466,,mg/L,Mass concentration,,,13.300000190734863,,µM,Molar concentration,,
103-23-1,"|bis(2-ethylhexyl)|ester|bis(2-ethylhexyl)adipate|1,6-bis(2-ethylhexyl)|hexanedioic acid, bis(2-ethylhexyl)ester;|bis(2-ethylhexyl)ester|di-2-ethylhexyl adipate|adipate;|di|acid|di(2-ethylhexyl)|bis(2-ethylhexyl)ester;1,6-bis(2-ethylhexyl) hexanedioate;Adipic acid, bis(2-ethylhexyl) ester;ADIPIC ACID, DI (2-ETHYLHEXYL) ESTER;bis(2-ethylhexyl) adipate;bis(2-ethylhexyl) hexanedioate;Bis(2-ethylhexyl)adipate;bis(2-ethylhexyl)ester hexanedioic acid;Di-(2-Ethylhexyl) Adipate;DI-2-ETHYLHEXYL ADIPATE;Di(2-ethylhexyl) adipate;di(2-ethylhexyl) adipate (hexanedioic acid, bis(2-ethylhexyl) ester) (deha);di(2-Ethylhexyl)adipate;dioctyl adipate;Hexanedioic acid, 1,6-bis(2-ethylhexyl) ester;Hexanedioic acid, bis(2-ethylhexyl) ester;hexanedioic acid, bis(2-ethylhexyl)ester;hexanedioic_acid,_bis(2-ethylhexyl)ester;hexanedioic|di(2-ethylhexyl)adipate|di-(2-ethylhexyl)|hexanedioate|(2-ethylhexyl)|di-2-ethylhexyl|acid,|adipic|ester",,,,,,,,,,,,,,,,,,,,,,,,,,,,,,,,,,,,,,,,,,,,,,,,,,,,,,,,,,,,,,,,,,,,,,,,,,,,,,,,,,,,,,,,,,,,,,,,,,,,,,,,,,,,,,,,,,,,,,,,,,,,,,,,Human Health Hazards#ToxCast,ToxCastDB,,,AC50,,,False,No qualifier,Equal,,,,,,,Homo sapiens,Animalia (animals),Bilateria,Chordata (chordates),Vertebrata (vertebrates),Tetrapoda,Mammalia (mammals),,Primates (primates),Haplorrhini,"Hominidae (man-like primates,Great Apes)",Homo (hominoids),Deuterostomia,Gnathostomata,,,,,,,,,,,,,,,,,,,,,,,,,,,,,,,,,,,,,,,,,,,,,,,,Theria,Simiiformes,,Homininae (African apes),,,,,,,,,,,Hominoidea,,,,,,,,,,,,,,,,,,,,,,,,,,,,,,,,,,,,,,,,Eutheria,,,,,,,,,,,,,,,,,,,,,,,,,,,,,,,,,,Novascreen Human TXA2,,,GPCR,TBXA2R,TXA2,Competitive Binding,Novascreen,Radioactivity,thromboxane A2 receptor,Human TXA2 3H-SQ 29548,GPCR,Primary Cell,Pinane-thromboxane,Platelets,6915,cell-free,microplate: 96-well plate,,,DMSO,binding reporter,biochemical,"NovaScreen Biosciences Corporation, a biotechnology company, provides a large diverse suite of cell-free binding and biochemical assays.",NVS,"[3H]-SQ 29,548",positive,binding,single,Filter-based radiodetection,protein,percent_activity,radioligand binding,protein single,Novascreen,gpcr,ligand,6915,receptor,receptor binding,Radiometry,loss,protein,0,0,rhodopsin-like receptor,"NVS_GPCR_hTXA2 was designed to target gpcr (rhodopsin-like receptor) activity at the protein (receptor) level, specifically mapping to TBXA2R gene(s) using a positive control of Pinane-thromboxane",TBXA2R,0,0,6915,Scintillation counting,receptor,TBXA2R,1,h,Time,,Pinane-thromboxane,Pinane-thromboxane,platelet aggregation,100-0070,Human platelets,NCCT_v2,,,,,,,,,,4.6319184999999985,,mg/L,Mass concentration,,,12.5,,µM,Molar concentration,,
103-23-1,"|bis(2-ethylhexyl)|ester|bis(2-ethylhexyl)adipate|1,6-bis(2-ethylhexyl)|hexanedioic acid, bis(2-ethylhexyl)ester;|bis(2-ethylhexyl)ester|di-2-ethylhexyl adipate|adipate;|di|acid|di(2-ethylhexyl)|bis(2-ethylhexyl)ester;1,6-bis(2-ethylhexyl) hexanedioate;Adipic acid, bis(2-ethylhexyl) ester;ADIPIC ACID, DI (2-ETHYLHEXYL) ESTER;bis(2-ethylhexyl) adipate;bis(2-ethylhexyl) hexanedioate;Bis(2-ethylhexyl)adipate;bis(2-ethylhexyl)ester hexanedioic acid;Di-(2-Ethylhexyl) Adipate;DI-2-ETHYLHEXYL ADIPATE;Di(2-ethylhexyl) adipate;di(2-ethylhexyl) adipate (hexanedioic acid, bis(2-ethylhexyl) ester) (deha);di(2-Ethylhexyl)adipate;dioctyl adipate;Hexanedioic acid, 1,6-bis(2-ethylhexyl) ester;Hexanedioic acid, bis(2-ethylhexyl) ester;hexanedioic acid, bis(2-ethylhexyl)ester;hexanedioic_acid,_bis(2-ethylhexyl)ester;hexanedioic|di(2-ethylhexyl)adipate|di-(2-ethylhexyl)|hexanedioate|(2-ethylhexyl)|di-2-ethylhexyl|acid,|adipic|ester",,,,,,,,,,,,,,,,,,,,,,,,,,,,,,,,,,,,,,,,,,,,,,,,,,,,,,,,,,,,,,,,,,,,,,,,,,,,,,,,,,,,,,,,,,,,,,,,,,,,,,,,,,,,,,,,,,,,,,,,,,,,,,,,Human Health Hazards#Toxicity to Reproduction,Receptor Mediated Effects,2015,,Relative ARBA,,,True,No qualifier,Equal,METI/CERI-Japan,,,,,,Recombinant human androgen receptor,,,,,,,,,,,,,,,,,,,,,,,,,,,,,,,,,,,,,,,,,,,,,,,,,,,,,,,,,,1141,,,,,,,,,,,,,,,,,,,,,,,,,,,,,,,,,,,,,,,,,,,,,,,,,,,,,,,,,,,,in Vitro,,,,,,,,,,,,,,,,,,,,,,,,,,,,,,,,,,,,,,,,,,,,,,,,,,,,,,,,,,,,,,,,,,,,,,,,,,,,,,,,,,,,,,,,,,,,,,,HTS00160,1-011,,,,,,,,0,,%,Relative binding affinity (ratio),,,0,,%,Relative binding affinity (ratio),,
103-23-1,"|bis(2-ethylhexyl)|ester|bis(2-ethylhexyl)adipate|1,6-bis(2-ethylhexyl)|hexanedioic acid, bis(2-ethylhexyl)ester;|bis(2-ethylhexyl)ester|di-2-ethylhexyl adipate|adipate;|di|acid|di(2-ethylhexyl)|bis(2-ethylhexyl)ester;1,6-bis(2-ethylhexyl) hexanedioate;Adipic acid, bis(2-ethylhexyl) ester;ADIPIC ACID, DI (2-ETHYLHEXYL) ESTER;bis(2-ethylhexyl) adipate;bis(2-ethylhexyl) hexanedioate;Bis(2-ethylhexyl)adipate;bis(2-ethylhexyl)ester hexanedioic acid;Di-(2-Ethylhexyl) Adipate;DI-2-ETHYLHEXYL ADIPATE;Di(2-ethylhexyl) adipate;di(2-ethylhexyl) adipate (hexanedioic acid, bis(2-ethylhexyl) ester) (deha);di(2-Ethylhexyl)adipate;dioctyl adipate;Hexanedioic acid, 1,6-bis(2-ethylhexyl) ester;Hexanedioic acid, bis(2-ethylhexyl) ester;hexanedioic acid, bis(2-ethylhexyl)ester;hexanedioic_acid,_bis(2-ethylhexyl)ester;hexanedioic|di(2-ethylhexyl)adipate|di-(2-ethylhexyl)|hexanedioate|(2-ethylhexyl)|di-2-ethylhexyl|acid,|adipic|ester",,,,,,,,,,,,,,,,,,,,,,,,,,,,,,,,,,,,,,,,,,,,,,,,,,,,,,,,,,,,,,,,,,,,,,,,,,,,,,,,,,,,,,,,,,,,,,,,,,,,,,,,,,,,,,,,,,,,,,,,,,,,,,,,Human Health Hazards#Toxicity to Reproduction,Receptor Mediated Effects,,,Relative ARBA,,,False,No qualifier,Equal,"H. Fang et al. Chem. Res. Toxicol. 16 (2003), pp. 1338–1358.",,,,Competitive Radiometric Binding Assay,,Recombinant rat androgen receptor,,,,,,,,,,,,,,,,,,,,,,,,,,,,,,,,,,,,,,,,,,,,,,,,,,,,,,,,,,,,,,,,,,,,,,,,,,,,,,,,,,,,,,,,,,,,,,,,,,,,,,,,,,,,,,,,,,,,,,in Vitro,,,,,,,,,,,,,Without S9,Receptor-mediated,,,,,,,,,,,,,,,,,,,,,,,,,,,,,,,,,,,,,,,,,,,,,,,,,,,,,,,,,,,,,,,,,,,,,,,,,,,,,,,,,,,,,,,,,,0,,%,Relative binding affinity (ratio),,,0,,%,Relative binding affinity (ratio),,
103-23-1,"|bis(2-ethylhexyl)|ester|bis(2-ethylhexyl)adipate|1,6-bis(2-ethylhexyl)|hexanedioic acid, bis(2-ethylhexyl)ester;|bis(2-ethylhexyl)ester|di-2-ethylhexyl adipate|adipate;|di|acid|di(2-ethylhexyl)|bis(2-ethylhexyl)ester;1,6-bis(2-ethylhexyl) hexanedioate;Adipic acid, bis(2-ethylhexyl) ester;ADIPIC ACID, DI (2-ETHYLHEXYL) ESTER;bis(2-ethylhexyl) adipate;bis(2-ethylhexyl) hexanedioate;Bis(2-ethylhexyl)adipate;bis(2-ethylhexyl)ester hexanedioic acid;Di-(2-Ethylhexyl) Adipate;DI-2-ETHYLHEXYL ADIPATE;Di(2-ethylhexyl) adipate;di(2-ethylhexyl) adipate (hexanedioic acid, bis(2-ethylhexyl) ester) (deha);di(2-Ethylhexyl)adipate;dioctyl adipate;Hexanedioic acid, 1,6-bis(2-ethylhexyl) ester;Hexanedioic acid, bis(2-ethylhexyl) ester;hexanedioic acid, bis(2-ethylhexyl)ester;hexanedioic_acid,_bis(2-ethylhexyl)ester;hexanedioic|di(2-ethylhexyl)adipate|di-(2-ethylhexyl)|hexanedioate|(2-ethylhexyl)|di-2-ethylhexyl|acid,|adipic|ester",,,,,,,,,,,,,,,,,,,,,,,,,,,,,,,,,,,,,,,,,,,,,,,,,,,,,,,,,,,,,,,,,,,,,,,,,,,,,,,,,,,,,,,,,,,,,,,,,,,,,,,,,,,,,,,,,,,,,,,,,,,,,,,,Human Health Hazards#Toxicity to Reproduction,Receptor Mediated Effects,2001,"Structure-activity relationships for a large diverse set of natural, synthetic, and environmental estrogens. Chem. Res. Tox., 14:280-294.",Relative ERBA,,,False,No qualifier,Equal,"Chem. Res. Tox., 14:280-294.",,,,,NCTR rat database,Rat,,,,,,,,,,,,,,,"Fang, H., W. Tong, L.M. Shi, R. Blair, R. Perkins, W. Branham, B.S. Hass, Q. Xie, S.L. Dial, C.L. Moland, and D.M. Sheehan",,,,,,,,,,,,,,,,,,,,,,,,,,,,,,,,,,,,,,,,,,,,,,,,,,,,,,,,,,,,,,,,,,,,,,,,,,,,,,,,,,,,,,,,,,,,,,,,,,,,,,,in Vitro,,,,,,,,,,,,,,,,,,,,,,,,,,,,,,,,,,,,,,,,,,,,,,,,,,,,,,,,,,,,,,,,,,,,,,,,,,,,,,,,,,,,,,,,,,,,,,,,,Liver,NCTR-Arcansas,,,,,,0,,%,Relative binding affinity (ratio),,,0,,%,Relative binding affinity (ratio),,
103-23-1,"|bis(2-ethylhexyl)|ester|bis(2-ethylhexyl)adipate|1,6-bis(2-ethylhexyl)|hexanedioic acid, bis(2-ethylhexyl)ester;|bis(2-ethylhexyl)ester|di-2-ethylhexyl adipate|adipate;|di|acid|di(2-ethylhexyl)|bis(2-ethylhexyl)ester;1,6-bis(2-ethylhexyl) hexanedioate;Adipic acid, bis(2-ethylhexyl) ester;ADIPIC ACID, DI (2-ETHYLHEXYL) ESTER;bis(2-ethylhexyl) adipate;bis(2-ethylhexyl) hexanedioate;Bis(2-ethylhexyl)adipate;bis(2-ethylhexyl)ester hexanedioic acid;Di-(2-Ethylhexyl) Adipate;DI-2-ETHYLHEXYL ADIPATE;Di(2-ethylhexyl) adipate;di(2-ethylhexyl) adipate (hexanedioic acid, bis(2-ethylhexyl) ester) (deha);di(2-Ethylhexyl)adipate;dioctyl adipate;Hexanedioic acid, 1,6-bis(2-ethylhexyl) ester;Hexanedioic acid, bis(2-ethylhexyl) ester;hexanedioic acid, bis(2-ethylhexyl)ester;hexanedioic_acid,_bis(2-ethylhexyl)ester;hexanedioic|di(2-ethylhexyl)adipate|di-(2-ethylhexyl)|hexanedioate|(2-ethylhexyl)|di-2-ethylhexyl|acid,|adipic|ester",,,,,,,,,,,,,,,,,,,,,,,,,,,,,,,,,,,,,,,,,,,,,,,,,,,,,,,,,,,,,,,,,,,,,,,,,,,,,,,,,,,,,,,,,,,,,,,,,,,,,,,,,,,,,,,,,,,,,,,,,,,,,,,,Human Health Hazards#Toxicity to Reproduction,Receptor Mediated Effects,2015,,Relative ERBA,,,True,No qualifier,Equal,METI/CERI-Japan,,,,,,Recombinant human estrogen receptor,,,,,,,,,,,,,,,,,,,,,,,,,,,,,,,,,,,,,,,,,,,,,,,,,,,,,,,,,,10,,,,,,,,,,,,,,,,,,,,,,,,,,,,,,,,,,,,,,,,,,,,,,,,,,,,,,,,,,,,in Vitro,,,,,,,,,,,,,,,,,,,,,,,,,,,,,,,,,,,,,,,,,,,,,,,,,,,,,,,,,,,,,,,,,,,,,,,,,,,,,,,,,,,,,,,,,,,,,,,HTS00160,1-011,,,,,,,,0,,%,Relative binding affinity (ratio),,,0,,%,Relative binding affinity (ratio),,
103-23-1,"|bis(2-ethylhexyl)|ester|bis(2-ethylhexyl)adipate|1,6-bis(2-ethylhexyl)|hexanedioic acid, bis(2-ethylhexyl)ester;|bis(2-ethylhexyl)ester|di-2-ethylhexyl adipate|adipate;|di|acid|di(2-ethylhexyl)|bis(2-ethylhexyl)ester;1,6-bis(2-ethylhexyl) hexanedioate;Adipic acid, bis(2-ethylhexyl) ester;ADIPIC ACID, DI (2-ETHYLHEXYL) ESTER;bis(2-ethylhexyl) adipate;bis(2-ethylhexyl) hexanedioate;Bis(2-ethylhexyl)adipate;bis(2-ethylhexyl)ester hexanedioic acid;Di-(2-Ethylhexyl) Adipate;DI-2-ETHYLHEXYL ADIPATE;Di(2-ethylhexyl) adipate;di(2-ethylhexyl) adipate (hexanedioic acid, bis(2-ethylhexyl) ester) (deha);di(2-Ethylhexyl)adipate;dioctyl adipate;Hexanedioic acid, 1,6-bis(2-ethylhexyl) ester;Hexanedioic acid, bis(2-ethylhexyl) ester;hexanedioic acid, bis(2-ethylhexyl)ester;hexanedioic_acid,_bis(2-ethylhexyl)ester;hexanedioic|di(2-ethylhexyl)adipate|di-(2-ethylhexyl)|hexanedioate|(2-ethylhexyl)|di-2-ethylhexyl|acid,|adipic|ester",CCCC[C@@H](CC)COC(=O)CCCCC(=O)OC[C@H](CC)CCCC,C22H42O4,Mono constituent,,Sources:1,Not applicable,Not calculated,Not calculated,Not calculated,Not calculated,Not calculated,Not calculated,Not calculated,Not calculated,Not calculated,Not calculated,Not calculated,Not calculated,Not calculated,Not calculated,Not calculated,Not calculated,Not calculated,Not calculated,Not calculated,Not calculated,Not calculated,Not calculated,Not calculated,Not calculated,Not calculated,Not calculated,Not calculated,Not calculated,Not calculated,Not calculated,Not calculated,Not calculated,Not calculated,Not calculated,Not calculated,Not calculated,Not calculated,Not calculated,Not calculated,Not calculated,Not calculated,Not calculated,Not calculated,Not calculated,Not calculated,Not calculated,Not calculated,Not calculated,Not calculated,Not calculated,Not calculated,Not calculated,Not calculated,Not calculated,Not calculated,Not calculated,Not calculated,Not calculated,Not calculated,Not calculated,Not calculated,Not calculated,Not calculated,Not calculated,Not calculated,Not calculated,Not calculated,Not calculated,Not calculated,Not calculated,Not calculated,Not calculated,Not calculated,Not calculated,Not calculated,Not calculated,Not calculated,Not calculated,Not calculated,Not calculated,Not calculated,Not calculated,Not calculated,Not calculated,Not calculated,Not calculated,Not calculated,Not calculated,Not calculated,Not calculated,Not calculated,Not calculated,Not calculated,Not calculated,Not calculated,Not calculated,Not calculated,Not calculated,Not calculated,Not calculated,Not calculated,Not calculated,Not calculated,Not calculated,Not calculated,Not calculated,Not calculated,Not calculated,Not calculated,Not calculated,Not calculated,Not calculated,Not calculated,Not calculated,Not calculated,Not calculated,Not calculated,Not calculated,Not calculated,Not calculated,Not calculated,,,,,,,,,,,,,,,,,,,,,,,,,,,,,,,,,,,,,,,,,,,,,,,,,,,,,,,,,,,,,,,,,,,,,,,,,,,,,,,,,,,,,,,,,,,,,,,,,,,,,,,,,,,,,,,,,,,,,,,,,,,,,,,,,,,,,,,,,,,,,,,,,,,,,,,,,,,,,,,,,,,,,,,,,,,,,,,,,,,,,,,,,,,,,,,,,,,,,,,,,,,,,,,,,,,,,,,,,,,,,,,,,,,,,,,,,,,,,,,,,,,,,,,,,,







