CAS Number,Chemical name(s),SMILES,Molecular formula,Predefined substance type,Additional Ids,Identity,CAS-SMILES relation,Water Solubility (fragments),Water Solubility,Vapor Pressure (Modified Grain Method),Vapor Pressure (Mackay method),Vapor Pressure (Antoine method),Ultimate biodeg (Biowin 3),Total Kb,Surface Tension,Subcooled liquid Vapor Pressure,STP FM (Total removal),STP FM (Total biodegradation),Similarity,Selected Vapor Pressure,Selected Melting Point,Relative number of N atoms,Ready Biodegradability Prediction,Primary biodeg (Biowin 4),phi (Octanol/air (Koa) model),phi (Mackay model),phi (Junge-Pankow model),OVERALL OZONE rate constant,OVERALL OZONE Half-life,OVERALL OH rate constant,OVERALL OH Half-life,Number of single bonds (with H),Number of single bonds,Number of rings,Number of nitro groups,Number of heavy atoms,Number of double bonds,Number of cyclic bonds,Number of aromatic bonds,Molecular Weight,Melting point (Gold and Ogle method),Melting Point (Adapted Joback Method),Mean Melting Point,log Kow,Log Koa (Henry's law constant model),Log Koa (Air-water partition coefficient model),Lipid Solubility,Kp (Octanol/air (Koa) model),Kp (Mackay method),Koc (MCI),Koc (Log Kow),kM,Kb half-life (pH 8),Kb half-life (pH 7),Ka Half-Life (pH 8),Ka Half-Life (pH 7),Hydrolysis half-life (pH 6.5-7.4),Henrys law Constant (Group Method),Henrys Law Constant (Bond Method),Half-Life (Observed metabolism),Half-Life (Model River),Half-Life (Model Lake),GSH Reactivity,FM reaction water,FM reaction time,FM reaction soil,FM reaction sediment,FM reaction air,FM persistence time,FM percent reacted,FM percent advected,FM mass amount water,FM mass amount soil,FM mass amount sediment,FM mass amount air,FM half-life water,FM half-life soil,FM half-life sediment,FM half-life air,FM fugacity water,FM fugacity soil,FM fugacity sediment,FM fugacity air,FM emissions water,FM emissions soil,FM emissions sedmient,FM emissions air,FM advection water,FM advection time,FM advection soil,FM advection sediment,FM advection air,Exp Water Solubility,Exp Vapor Pressure,Exp Ozone rate constant,Exp OH rate constant,Exp NO3 rate constant,Exp Melting Point,Exp Log P,Exp Henrys Law Constant,Exp Boiling Point,Boiling point,Biotransformation Half-Life,BioHC Half-Life,Biodeg probability (Biowin 7),Biodeg probability (Biowin 6),Biodeg probability (Biowin 5),Biodeg probability (Biowin 2),Biodeg probability (Biowin 1),Bio Half-Life,BCF (upper trophic),"BCF (upper trophic, biotransformation rate is zero)",BCF (mid trophic),BCF (lower trophic),BCF,Basic pKa (OASIS Regression),BAF (upper trophic),"BAF (upper trophic, biotransformation rate is zero)",BAF (mid trophic),BAF (lower trophic),BAF,Amino acids pKa (OASIS Regression),Acidic pKa (OASIS Regression),Acidic pKa (OASIS Electric),Acidic pKa (OASIS Consensus),Acidic pKa (OASIS composite calculator),(Q) Basic pKa (Chemaxon),(Q) Acidic pKa (Chemaxon),EndpointPath,Database,Comments,Endpoint,Reference source,Assigned SMILES,Qualifier,Substance/Test material equality,Experimental condition.Unit,Experimental condition.Scale,Experimental condition.MinValue,Test specificity,pH,Year,Record ID,Statistics,Water type,Tissue analyzed,Species common name,Test organisms (species),Sexual maturation (offspring),Kingdom,Subkingdom,Phylum,Subphylum,Superclass,Class,Superorder,Order,Superfamily,Family,Genus,Infrakingdom,Infraphylum,Lipid.MeanValue,Lipid.Unit,Lipid.Scale,Temperature.MeanValue,Temperature.Unit,Temperature.Scale,Exposure concentration.MeanValue,Exposure concentration.Unit,Exposure concentration.Scale,Title,Author,Strain,Test type,Test guideline,Type of method,Identity in file,Metabolic activation,Type of genotoxicity,log Kow,Data confidence category,KM representative.MeanValue,KM representative.Unit,KM representative.Scale,Effect,Gender,Test group,Publication,Organ(Tissue),Test category,Test laboratory,Examination items,Route of administration,Max dose.MeanValue,Max dose.Unit,Max dose.Scale,Min dose.MeanValue,Min dose.Unit,Min dose.Scale,Test purity.MeanValue,Test purity.Qualifier,Test purity.Scale,Recovery period.MeanValue,Recovery period.Unit,Recovery period.Scale,Trend,Test ID,Result ID,Conc1 type,Media type,Measurement,Control type,Created date,Reference db,Exposure Type,Modified date,Test location,Conc1 comments,Published date,Organism source,Publication year,Endpoint assigned,Significance code,Significance type,Organism lifestage,Additional comments,Effect pct comments,Media type comments,Chem analysis method,Measurement comments,Test characteristics,Organism characteristics,Organism source comments,Test additional comments,Effect %.Scale,Effect %.MinValue,Effect %.MinQualifier,Effect %.MaxValue,Effect %.MaxQualifier,Media ph.Scale,Media ph.MinValue,Media ph.MaxValue,Num doses.MeanValue,Num doses.Scale,Organism age.MeanValue,Organism age.Qualifier,Organism age.Unit,Organism age.Scale,Study duration.MeanValue,Study duration.Unit,Study duration.Scale,Application freq.MeanValue,Application freq.Unit,Application freq.Scale,Dissolved oxygen.MeanValue,Dissolved oxygen.Qualifier,Dissolved oxygen.Unit,Dissolved oxygen.Scale,Exposure duration.MeanValue,Exposure duration.Unit,Exposure duration.Scale,Media temperature.MeanValue,Media temperature.Unit,Media temperature.Scale,Significance level.MeanValue,Significance level.Qualifier,Significance level.Scale,Tissue,Test method,Response site,Experimental design,Test method comments,Response site comments,Other effect comments,Division,Subdivision,Subclass,Infraclass,Suborder,Subfamily,Organism init wt.Unit,Organism init wt.Scale,Organism init wt.MinValue,Organism init wt.MaxValue,OVERALL,Substance ID,Purity,Vehicle,Reliability,Middle dose.MeanValue,Middle dose.Unit,Middle dose.Scale,Finding: Biased sex ratio.MeanValue,Finding: Biased sex ratio.Unit,Finding: Biased sex ratio.Scale,Finding: Abnormal estrus cycle.MeanValue,Finding: Abnormal estrus cycle.Unit,Finding: Abnormal estrus cycle.Scale,Finding: Decreased birth index.MeanValue,Finding: Decreased birth index.Unit,Finding: Decreased birth index.Scale,Finding: Other findings (Dams).MeanValue,Finding: Other findings (Dams).Unit,Finding: Other findings (Dams).Scale,Finding: Decreased nursing index.MeanValue,Finding: Decreased nursing index.Unit,Finding: Decreased nursing index.Scale,Finding: Decreased delivery index.MeanValue,Finding: Decreased delivery index.Unit,Finding: Decreased delivery index.Scale,Finding: Decreased fertility index.MeanValue,Finding: Decreased fertility index.Unit,Finding: Decreased fertility index.Scale,Finding: Decreased gestation index.MeanValue,Finding: Decreased gestation index.Unit,Finding: Decreased gestation index.Scale,Finding: Decreased viability index.MeanValue,Finding: Decreased viability index.Unit,Finding: Decreased viability index.Scale,Finding: Decreased copulation index.MeanValue,Finding: Decreased copulation index.Unit,Finding: Decreased copulation index.Scale,Finding: Decreased live birth index.MeanValue,Finding: Decreased live birth index.Unit,Finding: Decreased live birth index.Scale,Finding: Increased gestation length.MeanValue,Finding: Increased gestation length.Unit,Finding: Increased gestation length.Scale,Finding: Other findings (Offsprings).MeanValue,Finding: Other findings (Offsprings).Unit,Finding: Other findings (Offsprings).Scale,Finding: Decreased implantation index.MeanValue,Finding: Decreased implantation index.Unit,Finding: Decreased implantation index.Scale,Finding: Increased malformation in pups.MeanValue,Finding: Increased malformation in pups.Unit,Finding: Increased malformation in pups.Scale,Finding: Decreaced body weight  on day 0.MeanValue,Finding: Decreaced body weight  on day 0.Unit,Finding: Decreaced body weight  on day 0.Scale,Finding: Decreased body weight  on day 4.MeanValue,Finding: Decreased body weight  on day 4.Unit,Finding: Decreased body weight  on day 4.Scale,Finding: Decreased number of mated pairs.MeanValue,Finding: Decreased number of mated pairs.Unit,Finding: Decreased number of mated pairs.Scale,Finding: Increased pre-implantation loss.MeanValue,Finding: Increased pre-implantation loss.Unit,Finding: Increased pre-implantation loss.Scale,Finding: Increased post-implantation loss.MeanValue,Finding: Increased post-implantation loss.Unit,Finding: Increased post-implantation loss.Scale,Finding: Decreased number of corpora lutea.MeanValue,Finding: Decreased number of corpora lutea.Unit,Finding: Decreased number of corpora lutea.Scale,Finding: Decreased number of pups on day 0.MeanValue,Finding: Decreased number of pups on day 0.Unit,Finding: Decreased number of pups on day 0.Scale,Finding: Other findings in delivery (Dams).MeanValue,Finding: Other findings in delivery (Dams).Unit,Finding: Other findings in delivery (Dams).Scale,Finding: Decreased number of copulated pairs.MeanValue,Finding: Decreased number of copulated pairs.Unit,Finding: Decreased number of copulated pairs.Scale,Finding: Decreased number of pregnant females.MeanValue,Finding: Decreased number of pregnant females.Unit,Finding: Decreased number of pregnant females.Scale,Finding: Decreased number of implantation scar.MeanValue,Finding: Decreased number of implantation scar.Unit,Finding: Decreased number of implantation scar.Scale,Finding: Decreased number of live pups on day 0.MeanValue,Finding: Decreased number of live pups on day 0.Unit,Finding: Decreased number of live pups on day 0.Scale,Finding: Decreased number of live pups on day 4.MeanValue,Finding: Decreased number of live pups on day 4.Unit,Finding: Decreased number of live pups on day 4.Scale,Finding: Decreased number of dams with live pups.MeanValue,Finding: Decreased number of dams with live pups.Unit,Finding: Decreased number of dams with live pups.Scale,Finding: Increased pairing days until copulation.MeanValue,Finding: Increased pairing days until copulation.Unit,Finding: Increased pairing days until copulation.Scale,Finding: Other findings in delivery (Offsprings).MeanValue,Finding: Other findings in delivery (Offsprings).Unit,Finding: Other findings in delivery (Offsprings).Scale,Duration.MeanValue,Duration.Unit,Duration.Scale,Value.MeanValue,Value.Unit,Value.Scale,Value.MinValue,Value.MaxValue,Original value.MeanValue,Original value.Unit,Original value.Scale,Original value.MinValue,Original value.MaxValue
26444-49-5,"Cresyl diphenyl phosphate;Cresyldiphenyl phosphate;Diphenyl cresyl phosphate;diphenyl tolyl phosphate;Methylphenyl diphenyl ester, Phosphoric acid;Phosphoric acid, methylphenyl diphenyl ester",Cc1ccc(OP(=O)(Oc2ccccc2)Oc2ccccc2)cc1,C19H17O4P,Mono constituent,,Sources:12,High,Not calculated,Not calculated,Not calculated,Not calculated,Not calculated,Not calculated,Not calculated,Not calculated,Not calculated,Not calculated,Not calculated,Not calculated,Not calculated,Not calculated,Not calculated,Not calculated,Not calculated,Not calculated,Not calculated,Not calculated,Not calculated,Not calculated,Not calculated,Not calculated,Not calculated,Not calculated,Not calculated,Not calculated,Not calculated,Not calculated,Not calculated,Not calculated,Not calculated,Not calculated,Not calculated,Not calculated,Not calculated,Not calculated,Not calculated,Not calculated,Not calculated,Not calculated,Not calculated,Not calculated,Not calculated,Not calculated,Not calculated,Not calculated,Not calculated,Not calculated,Not calculated,Not calculated,Not calculated,Not calculated,Not calculated,Not calculated,Not calculated,Not calculated,Not calculated,Not calculated,Not calculated,Not calculated,Not calculated,Not calculated,Not calculated,Not calculated,Not calculated,Not calculated,Not calculated,Not calculated,Not calculated,Not calculated,Not calculated,Not calculated,Not calculated,Not calculated,Not calculated,Not calculated,Not calculated,Not calculated,Not calculated,Not calculated,Not calculated,Not calculated,Not calculated,Not calculated,Not calculated,Not calculated,Not calculated,Not calculated,Not calculated,Not calculated,Not calculated,Not calculated,Not calculated,Not calculated,Not calculated,Not calculated,Not calculated,Not calculated,Not calculated,Not calculated,Not calculated,Not calculated,Not calculated,Not calculated,Not calculated,Not calculated,Not calculated,Not calculated,Not calculated,Not calculated,Not calculated,Not calculated,Not calculated,Not calculated,Not calculated,Not calculated,Not calculated,Not calculated,Not calculated,Environmental Fate and Transport#Bioaccumulation: aquatic,Bioconcentration and logKow NITE,,BCF,http://www.safe.nite.go.jp/japan/db.html,True,No qualifier,Equal,,,,wet weight,6.0 - 8.5,1996,1221,BCF=Cf/Cw with Cw being the mean measured water concentration up to the time of sampling. The BCF is the maximum value during a test duration.,freshwater,Whole body,common carp,Cyprinus carpio,Male and Female,Animalia (animals),Bilateria,Chordata (chordates),Vertebrata (vertebrates),"Actinopterygii (ray-finned fishes,spiny rayed fishes)",Teleostei,Ostariophysi,"Cypriniformes (minnows,suckers)",Cyprinoidea,"Cyprinidae (carps,minnows,carps and minnows)",Cyprinus (common carps),Deuterostomia,Gnathostomata,3.5,%,Ratio,25,°C,Temperature,0.000416,mg/L,Mass concentration,,,,,,,,,,,,,,,,,,,,,,,,,,,,,,,,,,,,,,,,,,,,,,,,,,,,,,,,,,,,,,,,,,,,,,,,,,,,,,,,,,,,,,,,,,,,,,,,,,,,,,,,,,,,,,,,,,,,,,,,,,,,,,,,,,,,,,,,,,,,,,,,,,,,,,,,,,,,,,,,,,,,,,,,,,,,,,,,,,,,,,,,,,,,,,,,,,,,,,,,,,,,,,,,,,,,,,,,56,d,Time,2.673020907128896,log(L/kg),Specific volume,,,471,L/kg,Specific volume,,
26444-49-5,"Cresyl diphenyl phosphate;Cresyldiphenyl phosphate;Diphenyl cresyl phosphate;diphenyl tolyl phosphate;Methylphenyl diphenyl ester, Phosphoric acid;Phosphoric acid, methylphenyl diphenyl ester",,,,,,,,,,,,,,,,,,,,,,,,,,,,,,,,,,,,,,,,,,,,,,,,,,,,,,,,,,,,,,,,,,,,,,,,,,,,,,,,,,,,,,,,,,,,,,,,,,,,,,,,,,,,,,,,,,,,,,,,,,,,,,,,Environmental Fate and Transport#Bioaccumulation: aquatic,Bioconcentration and logKow NITE,,BCF,http://www.safe.nite.go.jp/japan/db.html,True,No qualifier,Equal,,,,wet weight,6.0 - 8.5,1996,1220,BCF=Cf/Cw with Cw being the mean measured water concentration up to the time of sampling. The BCF is the maximum value during a test duration.,freshwater,Whole body,common carp,Cyprinus carpio,Male and Female,Animalia (animals),Bilateria,Chordata (chordates),Vertebrata (vertebrates),"Actinopterygii (ray-finned fishes,spiny rayed fishes)",Teleostei,Ostariophysi,"Cypriniformes (minnows,suckers)",Cyprinoidea,"Cyprinidae (carps,minnows,carps and minnows)",Cyprinus (common carps),Deuterostomia,Gnathostomata,3.5,%,Ratio,25,°C,Temperature,0.00416,mg/L,Mass concentration,,,,,,,,,,,,,,,,,,,,,,,,,,,,,,,,,,,,,,,,,,,,,,,,,,,,,,,,,,,,,,,,,,,,,,,,,,,,,,,,,,,,,,,,,,,,,,,,,,,,,,,,,,,,,,,,,,,,,,,,,,,,,,,,,,,,,,,,,,,,,,,,,,,,,,,,,,,,,,,,,,,,,,,,,,,,,,,,,,,,,,,,,,,,,,,,,,,,,,,,,,,,,,,,,,,,,,,,56,d,Time,2.6830470382388496,log(L/kg),Specific volume,,,482,L/kg,Specific volume,,
26444-49-5,"Cresyl diphenyl phosphate;Cresyldiphenyl phosphate;Diphenyl cresyl phosphate;diphenyl tolyl phosphate;Methylphenyl diphenyl ester, Phosphoric acid;Phosphoric acid, methylphenyl diphenyl ester",,,,,,,,,,,,,,,,,,,,,,,,,,,,,,,,,,,,,,,,,,,,,,,,,,,,,,,,,,,,,,,,,,,,,,,,,,,,,,,,,,,,,,,,,,,,,,,,,,,,,,,,,,,,,,,,,,,,,,,,,,,,,,,,Environmental Fate and Transport#Bioaccumulation: aquatic,kM database Environment Canada,"Metabolic biotransformation rate constant (kM), normalized to 10 g fish @ 15oC",kM,http://www.nite.go.jp/index-e.html,True,No qualifier,Equal,,,,,,2005,,,,,Common carp,Cyprinus carpio,,Animalia (animals),Bilateria,Chordata (chordates),Vertebrata (vertebrates),"Actinopterygii (ray-finned fishes,spiny rayed fishes)",Teleostei,Ostariophysi,"Cypriniformes (minnows,suckers)",Cyprinoidea,"Cyprinidae (carps,minnows,carps and minnows)",Cyprinus (common carps),Deuterostomia,Gnathostomata,,,,,,,,,,,NITE.,,,,,,,,5.250000144081294,good,1.0485981951233054,1/Days,Unknown,,,,,,,,,,,,,,,,,,,,,,,,,,,,,,,,,,,,,,,,,,,,,,,,,,,,,,,,,,,,,,,,,,,,,,,,,,,,,,,,,,,,,,,,,,,,,,,,,,,,,,,,,,,,,,,,,,,,,,,,,,,,,,,,,,,,,,,,,,,,,,,,,,,,,,,,,,,,,,,,,,,,,,,,,,,,,,,,,,,,,,,,,,,,,,,,,,,,,,,,,,,,,1.2487053871154785,1/Days,Unknown,,,1.2487053871154785,1/Days,Unknown,,
26444-49-5,"Cresyl diphenyl phosphate;Cresyldiphenyl phosphate;Diphenyl cresyl phosphate;diphenyl tolyl phosphate;Methylphenyl diphenyl ester, Phosphoric acid;Phosphoric acid, methylphenyl diphenyl ester",,,,,,,,,,,,,,,,,,,,,,,,,,,,,,,,,,,,,,,,,,,,,,,,,,,,,,,,,,,,,,,,,,,,,,,,,,,,,,,,,,,,,,,,,,,,,,,,,,,,,,,,,,,,,,,,,,,,,,,,,,,,,,,,Environmental Fate and Transport#Bioaccumulation: aquatic,kM database Environment Canada,"Metabolic biotransformation rate constant (kM), normalized to 10 g fish @ 15oC",kM,http://www.nite.go.jp/index-e.html,True,No qualifier,Equal,,,,,,2005,,,,,Common carp,Cyprinus carpio,,Animalia (animals),Bilateria,Chordata (chordates),Vertebrata (vertebrates),"Actinopterygii (ray-finned fishes,spiny rayed fishes)",Teleostei,Ostariophysi,"Cypriniformes (minnows,suckers)",Cyprinoidea,"Cyprinidae (carps,minnows,carps and minnows)",Cyprinus (common carps),Deuterostomia,Gnathostomata,,,,,,,,,,,NITE.,,,,,,,,5.250000144081294,good,1.1111614461668127,1/Days,Unknown,,,,,,,,,,,,,,,,,,,,,,,,,,,,,,,,,,,,,,,,,,,,,,,,,,,,,,,,,,,,,,,,,,,,,,,,,,,,,,,,,,,,,,,,,,,,,,,,,,,,,,,,,,,,,,,,,,,,,,,,,,,,,,,,,,,,,,,,,,,,,,,,,,,,,,,,,,,,,,,,,,,,,,,,,,,,,,,,,,,,,,,,,,,,,,,,,,,,,,,,,,,,,1.3232077360153198,1/Days,Unknown,,,1.3232077360153198,1/Days,Unknown,,
26444-49-5,"Cresyl diphenyl phosphate;Cresyldiphenyl phosphate;Diphenyl cresyl phosphate;diphenyl tolyl phosphate;Methylphenyl diphenyl ester, Phosphoric acid;Phosphoric acid, methylphenyl diphenyl ester",,,,,,,,,,,,,,,,,,,,,,,,,,,,,,,,,,,,,,,,,,,,,,,,,,,,,,,,,,,,,,,,,,,,,,,,,,,,,,,,,,,,,,,,,,,,,,,,,,,,,,,,,,,,,,,,,,,,,,,,,,,,,,,,Ecotoxicological Information#Aquatic Toxicity,ECOTOX,,LOEC,Aquat. Toxicol.161:25-32,True,No qualifier,Equal,,,,,,,,,,,,Danio rerio,,Animalia (animals),Bilateria,Chordata (chordates),Vertebrata (vertebrates),"Actinopterygii (ray-finned fishes,spiny rayed fishes)",Teleostei,Ostariophysi,"Cypriniformes (minnows,suckers)",Cyprinoidea,"Cyprinidae (carps,minnows,carps and minnows)",Danio,Deuterostomia,Gnathostomata,,,,,,,,,,Aryl Organophosphate Flame Retardants Induced Cardiotoxicity During Zebrafish Embryogenesis: By Disturbing Expression of the Transcriptional Regulators,"Du,Z., G. Wang, S. Gao, and Z. Wang",,,,,,,,,,,,,Genetics,,,,,,,,,,,,,,,95,>,None,,,,Increasing,2224757,2472221,Active ingredient,Fresh water,Bone morphogenetic protein 4 mRNA,Carrier or solvent,08/08/2019,A,Renewal,09/25/2019,Lab,ONLY CONC TESTED,12/12/2019,Laboratory,2015,Reviewer assigned endpoint,Significant,P,Embryo,EFCT%/FROM GRAPH//CONC1/ONLY CONC TESTED//,FROM GRAPH,"AERATED, DECHLORINATED TAP WATER",Unmeasured,PRIMER USED,Cresyl diphenyl phosphate,AB STRAIN,"INSTITUTE OF HYDROBIOLOGY, CHINESE ACADEMY OF SCIENCES, WUHAN, CHINA","SOURCE/INSTITUTE OF HYDROBIOLOGY, CHINESE ACADEMY OF SCIENCES, WUHAN, CHINA//MEDIA/AERATED, DECHLORINATED TAP WATER//",None,35,>,40,<,None,7.4,8.1,2,None,60,,h,Time,12,h,Time,1,X times for 12 hours,Unknown,80,>,percent saturation,Unknown,12,h,Time,26,°C,Temperature,0.01,<,None,,,,,,,,,,,,,,,,,,,,,,,,,,,,,,,,,,,,,,,,,,,,,,,,,,,,,,,,,,,,,,,,,,,,,,,,,,,,,,,,,,,,,,,,,,,,,,,,,,,,,,,,,,,,,,,,,,,,,,,12,h,Time,0.5,mg/L,Mass concentration,,,0.5,mg/L,Mass concentration,,
26444-49-5,"Cresyl diphenyl phosphate;Cresyldiphenyl phosphate;Diphenyl cresyl phosphate;diphenyl tolyl phosphate;Methylphenyl diphenyl ester, Phosphoric acid;Phosphoric acid, methylphenyl diphenyl ester",,,,,,,,,,,,,,,,,,,,,,,,,,,,,,,,,,,,,,,,,,,,,,,,,,,,,,,,,,,,,,,,,,,,,,,,,,,,,,,,,,,,,,,,,,,,,,,,,,,,,,,,,,,,,,,,,,,,,,,,,,,,,,,,Ecotoxicological Information#Aquatic Toxicity,ECOTOX,,LOEC,Aquat. Toxicol.161:25-32,True,No qualifier,Equal,,,,,,,,,,,,Danio rerio,,Animalia (animals),Bilateria,Chordata (chordates),Vertebrata (vertebrates),"Actinopterygii (ray-finned fishes,spiny rayed fishes)",Teleostei,Ostariophysi,"Cypriniformes (minnows,suckers)",Cyprinoidea,"Cyprinidae (carps,minnows,carps and minnows)",Danio,Deuterostomia,Gnathostomata,,,,,,,,,,Aryl Organophosphate Flame Retardants Induced Cardiotoxicity During Zebrafish Embryogenesis: By Disturbing Expression of the Transcriptional Regulators,"Du,Z., G. Wang, S. Gao, and Z. Wang",,,,,,,,,,,,,Genetics,,,,,,,,,,,,,,,95,>,None,,,,Decreasing,2224757,2472222,Active ingredient,Fresh water,Homeobox protein Nkx-2.5 mRNA,Carrier or solvent,08/08/2019,A,Renewal,09/25/2019,Lab,ONLY CONC TESTED,12/12/2019,Laboratory,2015,Reviewer assigned endpoint,Significant,P,Embryo,EFCT%/FROM GRAPH//CONC1/ONLY CONC TESTED//,FROM GRAPH,"AERATED, DECHLORINATED TAP WATER",Unmeasured,PRIMER USED,Cresyl diphenyl phosphate,AB STRAIN,"INSTITUTE OF HYDROBIOLOGY, CHINESE ACADEMY OF SCIENCES, WUHAN, CHINA","SOURCE/INSTITUTE OF HYDROBIOLOGY, CHINESE ACADEMY OF SCIENCES, WUHAN, CHINA//MEDIA/AERATED, DECHLORINATED TAP WATER//",None,10,>,15,<,None,7.4,8.1,2,None,60,,h,Time,12,h,Time,1,X times for 12 hours,Unknown,80,>,percent saturation,Unknown,12,h,Time,26,°C,Temperature,0.05,<,None,,,,,,,,,,,,,,,,,,,,,,,,,,,,,,,,,,,,,,,,,,,,,,,,,,,,,,,,,,,,,,,,,,,,,,,,,,,,,,,,,,,,,,,,,,,,,,,,,,,,,,,,,,,,,,,,,,,,,,,12,h,Time,0.5,mg/L,Mass concentration,,,0.5,mg/L,Mass concentration,,
26444-49-5,"Cresyl diphenyl phosphate;Cresyldiphenyl phosphate;Diphenyl cresyl phosphate;diphenyl tolyl phosphate;Methylphenyl diphenyl ester, Phosphoric acid;Phosphoric acid, methylphenyl diphenyl ester",,,,,,,,,,,,,,,,,,,,,,,,,,,,,,,,,,,,,,,,,,,,,,,,,,,,,,,,,,,,,,,,,,,,,,,,,,,,,,,,,,,,,,,,,,,,,,,,,,,,,,,,,,,,,,,,,,,,,,,,,,,,,,,,Ecotoxicological Information#Aquatic Toxicity,ECOTOX,,LOEC,Aquat. Toxicol.161:25-32,True,No qualifier,Equal,,,,,,,,,,,,Danio rerio,,Animalia (animals),Bilateria,Chordata (chordates),Vertebrata (vertebrates),"Actinopterygii (ray-finned fishes,spiny rayed fishes)",Teleostei,Ostariophysi,"Cypriniformes (minnows,suckers)",Cyprinoidea,"Cyprinidae (carps,minnows,carps and minnows)",Danio,Deuterostomia,Gnathostomata,,,,,,,,,,Aryl Organophosphate Flame Retardants Induced Cardiotoxicity During Zebrafish Embryogenesis: By Disturbing Expression of the Transcriptional Regulators,"Du,Z., G. Wang, S. Gao, and Z. Wang",,,,,,,,,,,,,Genetics,,,,,,,,,,,,,,,95,>,None,,,,Increasing,2224757,2472223,Active ingredient,Fresh water,T-box 5a mRNA,Carrier or solvent,08/08/2019,A,Renewal,09/25/2019,Lab,ONLY CONC TESTED,12/12/2019,Laboratory,2015,Reviewer assigned endpoint,Significant,P,Embryo,EFCT%/FROM GRAPH//CONC1/ONLY CONC TESTED//,FROM GRAPH,"AERATED, DECHLORINATED TAP WATER",Unmeasured,PRIMER USED,Cresyl diphenyl phosphate,AB STRAIN,"INSTITUTE OF HYDROBIOLOGY, CHINESE ACADEMY OF SCIENCES, WUHAN, CHINA","SOURCE/INSTITUTE OF HYDROBIOLOGY, CHINESE ACADEMY OF SCIENCES, WUHAN, CHINA//MEDIA/AERATED, DECHLORINATED TAP WATER//",None,25,>,30,<,None,7.4,8.1,2,None,60,,h,Time,12,h,Time,1,X times for 12 hours,Unknown,80,>,percent saturation,Unknown,12,h,Time,26,°C,Temperature,0.05,<,None,,,,,,,,,,,,,,,,,,,,,,,,,,,,,,,,,,,,,,,,,,,,,,,,,,,,,,,,,,,,,,,,,,,,,,,,,,,,,,,,,,,,,,,,,,,,,,,,,,,,,,,,,,,,,,,,,,,,,,,12,h,Time,0.5,mg/L,Mass concentration,,,0.5,mg/L,Mass concentration,,
26444-49-5,"Cresyl diphenyl phosphate;Cresyldiphenyl phosphate;Diphenyl cresyl phosphate;diphenyl tolyl phosphate;Methylphenyl diphenyl ester, Phosphoric acid;Phosphoric acid, methylphenyl diphenyl ester",,,,,,,,,,,,,,,,,,,,,,,,,,,,,,,,,,,,,,,,,,,,,,,,,,,,,,,,,,,,,,,,,,,,,,,,,,,,,,,,,,,,,,,,,,,,,,,,,,,,,,,,,,,,,,,,,,,,,,,,,,,,,,,,Ecotoxicological Information#Aquatic Toxicity,ECOTOX,,LOEC,Aquat. Toxicol.161:25-32,True,No qualifier,Equal,,,,,,,,,,,,Danio rerio,,Animalia (animals),Bilateria,Chordata (chordates),Vertebrata (vertebrates),"Actinopterygii (ray-finned fishes,spiny rayed fishes)",Teleostei,Ostariophysi,"Cypriniformes (minnows,suckers)",Cyprinoidea,"Cyprinidae (carps,minnows,carps and minnows)",Danio,Deuterostomia,Gnathostomata,,,,,,,,,,Aryl Organophosphate Flame Retardants Induced Cardiotoxicity During Zebrafish Embryogenesis: By Disturbing Expression of the Transcriptional Regulators,"Du,Z., G. Wang, S. Gao, and Z. Wang",,,,,,,,,,,,,Genetics,,,,,,,,,,,,,,,95,>,None,,,,Increasing,2224757,2472220,Active ingredient,Fresh water,Transcription factor GATA-4 mRNA,Carrier or solvent,08/08/2019,A,Renewal,09/25/2019,Lab,ONLY CONC TESTED,12/12/2019,Laboratory,2015,Reviewer assigned endpoint,Significant,P,Embryo,EFCT%/FROM GRAPH//CONC1/ONLY CONC TESTED//,FROM GRAPH,"AERATED, DECHLORINATED TAP WATER",Unmeasured,PRIMER USED,Cresyl diphenyl phosphate,AB STRAIN,"INSTITUTE OF HYDROBIOLOGY, CHINESE ACADEMY OF SCIENCES, WUHAN, CHINA","SOURCE/INSTITUTE OF HYDROBIOLOGY, CHINESE ACADEMY OF SCIENCES, WUHAN, CHINA//MEDIA/AERATED, DECHLORINATED TAP WATER//",None,35,>,40,<,None,7.4,8.1,2,None,60,,h,Time,12,h,Time,1,X times for 12 hours,Unknown,80,>,percent saturation,Unknown,12,h,Time,26,°C,Temperature,0.01,<,None,,,,,,,,,,,,,,,,,,,,,,,,,,,,,,,,,,,,,,,,,,,,,,,,,,,,,,,,,,,,,,,,,,,,,,,,,,,,,,,,,,,,,,,,,,,,,,,,,,,,,,,,,,,,,,,,,,,,,,,12,h,Time,0.5,mg/L,Mass concentration,,,0.5,mg/L,Mass concentration,,
26444-49-5,"Cresyl diphenyl phosphate;Cresyldiphenyl phosphate;Diphenyl cresyl phosphate;diphenyl tolyl phosphate;Methylphenyl diphenyl ester, Phosphoric acid;Phosphoric acid, methylphenyl diphenyl ester",,,,,,,,,,,,,,,,,,,,,,,,,,,,,,,,,,,,,,,,,,,,,,,,,,,,,,,,,,,,,,,,,,,,,,,,,,,,,,,,,,,,,,,,,,,,,,,,,,,,,,,,,,,,,,,,,,,,,,,,,,,,,,,,Ecotoxicological Information#Aquatic Toxicity,ECOTOX,,LOEC,Aquat. Toxicol.161:25-32,True,No qualifier,Equal,,,,,,,,,,,,Danio rerio,,Animalia (animals),Bilateria,Chordata (chordates),Vertebrata (vertebrates),"Actinopterygii (ray-finned fishes,spiny rayed fishes)",Teleostei,Ostariophysi,"Cypriniformes (minnows,suckers)",Cyprinoidea,"Cyprinidae (carps,minnows,carps and minnows)",Danio,Deuterostomia,Gnathostomata,,,,,,,,,,Aryl Organophosphate Flame Retardants Induced Cardiotoxicity During Zebrafish Embryogenesis: By Disturbing Expression of the Transcriptional Regulators,"Du,Z., G. Wang, S. Gao, and Z. Wang",,,,,,,,,,,,,Genetics,,,,,,,,,,,,,,,95,>,None,,,,Decreasing,2224755,2472213,Active ingredient,Fresh water,Bone morphogenetic protein 4 mRNA,Carrier or solvent,08/08/2019,A,Renewal,09/25/2019,Lab,ONLY CONC TESTED,12/12/2019,Laboratory,2015,Reviewer assigned endpoint,Significant,P,Embryo,EFCT%/FROM GRAPH//CONC1/ONLY CONC TESTED//,FROM GRAPH,"AERATED, DECHLORINATED TAP WATER",Unmeasured,PRIMER USED,Cresyl diphenyl phosphate,AB STRAIN,"INSTITUTE OF HYDROBIOLOGY, CHINESE ACADEMY OF SCIENCES, WUHAN, CHINA","SOURCE/INSTITUTE OF HYDROBIOLOGY, CHINESE ACADEMY OF SCIENCES, WUHAN, CHINA//MEDIA/AERATED, DECHLORINATED TAP WATER//",None,10,>,15,<,None,7.4,8.1,2,None,36,,h,Time,36,h,Time,1,X times for 12 hours,Unknown,80,>,percent saturation,Unknown,12,h,Time,26,°C,Temperature,0.05,<,None,,,,,,,,,,,,,,,,,,,,,,,,,,,,,,,,,,,,,,,,,,,,,,,,,,,,,,,,,,,,,,,,,,,,,,,,,,,,,,,,,,,,,,,,,,,,,,,,,,,,,,,,,,,,,,,,,,,,,,,36,h,Time,0.5,mg/L,Mass concentration,,,0.5,mg/L,Mass concentration,,
26444-49-5,"Cresyl diphenyl phosphate;Cresyldiphenyl phosphate;Diphenyl cresyl phosphate;diphenyl tolyl phosphate;Methylphenyl diphenyl ester, Phosphoric acid;Phosphoric acid, methylphenyl diphenyl ester",,,,,,,,,,,,,,,,,,,,,,,,,,,,,,,,,,,,,,,,,,,,,,,,,,,,,,,,,,,,,,,,,,,,,,,,,,,,,,,,,,,,,,,,,,,,,,,,,,,,,,,,,,,,,,,,,,,,,,,,,,,,,,,,Ecotoxicological Information#Aquatic Toxicity,ECOTOX,,LOEC,Aquat. Toxicol.161:25-32,True,No qualifier,Equal,,,,,,,,,,,,Danio rerio,,Animalia (animals),Bilateria,Chordata (chordates),Vertebrata (vertebrates),"Actinopterygii (ray-finned fishes,spiny rayed fishes)",Teleostei,Ostariophysi,"Cypriniformes (minnows,suckers)",Cyprinoidea,"Cyprinidae (carps,minnows,carps and minnows)",Danio,Deuterostomia,Gnathostomata,,,,,,,,,,Aryl Organophosphate Flame Retardants Induced Cardiotoxicity During Zebrafish Embryogenesis: By Disturbing Expression of the Transcriptional Regulators,"Du,Z., G. Wang, S. Gao, and Z. Wang",,,,,,,,,,,,,Genetics,,,,,,,,,,,,,,,95,>,None,,,,Increasing,2224755,2472212,Active ingredient,Fresh water,Transcription factor GATA-4 mRNA,Carrier or solvent,08/08/2019,A,Renewal,09/25/2019,Lab,ONLY CONC TESTED,12/12/2019,Laboratory,2015,Reviewer assigned endpoint,Significant,P,Embryo,EFCT%/FROM GRAPH//CONC1/ONLY CONC TESTED//,FROM GRAPH,"AERATED, DECHLORINATED TAP WATER",Unmeasured,PRIMER USED,Cresyl diphenyl phosphate,AB STRAIN,"INSTITUTE OF HYDROBIOLOGY, CHINESE ACADEMY OF SCIENCES, WUHAN, CHINA","SOURCE/INSTITUTE OF HYDROBIOLOGY, CHINESE ACADEMY OF SCIENCES, WUHAN, CHINA//MEDIA/AERATED, DECHLORINATED TAP WATER//",None,10,>,15,<,None,7.4,8.1,2,None,36,,h,Time,36,h,Time,1,X times for 12 hours,Unknown,80,>,percent saturation,Unknown,12,h,Time,26,°C,Temperature,0.05,<,None,,,,,,,,,,,,,,,,,,,,,,,,,,,,,,,,,,,,,,,,,,,,,,,,,,,,,,,,,,,,,,,,,,,,,,,,,,,,,,,,,,,,,,,,,,,,,,,,,,,,,,,,,,,,,,,,,,,,,,,36,h,Time,0.5,mg/L,Mass concentration,,,0.5,mg/L,Mass concentration,,
26444-49-5,"Cresyl diphenyl phosphate;Cresyldiphenyl phosphate;Diphenyl cresyl phosphate;diphenyl tolyl phosphate;Methylphenyl diphenyl ester, Phosphoric acid;Phosphoric acid, methylphenyl diphenyl ester",,,,,,,,,,,,,,,,,,,,,,,,,,,,,,,,,,,,,,,,,,,,,,,,,,,,,,,,,,,,,,,,,,,,,,,,,,,,,,,,,,,,,,,,,,,,,,,,,,,,,,,,,,,,,,,,,,,,,,,,,,,,,,,,Ecotoxicological Information#Aquatic Toxicity,ECOTOX,,LOEC,Aquat. Toxicol.161:25-32,True,No qualifier,Equal,,,,,,,,,,,,Danio rerio,,Animalia (animals),Bilateria,Chordata (chordates),Vertebrata (vertebrates),"Actinopterygii (ray-finned fishes,spiny rayed fishes)",Teleostei,Ostariophysi,"Cypriniformes (minnows,suckers)",Cyprinoidea,"Cyprinidae (carps,minnows,carps and minnows)",Danio,Deuterostomia,Gnathostomata,,,,,,,,,,Aryl Organophosphate Flame Retardants Induced Cardiotoxicity During Zebrafish Embryogenesis: By Disturbing Expression of the Transcriptional Regulators,"Du,Z., G. Wang, S. Gao, and Z. Wang",,,,,,,,,,,,,Genetics,,,,,,,,,,,,,,,95,>,None,,,,Decreasing,2224755,2472214,Active ingredient,Fresh water,Homeobox protein Nkx-2.5 mRNA,Carrier or solvent,08/08/2019,A,Renewal,09/25/2019,Lab,ONLY CONC TESTED,12/12/2019,Laboratory,2015,Reviewer assigned endpoint,Significant,P,Embryo,EFCT%/FROM GRAPH//CONC1/ONLY CONC TESTED//,FROM GRAPH,"AERATED, DECHLORINATED TAP WATER",Unmeasured,PRIMER USED,Cresyl diphenyl phosphate,AB STRAIN,"INSTITUTE OF HYDROBIOLOGY, CHINESE ACADEMY OF SCIENCES, WUHAN, CHINA","SOURCE/INSTITUTE OF HYDROBIOLOGY, CHINESE ACADEMY OF SCIENCES, WUHAN, CHINA//MEDIA/AERATED, DECHLORINATED TAP WATER//",None,20,>,25,<,None,7.4,8.1,2,None,36,,h,Time,36,h,Time,1,X times for 12 hours,Unknown,80,>,percent saturation,Unknown,12,h,Time,26,°C,Temperature,0.01,<,None,,,,,,,,,,,,,,,,,,,,,,,,,,,,,,,,,,,,,,,,,,,,,,,,,,,,,,,,,,,,,,,,,,,,,,,,,,,,,,,,,,,,,,,,,,,,,,,,,,,,,,,,,,,,,,,,,,,,,,,36,h,Time,0.5,mg/L,Mass concentration,,,0.5,mg/L,Mass concentration,,
26444-49-5,"Cresyl diphenyl phosphate;Cresyldiphenyl phosphate;Diphenyl cresyl phosphate;diphenyl tolyl phosphate;Methylphenyl diphenyl ester, Phosphoric acid;Phosphoric acid, methylphenyl diphenyl ester",,,,,,,,,,,,,,,,,,,,,,,,,,,,,,,,,,,,,,,,,,,,,,,,,,,,,,,,,,,,,,,,,,,,,,,,,,,,,,,,,,,,,,,,,,,,,,,,,,,,,,,,,,,,,,,,,,,,,,,,,,,,,,,,Ecotoxicological Information#Aquatic Toxicity,ECOTOX,,LOEC,Aquat. Toxicol.161:25-32,True,No qualifier,Equal,,,,,,,,,,,,Danio rerio,,Animalia (animals),Bilateria,Chordata (chordates),Vertebrata (vertebrates),"Actinopterygii (ray-finned fishes,spiny rayed fishes)",Teleostei,Ostariophysi,"Cypriniformes (minnows,suckers)",Cyprinoidea,"Cyprinidae (carps,minnows,carps and minnows)",Danio,Deuterostomia,Gnathostomata,,,,,,,,,,Aryl Organophosphate Flame Retardants Induced Cardiotoxicity During Zebrafish Embryogenesis: By Disturbing Expression of the Transcriptional Regulators,"Du,Z., G. Wang, S. Gao, and Z. Wang",,,,,,,,,,,,,Genetics,,,,,,,,,,,,,,,95,>,None,,,,Decreasing,2224752,2472201,Active ingredient,Fresh water,Homeobox protein Nkx-2.5 mRNA,Carrier or solvent,08/08/2019,A,Renewal,09/25/2019,Lab,ONLY CONC TESTED,12/12/2019,Laboratory,2015,Reviewer assigned endpoint,Significant,P,Embryo,EFCT%/FROM GRAPH//CONC1/ONLY CONC TESTED//,FROM GRAPH,"AERATED, DECHLORINATED TAP WATER",Unmeasured,PRIMER USED,Cresyl diphenyl phosphate,AB STRAIN,"INSTITUTE OF HYDROBIOLOGY, CHINESE ACADEMY OF SCIENCES, WUHAN, CHINA","SOURCE/INSTITUTE OF HYDROBIOLOGY, CHINESE ACADEMY OF SCIENCES, WUHAN, CHINA//MEDIA/AERATED, DECHLORINATED TAP WATER//",None,25,>,30,<,None,7.4,8.1,2,None,12,,h,Time,60,h,Time,1,X times for 12 hours,Unknown,80,>,percent saturation,Unknown,12,h,Time,26,°C,Temperature,0.05,<,None,,,,,,,,,,,,,,,,,,,,,,,,,,,,,,,,,,,,,,,,,,,,,,,,,,,,,,,,,,,,,,,,,,,,,,,,,,,,,,,,,,,,,,,,,,,,,,,,,,,,,,,,,,,,,,,,,,,,,,,60,h,Time,0.5,mg/L,Mass concentration,,,0.5,mg/L,Mass concentration,,
26444-49-5,"Cresyl diphenyl phosphate;Cresyldiphenyl phosphate;Diphenyl cresyl phosphate;diphenyl tolyl phosphate;Methylphenyl diphenyl ester, Phosphoric acid;Phosphoric acid, methylphenyl diphenyl ester",,,,,,,,,,,,,,,,,,,,,,,,,,,,,,,,,,,,,,,,,,,,,,,,,,,,,,,,,,,,,,,,,,,,,,,,,,,,,,,,,,,,,,,,,,,,,,,,,,,,,,,,,,,,,,,,,,,,,,,,,,,,,,,,Ecotoxicological Information#Aquatic Toxicity,ECOTOX,,LOEC,Aquat. Toxicol.161:25-32,True,No qualifier,Equal,,,,,,,,,,,,Danio rerio,,Animalia (animals),Bilateria,Chordata (chordates),Vertebrata (vertebrates),"Actinopterygii (ray-finned fishes,spiny rayed fishes)",Teleostei,Ostariophysi,"Cypriniformes (minnows,suckers)",Cyprinoidea,"Cyprinidae (carps,minnows,carps and minnows)",Danio,Deuterostomia,Gnathostomata,,,,,,,,,,Aryl Organophosphate Flame Retardants Induced Cardiotoxicity During Zebrafish Embryogenesis: By Disturbing Expression of the Transcriptional Regulators,"Du,Z., G. Wang, S. Gao, and Z. Wang",,,,,,,,,,,,,Genetics,,,,,,,,,,,,,,,95,>,None,,,,Decreasing,2224752,2472202,Active ingredient,Fresh water,T-box 5a mRNA,Carrier or solvent,08/08/2019,A,Renewal,09/25/2019,Lab,ONLY CONC TESTED,12/12/2019,Laboratory,2015,Reviewer assigned endpoint,Significant,P,Embryo,EFCT%/FROM GRAPH//CONC1/ONLY CONC TESTED//,FROM GRAPH,"AERATED, DECHLORINATED TAP WATER",Unmeasured,PRIMER USED,Cresyl diphenyl phosphate,AB STRAIN,"INSTITUTE OF HYDROBIOLOGY, CHINESE ACADEMY OF SCIENCES, WUHAN, CHINA","SOURCE/INSTITUTE OF HYDROBIOLOGY, CHINESE ACADEMY OF SCIENCES, WUHAN, CHINA//MEDIA/AERATED, DECHLORINATED TAP WATER//",None,55,>,60,<,None,7.4,8.1,2,None,12,,h,Time,60,h,Time,1,X times for 12 hours,Unknown,80,>,percent saturation,Unknown,12,h,Time,26,°C,Temperature,0.01,<,None,,,,,,,,,,,,,,,,,,,,,,,,,,,,,,,,,,,,,,,,,,,,,,,,,,,,,,,,,,,,,,,,,,,,,,,,,,,,,,,,,,,,,,,,,,,,,,,,,,,,,,,,,,,,,,,,,,,,,,,60,h,Time,0.5,mg/L,Mass concentration,,,0.5,mg/L,Mass concentration,,
26444-49-5,"Cresyl diphenyl phosphate;Cresyldiphenyl phosphate;Diphenyl cresyl phosphate;diphenyl tolyl phosphate;Methylphenyl diphenyl ester, Phosphoric acid;Phosphoric acid, methylphenyl diphenyl ester",,,,,,,,,,,,,,,,,,,,,,,,,,,,,,,,,,,,,,,,,,,,,,,,,,,,,,,,,,,,,,,,,,,,,,,,,,,,,,,,,,,,,,,,,,,,,,,,,,,,,,,,,,,,,,,,,,,,,,,,,,,,,,,,Ecotoxicological Information#Aquatic Toxicity,ECOTOX,,LOEC,Aquat. Toxicol.161:25-32,True,No qualifier,Equal,,,,,,,,,,,,Danio rerio,,Animalia (animals),Bilateria,Chordata (chordates),Vertebrata (vertebrates),"Actinopterygii (ray-finned fishes,spiny rayed fishes)",Teleostei,Ostariophysi,"Cypriniformes (minnows,suckers)",Cyprinoidea,"Cyprinidae (carps,minnows,carps and minnows)",Danio,Deuterostomia,Gnathostomata,,,,,,,,,,Aryl Organophosphate Flame Retardants Induced Cardiotoxicity During Zebrafish Embryogenesis: By Disturbing Expression of the Transcriptional Regulators,"Du,Z., G. Wang, S. Gao, and Z. Wang",,,,,,,,,,,,,Genetics,,,,,,,,,,,,,,,95,>,None,,,,Decreasing,2224725,2472105,Active ingredient,Fresh water,Homeobox protein Nkx-2.5 mRNA,Carrier or solvent,08/08/2019,A,Renewal,09/25/2019,Lab,ONLY CONC TESTED,12/12/2019,Laboratory,2015,Reviewer assigned endpoint,Significant,P,Embryo,EFCT%/FROM GRAPH//CONC1/ONLY CONC TESTED//,FROM GRAPH,"AERATED, DECHLORINATED TAP WATER",Unmeasured,PRIMER USED,Cresyl diphenyl phosphate,AB STRAIN,"INSTITUTE OF HYDROBIOLOGY, CHINESE ACADEMY OF SCIENCES, WUHAN, CHINA","SOURCE/INSTITUTE OF HYDROBIOLOGY, CHINESE ACADEMY OF SCIENCES, WUHAN, CHINA//MEDIA/AERATED, DECHLORINATED TAP WATER//",None,95,>,100,<,None,7.4,8.1,2,None,0,,h,Time,72,h,Time,1,X times for 12 hours,Unknown,80,>,percent saturation,Unknown,12,h,Time,26,°C,Temperature,0.01,<,None,,,,,,,,,,,,,,,,,,,,,,,,,,,,,,,,,,,,,,,,,,,,,,,,,,,,,,,,,,,,,,,,,,,,,,,,,,,,,,,,,,,,,,,,,,,,,,,,,,,,,,,,,,,,,,,,,,,,,,,72,h,Time,0.5,mg/L,Mass concentration,,,0.5,mg/L,Mass concentration,,
26444-49-5,"Cresyl diphenyl phosphate;Cresyldiphenyl phosphate;Diphenyl cresyl phosphate;diphenyl tolyl phosphate;Methylphenyl diphenyl ester, Phosphoric acid;Phosphoric acid, methylphenyl diphenyl ester",,,,,,,,,,,,,,,,,,,,,,,,,,,,,,,,,,,,,,,,,,,,,,,,,,,,,,,,,,,,,,,,,,,,,,,,,,,,,,,,,,,,,,,,,,,,,,,,,,,,,,,,,,,,,,,,,,,,,,,,,,,,,,,,Ecotoxicological Information#Aquatic Toxicity,ECOTOX,,LOEC,Aquat. Toxicol.161:25-32,True,No qualifier,Equal,,,,,,,,,,,,Danio rerio,,Animalia (animals),Bilateria,Chordata (chordates),Vertebrata (vertebrates),"Actinopterygii (ray-finned fishes,spiny rayed fishes)",Teleostei,Ostariophysi,"Cypriniformes (minnows,suckers)",Cyprinoidea,"Cyprinidae (carps,minnows,carps and minnows)",Danio,Deuterostomia,Gnathostomata,,,,,,,,,,Aryl Organophosphate Flame Retardants Induced Cardiotoxicity During Zebrafish Embryogenesis: By Disturbing Expression of the Transcriptional Regulators,"Du,Z., G. Wang, S. Gao, and Z. Wang",,,,,,,,,,,,,Genetics,,,,,,,,,,,,,,,95,>,None,,,,Decreasing,2224725,2472102,Active ingredient,Fresh water,Bone morphogenetic protein 4 mRNA,Carrier or solvent,08/08/2019,A,Renewal,09/25/2019,Lab,ONLY CONC TESTED,12/12/2019,Laboratory,2015,Reviewer assigned endpoint,Significant,P,Embryo,EFCT%/FROM GRAPH//CONC1/ONLY CONC TESTED//,FROM GRAPH,"AERATED, DECHLORINATED TAP WATER",Unmeasured,PRIMER USED,Cresyl diphenyl phosphate,AB STRAIN,"INSTITUTE OF HYDROBIOLOGY, CHINESE ACADEMY OF SCIENCES, WUHAN, CHINA","SOURCE/INSTITUTE OF HYDROBIOLOGY, CHINESE ACADEMY OF SCIENCES, WUHAN, CHINA//MEDIA/AERATED, DECHLORINATED TAP WATER//",None,65,>,70,<,None,7.4,8.1,2,None,0,,h,Time,72,h,Time,1,X times for 12 hours,Unknown,80,>,percent saturation,Unknown,12,h,Time,26,°C,Temperature,0.01,<,None,,,,,,,,,,,,,,,,,,,,,,,,,,,,,,,,,,,,,,,,,,,,,,,,,,,,,,,,,,,,,,,,,,,,,,,,,,,,,,,,,,,,,,,,,,,,,,,,,,,,,,,,,,,,,,,,,,,,,,,72,h,Time,0.5,mg/L,Mass concentration,,,0.5,mg/L,Mass concentration,,
26444-49-5,"Cresyl diphenyl phosphate;Cresyldiphenyl phosphate;Diphenyl cresyl phosphate;diphenyl tolyl phosphate;Methylphenyl diphenyl ester, Phosphoric acid;Phosphoric acid, methylphenyl diphenyl ester",,,,,,,,,,,,,,,,,,,,,,,,,,,,,,,,,,,,,,,,,,,,,,,,,,,,,,,,,,,,,,,,,,,,,,,,,,,,,,,,,,,,,,,,,,,,,,,,,,,,,,,,,,,,,,,,,,,,,,,,,,,,,,,,Ecotoxicological Information#Aquatic Toxicity,ECOTOX,,LOEC,Aquat. Toxicol.161:25-32,True,No qualifier,Equal,,,,,,,,,,,,Danio rerio,,Animalia (animals),Bilateria,Chordata (chordates),Vertebrata (vertebrates),"Actinopterygii (ray-finned fishes,spiny rayed fishes)",Teleostei,Ostariophysi,"Cypriniformes (minnows,suckers)",Cyprinoidea,"Cyprinidae (carps,minnows,carps and minnows)",Danio,Deuterostomia,Gnathostomata,,,,,,,,,,Aryl Organophosphate Flame Retardants Induced Cardiotoxicity During Zebrafish Embryogenesis: By Disturbing Expression of the Transcriptional Regulators,"Du,Z., G. Wang, S. Gao, and Z. Wang",,,,,,,,,,,,,Genetics,,,,,,,,,,,,,,,95,>,None,,,,Decreasing,2224725,2472108,Active ingredient,Fresh water,T-box 5a mRNA,Carrier or solvent,08/08/2019,A,Renewal,09/25/2019,Lab,ONLY CONC TESTED,12/12/2019,Laboratory,2015,Reviewer assigned endpoint,Significant,P,Embryo,EFCT%/FROM GRAPH//CONC1/ONLY CONC TESTED//,FROM GRAPH,"AERATED, DECHLORINATED TAP WATER",Unmeasured,PRIMER USED,Cresyl diphenyl phosphate,AB STRAIN,"INSTITUTE OF HYDROBIOLOGY, CHINESE ACADEMY OF SCIENCES, WUHAN, CHINA","SOURCE/INSTITUTE OF HYDROBIOLOGY, CHINESE ACADEMY OF SCIENCES, WUHAN, CHINA//MEDIA/AERATED, DECHLORINATED TAP WATER//",None,45,>,50,<,None,7.4,8.1,2,None,0,,h,Time,72,h,Time,1,X times for 12 hours,Unknown,80,>,percent saturation,Unknown,12,h,Time,26,°C,Temperature,0.01,<,None,,,,,,,,,,,,,,,,,,,,,,,,,,,,,,,,,,,,,,,,,,,,,,,,,,,,,,,,,,,,,,,,,,,,,,,,,,,,,,,,,,,,,,,,,,,,,,,,,,,,,,,,,,,,,,,,,,,,,,,72,h,Time,0.5,mg/L,Mass concentration,,,0.5,mg/L,Mass concentration,,
26444-49-5,"Cresyl diphenyl phosphate;Cresyldiphenyl phosphate;Diphenyl cresyl phosphate;diphenyl tolyl phosphate;Methylphenyl diphenyl ester, Phosphoric acid;Phosphoric acid, methylphenyl diphenyl ester",,,,,,,,,,,,,,,,,,,,,,,,,,,,,,,,,,,,,,,,,,,,,,,,,,,,,,,,,,,,,,,,,,,,,,,,,,,,,,,,,,,,,,,,,,,,,,,,,,,,,,,,,,,,,,,,,,,,,,,,,,,,,,,,Ecotoxicological Information#Aquatic Toxicity,ECOTOX,,NOEC,Aquat. Toxicol.161:25-32,True,No qualifier,Equal,,,,,,,,,,,,Danio rerio,,Animalia (animals),Bilateria,Chordata (chordates),Vertebrata (vertebrates),"Actinopterygii (ray-finned fishes,spiny rayed fishes)",Teleostei,Ostariophysi,"Cypriniformes (minnows,suckers)",Cyprinoidea,"Cyprinidae (carps,minnows,carps and minnows)",Danio,Deuterostomia,Gnathostomata,,,,,,,,,,Aryl Organophosphate Flame Retardants Induced Cardiotoxicity During Zebrafish Embryogenesis: By Disturbing Expression of the Transcriptional Regulators,"Du,Z., G. Wang, S. Gao, and Z. Wang",,,,,,,,,,,,,Genetics,,,,,,,,,,,,,,,95,>,None,,,,Increasing,2224755,2472215,Active ingredient,Fresh water,T-box 5a mRNA,Carrier or solvent,08/08/2019,A,Renewal,09/25/2019,Lab,ONLY CONC TESTED,12/12/2019,Laboratory,2015,Reviewer assigned endpoint,No significance,P,Embryo,EFCT%/FROM GRAPH//CONC1/ONLY CONC TESTED//,FROM GRAPH,"AERATED, DECHLORINATED TAP WATER",Unmeasured,PRIMER USED,Cresyl diphenyl phosphate,AB STRAIN,"INSTITUTE OF HYDROBIOLOGY, CHINESE ACADEMY OF SCIENCES, WUHAN, CHINA","SOURCE/INSTITUTE OF HYDROBIOLOGY, CHINESE ACADEMY OF SCIENCES, WUHAN, CHINA//MEDIA/AERATED, DECHLORINATED TAP WATER//",None,20,>,25,<,None,7.4,8.1,2,None,36,,h,Time,36,h,Time,1,X times for 12 hours,Unknown,80,>,percent saturation,Unknown,12,h,Time,26,°C,Temperature,0.05,<,None,,,,,,,,,,,,,,,,,,,,,,,,,,,,,,,,,,,,,,,,,,,,,,,,,,,,,,,,,,,,,,,,,,,,,,,,,,,,,,,,,,,,,,,,,,,,,,,,,,,,,,,,,,,,,,,,,,,,,,,36,h,Time,0.5,mg/L,Mass concentration,,,0.5,mg/L,Mass concentration,,
26444-49-5,"Cresyl diphenyl phosphate;Cresyldiphenyl phosphate;Diphenyl cresyl phosphate;diphenyl tolyl phosphate;Methylphenyl diphenyl ester, Phosphoric acid;Phosphoric acid, methylphenyl diphenyl ester",,,,,,,,,,,,,,,,,,,,,,,,,,,,,,,,,,,,,,,,,,,,,,,,,,,,,,,,,,,,,,,,,,,,,,,,,,,,,,,,,,,,,,,,,,,,,,,,,,,,,,,,,,,,,,,,,,,,,,,,,,,,,,,,Ecotoxicological Information#Aquatic Toxicity,ECOTOX,,NOEC,Aquat. Toxicol.161:25-32,True,No qualifier,Equal,,,,,,,,,,,,Danio rerio,,Animalia (animals),Bilateria,Chordata (chordates),Vertebrata (vertebrates),"Actinopterygii (ray-finned fishes,spiny rayed fishes)",Teleostei,Ostariophysi,"Cypriniformes (minnows,suckers)",Cyprinoidea,"Cyprinidae (carps,minnows,carps and minnows)",Danio,Deuterostomia,Gnathostomata,,,,,,,,,,Aryl Organophosphate Flame Retardants Induced Cardiotoxicity During Zebrafish Embryogenesis: By Disturbing Expression of the Transcriptional Regulators,"Du,Z., G. Wang, S. Gao, and Z. Wang",,,,,,,,,,,,,Genetics,,,,,,,,,,,,,,,95,>,None,,,,Decreasing,2224752,2472200,Active ingredient,Fresh water,Bone morphogenetic protein 4 mRNA,Carrier or solvent,08/08/2019,A,Renewal,09/25/2019,Lab,ONLY CONC TESTED,12/12/2019,Laboratory,2015,Reviewer assigned endpoint,No significance,P,Embryo,EFCT%/FROM GRAPH//CONC1/ONLY CONC TESTED//,FROM GRAPH,"AERATED, DECHLORINATED TAP WATER",Unmeasured,PRIMER USED,Cresyl diphenyl phosphate,AB STRAIN,"INSTITUTE OF HYDROBIOLOGY, CHINESE ACADEMY OF SCIENCES, WUHAN, CHINA","SOURCE/INSTITUTE OF HYDROBIOLOGY, CHINESE ACADEMY OF SCIENCES, WUHAN, CHINA//MEDIA/AERATED, DECHLORINATED TAP WATER//",None,20,>,25,<,None,7.4,8.1,2,None,12,,h,Time,60,h,Time,1,X times for 12 hours,Unknown,80,>,percent saturation,Unknown,12,h,Time,26,°C,Temperature,0.05,<,None,,,,,,,,,,,,,,,,,,,,,,,,,,,,,,,,,,,,,,,,,,,,,,,,,,,,,,,,,,,,,,,,,,,,,,,,,,,,,,,,,,,,,,,,,,,,,,,,,,,,,,,,,,,,,,,,,,,,,,,60,h,Time,0.5,mg/L,Mass concentration,,,0.5,mg/L,Mass concentration,,
26444-49-5,"Cresyl diphenyl phosphate;Cresyldiphenyl phosphate;Diphenyl cresyl phosphate;diphenyl tolyl phosphate;Methylphenyl diphenyl ester, Phosphoric acid;Phosphoric acid, methylphenyl diphenyl ester",,,,,,,,,,,,,,,,,,,,,,,,,,,,,,,,,,,,,,,,,,,,,,,,,,,,,,,,,,,,,,,,,,,,,,,,,,,,,,,,,,,,,,,,,,,,,,,,,,,,,,,,,,,,,,,,,,,,,,,,,,,,,,,,Ecotoxicological Information#Aquatic Toxicity,ECOTOX,,NOEC,Aquat. Toxicol.161:25-32,True,No qualifier,Equal,,,,,,,,,,,,Danio rerio,,Animalia (animals),Bilateria,Chordata (chordates),Vertebrata (vertebrates),"Actinopterygii (ray-finned fishes,spiny rayed fishes)",Teleostei,Ostariophysi,"Cypriniformes (minnows,suckers)",Cyprinoidea,"Cyprinidae (carps,minnows,carps and minnows)",Danio,Deuterostomia,Gnathostomata,,,,,,,,,,Aryl Organophosphate Flame Retardants Induced Cardiotoxicity During Zebrafish Embryogenesis: By Disturbing Expression of the Transcriptional Regulators,"Du,Z., G. Wang, S. Gao, and Z. Wang",,,,,,,,,,,,,Genetics,,,,,,,,,,,,,,,95,>,None,,,,Decreasing,2224752,2472199,Active ingredient,Fresh water,Transcription factor GATA-4 mRNA,Carrier or solvent,08/08/2019,A,Renewal,09/25/2019,Lab,ONLY CONC TESTED,12/12/2019,Laboratory,2015,Reviewer assigned endpoint,No significance,P,Embryo,EFCT%/FROM GRAPH//CONC1/ONLY CONC TESTED//,FROM GRAPH,"AERATED, DECHLORINATED TAP WATER",Unmeasured,PRIMER USED,Cresyl diphenyl phosphate,AB STRAIN,"INSTITUTE OF HYDROBIOLOGY, CHINESE ACADEMY OF SCIENCES, WUHAN, CHINA","SOURCE/INSTITUTE OF HYDROBIOLOGY, CHINESE ACADEMY OF SCIENCES, WUHAN, CHINA//MEDIA/AERATED, DECHLORINATED TAP WATER//",None,0,>,5,<,None,7.4,8.1,2,None,12,,h,Time,60,h,Time,1,X times for 12 hours,Unknown,80,>,percent saturation,Unknown,12,h,Time,26,°C,Temperature,0.05,<,None,,,,,,,,,,,,,,,,,,,,,,,,,,,,,,,,,,,,,,,,,,,,,,,,,,,,,,,,,,,,,,,,,,,,,,,,,,,,,,,,,,,,,,,,,,,,,,,,,,,,,,,,,,,,,,,,,,,,,,,60,h,Time,0.5,mg/L,Mass concentration,,,0.5,mg/L,Mass concentration,,
26444-49-5,"Cresyl diphenyl phosphate;Cresyldiphenyl phosphate;Diphenyl cresyl phosphate;diphenyl tolyl phosphate;Methylphenyl diphenyl ester, Phosphoric acid;Phosphoric acid, methylphenyl diphenyl ester",,,,,,,,,,,,,,,,,,,,,,,,,,,,,,,,,,,,,,,,,,,,,,,,,,,,,,,,,,,,,,,,,,,,,,,,,,,,,,,,,,,,,,,,,,,,,,,,,,,,,,,,,,,,,,,,,,,,,,,,,,,,,,,,Ecotoxicological Information#Aquatic Toxicity,ECOTOX,,NOEC,Aquat. Toxicol.161:25-32,True,No qualifier,Equal,,,,,,,,,,,,Danio rerio,,Animalia (animals),Bilateria,Chordata (chordates),Vertebrata (vertebrates),"Actinopterygii (ray-finned fishes,spiny rayed fishes)",Teleostei,Ostariophysi,"Cypriniformes (minnows,suckers)",Cyprinoidea,"Cyprinidae (carps,minnows,carps and minnows)",Danio,Deuterostomia,Gnathostomata,,,,,,,,,,Aryl Organophosphate Flame Retardants Induced Cardiotoxicity During Zebrafish Embryogenesis: By Disturbing Expression of the Transcriptional Regulators,"Du,Z., G. Wang, S. Gao, and Z. Wang",,,,,,,,,,,,,Genetics,,,,,,,,,,,,,,,95,>,None,,,,Decreasing,2224725,2472100,Active ingredient,Fresh water,Transcription factor GATA-4 mRNA,Carrier or solvent,08/08/2019,A,Renewal,09/25/2019,Lab,ONLY CONC TESTED,12/12/2019,Laboratory,2015,Reviewer assigned endpoint,No significance,P,Embryo,EFCT%/FROM GRAPH//CONC1/ONLY CONC TESTED//,FROM GRAPH,"AERATED, DECHLORINATED TAP WATER",Unmeasured,PRIMER USED,Cresyl diphenyl phosphate,AB STRAIN,"INSTITUTE OF HYDROBIOLOGY, CHINESE ACADEMY OF SCIENCES, WUHAN, CHINA","SOURCE/INSTITUTE OF HYDROBIOLOGY, CHINESE ACADEMY OF SCIENCES, WUHAN, CHINA//MEDIA/AERATED, DECHLORINATED TAP WATER//",None,50,>,55,<,None,7.4,8.1,2,None,0,,h,Time,72,h,Time,1,X times for 12 hours,Unknown,80,>,percent saturation,Unknown,12,h,Time,26,°C,Temperature,0.05,<,None,,,,,,,,,,,,,,,,,,,,,,,,,,,,,,,,,,,,,,,,,,,,,,,,,,,,,,,,,,,,,,,,,,,,,,,,,,,,,,,,,,,,,,,,,,,,,,,,,,,,,,,,,,,,,,,,,,,,,,,72,h,Time,0.5,mg/L,Mass concentration,,,0.5,mg/L,Mass concentration,,
26444-49-5,"Cresyl diphenyl phosphate;Cresyldiphenyl phosphate;Diphenyl cresyl phosphate;diphenyl tolyl phosphate;Methylphenyl diphenyl ester, Phosphoric acid;Phosphoric acid, methylphenyl diphenyl ester",,,,,,,,,,,,,,,,,,,,,,,,,,,,,,,,,,,,,,,,,,,,,,,,,,,,,,,,,,,,,,,,,,,,,,,,,,,,,,,,,,,,,,,,,,,,,,,,,,,,,,,,,,,,,,,,,,,,,,,,,,,,,,,,Ecotoxicological Information#Aquatic Toxicity,ECOTOX,,EC50,Aquat. Toxicol.161:25-32,True,No qualifier,Equal,,,,,,,,,,,,Danio rerio,,Animalia (animals),Bilateria,Chordata (chordates),Vertebrata (vertebrates),"Actinopterygii (ray-finned fishes,spiny rayed fishes)",Teleostei,Ostariophysi,"Cypriniformes (minnows,suckers)",Cyprinoidea,"Cyprinidae (carps,minnows,carps and minnows)",Danio,Deuterostomia,Gnathostomata,,,,,,,,,,Aryl Organophosphate Flame Retardants Induced Cardiotoxicity During Zebrafish Embryogenesis: By Disturbing Expression of the Transcriptional Regulators,"Du,Z., G. Wang, S. Gao, and Z. Wang",,Acute,,,,,,,,,,,Histology,,,,,,,,,,,,,,,95,>,None,,,,Increasing,2224706,2472067,Active ingredient,Fresh water,Edema,Carrier or solvent,08/08/2019,A,Renewal,09/16/2019,Lab,,12/12/2019,Laboratory,2015,Publication reported endpoint,,,Embryo,,,"AERATED, DECHLORINATED TAP WATER",Unmeasured,,Cresyl diphenyl phosphate,AB STRAIN,"INSTITUTE OF HYDROBIOLOGY, CHINESE ACADEMY OF SCIENCES, WUHAN, CHINA","SOURCE/INSTITUTE OF HYDROBIOLOGY, CHINESE ACADEMY OF SCIENCES, WUHAN, CHINA//TMETH/OECD GUIDELIN NO. 236, 2013.//MEDIA/AERATED, DECHLORINATED TAP WATER//",,,,,,None,7.4,8.1,8,None,2,<,h,Time,96,h,Time,1,Daily; dosing regime not specified,Unknown,80,>,percent saturation,Unknown,96,h,Time,26,°C,Temperature,,,,,Organization for Economic Cooperation and Development,Pericardium,"1 EGG PER WELL IN 2 ML TEST SOLUTION IN A 24 WELL PLATE, WITH TRIPLICATE PLATES PER CONCENTRATION","OECD GUIDELIN NO. 236, 2013.",,,,,,,,,,,,,,,,,,,,,,,,,,,,,,,,,,,,,,,,,,,,,,,,,,,,,,,,,,,,,,,,,,,,,,,,,,,,,,,,,,,,,,,,,,,,,,,,,,,,,,,,,,,,,,,,,,96,h,Time,0.3799999952316284,mg/L,Mass concentration,,,0.3799999952316284,mg/L,Mass concentration,,
26444-49-5,"Cresyl diphenyl phosphate;Cresyldiphenyl phosphate;Diphenyl cresyl phosphate;diphenyl tolyl phosphate;Methylphenyl diphenyl ester, Phosphoric acid;Phosphoric acid, methylphenyl diphenyl ester",,,,,,,,,,,,,,,,,,,,,,,,,,,,,,,,,,,,,,,,,,,,,,,,,,,,,,,,,,,,,,,,,,,,,,,,,,,,,,,,,,,,,,,,,,,,,,,,,,,,,,,,,,,,,,,,,,,,,,,,,,,,,,,,Ecotoxicological Information#Aquatic Toxicity,ECOTOX,,LOEC,Aquat. Toxicol.161:25-32,True,No qualifier,Equal,,,,,,,,,,,,Danio rerio,,Animalia (animals),Bilateria,Chordata (chordates),Vertebrata (vertebrates),"Actinopterygii (ray-finned fishes,spiny rayed fishes)",Teleostei,Ostariophysi,"Cypriniformes (minnows,suckers)",Cyprinoidea,"Cyprinidae (carps,minnows,carps and minnows)",Danio,Deuterostomia,Gnathostomata,,,,,,,,,,Aryl Organophosphate Flame Retardants Induced Cardiotoxicity During Zebrafish Embryogenesis: By Disturbing Expression of the Transcriptional Regulators,"Du,Z., G. Wang, S. Gao, and Z. Wang",,,,,,,,,,,,,Morphology,,,,,,,,,,,,,,,95,>,None,,,,Increasing,2224755,2472211,Active ingredient,Fresh water,Length,Carrier or solvent,08/08/2019,A,Renewal,09/25/2019,Lab,ONLY CONC TESTED,12/12/2019,Laboratory,2015,Reviewer assigned endpoint,Significant,P,Embryo,CONC1/ONLY CONC TESTED//,,"AERATED, DECHLORINATED TAP WATER",Unmeasured,,Cresyl diphenyl phosphate,AB STRAIN,"INSTITUTE OF HYDROBIOLOGY, CHINESE ACADEMY OF SCIENCES, WUHAN, CHINA","SOURCE/INSTITUTE OF HYDROBIOLOGY, CHINESE ACADEMY OF SCIENCES, WUHAN, CHINA//MEDIA/AERATED, DECHLORINATED TAP WATER//",,,,,,None,7.4,8.1,2,None,36,,h,Time,36,h,Time,1,X times for 12 hours,Unknown,80,>,percent saturation,Unknown,12,h,Time,26,°C,Temperature,0.01,<,None,,,,,,"SITE/BLA,SVN/",,,,,,,,,,,,,,,,,,,,,,,,,,,,,,,,,,,,,,,,,,,,,,,,,,,,,,,,,,,,,,,,,,,,,,,,,,,,,,,,,,,,,,,,,,,,,,,,,,,,,,,,,,,,,,,,,36,h,Time,0.5,mg/L,Mass concentration,,,0.5,mg/L,Mass concentration,,
26444-49-5,"Cresyl diphenyl phosphate;Cresyldiphenyl phosphate;Diphenyl cresyl phosphate;diphenyl tolyl phosphate;Methylphenyl diphenyl ester, Phosphoric acid;Phosphoric acid, methylphenyl diphenyl ester",,,,,,,,,,,,,,,,,,,,,,,,,,,,,,,,,,,,,,,,,,,,,,,,,,,,,,,,,,,,,,,,,,,,,,,,,,,,,,,,,,,,,,,,,,,,,,,,,,,,,,,,,,,,,,,,,,,,,,,,,,,,,,,,Ecotoxicological Information#Aquatic Toxicity,ECOTOX,,LOEC,Aquat. Toxicol.161:25-32,True,No qualifier,Equal,,,,,,,,,,,,Danio rerio,,Animalia (animals),Bilateria,Chordata (chordates),Vertebrata (vertebrates),"Actinopterygii (ray-finned fishes,spiny rayed fishes)",Teleostei,Ostariophysi,"Cypriniformes (minnows,suckers)",Cyprinoidea,"Cyprinidae (carps,minnows,carps and minnows)",Danio,Deuterostomia,Gnathostomata,,,,,,,,,,Aryl Organophosphate Flame Retardants Induced Cardiotoxicity During Zebrafish Embryogenesis: By Disturbing Expression of the Transcriptional Regulators,"Du,Z., G. Wang, S. Gao, and Z. Wang",,,,,,,,,,,,,Morphology,,,,,,,,,,,,,,,95,>,None,,,,Increasing,2224754,2472209,Active ingredient,Fresh water,Length,Carrier or solvent,08/08/2019,A,Renewal,09/25/2019,Lab,ONLY CONC TESTED,12/12/2019,Laboratory,2015,Reviewer assigned endpoint,Significant,P,Embryo,CONC1/ONLY CONC TESTED//,,"AERATED, DECHLORINATED TAP WATER",Unmeasured,,Cresyl diphenyl phosphate,AB STRAIN,"INSTITUTE OF HYDROBIOLOGY, CHINESE ACADEMY OF SCIENCES, WUHAN, CHINA","SOURCE/INSTITUTE OF HYDROBIOLOGY, CHINESE ACADEMY OF SCIENCES, WUHAN, CHINA//MEDIA/AERATED, DECHLORINATED TAP WATER//",,,,,,None,7.4,8.1,2,None,24,,h,Time,48,h,Time,1,X times for 12 hours,Unknown,80,>,percent saturation,Unknown,12,h,Time,26,°C,Temperature,0.01,<,None,,,,,,"SITE/BLA,SVN/",,,,,,,,,,,,,,,,,,,,,,,,,,,,,,,,,,,,,,,,,,,,,,,,,,,,,,,,,,,,,,,,,,,,,,,,,,,,,,,,,,,,,,,,,,,,,,,,,,,,,,,,,,,,,,,,,48,h,Time,0.5,mg/L,Mass concentration,,,0.5,mg/L,Mass concentration,,
26444-49-5,"Cresyl diphenyl phosphate;Cresyldiphenyl phosphate;Diphenyl cresyl phosphate;diphenyl tolyl phosphate;Methylphenyl diphenyl ester, Phosphoric acid;Phosphoric acid, methylphenyl diphenyl ester",,,,,,,,,,,,,,,,,,,,,,,,,,,,,,,,,,,,,,,,,,,,,,,,,,,,,,,,,,,,,,,,,,,,,,,,,,,,,,,,,,,,,,,,,,,,,,,,,,,,,,,,,,,,,,,,,,,,,,,,,,,,,,,,Ecotoxicological Information#Aquatic Toxicity,ECOTOX,,LOEC,Aquat. Toxicol.161:25-32,True,No qualifier,Equal,,,,,,,,,,,,Danio rerio,,Animalia (animals),Bilateria,Chordata (chordates),Vertebrata (vertebrates),"Actinopterygii (ray-finned fishes,spiny rayed fishes)",Teleostei,Ostariophysi,"Cypriniformes (minnows,suckers)",Cyprinoidea,"Cyprinidae (carps,minnows,carps and minnows)",Danio,Deuterostomia,Gnathostomata,,,,,,,,,,Aryl Organophosphate Flame Retardants Induced Cardiotoxicity During Zebrafish Embryogenesis: By Disturbing Expression of the Transcriptional Regulators,"Du,Z., G. Wang, S. Gao, and Z. Wang",,,,,,,,,,,,,Morphology,,,,,,,,,,,,,,,95,>,None,,,,Increasing,2224752,2472198,Active ingredient,Fresh water,Length,Carrier or solvent,08/08/2019,A,Renewal,09/25/2019,Lab,ONLY CONC TESTED,12/12/2019,Laboratory,2015,Reviewer assigned endpoint,Significant,P,Embryo,CONC1/ONLY CONC TESTED//,,"AERATED, DECHLORINATED TAP WATER",Unmeasured,,Cresyl diphenyl phosphate,AB STRAIN,"INSTITUTE OF HYDROBIOLOGY, CHINESE ACADEMY OF SCIENCES, WUHAN, CHINA","SOURCE/INSTITUTE OF HYDROBIOLOGY, CHINESE ACADEMY OF SCIENCES, WUHAN, CHINA//MEDIA/AERATED, DECHLORINATED TAP WATER//",,,,,,None,7.4,8.1,2,None,12,,h,Time,60,h,Time,1,X times for 12 hours,Unknown,80,>,percent saturation,Unknown,12,h,Time,26,°C,Temperature,0.05,<,None,,,,,,"SITE/BLA,SVN/",,,,,,,,,,,,,,,,,,,,,,,,,,,,,,,,,,,,,,,,,,,,,,,,,,,,,,,,,,,,,,,,,,,,,,,,,,,,,,,,,,,,,,,,,,,,,,,,,,,,,,,,,,,,,,,,,60,h,Time,0.5,mg/L,Mass concentration,,,0.5,mg/L,Mass concentration,,
26444-49-5,"Cresyl diphenyl phosphate;Cresyldiphenyl phosphate;Diphenyl cresyl phosphate;diphenyl tolyl phosphate;Methylphenyl diphenyl ester, Phosphoric acid;Phosphoric acid, methylphenyl diphenyl ester",,,,,,,,,,,,,,,,,,,,,,,,,,,,,,,,,,,,,,,,,,,,,,,,,,,,,,,,,,,,,,,,,,,,,,,,,,,,,,,,,,,,,,,,,,,,,,,,,,,,,,,,,,,,,,,,,,,,,,,,,,,,,,,,Ecotoxicological Information#Aquatic Toxicity,ECOTOX,,LOEC,Aquat. Toxicol.161:25-32,True,No qualifier,Equal,,,,,,,,,,,,Danio rerio,,Animalia (animals),Bilateria,Chordata (chordates),Vertebrata (vertebrates),"Actinopterygii (ray-finned fishes,spiny rayed fishes)",Teleostei,Ostariophysi,"Cypriniformes (minnows,suckers)",Cyprinoidea,"Cyprinidae (carps,minnows,carps and minnows)",Danio,Deuterostomia,Gnathostomata,,,,,,,,,,Aryl Organophosphate Flame Retardants Induced Cardiotoxicity During Zebrafish Embryogenesis: By Disturbing Expression of the Transcriptional Regulators,"Du,Z., G. Wang, S. Gao, and Z. Wang",,,,,,,,,,,,,Morphology,,,,,,,,,,,,,,,95,>,None,,,,Increasing,2224711,2472077,Active ingredient,Fresh water,Length,Carrier or solvent,08/08/2019,A,Renewal,09/25/2019,Lab,,12/12/2019,Laboratory,2015,Reviewer assigned endpoint,Significant at all concentrations,P,Embryo,,,"AERATED, DECHLORINATED TAP WATER",Unmeasured,,Cresyl diphenyl phosphate,AB STRAIN,"INSTITUTE OF HYDROBIOLOGY, CHINESE ACADEMY OF SCIENCES, WUHAN, CHINA","SOURCE/INSTITUTE OF HYDROBIOLOGY, CHINESE ACADEMY OF SCIENCES, WUHAN, CHINA//MEDIA/AERATED, DECHLORINATED TAP WATER//",,,,,,None,7.4,8.1,4,None,2,,h,Time,70,h,Time,1,Daily; dosing regime not specified,Unknown,80,>,percent saturation,Unknown,70,h,Time,26,°C,Temperature,0.01,<,None,,,,FOUR REPLICATES PLATES PER CONCENTRATION,,"SITE/BLA,SVN/",,,,,,,,,,,,,,,,,,,,,,,,,,,,,,,,,,,,,,,,,,,,,,,,,,,,,,,,,,,,,,,,,,,,,,,,,,,,,,,,,,,,,,,,,,,,,,,,,,,,,,,,,,,,,,,,,70,h,Time,0.10000000149011612,mg/L,Mass concentration,,,0.10000000149011612,mg/L,Mass concentration,,
26444-49-5,"Cresyl diphenyl phosphate;Cresyldiphenyl phosphate;Diphenyl cresyl phosphate;diphenyl tolyl phosphate;Methylphenyl diphenyl ester, Phosphoric acid;Phosphoric acid, methylphenyl diphenyl ester",,,,,,,,,,,,,,,,,,,,,,,,,,,,,,,,,,,,,,,,,,,,,,,,,,,,,,,,,,,,,,,,,,,,,,,,,,,,,,,,,,,,,,,,,,,,,,,,,,,,,,,,,,,,,,,,,,,,,,,,,,,,,,,,Ecotoxicological Information#Aquatic Toxicity,ECOTOX,,NOEC,Aquat. Toxicol.161:25-32,True,No qualifier,Equal,,,,,,,,,,,,Danio rerio,,Animalia (animals),Bilateria,Chordata (chordates),Vertebrata (vertebrates),"Actinopterygii (ray-finned fishes,spiny rayed fishes)",Teleostei,Ostariophysi,"Cypriniformes (minnows,suckers)",Cyprinoidea,"Cyprinidae (carps,minnows,carps and minnows)",Danio,Deuterostomia,Gnathostomata,,,,,,,,,,Aryl Organophosphate Flame Retardants Induced Cardiotoxicity During Zebrafish Embryogenesis: By Disturbing Expression of the Transcriptional Regulators,"Du,Z., G. Wang, S. Gao, and Z. Wang",,,,,,,,,,,,,Morphology,,,,,,,,,,,,,,,95,>,None,,,,Increasing,2224757,2472219,Active ingredient,Fresh water,Length,Carrier or solvent,08/08/2019,A,Renewal,09/25/2019,Lab,ONLY CONC TESTED,12/12/2019,Laboratory,2015,Reviewer assigned endpoint,No significance,P,Embryo,CONC1/ONLY CONC TESTED//,,"AERATED, DECHLORINATED TAP WATER",Unmeasured,,Cresyl diphenyl phosphate,AB STRAIN,"INSTITUTE OF HYDROBIOLOGY, CHINESE ACADEMY OF SCIENCES, WUHAN, CHINA","SOURCE/INSTITUTE OF HYDROBIOLOGY, CHINESE ACADEMY OF SCIENCES, WUHAN, CHINA//MEDIA/AERATED, DECHLORINATED TAP WATER//",,,,,,None,7.4,8.1,2,None,60,,h,Time,12,h,Time,1,X times for 12 hours,Unknown,80,>,percent saturation,Unknown,12,h,Time,26,°C,Temperature,0.05,<,None,,,,,,"SITE/BLA,SVN/",,,,,,,,,,,,,,,,,,,,,,,,,,,,,,,,,,,,,,,,,,,,,,,,,,,,,,,,,,,,,,,,,,,,,,,,,,,,,,,,,,,,,,,,,,,,,,,,,,,,,,,,,,,,,,,,,12,h,Time,0.5,mg/L,Mass concentration,,,0.5,mg/L,Mass concentration,,
26444-49-5,"Cresyl diphenyl phosphate;Cresyldiphenyl phosphate;Diphenyl cresyl phosphate;diphenyl tolyl phosphate;Methylphenyl diphenyl ester, Phosphoric acid;Phosphoric acid, methylphenyl diphenyl ester",,,,,,,,,,,,,,,,,,,,,,,,,,,,,,,,,,,,,,,,,,,,,,,,,,,,,,,,,,,,,,,,,,,,,,,,,,,,,,,,,,,,,,,,,,,,,,,,,,,,,,,,,,,,,,,,,,,,,,,,,,,,,,,,Ecotoxicological Information#Aquatic Toxicity,ECOTOX,,NOEC,Aquat. Toxicol.161:25-32,True,No qualifier,Equal,,,,,,,,,,,,Danio rerio,,Animalia (animals),Bilateria,Chordata (chordates),Vertebrata (vertebrates),"Actinopterygii (ray-finned fishes,spiny rayed fishes)",Teleostei,Ostariophysi,"Cypriniformes (minnows,suckers)",Cyprinoidea,"Cyprinidae (carps,minnows,carps and minnows)",Danio,Deuterostomia,Gnathostomata,,,,,,,,,,Aryl Organophosphate Flame Retardants Induced Cardiotoxicity During Zebrafish Embryogenesis: By Disturbing Expression of the Transcriptional Regulators,"Du,Z., G. Wang, S. Gao, and Z. Wang",,,,,,,,,,,,,Morphology,,,,,,,,,,,,,,,99,>,None,,,,Decreasing,2224756,2472217,Active ingredient,Fresh water,Length,Carrier or solvent,08/08/2019,A,Renewal,09/25/2019,Lab,ONLY CONC TESTED,12/12/2019,Laboratory,2015,Reviewer assigned endpoint,No significance,P,Embryo,CONC1/ONLY CONC TESTED//,,"AERATED, DECHLORINATED TAP WATER",Unmeasured,,Cresyl diphenyl phosphate,AB STRAIN,"INSTITUTE OF HYDROBIOLOGY, CHINESE ACADEMY OF SCIENCES, WUHAN, CHINA","SOURCE/INSTITUTE OF HYDROBIOLOGY, CHINESE ACADEMY OF SCIENCES, WUHAN, CHINA//MEDIA/AERATED, DECHLORINATED TAP WATER//",,,,,,None,7.4,8.1,2,None,48,,h,Time,24,h,Time,1,X times for 12 hours,Unknown,80,>,percent saturation,Unknown,12,h,Time,26,°C,Temperature,0.05,<,None,,,,,,"SITE/BLA,SVN/",,,,,,,,,,,,,,,,,,,,,,,,,,,,,,,,,,,,,,,,,,,,,,,,,,,,,,,,,,,,,,,,,,,,,,,,,,,,,,,,,,,,,,,,,,,,,,,,,,,,,,,,,,,,,,,,,24,h,Time,0.5,mg/L,Mass concentration,,,0.5,mg/L,Mass concentration,,
26444-49-5,"Cresyl diphenyl phosphate;Cresyldiphenyl phosphate;Diphenyl cresyl phosphate;diphenyl tolyl phosphate;Methylphenyl diphenyl ester, Phosphoric acid;Phosphoric acid, methylphenyl diphenyl ester",,,,,,,,,,,,,,,,,,,,,,,,,,,,,,,,,,,,,,,,,,,,,,,,,,,,,,,,,,,,,,,,,,,,,,,,,,,,,,,,,,,,,,,,,,,,,,,,,,,,,,,,,,,,,,,,,,,,,,,,,,,,,,,,Ecotoxicological Information#Aquatic Toxicity,ECOTOX,,NOEC,Aquat. Toxicol.161:25-32,True,No qualifier,Equal,,,,,,,,,,,,Danio rerio,,Animalia (animals),Bilateria,Chordata (chordates),Vertebrata (vertebrates),"Actinopterygii (ray-finned fishes,spiny rayed fishes)",Teleostei,Ostariophysi,"Cypriniformes (minnows,suckers)",Cyprinoidea,"Cyprinidae (carps,minnows,carps and minnows)",Danio,Deuterostomia,Gnathostomata,,,,,,,,,,Aryl Organophosphate Flame Retardants Induced Cardiotoxicity During Zebrafish Embryogenesis: By Disturbing Expression of the Transcriptional Regulators,"Du,Z., G. Wang, S. Gao, and Z. Wang",,,,,,,,,,,,,Morphology,,,,,,,,,,,,,,,95,>,None,,,,Increasing,2224725,2472099,Active ingredient,Fresh water,Length,Carrier or solvent,08/08/2019,A,Renewal,09/25/2019,Lab,ONLY CONC TESTED,12/12/2019,Laboratory,2015,Reviewer assigned endpoint,No significance,P,Embryo,CONC1/ONLY CONC TESTED//,,"AERATED, DECHLORINATED TAP WATER",Unmeasured,,Cresyl diphenyl phosphate,AB STRAIN,"INSTITUTE OF HYDROBIOLOGY, CHINESE ACADEMY OF SCIENCES, WUHAN, CHINA","SOURCE/INSTITUTE OF HYDROBIOLOGY, CHINESE ACADEMY OF SCIENCES, WUHAN, CHINA//MEDIA/AERATED, DECHLORINATED TAP WATER//",,,,,,None,7.4,8.1,2,None,0,,h,Time,72,h,Time,1,X times for 12 hours,Unknown,80,>,percent saturation,Unknown,12,h,Time,26,°C,Temperature,0.05,<,None,,,,,,"SITE/BLA,SVN/",,,,,,,,,,,,,,,,,,,,,,,,,,,,,,,,,,,,,,,,,,,,,,,,,,,,,,,,,,,,,,,,,,,,,,,,,,,,,,,,,,,,,,,,,,,,,,,,,,,,,,,,,,,,,,,,,72,h,Time,0.5,mg/L,Mass concentration,,,0.5,mg/L,Mass concentration,,
26444-49-5,"Cresyl diphenyl phosphate;Cresyldiphenyl phosphate;Diphenyl cresyl phosphate;diphenyl tolyl phosphate;Methylphenyl diphenyl ester, Phosphoric acid;Phosphoric acid, methylphenyl diphenyl ester",,,,,,,,,,,,,,,,,,,,,,,,,,,,,,,,,,,,,,,,,,,,,,,,,,,,,,,,,,,,,,,,,,,,,,,,,,,,,,,,,,,,,,,,,,,,,,,,,,,,,,,,,,,,,,,,,,,,,,,,,,,,,,,,Ecotoxicological Information#Aquatic Toxicity,ECOTOX,,LC50,Aquat. Toxicol.161:25-32,True,No qualifier,Equal,,,,,,,,,,,,Danio rerio,,Animalia (animals),Bilateria,Chordata (chordates),Vertebrata (vertebrates),"Actinopterygii (ray-finned fishes,spiny rayed fishes)",Teleostei,Ostariophysi,"Cypriniformes (minnows,suckers)",Cyprinoidea,"Cyprinidae (carps,minnows,carps and minnows)",Danio,Deuterostomia,Gnathostomata,,,,,,,,,,Aryl Organophosphate Flame Retardants Induced Cardiotoxicity During Zebrafish Embryogenesis: By Disturbing Expression of the Transcriptional Regulators,"Du,Z., G. Wang, S. Gao, and Z. Wang",,Acute,,,,,,,,,,,Mortality,,,,,,,,,,,,,,,95,>,None,,,,Increasing,2224706,2472068,Active ingredient,Fresh water,Mortality,Carrier or solvent,08/08/2019,A,Renewal,09/16/2019,Lab,,12/12/2019,Laboratory,2015,Publication reported endpoint,,,Embryo,,,"AERATED, DECHLORINATED TAP WATER",Unmeasured,,Cresyl diphenyl phosphate,AB STRAIN,"INSTITUTE OF HYDROBIOLOGY, CHINESE ACADEMY OF SCIENCES, WUHAN, CHINA","SOURCE/INSTITUTE OF HYDROBIOLOGY, CHINESE ACADEMY OF SCIENCES, WUHAN, CHINA//TMETH/OECD GUIDELIN NO. 236, 2013.//MEDIA/AERATED, DECHLORINATED TAP WATER//",,,,,,None,7.4,8.1,8,None,2,<,h,Time,96,h,Time,1,Daily; dosing regime not specified,Unknown,80,>,percent saturation,Unknown,96,h,Time,26,°C,Temperature,,,,,Organization for Economic Cooperation and Development,,"1 EGG PER WELL IN 2 ML TEST SOLUTION IN A 24 WELL PLATE, WITH TRIPLICATE PLATES PER CONCENTRATION","OECD GUIDELIN NO. 236, 2013.",,,,,,,,,,,,,,,,,,,,,,,,,,,,,,,,,,,,,,,,,,,,,,,,,,,,,,,,,,,,,,,,,,,,,,,,,,,,,,,,,,,,,,,,,,,,,,,,,,,,,,,,,,,,,,,,,,96,h,Time,1.059999942779541,mg/L,Mass concentration,,,1.059999942779541,mg/L,Mass concentration,,
26444-49-5,"Cresyl diphenyl phosphate;Cresyldiphenyl phosphate;Diphenyl cresyl phosphate;diphenyl tolyl phosphate;Methylphenyl diphenyl ester, Phosphoric acid;Phosphoric acid, methylphenyl diphenyl ester",,,,,,,,,,,,,,,,,,,,,,,,,,,,,,,,,,,,,,,,,,,,,,,,,,,,,,,,,,,,,,,,,,,,,,,,,,,,,,,,,,,,,,,,,,,,,,,,,,,,,,,,,,,,,,,,,,,,,,,,,,,,,,,,Ecotoxicological Information#Aquatic Toxicity,ECOTOX,,EC50,Sci. Total Environ.32:157-165,True,No qualifier,Equal,,,,,,,,,,,,Scenedesmus quadricauda,,Plantae (plants),Viridiplantae (green plants),,,,Chlorophyceae,,Sphaeropleales,,Scenedesmaceae,Scenedesmus,Chlorophyta (green algae),,,,,,,,,,,Structure-Toxicity of Triaryl Phosphates in Freshwater Algae,"Wong,P.T.S., and Y.K. Chau",,,,,,,,,,,,,Physiology,,,,,,,,,,,,,,,,,,,,,,1140590,117527,Formulation,Fresh water,Photosynthesis,Carrier or solvent,11/23/1993,A,Static,09/03/2019,Lab,,12/12/2019,,1984,,,,Exponential growth phase (log),,,,Unmeasured,,PU,,,,,,,,,,,,,,,,,,,,,1,Dosed x time(s) per study period,Unknown,,,,,,,,20,°C,Temperature,,,,,,,,,,"SOLUBILITY, PARTITION COEFFICIENT",Chlorophyta (green algae),Chlorophytina,,,,,,,,,,,,,,,,,,,,,,,,,,,,,,,,,,,,,,,,,,,,,,,,,,,,,,,,,,,,,,,,,,,,,,,,,,,,,,,,,,,,,,,,,,,,,,,,,,,,,,,,,,,,,,28,h,Time,1,mg/L,Mass concentration,,,1000,µg/L,Mass concentration,,
26444-49-5,"Cresyl diphenyl phosphate;Cresyldiphenyl phosphate;Diphenyl cresyl phosphate;diphenyl tolyl phosphate;Methylphenyl diphenyl ester, Phosphoric acid;Phosphoric acid, methylphenyl diphenyl ester",,,,,,,,,,,,,,,,,,,,,,,,,,,,,,,,,,,,,,,,,,,,,,,,,,,,,,,,,,,,,,,,,,,,,,,,,,,,,,,,,,,,,,,,,,,,,,,,,,,,,,,,,,,,,,,,,,,,,,,,,,,,,,,,Ecotoxicological Information#Aquatic Toxicity,ECOTOX,,EC50,Sci. Total Environ.32:157-165,True,No qualifier,Equal,,,,,,,,,,,,Algae,,,,,,,,,,,,,,,,,,,,,,,,Structure-Toxicity of Triaryl Phosphates in Freshwater Algae,"Wong,P.T.S., and Y.K. Chau",,,,,,,,,,,,,Physiology,,,,,,,,,,,,,,,,,,,,,,1140591,117528,Formulation,Fresh water,Photosynthesis,Carrier or solvent,11/23/1993,A,Static,09/03/2019,Lab,,12/12/2019,,1984,,,,,,,,Unmeasured,,PU,NATURAL PHYTOPLANKTON,,,,,,,,,,,,,,,,,,,,1,Dosed x time(s) per study period,Unknown,,,,,,,,20,°C,Temperature,,,,,,,LAKE ONTARIO ALGAL CULTURE,,,"SOLUBILITY, PARTITION COEFFICIENT",,,,,,,,,,,,,,,,,,,,,,,,,,,,,,,,,,,,,,,,,,,,,,,,,,,,,,,,,,,,,,,,,,,,,,,,,,,,,,,,,,,,,,,,,,,,,,,,,,,,,,,,,,,,,,,,28,h,Time,0.5,mg/L,Mass concentration,,,500,µg/L,Mass concentration,,
26444-49-5,"Cresyl diphenyl phosphate;Cresyldiphenyl phosphate;Diphenyl cresyl phosphate;diphenyl tolyl phosphate;Methylphenyl diphenyl ester, Phosphoric acid;Phosphoric acid, methylphenyl diphenyl ester",,,,,,,,,,,,,,,,,,,,,,,,,,,,,,,,,,,,,,,,,,,,,,,,,,,,,,,,,,,,,,,,,,,,,,,,,,,,,,,,,,,,,,,,,,,,,,,,,,,,,,,,,,,,,,,,,,,,,,,,,,,,,,,,Ecotoxicological Information#Aquatic Toxicity,ECOTOX,,EC50,Sci. Total Environ.32:157-165,True,No qualifier,Equal,,,,,,,,,,,,Ankistrodesmus falcatus var. acicularis,,,,,,,,,,,,,,,,,,,,,,,,Structure-Toxicity of Triaryl Phosphates in Freshwater Algae,"Wong,P.T.S., and Y.K. Chau",,,,,,,,,,,,,Physiology,,,,,,,,,,,,,,,,,,,,,,1140589,117526,Formulation,Fresh water,Photosynthesis,Carrier or solvent,11/23/1993,A,Static,09/03/2019,Lab,,12/12/2019,,1984,,,,Exponential growth phase (log),,,,Unmeasured,,PU,,,,,,,,,,,,,,,,,,,,,1,Dosed x time(s) per study period,Unknown,,,,,,,,20,°C,Temperature,,,,,,,,,,"SOLUBILITY, PARTITION COEFFICIENT",,,,,,,,,,,,,,,,,,,,,,,,,,,,,,,,,,,,,,,,,,,,,,,,,,,,,,,,,,,,,,,,,,,,,,,,,,,,,,,,,,,,,,,,,,,,,,,,,,,,,,,,,,,,,,,,28,h,Time,0.7000000000000001,mg/L,Mass concentration,,,700,µg/L,Mass concentration,,
26444-49-5,"Cresyl diphenyl phosphate;Cresyldiphenyl phosphate;Diphenyl cresyl phosphate;diphenyl tolyl phosphate;Methylphenyl diphenyl ester, Phosphoric acid;Phosphoric acid, methylphenyl diphenyl ester",,,,,,,,,,,,,,,,,,,,,,,,,,,,,,,,,,,,,,,,,,,,,,,,,,,,,,,,,,,,,,,,,,,,,,,,,,,,,,,,,,,,,,,,,,,,,,,,,,,,,,,,,,,,,,,,,,,,,,,,,,,,,,,,Ecotoxicological Information#Aquatic Toxicity,ECOTOX,,LOEC,Aquat. Toxicol.161:25-32,True,No qualifier,Equal,,,,,,,,,,,,Danio rerio,,Animalia (animals),Bilateria,Chordata (chordates),Vertebrata (vertebrates),"Actinopterygii (ray-finned fishes,spiny rayed fishes)",Teleostei,Ostariophysi,"Cypriniformes (minnows,suckers)",Cyprinoidea,"Cyprinidae (carps,minnows,carps and minnows)",Danio,Deuterostomia,Gnathostomata,,,,,,,,,,Aryl Organophosphate Flame Retardants Induced Cardiotoxicity During Zebrafish Embryogenesis: By Disturbing Expression of the Transcriptional Regulators,"Du,Z., G. Wang, S. Gao, and Z. Wang",,,,,,,,,,,,,Physiology,,,,,,,,,,,,,,,95,>,None,,,,Decreasing,2224757,2472218,Active ingredient,Fresh water,Heart rate,Carrier or solvent,08/08/2019,A,Renewal,09/25/2019,Lab,ONLY CONC TESTED,12/12/2019,Laboratory,2015,Reviewer assigned endpoint,Significant,P,Embryo,CONC1/ONLY CONC TESTED//,,"AERATED, DECHLORINATED TAP WATER",Unmeasured,,Cresyl diphenyl phosphate,AB STRAIN,"INSTITUTE OF HYDROBIOLOGY, CHINESE ACADEMY OF SCIENCES, WUHAN, CHINA","SOURCE/INSTITUTE OF HYDROBIOLOGY, CHINESE ACADEMY OF SCIENCES, WUHAN, CHINA//MEDIA/AERATED, DECHLORINATED TAP WATER//",,,,,,None,7.4,8.1,2,None,60,,h,Time,12,h,Time,1,X times for 12 hours,Unknown,80,>,percent saturation,Unknown,12,h,Time,26,°C,Temperature,0.01,<,None,,,,,,,,,,,,,,,,,,,,,,,,,,,,,,,,,,,,,,,,,,,,,,,,,,,,,,,,,,,,,,,,,,,,,,,,,,,,,,,,,,,,,,,,,,,,,,,,,,,,,,,,,,,,,,,,,,,,,,,12,h,Time,0.5,mg/L,Mass concentration,,,0.5,mg/L,Mass concentration,,
26444-49-5,"Cresyl diphenyl phosphate;Cresyldiphenyl phosphate;Diphenyl cresyl phosphate;diphenyl tolyl phosphate;Methylphenyl diphenyl ester, Phosphoric acid;Phosphoric acid, methylphenyl diphenyl ester",,,,,,,,,,,,,,,,,,,,,,,,,,,,,,,,,,,,,,,,,,,,,,,,,,,,,,,,,,,,,,,,,,,,,,,,,,,,,,,,,,,,,,,,,,,,,,,,,,,,,,,,,,,,,,,,,,,,,,,,,,,,,,,,Ecotoxicological Information#Aquatic Toxicity,ECOTOX,,LOEC,Aquat. Toxicol.161:25-32,True,No qualifier,Equal,,,,,,,,,,,,Danio rerio,,Animalia (animals),Bilateria,Chordata (chordates),Vertebrata (vertebrates),"Actinopterygii (ray-finned fishes,spiny rayed fishes)",Teleostei,Ostariophysi,"Cypriniformes (minnows,suckers)",Cyprinoidea,"Cyprinidae (carps,minnows,carps and minnows)",Danio,Deuterostomia,Gnathostomata,,,,,,,,,,Aryl Organophosphate Flame Retardants Induced Cardiotoxicity During Zebrafish Embryogenesis: By Disturbing Expression of the Transcriptional Regulators,"Du,Z., G. Wang, S. Gao, and Z. Wang",,,,,,,,,,,,,Physiology,,,,,,,,,,,,,,,95,>,None,,,,Decreasing,2224752,2472197,Active ingredient,Fresh water,Heart rate,Carrier or solvent,08/08/2019,A,Renewal,09/25/2019,Lab,ONLY CONC TESTED,12/12/2019,Laboratory,2015,Reviewer assigned endpoint,Significant,P,Embryo,CONC1/ONLY CONC TESTED//,,"AERATED, DECHLORINATED TAP WATER",Unmeasured,,Cresyl diphenyl phosphate,AB STRAIN,"INSTITUTE OF HYDROBIOLOGY, CHINESE ACADEMY OF SCIENCES, WUHAN, CHINA","SOURCE/INSTITUTE OF HYDROBIOLOGY, CHINESE ACADEMY OF SCIENCES, WUHAN, CHINA//MEDIA/AERATED, DECHLORINATED TAP WATER//",,,,,,None,7.4,8.1,2,None,12,,h,Time,60,h,Time,1,X times for 12 hours,Unknown,80,>,percent saturation,Unknown,12,h,Time,26,°C,Temperature,0.05,<,None,,,,,,,,,,,,,,,,,,,,,,,,,,,,,,,,,,,,,,,,,,,,,,,,,,,,,,,,,,,,,,,,,,,,,,,,,,,,,,,,,,,,,,,,,,,,,,,,,,,,,,,,,,,,,,,,,,,,,,,60,h,Time,0.5,mg/L,Mass concentration,,,0.5,mg/L,Mass concentration,,
26444-49-5,"Cresyl diphenyl phosphate;Cresyldiphenyl phosphate;Diphenyl cresyl phosphate;diphenyl tolyl phosphate;Methylphenyl diphenyl ester, Phosphoric acid;Phosphoric acid, methylphenyl diphenyl ester",,,,,,,,,,,,,,,,,,,,,,,,,,,,,,,,,,,,,,,,,,,,,,,,,,,,,,,,,,,,,,,,,,,,,,,,,,,,,,,,,,,,,,,,,,,,,,,,,,,,,,,,,,,,,,,,,,,,,,,,,,,,,,,,Ecotoxicological Information#Aquatic Toxicity,ECOTOX,,LOEC,Aquat. Toxicol.161:25-32,True,No qualifier,Equal,,,,,,,,,,,,Danio rerio,,Animalia (animals),Bilateria,Chordata (chordates),Vertebrata (vertebrates),"Actinopterygii (ray-finned fishes,spiny rayed fishes)",Teleostei,Ostariophysi,"Cypriniformes (minnows,suckers)",Cyprinoidea,"Cyprinidae (carps,minnows,carps and minnows)",Danio,Deuterostomia,Gnathostomata,,,,,,,,,,Aryl Organophosphate Flame Retardants Induced Cardiotoxicity During Zebrafish Embryogenesis: By Disturbing Expression of the Transcriptional Regulators,"Du,Z., G. Wang, S. Gao, and Z. Wang",,,,,,,,,,,,,Physiology,,,,,,,,,,,,,,,95,>,None,,,,Decreasing,2224711,2472076,Active ingredient,Fresh water,Heart rate,Carrier or solvent,08/08/2019,A,Renewal,09/25/2019,Lab,,12/12/2019,Laboratory,2015,Reviewer assigned endpoint,Significant at all concentrations,P,Embryo,,,"AERATED, DECHLORINATED TAP WATER",Unmeasured,,Cresyl diphenyl phosphate,AB STRAIN,"INSTITUTE OF HYDROBIOLOGY, CHINESE ACADEMY OF SCIENCES, WUHAN, CHINA","SOURCE/INSTITUTE OF HYDROBIOLOGY, CHINESE ACADEMY OF SCIENCES, WUHAN, CHINA//MEDIA/AERATED, DECHLORINATED TAP WATER//",,,,,,None,7.4,8.1,4,None,2,,h,Time,70,h,Time,1,Daily; dosing regime not specified,Unknown,80,>,percent saturation,Unknown,70,h,Time,26,°C,Temperature,0.01,<,None,,,,FOUR REPLICATES PLATES PER CONCENTRATION,,,,,,,,,,,,,,,,,,,,,,,,,,,,,,,,,,,,,,,,,,,,,,,,,,,,,,,,,,,,,,,,,,,,,,,,,,,,,,,,,,,,,,,,,,,,,,,,,,,,,,,,,,,,,,,,,,,70,h,Time,0.10000000149011612,mg/L,Mass concentration,,,0.10000000149011612,mg/L,Mass concentration,,
26444-49-5,"Cresyl diphenyl phosphate;Cresyldiphenyl phosphate;Diphenyl cresyl phosphate;diphenyl tolyl phosphate;Methylphenyl diphenyl ester, Phosphoric acid;Phosphoric acid, methylphenyl diphenyl ester",,,,,,,,,,,,,,,,,,,,,,,,,,,,,,,,,,,,,,,,,,,,,,,,,,,,,,,,,,,,,,,,,,,,,,,,,,,,,,,,,,,,,,,,,,,,,,,,,,,,,,,,,,,,,,,,,,,,,,,,,,,,,,,,Ecotoxicological Information#Aquatic Toxicity,ECOTOX,,LOEC,Aquat. Toxicol.161:25-32,True,No qualifier,Equal,,,,,,,,,,,,Danio rerio,,Animalia (animals),Bilateria,Chordata (chordates),Vertebrata (vertebrates),"Actinopterygii (ray-finned fishes,spiny rayed fishes)",Teleostei,Ostariophysi,"Cypriniformes (minnows,suckers)",Cyprinoidea,"Cyprinidae (carps,minnows,carps and minnows)",Danio,Deuterostomia,Gnathostomata,,,,,,,,,,Aryl Organophosphate Flame Retardants Induced Cardiotoxicity During Zebrafish Embryogenesis: By Disturbing Expression of the Transcriptional Regulators,"Du,Z., G. Wang, S. Gao, and Z. Wang",,,,,,,,,,,,,Physiology,,,,,,,,,,,,,,,95,>,None,,,,Decreasing,2224725,2472097,Active ingredient,Fresh water,Heart rate,Carrier or solvent,08/08/2019,A,Renewal,09/25/2019,Lab,ONLY CONC TESTED,12/12/2019,Laboratory,2015,Reviewer assigned endpoint,Significant,P,Embryo,CONC1/ONLY CONC TESTED//,,"AERATED, DECHLORINATED TAP WATER",Unmeasured,,Cresyl diphenyl phosphate,AB STRAIN,"INSTITUTE OF HYDROBIOLOGY, CHINESE ACADEMY OF SCIENCES, WUHAN, CHINA","SOURCE/INSTITUTE OF HYDROBIOLOGY, CHINESE ACADEMY OF SCIENCES, WUHAN, CHINA//MEDIA/AERATED, DECHLORINATED TAP WATER//",,,,,,None,7.4,8.1,2,None,0,,h,Time,72,h,Time,1,X times for 12 hours,Unknown,80,>,percent saturation,Unknown,12,h,Time,26,°C,Temperature,0.05,<,None,,,,,,,,,,,,,,,,,,,,,,,,,,,,,,,,,,,,,,,,,,,,,,,,,,,,,,,,,,,,,,,,,,,,,,,,,,,,,,,,,,,,,,,,,,,,,,,,,,,,,,,,,,,,,,,,,,,,,,,72,h,Time,0.5,mg/L,Mass concentration,,,0.5,mg/L,Mass concentration,,
26444-49-5,"Cresyl diphenyl phosphate;Cresyldiphenyl phosphate;Diphenyl cresyl phosphate;diphenyl tolyl phosphate;Methylphenyl diphenyl ester, Phosphoric acid;Phosphoric acid, methylphenyl diphenyl ester",,,,,,,,,,,,,,,,,,,,,,,,,,,,,,,,,,,,,,,,,,,,,,,,,,,,,,,,,,,,,,,,,,,,,,,,,,,,,,,,,,,,,,,,,,,,,,,,,,,,,,,,,,,,,,,,,,,,,,,,,,,,,,,,Ecotoxicological Information#Aquatic Toxicity,ECOTOX,,NOEC,Aquat. Toxicol.161:25-32,True,No qualifier,Equal,,,,,,,,,,,,Danio rerio,,Animalia (animals),Bilateria,Chordata (chordates),Vertebrata (vertebrates),"Actinopterygii (ray-finned fishes,spiny rayed fishes)",Teleostei,Ostariophysi,"Cypriniformes (minnows,suckers)",Cyprinoidea,"Cyprinidae (carps,minnows,carps and minnows)",Danio,Deuterostomia,Gnathostomata,,,,,,,,,,Aryl Organophosphate Flame Retardants Induced Cardiotoxicity During Zebrafish Embryogenesis: By Disturbing Expression of the Transcriptional Regulators,"Du,Z., G. Wang, S. Gao, and Z. Wang",,,,,,,,,,,,,Physiology,,,,,,,,,,,,,,,99,>,None,,,,Decreasing,2224756,2472216,Active ingredient,Fresh water,Heart rate,Carrier or solvent,08/08/2019,A,Renewal,09/25/2019,Lab,ONLY CONC TESTED,12/12/2019,Laboratory,2015,Reviewer assigned endpoint,No significance,P,Embryo,CONC1/ONLY CONC TESTED//,,"AERATED, DECHLORINATED TAP WATER",Unmeasured,,Cresyl diphenyl phosphate,AB STRAIN,"INSTITUTE OF HYDROBIOLOGY, CHINESE ACADEMY OF SCIENCES, WUHAN, CHINA","SOURCE/INSTITUTE OF HYDROBIOLOGY, CHINESE ACADEMY OF SCIENCES, WUHAN, CHINA//MEDIA/AERATED, DECHLORINATED TAP WATER//",,,,,,None,7.4,8.1,2,None,48,,h,Time,24,h,Time,1,X times for 12 hours,Unknown,80,>,percent saturation,Unknown,12,h,Time,26,°C,Temperature,0.05,<,None,,,,,,,,,,,,,,,,,,,,,,,,,,,,,,,,,,,,,,,,,,,,,,,,,,,,,,,,,,,,,,,,,,,,,,,,,,,,,,,,,,,,,,,,,,,,,,,,,,,,,,,,,,,,,,,,,,,,,,,24,h,Time,0.5,mg/L,Mass concentration,,,0.5,mg/L,Mass concentration,,
26444-49-5,"Cresyl diphenyl phosphate;Cresyldiphenyl phosphate;Diphenyl cresyl phosphate;diphenyl tolyl phosphate;Methylphenyl diphenyl ester, Phosphoric acid;Phosphoric acid, methylphenyl diphenyl ester",,,,,,,,,,,,,,,,,,,,,,,,,,,,,,,,,,,,,,,,,,,,,,,,,,,,,,,,,,,,,,,,,,,,,,,,,,,,,,,,,,,,,,,,,,,,,,,,,,,,,,,,,,,,,,,,,,,,,,,,,,,,,,,,Ecotoxicological Information#Aquatic Toxicity,ECOTOX,,NOEC,Aquat. Toxicol.161:25-32,True,No qualifier,Equal,,,,,,,,,,,,Danio rerio,,Animalia (animals),Bilateria,Chordata (chordates),Vertebrata (vertebrates),"Actinopterygii (ray-finned fishes,spiny rayed fishes)",Teleostei,Ostariophysi,"Cypriniformes (minnows,suckers)",Cyprinoidea,"Cyprinidae (carps,minnows,carps and minnows)",Danio,Deuterostomia,Gnathostomata,,,,,,,,,,Aryl Organophosphate Flame Retardants Induced Cardiotoxicity During Zebrafish Embryogenesis: By Disturbing Expression of the Transcriptional Regulators,"Du,Z., G. Wang, S. Gao, and Z. Wang",,,,,,,,,,,,,Physiology,,,,,,,,,,,,,,,95,>,None,,,,Increasing,2224755,2472210,Active ingredient,Fresh water,Heart rate,Carrier or solvent,08/08/2019,A,Renewal,09/25/2019,Lab,ONLY CONC TESTED,12/12/2019,Laboratory,2015,Reviewer assigned endpoint,No significance,P,Embryo,CONC1/ONLY CONC TESTED//,,"AERATED, DECHLORINATED TAP WATER",Unmeasured,,Cresyl diphenyl phosphate,AB STRAIN,"INSTITUTE OF HYDROBIOLOGY, CHINESE ACADEMY OF SCIENCES, WUHAN, CHINA","SOURCE/INSTITUTE OF HYDROBIOLOGY, CHINESE ACADEMY OF SCIENCES, WUHAN, CHINA//MEDIA/AERATED, DECHLORINATED TAP WATER//",,,,,,None,7.4,8.1,2,None,36,,h,Time,36,h,Time,1,X times for 12 hours,Unknown,80,>,percent saturation,Unknown,12,h,Time,26,°C,Temperature,0.05,<,None,,,,,,,,,,,,,,,,,,,,,,,,,,,,,,,,,,,,,,,,,,,,,,,,,,,,,,,,,,,,,,,,,,,,,,,,,,,,,,,,,,,,,,,,,,,,,,,,,,,,,,,,,,,,,,,,,,,,,,,36,h,Time,0.5,mg/L,Mass concentration,,,0.5,mg/L,Mass concentration,,
26444-49-5,"Cresyl diphenyl phosphate;Cresyldiphenyl phosphate;Diphenyl cresyl phosphate;diphenyl tolyl phosphate;Methylphenyl diphenyl ester, Phosphoric acid;Phosphoric acid, methylphenyl diphenyl ester",,,,,,,,,,,,,,,,,,,,,,,,,,,,,,,,,,,,,,,,,,,,,,,,,,,,,,,,,,,,,,,,,,,,,,,,,,,,,,,,,,,,,,,,,,,,,,,,,,,,,,,,,,,,,,,,,,,,,,,,,,,,,,,,Ecotoxicological Information#Aquatic Toxicity,ECOTOX,,NOEC,Aquat. Toxicol.161:25-32,True,No qualifier,Equal,,,,,,,,,,,,Danio rerio,,Animalia (animals),Bilateria,Chordata (chordates),Vertebrata (vertebrates),"Actinopterygii (ray-finned fishes,spiny rayed fishes)",Teleostei,Ostariophysi,"Cypriniformes (minnows,suckers)",Cyprinoidea,"Cyprinidae (carps,minnows,carps and minnows)",Danio,Deuterostomia,Gnathostomata,,,,,,,,,,Aryl Organophosphate Flame Retardants Induced Cardiotoxicity During Zebrafish Embryogenesis: By Disturbing Expression of the Transcriptional Regulators,"Du,Z., G. Wang, S. Gao, and Z. Wang",,,,,,,,,,,,,Physiology,,,,,,,,,,,,,,,95,>,None,,,,Decreasing,2224754,2472208,Active ingredient,Fresh water,Heart rate,Carrier or solvent,08/08/2019,A,Renewal,09/25/2019,Lab,ONLY CONC TESTED,12/12/2019,Laboratory,2015,Reviewer assigned endpoint,No significance,P,Embryo,CONC1/ONLY CONC TESTED//,,"AERATED, DECHLORINATED TAP WATER",Unmeasured,,Cresyl diphenyl phosphate,AB STRAIN,"INSTITUTE OF HYDROBIOLOGY, CHINESE ACADEMY OF SCIENCES, WUHAN, CHINA","SOURCE/INSTITUTE OF HYDROBIOLOGY, CHINESE ACADEMY OF SCIENCES, WUHAN, CHINA//MEDIA/AERATED, DECHLORINATED TAP WATER//",,,,,,None,7.4,8.1,2,None,24,,h,Time,48,h,Time,1,X times for 12 hours,Unknown,80,>,percent saturation,Unknown,12,h,Time,26,°C,Temperature,0.05,<,None,,,,,,,,,,,,,,,,,,,,,,,,,,,,,,,,,,,,,,,,,,,,,,,,,,,,,,,,,,,,,,,,,,,,,,,,,,,,,,,,,,,,,,,,,,,,,,,,,,,,,,,,,,,,,,,,,,,,,,,48,h,Time,0.5,mg/L,Mass concentration,,,0.5,mg/L,Mass concentration,,
26444-49-5,"Cresyl diphenyl phosphate;Cresyldiphenyl phosphate;Diphenyl cresyl phosphate;diphenyl tolyl phosphate;Methylphenyl diphenyl ester, Phosphoric acid;Phosphoric acid, methylphenyl diphenyl ester",,,,,,,,,,,,,,,,,,,,,,,,,,,,,,,,,,,,,,,,,,,,,,,,,,,,,,,,,,,,,,,,,,,,,,,,,,,,,,,,,,,,,,,,,,,,,,,,,,,,,,,,,,,,,,,,,,,,,,,,,,,,,,,,Ecotoxicological Information#Terrestrial Toxicity,ECOTOX,,,EPA/OTS 40-7942486:370 p.,True,Data in range,Equal,,,,,,,,,,,,Rattus norvegicus,,Animalia (animals),Bilateria,Chordata (chordates),Vertebrata (vertebrates),Tetrapoda,Mammalia (mammals),,Rodentia (rodents),Muroidea,"Muridae (mice,rats,voles)",Rattus (Old World Rats),Deuterostomia,Gnathostomata,,,,,,,,,,Technical and Toxicological Information on Various Materials from the FMC Corp,EPA/OTS,,,,,,,,,,,,,Enzyme(s),,,,,,,,,,,,,,,,,,,,,Decreasing,2229376,2486481,Formulation,No substrate,Cholinesterase,,10/04/2019,AT,Intragastrical,11/13/2019,Lab,,12/12/2019,Laboratory,2000,,,,Young adult,,,,Unmeasured,bdwt,Kronitex CDP,WISTAR DERIVED,,,,,,,,,,,3,None,,,,,14,d,Time,1,Dosed x time(s) per study period,Unknown,,,,,14,d,Time,,,,,,,,,,,,,,,,Theria,Eutheria,"Myomorpha (Mice,Rats,Voles,Gerbils,Hamsters,Lemmings)","Murinae (Old World rats,Old World mice)",g,Mass,200,300,,,,,,,,,,,,,,,,,,,,,,,,,,,,,,,,,,,,,,,,,,,,,,,,,,,,,,,,,,,,,,,,,,,,,,,,,,,,,,,,,,,,,,,,,,,,,,,,,,,,,,14,d,Time,,log(L/kg),Specific volume,-1.8239087409443189,-1.5228787452803376,,mL/kg,Specific volume,15,30
26444-49-5,"Cresyl diphenyl phosphate;Cresyldiphenyl phosphate;Diphenyl cresyl phosphate;diphenyl tolyl phosphate;Methylphenyl diphenyl ester, Phosphoric acid;Phosphoric acid, methylphenyl diphenyl ester",,,,,,,,,,,,,,,,,,,,,,,,,,,,,,,,,,,,,,,,,,,,,,,,,,,,,,,,,,,,,,,,,,,,,,,,,,,,,,,,,,,,,,,,,,,,,,,,,,,,,,,,,,,,,,,,,,,,,,,,,,,,,,,,Human Health Hazards#Acute Toxicity,ECOTOX,,LD50,EPA/OTS 40-7942486:370 p.,True,No qualifier,Equal,,,,,,,,,,,,Rattus norvegicus,,Animalia (animals),Bilateria,Chordata (chordates),Vertebrata (vertebrates),Tetrapoda,Mammalia (mammals),,Rodentia (rodents),Muroidea,"Muridae (mice,rats,voles)",Rattus (Old World Rats),Deuterostomia,Gnathostomata,,,,,,,,,,Technical and Toxicological Information on Various Materials from the FMC Corp,EPA/OTS,,,,,,,,,,,,,Mortality,,,,,,,,,,,,,,,,,,,,,Increasing,2229367,2486476,Formulation,No substrate,Mortality,,10/04/2019,AT,Intragastrical,11/13/2019,Lab,,12/12/2019,Laboratory,2000,Publication reported endpoint,,,Young adult,,,,Unmeasured,bdwt,Kronitex CDP,WISTAR DERIVED,,,,,,,,,,,3,None,,,,,14,d,Time,1,Dosed x time(s) per study period,Unknown,,,,,14,d,Time,,,,,,,,,,,,,,,,Theria,Eutheria,"Myomorpha (Mice,Rats,Voles,Gerbils,Hamsters,Lemmings)","Murinae (Old World rats,Old World mice)",g,Mass,200,300,,,,,,,,,,,,,,,,,,,,,,,,,,,,,,,,,,,,,,,,,,,,,,,,,,,,,,,,,,,,,,,,,,,,,,,,,,,,,,,,,,,,,,,,,,,,,,,,,,,,,,14,d,Time,-2,log(L/kg),Specific volume,,,10,mL/kg,Specific volume,,
26444-49-5,"Cresyl diphenyl phosphate;Cresyldiphenyl phosphate;Diphenyl cresyl phosphate;diphenyl tolyl phosphate;Methylphenyl diphenyl ester, Phosphoric acid;Phosphoric acid, methylphenyl diphenyl ester",,,,,,,,,,,,,,,,,,,,,,,,,,,,,,,,,,,,,,,,,,,,,,,,,,,,,,,,,,,,,,,,,,,,,,,,,,,,,,,,,,,,,,,,,,,,,,,,,,,,,,,,,,,,,,,,,,,,,,,,,,,,,,,,Human Health Hazards#Genetic Toxicity,Genotoxicity OASIS,,Gene mutation,Japan Existing Chemical Data Base; http://dra4.nihs.go.jp/mhlw_data/jsp/SearchPageENG.jsp,False,Categorical data,Equal,,,,,,,31851,,,,,E. coli WP2 uvrA,,,,,,,,,,,,,,,,,,,,,,,,,Japan Existing Chemical Data Base; http://dra4.nihs.go.jp/mhlw_data/jsp/SearchPageENG.jsp,E. Coli WP2 UvrA,Bacterial Reverse Mutation Assay (e.g. Ames Test),OECD Guideline 471 (Bacterial Reverse Mutation Assay),in Vitro,,With S9,Gene Mutation,,,,,,,,,,,,,,,,,,,,,,,,,,,,,,,,,,,,,,,,,,,,,,,,,,,,,,,,,,,,,,,,,,,,,,,,,,,,,,,,,,,,,,,,,,,,,,,,,,,,,,,,,,,,,,,,,,,,,,,,,,,,,,,,,,,,,,,,,,,,,,,,,,,,,,,,,,,,,,,,,,,,,,,,,,,,,,,,,,,,,,,,,,,,,,,,,,,,,,,,,,,,,,,,,,Negative,,Gene mutation I,,,Negative,,Gene mutation I,,
26444-49-5,"Cresyl diphenyl phosphate;Cresyldiphenyl phosphate;Diphenyl cresyl phosphate;diphenyl tolyl phosphate;Methylphenyl diphenyl ester, Phosphoric acid;Phosphoric acid, methylphenyl diphenyl ester",,,,,,,,,,,,,,,,,,,,,,,,,,,,,,,,,,,,,,,,,,,,,,,,,,,,,,,,,,,,,,,,,,,,,,,,,,,,,,,,,,,,,,,,,,,,,,,,,,,,,,,,,,,,,,,,,,,,,,,,,,,,,,,,Human Health Hazards#Genetic Toxicity,Genotoxicity OASIS,,Gene mutation,Japan Existing Chemical Data Base; http://dra4.nihs.go.jp/mhlw_data/jsp/SearchPageENG.jsp,False,Categorical data,Equal,,,,,,,31856,,,,,E. coli WP2 uvrA,,,,,,,,,,,,,,,,,,,,,,,,,Japan Existing Chemical Data Base; http://dra4.nihs.go.jp/mhlw_data/jsp/SearchPageENG.jsp,E. Coli WP2 UvrA,Bacterial Reverse Mutation Assay (e.g. Ames Test),OECD Guideline 471 (Bacterial Reverse Mutation Assay),in Vitro,,Without S9,Gene Mutation,,,,,,,,,,,,,,,,,,,,,,,,,,,,,,,,,,,,,,,,,,,,,,,,,,,,,,,,,,,,,,,,,,,,,,,,,,,,,,,,,,,,,,,,,,,,,,,,,,,,,,,,,,,,,,,,,,,,,,,,,,,,,,,,,,,,,,,,,,,,,,,,,,,,,,,,,,,,,,,,,,,,,,,,,,,,,,,,,,,,,,,,,,,,,,,,,,,,,,,,,,,,,,,,,,Negative,,Gene mutation I,,,Negative,,Gene mutation I,,
26444-49-5,"Cresyl diphenyl phosphate;Cresyldiphenyl phosphate;Diphenyl cresyl phosphate;diphenyl tolyl phosphate;Methylphenyl diphenyl ester, Phosphoric acid;Phosphoric acid, methylphenyl diphenyl ester",,,,,,,,,,,,,,,,,,,,,,,,,,,,,,,,,,,,,,,,,,,,,,,,,,,,,,,,,,,,,,,,,,,,,,,,,,,,,,,,,,,,,,,,,,,,,,,,,,,,,,,,,,,,,,,,,,,,,,,,,,,,,,,,Human Health Hazards#Genetic Toxicity,Genotoxicity OASIS,,Gene mutation,"Journal of Medicinal Chemistry 48 (1), pp. 312-32, 25",False,Categorical data,Equal,,,,,,,24223,,,,,Salmonella typhimurium,,,,,,,,,,,,,,,,,,,,,,,,,"Kazius J, McGuire R., Bursi R",No Strain Information,Bacterial Reverse Mutation Assay (e.g. Ames Test),,in Vitro,,No S9 Info,Gene Mutation,,,,,,,,,,,,,,,,,,,,,,,,,,,,,,,,,,,,,,,,,,,,,,,,,,,,,,,,,,,,,,,,,,,,,,,,,,,,,,,,,,,,,,,,,,,,,,,,,,,,,,,,,,,,,,,,,,,,,,,,,,,,,,,,,,,,,,,,,,,,,,,,,,,,,,,,,,,,,,,,,,,,,,,,,,,,,,,,,,,,,,,,,,,,,,,,,,,,,,,,,,,,,,,,,,Negative,,Gene mutation I,,,Negative,,Gene mutation I,,
26444-49-5,"Cresyl diphenyl phosphate;Cresyldiphenyl phosphate;Diphenyl cresyl phosphate;diphenyl tolyl phosphate;Methylphenyl diphenyl ester, Phosphoric acid;Phosphoric acid, methylphenyl diphenyl ester",,,,,,,,,,,,,,,,,,,,,,,,,,,,,,,,,,,,,,,,,,,,,,,,,,,,,,,,,,,,,,,,,,,,,,,,,,,,,,,,,,,,,,,,,,,,,,,,,,,,,,,,,,,,,,,,,,,,,,,,,,,,,,,,Human Health Hazards#Genetic Toxicity,Genotoxicity OASIS,,Gene mutation,"CCRIS database,Toxnet databases",False,Categorical data,Equal,,,,,,,31850,,,,,Salmonella typhimurium,,,,,,,,,,,,,,,,,,,,,,,,,"CCRIS database, Toxnet databases",TA 100,Bacterial Reverse Mutation Assay (e.g. Ames Test),OECD Guideline 471 (Bacterial Reverse Mutation Assay),in Vitro,,With S9,Gene Mutation,,,,,,,,,,,,,,,,,,,,,,,,,,,,,,,,,,,,,,,,,,,,,,,,,,,,,,,,,,,,,,,,,,,,,,,,,,,,,,,,,,,,,,,,,,,,,,,,,,,,,,,,,,,,,,,,,,,,,,,,,,,,,,,,,,,,,,,,,,,,,,,,,,,,,,,,,,,,,,,,,,,,,,,,,,,,,,,,,,,,,,,,,,,,,,,,,,,,,,,,,,,,,,,,,,Negative,,Gene mutation I,,,Negative,,Gene mutation I,,
26444-49-5,"Cresyl diphenyl phosphate;Cresyldiphenyl phosphate;Diphenyl cresyl phosphate;diphenyl tolyl phosphate;Methylphenyl diphenyl ester, Phosphoric acid;Phosphoric acid, methylphenyl diphenyl ester",,,,,,,,,,,,,,,,,,,,,,,,,,,,,,,,,,,,,,,,,,,,,,,,,,,,,,,,,,,,,,,,,,,,,,,,,,,,,,,,,,,,,,,,,,,,,,,,,,,,,,,,,,,,,,,,,,,,,,,,,,,,,,,,Human Health Hazards#Genetic Toxicity,Bacterial mutagenicity ISSSTY,,Gene mutation,"CCRIS database,Toxnet databases",False,Categorical data,Equal,,,,,,02.5.2011,29474,,,,,Salmonella typhimurium,,,,,,,,,,,,,,,,,,,,,,,,,Romualdo Benigni,TA 100,Bacterial Reverse Mutation Assay (e.g. Ames Test),,in Vitro,,With S9,Gene Mutation,,,,,,,,,,,,,,,,,,,,,,,,,,,,,,,,,,,,,,,,,,,,,,,,,,,,,,,,,,,,,,,,,,,,,,,,,,,,,,,,,,,,,,,,,,,,,,,,,,,,,,,,,,Negative,1958,,,,,,,,,,,,,,,,,,,,,,,,,,,,,,,,,,,,,,,,,,,,,,,,,,,,,,,,,,,,,,,,,,,,,,,,,,,,,,,,,,,,,,,,,,,,,,,,,,,,,,,Negative,,Gene mutation I,,,Negative,,Gene mutation I,,
26444-49-5,"Cresyl diphenyl phosphate;Cresyldiphenyl phosphate;Diphenyl cresyl phosphate;diphenyl tolyl phosphate;Methylphenyl diphenyl ester, Phosphoric acid;Phosphoric acid, methylphenyl diphenyl ester",,,,,,,,,,,,,,,,,,,,,,,,,,,,,,,,,,,,,,,,,,,,,,,,,,,,,,,,,,,,,,,,,,,,,,,,,,,,,,,,,,,,,,,,,,,,,,,,,,,,,,,,,,,,,,,,,,,,,,,,,,,,,,,,Human Health Hazards#Genetic Toxicity,Genotoxicity OASIS,,Gene mutation,Japan Existing Chemical Data Base; http://dra4.nihs.go.jp/mhlw_data/jsp/SearchPageENG.jsp,False,Categorical data,Equal,,,,,,,31847,,,,,Salmonella typhimurium,,,,,,,,,,,,,,,,,,,,,,,,,Japan Existing Chemical Data Base; http://dra4.nihs.go.jp/mhlw_data/jsp/SearchPageENG.jsp,TA 1535,Bacterial Reverse Mutation Assay (e.g. Ames Test),OECD Guideline 471 (Bacterial Reverse Mutation Assay),in Vitro,,With S9,Gene Mutation,,,,,,,,,,,,,,,,,,,,,,,,,,,,,,,,,,,,,,,,,,,,,,,,,,,,,,,,,,,,,,,,,,,,,,,,,,,,,,,,,,,,,,,,,,,,,,,,,,,,,,,,,,,,,,,,,,,,,,,,,,,,,,,,,,,,,,,,,,,,,,,,,,,,,,,,,,,,,,,,,,,,,,,,,,,,,,,,,,,,,,,,,,,,,,,,,,,,,,,,,,,,,,,,,,Negative,,Gene mutation I,,,Negative,,Gene mutation I,,
26444-49-5,"Cresyl diphenyl phosphate;Cresyldiphenyl phosphate;Diphenyl cresyl phosphate;diphenyl tolyl phosphate;Methylphenyl diphenyl ester, Phosphoric acid;Phosphoric acid, methylphenyl diphenyl ester",,,,,,,,,,,,,,,,,,,,,,,,,,,,,,,,,,,,,,,,,,,,,,,,,,,,,,,,,,,,,,,,,,,,,,,,,,,,,,,,,,,,,,,,,,,,,,,,,,,,,,,,,,,,,,,,,,,,,,,,,,,,,,,,Human Health Hazards#Genetic Toxicity,Bacterial mutagenicity ISSSTY,,Gene mutation,"CCRIS database,Toxnet databases",False,Categorical data,Equal,,,,,,02.5.2011,29475,,,,,Salmonella typhimurium,,,,,,,,,,,,,,,,,,,,,,,,,Romualdo Benigni,TA 1535,Bacterial Reverse Mutation Assay (e.g. Ames Test),,in Vitro,,With S9,Gene Mutation,,,,,,,,,,,,,,,,,,,,,,,,,,,,,,,,,,,,,,,,,,,,,,,,,,,,,,,,,,,,,,,,,,,,,,,,,,,,,,,,,,,,,,,,,,,,,,,,,,,,,,,,,,Negative,1958,,,,,,,,,,,,,,,,,,,,,,,,,,,,,,,,,,,,,,,,,,,,,,,,,,,,,,,,,,,,,,,,,,,,,,,,,,,,,,,,,,,,,,,,,,,,,,,,,,,,,,,Negative,,Gene mutation I,,,Negative,,Gene mutation I,,
26444-49-5,"Cresyl diphenyl phosphate;Cresyldiphenyl phosphate;Diphenyl cresyl phosphate;diphenyl tolyl phosphate;Methylphenyl diphenyl ester, Phosphoric acid;Phosphoric acid, methylphenyl diphenyl ester",,,,,,,,,,,,,,,,,,,,,,,,,,,,,,,,,,,,,,,,,,,,,,,,,,,,,,,,,,,,,,,,,,,,,,,,,,,,,,,,,,,,,,,,,,,,,,,,,,,,,,,,,,,,,,,,,,,,,,,,,,,,,,,,Human Health Hazards#Genetic Toxicity,Genotoxicity OASIS,,Gene mutation,"CCRIS database,Toxnet databases",False,Categorical data,Equal,,,,,,,31848,,,,,Salmonella typhimurium,,,,,,,,,,,,,,,,,,,,,,,,,"CCRIS database, Toxnet databases",TA 1537,Bacterial Reverse Mutation Assay (e.g. Ames Test),OECD Guideline 471 (Bacterial Reverse Mutation Assay),in Vitro,,With S9,Gene Mutation,,,,,,,,,,,,,,,,,,,,,,,,,,,,,,,,,,,,,,,,,,,,,,,,,,,,,,,,,,,,,,,,,,,,,,,,,,,,,,,,,,,,,,,,,,,,,,,,,,,,,,,,,,,,,,,,,,,,,,,,,,,,,,,,,,,,,,,,,,,,,,,,,,,,,,,,,,,,,,,,,,,,,,,,,,,,,,,,,,,,,,,,,,,,,,,,,,,,,,,,,,,,,,,,,,Negative,,Gene mutation I,,,Negative,,Gene mutation I,,
26444-49-5,"Cresyl diphenyl phosphate;Cresyldiphenyl phosphate;Diphenyl cresyl phosphate;diphenyl tolyl phosphate;Methylphenyl diphenyl ester, Phosphoric acid;Phosphoric acid, methylphenyl diphenyl ester",,,,,,,,,,,,,,,,,,,,,,,,,,,,,,,,,,,,,,,,,,,,,,,,,,,,,,,,,,,,,,,,,,,,,,,,,,,,,,,,,,,,,,,,,,,,,,,,,,,,,,,,,,,,,,,,,,,,,,,,,,,,,,,,Human Health Hazards#Genetic Toxicity,Bacterial mutagenicity ISSSTY,,Gene mutation,"CCRIS database,Toxnet databases",False,Categorical data,Equal,,,,,,02.5.2011,29476,,,,,Salmonella typhimurium,,,,,,,,,,,,,,,,,,,,,,,,,Romualdo Benigni,TA 1537,Bacterial Reverse Mutation Assay (e.g. Ames Test),,in Vitro,,With S9,Gene Mutation,,,,,,,,,,,,,,,,,,,,,,,,,,,,,,,,,,,,,,,,,,,,,,,,,,,,,,,,,,,,,,,,,,,,,,,,,,,,,,,,,,,,,,,,,,,,,,,,,,,,,,,,,,Negative,1958,,,,,,,,,,,,,,,,,,,,,,,,,,,,,,,,,,,,,,,,,,,,,,,,,,,,,,,,,,,,,,,,,,,,,,,,,,,,,,,,,,,,,,,,,,,,,,,,,,,,,,,Negative,,Gene mutation I,,,Negative,,Gene mutation I,,
26444-49-5,"Cresyl diphenyl phosphate;Cresyldiphenyl phosphate;Diphenyl cresyl phosphate;diphenyl tolyl phosphate;Methylphenyl diphenyl ester, Phosphoric acid;Phosphoric acid, methylphenyl diphenyl ester",,,,,,,,,,,,,,,,,,,,,,,,,,,,,,,,,,,,,,,,,,,,,,,,,,,,,,,,,,,,,,,,,,,,,,,,,,,,,,,,,,,,,,,,,,,,,,,,,,,,,,,,,,,,,,,,,,,,,,,,,,,,,,,,Human Health Hazards#Genetic Toxicity,Genotoxicity OASIS,,Gene mutation,"CCRIS database,Toxnet databases",False,Categorical data,Equal,,,,,,,31849,,,,,Salmonella typhimurium,,,,,,,,,,,,,,,,,,,,,,,,,"CCRIS database, Toxnet databases",TA 98,Bacterial Reverse Mutation Assay (e.g. Ames Test),OECD Guideline 471 (Bacterial Reverse Mutation Assay),in Vitro,,With S9,Gene Mutation,,,,,,,,,,,,,,,,,,,,,,,,,,,,,,,,,,,,,,,,,,,,,,,,,,,,,,,,,,,,,,,,,,,,,,,,,,,,,,,,,,,,,,,,,,,,,,,,,,,,,,,,,,,,,,,,,,,,,,,,,,,,,,,,,,,,,,,,,,,,,,,,,,,,,,,,,,,,,,,,,,,,,,,,,,,,,,,,,,,,,,,,,,,,,,,,,,,,,,,,,,,,,,,,,,Negative,,Gene mutation I,,,Negative,,Gene mutation I,,
26444-49-5,"Cresyl diphenyl phosphate;Cresyldiphenyl phosphate;Diphenyl cresyl phosphate;diphenyl tolyl phosphate;Methylphenyl diphenyl ester, Phosphoric acid;Phosphoric acid, methylphenyl diphenyl ester",,,,,,,,,,,,,,,,,,,,,,,,,,,,,,,,,,,,,,,,,,,,,,,,,,,,,,,,,,,,,,,,,,,,,,,,,,,,,,,,,,,,,,,,,,,,,,,,,,,,,,,,,,,,,,,,,,,,,,,,,,,,,,,,Human Health Hazards#Genetic Toxicity,Bacterial mutagenicity ISSSTY,,Gene mutation,"CCRIS database,Toxnet databases",False,Categorical data,Equal,,,,,,02.5.2011,29477,,,,,Salmonella typhimurium,,,,,,,,,,,,,,,,,,,,,,,,,Romualdo Benigni,TA 98,Bacterial Reverse Mutation Assay (e.g. Ames Test),,in Vitro,,With S9,Gene Mutation,,,,,,,,,,,,,,,,,,,,,,,,,,,,,,,,,,,,,,,,,,,,,,,,,,,,,,,,,,,,,,,,,,,,,,,,,,,,,,,,,,,,,,,,,,,,,,,,,,,,,,,,,,Negative,1958,,,,,,,,,,,,,,,,,,,,,,,,,,,,,,,,,,,,,,,,,,,,,,,,,,,,,,,,,,,,,,,,,,,,,,,,,,,,,,,,,,,,,,,,,,,,,,,,,,,,,,,Negative,,Gene mutation I,,,Negative,,Gene mutation I,,
26444-49-5,"Cresyl diphenyl phosphate;Cresyldiphenyl phosphate;Diphenyl cresyl phosphate;diphenyl tolyl phosphate;Methylphenyl diphenyl ester, Phosphoric acid;Phosphoric acid, methylphenyl diphenyl ester",,,,,,,,,,,,,,,,,,,,,,,,,,,,,,,,,,,,,,,,,,,,,,,,,,,,,,,,,,,,,,,,,,,,,,,,,,,,,,,,,,,,,,,,,,,,,,,,,,,,,,,,,,,,,,,,,,,,,,,,,,,,,,,,Human Health Hazards#Genetic Toxicity,Genotoxicity OASIS,,Gene mutation,"CCRIS database,Toxnet databases",False,Categorical data,Equal,,,,,,,31855,,,,,Salmonella typhimurium,,,,,,,,,,,,,,,,,,,,,,,,,"CCRIS database, Toxnet databases",TA 100,Bacterial Reverse Mutation Assay (e.g. Ames Test),OECD Guideline 471 (Bacterial Reverse Mutation Assay),in Vitro,,Without S9,Gene Mutation,,,,,,,,,,,,,,,,,,,,,,,,,,,,,,,,,,,,,,,,,,,,,,,,,,,,,,,,,,,,,,,,,,,,,,,,,,,,,,,,,,,,,,,,,,,,,,,,,,,,,,,,,,,,,,,,,,,,,,,,,,,,,,,,,,,,,,,,,,,,,,,,,,,,,,,,,,,,,,,,,,,,,,,,,,,,,,,,,,,,,,,,,,,,,,,,,,,,,,,,,,,,,,,,,,Negative,,Gene mutation I,,,Negative,,Gene mutation I,,
26444-49-5,"Cresyl diphenyl phosphate;Cresyldiphenyl phosphate;Diphenyl cresyl phosphate;diphenyl tolyl phosphate;Methylphenyl diphenyl ester, Phosphoric acid;Phosphoric acid, methylphenyl diphenyl ester",,,,,,,,,,,,,,,,,,,,,,,,,,,,,,,,,,,,,,,,,,,,,,,,,,,,,,,,,,,,,,,,,,,,,,,,,,,,,,,,,,,,,,,,,,,,,,,,,,,,,,,,,,,,,,,,,,,,,,,,,,,,,,,,Human Health Hazards#Genetic Toxicity,Bacterial mutagenicity ISSSTY,,Gene mutation,"CCRIS database,Toxnet databases",False,Categorical data,Equal,,,,,,02.5.2011,29478,,,,,Salmonella typhimurium,,,,,,,,,,,,,,,,,,,,,,,,,Romualdo Benigni,TA 100,Bacterial Reverse Mutation Assay (e.g. Ames Test),,in Vitro,,Without S9,Gene Mutation,,,,,,,,,,,,,,,,,,,,,,,,,,,,,,,,,,,,,,,,,,,,,,,,,,,,,,,,,,,,,,,,,,,,,,,,,,,,,,,,,,,,,,,,,,,,,,,,,,,,,,,,,,Negative,1958,,,,,,,,,,,,,,,,,,,,,,,,,,,,,,,,,,,,,,,,,,,,,,,,,,,,,,,,,,,,,,,,,,,,,,,,,,,,,,,,,,,,,,,,,,,,,,,,,,,,,,,Negative,,Gene mutation I,,,Negative,,Gene mutation I,,
26444-49-5,"Cresyl diphenyl phosphate;Cresyldiphenyl phosphate;Diphenyl cresyl phosphate;diphenyl tolyl phosphate;Methylphenyl diphenyl ester, Phosphoric acid;Phosphoric acid, methylphenyl diphenyl ester",,,,,,,,,,,,,,,,,,,,,,,,,,,,,,,,,,,,,,,,,,,,,,,,,,,,,,,,,,,,,,,,,,,,,,,,,,,,,,,,,,,,,,,,,,,,,,,,,,,,,,,,,,,,,,,,,,,,,,,,,,,,,,,,Human Health Hazards#Genetic Toxicity,Genotoxicity OASIS,,Gene mutation,Japan Existing Chemical Data Base; http://dra4.nihs.go.jp/mhlw_data/jsp/SearchPageENG.jsp,False,Categorical data,Equal,,,,,,,31852,,,,,Salmonella typhimurium,,,,,,,,,,,,,,,,,,,,,,,,,Japan Existing Chemical Data Base; http://dra4.nihs.go.jp/mhlw_data/jsp/SearchPageENG.jsp,TA 1535,Bacterial Reverse Mutation Assay (e.g. Ames Test),OECD Guideline 471 (Bacterial Reverse Mutation Assay),in Vitro,,Without S9,Gene Mutation,,,,,,,,,,,,,,,,,,,,,,,,,,,,,,,,,,,,,,,,,,,,,,,,,,,,,,,,,,,,,,,,,,,,,,,,,,,,,,,,,,,,,,,,,,,,,,,,,,,,,,,,,,,,,,,,,,,,,,,,,,,,,,,,,,,,,,,,,,,,,,,,,,,,,,,,,,,,,,,,,,,,,,,,,,,,,,,,,,,,,,,,,,,,,,,,,,,,,,,,,,,,,,,,,,Negative,,Gene mutation I,,,Negative,,Gene mutation I,,
26444-49-5,"Cresyl diphenyl phosphate;Cresyldiphenyl phosphate;Diphenyl cresyl phosphate;diphenyl tolyl phosphate;Methylphenyl diphenyl ester, Phosphoric acid;Phosphoric acid, methylphenyl diphenyl ester",,,,,,,,,,,,,,,,,,,,,,,,,,,,,,,,,,,,,,,,,,,,,,,,,,,,,,,,,,,,,,,,,,,,,,,,,,,,,,,,,,,,,,,,,,,,,,,,,,,,,,,,,,,,,,,,,,,,,,,,,,,,,,,,Human Health Hazards#Genetic Toxicity,Bacterial mutagenicity ISSSTY,,Gene mutation,"CCRIS database,Toxnet databases",False,Categorical data,Equal,,,,,,02.5.2011,29479,,,,,Salmonella typhimurium,,,,,,,,,,,,,,,,,,,,,,,,,Romualdo Benigni,TA 1535,Bacterial Reverse Mutation Assay (e.g. Ames Test),,in Vitro,,Without S9,Gene Mutation,,,,,,,,,,,,,,,,,,,,,,,,,,,,,,,,,,,,,,,,,,,,,,,,,,,,,,,,,,,,,,,,,,,,,,,,,,,,,,,,,,,,,,,,,,,,,,,,,,,,,,,,,,Negative,1958,,,,,,,,,,,,,,,,,,,,,,,,,,,,,,,,,,,,,,,,,,,,,,,,,,,,,,,,,,,,,,,,,,,,,,,,,,,,,,,,,,,,,,,,,,,,,,,,,,,,,,,Negative,,Gene mutation I,,,Negative,,Gene mutation I,,
26444-49-5,"Cresyl diphenyl phosphate;Cresyldiphenyl phosphate;Diphenyl cresyl phosphate;diphenyl tolyl phosphate;Methylphenyl diphenyl ester, Phosphoric acid;Phosphoric acid, methylphenyl diphenyl ester",,,,,,,,,,,,,,,,,,,,,,,,,,,,,,,,,,,,,,,,,,,,,,,,,,,,,,,,,,,,,,,,,,,,,,,,,,,,,,,,,,,,,,,,,,,,,,,,,,,,,,,,,,,,,,,,,,,,,,,,,,,,,,,,Human Health Hazards#Genetic Toxicity,Genotoxicity OASIS,,Gene mutation,"CCRIS database,Toxnet databases",False,Categorical data,Equal,,,,,,,31853,,,,,Salmonella typhimurium,,,,,,,,,,,,,,,,,,,,,,,,,"CCRIS database, Toxnet databases",TA 1537,Bacterial Reverse Mutation Assay (e.g. Ames Test),OECD Guideline 471 (Bacterial Reverse Mutation Assay),in Vitro,,Without S9,Gene Mutation,,,,,,,,,,,,,,,,,,,,,,,,,,,,,,,,,,,,,,,,,,,,,,,,,,,,,,,,,,,,,,,,,,,,,,,,,,,,,,,,,,,,,,,,,,,,,,,,,,,,,,,,,,,,,,,,,,,,,,,,,,,,,,,,,,,,,,,,,,,,,,,,,,,,,,,,,,,,,,,,,,,,,,,,,,,,,,,,,,,,,,,,,,,,,,,,,,,,,,,,,,,,,,,,,,Negative,,Gene mutation I,,,Negative,,Gene mutation I,,
26444-49-5,"Cresyl diphenyl phosphate;Cresyldiphenyl phosphate;Diphenyl cresyl phosphate;diphenyl tolyl phosphate;Methylphenyl diphenyl ester, Phosphoric acid;Phosphoric acid, methylphenyl diphenyl ester",,,,,,,,,,,,,,,,,,,,,,,,,,,,,,,,,,,,,,,,,,,,,,,,,,,,,,,,,,,,,,,,,,,,,,,,,,,,,,,,,,,,,,,,,,,,,,,,,,,,,,,,,,,,,,,,,,,,,,,,,,,,,,,,Human Health Hazards#Genetic Toxicity,Bacterial mutagenicity ISSSTY,,Gene mutation,"CCRIS database,Toxnet databases",False,Categorical data,Equal,,,,,,02.5.2011,29480,,,,,Salmonella typhimurium,,,,,,,,,,,,,,,,,,,,,,,,,Romualdo Benigni,TA 1537,Bacterial Reverse Mutation Assay (e.g. Ames Test),,in Vitro,,Without S9,Gene Mutation,,,,,,,,,,,,,,,,,,,,,,,,,,,,,,,,,,,,,,,,,,,,,,,,,,,,,,,,,,,,,,,,,,,,,,,,,,,,,,,,,,,,,,,,,,,,,,,,,,,,,,,,,,Negative,1958,,,,,,,,,,,,,,,,,,,,,,,,,,,,,,,,,,,,,,,,,,,,,,,,,,,,,,,,,,,,,,,,,,,,,,,,,,,,,,,,,,,,,,,,,,,,,,,,,,,,,,,Negative,,Gene mutation I,,,Negative,,Gene mutation I,,
26444-49-5,"Cresyl diphenyl phosphate;Cresyldiphenyl phosphate;Diphenyl cresyl phosphate;diphenyl tolyl phosphate;Methylphenyl diphenyl ester, Phosphoric acid;Phosphoric acid, methylphenyl diphenyl ester",,,,,,,,,,,,,,,,,,,,,,,,,,,,,,,,,,,,,,,,,,,,,,,,,,,,,,,,,,,,,,,,,,,,,,,,,,,,,,,,,,,,,,,,,,,,,,,,,,,,,,,,,,,,,,,,,,,,,,,,,,,,,,,,Human Health Hazards#Genetic Toxicity,Genotoxicity OASIS,,Gene mutation,"CCRIS database,Toxnet databases",False,Categorical data,Equal,,,,,,,31854,,,,,Salmonella typhimurium,,,,,,,,,,,,,,,,,,,,,,,,,"CCRIS database, Toxnet databases",TA 98,Bacterial Reverse Mutation Assay (e.g. Ames Test),OECD Guideline 471 (Bacterial Reverse Mutation Assay),in Vitro,,Without S9,Gene Mutation,,,,,,,,,,,,,,,,,,,,,,,,,,,,,,,,,,,,,,,,,,,,,,,,,,,,,,,,,,,,,,,,,,,,,,,,,,,,,,,,,,,,,,,,,,,,,,,,,,,,,,,,,,,,,,,,,,,,,,,,,,,,,,,,,,,,,,,,,,,,,,,,,,,,,,,,,,,,,,,,,,,,,,,,,,,,,,,,,,,,,,,,,,,,,,,,,,,,,,,,,,,,,,,,,,Negative,,Gene mutation I,,,Negative,,Gene mutation I,,
26444-49-5,"Cresyl diphenyl phosphate;Cresyldiphenyl phosphate;Diphenyl cresyl phosphate;diphenyl tolyl phosphate;Methylphenyl diphenyl ester, Phosphoric acid;Phosphoric acid, methylphenyl diphenyl ester",,,,,,,,,,,,,,,,,,,,,,,,,,,,,,,,,,,,,,,,,,,,,,,,,,,,,,,,,,,,,,,,,,,,,,,,,,,,,,,,,,,,,,,,,,,,,,,,,,,,,,,,,,,,,,,,,,,,,,,,,,,,,,,,Human Health Hazards#Genetic Toxicity,Bacterial mutagenicity ISSSTY,,Gene mutation,"CCRIS database,Toxnet databases",False,Categorical data,Equal,,,,,,02.5.2011,29481,,,,,Salmonella typhimurium,,,,,,,,,,,,,,,,,,,,,,,,,Romualdo Benigni,TA 98,Bacterial Reverse Mutation Assay (e.g. Ames Test),,in Vitro,,Without S9,Gene Mutation,,,,,,,,,,,,,,,,,,,,,,,,,,,,,,,,,,,,,,,,,,,,,,,,,,,,,,,,,,,,,,,,,,,,,,,,,,,,,,,,,,,,,,,,,,,,,,,,,,,,,,,,,,Negative,1958,,,,,,,,,,,,,,,,,,,,,,,,,,,,,,,,,,,,,,,,,,,,,,,,,,,,,,,,,,,,,,,,,,,,,,,,,,,,,,,,,,,,,,,,,,,,,,,,,,,,,,,Negative,,Gene mutation I,,,Negative,,Gene mutation I,,
26444-49-5,"Cresyl diphenyl phosphate;Cresyldiphenyl phosphate;Diphenyl cresyl phosphate;diphenyl tolyl phosphate;Methylphenyl diphenyl ester, Phosphoric acid;Phosphoric acid, methylphenyl diphenyl ester",,,,,,,,,,,,,,,,,,,,,,,,,,,,,,,,,,,,,,,,,,,,,,,,,,,,,,,,,,,,,,,,,,,,,,,,,,,,,,,,,,,,,,,,,,,,,,,,,,,,,,,,,,,,,,,,,,,,,,,,,,,,,,,,Human Health Hazards#Genetic Toxicity,Genotoxicity OASIS,,Chromosome aberration,NIHS Japan,False,Categorical data,Equal,,,,,,,24225,,,,,,,,,,,,,,,,,,,,,,,,,,,,,,NIHS Japan,No Strain Information,in Vitro Mammalian Chromosome Aberration Test,,in Vitro,,With S9,Chromosome Aberration,,,,,,,,,,,,,,,,,,,,,,,,,,,,,,,,,,,,,,,,,,,,,,,,,,,,,,,,,,,,,,,,,,,,,,,,,,,,,,,,,,,,,,,,,,,,,,,,,,,,,,,,,,,,,,,,,,,,,,,,,,,,,,,,,,,,,,,,,,,,,,,,,,,,,,,,,,,,,,,,,,,,,,,,,,,,,,,,,,,,,,,,,,,,,,,,,,,,,,,,,,,,,,,,,,Positive,,Chromosome aberration I (Oasis),,,Positive,,Chromosome aberration I (Oasis),,
26444-49-5,"Cresyl diphenyl phosphate;Cresyldiphenyl phosphate;Diphenyl cresyl phosphate;diphenyl tolyl phosphate;Methylphenyl diphenyl ester, Phosphoric acid;Phosphoric acid, methylphenyl diphenyl ester",,,,,,,,,,,,,,,,,,,,,,,,,,,,,,,,,,,,,,,,,,,,,,,,,,,,,,,,,,,,,,,,,,,,,,,,,,,,,,,,,,,,,,,,,,,,,,,,,,,,,,,,,,,,,,,,,,,,,,,,,,,,,,,,Human Health Hazards#Genetic Toxicity,Genotoxicity OASIS,,Chromosome aberration,NIHS Japan,False,Categorical data,Equal,,,,,,,24224,,,,,,,,,,,,,,,,,,,,,,,,,,,,,,NIHS Japan,No Strain Information,in Vitro Mammalian Chromosome Aberration Test,,in Vitro,,Without S9,Chromosome Aberration,,,,,,,,,,,,,,,,,,,,,,,,,,,,,,,,,,,,,,,,,,,,,,,,,,,,,,,,,,,,,,,,,,,,,,,,,,,,,,,,,,,,,,,,,,,,,,,,,,,,,,,,,,,,,,,,,,,,,,,,,,,,,,,,,,,,,,,,,,,,,,,,,,,,,,,,,,,,,,,,,,,,,,,,,,,,,,,,,,,,,,,,,,,,,,,,,,,,,,,,,,,,,,,,,,Negative,,Chromosome aberration I (Oasis),,,Negative,,Chromosome aberration I (Oasis),,
26444-49-5,"Cresyl diphenyl phosphate;Cresyldiphenyl phosphate;Diphenyl cresyl phosphate;diphenyl tolyl phosphate;Methylphenyl diphenyl ester, Phosphoric acid;Phosphoric acid, methylphenyl diphenyl ester",,,,,,,,,,,,,,,,,,,,,,,,,,,,,,,,,,,,,,,,,,,,,,,,,,,,,,,,,,,,,,,,,,,,,,,,,,,,,,,,,,,,,,,,,,,,,,,,,,,,,,,,,,,,,,,,,,,,,,,,,,,,,,,,Human Health Hazards#Toxicity to Reproduction,Toxicity Japan MHLW,,NOEL,,False,No qualifier,Equal,,,,,,1993,,,,,,Rat,,,,,,,,,,,,,,,,,,,,,,,,,,SD,,OECD TG422,,164,,,,,,,,,,Main,MHLW,,,,,Oral (Gavage),300,mg/kg bdwt/d,Administered dose(mass),12,mg/kg bdwt/d,Administered dose(mass),,,,0,d,Time,,,,,,,,,,,,,,,,,,,,,,,,,,,,,,,,,,,,,,,,,,,,,,,,,,,,,,,,,,,,,,,,,,,,,,,,,,,,,,,,,,41.9,Olive oil,1,60,mg/kg bdwt/d,Administered dose(mass),300,mg/kg bdwt/d,Administered dose(mass),300,mg/kg bdwt/d,Administered dose(mass),300,mg/kg bdwt/d,Administered dose(mass),300,mg/kg bdwt/d,Administered dose(mass),300,mg/kg bdwt/d,Administered dose(mass),300,mg/kg bdwt/d,Administered dose(mass),300,mg/kg bdwt/d,Administered dose(mass),300,mg/kg bdwt/d,Administered dose(mass),300,mg/kg bdwt/d,Administered dose(mass),300,mg/kg bdwt/d,Administered dose(mass),300,mg/kg bdwt/d,Administered dose(mass),300,mg/kg bdwt/d,Administered dose(mass),300,mg/kg bdwt/d,Administered dose(mass),300,mg/kg bdwt/d,Administered dose(mass),300,mg/kg bdwt/d,Administered dose(mass),300,mg/kg bdwt/d,Administered dose(mass),300,mg/kg bdwt/d,Administered dose(mass),300,mg/kg bdwt/d,Administered dose(mass),300,mg/kg bdwt/d,Administered dose(mass),300,mg/kg bdwt/d,Administered dose(mass),300,mg/kg bdwt/d,Administered dose(mass),300,mg/kg bdwt/d,Administered dose(mass),300,mg/kg bdwt/d,Administered dose(mass),300,mg/kg bdwt/d,Administered dose(mass),300,mg/kg bdwt/d,Administered dose(mass),300,mg/kg bdwt/d,Administered dose(mass),300,mg/kg bdwt/d,Administered dose(mass),300,mg/kg bdwt/d,Administered dose(mass),300,mg/kg bdwt/d,Administered dose(mass),300,mg/kg bdwt/d,Administered dose(mass),300,mg/kg bdwt/d,Administered dose(mass),,,,300,mg/kg bdwt/d,Administered dose(mass),,,300,mg/kg/d,Administered dose(mass),,
26444-49-5,"Cresyl diphenyl phosphate;Cresyldiphenyl phosphate;Diphenyl cresyl phosphate;diphenyl tolyl phosphate;Methylphenyl diphenyl ester, Phosphoric acid;Phosphoric acid, methylphenyl diphenyl ester",Cc1ccccc1OP(=O)(Oc1ccccc1)Oc1ccccc1,C19H17O4P,Mono constituent,,Sources:4,Moderate,Not calculated,Not calculated,Not calculated,Not calculated,Not calculated,Not calculated,Not calculated,Not calculated,Not calculated,Not calculated,Not calculated,Not calculated,Not calculated,Not calculated,Not calculated,Not calculated,Not calculated,Not calculated,Not calculated,Not calculated,Not calculated,Not calculated,Not calculated,Not calculated,Not calculated,Not calculated,Not calculated,Not calculated,Not calculated,Not calculated,Not calculated,Not calculated,Not calculated,Not calculated,Not calculated,Not calculated,Not calculated,Not calculated,Not calculated,Not calculated,Not calculated,Not calculated,Not calculated,Not calculated,Not calculated,Not calculated,Not calculated,Not calculated,Not calculated,Not calculated,Not calculated,Not calculated,Not calculated,Not calculated,Not calculated,Not calculated,Not calculated,Not calculated,Not calculated,Not calculated,Not calculated,Not calculated,Not calculated,Not calculated,Not calculated,Not calculated,Not calculated,Not calculated,Not calculated,Not calculated,Not calculated,Not calculated,Not calculated,Not calculated,Not calculated,Not calculated,Not calculated,Not calculated,Not calculated,Not calculated,Not calculated,Not calculated,Not calculated,Not calculated,Not calculated,Not calculated,Not calculated,Not calculated,Not calculated,Not calculated,Not calculated,Not calculated,Not calculated,Not calculated,Not calculated,Not calculated,Not calculated,Not calculated,Not calculated,Not calculated,Not calculated,Not calculated,Not calculated,Not calculated,Not calculated,Not calculated,Not calculated,Not calculated,Not calculated,Not calculated,Not calculated,Not calculated,Not calculated,Not calculated,Not calculated,Not calculated,Not calculated,Not calculated,Not calculated,Not calculated,Not calculated,Physical Chemical Properties#Vapour pressure,Phys-chem EPISUITE,Experimental data,Vapor Pressure,SRC,False,No qualifier,Equal,°C,Temperature,25,,,,,,,,,,,,,,,,,,,,,,,,,,,,,,,,,,,,,,,,,,,,,,,,,,,,,,,,,,,,,,,,,,,,,,,,,,,,,,,,,,,,,,,,,,,,,,,,,,,,,,,,,,,,,,,,,,,,,,,,,,,,,,,,,,,,,,,,,,,,,,,,,,,,,,,,,,,,,,,,,,,,,,,,,,,,,,,,,,,,,,,,,,,,,,,,,,,,,,,,,,,,,,,,,,,,,,,,,,,,,,,,,,,,,,,,,,,,,,,,,,,,,,,,,,,4.699999863078119E-06,mm Hg,Pressure,,,4.699999863078119E-06,mm Hg,Pressure,,
26444-49-5,"Cresyl diphenyl phosphate;Cresyldiphenyl phosphate;Diphenyl cresyl phosphate;diphenyl tolyl phosphate;Methylphenyl diphenyl ester, Phosphoric acid;Phosphoric acid, methylphenyl diphenyl ester",,,,,,,,,,,,,,,,,,,,,,,,,,,,,,,,,,,,,,,,,,,,,,,,,,,,,,,,,,,,,,,,,,,,,,,,,,,,,,,,,,,,,,,,,,,,,,,,,,,,,,,,,,,,,,,,,,,,,,,,,,,,,,,,Physical Chemical Properties#Water solubility,Phys-chem EPISUITE,,Water solubility,SRC,False,No qualifier,Equal,°C,Temperature,25,,,,,,,,,,,,,,,,,,,,,,,,,,,,,,,,,,,,,,,,,,,,,,,,,,,,,,,,,,,,,,,,,,,,,,,,,,,,,,,,,,,,,,,,,,,,,,,,,,,,,,,,,,,,,,,,,,,,,,,,,,,,,,,,,,,,,,,,,,,,,,,,,,,,,,,,,,,,,,,,,,,,,,,,,,,,,,,,,,,,,,,,,,,,,,,,,,,,,,,,,,,,,,,,,,,,,,,,,,,,,,,,,,,,,,,,,,,,,,,,,,,,,,,,,,,0.23999999463558197,mg/L,Mass concentration,,,0.23999999463558197,mg/L,Mass concentration,,
26444-49-5,"Cresyl diphenyl phosphate;Cresyldiphenyl phosphate;Diphenyl cresyl phosphate;diphenyl tolyl phosphate;Methylphenyl diphenyl ester, Phosphoric acid;Phosphoric acid, methylphenyl diphenyl ester",,,,,,,,,,,,,,,,,,,,,,,,,,,,,,,,,,,,,,,,,,,,,,,,,,,,,,,,,,,,,,,,,,,,,,,,,,,,,,,,,,,,,,,,,,,,,,,,,,,,,,,,,,,,,,,,,,,,,,,,,,,,,,,,Environmental Fate and Transport#Bioaccumulation: aquatic,Phys-chem EPISUITE,"Bioconcentration factor in fish , NonIonic Training Set",BCF,SRC,False,No qualifier,Equal,,,,wet weight,,,,,,,,,,,,,,,,,,,,,,,,,,,,,,,,,,,,,,,,,,,,,,,,,,,,,,,,,,,,,,,,,,,,,,,,,,,,,,,,,,,,,,,,,,,,,,,,,,,,,,,,,,,,,,,,,,,,,,,,,,,,,,,,,,,,,,,,,,,,,,,,,,,,,,,,,,,,,,,,,,,,,,,,,,,,,,,,,,,,,,,,,,,,,,,,,,,,,,,,,,,,,,,,,,,,,,,,,,,,,,,,,,,,,,,,,,,,,,,,,,,,,,,,,,2.5078558921813965,log(L/kg),Specific volume,,,2.5078558921813965,log(L/kg),Specific volume,,
26444-49-5,"Cresyl diphenyl phosphate;Cresyldiphenyl phosphate;Diphenyl cresyl phosphate;diphenyl tolyl phosphate;Methylphenyl diphenyl ester, Phosphoric acid;Phosphoric acid, methylphenyl diphenyl ester",,,,,,,,,,,,,,,,,,,,,,,,,,,,,,,,,,,,,,,,,,,,,,,,,,,,,,,,,,,,,,,,,,,,,,,,,,,,,,,,,,,,,,,,,,,,,,,,,,,,,,,,,,,,,,,,,,,,,,,,,,,,,,,,Environmental Fate and Transport#Bioaccumulation: aquatic,Phys-chem EPISUITE,"kM - fish metabolism rate , Training Set",kM Half-Life,SRC,False,No qualifier,Equal,,,,,,,,,,,,,,,,,,,,,,,,,,,,,,,,,,,,,,,,,,,,,,,,,,,,,,,,,,,,,,,,,,,,,,,,,,,,,,,,,,,,,,,,,,,,,,,,,,,,,,,,,,,,,,,,,,,,,,,,,,,,,,,,,,,,,,,,,,,,,,,,,,,,,,,,,,,,,,,,,,,,,,,,,,,,,,,,,,,,,,,,,,,,,,,,,,,,,,,,,,,,,,,,,,,,,,,,,,,,,,,,,,,,,,,,,,,,,,,,,,,,,,,,,,,,,,-0.2691745460033417,log(Days),Unknown,,,-0.2691745460033417,log(Days),Unknown,,
26444-49-5,"Cresyl diphenyl phosphate;Cresyldiphenyl phosphate;Diphenyl cresyl phosphate;diphenyl tolyl phosphate;Methylphenyl diphenyl ester, Phosphoric acid;Phosphoric acid, methylphenyl diphenyl ester",,,,,,,,,,,,,,,,,,,,,,,,,,,,,,,,,,,,,,,,,,,,,,,,,,,,,,,,,,,,,,,,,,,,,,,,,,,,,,,,,,,,,,,,,,,,,,,,,,,,,,,,,,,,,,,,,,,,,,,,,,,,,,,,Environmental Fate and Transport#Transport and Distribution Between Environmental Compartments#Henry's Law constant (H),Phys-chem EPISUITE,Extrapolated Experimental dataerimental data,Henry's Law constant,SRC,False,No qualifier,Equal,°C,Temperature,25,,,,,,,,,,,,,,,,,,,,,,,,,,,,,,,,,,,,,,,,,,,,,,,,,,,,,,,,,,,,,,,,,,,,,,,,,,,,,,,,,,,,,,,,,,,,,,,,,,,,,,,,,,,,,,,,,,,,,,,,,,,,,,,,,,,,,,,,,,,,,,,,,,,,,,,,,,,,,,,,,,,,,,,,,,,,,,,,,,,,,,,,,,,,,,,,,,,,,,,,,,,,,,,,,,,,,,,,,,,,,,,,,,,,,,,,,,,,,,,,,,,,,,,,,,,4.210000170701278E-08,atm-m3/mole,Pressure per mole,,,4.210000170701278E-08,atm-m3/mole,Pressure per mole,,
26444-49-5,"Cresyl diphenyl phosphate;Cresyldiphenyl phosphate;Diphenyl cresyl phosphate;diphenyl tolyl phosphate;Methylphenyl diphenyl ester, Phosphoric acid;Phosphoric acid, methylphenyl diphenyl ester",,,,,,,,,,,,,,,,,,,,,,,,,,,,,,,,,,,,,,,,,,,,,,,,,,,,,,,,,,,,,,,,,,,,,,,,,,,,,,,,,,,,,,,,,,,,,,,,,,,,,,,,,,,,,,,,,,,,,,,,,,,,,,,,Human Health Hazards#Acute Toxicity,Acute Oral toxicity DB,,LD50,https://chem.nlm.nih.gov/chemidplus/rn/26444-49-5,False,No qualifier,Equal,,,,,,1993,,,,,,Rat,,,,,,,,,,,,,,,,,,,,,,,,,,,,,in Vivo,,,,,,,,,,,,,,,,,Oral (Gavage),,,,,,,,,,,,,,,,,,,,,,,,,,,,,,,,,,,,,,,,,,,,,,,,,,,,,,,,,,,,,,,,,,,,,,,,,,,,,,,,,,,,,,,,,,,,,,,,,,,,,,,,,,,,,,,,,,,,,,,,,,,,,,,,,,,,,,,,,,,,,,,,,,,,,,,,,,,,,,,,,,,,,,,,,,,,,,,,,,,,,,,,,,,,,,,,,24,h,Time,1419.9235062404068,mg/kg,Mass fraction,,,0.004172625485807657,mol/kg,Molality,,
26444-49-5,"Cresyl diphenyl phosphate;Cresyldiphenyl phosphate;Diphenyl cresyl phosphate;diphenyl tolyl phosphate;Methylphenyl diphenyl ester, Phosphoric acid;Phosphoric acid, methylphenyl diphenyl ester",Cc1cccc(OP(=O)(Oc2ccccc2)Oc2ccccc2)c1,C19H17O4P,Mono constituent,,Sources:1,Low,Not calculated,Not calculated,Not calculated,Not calculated,Not calculated,Not calculated,Not calculated,Not calculated,Not calculated,Not calculated,Not calculated,Not calculated,Not calculated,Not calculated,Not calculated,Not calculated,Not calculated,Not calculated,Not calculated,Not calculated,Not calculated,Not calculated,Not calculated,Not calculated,Not calculated,Not calculated,Not calculated,Not calculated,Not calculated,Not calculated,Not calculated,Not calculated,Not calculated,Not calculated,Not calculated,Not calculated,Not calculated,Not calculated,Not calculated,Not calculated,Not calculated,Not calculated,Not calculated,Not calculated,Not calculated,Not calculated,Not calculated,Not calculated,Not calculated,Not calculated,Not calculated,Not calculated,Not calculated,Not calculated,Not calculated,Not calculated,Not calculated,Not calculated,Not calculated,Not calculated,Not calculated,Not calculated,Not calculated,Not calculated,Not calculated,Not calculated,Not calculated,Not calculated,Not calculated,Not calculated,Not calculated,Not calculated,Not calculated,Not calculated,Not calculated,Not calculated,Not calculated,Not calculated,Not calculated,Not calculated,Not calculated,Not calculated,Not calculated,Not calculated,Not calculated,Not calculated,Not calculated,Not calculated,Not calculated,Not calculated,Not calculated,Not calculated,Not calculated,Not calculated,Not calculated,Not calculated,Not calculated,Not calculated,Not calculated,Not calculated,Not calculated,Not calculated,Not calculated,Not calculated,Not calculated,Not calculated,Not calculated,Not calculated,Not calculated,Not calculated,Not calculated,Not calculated,Not calculated,Not calculated,Not calculated,Not calculated,Not calculated,Not calculated,Not calculated,Not calculated,Not calculated,Human Health Hazards#Repeated Dose Toxicity,Repeated Dose Toxicity HESS,mixture,LOEL,,False,No qualifier,Equal,,,,,,1993,,,,,,Rat,,,,,,,,,,,,,,,,,,,,,,,,,,SD,,OECD TG 422,,,,,,,,,,Absolute Organ Weight↑,Male,Main,"National Institute of Health Sciences, Japan",Adrenal Gland,ReproTox,Mitsubishi Chemical Safety Institute Ltd.,Organ weights,Oral (Gavage),300,mg/kg bdwt/d,Administered dose(mass),12,mg/kg bdwt/d,Administered dose(mass),25.6,,None,0,d,Time,,,,,,,,,,,,,,,,,,,,,,,,,,,,,,,,,,,,,,,,,,,,,,,,,,,,,,,,,,,,,,,,,,,,,,,,,,,,,,,,,,,,,,,,,,,,,,,,,,,,,,,,,,,,,,,,,,,,,,,,,,,,,,,,,,,,,,,,,,,,,,,,,,,,,,,,,,,,,,,,,,,,,,,,,,,,,,,,,,,,,45,d,Time,60,mg/kg bdwt/d,Administered dose(mass),,,60,mg/kg/d,Administered dose(mass),,
26444-49-5,"Cresyl diphenyl phosphate;Cresyldiphenyl phosphate;Diphenyl cresyl phosphate;diphenyl tolyl phosphate;Methylphenyl diphenyl ester, Phosphoric acid;Phosphoric acid, methylphenyl diphenyl ester",,,,,,,,,,,,,,,,,,,,,,,,,,,,,,,,,,,,,,,,,,,,,,,,,,,,,,,,,,,,,,,,,,,,,,,,,,,,,,,,,,,,,,,,,,,,,,,,,,,,,,,,,,,,,,,,,,,,,,,,,,,,,,,,Human Health Hazards#Repeated Dose Toxicity,Repeated Dose Toxicity HESS,mixture,LOEL,,False,No qualifier,Equal,,,,,,1993,,,,,,Rat,,,,,,,,,,,,,,,,,,,,,,,,,,SD,,OECD TG 422,,,,,,,,,,Enlarged (Necropsy),Male,Main,"National Institute of Health Sciences, Japan",Adrenal Gland,ReproTox,Mitsubishi Chemical Safety Institute Ltd.,Necropsy,Oral (Gavage),300,mg/kg bdwt/d,Administered dose(mass),12,mg/kg bdwt/d,Administered dose(mass),25.6,,None,0,d,Time,,,,,,,,,,,,,,,,,,,,,,,,,,,,,,,,,,,,,,,,,,,,,,,,,,,,,,,,,,,,,,,,,,,,,,,,,,,,,,,,,,,,,,,,,,,,,,,,,,,,,,,,,,,,,,,,,,,,,,,,,,,,,,,,,,,,,,,,,,,,,,,,,,,,,,,,,,,,,,,,,,,,,,,,,,,,,,,,,,,,,45,d,Time,60,mg/kg bdwt/d,Administered dose(mass),,,60,mg/kg/d,Administered dose(mass),,
26444-49-5,"Cresyl diphenyl phosphate;Cresyldiphenyl phosphate;Diphenyl cresyl phosphate;diphenyl tolyl phosphate;Methylphenyl diphenyl ester, Phosphoric acid;Phosphoric acid, methylphenyl diphenyl ester",,,,,,,,,,,,,,,,,,,,,,,,,,,,,,,,,,,,,,,,,,,,,,,,,,,,,,,,,,,,,,,,,,,,,,,,,,,,,,,,,,,,,,,,,,,,,,,,,,,,,,,,,,,,,,,,,,,,,,,,,,,,,,,,Human Health Hazards#Repeated Dose Toxicity,Repeated Dose Toxicity HESS,mixture,LOEL,,False,No qualifier,Equal,,,,,,1993,,,,,,Rat,,,,,,,,,,,,,,,,,,,,,,,,,,SD,,OECD TG 422,,,,,,,,,,Relative Organ Weight↑,Male,Main,"National Institute of Health Sciences, Japan",Adrenal Gland,ReproTox,Mitsubishi Chemical Safety Institute Ltd.,Organ weights,Oral (Gavage),300,mg/kg bdwt/d,Administered dose(mass),12,mg/kg bdwt/d,Administered dose(mass),25.6,,None,0,d,Time,,,,,,,,,,,,,,,,,,,,,,,,,,,,,,,,,,,,,,,,,,,,,,,,,,,,,,,,,,,,,,,,,,,,,,,,,,,,,,,,,,,,,,,,,,,,,,,,,,,,,,,,,,,,,,,,,,,,,,,,,,,,,,,,,,,,,,,,,,,,,,,,,,,,,,,,,,,,,,,,,,,,,,,,,,,,,,,,,,,,,45,d,Time,60,mg/kg bdwt/d,Administered dose(mass),,,60,mg/kg/d,Administered dose(mass),,
26444-49-5,"Cresyl diphenyl phosphate;Cresyldiphenyl phosphate;Diphenyl cresyl phosphate;diphenyl tolyl phosphate;Methylphenyl diphenyl ester, Phosphoric acid;Phosphoric acid, methylphenyl diphenyl ester",,,,,,,,,,,,,,,,,,,,,,,,,,,,,,,,,,,,,,,,,,,,,,,,,,,,,,,,,,,,,,,,,,,,,,,,,,,,,,,,,,,,,,,,,,,,,,,,,,,,,,,,,,,,,,,,,,,,,,,,,,,,,,,,Human Health Hazards#Repeated Dose Toxicity,Repeated Dose Toxicity HESS,mixture,LOEL,,False,No qualifier,Equal,,,,,,1993,,,,,,Rat,,,,,,,,,,,,,,,,,,,,,,,,,,SD,,OECD TG 422,,,,,,,,,,Vacuolization,Male,Main,"National Institute of Health Sciences, Japan",Adrenal Gland,ReproTox,Mitsubishi Chemical Safety Institute Ltd.,Histopathological findings,Oral (Gavage),300,mg/kg bdwt/d,Administered dose(mass),12,mg/kg bdwt/d,Administered dose(mass),25.6,,None,0,d,Time,,,,,,,,,,,,,,,,,,,,,,,,,,,,,,,,,,,,,,,,,,,,,,,,,,,,,,,,,,,,,,,Zona fasciculata,,,,,,,,,,,,,,,,,,,,,,,,,,,,,,,,,,,,,,,,,,,,,,,,,,,,,,,,,,,,,,,,,,,,,,,,,,,,,,,,,,,,,,,,,,,,,,,,,,,,,,,,,,,,,,,,,,,,,,45,d,Time,60,mg/kg bdwt/d,Administered dose(mass),,,60,mg/kg/d,Administered dose(mass),,
26444-49-5,"Cresyl diphenyl phosphate;Cresyldiphenyl phosphate;Diphenyl cresyl phosphate;diphenyl tolyl phosphate;Methylphenyl diphenyl ester, Phosphoric acid;Phosphoric acid, methylphenyl diphenyl ester",,,,,,,,,,,,,,,,,,,,,,,,,,,,,,,,,,,,,,,,,,,,,,,,,,,,,,,,,,,,,,,,,,,,,,,,,,,,,,,,,,,,,,,,,,,,,,,,,,,,,,,,,,,,,,,,,,,,,,,,,,,,,,,,Human Health Hazards#Repeated Dose Toxicity,Repeated Dose Toxicity HESS,mixture,LOEL,,False,No qualifier,Equal,,,,,,1993,,,,,,Rat,,,,,,,,,,,,,,,,,,,,,,,,,,SD,,OECD TG 422,,,,,,,,,,Other Findings,Male,Main,"National Institute of Health Sciences, Japan",Blood cell,ReproTox,Mitsubishi Chemical Safety Institute Ltd.,Hematological examination,Oral (Gavage),300,mg/kg bdwt/d,Administered dose(mass),12,mg/kg bdwt/d,Administered dose(mass),25.6,,None,0,d,Time,,,,,,,,,,,,,,,,,,,,,,,,,,,,,,,,,,,,,,,,,,,,,,,,,,,,,,,,,,,,,,,,,,,,,,,,,,,,,,,,,,,,,,,,,,,,,,,,,,,,,,,,,,,,,,,,,,,,,,,,,,,,,,,,,,,,,,,,,,,,,,,,,,,,,,,,,,,,,,,,,,,,,,,,,,,,,,,,,,,,,45,d,Time,300,mg/kg bdwt/d,Administered dose(mass),,,300,mg/kg/d,Administered dose(mass),,
26444-49-5,"Cresyl diphenyl phosphate;Cresyldiphenyl phosphate;Diphenyl cresyl phosphate;diphenyl tolyl phosphate;Methylphenyl diphenyl ester, Phosphoric acid;Phosphoric acid, methylphenyl diphenyl ester",,,,,,,,,,,,,,,,,,,,,,,,,,,,,,,,,,,,,,,,,,,,,,,,,,,,,,,,,,,,,,,,,,,,,,,,,,,,,,,,,,,,,,,,,,,,,,,,,,,,,,,,,,,,,,,,,,,,,,,,,,,,,,,,Human Health Hazards#Repeated Dose Toxicity,Repeated Dose Toxicity HESS,mixture,LOEL,,False,No qualifier,Equal,,,,,,1993,,,,,,Rat,,,,,,,,,,,,,,,,,,,,,,,,,,SD,,OECD TG 422,,,,,,,,,,Reticulocyte↑,Male,Main,"National Institute of Health Sciences, Japan",Blood cell (Erythrocyte),ReproTox,Mitsubishi Chemical Safety Institute Ltd.,Hematological examination,Oral (Gavage),300,mg/kg bdwt/d,Administered dose(mass),12,mg/kg bdwt/d,Administered dose(mass),25.6,,None,0,d,Time,,,,,,,,,,,,,,,,,,,,,,,,,,,,,,,,,,,,,,,,,,,,,,,,,,,,,,,,,,,,,,,,,,,,,,,,,,,,,,,,,,,,,,,,,,,,,,,,,,,,,,,,,,,,,,,,,,,,,,,,,,,,,,,,,,,,,,,,,,,,,,,,,,,,,,,,,,,,,,,,,,,,,,,,,,,,,,,,,,,,,45,d,Time,300,mg/kg bdwt/d,Administered dose(mass),,,300,mg/kg/d,Administered dose(mass),,
26444-49-5,"Cresyl diphenyl phosphate;Cresyldiphenyl phosphate;Diphenyl cresyl phosphate;diphenyl tolyl phosphate;Methylphenyl diphenyl ester, Phosphoric acid;Phosphoric acid, methylphenyl diphenyl ester",,,,,,,,,,,,,,,,,,,,,,,,,,,,,,,,,,,,,,,,,,,,,,,,,,,,,,,,,,,,,,,,,,,,,,,,,,,,,,,,,,,,,,,,,,,,,,,,,,,,,,,,,,,,,,,,,,,,,,,,,,,,,,,,Human Health Hazards#Repeated Dose Toxicity,Repeated Dose Toxicity HESS,mixture,LOEL,,False,No qualifier,Equal,,,,,,1993,,,,,,Rat,,,,,,,,,,,,,,,,,,,,,,,,,,SD,,OECD TG 422,,,,,,,,,,WBC↑,Male,Main,"National Institute of Health Sciences, Japan",Blood cell (Leukocyte),ReproTox,Mitsubishi Chemical Safety Institute Ltd.,Hematological examination,Oral (Gavage),300,mg/kg bdwt/d,Administered dose(mass),12,mg/kg bdwt/d,Administered dose(mass),25.6,,None,0,d,Time,,,,,,,,,,,,,,,,,,,,,,,,,,,,,,,,,,,,,,,,,,,,,,,,,,,,,,,,,,,,,,,,,,,,,,,,,,,,,,,,,,,,,,,,,,,,,,,,,,,,,,,,,,,,,,,,,,,,,,,,,,,,,,,,,,,,,,,,,,,,,,,,,,,,,,,,,,,,,,,,,,,,,,,,,,,,,,,,,,,,,45,d,Time,300,mg/kg bdwt/d,Administered dose(mass),,,300,mg/kg/d,Administered dose(mass),,
26444-49-5,"Cresyl diphenyl phosphate;Cresyldiphenyl phosphate;Diphenyl cresyl phosphate;diphenyl tolyl phosphate;Methylphenyl diphenyl ester, Phosphoric acid;Phosphoric acid, methylphenyl diphenyl ester",,,,,,,,,,,,,,,,,,,,,,,,,,,,,,,,,,,,,,,,,,,,,,,,,,,,,,,,,,,,,,,,,,,,,,,,,,,,,,,,,,,,,,,,,,,,,,,,,,,,,,,,,,,,,,,,,,,,,,,,,,,,,,,,Human Health Hazards#Repeated Dose Toxicity,Repeated Dose Toxicity HESS,mixture,LOEL,,False,No qualifier,Equal,,,,,,1993,,,,,,Rat,,,,,,,,,,,,,,,,,,,,,,,,,,SD,,OECD TG 422,,,,,,,,,,Calcium↑,Male,Main,"National Institute of Health Sciences, Japan",Blood serum (Electrolyte),ReproTox,Mitsubishi Chemical Safety Institute Ltd.,Blood chemical examination,Oral (Gavage),300,mg/kg bdwt/d,Administered dose(mass),12,mg/kg bdwt/d,Administered dose(mass),25.6,,None,0,d,Time,,,,,,,,,,,,,,,,,,,,,,,,,,,,,,,,,,,,,,,,,,,,,,,,,,,,,,,,,,,,,,,,,,,,,,,,,,,,,,,,,,,,,,,,,,,,,,,,,,,,,,,,,,,,,,,,,,,,,,,,,,,,,,,,,,,,,,,,,,,,,,,,,,,,,,,,,,,,,,,,,,,,,,,,,,,,,,,,,,,,,45,d,Time,300,mg/kg bdwt/d,Administered dose(mass),,,300,mg/kg/d,Administered dose(mass),,
26444-49-5,"Cresyl diphenyl phosphate;Cresyldiphenyl phosphate;Diphenyl cresyl phosphate;diphenyl tolyl phosphate;Methylphenyl diphenyl ester, Phosphoric acid;Phosphoric acid, methylphenyl diphenyl ester",,,,,,,,,,,,,,,,,,,,,,,,,,,,,,,,,,,,,,,,,,,,,,,,,,,,,,,,,,,,,,,,,,,,,,,,,,,,,,,,,,,,,,,,,,,,,,,,,,,,,,,,,,,,,,,,,,,,,,,,,,,,,,,,Human Health Hazards#Repeated Dose Toxicity,Repeated Dose Toxicity HESS,mixture,LOEL,,False,No qualifier,Equal,,,,,,1993,,,,,,Rat,,,,,,,,,,,,,,,,,,,,,,,,,,SD,,OECD TG 422,,,,,,,,,,Sodium↑,Male,Main,"National Institute of Health Sciences, Japan",Blood serum (Electrolyte),ReproTox,Mitsubishi Chemical Safety Institute Ltd.,Blood chemical examination,Oral (Gavage),300,mg/kg bdwt/d,Administered dose(mass),12,mg/kg bdwt/d,Administered dose(mass),25.6,,None,0,d,Time,,,,,,,,,,,,,,,,,,,,,,,,,,,,,,,,,,,,,,,,,,,,,,,,,,,,,,,,,,,,,,,,,,,,,,,,,,,,,,,,,,,,,,,,,,,,,,,,,,,,,,,,,,,,,,,,,,,,,,,,,,,,,,,,,,,,,,,,,,,,,,,,,,,,,,,,,,,,,,,,,,,,,,,,,,,,,,,,,,,,,45,d,Time,300,mg/kg bdwt/d,Administered dose(mass),,,300,mg/kg/d,Administered dose(mass),,
26444-49-5,"Cresyl diphenyl phosphate;Cresyldiphenyl phosphate;Diphenyl cresyl phosphate;diphenyl tolyl phosphate;Methylphenyl diphenyl ester, Phosphoric acid;Phosphoric acid, methylphenyl diphenyl ester",,,,,,,,,,,,,,,,,,,,,,,,,,,,,,,,,,,,,,,,,,,,,,,,,,,,,,,,,,,,,,,,,,,,,,,,,,,,,,,,,,,,,,,,,,,,,,,,,,,,,,,,,,,,,,,,,,,,,,,,,,,,,,,,Human Health Hazards#Repeated Dose Toxicity,Repeated Dose Toxicity HESS,mixture,LOEL,,False,No qualifier,Equal,,,,,,1993,,,,,,Rat,,,,,,,,,,,,,,,,,,,,,,,,,,SD,,OECD TG 422,,,,,,,,,,A/G↓,Male,Main,"National Institute of Health Sciences, Japan",Blood serum (Enzyme),ReproTox,Mitsubishi Chemical Safety Institute Ltd.,Blood chemical examination,Oral (Gavage),300,mg/kg bdwt/d,Administered dose(mass),12,mg/kg bdwt/d,Administered dose(mass),25.6,,None,0,d,Time,,,,,,,,,,,,,,,,,,,,,,,,,,,,,,,,,,,,,,,,,,,,,,,,,,,,,,,,,,,,,,,,,,,,,,,,,,,,,,,,,,,,,,,,,,,,,,,,,,,,,,,,,,,,,,,,,,,,,,,,,,,,,,,,,,,,,,,,,,,,,,,,,,,,,,,,,,,,,,,,,,,,,,,,,,,,,,,,,,,,,45,d,Time,300,mg/kg bdwt/d,Administered dose(mass),,,300,mg/kg/d,Administered dose(mass),,
26444-49-5,"Cresyl diphenyl phosphate;Cresyldiphenyl phosphate;Diphenyl cresyl phosphate;diphenyl tolyl phosphate;Methylphenyl diphenyl ester, Phosphoric acid;Phosphoric acid, methylphenyl diphenyl ester",,,,,,,,,,,,,,,,,,,,,,,,,,,,,,,,,,,,,,,,,,,,,,,,,,,,,,,,,,,,,,,,,,,,,,,,,,,,,,,,,,,,,,,,,,,,,,,,,,,,,,,,,,,,,,,,,,,,,,,,,,,,,,,,Human Health Hazards#Repeated Dose Toxicity,Repeated Dose Toxicity HESS,mixture,LOEL,,False,No qualifier,Equal,,,,,,1993,,,,,,Rat,,,,,,,,,,,,,,,,,,,,,,,,,,SD,,OECD TG 422,,,,,,,,,,Alb↓,Male,Main,"National Institute of Health Sciences, Japan",Blood serum (Enzyme),ReproTox,Mitsubishi Chemical Safety Institute Ltd.,Blood chemical examination,Oral (Gavage),300,mg/kg bdwt/d,Administered dose(mass),12,mg/kg bdwt/d,Administered dose(mass),25.6,,None,0,d,Time,,,,,,,,,,,,,,,,,,,,,,,,,,,,,,,,,,,,,,,,,,,,,,,,,,,,,,,,,,,,,,,,,,,,,,,,,,,,,,,,,,,,,,,,,,,,,,,,,,,,,,,,,,,,,,,,,,,,,,,,,,,,,,,,,,,,,,,,,,,,,,,,,,,,,,,,,,,,,,,,,,,,,,,,,,,,,,,,,,,,,45,d,Time,300,mg/kg bdwt/d,Administered dose(mass),,,300,mg/kg/d,Administered dose(mass),,
26444-49-5,"Cresyl diphenyl phosphate;Cresyldiphenyl phosphate;Diphenyl cresyl phosphate;diphenyl tolyl phosphate;Methylphenyl diphenyl ester, Phosphoric acid;Phosphoric acid, methylphenyl diphenyl ester",,,,,,,,,,,,,,,,,,,,,,,,,,,,,,,,,,,,,,,,,,,,,,,,,,,,,,,,,,,,,,,,,,,,,,,,,,,,,,,,,,,,,,,,,,,,,,,,,,,,,,,,,,,,,,,,,,,,,,,,,,,,,,,,Human Health Hazards#Repeated Dose Toxicity,Repeated Dose Toxicity HESS,mixture,LOEL,,False,No qualifier,Equal,,,,,,1993,,,,,,Rat,,,,,,,,,,,,,,,,,,,,,,,,,,SD,,OECD TG 422,,,,,,,,,,ALT(GPT)↑,Male,Main,"National Institute of Health Sciences, Japan",Blood serum (Enzyme),ReproTox,Mitsubishi Chemical Safety Institute Ltd.,Blood chemical examination,Oral (Gavage),300,mg/kg bdwt/d,Administered dose(mass),12,mg/kg bdwt/d,Administered dose(mass),25.6,,None,0,d,Time,,,,,,,,,,,,,,,,,,,,,,,,,,,,,,,,,,,,,,,,,,,,,,,,,,,,,,,,,,,,,,,,,,,,,,,,,,,,,,,,,,,,,,,,,,,,,,,,,,,,,,,,,,,,,,,,,,,,,,,,,,,,,,,,,,,,,,,,,,,,,,,,,,,,,,,,,,,,,,,,,,,,,,,,,,,,,,,,,,,,,45,d,Time,300,mg/kg bdwt/d,Administered dose(mass),,,300,mg/kg/d,Administered dose(mass),,
26444-49-5,"Cresyl diphenyl phosphate;Cresyldiphenyl phosphate;Diphenyl cresyl phosphate;diphenyl tolyl phosphate;Methylphenyl diphenyl ester, Phosphoric acid;Phosphoric acid, methylphenyl diphenyl ester",,,,,,,,,,,,,,,,,,,,,,,,,,,,,,,,,,,,,,,,,,,,,,,,,,,,,,,,,,,,,,,,,,,,,,,,,,,,,,,,,,,,,,,,,,,,,,,,,,,,,,,,,,,,,,,,,,,,,,,,,,,,,,,,Human Health Hazards#Repeated Dose Toxicity,Repeated Dose Toxicity HESS,mixture,LOEL,,False,No qualifier,Equal,,,,,,1993,,,,,,Rat,,,,,,,,,,,,,,,,,,,,,,,,,,SD,,OECD TG 422,,,,,,,,,,AST(GOT)↓,Male,Main,"National Institute of Health Sciences, Japan",Blood serum (Enzyme),ReproTox,Mitsubishi Chemical Safety Institute Ltd.,Blood chemical examination,Oral (Gavage),300,mg/kg bdwt/d,Administered dose(mass),12,mg/kg bdwt/d,Administered dose(mass),25.6,,None,0,d,Time,,,,,,,,,,,,,,,,,,,,,,,,,,,,,,,,,,,,,,,,,,,,,,,,,,,,,,,,,,,,,,,,,,,,,,,,,,,,,,,,,,,,,,,,,,,,,,,,,,,,,,,,,,,,,,,,,,,,,,,,,,,,,,,,,,,,,,,,,,,,,,,,,,,,,,,,,,,,,,,,,,,,,,,,,,,,,,,,,,,,,45,d,Time,300,mg/kg bdwt/d,Administered dose(mass),,,300,mg/kg/d,Administered dose(mass),,
26444-49-5,"Cresyl diphenyl phosphate;Cresyldiphenyl phosphate;Diphenyl cresyl phosphate;diphenyl tolyl phosphate;Methylphenyl diphenyl ester, Phosphoric acid;Phosphoric acid, methylphenyl diphenyl ester",,,,,,,,,,,,,,,,,,,,,,,,,,,,,,,,,,,,,,,,,,,,,,,,,,,,,,,,,,,,,,,,,,,,,,,,,,,,,,,,,,,,,,,,,,,,,,,,,,,,,,,,,,,,,,,,,,,,,,,,,,,,,,,,Human Health Hazards#Repeated Dose Toxicity,Repeated Dose Toxicity HESS,mixture,LOEL,,False,No qualifier,Equal,,,,,,1993,,,,,,Rat,,,,,,,,,,,,,,,,,,,,,,,,,,SD,,OECD TG 422,,,,,,,,,,ChE↓(Plasma/Others),Male,Main,"National Institute of Health Sciences, Japan",Blood serum (Enzyme),ReproTox,Mitsubishi Chemical Safety Institute Ltd.,Blood chemical examination,Oral (Gavage),300,mg/kg bdwt/d,Administered dose(mass),12,mg/kg bdwt/d,Administered dose(mass),25.6,,None,0,d,Time,,,,,,,,,,,,,,,,,,,,,,,,,,,,,,,,,,,,,,,,,,,,,,,,,,,,,,,,,,,,,,,,,,,,,,,,,,,,,,,,,,,,,,,,,,,,,,,,,,,,,,,,,,,,,,,,,,,,,,,,,,,,,,,,,,,,,,,,,,,,,,,,,,,,,,,,,,,,,,,,,,,,,,,,,,,,,,,,,,,,,45,d,Time,60,mg/kg bdwt/d,Administered dose(mass),,,60,mg/kg/d,Administered dose(mass),,
26444-49-5,"Cresyl diphenyl phosphate;Cresyldiphenyl phosphate;Diphenyl cresyl phosphate;diphenyl tolyl phosphate;Methylphenyl diphenyl ester, Phosphoric acid;Phosphoric acid, methylphenyl diphenyl ester",,,,,,,,,,,,,,,,,,,,,,,,,,,,,,,,,,,,,,,,,,,,,,,,,,,,,,,,,,,,,,,,,,,,,,,,,,,,,,,,,,,,,,,,,,,,,,,,,,,,,,,,,,,,,,,,,,,,,,,,,,,,,,,,Human Health Hazards#Repeated Dose Toxicity,Repeated Dose Toxicity HESS,mixture,LOEL,,False,No qualifier,Equal,,,,,,1993,,,,,,Rat,,,,,,,,,,,,,,,,,,,,,,,,,,SD,,OECD TG 422,,,,,,,,,,Γ-GTP↑,Male,Main,"National Institute of Health Sciences, Japan",Blood serum (Enzyme),ReproTox,Mitsubishi Chemical Safety Institute Ltd.,Blood chemical examination,Oral (Gavage),300,mg/kg bdwt/d,Administered dose(mass),12,mg/kg bdwt/d,Administered dose(mass),25.6,,None,0,d,Time,,,,,,,,,,,,,,,,,,,,,,,,,,,,,,,,,,,,,,,,,,,,,,,,,,,,,,,,,,,,,,,,,,,,,,,,,,,,,,,,,,,,,,,,,,,,,,,,,,,,,,,,,,,,,,,,,,,,,,,,,,,,,,,,,,,,,,,,,,,,,,,,,,,,,,,,,,,,,,,,,,,,,,,,,,,,,,,,,,,,,45,d,Time,300,mg/kg bdwt/d,Administered dose(mass),,,300,mg/kg/d,Administered dose(mass),,
26444-49-5,"Cresyl diphenyl phosphate;Cresyldiphenyl phosphate;Diphenyl cresyl phosphate;diphenyl tolyl phosphate;Methylphenyl diphenyl ester, Phosphoric acid;Phosphoric acid, methylphenyl diphenyl ester",,,,,,,,,,,,,,,,,,,,,,,,,,,,,,,,,,,,,,,,,,,,,,,,,,,,,,,,,,,,,,,,,,,,,,,,,,,,,,,,,,,,,,,,,,,,,,,,,,,,,,,,,,,,,,,,,,,,,,,,,,,,,,,,Human Health Hazards#Repeated Dose Toxicity,Repeated Dose Toxicity HESS,mixture,LOEL,,False,No qualifier,Equal,,,,,,1993,,,,,,Rat,,,,,,,,,,,,,,,,,,,,,,,,,,SD,,OECD TG 422,,,,,,,,,,T. Cholesterol↑,Male,Main,"National Institute of Health Sciences, Japan",Blood serum (Lipid),ReproTox,Mitsubishi Chemical Safety Institute Ltd.,Blood chemical examination,Oral (Gavage),300,mg/kg bdwt/d,Administered dose(mass),12,mg/kg bdwt/d,Administered dose(mass),25.6,,None,0,d,Time,,,,,,,,,,,,,,,,,,,,,,,,,,,,,,,,,,,,,,,,,,,,,,,,,,,,,,,,,,,,,,,,,,,,,,,,,,,,,,,,,,,,,,,,,,,,,,,,,,,,,,,,,,,,,,,,,,,,,,,,,,,,,,,,,,,,,,,,,,,,,,,,,,,,,,,,,,,,,,,,,,,,,,,,,,,,,,,,,,,,,45,d,Time,60,mg/kg bdwt/d,Administered dose(mass),,,60,mg/kg/d,Administered dose(mass),,
26444-49-5,"Cresyl diphenyl phosphate;Cresyldiphenyl phosphate;Diphenyl cresyl phosphate;diphenyl tolyl phosphate;Methylphenyl diphenyl ester, Phosphoric acid;Phosphoric acid, methylphenyl diphenyl ester",,,,,,,,,,,,,,,,,,,,,,,,,,,,,,,,,,,,,,,,,,,,,,,,,,,,,,,,,,,,,,,,,,,,,,,,,,,,,,,,,,,,,,,,,,,,,,,,,,,,,,,,,,,,,,,,,,,,,,,,,,,,,,,,Human Health Hazards#Repeated Dose Toxicity,Repeated Dose Toxicity HESS,mixture,LOEL,,False,No qualifier,Equal,,,,,,1993,,,,,,Rat,,,,,,,,,,,,,,,,,,,,,,,,,,SD,,OECD TG 422,,,,,,,,,,Triglyceride↓,Male,Main,"National Institute of Health Sciences, Japan",Blood serum (Lipid),ReproTox,Mitsubishi Chemical Safety Institute Ltd.,Blood chemical examination,Oral (Gavage),300,mg/kg bdwt/d,Administered dose(mass),12,mg/kg bdwt/d,Administered dose(mass),25.6,,None,0,d,Time,,,,,,,,,,,,,,,,,,,,,,,,,,,,,,,,,,,,,,,,,,,,,,,,,,,,,,,,,,,,,,,,,,,,,,,,,,,,,,,,,,,,,,,,,,,,,,,,,,,,,,,,,,,,,,,,,,,,,,,,,,,,,,,,,,,,,,,,,,,,,,,,,,,,,,,,,,,,,,,,,,,,,,,,,,,,,,,,,,,,,45,d,Time,300,mg/kg bdwt/d,Administered dose(mass),,,300,mg/kg/d,Administered dose(mass),,
26444-49-5,"Cresyl diphenyl phosphate;Cresyldiphenyl phosphate;Diphenyl cresyl phosphate;diphenyl tolyl phosphate;Methylphenyl diphenyl ester, Phosphoric acid;Phosphoric acid, methylphenyl diphenyl ester",,,,,,,,,,,,,,,,,,,,,,,,,,,,,,,,,,,,,,,,,,,,,,,,,,,,,,,,,,,,,,,,,,,,,,,,,,,,,,,,,,,,,,,,,,,,,,,,,,,,,,,,,,,,,,,,,,,,,,,,,,,,,,,,Human Health Hazards#Repeated Dose Toxicity,Repeated Dose Toxicity HESS,mixture,LOEL,,False,No qualifier,Equal,,,,,,1993,,,,,,Rat,,,,,,,,,,,,,,,,,,,,,,,,,,SD,,OECD TG 422,,,,,,,,,,Absolute Organ Weight↑,Male,Main,"National Institute of Health Sciences, Japan",Kidney,ReproTox,Mitsubishi Chemical Safety Institute Ltd.,Organ weights,Oral (Gavage),300,mg/kg bdwt/d,Administered dose(mass),12,mg/kg bdwt/d,Administered dose(mass),25.6,,None,0,d,Time,,,,,,,,,,,,,,,,,,,,,,,,,,,,,,,,,,,,,,,,,,,,,,,,,,,,,,,,,,,,,,,,,,,,,,,,,,,,,,,,,,,,,,,,,,,,,,,,,,,,,,,,,,,,,,,,,,,,,,,,,,,,,,,,,,,,,,,,,,,,,,,,,,,,,,,,,,,,,,,,,,,,,,,,,,,,,,,,,,,,,45,d,Time,300,mg/kg bdwt/d,Administered dose(mass),,,300,mg/kg/d,Administered dose(mass),,
26444-49-5,"Cresyl diphenyl phosphate;Cresyldiphenyl phosphate;Diphenyl cresyl phosphate;diphenyl tolyl phosphate;Methylphenyl diphenyl ester, Phosphoric acid;Phosphoric acid, methylphenyl diphenyl ester",,,,,,,,,,,,,,,,,,,,,,,,,,,,,,,,,,,,,,,,,,,,,,,,,,,,,,,,,,,,,,,,,,,,,,,,,,,,,,,,,,,,,,,,,,,,,,,,,,,,,,,,,,,,,,,,,,,,,,,,,,,,,,,,Human Health Hazards#Repeated Dose Toxicity,Repeated Dose Toxicity HESS,mixture,LOEL,,False,No qualifier,Equal,,,,,,1993,,,,,,Rat,,,,,,,,,,,,,,,,,,,,,,,,,,SD,,OECD TG 422,,,,,,,,,,Basophilic Change/Regeneration/Degeneration,Male,Main,"National Institute of Health Sciences, Japan",Kidney,ReproTox,Mitsubishi Chemical Safety Institute Ltd.,Histopathological findings,Oral (Gavage),300,mg/kg bdwt/d,Administered dose(mass),12,mg/kg bdwt/d,Administered dose(mass),25.6,,None,0,d,Time,,,,,,,,,,,,,,,,,,,,,,,,,,,,,,,,,,,,,,,,,,,,,,,,,,,,,,,,,,,,,,,Renal tubule (Other),,,,,,,,,,,,,,,,,,,,,,,,,,,,,,,,,,,,,,,,,,,,,,,,,,,,,,,,,,,,,,,,,,,,,,,,,,,,,,,,,,,,,,,,,,,,,,,,,,,,,,,,,,,,,,,,,,,,,,45,d,Time,300,mg/kg bdwt/d,Administered dose(mass),,,300,mg/kg/d,Administered dose(mass),,
26444-49-5,"Cresyl diphenyl phosphate;Cresyldiphenyl phosphate;Diphenyl cresyl phosphate;diphenyl tolyl phosphate;Methylphenyl diphenyl ester, Phosphoric acid;Phosphoric acid, methylphenyl diphenyl ester",,,,,,,,,,,,,,,,,,,,,,,,,,,,,,,,,,,,,,,,,,,,,,,,,,,,,,,,,,,,,,,,,,,,,,,,,,,,,,,,,,,,,,,,,,,,,,,,,,,,,,,,,,,,,,,,,,,,,,,,,,,,,,,,Human Health Hazards#Repeated Dose Toxicity,Repeated Dose Toxicity HESS,mixture,LOEL,,False,No qualifier,Equal,,,,,,1993,,,,,,Rat,,,,,,,,,,,,,,,,,,,,,,,,,,SD,,OECD TG 422,,,,,,,,,,Fatty Change,Male,Main,"National Institute of Health Sciences, Japan",Kidney,ReproTox,Mitsubishi Chemical Safety Institute Ltd.,Histopathological findings,Oral (Gavage),300,mg/kg bdwt/d,Administered dose(mass),12,mg/kg bdwt/d,Administered dose(mass),25.6,,None,0,d,Time,,,,,,,,,,,,,,,,,,,,,,,,,,,,,,,,,,,,,,,,,,,,,,,,,,,,,,,,,,,,,,,Renal tubule (Proximal),,,,,,,,,,,,,,,,,,,,,,,,,,,,,,,,,,,,,,,,,,,,,,,,,,,,,,,,,,,,,,,,,,,,,,,,,,,,,,,,,,,,,,,,,,,,,,,,,,,,,,,,,,,,,,,,,,,,,,45,d,Time,300,mg/kg bdwt/d,Administered dose(mass),,,300,mg/kg/d,Administered dose(mass),,
26444-49-5,"Cresyl diphenyl phosphate;Cresyldiphenyl phosphate;Diphenyl cresyl phosphate;diphenyl tolyl phosphate;Methylphenyl diphenyl ester, Phosphoric acid;Phosphoric acid, methylphenyl diphenyl ester",,,,,,,,,,,,,,,,,,,,,,,,,,,,,,,,,,,,,,,,,,,,,,,,,,,,,,,,,,,,,,,,,,,,,,,,,,,,,,,,,,,,,,,,,,,,,,,,,,,,,,,,,,,,,,,,,,,,,,,,,,,,,,,,Human Health Hazards#Repeated Dose Toxicity,Repeated Dose Toxicity HESS,mixture,LOEL,,False,No qualifier,Equal,,,,,,1993,,,,,,Rat,,,,,,,,,,,,,,,,,,,,,,,,,,SD,,OECD TG 422,,,,,,,,,,Relative Organ Weight↑,Male,Main,"National Institute of Health Sciences, Japan",Kidney,ReproTox,Mitsubishi Chemical Safety Institute Ltd.,Organ weights,Oral (Gavage),300,mg/kg bdwt/d,Administered dose(mass),12,mg/kg bdwt/d,Administered dose(mass),25.6,,None,0,d,Time,,,,,,,,,,,,,,,,,,,,,,,,,,,,,,,,,,,,,,,,,,,,,,,,,,,,,,,,,,,,,,,,,,,,,,,,,,,,,,,,,,,,,,,,,,,,,,,,,,,,,,,,,,,,,,,,,,,,,,,,,,,,,,,,,,,,,,,,,,,,,,,,,,,,,,,,,,,,,,,,,,,,,,,,,,,,,,,,,,,,,45,d,Time,300,mg/kg bdwt/d,Administered dose(mass),,,300,mg/kg/d,Administered dose(mass),,
26444-49-5,"Cresyl diphenyl phosphate;Cresyldiphenyl phosphate;Diphenyl cresyl phosphate;diphenyl tolyl phosphate;Methylphenyl diphenyl ester, Phosphoric acid;Phosphoric acid, methylphenyl diphenyl ester",,,,,,,,,,,,,,,,,,,,,,,,,,,,,,,,,,,,,,,,,,,,,,,,,,,,,,,,,,,,,,,,,,,,,,,,,,,,,,,,,,,,,,,,,,,,,,,,,,,,,,,,,,,,,,,,,,,,,,,,,,,,,,,,Human Health Hazards#Repeated Dose Toxicity,Repeated Dose Toxicity HESS,mixture,LOEL,,False,No qualifier,Equal,,,,,,1993,,,,,,Rat,,,,,,,,,,,,,,,,,,,,,,,,,,SD,,OECD TG 422,,,,,,,,,,Absolute Organ Weight↑,Male,Main,"National Institute of Health Sciences, Japan",Liver,ReproTox,Mitsubishi Chemical Safety Institute Ltd.,Organ weights,Oral (Gavage),300,mg/kg bdwt/d,Administered dose(mass),12,mg/kg bdwt/d,Administered dose(mass),25.6,,None,0,d,Time,,,,,,,,,,,,,,,,,,,,,,,,,,,,,,,,,,,,,,,,,,,,,,,,,,,,,,,,,,,,,,,,,,,,,,,,,,,,,,,,,,,,,,,,,,,,,,,,,,,,,,,,,,,,,,,,,,,,,,,,,,,,,,,,,,,,,,,,,,,,,,,,,,,,,,,,,,,,,,,,,,,,,,,,,,,,,,,,,,,,,45,d,Time,60,mg/kg bdwt/d,Administered dose(mass),,,60,mg/kg/d,Administered dose(mass),,
26444-49-5,"Cresyl diphenyl phosphate;Cresyldiphenyl phosphate;Diphenyl cresyl phosphate;diphenyl tolyl phosphate;Methylphenyl diphenyl ester, Phosphoric acid;Phosphoric acid, methylphenyl diphenyl ester",,,,,,,,,,,,,,,,,,,,,,,,,,,,,,,,,,,,,,,,,,,,,,,,,,,,,,,,,,,,,,,,,,,,,,,,,,,,,,,,,,,,,,,,,,,,,,,,,,,,,,,,,,,,,,,,,,,,,,,,,,,,,,,,Human Health Hazards#Repeated Dose Toxicity,Repeated Dose Toxicity HESS,mixture,LOEL,,False,No qualifier,Equal,,,,,,1993,,,,,,Rat,,,,,,,,,,,,,,,,,,,,,,,,,,SD,,OECD TG 422,,,,,,,,,,Enlarged (Necropsy),Male,Main,"National Institute of Health Sciences, Japan",Liver,ReproTox,Mitsubishi Chemical Safety Institute Ltd.,Necropsy,Oral (Gavage),300,mg/kg bdwt/d,Administered dose(mass),12,mg/kg bdwt/d,Administered dose(mass),25.6,,None,0,d,Time,,,,,,,,,,,,,,,,,,,,,,,,,,,,,,,,,,,,,,,,,,,,,,,,,,,,,,,,,,,,,,,,,,,,,,,,,,,,,,,,,,,,,,,,,,,,,,,,,,,,,,,,,,,,,,,,,,,,,,,,,,,,,,,,,,,,,,,,,,,,,,,,,,,,,,,,,,,,,,,,,,,,,,,,,,,,,,,,,,,,,45,d,Time,300,mg/kg bdwt/d,Administered dose(mass),,,300,mg/kg/d,Administered dose(mass),,
26444-49-5,"Cresyl diphenyl phosphate;Cresyldiphenyl phosphate;Diphenyl cresyl phosphate;diphenyl tolyl phosphate;Methylphenyl diphenyl ester, Phosphoric acid;Phosphoric acid, methylphenyl diphenyl ester",,,,,,,,,,,,,,,,,,,,,,,,,,,,,,,,,,,,,,,,,,,,,,,,,,,,,,,,,,,,,,,,,,,,,,,,,,,,,,,,,,,,,,,,,,,,,,,,,,,,,,,,,,,,,,,,,,,,,,,,,,,,,,,,Human Health Hazards#Repeated Dose Toxicity,Repeated Dose Toxicity HESS,mixture,LOEL,,False,No qualifier,Equal,,,,,,1993,,,,,,Rat,,,,,,,,,,,,,,,,,,,,,,,,,,SD,,OECD TG 422,,,,,,,,,,Other Findings,Male,Main,"National Institute of Health Sciences, Japan",Liver,ReproTox,Mitsubishi Chemical Safety Institute Ltd.,Necropsy,Oral (Gavage),300,mg/kg bdwt/d,Administered dose(mass),12,mg/kg bdwt/d,Administered dose(mass),25.6,,None,0,d,Time,,,,,,,,,,,,,,,,,,,,,,,,,,,,,,,,,,,,,,,,,,,,,,,,,,,,,,,,,,,,,,,,,,,,,,,,,,,,,,,,,,,,,,,,,,,,,,,,,,,,,,,,,,,,,,,,,,,,,,,,,,,,,,,,,,,,,,,,,,,,,,,,,,,,,,,,,,,,,,,,,,,,,,,,,,,,,,,,,,,,,45,d,Time,300,mg/kg bdwt/d,Administered dose(mass),,,300,mg/kg/d,Administered dose(mass),,
26444-49-5,"Cresyl diphenyl phosphate;Cresyldiphenyl phosphate;Diphenyl cresyl phosphate;diphenyl tolyl phosphate;Methylphenyl diphenyl ester, Phosphoric acid;Phosphoric acid, methylphenyl diphenyl ester",,,,,,,,,,,,,,,,,,,,,,,,,,,,,,,,,,,,,,,,,,,,,,,,,,,,,,,,,,,,,,,,,,,,,,,,,,,,,,,,,,,,,,,,,,,,,,,,,,,,,,,,,,,,,,,,,,,,,,,,,,,,,,,,Human Health Hazards#Repeated Dose Toxicity,Repeated Dose Toxicity HESS,mixture,LOEL,,False,No qualifier,Equal,,,,,,1993,,,,,,Rat,,,,,,,,,,,,,,,,,,,,,,,,,,SD,,OECD TG 422,,,,,,,,,,Relative Organ Weight↑,Male,Main,"National Institute of Health Sciences, Japan",Liver,ReproTox,Mitsubishi Chemical Safety Institute Ltd.,Organ weights,Oral (Gavage),300,mg/kg bdwt/d,Administered dose(mass),12,mg/kg bdwt/d,Administered dose(mass),25.6,,None,0,d,Time,,,,,,,,,,,,,,,,,,,,,,,,,,,,,,,,,,,,,,,,,,,,,,,,,,,,,,,,,,,,,,,,,,,,,,,,,,,,,,,,,,,,,,,,,,,,,,,,,,,,,,,,,,,,,,,,,,,,,,,,,,,,,,,,,,,,,,,,,,,,,,,,,,,,,,,,,,,,,,,,,,,,,,,,,,,,,,,,,,,,,45,d,Time,60,mg/kg bdwt/d,Administered dose(mass),,,60,mg/kg/d,Administered dose(mass),,
26444-49-5,"Cresyl diphenyl phosphate;Cresyldiphenyl phosphate;Diphenyl cresyl phosphate;diphenyl tolyl phosphate;Methylphenyl diphenyl ester, Phosphoric acid;Phosphoric acid, methylphenyl diphenyl ester",,,,,,,,,,,,,,,,,,,,,,,,,,,,,,,,,,,,,,,,,,,,,,,,,,,,,,,,,,,,,,,,,,,,,,,,,,,,,,,,,,,,,,,,,,,,,,,,,,,,,,,,,,,,,,,,,,,,,,,,,,,,,,,,Human Health Hazards#Repeated Dose Toxicity,Repeated Dose Toxicity HESS,mixture,LOEL,,False,No qualifier,Equal,,,,,,1993,,,,,,Rat,,,,,,,,,,,,,,,,,,,,,,,,,,SD,,OECD TG 422,,,,,,,,,,Necrosis,Male,Main,"National Institute of Health Sciences, Japan",Stomach (Forestomach/Limiting ridge),ReproTox,Mitsubishi Chemical Safety Institute Ltd.,Histopathological findings,Oral (Gavage),300,mg/kg bdwt/d,Administered dose(mass),12,mg/kg bdwt/d,Administered dose(mass),25.6,,None,0,d,Time,,,,,,,,,,,,,,,,,,,,,,,,,,,,,,,,,,,,,,,,,,,,,,,,,,,,,,,,,,,,,,,,,,,,,,,,,,,,,,,,,,,,,,,,,,,,,,,,,,,,,,,,,,,,,,,,,,,,,,,,,,,,,,,,,,,,,,,,,,,,,,,,,,,,,,,,,,,,,,,,,,,,,,,,,,,,,,,,,,,,,45,d,Time,300,mg/kg bdwt/d,Administered dose(mass),,,300,mg/kg/d,Administered dose(mass),,
26444-49-5,"Cresyl diphenyl phosphate;Cresyldiphenyl phosphate;Diphenyl cresyl phosphate;diphenyl tolyl phosphate;Methylphenyl diphenyl ester, Phosphoric acid;Phosphoric acid, methylphenyl diphenyl ester",,,,,,,,,,,,,,,,,,,,,,,,,,,,,,,,,,,,,,,,,,,,,,,,,,,,,,,,,,,,,,,,,,,,,,,,,,,,,,,,,,,,,,,,,,,,,,,,,,,,,,,,,,,,,,,,,,,,,,,,,,,,,,,,Human Health Hazards#Repeated Dose Toxicity,Repeated Dose Toxicity HESS,mixture,LOEL,,False,No qualifier,Equal,,,,,,1993,,,,,,Rat,,,,,,,,,,,,,,,,,,,,,,,,,,SD,,OECD TG 422,,,,,,,,,,Other Findings,Male,Main,"National Institute of Health Sciences, Japan",Stomach (Forestomach/Limiting ridge),ReproTox,Mitsubishi Chemical Safety Institute Ltd.,Necropsy,Oral (Gavage),300,mg/kg bdwt/d,Administered dose(mass),12,mg/kg bdwt/d,Administered dose(mass),25.6,,None,0,d,Time,,,,,,,,,,,,,,,,,,,,,,,,,,,,,,,,,,,,,,,,,,,,,,,,,,,,,,,,,,,,,,,,,,,,,,,,,,,,,,,,,,,,,,,,,,,,,,,,,,,,,,,,,,,,,,,,,,,,,,,,,,,,,,,,,,,,,,,,,,,,,,,,,,,,,,,,,,,,,,,,,,,,,,,,,,,,,,,,,,,,,45,d,Time,300,mg/kg bdwt/d,Administered dose(mass),,,300,mg/kg/d,Administered dose(mass),,
26444-49-5,"Cresyl diphenyl phosphate;Cresyldiphenyl phosphate;Diphenyl cresyl phosphate;diphenyl tolyl phosphate;Methylphenyl diphenyl ester, Phosphoric acid;Phosphoric acid, methylphenyl diphenyl ester",,,,,,,,,,,,,,,,,,,,,,,,,,,,,,,,,,,,,,,,,,,,,,,,,,,,,,,,,,,,,,,,,,,,,,,,,,,,,,,,,,,,,,,,,,,,,,,,,,,,,,,,,,,,,,,,,,,,,,,,,,,,,,,,Human Health Hazards#Repeated Dose Toxicity,Repeated Dose Toxicity HESS,mixture,LOEL,,False,No qualifier,Equal,,,,,,1993,,,,,,Rat,,,,,,,,,,,,,,,,,,,,,,,,,,SD,,OECD TG 422,,,,,,,,,,Necrosis,Male,Main,"National Institute of Health Sciences, Japan",Stomach (Glandular stomach),ReproTox,Mitsubishi Chemical Safety Institute Ltd.,Histopathological findings,Oral (Gavage),300,mg/kg bdwt/d,Administered dose(mass),12,mg/kg bdwt/d,Administered dose(mass),25.6,,None,0,d,Time,,,,,,,,,,,,,,,,,,,,,,,,,,,,,,,,,,,,,,,,,,,,,,,,,,,,,,,,,,,,,,,,,,,,,,,,,,,,,,,,,,,,,,,,,,,,,,,,,,,,,,,,,,,,,,,,,,,,,,,,,,,,,,,,,,,,,,,,,,,,,,,,,,,,,,,,,,,,,,,,,,,,,,,,,,,,,,,,,,,,,45,d,Time,300,mg/kg bdwt/d,Administered dose(mass),,,300,mg/kg/d,Administered dose(mass),,
26444-49-5,"Cresyl diphenyl phosphate;Cresyldiphenyl phosphate;Diphenyl cresyl phosphate;diphenyl tolyl phosphate;Methylphenyl diphenyl ester, Phosphoric acid;Phosphoric acid, methylphenyl diphenyl ester",,,,,,,,,,,,,,,,,,,,,,,,,,,,,,,,,,,,,,,,,,,,,,,,,,,,,,,,,,,,,,,,,,,,,,,,,,,,,,,,,,,,,,,,,,,,,,,,,,,,,,,,,,,,,,,,,,,,,,,,,,,,,,,,Human Health Hazards#Repeated Dose Toxicity,Repeated Dose Toxicity HESS,mixture,LOEL,,False,No qualifier,Equal,,,,,,1993,,,,,,Rat,,,,,,,,,,,,,,,,,,,,,,,,,,SD,,OECD TG 422,,,,,,,,,,Other Findings,Male,Main,"National Institute of Health Sciences, Japan",Stomach (Glandular stomach),ReproTox,Mitsubishi Chemical Safety Institute Ltd.,Necropsy,Oral (Gavage),300,mg/kg bdwt/d,Administered dose(mass),12,mg/kg bdwt/d,Administered dose(mass),25.6,,None,0,d,Time,,,,,,,,,,,,,,,,,,,,,,,,,,,,,,,,,,,,,,,,,,,,,,,,,,,,,,,,,,,,,,,,,,,,,,,,,,,,,,,,,,,,,,,,,,,,,,,,,,,,,,,,,,,,,,,,,,,,,,,,,,,,,,,,,,,,,,,,,,,,,,,,,,,,,,,,,,,,,,,,,,,,,,,,,,,,,,,,,,,,,45,d,Time,300,mg/kg bdwt/d,Administered dose(mass),,,300,mg/kg/d,Administered dose(mass),,
26444-49-5,"Cresyl diphenyl phosphate;Cresyldiphenyl phosphate;Diphenyl cresyl phosphate;diphenyl tolyl phosphate;Methylphenyl diphenyl ester, Phosphoric acid;Phosphoric acid, methylphenyl diphenyl ester",,,,,,,,,,,,,,,,,,,,,,,,,,,,,,,,,,,,,,,,,,,,,,,,,,,,,,,,,,,,,,,,,,,,,,,,,,,,,,,,,,,,,,,,,,,,,,,,,,,,,,,,,,,,,,,,,,,,,,,,,,,,,,,,Human Health Hazards#Repeated Dose Toxicity,Repeated Dose Toxicity HESS,mixture,LOEL,,False,No qualifier,Equal,,,,,,1993,,,,,,Rat,,,,,,,,,,,,,,,,,,,,,,,,,,SD,,OECD TG 422,,,,,,,,,,Atrophy (Necropsy),Male,Main,"National Institute of Health Sciences, Japan",Testis,ReproTox,Mitsubishi Chemical Safety Institute Ltd.,Necropsy,Oral (Gavage),300,mg/kg bdwt/d,Administered dose(mass),12,mg/kg bdwt/d,Administered dose(mass),25.6,,None,0,d,Time,,,,,,,,,,,,,,,,,,,,,,,,,,,,,,,,,,,,,,,,,,,,,,,,,,,,,,,,,,,,,,,,,,,,,,,,,,,,,,,,,,,,,,,,,,,,,,,,,,,,,,,,,,,,,,,,,,,,,,,,,,,,,,,,,,,,,,,,,,,,,,,,,,,,,,,,,,,,,,,,,,,,,,,,,,,,,,,,,,,,,45,d,Time,300,mg/kg bdwt/d,Administered dose(mass),,,300,mg/kg/d,Administered dose(mass),,
26444-49-5,"Cresyl diphenyl phosphate;Cresyldiphenyl phosphate;Diphenyl cresyl phosphate;diphenyl tolyl phosphate;Methylphenyl diphenyl ester, Phosphoric acid;Phosphoric acid, methylphenyl diphenyl ester",,,,,,,,,,,,,,,,,,,,,,,,,,,,,,,,,,,,,,,,,,,,,,,,,,,,,,,,,,,,,,,,,,,,,,,,,,,,,,,,,,,,,,,,,,,,,,,,,,,,,,,,,,,,,,,,,,,,,,,,,,,,,,,,Human Health Hazards#Repeated Dose Toxicity,Repeated Dose Toxicity HESS,mixture,LOEL,,False,No qualifier,Equal,,,,,,1993,,,,,,Rat,,,,,,,,,,,,,,,,,,,,,,,,,,SD,,OECD TG 422,,,,,,,,,,Atrophy Seminiferous,Male,Main,"National Institute of Health Sciences, Japan",Testis,ReproTox,Mitsubishi Chemical Safety Institute Ltd.,Histopathological findings,Oral (Gavage),300,mg/kg bdwt/d,Administered dose(mass),12,mg/kg bdwt/d,Administered dose(mass),25.6,,None,0,d,Time,,,,,,,,,,,,,,,,,,,,,,,,,,,,,,,,,,,,,,,,,,,,,,,,,,,,,,,,,,,,,,,,,,,,,,,,,,,,,,,,,,,,,,,,,,,,,,,,,,,,,,,,,,,,,,,,,,,,,,,,,,,,,,,,,,,,,,,,,,,,,,,,,,,,,,,,,,,,,,,,,,,,,,,,,,,,,,,,,,,,,45,d,Time,300,mg/kg bdwt/d,Administered dose(mass),,,300,mg/kg/d,Administered dose(mass),,
26444-49-5,"Cresyl diphenyl phosphate;Cresyldiphenyl phosphate;Diphenyl cresyl phosphate;diphenyl tolyl phosphate;Methylphenyl diphenyl ester, Phosphoric acid;Phosphoric acid, methylphenyl diphenyl ester",,,,,,,,,,,,,,,,,,,,,,,,,,,,,,,,,,,,,,,,,,,,,,,,,,,,,,,,,,,,,,,,,,,,,,,,,,,,,,,,,,,,,,,,,,,,,,,,,,,,,,,,,,,,,,,,,,,,,,,,,,,,,,,,Human Health Hazards#Repeated Dose Toxicity,Repeated Dose Toxicity HESS,mixture,LOEL,,False,No qualifier,Equal,,,,,,1993,,,,,,Rat,,,,,,,,,,,,,,,,,,,,,,,,,,SD,,OECD TG 422,,,,,,,,,,PH↓,Male,Main,"National Institute of Health Sciences, Japan",Urine,ReproTox,Mitsubishi Chemical Safety Institute Ltd.,Urinalysis,Oral (Gavage),300,mg/kg bdwt/d,Administered dose(mass),12,mg/kg bdwt/d,Administered dose(mass),25.6,,None,0,d,Time,,,,,,,,,,,,,,,,,,,,,,,,,,,,,,,,,,,,,,,,,,,,,,,,,,,,,,,,,,,,,,,,,,,,,,,,,,,,,,,,,,,,,,,,,,,,,,,,,,,,,,,,,,,,,,,,,,,,,,,,,,,,,,,,,,,,,,,,,,,,,,,,,,,,,,,,,,,,,,,,,,,,,,,,,,,,,,,,,,,,,45,d,Time,300,mg/kg bdwt/d,Administered dose(mass),,,300,mg/kg/d,Administered dose(mass),,
26444-49-5,"Cresyl diphenyl phosphate;Cresyldiphenyl phosphate;Diphenyl cresyl phosphate;diphenyl tolyl phosphate;Methylphenyl diphenyl ester, Phosphoric acid;Phosphoric acid, methylphenyl diphenyl ester",,,,,,,,,,,,,,,,,,,,,,,,,,,,,,,,,,,,,,,,,,,,,,,,,,,,,,,,,,,,,,,,,,,,,,,,,,,,,,,,,,,,,,,,,,,,,,,,,,,,,,,,,,,,,,,,,,,,,,,,,,,,,,,,Human Health Hazards#Repeated Dose Toxicity,Repeated Dose Toxicity HESS,mixture,LOEL,,False,No qualifier,Equal,,,,,,1993,,,,,,Rat,,,,,,,,,,,,,,,,,,,,,,,,,,SD,,OECD TG 422,,,,,,,,,,Specific Gravity↓,Male,Main,"National Institute of Health Sciences, Japan",Urine,ReproTox,Mitsubishi Chemical Safety Institute Ltd.,Urinalysis,Oral (Gavage),300,mg/kg bdwt/d,Administered dose(mass),12,mg/kg bdwt/d,Administered dose(mass),25.6,,None,0,d,Time,,,,,,,,,,,,,,,,,,,,,,,,,,,,,,,,,,,,,,,,,,,,,,,,,,,,,,,,,,,,,,,,,,,,,,,,,,,,,,,,,,,,,,,,,,,,,,,,,,,,,,,,,,,,,,,,,,,,,,,,,,,,,,,,,,,,,,,,,,,,,,,,,,,,,,,,,,,,,,,,,,,,,,,,,,,,,,,,,,,,,45,d,Time,300,mg/kg bdwt/d,Administered dose(mass),,,300,mg/kg/d,Administered dose(mass),,
26444-49-5,"Cresyl diphenyl phosphate;Cresyldiphenyl phosphate;Diphenyl cresyl phosphate;diphenyl tolyl phosphate;Methylphenyl diphenyl ester, Phosphoric acid;Phosphoric acid, methylphenyl diphenyl ester",,,,,,,,,,,,,,,,,,,,,,,,,,,,,,,,,,,,,,,,,,,,,,,,,,,,,,,,,,,,,,,,,,,,,,,,,,,,,,,,,,,,,,,,,,,,,,,,,,,,,,,,,,,,,,,,,,,,,,,,,,,,,,,,Human Health Hazards#Repeated Dose Toxicity,Repeated Dose Toxicity HESS,mixture,LOEL,,False,No qualifier,Equal,,,,,,1993,,,,,,Rat,,,,,,,,,,,,,,,,,,,,,,,,,,SD,,OECD TG 422,,,,,,,,,,Urine Volume↑,Male,Main,"National Institute of Health Sciences, Japan",Urine,ReproTox,Mitsubishi Chemical Safety Institute Ltd.,Urinalysis,Oral (Gavage),300,mg/kg bdwt/d,Administered dose(mass),12,mg/kg bdwt/d,Administered dose(mass),25.6,,None,0,d,Time,,,,,,,,,,,,,,,,,,,,,,,,,,,,,,,,,,,,,,,,,,,,,,,,,,,,,,,,,,,,,,,,,,,,,,,,,,,,,,,,,,,,,,,,,,,,,,,,,,,,,,,,,,,,,,,,,,,,,,,,,,,,,,,,,,,,,,,,,,,,,,,,,,,,,,,,,,,,,,,,,,,,,,,,,,,,,,,,,,,,,45,d,Time,300,mg/kg bdwt/d,Administered dose(mass),,,300,mg/kg/d,Administered dose(mass),,
26444-49-5,"Cresyl diphenyl phosphate;Cresyldiphenyl phosphate;Diphenyl cresyl phosphate;diphenyl tolyl phosphate;Methylphenyl diphenyl ester, Phosphoric acid;Phosphoric acid, methylphenyl diphenyl ester",,,,,,,,,,,,,,,,,,,,,,,,,,,,,,,,,,,,,,,,,,,,,,,,,,,,,,,,,,,,,,,,,,,,,,,,,,,,,,,,,,,,,,,,,,,,,,,,,,,,,,,,,,,,,,,,,,,,,,,,,,,,,,,,Human Health Hazards#Repeated Dose Toxicity,Repeated Dose Toxicity HESS,mixture,LOEL,,False,No qualifier,Equal,,,,,,1993,,,,,,Rat,,,,,,,,,,,,,,,,,,,,,,,,,,SD,,OECD TG 422,,,,,,,,,,Salivation,Male,Main,"National Institute of Health Sciences, Japan",Whole body,ReproTox,Mitsubishi Chemical Safety Institute Ltd.,General signs,Oral (Gavage),300,mg/kg bdwt/d,Administered dose(mass),12,mg/kg bdwt/d,Administered dose(mass),25.6,,None,0,d,Time,,,,,,,,,,,,,,,,,,,,,,,,,,,,,,,,,,,,,,,,,,,,,,,,,,,,,,,,,,,,,,,,,,,,,,,,,,,,,,,,,,,,,,,,,,,,,,,,,,,,,,,,,,,,,,,,,,,,,,,,,,,,,,,,,,,,,,,,,,,,,,,,,,,,,,,,,,,,,,,,,,,,,,,,,,,,,,,,,,,,,45,d,Time,60,mg/kg bdwt/d,Administered dose(mass),,,60,mg/kg/d,Administered dose(mass),,
26444-49-5,"Cresyl diphenyl phosphate;Cresyldiphenyl phosphate;Diphenyl cresyl phosphate;diphenyl tolyl phosphate;Methylphenyl diphenyl ester, Phosphoric acid;Phosphoric acid, methylphenyl diphenyl ester",,,,,,,,,,,,,,,,,,,,,,,,,,,,,,,,,,,,,,,,,,,,,,,,,,,,,,,,,,,,,,,,,,,,,,,,,,,,,,,,,,,,,,,,,,,,,,,,,,,,,,,,,,,,,,,,,,,,,,,,,,,,,,,,Human Health Hazards#Repeated Dose Toxicity,Repeated Dose Toxicity HESS,mixture,LOEL,,False,No qualifier,Equal,,,,,,1993,,,,,,Rat,,,,,,,,,,,,,,,,,,,,,,,,,,SD,,OECD TG 422,,,,,,,,,,Total,Male,Main,"National Institute of Health Sciences, Japan",Whole body,ReproTox,Mitsubishi Chemical Safety Institute Ltd.,NOEL/LOEL,Oral (Gavage),300,mg/kg bdwt/d,Administered dose(mass),12,mg/kg bdwt/d,Administered dose(mass),25.6,,None,0,d,Time,,,,,,,,,,,,,,,,,,,,,,,,,,,,,,,,,,,,,,,,,,,,,,,,,,,,,,,,,,,,,,,,,,,,,,,,,,,,,,,,,,,,,,,,,,,,,,,,,,,,,,,,,,,,,,,,,,,,,,,,,,,,,,,,,,,,,,,,,,,,,,,,,,,,,,,,,,,,,,,,,,,,,,,,,,,,,,,,,,,,,45,d,Time,60,mg/kg bdwt/d,Administered dose(mass),,,60,mg/kg/d,Administered dose(mass),,
26444-49-5,"Cresyl diphenyl phosphate;Cresyldiphenyl phosphate;Diphenyl cresyl phosphate;diphenyl tolyl phosphate;Methylphenyl diphenyl ester, Phosphoric acid;Phosphoric acid, methylphenyl diphenyl ester",,,,,,,,,,,,,,,,,,,,,,,,,,,,,,,,,,,,,,,,,,,,,,,,,,,,,,,,,,,,,,,,,,,,,,,,,,,,,,,,,,,,,,,,,,,,,,,,,,,,,,,,,,,,,,,,,,,,,,,,,,,,,,,,Human Health Hazards#Repeated Dose Toxicity,Repeated Dose Toxicity HESS,mixture,LOEL,,False,No qualifier,Equal,,,,,,1993,,,,,,Rat,,,,,,,,,,,,,,,,,,,,,,,,,,SD,,OECD TG 422,,,,,,,,,,Water Consumption↑,Male,Main,"National Institute of Health Sciences, Japan",Whole body,ReproTox,Mitsubishi Chemical Safety Institute Ltd.,General signs,Oral (Gavage),300,mg/kg bdwt/d,Administered dose(mass),12,mg/kg bdwt/d,Administered dose(mass),25.6,,None,0,d,Time,,,,,,,,,,,,,,,,,,,,,,,,,,,,,,,,,,,,,,,,,,,,,,,,,,,,,,,,,,,,,,,,,,,,,,,,,,,,,,,,,,,,,,,,,,,,,,,,,,,,,,,,,,,,,,,,,,,,,,,,,,,,,,,,,,,,,,,,,,,,,,,,,,,,,,,,,,,,,,,,,,,,,,,,,,,,,,,,,,,,,45,d,Time,300,mg/kg bdwt/d,Administered dose(mass),,,300,mg/kg/d,Administered dose(mass),,
26444-49-5,"Cresyl diphenyl phosphate;Cresyldiphenyl phosphate;Diphenyl cresyl phosphate;diphenyl tolyl phosphate;Methylphenyl diphenyl ester, Phosphoric acid;Phosphoric acid, methylphenyl diphenyl ester",,,,,,,,,,,,,,,,,,,,,,,,,,,,,,,,,,,,,,,,,,,,,,,,,,,,,,,,,,,,,,,,,,,,,,,,,,,,,,,,,,,,,,,,,,,,,,,,,,,,,,,,,,,,,,,,,,,,,,,,,,,,,,,,Human Health Hazards#Repeated Dose Toxicity,Repeated Dose Toxicity HESS,mixture,NOEL,,False,No qualifier,Equal,,,,,,1993,,,,,,Rat,,,,,,,,,,,,,,,,,,,,,,,,,,SD,,OECD TG 422,,,,,,,,,,Absolute Organ Weight↑,Male,Main,"National Institute of Health Sciences, Japan",Adrenal Gland,ReproTox,Mitsubishi Chemical Safety Institute Ltd.,Organ weights,Oral (Gavage),300,mg/kg bdwt/d,Administered dose(mass),12,mg/kg bdwt/d,Administered dose(mass),25.6,,None,0,d,Time,,,,,,,,,,,,,,,,,,,,,,,,,,,,,,,,,,,,,,,,,,,,,,,,,,,,,,,,,,,,,,,,,,,,,,,,,,,,,,,,,,,,,,,,,,,,,,,,,,,,,,,,,,,,,,,,,,,,,,,,,,,,,,,,,,,,,,,,,,,,,,,,,,,,,,,,,,,,,,,,,,,,,,,,,,,,,,,,,,,,,45,d,Time,12,mg/kg bdwt/d,Administered dose(mass),,,12,mg/kg/d,Administered dose(mass),,
26444-49-5,"Cresyl diphenyl phosphate;Cresyldiphenyl phosphate;Diphenyl cresyl phosphate;diphenyl tolyl phosphate;Methylphenyl diphenyl ester, Phosphoric acid;Phosphoric acid, methylphenyl diphenyl ester",,,,,,,,,,,,,,,,,,,,,,,,,,,,,,,,,,,,,,,,,,,,,,,,,,,,,,,,,,,,,,,,,,,,,,,,,,,,,,,,,,,,,,,,,,,,,,,,,,,,,,,,,,,,,,,,,,,,,,,,,,,,,,,,Human Health Hazards#Repeated Dose Toxicity,Repeated Dose Toxicity HESS,mixture,NOEL,,False,No qualifier,Equal,,,,,,1993,,,,,,Rat,,,,,,,,,,,,,,,,,,,,,,,,,,SD,,OECD TG 422,,,,,,,,,,Absolute Organ Weight↓,Male,Main,"National Institute of Health Sciences, Japan",Adrenal Gland,ReproTox,Mitsubishi Chemical Safety Institute Ltd.,Organ weights,Oral (Gavage),300,mg/kg bdwt/d,Administered dose(mass),12,mg/kg bdwt/d,Administered dose(mass),25.6,,None,0,d,Time,,,,,,,,,,,,,,,,,,,,,,,,,,,,,,,,,,,,,,,,,,,,,,,,,,,,,,,,,,,,,,,,,,,,,,,,,,,,,,,,,,,,,,,,,,,,,,,,,,,,,,,,,,,,,,,,,,,,,,,,,,,,,,,,,,,,,,,,,,,,,,,,,,,,,,,,,,,,,,,,,,,,,,,,,,,,,,,,,,,,,45,d,Time,300,mg/kg bdwt/d,Administered dose(mass),,,300,mg/kg/d,Administered dose(mass),,
26444-49-5,"Cresyl diphenyl phosphate;Cresyldiphenyl phosphate;Diphenyl cresyl phosphate;diphenyl tolyl phosphate;Methylphenyl diphenyl ester, Phosphoric acid;Phosphoric acid, methylphenyl diphenyl ester",,,,,,,,,,,,,,,,,,,,,,,,,,,,,,,,,,,,,,,,,,,,,,,,,,,,,,,,,,,,,,,,,,,,,,,,,,,,,,,,,,,,,,,,,,,,,,,,,,,,,,,,,,,,,,,,,,,,,,,,,,,,,,,,Human Health Hazards#Repeated Dose Toxicity,Repeated Dose Toxicity HESS,mixture,NOEL,,False,No qualifier,Equal,,,,,,1993,,,,,,Rat,,,,,,,,,,,,,,,,,,,,,,,,,,SD,,OECD TG 422,,,,,,,,,,Atrophy (Necropsy),Male,Main,"National Institute of Health Sciences, Japan",Adrenal Gland,ReproTox,Mitsubishi Chemical Safety Institute Ltd.,Necropsy,Oral (Gavage),300,mg/kg bdwt/d,Administered dose(mass),12,mg/kg bdwt/d,Administered dose(mass),25.6,,None,0,d,Time,,,,,,,,,,,,,,,,,,,,,,,,,,,,,,,,,,,,,,,,,,,,,,,,,,,,,,,,,,,,,,,,,,,,,,,,,,,,,,,,,,,,,,,,,,,,,,,,,,,,,,,,,,,,,,,,,,,,,,,,,,,,,,,,,,,,,,,,,,,,,,,,,,,,,,,,,,,,,,,,,,,,,,,,,,,,,,,,,,,,,45,d,Time,300,mg/kg bdwt/d,Administered dose(mass),,,300,mg/kg/d,Administered dose(mass),,
26444-49-5,"Cresyl diphenyl phosphate;Cresyldiphenyl phosphate;Diphenyl cresyl phosphate;diphenyl tolyl phosphate;Methylphenyl diphenyl ester, Phosphoric acid;Phosphoric acid, methylphenyl diphenyl ester",,,,,,,,,,,,,,,,,,,,,,,,,,,,,,,,,,,,,,,,,,,,,,,,,,,,,,,,,,,,,,,,,,,,,,,,,,,,,,,,,,,,,,,,,,,,,,,,,,,,,,,,,,,,,,,,,,,,,,,,,,,,,,,,Human Health Hazards#Repeated Dose Toxicity,Repeated Dose Toxicity HESS,mixture,NOEL,,False,No qualifier,Equal,,,,,,1993,,,,,,Rat,,,,,,,,,,,,,,,,,,,,,,,,,,SD,,OECD TG 422,,,,,,,,,,Cell Hypertrophy,Male,Main,"National Institute of Health Sciences, Japan",Adrenal Gland,ReproTox,Mitsubishi Chemical Safety Institute Ltd.,Histopathological findings,Oral (Gavage),300,mg/kg bdwt/d,Administered dose(mass),12,mg/kg bdwt/d,Administered dose(mass),25.6,,None,0,d,Time,,,,,,,,,,,,,,,,,,,,,,,,,,,,,,,,,,,,,,,,,,,,,,,,,,,,,,,,,,,,,,,Zona reticularis,,,,,,,,,,,,,,,,,,,,,,,,,,,,,,,,,,,,,,,,,,,,,,,,,,,,,,,,,,,,,,,,,,,,,,,,,,,,,,,,,,,,,,,,,,,,,,,,,,,,,,,,,,,,,,,,,,,,,,45,d,Time,300,mg/kg bdwt/d,Administered dose(mass),,,300,mg/kg/d,Administered dose(mass),,
26444-49-5,"Cresyl diphenyl phosphate;Cresyldiphenyl phosphate;Diphenyl cresyl phosphate;diphenyl tolyl phosphate;Methylphenyl diphenyl ester, Phosphoric acid;Phosphoric acid, methylphenyl diphenyl ester",,,,,,,,,,,,,,,,,,,,,,,,,,,,,,,,,,,,,,,,,,,,,,,,,,,,,,,,,,,,,,,,,,,,,,,,,,,,,,,,,,,,,,,,,,,,,,,,,,,,,,,,,,,,,,,,,,,,,,,,,,,,,,,,Human Health Hazards#Repeated Dose Toxicity,Repeated Dose Toxicity HESS,mixture,NOEL,,False,No qualifier,Equal,,,,,,1993,,,,,,Rat,,,,,,,,,,,,,,,,,,,,,,,,,,SD,,OECD TG 422,,,,,,,,,,Cell Hypertrophy,Male,Main,"National Institute of Health Sciences, Japan",Adrenal Gland,ReproTox,Mitsubishi Chemical Safety Institute Ltd.,Histopathological findings,Oral (Gavage),300,mg/kg bdwt/d,Administered dose(mass),12,mg/kg bdwt/d,Administered dose(mass),25.6,,None,0,d,Time,,,,,,,,,,,,,,,,,,,,,,,,,,,,,,,,,,,,,,,,,,,,,,,,,,,,,,,,,,,,,,,Zona fasciculata,,,,,,,,,,,,,,,,,,,,,,,,,,,,,,,,,,,,,,,,,,,,,,,,,,,,,,,,,,,,,,,,,,,,,,,,,,,,,,,,,,,,,,,,,,,,,,,,,,,,,,,,,,,,,,,,,,,,,,45,d,Time,300,mg/kg bdwt/d,Administered dose(mass),,,300,mg/kg/d,Administered dose(mass),,
26444-49-5,"Cresyl diphenyl phosphate;Cresyldiphenyl phosphate;Diphenyl cresyl phosphate;diphenyl tolyl phosphate;Methylphenyl diphenyl ester, Phosphoric acid;Phosphoric acid, methylphenyl diphenyl ester",,,,,,,,,,,,,,,,,,,,,,,,,,,,,,,,,,,,,,,,,,,,,,,,,,,,,,,,,,,,,,,,,,,,,,,,,,,,,,,,,,,,,,,,,,,,,,,,,,,,,,,,,,,,,,,,,,,,,,,,,,,,,,,,Human Health Hazards#Repeated Dose Toxicity,Repeated Dose Toxicity HESS,mixture,NOEL,,False,No qualifier,Equal,,,,,,1993,,,,,,Rat,,,,,,,,,,,,,,,,,,,,,,,,,,SD,,OECD TG 422,,,,,,,,,,Cell Hypertrophy,Male,Main,"National Institute of Health Sciences, Japan",Adrenal Gland,ReproTox,Mitsubishi Chemical Safety Institute Ltd.,Histopathological findings,Oral (Gavage),300,mg/kg bdwt/d,Administered dose(mass),12,mg/kg bdwt/d,Administered dose(mass),25.6,,None,0,d,Time,,,,,,,,,,,,,,,,,,,,,,,,,,,,,,,,,,,,,,,,,,,,,,,,,,,,,,,,,,,,,,,Zona glomerulosa,,,,,,,,,,,,,,,,,,,,,,,,,,,,,,,,,,,,,,,,,,,,,,,,,,,,,,,,,,,,,,,,,,,,,,,,,,,,,,,,,,,,,,,,,,,,,,,,,,,,,,,,,,,,,,,,,,,,,,45,d,Time,300,mg/kg bdwt/d,Administered dose(mass),,,300,mg/kg/d,Administered dose(mass),,
26444-49-5,"Cresyl diphenyl phosphate;Cresyldiphenyl phosphate;Diphenyl cresyl phosphate;diphenyl tolyl phosphate;Methylphenyl diphenyl ester, Phosphoric acid;Phosphoric acid, methylphenyl diphenyl ester",,,,,,,,,,,,,,,,,,,,,,,,,,,,,,,,,,,,,,,,,,,,,,,,,,,,,,,,,,,,,,,,,,,,,,,,,,,,,,,,,,,,,,,,,,,,,,,,,,,,,,,,,,,,,,,,,,,,,,,,,,,,,,,,Human Health Hazards#Repeated Dose Toxicity,Repeated Dose Toxicity HESS,mixture,NOEL,,False,No qualifier,Equal,,,,,,1993,,,,,,Rat,,,,,,,,,,,,,,,,,,,,,,,,,,SD,,OECD TG 422,,,,,,,,,,Enlarged (Necropsy),Male,Main,"National Institute of Health Sciences, Japan",Adrenal Gland,ReproTox,Mitsubishi Chemical Safety Institute Ltd.,Necropsy,Oral (Gavage),300,mg/kg bdwt/d,Administered dose(mass),12,mg/kg bdwt/d,Administered dose(mass),25.6,,None,0,d,Time,,,,,,,,,,,,,,,,,,,,,,,,,,,,,,,,,,,,,,,,,,,,,,,,,,,,,,,,,,,,,,,,,,,,,,,,,,,,,,,,,,,,,,,,,,,,,,,,,,,,,,,,,,,,,,,,,,,,,,,,,,,,,,,,,,,,,,,,,,,,,,,,,,,,,,,,,,,,,,,,,,,,,,,,,,,,,,,,,,,,,45,d,Time,12,mg/kg bdwt/d,Administered dose(mass),,,12,mg/kg/d,Administered dose(mass),,
26444-49-5,"Cresyl diphenyl phosphate;Cresyldiphenyl phosphate;Diphenyl cresyl phosphate;diphenyl tolyl phosphate;Methylphenyl diphenyl ester, Phosphoric acid;Phosphoric acid, methylphenyl diphenyl ester",,,,,,,,,,,,,,,,,,,,,,,,,,,,,,,,,,,,,,,,,,,,,,,,,,,,,,,,,,,,,,,,,,,,,,,,,,,,,,,,,,,,,,,,,,,,,,,,,,,,,,,,,,,,,,,,,,,,,,,,,,,,,,,,Human Health Hazards#Repeated Dose Toxicity,Repeated Dose Toxicity HESS,mixture,NOEL,,False,No qualifier,Equal,,,,,,1993,,,,,,Rat,,,,,,,,,,,,,,,,,,,,,,,,,,SD,,OECD TG 422,,,,,,,,,,Other Findings,Male,Main,"National Institute of Health Sciences, Japan",Adrenal Gland,ReproTox,Mitsubishi Chemical Safety Institute Ltd.,Histopathological findings,Oral (Gavage),300,mg/kg bdwt/d,Administered dose(mass),12,mg/kg bdwt/d,Administered dose(mass),25.6,,None,0,d,Time,,,,,,,,,,,,,,,,,,,,,,,,,,,,,,,,,,,,,,,,,,,,,,,,,,,,,,,,,,,,,,,Zona reticularis,,,,,,,,,,,,,,,,,,,,,,,,,,,,,,,,,,,,,,,,,,,,,,,,,,,,,,,,,,,,,,,,,,,,,,,,,,,,,,,,,,,,,,,,,,,,,,,,,,,,,,,,,,,,,,,,,,,,,,45,d,Time,300,mg/kg bdwt/d,Administered dose(mass),,,300,mg/kg/d,Administered dose(mass),,
26444-49-5,"Cresyl diphenyl phosphate;Cresyldiphenyl phosphate;Diphenyl cresyl phosphate;diphenyl tolyl phosphate;Methylphenyl diphenyl ester, Phosphoric acid;Phosphoric acid, methylphenyl diphenyl ester",,,,,,,,,,,,,,,,,,,,,,,,,,,,,,,,,,,,,,,,,,,,,,,,,,,,,,,,,,,,,,,,,,,,,,,,,,,,,,,,,,,,,,,,,,,,,,,,,,,,,,,,,,,,,,,,,,,,,,,,,,,,,,,,Human Health Hazards#Repeated Dose Toxicity,Repeated Dose Toxicity HESS,mixture,NOEL,,False,No qualifier,Equal,,,,,,1993,,,,,,Rat,,,,,,,,,,,,,,,,,,,,,,,,,,SD,,OECD TG 422,,,,,,,,,,Other Findings,Male,Main,"National Institute of Health Sciences, Japan",Adrenal Gland,ReproTox,Mitsubishi Chemical Safety Institute Ltd.,Histopathological findings,Oral (Gavage),300,mg/kg bdwt/d,Administered dose(mass),12,mg/kg bdwt/d,Administered dose(mass),25.6,,None,0,d,Time,,,,,,,,,,,,,,,,,,,,,,,,,,,,,,,,,,,,,,,,,,,,,,,,,,,,,,,,,,,,,,,Zona fasciculata,,,,,,,,,,,,,,,,,,,,,,,,,,,,,,,,,,,,,,,,,,,,,,,,,,,,,,,,,,,,,,,,,,,,,,,,,,,,,,,,,,,,,,,,,,,,,,,,,,,,,,,,,,,,,,,,,,,,,,45,d,Time,300,mg/kg bdwt/d,Administered dose(mass),,,300,mg/kg/d,Administered dose(mass),,
26444-49-5,"Cresyl diphenyl phosphate;Cresyldiphenyl phosphate;Diphenyl cresyl phosphate;diphenyl tolyl phosphate;Methylphenyl diphenyl ester, Phosphoric acid;Phosphoric acid, methylphenyl diphenyl ester",,,,,,,,,,,,,,,,,,,,,,,,,,,,,,,,,,,,,,,,,,,,,,,,,,,,,,,,,,,,,,,,,,,,,,,,,,,,,,,,,,,,,,,,,,,,,,,,,,,,,,,,,,,,,,,,,,,,,,,,,,,,,,,,Human Health Hazards#Repeated Dose Toxicity,Repeated Dose Toxicity HESS,mixture,NOEL,,False,No qualifier,Equal,,,,,,1993,,,,,,Rat,,,,,,,,,,,,,,,,,,,,,,,,,,SD,,OECD TG 422,,,,,,,,,,Other Findings,Male,Main,"National Institute of Health Sciences, Japan",Adrenal Gland,ReproTox,Mitsubishi Chemical Safety Institute Ltd.,Histopathological findings,Oral (Gavage),300,mg/kg bdwt/d,Administered dose(mass),12,mg/kg bdwt/d,Administered dose(mass),25.6,,None,0,d,Time,,,,,,,,,,,,,,,,,,,,,,,,,,,,,,,,,,,,,,,,,,,,,,,,,,,,,,,,,,,,,,,Zona glomerulosa,,,,,,,,,,,,,,,,,,,,,,,,,,,,,,,,,,,,,,,,,,,,,,,,,,,,,,,,,,,,,,,,,,,,,,,,,,,,,,,,,,,,,,,,,,,,,,,,,,,,,,,,,,,,,,,,,,,,,,45,d,Time,300,mg/kg bdwt/d,Administered dose(mass),,,300,mg/kg/d,Administered dose(mass),,
26444-49-5,"Cresyl diphenyl phosphate;Cresyldiphenyl phosphate;Diphenyl cresyl phosphate;diphenyl tolyl phosphate;Methylphenyl diphenyl ester, Phosphoric acid;Phosphoric acid, methylphenyl diphenyl ester",,,,,,,,,,,,,,,,,,,,,,,,,,,,,,,,,,,,,,,,,,,,,,,,,,,,,,,,,,,,,,,,,,,,,,,,,,,,,,,,,,,,,,,,,,,,,,,,,,,,,,,,,,,,,,,,,,,,,,,,,,,,,,,,Human Health Hazards#Repeated Dose Toxicity,Repeated Dose Toxicity HESS,mixture,NOEL,,False,No qualifier,Equal,,,,,,1993,,,,,,Rat,,,,,,,,,,,,,,,,,,,,,,,,,,SD,,OECD TG 422,,,,,,,,,,Other Findings,Male,Main,"National Institute of Health Sciences, Japan",Adrenal Gland,ReproTox,Mitsubishi Chemical Safety Institute Ltd.,Necropsy,Oral (Gavage),300,mg/kg bdwt/d,Administered dose(mass),12,mg/kg bdwt/d,Administered dose(mass),25.6,,None,0,d,Time,,,,,,,,,,,,,,,,,,,,,,,,,,,,,,,,,,,,,,,,,,,,,,,,,,,,,,,,,,,,,,,,,,,,,,,,,,,,,,,,,,,,,,,,,,,,,,,,,,,,,,,,,,,,,,,,,,,,,,,,,,,,,,,,,,,,,,,,,,,,,,,,,,,,,,,,,,,,,,,,,,,,,,,,,,,,,,,,,,,,,45,d,Time,300,mg/kg bdwt/d,Administered dose(mass),,,300,mg/kg/d,Administered dose(mass),,
26444-49-5,"Cresyl diphenyl phosphate;Cresyldiphenyl phosphate;Diphenyl cresyl phosphate;diphenyl tolyl phosphate;Methylphenyl diphenyl ester, Phosphoric acid;Phosphoric acid, methylphenyl diphenyl ester",,,,,,,,,,,,,,,,,,,,,,,,,,,,,,,,,,,,,,,,,,,,,,,,,,,,,,,,,,,,,,,,,,,,,,,,,,,,,,,,,,,,,,,,,,,,,,,,,,,,,,,,,,,,,,,,,,,,,,,,,,,,,,,,Human Health Hazards#Repeated Dose Toxicity,Repeated Dose Toxicity HESS,mixture,NOEL,,False,No qualifier,Equal,,,,,,1993,,,,,,Rat,,,,,,,,,,,,,,,,,,,,,,,,,,SD,,OECD TG 422,,,,,,,,,,Relative Organ Weight↑,Male,Main,"National Institute of Health Sciences, Japan",Adrenal Gland,ReproTox,Mitsubishi Chemical Safety Institute Ltd.,Organ weights,Oral (Gavage),300,mg/kg bdwt/d,Administered dose(mass),12,mg/kg bdwt/d,Administered dose(mass),25.6,,None,0,d,Time,,,,,,,,,,,,,,,,,,,,,,,,,,,,,,,,,,,,,,,,,,,,,,,,,,,,,,,,,,,,,,,,,,,,,,,,,,,,,,,,,,,,,,,,,,,,,,,,,,,,,,,,,,,,,,,,,,,,,,,,,,,,,,,,,,,,,,,,,,,,,,,,,,,,,,,,,,,,,,,,,,,,,,,,,,,,,,,,,,,,,45,d,Time,12,mg/kg bdwt/d,Administered dose(mass),,,12,mg/kg/d,Administered dose(mass),,
26444-49-5,"Cresyl diphenyl phosphate;Cresyldiphenyl phosphate;Diphenyl cresyl phosphate;diphenyl tolyl phosphate;Methylphenyl diphenyl ester, Phosphoric acid;Phosphoric acid, methylphenyl diphenyl ester",,,,,,,,,,,,,,,,,,,,,,,,,,,,,,,,,,,,,,,,,,,,,,,,,,,,,,,,,,,,,,,,,,,,,,,,,,,,,,,,,,,,,,,,,,,,,,,,,,,,,,,,,,,,,,,,,,,,,,,,,,,,,,,,Human Health Hazards#Repeated Dose Toxicity,Repeated Dose Toxicity HESS,mixture,NOEL,,False,No qualifier,Equal,,,,,,1993,,,,,,Rat,,,,,,,,,,,,,,,,,,,,,,,,,,SD,,OECD TG 422,,,,,,,,,,Relative Organ Weight↓,Male,Main,"National Institute of Health Sciences, Japan",Adrenal Gland,ReproTox,Mitsubishi Chemical Safety Institute Ltd.,Organ weights,Oral (Gavage),300,mg/kg bdwt/d,Administered dose(mass),12,mg/kg bdwt/d,Administered dose(mass),25.6,,None,0,d,Time,,,,,,,,,,,,,,,,,,,,,,,,,,,,,,,,,,,,,,,,,,,,,,,,,,,,,,,,,,,,,,,,,,,,,,,,,,,,,,,,,,,,,,,,,,,,,,,,,,,,,,,,,,,,,,,,,,,,,,,,,,,,,,,,,,,,,,,,,,,,,,,,,,,,,,,,,,,,,,,,,,,,,,,,,,,,,,,,,,,,,45,d,Time,300,mg/kg bdwt/d,Administered dose(mass),,,300,mg/kg/d,Administered dose(mass),,
26444-49-5,"Cresyl diphenyl phosphate;Cresyldiphenyl phosphate;Diphenyl cresyl phosphate;diphenyl tolyl phosphate;Methylphenyl diphenyl ester, Phosphoric acid;Phosphoric acid, methylphenyl diphenyl ester",,,,,,,,,,,,,,,,,,,,,,,,,,,,,,,,,,,,,,,,,,,,,,,,,,,,,,,,,,,,,,,,,,,,,,,,,,,,,,,,,,,,,,,,,,,,,,,,,,,,,,,,,,,,,,,,,,,,,,,,,,,,,,,,Human Health Hazards#Repeated Dose Toxicity,Repeated Dose Toxicity HESS,mixture,NOEL,,False,No qualifier,Equal,,,,,,1993,,,,,,Rat,,,,,,,,,,,,,,,,,,,,,,,,,,SD,,OECD TG 422,,,,,,,,,,,Male,Main,"National Institute of Health Sciences, Japan",Adrenal Gland,ReproTox,Mitsubishi Chemical Safety Institute Ltd.,Histopathological findings,Oral (Gavage),300,mg/kg bdwt/d,Administered dose(mass),12,mg/kg bdwt/d,Administered dose(mass),25.6,,None,0,d,Time,,,,,,,,,,,,,,,,,,,,,,,,,,,,,,,,,,,,,,,,,,,,,,,,,,,,,,,,,,,,,,,,,,,,,,,,,,,,,,,,,,,,,,,,,,,,,,,,,,,,,,,,,,,,,,,,,,,,,,,,,,,,,,,,,,,,,,,,,,,,,,,,,,,,,,,,,,,,,,,,,,,,,,,,,,,,,,,,,,,,,45,d,Time,300,mg/kg bdwt/d,Administered dose(mass),,,300,mg/kg/d,Administered dose(mass),,
26444-49-5,"Cresyl diphenyl phosphate;Cresyldiphenyl phosphate;Diphenyl cresyl phosphate;diphenyl tolyl phosphate;Methylphenyl diphenyl ester, Phosphoric acid;Phosphoric acid, methylphenyl diphenyl ester",,,,,,,,,,,,,,,,,,,,,,,,,,,,,,,,,,,,,,,,,,,,,,,,,,,,,,,,,,,,,,,,,,,,,,,,,,,,,,,,,,,,,,,,,,,,,,,,,,,,,,,,,,,,,,,,,,,,,,,,,,,,,,,,Human Health Hazards#Repeated Dose Toxicity,Repeated Dose Toxicity HESS,mixture,NOEL,,False,No qualifier,Equal,,,,,,1993,,,,,,Rat,,,,,,,,,,,,,,,,,,,,,,,,,,SD,,OECD TG 422,,,,,,,,,,Vacuolization,Male,Main,"National Institute of Health Sciences, Japan",Adrenal Gland,ReproTox,Mitsubishi Chemical Safety Institute Ltd.,Histopathological findings,Oral (Gavage),300,mg/kg bdwt/d,Administered dose(mass),12,mg/kg bdwt/d,Administered dose(mass),25.6,,None,0,d,Time,,,,,,,,,,,,,,,,,,,,,,,,,,,,,,,,,,,,,,,,,,,,,,,,,,,,,,,,,,,,,,,Zona reticularis,,,,,,,,,,,,,,,,,,,,,,,,,,,,,,,,,,,,,,,,,,,,,,,,,,,,,,,,,,,,,,,,,,,,,,,,,,,,,,,,,,,,,,,,,,,,,,,,,,,,,,,,,,,,,,,,,,,,,,45,d,Time,300,mg/kg bdwt/d,Administered dose(mass),,,300,mg/kg/d,Administered dose(mass),,
26444-49-5,"Cresyl diphenyl phosphate;Cresyldiphenyl phosphate;Diphenyl cresyl phosphate;diphenyl tolyl phosphate;Methylphenyl diphenyl ester, Phosphoric acid;Phosphoric acid, methylphenyl diphenyl ester",,,,,,,,,,,,,,,,,,,,,,,,,,,,,,,,,,,,,,,,,,,,,,,,,,,,,,,,,,,,,,,,,,,,,,,,,,,,,,,,,,,,,,,,,,,,,,,,,,,,,,,,,,,,,,,,,,,,,,,,,,,,,,,,Human Health Hazards#Repeated Dose Toxicity,Repeated Dose Toxicity HESS,mixture,NOEL,,False,No qualifier,Equal,,,,,,1993,,,,,,Rat,,,,,,,,,,,,,,,,,,,,,,,,,,SD,,OECD TG 422,,,,,,,,,,Vacuolization,Male,Main,"National Institute of Health Sciences, Japan",Adrenal Gland,ReproTox,Mitsubishi Chemical Safety Institute Ltd.,Histopathological findings,Oral (Gavage),300,mg/kg bdwt/d,Administered dose(mass),12,mg/kg bdwt/d,Administered dose(mass),25.6,,None,0,d,Time,,,,,,,,,,,,,,,,,,,,,,,,,,,,,,,,,,,,,,,,,,,,,,,,,,,,,,,,,,,,,,,Zona glomerulosa,,,,,,,,,,,,,,,,,,,,,,,,,,,,,,,,,,,,,,,,,,,,,,,,,,,,,,,,,,,,,,,,,,,,,,,,,,,,,,,,,,,,,,,,,,,,,,,,,,,,,,,,,,,,,,,,,,,,,,45,d,Time,300,mg/kg bdwt/d,Administered dose(mass),,,300,mg/kg/d,Administered dose(mass),,
26444-49-5,"Cresyl diphenyl phosphate;Cresyldiphenyl phosphate;Diphenyl cresyl phosphate;diphenyl tolyl phosphate;Methylphenyl diphenyl ester, Phosphoric acid;Phosphoric acid, methylphenyl diphenyl ester",,,,,,,,,,,,,,,,,,,,,,,,,,,,,,,,,,,,,,,,,,,,,,,,,,,,,,,,,,,,,,,,,,,,,,,,,,,,,,,,,,,,,,,,,,,,,,,,,,,,,,,,,,,,,,,,,,,,,,,,,,,,,,,,Human Health Hazards#Repeated Dose Toxicity,Repeated Dose Toxicity HESS,mixture,NOEL,,False,No qualifier,Equal,,,,,,1993,,,,,,Rat,,,,,,,,,,,,,,,,,,,,,,,,,,SD,,OECD TG 422,,,,,,,,,,Vacuolization,Male,Main,"National Institute of Health Sciences, Japan",Adrenal Gland,ReproTox,Mitsubishi Chemical Safety Institute Ltd.,Histopathological findings,Oral (Gavage),300,mg/kg bdwt/d,Administered dose(mass),12,mg/kg bdwt/d,Administered dose(mass),25.6,,None,0,d,Time,,,,,,,,,,,,,,,,,,,,,,,,,,,,,,,,,,,,,,,,,,,,,,,,,,,,,,,,,,,,,,,Zona fasciculata,,,,,,,,,,,,,,,,,,,,,,,,,,,,,,,,,,,,,,,,,,,,,,,,,,,,,,,,,,,,,,,,,,,,,,,,,,,,,,,,,,,,,,,,,,,,,,,,,,,,,,,,,,,,,,,,,,,,,,45,d,Time,12,mg/kg bdwt/d,Administered dose(mass),,,12,mg/kg/d,Administered dose(mass),,
26444-49-5,"Cresyl diphenyl phosphate;Cresyldiphenyl phosphate;Diphenyl cresyl phosphate;diphenyl tolyl phosphate;Methylphenyl diphenyl ester, Phosphoric acid;Phosphoric acid, methylphenyl diphenyl ester",,,,,,,,,,,,,,,,,,,,,,,,,,,,,,,,,,,,,,,,,,,,,,,,,,,,,,,,,,,,,,,,,,,,,,,,,,,,,,,,,,,,,,,,,,,,,,,,,,,,,,,,,,,,,,,,,,,,,,,,,,,,,,,,Human Health Hazards#Repeated Dose Toxicity,Repeated Dose Toxicity HESS,mixture,NOEL,,False,No qualifier,Equal,,,,,,1993,,,,,,Rat,,,,,,,,,,,,,,,,,,,,,,,,,,SD,,OECD TG 422,,,,,,,,,,Other Findings,Male,Main,"National Institute of Health Sciences, Japan",Blood cell,ReproTox,Mitsubishi Chemical Safety Institute Ltd.,Hematological examination,Oral (Gavage),300,mg/kg bdwt/d,Administered dose(mass),12,mg/kg bdwt/d,Administered dose(mass),25.6,,None,0,d,Time,,,,,,,,,,,,,,,,,,,,,,,,,,,,,,,,,,,,,,,,,,,,,,,,,,,,,,,,,,,,,,,,,,,,,,,,,,,,,,,,,,,,,,,,,,,,,,,,,,,,,,,,,,,,,,,,,,,,,,,,,,,,,,,,,,,,,,,,,,,,,,,,,,,,,,,,,,,,,,,,,,,,,,,,,,,,,,,,,,,,,45,d,Time,60,mg/kg bdwt/d,Administered dose(mass),,,60,mg/kg/d,Administered dose(mass),,
26444-49-5,"Cresyl diphenyl phosphate;Cresyldiphenyl phosphate;Diphenyl cresyl phosphate;diphenyl tolyl phosphate;Methylphenyl diphenyl ester, Phosphoric acid;Phosphoric acid, methylphenyl diphenyl ester",,,,,,,,,,,,,,,,,,,,,,,,,,,,,,,,,,,,,,,,,,,,,,,,,,,,,,,,,,,,,,,,,,,,,,,,,,,,,,,,,,,,,,,,,,,,,,,,,,,,,,,,,,,,,,,,,,,,,,,,,,,,,,,,Human Health Hazards#Repeated Dose Toxicity,Repeated Dose Toxicity HESS,mixture,NOEL,,False,No qualifier,Equal,,,,,,1993,,,,,,Rat,,,,,,,,,,,,,,,,,,,,,,,,,,SD,,OECD TG 422,,,,,,,,,,HCT↑,Male,Main,"National Institute of Health Sciences, Japan",Blood cell (Erythrocyte),ReproTox,Mitsubishi Chemical Safety Institute Ltd.,Hematological examination,Oral (Gavage),300,mg/kg bdwt/d,Administered dose(mass),12,mg/kg bdwt/d,Administered dose(mass),25.6,,None,0,d,Time,,,,,,,,,,,,,,,,,,,,,,,,,,,,,,,,,,,,,,,,,,,,,,,,,,,,,,,,,,,,,,,,,,,,,,,,,,,,,,,,,,,,,,,,,,,,,,,,,,,,,,,,,,,,,,,,,,,,,,,,,,,,,,,,,,,,,,,,,,,,,,,,,,,,,,,,,,,,,,,,,,,,,,,,,,,,,,,,,,,,,45,d,Time,300,mg/kg bdwt/d,Administered dose(mass),,,300,mg/kg/d,Administered dose(mass),,
26444-49-5,"Cresyl diphenyl phosphate;Cresyldiphenyl phosphate;Diphenyl cresyl phosphate;diphenyl tolyl phosphate;Methylphenyl diphenyl ester, Phosphoric acid;Phosphoric acid, methylphenyl diphenyl ester",,,,,,,,,,,,,,,,,,,,,,,,,,,,,,,,,,,,,,,,,,,,,,,,,,,,,,,,,,,,,,,,,,,,,,,,,,,,,,,,,,,,,,,,,,,,,,,,,,,,,,,,,,,,,,,,,,,,,,,,,,,,,,,,Human Health Hazards#Repeated Dose Toxicity,Repeated Dose Toxicity HESS,mixture,NOEL,,False,No qualifier,Equal,,,,,,1993,,,,,,Rat,,,,,,,,,,,,,,,,,,,,,,,,,,SD,,OECD TG 422,,,,,,,,,,HCT↓,Male,Main,"National Institute of Health Sciences, Japan",Blood cell (Erythrocyte),ReproTox,Mitsubishi Chemical Safety Institute Ltd.,Hematological examination,Oral (Gavage),300,mg/kg bdwt/d,Administered dose(mass),12,mg/kg bdwt/d,Administered dose(mass),25.6,,None,0,d,Time,,,,,,,,,,,,,,,,,,,,,,,,,,,,,,,,,,,,,,,,,,,,,,,,,,,,,,,,,,,,,,,,,,,,,,,,,,,,,,,,,,,,,,,,,,,,,,,,,,,,,,,,,,,,,,,,,,,,,,,,,,,,,,,,,,,,,,,,,,,,,,,,,,,,,,,,,,,,,,,,,,,,,,,,,,,,,,,,,,,,,45,d,Time,300,mg/kg bdwt/d,Administered dose(mass),,,300,mg/kg/d,Administered dose(mass),,
26444-49-5,"Cresyl diphenyl phosphate;Cresyldiphenyl phosphate;Diphenyl cresyl phosphate;diphenyl tolyl phosphate;Methylphenyl diphenyl ester, Phosphoric acid;Phosphoric acid, methylphenyl diphenyl ester",,,,,,,,,,,,,,,,,,,,,,,,,,,,,,,,,,,,,,,,,,,,,,,,,,,,,,,,,,,,,,,,,,,,,,,,,,,,,,,,,,,,,,,,,,,,,,,,,,,,,,,,,,,,,,,,,,,,,,,,,,,,,,,,Human Health Hazards#Repeated Dose Toxicity,Repeated Dose Toxicity HESS,mixture,NOEL,,False,No qualifier,Equal,,,,,,1993,,,,,,Rat,,,,,,,,,,,,,,,,,,,,,,,,,,SD,,OECD TG 422,,,,,,,,,,HGB↑,Male,Main,"National Institute of Health Sciences, Japan",Blood cell (Erythrocyte),ReproTox,Mitsubishi Chemical Safety Institute Ltd.,Hematological examination,Oral (Gavage),300,mg/kg bdwt/d,Administered dose(mass),12,mg/kg bdwt/d,Administered dose(mass),25.6,,None,0,d,Time,,,,,,,,,,,,,,,,,,,,,,,,,,,,,,,,,,,,,,,,,,,,,,,,,,,,,,,,,,,,,,,,,,,,,,,,,,,,,,,,,,,,,,,,,,,,,,,,,,,,,,,,,,,,,,,,,,,,,,,,,,,,,,,,,,,,,,,,,,,,,,,,,,,,,,,,,,,,,,,,,,,,,,,,,,,,,,,,,,,,,45,d,Time,300,mg/kg bdwt/d,Administered dose(mass),,,300,mg/kg/d,Administered dose(mass),,
26444-49-5,"Cresyl diphenyl phosphate;Cresyldiphenyl phosphate;Diphenyl cresyl phosphate;diphenyl tolyl phosphate;Methylphenyl diphenyl ester, Phosphoric acid;Phosphoric acid, methylphenyl diphenyl ester",,,,,,,,,,,,,,,,,,,,,,,,,,,,,,,,,,,,,,,,,,,,,,,,,,,,,,,,,,,,,,,,,,,,,,,,,,,,,,,,,,,,,,,,,,,,,,,,,,,,,,,,,,,,,,,,,,,,,,,,,,,,,,,,Human Health Hazards#Repeated Dose Toxicity,Repeated Dose Toxicity HESS,mixture,NOEL,,False,No qualifier,Equal,,,,,,1993,,,,,,Rat,,,,,,,,,,,,,,,,,,,,,,,,,,SD,,OECD TG 422,,,,,,,,,,HGB↓,Male,Main,"National Institute of Health Sciences, Japan",Blood cell (Erythrocyte),ReproTox,Mitsubishi Chemical Safety Institute Ltd.,Hematological examination,Oral (Gavage),300,mg/kg bdwt/d,Administered dose(mass),12,mg/kg bdwt/d,Administered dose(mass),25.6,,None,0,d,Time,,,,,,,,,,,,,,,,,,,,,,,,,,,,,,,,,,,,,,,,,,,,,,,,,,,,,,,,,,,,,,,,,,,,,,,,,,,,,,,,,,,,,,,,,,,,,,,,,,,,,,,,,,,,,,,,,,,,,,,,,,,,,,,,,,,,,,,,,,,,,,,,,,,,,,,,,,,,,,,,,,,,,,,,,,,,,,,,,,,,,45,d,Time,300,mg/kg bdwt/d,Administered dose(mass),,,300,mg/kg/d,Administered dose(mass),,
26444-49-5,"Cresyl diphenyl phosphate;Cresyldiphenyl phosphate;Diphenyl cresyl phosphate;diphenyl tolyl phosphate;Methylphenyl diphenyl ester, Phosphoric acid;Phosphoric acid, methylphenyl diphenyl ester",,,,,,,,,,,,,,,,,,,,,,,,,,,,,,,,,,,,,,,,,,,,,,,,,,,,,,,,,,,,,,,,,,,,,,,,,,,,,,,,,,,,,,,,,,,,,,,,,,,,,,,,,,,,,,,,,,,,,,,,,,,,,,,,Human Health Hazards#Repeated Dose Toxicity,Repeated Dose Toxicity HESS,mixture,NOEL,,False,No qualifier,Equal,,,,,,1993,,,,,,Rat,,,,,,,,,,,,,,,,,,,,,,,,,,SD,,OECD TG 422,,,,,,,,,,MCH↑,Male,Main,"National Institute of Health Sciences, Japan",Blood cell (Erythrocyte),ReproTox,Mitsubishi Chemical Safety Institute Ltd.,Hematological examination,Oral (Gavage),300,mg/kg bdwt/d,Administered dose(mass),12,mg/kg bdwt/d,Administered dose(mass),25.6,,None,0,d,Time,,,,,,,,,,,,,,,,,,,,,,,,,,,,,,,,,,,,,,,,,,,,,,,,,,,,,,,,,,,,,,,,,,,,,,,,,,,,,,,,,,,,,,,,,,,,,,,,,,,,,,,,,,,,,,,,,,,,,,,,,,,,,,,,,,,,,,,,,,,,,,,,,,,,,,,,,,,,,,,,,,,,,,,,,,,,,,,,,,,,,45,d,Time,300,mg/kg bdwt/d,Administered dose(mass),,,300,mg/kg/d,Administered dose(mass),,
26444-49-5,"Cresyl diphenyl phosphate;Cresyldiphenyl phosphate;Diphenyl cresyl phosphate;diphenyl tolyl phosphate;Methylphenyl diphenyl ester, Phosphoric acid;Phosphoric acid, methylphenyl diphenyl ester",,,,,,,,,,,,,,,,,,,,,,,,,,,,,,,,,,,,,,,,,,,,,,,,,,,,,,,,,,,,,,,,,,,,,,,,,,,,,,,,,,,,,,,,,,,,,,,,,,,,,,,,,,,,,,,,,,,,,,,,,,,,,,,,Human Health Hazards#Repeated Dose Toxicity,Repeated Dose Toxicity HESS,mixture,NOEL,,False,No qualifier,Equal,,,,,,1993,,,,,,Rat,,,,,,,,,,,,,,,,,,,,,,,,,,SD,,OECD TG 422,,,,,,,,,,MCH↓,Male,Main,"National Institute of Health Sciences, Japan",Blood cell (Erythrocyte),ReproTox,Mitsubishi Chemical Safety Institute Ltd.,Hematological examination,Oral (Gavage),300,mg/kg bdwt/d,Administered dose(mass),12,mg/kg bdwt/d,Administered dose(mass),25.6,,None,0,d,Time,,,,,,,,,,,,,,,,,,,,,,,,,,,,,,,,,,,,,,,,,,,,,,,,,,,,,,,,,,,,,,,,,,,,,,,,,,,,,,,,,,,,,,,,,,,,,,,,,,,,,,,,,,,,,,,,,,,,,,,,,,,,,,,,,,,,,,,,,,,,,,,,,,,,,,,,,,,,,,,,,,,,,,,,,,,,,,,,,,,,,45,d,Time,300,mg/kg bdwt/d,Administered dose(mass),,,300,mg/kg/d,Administered dose(mass),,
26444-49-5,"Cresyl diphenyl phosphate;Cresyldiphenyl phosphate;Diphenyl cresyl phosphate;diphenyl tolyl phosphate;Methylphenyl diphenyl ester, Phosphoric acid;Phosphoric acid, methylphenyl diphenyl ester",,,,,,,,,,,,,,,,,,,,,,,,,,,,,,,,,,,,,,,,,,,,,,,,,,,,,,,,,,,,,,,,,,,,,,,,,,,,,,,,,,,,,,,,,,,,,,,,,,,,,,,,,,,,,,,,,,,,,,,,,,,,,,,,Human Health Hazards#Repeated Dose Toxicity,Repeated Dose Toxicity HESS,mixture,NOEL,,False,No qualifier,Equal,,,,,,1993,,,,,,Rat,,,,,,,,,,,,,,,,,,,,,,,,,,SD,,OECD TG 422,,,,,,,,,,MCHC↑,Male,Main,"National Institute of Health Sciences, Japan",Blood cell (Erythrocyte),ReproTox,Mitsubishi Chemical Safety Institute Ltd.,Hematological examination,Oral (Gavage),300,mg/kg bdwt/d,Administered dose(mass),12,mg/kg bdwt/d,Administered dose(mass),25.6,,None,0,d,Time,,,,,,,,,,,,,,,,,,,,,,,,,,,,,,,,,,,,,,,,,,,,,,,,,,,,,,,,,,,,,,,,,,,,,,,,,,,,,,,,,,,,,,,,,,,,,,,,,,,,,,,,,,,,,,,,,,,,,,,,,,,,,,,,,,,,,,,,,,,,,,,,,,,,,,,,,,,,,,,,,,,,,,,,,,,,,,,,,,,,,45,d,Time,300,mg/kg bdwt/d,Administered dose(mass),,,300,mg/kg/d,Administered dose(mass),,
26444-49-5,"Cresyl diphenyl phosphate;Cresyldiphenyl phosphate;Diphenyl cresyl phosphate;diphenyl tolyl phosphate;Methylphenyl diphenyl ester, Phosphoric acid;Phosphoric acid, methylphenyl diphenyl ester",,,,,,,,,,,,,,,,,,,,,,,,,,,,,,,,,,,,,,,,,,,,,,,,,,,,,,,,,,,,,,,,,,,,,,,,,,,,,,,,,,,,,,,,,,,,,,,,,,,,,,,,,,,,,,,,,,,,,,,,,,,,,,,,Human Health Hazards#Repeated Dose Toxicity,Repeated Dose Toxicity HESS,mixture,NOEL,,False,No qualifier,Equal,,,,,,1993,,,,,,Rat,,,,,,,,,,,,,,,,,,,,,,,,,,SD,,OECD TG 422,,,,,,,,,,MCHC↓,Male,Main,"National Institute of Health Sciences, Japan",Blood cell (Erythrocyte),ReproTox,Mitsubishi Chemical Safety Institute Ltd.,Hematological examination,Oral (Gavage),300,mg/kg bdwt/d,Administered dose(mass),12,mg/kg bdwt/d,Administered dose(mass),25.6,,None,0,d,Time,,,,,,,,,,,,,,,,,,,,,,,,,,,,,,,,,,,,,,,,,,,,,,,,,,,,,,,,,,,,,,,,,,,,,,,,,,,,,,,,,,,,,,,,,,,,,,,,,,,,,,,,,,,,,,,,,,,,,,,,,,,,,,,,,,,,,,,,,,,,,,,,,,,,,,,,,,,,,,,,,,,,,,,,,,,,,,,,,,,,,45,d,Time,300,mg/kg bdwt/d,Administered dose(mass),,,300,mg/kg/d,Administered dose(mass),,
26444-49-5,"Cresyl diphenyl phosphate;Cresyldiphenyl phosphate;Diphenyl cresyl phosphate;diphenyl tolyl phosphate;Methylphenyl diphenyl ester, Phosphoric acid;Phosphoric acid, methylphenyl diphenyl ester",,,,,,,,,,,,,,,,,,,,,,,,,,,,,,,,,,,,,,,,,,,,,,,,,,,,,,,,,,,,,,,,,,,,,,,,,,,,,,,,,,,,,,,,,,,,,,,,,,,,,,,,,,,,,,,,,,,,,,,,,,,,,,,,Human Health Hazards#Repeated Dose Toxicity,Repeated Dose Toxicity HESS,mixture,NOEL,,False,No qualifier,Equal,,,,,,1993,,,,,,Rat,,,,,,,,,,,,,,,,,,,,,,,,,,SD,,OECD TG 422,,,,,,,,,,MCV↑,Male,Main,"National Institute of Health Sciences, Japan",Blood cell (Erythrocyte),ReproTox,Mitsubishi Chemical Safety Institute Ltd.,Hematological examination,Oral (Gavage),300,mg/kg bdwt/d,Administered dose(mass),12,mg/kg bdwt/d,Administered dose(mass),25.6,,None,0,d,Time,,,,,,,,,,,,,,,,,,,,,,,,,,,,,,,,,,,,,,,,,,,,,,,,,,,,,,,,,,,,,,,,,,,,,,,,,,,,,,,,,,,,,,,,,,,,,,,,,,,,,,,,,,,,,,,,,,,,,,,,,,,,,,,,,,,,,,,,,,,,,,,,,,,,,,,,,,,,,,,,,,,,,,,,,,,,,,,,,,,,,45,d,Time,300,mg/kg bdwt/d,Administered dose(mass),,,300,mg/kg/d,Administered dose(mass),,
26444-49-5,"Cresyl diphenyl phosphate;Cresyldiphenyl phosphate;Diphenyl cresyl phosphate;diphenyl tolyl phosphate;Methylphenyl diphenyl ester, Phosphoric acid;Phosphoric acid, methylphenyl diphenyl ester",,,,,,,,,,,,,,,,,,,,,,,,,,,,,,,,,,,,,,,,,,,,,,,,,,,,,,,,,,,,,,,,,,,,,,,,,,,,,,,,,,,,,,,,,,,,,,,,,,,,,,,,,,,,,,,,,,,,,,,,,,,,,,,,Human Health Hazards#Repeated Dose Toxicity,Repeated Dose Toxicity HESS,mixture,NOEL,,False,No qualifier,Equal,,,,,,1993,,,,,,Rat,,,,,,,,,,,,,,,,,,,,,,,,,,SD,,OECD TG 422,,,,,,,,,,MCV↓,Male,Main,"National Institute of Health Sciences, Japan",Blood cell (Erythrocyte),ReproTox,Mitsubishi Chemical Safety Institute Ltd.,Hematological examination,Oral (Gavage),300,mg/kg bdwt/d,Administered dose(mass),12,mg/kg bdwt/d,Administered dose(mass),25.6,,None,0,d,Time,,,,,,,,,,,,,,,,,,,,,,,,,,,,,,,,,,,,,,,,,,,,,,,,,,,,,,,,,,,,,,,,,,,,,,,,,,,,,,,,,,,,,,,,,,,,,,,,,,,,,,,,,,,,,,,,,,,,,,,,,,,,,,,,,,,,,,,,,,,,,,,,,,,,,,,,,,,,,,,,,,,,,,,,,,,,,,,,,,,,,45,d,Time,300,mg/kg bdwt/d,Administered dose(mass),,,300,mg/kg/d,Administered dose(mass),,
26444-49-5,"Cresyl diphenyl phosphate;Cresyldiphenyl phosphate;Diphenyl cresyl phosphate;diphenyl tolyl phosphate;Methylphenyl diphenyl ester, Phosphoric acid;Phosphoric acid, methylphenyl diphenyl ester",,,,,,,,,,,,,,,,,,,,,,,,,,,,,,,,,,,,,,,,,,,,,,,,,,,,,,,,,,,,,,,,,,,,,,,,,,,,,,,,,,,,,,,,,,,,,,,,,,,,,,,,,,,,,,,,,,,,,,,,,,,,,,,,Human Health Hazards#Repeated Dose Toxicity,Repeated Dose Toxicity HESS,mixture,NOEL,,False,No qualifier,Equal,,,,,,1993,,,,,,Rat,,,,,,,,,,,,,,,,,,,,,,,,,,SD,,OECD TG 422,,,,,,,,,,RBC↑,Male,Main,"National Institute of Health Sciences, Japan",Blood cell (Erythrocyte),ReproTox,Mitsubishi Chemical Safety Institute Ltd.,Hematological examination,Oral (Gavage),300,mg/kg bdwt/d,Administered dose(mass),12,mg/kg bdwt/d,Administered dose(mass),25.6,,None,0,d,Time,,,,,,,,,,,,,,,,,,,,,,,,,,,,,,,,,,,,,,,,,,,,,,,,,,,,,,,,,,,,,,,,,,,,,,,,,,,,,,,,,,,,,,,,,,,,,,,,,,,,,,,,,,,,,,,,,,,,,,,,,,,,,,,,,,,,,,,,,,,,,,,,,,,,,,,,,,,,,,,,,,,,,,,,,,,,,,,,,,,,,45,d,Time,300,mg/kg bdwt/d,Administered dose(mass),,,300,mg/kg/d,Administered dose(mass),,
26444-49-5,"Cresyl diphenyl phosphate;Cresyldiphenyl phosphate;Diphenyl cresyl phosphate;diphenyl tolyl phosphate;Methylphenyl diphenyl ester, Phosphoric acid;Phosphoric acid, methylphenyl diphenyl ester",,,,,,,,,,,,,,,,,,,,,,,,,,,,,,,,,,,,,,,,,,,,,,,,,,,,,,,,,,,,,,,,,,,,,,,,,,,,,,,,,,,,,,,,,,,,,,,,,,,,,,,,,,,,,,,,,,,,,,,,,,,,,,,,Human Health Hazards#Repeated Dose Toxicity,Repeated Dose Toxicity HESS,mixture,NOEL,,False,No qualifier,Equal,,,,,,1993,,,,,,Rat,,,,,,,,,,,,,,,,,,,,,,,,,,SD,,OECD TG 422,,,,,,,,,,RBC↓,Male,Main,"National Institute of Health Sciences, Japan",Blood cell (Erythrocyte),ReproTox,Mitsubishi Chemical Safety Institute Ltd.,Hematological examination,Oral (Gavage),300,mg/kg bdwt/d,Administered dose(mass),12,mg/kg bdwt/d,Administered dose(mass),25.6,,None,0,d,Time,,,,,,,,,,,,,,,,,,,,,,,,,,,,,,,,,,,,,,,,,,,,,,,,,,,,,,,,,,,,,,,,,,,,,,,,,,,,,,,,,,,,,,,,,,,,,,,,,,,,,,,,,,,,,,,,,,,,,,,,,,,,,,,,,,,,,,,,,,,,,,,,,,,,,,,,,,,,,,,,,,,,,,,,,,,,,,,,,,,,,45,d,Time,300,mg/kg bdwt/d,Administered dose(mass),,,300,mg/kg/d,Administered dose(mass),,
26444-49-5,"Cresyl diphenyl phosphate;Cresyldiphenyl phosphate;Diphenyl cresyl phosphate;diphenyl tolyl phosphate;Methylphenyl diphenyl ester, Phosphoric acid;Phosphoric acid, methylphenyl diphenyl ester",,,,,,,,,,,,,,,,,,,,,,,,,,,,,,,,,,,,,,,,,,,,,,,,,,,,,,,,,,,,,,,,,,,,,,,,,,,,,,,,,,,,,,,,,,,,,,,,,,,,,,,,,,,,,,,,,,,,,,,,,,,,,,,,Human Health Hazards#Repeated Dose Toxicity,Repeated Dose Toxicity HESS,mixture,NOEL,,False,No qualifier,Equal,,,,,,1993,,,,,,Rat,,,,,,,,,,,,,,,,,,,,,,,,,,SD,,OECD TG 422,,,,,,,,,,Reticulocyte↑,Male,Main,"National Institute of Health Sciences, Japan",Blood cell (Erythrocyte),ReproTox,Mitsubishi Chemical Safety Institute Ltd.,Hematological examination,Oral (Gavage),300,mg/kg bdwt/d,Administered dose(mass),12,mg/kg bdwt/d,Administered dose(mass),25.6,,None,0,d,Time,,,,,,,,,,,,,,,,,,,,,,,,,,,,,,,,,,,,,,,,,,,,,,,,,,,,,,,,,,,,,,,,,,,,,,,,,,,,,,,,,,,,,,,,,,,,,,,,,,,,,,,,,,,,,,,,,,,,,,,,,,,,,,,,,,,,,,,,,,,,,,,,,,,,,,,,,,,,,,,,,,,,,,,,,,,,,,,,,,,,,45,d,Time,60,mg/kg bdwt/d,Administered dose(mass),,,60,mg/kg/d,Administered dose(mass),,
26444-49-5,"Cresyl diphenyl phosphate;Cresyldiphenyl phosphate;Diphenyl cresyl phosphate;diphenyl tolyl phosphate;Methylphenyl diphenyl ester, Phosphoric acid;Phosphoric acid, methylphenyl diphenyl ester",,,,,,,,,,,,,,,,,,,,,,,,,,,,,,,,,,,,,,,,,,,,,,,,,,,,,,,,,,,,,,,,,,,,,,,,,,,,,,,,,,,,,,,,,,,,,,,,,,,,,,,,,,,,,,,,,,,,,,,,,,,,,,,,Human Health Hazards#Repeated Dose Toxicity,Repeated Dose Toxicity HESS,mixture,NOEL,,False,No qualifier,Equal,,,,,,1993,,,,,,Rat,,,,,,,,,,,,,,,,,,,,,,,,,,SD,,OECD TG 422,,,,,,,,,,Reticulocyte↓,Male,Main,"National Institute of Health Sciences, Japan",Blood cell (Erythrocyte),ReproTox,Mitsubishi Chemical Safety Institute Ltd.,Hematological examination,Oral (Gavage),300,mg/kg bdwt/d,Administered dose(mass),12,mg/kg bdwt/d,Administered dose(mass),25.6,,None,0,d,Time,,,,,,,,,,,,,,,,,,,,,,,,,,,,,,,,,,,,,,,,,,,,,,,,,,,,,,,,,,,,,,,,,,,,,,,,,,,,,,,,,,,,,,,,,,,,,,,,,,,,,,,,,,,,,,,,,,,,,,,,,,,,,,,,,,,,,,,,,,,,,,,,,,,,,,,,,,,,,,,,,,,,,,,,,,,,,,,,,,,,,45,d,Time,300,mg/kg bdwt/d,Administered dose(mass),,,300,mg/kg/d,Administered dose(mass),,
26444-49-5,"Cresyl diphenyl phosphate;Cresyldiphenyl phosphate;Diphenyl cresyl phosphate;diphenyl tolyl phosphate;Methylphenyl diphenyl ester, Phosphoric acid;Phosphoric acid, methylphenyl diphenyl ester",,,,,,,,,,,,,,,,,,,,,,,,,,,,,,,,,,,,,,,,,,,,,,,,,,,,,,,,,,,,,,,,,,,,,,,,,,,,,,,,,,,,,,,,,,,,,,,,,,,,,,,,,,,,,,,,,,,,,,,,,,,,,,,,Human Health Hazards#Repeated Dose Toxicity,Repeated Dose Toxicity HESS,mixture,NOEL,,False,No qualifier,Equal,,,,,,1993,,,,,,Rat,,,,,,,,,,,,,,,,,,,,,,,,,,SD,,OECD TG 422,,,,,,,,,,BASO↑,Male,Main,"National Institute of Health Sciences, Japan",Blood cell (Leukocyte),ReproTox,Mitsubishi Chemical Safety Institute Ltd.,Hematological examination,Oral (Gavage),300,mg/kg bdwt/d,Administered dose(mass),12,mg/kg bdwt/d,Administered dose(mass),25.6,,None,0,d,Time,,,,,,,,,,,,,,,,,,,,,,,,,,,,,,,,,,,,,,,,,,,,,,,,,,,,,,,,,,,,,,,,,,,,,,,,,,,,,,,,,,,,,,,,,,,,,,,,,,,,,,,,,,,,,,,,,,,,,,,,,,,,,,,,,,,,,,,,,,,,,,,,,,,,,,,,,,,,,,,,,,,,,,,,,,,,,,,,,,,,,45,d,Time,300,mg/kg bdwt/d,Administered dose(mass),,,300,mg/kg/d,Administered dose(mass),,
26444-49-5,"Cresyl diphenyl phosphate;Cresyldiphenyl phosphate;Diphenyl cresyl phosphate;diphenyl tolyl phosphate;Methylphenyl diphenyl ester, Phosphoric acid;Phosphoric acid, methylphenyl diphenyl ester",,,,,,,,,,,,,,,,,,,,,,,,,,,,,,,,,,,,,,,,,,,,,,,,,,,,,,,,,,,,,,,,,,,,,,,,,,,,,,,,,,,,,,,,,,,,,,,,,,,,,,,,,,,,,,,,,,,,,,,,,,,,,,,,Human Health Hazards#Repeated Dose Toxicity,Repeated Dose Toxicity HESS,mixture,NOEL,,False,No qualifier,Equal,,,,,,1993,,,,,,Rat,,,,,,,,,,,,,,,,,,,,,,,,,,SD,,OECD TG 422,,,,,,,,,,BASO↓,Male,Main,"National Institute of Health Sciences, Japan",Blood cell (Leukocyte),ReproTox,Mitsubishi Chemical Safety Institute Ltd.,Hematological examination,Oral (Gavage),300,mg/kg bdwt/d,Administered dose(mass),12,mg/kg bdwt/d,Administered dose(mass),25.6,,None,0,d,Time,,,,,,,,,,,,,,,,,,,,,,,,,,,,,,,,,,,,,,,,,,,,,,,,,,,,,,,,,,,,,,,,,,,,,,,,,,,,,,,,,,,,,,,,,,,,,,,,,,,,,,,,,,,,,,,,,,,,,,,,,,,,,,,,,,,,,,,,,,,,,,,,,,,,,,,,,,,,,,,,,,,,,,,,,,,,,,,,,,,,,45,d,Time,300,mg/kg bdwt/d,Administered dose(mass),,,300,mg/kg/d,Administered dose(mass),,
26444-49-5,"Cresyl diphenyl phosphate;Cresyldiphenyl phosphate;Diphenyl cresyl phosphate;diphenyl tolyl phosphate;Methylphenyl diphenyl ester, Phosphoric acid;Phosphoric acid, methylphenyl diphenyl ester",,,,,,,,,,,,,,,,,,,,,,,,,,,,,,,,,,,,,,,,,,,,,,,,,,,,,,,,,,,,,,,,,,,,,,,,,,,,,,,,,,,,,,,,,,,,,,,,,,,,,,,,,,,,,,,,,,,,,,,,,,,,,,,,Human Health Hazards#Repeated Dose Toxicity,Repeated Dose Toxicity HESS,mixture,NOEL,,False,No qualifier,Equal,,,,,,1993,,,,,,Rat,,,,,,,,,,,,,,,,,,,,,,,,,,SD,,OECD TG 422,,,,,,,,,,EOSN↑,Male,Main,"National Institute of Health Sciences, Japan",Blood cell (Leukocyte),ReproTox,Mitsubishi Chemical Safety Institute Ltd.,Hematological examination,Oral (Gavage),300,mg/kg bdwt/d,Administered dose(mass),12,mg/kg bdwt/d,Administered dose(mass),25.6,,None,0,d,Time,,,,,,,,,,,,,,,,,,,,,,,,,,,,,,,,,,,,,,,,,,,,,,,,,,,,,,,,,,,,,,,,,,,,,,,,,,,,,,,,,,,,,,,,,,,,,,,,,,,,,,,,,,,,,,,,,,,,,,,,,,,,,,,,,,,,,,,,,,,,,,,,,,,,,,,,,,,,,,,,,,,,,,,,,,,,,,,,,,,,,45,d,Time,300,mg/kg bdwt/d,Administered dose(mass),,,300,mg/kg/d,Administered dose(mass),,
26444-49-5,"Cresyl diphenyl phosphate;Cresyldiphenyl phosphate;Diphenyl cresyl phosphate;diphenyl tolyl phosphate;Methylphenyl diphenyl ester, Phosphoric acid;Phosphoric acid, methylphenyl diphenyl ester",,,,,,,,,,,,,,,,,,,,,,,,,,,,,,,,,,,,,,,,,,,,,,,,,,,,,,,,,,,,,,,,,,,,,,,,,,,,,,,,,,,,,,,,,,,,,,,,,,,,,,,,,,,,,,,,,,,,,,,,,,,,,,,,Human Health Hazards#Repeated Dose Toxicity,Repeated Dose Toxicity HESS,mixture,NOEL,,False,No qualifier,Equal,,,,,,1993,,,,,,Rat,,,,,,,,,,,,,,,,,,,,,,,,,,SD,,OECD TG 422,,,,,,,,,,EOSN↓,Male,Main,"National Institute of Health Sciences, Japan",Blood cell (Leukocyte),ReproTox,Mitsubishi Chemical Safety Institute Ltd.,Hematological examination,Oral (Gavage),300,mg/kg bdwt/d,Administered dose(mass),12,mg/kg bdwt/d,Administered dose(mass),25.6,,None,0,d,Time,,,,,,,,,,,,,,,,,,,,,,,,,,,,,,,,,,,,,,,,,,,,,,,,,,,,,,,,,,,,,,,,,,,,,,,,,,,,,,,,,,,,,,,,,,,,,,,,,,,,,,,,,,,,,,,,,,,,,,,,,,,,,,,,,,,,,,,,,,,,,,,,,,,,,,,,,,,,,,,,,,,,,,,,,,,,,,,,,,,,,45,d,Time,300,mg/kg bdwt/d,Administered dose(mass),,,300,mg/kg/d,Administered dose(mass),,
26444-49-5,"Cresyl diphenyl phosphate;Cresyldiphenyl phosphate;Diphenyl cresyl phosphate;diphenyl tolyl phosphate;Methylphenyl diphenyl ester, Phosphoric acid;Phosphoric acid, methylphenyl diphenyl ester",,,,,,,,,,,,,,,,,,,,,,,,,,,,,,,,,,,,,,,,,,,,,,,,,,,,,,,,,,,,,,,,,,,,,,,,,,,,,,,,,,,,,,,,,,,,,,,,,,,,,,,,,,,,,,,,,,,,,,,,,,,,,,,,Human Health Hazards#Repeated Dose Toxicity,Repeated Dose Toxicity HESS,mixture,NOEL,,False,No qualifier,Equal,,,,,,1993,,,,,,Rat,,,,,,,,,,,,,,,,,,,,,,,,,,SD,,OECD TG 422,,,,,,,,,,LYMPH↑,Male,Main,"National Institute of Health Sciences, Japan",Blood cell (Leukocyte),ReproTox,Mitsubishi Chemical Safety Institute Ltd.,Hematological examination,Oral (Gavage),300,mg/kg bdwt/d,Administered dose(mass),12,mg/kg bdwt/d,Administered dose(mass),25.6,,None,0,d,Time,,,,,,,,,,,,,,,,,,,,,,,,,,,,,,,,,,,,,,,,,,,,,,,,,,,,,,,,,,,,,,,,,,,,,,,,,,,,,,,,,,,,,,,,,,,,,,,,,,,,,,,,,,,,,,,,,,,,,,,,,,,,,,,,,,,,,,,,,,,,,,,,,,,,,,,,,,,,,,,,,,,,,,,,,,,,,,,,,,,,,45,d,Time,300,mg/kg bdwt/d,Administered dose(mass),,,300,mg/kg/d,Administered dose(mass),,
26444-49-5,"Cresyl diphenyl phosphate;Cresyldiphenyl phosphate;Diphenyl cresyl phosphate;diphenyl tolyl phosphate;Methylphenyl diphenyl ester, Phosphoric acid;Phosphoric acid, methylphenyl diphenyl ester",,,,,,,,,,,,,,,,,,,,,,,,,,,,,,,,,,,,,,,,,,,,,,,,,,,,,,,,,,,,,,,,,,,,,,,,,,,,,,,,,,,,,,,,,,,,,,,,,,,,,,,,,,,,,,,,,,,,,,,,,,,,,,,,Human Health Hazards#Repeated Dose Toxicity,Repeated Dose Toxicity HESS,mixture,NOEL,,False,No qualifier,Equal,,,,,,1993,,,,,,Rat,,,,,,,,,,,,,,,,,,,,,,,,,,SD,,OECD TG 422,,,,,,,,,,LYMPH↓,Male,Main,"National Institute of Health Sciences, Japan",Blood cell (Leukocyte),ReproTox,Mitsubishi Chemical Safety Institute Ltd.,Hematological examination,Oral (Gavage),300,mg/kg bdwt/d,Administered dose(mass),12,mg/kg bdwt/d,Administered dose(mass),25.6,,None,0,d,Time,,,,,,,,,,,,,,,,,,,,,,,,,,,,,,,,,,,,,,,,,,,,,,,,,,,,,,,,,,,,,,,,,,,,,,,,,,,,,,,,,,,,,,,,,,,,,,,,,,,,,,,,,,,,,,,,,,,,,,,,,,,,,,,,,,,,,,,,,,,,,,,,,,,,,,,,,,,,,,,,,,,,,,,,,,,,,,,,,,,,,45,d,Time,300,mg/kg bdwt/d,Administered dose(mass),,,300,mg/kg/d,Administered dose(mass),,
26444-49-5,"Cresyl diphenyl phosphate;Cresyldiphenyl phosphate;Diphenyl cresyl phosphate;diphenyl tolyl phosphate;Methylphenyl diphenyl ester, Phosphoric acid;Phosphoric acid, methylphenyl diphenyl ester",,,,,,,,,,,,,,,,,,,,,,,,,,,,,,,,,,,,,,,,,,,,,,,,,,,,,,,,,,,,,,,,,,,,,,,,,,,,,,,,,,,,,,,,,,,,,,,,,,,,,,,,,,,,,,,,,,,,,,,,,,,,,,,,Human Health Hazards#Repeated Dose Toxicity,Repeated Dose Toxicity HESS,mixture,NOEL,,False,No qualifier,Equal,,,,,,1993,,,,,,Rat,,,,,,,,,,,,,,,,,,,,,,,,,,SD,,OECD TG 422,,,,,,,,,,MONO↑,Male,Main,"National Institute of Health Sciences, Japan",Blood cell (Leukocyte),ReproTox,Mitsubishi Chemical Safety Institute Ltd.,Hematological examination,Oral (Gavage),300,mg/kg bdwt/d,Administered dose(mass),12,mg/kg bdwt/d,Administered dose(mass),25.6,,None,0,d,Time,,,,,,,,,,,,,,,,,,,,,,,,,,,,,,,,,,,,,,,,,,,,,,,,,,,,,,,,,,,,,,,,,,,,,,,,,,,,,,,,,,,,,,,,,,,,,,,,,,,,,,,,,,,,,,,,,,,,,,,,,,,,,,,,,,,,,,,,,,,,,,,,,,,,,,,,,,,,,,,,,,,,,,,,,,,,,,,,,,,,,45,d,Time,300,mg/kg bdwt/d,Administered dose(mass),,,300,mg/kg/d,Administered dose(mass),,
26444-49-5,"Cresyl diphenyl phosphate;Cresyldiphenyl phosphate;Diphenyl cresyl phosphate;diphenyl tolyl phosphate;Methylphenyl diphenyl ester, Phosphoric acid;Phosphoric acid, methylphenyl diphenyl ester",,,,,,,,,,,,,,,,,,,,,,,,,,,,,,,,,,,,,,,,,,,,,,,,,,,,,,,,,,,,,,,,,,,,,,,,,,,,,,,,,,,,,,,,,,,,,,,,,,,,,,,,,,,,,,,,,,,,,,,,,,,,,,,,Human Health Hazards#Repeated Dose Toxicity,Repeated Dose Toxicity HESS,mixture,NOEL,,False,No qualifier,Equal,,,,,,1993,,,,,,Rat,,,,,,,,,,,,,,,,,,,,,,,,,,SD,,OECD TG 422,,,,,,,,,,MONO↓,Male,Main,"National Institute of Health Sciences, Japan",Blood cell (Leukocyte),ReproTox,Mitsubishi Chemical Safety Institute Ltd.,Hematological examination,Oral (Gavage),300,mg/kg bdwt/d,Administered dose(mass),12,mg/kg bdwt/d,Administered dose(mass),25.6,,None,0,d,Time,,,,,,,,,,,,,,,,,,,,,,,,,,,,,,,,,,,,,,,,,,,,,,,,,,,,,,,,,,,,,,,,,,,,,,,,,,,,,,,,,,,,,,,,,,,,,,,,,,,,,,,,,,,,,,,,,,,,,,,,,,,,,,,,,,,,,,,,,,,,,,,,,,,,,,,,,,,,,,,,,,,,,,,,,,,,,,,,,,,,,45,d,Time,300,mg/kg bdwt/d,Administered dose(mass),,,300,mg/kg/d,Administered dose(mass),,
26444-49-5,"Cresyl diphenyl phosphate;Cresyldiphenyl phosphate;Diphenyl cresyl phosphate;diphenyl tolyl phosphate;Methylphenyl diphenyl ester, Phosphoric acid;Phosphoric acid, methylphenyl diphenyl ester",,,,,,,,,,,,,,,,,,,,,,,,,,,,,,,,,,,,,,,,,,,,,,,,,,,,,,,,,,,,,,,,,,,,,,,,,,,,,,,,,,,,,,,,,,,,,,,,,,,,,,,,,,,,,,,,,,,,,,,,,,,,,,,,Human Health Hazards#Repeated Dose Toxicity,Repeated Dose Toxicity HESS,mixture,NOEL,,False,No qualifier,Equal,,,,,,1993,,,,,,Rat,,,,,,,,,,,,,,,,,,,,,,,,,,SD,,OECD TG 422,,,,,,,,,,NEUT↑,Male,Main,"National Institute of Health Sciences, Japan",Blood cell (Leukocyte),ReproTox,Mitsubishi Chemical Safety Institute Ltd.,Hematological examination,Oral (Gavage),300,mg/kg bdwt/d,Administered dose(mass),12,mg/kg bdwt/d,Administered dose(mass),25.6,,None,0,d,Time,,,,,,,,,,,,,,,,,,,,,,,,,,,,,,,,,,,,,,,,,,,,,,,,,,,,,,,,,,,,,,,,,,,,,,,,,,,,,,,,,,,,,,,,,,,,,,,,,,,,,,,,,,,,,,,,,,,,,,,,,,,,,,,,,,,,,,,,,,,,,,,,,,,,,,,,,,,,,,,,,,,,,,,,,,,,,,,,,,,,,45,d,Time,300,mg/kg bdwt/d,Administered dose(mass),,,300,mg/kg/d,Administered dose(mass),,
26444-49-5,"Cresyl diphenyl phosphate;Cresyldiphenyl phosphate;Diphenyl cresyl phosphate;diphenyl tolyl phosphate;Methylphenyl diphenyl ester, Phosphoric acid;Phosphoric acid, methylphenyl diphenyl ester",,,,,,,,,,,,,,,,,,,,,,,,,,,,,,,,,,,,,,,,,,,,,,,,,,,,,,,,,,,,,,,,,,,,,,,,,,,,,,,,,,,,,,,,,,,,,,,,,,,,,,,,,,,,,,,,,,,,,,,,,,,,,,,,Human Health Hazards#Repeated Dose Toxicity,Repeated Dose Toxicity HESS,mixture,NOEL,,False,No qualifier,Equal,,,,,,1993,,,,,,Rat,,,,,,,,,,,,,,,,,,,,,,,,,,SD,,OECD TG 422,,,,,,,,,,NEUT↓,Male,Main,"National Institute of Health Sciences, Japan",Blood cell (Leukocyte),ReproTox,Mitsubishi Chemical Safety Institute Ltd.,Hematological examination,Oral (Gavage),300,mg/kg bdwt/d,Administered dose(mass),12,mg/kg bdwt/d,Administered dose(mass),25.6,,None,0,d,Time,,,,,,,,,,,,,,,,,,,,,,,,,,,,,,,,,,,,,,,,,,,,,,,,,,,,,,,,,,,,,,,,,,,,,,,,,,,,,,,,,,,,,,,,,,,,,,,,,,,,,,,,,,,,,,,,,,,,,,,,,,,,,,,,,,,,,,,,,,,,,,,,,,,,,,,,,,,,,,,,,,,,,,,,,,,,,,,,,,,,,45,d,Time,300,mg/kg bdwt/d,Administered dose(mass),,,300,mg/kg/d,Administered dose(mass),,
26444-49-5,"Cresyl diphenyl phosphate;Cresyldiphenyl phosphate;Diphenyl cresyl phosphate;diphenyl tolyl phosphate;Methylphenyl diphenyl ester, Phosphoric acid;Phosphoric acid, methylphenyl diphenyl ester",,,,,,,,,,,,,,,,,,,,,,,,,,,,,,,,,,,,,,,,,,,,,,,,,,,,,,,,,,,,,,,,,,,,,,,,,,,,,,,,,,,,,,,,,,,,,,,,,,,,,,,,,,,,,,,,,,,,,,,,,,,,,,,,Human Health Hazards#Repeated Dose Toxicity,Repeated Dose Toxicity HESS,mixture,NOEL,,False,No qualifier,Equal,,,,,,1993,,,,,,Rat,,,,,,,,,,,,,,,,,,,,,,,,,,SD,,OECD TG 422,,,,,,,,,,WBC↑,Male,Main,"National Institute of Health Sciences, Japan",Blood cell (Leukocyte),ReproTox,Mitsubishi Chemical Safety Institute Ltd.,Hematological examination,Oral (Gavage),300,mg/kg bdwt/d,Administered dose(mass),12,mg/kg bdwt/d,Administered dose(mass),25.6,,None,0,d,Time,,,,,,,,,,,,,,,,,,,,,,,,,,,,,,,,,,,,,,,,,,,,,,,,,,,,,,,,,,,,,,,,,,,,,,,,,,,,,,,,,,,,,,,,,,,,,,,,,,,,,,,,,,,,,,,,,,,,,,,,,,,,,,,,,,,,,,,,,,,,,,,,,,,,,,,,,,,,,,,,,,,,,,,,,,,,,,,,,,,,,45,d,Time,60,mg/kg bdwt/d,Administered dose(mass),,,60,mg/kg/d,Administered dose(mass),,
26444-49-5,"Cresyl diphenyl phosphate;Cresyldiphenyl phosphate;Diphenyl cresyl phosphate;diphenyl tolyl phosphate;Methylphenyl diphenyl ester, Phosphoric acid;Phosphoric acid, methylphenyl diphenyl ester",,,,,,,,,,,,,,,,,,,,,,,,,,,,,,,,,,,,,,,,,,,,,,,,,,,,,,,,,,,,,,,,,,,,,,,,,,,,,,,,,,,,,,,,,,,,,,,,,,,,,,,,,,,,,,,,,,,,,,,,,,,,,,,,Human Health Hazards#Repeated Dose Toxicity,Repeated Dose Toxicity HESS,mixture,NOEL,,False,No qualifier,Equal,,,,,,1993,,,,,,Rat,,,,,,,,,,,,,,,,,,,,,,,,,,SD,,OECD TG 422,,,,,,,,,,WBC↓,Male,Main,"National Institute of Health Sciences, Japan",Blood cell (Leukocyte),ReproTox,Mitsubishi Chemical Safety Institute Ltd.,Hematological examination,Oral (Gavage),300,mg/kg bdwt/d,Administered dose(mass),12,mg/kg bdwt/d,Administered dose(mass),25.6,,None,0,d,Time,,,,,,,,,,,,,,,,,,,,,,,,,,,,,,,,,,,,,,,,,,,,,,,,,,,,,,,,,,,,,,,,,,,,,,,,,,,,,,,,,,,,,,,,,,,,,,,,,,,,,,,,,,,,,,,,,,,,,,,,,,,,,,,,,,,,,,,,,,,,,,,,,,,,,,,,,,,,,,,,,,,,,,,,,,,,,,,,,,,,,45,d,Time,300,mg/kg bdwt/d,Administered dose(mass),,,300,mg/kg/d,Administered dose(mass),,
26444-49-5,"Cresyl diphenyl phosphate;Cresyldiphenyl phosphate;Diphenyl cresyl phosphate;diphenyl tolyl phosphate;Methylphenyl diphenyl ester, Phosphoric acid;Phosphoric acid, methylphenyl diphenyl ester",,,,,,,,,,,,,,,,,,,,,,,,,,,,,,,,,,,,,,,,,,,,,,,,,,,,,,,,,,,,,,,,,,,,,,,,,,,,,,,,,,,,,,,,,,,,,,,,,,,,,,,,,,,,,,,,,,,,,,,,,,,,,,,,Human Health Hazards#Repeated Dose Toxicity,Repeated Dose Toxicity HESS,mixture,NOEL,,False,No qualifier,Equal,,,,,,1993,,,,,,Rat,,,,,,,,,,,,,,,,,,,,,,,,,,SD,,OECD TG 422,,,,,,,,,,PLT↑,Male,Main,"National Institute of Health Sciences, Japan",Blood cell (Platelet),ReproTox,Mitsubishi Chemical Safety Institute Ltd.,Hematological examination,Oral (Gavage),300,mg/kg bdwt/d,Administered dose(mass),12,mg/kg bdwt/d,Administered dose(mass),25.6,,None,0,d,Time,,,,,,,,,,,,,,,,,,,,,,,,,,,,,,,,,,,,,,,,,,,,,,,,,,,,,,,,,,,,,,,,,,,,,,,,,,,,,,,,,,,,,,,,,,,,,,,,,,,,,,,,,,,,,,,,,,,,,,,,,,,,,,,,,,,,,,,,,,,,,,,,,,,,,,,,,,,,,,,,,,,,,,,,,,,,,,,,,,,,,45,d,Time,300,mg/kg bdwt/d,Administered dose(mass),,,300,mg/kg/d,Administered dose(mass),,
26444-49-5,"Cresyl diphenyl phosphate;Cresyldiphenyl phosphate;Diphenyl cresyl phosphate;diphenyl tolyl phosphate;Methylphenyl diphenyl ester, Phosphoric acid;Phosphoric acid, methylphenyl diphenyl ester",,,,,,,,,,,,,,,,,,,,,,,,,,,,,,,,,,,,,,,,,,,,,,,,,,,,,,,,,,,,,,,,,,,,,,,,,,,,,,,,,,,,,,,,,,,,,,,,,,,,,,,,,,,,,,,,,,,,,,,,,,,,,,,,Human Health Hazards#Repeated Dose Toxicity,Repeated Dose Toxicity HESS,mixture,NOEL,,False,No qualifier,Equal,,,,,,1993,,,,,,Rat,,,,,,,,,,,,,,,,,,,,,,,,,,SD,,OECD TG 422,,,,,,,,,,PLT↓,Male,Main,"National Institute of Health Sciences, Japan",Blood cell (Platelet),ReproTox,Mitsubishi Chemical Safety Institute Ltd.,Hematological examination,Oral (Gavage),300,mg/kg bdwt/d,Administered dose(mass),12,mg/kg bdwt/d,Administered dose(mass),25.6,,None,0,d,Time,,,,,,,,,,,,,,,,,,,,,,,,,,,,,,,,,,,,,,,,,,,,,,,,,,,,,,,,,,,,,,,,,,,,,,,,,,,,,,,,,,,,,,,,,,,,,,,,,,,,,,,,,,,,,,,,,,,,,,,,,,,,,,,,,,,,,,,,,,,,,,,,,,,,,,,,,,,,,,,,,,,,,,,,,,,,,,,,,,,,,45,d,Time,300,mg/kg bdwt/d,Administered dose(mass),,,300,mg/kg/d,Administered dose(mass),,
26444-49-5,"Cresyl diphenyl phosphate;Cresyldiphenyl phosphate;Diphenyl cresyl phosphate;diphenyl tolyl phosphate;Methylphenyl diphenyl ester, Phosphoric acid;Phosphoric acid, methylphenyl diphenyl ester",,,,,,,,,,,,,,,,,,,,,,,,,,,,,,,,,,,,,,,,,,,,,,,,,,,,,,,,,,,,,,,,,,,,,,,,,,,,,,,,,,,,,,,,,,,,,,,,,,,,,,,,,,,,,,,,,,,,,,,,,,,,,,,,Human Health Hazards#Repeated Dose Toxicity,Repeated Dose Toxicity HESS,mixture,NOEL,,False,No qualifier,Equal,,,,,,1993,,,,,,Rat,,,,,,,,,,,,,,,,,,,,,,,,,,SD,,OECD TG 422,,,,,,,,,,T. Bilirubin↑,Male,Main,"National Institute of Health Sciences, Japan",Blood serum (Bilirubin),ReproTox,Mitsubishi Chemical Safety Institute Ltd.,Blood chemical examination,Oral (Gavage),300,mg/kg bdwt/d,Administered dose(mass),12,mg/kg bdwt/d,Administered dose(mass),25.6,,None,0,d,Time,,,,,,,,,,,,,,,,,,,,,,,,,,,,,,,,,,,,,,,,,,,,,,,,,,,,,,,,,,,,,,,,,,,,,,,,,,,,,,,,,,,,,,,,,,,,,,,,,,,,,,,,,,,,,,,,,,,,,,,,,,,,,,,,,,,,,,,,,,,,,,,,,,,,,,,,,,,,,,,,,,,,,,,,,,,,,,,,,,,,,45,d,Time,300,mg/kg bdwt/d,Administered dose(mass),,,300,mg/kg/d,Administered dose(mass),,
26444-49-5,"Cresyl diphenyl phosphate;Cresyldiphenyl phosphate;Diphenyl cresyl phosphate;diphenyl tolyl phosphate;Methylphenyl diphenyl ester, Phosphoric acid;Phosphoric acid, methylphenyl diphenyl ester",,,,,,,,,,,,,,,,,,,,,,,,,,,,,,,,,,,,,,,,,,,,,,,,,,,,,,,,,,,,,,,,,,,,,,,,,,,,,,,,,,,,,,,,,,,,,,,,,,,,,,,,,,,,,,,,,,,,,,,,,,,,,,,,Human Health Hazards#Repeated Dose Toxicity,Repeated Dose Toxicity HESS,mixture,NOEL,,False,No qualifier,Equal,,,,,,1993,,,,,,Rat,,,,,,,,,,,,,,,,,,,,,,,,,,SD,,OECD TG 422,,,,,,,,,,T. Bilirubin↓,Male,Main,"National Institute of Health Sciences, Japan",Blood serum (Bilirubin),ReproTox,Mitsubishi Chemical Safety Institute Ltd.,Blood chemical examination,Oral (Gavage),300,mg/kg bdwt/d,Administered dose(mass),12,mg/kg bdwt/d,Administered dose(mass),25.6,,None,0,d,Time,,,,,,,,,,,,,,,,,,,,,,,,,,,,,,,,,,,,,,,,,,,,,,,,,,,,,,,,,,,,,,,,,,,,,,,,,,,,,,,,,,,,,,,,,,,,,,,,,,,,,,,,,,,,,,,,,,,,,,,,,,,,,,,,,,,,,,,,,,,,,,,,,,,,,,,,,,,,,,,,,,,,,,,,,,,,,,,,,,,,,45,d,Time,300,mg/kg bdwt/d,Administered dose(mass),,,300,mg/kg/d,Administered dose(mass),,
26444-49-5,"Cresyl diphenyl phosphate;Cresyldiphenyl phosphate;Diphenyl cresyl phosphate;diphenyl tolyl phosphate;Methylphenyl diphenyl ester, Phosphoric acid;Phosphoric acid, methylphenyl diphenyl ester",,,,,,,,,,,,,,,,,,,,,,,,,,,,,,,,,,,,,,,,,,,,,,,,,,,,,,,,,,,,,,,,,,,,,,,,,,,,,,,,,,,,,,,,,,,,,,,,,,,,,,,,,,,,,,,,,,,,,,,,,,,,,,,,Human Health Hazards#Repeated Dose Toxicity,Repeated Dose Toxicity HESS,mixture,NOEL,,False,No qualifier,Equal,,,,,,1993,,,,,,Rat,,,,,,,,,,,,,,,,,,,,,,,,,,SD,,OECD TG 422,,,,,,,,,,Calcium↑,Male,Main,"National Institute of Health Sciences, Japan",Blood serum (Electrolyte),ReproTox,Mitsubishi Chemical Safety Institute Ltd.,Blood chemical examination,Oral (Gavage),300,mg/kg bdwt/d,Administered dose(mass),12,mg/kg bdwt/d,Administered dose(mass),25.6,,None,0,d,Time,,,,,,,,,,,,,,,,,,,,,,,,,,,,,,,,,,,,,,,,,,,,,,,,,,,,,,,,,,,,,,,,,,,,,,,,,,,,,,,,,,,,,,,,,,,,,,,,,,,,,,,,,,,,,,,,,,,,,,,,,,,,,,,,,,,,,,,,,,,,,,,,,,,,,,,,,,,,,,,,,,,,,,,,,,,,,,,,,,,,,45,d,Time,60,mg/kg bdwt/d,Administered dose(mass),,,60,mg/kg/d,Administered dose(mass),,
26444-49-5,"Cresyl diphenyl phosphate;Cresyldiphenyl phosphate;Diphenyl cresyl phosphate;diphenyl tolyl phosphate;Methylphenyl diphenyl ester, Phosphoric acid;Phosphoric acid, methylphenyl diphenyl ester",,,,,,,,,,,,,,,,,,,,,,,,,,,,,,,,,,,,,,,,,,,,,,,,,,,,,,,,,,,,,,,,,,,,,,,,,,,,,,,,,,,,,,,,,,,,,,,,,,,,,,,,,,,,,,,,,,,,,,,,,,,,,,,,Human Health Hazards#Repeated Dose Toxicity,Repeated Dose Toxicity HESS,mixture,NOEL,,False,No qualifier,Equal,,,,,,1993,,,,,,Rat,,,,,,,,,,,,,,,,,,,,,,,,,,SD,,OECD TG 422,,,,,,,,,,Calcium↓,Male,Main,"National Institute of Health Sciences, Japan",Blood serum (Electrolyte),ReproTox,Mitsubishi Chemical Safety Institute Ltd.,Blood chemical examination,Oral (Gavage),300,mg/kg bdwt/d,Administered dose(mass),12,mg/kg bdwt/d,Administered dose(mass),25.6,,None,0,d,Time,,,,,,,,,,,,,,,,,,,,,,,,,,,,,,,,,,,,,,,,,,,,,,,,,,,,,,,,,,,,,,,,,,,,,,,,,,,,,,,,,,,,,,,,,,,,,,,,,,,,,,,,,,,,,,,,,,,,,,,,,,,,,,,,,,,,,,,,,,,,,,,,,,,,,,,,,,,,,,,,,,,,,,,,,,,,,,,,,,,,,45,d,Time,300,mg/kg bdwt/d,Administered dose(mass),,,300,mg/kg/d,Administered dose(mass),,
26444-49-5,"Cresyl diphenyl phosphate;Cresyldiphenyl phosphate;Diphenyl cresyl phosphate;diphenyl tolyl phosphate;Methylphenyl diphenyl ester, Phosphoric acid;Phosphoric acid, methylphenyl diphenyl ester",,,,,,,,,,,,,,,,,,,,,,,,,,,,,,,,,,,,,,,,,,,,,,,,,,,,,,,,,,,,,,,,,,,,,,,,,,,,,,,,,,,,,,,,,,,,,,,,,,,,,,,,,,,,,,,,,,,,,,,,,,,,,,,,Human Health Hazards#Repeated Dose Toxicity,Repeated Dose Toxicity HESS,mixture,NOEL,,False,No qualifier,Equal,,,,,,1993,,,,,,Rat,,,,,,,,,,,,,,,,,,,,,,,,,,SD,,OECD TG 422,,,,,,,,,,Chloride↑,Male,Main,"National Institute of Health Sciences, Japan",Blood serum (Electrolyte),ReproTox,Mitsubishi Chemical Safety Institute Ltd.,Blood chemical examination,Oral (Gavage),300,mg/kg bdwt/d,Administered dose(mass),12,mg/kg bdwt/d,Administered dose(mass),25.6,,None,0,d,Time,,,,,,,,,,,,,,,,,,,,,,,,,,,,,,,,,,,,,,,,,,,,,,,,,,,,,,,,,,,,,,,,,,,,,,,,,,,,,,,,,,,,,,,,,,,,,,,,,,,,,,,,,,,,,,,,,,,,,,,,,,,,,,,,,,,,,,,,,,,,,,,,,,,,,,,,,,,,,,,,,,,,,,,,,,,,,,,,,,,,,45,d,Time,300,mg/kg bdwt/d,Administered dose(mass),,,300,mg/kg/d,Administered dose(mass),,
26444-49-5,"Cresyl diphenyl phosphate;Cresyldiphenyl phosphate;Diphenyl cresyl phosphate;diphenyl tolyl phosphate;Methylphenyl diphenyl ester, Phosphoric acid;Phosphoric acid, methylphenyl diphenyl ester",,,,,,,,,,,,,,,,,,,,,,,,,,,,,,,,,,,,,,,,,,,,,,,,,,,,,,,,,,,,,,,,,,,,,,,,,,,,,,,,,,,,,,,,,,,,,,,,,,,,,,,,,,,,,,,,,,,,,,,,,,,,,,,,Human Health Hazards#Repeated Dose Toxicity,Repeated Dose Toxicity HESS,mixture,NOEL,,False,No qualifier,Equal,,,,,,1993,,,,,,Rat,,,,,,,,,,,,,,,,,,,,,,,,,,SD,,OECD TG 422,,,,,,,,,,Chloride↓,Male,Main,"National Institute of Health Sciences, Japan",Blood serum (Electrolyte),ReproTox,Mitsubishi Chemical Safety Institute Ltd.,Blood chemical examination,Oral (Gavage),300,mg/kg bdwt/d,Administered dose(mass),12,mg/kg bdwt/d,Administered dose(mass),25.6,,None,0,d,Time,,,,,,,,,,,,,,,,,,,,,,,,,,,,,,,,,,,,,,,,,,,,,,,,,,,,,,,,,,,,,,,,,,,,,,,,,,,,,,,,,,,,,,,,,,,,,,,,,,,,,,,,,,,,,,,,,,,,,,,,,,,,,,,,,,,,,,,,,,,,,,,,,,,,,,,,,,,,,,,,,,,,,,,,,,,,,,,,,,,,,45,d,Time,300,mg/kg bdwt/d,Administered dose(mass),,,300,mg/kg/d,Administered dose(mass),,
26444-49-5,"Cresyl diphenyl phosphate;Cresyldiphenyl phosphate;Diphenyl cresyl phosphate;diphenyl tolyl phosphate;Methylphenyl diphenyl ester, Phosphoric acid;Phosphoric acid, methylphenyl diphenyl ester",,,,,,,,,,,,,,,,,,,,,,,,,,,,,,,,,,,,,,,,,,,,,,,,,,,,,,,,,,,,,,,,,,,,,,,,,,,,,,,,,,,,,,,,,,,,,,,,,,,,,,,,,,,,,,,,,,,,,,,,,,,,,,,,Human Health Hazards#Repeated Dose Toxicity,Repeated Dose Toxicity HESS,mixture,NOEL,,False,No qualifier,Equal,,,,,,1993,,,,,,Rat,,,,,,,,,,,,,,,,,,,,,,,,,,SD,,OECD TG 422,,,,,,,,,,I. Phosphorus↑,Male,Main,"National Institute of Health Sciences, Japan",Blood serum (Electrolyte),ReproTox,Mitsubishi Chemical Safety Institute Ltd.,Blood chemical examination,Oral (Gavage),300,mg/kg bdwt/d,Administered dose(mass),12,mg/kg bdwt/d,Administered dose(mass),25.6,,None,0,d,Time,,,,,,,,,,,,,,,,,,,,,,,,,,,,,,,,,,,,,,,,,,,,,,,,,,,,,,,,,,,,,,,,,,,,,,,,,,,,,,,,,,,,,,,,,,,,,,,,,,,,,,,,,,,,,,,,,,,,,,,,,,,,,,,,,,,,,,,,,,,,,,,,,,,,,,,,,,,,,,,,,,,,,,,,,,,,,,,,,,,,,45,d,Time,300,mg/kg bdwt/d,Administered dose(mass),,,300,mg/kg/d,Administered dose(mass),,
26444-49-5,"Cresyl diphenyl phosphate;Cresyldiphenyl phosphate;Diphenyl cresyl phosphate;diphenyl tolyl phosphate;Methylphenyl diphenyl ester, Phosphoric acid;Phosphoric acid, methylphenyl diphenyl ester",,,,,,,,,,,,,,,,,,,,,,,,,,,,,,,,,,,,,,,,,,,,,,,,,,,,,,,,,,,,,,,,,,,,,,,,,,,,,,,,,,,,,,,,,,,,,,,,,,,,,,,,,,,,,,,,,,,,,,,,,,,,,,,,Human Health Hazards#Repeated Dose Toxicity,Repeated Dose Toxicity HESS,mixture,NOEL,,False,No qualifier,Equal,,,,,,1993,,,,,,Rat,,,,,,,,,,,,,,,,,,,,,,,,,,SD,,OECD TG 422,,,,,,,,,,I. Phosphorus↓,Male,Main,"National Institute of Health Sciences, Japan",Blood serum (Electrolyte),ReproTox,Mitsubishi Chemical Safety Institute Ltd.,Blood chemical examination,Oral (Gavage),300,mg/kg bdwt/d,Administered dose(mass),12,mg/kg bdwt/d,Administered dose(mass),25.6,,None,0,d,Time,,,,,,,,,,,,,,,,,,,,,,,,,,,,,,,,,,,,,,,,,,,,,,,,,,,,,,,,,,,,,,,,,,,,,,,,,,,,,,,,,,,,,,,,,,,,,,,,,,,,,,,,,,,,,,,,,,,,,,,,,,,,,,,,,,,,,,,,,,,,,,,,,,,,,,,,,,,,,,,,,,,,,,,,,,,,,,,,,,,,,45,d,Time,300,mg/kg bdwt/d,Administered dose(mass),,,300,mg/kg/d,Administered dose(mass),,
26444-49-5,"Cresyl diphenyl phosphate;Cresyldiphenyl phosphate;Diphenyl cresyl phosphate;diphenyl tolyl phosphate;Methylphenyl diphenyl ester, Phosphoric acid;Phosphoric acid, methylphenyl diphenyl ester",,,,,,,,,,,,,,,,,,,,,,,,,,,,,,,,,,,,,,,,,,,,,,,,,,,,,,,,,,,,,,,,,,,,,,,,,,,,,,,,,,,,,,,,,,,,,,,,,,,,,,,,,,,,,,,,,,,,,,,,,,,,,,,,Human Health Hazards#Repeated Dose Toxicity,Repeated Dose Toxicity HESS,mixture,NOEL,,False,No qualifier,Equal,,,,,,1993,,,,,,Rat,,,,,,,,,,,,,,,,,,,,,,,,,,SD,,OECD TG 422,,,,,,,,,,Potassium↑,Male,Main,"National Institute of Health Sciences, Japan",Blood serum (Electrolyte),ReproTox,Mitsubishi Chemical Safety Institute Ltd.,Blood chemical examination,Oral (Gavage),300,mg/kg bdwt/d,Administered dose(mass),12,mg/kg bdwt/d,Administered dose(mass),25.6,,None,0,d,Time,,,,,,,,,,,,,,,,,,,,,,,,,,,,,,,,,,,,,,,,,,,,,,,,,,,,,,,,,,,,,,,,,,,,,,,,,,,,,,,,,,,,,,,,,,,,,,,,,,,,,,,,,,,,,,,,,,,,,,,,,,,,,,,,,,,,,,,,,,,,,,,,,,,,,,,,,,,,,,,,,,,,,,,,,,,,,,,,,,,,,45,d,Time,300,mg/kg bdwt/d,Administered dose(mass),,,300,mg/kg/d,Administered dose(mass),,
26444-49-5,"Cresyl diphenyl phosphate;Cresyldiphenyl phosphate;Diphenyl cresyl phosphate;diphenyl tolyl phosphate;Methylphenyl diphenyl ester, Phosphoric acid;Phosphoric acid, methylphenyl diphenyl ester",,,,,,,,,,,,,,,,,,,,,,,,,,,,,,,,,,,,,,,,,,,,,,,,,,,,,,,,,,,,,,,,,,,,,,,,,,,,,,,,,,,,,,,,,,,,,,,,,,,,,,,,,,,,,,,,,,,,,,,,,,,,,,,,Human Health Hazards#Repeated Dose Toxicity,Repeated Dose Toxicity HESS,mixture,NOEL,,False,No qualifier,Equal,,,,,,1993,,,,,,Rat,,,,,,,,,,,,,,,,,,,,,,,,,,SD,,OECD TG 422,,,,,,,,,,Potassium↓,Male,Main,"National Institute of Health Sciences, Japan",Blood serum (Electrolyte),ReproTox,Mitsubishi Chemical Safety Institute Ltd.,Blood chemical examination,Oral (Gavage),300,mg/kg bdwt/d,Administered dose(mass),12,mg/kg bdwt/d,Administered dose(mass),25.6,,None,0,d,Time,,,,,,,,,,,,,,,,,,,,,,,,,,,,,,,,,,,,,,,,,,,,,,,,,,,,,,,,,,,,,,,,,,,,,,,,,,,,,,,,,,,,,,,,,,,,,,,,,,,,,,,,,,,,,,,,,,,,,,,,,,,,,,,,,,,,,,,,,,,,,,,,,,,,,,,,,,,,,,,,,,,,,,,,,,,,,,,,,,,,,45,d,Time,300,mg/kg bdwt/d,Administered dose(mass),,,300,mg/kg/d,Administered dose(mass),,
26444-49-5,"Cresyl diphenyl phosphate;Cresyldiphenyl phosphate;Diphenyl cresyl phosphate;diphenyl tolyl phosphate;Methylphenyl diphenyl ester, Phosphoric acid;Phosphoric acid, methylphenyl diphenyl ester",,,,,,,,,,,,,,,,,,,,,,,,,,,,,,,,,,,,,,,,,,,,,,,,,,,,,,,,,,,,,,,,,,,,,,,,,,,,,,,,,,,,,,,,,,,,,,,,,,,,,,,,,,,,,,,,,,,,,,,,,,,,,,,,Human Health Hazards#Repeated Dose Toxicity,Repeated Dose Toxicity HESS,mixture,NOEL,,False,No qualifier,Equal,,,,,,1993,,,,,,Rat,,,,,,,,,,,,,,,,,,,,,,,,,,SD,,OECD TG 422,,,,,,,,,,Sodium↑,Male,Main,"National Institute of Health Sciences, Japan",Blood serum (Electrolyte),ReproTox,Mitsubishi Chemical Safety Institute Ltd.,Blood chemical examination,Oral (Gavage),300,mg/kg bdwt/d,Administered dose(mass),12,mg/kg bdwt/d,Administered dose(mass),25.6,,None,0,d,Time,,,,,,,,,,,,,,,,,,,,,,,,,,,,,,,,,,,,,,,,,,,,,,,,,,,,,,,,,,,,,,,,,,,,,,,,,,,,,,,,,,,,,,,,,,,,,,,,,,,,,,,,,,,,,,,,,,,,,,,,,,,,,,,,,,,,,,,,,,,,,,,,,,,,,,,,,,,,,,,,,,,,,,,,,,,,,,,,,,,,,45,d,Time,60,mg/kg bdwt/d,Administered dose(mass),,,60,mg/kg/d,Administered dose(mass),,
26444-49-5,"Cresyl diphenyl phosphate;Cresyldiphenyl phosphate;Diphenyl cresyl phosphate;diphenyl tolyl phosphate;Methylphenyl diphenyl ester, Phosphoric acid;Phosphoric acid, methylphenyl diphenyl ester",,,,,,,,,,,,,,,,,,,,,,,,,,,,,,,,,,,,,,,,,,,,,,,,,,,,,,,,,,,,,,,,,,,,,,,,,,,,,,,,,,,,,,,,,,,,,,,,,,,,,,,,,,,,,,,,,,,,,,,,,,,,,,,,Human Health Hazards#Repeated Dose Toxicity,Repeated Dose Toxicity HESS,mixture,NOEL,,False,No qualifier,Equal,,,,,,1993,,,,,,Rat,,,,,,,,,,,,,,,,,,,,,,,,,,SD,,OECD TG 422,,,,,,,,,,Sodium↓,Male,Main,"National Institute of Health Sciences, Japan",Blood serum (Electrolyte),ReproTox,Mitsubishi Chemical Safety Institute Ltd.,Blood chemical examination,Oral (Gavage),300,mg/kg bdwt/d,Administered dose(mass),12,mg/kg bdwt/d,Administered dose(mass),25.6,,None,0,d,Time,,,,,,,,,,,,,,,,,,,,,,,,,,,,,,,,,,,,,,,,,,,,,,,,,,,,,,,,,,,,,,,,,,,,,,,,,,,,,,,,,,,,,,,,,,,,,,,,,,,,,,,,,,,,,,,,,,,,,,,,,,,,,,,,,,,,,,,,,,,,,,,,,,,,,,,,,,,,,,,,,,,,,,,,,,,,,,,,,,,,,45,d,Time,300,mg/kg bdwt/d,Administered dose(mass),,,300,mg/kg/d,Administered dose(mass),,
26444-49-5,"Cresyl diphenyl phosphate;Cresyldiphenyl phosphate;Diphenyl cresyl phosphate;diphenyl tolyl phosphate;Methylphenyl diphenyl ester, Phosphoric acid;Phosphoric acid, methylphenyl diphenyl ester",,,,,,,,,,,,,,,,,,,,,,,,,,,,,,,,,,,,,,,,,,,,,,,,,,,,,,,,,,,,,,,,,,,,,,,,,,,,,,,,,,,,,,,,,,,,,,,,,,,,,,,,,,,,,,,,,,,,,,,,,,,,,,,,Human Health Hazards#Repeated Dose Toxicity,Repeated Dose Toxicity HESS,mixture,NOEL,,False,No qualifier,Equal,,,,,,1993,,,,,,Rat,,,,,,,,,,,,,,,,,,,,,,,,,,SD,,OECD TG 422,,,,,,,,,,A/G↑,Male,Main,"National Institute of Health Sciences, Japan",Blood serum (Enzyme),ReproTox,Mitsubishi Chemical Safety Institute Ltd.,Blood chemical examination,Oral (Gavage),300,mg/kg bdwt/d,Administered dose(mass),12,mg/kg bdwt/d,Administered dose(mass),25.6,,None,0,d,Time,,,,,,,,,,,,,,,,,,,,,,,,,,,,,,,,,,,,,,,,,,,,,,,,,,,,,,,,,,,,,,,,,,,,,,,,,,,,,,,,,,,,,,,,,,,,,,,,,,,,,,,,,,,,,,,,,,,,,,,,,,,,,,,,,,,,,,,,,,,,,,,,,,,,,,,,,,,,,,,,,,,,,,,,,,,,,,,,,,,,,45,d,Time,300,mg/kg bdwt/d,Administered dose(mass),,,300,mg/kg/d,Administered dose(mass),,
26444-49-5,"Cresyl diphenyl phosphate;Cresyldiphenyl phosphate;Diphenyl cresyl phosphate;diphenyl tolyl phosphate;Methylphenyl diphenyl ester, Phosphoric acid;Phosphoric acid, methylphenyl diphenyl ester",,,,,,,,,,,,,,,,,,,,,,,,,,,,,,,,,,,,,,,,,,,,,,,,,,,,,,,,,,,,,,,,,,,,,,,,,,,,,,,,,,,,,,,,,,,,,,,,,,,,,,,,,,,,,,,,,,,,,,,,,,,,,,,,Human Health Hazards#Repeated Dose Toxicity,Repeated Dose Toxicity HESS,mixture,NOEL,,False,No qualifier,Equal,,,,,,1993,,,,,,Rat,,,,,,,,,,,,,,,,,,,,,,,,,,SD,,OECD TG 422,,,,,,,,,,A/G↓,Male,Main,"National Institute of Health Sciences, Japan",Blood serum (Enzyme),ReproTox,Mitsubishi Chemical Safety Institute Ltd.,Blood chemical examination,Oral (Gavage),300,mg/kg bdwt/d,Administered dose(mass),12,mg/kg bdwt/d,Administered dose(mass),25.6,,None,0,d,Time,,,,,,,,,,,,,,,,,,,,,,,,,,,,,,,,,,,,,,,,,,,,,,,,,,,,,,,,,,,,,,,,,,,,,,,,,,,,,,,,,,,,,,,,,,,,,,,,,,,,,,,,,,,,,,,,,,,,,,,,,,,,,,,,,,,,,,,,,,,,,,,,,,,,,,,,,,,,,,,,,,,,,,,,,,,,,,,,,,,,,45,d,Time,60,mg/kg bdwt/d,Administered dose(mass),,,60,mg/kg/d,Administered dose(mass),,
26444-49-5,"Cresyl diphenyl phosphate;Cresyldiphenyl phosphate;Diphenyl cresyl phosphate;diphenyl tolyl phosphate;Methylphenyl diphenyl ester, Phosphoric acid;Phosphoric acid, methylphenyl diphenyl ester",,,,,,,,,,,,,,,,,,,,,,,,,,,,,,,,,,,,,,,,,,,,,,,,,,,,,,,,,,,,,,,,,,,,,,,,,,,,,,,,,,,,,,,,,,,,,,,,,,,,,,,,,,,,,,,,,,,,,,,,,,,,,,,,Human Health Hazards#Repeated Dose Toxicity,Repeated Dose Toxicity HESS,mixture,NOEL,,False,No qualifier,Equal,,,,,,1993,,,,,,Rat,,,,,,,,,,,,,,,,,,,,,,,,,,SD,,OECD TG 422,,,,,,,,,,Alb↑,Male,Main,"National Institute of Health Sciences, Japan",Blood serum (Enzyme),ReproTox,Mitsubishi Chemical Safety Institute Ltd.,Blood chemical examination,Oral (Gavage),300,mg/kg bdwt/d,Administered dose(mass),12,mg/kg bdwt/d,Administered dose(mass),25.6,,None,0,d,Time,,,,,,,,,,,,,,,,,,,,,,,,,,,,,,,,,,,,,,,,,,,,,,,,,,,,,,,,,,,,,,,,,,,,,,,,,,,,,,,,,,,,,,,,,,,,,,,,,,,,,,,,,,,,,,,,,,,,,,,,,,,,,,,,,,,,,,,,,,,,,,,,,,,,,,,,,,,,,,,,,,,,,,,,,,,,,,,,,,,,,45,d,Time,300,mg/kg bdwt/d,Administered dose(mass),,,300,mg/kg/d,Administered dose(mass),,
26444-49-5,"Cresyl diphenyl phosphate;Cresyldiphenyl phosphate;Diphenyl cresyl phosphate;diphenyl tolyl phosphate;Methylphenyl diphenyl ester, Phosphoric acid;Phosphoric acid, methylphenyl diphenyl ester",,,,,,,,,,,,,,,,,,,,,,,,,,,,,,,,,,,,,,,,,,,,,,,,,,,,,,,,,,,,,,,,,,,,,,,,,,,,,,,,,,,,,,,,,,,,,,,,,,,,,,,,,,,,,,,,,,,,,,,,,,,,,,,,Human Health Hazards#Repeated Dose Toxicity,Repeated Dose Toxicity HESS,mixture,NOEL,,False,No qualifier,Equal,,,,,,1993,,,,,,Rat,,,,,,,,,,,,,,,,,,,,,,,,,,SD,,OECD TG 422,,,,,,,,,,Alb↓,Male,Main,"National Institute of Health Sciences, Japan",Blood serum (Enzyme),ReproTox,Mitsubishi Chemical Safety Institute Ltd.,Blood chemical examination,Oral (Gavage),300,mg/kg bdwt/d,Administered dose(mass),12,mg/kg bdwt/d,Administered dose(mass),25.6,,None,0,d,Time,,,,,,,,,,,,,,,,,,,,,,,,,,,,,,,,,,,,,,,,,,,,,,,,,,,,,,,,,,,,,,,,,,,,,,,,,,,,,,,,,,,,,,,,,,,,,,,,,,,,,,,,,,,,,,,,,,,,,,,,,,,,,,,,,,,,,,,,,,,,,,,,,,,,,,,,,,,,,,,,,,,,,,,,,,,,,,,,,,,,,45,d,Time,60,mg/kg bdwt/d,Administered dose(mass),,,60,mg/kg/d,Administered dose(mass),,
26444-49-5,"Cresyl diphenyl phosphate;Cresyldiphenyl phosphate;Diphenyl cresyl phosphate;diphenyl tolyl phosphate;Methylphenyl diphenyl ester, Phosphoric acid;Phosphoric acid, methylphenyl diphenyl ester",,,,,,,,,,,,,,,,,,,,,,,,,,,,,,,,,,,,,,,,,,,,,,,,,,,,,,,,,,,,,,,,,,,,,,,,,,,,,,,,,,,,,,,,,,,,,,,,,,,,,,,,,,,,,,,,,,,,,,,,,,,,,,,,Human Health Hazards#Repeated Dose Toxicity,Repeated Dose Toxicity HESS,mixture,NOEL,,False,No qualifier,Equal,,,,,,1993,,,,,,Rat,,,,,,,,,,,,,,,,,,,,,,,,,,SD,,OECD TG 422,,,,,,,,,,ALP↑,Male,Main,"National Institute of Health Sciences, Japan",Blood serum (Enzyme),ReproTox,Mitsubishi Chemical Safety Institute Ltd.,Blood chemical examination,Oral (Gavage),300,mg/kg bdwt/d,Administered dose(mass),12,mg/kg bdwt/d,Administered dose(mass),25.6,,None,0,d,Time,,,,,,,,,,,,,,,,,,,,,,,,,,,,,,,,,,,,,,,,,,,,,,,,,,,,,,,,,,,,,,,,,,,,,,,,,,,,,,,,,,,,,,,,,,,,,,,,,,,,,,,,,,,,,,,,,,,,,,,,,,,,,,,,,,,,,,,,,,,,,,,,,,,,,,,,,,,,,,,,,,,,,,,,,,,,,,,,,,,,,45,d,Time,300,mg/kg bdwt/d,Administered dose(mass),,,300,mg/kg/d,Administered dose(mass),,
26444-49-5,"Cresyl diphenyl phosphate;Cresyldiphenyl phosphate;Diphenyl cresyl phosphate;diphenyl tolyl phosphate;Methylphenyl diphenyl ester, Phosphoric acid;Phosphoric acid, methylphenyl diphenyl ester",,,,,,,,,,,,,,,,,,,,,,,,,,,,,,,,,,,,,,,,,,,,,,,,,,,,,,,,,,,,,,,,,,,,,,,,,,,,,,,,,,,,,,,,,,,,,,,,,,,,,,,,,,,,,,,,,,,,,,,,,,,,,,,,Human Health Hazards#Repeated Dose Toxicity,Repeated Dose Toxicity HESS,mixture,NOEL,,False,No qualifier,Equal,,,,,,1993,,,,,,Rat,,,,,,,,,,,,,,,,,,,,,,,,,,SD,,OECD TG 422,,,,,,,,,,ALP↓,Male,Main,"National Institute of Health Sciences, Japan",Blood serum (Enzyme),ReproTox,Mitsubishi Chemical Safety Institute Ltd.,Blood chemical examination,Oral (Gavage),300,mg/kg bdwt/d,Administered dose(mass),12,mg/kg bdwt/d,Administered dose(mass),25.6,,None,0,d,Time,,,,,,,,,,,,,,,,,,,,,,,,,,,,,,,,,,,,,,,,,,,,,,,,,,,,,,,,,,,,,,,,,,,,,,,,,,,,,,,,,,,,,,,,,,,,,,,,,,,,,,,,,,,,,,,,,,,,,,,,,,,,,,,,,,,,,,,,,,,,,,,,,,,,,,,,,,,,,,,,,,,,,,,,,,,,,,,,,,,,,45,d,Time,300,mg/kg bdwt/d,Administered dose(mass),,,300,mg/kg/d,Administered dose(mass),,
26444-49-5,"Cresyl diphenyl phosphate;Cresyldiphenyl phosphate;Diphenyl cresyl phosphate;diphenyl tolyl phosphate;Methylphenyl diphenyl ester, Phosphoric acid;Phosphoric acid, methylphenyl diphenyl ester",,,,,,,,,,,,,,,,,,,,,,,,,,,,,,,,,,,,,,,,,,,,,,,,,,,,,,,,,,,,,,,,,,,,,,,,,,,,,,,,,,,,,,,,,,,,,,,,,,,,,,,,,,,,,,,,,,,,,,,,,,,,,,,,Human Health Hazards#Repeated Dose Toxicity,Repeated Dose Toxicity HESS,mixture,NOEL,,False,No qualifier,Equal,,,,,,1993,,,,,,Rat,,,,,,,,,,,,,,,,,,,,,,,,,,SD,,OECD TG 422,,,,,,,,,,ALT(GPT)↑,Male,Main,"National Institute of Health Sciences, Japan",Blood serum (Enzyme),ReproTox,Mitsubishi Chemical Safety Institute Ltd.,Blood chemical examination,Oral (Gavage),300,mg/kg bdwt/d,Administered dose(mass),12,mg/kg bdwt/d,Administered dose(mass),25.6,,None,0,d,Time,,,,,,,,,,,,,,,,,,,,,,,,,,,,,,,,,,,,,,,,,,,,,,,,,,,,,,,,,,,,,,,,,,,,,,,,,,,,,,,,,,,,,,,,,,,,,,,,,,,,,,,,,,,,,,,,,,,,,,,,,,,,,,,,,,,,,,,,,,,,,,,,,,,,,,,,,,,,,,,,,,,,,,,,,,,,,,,,,,,,,45,d,Time,60,mg/kg bdwt/d,Administered dose(mass),,,60,mg/kg/d,Administered dose(mass),,
26444-49-5,"Cresyl diphenyl phosphate;Cresyldiphenyl phosphate;Diphenyl cresyl phosphate;diphenyl tolyl phosphate;Methylphenyl diphenyl ester, Phosphoric acid;Phosphoric acid, methylphenyl diphenyl ester",,,,,,,,,,,,,,,,,,,,,,,,,,,,,,,,,,,,,,,,,,,,,,,,,,,,,,,,,,,,,,,,,,,,,,,,,,,,,,,,,,,,,,,,,,,,,,,,,,,,,,,,,,,,,,,,,,,,,,,,,,,,,,,,Human Health Hazards#Repeated Dose Toxicity,Repeated Dose Toxicity HESS,mixture,NOEL,,False,No qualifier,Equal,,,,,,1993,,,,,,Rat,,,,,,,,,,,,,,,,,,,,,,,,,,SD,,OECD TG 422,,,,,,,,,,ALT(GPT)↓,Male,Main,"National Institute of Health Sciences, Japan",Blood serum (Enzyme),ReproTox,Mitsubishi Chemical Safety Institute Ltd.,Blood chemical examination,Oral (Gavage),300,mg/kg bdwt/d,Administered dose(mass),12,mg/kg bdwt/d,Administered dose(mass),25.6,,None,0,d,Time,,,,,,,,,,,,,,,,,,,,,,,,,,,,,,,,,,,,,,,,,,,,,,,,,,,,,,,,,,,,,,,,,,,,,,,,,,,,,,,,,,,,,,,,,,,,,,,,,,,,,,,,,,,,,,,,,,,,,,,,,,,,,,,,,,,,,,,,,,,,,,,,,,,,,,,,,,,,,,,,,,,,,,,,,,,,,,,,,,,,,45,d,Time,300,mg/kg bdwt/d,Administered dose(mass),,,300,mg/kg/d,Administered dose(mass),,
26444-49-5,"Cresyl diphenyl phosphate;Cresyldiphenyl phosphate;Diphenyl cresyl phosphate;diphenyl tolyl phosphate;Methylphenyl diphenyl ester, Phosphoric acid;Phosphoric acid, methylphenyl diphenyl ester",,,,,,,,,,,,,,,,,,,,,,,,,,,,,,,,,,,,,,,,,,,,,,,,,,,,,,,,,,,,,,,,,,,,,,,,,,,,,,,,,,,,,,,,,,,,,,,,,,,,,,,,,,,,,,,,,,,,,,,,,,,,,,,,Human Health Hazards#Repeated Dose Toxicity,Repeated Dose Toxicity HESS,mixture,NOEL,,False,No qualifier,Equal,,,,,,1993,,,,,,Rat,,,,,,,,,,,,,,,,,,,,,,,,,,SD,,OECD TG 422,,,,,,,,,,AST(GOT)↑,Male,Main,"National Institute of Health Sciences, Japan",Blood serum (Enzyme),ReproTox,Mitsubishi Chemical Safety Institute Ltd.,Blood chemical examination,Oral (Gavage),300,mg/kg bdwt/d,Administered dose(mass),12,mg/kg bdwt/d,Administered dose(mass),25.6,,None,0,d,Time,,,,,,,,,,,,,,,,,,,,,,,,,,,,,,,,,,,,,,,,,,,,,,,,,,,,,,,,,,,,,,,,,,,,,,,,,,,,,,,,,,,,,,,,,,,,,,,,,,,,,,,,,,,,,,,,,,,,,,,,,,,,,,,,,,,,,,,,,,,,,,,,,,,,,,,,,,,,,,,,,,,,,,,,,,,,,,,,,,,,,45,d,Time,300,mg/kg bdwt/d,Administered dose(mass),,,300,mg/kg/d,Administered dose(mass),,
26444-49-5,"Cresyl diphenyl phosphate;Cresyldiphenyl phosphate;Diphenyl cresyl phosphate;diphenyl tolyl phosphate;Methylphenyl diphenyl ester, Phosphoric acid;Phosphoric acid, methylphenyl diphenyl ester",,,,,,,,,,,,,,,,,,,,,,,,,,,,,,,,,,,,,,,,,,,,,,,,,,,,,,,,,,,,,,,,,,,,,,,,,,,,,,,,,,,,,,,,,,,,,,,,,,,,,,,,,,,,,,,,,,,,,,,,,,,,,,,,Human Health Hazards#Repeated Dose Toxicity,Repeated Dose Toxicity HESS,mixture,NOEL,,False,No qualifier,Equal,,,,,,1993,,,,,,Rat,,,,,,,,,,,,,,,,,,,,,,,,,,SD,,OECD TG 422,,,,,,,,,,AST(GOT)↓,Male,Main,"National Institute of Health Sciences, Japan",Blood serum (Enzyme),ReproTox,Mitsubishi Chemical Safety Institute Ltd.,Blood chemical examination,Oral (Gavage),300,mg/kg bdwt/d,Administered dose(mass),12,mg/kg bdwt/d,Administered dose(mass),25.6,,None,0,d,Time,,,,,,,,,,,,,,,,,,,,,,,,,,,,,,,,,,,,,,,,,,,,,,,,,,,,,,,,,,,,,,,,,,,,,,,,,,,,,,,,,,,,,,,,,,,,,,,,,,,,,,,,,,,,,,,,,,,,,,,,,,,,,,,,,,,,,,,,,,,,,,,,,,,,,,,,,,,,,,,,,,,,,,,,,,,,,,,,,,,,,45,d,Time,60,mg/kg bdwt/d,Administered dose(mass),,,60,mg/kg/d,Administered dose(mass),,
26444-49-5,"Cresyl diphenyl phosphate;Cresyldiphenyl phosphate;Diphenyl cresyl phosphate;diphenyl tolyl phosphate;Methylphenyl diphenyl ester, Phosphoric acid;Phosphoric acid, methylphenyl diphenyl ester",,,,,,,,,,,,,,,,,,,,,,,,,,,,,,,,,,,,,,,,,,,,,,,,,,,,,,,,,,,,,,,,,,,,,,,,,,,,,,,,,,,,,,,,,,,,,,,,,,,,,,,,,,,,,,,,,,,,,,,,,,,,,,,,Human Health Hazards#Repeated Dose Toxicity,Repeated Dose Toxicity HESS,mixture,NOEL,,False,No qualifier,Equal,,,,,,1993,,,,,,Rat,,,,,,,,,,,,,,,,,,,,,,,,,,SD,,OECD TG 422,,,,,,,,,,Change in Globulin Fraction,Male,Main,"National Institute of Health Sciences, Japan",Blood serum (Enzyme),ReproTox,Mitsubishi Chemical Safety Institute Ltd.,Blood chemical examination,Oral (Gavage),300,mg/kg bdwt/d,Administered dose(mass),12,mg/kg bdwt/d,Administered dose(mass),25.6,,None,0,d,Time,,,,,,,,,,,,,,,,,,,,,,,,,,,,,,,,,,,,,,,,,,,,,,,,,,,,,,,,,,,,,,,,,,,,,,,,,,,,,,,,,,,,,,,,,,,,,,,,,,,,,,,,,,,,,,,,,,,,,,,,,,,,,,,,,,,,,,,,,,,,,,,,,,,,,,,,,,,,,,,,,,,,,,,,,,,,,,,,,,,,,45,d,Time,300,mg/kg bdwt/d,Administered dose(mass),,,300,mg/kg/d,Administered dose(mass),,
26444-49-5,"Cresyl diphenyl phosphate;Cresyldiphenyl phosphate;Diphenyl cresyl phosphate;diphenyl tolyl phosphate;Methylphenyl diphenyl ester, Phosphoric acid;Phosphoric acid, methylphenyl diphenyl ester",,,,,,,,,,,,,,,,,,,,,,,,,,,,,,,,,,,,,,,,,,,,,,,,,,,,,,,,,,,,,,,,,,,,,,,,,,,,,,,,,,,,,,,,,,,,,,,,,,,,,,,,,,,,,,,,,,,,,,,,,,,,,,,,Human Health Hazards#Repeated Dose Toxicity,Repeated Dose Toxicity HESS,mixture,NOEL,,False,No qualifier,Equal,,,,,,1993,,,,,,Rat,,,,,,,,,,,,,,,,,,,,,,,,,,SD,,OECD TG 422,,,,,,,,,,ChE↑(Plasma/Others)r,Male,Main,"National Institute of Health Sciences, Japan",Blood serum (Enzyme),ReproTox,Mitsubishi Chemical Safety Institute Ltd.,Blood chemical examination,Oral (Gavage),300,mg/kg bdwt/d,Administered dose(mass),12,mg/kg bdwt/d,Administered dose(mass),25.6,,None,0,d,Time,,,,,,,,,,,,,,,,,,,,,,,,,,,,,,,,,,,,,,,,,,,,,,,,,,,,,,,,,,,,,,,,,,,,,,,,,,,,,,,,,,,,,,,,,,,,,,,,,,,,,,,,,,,,,,,,,,,,,,,,,,,,,,,,,,,,,,,,,,,,,,,,,,,,,,,,,,,,,,,,,,,,,,,,,,,,,,,,,,,,,45,d,Time,300,mg/kg bdwt/d,Administered dose(mass),,,300,mg/kg/d,Administered dose(mass),,
26444-49-5,"Cresyl diphenyl phosphate;Cresyldiphenyl phosphate;Diphenyl cresyl phosphate;diphenyl tolyl phosphate;Methylphenyl diphenyl ester, Phosphoric acid;Phosphoric acid, methylphenyl diphenyl ester",,,,,,,,,,,,,,,,,,,,,,,,,,,,,,,,,,,,,,,,,,,,,,,,,,,,,,,,,,,,,,,,,,,,,,,,,,,,,,,,,,,,,,,,,,,,,,,,,,,,,,,,,,,,,,,,,,,,,,,,,,,,,,,,Human Health Hazards#Repeated Dose Toxicity,Repeated Dose Toxicity HESS,mixture,NOEL,,False,No qualifier,Equal,,,,,,1993,,,,,,Rat,,,,,,,,,,,,,,,,,,,,,,,,,,SD,,OECD TG 422,,,,,,,,,,ChE↑(RBC/Brain),Male,Main,"National Institute of Health Sciences, Japan",Blood serum (Enzyme),ReproTox,Mitsubishi Chemical Safety Institute Ltd.,Blood chemical examination,Oral (Gavage),300,mg/kg bdwt/d,Administered dose(mass),12,mg/kg bdwt/d,Administered dose(mass),25.6,,None,0,d,Time,,,,,,,,,,,,,,,,,,,,,,,,,,,,,,,,,,,,,,,,,,,,,,,,,,,,,,,,,,,,,,,,,,,,,,,,,,,,,,,,,,,,,,,,,,,,,,,,,,,,,,,,,,,,,,,,,,,,,,,,,,,,,,,,,,,,,,,,,,,,,,,,,,,,,,,,,,,,,,,,,,,,,,,,,,,,,,,,,,,,,45,d,Time,300,mg/kg bdwt/d,Administered dose(mass),,,300,mg/kg/d,Administered dose(mass),,
26444-49-5,"Cresyl diphenyl phosphate;Cresyldiphenyl phosphate;Diphenyl cresyl phosphate;diphenyl tolyl phosphate;Methylphenyl diphenyl ester, Phosphoric acid;Phosphoric acid, methylphenyl diphenyl ester",,,,,,,,,,,,,,,,,,,,,,,,,,,,,,,,,,,,,,,,,,,,,,,,,,,,,,,,,,,,,,,,,,,,,,,,,,,,,,,,,,,,,,,,,,,,,,,,,,,,,,,,,,,,,,,,,,,,,,,,,,,,,,,,Human Health Hazards#Repeated Dose Toxicity,Repeated Dose Toxicity HESS,mixture,NOEL,,False,No qualifier,Equal,,,,,,1993,,,,,,Rat,,,,,,,,,,,,,,,,,,,,,,,,,,SD,,OECD TG 422,,,,,,,,,,ChE↓(Plasma/Others),Male,Main,"National Institute of Health Sciences, Japan",Blood serum (Enzyme),ReproTox,Mitsubishi Chemical Safety Institute Ltd.,Blood chemical examination,Oral (Gavage),300,mg/kg bdwt/d,Administered dose(mass),12,mg/kg bdwt/d,Administered dose(mass),25.6,,None,0,d,Time,,,,,,,,,,,,,,,,,,,,,,,,,,,,,,,,,,,,,,,,,,,,,,,,,,,,,,,,,,,,,,,,,,,,,,,,,,,,,,,,,,,,,,,,,,,,,,,,,,,,,,,,,,,,,,,,,,,,,,,,,,,,,,,,,,,,,,,,,,,,,,,,,,,,,,,,,,,,,,,,,,,,,,,,,,,,,,,,,,,,,45,d,Time,12,mg/kg bdwt/d,Administered dose(mass),,,12,mg/kg/d,Administered dose(mass),,
26444-49-5,"Cresyl diphenyl phosphate;Cresyldiphenyl phosphate;Diphenyl cresyl phosphate;diphenyl tolyl phosphate;Methylphenyl diphenyl ester, Phosphoric acid;Phosphoric acid, methylphenyl diphenyl ester",,,,,,,,,,,,,,,,,,,,,,,,,,,,,,,,,,,,,,,,,,,,,,,,,,,,,,,,,,,,,,,,,,,,,,,,,,,,,,,,,,,,,,,,,,,,,,,,,,,,,,,,,,,,,,,,,,,,,,,,,,,,,,,,Human Health Hazards#Repeated Dose Toxicity,Repeated Dose Toxicity HESS,mixture,NOEL,,False,No qualifier,Equal,,,,,,1993,,,,,,Rat,,,,,,,,,,,,,,,,,,,,,,,,,,SD,,OECD TG 422,,,,,,,,,,ChE↓(RBC/Brain),Male,Main,"National Institute of Health Sciences, Japan",Blood serum (Enzyme),ReproTox,Mitsubishi Chemical Safety Institute Ltd.,Blood chemical examination,Oral (Gavage),300,mg/kg bdwt/d,Administered dose(mass),12,mg/kg bdwt/d,Administered dose(mass),25.6,,None,0,d,Time,,,,,,,,,,,,,,,,,,,,,,,,,,,,,,,,,,,,,,,,,,,,,,,,,,,,,,,,,,,,,,,,,,,,,,,,,,,,,,,,,,,,,,,,,,,,,,,,,,,,,,,,,,,,,,,,,,,,,,,,,,,,,,,,,,,,,,,,,,,,,,,,,,,,,,,,,,,,,,,,,,,,,,,,,,,,,,,,,,,,,45,d,Time,300,mg/kg bdwt/d,Administered dose(mass),,,300,mg/kg/d,Administered dose(mass),,
26444-49-5,"Cresyl diphenyl phosphate;Cresyldiphenyl phosphate;Diphenyl cresyl phosphate;diphenyl tolyl phosphate;Methylphenyl diphenyl ester, Phosphoric acid;Phosphoric acid, methylphenyl diphenyl ester",,,,,,,,,,,,,,,,,,,,,,,,,,,,,,,,,,,,,,,,,,,,,,,,,,,,,,,,,,,,,,,,,,,,,,,,,,,,,,,,,,,,,,,,,,,,,,,,,,,,,,,,,,,,,,,,,,,,,,,,,,,,,,,,Human Health Hazards#Repeated Dose Toxicity,Repeated Dose Toxicity HESS,mixture,NOEL,,False,No qualifier,Equal,,,,,,1993,,,,,,Rat,,,,,,,,,,,,,,,,,,,,,,,,,,SD,,OECD TG 422,,,,,,,,,,T. Protein↑,Male,Main,"National Institute of Health Sciences, Japan",Blood serum (Enzyme),ReproTox,Mitsubishi Chemical Safety Institute Ltd.,Blood chemical examination,Oral (Gavage),300,mg/kg bdwt/d,Administered dose(mass),12,mg/kg bdwt/d,Administered dose(mass),25.6,,None,0,d,Time,,,,,,,,,,,,,,,,,,,,,,,,,,,,,,,,,,,,,,,,,,,,,,,,,,,,,,,,,,,,,,,,,,,,,,,,,,,,,,,,,,,,,,,,,,,,,,,,,,,,,,,,,,,,,,,,,,,,,,,,,,,,,,,,,,,,,,,,,,,,,,,,,,,,,,,,,,,,,,,,,,,,,,,,,,,,,,,,,,,,,45,d,Time,300,mg/kg bdwt/d,Administered dose(mass),,,300,mg/kg/d,Administered dose(mass),,
26444-49-5,"Cresyl diphenyl phosphate;Cresyldiphenyl phosphate;Diphenyl cresyl phosphate;diphenyl tolyl phosphate;Methylphenyl diphenyl ester, Phosphoric acid;Phosphoric acid, methylphenyl diphenyl ester",,,,,,,,,,,,,,,,,,,,,,,,,,,,,,,,,,,,,,,,,,,,,,,,,,,,,,,,,,,,,,,,,,,,,,,,,,,,,,,,,,,,,,,,,,,,,,,,,,,,,,,,,,,,,,,,,,,,,,,,,,,,,,,,Human Health Hazards#Repeated Dose Toxicity,Repeated Dose Toxicity HESS,mixture,NOEL,,False,No qualifier,Equal,,,,,,1993,,,,,,Rat,,,,,,,,,,,,,,,,,,,,,,,,,,SD,,OECD TG 422,,,,,,,,,,T. Protein↓,Male,Main,"National Institute of Health Sciences, Japan",Blood serum (Enzyme),ReproTox,Mitsubishi Chemical Safety Institute Ltd.,Blood chemical examination,Oral (Gavage),300,mg/kg bdwt/d,Administered dose(mass),12,mg/kg bdwt/d,Administered dose(mass),25.6,,None,0,d,Time,,,,,,,,,,,,,,,,,,,,,,,,,,,,,,,,,,,,,,,,,,,,,,,,,,,,,,,,,,,,,,,,,,,,,,,,,,,,,,,,,,,,,,,,,,,,,,,,,,,,,,,,,,,,,,,,,,,,,,,,,,,,,,,,,,,,,,,,,,,,,,,,,,,,,,,,,,,,,,,,,,,,,,,,,,,,,,,,,,,,,45,d,Time,300,mg/kg bdwt/d,Administered dose(mass),,,300,mg/kg/d,Administered dose(mass),,
26444-49-5,"Cresyl diphenyl phosphate;Cresyldiphenyl phosphate;Diphenyl cresyl phosphate;diphenyl tolyl phosphate;Methylphenyl diphenyl ester, Phosphoric acid;Phosphoric acid, methylphenyl diphenyl ester",,,,,,,,,,,,,,,,,,,,,,,,,,,,,,,,,,,,,,,,,,,,,,,,,,,,,,,,,,,,,,,,,,,,,,,,,,,,,,,,,,,,,,,,,,,,,,,,,,,,,,,,,,,,,,,,,,,,,,,,,,,,,,,,Human Health Hazards#Repeated Dose Toxicity,Repeated Dose Toxicity HESS,mixture,NOEL,,False,No qualifier,Equal,,,,,,1993,,,,,,Rat,,,,,,,,,,,,,,,,,,,,,,,,,,SD,,OECD TG 422,,,,,,,,,,Γ-GTP↑,Male,Main,"National Institute of Health Sciences, Japan",Blood serum (Enzyme),ReproTox,Mitsubishi Chemical Safety Institute Ltd.,Blood chemical examination,Oral (Gavage),300,mg/kg bdwt/d,Administered dose(mass),12,mg/kg bdwt/d,Administered dose(mass),25.6,,None,0,d,Time,,,,,,,,,,,,,,,,,,,,,,,,,,,,,,,,,,,,,,,,,,,,,,,,,,,,,,,,,,,,,,,,,,,,,,,,,,,,,,,,,,,,,,,,,,,,,,,,,,,,,,,,,,,,,,,,,,,,,,,,,,,,,,,,,,,,,,,,,,,,,,,,,,,,,,,,,,,,,,,,,,,,,,,,,,,,,,,,,,,,,45,d,Time,60,mg/kg bdwt/d,Administered dose(mass),,,60,mg/kg/d,Administered dose(mass),,
26444-49-5,"Cresyl diphenyl phosphate;Cresyldiphenyl phosphate;Diphenyl cresyl phosphate;diphenyl tolyl phosphate;Methylphenyl diphenyl ester, Phosphoric acid;Phosphoric acid, methylphenyl diphenyl ester",,,,,,,,,,,,,,,,,,,,,,,,,,,,,,,,,,,,,,,,,,,,,,,,,,,,,,,,,,,,,,,,,,,,,,,,,,,,,,,,,,,,,,,,,,,,,,,,,,,,,,,,,,,,,,,,,,,,,,,,,,,,,,,,Human Health Hazards#Repeated Dose Toxicity,Repeated Dose Toxicity HESS,mixture,NOEL,,False,No qualifier,Equal,,,,,,1993,,,,,,Rat,,,,,,,,,,,,,,,,,,,,,,,,,,SD,,OECD TG 422,,,,,,,,,,Γ-GTP↓,Male,Main,"National Institute of Health Sciences, Japan",Blood serum (Enzyme),ReproTox,Mitsubishi Chemical Safety Institute Ltd.,Blood chemical examination,Oral (Gavage),300,mg/kg bdwt/d,Administered dose(mass),12,mg/kg bdwt/d,Administered dose(mass),25.6,,None,0,d,Time,,,,,,,,,,,,,,,,,,,,,,,,,,,,,,,,,,,,,,,,,,,,,,,,,,,,,,,,,,,,,,,,,,,,,,,,,,,,,,,,,,,,,,,,,,,,,,,,,,,,,,,,,,,,,,,,,,,,,,,,,,,,,,,,,,,,,,,,,,,,,,,,,,,,,,,,,,,,,,,,,,,,,,,,,,,,,,,,,,,,,45,d,Time,300,mg/kg bdwt/d,Administered dose(mass),,,300,mg/kg/d,Administered dose(mass),,
26444-49-5,"Cresyl diphenyl phosphate;Cresyldiphenyl phosphate;Diphenyl cresyl phosphate;diphenyl tolyl phosphate;Methylphenyl diphenyl ester, Phosphoric acid;Phosphoric acid, methylphenyl diphenyl ester",,,,,,,,,,,,,,,,,,,,,,,,,,,,,,,,,,,,,,,,,,,,,,,,,,,,,,,,,,,,,,,,,,,,,,,,,,,,,,,,,,,,,,,,,,,,,,,,,,,,,,,,,,,,,,,,,,,,,,,,,,,,,,,,Human Health Hazards#Repeated Dose Toxicity,Repeated Dose Toxicity HESS,mixture,NOEL,,False,No qualifier,Equal,,,,,,1993,,,,,,Rat,,,,,,,,,,,,,,,,,,,,,,,,,,SD,,OECD TG 422,,,,,,,,,,T. Cholesterol↑,Male,Main,"National Institute of Health Sciences, Japan",Blood serum (Lipid),ReproTox,Mitsubishi Chemical Safety Institute Ltd.,Blood chemical examination,Oral (Gavage),300,mg/kg bdwt/d,Administered dose(mass),12,mg/kg bdwt/d,Administered dose(mass),25.6,,None,0,d,Time,,,,,,,,,,,,,,,,,,,,,,,,,,,,,,,,,,,,,,,,,,,,,,,,,,,,,,,,,,,,,,,,,,,,,,,,,,,,,,,,,,,,,,,,,,,,,,,,,,,,,,,,,,,,,,,,,,,,,,,,,,,,,,,,,,,,,,,,,,,,,,,,,,,,,,,,,,,,,,,,,,,,,,,,,,,,,,,,,,,,,45,d,Time,12,mg/kg bdwt/d,Administered dose(mass),,,12,mg/kg/d,Administered dose(mass),,
26444-49-5,"Cresyl diphenyl phosphate;Cresyldiphenyl phosphate;Diphenyl cresyl phosphate;diphenyl tolyl phosphate;Methylphenyl diphenyl ester, Phosphoric acid;Phosphoric acid, methylphenyl diphenyl ester",,,,,,,,,,,,,,,,,,,,,,,,,,,,,,,,,,,,,,,,,,,,,,,,,,,,,,,,,,,,,,,,,,,,,,,,,,,,,,,,,,,,,,,,,,,,,,,,,,,,,,,,,,,,,,,,,,,,,,,,,,,,,,,,Human Health Hazards#Repeated Dose Toxicity,Repeated Dose Toxicity HESS,mixture,NOEL,,False,No qualifier,Equal,,,,,,1993,,,,,,Rat,,,,,,,,,,,,,,,,,,,,,,,,,,SD,,OECD TG 422,,,,,,,,,,T. Cholesterol↓,Male,Main,"National Institute of Health Sciences, Japan",Blood serum (Lipid),ReproTox,Mitsubishi Chemical Safety Institute Ltd.,Blood chemical examination,Oral (Gavage),300,mg/kg bdwt/d,Administered dose(mass),12,mg/kg bdwt/d,Administered dose(mass),25.6,,None,0,d,Time,,,,,,,,,,,,,,,,,,,,,,,,,,,,,,,,,,,,,,,,,,,,,,,,,,,,,,,,,,,,,,,,,,,,,,,,,,,,,,,,,,,,,,,,,,,,,,,,,,,,,,,,,,,,,,,,,,,,,,,,,,,,,,,,,,,,,,,,,,,,,,,,,,,,,,,,,,,,,,,,,,,,,,,,,,,,,,,,,,,,,45,d,Time,300,mg/kg bdwt/d,Administered dose(mass),,,300,mg/kg/d,Administered dose(mass),,
26444-49-5,"Cresyl diphenyl phosphate;Cresyldiphenyl phosphate;Diphenyl cresyl phosphate;diphenyl tolyl phosphate;Methylphenyl diphenyl ester, Phosphoric acid;Phosphoric acid, methylphenyl diphenyl ester",,,,,,,,,,,,,,,,,,,,,,,,,,,,,,,,,,,,,,,,,,,,,,,,,,,,,,,,,,,,,,,,,,,,,,,,,,,,,,,,,,,,,,,,,,,,,,,,,,,,,,,,,,,,,,,,,,,,,,,,,,,,,,,,Human Health Hazards#Repeated Dose Toxicity,Repeated Dose Toxicity HESS,mixture,NOEL,,False,No qualifier,Equal,,,,,,1993,,,,,,Rat,,,,,,,,,,,,,,,,,,,,,,,,,,SD,,OECD TG 422,,,,,,,,,,Triglyceride↑,Male,Main,"National Institute of Health Sciences, Japan",Blood serum (Lipid),ReproTox,Mitsubishi Chemical Safety Institute Ltd.,Blood chemical examination,Oral (Gavage),300,mg/kg bdwt/d,Administered dose(mass),12,mg/kg bdwt/d,Administered dose(mass),25.6,,None,0,d,Time,,,,,,,,,,,,,,,,,,,,,,,,,,,,,,,,,,,,,,,,,,,,,,,,,,,,,,,,,,,,,,,,,,,,,,,,,,,,,,,,,,,,,,,,,,,,,,,,,,,,,,,,,,,,,,,,,,,,,,,,,,,,,,,,,,,,,,,,,,,,,,,,,,,,,,,,,,,,,,,,,,,,,,,,,,,,,,,,,,,,,45,d,Time,300,mg/kg bdwt/d,Administered dose(mass),,,300,mg/kg/d,Administered dose(mass),,
26444-49-5,"Cresyl diphenyl phosphate;Cresyldiphenyl phosphate;Diphenyl cresyl phosphate;diphenyl tolyl phosphate;Methylphenyl diphenyl ester, Phosphoric acid;Phosphoric acid, methylphenyl diphenyl ester",,,,,,,,,,,,,,,,,,,,,,,,,,,,,,,,,,,,,,,,,,,,,,,,,,,,,,,,,,,,,,,,,,,,,,,,,,,,,,,,,,,,,,,,,,,,,,,,,,,,,,,,,,,,,,,,,,,,,,,,,,,,,,,,Human Health Hazards#Repeated Dose Toxicity,Repeated Dose Toxicity HESS,mixture,NOEL,,False,No qualifier,Equal,,,,,,1993,,,,,,Rat,,,,,,,,,,,,,,,,,,,,,,,,,,SD,,OECD TG 422,,,,,,,,,,Triglyceride↓,Male,Main,"National Institute of Health Sciences, Japan",Blood serum (Lipid),ReproTox,Mitsubishi Chemical Safety Institute Ltd.,Blood chemical examination,Oral (Gavage),300,mg/kg bdwt/d,Administered dose(mass),12,mg/kg bdwt/d,Administered dose(mass),25.6,,None,0,d,Time,,,,,,,,,,,,,,,,,,,,,,,,,,,,,,,,,,,,,,,,,,,,,,,,,,,,,,,,,,,,,,,,,,,,,,,,,,,,,,,,,,,,,,,,,,,,,,,,,,,,,,,,,,,,,,,,,,,,,,,,,,,,,,,,,,,,,,,,,,,,,,,,,,,,,,,,,,,,,,,,,,,,,,,,,,,,,,,,,,,,,45,d,Time,60,mg/kg bdwt/d,Administered dose(mass),,,60,mg/kg/d,Administered dose(mass),,
26444-49-5,"Cresyl diphenyl phosphate;Cresyldiphenyl phosphate;Diphenyl cresyl phosphate;diphenyl tolyl phosphate;Methylphenyl diphenyl ester, Phosphoric acid;Phosphoric acid, methylphenyl diphenyl ester",,,,,,,,,,,,,,,,,,,,,,,,,,,,,,,,,,,,,,,,,,,,,,,,,,,,,,,,,,,,,,,,,,,,,,,,,,,,,,,,,,,,,,,,,,,,,,,,,,,,,,,,,,,,,,,,,,,,,,,,,,,,,,,,Human Health Hazards#Repeated Dose Toxicity,Repeated Dose Toxicity HESS,mixture,NOEL,,False,No qualifier,Equal,,,,,,1993,,,,,,Rat,,,,,,,,,,,,,,,,,,,,,,,,,,SD,,OECD TG 422,,,,,,,,,,BUN↑,Male,Main,"National Institute of Health Sciences, Japan",Blood serum (Nitrogen compound),ReproTox,Mitsubishi Chemical Safety Institute Ltd.,Blood chemical examination,Oral (Gavage),300,mg/kg bdwt/d,Administered dose(mass),12,mg/kg bdwt/d,Administered dose(mass),25.6,,None,0,d,Time,,,,,,,,,,,,,,,,,,,,,,,,,,,,,,,,,,,,,,,,,,,,,,,,,,,,,,,,,,,,,,,,,,,,,,,,,,,,,,,,,,,,,,,,,,,,,,,,,,,,,,,,,,,,,,,,,,,,,,,,,,,,,,,,,,,,,,,,,,,,,,,,,,,,,,,,,,,,,,,,,,,,,,,,,,,,,,,,,,,,,45,d,Time,300,mg/kg bdwt/d,Administered dose(mass),,,300,mg/kg/d,Administered dose(mass),,
26444-49-5,"Cresyl diphenyl phosphate;Cresyldiphenyl phosphate;Diphenyl cresyl phosphate;diphenyl tolyl phosphate;Methylphenyl diphenyl ester, Phosphoric acid;Phosphoric acid, methylphenyl diphenyl ester",,,,,,,,,,,,,,,,,,,,,,,,,,,,,,,,,,,,,,,,,,,,,,,,,,,,,,,,,,,,,,,,,,,,,,,,,,,,,,,,,,,,,,,,,,,,,,,,,,,,,,,,,,,,,,,,,,,,,,,,,,,,,,,,Human Health Hazards#Repeated Dose Toxicity,Repeated Dose Toxicity HESS,mixture,NOEL,,False,No qualifier,Equal,,,,,,1993,,,,,,Rat,,,,,,,,,,,,,,,,,,,,,,,,,,SD,,OECD TG 422,,,,,,,,,,BUN↓,Male,Main,"National Institute of Health Sciences, Japan",Blood serum (Nitrogen compound),ReproTox,Mitsubishi Chemical Safety Institute Ltd.,Blood chemical examination,Oral (Gavage),300,mg/kg bdwt/d,Administered dose(mass),12,mg/kg bdwt/d,Administered dose(mass),25.6,,None,0,d,Time,,,,,,,,,,,,,,,,,,,,,,,,,,,,,,,,,,,,,,,,,,,,,,,,,,,,,,,,,,,,,,,,,,,,,,,,,,,,,,,,,,,,,,,,,,,,,,,,,,,,,,,,,,,,,,,,,,,,,,,,,,,,,,,,,,,,,,,,,,,,,,,,,,,,,,,,,,,,,,,,,,,,,,,,,,,,,,,,,,,,,45,d,Time,300,mg/kg bdwt/d,Administered dose(mass),,,300,mg/kg/d,Administered dose(mass),,
26444-49-5,"Cresyl diphenyl phosphate;Cresyldiphenyl phosphate;Diphenyl cresyl phosphate;diphenyl tolyl phosphate;Methylphenyl diphenyl ester, Phosphoric acid;Phosphoric acid, methylphenyl diphenyl ester",,,,,,,,,,,,,,,,,,,,,,,,,,,,,,,,,,,,,,,,,,,,,,,,,,,,,,,,,,,,,,,,,,,,,,,,,,,,,,,,,,,,,,,,,,,,,,,,,,,,,,,,,,,,,,,,,,,,,,,,,,,,,,,,Human Health Hazards#Repeated Dose Toxicity,Repeated Dose Toxicity HESS,mixture,NOEL,,False,No qualifier,Equal,,,,,,1993,,,,,,Rat,,,,,,,,,,,,,,,,,,,,,,,,,,SD,,OECD TG 422,,,,,,,,,,Creatinine↑,Male,Main,"National Institute of Health Sciences, Japan",Blood serum (Nitrogen compound),ReproTox,Mitsubishi Chemical Safety Institute Ltd.,Blood chemical examination,Oral (Gavage),300,mg/kg bdwt/d,Administered dose(mass),12,mg/kg bdwt/d,Administered dose(mass),25.6,,None,0,d,Time,,,,,,,,,,,,,,,,,,,,,,,,,,,,,,,,,,,,,,,,,,,,,,,,,,,,,,,,,,,,,,,,,,,,,,,,,,,,,,,,,,,,,,,,,,,,,,,,,,,,,,,,,,,,,,,,,,,,,,,,,,,,,,,,,,,,,,,,,,,,,,,,,,,,,,,,,,,,,,,,,,,,,,,,,,,,,,,,,,,,,45,d,Time,300,mg/kg bdwt/d,Administered dose(mass),,,300,mg/kg/d,Administered dose(mass),,
26444-49-5,"Cresyl diphenyl phosphate;Cresyldiphenyl phosphate;Diphenyl cresyl phosphate;diphenyl tolyl phosphate;Methylphenyl diphenyl ester, Phosphoric acid;Phosphoric acid, methylphenyl diphenyl ester",,,,,,,,,,,,,,,,,,,,,,,,,,,,,,,,,,,,,,,,,,,,,,,,,,,,,,,,,,,,,,,,,,,,,,,,,,,,,,,,,,,,,,,,,,,,,,,,,,,,,,,,,,,,,,,,,,,,,,,,,,,,,,,,Human Health Hazards#Repeated Dose Toxicity,Repeated Dose Toxicity HESS,mixture,NOEL,,False,No qualifier,Equal,,,,,,1993,,,,,,Rat,,,,,,,,,,,,,,,,,,,,,,,,,,SD,,OECD TG 422,,,,,,,,,,Glucose↑,Male,Main,"National Institute of Health Sciences, Japan",Blood serum (Sugar),ReproTox,Mitsubishi Chemical Safety Institute Ltd.,Blood chemical examination,Oral (Gavage),300,mg/kg bdwt/d,Administered dose(mass),12,mg/kg bdwt/d,Administered dose(mass),25.6,,None,0,d,Time,,,,,,,,,,,,,,,,,,,,,,,,,,,,,,,,,,,,,,,,,,,,,,,,,,,,,,,,,,,,,,,,,,,,,,,,,,,,,,,,,,,,,,,,,,,,,,,,,,,,,,,,,,,,,,,,,,,,,,,,,,,,,,,,,,,,,,,,,,,,,,,,,,,,,,,,,,,,,,,,,,,,,,,,,,,,,,,,,,,,,45,d,Time,300,mg/kg bdwt/d,Administered dose(mass),,,300,mg/kg/d,Administered dose(mass),,
26444-49-5,"Cresyl diphenyl phosphate;Cresyldiphenyl phosphate;Diphenyl cresyl phosphate;diphenyl tolyl phosphate;Methylphenyl diphenyl ester, Phosphoric acid;Phosphoric acid, methylphenyl diphenyl ester",,,,,,,,,,,,,,,,,,,,,,,,,,,,,,,,,,,,,,,,,,,,,,,,,,,,,,,,,,,,,,,,,,,,,,,,,,,,,,,,,,,,,,,,,,,,,,,,,,,,,,,,,,,,,,,,,,,,,,,,,,,,,,,,Human Health Hazards#Repeated Dose Toxicity,Repeated Dose Toxicity HESS,mixture,NOEL,,False,No qualifier,Equal,,,,,,1993,,,,,,Rat,,,,,,,,,,,,,,,,,,,,,,,,,,SD,,OECD TG 422,,,,,,,,,,Glucose↓,Male,Main,"National Institute of Health Sciences, Japan",Blood serum (Sugar),ReproTox,Mitsubishi Chemical Safety Institute Ltd.,Blood chemical examination,Oral (Gavage),300,mg/kg bdwt/d,Administered dose(mass),12,mg/kg bdwt/d,Administered dose(mass),25.6,,None,0,d,Time,,,,,,,,,,,,,,,,,,,,,,,,,,,,,,,,,,,,,,,,,,,,,,,,,,,,,,,,,,,,,,,,,,,,,,,,,,,,,,,,,,,,,,,,,,,,,,,,,,,,,,,,,,,,,,,,,,,,,,,,,,,,,,,,,,,,,,,,,,,,,,,,,,,,,,,,,,,,,,,,,,,,,,,,,,,,,,,,,,,,,45,d,Time,300,mg/kg bdwt/d,Administered dose(mass),,,300,mg/kg/d,Administered dose(mass),,
26444-49-5,"Cresyl diphenyl phosphate;Cresyldiphenyl phosphate;Diphenyl cresyl phosphate;diphenyl tolyl phosphate;Methylphenyl diphenyl ester, Phosphoric acid;Phosphoric acid, methylphenyl diphenyl ester",,,,,,,,,,,,,,,,,,,,,,,,,,,,,,,,,,,,,,,,,,,,,,,,,,,,,,,,,,,,,,,,,,,,,,,,,,,,,,,,,,,,,,,,,,,,,,,,,,,,,,,,,,,,,,,,,,,,,,,,,,,,,,,,Human Health Hazards#Repeated Dose Toxicity,Repeated Dose Toxicity HESS,mixture,NOEL,,False,No qualifier,Equal,,,,,,1993,,,,,,Rat,,,,,,,,,,,,,,,,,,,,,,,,,,SD,,OECD TG 422,,,,,,,,,,,Male,Main,"National Institute of Health Sciences, Japan",Bone marrow,ReproTox,Mitsubishi Chemical Safety Institute Ltd.,Necropsy,Oral (Gavage),300,mg/kg bdwt/d,Administered dose(mass),12,mg/kg bdwt/d,Administered dose(mass),25.6,,None,0,d,Time,,,,,,,,,,,,,,,,,,,,,,,,,,,,,,,,,,,,,,,,,,,,,,,,,,,,,,,,,,,,,,,,,,,,,,,,,,,,,,,,,,,,,,,,,,,,,,,,,,,,,,,,,,,,,,,,,,,,,,,,,,,,,,,,,,,,,,,,,,,,,,,,,,,,,,,,,,,,,,,,,,,,,,,,,,,,,,,,,,,,,45,d,Time,300,mg/kg bdwt/d,Administered dose(mass),,,300,mg/kg/d,Administered dose(mass),,
26444-49-5,"Cresyl diphenyl phosphate;Cresyldiphenyl phosphate;Diphenyl cresyl phosphate;diphenyl tolyl phosphate;Methylphenyl diphenyl ester, Phosphoric acid;Phosphoric acid, methylphenyl diphenyl ester",,,,,,,,,,,,,,,,,,,,,,,,,,,,,,,,,,,,,,,,,,,,,,,,,,,,,,,,,,,,,,,,,,,,,,,,,,,,,,,,,,,,,,,,,,,,,,,,,,,,,,,,,,,,,,,,,,,,,,,,,,,,,,,,Human Health Hazards#Repeated Dose Toxicity,Repeated Dose Toxicity HESS,mixture,NOEL,,False,No qualifier,Equal,,,,,,1993,,,,,,Rat,,,,,,,,,,,,,,,,,,,,,,,,,,SD,,OECD TG 422,,,,,,,,,,Degeneration Nerve Fiber,Male,Main,"National Institute of Health Sciences, Japan",Brain,ReproTox,Mitsubishi Chemical Safety Institute Ltd.,Histopathological findings,Oral (Gavage),300,mg/kg bdwt/d,Administered dose(mass),12,mg/kg bdwt/d,Administered dose(mass),25.6,,None,0,d,Time,,,,,,,,,,,,,,,,,,,,,,,,,,,,,,,,,,,,,,,,,,,,,,,,,,,,,,,,,,,,,,,,,,,,,,,,,,,,,,,,,,,,,,,,,,,,,,,,,,,,,,,,,,,,,,,,,,,,,,,,,,,,,,,,,,,,,,,,,,,,,,,,,,,,,,,,,,,,,,,,,,,,,,,,,,,,,,,,,,,,,45,d,Time,300,mg/kg bdwt/d,Administered dose(mass),,,300,mg/kg/d,Administered dose(mass),,
26444-49-5,"Cresyl diphenyl phosphate;Cresyldiphenyl phosphate;Diphenyl cresyl phosphate;diphenyl tolyl phosphate;Methylphenyl diphenyl ester, Phosphoric acid;Phosphoric acid, methylphenyl diphenyl ester",,,,,,,,,,,,,,,,,,,,,,,,,,,,,,,,,,,,,,,,,,,,,,,,,,,,,,,,,,,,,,,,,,,,,,,,,,,,,,,,,,,,,,,,,,,,,,,,,,,,,,,,,,,,,,,,,,,,,,,,,,,,,,,,Human Health Hazards#Repeated Dose Toxicity,Repeated Dose Toxicity HESS,mixture,NOEL,,False,No qualifier,Equal,,,,,,1993,,,,,,Rat,,,,,,,,,,,,,,,,,,,,,,,,,,SD,,OECD TG 422,,,,,,,,,,Other Findings,Male,Main,"National Institute of Health Sciences, Japan",Brain,ReproTox,Mitsubishi Chemical Safety Institute Ltd.,Histopathological findings,Oral (Gavage),300,mg/kg bdwt/d,Administered dose(mass),12,mg/kg bdwt/d,Administered dose(mass),25.6,,None,0,d,Time,,,,,,,,,,,,,,,,,,,,,,,,,,,,,,,,,,,,,,,,,,,,,,,,,,,,,,,,,,,,,,,,,,,,,,,,,,,,,,,,,,,,,,,,,,,,,,,,,,,,,,,,,,,,,,,,,,,,,,,,,,,,,,,,,,,,,,,,,,,,,,,,,,,,,,,,,,,,,,,,,,,,,,,,,,,,,,,,,,,,,45,d,Time,300,mg/kg bdwt/d,Administered dose(mass),,,300,mg/kg/d,Administered dose(mass),,
26444-49-5,"Cresyl diphenyl phosphate;Cresyldiphenyl phosphate;Diphenyl cresyl phosphate;diphenyl tolyl phosphate;Methylphenyl diphenyl ester, Phosphoric acid;Phosphoric acid, methylphenyl diphenyl ester",,,,,,,,,,,,,,,,,,,,,,,,,,,,,,,,,,,,,,,,,,,,,,,,,,,,,,,,,,,,,,,,,,,,,,,,,,,,,,,,,,,,,,,,,,,,,,,,,,,,,,,,,,,,,,,,,,,,,,,,,,,,,,,,Human Health Hazards#Repeated Dose Toxicity,Repeated Dose Toxicity HESS,mixture,NOEL,,False,No qualifier,Equal,,,,,,1993,,,,,,Rat,,,,,,,,,,,,,,,,,,,,,,,,,,SD,,OECD TG 422,,,,,,,,,,,Male,Main,"National Institute of Health Sciences, Japan",Brain,ReproTox,Mitsubishi Chemical Safety Institute Ltd.,Necropsy,Oral (Gavage),300,mg/kg bdwt/d,Administered dose(mass),12,mg/kg bdwt/d,Administered dose(mass),25.6,,None,0,d,Time,,,,,,,,,,,,,,,,,,,,,,,,,,,,,,,,,,,,,,,,,,,,,,,,,,,,,,,,,,,,,,,,,,,,,,,,,,,,,,,,,,,,,,,,,,,,,,,,,,,,,,,,,,,,,,,,,,,,,,,,,,,,,,,,,,,,,,,,,,,,,,,,,,,,,,,,,,,,,,,,,,,,,,,,,,,,,,,,,,,,,45,d,Time,300,mg/kg bdwt/d,Administered dose(mass),,,300,mg/kg/d,Administered dose(mass),,
26444-49-5,"Cresyl diphenyl phosphate;Cresyldiphenyl phosphate;Diphenyl cresyl phosphate;diphenyl tolyl phosphate;Methylphenyl diphenyl ester, Phosphoric acid;Phosphoric acid, methylphenyl diphenyl ester",,,,,,,,,,,,,,,,,,,,,,,,,,,,,,,,,,,,,,,,,,,,,,,,,,,,,,,,,,,,,,,,,,,,,,,,,,,,,,,,,,,,,,,,,,,,,,,,,,,,,,,,,,,,,,,,,,,,,,,,,,,,,,,,Human Health Hazards#Repeated Dose Toxicity,Repeated Dose Toxicity HESS,mixture,NOEL,,False,No qualifier,Equal,,,,,,1993,,,,,,Rat,,,,,,,,,,,,,,,,,,,,,,,,,,SD,,OECD TG 422,,,,,,,,,,Absolute Organ Weight↑,Male,Main,"National Institute of Health Sciences, Japan",Epididymis,ReproTox,Mitsubishi Chemical Safety Institute Ltd.,Organ weights,Oral (Gavage),300,mg/kg bdwt/d,Administered dose(mass),12,mg/kg bdwt/d,Administered dose(mass),25.6,,None,0,d,Time,,,,,,,,,,,,,,,,,,,,,,,,,,,,,,,,,,,,,,,,,,,,,,,,,,,,,,,,,,,,,,,,,,,,,,,,,,,,,,,,,,,,,,,,,,,,,,,,,,,,,,,,,,,,,,,,,,,,,,,,,,,,,,,,,,,,,,,,,,,,,,,,,,,,,,,,,,,,,,,,,,,,,,,,,,,,,,,,,,,,,45,d,Time,300,mg/kg bdwt/d,Administered dose(mass),,,300,mg/kg/d,Administered dose(mass),,
26444-49-5,"Cresyl diphenyl phosphate;Cresyldiphenyl phosphate;Diphenyl cresyl phosphate;diphenyl tolyl phosphate;Methylphenyl diphenyl ester, Phosphoric acid;Phosphoric acid, methylphenyl diphenyl ester",,,,,,,,,,,,,,,,,,,,,,,,,,,,,,,,,,,,,,,,,,,,,,,,,,,,,,,,,,,,,,,,,,,,,,,,,,,,,,,,,,,,,,,,,,,,,,,,,,,,,,,,,,,,,,,,,,,,,,,,,,,,,,,,Human Health Hazards#Repeated Dose Toxicity,Repeated Dose Toxicity HESS,mixture,NOEL,,False,No qualifier,Equal,,,,,,1993,,,,,,Rat,,,,,,,,,,,,,,,,,,,,,,,,,,SD,,OECD TG 422,,,,,,,,,,Absolute Organ Weight↓,Male,Main,"National Institute of Health Sciences, Japan",Epididymis,ReproTox,Mitsubishi Chemical Safety Institute Ltd.,Organ weights,Oral (Gavage),300,mg/kg bdwt/d,Administered dose(mass),12,mg/kg bdwt/d,Administered dose(mass),25.6,,None,0,d,Time,,,,,,,,,,,,,,,,,,,,,,,,,,,,,,,,,,,,,,,,,,,,,,,,,,,,,,,,,,,,,,,,,,,,,,,,,,,,,,,,,,,,,,,,,,,,,,,,,,,,,,,,,,,,,,,,,,,,,,,,,,,,,,,,,,,,,,,,,,,,,,,,,,,,,,,,,,,,,,,,,,,,,,,,,,,,,,,,,,,,,45,d,Time,300,mg/kg bdwt/d,Administered dose(mass),,,300,mg/kg/d,Administered dose(mass),,
26444-49-5,"Cresyl diphenyl phosphate;Cresyldiphenyl phosphate;Diphenyl cresyl phosphate;diphenyl tolyl phosphate;Methylphenyl diphenyl ester, Phosphoric acid;Phosphoric acid, methylphenyl diphenyl ester",,,,,,,,,,,,,,,,,,,,,,,,,,,,,,,,,,,,,,,,,,,,,,,,,,,,,,,,,,,,,,,,,,,,,,,,,,,,,,,,,,,,,,,,,,,,,,,,,,,,,,,,,,,,,,,,,,,,,,,,,,,,,,,,Human Health Hazards#Repeated Dose Toxicity,Repeated Dose Toxicity HESS,mixture,NOEL,,False,No qualifier,Equal,,,,,,1993,,,,,,Rat,,,,,,,,,,,,,,,,,,,,,,,,,,SD,,OECD TG 422,,,,,,,,,,Atrophy,Male,Main,"National Institute of Health Sciences, Japan",Epididymis,ReproTox,Mitsubishi Chemical Safety Institute Ltd.,Histopathological findings,Oral (Gavage),300,mg/kg bdwt/d,Administered dose(mass),12,mg/kg bdwt/d,Administered dose(mass),25.6,,None,0,d,Time,,,,,,,,,,,,,,,,,,,,,,,,,,,,,,,,,,,,,,,,,,,,,,,,,,,,,,,,,,,,,,,,,,,,,,,,,,,,,,,,,,,,,,,,,,,,,,,,,,,,,,,,,,,,,,,,,,,,,,,,,,,,,,,,,,,,,,,,,,,,,,,,,,,,,,,,,,,,,,,,,,,,,,,,,,,,,,,,,,,,,45,d,Time,300,mg/kg bdwt/d,Administered dose(mass),,,300,mg/kg/d,Administered dose(mass),,
26444-49-5,"Cresyl diphenyl phosphate;Cresyldiphenyl phosphate;Diphenyl cresyl phosphate;diphenyl tolyl phosphate;Methylphenyl diphenyl ester, Phosphoric acid;Phosphoric acid, methylphenyl diphenyl ester",,,,,,,,,,,,,,,,,,,,,,,,,,,,,,,,,,,,,,,,,,,,,,,,,,,,,,,,,,,,,,,,,,,,,,,,,,,,,,,,,,,,,,,,,,,,,,,,,,,,,,,,,,,,,,,,,,,,,,,,,,,,,,,,Human Health Hazards#Repeated Dose Toxicity,Repeated Dose Toxicity HESS,mixture,NOEL,,False,No qualifier,Equal,,,,,,1993,,,,,,Rat,,,,,,,,,,,,,,,,,,,,,,,,,,SD,,OECD TG 422,,,,,,,,,,Atrophy (Necropsy),Male,Main,"National Institute of Health Sciences, Japan",Epididymis,ReproTox,Mitsubishi Chemical Safety Institute Ltd.,Necropsy,Oral (Gavage),300,mg/kg bdwt/d,Administered dose(mass),12,mg/kg bdwt/d,Administered dose(mass),25.6,,None,0,d,Time,,,,,,,,,,,,,,,,,,,,,,,,,,,,,,,,,,,,,,,,,,,,,,,,,,,,,,,,,,,,,,,,,,,,,,,,,,,,,,,,,,,,,,,,,,,,,,,,,,,,,,,,,,,,,,,,,,,,,,,,,,,,,,,,,,,,,,,,,,,,,,,,,,,,,,,,,,,,,,,,,,,,,,,,,,,,,,,,,,,,,45,d,Time,300,mg/kg bdwt/d,Administered dose(mass),,,300,mg/kg/d,Administered dose(mass),,
26444-49-5,"Cresyl diphenyl phosphate;Cresyldiphenyl phosphate;Diphenyl cresyl phosphate;diphenyl tolyl phosphate;Methylphenyl diphenyl ester, Phosphoric acid;Phosphoric acid, methylphenyl diphenyl ester",,,,,,,,,,,,,,,,,,,,,,,,,,,,,,,,,,,,,,,,,,,,,,,,,,,,,,,,,,,,,,,,,,,,,,,,,,,,,,,,,,,,,,,,,,,,,,,,,,,,,,,,,,,,,,,,,,,,,,,,,,,,,,,,Human Health Hazards#Repeated Dose Toxicity,Repeated Dose Toxicity HESS,mixture,NOEL,,False,No qualifier,Equal,,,,,,1993,,,,,,Rat,,,,,,,,,,,,,,,,,,,,,,,,,,SD,,OECD TG 422,,,,,,,,,,Cell Debris Germ Cell,Male,Main,"National Institute of Health Sciences, Japan",Epididymis,ReproTox,Mitsubishi Chemical Safety Institute Ltd.,Histopathological findings,Oral (Gavage),300,mg/kg bdwt/d,Administered dose(mass),12,mg/kg bdwt/d,Administered dose(mass),25.6,,None,0,d,Time,,,,,,,,,,,,,,,,,,,,,,,,,,,,,,,,,,,,,,,,,,,,,,,,,,,,,,,,,,,,,,,,,,,,,,,,,,,,,,,,,,,,,,,,,,,,,,,,,,,,,,,,,,,,,,,,,,,,,,,,,,,,,,,,,,,,,,,,,,,,,,,,,,,,,,,,,,,,,,,,,,,,,,,,,,,,,,,,,,,,,45,d,Time,300,mg/kg bdwt/d,Administered dose(mass),,,300,mg/kg/d,Administered dose(mass),,
26444-49-5,"Cresyl diphenyl phosphate;Cresyldiphenyl phosphate;Diphenyl cresyl phosphate;diphenyl tolyl phosphate;Methylphenyl diphenyl ester, Phosphoric acid;Phosphoric acid, methylphenyl diphenyl ester",,,,,,,,,,,,,,,,,,,,,,,,,,,,,,,,,,,,,,,,,,,,,,,,,,,,,,,,,,,,,,,,,,,,,,,,,,,,,,,,,,,,,,,,,,,,,,,,,,,,,,,,,,,,,,,,,,,,,,,,,,,,,,,,Human Health Hazards#Repeated Dose Toxicity,Repeated Dose Toxicity HESS,mixture,NOEL,,False,No qualifier,Equal,,,,,,1993,,,,,,Rat,,,,,,,,,,,,,,,,,,,,,,,,,,SD,,OECD TG 422,,,,,,,,,,Degeneration Epididymis,Male,Main,"National Institute of Health Sciences, Japan",Epididymis,ReproTox,Mitsubishi Chemical Safety Institute Ltd.,Histopathological findings,Oral (Gavage),300,mg/kg bdwt/d,Administered dose(mass),12,mg/kg bdwt/d,Administered dose(mass),25.6,,None,0,d,Time,,,,,,,,,,,,,,,,,,,,,,,,,,,,,,,,,,,,,,,,,,,,,,,,,,,,,,,,,,,,,,,,,,,,,,,,,,,,,,,,,,,,,,,,,,,,,,,,,,,,,,,,,,,,,,,,,,,,,,,,,,,,,,,,,,,,,,,,,,,,,,,,,,,,,,,,,,,,,,,,,,,,,,,,,,,,,,,,,,,,,45,d,Time,300,mg/kg bdwt/d,Administered dose(mass),,,300,mg/kg/d,Administered dose(mass),,
26444-49-5,"Cresyl diphenyl phosphate;Cresyldiphenyl phosphate;Diphenyl cresyl phosphate;diphenyl tolyl phosphate;Methylphenyl diphenyl ester, Phosphoric acid;Phosphoric acid, methylphenyl diphenyl ester",,,,,,,,,,,,,,,,,,,,,,,,,,,,,,,,,,,,,,,,,,,,,,,,,,,,,,,,,,,,,,,,,,,,,,,,,,,,,,,,,,,,,,,,,,,,,,,,,,,,,,,,,,,,,,,,,,,,,,,,,,,,,,,,Human Health Hazards#Repeated Dose Toxicity,Repeated Dose Toxicity HESS,mixture,NOEL,,False,No qualifier,Equal,,,,,,1993,,,,,,Rat,,,,,,,,,,,,,,,,,,,,,,,,,,SD,,OECD TG 422,,,,,,,,,,Germ Cell↓,Male,Main,"National Institute of Health Sciences, Japan",Epididymis,ReproTox,Mitsubishi Chemical Safety Institute Ltd.,Histopathological findings,Oral (Gavage),300,mg/kg bdwt/d,Administered dose(mass),12,mg/kg bdwt/d,Administered dose(mass),25.6,,None,0,d,Time,,,,,,,,,,,,,,,,,,,,,,,,,,,,,,,,,,,,,,,,,,,,,,,,,,,,,,,,,,,,,,,,,,,,,,,,,,,,,,,,,,,,,,,,,,,,,,,,,,,,,,,,,,,,,,,,,,,,,,,,,,,,,,,,,,,,,,,,,,,,,,,,,,,,,,,,,,,,,,,,,,,,,,,,,,,,,,,,,,,,,45,d,Time,300,mg/kg bdwt/d,Administered dose(mass),,,300,mg/kg/d,Administered dose(mass),,
26444-49-5,"Cresyl diphenyl phosphate;Cresyldiphenyl phosphate;Diphenyl cresyl phosphate;diphenyl tolyl phosphate;Methylphenyl diphenyl ester, Phosphoric acid;Phosphoric acid, methylphenyl diphenyl ester",,,,,,,,,,,,,,,,,,,,,,,,,,,,,,,,,,,,,,,,,,,,,,,,,,,,,,,,,,,,,,,,,,,,,,,,,,,,,,,,,,,,,,,,,,,,,,,,,,,,,,,,,,,,,,,,,,,,,,,,,,,,,,,,Human Health Hazards#Repeated Dose Toxicity,Repeated Dose Toxicity HESS,mixture,NOEL,,False,No qualifier,Equal,,,,,,1993,,,,,,Rat,,,,,,,,,,,,,,,,,,,,,,,,,,SD,,OECD TG 422,,,,,,,,,,Multinucleated Giant Cell,Male,Main,"National Institute of Health Sciences, Japan",Epididymis,ReproTox,Mitsubishi Chemical Safety Institute Ltd.,Histopathological findings,Oral (Gavage),300,mg/kg bdwt/d,Administered dose(mass),12,mg/kg bdwt/d,Administered dose(mass),25.6,,None,0,d,Time,,,,,,,,,,,,,,,,,,,,,,,,,,,,,,,,,,,,,,,,,,,,,,,,,,,,,,,,,,,,,,,,,,,,,,,,,,,,,,,,,,,,,,,,,,,,,,,,,,,,,,,,,,,,,,,,,,,,,,,,,,,,,,,,,,,,,,,,,,,,,,,,,,,,,,,,,,,,,,,,,,,,,,,,,,,,,,,,,,,,,45,d,Time,300,mg/kg bdwt/d,Administered dose(mass),,,300,mg/kg/d,Administered dose(mass),,
26444-49-5,"Cresyl diphenyl phosphate;Cresyldiphenyl phosphate;Diphenyl cresyl phosphate;diphenyl tolyl phosphate;Methylphenyl diphenyl ester, Phosphoric acid;Phosphoric acid, methylphenyl diphenyl ester",,,,,,,,,,,,,,,,,,,,,,,,,,,,,,,,,,,,,,,,,,,,,,,,,,,,,,,,,,,,,,,,,,,,,,,,,,,,,,,,,,,,,,,,,,,,,,,,,,,,,,,,,,,,,,,,,,,,,,,,,,,,,,,,Human Health Hazards#Repeated Dose Toxicity,Repeated Dose Toxicity HESS,mixture,NOEL,,False,No qualifier,Equal,,,,,,1993,,,,,,Rat,,,,,,,,,,,,,,,,,,,,,,,,,,SD,,OECD TG 422,,,,,,,,,,Other Findings,Male,Main,"National Institute of Health Sciences, Japan",Epididymis,ReproTox,Mitsubishi Chemical Safety Institute Ltd.,Histopathological findings,Oral (Gavage),300,mg/kg bdwt/d,Administered dose(mass),12,mg/kg bdwt/d,Administered dose(mass),25.6,,None,0,d,Time,,,,,,,,,,,,,,,,,,,,,,,,,,,,,,,,,,,,,,,,,,,,,,,,,,,,,,,,,,,,,,,,,,,,,,,,,,,,,,,,,,,,,,,,,,,,,,,,,,,,,,,,,,,,,,,,,,,,,,,,,,,,,,,,,,,,,,,,,,,,,,,,,,,,,,,,,,,,,,,,,,,,,,,,,,,,,,,,,,,,,45,d,Time,300,mg/kg bdwt/d,Administered dose(mass),,,300,mg/kg/d,Administered dose(mass),,
26444-49-5,"Cresyl diphenyl phosphate;Cresyldiphenyl phosphate;Diphenyl cresyl phosphate;diphenyl tolyl phosphate;Methylphenyl diphenyl ester, Phosphoric acid;Phosphoric acid, methylphenyl diphenyl ester",,,,,,,,,,,,,,,,,,,,,,,,,,,,,,,,,,,,,,,,,,,,,,,,,,,,,,,,,,,,,,,,,,,,,,,,,,,,,,,,,,,,,,,,,,,,,,,,,,,,,,,,,,,,,,,,,,,,,,,,,,,,,,,,Human Health Hazards#Repeated Dose Toxicity,Repeated Dose Toxicity HESS,mixture,NOEL,,False,No qualifier,Equal,,,,,,1993,,,,,,Rat,,,,,,,,,,,,,,,,,,,,,,,,,,SD,,OECD TG 422,,,,,,,,,,Other Findings,Male,Main,"National Institute of Health Sciences, Japan",Epididymis,ReproTox,Mitsubishi Chemical Safety Institute Ltd.,Necropsy,Oral (Gavage),300,mg/kg bdwt/d,Administered dose(mass),12,mg/kg bdwt/d,Administered dose(mass),25.6,,None,0,d,Time,,,,,,,,,,,,,,,,,,,,,,,,,,,,,,,,,,,,,,,,,,,,,,,,,,,,,,,,,,,,,,,,,,,,,,,,,,,,,,,,,,,,,,,,,,,,,,,,,,,,,,,,,,,,,,,,,,,,,,,,,,,,,,,,,,,,,,,,,,,,,,,,,,,,,,,,,,,,,,,,,,,,,,,,,,,,,,,,,,,,,45,d,Time,300,mg/kg bdwt/d,Administered dose(mass),,,300,mg/kg/d,Administered dose(mass),,
26444-49-5,"Cresyl diphenyl phosphate;Cresyldiphenyl phosphate;Diphenyl cresyl phosphate;diphenyl tolyl phosphate;Methylphenyl diphenyl ester, Phosphoric acid;Phosphoric acid, methylphenyl diphenyl ester",,,,,,,,,,,,,,,,,,,,,,,,,,,,,,,,,,,,,,,,,,,,,,,,,,,,,,,,,,,,,,,,,,,,,,,,,,,,,,,,,,,,,,,,,,,,,,,,,,,,,,,,,,,,,,,,,,,,,,,,,,,,,,,,Human Health Hazards#Repeated Dose Toxicity,Repeated Dose Toxicity HESS,mixture,NOEL,,False,No qualifier,Equal,,,,,,1993,,,,,,Rat,,,,,,,,,,,,,,,,,,,,,,,,,,SD,,OECD TG 422,,,,,,,,,,Relative Organ Weight↑,Male,Main,"National Institute of Health Sciences, Japan",Epididymis,ReproTox,Mitsubishi Chemical Safety Institute Ltd.,Organ weights,Oral (Gavage),300,mg/kg bdwt/d,Administered dose(mass),12,mg/kg bdwt/d,Administered dose(mass),25.6,,None,0,d,Time,,,,,,,,,,,,,,,,,,,,,,,,,,,,,,,,,,,,,,,,,,,,,,,,,,,,,,,,,,,,,,,,,,,,,,,,,,,,,,,,,,,,,,,,,,,,,,,,,,,,,,,,,,,,,,,,,,,,,,,,,,,,,,,,,,,,,,,,,,,,,,,,,,,,,,,,,,,,,,,,,,,,,,,,,,,,,,,,,,,,,45,d,Time,300,mg/kg bdwt/d,Administered dose(mass),,,300,mg/kg/d,Administered dose(mass),,
26444-49-5,"Cresyl diphenyl phosphate;Cresyldiphenyl phosphate;Diphenyl cresyl phosphate;diphenyl tolyl phosphate;Methylphenyl diphenyl ester, Phosphoric acid;Phosphoric acid, methylphenyl diphenyl ester",,,,,,,,,,,,,,,,,,,,,,,,,,,,,,,,,,,,,,,,,,,,,,,,,,,,,,,,,,,,,,,,,,,,,,,,,,,,,,,,,,,,,,,,,,,,,,,,,,,,,,,,,,,,,,,,,,,,,,,,,,,,,,,,Human Health Hazards#Repeated Dose Toxicity,Repeated Dose Toxicity HESS,mixture,NOEL,,False,No qualifier,Equal,,,,,,1993,,,,,,Rat,,,,,,,,,,,,,,,,,,,,,,,,,,SD,,OECD TG 422,,,,,,,,,,Relative Organ Weight↓,Male,Main,"National Institute of Health Sciences, Japan",Epididymis,ReproTox,Mitsubishi Chemical Safety Institute Ltd.,Organ weights,Oral (Gavage),300,mg/kg bdwt/d,Administered dose(mass),12,mg/kg bdwt/d,Administered dose(mass),25.6,,None,0,d,Time,,,,,,,,,,,,,,,,,,,,,,,,,,,,,,,,,,,,,,,,,,,,,,,,,,,,,,,,,,,,,,,,,,,,,,,,,,,,,,,,,,,,,,,,,,,,,,,,,,,,,,,,,,,,,,,,,,,,,,,,,,,,,,,,,,,,,,,,,,,,,,,,,,,,,,,,,,,,,,,,,,,,,,,,,,,,,,,,,,,,,45,d,Time,300,mg/kg bdwt/d,Administered dose(mass),,,300,mg/kg/d,Administered dose(mass),,
26444-49-5,"Cresyl diphenyl phosphate;Cresyldiphenyl phosphate;Diphenyl cresyl phosphate;diphenyl tolyl phosphate;Methylphenyl diphenyl ester, Phosphoric acid;Phosphoric acid, methylphenyl diphenyl ester",,,,,,,,,,,,,,,,,,,,,,,,,,,,,,,,,,,,,,,,,,,,,,,,,,,,,,,,,,,,,,,,,,,,,,,,,,,,,,,,,,,,,,,,,,,,,,,,,,,,,,,,,,,,,,,,,,,,,,,,,,,,,,,,Human Health Hazards#Repeated Dose Toxicity,Repeated Dose Toxicity HESS,mixture,NOEL,,False,No qualifier,Equal,,,,,,1993,,,,,,Rat,,,,,,,,,,,,,,,,,,,,,,,,,,SD,,OECD TG 422,,,,,,,,,,Cell Infiltration/Inflamation,Male,Main,"National Institute of Health Sciences, Japan",Heart,ReproTox,Mitsubishi Chemical Safety Institute Ltd.,Histopathological findings,Oral (Gavage),300,mg/kg bdwt/d,Administered dose(mass),12,mg/kg bdwt/d,Administered dose(mass),25.6,,None,0,d,Time,,,,,,,,,,,,,,,,,,,,,,,,,,,,,,,,,,,,,,,,,,,,,,,,,,,,,,,,,,,,,,,,,,,,,,,,,,,,,,,,,,,,,,,,,,,,,,,,,,,,,,,,,,,,,,,,,,,,,,,,,,,,,,,,,,,,,,,,,,,,,,,,,,,,,,,,,,,,,,,,,,,,,,,,,,,,,,,,,,,,,45,d,Time,300,mg/kg bdwt/d,Administered dose(mass),,,300,mg/kg/d,Administered dose(mass),,
26444-49-5,"Cresyl diphenyl phosphate;Cresyldiphenyl phosphate;Diphenyl cresyl phosphate;diphenyl tolyl phosphate;Methylphenyl diphenyl ester, Phosphoric acid;Phosphoric acid, methylphenyl diphenyl ester",,,,,,,,,,,,,,,,,,,,,,,,,,,,,,,,,,,,,,,,,,,,,,,,,,,,,,,,,,,,,,,,,,,,,,,,,,,,,,,,,,,,,,,,,,,,,,,,,,,,,,,,,,,,,,,,,,,,,,,,,,,,,,,,Human Health Hazards#Repeated Dose Toxicity,Repeated Dose Toxicity HESS,mixture,NOEL,,False,No qualifier,Equal,,,,,,1993,,,,,,Rat,,,,,,,,,,,,,,,,,,,,,,,,,,SD,,OECD TG 422,,,,,,,,,,Myocardial Degeneration,Male,Main,"National Institute of Health Sciences, Japan",Heart,ReproTox,Mitsubishi Chemical Safety Institute Ltd.,Histopathological findings,Oral (Gavage),300,mg/kg bdwt/d,Administered dose(mass),12,mg/kg bdwt/d,Administered dose(mass),25.6,,None,0,d,Time,,,,,,,,,,,,,,,,,,,,,,,,,,,,,,,,,,,,,,,,,,,,,,,,,,,,,,,,,,,,,,,,,,,,,,,,,,,,,,,,,,,,,,,,,,,,,,,,,,,,,,,,,,,,,,,,,,,,,,,,,,,,,,,,,,,,,,,,,,,,,,,,,,,,,,,,,,,,,,,,,,,,,,,,,,,,,,,,,,,,,45,d,Time,300,mg/kg bdwt/d,Administered dose(mass),,,300,mg/kg/d,Administered dose(mass),,
26444-49-5,"Cresyl diphenyl phosphate;Cresyldiphenyl phosphate;Diphenyl cresyl phosphate;diphenyl tolyl phosphate;Methylphenyl diphenyl ester, Phosphoric acid;Phosphoric acid, methylphenyl diphenyl ester",,,,,,,,,,,,,,,,,,,,,,,,,,,,,,,,,,,,,,,,,,,,,,,,,,,,,,,,,,,,,,,,,,,,,,,,,,,,,,,,,,,,,,,,,,,,,,,,,,,,,,,,,,,,,,,,,,,,,,,,,,,,,,,,Human Health Hazards#Repeated Dose Toxicity,Repeated Dose Toxicity HESS,mixture,NOEL,,False,No qualifier,Equal,,,,,,1993,,,,,,Rat,,,,,,,,,,,,,,,,,,,,,,,,,,SD,,OECD TG 422,,,,,,,,,,Myocardial Fibrosis,Male,Main,"National Institute of Health Sciences, Japan",Heart,ReproTox,Mitsubishi Chemical Safety Institute Ltd.,Histopathological findings,Oral (Gavage),300,mg/kg bdwt/d,Administered dose(mass),12,mg/kg bdwt/d,Administered dose(mass),25.6,,None,0,d,Time,,,,,,,,,,,,,,,,,,,,,,,,,,,,,,,,,,,,,,,,,,,,,,,,,,,,,,,,,,,,,,,,,,,,,,,,,,,,,,,,,,,,,,,,,,,,,,,,,,,,,,,,,,,,,,,,,,,,,,,,,,,,,,,,,,,,,,,,,,,,,,,,,,,,,,,,,,,,,,,,,,,,,,,,,,,,,,,,,,,,,45,d,Time,300,mg/kg bdwt/d,Administered dose(mass),,,300,mg/kg/d,Administered dose(mass),,
26444-49-5,"Cresyl diphenyl phosphate;Cresyldiphenyl phosphate;Diphenyl cresyl phosphate;diphenyl tolyl phosphate;Methylphenyl diphenyl ester, Phosphoric acid;Phosphoric acid, methylphenyl diphenyl ester",,,,,,,,,,,,,,,,,,,,,,,,,,,,,,,,,,,,,,,,,,,,,,,,,,,,,,,,,,,,,,,,,,,,,,,,,,,,,,,,,,,,,,,,,,,,,,,,,,,,,,,,,,,,,,,,,,,,,,,,,,,,,,,,Human Health Hazards#Repeated Dose Toxicity,Repeated Dose Toxicity HESS,mixture,NOEL,,False,No qualifier,Equal,,,,,,1993,,,,,,Rat,,,,,,,,,,,,,,,,,,,,,,,,,,SD,,OECD TG 422,,,,,,,,,,Myocardial Necrosis,Male,Main,"National Institute of Health Sciences, Japan",Heart,ReproTox,Mitsubishi Chemical Safety Institute Ltd.,Histopathological findings,Oral (Gavage),300,mg/kg bdwt/d,Administered dose(mass),12,mg/kg bdwt/d,Administered dose(mass),25.6,,None,0,d,Time,,,,,,,,,,,,,,,,,,,,,,,,,,,,,,,,,,,,,,,,,,,,,,,,,,,,,,,,,,,,,,,,,,,,,,,,,,,,,,,,,,,,,,,,,,,,,,,,,,,,,,,,,,,,,,,,,,,,,,,,,,,,,,,,,,,,,,,,,,,,,,,,,,,,,,,,,,,,,,,,,,,,,,,,,,,,,,,,,,,,,45,d,Time,300,mg/kg bdwt/d,Administered dose(mass),,,300,mg/kg/d,Administered dose(mass),,
26444-49-5,"Cresyl diphenyl phosphate;Cresyldiphenyl phosphate;Diphenyl cresyl phosphate;diphenyl tolyl phosphate;Methylphenyl diphenyl ester, Phosphoric acid;Phosphoric acid, methylphenyl diphenyl ester",,,,,,,,,,,,,,,,,,,,,,,,,,,,,,,,,,,,,,,,,,,,,,,,,,,,,,,,,,,,,,,,,,,,,,,,,,,,,,,,,,,,,,,,,,,,,,,,,,,,,,,,,,,,,,,,,,,,,,,,,,,,,,,,Human Health Hazards#Repeated Dose Toxicity,Repeated Dose Toxicity HESS,mixture,NOEL,,False,No qualifier,Equal,,,,,,1993,,,,,,Rat,,,,,,,,,,,,,,,,,,,,,,,,,,SD,,OECD TG 422,,,,,,,,,,Other Findings,Male,Main,"National Institute of Health Sciences, Japan",Heart,ReproTox,Mitsubishi Chemical Safety Institute Ltd.,Histopathological findings,Oral (Gavage),300,mg/kg bdwt/d,Administered dose(mass),12,mg/kg bdwt/d,Administered dose(mass),25.6,,None,0,d,Time,,,,,,,,,,,,,,,,,,,,,,,,,,,,,,,,,,,,,,,,,,,,,,,,,,,,,,,,,,,,,,,,,,,,,,,,,,,,,,,,,,,,,,,,,,,,,,,,,,,,,,,,,,,,,,,,,,,,,,,,,,,,,,,,,,,,,,,,,,,,,,,,,,,,,,,,,,,,,,,,,,,,,,,,,,,,,,,,,,,,,45,d,Time,300,mg/kg bdwt/d,Administered dose(mass),,,300,mg/kg/d,Administered dose(mass),,
26444-49-5,"Cresyl diphenyl phosphate;Cresyldiphenyl phosphate;Diphenyl cresyl phosphate;diphenyl tolyl phosphate;Methylphenyl diphenyl ester, Phosphoric acid;Phosphoric acid, methylphenyl diphenyl ester",,,,,,,,,,,,,,,,,,,,,,,,,,,,,,,,,,,,,,,,,,,,,,,,,,,,,,,,,,,,,,,,,,,,,,,,,,,,,,,,,,,,,,,,,,,,,,,,,,,,,,,,,,,,,,,,,,,,,,,,,,,,,,,,Human Health Hazards#Repeated Dose Toxicity,Repeated Dose Toxicity HESS,mixture,NOEL,,False,No qualifier,Equal,,,,,,1993,,,,,,Rat,,,,,,,,,,,,,,,,,,,,,,,,,,SD,,OECD TG 422,,,,,,,,,,,Male,Main,"National Institute of Health Sciences, Japan",Heart,ReproTox,Mitsubishi Chemical Safety Institute Ltd.,Necropsy,Oral (Gavage),300,mg/kg bdwt/d,Administered dose(mass),12,mg/kg bdwt/d,Administered dose(mass),25.6,,None,0,d,Time,,,,,,,,,,,,,,,,,,,,,,,,,,,,,,,,,,,,,,,,,,,,,,,,,,,,,,,,,,,,,,,,,,,,,,,,,,,,,,,,,,,,,,,,,,,,,,,,,,,,,,,,,,,,,,,,,,,,,,,,,,,,,,,,,,,,,,,,,,,,,,,,,,,,,,,,,,,,,,,,,,,,,,,,,,,,,,,,,,,,,45,d,Time,300,mg/kg bdwt/d,Administered dose(mass),,,300,mg/kg/d,Administered dose(mass),,
26444-49-5,"Cresyl diphenyl phosphate;Cresyldiphenyl phosphate;Diphenyl cresyl phosphate;diphenyl tolyl phosphate;Methylphenyl diphenyl ester, Phosphoric acid;Phosphoric acid, methylphenyl diphenyl ester",,,,,,,,,,,,,,,,,,,,,,,,,,,,,,,,,,,,,,,,,,,,,,,,,,,,,,,,,,,,,,,,,,,,,,,,,,,,,,,,,,,,,,,,,,,,,,,,,,,,,,,,,,,,,,,,,,,,,,,,,,,,,,,,Human Health Hazards#Repeated Dose Toxicity,Repeated Dose Toxicity HESS,mixture,NOEL,,False,No qualifier,Equal,,,,,,1993,,,,,,Rat,,,,,,,,,,,,,,,,,,,,,,,,,,SD,,OECD TG 422,,,,,,,,,,,Male,Main,"National Institute of Health Sciences, Japan",Intestine,ReproTox,Mitsubishi Chemical Safety Institute Ltd.,Histopathological findings,Oral (Gavage),300,mg/kg bdwt/d,Administered dose(mass),12,mg/kg bdwt/d,Administered dose(mass),25.6,,None,0,d,Time,,,,,,,,,,,,,,,,,,,,,,,,,,,,,,,,,,,,,,,,,,,,,,,,,,,,,,,,,,,,,,,,,,,,,,,,,,,,,,,,,,,,,,,,,,,,,,,,,,,,,,,,,,,,,,,,,,,,,,,,,,,,,,,,,,,,,,,,,,,,,,,,,,,,,,,,,,,,,,,,,,,,,,,,,,,,,,,,,,,,,45,d,Time,300,mg/kg bdwt/d,Administered dose(mass),,,300,mg/kg/d,Administered dose(mass),,
26444-49-5,"Cresyl diphenyl phosphate;Cresyldiphenyl phosphate;Diphenyl cresyl phosphate;diphenyl tolyl phosphate;Methylphenyl diphenyl ester, Phosphoric acid;Phosphoric acid, methylphenyl diphenyl ester",,,,,,,,,,,,,,,,,,,,,,,,,,,,,,,,,,,,,,,,,,,,,,,,,,,,,,,,,,,,,,,,,,,,,,,,,,,,,,,,,,,,,,,,,,,,,,,,,,,,,,,,,,,,,,,,,,,,,,,,,,,,,,,,Human Health Hazards#Repeated Dose Toxicity,Repeated Dose Toxicity HESS,mixture,NOEL,,False,No qualifier,Equal,,,,,,1993,,,,,,Rat,,,,,,,,,,,,,,,,,,,,,,,,,,SD,,OECD TG 422,,,,,,,,,,,Male,Main,"National Institute of Health Sciences, Japan",Intestine,ReproTox,Mitsubishi Chemical Safety Institute Ltd.,Necropsy,Oral (Gavage),300,mg/kg bdwt/d,Administered dose(mass),12,mg/kg bdwt/d,Administered dose(mass),25.6,,None,0,d,Time,,,,,,,,,,,,,,,,,,,,,,,,,,,,,,,,,,,,,,,,,,,,,,,,,,,,,,,,,,,,,,,,,,,,,,,,,,,,,,,,,,,,,,,,,,,,,,,,,,,,,,,,,,,,,,,,,,,,,,,,,,,,,,,,,,,,,,,,,,,,,,,,,,,,,,,,,,,,,,,,,,,,,,,,,,,,,,,,,,,,,45,d,Time,300,mg/kg bdwt/d,Administered dose(mass),,,300,mg/kg/d,Administered dose(mass),,
26444-49-5,"Cresyl diphenyl phosphate;Cresyldiphenyl phosphate;Diphenyl cresyl phosphate;diphenyl tolyl phosphate;Methylphenyl diphenyl ester, Phosphoric acid;Phosphoric acid, methylphenyl diphenyl ester",,,,,,,,,,,,,,,,,,,,,,,,,,,,,,,,,,,,,,,,,,,,,,,,,,,,,,,,,,,,,,,,,,,,,,,,,,,,,,,,,,,,,,,,,,,,,,,,,,,,,,,,,,,,,,,,,,,,,,,,,,,,,,,,Human Health Hazards#Repeated Dose Toxicity,Repeated Dose Toxicity HESS,mixture,NOEL,,False,No qualifier,Equal,,,,,,1993,,,,,,Rat,,,,,,,,,,,,,,,,,,,,,,,,,,SD,,OECD TG 422,,,,,,,,,,Absolute Organ Weight↑,Male,Main,"National Institute of Health Sciences, Japan",Kidney,ReproTox,Mitsubishi Chemical Safety Institute Ltd.,Organ weights,Oral (Gavage),300,mg/kg bdwt/d,Administered dose(mass),12,mg/kg bdwt/d,Administered dose(mass),25.6,,None,0,d,Time,,,,,,,,,,,,,,,,,,,,,,,,,,,,,,,,,,,,,,,,,,,,,,,,,,,,,,,,,,,,,,,,,,,,,,,,,,,,,,,,,,,,,,,,,,,,,,,,,,,,,,,,,,,,,,,,,,,,,,,,,,,,,,,,,,,,,,,,,,,,,,,,,,,,,,,,,,,,,,,,,,,,,,,,,,,,,,,,,,,,,45,d,Time,60,mg/kg bdwt/d,Administered dose(mass),,,60,mg/kg/d,Administered dose(mass),,
26444-49-5,"Cresyl diphenyl phosphate;Cresyldiphenyl phosphate;Diphenyl cresyl phosphate;diphenyl tolyl phosphate;Methylphenyl diphenyl ester, Phosphoric acid;Phosphoric acid, methylphenyl diphenyl ester",,,,,,,,,,,,,,,,,,,,,,,,,,,,,,,,,,,,,,,,,,,,,,,,,,,,,,,,,,,,,,,,,,,,,,,,,,,,,,,,,,,,,,,,,,,,,,,,,,,,,,,,,,,,,,,,,,,,,,,,,,,,,,,,Human Health Hazards#Repeated Dose Toxicity,Repeated Dose Toxicity HESS,mixture,NOEL,,False,No qualifier,Equal,,,,,,1993,,,,,,Rat,,,,,,,,,,,,,,,,,,,,,,,,,,SD,,OECD TG 422,,,,,,,,,,Absolute Organ Weight↓,Male,Main,"National Institute of Health Sciences, Japan",Kidney,ReproTox,Mitsubishi Chemical Safety Institute Ltd.,Organ weights,Oral (Gavage),300,mg/kg bdwt/d,Administered dose(mass),12,mg/kg bdwt/d,Administered dose(mass),25.6,,None,0,d,Time,,,,,,,,,,,,,,,,,,,,,,,,,,,,,,,,,,,,,,,,,,,,,,,,,,,,,,,,,,,,,,,,,,,,,,,,,,,,,,,,,,,,,,,,,,,,,,,,,,,,,,,,,,,,,,,,,,,,,,,,,,,,,,,,,,,,,,,,,,,,,,,,,,,,,,,,,,,,,,,,,,,,,,,,,,,,,,,,,,,,,45,d,Time,300,mg/kg bdwt/d,Administered dose(mass),,,300,mg/kg/d,Administered dose(mass),,
26444-49-5,"Cresyl diphenyl phosphate;Cresyldiphenyl phosphate;Diphenyl cresyl phosphate;diphenyl tolyl phosphate;Methylphenyl diphenyl ester, Phosphoric acid;Phosphoric acid, methylphenyl diphenyl ester",,,,,,,,,,,,,,,,,,,,,,,,,,,,,,,,,,,,,,,,,,,,,,,,,,,,,,,,,,,,,,,,,,,,,,,,,,,,,,,,,,,,,,,,,,,,,,,,,,,,,,,,,,,,,,,,,,,,,,,,,,,,,,,,Human Health Hazards#Repeated Dose Toxicity,Repeated Dose Toxicity HESS,mixture,NOEL,,False,No qualifier,Equal,,,,,,1993,,,,,,Rat,,,,,,,,,,,,,,,,,,,,,,,,,,SD,,OECD TG 422,,,,,,,,,,Atrophy,Male,Main,"National Institute of Health Sciences, Japan",Kidney,ReproTox,Mitsubishi Chemical Safety Institute Ltd.,Histopathological findings,Oral (Gavage),300,mg/kg bdwt/d,Administered dose(mass),12,mg/kg bdwt/d,Administered dose(mass),25.6,,None,0,d,Time,,,,,,,,,,,,,,,,,,,,,,,,,,,,,,,,,,,,,,,,,,,,,,,,,,,,,,,,,,,,,,,Renal tubule (Other),,,,,,,,,,,,,,,,,,,,,,,,,,,,,,,,,,,,,,,,,,,,,,,,,,,,,,,,,,,,,,,,,,,,,,,,,,,,,,,,,,,,,,,,,,,,,,,,,,,,,,,,,,,,,,,,,,,,,,45,d,Time,300,mg/kg bdwt/d,Administered dose(mass),,,300,mg/kg/d,Administered dose(mass),,
26444-49-5,"Cresyl diphenyl phosphate;Cresyldiphenyl phosphate;Diphenyl cresyl phosphate;diphenyl tolyl phosphate;Methylphenyl diphenyl ester, Phosphoric acid;Phosphoric acid, methylphenyl diphenyl ester",,,,,,,,,,,,,,,,,,,,,,,,,,,,,,,,,,,,,,,,,,,,,,,,,,,,,,,,,,,,,,,,,,,,,,,,,,,,,,,,,,,,,,,,,,,,,,,,,,,,,,,,,,,,,,,,,,,,,,,,,,,,,,,,Human Health Hazards#Repeated Dose Toxicity,Repeated Dose Toxicity HESS,mixture,NOEL,,False,No qualifier,Equal,,,,,,1993,,,,,,Rat,,,,,,,,,,,,,,,,,,,,,,,,,,SD,,OECD TG 422,,,,,,,,,,Atrophy,Male,Main,"National Institute of Health Sciences, Japan",Kidney,ReproTox,Mitsubishi Chemical Safety Institute Ltd.,Histopathological findings,Oral (Gavage),300,mg/kg bdwt/d,Administered dose(mass),12,mg/kg bdwt/d,Administered dose(mass),25.6,,None,0,d,Time,,,,,,,,,,,,,,,,,,,,,,,,,,,,,,,,,,,,,,,,,,,,,,,,,,,,,,,,,,,,,,,Renal tubule (Distal/Collecting duct),,,,,,,,,,,,,,,,,,,,,,,,,,,,,,,,,,,,,,,,,,,,,,,,,,,,,,,,,,,,,,,,,,,,,,,,,,,,,,,,,,,,,,,,,,,,,,,,,,,,,,,,,,,,,,,,,,,,,,45,d,Time,300,mg/kg bdwt/d,Administered dose(mass),,,300,mg/kg/d,Administered dose(mass),,
26444-49-5,"Cresyl diphenyl phosphate;Cresyldiphenyl phosphate;Diphenyl cresyl phosphate;diphenyl tolyl phosphate;Methylphenyl diphenyl ester, Phosphoric acid;Phosphoric acid, methylphenyl diphenyl ester",,,,,,,,,,,,,,,,,,,,,,,,,,,,,,,,,,,,,,,,,,,,,,,,,,,,,,,,,,,,,,,,,,,,,,,,,,,,,,,,,,,,,,,,,,,,,,,,,,,,,,,,,,,,,,,,,,,,,,,,,,,,,,,,Human Health Hazards#Repeated Dose Toxicity,Repeated Dose Toxicity HESS,mixture,NOEL,,False,No qualifier,Equal,,,,,,1993,,,,,,Rat,,,,,,,,,,,,,,,,,,,,,,,,,,SD,,OECD TG 422,,,,,,,,,,Atrophy,Male,Main,"National Institute of Health Sciences, Japan",Kidney,ReproTox,Mitsubishi Chemical Safety Institute Ltd.,Histopathological findings,Oral (Gavage),300,mg/kg bdwt/d,Administered dose(mass),12,mg/kg bdwt/d,Administered dose(mass),25.6,,None,0,d,Time,,,,,,,,,,,,,,,,,,,,,,,,,,,,,,,,,,,,,,,,,,,,,,,,,,,,,,,,,,,,,,,Renal tubule (Proximal),,,,,,,,,,,,,,,,,,,,,,,,,,,,,,,,,,,,,,,,,,,,,,,,,,,,,,,,,,,,,,,,,,,,,,,,,,,,,,,,,,,,,,,,,,,,,,,,,,,,,,,,,,,,,,,,,,,,,,45,d,Time,300,mg/kg bdwt/d,Administered dose(mass),,,300,mg/kg/d,Administered dose(mass),,
26444-49-5,"Cresyl diphenyl phosphate;Cresyldiphenyl phosphate;Diphenyl cresyl phosphate;diphenyl tolyl phosphate;Methylphenyl diphenyl ester, Phosphoric acid;Phosphoric acid, methylphenyl diphenyl ester",,,,,,,,,,,,,,,,,,,,,,,,,,,,,,,,,,,,,,,,,,,,,,,,,,,,,,,,,,,,,,,,,,,,,,,,,,,,,,,,,,,,,,,,,,,,,,,,,,,,,,,,,,,,,,,,,,,,,,,,,,,,,,,,Human Health Hazards#Repeated Dose Toxicity,Repeated Dose Toxicity HESS,mixture,NOEL,,False,No qualifier,Equal,,,,,,1993,,,,,,Rat,,,,,,,,,,,,,,,,,,,,,,,,,,SD,,OECD TG 422,,,,,,,,,,Atrophy Pelvis,Male,Main,"National Institute of Health Sciences, Japan",Kidney,ReproTox,Mitsubishi Chemical Safety Institute Ltd.,Histopathological findings,Oral (Gavage),300,mg/kg bdwt/d,Administered dose(mass),12,mg/kg bdwt/d,Administered dose(mass),25.6,,None,0,d,Time,,,,,,,,,,,,,,,,,,,,,,,,,,,,,,,,,,,,,,,,,,,,,,,,,,,,,,,,,,,,,,,Pelvis/Papilla,,,,,,,,,,,,,,,,,,,,,,,,,,,,,,,,,,,,,,,,,,,,,,,,,,,,,,,,,,,,,,,,,,,,,,,,,,,,,,,,,,,,,,,,,,,,,,,,,,,,,,,,,,,,,,,,,,,,,,45,d,Time,300,mg/kg bdwt/d,Administered dose(mass),,,300,mg/kg/d,Administered dose(mass),,
26444-49-5,"Cresyl diphenyl phosphate;Cresyldiphenyl phosphate;Diphenyl cresyl phosphate;diphenyl tolyl phosphate;Methylphenyl diphenyl ester, Phosphoric acid;Phosphoric acid, methylphenyl diphenyl ester",,,,,,,,,,,,,,,,,,,,,,,,,,,,,,,,,,,,,,,,,,,,,,,,,,,,,,,,,,,,,,,,,,,,,,,,,,,,,,,,,,,,,,,,,,,,,,,,,,,,,,,,,,,,,,,,,,,,,,,,,,,,,,,,Human Health Hazards#Repeated Dose Toxicity,Repeated Dose Toxicity HESS,mixture,NOEL,,False,No qualifier,Equal,,,,,,1993,,,,,,Rat,,,,,,,,,,,,,,,,,,,,,,,,,,SD,,OECD TG 422,,,,,,,,,,Basophilic Change/Regeneration/Degeneration,Male,Main,"National Institute of Health Sciences, Japan",Kidney,ReproTox,Mitsubishi Chemical Safety Institute Ltd.,Histopathological findings,Oral (Gavage),300,mg/kg bdwt/d,Administered dose(mass),12,mg/kg bdwt/d,Administered dose(mass),25.6,,None,0,d,Time,,,,,,,,,,,,,,,,,,,,,,,,,,,,,,,,,,,,,,,,,,,,,,,,,,,,,,,,,,,,,,,Renal tubule (Distal/Collecting duct),,,,,,,,,,,,,,,,,,,,,,,,,,,,,,,,,,,,,,,,,,,,,,,,,,,,,,,,,,,,,,,,,,,,,,,,,,,,,,,,,,,,,,,,,,,,,,,,,,,,,,,,,,,,,,,,,,,,,,45,d,Time,300,mg/kg bdwt/d,Administered dose(mass),,,300,mg/kg/d,Administered dose(mass),,
26444-49-5,"Cresyl diphenyl phosphate;Cresyldiphenyl phosphate;Diphenyl cresyl phosphate;diphenyl tolyl phosphate;Methylphenyl diphenyl ester, Phosphoric acid;Phosphoric acid, methylphenyl diphenyl ester",,,,,,,,,,,,,,,,,,,,,,,,,,,,,,,,,,,,,,,,,,,,,,,,,,,,,,,,,,,,,,,,,,,,,,,,,,,,,,,,,,,,,,,,,,,,,,,,,,,,,,,,,,,,,,,,,,,,,,,,,,,,,,,,Human Health Hazards#Repeated Dose Toxicity,Repeated Dose Toxicity HESS,mixture,NOEL,,False,No qualifier,Equal,,,,,,1993,,,,,,Rat,,,,,,,,,,,,,,,,,,,,,,,,,,SD,,OECD TG 422,,,,,,,,,,Basophilic Change/Regeneration/Degeneration,Male,Main,"National Institute of Health Sciences, Japan",Kidney,ReproTox,Mitsubishi Chemical Safety Institute Ltd.,Histopathological findings,Oral (Gavage),300,mg/kg bdwt/d,Administered dose(mass),12,mg/kg bdwt/d,Administered dose(mass),25.6,,None,0,d,Time,,,,,,,,,,,,,,,,,,,,,,,,,,,,,,,,,,,,,,,,,,,,,,,,,,,,,,,,,,,,,,,Renal tubule (Proximal),,,,,,,,,,,,,,,,,,,,,,,,,,,,,,,,,,,,,,,,,,,,,,,,,,,,,,,,,,,,,,,,,,,,,,,,,,,,,,,,,,,,,,,,,,,,,,,,,,,,,,,,,,,,,,,,,,,,,,45,d,Time,300,mg/kg bdwt/d,Administered dose(mass),,,300,mg/kg/d,Administered dose(mass),,
26444-49-5,"Cresyl diphenyl phosphate;Cresyldiphenyl phosphate;Diphenyl cresyl phosphate;diphenyl tolyl phosphate;Methylphenyl diphenyl ester, Phosphoric acid;Phosphoric acid, methylphenyl diphenyl ester",,,,,,,,,,,,,,,,,,,,,,,,,,,,,,,,,,,,,,,,,,,,,,,,,,,,,,,,,,,,,,,,,,,,,,,,,,,,,,,,,,,,,,,,,,,,,,,,,,,,,,,,,,,,,,,,,,,,,,,,,,,,,,,,Human Health Hazards#Repeated Dose Toxicity,Repeated Dose Toxicity HESS,mixture,NOEL,,False,No qualifier,Equal,,,,,,1993,,,,,,Rat,,,,,,,,,,,,,,,,,,,,,,,,,,SD,,OECD TG 422,,,,,,,,,,Basophilic Change/Regeneration/Degeneration,Male,Main,"National Institute of Health Sciences, Japan",Kidney,ReproTox,Mitsubishi Chemical Safety Institute Ltd.,Histopathological findings,Oral (Gavage),300,mg/kg bdwt/d,Administered dose(mass),12,mg/kg bdwt/d,Administered dose(mass),25.6,,None,0,d,Time,,,,,,,,,,,,,,,,,,,,,,,,,,,,,,,,,,,,,,,,,,,,,,,,,,,,,,,,,,,,,,,Renal tubule (Other),,,,,,,,,,,,,,,,,,,,,,,,,,,,,,,,,,,,,,,,,,,,,,,,,,,,,,,,,,,,,,,,,,,,,,,,,,,,,,,,,,,,,,,,,,,,,,,,,,,,,,,,,,,,,,,,,,,,,,45,d,Time,60,mg/kg bdwt/d,Administered dose(mass),,,60,mg/kg/d,Administered dose(mass),,
26444-49-5,"Cresyl diphenyl phosphate;Cresyldiphenyl phosphate;Diphenyl cresyl phosphate;diphenyl tolyl phosphate;Methylphenyl diphenyl ester, Phosphoric acid;Phosphoric acid, methylphenyl diphenyl ester",,,,,,,,,,,,,,,,,,,,,,,,,,,,,,,,,,,,,,,,,,,,,,,,,,,,,,,,,,,,,,,,,,,,,,,,,,,,,,,,,,,,,,,,,,,,,,,,,,,,,,,,,,,,,,,,,,,,,,,,,,,,,,,,Human Health Hazards#Repeated Dose Toxicity,Repeated Dose Toxicity HESS,mixture,NOEL,,False,No qualifier,Equal,,,,,,1993,,,,,,Rat,,,,,,,,,,,,,,,,,,,,,,,,,,SD,,OECD TG 422,,,,,,,,,,Casts,Male,Main,"National Institute of Health Sciences, Japan",Kidney,ReproTox,Mitsubishi Chemical Safety Institute Ltd.,Histopathological findings,Oral (Gavage),300,mg/kg bdwt/d,Administered dose(mass),12,mg/kg bdwt/d,Administered dose(mass),25.6,,None,0,d,Time,,,,,,,,,,,,,,,,,,,,,,,,,,,,,,,,,,,,,,,,,,,,,,,,,,,,,,,,,,,,,,,Renal tubule (Other),,,,,,,,,,,,,,,,,,,,,,,,,,,,,,,,,,,,,,,,,,,,,,,,,,,,,,,,,,,,,,,,,,,,,,,,,,,,,,,,,,,,,,,,,,,,,,,,,,,,,,,,,,,,,,,,,,,,,,45,d,Time,300,mg/kg bdwt/d,Administered dose(mass),,,300,mg/kg/d,Administered dose(mass),,
26444-49-5,"Cresyl diphenyl phosphate;Cresyldiphenyl phosphate;Diphenyl cresyl phosphate;diphenyl tolyl phosphate;Methylphenyl diphenyl ester, Phosphoric acid;Phosphoric acid, methylphenyl diphenyl ester",,,,,,,,,,,,,,,,,,,,,,,,,,,,,,,,,,,,,,,,,,,,,,,,,,,,,,,,,,,,,,,,,,,,,,,,,,,,,,,,,,,,,,,,,,,,,,,,,,,,,,,,,,,,,,,,,,,,,,,,,,,,,,,,Human Health Hazards#Repeated Dose Toxicity,Repeated Dose Toxicity HESS,mixture,NOEL,,False,No qualifier,Equal,,,,,,1993,,,,,,Rat,,,,,,,,,,,,,,,,,,,,,,,,,,SD,,OECD TG 422,,,,,,,,,,Casts,Male,Main,"National Institute of Health Sciences, Japan",Kidney,ReproTox,Mitsubishi Chemical Safety Institute Ltd.,Histopathological findings,Oral (Gavage),300,mg/kg bdwt/d,Administered dose(mass),12,mg/kg bdwt/d,Administered dose(mass),25.6,,None,0,d,Time,,,,,,,,,,,,,,,,,,,,,,,,,,,,,,,,,,,,,,,,,,,,,,,,,,,,,,,,,,,,,,,Renal tubule (Distal/Collecting duct),,,,,,,,,,,,,,,,,,,,,,,,,,,,,,,,,,,,,,,,,,,,,,,,,,,,,,,,,,,,,,,,,,,,,,,,,,,,,,,,,,,,,,,,,,,,,,,,,,,,,,,,,,,,,,,,,,,,,,45,d,Time,300,mg/kg bdwt/d,Administered dose(mass),,,300,mg/kg/d,Administered dose(mass),,
26444-49-5,"Cresyl diphenyl phosphate;Cresyldiphenyl phosphate;Diphenyl cresyl phosphate;diphenyl tolyl phosphate;Methylphenyl diphenyl ester, Phosphoric acid;Phosphoric acid, methylphenyl diphenyl ester",,,,,,,,,,,,,,,,,,,,,,,,,,,,,,,,,,,,,,,,,,,,,,,,,,,,,,,,,,,,,,,,,,,,,,,,,,,,,,,,,,,,,,,,,,,,,,,,,,,,,,,,,,,,,,,,,,,,,,,,,,,,,,,,Human Health Hazards#Repeated Dose Toxicity,Repeated Dose Toxicity HESS,mixture,NOEL,,False,No qualifier,Equal,,,,,,1993,,,,,,Rat,,,,,,,,,,,,,,,,,,,,,,,,,,SD,,OECD TG 422,,,,,,,,,,Casts,Male,Main,"National Institute of Health Sciences, Japan",Kidney,ReproTox,Mitsubishi Chemical Safety Institute Ltd.,Histopathological findings,Oral (Gavage),300,mg/kg bdwt/d,Administered dose(mass),12,mg/kg bdwt/d,Administered dose(mass),25.6,,None,0,d,Time,,,,,,,,,,,,,,,,,,,,,,,,,,,,,,,,,,,,,,,,,,,,,,,,,,,,,,,,,,,,,,,Renal tubule (Proximal),,,,,,,,,,,,,,,,,,,,,,,,,,,,,,,,,,,,,,,,,,,,,,,,,,,,,,,,,,,,,,,,,,,,,,,,,,,,,,,,,,,,,,,,,,,,,,,,,,,,,,,,,,,,,,,,,,,,,,45,d,Time,300,mg/kg bdwt/d,Administered dose(mass),,,300,mg/kg/d,Administered dose(mass),,
26444-49-5,"Cresyl diphenyl phosphate;Cresyldiphenyl phosphate;Diphenyl cresyl phosphate;diphenyl tolyl phosphate;Methylphenyl diphenyl ester, Phosphoric acid;Phosphoric acid, methylphenyl diphenyl ester",,,,,,,,,,,,,,,,,,,,,,,,,,,,,,,,,,,,,,,,,,,,,,,,,,,,,,,,,,,,,,,,,,,,,,,,,,,,,,,,,,,,,,,,,,,,,,,,,,,,,,,,,,,,,,,,,,,,,,,,,,,,,,,,Human Health Hazards#Repeated Dose Toxicity,Repeated Dose Toxicity HESS,mixture,NOEL,,False,No qualifier,Equal,,,,,,1993,,,,,,Rat,,,,,,,,,,,,,,,,,,,,,,,,,,SD,,OECD TG 422,,,,,,,,,,Cell Infiltration/Inflamation,Male,Main,"National Institute of Health Sciences, Japan",Kidney,ReproTox,Mitsubishi Chemical Safety Institute Ltd.,Histopathological findings,Oral (Gavage),300,mg/kg bdwt/d,Administered dose(mass),12,mg/kg bdwt/d,Administered dose(mass),25.6,,None,0,d,Time,,,,,,,,,,,,,,,,,,,,,,,,,,,,,,,,,,,,,,,,,,,,,,,,,,,,,,,,,,,,,,,,,,,,,,,,,,,,,,,,,,,,,,,,,,,,,,,,,,,,,,,,,,,,,,,,,,,,,,,,,,,,,,,,,,,,,,,,,,,,,,,,,,,,,,,,,,,,,,,,,,,,,,,,,,,,,,,,,,,,,45,d,Time,300,mg/kg bdwt/d,Administered dose(mass),,,300,mg/kg/d,Administered dose(mass),,
26444-49-5,"Cresyl diphenyl phosphate;Cresyldiphenyl phosphate;Diphenyl cresyl phosphate;diphenyl tolyl phosphate;Methylphenyl diphenyl ester, Phosphoric acid;Phosphoric acid, methylphenyl diphenyl ester",,,,,,,,,,,,,,,,,,,,,,,,,,,,,,,,,,,,,,,,,,,,,,,,,,,,,,,,,,,,,,,,,,,,,,,,,,,,,,,,,,,,,,,,,,,,,,,,,,,,,,,,,,,,,,,,,,,,,,,,,,,,,,,,Human Health Hazards#Repeated Dose Toxicity,Repeated Dose Toxicity HESS,mixture,NOEL,,False,No qualifier,Equal,,,,,,1993,,,,,,Rat,,,,,,,,,,,,,,,,,,,,,,,,,,SD,,OECD TG 422,,,,,,,,,,Desquamation Tubular Epithelium Cell,Male,Main,"National Institute of Health Sciences, Japan",Kidney,ReproTox,Mitsubishi Chemical Safety Institute Ltd.,Histopathological findings,Oral (Gavage),300,mg/kg bdwt/d,Administered dose(mass),12,mg/kg bdwt/d,Administered dose(mass),25.6,,None,0,d,Time,,,,,,,,,,,,,,,,,,,,,,,,,,,,,,,,,,,,,,,,,,,,,,,,,,,,,,,,,,,,,,,Renal tubule (Other),,,,,,,,,,,,,,,,,,,,,,,,,,,,,,,,,,,,,,,,,,,,,,,,,,,,,,,,,,,,,,,,,,,,,,,,,,,,,,,,,,,,,,,,,,,,,,,,,,,,,,,,,,,,,,,,,,,,,,45,d,Time,300,mg/kg bdwt/d,Administered dose(mass),,,300,mg/kg/d,Administered dose(mass),,
26444-49-5,"Cresyl diphenyl phosphate;Cresyldiphenyl phosphate;Diphenyl cresyl phosphate;diphenyl tolyl phosphate;Methylphenyl diphenyl ester, Phosphoric acid;Phosphoric acid, methylphenyl diphenyl ester",,,,,,,,,,,,,,,,,,,,,,,,,,,,,,,,,,,,,,,,,,,,,,,,,,,,,,,,,,,,,,,,,,,,,,,,,,,,,,,,,,,,,,,,,,,,,,,,,,,,,,,,,,,,,,,,,,,,,,,,,,,,,,,,Human Health Hazards#Repeated Dose Toxicity,Repeated Dose Toxicity HESS,mixture,NOEL,,False,No qualifier,Equal,,,,,,1993,,,,,,Rat,,,,,,,,,,,,,,,,,,,,,,,,,,SD,,OECD TG 422,,,,,,,,,,Desquamation Tubular Epithelium Cell,Male,Main,"National Institute of Health Sciences, Japan",Kidney,ReproTox,Mitsubishi Chemical Safety Institute Ltd.,Histopathological findings,Oral (Gavage),300,mg/kg bdwt/d,Administered dose(mass),12,mg/kg bdwt/d,Administered dose(mass),25.6,,None,0,d,Time,,,,,,,,,,,,,,,,,,,,,,,,,,,,,,,,,,,,,,,,,,,,,,,,,,,,,,,,,,,,,,,Renal tubule (Distal/Collecting duct),,,,,,,,,,,,,,,,,,,,,,,,,,,,,,,,,,,,,,,,,,,,,,,,,,,,,,,,,,,,,,,,,,,,,,,,,,,,,,,,,,,,,,,,,,,,,,,,,,,,,,,,,,,,,,,,,,,,,,45,d,Time,300,mg/kg bdwt/d,Administered dose(mass),,,300,mg/kg/d,Administered dose(mass),,
26444-49-5,"Cresyl diphenyl phosphate;Cresyldiphenyl phosphate;Diphenyl cresyl phosphate;diphenyl tolyl phosphate;Methylphenyl diphenyl ester, Phosphoric acid;Phosphoric acid, methylphenyl diphenyl ester",,,,,,,,,,,,,,,,,,,,,,,,,,,,,,,,,,,,,,,,,,,,,,,,,,,,,,,,,,,,,,,,,,,,,,,,,,,,,,,,,,,,,,,,,,,,,,,,,,,,,,,,,,,,,,,,,,,,,,,,,,,,,,,,Human Health Hazards#Repeated Dose Toxicity,Repeated Dose Toxicity HESS,mixture,NOEL,,False,No qualifier,Equal,,,,,,1993,,,,,,Rat,,,,,,,,,,,,,,,,,,,,,,,,,,SD,,OECD TG 422,,,,,,,,,,Desquamation Tubular Epithelium Cell,Male,Main,"National Institute of Health Sciences, Japan",Kidney,ReproTox,Mitsubishi Chemical Safety Institute Ltd.,Histopathological findings,Oral (Gavage),300,mg/kg bdwt/d,Administered dose(mass),12,mg/kg bdwt/d,Administered dose(mass),25.6,,None,0,d,Time,,,,,,,,,,,,,,,,,,,,,,,,,,,,,,,,,,,,,,,,,,,,,,,,,,,,,,,,,,,,,,,Renal tubule (Proximal),,,,,,,,,,,,,,,,,,,,,,,,,,,,,,,,,,,,,,,,,,,,,,,,,,,,,,,,,,,,,,,,,,,,,,,,,,,,,,,,,,,,,,,,,,,,,,,,,,,,,,,,,,,,,,,,,,,,,,45,d,Time,300,mg/kg bdwt/d,Administered dose(mass),,,300,mg/kg/d,Administered dose(mass),,
26444-49-5,"Cresyl diphenyl phosphate;Cresyldiphenyl phosphate;Diphenyl cresyl phosphate;diphenyl tolyl phosphate;Methylphenyl diphenyl ester, Phosphoric acid;Phosphoric acid, methylphenyl diphenyl ester",,,,,,,,,,,,,,,,,,,,,,,,,,,,,,,,,,,,,,,,,,,,,,,,,,,,,,,,,,,,,,,,,,,,,,,,,,,,,,,,,,,,,,,,,,,,,,,,,,,,,,,,,,,,,,,,,,,,,,,,,,,,,,,,Human Health Hazards#Repeated Dose Toxicity,Repeated Dose Toxicity HESS,mixture,NOEL,,False,No qualifier,Equal,,,,,,1993,,,,,,Rat,,,,,,,,,,,,,,,,,,,,,,,,,,SD,,OECD TG 422,,,,,,,,,,Dilatation,Male,Main,"National Institute of Health Sciences, Japan",Kidney,ReproTox,Mitsubishi Chemical Safety Institute Ltd.,Histopathological findings,Oral (Gavage),300,mg/kg bdwt/d,Administered dose(mass),12,mg/kg bdwt/d,Administered dose(mass),25.6,,None,0,d,Time,,,,,,,,,,,,,,,,,,,,,,,,,,,,,,,,,,,,,,,,,,,,,,,,,,,,,,,,,,,,,,,Renal tubule (Other),,,,,,,,,,,,,,,,,,,,,,,,,,,,,,,,,,,,,,,,,,,,,,,,,,,,,,,,,,,,,,,,,,,,,,,,,,,,,,,,,,,,,,,,,,,,,,,,,,,,,,,,,,,,,,,,,,,,,,45,d,Time,300,mg/kg bdwt/d,Administered dose(mass),,,300,mg/kg/d,Administered dose(mass),,
26444-49-5,"Cresyl diphenyl phosphate;Cresyldiphenyl phosphate;Diphenyl cresyl phosphate;diphenyl tolyl phosphate;Methylphenyl diphenyl ester, Phosphoric acid;Phosphoric acid, methylphenyl diphenyl ester",,,,,,,,,,,,,,,,,,,,,,,,,,,,,,,,,,,,,,,,,,,,,,,,,,,,,,,,,,,,,,,,,,,,,,,,,,,,,,,,,,,,,,,,,,,,,,,,,,,,,,,,,,,,,,,,,,,,,,,,,,,,,,,,Human Health Hazards#Repeated Dose Toxicity,Repeated Dose Toxicity HESS,mixture,NOEL,,False,No qualifier,Equal,,,,,,1993,,,,,,Rat,,,,,,,,,,,,,,,,,,,,,,,,,,SD,,OECD TG 422,,,,,,,,,,Dilatation,Male,Main,"National Institute of Health Sciences, Japan",Kidney,ReproTox,Mitsubishi Chemical Safety Institute Ltd.,Histopathological findings,Oral (Gavage),300,mg/kg bdwt/d,Administered dose(mass),12,mg/kg bdwt/d,Administered dose(mass),25.6,,None,0,d,Time,,,,,,,,,,,,,,,,,,,,,,,,,,,,,,,,,,,,,,,,,,,,,,,,,,,,,,,,,,,,,,,Renal tubule (Distal/Collecting duct),,,,,,,,,,,,,,,,,,,,,,,,,,,,,,,,,,,,,,,,,,,,,,,,,,,,,,,,,,,,,,,,,,,,,,,,,,,,,,,,,,,,,,,,,,,,,,,,,,,,,,,,,,,,,,,,,,,,,,45,d,Time,300,mg/kg bdwt/d,Administered dose(mass),,,300,mg/kg/d,Administered dose(mass),,
26444-49-5,"Cresyl diphenyl phosphate;Cresyldiphenyl phosphate;Diphenyl cresyl phosphate;diphenyl tolyl phosphate;Methylphenyl diphenyl ester, Phosphoric acid;Phosphoric acid, methylphenyl diphenyl ester",,,,,,,,,,,,,,,,,,,,,,,,,,,,,,,,,,,,,,,,,,,,,,,,,,,,,,,,,,,,,,,,,,,,,,,,,,,,,,,,,,,,,,,,,,,,,,,,,,,,,,,,,,,,,,,,,,,,,,,,,,,,,,,,Human Health Hazards#Repeated Dose Toxicity,Repeated Dose Toxicity HESS,mixture,NOEL,,False,No qualifier,Equal,,,,,,1993,,,,,,Rat,,,,,,,,,,,,,,,,,,,,,,,,,,SD,,OECD TG 422,,,,,,,,,,Dilatation,Male,Main,"National Institute of Health Sciences, Japan",Kidney,ReproTox,Mitsubishi Chemical Safety Institute Ltd.,Histopathological findings,Oral (Gavage),300,mg/kg bdwt/d,Administered dose(mass),12,mg/kg bdwt/d,Administered dose(mass),25.6,,None,0,d,Time,,,,,,,,,,,,,,,,,,,,,,,,,,,,,,,,,,,,,,,,,,,,,,,,,,,,,,,,,,,,,,,Renal tubule (Proximal),,,,,,,,,,,,,,,,,,,,,,,,,,,,,,,,,,,,,,,,,,,,,,,,,,,,,,,,,,,,,,,,,,,,,,,,,,,,,,,,,,,,,,,,,,,,,,,,,,,,,,,,,,,,,,,,,,,,,,45,d,Time,300,mg/kg bdwt/d,Administered dose(mass),,,300,mg/kg/d,Administered dose(mass),,
26444-49-5,"Cresyl diphenyl phosphate;Cresyldiphenyl phosphate;Diphenyl cresyl phosphate;diphenyl tolyl phosphate;Methylphenyl diphenyl ester, Phosphoric acid;Phosphoric acid, methylphenyl diphenyl ester",,,,,,,,,,,,,,,,,,,,,,,,,,,,,,,,,,,,,,,,,,,,,,,,,,,,,,,,,,,,,,,,,,,,,,,,,,,,,,,,,,,,,,,,,,,,,,,,,,,,,,,,,,,,,,,,,,,,,,,,,,,,,,,,Human Health Hazards#Repeated Dose Toxicity,Repeated Dose Toxicity HESS,mixture,NOEL,,False,No qualifier,Equal,,,,,,1993,,,,,,Rat,,,,,,,,,,,,,,,,,,,,,,,,,,SD,,OECD TG 422,,,,,,,,,,Enlarged,Male,Main,"National Institute of Health Sciences, Japan",Kidney,ReproTox,Mitsubishi Chemical Safety Institute Ltd.,Histopathological findings,Oral (Gavage),300,mg/kg bdwt/d,Administered dose(mass),12,mg/kg bdwt/d,Administered dose(mass),25.6,,None,0,d,Time,,,,,,,,,,,,,,,,,,,,,,,,,,,,,,,,,,,,,,,,,,,,,,,,,,,,,,,,,,,,,,,Pelvis/Papilla,,,,,,,,,,,,,,,,,,,,,,,,,,,,,,,,,,,,,,,,,,,,,,,,,,,,,,,,,,,,,,,,,,,,,,,,,,,,,,,,,,,,,,,,,,,,,,,,,,,,,,,,,,,,,,,,,,,,,,45,d,Time,300,mg/kg bdwt/d,Administered dose(mass),,,300,mg/kg/d,Administered dose(mass),,
26444-49-5,"Cresyl diphenyl phosphate;Cresyldiphenyl phosphate;Diphenyl cresyl phosphate;diphenyl tolyl phosphate;Methylphenyl diphenyl ester, Phosphoric acid;Phosphoric acid, methylphenyl diphenyl ester",,,,,,,,,,,,,,,,,,,,,,,,,,,,,,,,,,,,,,,,,,,,,,,,,,,,,,,,,,,,,,,,,,,,,,,,,,,,,,,,,,,,,,,,,,,,,,,,,,,,,,,,,,,,,,,,,,,,,,,,,,,,,,,,Human Health Hazards#Repeated Dose Toxicity,Repeated Dose Toxicity HESS,mixture,NOEL,,False,No qualifier,Equal,,,,,,1993,,,,,,Rat,,,,,,,,,,,,,,,,,,,,,,,,,,SD,,OECD TG 422,,,,,,,,,,Enlarged (Necropsy),Male,Main,"National Institute of Health Sciences, Japan",Kidney,ReproTox,Mitsubishi Chemical Safety Institute Ltd.,Necropsy,Oral (Gavage),300,mg/kg bdwt/d,Administered dose(mass),12,mg/kg bdwt/d,Administered dose(mass),25.6,,None,0,d,Time,,,,,,,,,,,,,,,,,,,,,,,,,,,,,,,,,,,,,,,,,,,,,,,,,,,,,,,,,,,,,,,,,,,,,,,,,,,,,,,,,,,,,,,,,,,,,,,,,,,,,,,,,,,,,,,,,,,,,,,,,,,,,,,,,,,,,,,,,,,,,,,,,,,,,,,,,,,,,,,,,,,,,,,,,,,,,,,,,,,,,45,d,Time,300,mg/kg bdwt/d,Administered dose(mass),,,300,mg/kg/d,Administered dose(mass),,
26444-49-5,"Cresyl diphenyl phosphate;Cresyldiphenyl phosphate;Diphenyl cresyl phosphate;diphenyl tolyl phosphate;Methylphenyl diphenyl ester, Phosphoric acid;Phosphoric acid, methylphenyl diphenyl ester",,,,,,,,,,,,,,,,,,,,,,,,,,,,,,,,,,,,,,,,,,,,,,,,,,,,,,,,,,,,,,,,,,,,,,,,,,,,,,,,,,,,,,,,,,,,,,,,,,,,,,,,,,,,,,,,,,,,,,,,,,,,,,,,Human Health Hazards#Repeated Dose Toxicity,Repeated Dose Toxicity HESS,mixture,NOEL,,False,No qualifier,Equal,,,,,,1993,,,,,,Rat,,,,,,,,,,,,,,,,,,,,,,,,,,SD,,OECD TG 422,,,,,,,,,,Eosinophilic Body/Hyaline Droplets,Male,Main,"National Institute of Health Sciences, Japan",Kidney,ReproTox,Mitsubishi Chemical Safety Institute Ltd.,Histopathological findings,Oral (Gavage),300,mg/kg bdwt/d,Administered dose(mass),12,mg/kg bdwt/d,Administered dose(mass),25.6,,None,0,d,Time,,,,,,,,,,,,,,,,,,,,,,,,,,,,,,,,,,,,,,,,,,,,,,,,,,,,,,,,,,,,,,,Renal tubule (Other),,,,,,,,,,,,,,,,,,,,,,,,,,,,,,,,,,,,,,,,,,,,,,,,,,,,,,,,,,,,,,,,,,,,,,,,,,,,,,,,,,,,,,,,,,,,,,,,,,,,,,,,,,,,,,,,,,,,,,45,d,Time,300,mg/kg bdwt/d,Administered dose(mass),,,300,mg/kg/d,Administered dose(mass),,
26444-49-5,"Cresyl diphenyl phosphate;Cresyldiphenyl phosphate;Diphenyl cresyl phosphate;diphenyl tolyl phosphate;Methylphenyl diphenyl ester, Phosphoric acid;Phosphoric acid, methylphenyl diphenyl ester",,,,,,,,,,,,,,,,,,,,,,,,,,,,,,,,,,,,,,,,,,,,,,,,,,,,,,,,,,,,,,,,,,,,,,,,,,,,,,,,,,,,,,,,,,,,,,,,,,,,,,,,,,,,,,,,,,,,,,,,,,,,,,,,Human Health Hazards#Repeated Dose Toxicity,Repeated Dose Toxicity HESS,mixture,NOEL,,False,No qualifier,Equal,,,,,,1993,,,,,,Rat,,,,,,,,,,,,,,,,,,,,,,,,,,SD,,OECD TG 422,,,,,,,,,,Eosinophilic Body/Hyaline Droplets,Male,Main,"National Institute of Health Sciences, Japan",Kidney,ReproTox,Mitsubishi Chemical Safety Institute Ltd.,Histopathological findings,Oral (Gavage),300,mg/kg bdwt/d,Administered dose(mass),12,mg/kg bdwt/d,Administered dose(mass),25.6,,None,0,d,Time,,,,,,,,,,,,,,,,,,,,,,,,,,,,,,,,,,,,,,,,,,,,,,,,,,,,,,,,,,,,,,,Renal tubule (Distal/Collecting duct),,,,,,,,,,,,,,,,,,,,,,,,,,,,,,,,,,,,,,,,,,,,,,,,,,,,,,,,,,,,,,,,,,,,,,,,,,,,,,,,,,,,,,,,,,,,,,,,,,,,,,,,,,,,,,,,,,,,,,45,d,Time,300,mg/kg bdwt/d,Administered dose(mass),,,300,mg/kg/d,Administered dose(mass),,
26444-49-5,"Cresyl diphenyl phosphate;Cresyldiphenyl phosphate;Diphenyl cresyl phosphate;diphenyl tolyl phosphate;Methylphenyl diphenyl ester, Phosphoric acid;Phosphoric acid, methylphenyl diphenyl ester",,,,,,,,,,,,,,,,,,,,,,,,,,,,,,,,,,,,,,,,,,,,,,,,,,,,,,,,,,,,,,,,,,,,,,,,,,,,,,,,,,,,,,,,,,,,,,,,,,,,,,,,,,,,,,,,,,,,,,,,,,,,,,,,Human Health Hazards#Repeated Dose Toxicity,Repeated Dose Toxicity HESS,mixture,NOEL,,False,No qualifier,Equal,,,,,,1993,,,,,,Rat,,,,,,,,,,,,,,,,,,,,,,,,,,SD,,OECD TG 422,,,,,,,,,,Eosinophilic Body/Hyaline Droplets,Male,Main,"National Institute of Health Sciences, Japan",Kidney,ReproTox,Mitsubishi Chemical Safety Institute Ltd.,Histopathological findings,Oral (Gavage),300,mg/kg bdwt/d,Administered dose(mass),12,mg/kg bdwt/d,Administered dose(mass),25.6,,None,0,d,Time,,,,,,,,,,,,,,,,,,,,,,,,,,,,,,,,,,,,,,,,,,,,,,,,,,,,,,,,,,,,,,,Renal tubule (Proximal),,,,,,,,,,,,,,,,,,,,,,,,,,,,,,,,,,,,,,,,,,,,,,,,,,,,,,,,,,,,,,,,,,,,,,,,,,,,,,,,,,,,,,,,,,,,,,,,,,,,,,,,,,,,,,,,,,,,,,45,d,Time,300,mg/kg bdwt/d,Administered dose(mass),,,300,mg/kg/d,Administered dose(mass),,
26444-49-5,"Cresyl diphenyl phosphate;Cresyldiphenyl phosphate;Diphenyl cresyl phosphate;diphenyl tolyl phosphate;Methylphenyl diphenyl ester, Phosphoric acid;Phosphoric acid, methylphenyl diphenyl ester",,,,,,,,,,,,,,,,,,,,,,,,,,,,,,,,,,,,,,,,,,,,,,,,,,,,,,,,,,,,,,,,,,,,,,,,,,,,,,,,,,,,,,,,,,,,,,,,,,,,,,,,,,,,,,,,,,,,,,,,,,,,,,,,Human Health Hazards#Repeated Dose Toxicity,Repeated Dose Toxicity HESS,mixture,NOEL,,False,No qualifier,Equal,,,,,,1993,,,,,,Rat,,,,,,,,,,,,,,,,,,,,,,,,,,SD,,OECD TG 422,,,,,,,,,,Fatty Change,Male,Main,"National Institute of Health Sciences, Japan",Kidney,ReproTox,Mitsubishi Chemical Safety Institute Ltd.,Histopathological findings,Oral (Gavage),300,mg/kg bdwt/d,Administered dose(mass),12,mg/kg bdwt/d,Administered dose(mass),25.6,,None,0,d,Time,,,,,,,,,,,,,,,,,,,,,,,,,,,,,,,,,,,,,,,,,,,,,,,,,,,,,,,,,,,,,,,Pelvis/Papilla,,,,,,,,,,,,,,,,,,,,,,,,,,,,,,,,,,,,,,,,,,,,,,,,,,,,,,,,,,,,,,,,,,,,,,,,,,,,,,,,,,,,,,,,,,,,,,,,,,,,,,,,,,,,,,,,,,,,,,45,d,Time,300,mg/kg bdwt/d,Administered dose(mass),,,300,mg/kg/d,Administered dose(mass),,
26444-49-5,"Cresyl diphenyl phosphate;Cresyldiphenyl phosphate;Diphenyl cresyl phosphate;diphenyl tolyl phosphate;Methylphenyl diphenyl ester, Phosphoric acid;Phosphoric acid, methylphenyl diphenyl ester",,,,,,,,,,,,,,,,,,,,,,,,,,,,,,,,,,,,,,,,,,,,,,,,,,,,,,,,,,,,,,,,,,,,,,,,,,,,,,,,,,,,,,,,,,,,,,,,,,,,,,,,,,,,,,,,,,,,,,,,,,,,,,,,Human Health Hazards#Repeated Dose Toxicity,Repeated Dose Toxicity HESS,mixture,NOEL,,False,No qualifier,Equal,,,,,,1993,,,,,,Rat,,,,,,,,,,,,,,,,,,,,,,,,,,SD,,OECD TG 422,,,,,,,,,,Fatty Change,Male,Main,"National Institute of Health Sciences, Japan",Kidney,ReproTox,Mitsubishi Chemical Safety Institute Ltd.,Histopathological findings,Oral (Gavage),300,mg/kg bdwt/d,Administered dose(mass),12,mg/kg bdwt/d,Administered dose(mass),25.6,,None,0,d,Time,,,,,,,,,,,,,,,,,,,,,,,,,,,,,,,,,,,,,,,,,,,,,,,,,,,,,,,,,,,,,,,Renal tubule (Other),,,,,,,,,,,,,,,,,,,,,,,,,,,,,,,,,,,,,,,,,,,,,,,,,,,,,,,,,,,,,,,,,,,,,,,,,,,,,,,,,,,,,,,,,,,,,,,,,,,,,,,,,,,,,,,,,,,,,,45,d,Time,300,mg/kg bdwt/d,Administered dose(mass),,,300,mg/kg/d,Administered dose(mass),,
26444-49-5,"Cresyl diphenyl phosphate;Cresyldiphenyl phosphate;Diphenyl cresyl phosphate;diphenyl tolyl phosphate;Methylphenyl diphenyl ester, Phosphoric acid;Phosphoric acid, methylphenyl diphenyl ester",,,,,,,,,,,,,,,,,,,,,,,,,,,,,,,,,,,,,,,,,,,,,,,,,,,,,,,,,,,,,,,,,,,,,,,,,,,,,,,,,,,,,,,,,,,,,,,,,,,,,,,,,,,,,,,,,,,,,,,,,,,,,,,,Human Health Hazards#Repeated Dose Toxicity,Repeated Dose Toxicity HESS,mixture,NOEL,,False,No qualifier,Equal,,,,,,1993,,,,,,Rat,,,,,,,,,,,,,,,,,,,,,,,,,,SD,,OECD TG 422,,,,,,,,,,Fatty Change,Male,Main,"National Institute of Health Sciences, Japan",Kidney,ReproTox,Mitsubishi Chemical Safety Institute Ltd.,Histopathological findings,Oral (Gavage),300,mg/kg bdwt/d,Administered dose(mass),12,mg/kg bdwt/d,Administered dose(mass),25.6,,None,0,d,Time,,,,,,,,,,,,,,,,,,,,,,,,,,,,,,,,,,,,,,,,,,,,,,,,,,,,,,,,,,,,,,,Renal tubule (Distal/Collecting duct),,,,,,,,,,,,,,,,,,,,,,,,,,,,,,,,,,,,,,,,,,,,,,,,,,,,,,,,,,,,,,,,,,,,,,,,,,,,,,,,,,,,,,,,,,,,,,,,,,,,,,,,,,,,,,,,,,,,,,45,d,Time,300,mg/kg bdwt/d,Administered dose(mass),,,300,mg/kg/d,Administered dose(mass),,
26444-49-5,"Cresyl diphenyl phosphate;Cresyldiphenyl phosphate;Diphenyl cresyl phosphate;diphenyl tolyl phosphate;Methylphenyl diphenyl ester, Phosphoric acid;Phosphoric acid, methylphenyl diphenyl ester",,,,,,,,,,,,,,,,,,,,,,,,,,,,,,,,,,,,,,,,,,,,,,,,,,,,,,,,,,,,,,,,,,,,,,,,,,,,,,,,,,,,,,,,,,,,,,,,,,,,,,,,,,,,,,,,,,,,,,,,,,,,,,,,Human Health Hazards#Repeated Dose Toxicity,Repeated Dose Toxicity HESS,mixture,NOEL,,False,No qualifier,Equal,,,,,,1993,,,,,,Rat,,,,,,,,,,,,,,,,,,,,,,,,,,SD,,OECD TG 422,,,,,,,,,,Fatty Change,Male,Main,"National Institute of Health Sciences, Japan",Kidney,ReproTox,Mitsubishi Chemical Safety Institute Ltd.,Histopathological findings,Oral (Gavage),300,mg/kg bdwt/d,Administered dose(mass),12,mg/kg bdwt/d,Administered dose(mass),25.6,,None,0,d,Time,,,,,,,,,,,,,,,,,,,,,,,,,,,,,,,,,,,,,,,,,,,,,,,,,,,,,,,,,,,,,,,Renal tubule (Proximal),,,,,,,,,,,,,,,,,,,,,,,,,,,,,,,,,,,,,,,,,,,,,,,,,,,,,,,,,,,,,,,,,,,,,,,,,,,,,,,,,,,,,,,,,,,,,,,,,,,,,,,,,,,,,,,,,,,,,,45,d,Time,60,mg/kg bdwt/d,Administered dose(mass),,,60,mg/kg/d,Administered dose(mass),,
26444-49-5,"Cresyl diphenyl phosphate;Cresyldiphenyl phosphate;Diphenyl cresyl phosphate;diphenyl tolyl phosphate;Methylphenyl diphenyl ester, Phosphoric acid;Phosphoric acid, methylphenyl diphenyl ester",,,,,,,,,,,,,,,,,,,,,,,,,,,,,,,,,,,,,,,,,,,,,,,,,,,,,,,,,,,,,,,,,,,,,,,,,,,,,,,,,,,,,,,,,,,,,,,,,,,,,,,,,,,,,,,,,,,,,,,,,,,,,,,,Human Health Hazards#Repeated Dose Toxicity,Repeated Dose Toxicity HESS,mixture,NOEL,,False,No qualifier,Equal,,,,,,1993,,,,,,Rat,,,,,,,,,,,,,,,,,,,,,,,,,,SD,,OECD TG 422,,,,,,,,,,Hyperplasia Epithlium,Male,Main,"National Institute of Health Sciences, Japan",Kidney,ReproTox,Mitsubishi Chemical Safety Institute Ltd.,Histopathological findings,Oral (Gavage),300,mg/kg bdwt/d,Administered dose(mass),12,mg/kg bdwt/d,Administered dose(mass),25.6,,None,0,d,Time,,,,,,,,,,,,,,,,,,,,,,,,,,,,,,,,,,,,,,,,,,,,,,,,,,,,,,,,,,,,,,,Pelvis/Papilla,,,,,,,,,,,,,,,,,,,,,,,,,,,,,,,,,,,,,,,,,,,,,,,,,,,,,,,,,,,,,,,,,,,,,,,,,,,,,,,,,,,,,,,,,,,,,,,,,,,,,,,,,,,,,,,,,,,,,,45,d,Time,300,mg/kg bdwt/d,Administered dose(mass),,,300,mg/kg/d,Administered dose(mass),,
26444-49-5,"Cresyl diphenyl phosphate;Cresyldiphenyl phosphate;Diphenyl cresyl phosphate;diphenyl tolyl phosphate;Methylphenyl diphenyl ester, Phosphoric acid;Phosphoric acid, methylphenyl diphenyl ester",,,,,,,,,,,,,,,,,,,,,,,,,,,,,,,,,,,,,,,,,,,,,,,,,,,,,,,,,,,,,,,,,,,,,,,,,,,,,,,,,,,,,,,,,,,,,,,,,,,,,,,,,,,,,,,,,,,,,,,,,,,,,,,,Human Health Hazards#Repeated Dose Toxicity,Repeated Dose Toxicity HESS,mixture,NOEL,,False,No qualifier,Equal,,,,,,1993,,,,,,Rat,,,,,,,,,,,,,,,,,,,,,,,,,,SD,,OECD TG 422,,,,,,,,,,Hypertrophy Epithelium,Male,Main,"National Institute of Health Sciences, Japan",Kidney,ReproTox,Mitsubishi Chemical Safety Institute Ltd.,Histopathological findings,Oral (Gavage),300,mg/kg bdwt/d,Administered dose(mass),12,mg/kg bdwt/d,Administered dose(mass),25.6,,None,0,d,Time,,,,,,,,,,,,,,,,,,,,,,,,,,,,,,,,,,,,,,,,,,,,,,,,,,,,,,,,,,,,,,,Renal tubule (Other),,,,,,,,,,,,,,,,,,,,,,,,,,,,,,,,,,,,,,,,,,,,,,,,,,,,,,,,,,,,,,,,,,,,,,,,,,,,,,,,,,,,,,,,,,,,,,,,,,,,,,,,,,,,,,,,,,,,,,45,d,Time,300,mg/kg bdwt/d,Administered dose(mass),,,300,mg/kg/d,Administered dose(mass),,
26444-49-5,"Cresyl diphenyl phosphate;Cresyldiphenyl phosphate;Diphenyl cresyl phosphate;diphenyl tolyl phosphate;Methylphenyl diphenyl ester, Phosphoric acid;Phosphoric acid, methylphenyl diphenyl ester",,,,,,,,,,,,,,,,,,,,,,,,,,,,,,,,,,,,,,,,,,,,,,,,,,,,,,,,,,,,,,,,,,,,,,,,,,,,,,,,,,,,,,,,,,,,,,,,,,,,,,,,,,,,,,,,,,,,,,,,,,,,,,,,Human Health Hazards#Repeated Dose Toxicity,Repeated Dose Toxicity HESS,mixture,NOEL,,False,No qualifier,Equal,,,,,,1993,,,,,,Rat,,,,,,,,,,,,,,,,,,,,,,,,,,SD,,OECD TG 422,,,,,,,,,,Hypertrophy Epithelium,Male,Main,"National Institute of Health Sciences, Japan",Kidney,ReproTox,Mitsubishi Chemical Safety Institute Ltd.,Histopathological findings,Oral (Gavage),300,mg/kg bdwt/d,Administered dose(mass),12,mg/kg bdwt/d,Administered dose(mass),25.6,,None,0,d,Time,,,,,,,,,,,,,,,,,,,,,,,,,,,,,,,,,,,,,,,,,,,,,,,,,,,,,,,,,,,,,,,Renal tubule (Distal/Collecting duct),,,,,,,,,,,,,,,,,,,,,,,,,,,,,,,,,,,,,,,,,,,,,,,,,,,,,,,,,,,,,,,,,,,,,,,,,,,,,,,,,,,,,,,,,,,,,,,,,,,,,,,,,,,,,,,,,,,,,,45,d,Time,300,mg/kg bdwt/d,Administered dose(mass),,,300,mg/kg/d,Administered dose(mass),,
26444-49-5,"Cresyl diphenyl phosphate;Cresyldiphenyl phosphate;Diphenyl cresyl phosphate;diphenyl tolyl phosphate;Methylphenyl diphenyl ester, Phosphoric acid;Phosphoric acid, methylphenyl diphenyl ester",,,,,,,,,,,,,,,,,,,,,,,,,,,,,,,,,,,,,,,,,,,,,,,,,,,,,,,,,,,,,,,,,,,,,,,,,,,,,,,,,,,,,,,,,,,,,,,,,,,,,,,,,,,,,,,,,,,,,,,,,,,,,,,,Human Health Hazards#Repeated Dose Toxicity,Repeated Dose Toxicity HESS,mixture,NOEL,,False,No qualifier,Equal,,,,,,1993,,,,,,Rat,,,,,,,,,,,,,,,,,,,,,,,,,,SD,,OECD TG 422,,,,,,,,,,Hypertrophy Epithelium,Male,Main,"National Institute of Health Sciences, Japan",Kidney,ReproTox,Mitsubishi Chemical Safety Institute Ltd.,Histopathological findings,Oral (Gavage),300,mg/kg bdwt/d,Administered dose(mass),12,mg/kg bdwt/d,Administered dose(mass),25.6,,None,0,d,Time,,,,,,,,,,,,,,,,,,,,,,,,,,,,,,,,,,,,,,,,,,,,,,,,,,,,,,,,,,,,,,,Renal tubule (Proximal),,,,,,,,,,,,,,,,,,,,,,,,,,,,,,,,,,,,,,,,,,,,,,,,,,,,,,,,,,,,,,,,,,,,,,,,,,,,,,,,,,,,,,,,,,,,,,,,,,,,,,,,,,,,,,,,,,,,,,45,d,Time,300,mg/kg bdwt/d,Administered dose(mass),,,300,mg/kg/d,Administered dose(mass),,
26444-49-5,"Cresyl diphenyl phosphate;Cresyldiphenyl phosphate;Diphenyl cresyl phosphate;diphenyl tolyl phosphate;Methylphenyl diphenyl ester, Phosphoric acid;Phosphoric acid, methylphenyl diphenyl ester",,,,,,,,,,,,,,,,,,,,,,,,,,,,,,,,,,,,,,,,,,,,,,,,,,,,,,,,,,,,,,,,,,,,,,,,,,,,,,,,,,,,,,,,,,,,,,,,,,,,,,,,,,,,,,,,,,,,,,,,,,,,,,,,Human Health Hazards#Repeated Dose Toxicity,Repeated Dose Toxicity HESS,mixture,NOEL,,False,No qualifier,Equal,,,,,,1993,,,,,,Rat,,,,,,,,,,,,,,,,,,,,,,,,,,SD,,OECD TG 422,,,,,,,,,,Mineralization,Male,Main,"National Institute of Health Sciences, Japan",Kidney,ReproTox,Mitsubishi Chemical Safety Institute Ltd.,Histopathological findings,Oral (Gavage),300,mg/kg bdwt/d,Administered dose(mass),12,mg/kg bdwt/d,Administered dose(mass),25.6,,None,0,d,Time,,,,,,,,,,,,,,,,,,,,,,,,,,,,,,,,,,,,,,,,,,,,,,,,,,,,,,,,,,,,,,,Renal tubule (Other),,,,,,,,,,,,,,,,,,,,,,,,,,,,,,,,,,,,,,,,,,,,,,,,,,,,,,,,,,,,,,,,,,,,,,,,,,,,,,,,,,,,,,,,,,,,,,,,,,,,,,,,,,,,,,,,,,,,,,45,d,Time,300,mg/kg bdwt/d,Administered dose(mass),,,300,mg/kg/d,Administered dose(mass),,
26444-49-5,"Cresyl diphenyl phosphate;Cresyldiphenyl phosphate;Diphenyl cresyl phosphate;diphenyl tolyl phosphate;Methylphenyl diphenyl ester, Phosphoric acid;Phosphoric acid, methylphenyl diphenyl ester",,,,,,,,,,,,,,,,,,,,,,,,,,,,,,,,,,,,,,,,,,,,,,,,,,,,,,,,,,,,,,,,,,,,,,,,,,,,,,,,,,,,,,,,,,,,,,,,,,,,,,,,,,,,,,,,,,,,,,,,,,,,,,,,Human Health Hazards#Repeated Dose Toxicity,Repeated Dose Toxicity HESS,mixture,NOEL,,False,No qualifier,Equal,,,,,,1993,,,,,,Rat,,,,,,,,,,,,,,,,,,,,,,,,,,SD,,OECD TG 422,,,,,,,,,,Mineralization,Male,Main,"National Institute of Health Sciences, Japan",Kidney,ReproTox,Mitsubishi Chemical Safety Institute Ltd.,Histopathological findings,Oral (Gavage),300,mg/kg bdwt/d,Administered dose(mass),12,mg/kg bdwt/d,Administered dose(mass),25.6,,None,0,d,Time,,,,,,,,,,,,,,,,,,,,,,,,,,,,,,,,,,,,,,,,,,,,,,,,,,,,,,,,,,,,,,,Renal tubule (Distal/Collecting duct),,,,,,,,,,,,,,,,,,,,,,,,,,,,,,,,,,,,,,,,,,,,,,,,,,,,,,,,,,,,,,,,,,,,,,,,,,,,,,,,,,,,,,,,,,,,,,,,,,,,,,,,,,,,,,,,,,,,,,45,d,Time,300,mg/kg bdwt/d,Administered dose(mass),,,300,mg/kg/d,Administered dose(mass),,
26444-49-5,"Cresyl diphenyl phosphate;Cresyldiphenyl phosphate;Diphenyl cresyl phosphate;diphenyl tolyl phosphate;Methylphenyl diphenyl ester, Phosphoric acid;Phosphoric acid, methylphenyl diphenyl ester",,,,,,,,,,,,,,,,,,,,,,,,,,,,,,,,,,,,,,,,,,,,,,,,,,,,,,,,,,,,,,,,,,,,,,,,,,,,,,,,,,,,,,,,,,,,,,,,,,,,,,,,,,,,,,,,,,,,,,,,,,,,,,,,Human Health Hazards#Repeated Dose Toxicity,Repeated Dose Toxicity HESS,mixture,NOEL,,False,No qualifier,Equal,,,,,,1993,,,,,,Rat,,,,,,,,,,,,,,,,,,,,,,,,,,SD,,OECD TG 422,,,,,,,,,,Mineralization,Male,Main,"National Institute of Health Sciences, Japan",Kidney,ReproTox,Mitsubishi Chemical Safety Institute Ltd.,Histopathological findings,Oral (Gavage),300,mg/kg bdwt/d,Administered dose(mass),12,mg/kg bdwt/d,Administered dose(mass),25.6,,None,0,d,Time,,,,,,,,,,,,,,,,,,,,,,,,,,,,,,,,,,,,,,,,,,,,,,,,,,,,,,,,,,,,,,,Renal tubule (Proximal),,,,,,,,,,,,,,,,,,,,,,,,,,,,,,,,,,,,,,,,,,,,,,,,,,,,,,,,,,,,,,,,,,,,,,,,,,,,,,,,,,,,,,,,,,,,,,,,,,,,,,,,,,,,,,,,,,,,,,45,d,Time,300,mg/kg bdwt/d,Administered dose(mass),,,300,mg/kg/d,Administered dose(mass),,
26444-49-5,"Cresyl diphenyl phosphate;Cresyldiphenyl phosphate;Diphenyl cresyl phosphate;diphenyl tolyl phosphate;Methylphenyl diphenyl ester, Phosphoric acid;Phosphoric acid, methylphenyl diphenyl ester",,,,,,,,,,,,,,,,,,,,,,,,,,,,,,,,,,,,,,,,,,,,,,,,,,,,,,,,,,,,,,,,,,,,,,,,,,,,,,,,,,,,,,,,,,,,,,,,,,,,,,,,,,,,,,,,,,,,,,,,,,,,,,,,Human Health Hazards#Repeated Dose Toxicity,Repeated Dose Toxicity HESS,mixture,NOEL,,False,No qualifier,Equal,,,,,,1993,,,,,,Rat,,,,,,,,,,,,,,,,,,,,,,,,,,SD,,OECD TG 422,,,,,,,,,,Necrosis,Male,Main,"National Institute of Health Sciences, Japan",Kidney,ReproTox,Mitsubishi Chemical Safety Institute Ltd.,Histopathological findings,Oral (Gavage),300,mg/kg bdwt/d,Administered dose(mass),12,mg/kg bdwt/d,Administered dose(mass),25.6,,None,0,d,Time,,,,,,,,,,,,,,,,,,,,,,,,,,,,,,,,,,,,,,,,,,,,,,,,,,,,,,,,,,,,,,,Pelvis/Papilla,,,,,,,,,,,,,,,,,,,,,,,,,,,,,,,,,,,,,,,,,,,,,,,,,,,,,,,,,,,,,,,,,,,,,,,,,,,,,,,,,,,,,,,,,,,,,,,,,,,,,,,,,,,,,,,,,,,,,,45,d,Time,300,mg/kg bdwt/d,Administered dose(mass),,,300,mg/kg/d,Administered dose(mass),,
26444-49-5,"Cresyl diphenyl phosphate;Cresyldiphenyl phosphate;Diphenyl cresyl phosphate;diphenyl tolyl phosphate;Methylphenyl diphenyl ester, Phosphoric acid;Phosphoric acid, methylphenyl diphenyl ester",,,,,,,,,,,,,,,,,,,,,,,,,,,,,,,,,,,,,,,,,,,,,,,,,,,,,,,,,,,,,,,,,,,,,,,,,,,,,,,,,,,,,,,,,,,,,,,,,,,,,,,,,,,,,,,,,,,,,,,,,,,,,,,,Human Health Hazards#Repeated Dose Toxicity,Repeated Dose Toxicity HESS,mixture,NOEL,,False,No qualifier,Equal,,,,,,1993,,,,,,Rat,,,,,,,,,,,,,,,,,,,,,,,,,,SD,,OECD TG 422,,,,,,,,,,Necrosis,Male,Main,"National Institute of Health Sciences, Japan",Kidney,ReproTox,Mitsubishi Chemical Safety Institute Ltd.,Histopathological findings,Oral (Gavage),300,mg/kg bdwt/d,Administered dose(mass),12,mg/kg bdwt/d,Administered dose(mass),25.6,,None,0,d,Time,,,,,,,,,,,,,,,,,,,,,,,,,,,,,,,,,,,,,,,,,,,,,,,,,,,,,,,,,,,,,,,Renal tubule (Other),,,,,,,,,,,,,,,,,,,,,,,,,,,,,,,,,,,,,,,,,,,,,,,,,,,,,,,,,,,,,,,,,,,,,,,,,,,,,,,,,,,,,,,,,,,,,,,,,,,,,,,,,,,,,,,,,,,,,,45,d,Time,300,mg/kg bdwt/d,Administered dose(mass),,,300,mg/kg/d,Administered dose(mass),,
26444-49-5,"Cresyl diphenyl phosphate;Cresyldiphenyl phosphate;Diphenyl cresyl phosphate;diphenyl tolyl phosphate;Methylphenyl diphenyl ester, Phosphoric acid;Phosphoric acid, methylphenyl diphenyl ester",,,,,,,,,,,,,,,,,,,,,,,,,,,,,,,,,,,,,,,,,,,,,,,,,,,,,,,,,,,,,,,,,,,,,,,,,,,,,,,,,,,,,,,,,,,,,,,,,,,,,,,,,,,,,,,,,,,,,,,,,,,,,,,,Human Health Hazards#Repeated Dose Toxicity,Repeated Dose Toxicity HESS,mixture,NOEL,,False,No qualifier,Equal,,,,,,1993,,,,,,Rat,,,,,,,,,,,,,,,,,,,,,,,,,,SD,,OECD TG 422,,,,,,,,,,Necrosis,Male,Main,"National Institute of Health Sciences, Japan",Kidney,ReproTox,Mitsubishi Chemical Safety Institute Ltd.,Histopathological findings,Oral (Gavage),300,mg/kg bdwt/d,Administered dose(mass),12,mg/kg bdwt/d,Administered dose(mass),25.6,,None,0,d,Time,,,,,,,,,,,,,,,,,,,,,,,,,,,,,,,,,,,,,,,,,,,,,,,,,,,,,,,,,,,,,,,Renal tubule (Distal/Collecting duct),,,,,,,,,,,,,,,,,,,,,,,,,,,,,,,,,,,,,,,,,,,,,,,,,,,,,,,,,,,,,,,,,,,,,,,,,,,,,,,,,,,,,,,,,,,,,,,,,,,,,,,,,,,,,,,,,,,,,,45,d,Time,300,mg/kg bdwt/d,Administered dose(mass),,,300,mg/kg/d,Administered dose(mass),,
26444-49-5,"Cresyl diphenyl phosphate;Cresyldiphenyl phosphate;Diphenyl cresyl phosphate;diphenyl tolyl phosphate;Methylphenyl diphenyl ester, Phosphoric acid;Phosphoric acid, methylphenyl diphenyl ester",,,,,,,,,,,,,,,,,,,,,,,,,,,,,,,,,,,,,,,,,,,,,,,,,,,,,,,,,,,,,,,,,,,,,,,,,,,,,,,,,,,,,,,,,,,,,,,,,,,,,,,,,,,,,,,,,,,,,,,,,,,,,,,,Human Health Hazards#Repeated Dose Toxicity,Repeated Dose Toxicity HESS,mixture,NOEL,,False,No qualifier,Equal,,,,,,1993,,,,,,Rat,,,,,,,,,,,,,,,,,,,,,,,,,,SD,,OECD TG 422,,,,,,,,,,Necrosis,Male,Main,"National Institute of Health Sciences, Japan",Kidney,ReproTox,Mitsubishi Chemical Safety Institute Ltd.,Histopathological findings,Oral (Gavage),300,mg/kg bdwt/d,Administered dose(mass),12,mg/kg bdwt/d,Administered dose(mass),25.6,,None,0,d,Time,,,,,,,,,,,,,,,,,,,,,,,,,,,,,,,,,,,,,,,,,,,,,,,,,,,,,,,,,,,,,,,Renal tubule (Proximal),,,,,,,,,,,,,,,,,,,,,,,,,,,,,,,,,,,,,,,,,,,,,,,,,,,,,,,,,,,,,,,,,,,,,,,,,,,,,,,,,,,,,,,,,,,,,,,,,,,,,,,,,,,,,,,,,,,,,,45,d,Time,300,mg/kg bdwt/d,Administered dose(mass),,,300,mg/kg/d,Administered dose(mass),,
26444-49-5,"Cresyl diphenyl phosphate;Cresyldiphenyl phosphate;Diphenyl cresyl phosphate;diphenyl tolyl phosphate;Methylphenyl diphenyl ester, Phosphoric acid;Phosphoric acid, methylphenyl diphenyl ester",,,,,,,,,,,,,,,,,,,,,,,,,,,,,,,,,,,,,,,,,,,,,,,,,,,,,,,,,,,,,,,,,,,,,,,,,,,,,,,,,,,,,,,,,,,,,,,,,,,,,,,,,,,,,,,,,,,,,,,,,,,,,,,,Human Health Hazards#Repeated Dose Toxicity,Repeated Dose Toxicity HESS,mixture,NOEL,,False,No qualifier,Equal,,,,,,1993,,,,,,Rat,,,,,,,,,,,,,,,,,,,,,,,,,,SD,,OECD TG 422,,,,,,,,,,Nephropathy,Male,Main,"National Institute of Health Sciences, Japan",Kidney,ReproTox,Mitsubishi Chemical Safety Institute Ltd.,Histopathological findings,Oral (Gavage),300,mg/kg bdwt/d,Administered dose(mass),12,mg/kg bdwt/d,Administered dose(mass),25.6,,None,0,d,Time,,,,,,,,,,,,,,,,,,,,,,,,,,,,,,,,,,,,,,,,,,,,,,,,,,,,,,,,,,,,,,,,,,,,,,,,,,,,,,,,,,,,,,,,,,,,,,,,,,,,,,,,,,,,,,,,,,,,,,,,,,,,,,,,,,,,,,,,,,,,,,,,,,,,,,,,,,,,,,,,,,,,,,,,,,,,,,,,,,,,,45,d,Time,300,mg/kg bdwt/d,Administered dose(mass),,,300,mg/kg/d,Administered dose(mass),,
26444-49-5,"Cresyl diphenyl phosphate;Cresyldiphenyl phosphate;Diphenyl cresyl phosphate;diphenyl tolyl phosphate;Methylphenyl diphenyl ester, Phosphoric acid;Phosphoric acid, methylphenyl diphenyl ester",,,,,,,,,,,,,,,,,,,,,,,,,,,,,,,,,,,,,,,,,,,,,,,,,,,,,,,,,,,,,,,,,,,,,,,,,,,,,,,,,,,,,,,,,,,,,,,,,,,,,,,,,,,,,,,,,,,,,,,,,,,,,,,,Human Health Hazards#Repeated Dose Toxicity,Repeated Dose Toxicity HESS,mixture,NOEL,,False,No qualifier,Equal,,,,,,1993,,,,,,Rat,,,,,,,,,,,,,,,,,,,,,,,,,,SD,,OECD TG 422,,,,,,,,,,Other Findings,Male,Main,"National Institute of Health Sciences, Japan",Kidney,ReproTox,Mitsubishi Chemical Safety Institute Ltd.,Histopathological findings,Oral (Gavage),300,mg/kg bdwt/d,Administered dose(mass),12,mg/kg bdwt/d,Administered dose(mass),25.6,,None,0,d,Time,,,,,,,,,,,,,,,,,,,,,,,,,,,,,,,,,,,,,,,,,,,,,,,,,,,,,,,,,,,,,,,,,,,,,,,,,,,,,,,,,,,,,,,,,,,,,,,,,,,,,,,,,,,,,,,,,,,,,,,,,,,,,,,,,,,,,,,,,,,,,,,,,,,,,,,,,,,,,,,,,,,,,,,,,,,,,,,,,,,,,45,d,Time,300,mg/kg bdwt/d,Administered dose(mass),,,300,mg/kg/d,Administered dose(mass),,
26444-49-5,"Cresyl diphenyl phosphate;Cresyldiphenyl phosphate;Diphenyl cresyl phosphate;diphenyl tolyl phosphate;Methylphenyl diphenyl ester, Phosphoric acid;Phosphoric acid, methylphenyl diphenyl ester",,,,,,,,,,,,,,,,,,,,,,,,,,,,,,,,,,,,,,,,,,,,,,,,,,,,,,,,,,,,,,,,,,,,,,,,,,,,,,,,,,,,,,,,,,,,,,,,,,,,,,,,,,,,,,,,,,,,,,,,,,,,,,,,Human Health Hazards#Repeated Dose Toxicity,Repeated Dose Toxicity HESS,mixture,NOEL,,False,No qualifier,Equal,,,,,,1993,,,,,,Rat,,,,,,,,,,,,,,,,,,,,,,,,,,SD,,OECD TG 422,,,,,,,,,,Other Findings,Male,Main,"National Institute of Health Sciences, Japan",Kidney,ReproTox,Mitsubishi Chemical Safety Institute Ltd.,Histopathological findings,Oral (Gavage),300,mg/kg bdwt/d,Administered dose(mass),12,mg/kg bdwt/d,Administered dose(mass),25.6,,None,0,d,Time,,,,,,,,,,,,,,,,,,,,,,,,,,,,,,,,,,,,,,,,,,,,,,,,,,,,,,,,,,,,,,,Pelvis/Papilla,,,,,,,,,,,,,,,,,,,,,,,,,,,,,,,,,,,,,,,,,,,,,,,,,,,,,,,,,,,,,,,,,,,,,,,,,,,,,,,,,,,,,,,,,,,,,,,,,,,,,,,,,,,,,,,,,,,,,,45,d,Time,300,mg/kg bdwt/d,Administered dose(mass),,,300,mg/kg/d,Administered dose(mass),,
26444-49-5,"Cresyl diphenyl phosphate;Cresyldiphenyl phosphate;Diphenyl cresyl phosphate;diphenyl tolyl phosphate;Methylphenyl diphenyl ester, Phosphoric acid;Phosphoric acid, methylphenyl diphenyl ester",,,,,,,,,,,,,,,,,,,,,,,,,,,,,,,,,,,,,,,,,,,,,,,,,,,,,,,,,,,,,,,,,,,,,,,,,,,,,,,,,,,,,,,,,,,,,,,,,,,,,,,,,,,,,,,,,,,,,,,,,,,,,,,,Human Health Hazards#Repeated Dose Toxicity,Repeated Dose Toxicity HESS,mixture,NOEL,,False,No qualifier,Equal,,,,,,1993,,,,,,Rat,,,,,,,,,,,,,,,,,,,,,,,,,,SD,,OECD TG 422,,,,,,,,,,Other Findings,Male,Main,"National Institute of Health Sciences, Japan",Kidney,ReproTox,Mitsubishi Chemical Safety Institute Ltd.,Histopathological findings,Oral (Gavage),300,mg/kg bdwt/d,Administered dose(mass),12,mg/kg bdwt/d,Administered dose(mass),25.6,,None,0,d,Time,,,,,,,,,,,,,,,,,,,,,,,,,,,,,,,,,,,,,,,,,,,,,,,,,,,,,,,,,,,,,,,Renal tubule (Other),,,,,,,,,,,,,,,,,,,,,,,,,,,,,,,,,,,,,,,,,,,,,,,,,,,,,,,,,,,,,,,,,,,,,,,,,,,,,,,,,,,,,,,,,,,,,,,,,,,,,,,,,,,,,,,,,,,,,,45,d,Time,300,mg/kg bdwt/d,Administered dose(mass),,,300,mg/kg/d,Administered dose(mass),,
26444-49-5,"Cresyl diphenyl phosphate;Cresyldiphenyl phosphate;Diphenyl cresyl phosphate;diphenyl tolyl phosphate;Methylphenyl diphenyl ester, Phosphoric acid;Phosphoric acid, methylphenyl diphenyl ester",,,,,,,,,,,,,,,,,,,,,,,,,,,,,,,,,,,,,,,,,,,,,,,,,,,,,,,,,,,,,,,,,,,,,,,,,,,,,,,,,,,,,,,,,,,,,,,,,,,,,,,,,,,,,,,,,,,,,,,,,,,,,,,,Human Health Hazards#Repeated Dose Toxicity,Repeated Dose Toxicity HESS,mixture,NOEL,,False,No qualifier,Equal,,,,,,1993,,,,,,Rat,,,,,,,,,,,,,,,,,,,,,,,,,,SD,,OECD TG 422,,,,,,,,,,Other Findings,Male,Main,"National Institute of Health Sciences, Japan",Kidney,ReproTox,Mitsubishi Chemical Safety Institute Ltd.,Histopathological findings,Oral (Gavage),300,mg/kg bdwt/d,Administered dose(mass),12,mg/kg bdwt/d,Administered dose(mass),25.6,,None,0,d,Time,,,,,,,,,,,,,,,,,,,,,,,,,,,,,,,,,,,,,,,,,,,,,,,,,,,,,,,,,,,,,,,Renal tubule (Distal/Collecting duct),,,,,,,,,,,,,,,,,,,,,,,,,,,,,,,,,,,,,,,,,,,,,,,,,,,,,,,,,,,,,,,,,,,,,,,,,,,,,,,,,,,,,,,,,,,,,,,,,,,,,,,,,,,,,,,,,,,,,,45,d,Time,300,mg/kg bdwt/d,Administered dose(mass),,,300,mg/kg/d,Administered dose(mass),,
26444-49-5,"Cresyl diphenyl phosphate;Cresyldiphenyl phosphate;Diphenyl cresyl phosphate;diphenyl tolyl phosphate;Methylphenyl diphenyl ester, Phosphoric acid;Phosphoric acid, methylphenyl diphenyl ester",,,,,,,,,,,,,,,,,,,,,,,,,,,,,,,,,,,,,,,,,,,,,,,,,,,,,,,,,,,,,,,,,,,,,,,,,,,,,,,,,,,,,,,,,,,,,,,,,,,,,,,,,,,,,,,,,,,,,,,,,,,,,,,,Human Health Hazards#Repeated Dose Toxicity,Repeated Dose Toxicity HESS,mixture,NOEL,,False,No qualifier,Equal,,,,,,1993,,,,,,Rat,,,,,,,,,,,,,,,,,,,,,,,,,,SD,,OECD TG 422,,,,,,,,,,Other Findings,Male,Main,"National Institute of Health Sciences, Japan",Kidney,ReproTox,Mitsubishi Chemical Safety Institute Ltd.,Histopathological findings,Oral (Gavage),300,mg/kg bdwt/d,Administered dose(mass),12,mg/kg bdwt/d,Administered dose(mass),25.6,,None,0,d,Time,,,,,,,,,,,,,,,,,,,,,,,,,,,,,,,,,,,,,,,,,,,,,,,,,,,,,,,,,,,,,,,Renal tubule (Proximal),,,,,,,,,,,,,,,,,,,,,,,,,,,,,,,,,,,,,,,,,,,,,,,,,,,,,,,,,,,,,,,,,,,,,,,,,,,,,,,,,,,,,,,,,,,,,,,,,,,,,,,,,,,,,,,,,,,,,,45,d,Time,300,mg/kg bdwt/d,Administered dose(mass),,,300,mg/kg/d,Administered dose(mass),,
26444-49-5,"Cresyl diphenyl phosphate;Cresyldiphenyl phosphate;Diphenyl cresyl phosphate;diphenyl tolyl phosphate;Methylphenyl diphenyl ester, Phosphoric acid;Phosphoric acid, methylphenyl diphenyl ester",,,,,,,,,,,,,,,,,,,,,,,,,,,,,,,,,,,,,,,,,,,,,,,,,,,,,,,,,,,,,,,,,,,,,,,,,,,,,,,,,,,,,,,,,,,,,,,,,,,,,,,,,,,,,,,,,,,,,,,,,,,,,,,,Human Health Hazards#Repeated Dose Toxicity,Repeated Dose Toxicity HESS,mixture,NOEL,,False,No qualifier,Equal,,,,,,1993,,,,,,Rat,,,,,,,,,,,,,,,,,,,,,,,,,,SD,,OECD TG 422,,,,,,,,,,Pigmentation (Hemosiderin),Male,Main,"National Institute of Health Sciences, Japan",Kidney,ReproTox,Mitsubishi Chemical Safety Institute Ltd.,Histopathological findings,Oral (Gavage),300,mg/kg bdwt/d,Administered dose(mass),12,mg/kg bdwt/d,Administered dose(mass),25.6,,None,0,d,Time,,,,,,,,,,,,,,,,,,,,,,,,,,,,,,,,,,,,,,,,,,,,,,,,,,,,,,,,,,,,,,,Renal tubule (Other),,,,,,,,,,,,,,,,,,,,,,,,,,,,,,,,,,,,,,,,,,,,,,,,,,,,,,,,,,,,,,,,,,,,,,,,,,,,,,,,,,,,,,,,,,,,,,,,,,,,,,,,,,,,,,,,,,,,,,45,d,Time,300,mg/kg bdwt/d,Administered dose(mass),,,300,mg/kg/d,Administered dose(mass),,
26444-49-5,"Cresyl diphenyl phosphate;Cresyldiphenyl phosphate;Diphenyl cresyl phosphate;diphenyl tolyl phosphate;Methylphenyl diphenyl ester, Phosphoric acid;Phosphoric acid, methylphenyl diphenyl ester",,,,,,,,,,,,,,,,,,,,,,,,,,,,,,,,,,,,,,,,,,,,,,,,,,,,,,,,,,,,,,,,,,,,,,,,,,,,,,,,,,,,,,,,,,,,,,,,,,,,,,,,,,,,,,,,,,,,,,,,,,,,,,,,Human Health Hazards#Repeated Dose Toxicity,Repeated Dose Toxicity HESS,mixture,NOEL,,False,No qualifier,Equal,,,,,,1993,,,,,,Rat,,,,,,,,,,,,,,,,,,,,,,,,,,SD,,OECD TG 422,,,,,,,,,,Pigmentation (Hemosiderin),Male,Main,"National Institute of Health Sciences, Japan",Kidney,ReproTox,Mitsubishi Chemical Safety Institute Ltd.,Histopathological findings,Oral (Gavage),300,mg/kg bdwt/d,Administered dose(mass),12,mg/kg bdwt/d,Administered dose(mass),25.6,,None,0,d,Time,,,,,,,,,,,,,,,,,,,,,,,,,,,,,,,,,,,,,,,,,,,,,,,,,,,,,,,,,,,,,,,Renal tubule (Distal/Collecting duct),,,,,,,,,,,,,,,,,,,,,,,,,,,,,,,,,,,,,,,,,,,,,,,,,,,,,,,,,,,,,,,,,,,,,,,,,,,,,,,,,,,,,,,,,,,,,,,,,,,,,,,,,,,,,,,,,,,,,,45,d,Time,300,mg/kg bdwt/d,Administered dose(mass),,,300,mg/kg/d,Administered dose(mass),,
26444-49-5,"Cresyl diphenyl phosphate;Cresyldiphenyl phosphate;Diphenyl cresyl phosphate;diphenyl tolyl phosphate;Methylphenyl diphenyl ester, Phosphoric acid;Phosphoric acid, methylphenyl diphenyl ester",,,,,,,,,,,,,,,,,,,,,,,,,,,,,,,,,,,,,,,,,,,,,,,,,,,,,,,,,,,,,,,,,,,,,,,,,,,,,,,,,,,,,,,,,,,,,,,,,,,,,,,,,,,,,,,,,,,,,,,,,,,,,,,,Human Health Hazards#Repeated Dose Toxicity,Repeated Dose Toxicity HESS,mixture,NOEL,,False,No qualifier,Equal,,,,,,1993,,,,,,Rat,,,,,,,,,,,,,,,,,,,,,,,,,,SD,,OECD TG 422,,,,,,,,,,Pigmentation (Hemosiderin),Male,Main,"National Institute of Health Sciences, Japan",Kidney,ReproTox,Mitsubishi Chemical Safety Institute Ltd.,Histopathological findings,Oral (Gavage),300,mg/kg bdwt/d,Administered dose(mass),12,mg/kg bdwt/d,Administered dose(mass),25.6,,None,0,d,Time,,,,,,,,,,,,,,,,,,,,,,,,,,,,,,,,,,,,,,,,,,,,,,,,,,,,,,,,,,,,,,,Renal tubule (Proximal),,,,,,,,,,,,,,,,,,,,,,,,,,,,,,,,,,,,,,,,,,,,,,,,,,,,,,,,,,,,,,,,,,,,,,,,,,,,,,,,,,,,,,,,,,,,,,,,,,,,,,,,,,,,,,,,,,,,,,45,d,Time,300,mg/kg bdwt/d,Administered dose(mass),,,300,mg/kg/d,Administered dose(mass),,
26444-49-5,"Cresyl diphenyl phosphate;Cresyldiphenyl phosphate;Diphenyl cresyl phosphate;diphenyl tolyl phosphate;Methylphenyl diphenyl ester, Phosphoric acid;Phosphoric acid, methylphenyl diphenyl ester",,,,,,,,,,,,,,,,,,,,,,,,,,,,,,,,,,,,,,,,,,,,,,,,,,,,,,,,,,,,,,,,,,,,,,,,,,,,,,,,,,,,,,,,,,,,,,,,,,,,,,,,,,,,,,,,,,,,,,,,,,,,,,,,Human Health Hazards#Repeated Dose Toxicity,Repeated Dose Toxicity HESS,mixture,NOEL,,False,No qualifier,Equal,,,,,,1993,,,,,,Rat,,,,,,,,,,,,,,,,,,,,,,,,,,SD,,OECD TG 422,,,,,,,,,,Pigmentation (Other),Male,Main,"National Institute of Health Sciences, Japan",Kidney,ReproTox,Mitsubishi Chemical Safety Institute Ltd.,Histopathological findings,Oral (Gavage),300,mg/kg bdwt/d,Administered dose(mass),12,mg/kg bdwt/d,Administered dose(mass),25.6,,None,0,d,Time,,,,,,,,,,,,,,,,,,,,,,,,,,,,,,,,,,,,,,,,,,,,,,,,,,,,,,,,,,,,,,,Renal tubule (Other),,,,,,,,,,,,,,,,,,,,,,,,,,,,,,,,,,,,,,,,,,,,,,,,,,,,,,,,,,,,,,,,,,,,,,,,,,,,,,,,,,,,,,,,,,,,,,,,,,,,,,,,,,,,,,,,,,,,,,45,d,Time,300,mg/kg bdwt/d,Administered dose(mass),,,300,mg/kg/d,Administered dose(mass),,
26444-49-5,"Cresyl diphenyl phosphate;Cresyldiphenyl phosphate;Diphenyl cresyl phosphate;diphenyl tolyl phosphate;Methylphenyl diphenyl ester, Phosphoric acid;Phosphoric acid, methylphenyl diphenyl ester",,,,,,,,,,,,,,,,,,,,,,,,,,,,,,,,,,,,,,,,,,,,,,,,,,,,,,,,,,,,,,,,,,,,,,,,,,,,,,,,,,,,,,,,,,,,,,,,,,,,,,,,,,,,,,,,,,,,,,,,,,,,,,,,Human Health Hazards#Repeated Dose Toxicity,Repeated Dose Toxicity HESS,mixture,NOEL,,False,No qualifier,Equal,,,,,,1993,,,,,,Rat,,,,,,,,,,,,,,,,,,,,,,,,,,SD,,OECD TG 422,,,,,,,,,,Pigmentation (Other),Male,Main,"National Institute of Health Sciences, Japan",Kidney,ReproTox,Mitsubishi Chemical Safety Institute Ltd.,Histopathological findings,Oral (Gavage),300,mg/kg bdwt/d,Administered dose(mass),12,mg/kg bdwt/d,Administered dose(mass),25.6,,None,0,d,Time,,,,,,,,,,,,,,,,,,,,,,,,,,,,,,,,,,,,,,,,,,,,,,,,,,,,,,,,,,,,,,,Renal tubule (Distal/Collecting duct),,,,,,,,,,,,,,,,,,,,,,,,,,,,,,,,,,,,,,,,,,,,,,,,,,,,,,,,,,,,,,,,,,,,,,,,,,,,,,,,,,,,,,,,,,,,,,,,,,,,,,,,,,,,,,,,,,,,,,45,d,Time,300,mg/kg bdwt/d,Administered dose(mass),,,300,mg/kg/d,Administered dose(mass),,
26444-49-5,"Cresyl diphenyl phosphate;Cresyldiphenyl phosphate;Diphenyl cresyl phosphate;diphenyl tolyl phosphate;Methylphenyl diphenyl ester, Phosphoric acid;Phosphoric acid, methylphenyl diphenyl ester",,,,,,,,,,,,,,,,,,,,,,,,,,,,,,,,,,,,,,,,,,,,,,,,,,,,,,,,,,,,,,,,,,,,,,,,,,,,,,,,,,,,,,,,,,,,,,,,,,,,,,,,,,,,,,,,,,,,,,,,,,,,,,,,Human Health Hazards#Repeated Dose Toxicity,Repeated Dose Toxicity HESS,mixture,NOEL,,False,No qualifier,Equal,,,,,,1993,,,,,,Rat,,,,,,,,,,,,,,,,,,,,,,,,,,SD,,OECD TG 422,,,,,,,,,,Pigmentation (Other),Male,Main,"National Institute of Health Sciences, Japan",Kidney,ReproTox,Mitsubishi Chemical Safety Institute Ltd.,Histopathological findings,Oral (Gavage),300,mg/kg bdwt/d,Administered dose(mass),12,mg/kg bdwt/d,Administered dose(mass),25.6,,None,0,d,Time,,,,,,,,,,,,,,,,,,,,,,,,,,,,,,,,,,,,,,,,,,,,,,,,,,,,,,,,,,,,,,,Renal tubule (Proximal),,,,,,,,,,,,,,,,,,,,,,,,,,,,,,,,,,,,,,,,,,,,,,,,,,,,,,,,,,,,,,,,,,,,,,,,,,,,,,,,,,,,,,,,,,,,,,,,,,,,,,,,,,,,,,,,,,,,,,45,d,Time,300,mg/kg bdwt/d,Administered dose(mass),,,300,mg/kg/d,Administered dose(mass),,
26444-49-5,"Cresyl diphenyl phosphate;Cresyldiphenyl phosphate;Diphenyl cresyl phosphate;diphenyl tolyl phosphate;Methylphenyl diphenyl ester, Phosphoric acid;Phosphoric acid, methylphenyl diphenyl ester",,,,,,,,,,,,,,,,,,,,,,,,,,,,,,,,,,,,,,,,,,,,,,,,,,,,,,,,,,,,,,,,,,,,,,,,,,,,,,,,,,,,,,,,,,,,,,,,,,,,,,,,,,,,,,,,,,,,,,,,,,,,,,,,Human Health Hazards#Repeated Dose Toxicity,Repeated Dose Toxicity HESS,mixture,NOEL,,False,No qualifier,Equal,,,,,,1993,,,,,,Rat,,,,,,,,,,,,,,,,,,,,,,,,,,SD,,OECD TG 422,,,,,,,,,,Relative Organ Weight↑,Male,Main,"National Institute of Health Sciences, Japan",Kidney,ReproTox,Mitsubishi Chemical Safety Institute Ltd.,Organ weights,Oral (Gavage),300,mg/kg bdwt/d,Administered dose(mass),12,mg/kg bdwt/d,Administered dose(mass),25.6,,None,0,d,Time,,,,,,,,,,,,,,,,,,,,,,,,,,,,,,,,,,,,,,,,,,,,,,,,,,,,,,,,,,,,,,,,,,,,,,,,,,,,,,,,,,,,,,,,,,,,,,,,,,,,,,,,,,,,,,,,,,,,,,,,,,,,,,,,,,,,,,,,,,,,,,,,,,,,,,,,,,,,,,,,,,,,,,,,,,,,,,,,,,,,,45,d,Time,60,mg/kg bdwt/d,Administered dose(mass),,,60,mg/kg/d,Administered dose(mass),,
26444-49-5,"Cresyl diphenyl phosphate;Cresyldiphenyl phosphate;Diphenyl cresyl phosphate;diphenyl tolyl phosphate;Methylphenyl diphenyl ester, Phosphoric acid;Phosphoric acid, methylphenyl diphenyl ester",,,,,,,,,,,,,,,,,,,,,,,,,,,,,,,,,,,,,,,,,,,,,,,,,,,,,,,,,,,,,,,,,,,,,,,,,,,,,,,,,,,,,,,,,,,,,,,,,,,,,,,,,,,,,,,,,,,,,,,,,,,,,,,,Human Health Hazards#Repeated Dose Toxicity,Repeated Dose Toxicity HESS,mixture,NOEL,,False,No qualifier,Equal,,,,,,1993,,,,,,Rat,,,,,,,,,,,,,,,,,,,,,,,,,,SD,,OECD TG 422,,,,,,,,,,Relative Organ Weight↓,Male,Main,"National Institute of Health Sciences, Japan",Kidney,ReproTox,Mitsubishi Chemical Safety Institute Ltd.,Organ weights,Oral (Gavage),300,mg/kg bdwt/d,Administered dose(mass),12,mg/kg bdwt/d,Administered dose(mass),25.6,,None,0,d,Time,,,,,,,,,,,,,,,,,,,,,,,,,,,,,,,,,,,,,,,,,,,,,,,,,,,,,,,,,,,,,,,,,,,,,,,,,,,,,,,,,,,,,,,,,,,,,,,,,,,,,,,,,,,,,,,,,,,,,,,,,,,,,,,,,,,,,,,,,,,,,,,,,,,,,,,,,,,,,,,,,,,,,,,,,,,,,,,,,,,,,45,d,Time,300,mg/kg bdwt/d,Administered dose(mass),,,300,mg/kg/d,Administered dose(mass),,
26444-49-5,"Cresyl diphenyl phosphate;Cresyldiphenyl phosphate;Diphenyl cresyl phosphate;diphenyl tolyl phosphate;Methylphenyl diphenyl ester, Phosphoric acid;Phosphoric acid, methylphenyl diphenyl ester",,,,,,,,,,,,,,,,,,,,,,,,,,,,,,,,,,,,,,,,,,,,,,,,,,,,,,,,,,,,,,,,,,,,,,,,,,,,,,,,,,,,,,,,,,,,,,,,,,,,,,,,,,,,,,,,,,,,,,,,,,,,,,,,Human Health Hazards#Repeated Dose Toxicity,Repeated Dose Toxicity HESS,mixture,NOEL,,False,No qualifier,Equal,,,,,,1993,,,,,,Rat,,,,,,,,,,,,,,,,,,,,,,,,,,SD,,OECD TG 422,,,,,,,,,,,Male,Main,"National Institute of Health Sciences, Japan",Kidney,ReproTox,Mitsubishi Chemical Safety Institute Ltd.,Histopathological findings,Oral (Gavage),300,mg/kg bdwt/d,Administered dose(mass),12,mg/kg bdwt/d,Administered dose(mass),25.6,,None,0,d,Time,,,,,,,,,,,,,,,,,,,,,,,,,,,,,,,,,,,,,,,,,,,,,,,,,,,,,,,,,,,,,,,Glomerulus,,,,,,,,,,,,,,,,,,,,,,,,,,,,,,,,,,,,,,,,,,,,,,,,,,,,,,,,,,,,,,,,,,,,,,,,,,,,,,,,,,,,,,,,,,,,,,,,,,,,,,,,,,,,,,,,,,,,,,45,d,Time,300,mg/kg bdwt/d,Administered dose(mass),,,300,mg/kg/d,Administered dose(mass),,
26444-49-5,"Cresyl diphenyl phosphate;Cresyldiphenyl phosphate;Diphenyl cresyl phosphate;diphenyl tolyl phosphate;Methylphenyl diphenyl ester, Phosphoric acid;Phosphoric acid, methylphenyl diphenyl ester",,,,,,,,,,,,,,,,,,,,,,,,,,,,,,,,,,,,,,,,,,,,,,,,,,,,,,,,,,,,,,,,,,,,,,,,,,,,,,,,,,,,,,,,,,,,,,,,,,,,,,,,,,,,,,,,,,,,,,,,,,,,,,,,Human Health Hazards#Repeated Dose Toxicity,Repeated Dose Toxicity HESS,mixture,NOEL,,False,No qualifier,Equal,,,,,,1993,,,,,,Rat,,,,,,,,,,,,,,,,,,,,,,,,,,SD,,OECD TG 422,,,,,,,,,,,Male,Main,"National Institute of Health Sciences, Japan",Kidney,ReproTox,Mitsubishi Chemical Safety Institute Ltd.,Necropsy,Oral (Gavage),300,mg/kg bdwt/d,Administered dose(mass),12,mg/kg bdwt/d,Administered dose(mass),25.6,,None,0,d,Time,,,,,,,,,,,,,,,,,,,,,,,,,,,,,,,,,,,,,,,,,,,,,,,,,,,,,,,,,,,,,,,,,,,,,,,,,,,,,,,,,,,,,,,,,,,,,,,,,,,,,,,,,,,,,,,,,,,,,,,,,,,,,,,,,,,,,,,,,,,,,,,,,,,,,,,,,,,,,,,,,,,,,,,,,,,,,,,,,,,,,45,d,Time,300,mg/kg bdwt/d,Administered dose(mass),,,300,mg/kg/d,Administered dose(mass),,
26444-49-5,"Cresyl diphenyl phosphate;Cresyldiphenyl phosphate;Diphenyl cresyl phosphate;diphenyl tolyl phosphate;Methylphenyl diphenyl ester, Phosphoric acid;Phosphoric acid, methylphenyl diphenyl ester",,,,,,,,,,,,,,,,,,,,,,,,,,,,,,,,,,,,,,,,,,,,,,,,,,,,,,,,,,,,,,,,,,,,,,,,,,,,,,,,,,,,,,,,,,,,,,,,,,,,,,,,,,,,,,,,,,,,,,,,,,,,,,,,Human Health Hazards#Repeated Dose Toxicity,Repeated Dose Toxicity HESS,mixture,NOEL,,False,No qualifier,Equal,,,,,,1993,,,,,,Rat,,,,,,,,,,,,,,,,,,,,,,,,,,SD,,OECD TG 422,,,,,,,,,,Vacuolization,Male,Main,"National Institute of Health Sciences, Japan",Kidney,ReproTox,Mitsubishi Chemical Safety Institute Ltd.,Histopathological findings,Oral (Gavage),300,mg/kg bdwt/d,Administered dose(mass),12,mg/kg bdwt/d,Administered dose(mass),25.6,,None,0,d,Time,,,,,,,,,,,,,,,,,,,,,,,,,,,,,,,,,,,,,,,,,,,,,,,,,,,,,,,,,,,,,,,Pelvis/Papilla,,,,,,,,,,,,,,,,,,,,,,,,,,,,,,,,,,,,,,,,,,,,,,,,,,,,,,,,,,,,,,,,,,,,,,,,,,,,,,,,,,,,,,,,,,,,,,,,,,,,,,,,,,,,,,,,,,,,,,45,d,Time,300,mg/kg bdwt/d,Administered dose(mass),,,300,mg/kg/d,Administered dose(mass),,
26444-49-5,"Cresyl diphenyl phosphate;Cresyldiphenyl phosphate;Diphenyl cresyl phosphate;diphenyl tolyl phosphate;Methylphenyl diphenyl ester, Phosphoric acid;Phosphoric acid, methylphenyl diphenyl ester",,,,,,,,,,,,,,,,,,,,,,,,,,,,,,,,,,,,,,,,,,,,,,,,,,,,,,,,,,,,,,,,,,,,,,,,,,,,,,,,,,,,,,,,,,,,,,,,,,,,,,,,,,,,,,,,,,,,,,,,,,,,,,,,Human Health Hazards#Repeated Dose Toxicity,Repeated Dose Toxicity HESS,mixture,NOEL,,False,No qualifier,Equal,,,,,,1993,,,,,,Rat,,,,,,,,,,,,,,,,,,,,,,,,,,SD,,OECD TG 422,,,,,,,,,,Vacuolization,Male,Main,"National Institute of Health Sciences, Japan",Kidney,ReproTox,Mitsubishi Chemical Safety Institute Ltd.,Histopathological findings,Oral (Gavage),300,mg/kg bdwt/d,Administered dose(mass),12,mg/kg bdwt/d,Administered dose(mass),25.6,,None,0,d,Time,,,,,,,,,,,,,,,,,,,,,,,,,,,,,,,,,,,,,,,,,,,,,,,,,,,,,,,,,,,,,,,Renal tubule (Other),,,,,,,,,,,,,,,,,,,,,,,,,,,,,,,,,,,,,,,,,,,,,,,,,,,,,,,,,,,,,,,,,,,,,,,,,,,,,,,,,,,,,,,,,,,,,,,,,,,,,,,,,,,,,,,,,,,,,,45,d,Time,300,mg/kg bdwt/d,Administered dose(mass),,,300,mg/kg/d,Administered dose(mass),,
26444-49-5,"Cresyl diphenyl phosphate;Cresyldiphenyl phosphate;Diphenyl cresyl phosphate;diphenyl tolyl phosphate;Methylphenyl diphenyl ester, Phosphoric acid;Phosphoric acid, methylphenyl diphenyl ester",,,,,,,,,,,,,,,,,,,,,,,,,,,,,,,,,,,,,,,,,,,,,,,,,,,,,,,,,,,,,,,,,,,,,,,,,,,,,,,,,,,,,,,,,,,,,,,,,,,,,,,,,,,,,,,,,,,,,,,,,,,,,,,,Human Health Hazards#Repeated Dose Toxicity,Repeated Dose Toxicity HESS,mixture,NOEL,,False,No qualifier,Equal,,,,,,1993,,,,,,Rat,,,,,,,,,,,,,,,,,,,,,,,,,,SD,,OECD TG 422,,,,,,,,,,Vacuolization,Male,Main,"National Institute of Health Sciences, Japan",Kidney,ReproTox,Mitsubishi Chemical Safety Institute Ltd.,Histopathological findings,Oral (Gavage),300,mg/kg bdwt/d,Administered dose(mass),12,mg/kg bdwt/d,Administered dose(mass),25.6,,None,0,d,Time,,,,,,,,,,,,,,,,,,,,,,,,,,,,,,,,,,,,,,,,,,,,,,,,,,,,,,,,,,,,,,,Renal tubule (Distal/Collecting duct),,,,,,,,,,,,,,,,,,,,,,,,,,,,,,,,,,,,,,,,,,,,,,,,,,,,,,,,,,,,,,,,,,,,,,,,,,,,,,,,,,,,,,,,,,,,,,,,,,,,,,,,,,,,,,,,,,,,,,45,d,Time,300,mg/kg bdwt/d,Administered dose(mass),,,300,mg/kg/d,Administered dose(mass),,
26444-49-5,"Cresyl diphenyl phosphate;Cresyldiphenyl phosphate;Diphenyl cresyl phosphate;diphenyl tolyl phosphate;Methylphenyl diphenyl ester, Phosphoric acid;Phosphoric acid, methylphenyl diphenyl ester",,,,,,,,,,,,,,,,,,,,,,,,,,,,,,,,,,,,,,,,,,,,,,,,,,,,,,,,,,,,,,,,,,,,,,,,,,,,,,,,,,,,,,,,,,,,,,,,,,,,,,,,,,,,,,,,,,,,,,,,,,,,,,,,Human Health Hazards#Repeated Dose Toxicity,Repeated Dose Toxicity HESS,mixture,NOEL,,False,No qualifier,Equal,,,,,,1993,,,,,,Rat,,,,,,,,,,,,,,,,,,,,,,,,,,SD,,OECD TG 422,,,,,,,,,,Vacuolization,Male,Main,"National Institute of Health Sciences, Japan",Kidney,ReproTox,Mitsubishi Chemical Safety Institute Ltd.,Histopathological findings,Oral (Gavage),300,mg/kg bdwt/d,Administered dose(mass),12,mg/kg bdwt/d,Administered dose(mass),25.6,,None,0,d,Time,,,,,,,,,,,,,,,,,,,,,,,,,,,,,,,,,,,,,,,,,,,,,,,,,,,,,,,,,,,,,,,Renal tubule (Proximal),,,,,,,,,,,,,,,,,,,,,,,,,,,,,,,,,,,,,,,,,,,,,,,,,,,,,,,,,,,,,,,,,,,,,,,,,,,,,,,,,,,,,,,,,,,,,,,,,,,,,,,,,,,,,,,,,,,,,,45,d,Time,300,mg/kg bdwt/d,Administered dose(mass),,,300,mg/kg/d,Administered dose(mass),,
26444-49-5,"Cresyl diphenyl phosphate;Cresyldiphenyl phosphate;Diphenyl cresyl phosphate;diphenyl tolyl phosphate;Methylphenyl diphenyl ester, Phosphoric acid;Phosphoric acid, methylphenyl diphenyl ester",,,,,,,,,,,,,,,,,,,,,,,,,,,,,,,,,,,,,,,,,,,,,,,,,,,,,,,,,,,,,,,,,,,,,,,,,,,,,,,,,,,,,,,,,,,,,,,,,,,,,,,,,,,,,,,,,,,,,,,,,,,,,,,,Human Health Hazards#Repeated Dose Toxicity,Repeated Dose Toxicity HESS,mixture,NOEL,,False,No qualifier,Equal,,,,,,1993,,,,,,Rat,,,,,,,,,,,,,,,,,,,,,,,,,,SD,,OECD TG 422,,,,,,,,,,Cell Infiltration,Male,Main,"National Institute of Health Sciences, Japan",Large intestine (Cecum),ReproTox,Mitsubishi Chemical Safety Institute Ltd.,Histopathological findings,Oral (Gavage),300,mg/kg bdwt/d,Administered dose(mass),12,mg/kg bdwt/d,Administered dose(mass),25.6,,None,0,d,Time,,,,,,,,,,,,,,,,,,,,,,,,,,,,,,,,,,,,,,,,,,,,,,,,,,,,,,,,,,,,,,,,,,,,,,,,,,,,,,,,,,,,,,,,,,,,,,,,,,,,,,,,,,,,,,,,,,,,,,,,,,,,,,,,,,,,,,,,,,,,,,,,,,,,,,,,,,,,,,,,,,,,,,,,,,,,,,,,,,,,,45,d,Time,300,mg/kg bdwt/d,Administered dose(mass),,,300,mg/kg/d,Administered dose(mass),,
26444-49-5,"Cresyl diphenyl phosphate;Cresyldiphenyl phosphate;Diphenyl cresyl phosphate;diphenyl tolyl phosphate;Methylphenyl diphenyl ester, Phosphoric acid;Phosphoric acid, methylphenyl diphenyl ester",,,,,,,,,,,,,,,,,,,,,,,,,,,,,,,,,,,,,,,,,,,,,,,,,,,,,,,,,,,,,,,,,,,,,,,,,,,,,,,,,,,,,,,,,,,,,,,,,,,,,,,,,,,,,,,,,,,,,,,,,,,,,,,,Human Health Hazards#Repeated Dose Toxicity,Repeated Dose Toxicity HESS,mixture,NOEL,,False,No qualifier,Equal,,,,,,1993,,,,,,Rat,,,,,,,,,,,,,,,,,,,,,,,,,,SD,,OECD TG 422,,,,,,,,,,Dilatation (Necropsy),Male,Main,"National Institute of Health Sciences, Japan",Large intestine (Cecum),ReproTox,Mitsubishi Chemical Safety Institute Ltd.,Necropsy,Oral (Gavage),300,mg/kg bdwt/d,Administered dose(mass),12,mg/kg bdwt/d,Administered dose(mass),25.6,,None,0,d,Time,,,,,,,,,,,,,,,,,,,,,,,,,,,,,,,,,,,,,,,,,,,,,,,,,,,,,,,,,,,,,,,,,,,,,,,,,,,,,,,,,,,,,,,,,,,,,,,,,,,,,,,,,,,,,,,,,,,,,,,,,,,,,,,,,,,,,,,,,,,,,,,,,,,,,,,,,,,,,,,,,,,,,,,,,,,,,,,,,,,,,45,d,Time,300,mg/kg bdwt/d,Administered dose(mass),,,300,mg/kg/d,Administered dose(mass),,
26444-49-5,"Cresyl diphenyl phosphate;Cresyldiphenyl phosphate;Diphenyl cresyl phosphate;diphenyl tolyl phosphate;Methylphenyl diphenyl ester, Phosphoric acid;Phosphoric acid, methylphenyl diphenyl ester",,,,,,,,,,,,,,,,,,,,,,,,,,,,,,,,,,,,,,,,,,,,,,,,,,,,,,,,,,,,,,,,,,,,,,,,,,,,,,,,,,,,,,,,,,,,,,,,,,,,,,,,,,,,,,,,,,,,,,,,,,,,,,,,Human Health Hazards#Repeated Dose Toxicity,Repeated Dose Toxicity HESS,mixture,NOEL,,False,No qualifier,Equal,,,,,,1993,,,,,,Rat,,,,,,,,,,,,,,,,,,,,,,,,,,SD,,OECD TG 422,,,,,,,,,,Edema,Male,Main,"National Institute of Health Sciences, Japan",Large intestine (Cecum),ReproTox,Mitsubishi Chemical Safety Institute Ltd.,Histopathological findings,Oral (Gavage),300,mg/kg bdwt/d,Administered dose(mass),12,mg/kg bdwt/d,Administered dose(mass),25.6,,None,0,d,Time,,,,,,,,,,,,,,,,,,,,,,,,,,,,,,,,,,,,,,,,,,,,,,,,,,,,,,,,,,,,,,,,,,,,,,,,,,,,,,,,,,,,,,,,,,,,,,,,,,,,,,,,,,,,,,,,,,,,,,,,,,,,,,,,,,,,,,,,,,,,,,,,,,,,,,,,,,,,,,,,,,,,,,,,,,,,,,,,,,,,,45,d,Time,300,mg/kg bdwt/d,Administered dose(mass),,,300,mg/kg/d,Administered dose(mass),,
26444-49-5,"Cresyl diphenyl phosphate;Cresyldiphenyl phosphate;Diphenyl cresyl phosphate;diphenyl tolyl phosphate;Methylphenyl diphenyl ester, Phosphoric acid;Phosphoric acid, methylphenyl diphenyl ester",,,,,,,,,,,,,,,,,,,,,,,,,,,,,,,,,,,,,,,,,,,,,,,,,,,,,,,,,,,,,,,,,,,,,,,,,,,,,,,,,,,,,,,,,,,,,,,,,,,,,,,,,,,,,,,,,,,,,,,,,,,,,,,,Human Health Hazards#Repeated Dose Toxicity,Repeated Dose Toxicity HESS,mixture,NOEL,,False,No qualifier,Equal,,,,,,1993,,,,,,Rat,,,,,,,,,,,,,,,,,,,,,,,,,,SD,,OECD TG 422,,,,,,,,,,Erosin,Male,Main,"National Institute of Health Sciences, Japan",Large intestine (Cecum),ReproTox,Mitsubishi Chemical Safety Institute Ltd.,Histopathological findings,Oral (Gavage),300,mg/kg bdwt/d,Administered dose(mass),12,mg/kg bdwt/d,Administered dose(mass),25.6,,None,0,d,Time,,,,,,,,,,,,,,,,,,,,,,,,,,,,,,,,,,,,,,,,,,,,,,,,,,,,,,,,,,,,,,,,,,,,,,,,,,,,,,,,,,,,,,,,,,,,,,,,,,,,,,,,,,,,,,,,,,,,,,,,,,,,,,,,,,,,,,,,,,,,,,,,,,,,,,,,,,,,,,,,,,,,,,,,,,,,,,,,,,,,,45,d,Time,300,mg/kg bdwt/d,Administered dose(mass),,,300,mg/kg/d,Administered dose(mass),,
26444-49-5,"Cresyl diphenyl phosphate;Cresyldiphenyl phosphate;Diphenyl cresyl phosphate;diphenyl tolyl phosphate;Methylphenyl diphenyl ester, Phosphoric acid;Phosphoric acid, methylphenyl diphenyl ester",,,,,,,,,,,,,,,,,,,,,,,,,,,,,,,,,,,,,,,,,,,,,,,,,,,,,,,,,,,,,,,,,,,,,,,,,,,,,,,,,,,,,,,,,,,,,,,,,,,,,,,,,,,,,,,,,,,,,,,,,,,,,,,,Human Health Hazards#Repeated Dose Toxicity,Repeated Dose Toxicity HESS,mixture,NOEL,,False,No qualifier,Equal,,,,,,1993,,,,,,Rat,,,,,,,,,,,,,,,,,,,,,,,,,,SD,,OECD TG 422,,,,,,,,,,Hemorrhage,Male,Main,"National Institute of Health Sciences, Japan",Large intestine (Cecum),ReproTox,Mitsubishi Chemical Safety Institute Ltd.,Histopathological findings,Oral (Gavage),300,mg/kg bdwt/d,Administered dose(mass),12,mg/kg bdwt/d,Administered dose(mass),25.6,,None,0,d,Time,,,,,,,,,,,,,,,,,,,,,,,,,,,,,,,,,,,,,,,,,,,,,,,,,,,,,,,,,,,,,,,,,,,,,,,,,,,,,,,,,,,,,,,,,,,,,,,,,,,,,,,,,,,,,,,,,,,,,,,,,,,,,,,,,,,,,,,,,,,,,,,,,,,,,,,,,,,,,,,,,,,,,,,,,,,,,,,,,,,,,45,d,Time,300,mg/kg bdwt/d,Administered dose(mass),,,300,mg/kg/d,Administered dose(mass),,
26444-49-5,"Cresyl diphenyl phosphate;Cresyldiphenyl phosphate;Diphenyl cresyl phosphate;diphenyl tolyl phosphate;Methylphenyl diphenyl ester, Phosphoric acid;Phosphoric acid, methylphenyl diphenyl ester",,,,,,,,,,,,,,,,,,,,,,,,,,,,,,,,,,,,,,,,,,,,,,,,,,,,,,,,,,,,,,,,,,,,,,,,,,,,,,,,,,,,,,,,,,,,,,,,,,,,,,,,,,,,,,,,,,,,,,,,,,,,,,,,Human Health Hazards#Repeated Dose Toxicity,Repeated Dose Toxicity HESS,mixture,NOEL,,False,No qualifier,Equal,,,,,,1993,,,,,,Rat,,,,,,,,,,,,,,,,,,,,,,,,,,SD,,OECD TG 422,,,,,,,,,,Hyperplasia/thicknening Epithelium,Male,Main,"National Institute of Health Sciences, Japan",Large intestine (Cecum),ReproTox,Mitsubishi Chemical Safety Institute Ltd.,Histopathological findings,Oral (Gavage),300,mg/kg bdwt/d,Administered dose(mass),12,mg/kg bdwt/d,Administered dose(mass),25.6,,None,0,d,Time,,,,,,,,,,,,,,,,,,,,,,,,,,,,,,,,,,,,,,,,,,,,,,,,,,,,,,,,,,,,,,,,,,,,,,,,,,,,,,,,,,,,,,,,,,,,,,,,,,,,,,,,,,,,,,,,,,,,,,,,,,,,,,,,,,,,,,,,,,,,,,,,,,,,,,,,,,,,,,,,,,,,,,,,,,,,,,,,,,,,,45,d,Time,300,mg/kg bdwt/d,Administered dose(mass),,,300,mg/kg/d,Administered dose(mass),,
26444-49-5,"Cresyl diphenyl phosphate;Cresyldiphenyl phosphate;Diphenyl cresyl phosphate;diphenyl tolyl phosphate;Methylphenyl diphenyl ester, Phosphoric acid;Phosphoric acid, methylphenyl diphenyl ester",,,,,,,,,,,,,,,,,,,,,,,,,,,,,,,,,,,,,,,,,,,,,,,,,,,,,,,,,,,,,,,,,,,,,,,,,,,,,,,,,,,,,,,,,,,,,,,,,,,,,,,,,,,,,,,,,,,,,,,,,,,,,,,,Human Health Hazards#Repeated Dose Toxicity,Repeated Dose Toxicity HESS,mixture,NOEL,,False,No qualifier,Equal,,,,,,1993,,,,,,Rat,,,,,,,,,,,,,,,,,,,,,,,,,,SD,,OECD TG 422,,,,,,,,,,Inflamation,Male,Main,"National Institute of Health Sciences, Japan",Large intestine (Cecum),ReproTox,Mitsubishi Chemical Safety Institute Ltd.,Histopathological findings,Oral (Gavage),300,mg/kg bdwt/d,Administered dose(mass),12,mg/kg bdwt/d,Administered dose(mass),25.6,,None,0,d,Time,,,,,,,,,,,,,,,,,,,,,,,,,,,,,,,,,,,,,,,,,,,,,,,,,,,,,,,,,,,,,,,,,,,,,,,,,,,,,,,,,,,,,,,,,,,,,,,,,,,,,,,,,,,,,,,,,,,,,,,,,,,,,,,,,,,,,,,,,,,,,,,,,,,,,,,,,,,,,,,,,,,,,,,,,,,,,,,,,,,,,45,d,Time,300,mg/kg bdwt/d,Administered dose(mass),,,300,mg/kg/d,Administered dose(mass),,
26444-49-5,"Cresyl diphenyl phosphate;Cresyldiphenyl phosphate;Diphenyl cresyl phosphate;diphenyl tolyl phosphate;Methylphenyl diphenyl ester, Phosphoric acid;Phosphoric acid, methylphenyl diphenyl ester",,,,,,,,,,,,,,,,,,,,,,,,,,,,,,,,,,,,,,,,,,,,,,,,,,,,,,,,,,,,,,,,,,,,,,,,,,,,,,,,,,,,,,,,,,,,,,,,,,,,,,,,,,,,,,,,,,,,,,,,,,,,,,,,Human Health Hazards#Repeated Dose Toxicity,Repeated Dose Toxicity HESS,mixture,NOEL,,False,No qualifier,Equal,,,,,,1993,,,,,,Rat,,,,,,,,,,,,,,,,,,,,,,,,,,SD,,OECD TG 422,,,,,,,,,,Necrosis,Male,Main,"National Institute of Health Sciences, Japan",Large intestine (Cecum),ReproTox,Mitsubishi Chemical Safety Institute Ltd.,Histopathological findings,Oral (Gavage),300,mg/kg bdwt/d,Administered dose(mass),12,mg/kg bdwt/d,Administered dose(mass),25.6,,None,0,d,Time,,,,,,,,,,,,,,,,,,,,,,,,,,,,,,,,,,,,,,,,,,,,,,,,,,,,,,,,,,,,,,,,,,,,,,,,,,,,,,,,,,,,,,,,,,,,,,,,,,,,,,,,,,,,,,,,,,,,,,,,,,,,,,,,,,,,,,,,,,,,,,,,,,,,,,,,,,,,,,,,,,,,,,,,,,,,,,,,,,,,,45,d,Time,300,mg/kg bdwt/d,Administered dose(mass),,,300,mg/kg/d,Administered dose(mass),,
26444-49-5,"Cresyl diphenyl phosphate;Cresyldiphenyl phosphate;Diphenyl cresyl phosphate;diphenyl tolyl phosphate;Methylphenyl diphenyl ester, Phosphoric acid;Phosphoric acid, methylphenyl diphenyl ester",,,,,,,,,,,,,,,,,,,,,,,,,,,,,,,,,,,,,,,,,,,,,,,,,,,,,,,,,,,,,,,,,,,,,,,,,,,,,,,,,,,,,,,,,,,,,,,,,,,,,,,,,,,,,,,,,,,,,,,,,,,,,,,,Human Health Hazards#Repeated Dose Toxicity,Repeated Dose Toxicity HESS,mixture,NOEL,,False,No qualifier,Equal,,,,,,1993,,,,,,Rat,,,,,,,,,,,,,,,,,,,,,,,,,,SD,,OECD TG 422,,,,,,,,,,Other Findings,Male,Main,"National Institute of Health Sciences, Japan",Large intestine (Cecum),ReproTox,Mitsubishi Chemical Safety Institute Ltd.,Necropsy,Oral (Gavage),300,mg/kg bdwt/d,Administered dose(mass),12,mg/kg bdwt/d,Administered dose(mass),25.6,,None,0,d,Time,,,,,,,,,,,,,,,,,,,,,,,,,,,,,,,,,,,,,,,,,,,,,,,,,,,,,,,,,,,,,,,,,,,,,,,,,,,,,,,,,,,,,,,,,,,,,,,,,,,,,,,,,,,,,,,,,,,,,,,,,,,,,,,,,,,,,,,,,,,,,,,,,,,,,,,,,,,,,,,,,,,,,,,,,,,,,,,,,,,,,45,d,Time,300,mg/kg bdwt/d,Administered dose(mass),,,300,mg/kg/d,Administered dose(mass),,
26444-49-5,"Cresyl diphenyl phosphate;Cresyldiphenyl phosphate;Diphenyl cresyl phosphate;diphenyl tolyl phosphate;Methylphenyl diphenyl ester, Phosphoric acid;Phosphoric acid, methylphenyl diphenyl ester",,,,,,,,,,,,,,,,,,,,,,,,,,,,,,,,,,,,,,,,,,,,,,,,,,,,,,,,,,,,,,,,,,,,,,,,,,,,,,,,,,,,,,,,,,,,,,,,,,,,,,,,,,,,,,,,,,,,,,,,,,,,,,,,Human Health Hazards#Repeated Dose Toxicity,Repeated Dose Toxicity HESS,mixture,NOEL,,False,No qualifier,Equal,,,,,,1993,,,,,,Rat,,,,,,,,,,,,,,,,,,,,,,,,,,SD,,OECD TG 422,,,,,,,,,,Ulcer,Male,Main,"National Institute of Health Sciences, Japan",Large intestine (Cecum),ReproTox,Mitsubishi Chemical Safety Institute Ltd.,Histopathological findings,Oral (Gavage),300,mg/kg bdwt/d,Administered dose(mass),12,mg/kg bdwt/d,Administered dose(mass),25.6,,None,0,d,Time,,,,,,,,,,,,,,,,,,,,,,,,,,,,,,,,,,,,,,,,,,,,,,,,,,,,,,,,,,,,,,,,,,,,,,,,,,,,,,,,,,,,,,,,,,,,,,,,,,,,,,,,,,,,,,,,,,,,,,,,,,,,,,,,,,,,,,,,,,,,,,,,,,,,,,,,,,,,,,,,,,,,,,,,,,,,,,,,,,,,,45,d,Time,300,mg/kg bdwt/d,Administered dose(mass),,,300,mg/kg/d,Administered dose(mass),,
26444-49-5,"Cresyl diphenyl phosphate;Cresyldiphenyl phosphate;Diphenyl cresyl phosphate;diphenyl tolyl phosphate;Methylphenyl diphenyl ester, Phosphoric acid;Phosphoric acid, methylphenyl diphenyl ester",,,,,,,,,,,,,,,,,,,,,,,,,,,,,,,,,,,,,,,,,,,,,,,,,,,,,,,,,,,,,,,,,,,,,,,,,,,,,,,,,,,,,,,,,,,,,,,,,,,,,,,,,,,,,,,,,,,,,,,,,,,,,,,,Human Health Hazards#Repeated Dose Toxicity,Repeated Dose Toxicity HESS,mixture,NOEL,,False,No qualifier,Equal,,,,,,1993,,,,,,Rat,,,,,,,,,,,,,,,,,,,,,,,,,,SD,,OECD TG 422,,,,,,,,,,,Male,Main,"National Institute of Health Sciences, Japan",Large intestine (Cecum),ReproTox,Mitsubishi Chemical Safety Institute Ltd.,Histopathological findings,Oral (Gavage),300,mg/kg bdwt/d,Administered dose(mass),12,mg/kg bdwt/d,Administered dose(mass),25.6,,None,0,d,Time,,,,,,,,,,,,,,,,,,,,,,,,,,,,,,,,,,,,,,,,,,,,,,,,,,,,,,,,,,,,,,,,,,,,,,,,,,,,,,,,,,,,,,,,,,,,,,,,,,,,,,,,,,,,,,,,,,,,,,,,,,,,,,,,,,,,,,,,,,,,,,,,,,,,,,,,,,,,,,,,,,,,,,,,,,,,,,,,,,,,,45,d,Time,300,mg/kg bdwt/d,Administered dose(mass),,,300,mg/kg/d,Administered dose(mass),,
26444-49-5,"Cresyl diphenyl phosphate;Cresyldiphenyl phosphate;Diphenyl cresyl phosphate;diphenyl tolyl phosphate;Methylphenyl diphenyl ester, Phosphoric acid;Phosphoric acid, methylphenyl diphenyl ester",,,,,,,,,,,,,,,,,,,,,,,,,,,,,,,,,,,,,,,,,,,,,,,,,,,,,,,,,,,,,,,,,,,,,,,,,,,,,,,,,,,,,,,,,,,,,,,,,,,,,,,,,,,,,,,,,,,,,,,,,,,,,,,,Human Health Hazards#Repeated Dose Toxicity,Repeated Dose Toxicity HESS,mixture,NOEL,,False,No qualifier,Equal,,,,,,1993,,,,,,Rat,,,,,,,,,,,,,,,,,,,,,,,,,,SD,,OECD TG 422,,,,,,,,,,,Male,Main,"National Institute of Health Sciences, Japan",Large intestine (Colon),ReproTox,Mitsubishi Chemical Safety Institute Ltd.,Histopathological findings,Oral (Gavage),300,mg/kg bdwt/d,Administered dose(mass),12,mg/kg bdwt/d,Administered dose(mass),25.6,,None,0,d,Time,,,,,,,,,,,,,,,,,,,,,,,,,,,,,,,,,,,,,,,,,,,,,,,,,,,,,,,,,,,,,,,,,,,,,,,,,,,,,,,,,,,,,,,,,,,,,,,,,,,,,,,,,,,,,,,,,,,,,,,,,,,,,,,,,,,,,,,,,,,,,,,,,,,,,,,,,,,,,,,,,,,,,,,,,,,,,,,,,,,,,45,d,Time,300,mg/kg bdwt/d,Administered dose(mass),,,300,mg/kg/d,Administered dose(mass),,
26444-49-5,"Cresyl diphenyl phosphate;Cresyldiphenyl phosphate;Diphenyl cresyl phosphate;diphenyl tolyl phosphate;Methylphenyl diphenyl ester, Phosphoric acid;Phosphoric acid, methylphenyl diphenyl ester",,,,,,,,,,,,,,,,,,,,,,,,,,,,,,,,,,,,,,,,,,,,,,,,,,,,,,,,,,,,,,,,,,,,,,,,,,,,,,,,,,,,,,,,,,,,,,,,,,,,,,,,,,,,,,,,,,,,,,,,,,,,,,,,Human Health Hazards#Repeated Dose Toxicity,Repeated Dose Toxicity HESS,mixture,NOEL,,False,No qualifier,Equal,,,,,,1993,,,,,,Rat,,,,,,,,,,,,,,,,,,,,,,,,,,SD,,OECD TG 422,,,,,,,,,,,Male,Main,"National Institute of Health Sciences, Japan",Large intestine (Colon),ReproTox,Mitsubishi Chemical Safety Institute Ltd.,Necropsy,Oral (Gavage),300,mg/kg bdwt/d,Administered dose(mass),12,mg/kg bdwt/d,Administered dose(mass),25.6,,None,0,d,Time,,,,,,,,,,,,,,,,,,,,,,,,,,,,,,,,,,,,,,,,,,,,,,,,,,,,,,,,,,,,,,,,,,,,,,,,,,,,,,,,,,,,,,,,,,,,,,,,,,,,,,,,,,,,,,,,,,,,,,,,,,,,,,,,,,,,,,,,,,,,,,,,,,,,,,,,,,,,,,,,,,,,,,,,,,,,,,,,,,,,,45,d,Time,300,mg/kg bdwt/d,Administered dose(mass),,,300,mg/kg/d,Administered dose(mass),,
26444-49-5,"Cresyl diphenyl phosphate;Cresyldiphenyl phosphate;Diphenyl cresyl phosphate;diphenyl tolyl phosphate;Methylphenyl diphenyl ester, Phosphoric acid;Phosphoric acid, methylphenyl diphenyl ester",,,,,,,,,,,,,,,,,,,,,,,,,,,,,,,,,,,,,,,,,,,,,,,,,,,,,,,,,,,,,,,,,,,,,,,,,,,,,,,,,,,,,,,,,,,,,,,,,,,,,,,,,,,,,,,,,,,,,,,,,,,,,,,,Human Health Hazards#Repeated Dose Toxicity,Repeated Dose Toxicity HESS,mixture,NOEL,,False,No qualifier,Equal,,,,,,1993,,,,,,Rat,,,,,,,,,,,,,,,,,,,,,,,,,,SD,,OECD TG 422,,,,,,,,,,,Male,Main,"National Institute of Health Sciences, Japan",Large intestine (Rectum),ReproTox,Mitsubishi Chemical Safety Institute Ltd.,Histopathological findings,Oral (Gavage),300,mg/kg bdwt/d,Administered dose(mass),12,mg/kg bdwt/d,Administered dose(mass),25.6,,None,0,d,Time,,,,,,,,,,,,,,,,,,,,,,,,,,,,,,,,,,,,,,,,,,,,,,,,,,,,,,,,,,,,,,,,,,,,,,,,,,,,,,,,,,,,,,,,,,,,,,,,,,,,,,,,,,,,,,,,,,,,,,,,,,,,,,,,,,,,,,,,,,,,,,,,,,,,,,,,,,,,,,,,,,,,,,,,,,,,,,,,,,,,,45,d,Time,300,mg/kg bdwt/d,Administered dose(mass),,,300,mg/kg/d,Administered dose(mass),,
26444-49-5,"Cresyl diphenyl phosphate;Cresyldiphenyl phosphate;Diphenyl cresyl phosphate;diphenyl tolyl phosphate;Methylphenyl diphenyl ester, Phosphoric acid;Phosphoric acid, methylphenyl diphenyl ester",,,,,,,,,,,,,,,,,,,,,,,,,,,,,,,,,,,,,,,,,,,,,,,,,,,,,,,,,,,,,,,,,,,,,,,,,,,,,,,,,,,,,,,,,,,,,,,,,,,,,,,,,,,,,,,,,,,,,,,,,,,,,,,,Human Health Hazards#Repeated Dose Toxicity,Repeated Dose Toxicity HESS,mixture,NOEL,,False,No qualifier,Equal,,,,,,1993,,,,,,Rat,,,,,,,,,,,,,,,,,,,,,,,,,,SD,,OECD TG 422,,,,,,,,,,,Male,Main,"National Institute of Health Sciences, Japan",Large intestine (Rectum),ReproTox,Mitsubishi Chemical Safety Institute Ltd.,Necropsy,Oral (Gavage),300,mg/kg bdwt/d,Administered dose(mass),12,mg/kg bdwt/d,Administered dose(mass),25.6,,None,0,d,Time,,,,,,,,,,,,,,,,,,,,,,,,,,,,,,,,,,,,,,,,,,,,,,,,,,,,,,,,,,,,,,,,,,,,,,,,,,,,,,,,,,,,,,,,,,,,,,,,,,,,,,,,,,,,,,,,,,,,,,,,,,,,,,,,,,,,,,,,,,,,,,,,,,,,,,,,,,,,,,,,,,,,,,,,,,,,,,,,,,,,,45,d,Time,300,mg/kg bdwt/d,Administered dose(mass),,,300,mg/kg/d,Administered dose(mass),,
26444-49-5,"Cresyl diphenyl phosphate;Cresyldiphenyl phosphate;Diphenyl cresyl phosphate;diphenyl tolyl phosphate;Methylphenyl diphenyl ester, Phosphoric acid;Phosphoric acid, methylphenyl diphenyl ester",,,,,,,,,,,,,,,,,,,,,,,,,,,,,,,,,,,,,,,,,,,,,,,,,,,,,,,,,,,,,,,,,,,,,,,,,,,,,,,,,,,,,,,,,,,,,,,,,,,,,,,,,,,,,,,,,,,,,,,,,,,,,,,,Human Health Hazards#Repeated Dose Toxicity,Repeated Dose Toxicity HESS,mixture,NOEL,,False,No qualifier,Equal,,,,,,1993,,,,,,Rat,,,,,,,,,,,,,,,,,,,,,,,,,,SD,,OECD TG 422,,,,,,,,,,Absolute Organ Weight↑,Male,Main,"National Institute of Health Sciences, Japan",Liver,ReproTox,Mitsubishi Chemical Safety Institute Ltd.,Organ weights,Oral (Gavage),300,mg/kg bdwt/d,Administered dose(mass),12,mg/kg bdwt/d,Administered dose(mass),25.6,,None,0,d,Time,,,,,,,,,,,,,,,,,,,,,,,,,,,,,,,,,,,,,,,,,,,,,,,,,,,,,,,,,,,,,,,,,,,,,,,,,,,,,,,,,,,,,,,,,,,,,,,,,,,,,,,,,,,,,,,,,,,,,,,,,,,,,,,,,,,,,,,,,,,,,,,,,,,,,,,,,,,,,,,,,,,,,,,,,,,,,,,,,,,,,45,d,Time,12,mg/kg bdwt/d,Administered dose(mass),,,12,mg/kg/d,Administered dose(mass),,
26444-49-5,"Cresyl diphenyl phosphate;Cresyldiphenyl phosphate;Diphenyl cresyl phosphate;diphenyl tolyl phosphate;Methylphenyl diphenyl ester, Phosphoric acid;Phosphoric acid, methylphenyl diphenyl ester",,,,,,,,,,,,,,,,,,,,,,,,,,,,,,,,,,,,,,,,,,,,,,,,,,,,,,,,,,,,,,,,,,,,,,,,,,,,,,,,,,,,,,,,,,,,,,,,,,,,,,,,,,,,,,,,,,,,,,,,,,,,,,,,Human Health Hazards#Repeated Dose Toxicity,Repeated Dose Toxicity HESS,mixture,NOEL,,False,No qualifier,Equal,,,,,,1993,,,,,,Rat,,,,,,,,,,,,,,,,,,,,,,,,,,SD,,OECD TG 422,,,,,,,,,,Absolute Organ Weight↓,Male,Main,"National Institute of Health Sciences, Japan",Liver,ReproTox,Mitsubishi Chemical Safety Institute Ltd.,Organ weights,Oral (Gavage),300,mg/kg bdwt/d,Administered dose(mass),12,mg/kg bdwt/d,Administered dose(mass),25.6,,None,0,d,Time,,,,,,,,,,,,,,,,,,,,,,,,,,,,,,,,,,,,,,,,,,,,,,,,,,,,,,,,,,,,,,,,,,,,,,,,,,,,,,,,,,,,,,,,,,,,,,,,,,,,,,,,,,,,,,,,,,,,,,,,,,,,,,,,,,,,,,,,,,,,,,,,,,,,,,,,,,,,,,,,,,,,,,,,,,,,,,,,,,,,,45,d,Time,300,mg/kg bdwt/d,Administered dose(mass),,,300,mg/kg/d,Administered dose(mass),,
26444-49-5,"Cresyl diphenyl phosphate;Cresyldiphenyl phosphate;Diphenyl cresyl phosphate;diphenyl tolyl phosphate;Methylphenyl diphenyl ester, Phosphoric acid;Phosphoric acid, methylphenyl diphenyl ester",,,,,,,,,,,,,,,,,,,,,,,,,,,,,,,,,,,,,,,,,,,,,,,,,,,,,,,,,,,,,,,,,,,,,,,,,,,,,,,,,,,,,,,,,,,,,,,,,,,,,,,,,,,,,,,,,,,,,,,,,,,,,,,,Human Health Hazards#Repeated Dose Toxicity,Repeated Dose Toxicity HESS,mixture,NOEL,,False,No qualifier,Equal,,,,,,1993,,,,,,Rat,,,,,,,,,,,,,,,,,,,,,,,,,,SD,,OECD TG 422,,,,,,,,,,Anisonucleosis/Mitosis,Male,Main,"National Institute of Health Sciences, Japan",Liver,ReproTox,Mitsubishi Chemical Safety Institute Ltd.,Histopathological findings,Oral (Gavage),300,mg/kg bdwt/d,Administered dose(mass),12,mg/kg bdwt/d,Administered dose(mass),25.6,,None,0,d,Time,,,,,,,,,,,,,,,,,,,,,,,,,,,,,,,,,,,,,,,,,,,,,,,,,,,,,,,,,,,,,,,Hepatocyte,,,,,,,,,,,,,,,,,,,,,,,,,,,,,,,,,,,,,,,,,,,,,,,,,,,,,,,,,,,,,,,,,,,,,,,,,,,,,,,,,,,,,,,,,,,,,,,,,,,,,,,,,,,,,,,,,,,,,,45,d,Time,300,mg/kg bdwt/d,Administered dose(mass),,,300,mg/kg/d,Administered dose(mass),,
26444-49-5,"Cresyl diphenyl phosphate;Cresyldiphenyl phosphate;Diphenyl cresyl phosphate;diphenyl tolyl phosphate;Methylphenyl diphenyl ester, Phosphoric acid;Phosphoric acid, methylphenyl diphenyl ester",,,,,,,,,,,,,,,,,,,,,,,,,,,,,,,,,,,,,,,,,,,,,,,,,,,,,,,,,,,,,,,,,,,,,,,,,,,,,,,,,,,,,,,,,,,,,,,,,,,,,,,,,,,,,,,,,,,,,,,,,,,,,,,,Human Health Hazards#Repeated Dose Toxicity,Repeated Dose Toxicity HESS,mixture,NOEL,,False,No qualifier,Equal,,,,,,1993,,,,,,Rat,,,,,,,,,,,,,,,,,,,,,,,,,,SD,,OECD TG 422,,,,,,,,,,Bile Thrombus,Male,Main,"National Institute of Health Sciences, Japan",Liver,ReproTox,Mitsubishi Chemical Safety Institute Ltd.,Histopathological findings,Oral (Gavage),300,mg/kg bdwt/d,Administered dose(mass),12,mg/kg bdwt/d,Administered dose(mass),25.6,,None,0,d,Time,,,,,,,,,,,,,,,,,,,,,,,,,,,,,,,,,,,,,,,,,,,,,,,,,,,,,,,,,,,,,,,Bile duct,,,,,,,,,,,,,,,,,,,,,,,,,,,,,,,,,,,,,,,,,,,,,,,,,,,,,,,,,,,,,,,,,,,,,,,,,,,,,,,,,,,,,,,,,,,,,,,,,,,,,,,,,,,,,,,,,,,,,,45,d,Time,300,mg/kg bdwt/d,Administered dose(mass),,,300,mg/kg/d,Administered dose(mass),,
26444-49-5,"Cresyl diphenyl phosphate;Cresyldiphenyl phosphate;Diphenyl cresyl phosphate;diphenyl tolyl phosphate;Methylphenyl diphenyl ester, Phosphoric acid;Phosphoric acid, methylphenyl diphenyl ester",,,,,,,,,,,,,,,,,,,,,,,,,,,,,,,,,,,,,,,,,,,,,,,,,,,,,,,,,,,,,,,,,,,,,,,,,,,,,,,,,,,,,,,,,,,,,,,,,,,,,,,,,,,,,,,,,,,,,,,,,,,,,,,,Human Health Hazards#Repeated Dose Toxicity,Repeated Dose Toxicity HESS,mixture,NOEL,,False,No qualifier,Equal,,,,,,1993,,,,,,Rat,,,,,,,,,,,,,,,,,,,,,,,,,,SD,,OECD TG 422,,,,,,,,,,Cell Infiltration/Inflamation,Male,Main,"National Institute of Health Sciences, Japan",Liver,ReproTox,Mitsubishi Chemical Safety Institute Ltd.,Histopathological findings,Oral (Gavage),300,mg/kg bdwt/d,Administered dose(mass),12,mg/kg bdwt/d,Administered dose(mass),25.6,,None,0,d,Time,,,,,,,,,,,,,,,,,,,,,,,,,,,,,,,,,,,,,,,,,,,,,,,,,,,,,,,,,,,,,,,,,,,,,,,,,,,,,,,,,,,,,,,,,,,,,,,,,,,,,,,,,,,,,,,,,,,,,,,,,,,,,,,,,,,,,,,,,,,,,,,,,,,,,,,,,,,,,,,,,,,,,,,,,,,,,,,,,,,,,45,d,Time,300,mg/kg bdwt/d,Administered dose(mass),,,300,mg/kg/d,Administered dose(mass),,
26444-49-5,"Cresyl diphenyl phosphate;Cresyldiphenyl phosphate;Diphenyl cresyl phosphate;diphenyl tolyl phosphate;Methylphenyl diphenyl ester, Phosphoric acid;Phosphoric acid, methylphenyl diphenyl ester",,,,,,,,,,,,,,,,,,,,,,,,,,,,,,,,,,,,,,,,,,,,,,,,,,,,,,,,,,,,,,,,,,,,,,,,,,,,,,,,,,,,,,,,,,,,,,,,,,,,,,,,,,,,,,,,,,,,,,,,,,,,,,,,Human Health Hazards#Repeated Dose Toxicity,Repeated Dose Toxicity HESS,mixture,NOEL,,False,No qualifier,Equal,,,,,,1993,,,,,,Rat,,,,,,,,,,,,,,,,,,,,,,,,,,SD,,OECD TG 422,,,,,,,,,,Congestion,Male,Main,"National Institute of Health Sciences, Japan",Liver,ReproTox,Mitsubishi Chemical Safety Institute Ltd.,Histopathological findings,Oral (Gavage),300,mg/kg bdwt/d,Administered dose(mass),12,mg/kg bdwt/d,Administered dose(mass),25.6,,None,0,d,Time,,,,,,,,,,,,,,,,,,,,,,,,,,,,,,,,,,,,,,,,,,,,,,,,,,,,,,,,,,,,,,,,,,,,,,,,,,,,,,,,,,,,,,,,,,,,,,,,,,,,,,,,,,,,,,,,,,,,,,,,,,,,,,,,,,,,,,,,,,,,,,,,,,,,,,,,,,,,,,,,,,,,,,,,,,,,,,,,,,,,,45,d,Time,300,mg/kg bdwt/d,Administered dose(mass),,,300,mg/kg/d,Administered dose(mass),,
26444-49-5,"Cresyl diphenyl phosphate;Cresyldiphenyl phosphate;Diphenyl cresyl phosphate;diphenyl tolyl phosphate;Methylphenyl diphenyl ester, Phosphoric acid;Phosphoric acid, methylphenyl diphenyl ester",,,,,,,,,,,,,,,,,,,,,,,,,,,,,,,,,,,,,,,,,,,,,,,,,,,,,,,,,,,,,,,,,,,,,,,,,,,,,,,,,,,,,,,,,,,,,,,,,,,,,,,,,,,,,,,,,,,,,,,,,,,,,,,,Human Health Hazards#Repeated Dose Toxicity,Repeated Dose Toxicity HESS,mixture,NOEL,,False,No qualifier,Equal,,,,,,1993,,,,,,Rat,,,,,,,,,,,,,,,,,,,,,,,,,,SD,,OECD TG 422,,,,,,,,,,Enlarged (Necropsy),Male,Main,"National Institute of Health Sciences, Japan",Liver,ReproTox,Mitsubishi Chemical Safety Institute Ltd.,Necropsy,Oral (Gavage),300,mg/kg bdwt/d,Administered dose(mass),12,mg/kg bdwt/d,Administered dose(mass),25.6,,None,0,d,Time,,,,,,,,,,,,,,,,,,,,,,,,,,,,,,,,,,,,,,,,,,,,,,,,,,,,,,,,,,,,,,,,,,,,,,,,,,,,,,,,,,,,,,,,,,,,,,,,,,,,,,,,,,,,,,,,,,,,,,,,,,,,,,,,,,,,,,,,,,,,,,,,,,,,,,,,,,,,,,,,,,,,,,,,,,,,,,,,,,,,,45,d,Time,60,mg/kg bdwt/d,Administered dose(mass),,,60,mg/kg/d,Administered dose(mass),,
26444-49-5,"Cresyl diphenyl phosphate;Cresyldiphenyl phosphate;Diphenyl cresyl phosphate;diphenyl tolyl phosphate;Methylphenyl diphenyl ester, Phosphoric acid;Phosphoric acid, methylphenyl diphenyl ester",,,,,,,,,,,,,,,,,,,,,,,,,,,,,,,,,,,,,,,,,,,,,,,,,,,,,,,,,,,,,,,,,,,,,,,,,,,,,,,,,,,,,,,,,,,,,,,,,,,,,,,,,,,,,,,,,,,,,,,,,,,,,,,,Human Health Hazards#Repeated Dose Toxicity,Repeated Dose Toxicity HESS,mixture,NOEL,,False,No qualifier,Equal,,,,,,1993,,,,,,Rat,,,,,,,,,,,,,,,,,,,,,,,,,,SD,,OECD TG 422,,,,,,,,,,Eosinophilic Hepatocyte (Centrilobular),Male,Main,"National Institute of Health Sciences, Japan",Liver,ReproTox,Mitsubishi Chemical Safety Institute Ltd.,Histopathological findings,Oral (Gavage),300,mg/kg bdwt/d,Administered dose(mass),12,mg/kg bdwt/d,Administered dose(mass),25.6,,None,0,d,Time,,,,,,,,,,,,,,,,,,,,,,,,,,,,,,,,,,,,,,,,,,,,,,,,,,,,,,,,,,,,,,,Hepatocyte,,,,,,,,,,,,,,,,,,,,,,,,,,,,,,,,,,,,,,,,,,,,,,,,,,,,,,,,,,,,,,,,,,,,,,,,,,,,,,,,,,,,,,,,,,,,,,,,,,,,,,,,,,,,,,,,,,,,,,45,d,Time,300,mg/kg bdwt/d,Administered dose(mass),,,300,mg/kg/d,Administered dose(mass),,
26444-49-5,"Cresyl diphenyl phosphate;Cresyldiphenyl phosphate;Diphenyl cresyl phosphate;diphenyl tolyl phosphate;Methylphenyl diphenyl ester, Phosphoric acid;Phosphoric acid, methylphenyl diphenyl ester",,,,,,,,,,,,,,,,,,,,,,,,,,,,,,,,,,,,,,,,,,,,,,,,,,,,,,,,,,,,,,,,,,,,,,,,,,,,,,,,,,,,,,,,,,,,,,,,,,,,,,,,,,,,,,,,,,,,,,,,,,,,,,,,Human Health Hazards#Repeated Dose Toxicity,Repeated Dose Toxicity HESS,mixture,NOEL,,False,No qualifier,Equal,,,,,,1993,,,,,,Rat,,,,,,,,,,,,,,,,,,,,,,,,,,SD,,OECD TG 422,,,,,,,,,,Eosinophilic Hepatocyte (Other),Male,Main,"National Institute of Health Sciences, Japan",Liver,ReproTox,Mitsubishi Chemical Safety Institute Ltd.,Histopathological findings,Oral (Gavage),300,mg/kg bdwt/d,Administered dose(mass),12,mg/kg bdwt/d,Administered dose(mass),25.6,,None,0,d,Time,,,,,,,,,,,,,,,,,,,,,,,,,,,,,,,,,,,,,,,,,,,,,,,,,,,,,,,,,,,,,,,Hepatocyte,,,,,,,,,,,,,,,,,,,,,,,,,,,,,,,,,,,,,,,,,,,,,,,,,,,,,,,,,,,,,,,,,,,,,,,,,,,,,,,,,,,,,,,,,,,,,,,,,,,,,,,,,,,,,,,,,,,,,,45,d,Time,300,mg/kg bdwt/d,Administered dose(mass),,,300,mg/kg/d,Administered dose(mass),,
26444-49-5,"Cresyl diphenyl phosphate;Cresyldiphenyl phosphate;Diphenyl cresyl phosphate;diphenyl tolyl phosphate;Methylphenyl diphenyl ester, Phosphoric acid;Phosphoric acid, methylphenyl diphenyl ester",,,,,,,,,,,,,,,,,,,,,,,,,,,,,,,,,,,,,,,,,,,,,,,,,,,,,,,,,,,,,,,,,,,,,,,,,,,,,,,,,,,,,,,,,,,,,,,,,,,,,,,,,,,,,,,,,,,,,,,,,,,,,,,,Human Health Hazards#Repeated Dose Toxicity,Repeated Dose Toxicity HESS,mixture,NOEL,,False,No qualifier,Equal,,,,,,1993,,,,,,Rat,,,,,,,,,,,,,,,,,,,,,,,,,,SD,,OECD TG 422,,,,,,,,,,Eosinophilic Hepatocyte (Periportal),Male,Main,"National Institute of Health Sciences, Japan",Liver,ReproTox,Mitsubishi Chemical Safety Institute Ltd.,Histopathological findings,Oral (Gavage),300,mg/kg bdwt/d,Administered dose(mass),12,mg/kg bdwt/d,Administered dose(mass),25.6,,None,0,d,Time,,,,,,,,,,,,,,,,,,,,,,,,,,,,,,,,,,,,,,,,,,,,,,,,,,,,,,,,,,,,,,,Hepatocyte,,,,,,,,,,,,,,,,,,,,,,,,,,,,,,,,,,,,,,,,,,,,,,,,,,,,,,,,,,,,,,,,,,,,,,,,,,,,,,,,,,,,,,,,,,,,,,,,,,,,,,,,,,,,,,,,,,,,,,45,d,Time,300,mg/kg bdwt/d,Administered dose(mass),,,300,mg/kg/d,Administered dose(mass),,
26444-49-5,"Cresyl diphenyl phosphate;Cresyldiphenyl phosphate;Diphenyl cresyl phosphate;diphenyl tolyl phosphate;Methylphenyl diphenyl ester, Phosphoric acid;Phosphoric acid, methylphenyl diphenyl ester",,,,,,,,,,,,,,,,,,,,,,,,,,,,,,,,,,,,,,,,,,,,,,,,,,,,,,,,,,,,,,,,,,,,,,,,,,,,,,,,,,,,,,,,,,,,,,,,,,,,,,,,,,,,,,,,,,,,,,,,,,,,,,,,Human Health Hazards#Repeated Dose Toxicity,Repeated Dose Toxicity HESS,mixture,NOEL,,False,No qualifier,Equal,,,,,,1993,,,,,,Rat,,,,,,,,,,,,,,,,,,,,,,,,,,SD,,OECD TG 422,,,,,,,,,,Extramedullary Hematopoiesis,Male,Main,"National Institute of Health Sciences, Japan",Liver,ReproTox,Mitsubishi Chemical Safety Institute Ltd.,Histopathological findings,Oral (Gavage),300,mg/kg bdwt/d,Administered dose(mass),12,mg/kg bdwt/d,Administered dose(mass),25.6,,None,0,d,Time,,,,,,,,,,,,,,,,,,,,,,,,,,,,,,,,,,,,,,,,,,,,,,,,,,,,,,,,,,,,,,,,,,,,,,,,,,,,,,,,,,,,,,,,,,,,,,,,,,,,,,,,,,,,,,,,,,,,,,,,,,,,,,,,,,,,,,,,,,,,,,,,,,,,,,,,,,,,,,,,,,,,,,,,,,,,,,,,,,,,,45,d,Time,300,mg/kg bdwt/d,Administered dose(mass),,,300,mg/kg/d,Administered dose(mass),,
26444-49-5,"Cresyl diphenyl phosphate;Cresyldiphenyl phosphate;Diphenyl cresyl phosphate;diphenyl tolyl phosphate;Methylphenyl diphenyl ester, Phosphoric acid;Phosphoric acid, methylphenyl diphenyl ester",,,,,,,,,,,,,,,,,,,,,,,,,,,,,,,,,,,,,,,,,,,,,,,,,,,,,,,,,,,,,,,,,,,,,,,,,,,,,,,,,,,,,,,,,,,,,,,,,,,,,,,,,,,,,,,,,,,,,,,,,,,,,,,,Human Health Hazards#Repeated Dose Toxicity,Repeated Dose Toxicity HESS,mixture,NOEL,,False,No qualifier,Equal,,,,,,1993,,,,,,Rat,,,,,,,,,,,,,,,,,,,,,,,,,,SD,,OECD TG 422,,,,,,,,,,Fatty Change/Vacuolization↑(Centrilobular),Male,Main,"National Institute of Health Sciences, Japan",Liver,ReproTox,Mitsubishi Chemical Safety Institute Ltd.,Histopathological findings,Oral (Gavage),300,mg/kg bdwt/d,Administered dose(mass),12,mg/kg bdwt/d,Administered dose(mass),25.6,,None,0,d,Time,,,,,,,,,,,,,,,,,,,,,,,,,,,,,,,,,,,,,,,,,,,,,,,,,,,,,,,,,,,,,,,Hepatocyte,,,,,,,,,,,,,,,,,,,,,,,,,,,,,,,,,,,,,,,,,,,,,,,,,,,,,,,,,,,,,,,,,,,,,,,,,,,,,,,,,,,,,,,,,,,,,,,,,,,,,,,,,,,,,,,,,,,,,,45,d,Time,300,mg/kg bdwt/d,Administered dose(mass),,,300,mg/kg/d,Administered dose(mass),,
26444-49-5,"Cresyl diphenyl phosphate;Cresyldiphenyl phosphate;Diphenyl cresyl phosphate;diphenyl tolyl phosphate;Methylphenyl diphenyl ester, Phosphoric acid;Phosphoric acid, methylphenyl diphenyl ester",,,,,,,,,,,,,,,,,,,,,,,,,,,,,,,,,,,,,,,,,,,,,,,,,,,,,,,,,,,,,,,,,,,,,,,,,,,,,,,,,,,,,,,,,,,,,,,,,,,,,,,,,,,,,,,,,,,,,,,,,,,,,,,,Human Health Hazards#Repeated Dose Toxicity,Repeated Dose Toxicity HESS,mixture,NOEL,,False,No qualifier,Equal,,,,,,1993,,,,,,Rat,,,,,,,,,,,,,,,,,,,,,,,,,,SD,,OECD TG 422,,,,,,,,,,Fatty Change/Vacuolization↑(Other),Male,Main,"National Institute of Health Sciences, Japan",Liver,ReproTox,Mitsubishi Chemical Safety Institute Ltd.,Histopathological findings,Oral (Gavage),300,mg/kg bdwt/d,Administered dose(mass),12,mg/kg bdwt/d,Administered dose(mass),25.6,,None,0,d,Time,,,,,,,,,,,,,,,,,,,,,,,,,,,,,,,,,,,,,,,,,,,,,,,,,,,,,,,,,,,,,,,Hepatocyte,,,,,,,,,,,,,,,,,,,,,,,,,,,,,,,,,,,,,,,,,,,,,,,,,,,,,,,,,,,,,,,,,,,,,,,,,,,,,,,,,,,,,,,,,,,,,,,,,,,,,,,,,,,,,,,,,,,,,,45,d,Time,300,mg/kg bdwt/d,Administered dose(mass),,,300,mg/kg/d,Administered dose(mass),,
26444-49-5,"Cresyl diphenyl phosphate;Cresyldiphenyl phosphate;Diphenyl cresyl phosphate;diphenyl tolyl phosphate;Methylphenyl diphenyl ester, Phosphoric acid;Phosphoric acid, methylphenyl diphenyl ester",,,,,,,,,,,,,,,,,,,,,,,,,,,,,,,,,,,,,,,,,,,,,,,,,,,,,,,,,,,,,,,,,,,,,,,,,,,,,,,,,,,,,,,,,,,,,,,,,,,,,,,,,,,,,,,,,,,,,,,,,,,,,,,,Human Health Hazards#Repeated Dose Toxicity,Repeated Dose Toxicity HESS,mixture,NOEL,,False,No qualifier,Equal,,,,,,1993,,,,,,Rat,,,,,,,,,,,,,,,,,,,,,,,,,,SD,,OECD TG 422,,,,,,,,,,Fatty Change/Vacuolization↑(Periportal),Male,Main,"National Institute of Health Sciences, Japan",Liver,ReproTox,Mitsubishi Chemical Safety Institute Ltd.,Histopathological findings,Oral (Gavage),300,mg/kg bdwt/d,Administered dose(mass),12,mg/kg bdwt/d,Administered dose(mass),25.6,,None,0,d,Time,,,,,,,,,,,,,,,,,,,,,,,,,,,,,,,,,,,,,,,,,,,,,,,,,,,,,,,,,,,,,,,Hepatocyte,,,,,,,,,,,,,,,,,,,,,,,,,,,,,,,,,,,,,,,,,,,,,,,,,,,,,,,,,,,,,,,,,,,,,,,,,,,,,,,,,,,,,,,,,,,,,,,,,,,,,,,,,,,,,,,,,,,,,,45,d,Time,300,mg/kg bdwt/d,Administered dose(mass),,,300,mg/kg/d,Administered dose(mass),,
26444-49-5,"Cresyl diphenyl phosphate;Cresyldiphenyl phosphate;Diphenyl cresyl phosphate;diphenyl tolyl phosphate;Methylphenyl diphenyl ester, Phosphoric acid;Phosphoric acid, methylphenyl diphenyl ester",,,,,,,,,,,,,,,,,,,,,,,,,,,,,,,,,,,,,,,,,,,,,,,,,,,,,,,,,,,,,,,,,,,,,,,,,,,,,,,,,,,,,,,,,,,,,,,,,,,,,,,,,,,,,,,,,,,,,,,,,,,,,,,,Human Health Hazards#Repeated Dose Toxicity,Repeated Dose Toxicity HESS,mixture,NOEL,,False,No qualifier,Equal,,,,,,1993,,,,,,Rat,,,,,,,,,,,,,,,,,,,,,,,,,,SD,,OECD TG 422,,,,,,,,,,Fatty Change/Vacuolization↓(Centrilobular),Male,Main,"National Institute of Health Sciences, Japan",Liver,ReproTox,Mitsubishi Chemical Safety Institute Ltd.,Histopathological findings,Oral (Gavage),300,mg/kg bdwt/d,Administered dose(mass),12,mg/kg bdwt/d,Administered dose(mass),25.6,,None,0,d,Time,,,,,,,,,,,,,,,,,,,,,,,,,,,,,,,,,,,,,,,,,,,,,,,,,,,,,,,,,,,,,,,Hepatocyte,,,,,,,,,,,,,,,,,,,,,,,,,,,,,,,,,,,,,,,,,,,,,,,,,,,,,,,,,,,,,,,,,,,,,,,,,,,,,,,,,,,,,,,,,,,,,,,,,,,,,,,,,,,,,,,,,,,,,,45,d,Time,300,mg/kg bdwt/d,Administered dose(mass),,,300,mg/kg/d,Administered dose(mass),,
26444-49-5,"Cresyl diphenyl phosphate;Cresyldiphenyl phosphate;Diphenyl cresyl phosphate;diphenyl tolyl phosphate;Methylphenyl diphenyl ester, Phosphoric acid;Phosphoric acid, methylphenyl diphenyl ester",,,,,,,,,,,,,,,,,,,,,,,,,,,,,,,,,,,,,,,,,,,,,,,,,,,,,,,,,,,,,,,,,,,,,,,,,,,,,,,,,,,,,,,,,,,,,,,,,,,,,,,,,,,,,,,,,,,,,,,,,,,,,,,,Human Health Hazards#Repeated Dose Toxicity,Repeated Dose Toxicity HESS,mixture,NOEL,,False,No qualifier,Equal,,,,,,1993,,,,,,Rat,,,,,,,,,,,,,,,,,,,,,,,,,,SD,,OECD TG 422,,,,,,,,,,Fatty Change/Vacuolization↓(Other),Male,Main,"National Institute of Health Sciences, Japan",Liver,ReproTox,Mitsubishi Chemical Safety Institute Ltd.,Histopathological findings,Oral (Gavage),300,mg/kg bdwt/d,Administered dose(mass),12,mg/kg bdwt/d,Administered dose(mass),25.6,,None,0,d,Time,,,,,,,,,,,,,,,,,,,,,,,,,,,,,,,,,,,,,,,,,,,,,,,,,,,,,,,,,,,,,,,Hepatocyte,,,,,,,,,,,,,,,,,,,,,,,,,,,,,,,,,,,,,,,,,,,,,,,,,,,,,,,,,,,,,,,,,,,,,,,,,,,,,,,,,,,,,,,,,,,,,,,,,,,,,,,,,,,,,,,,,,,,,,45,d,Time,300,mg/kg bdwt/d,Administered dose(mass),,,300,mg/kg/d,Administered dose(mass),,
26444-49-5,"Cresyl diphenyl phosphate;Cresyldiphenyl phosphate;Diphenyl cresyl phosphate;diphenyl tolyl phosphate;Methylphenyl diphenyl ester, Phosphoric acid;Phosphoric acid, methylphenyl diphenyl ester",,,,,,,,,,,,,,,,,,,,,,,,,,,,,,,,,,,,,,,,,,,,,,,,,,,,,,,,,,,,,,,,,,,,,,,,,,,,,,,,,,,,,,,,,,,,,,,,,,,,,,,,,,,,,,,,,,,,,,,,,,,,,,,,Human Health Hazards#Repeated Dose Toxicity,Repeated Dose Toxicity HESS,mixture,NOEL,,False,No qualifier,Equal,,,,,,1993,,,,,,Rat,,,,,,,,,,,,,,,,,,,,,,,,,,SD,,OECD TG 422,,,,,,,,,,Fatty Change/Vacuolization↓(Periportal),Male,Main,"National Institute of Health Sciences, Japan",Liver,ReproTox,Mitsubishi Chemical Safety Institute Ltd.,Histopathological findings,Oral (Gavage),300,mg/kg bdwt/d,Administered dose(mass),12,mg/kg bdwt/d,Administered dose(mass),25.6,,None,0,d,Time,,,,,,,,,,,,,,,,,,,,,,,,,,,,,,,,,,,,,,,,,,,,,,,,,,,,,,,,,,,,,,,Hepatocyte,,,,,,,,,,,,,,,,,,,,,,,,,,,,,,,,,,,,,,,,,,,,,,,,,,,,,,,,,,,,,,,,,,,,,,,,,,,,,,,,,,,,,,,,,,,,,,,,,,,,,,,,,,,,,,,,,,,,,,45,d,Time,300,mg/kg bdwt/d,Administered dose(mass),,,300,mg/kg/d,Administered dose(mass),,
26444-49-5,"Cresyl diphenyl phosphate;Cresyldiphenyl phosphate;Diphenyl cresyl phosphate;diphenyl tolyl phosphate;Methylphenyl diphenyl ester, Phosphoric acid;Phosphoric acid, methylphenyl diphenyl ester",,,,,,,,,,,,,,,,,,,,,,,,,,,,,,,,,,,,,,,,,,,,,,,,,,,,,,,,,,,,,,,,,,,,,,,,,,,,,,,,,,,,,,,,,,,,,,,,,,,,,,,,,,,,,,,,,,,,,,,,,,,,,,,,Human Health Hazards#Repeated Dose Toxicity,Repeated Dose Toxicity HESS,mixture,NOEL,,False,No qualifier,Equal,,,,,,1993,,,,,,Rat,,,,,,,,,,,,,,,,,,,,,,,,,,SD,,OECD TG 422,,,,,,,,,,Hyperplasia,Male,Main,"National Institute of Health Sciences, Japan",Liver,ReproTox,Mitsubishi Chemical Safety Institute Ltd.,Histopathological findings,Oral (Gavage),300,mg/kg bdwt/d,Administered dose(mass),12,mg/kg bdwt/d,Administered dose(mass),25.6,,None,0,d,Time,,,,,,,,,,,,,,,,,,,,,,,,,,,,,,,,,,,,,,,,,,,,,,,,,,,,,,,,,,,,,,,Bile duct,,,,,,,,,,,,,,,,,,,,,,,,,,,,,,,,,,,,,,,,,,,,,,,,,,,,,,,,,,,,,,,,,,,,,,,,,,,,,,,,,,,,,,,,,,,,,,,,,,,,,,,,,,,,,,,,,,,,,,45,d,Time,300,mg/kg bdwt/d,Administered dose(mass),,,300,mg/kg/d,Administered dose(mass),,
26444-49-5,"Cresyl diphenyl phosphate;Cresyldiphenyl phosphate;Diphenyl cresyl phosphate;diphenyl tolyl phosphate;Methylphenyl diphenyl ester, Phosphoric acid;Phosphoric acid, methylphenyl diphenyl ester",,,,,,,,,,,,,,,,,,,,,,,,,,,,,,,,,,,,,,,,,,,,,,,,,,,,,,,,,,,,,,,,,,,,,,,,,,,,,,,,,,,,,,,,,,,,,,,,,,,,,,,,,,,,,,,,,,,,,,,,,,,,,,,,Human Health Hazards#Repeated Dose Toxicity,Repeated Dose Toxicity HESS,mixture,NOEL,,False,No qualifier,Equal,,,,,,1993,,,,,,Rat,,,,,,,,,,,,,,,,,,,,,,,,,,SD,,OECD TG 422,,,,,,,,,,Hypertrophy/Swelling Hepatocyte (Centrilobular),Male,Main,"National Institute of Health Sciences, Japan",Liver,ReproTox,Mitsubishi Chemical Safety Institute Ltd.,Histopathological findings,Oral (Gavage),300,mg/kg bdwt/d,Administered dose(mass),12,mg/kg bdwt/d,Administered dose(mass),25.6,,None,0,d,Time,,,,,,,,,,,,,,,,,,,,,,,,,,,,,,,,,,,,,,,,,,,,,,,,,,,,,,,,,,,,,,,Hepatocyte,,,,,,,,,,,,,,,,,,,,,,,,,,,,,,,,,,,,,,,,,,,,,,,,,,,,,,,,,,,,,,,,,,,,,,,,,,,,,,,,,,,,,,,,,,,,,,,,,,,,,,,,,,,,,,,,,,,,,,45,d,Time,300,mg/kg bdwt/d,Administered dose(mass),,,300,mg/kg/d,Administered dose(mass),,
26444-49-5,"Cresyl diphenyl phosphate;Cresyldiphenyl phosphate;Diphenyl cresyl phosphate;diphenyl tolyl phosphate;Methylphenyl diphenyl ester, Phosphoric acid;Phosphoric acid, methylphenyl diphenyl ester",,,,,,,,,,,,,,,,,,,,,,,,,,,,,,,,,,,,,,,,,,,,,,,,,,,,,,,,,,,,,,,,,,,,,,,,,,,,,,,,,,,,,,,,,,,,,,,,,,,,,,,,,,,,,,,,,,,,,,,,,,,,,,,,Human Health Hazards#Repeated Dose Toxicity,Repeated Dose Toxicity HESS,mixture,NOEL,,False,No qualifier,Equal,,,,,,1993,,,,,,Rat,,,,,,,,,,,,,,,,,,,,,,,,,,SD,,OECD TG 422,,,,,,,,,,Hypertrophy/Swelling Hepatocyte (Other),Male,Main,"National Institute of Health Sciences, Japan",Liver,ReproTox,Mitsubishi Chemical Safety Institute Ltd.,Histopathological findings,Oral (Gavage),300,mg/kg bdwt/d,Administered dose(mass),12,mg/kg bdwt/d,Administered dose(mass),25.6,,None,0,d,Time,,,,,,,,,,,,,,,,,,,,,,,,,,,,,,,,,,,,,,,,,,,,,,,,,,,,,,,,,,,,,,,Hepatocyte,,,,,,,,,,,,,,,,,,,,,,,,,,,,,,,,,,,,,,,,,,,,,,,,,,,,,,,,,,,,,,,,,,,,,,,,,,,,,,,,,,,,,,,,,,,,,,,,,,,,,,,,,,,,,,,,,,,,,,45,d,Time,300,mg/kg bdwt/d,Administered dose(mass),,,300,mg/kg/d,Administered dose(mass),,
26444-49-5,"Cresyl diphenyl phosphate;Cresyldiphenyl phosphate;Diphenyl cresyl phosphate;diphenyl tolyl phosphate;Methylphenyl diphenyl ester, Phosphoric acid;Phosphoric acid, methylphenyl diphenyl ester",,,,,,,,,,,,,,,,,,,,,,,,,,,,,,,,,,,,,,,,,,,,,,,,,,,,,,,,,,,,,,,,,,,,,,,,,,,,,,,,,,,,,,,,,,,,,,,,,,,,,,,,,,,,,,,,,,,,,,,,,,,,,,,,Human Health Hazards#Repeated Dose Toxicity,Repeated Dose Toxicity HESS,mixture,NOEL,,False,No qualifier,Equal,,,,,,1993,,,,,,Rat,,,,,,,,,,,,,,,,,,,,,,,,,,SD,,OECD TG 422,,,,,,,,,,Hypertrophy/Swelling Hepatocyte (Periportal),Male,Main,"National Institute of Health Sciences, Japan",Liver,ReproTox,Mitsubishi Chemical Safety Institute Ltd.,Histopathological findings,Oral (Gavage),300,mg/kg bdwt/d,Administered dose(mass),12,mg/kg bdwt/d,Administered dose(mass),25.6,,None,0,d,Time,,,,,,,,,,,,,,,,,,,,,,,,,,,,,,,,,,,,,,,,,,,,,,,,,,,,,,,,,,,,,,,Hepatocyte,,,,,,,,,,,,,,,,,,,,,,,,,,,,,,,,,,,,,,,,,,,,,,,,,,,,,,,,,,,,,,,,,,,,,,,,,,,,,,,,,,,,,,,,,,,,,,,,,,,,,,,,,,,,,,,,,,,,,,45,d,Time,300,mg/kg bdwt/d,Administered dose(mass),,,300,mg/kg/d,Administered dose(mass),,
26444-49-5,"Cresyl diphenyl phosphate;Cresyldiphenyl phosphate;Diphenyl cresyl phosphate;diphenyl tolyl phosphate;Methylphenyl diphenyl ester, Phosphoric acid;Phosphoric acid, methylphenyl diphenyl ester",,,,,,,,,,,,,,,,,,,,,,,,,,,,,,,,,,,,,,,,,,,,,,,,,,,,,,,,,,,,,,,,,,,,,,,,,,,,,,,,,,,,,,,,,,,,,,,,,,,,,,,,,,,,,,,,,,,,,,,,,,,,,,,,Human Health Hazards#Repeated Dose Toxicity,Repeated Dose Toxicity HESS,mixture,NOEL,,False,No qualifier,Equal,,,,,,1993,,,,,,Rat,,,,,,,,,,,,,,,,,,,,,,,,,,SD,,OECD TG 422,,,,,,,,,,Necrosis Hepatocyte (Centrilobular),Male,Main,"National Institute of Health Sciences, Japan",Liver,ReproTox,Mitsubishi Chemical Safety Institute Ltd.,Histopathological findings,Oral (Gavage),300,mg/kg bdwt/d,Administered dose(mass),12,mg/kg bdwt/d,Administered dose(mass),25.6,,None,0,d,Time,,,,,,,,,,,,,,,,,,,,,,,,,,,,,,,,,,,,,,,,,,,,,,,,,,,,,,,,,,,,,,,Hepatocyte,,,,,,,,,,,,,,,,,,,,,,,,,,,,,,,,,,,,,,,,,,,,,,,,,,,,,,,,,,,,,,,,,,,,,,,,,,,,,,,,,,,,,,,,,,,,,,,,,,,,,,,,,,,,,,,,,,,,,,45,d,Time,300,mg/kg bdwt/d,Administered dose(mass),,,300,mg/kg/d,Administered dose(mass),,
26444-49-5,"Cresyl diphenyl phosphate;Cresyldiphenyl phosphate;Diphenyl cresyl phosphate;diphenyl tolyl phosphate;Methylphenyl diphenyl ester, Phosphoric acid;Phosphoric acid, methylphenyl diphenyl ester",,,,,,,,,,,,,,,,,,,,,,,,,,,,,,,,,,,,,,,,,,,,,,,,,,,,,,,,,,,,,,,,,,,,,,,,,,,,,,,,,,,,,,,,,,,,,,,,,,,,,,,,,,,,,,,,,,,,,,,,,,,,,,,,Human Health Hazards#Repeated Dose Toxicity,Repeated Dose Toxicity HESS,mixture,NOEL,,False,No qualifier,Equal,,,,,,1993,,,,,,Rat,,,,,,,,,,,,,,,,,,,,,,,,,,SD,,OECD TG 422,,,,,,,,,,Necrosis Hepatocyte (Other),Male,Main,"National Institute of Health Sciences, Japan",Liver,ReproTox,Mitsubishi Chemical Safety Institute Ltd.,Histopathological findings,Oral (Gavage),300,mg/kg bdwt/d,Administered dose(mass),12,mg/kg bdwt/d,Administered dose(mass),25.6,,None,0,d,Time,,,,,,,,,,,,,,,,,,,,,,,,,,,,,,,,,,,,,,,,,,,,,,,,,,,,,,,,,,,,,,,Hepatocyte,,,,,,,,,,,,,,,,,,,,,,,,,,,,,,,,,,,,,,,,,,,,,,,,,,,,,,,,,,,,,,,,,,,,,,,,,,,,,,,,,,,,,,,,,,,,,,,,,,,,,,,,,,,,,,,,,,,,,,45,d,Time,300,mg/kg bdwt/d,Administered dose(mass),,,300,mg/kg/d,Administered dose(mass),,
26444-49-5,"Cresyl diphenyl phosphate;Cresyldiphenyl phosphate;Diphenyl cresyl phosphate;diphenyl tolyl phosphate;Methylphenyl diphenyl ester, Phosphoric acid;Phosphoric acid, methylphenyl diphenyl ester",,,,,,,,,,,,,,,,,,,,,,,,,,,,,,,,,,,,,,,,,,,,,,,,,,,,,,,,,,,,,,,,,,,,,,,,,,,,,,,,,,,,,,,,,,,,,,,,,,,,,,,,,,,,,,,,,,,,,,,,,,,,,,,,Human Health Hazards#Repeated Dose Toxicity,Repeated Dose Toxicity HESS,mixture,NOEL,,False,No qualifier,Equal,,,,,,1993,,,,,,Rat,,,,,,,,,,,,,,,,,,,,,,,,,,SD,,OECD TG 422,,,,,,,,,,Necrosis Hepatocyte (Periportal),Male,Main,"National Institute of Health Sciences, Japan",Liver,ReproTox,Mitsubishi Chemical Safety Institute Ltd.,Histopathological findings,Oral (Gavage),300,mg/kg bdwt/d,Administered dose(mass),12,mg/kg bdwt/d,Administered dose(mass),25.6,,None,0,d,Time,,,,,,,,,,,,,,,,,,,,,,,,,,,,,,,,,,,,,,,,,,,,,,,,,,,,,,,,,,,,,,,Hepatocyte,,,,,,,,,,,,,,,,,,,,,,,,,,,,,,,,,,,,,,,,,,,,,,,,,,,,,,,,,,,,,,,,,,,,,,,,,,,,,,,,,,,,,,,,,,,,,,,,,,,,,,,,,,,,,,,,,,,,,,45,d,Time,300,mg/kg bdwt/d,Administered dose(mass),,,300,mg/kg/d,Administered dose(mass),,
26444-49-5,"Cresyl diphenyl phosphate;Cresyldiphenyl phosphate;Diphenyl cresyl phosphate;diphenyl tolyl phosphate;Methylphenyl diphenyl ester, Phosphoric acid;Phosphoric acid, methylphenyl diphenyl ester",,,,,,,,,,,,,,,,,,,,,,,,,,,,,,,,,,,,,,,,,,,,,,,,,,,,,,,,,,,,,,,,,,,,,,,,,,,,,,,,,,,,,,,,,,,,,,,,,,,,,,,,,,,,,,,,,,,,,,,,,,,,,,,,Human Health Hazards#Repeated Dose Toxicity,Repeated Dose Toxicity HESS,mixture,NOEL,,False,No qualifier,Equal,,,,,,1993,,,,,,Rat,,,,,,,,,,,,,,,,,,,,,,,,,,SD,,OECD TG 422,,,,,,,,,,Other Findings,Male,Main,"National Institute of Health Sciences, Japan",Liver,ReproTox,Mitsubishi Chemical Safety Institute Ltd.,Histopathological findings,Oral (Gavage),300,mg/kg bdwt/d,Administered dose(mass),12,mg/kg bdwt/d,Administered dose(mass),25.6,,None,0,d,Time,,,,,,,,,,,,,,,,,,,,,,,,,,,,,,,,,,,,,,,,,,,,,,,,,,,,,,,,,,,,,,,,,,,,,,,,,,,,,,,,,,,,,,,,,,,,,,,,,,,,,,,,,,,,,,,,,,,,,,,,,,,,,,,,,,,,,,,,,,,,,,,,,,,,,,,,,,,,,,,,,,,,,,,,,,,,,,,,,,,,,45,d,Time,300,mg/kg bdwt/d,Administered dose(mass),,,300,mg/kg/d,Administered dose(mass),,
26444-49-5,"Cresyl diphenyl phosphate;Cresyldiphenyl phosphate;Diphenyl cresyl phosphate;diphenyl tolyl phosphate;Methylphenyl diphenyl ester, Phosphoric acid;Phosphoric acid, methylphenyl diphenyl ester",,,,,,,,,,,,,,,,,,,,,,,,,,,,,,,,,,,,,,,,,,,,,,,,,,,,,,,,,,,,,,,,,,,,,,,,,,,,,,,,,,,,,,,,,,,,,,,,,,,,,,,,,,,,,,,,,,,,,,,,,,,,,,,,Human Health Hazards#Repeated Dose Toxicity,Repeated Dose Toxicity HESS,mixture,NOEL,,False,No qualifier,Equal,,,,,,1993,,,,,,Rat,,,,,,,,,,,,,,,,,,,,,,,,,,SD,,OECD TG 422,,,,,,,,,,Other Findings,Male,Main,"National Institute of Health Sciences, Japan",Liver,ReproTox,Mitsubishi Chemical Safety Institute Ltd.,Histopathological findings,Oral (Gavage),300,mg/kg bdwt/d,Administered dose(mass),12,mg/kg bdwt/d,Administered dose(mass),25.6,,None,0,d,Time,,,,,,,,,,,,,,,,,,,,,,,,,,,,,,,,,,,,,,,,,,,,,,,,,,,,,,,,,,,,,,,Bile duct,,,,,,,,,,,,,,,,,,,,,,,,,,,,,,,,,,,,,,,,,,,,,,,,,,,,,,,,,,,,,,,,,,,,,,,,,,,,,,,,,,,,,,,,,,,,,,,,,,,,,,,,,,,,,,,,,,,,,,45,d,Time,300,mg/kg bdwt/d,Administered dose(mass),,,300,mg/kg/d,Administered dose(mass),,
26444-49-5,"Cresyl diphenyl phosphate;Cresyldiphenyl phosphate;Diphenyl cresyl phosphate;diphenyl tolyl phosphate;Methylphenyl diphenyl ester, Phosphoric acid;Phosphoric acid, methylphenyl diphenyl ester",,,,,,,,,,,,,,,,,,,,,,,,,,,,,,,,,,,,,,,,,,,,,,,,,,,,,,,,,,,,,,,,,,,,,,,,,,,,,,,,,,,,,,,,,,,,,,,,,,,,,,,,,,,,,,,,,,,,,,,,,,,,,,,,Human Health Hazards#Repeated Dose Toxicity,Repeated Dose Toxicity HESS,mixture,NOEL,,False,No qualifier,Equal,,,,,,1993,,,,,,Rat,,,,,,,,,,,,,,,,,,,,,,,,,,SD,,OECD TG 422,,,,,,,,,,Other Findings,Male,Main,"National Institute of Health Sciences, Japan",Liver,ReproTox,Mitsubishi Chemical Safety Institute Ltd.,Histopathological findings,Oral (Gavage),300,mg/kg bdwt/d,Administered dose(mass),12,mg/kg bdwt/d,Administered dose(mass),25.6,,None,0,d,Time,,,,,,,,,,,,,,,,,,,,,,,,,,,,,,,,,,,,,,,,,,,,,,,,,,,,,,,,,,,,,,,Kupffer cell,,,,,,,,,,,,,,,,,,,,,,,,,,,,,,,,,,,,,,,,,,,,,,,,,,,,,,,,,,,,,,,,,,,,,,,,,,,,,,,,,,,,,,,,,,,,,,,,,,,,,,,,,,,,,,,,,,,,,,45,d,Time,300,mg/kg bdwt/d,Administered dose(mass),,,300,mg/kg/d,Administered dose(mass),,
26444-49-5,"Cresyl diphenyl phosphate;Cresyldiphenyl phosphate;Diphenyl cresyl phosphate;diphenyl tolyl phosphate;Methylphenyl diphenyl ester, Phosphoric acid;Phosphoric acid, methylphenyl diphenyl ester",,,,,,,,,,,,,,,,,,,,,,,,,,,,,,,,,,,,,,,,,,,,,,,,,,,,,,,,,,,,,,,,,,,,,,,,,,,,,,,,,,,,,,,,,,,,,,,,,,,,,,,,,,,,,,,,,,,,,,,,,,,,,,,,Human Health Hazards#Repeated Dose Toxicity,Repeated Dose Toxicity HESS,mixture,NOEL,,False,No qualifier,Equal,,,,,,1993,,,,,,Rat,,,,,,,,,,,,,,,,,,,,,,,,,,SD,,OECD TG 422,,,,,,,,,,Other Findings,Male,Main,"National Institute of Health Sciences, Japan",Liver,ReproTox,Mitsubishi Chemical Safety Institute Ltd.,Histopathological findings,Oral (Gavage),300,mg/kg bdwt/d,Administered dose(mass),12,mg/kg bdwt/d,Administered dose(mass),25.6,,None,0,d,Time,,,,,,,,,,,,,,,,,,,,,,,,,,,,,,,,,,,,,,,,,,,,,,,,,,,,,,,,,,,,,,,Hepatocyte,,,,,,,,,,,,,,,,,,,,,,,,,,,,,,,,,,,,,,,,,,,,,,,,,,,,,,,,,,,,,,,,,,,,,,,,,,,,,,,,,,,,,,,,,,,,,,,,,,,,,,,,,,,,,,,,,,,,,,45,d,Time,300,mg/kg bdwt/d,Administered dose(mass),,,300,mg/kg/d,Administered dose(mass),,
26444-49-5,"Cresyl diphenyl phosphate;Cresyldiphenyl phosphate;Diphenyl cresyl phosphate;diphenyl tolyl phosphate;Methylphenyl diphenyl ester, Phosphoric acid;Phosphoric acid, methylphenyl diphenyl ester",,,,,,,,,,,,,,,,,,,,,,,,,,,,,,,,,,,,,,,,,,,,,,,,,,,,,,,,,,,,,,,,,,,,,,,,,,,,,,,,,,,,,,,,,,,,,,,,,,,,,,,,,,,,,,,,,,,,,,,,,,,,,,,,Human Health Hazards#Repeated Dose Toxicity,Repeated Dose Toxicity HESS,mixture,NOEL,,False,No qualifier,Equal,,,,,,1993,,,,,,Rat,,,,,,,,,,,,,,,,,,,,,,,,,,SD,,OECD TG 422,,,,,,,,,,Other Findings,Male,Main,"National Institute of Health Sciences, Japan",Liver,ReproTox,Mitsubishi Chemical Safety Institute Ltd.,Necropsy,Oral (Gavage),300,mg/kg bdwt/d,Administered dose(mass),12,mg/kg bdwt/d,Administered dose(mass),25.6,,None,0,d,Time,,,,,,,,,,,,,,,,,,,,,,,,,,,,,,,,,,,,,,,,,,,,,,,,,,,,,,,,,,,,,,,,,,,,,,,,,,,,,,,,,,,,,,,,,,,,,,,,,,,,,,,,,,,,,,,,,,,,,,,,,,,,,,,,,,,,,,,,,,,,,,,,,,,,,,,,,,,,,,,,,,,,,,,,,,,,,,,,,,,,,45,d,Time,60,mg/kg bdwt/d,Administered dose(mass),,,60,mg/kg/d,Administered dose(mass),,
26444-49-5,"Cresyl diphenyl phosphate;Cresyldiphenyl phosphate;Diphenyl cresyl phosphate;diphenyl tolyl phosphate;Methylphenyl diphenyl ester, Phosphoric acid;Phosphoric acid, methylphenyl diphenyl ester",,,,,,,,,,,,,,,,,,,,,,,,,,,,,,,,,,,,,,,,,,,,,,,,,,,,,,,,,,,,,,,,,,,,,,,,,,,,,,,,,,,,,,,,,,,,,,,,,,,,,,,,,,,,,,,,,,,,,,,,,,,,,,,,Human Health Hazards#Repeated Dose Toxicity,Repeated Dose Toxicity HESS,mixture,NOEL,,False,No qualifier,Equal,,,,,,1993,,,,,,Rat,,,,,,,,,,,,,,,,,,,,,,,,,,SD,,OECD TG 422,,,,,,,,,,Pigmentation (Hemosiderin),Male,Main,"National Institute of Health Sciences, Japan",Liver,ReproTox,Mitsubishi Chemical Safety Institute Ltd.,Histopathological findings,Oral (Gavage),300,mg/kg bdwt/d,Administered dose(mass),12,mg/kg bdwt/d,Administered dose(mass),25.6,,None,0,d,Time,,,,,,,,,,,,,,,,,,,,,,,,,,,,,,,,,,,,,,,,,,,,,,,,,,,,,,,,,,,,,,,Kupffer cell,,,,,,,,,,,,,,,,,,,,,,,,,,,,,,,,,,,,,,,,,,,,,,,,,,,,,,,,,,,,,,,,,,,,,,,,,,,,,,,,,,,,,,,,,,,,,,,,,,,,,,,,,,,,,,,,,,,,,,45,d,Time,300,mg/kg bdwt/d,Administered dose(mass),,,300,mg/kg/d,Administered dose(mass),,
26444-49-5,"Cresyl diphenyl phosphate;Cresyldiphenyl phosphate;Diphenyl cresyl phosphate;diphenyl tolyl phosphate;Methylphenyl diphenyl ester, Phosphoric acid;Phosphoric acid, methylphenyl diphenyl ester",,,,,,,,,,,,,,,,,,,,,,,,,,,,,,,,,,,,,,,,,,,,,,,,,,,,,,,,,,,,,,,,,,,,,,,,,,,,,,,,,,,,,,,,,,,,,,,,,,,,,,,,,,,,,,,,,,,,,,,,,,,,,,,,Human Health Hazards#Repeated Dose Toxicity,Repeated Dose Toxicity HESS,mixture,NOEL,,False,No qualifier,Equal,,,,,,1993,,,,,,Rat,,,,,,,,,,,,,,,,,,,,,,,,,,SD,,OECD TG 422,,,,,,,,,,Pigmentation (Other),Male,Main,"National Institute of Health Sciences, Japan",Liver,ReproTox,Mitsubishi Chemical Safety Institute Ltd.,Histopathological findings,Oral (Gavage),300,mg/kg bdwt/d,Administered dose(mass),12,mg/kg bdwt/d,Administered dose(mass),25.6,,None,0,d,Time,,,,,,,,,,,,,,,,,,,,,,,,,,,,,,,,,,,,,,,,,,,,,,,,,,,,,,,,,,,,,,,Kupffer cell,,,,,,,,,,,,,,,,,,,,,,,,,,,,,,,,,,,,,,,,,,,,,,,,,,,,,,,,,,,,,,,,,,,,,,,,,,,,,,,,,,,,,,,,,,,,,,,,,,,,,,,,,,,,,,,,,,,,,,45,d,Time,300,mg/kg bdwt/d,Administered dose(mass),,,300,mg/kg/d,Administered dose(mass),,
26444-49-5,"Cresyl diphenyl phosphate;Cresyldiphenyl phosphate;Diphenyl cresyl phosphate;diphenyl tolyl phosphate;Methylphenyl diphenyl ester, Phosphoric acid;Phosphoric acid, methylphenyl diphenyl ester",,,,,,,,,,,,,,,,,,,,,,,,,,,,,,,,,,,,,,,,,,,,,,,,,,,,,,,,,,,,,,,,,,,,,,,,,,,,,,,,,,,,,,,,,,,,,,,,,,,,,,,,,,,,,,,,,,,,,,,,,,,,,,,,Human Health Hazards#Repeated Dose Toxicity,Repeated Dose Toxicity HESS,mixture,NOEL,,False,No qualifier,Equal,,,,,,1993,,,,,,Rat,,,,,,,,,,,,,,,,,,,,,,,,,,SD,,OECD TG 422,,,,,,,,,,Proliferation,Male,Main,"National Institute of Health Sciences, Japan",Liver,ReproTox,Mitsubishi Chemical Safety Institute Ltd.,Histopathological findings,Oral (Gavage),300,mg/kg bdwt/d,Administered dose(mass),12,mg/kg bdwt/d,Administered dose(mass),25.6,,None,0,d,Time,,,,,,,,,,,,,,,,,,,,,,,,,,,,,,,,,,,,,,,,,,,,,,,,,,,,,,,,,,,,,,,Bile duct,,,,,,,,,,,,,,,,,,,,,,,,,,,,,,,,,,,,,,,,,,,,,,,,,,,,,,,,,,,,,,,,,,,,,,,,,,,,,,,,,,,,,,,,,,,,,,,,,,,,,,,,,,,,,,,,,,,,,,45,d,Time,300,mg/kg bdwt/d,Administered dose(mass),,,300,mg/kg/d,Administered dose(mass),,
26444-49-5,"Cresyl diphenyl phosphate;Cresyldiphenyl phosphate;Diphenyl cresyl phosphate;diphenyl tolyl phosphate;Methylphenyl diphenyl ester, Phosphoric acid;Phosphoric acid, methylphenyl diphenyl ester",,,,,,,,,,,,,,,,,,,,,,,,,,,,,,,,,,,,,,,,,,,,,,,,,,,,,,,,,,,,,,,,,,,,,,,,,,,,,,,,,,,,,,,,,,,,,,,,,,,,,,,,,,,,,,,,,,,,,,,,,,,,,,,,Human Health Hazards#Repeated Dose Toxicity,Repeated Dose Toxicity HESS,mixture,NOEL,,False,No qualifier,Equal,,,,,,1993,,,,,,Rat,,,,,,,,,,,,,,,,,,,,,,,,,,SD,,OECD TG 422,,,,,,,,,,Relative Organ Weight↑,Male,Main,"National Institute of Health Sciences, Japan",Liver,ReproTox,Mitsubishi Chemical Safety Institute Ltd.,Organ weights,Oral (Gavage),300,mg/kg bdwt/d,Administered dose(mass),12,mg/kg bdwt/d,Administered dose(mass),25.6,,None,0,d,Time,,,,,,,,,,,,,,,,,,,,,,,,,,,,,,,,,,,,,,,,,,,,,,,,,,,,,,,,,,,,,,,,,,,,,,,,,,,,,,,,,,,,,,,,,,,,,,,,,,,,,,,,,,,,,,,,,,,,,,,,,,,,,,,,,,,,,,,,,,,,,,,,,,,,,,,,,,,,,,,,,,,,,,,,,,,,,,,,,,,,,45,d,Time,12,mg/kg bdwt/d,Administered dose(mass),,,12,mg/kg/d,Administered dose(mass),,
26444-49-5,"Cresyl diphenyl phosphate;Cresyldiphenyl phosphate;Diphenyl cresyl phosphate;diphenyl tolyl phosphate;Methylphenyl diphenyl ester, Phosphoric acid;Phosphoric acid, methylphenyl diphenyl ester",,,,,,,,,,,,,,,,,,,,,,,,,,,,,,,,,,,,,,,,,,,,,,,,,,,,,,,,,,,,,,,,,,,,,,,,,,,,,,,,,,,,,,,,,,,,,,,,,,,,,,,,,,,,,,,,,,,,,,,,,,,,,,,,Human Health Hazards#Repeated Dose Toxicity,Repeated Dose Toxicity HESS,mixture,NOEL,,False,No qualifier,Equal,,,,,,1993,,,,,,Rat,,,,,,,,,,,,,,,,,,,,,,,,,,SD,,OECD TG 422,,,,,,,,,,Relative Organ Weight↓,Male,Main,"National Institute of Health Sciences, Japan",Liver,ReproTox,Mitsubishi Chemical Safety Institute Ltd.,Organ weights,Oral (Gavage),300,mg/kg bdwt/d,Administered dose(mass),12,mg/kg bdwt/d,Administered dose(mass),25.6,,None,0,d,Time,,,,,,,,,,,,,,,,,,,,,,,,,,,,,,,,,,,,,,,,,,,,,,,,,,,,,,,,,,,,,,,,,,,,,,,,,,,,,,,,,,,,,,,,,,,,,,,,,,,,,,,,,,,,,,,,,,,,,,,,,,,,,,,,,,,,,,,,,,,,,,,,,,,,,,,,,,,,,,,,,,,,,,,,,,,,,,,,,,,,,45,d,Time,300,mg/kg bdwt/d,Administered dose(mass),,,300,mg/kg/d,Administered dose(mass),,
26444-49-5,"Cresyl diphenyl phosphate;Cresyldiphenyl phosphate;Diphenyl cresyl phosphate;diphenyl tolyl phosphate;Methylphenyl diphenyl ester, Phosphoric acid;Phosphoric acid, methylphenyl diphenyl ester",,,,,,,,,,,,,,,,,,,,,,,,,,,,,,,,,,,,,,,,,,,,,,,,,,,,,,,,,,,,,,,,,,,,,,,,,,,,,,,,,,,,,,,,,,,,,,,,,,,,,,,,,,,,,,,,,,,,,,,,,,,,,,,,Human Health Hazards#Repeated Dose Toxicity,Repeated Dose Toxicity HESS,mixture,NOEL,,False,No qualifier,Equal,,,,,,1993,,,,,,Rat,,,,,,,,,,,,,,,,,,,,,,,,,,SD,,OECD TG 422,,,,,,,,,,,Male,Main,"National Institute of Health Sciences, Japan",Lung,ReproTox,Mitsubishi Chemical Safety Institute Ltd.,Necropsy,Oral (Gavage),300,mg/kg bdwt/d,Administered dose(mass),12,mg/kg bdwt/d,Administered dose(mass),25.6,,None,0,d,Time,,,,,,,,,,,,,,,,,,,,,,,,,,,,,,,,,,,,,,,,,,,,,,,,,,,,,,,,,,,,,,,,,,,,,,,,,,,,,,,,,,,,,,,,,,,,,,,,,,,,,,,,,,,,,,,,,,,,,,,,,,,,,,,,,,,,,,,,,,,,,,,,,,,,,,,,,,,,,,,,,,,,,,,,,,,,,,,,,,,,,45,d,Time,300,mg/kg bdwt/d,Administered dose(mass),,,300,mg/kg/d,Administered dose(mass),,
26444-49-5,"Cresyl diphenyl phosphate;Cresyldiphenyl phosphate;Diphenyl cresyl phosphate;diphenyl tolyl phosphate;Methylphenyl diphenyl ester, Phosphoric acid;Phosphoric acid, methylphenyl diphenyl ester",,,,,,,,,,,,,,,,,,,,,,,,,,,,,,,,,,,,,,,,,,,,,,,,,,,,,,,,,,,,,,,,,,,,,,,,,,,,,,,,,,,,,,,,,,,,,,,,,,,,,,,,,,,,,,,,,,,,,,,,,,,,,,,,Human Health Hazards#Repeated Dose Toxicity,Repeated Dose Toxicity HESS,mixture,NOEL,,False,No qualifier,Equal,,,,,,1993,,,,,,Rat,,,,,,,,,,,,,,,,,,,,,,,,,,SD,,OECD TG 422,,,,,,,,,,,Male,Main,"National Institute of Health Sciences, Japan",Lymph node,ReproTox,Mitsubishi Chemical Safety Institute Ltd.,Necropsy,Oral (Gavage),300,mg/kg bdwt/d,Administered dose(mass),12,mg/kg bdwt/d,Administered dose(mass),25.6,,None,0,d,Time,,,,,,,,,,,,,,,,,,,,,,,,,,,,,,,,,,,,,,,,,,,,,,,,,,,,,,,,,,,,,,,,,,,,,,,,,,,,,,,,,,,,,,,,,,,,,,,,,,,,,,,,,,,,,,,,,,,,,,,,,,,,,,,,,,,,,,,,,,,,,,,,,,,,,,,,,,,,,,,,,,,,,,,,,,,,,,,,,,,,,45,d,Time,300,mg/kg bdwt/d,Administered dose(mass),,,300,mg/kg/d,Administered dose(mass),,
26444-49-5,"Cresyl diphenyl phosphate;Cresyldiphenyl phosphate;Diphenyl cresyl phosphate;diphenyl tolyl phosphate;Methylphenyl diphenyl ester, Phosphoric acid;Phosphoric acid, methylphenyl diphenyl ester",,,,,,,,,,,,,,,,,,,,,,,,,,,,,,,,,,,,,,,,,,,,,,,,,,,,,,,,,,,,,,,,,,,,,,,,,,,,,,,,,,,,,,,,,,,,,,,,,,,,,,,,,,,,,,,,,,,,,,,,,,,,,,,,Human Health Hazards#Repeated Dose Toxicity,Repeated Dose Toxicity HESS,mixture,NOEL,,False,No qualifier,Equal,,,,,,1993,,,,,,Rat,,,,,,,,,,,,,,,,,,,,,,,,,,SD,,OECD TG 422,,,,,,,,,,,Male,Main,"National Institute of Health Sciences, Japan",Other organs,ReproTox,Mitsubishi Chemical Safety Institute Ltd.,Necropsy,Oral (Gavage),300,mg/kg bdwt/d,Administered dose(mass),12,mg/kg bdwt/d,Administered dose(mass),25.6,,None,0,d,Time,,,,,,,,,,,,,,,,,,,,,,,,,,,,,,,,,,,,,,,,,,,,,,,,,,,,,,,,,,,,,,,,,,,,,,,,,,,,,,,,,,,,,,,,,,,,,,,,,,,,,,,,,,,,,,,,,,,,,,,,,,,,,,,,,,,,,,,,,,,,,,,,,,,,,,,,,,,,,,,,,,,,,,,,,,,,,,,,,,,,,45,d,Time,300,mg/kg bdwt/d,Administered dose(mass),,,300,mg/kg/d,Administered dose(mass),,
26444-49-5,"Cresyl diphenyl phosphate;Cresyldiphenyl phosphate;Diphenyl cresyl phosphate;diphenyl tolyl phosphate;Methylphenyl diphenyl ester, Phosphoric acid;Phosphoric acid, methylphenyl diphenyl ester",,,,,,,,,,,,,,,,,,,,,,,,,,,,,,,,,,,,,,,,,,,,,,,,,,,,,,,,,,,,,,,,,,,,,,,,,,,,,,,,,,,,,,,,,,,,,,,,,,,,,,,,,,,,,,,,,,,,,,,,,,,,,,,,Human Health Hazards#Repeated Dose Toxicity,Repeated Dose Toxicity HESS,mixture,NOEL,,False,No qualifier,Equal,,,,,,1993,,,,,,Rat,,,,,,,,,,,,,,,,,,,,,,,,,,SD,,OECD TG 422,,,,,,,,,,,Male,Main,"National Institute of Health Sciences, Japan",Pancreas,ReproTox,Mitsubishi Chemical Safety Institute Ltd.,Necropsy,Oral (Gavage),300,mg/kg bdwt/d,Administered dose(mass),12,mg/kg bdwt/d,Administered dose(mass),25.6,,None,0,d,Time,,,,,,,,,,,,,,,,,,,,,,,,,,,,,,,,,,,,,,,,,,,,,,,,,,,,,,,,,,,,,,,,,,,,,,,,,,,,,,,,,,,,,,,,,,,,,,,,,,,,,,,,,,,,,,,,,,,,,,,,,,,,,,,,,,,,,,,,,,,,,,,,,,,,,,,,,,,,,,,,,,,,,,,,,,,,,,,,,,,,,45,d,Time,300,mg/kg bdwt/d,Administered dose(mass),,,300,mg/kg/d,Administered dose(mass),,
26444-49-5,"Cresyl diphenyl phosphate;Cresyldiphenyl phosphate;Diphenyl cresyl phosphate;diphenyl tolyl phosphate;Methylphenyl diphenyl ester, Phosphoric acid;Phosphoric acid, methylphenyl diphenyl ester",,,,,,,,,,,,,,,,,,,,,,,,,,,,,,,,,,,,,,,,,,,,,,,,,,,,,,,,,,,,,,,,,,,,,,,,,,,,,,,,,,,,,,,,,,,,,,,,,,,,,,,,,,,,,,,,,,,,,,,,,,,,,,,,Human Health Hazards#Repeated Dose Toxicity,Repeated Dose Toxicity HESS,mixture,NOEL,,False,No qualifier,Equal,,,,,,1993,,,,,,Rat,,,,,,,,,,,,,,,,,,,,,,,,,,SD,,OECD TG 422,,,,,,,,,,Atrophy (Necropsy),Male,Main,"National Institute of Health Sciences, Japan",Pituitary,ReproTox,Mitsubishi Chemical Safety Institute Ltd.,Necropsy,Oral (Gavage),300,mg/kg bdwt/d,Administered dose(mass),12,mg/kg bdwt/d,Administered dose(mass),25.6,,None,0,d,Time,,,,,,,,,,,,,,,,,,,,,,,,,,,,,,,,,,,,,,,,,,,,,,,,,,,,,,,,,,,,,,,,,,,,,,,,,,,,,,,,,,,,,,,,,,,,,,,,,,,,,,,,,,,,,,,,,,,,,,,,,,,,,,,,,,,,,,,,,,,,,,,,,,,,,,,,,,,,,,,,,,,,,,,,,,,,,,,,,,,,,45,d,Time,300,mg/kg bdwt/d,Administered dose(mass),,,300,mg/kg/d,Administered dose(mass),,
26444-49-5,"Cresyl diphenyl phosphate;Cresyldiphenyl phosphate;Diphenyl cresyl phosphate;diphenyl tolyl phosphate;Methylphenyl diphenyl ester, Phosphoric acid;Phosphoric acid, methylphenyl diphenyl ester",,,,,,,,,,,,,,,,,,,,,,,,,,,,,,,,,,,,,,,,,,,,,,,,,,,,,,,,,,,,,,,,,,,,,,,,,,,,,,,,,,,,,,,,,,,,,,,,,,,,,,,,,,,,,,,,,,,,,,,,,,,,,,,,Human Health Hazards#Repeated Dose Toxicity,Repeated Dose Toxicity HESS,mixture,NOEL,,False,No qualifier,Equal,,,,,,1993,,,,,,Rat,,,,,,,,,,,,,,,,,,,,,,,,,,SD,,OECD TG 422,,,,,,,,,,Enlarged (Necropsy),Male,Main,"National Institute of Health Sciences, Japan",Pituitary,ReproTox,Mitsubishi Chemical Safety Institute Ltd.,Necropsy,Oral (Gavage),300,mg/kg bdwt/d,Administered dose(mass),12,mg/kg bdwt/d,Administered dose(mass),25.6,,None,0,d,Time,,,,,,,,,,,,,,,,,,,,,,,,,,,,,,,,,,,,,,,,,,,,,,,,,,,,,,,,,,,,,,,,,,,,,,,,,,,,,,,,,,,,,,,,,,,,,,,,,,,,,,,,,,,,,,,,,,,,,,,,,,,,,,,,,,,,,,,,,,,,,,,,,,,,,,,,,,,,,,,,,,,,,,,,,,,,,,,,,,,,,45,d,Time,300,mg/kg bdwt/d,Administered dose(mass),,,300,mg/kg/d,Administered dose(mass),,
26444-49-5,"Cresyl diphenyl phosphate;Cresyldiphenyl phosphate;Diphenyl cresyl phosphate;diphenyl tolyl phosphate;Methylphenyl diphenyl ester, Phosphoric acid;Phosphoric acid, methylphenyl diphenyl ester",,,,,,,,,,,,,,,,,,,,,,,,,,,,,,,,,,,,,,,,,,,,,,,,,,,,,,,,,,,,,,,,,,,,,,,,,,,,,,,,,,,,,,,,,,,,,,,,,,,,,,,,,,,,,,,,,,,,,,,,,,,,,,,,Human Health Hazards#Repeated Dose Toxicity,Repeated Dose Toxicity HESS,mixture,NOEL,,False,No qualifier,Equal,,,,,,1993,,,,,,Rat,,,,,,,,,,,,,,,,,,,,,,,,,,SD,,OECD TG 422,,,,,,,,,,Other Findings,Male,Main,"National Institute of Health Sciences, Japan",Pituitary,ReproTox,Mitsubishi Chemical Safety Institute Ltd.,Necropsy,Oral (Gavage),300,mg/kg bdwt/d,Administered dose(mass),12,mg/kg bdwt/d,Administered dose(mass),25.6,,None,0,d,Time,,,,,,,,,,,,,,,,,,,,,,,,,,,,,,,,,,,,,,,,,,,,,,,,,,,,,,,,,,,,,,,,,,,,,,,,,,,,,,,,,,,,,,,,,,,,,,,,,,,,,,,,,,,,,,,,,,,,,,,,,,,,,,,,,,,,,,,,,,,,,,,,,,,,,,,,,,,,,,,,,,,,,,,,,,,,,,,,,,,,,45,d,Time,300,mg/kg bdwt/d,Administered dose(mass),,,300,mg/kg/d,Administered dose(mass),,
26444-49-5,"Cresyl diphenyl phosphate;Cresyldiphenyl phosphate;Diphenyl cresyl phosphate;diphenyl tolyl phosphate;Methylphenyl diphenyl ester, Phosphoric acid;Phosphoric acid, methylphenyl diphenyl ester",,,,,,,,,,,,,,,,,,,,,,,,,,,,,,,,,,,,,,,,,,,,,,,,,,,,,,,,,,,,,,,,,,,,,,,,,,,,,,,,,,,,,,,,,,,,,,,,,,,,,,,,,,,,,,,,,,,,,,,,,,,,,,,,Human Health Hazards#Repeated Dose Toxicity,Repeated Dose Toxicity HESS,mixture,NOEL,,False,No qualifier,Equal,,,,,,1993,,,,,,Rat,,,,,,,,,,,,,,,,,,,,,,,,,,SD,,OECD TG 422,,,,,,,,,,,Male,Main,"National Institute of Health Sciences, Japan",Prostate,ReproTox,Mitsubishi Chemical Safety Institute Ltd.,Necropsy,Oral (Gavage),300,mg/kg bdwt/d,Administered dose(mass),12,mg/kg bdwt/d,Administered dose(mass),25.6,,None,0,d,Time,,,,,,,,,,,,,,,,,,,,,,,,,,,,,,,,,,,,,,,,,,,,,,,,,,,,,,,,,,,,,,,,,,,,,,,,,,,,,,,,,,,,,,,,,,,,,,,,,,,,,,,,,,,,,,,,,,,,,,,,,,,,,,,,,,,,,,,,,,,,,,,,,,,,,,,,,,,,,,,,,,,,,,,,,,,,,,,,,,,,,45,d,Time,300,mg/kg bdwt/d,Administered dose(mass),,,300,mg/kg/d,Administered dose(mass),,
26444-49-5,"Cresyl diphenyl phosphate;Cresyldiphenyl phosphate;Diphenyl cresyl phosphate;diphenyl tolyl phosphate;Methylphenyl diphenyl ester, Phosphoric acid;Phosphoric acid, methylphenyl diphenyl ester",,,,,,,,,,,,,,,,,,,,,,,,,,,,,,,,,,,,,,,,,,,,,,,,,,,,,,,,,,,,,,,,,,,,,,,,,,,,,,,,,,,,,,,,,,,,,,,,,,,,,,,,,,,,,,,,,,,,,,,,,,,,,,,,Human Health Hazards#Repeated Dose Toxicity,Repeated Dose Toxicity HESS,mixture,NOEL,,False,No qualifier,Equal,,,,,,1993,,,,,,Rat,,,,,,,,,,,,,,,,,,,,,,,,,,SD,,OECD TG 422,,,,,,,,,,,Male,Main,"National Institute of Health Sciences, Japan",Salivary gland,ReproTox,Mitsubishi Chemical Safety Institute Ltd.,Necropsy,Oral (Gavage),300,mg/kg bdwt/d,Administered dose(mass),12,mg/kg bdwt/d,Administered dose(mass),25.6,,None,0,d,Time,,,,,,,,,,,,,,,,,,,,,,,,,,,,,,,,,,,,,,,,,,,,,,,,,,,,,,,,,,,,,,,,,,,,,,,,,,,,,,,,,,,,,,,,,,,,,,,,,,,,,,,,,,,,,,,,,,,,,,,,,,,,,,,,,,,,,,,,,,,,,,,,,,,,,,,,,,,,,,,,,,,,,,,,,,,,,,,,,,,,,45,d,Time,300,mg/kg bdwt/d,Administered dose(mass),,,300,mg/kg/d,Administered dose(mass),,
26444-49-5,"Cresyl diphenyl phosphate;Cresyldiphenyl phosphate;Diphenyl cresyl phosphate;diphenyl tolyl phosphate;Methylphenyl diphenyl ester, Phosphoric acid;Phosphoric acid, methylphenyl diphenyl ester",,,,,,,,,,,,,,,,,,,,,,,,,,,,,,,,,,,,,,,,,,,,,,,,,,,,,,,,,,,,,,,,,,,,,,,,,,,,,,,,,,,,,,,,,,,,,,,,,,,,,,,,,,,,,,,,,,,,,,,,,,,,,,,,Human Health Hazards#Repeated Dose Toxicity,Repeated Dose Toxicity HESS,mixture,NOEL,,False,No qualifier,Equal,,,,,,1993,,,,,,Rat,,,,,,,,,,,,,,,,,,,,,,,,,,SD,,OECD TG 422,,,,,,,,,,Degeneration Nerve Fiber,Male,Main,"National Institute of Health Sciences, Japan",Sciatic nerve,ReproTox,Mitsubishi Chemical Safety Institute Ltd.,Histopathological findings,Oral (Gavage),300,mg/kg bdwt/d,Administered dose(mass),12,mg/kg bdwt/d,Administered dose(mass),25.6,,None,0,d,Time,,,,,,,,,,,,,,,,,,,,,,,,,,,,,,,,,,,,,,,,,,,,,,,,,,,,,,,,,,,,,,,,,,,,,,,,,,,,,,,,,,,,,,,,,,,,,,,,,,,,,,,,,,,,,,,,,,,,,,,,,,,,,,,,,,,,,,,,,,,,,,,,,,,,,,,,,,,,,,,,,,,,,,,,,,,,,,,,,,,,,45,d,Time,300,mg/kg bdwt/d,Administered dose(mass),,,300,mg/kg/d,Administered dose(mass),,
26444-49-5,"Cresyl diphenyl phosphate;Cresyldiphenyl phosphate;Diphenyl cresyl phosphate;diphenyl tolyl phosphate;Methylphenyl diphenyl ester, Phosphoric acid;Phosphoric acid, methylphenyl diphenyl ester",,,,,,,,,,,,,,,,,,,,,,,,,,,,,,,,,,,,,,,,,,,,,,,,,,,,,,,,,,,,,,,,,,,,,,,,,,,,,,,,,,,,,,,,,,,,,,,,,,,,,,,,,,,,,,,,,,,,,,,,,,,,,,,,Human Health Hazards#Repeated Dose Toxicity,Repeated Dose Toxicity HESS,mixture,NOEL,,False,No qualifier,Equal,,,,,,1993,,,,,,Rat,,,,,,,,,,,,,,,,,,,,,,,,,,SD,,OECD TG 422,,,,,,,,,,Other Findings,Male,Main,"National Institute of Health Sciences, Japan",Sciatic nerve,ReproTox,Mitsubishi Chemical Safety Institute Ltd.,Histopathological findings,Oral (Gavage),300,mg/kg bdwt/d,Administered dose(mass),12,mg/kg bdwt/d,Administered dose(mass),25.6,,None,0,d,Time,,,,,,,,,,,,,,,,,,,,,,,,,,,,,,,,,,,,,,,,,,,,,,,,,,,,,,,,,,,,,,,,,,,,,,,,,,,,,,,,,,,,,,,,,,,,,,,,,,,,,,,,,,,,,,,,,,,,,,,,,,,,,,,,,,,,,,,,,,,,,,,,,,,,,,,,,,,,,,,,,,,,,,,,,,,,,,,,,,,,,45,d,Time,300,mg/kg bdwt/d,Administered dose(mass),,,300,mg/kg/d,Administered dose(mass),,
26444-49-5,"Cresyl diphenyl phosphate;Cresyldiphenyl phosphate;Diphenyl cresyl phosphate;diphenyl tolyl phosphate;Methylphenyl diphenyl ester, Phosphoric acid;Phosphoric acid, methylphenyl diphenyl ester",,,,,,,,,,,,,,,,,,,,,,,,,,,,,,,,,,,,,,,,,,,,,,,,,,,,,,,,,,,,,,,,,,,,,,,,,,,,,,,,,,,,,,,,,,,,,,,,,,,,,,,,,,,,,,,,,,,,,,,,,,,,,,,,Human Health Hazards#Repeated Dose Toxicity,Repeated Dose Toxicity HESS,mixture,NOEL,,False,No qualifier,Equal,,,,,,1993,,,,,,Rat,,,,,,,,,,,,,,,,,,,,,,,,,,SD,,OECD TG 422,,,,,,,,,,,Male,Main,"National Institute of Health Sciences, Japan",Sciatic nerve,ReproTox,Mitsubishi Chemical Safety Institute Ltd.,Necropsy,Oral (Gavage),300,mg/kg bdwt/d,Administered dose(mass),12,mg/kg bdwt/d,Administered dose(mass),25.6,,None,0,d,Time,,,,,,,,,,,,,,,,,,,,,,,,,,,,,,,,,,,,,,,,,,,,,,,,,,,,,,,,,,,,,,,,,,,,,,,,,,,,,,,,,,,,,,,,,,,,,,,,,,,,,,,,,,,,,,,,,,,,,,,,,,,,,,,,,,,,,,,,,,,,,,,,,,,,,,,,,,,,,,,,,,,,,,,,,,,,,,,,,,,,,45,d,Time,300,mg/kg bdwt/d,Administered dose(mass),,,300,mg/kg/d,Administered dose(mass),,
26444-49-5,"Cresyl diphenyl phosphate;Cresyldiphenyl phosphate;Diphenyl cresyl phosphate;diphenyl tolyl phosphate;Methylphenyl diphenyl ester, Phosphoric acid;Phosphoric acid, methylphenyl diphenyl ester",,,,,,,,,,,,,,,,,,,,,,,,,,,,,,,,,,,,,,,,,,,,,,,,,,,,,,,,,,,,,,,,,,,,,,,,,,,,,,,,,,,,,,,,,,,,,,,,,,,,,,,,,,,,,,,,,,,,,,,,,,,,,,,,Human Health Hazards#Repeated Dose Toxicity,Repeated Dose Toxicity HESS,mixture,NOEL,,False,No qualifier,Equal,,,,,,1993,,,,,,Rat,,,,,,,,,,,,,,,,,,,,,,,,,,SD,,OECD TG 422,,,,,,,,,,,Male,Main,"National Institute of Health Sciences, Japan",Small intestine (Duodenum),ReproTox,Mitsubishi Chemical Safety Institute Ltd.,Histopathological findings,Oral (Gavage),300,mg/kg bdwt/d,Administered dose(mass),12,mg/kg bdwt/d,Administered dose(mass),25.6,,None,0,d,Time,,,,,,,,,,,,,,,,,,,,,,,,,,,,,,,,,,,,,,,,,,,,,,,,,,,,,,,,,,,,,,,,,,,,,,,,,,,,,,,,,,,,,,,,,,,,,,,,,,,,,,,,,,,,,,,,,,,,,,,,,,,,,,,,,,,,,,,,,,,,,,,,,,,,,,,,,,,,,,,,,,,,,,,,,,,,,,,,,,,,,45,d,Time,300,mg/kg bdwt/d,Administered dose(mass),,,300,mg/kg/d,Administered dose(mass),,
26444-49-5,"Cresyl diphenyl phosphate;Cresyldiphenyl phosphate;Diphenyl cresyl phosphate;diphenyl tolyl phosphate;Methylphenyl diphenyl ester, Phosphoric acid;Phosphoric acid, methylphenyl diphenyl ester",,,,,,,,,,,,,,,,,,,,,,,,,,,,,,,,,,,,,,,,,,,,,,,,,,,,,,,,,,,,,,,,,,,,,,,,,,,,,,,,,,,,,,,,,,,,,,,,,,,,,,,,,,,,,,,,,,,,,,,,,,,,,,,,Human Health Hazards#Repeated Dose Toxicity,Repeated Dose Toxicity HESS,mixture,NOEL,,False,No qualifier,Equal,,,,,,1993,,,,,,Rat,,,,,,,,,,,,,,,,,,,,,,,,,,SD,,OECD TG 422,,,,,,,,,,,Male,Main,"National Institute of Health Sciences, Japan",Small intestine (Duodenum),ReproTox,Mitsubishi Chemical Safety Institute Ltd.,Necropsy,Oral (Gavage),300,mg/kg bdwt/d,Administered dose(mass),12,mg/kg bdwt/d,Administered dose(mass),25.6,,None,0,d,Time,,,,,,,,,,,,,,,,,,,,,,,,,,,,,,,,,,,,,,,,,,,,,,,,,,,,,,,,,,,,,,,,,,,,,,,,,,,,,,,,,,,,,,,,,,,,,,,,,,,,,,,,,,,,,,,,,,,,,,,,,,,,,,,,,,,,,,,,,,,,,,,,,,,,,,,,,,,,,,,,,,,,,,,,,,,,,,,,,,,,,45,d,Time,300,mg/kg bdwt/d,Administered dose(mass),,,300,mg/kg/d,Administered dose(mass),,
26444-49-5,"Cresyl diphenyl phosphate;Cresyldiphenyl phosphate;Diphenyl cresyl phosphate;diphenyl tolyl phosphate;Methylphenyl diphenyl ester, Phosphoric acid;Phosphoric acid, methylphenyl diphenyl ester",,,,,,,,,,,,,,,,,,,,,,,,,,,,,,,,,,,,,,,,,,,,,,,,,,,,,,,,,,,,,,,,,,,,,,,,,,,,,,,,,,,,,,,,,,,,,,,,,,,,,,,,,,,,,,,,,,,,,,,,,,,,,,,,Human Health Hazards#Repeated Dose Toxicity,Repeated Dose Toxicity HESS,mixture,NOEL,,False,No qualifier,Equal,,,,,,1993,,,,,,Rat,,,,,,,,,,,,,,,,,,,,,,,,,,SD,,OECD TG 422,,,,,,,,,,,Male,Main,"National Institute of Health Sciences, Japan",Small intestine (Ileum),ReproTox,Mitsubishi Chemical Safety Institute Ltd.,Histopathological findings,Oral (Gavage),300,mg/kg bdwt/d,Administered dose(mass),12,mg/kg bdwt/d,Administered dose(mass),25.6,,None,0,d,Time,,,,,,,,,,,,,,,,,,,,,,,,,,,,,,,,,,,,,,,,,,,,,,,,,,,,,,,,,,,,,,,,,,,,,,,,,,,,,,,,,,,,,,,,,,,,,,,,,,,,,,,,,,,,,,,,,,,,,,,,,,,,,,,,,,,,,,,,,,,,,,,,,,,,,,,,,,,,,,,,,,,,,,,,,,,,,,,,,,,,,45,d,Time,300,mg/kg bdwt/d,Administered dose(mass),,,300,mg/kg/d,Administered dose(mass),,
26444-49-5,"Cresyl diphenyl phosphate;Cresyldiphenyl phosphate;Diphenyl cresyl phosphate;diphenyl tolyl phosphate;Methylphenyl diphenyl ester, Phosphoric acid;Phosphoric acid, methylphenyl diphenyl ester",,,,,,,,,,,,,,,,,,,,,,,,,,,,,,,,,,,,,,,,,,,,,,,,,,,,,,,,,,,,,,,,,,,,,,,,,,,,,,,,,,,,,,,,,,,,,,,,,,,,,,,,,,,,,,,,,,,,,,,,,,,,,,,,Human Health Hazards#Repeated Dose Toxicity,Repeated Dose Toxicity HESS,mixture,NOEL,,False,No qualifier,Equal,,,,,,1993,,,,,,Rat,,,,,,,,,,,,,,,,,,,,,,,,,,SD,,OECD TG 422,,,,,,,,,,,Male,Main,"National Institute of Health Sciences, Japan",Small intestine (Ileum),ReproTox,Mitsubishi Chemical Safety Institute Ltd.,Necropsy,Oral (Gavage),300,mg/kg bdwt/d,Administered dose(mass),12,mg/kg bdwt/d,Administered dose(mass),25.6,,None,0,d,Time,,,,,,,,,,,,,,,,,,,,,,,,,,,,,,,,,,,,,,,,,,,,,,,,,,,,,,,,,,,,,,,,,,,,,,,,,,,,,,,,,,,,,,,,,,,,,,,,,,,,,,,,,,,,,,,,,,,,,,,,,,,,,,,,,,,,,,,,,,,,,,,,,,,,,,,,,,,,,,,,,,,,,,,,,,,,,,,,,,,,,45,d,Time,300,mg/kg bdwt/d,Administered dose(mass),,,300,mg/kg/d,Administered dose(mass),,
26444-49-5,"Cresyl diphenyl phosphate;Cresyldiphenyl phosphate;Diphenyl cresyl phosphate;diphenyl tolyl phosphate;Methylphenyl diphenyl ester, Phosphoric acid;Phosphoric acid, methylphenyl diphenyl ester",,,,,,,,,,,,,,,,,,,,,,,,,,,,,,,,,,,,,,,,,,,,,,,,,,,,,,,,,,,,,,,,,,,,,,,,,,,,,,,,,,,,,,,,,,,,,,,,,,,,,,,,,,,,,,,,,,,,,,,,,,,,,,,,Human Health Hazards#Repeated Dose Toxicity,Repeated Dose Toxicity HESS,mixture,NOEL,,False,No qualifier,Equal,,,,,,1993,,,,,,Rat,,,,,,,,,,,,,,,,,,,,,,,,,,SD,,OECD TG 422,,,,,,,,,,,Male,Main,"National Institute of Health Sciences, Japan",Small intestine (Jejunum),ReproTox,Mitsubishi Chemical Safety Institute Ltd.,Necropsy,Oral (Gavage),300,mg/kg bdwt/d,Administered dose(mass),12,mg/kg bdwt/d,Administered dose(mass),25.6,,None,0,d,Time,,,,,,,,,,,,,,,,,,,,,,,,,,,,,,,,,,,,,,,,,,,,,,,,,,,,,,,,,,,,,,,,,,,,,,,,,,,,,,,,,,,,,,,,,,,,,,,,,,,,,,,,,,,,,,,,,,,,,,,,,,,,,,,,,,,,,,,,,,,,,,,,,,,,,,,,,,,,,,,,,,,,,,,,,,,,,,,,,,,,,45,d,Time,300,mg/kg bdwt/d,Administered dose(mass),,,300,mg/kg/d,Administered dose(mass),,
26444-49-5,"Cresyl diphenyl phosphate;Cresyldiphenyl phosphate;Diphenyl cresyl phosphate;diphenyl tolyl phosphate;Methylphenyl diphenyl ester, Phosphoric acid;Phosphoric acid, methylphenyl diphenyl ester",,,,,,,,,,,,,,,,,,,,,,,,,,,,,,,,,,,,,,,,,,,,,,,,,,,,,,,,,,,,,,,,,,,,,,,,,,,,,,,,,,,,,,,,,,,,,,,,,,,,,,,,,,,,,,,,,,,,,,,,,,,,,,,,Human Health Hazards#Repeated Dose Toxicity,Repeated Dose Toxicity HESS,mixture,NOEL,,False,No qualifier,Equal,,,,,,1993,,,,,,Rat,,,,,,,,,,,,,,,,,,,,,,,,,,SD,,OECD TG 422,,,,,,,,,,,Male,Main,"National Institute of Health Sciences, Japan",Small intestine (Jejunum),ReproTox,Mitsubishi Chemical Safety Institute Ltd.,Histopathological findings,Oral (Gavage),300,mg/kg bdwt/d,Administered dose(mass),12,mg/kg bdwt/d,Administered dose(mass),25.6,,None,0,d,Time,,,,,,,,,,,,,,,,,,,,,,,,,,,,,,,,,,,,,,,,,,,,,,,,,,,,,,,,,,,,,,,,,,,,,,,,,,,,,,,,,,,,,,,,,,,,,,,,,,,,,,,,,,,,,,,,,,,,,,,,,,,,,,,,,,,,,,,,,,,,,,,,,,,,,,,,,,,,,,,,,,,,,,,,,,,,,,,,,,,,,45,d,Time,300,mg/kg bdwt/d,Administered dose(mass),,,300,mg/kg/d,Administered dose(mass),,
26444-49-5,"Cresyl diphenyl phosphate;Cresyldiphenyl phosphate;Diphenyl cresyl phosphate;diphenyl tolyl phosphate;Methylphenyl diphenyl ester, Phosphoric acid;Phosphoric acid, methylphenyl diphenyl ester",,,,,,,,,,,,,,,,,,,,,,,,,,,,,,,,,,,,,,,,,,,,,,,,,,,,,,,,,,,,,,,,,,,,,,,,,,,,,,,,,,,,,,,,,,,,,,,,,,,,,,,,,,,,,,,,,,,,,,,,,,,,,,,,Human Health Hazards#Repeated Dose Toxicity,Repeated Dose Toxicity HESS,mixture,NOEL,,False,No qualifier,Equal,,,,,,1993,,,,,,Rat,,,,,,,,,,,,,,,,,,,,,,,,,,SD,,OECD TG 422,,,,,,,,,,Degeneration Nerve Fiber,Male,Main,"National Institute of Health Sciences, Japan",Spinal Cord,ReproTox,Mitsubishi Chemical Safety Institute Ltd.,Histopathological findings,Oral (Gavage),300,mg/kg bdwt/d,Administered dose(mass),12,mg/kg bdwt/d,Administered dose(mass),25.6,,None,0,d,Time,,,,,,,,,,,,,,,,,,,,,,,,,,,,,,,,,,,,,,,,,,,,,,,,,,,,,,,,,,,,,,,,,,,,,,,,,,,,,,,,,,,,,,,,,,,,,,,,,,,,,,,,,,,,,,,,,,,,,,,,,,,,,,,,,,,,,,,,,,,,,,,,,,,,,,,,,,,,,,,,,,,,,,,,,,,,,,,,,,,,,45,d,Time,300,mg/kg bdwt/d,Administered dose(mass),,,300,mg/kg/d,Administered dose(mass),,
26444-49-5,"Cresyl diphenyl phosphate;Cresyldiphenyl phosphate;Diphenyl cresyl phosphate;diphenyl tolyl phosphate;Methylphenyl diphenyl ester, Phosphoric acid;Phosphoric acid, methylphenyl diphenyl ester",,,,,,,,,,,,,,,,,,,,,,,,,,,,,,,,,,,,,,,,,,,,,,,,,,,,,,,,,,,,,,,,,,,,,,,,,,,,,,,,,,,,,,,,,,,,,,,,,,,,,,,,,,,,,,,,,,,,,,,,,,,,,,,,Human Health Hazards#Repeated Dose Toxicity,Repeated Dose Toxicity HESS,mixture,NOEL,,False,No qualifier,Equal,,,,,,1993,,,,,,Rat,,,,,,,,,,,,,,,,,,,,,,,,,,SD,,OECD TG 422,,,,,,,,,,Other Findings,Male,Main,"National Institute of Health Sciences, Japan",Spinal Cord,ReproTox,Mitsubishi Chemical Safety Institute Ltd.,Histopathological findings,Oral (Gavage),300,mg/kg bdwt/d,Administered dose(mass),12,mg/kg bdwt/d,Administered dose(mass),25.6,,None,0,d,Time,,,,,,,,,,,,,,,,,,,,,,,,,,,,,,,,,,,,,,,,,,,,,,,,,,,,,,,,,,,,,,,,,,,,,,,,,,,,,,,,,,,,,,,,,,,,,,,,,,,,,,,,,,,,,,,,,,,,,,,,,,,,,,,,,,,,,,,,,,,,,,,,,,,,,,,,,,,,,,,,,,,,,,,,,,,,,,,,,,,,,45,d,Time,300,mg/kg bdwt/d,Administered dose(mass),,,300,mg/kg/d,Administered dose(mass),,
26444-49-5,"Cresyl diphenyl phosphate;Cresyldiphenyl phosphate;Diphenyl cresyl phosphate;diphenyl tolyl phosphate;Methylphenyl diphenyl ester, Phosphoric acid;Phosphoric acid, methylphenyl diphenyl ester",,,,,,,,,,,,,,,,,,,,,,,,,,,,,,,,,,,,,,,,,,,,,,,,,,,,,,,,,,,,,,,,,,,,,,,,,,,,,,,,,,,,,,,,,,,,,,,,,,,,,,,,,,,,,,,,,,,,,,,,,,,,,,,,Human Health Hazards#Repeated Dose Toxicity,Repeated Dose Toxicity HESS,mixture,NOEL,,False,No qualifier,Equal,,,,,,1993,,,,,,Rat,,,,,,,,,,,,,,,,,,,,,,,,,,SD,,OECD TG 422,,,,,,,,,,,Male,Main,"National Institute of Health Sciences, Japan",Spinal Cord,ReproTox,Mitsubishi Chemical Safety Institute Ltd.,Necropsy,Oral (Gavage),300,mg/kg bdwt/d,Administered dose(mass),12,mg/kg bdwt/d,Administered dose(mass),25.6,,None,0,d,Time,,,,,,,,,,,,,,,,,,,,,,,,,,,,,,,,,,,,,,,,,,,,,,,,,,,,,,,,,,,,,,,,,,,,,,,,,,,,,,,,,,,,,,,,,,,,,,,,,,,,,,,,,,,,,,,,,,,,,,,,,,,,,,,,,,,,,,,,,,,,,,,,,,,,,,,,,,,,,,,,,,,,,,,,,,,,,,,,,,,,,45,d,Time,300,mg/kg bdwt/d,Administered dose(mass),,,300,mg/kg/d,Administered dose(mass),,
26444-49-5,"Cresyl diphenyl phosphate;Cresyldiphenyl phosphate;Diphenyl cresyl phosphate;diphenyl tolyl phosphate;Methylphenyl diphenyl ester, Phosphoric acid;Phosphoric acid, methylphenyl diphenyl ester",,,,,,,,,,,,,,,,,,,,,,,,,,,,,,,,,,,,,,,,,,,,,,,,,,,,,,,,,,,,,,,,,,,,,,,,,,,,,,,,,,,,,,,,,,,,,,,,,,,,,,,,,,,,,,,,,,,,,,,,,,,,,,,,Human Health Hazards#Repeated Dose Toxicity,Repeated Dose Toxicity HESS,mixture,NOEL,,False,No qualifier,Equal,,,,,,1993,,,,,,Rat,,,,,,,,,,,,,,,,,,,,,,,,,,SD,,OECD TG 422,,,,,,,,,,Atrophy,Male,Main,"National Institute of Health Sciences, Japan",Spleen,ReproTox,Mitsubishi Chemical Safety Institute Ltd.,Histopathological findings,Oral (Gavage),300,mg/kg bdwt/d,Administered dose(mass),12,mg/kg bdwt/d,Administered dose(mass),25.6,,None,0,d,Time,,,,,,,,,,,,,,,,,,,,,,,,,,,,,,,,,,,,,,,,,,,,,,,,,,,,,,,,,,,,,,,Lymph follicle,,,,,,,,,,,,,,,,,,,,,,,,,,,,,,,,,,,,,,,,,,,,,,,,,,,,,,,,,,,,,,,,,,,,,,,,,,,,,,,,,,,,,,,,,,,,,,,,,,,,,,,,,,,,,,,,,,,,,,45,d,Time,300,mg/kg bdwt/d,Administered dose(mass),,,300,mg/kg/d,Administered dose(mass),,
26444-49-5,"Cresyl diphenyl phosphate;Cresyldiphenyl phosphate;Diphenyl cresyl phosphate;diphenyl tolyl phosphate;Methylphenyl diphenyl ester, Phosphoric acid;Phosphoric acid, methylphenyl diphenyl ester",,,,,,,,,,,,,,,,,,,,,,,,,,,,,,,,,,,,,,,,,,,,,,,,,,,,,,,,,,,,,,,,,,,,,,,,,,,,,,,,,,,,,,,,,,,,,,,,,,,,,,,,,,,,,,,,,,,,,,,,,,,,,,,,Human Health Hazards#Repeated Dose Toxicity,Repeated Dose Toxicity HESS,mixture,NOEL,,False,No qualifier,Equal,,,,,,1993,,,,,,Rat,,,,,,,,,,,,,,,,,,,,,,,,,,SD,,OECD TG 422,,,,,,,,,,Atrophy (Necropsy),Male,Main,"National Institute of Health Sciences, Japan",Spleen,ReproTox,Mitsubishi Chemical Safety Institute Ltd.,Necropsy,Oral (Gavage),300,mg/kg bdwt/d,Administered dose(mass),12,mg/kg bdwt/d,Administered dose(mass),25.6,,None,0,d,Time,,,,,,,,,,,,,,,,,,,,,,,,,,,,,,,,,,,,,,,,,,,,,,,,,,,,,,,,,,,,,,,,,,,,,,,,,,,,,,,,,,,,,,,,,,,,,,,,,,,,,,,,,,,,,,,,,,,,,,,,,,,,,,,,,,,,,,,,,,,,,,,,,,,,,,,,,,,,,,,,,,,,,,,,,,,,,,,,,,,,,45,d,Time,300,mg/kg bdwt/d,Administered dose(mass),,,300,mg/kg/d,Administered dose(mass),,
26444-49-5,"Cresyl diphenyl phosphate;Cresyldiphenyl phosphate;Diphenyl cresyl phosphate;diphenyl tolyl phosphate;Methylphenyl diphenyl ester, Phosphoric acid;Phosphoric acid, methylphenyl diphenyl ester",,,,,,,,,,,,,,,,,,,,,,,,,,,,,,,,,,,,,,,,,,,,,,,,,,,,,,,,,,,,,,,,,,,,,,,,,,,,,,,,,,,,,,,,,,,,,,,,,,,,,,,,,,,,,,,,,,,,,,,,,,,,,,,,Human Health Hazards#Repeated Dose Toxicity,Repeated Dose Toxicity HESS,mixture,NOEL,,False,No qualifier,Equal,,,,,,1993,,,,,,Rat,,,,,,,,,,,,,,,,,,,,,,,,,,SD,,OECD TG 422,,,,,,,,,,Congestion,Male,Main,"National Institute of Health Sciences, Japan",Spleen,ReproTox,Mitsubishi Chemical Safety Institute Ltd.,Histopathological findings,Oral (Gavage),300,mg/kg bdwt/d,Administered dose(mass),12,mg/kg bdwt/d,Administered dose(mass),25.6,,None,0,d,Time,,,,,,,,,,,,,,,,,,,,,,,,,,,,,,,,,,,,,,,,,,,,,,,,,,,,,,,,,,,,,,,,,,,,,,,,,,,,,,,,,,,,,,,,,,,,,,,,,,,,,,,,,,,,,,,,,,,,,,,,,,,,,,,,,,,,,,,,,,,,,,,,,,,,,,,,,,,,,,,,,,,,,,,,,,,,,,,,,,,,,45,d,Time,300,mg/kg bdwt/d,Administered dose(mass),,,300,mg/kg/d,Administered dose(mass),,
26444-49-5,"Cresyl diphenyl phosphate;Cresyldiphenyl phosphate;Diphenyl cresyl phosphate;diphenyl tolyl phosphate;Methylphenyl diphenyl ester, Phosphoric acid;Phosphoric acid, methylphenyl diphenyl ester",,,,,,,,,,,,,,,,,,,,,,,,,,,,,,,,,,,,,,,,,,,,,,,,,,,,,,,,,,,,,,,,,,,,,,,,,,,,,,,,,,,,,,,,,,,,,,,,,,,,,,,,,,,,,,,,,,,,,,,,,,,,,,,,Human Health Hazards#Repeated Dose Toxicity,Repeated Dose Toxicity HESS,mixture,NOEL,,False,No qualifier,Equal,,,,,,1993,,,,,,Rat,,,,,,,,,,,,,,,,,,,,,,,,,,SD,,OECD TG 422,,,,,,,,,,Enlarged (Necropsy),Male,Main,"National Institute of Health Sciences, Japan",Spleen,ReproTox,Mitsubishi Chemical Safety Institute Ltd.,Necropsy,Oral (Gavage),300,mg/kg bdwt/d,Administered dose(mass),12,mg/kg bdwt/d,Administered dose(mass),25.6,,None,0,d,Time,,,,,,,,,,,,,,,,,,,,,,,,,,,,,,,,,,,,,,,,,,,,,,,,,,,,,,,,,,,,,,,,,,,,,,,,,,,,,,,,,,,,,,,,,,,,,,,,,,,,,,,,,,,,,,,,,,,,,,,,,,,,,,,,,,,,,,,,,,,,,,,,,,,,,,,,,,,,,,,,,,,,,,,,,,,,,,,,,,,,,45,d,Time,300,mg/kg bdwt/d,Administered dose(mass),,,300,mg/kg/d,Administered dose(mass),,
26444-49-5,"Cresyl diphenyl phosphate;Cresyldiphenyl phosphate;Diphenyl cresyl phosphate;diphenyl tolyl phosphate;Methylphenyl diphenyl ester, Phosphoric acid;Phosphoric acid, methylphenyl diphenyl ester",,,,,,,,,,,,,,,,,,,,,,,,,,,,,,,,,,,,,,,,,,,,,,,,,,,,,,,,,,,,,,,,,,,,,,,,,,,,,,,,,,,,,,,,,,,,,,,,,,,,,,,,,,,,,,,,,,,,,,,,,,,,,,,,Human Health Hazards#Repeated Dose Toxicity,Repeated Dose Toxicity HESS,mixture,NOEL,,False,No qualifier,Equal,,,,,,1993,,,,,,Rat,,,,,,,,,,,,,,,,,,,,,,,,,,SD,,OECD TG 422,,,,,,,,,,Extramedullary Hematopoiesis,Male,Main,"National Institute of Health Sciences, Japan",Spleen,ReproTox,Mitsubishi Chemical Safety Institute Ltd.,Histopathological findings,Oral (Gavage),300,mg/kg bdwt/d,Administered dose(mass),12,mg/kg bdwt/d,Administered dose(mass),25.6,,None,0,d,Time,,,,,,,,,,,,,,,,,,,,,,,,,,,,,,,,,,,,,,,,,,,,,,,,,,,,,,,,,,,,,,,,,,,,,,,,,,,,,,,,,,,,,,,,,,,,,,,,,,,,,,,,,,,,,,,,,,,,,,,,,,,,,,,,,,,,,,,,,,,,,,,,,,,,,,,,,,,,,,,,,,,,,,,,,,,,,,,,,,,,,45,d,Time,300,mg/kg bdwt/d,Administered dose(mass),,,300,mg/kg/d,Administered dose(mass),,
26444-49-5,"Cresyl diphenyl phosphate;Cresyldiphenyl phosphate;Diphenyl cresyl phosphate;diphenyl tolyl phosphate;Methylphenyl diphenyl ester, Phosphoric acid;Phosphoric acid, methylphenyl diphenyl ester",,,,,,,,,,,,,,,,,,,,,,,,,,,,,,,,,,,,,,,,,,,,,,,,,,,,,,,,,,,,,,,,,,,,,,,,,,,,,,,,,,,,,,,,,,,,,,,,,,,,,,,,,,,,,,,,,,,,,,,,,,,,,,,,Human Health Hazards#Repeated Dose Toxicity,Repeated Dose Toxicity HESS,mixture,NOEL,,False,No qualifier,Equal,,,,,,1993,,,,,,Rat,,,,,,,,,,,,,,,,,,,,,,,,,,SD,,OECD TG 422,,,,,,,,,,Fibrosis,Male,Main,"National Institute of Health Sciences, Japan",Spleen,ReproTox,Mitsubishi Chemical Safety Institute Ltd.,Histopathological findings,Oral (Gavage),300,mg/kg bdwt/d,Administered dose(mass),12,mg/kg bdwt/d,Administered dose(mass),25.6,,None,0,d,Time,,,,,,,,,,,,,,,,,,,,,,,,,,,,,,,,,,,,,,,,,,,,,,,,,,,,,,,,,,,,,,,,,,,,,,,,,,,,,,,,,,,,,,,,,,,,,,,,,,,,,,,,,,,,,,,,,,,,,,,,,,,,,,,,,,,,,,,,,,,,,,,,,,,,,,,,,,,,,,,,,,,,,,,,,,,,,,,,,,,,,45,d,Time,300,mg/kg bdwt/d,Administered dose(mass),,,300,mg/kg/d,Administered dose(mass),,
26444-49-5,"Cresyl diphenyl phosphate;Cresyldiphenyl phosphate;Diphenyl cresyl phosphate;diphenyl tolyl phosphate;Methylphenyl diphenyl ester, Phosphoric acid;Phosphoric acid, methylphenyl diphenyl ester",,,,,,,,,,,,,,,,,,,,,,,,,,,,,,,,,,,,,,,,,,,,,,,,,,,,,,,,,,,,,,,,,,,,,,,,,,,,,,,,,,,,,,,,,,,,,,,,,,,,,,,,,,,,,,,,,,,,,,,,,,,,,,,,Human Health Hazards#Repeated Dose Toxicity,Repeated Dose Toxicity HESS,mixture,NOEL,,False,No qualifier,Equal,,,,,,1993,,,,,,Rat,,,,,,,,,,,,,,,,,,,,,,,,,,SD,,OECD TG 422,,,,,,,,,,Hemorrhage,Male,Main,"National Institute of Health Sciences, Japan",Spleen,ReproTox,Mitsubishi Chemical Safety Institute Ltd.,Histopathological findings,Oral (Gavage),300,mg/kg bdwt/d,Administered dose(mass),12,mg/kg bdwt/d,Administered dose(mass),25.6,,None,0,d,Time,,,,,,,,,,,,,,,,,,,,,,,,,,,,,,,,,,,,,,,,,,,,,,,,,,,,,,,,,,,,,,,,,,,,,,,,,,,,,,,,,,,,,,,,,,,,,,,,,,,,,,,,,,,,,,,,,,,,,,,,,,,,,,,,,,,,,,,,,,,,,,,,,,,,,,,,,,,,,,,,,,,,,,,,,,,,,,,,,,,,,45,d,Time,300,mg/kg bdwt/d,Administered dose(mass),,,300,mg/kg/d,Administered dose(mass),,
26444-49-5,"Cresyl diphenyl phosphate;Cresyldiphenyl phosphate;Diphenyl cresyl phosphate;diphenyl tolyl phosphate;Methylphenyl diphenyl ester, Phosphoric acid;Phosphoric acid, methylphenyl diphenyl ester",,,,,,,,,,,,,,,,,,,,,,,,,,,,,,,,,,,,,,,,,,,,,,,,,,,,,,,,,,,,,,,,,,,,,,,,,,,,,,,,,,,,,,,,,,,,,,,,,,,,,,,,,,,,,,,,,,,,,,,,,,,,,,,,Human Health Hazards#Repeated Dose Toxicity,Repeated Dose Toxicity HESS,mixture,NOEL,,False,No qualifier,Equal,,,,,,1993,,,,,,Rat,,,,,,,,,,,,,,,,,,,,,,,,,,SD,,OECD TG 422,,,,,,,,,,Hyperplasia,Male,Main,"National Institute of Health Sciences, Japan",Spleen,ReproTox,Mitsubishi Chemical Safety Institute Ltd.,Histopathological findings,Oral (Gavage),300,mg/kg bdwt/d,Administered dose(mass),12,mg/kg bdwt/d,Administered dose(mass),25.6,,None,0,d,Time,,,,,,,,,,,,,,,,,,,,,,,,,,,,,,,,,,,,,,,,,,,,,,,,,,,,,,,,,,,,,,,Lymph follicle,,,,,,,,,,,,,,,,,,,,,,,,,,,,,,,,,,,,,,,,,,,,,,,,,,,,,,,,,,,,,,,,,,,,,,,,,,,,,,,,,,,,,,,,,,,,,,,,,,,,,,,,,,,,,,,,,,,,,,45,d,Time,300,mg/kg bdwt/d,Administered dose(mass),,,300,mg/kg/d,Administered dose(mass),,
26444-49-5,"Cresyl diphenyl phosphate;Cresyldiphenyl phosphate;Diphenyl cresyl phosphate;diphenyl tolyl phosphate;Methylphenyl diphenyl ester, Phosphoric acid;Phosphoric acid, methylphenyl diphenyl ester",,,,,,,,,,,,,,,,,,,,,,,,,,,,,,,,,,,,,,,,,,,,,,,,,,,,,,,,,,,,,,,,,,,,,,,,,,,,,,,,,,,,,,,,,,,,,,,,,,,,,,,,,,,,,,,,,,,,,,,,,,,,,,,,Human Health Hazards#Repeated Dose Toxicity,Repeated Dose Toxicity HESS,mixture,NOEL,,False,No qualifier,Equal,,,,,,1993,,,,,,Rat,,,,,,,,,,,,,,,,,,,,,,,,,,SD,,OECD TG 422,,,,,,,,,,Other Findings,Male,Main,"National Institute of Health Sciences, Japan",Spleen,ReproTox,Mitsubishi Chemical Safety Institute Ltd.,Histopathological findings,Oral (Gavage),300,mg/kg bdwt/d,Administered dose(mass),12,mg/kg bdwt/d,Administered dose(mass),25.6,,None,0,d,Time,,,,,,,,,,,,,,,,,,,,,,,,,,,,,,,,,,,,,,,,,,,,,,,,,,,,,,,,,,,,,,,,,,,,,,,,,,,,,,,,,,,,,,,,,,,,,,,,,,,,,,,,,,,,,,,,,,,,,,,,,,,,,,,,,,,,,,,,,,,,,,,,,,,,,,,,,,,,,,,,,,,,,,,,,,,,,,,,,,,,,45,d,Time,300,mg/kg bdwt/d,Administered dose(mass),,,300,mg/kg/d,Administered dose(mass),,
26444-49-5,"Cresyl diphenyl phosphate;Cresyldiphenyl phosphate;Diphenyl cresyl phosphate;diphenyl tolyl phosphate;Methylphenyl diphenyl ester, Phosphoric acid;Phosphoric acid, methylphenyl diphenyl ester",,,,,,,,,,,,,,,,,,,,,,,,,,,,,,,,,,,,,,,,,,,,,,,,,,,,,,,,,,,,,,,,,,,,,,,,,,,,,,,,,,,,,,,,,,,,,,,,,,,,,,,,,,,,,,,,,,,,,,,,,,,,,,,,Human Health Hazards#Repeated Dose Toxicity,Repeated Dose Toxicity HESS,mixture,NOEL,,False,No qualifier,Equal,,,,,,1993,,,,,,Rat,,,,,,,,,,,,,,,,,,,,,,,,,,SD,,OECD TG 422,,,,,,,,,,Other Findings,Male,Main,"National Institute of Health Sciences, Japan",Spleen,ReproTox,Mitsubishi Chemical Safety Institute Ltd.,Necropsy,Oral (Gavage),300,mg/kg bdwt/d,Administered dose(mass),12,mg/kg bdwt/d,Administered dose(mass),25.6,,None,0,d,Time,,,,,,,,,,,,,,,,,,,,,,,,,,,,,,,,,,,,,,,,,,,,,,,,,,,,,,,,,,,,,,,,,,,,,,,,,,,,,,,,,,,,,,,,,,,,,,,,,,,,,,,,,,,,,,,,,,,,,,,,,,,,,,,,,,,,,,,,,,,,,,,,,,,,,,,,,,,,,,,,,,,,,,,,,,,,,,,,,,,,,45,d,Time,300,mg/kg bdwt/d,Administered dose(mass),,,300,mg/kg/d,Administered dose(mass),,
26444-49-5,"Cresyl diphenyl phosphate;Cresyldiphenyl phosphate;Diphenyl cresyl phosphate;diphenyl tolyl phosphate;Methylphenyl diphenyl ester, Phosphoric acid;Phosphoric acid, methylphenyl diphenyl ester",,,,,,,,,,,,,,,,,,,,,,,,,,,,,,,,,,,,,,,,,,,,,,,,,,,,,,,,,,,,,,,,,,,,,,,,,,,,,,,,,,,,,,,,,,,,,,,,,,,,,,,,,,,,,,,,,,,,,,,,,,,,,,,,Human Health Hazards#Repeated Dose Toxicity,Repeated Dose Toxicity HESS,mixture,NOEL,,False,No qualifier,Equal,,,,,,1993,,,,,,Rat,,,,,,,,,,,,,,,,,,,,,,,,,,SD,,OECD TG 422,,,,,,,,,,Pigmentation (Hemosiderin),Male,Main,"National Institute of Health Sciences, Japan",Spleen,ReproTox,Mitsubishi Chemical Safety Institute Ltd.,Histopathological findings,Oral (Gavage),300,mg/kg bdwt/d,Administered dose(mass),12,mg/kg bdwt/d,Administered dose(mass),25.6,,None,0,d,Time,,,,,,,,,,,,,,,,,,,,,,,,,,,,,,,,,,,,,,,,,,,,,,,,,,,,,,,,,,,,,,,,,,,,,,,,,,,,,,,,,,,,,,,,,,,,,,,,,,,,,,,,,,,,,,,,,,,,,,,,,,,,,,,,,,,,,,,,,,,,,,,,,,,,,,,,,,,,,,,,,,,,,,,,,,,,,,,,,,,,,45,d,Time,300,mg/kg bdwt/d,Administered dose(mass),,,300,mg/kg/d,Administered dose(mass),,
26444-49-5,"Cresyl diphenyl phosphate;Cresyldiphenyl phosphate;Diphenyl cresyl phosphate;diphenyl tolyl phosphate;Methylphenyl diphenyl ester, Phosphoric acid;Phosphoric acid, methylphenyl diphenyl ester",,,,,,,,,,,,,,,,,,,,,,,,,,,,,,,,,,,,,,,,,,,,,,,,,,,,,,,,,,,,,,,,,,,,,,,,,,,,,,,,,,,,,,,,,,,,,,,,,,,,,,,,,,,,,,,,,,,,,,,,,,,,,,,,Human Health Hazards#Repeated Dose Toxicity,Repeated Dose Toxicity HESS,mixture,NOEL,,False,No qualifier,Equal,,,,,,1993,,,,,,Rat,,,,,,,,,,,,,,,,,,,,,,,,,,SD,,OECD TG 422,,,,,,,,,,Pigmentation (Other),Male,Main,"National Institute of Health Sciences, Japan",Spleen,ReproTox,Mitsubishi Chemical Safety Institute Ltd.,Histopathological findings,Oral (Gavage),300,mg/kg bdwt/d,Administered dose(mass),12,mg/kg bdwt/d,Administered dose(mass),25.6,,None,0,d,Time,,,,,,,,,,,,,,,,,,,,,,,,,,,,,,,,,,,,,,,,,,,,,,,,,,,,,,,,,,,,,,,,,,,,,,,,,,,,,,,,,,,,,,,,,,,,,,,,,,,,,,,,,,,,,,,,,,,,,,,,,,,,,,,,,,,,,,,,,,,,,,,,,,,,,,,,,,,,,,,,,,,,,,,,,,,,,,,,,,,,,45,d,Time,300,mg/kg bdwt/d,Administered dose(mass),,,300,mg/kg/d,Administered dose(mass),,
26444-49-5,"Cresyl diphenyl phosphate;Cresyldiphenyl phosphate;Diphenyl cresyl phosphate;diphenyl tolyl phosphate;Methylphenyl diphenyl ester, Phosphoric acid;Phosphoric acid, methylphenyl diphenyl ester",,,,,,,,,,,,,,,,,,,,,,,,,,,,,,,,,,,,,,,,,,,,,,,,,,,,,,,,,,,,,,,,,,,,,,,,,,,,,,,,,,,,,,,,,,,,,,,,,,,,,,,,,,,,,,,,,,,,,,,,,,,,,,,,Human Health Hazards#Repeated Dose Toxicity,Repeated Dose Toxicity HESS,mixture,NOEL,,False,No qualifier,Equal,,,,,,1993,,,,,,Rat,,,,,,,,,,,,,,,,,,,,,,,,,,SD,,OECD TG 422,,,,,,,,,,Other Findings,Male,Main,"National Institute of Health Sciences, Japan",Stomach,ReproTox,Mitsubishi Chemical Safety Institute Ltd.,Histopathological findings,Oral (Gavage),300,mg/kg bdwt/d,Administered dose(mass),12,mg/kg bdwt/d,Administered dose(mass),25.6,,None,0,d,Time,,,,,,,,,,,,,,,,,,,,,,,,,,,,,,,,,,,,,,,,,,,,,,,,,,,,,,,,,,,,,,,,,,,,,,,,,,,,,,,,,,,,,,,,,,,,,,,,,,,,,,,,,,,,,,,,,,,,,,,,,,,,,,,,,,,,,,,,,,,,,,,,,,,,,,,,,,,,,,,,,,,,,,,,,,,,,,,,,,,,,45,d,Time,300,mg/kg bdwt/d,Administered dose(mass),,,300,mg/kg/d,Administered dose(mass),,
26444-49-5,"Cresyl diphenyl phosphate;Cresyldiphenyl phosphate;Diphenyl cresyl phosphate;diphenyl tolyl phosphate;Methylphenyl diphenyl ester, Phosphoric acid;Phosphoric acid, methylphenyl diphenyl ester",,,,,,,,,,,,,,,,,,,,,,,,,,,,,,,,,,,,,,,,,,,,,,,,,,,,,,,,,,,,,,,,,,,,,,,,,,,,,,,,,,,,,,,,,,,,,,,,,,,,,,,,,,,,,,,,,,,,,,,,,,,,,,,,Human Health Hazards#Repeated Dose Toxicity,Repeated Dose Toxicity HESS,mixture,NOEL,,False,No qualifier,Equal,,,,,,1993,,,,,,Rat,,,,,,,,,,,,,,,,,,,,,,,,,,SD,,OECD TG 422,,,,,,,,,,Atrophy Mucosa,Male,Main,"National Institute of Health Sciences, Japan",Stomach (Forestomach/Limiting ridge),ReproTox,Mitsubishi Chemical Safety Institute Ltd.,Histopathological findings,Oral (Gavage),300,mg/kg bdwt/d,Administered dose(mass),12,mg/kg bdwt/d,Administered dose(mass),25.6,,None,0,d,Time,,,,,,,,,,,,,,,,,,,,,,,,,,,,,,,,,,,,,,,,,,,,,,,,,,,,,,,,,,,,,,,,,,,,,,,,,,,,,,,,,,,,,,,,,,,,,,,,,,,,,,,,,,,,,,,,,,,,,,,,,,,,,,,,,,,,,,,,,,,,,,,,,,,,,,,,,,,,,,,,,,,,,,,,,,,,,,,,,,,,,45,d,Time,300,mg/kg bdwt/d,Administered dose(mass),,,300,mg/kg/d,Administered dose(mass),,
26444-49-5,"Cresyl diphenyl phosphate;Cresyldiphenyl phosphate;Diphenyl cresyl phosphate;diphenyl tolyl phosphate;Methylphenyl diphenyl ester, Phosphoric acid;Phosphoric acid, methylphenyl diphenyl ester",,,,,,,,,,,,,,,,,,,,,,,,,,,,,,,,,,,,,,,,,,,,,,,,,,,,,,,,,,,,,,,,,,,,,,,,,,,,,,,,,,,,,,,,,,,,,,,,,,,,,,,,,,,,,,,,,,,,,,,,,,,,,,,,Human Health Hazards#Repeated Dose Toxicity,Repeated Dose Toxicity HESS,mixture,NOEL,,False,No qualifier,Equal,,,,,,1993,,,,,,Rat,,,,,,,,,,,,,,,,,,,,,,,,,,SD,,OECD TG 422,,,,,,,,,,Cell Infiltration,Male,Main,"National Institute of Health Sciences, Japan",Stomach (Forestomach/Limiting ridge),ReproTox,Mitsubishi Chemical Safety Institute Ltd.,Histopathological findings,Oral (Gavage),300,mg/kg bdwt/d,Administered dose(mass),12,mg/kg bdwt/d,Administered dose(mass),25.6,,None,0,d,Time,,,,,,,,,,,,,,,,,,,,,,,,,,,,,,,,,,,,,,,,,,,,,,,,,,,,,,,,,,,,,,,,,,,,,,,,,,,,,,,,,,,,,,,,,,,,,,,,,,,,,,,,,,,,,,,,,,,,,,,,,,,,,,,,,,,,,,,,,,,,,,,,,,,,,,,,,,,,,,,,,,,,,,,,,,,,,,,,,,,,,45,d,Time,300,mg/kg bdwt/d,Administered dose(mass),,,300,mg/kg/d,Administered dose(mass),,
26444-49-5,"Cresyl diphenyl phosphate;Cresyldiphenyl phosphate;Diphenyl cresyl phosphate;diphenyl tolyl phosphate;Methylphenyl diphenyl ester, Phosphoric acid;Phosphoric acid, methylphenyl diphenyl ester",,,,,,,,,,,,,,,,,,,,,,,,,,,,,,,,,,,,,,,,,,,,,,,,,,,,,,,,,,,,,,,,,,,,,,,,,,,,,,,,,,,,,,,,,,,,,,,,,,,,,,,,,,,,,,,,,,,,,,,,,,,,,,,,Human Health Hazards#Repeated Dose Toxicity,Repeated Dose Toxicity HESS,mixture,NOEL,,False,No qualifier,Equal,,,,,,1993,,,,,,Rat,,,,,,,,,,,,,,,,,,,,,,,,,,SD,,OECD TG 422,,,,,,,,,,Edema,Male,Main,"National Institute of Health Sciences, Japan",Stomach (Forestomach/Limiting ridge),ReproTox,Mitsubishi Chemical Safety Institute Ltd.,Histopathological findings,Oral (Gavage),300,mg/kg bdwt/d,Administered dose(mass),12,mg/kg bdwt/d,Administered dose(mass),25.6,,None,0,d,Time,,,,,,,,,,,,,,,,,,,,,,,,,,,,,,,,,,,,,,,,,,,,,,,,,,,,,,,,,,,,,,,,,,,,,,,,,,,,,,,,,,,,,,,,,,,,,,,,,,,,,,,,,,,,,,,,,,,,,,,,,,,,,,,,,,,,,,,,,,,,,,,,,,,,,,,,,,,,,,,,,,,,,,,,,,,,,,,,,,,,,45,d,Time,300,mg/kg bdwt/d,Administered dose(mass),,,300,mg/kg/d,Administered dose(mass),,
26444-49-5,"Cresyl diphenyl phosphate;Cresyldiphenyl phosphate;Diphenyl cresyl phosphate;diphenyl tolyl phosphate;Methylphenyl diphenyl ester, Phosphoric acid;Phosphoric acid, methylphenyl diphenyl ester",,,,,,,,,,,,,,,,,,,,,,,,,,,,,,,,,,,,,,,,,,,,,,,,,,,,,,,,,,,,,,,,,,,,,,,,,,,,,,,,,,,,,,,,,,,,,,,,,,,,,,,,,,,,,,,,,,,,,,,,,,,,,,,,Human Health Hazards#Repeated Dose Toxicity,Repeated Dose Toxicity HESS,mixture,NOEL,,False,No qualifier,Equal,,,,,,1993,,,,,,Rat,,,,,,,,,,,,,,,,,,,,,,,,,,SD,,OECD TG 422,,,,,,,,,,Erosin,Male,Main,"National Institute of Health Sciences, Japan",Stomach (Forestomach/Limiting ridge),ReproTox,Mitsubishi Chemical Safety Institute Ltd.,Histopathological findings,Oral (Gavage),300,mg/kg bdwt/d,Administered dose(mass),12,mg/kg bdwt/d,Administered dose(mass),25.6,,None,0,d,Time,,,,,,,,,,,,,,,,,,,,,,,,,,,,,,,,,,,,,,,,,,,,,,,,,,,,,,,,,,,,,,,,,,,,,,,,,,,,,,,,,,,,,,,,,,,,,,,,,,,,,,,,,,,,,,,,,,,,,,,,,,,,,,,,,,,,,,,,,,,,,,,,,,,,,,,,,,,,,,,,,,,,,,,,,,,,,,,,,,,,,45,d,Time,300,mg/kg bdwt/d,Administered dose(mass),,,300,mg/kg/d,Administered dose(mass),,
26444-49-5,"Cresyl diphenyl phosphate;Cresyldiphenyl phosphate;Diphenyl cresyl phosphate;diphenyl tolyl phosphate;Methylphenyl diphenyl ester, Phosphoric acid;Phosphoric acid, methylphenyl diphenyl ester",,,,,,,,,,,,,,,,,,,,,,,,,,,,,,,,,,,,,,,,,,,,,,,,,,,,,,,,,,,,,,,,,,,,,,,,,,,,,,,,,,,,,,,,,,,,,,,,,,,,,,,,,,,,,,,,,,,,,,,,,,,,,,,,Human Health Hazards#Repeated Dose Toxicity,Repeated Dose Toxicity HESS,mixture,NOEL,,False,No qualifier,Equal,,,,,,1993,,,,,,Rat,,,,,,,,,,,,,,,,,,,,,,,,,,SD,,OECD TG 422,,,,,,,,,,Hemorrhage,Male,Main,"National Institute of Health Sciences, Japan",Stomach (Forestomach/Limiting ridge),ReproTox,Mitsubishi Chemical Safety Institute Ltd.,Histopathological findings,Oral (Gavage),300,mg/kg bdwt/d,Administered dose(mass),12,mg/kg bdwt/d,Administered dose(mass),25.6,,None,0,d,Time,,,,,,,,,,,,,,,,,,,,,,,,,,,,,,,,,,,,,,,,,,,,,,,,,,,,,,,,,,,,,,,,,,,,,,,,,,,,,,,,,,,,,,,,,,,,,,,,,,,,,,,,,,,,,,,,,,,,,,,,,,,,,,,,,,,,,,,,,,,,,,,,,,,,,,,,,,,,,,,,,,,,,,,,,,,,,,,,,,,,,45,d,Time,300,mg/kg bdwt/d,Administered dose(mass),,,300,mg/kg/d,Administered dose(mass),,
26444-49-5,"Cresyl diphenyl phosphate;Cresyldiphenyl phosphate;Diphenyl cresyl phosphate;diphenyl tolyl phosphate;Methylphenyl diphenyl ester, Phosphoric acid;Phosphoric acid, methylphenyl diphenyl ester",,,,,,,,,,,,,,,,,,,,,,,,,,,,,,,,,,,,,,,,,,,,,,,,,,,,,,,,,,,,,,,,,,,,,,,,,,,,,,,,,,,,,,,,,,,,,,,,,,,,,,,,,,,,,,,,,,,,,,,,,,,,,,,,Human Health Hazards#Repeated Dose Toxicity,Repeated Dose Toxicity HESS,mixture,NOEL,,False,No qualifier,Equal,,,,,,1993,,,,,,Rat,,,,,,,,,,,,,,,,,,,,,,,,,,SD,,OECD TG 422,,,,,,,,,,Hyperkeratosis/Parakeratosis,Male,Main,"National Institute of Health Sciences, Japan",Stomach (Forestomach/Limiting ridge),ReproTox,Mitsubishi Chemical Safety Institute Ltd.,Histopathological findings,Oral (Gavage),300,mg/kg bdwt/d,Administered dose(mass),12,mg/kg bdwt/d,Administered dose(mass),25.6,,None,0,d,Time,,,,,,,,,,,,,,,,,,,,,,,,,,,,,,,,,,,,,,,,,,,,,,,,,,,,,,,,,,,,,,,,,,,,,,,,,,,,,,,,,,,,,,,,,,,,,,,,,,,,,,,,,,,,,,,,,,,,,,,,,,,,,,,,,,,,,,,,,,,,,,,,,,,,,,,,,,,,,,,,,,,,,,,,,,,,,,,,,,,,,45,d,Time,300,mg/kg bdwt/d,Administered dose(mass),,,300,mg/kg/d,Administered dose(mass),,
26444-49-5,"Cresyl diphenyl phosphate;Cresyldiphenyl phosphate;Diphenyl cresyl phosphate;diphenyl tolyl phosphate;Methylphenyl diphenyl ester, Phosphoric acid;Phosphoric acid, methylphenyl diphenyl ester",,,,,,,,,,,,,,,,,,,,,,,,,,,,,,,,,,,,,,,,,,,,,,,,,,,,,,,,,,,,,,,,,,,,,,,,,,,,,,,,,,,,,,,,,,,,,,,,,,,,,,,,,,,,,,,,,,,,,,,,,,,,,,,,Human Health Hazards#Repeated Dose Toxicity,Repeated Dose Toxicity HESS,mixture,NOEL,,False,No qualifier,Equal,,,,,,1993,,,,,,Rat,,,,,,,,,,,,,,,,,,,,,,,,,,SD,,OECD TG 422,,,,,,,,,,Hyperplasia/Thickneing Epithelium,Male,Main,"National Institute of Health Sciences, Japan",Stomach (Forestomach/Limiting ridge),ReproTox,Mitsubishi Chemical Safety Institute Ltd.,Histopathological findings,Oral (Gavage),300,mg/kg bdwt/d,Administered dose(mass),12,mg/kg bdwt/d,Administered dose(mass),25.6,,None,0,d,Time,,,,,,,,,,,,,,,,,,,,,,,,,,,,,,,,,,,,,,,,,,,,,,,,,,,,,,,,,,,,,,,,,,,,,,,,,,,,,,,,,,,,,,,,,,,,,,,,,,,,,,,,,,,,,,,,,,,,,,,,,,,,,,,,,,,,,,,,,,,,,,,,,,,,,,,,,,,,,,,,,,,,,,,,,,,,,,,,,,,,,45,d,Time,300,mg/kg bdwt/d,Administered dose(mass),,,300,mg/kg/d,Administered dose(mass),,
26444-49-5,"Cresyl diphenyl phosphate;Cresyldiphenyl phosphate;Diphenyl cresyl phosphate;diphenyl tolyl phosphate;Methylphenyl diphenyl ester, Phosphoric acid;Phosphoric acid, methylphenyl diphenyl ester",,,,,,,,,,,,,,,,,,,,,,,,,,,,,,,,,,,,,,,,,,,,,,,,,,,,,,,,,,,,,,,,,,,,,,,,,,,,,,,,,,,,,,,,,,,,,,,,,,,,,,,,,,,,,,,,,,,,,,,,,,,,,,,,Human Health Hazards#Repeated Dose Toxicity,Repeated Dose Toxicity HESS,mixture,NOEL,,False,No qualifier,Equal,,,,,,1993,,,,,,Rat,,,,,,,,,,,,,,,,,,,,,,,,,,SD,,OECD TG 422,,,,,,,,,,Hyperplasia/Thickneing Epithelium,Male,Main,"National Institute of Health Sciences, Japan",Stomach (Forestomach/Limiting ridge),ReproTox,Mitsubishi Chemical Safety Institute Ltd.,Necropsy,Oral (Gavage),300,mg/kg bdwt/d,Administered dose(mass),12,mg/kg bdwt/d,Administered dose(mass),25.6,,None,0,d,Time,,,,,,,,,,,,,,,,,,,,,,,,,,,,,,,,,,,,,,,,,,,,,,,,,,,,,,,,,,,,,,,,,,,,,,,,,,,,,,,,,,,,,,,,,,,,,,,,,,,,,,,,,,,,,,,,,,,,,,,,,,,,,,,,,,,,,,,,,,,,,,,,,,,,,,,,,,,,,,,,,,,,,,,,,,,,,,,,,,,,,45,d,Time,300,mg/kg bdwt/d,Administered dose(mass),,,300,mg/kg/d,Administered dose(mass),,
26444-49-5,"Cresyl diphenyl phosphate;Cresyldiphenyl phosphate;Diphenyl cresyl phosphate;diphenyl tolyl phosphate;Methylphenyl diphenyl ester, Phosphoric acid;Phosphoric acid, methylphenyl diphenyl ester",,,,,,,,,,,,,,,,,,,,,,,,,,,,,,,,,,,,,,,,,,,,,,,,,,,,,,,,,,,,,,,,,,,,,,,,,,,,,,,,,,,,,,,,,,,,,,,,,,,,,,,,,,,,,,,,,,,,,,,,,,,,,,,,Human Health Hazards#Repeated Dose Toxicity,Repeated Dose Toxicity HESS,mixture,NOEL,,False,No qualifier,Equal,,,,,,1993,,,,,,Rat,,,,,,,,,,,,,,,,,,,,,,,,,,SD,,OECD TG 422,,,,,,,,,,Inflamation,Male,Main,"National Institute of Health Sciences, Japan",Stomach (Forestomach/Limiting ridge),ReproTox,Mitsubishi Chemical Safety Institute Ltd.,Histopathological findings,Oral (Gavage),300,mg/kg bdwt/d,Administered dose(mass),12,mg/kg bdwt/d,Administered dose(mass),25.6,,None,0,d,Time,,,,,,,,,,,,,,,,,,,,,,,,,,,,,,,,,,,,,,,,,,,,,,,,,,,,,,,,,,,,,,,,,,,,,,,,,,,,,,,,,,,,,,,,,,,,,,,,,,,,,,,,,,,,,,,,,,,,,,,,,,,,,,,,,,,,,,,,,,,,,,,,,,,,,,,,,,,,,,,,,,,,,,,,,,,,,,,,,,,,,45,d,Time,300,mg/kg bdwt/d,Administered dose(mass),,,300,mg/kg/d,Administered dose(mass),,
26444-49-5,"Cresyl diphenyl phosphate;Cresyldiphenyl phosphate;Diphenyl cresyl phosphate;diphenyl tolyl phosphate;Methylphenyl diphenyl ester, Phosphoric acid;Phosphoric acid, methylphenyl diphenyl ester",,,,,,,,,,,,,,,,,,,,,,,,,,,,,,,,,,,,,,,,,,,,,,,,,,,,,,,,,,,,,,,,,,,,,,,,,,,,,,,,,,,,,,,,,,,,,,,,,,,,,,,,,,,,,,,,,,,,,,,,,,,,,,,,Human Health Hazards#Repeated Dose Toxicity,Repeated Dose Toxicity HESS,mixture,NOEL,,False,No qualifier,Equal,,,,,,1993,,,,,,Rat,,,,,,,,,,,,,,,,,,,,,,,,,,SD,,OECD TG 422,,,,,,,,,,Necrosis,Male,Main,"National Institute of Health Sciences, Japan",Stomach (Forestomach/Limiting ridge),ReproTox,Mitsubishi Chemical Safety Institute Ltd.,Histopathological findings,Oral (Gavage),300,mg/kg bdwt/d,Administered dose(mass),12,mg/kg bdwt/d,Administered dose(mass),25.6,,None,0,d,Time,,,,,,,,,,,,,,,,,,,,,,,,,,,,,,,,,,,,,,,,,,,,,,,,,,,,,,,,,,,,,,,,,,,,,,,,,,,,,,,,,,,,,,,,,,,,,,,,,,,,,,,,,,,,,,,,,,,,,,,,,,,,,,,,,,,,,,,,,,,,,,,,,,,,,,,,,,,,,,,,,,,,,,,,,,,,,,,,,,,,,45,d,Time,60,mg/kg bdwt/d,Administered dose(mass),,,60,mg/kg/d,Administered dose(mass),,
26444-49-5,"Cresyl diphenyl phosphate;Cresyldiphenyl phosphate;Diphenyl cresyl phosphate;diphenyl tolyl phosphate;Methylphenyl diphenyl ester, Phosphoric acid;Phosphoric acid, methylphenyl diphenyl ester",,,,,,,,,,,,,,,,,,,,,,,,,,,,,,,,,,,,,,,,,,,,,,,,,,,,,,,,,,,,,,,,,,,,,,,,,,,,,,,,,,,,,,,,,,,,,,,,,,,,,,,,,,,,,,,,,,,,,,,,,,,,,,,,Human Health Hazards#Repeated Dose Toxicity,Repeated Dose Toxicity HESS,mixture,NOEL,,False,No qualifier,Equal,,,,,,1993,,,,,,Rat,,,,,,,,,,,,,,,,,,,,,,,,,,SD,,OECD TG 422,,,,,,,,,,Other Findings,Male,Main,"National Institute of Health Sciences, Japan",Stomach (Forestomach/Limiting ridge),ReproTox,Mitsubishi Chemical Safety Institute Ltd.,Histopathological findings,Oral (Gavage),300,mg/kg bdwt/d,Administered dose(mass),12,mg/kg bdwt/d,Administered dose(mass),25.6,,None,0,d,Time,,,,,,,,,,,,,,,,,,,,,,,,,,,,,,,,,,,,,,,,,,,,,,,,,,,,,,,,,,,,,,,,,,,,,,,,,,,,,,,,,,,,,,,,,,,,,,,,,,,,,,,,,,,,,,,,,,,,,,,,,,,,,,,,,,,,,,,,,,,,,,,,,,,,,,,,,,,,,,,,,,,,,,,,,,,,,,,,,,,,,45,d,Time,300,mg/kg bdwt/d,Administered dose(mass),,,300,mg/kg/d,Administered dose(mass),,
26444-49-5,"Cresyl diphenyl phosphate;Cresyldiphenyl phosphate;Diphenyl cresyl phosphate;diphenyl tolyl phosphate;Methylphenyl diphenyl ester, Phosphoric acid;Phosphoric acid, methylphenyl diphenyl ester",,,,,,,,,,,,,,,,,,,,,,,,,,,,,,,,,,,,,,,,,,,,,,,,,,,,,,,,,,,,,,,,,,,,,,,,,,,,,,,,,,,,,,,,,,,,,,,,,,,,,,,,,,,,,,,,,,,,,,,,,,,,,,,,Human Health Hazards#Repeated Dose Toxicity,Repeated Dose Toxicity HESS,mixture,NOEL,,False,No qualifier,Equal,,,,,,1993,,,,,,Rat,,,,,,,,,,,,,,,,,,,,,,,,,,SD,,OECD TG 422,,,,,,,,,,Other Findings,Male,Main,"National Institute of Health Sciences, Japan",Stomach (Forestomach/Limiting ridge),ReproTox,Mitsubishi Chemical Safety Institute Ltd.,Necropsy,Oral (Gavage),300,mg/kg bdwt/d,Administered dose(mass),12,mg/kg bdwt/d,Administered dose(mass),25.6,,None,0,d,Time,,,,,,,,,,,,,,,,,,,,,,,,,,,,,,,,,,,,,,,,,,,,,,,,,,,,,,,,,,,,,,,,,,,,,,,,,,,,,,,,,,,,,,,,,,,,,,,,,,,,,,,,,,,,,,,,,,,,,,,,,,,,,,,,,,,,,,,,,,,,,,,,,,,,,,,,,,,,,,,,,,,,,,,,,,,,,,,,,,,,,45,d,Time,60,mg/kg bdwt/d,Administered dose(mass),,,60,mg/kg/d,Administered dose(mass),,
26444-49-5,"Cresyl diphenyl phosphate;Cresyldiphenyl phosphate;Diphenyl cresyl phosphate;diphenyl tolyl phosphate;Methylphenyl diphenyl ester, Phosphoric acid;Phosphoric acid, methylphenyl diphenyl ester",,,,,,,,,,,,,,,,,,,,,,,,,,,,,,,,,,,,,,,,,,,,,,,,,,,,,,,,,,,,,,,,,,,,,,,,,,,,,,,,,,,,,,,,,,,,,,,,,,,,,,,,,,,,,,,,,,,,,,,,,,,,,,,,Human Health Hazards#Repeated Dose Toxicity,Repeated Dose Toxicity HESS,mixture,NOEL,,False,No qualifier,Equal,,,,,,1993,,,,,,Rat,,,,,,,,,,,,,,,,,,,,,,,,,,SD,,OECD TG 422,,,,,,,,,,Ulcer,Male,Main,"National Institute of Health Sciences, Japan",Stomach (Forestomach/Limiting ridge),ReproTox,Mitsubishi Chemical Safety Institute Ltd.,Histopathological findings,Oral (Gavage),300,mg/kg bdwt/d,Administered dose(mass),12,mg/kg bdwt/d,Administered dose(mass),25.6,,None,0,d,Time,,,,,,,,,,,,,,,,,,,,,,,,,,,,,,,,,,,,,,,,,,,,,,,,,,,,,,,,,,,,,,,,,,,,,,,,,,,,,,,,,,,,,,,,,,,,,,,,,,,,,,,,,,,,,,,,,,,,,,,,,,,,,,,,,,,,,,,,,,,,,,,,,,,,,,,,,,,,,,,,,,,,,,,,,,,,,,,,,,,,,45,d,Time,300,mg/kg bdwt/d,Administered dose(mass),,,300,mg/kg/d,Administered dose(mass),,
26444-49-5,"Cresyl diphenyl phosphate;Cresyldiphenyl phosphate;Diphenyl cresyl phosphate;diphenyl tolyl phosphate;Methylphenyl diphenyl ester, Phosphoric acid;Phosphoric acid, methylphenyl diphenyl ester",,,,,,,,,,,,,,,,,,,,,,,,,,,,,,,,,,,,,,,,,,,,,,,,,,,,,,,,,,,,,,,,,,,,,,,,,,,,,,,,,,,,,,,,,,,,,,,,,,,,,,,,,,,,,,,,,,,,,,,,,,,,,,,,Human Health Hazards#Repeated Dose Toxicity,Repeated Dose Toxicity HESS,mixture,NOEL,,False,No qualifier,Equal,,,,,,1993,,,,,,Rat,,,,,,,,,,,,,,,,,,,,,,,,,,SD,,OECD TG 422,,,,,,,,,,Atrophy Mucosa,Male,Main,"National Institute of Health Sciences, Japan",Stomach (Glandular stomach),ReproTox,Mitsubishi Chemical Safety Institute Ltd.,Histopathological findings,Oral (Gavage),300,mg/kg bdwt/d,Administered dose(mass),12,mg/kg bdwt/d,Administered dose(mass),25.6,,None,0,d,Time,,,,,,,,,,,,,,,,,,,,,,,,,,,,,,,,,,,,,,,,,,,,,,,,,,,,,,,,,,,,,,,,,,,,,,,,,,,,,,,,,,,,,,,,,,,,,,,,,,,,,,,,,,,,,,,,,,,,,,,,,,,,,,,,,,,,,,,,,,,,,,,,,,,,,,,,,,,,,,,,,,,,,,,,,,,,,,,,,,,,,45,d,Time,300,mg/kg bdwt/d,Administered dose(mass),,,300,mg/kg/d,Administered dose(mass),,
26444-49-5,"Cresyl diphenyl phosphate;Cresyldiphenyl phosphate;Diphenyl cresyl phosphate;diphenyl tolyl phosphate;Methylphenyl diphenyl ester, Phosphoric acid;Phosphoric acid, methylphenyl diphenyl ester",,,,,,,,,,,,,,,,,,,,,,,,,,,,,,,,,,,,,,,,,,,,,,,,,,,,,,,,,,,,,,,,,,,,,,,,,,,,,,,,,,,,,,,,,,,,,,,,,,,,,,,,,,,,,,,,,,,,,,,,,,,,,,,,Human Health Hazards#Repeated Dose Toxicity,Repeated Dose Toxicity HESS,mixture,NOEL,,False,No qualifier,Equal,,,,,,1993,,,,,,Rat,,,,,,,,,,,,,,,,,,,,,,,,,,SD,,OECD TG 422,,,,,,,,,,Cell Infiltration,Male,Main,"National Institute of Health Sciences, Japan",Stomach (Glandular stomach),ReproTox,Mitsubishi Chemical Safety Institute Ltd.,Histopathological findings,Oral (Gavage),300,mg/kg bdwt/d,Administered dose(mass),12,mg/kg bdwt/d,Administered dose(mass),25.6,,None,0,d,Time,,,,,,,,,,,,,,,,,,,,,,,,,,,,,,,,,,,,,,,,,,,,,,,,,,,,,,,,,,,,,,,,,,,,,,,,,,,,,,,,,,,,,,,,,,,,,,,,,,,,,,,,,,,,,,,,,,,,,,,,,,,,,,,,,,,,,,,,,,,,,,,,,,,,,,,,,,,,,,,,,,,,,,,,,,,,,,,,,,,,,45,d,Time,300,mg/kg bdwt/d,Administered dose(mass),,,300,mg/kg/d,Administered dose(mass),,
26444-49-5,"Cresyl diphenyl phosphate;Cresyldiphenyl phosphate;Diphenyl cresyl phosphate;diphenyl tolyl phosphate;Methylphenyl diphenyl ester, Phosphoric acid;Phosphoric acid, methylphenyl diphenyl ester",,,,,,,,,,,,,,,,,,,,,,,,,,,,,,,,,,,,,,,,,,,,,,,,,,,,,,,,,,,,,,,,,,,,,,,,,,,,,,,,,,,,,,,,,,,,,,,,,,,,,,,,,,,,,,,,,,,,,,,,,,,,,,,,Human Health Hazards#Repeated Dose Toxicity,Repeated Dose Toxicity HESS,mixture,NOEL,,False,No qualifier,Equal,,,,,,1993,,,,,,Rat,,,,,,,,,,,,,,,,,,,,,,,,,,SD,,OECD TG 422,,,,,,,,,,Edema,Male,Main,"National Institute of Health Sciences, Japan",Stomach (Glandular stomach),ReproTox,Mitsubishi Chemical Safety Institute Ltd.,Histopathological findings,Oral (Gavage),300,mg/kg bdwt/d,Administered dose(mass),12,mg/kg bdwt/d,Administered dose(mass),25.6,,None,0,d,Time,,,,,,,,,,,,,,,,,,,,,,,,,,,,,,,,,,,,,,,,,,,,,,,,,,,,,,,,,,,,,,,,,,,,,,,,,,,,,,,,,,,,,,,,,,,,,,,,,,,,,,,,,,,,,,,,,,,,,,,,,,,,,,,,,,,,,,,,,,,,,,,,,,,,,,,,,,,,,,,,,,,,,,,,,,,,,,,,,,,,,45,d,Time,300,mg/kg bdwt/d,Administered dose(mass),,,300,mg/kg/d,Administered dose(mass),,
26444-49-5,"Cresyl diphenyl phosphate;Cresyldiphenyl phosphate;Diphenyl cresyl phosphate;diphenyl tolyl phosphate;Methylphenyl diphenyl ester, Phosphoric acid;Phosphoric acid, methylphenyl diphenyl ester",,,,,,,,,,,,,,,,,,,,,,,,,,,,,,,,,,,,,,,,,,,,,,,,,,,,,,,,,,,,,,,,,,,,,,,,,,,,,,,,,,,,,,,,,,,,,,,,,,,,,,,,,,,,,,,,,,,,,,,,,,,,,,,,Human Health Hazards#Repeated Dose Toxicity,Repeated Dose Toxicity HESS,mixture,NOEL,,False,No qualifier,Equal,,,,,,1993,,,,,,Rat,,,,,,,,,,,,,,,,,,,,,,,,,,SD,,OECD TG 422,,,,,,,,,,Erosin,Male,Main,"National Institute of Health Sciences, Japan",Stomach (Glandular stomach),ReproTox,Mitsubishi Chemical Safety Institute Ltd.,Histopathological findings,Oral (Gavage),300,mg/kg bdwt/d,Administered dose(mass),12,mg/kg bdwt/d,Administered dose(mass),25.6,,None,0,d,Time,,,,,,,,,,,,,,,,,,,,,,,,,,,,,,,,,,,,,,,,,,,,,,,,,,,,,,,,,,,,,,,,,,,,,,,,,,,,,,,,,,,,,,,,,,,,,,,,,,,,,,,,,,,,,,,,,,,,,,,,,,,,,,,,,,,,,,,,,,,,,,,,,,,,,,,,,,,,,,,,,,,,,,,,,,,,,,,,,,,,,45,d,Time,300,mg/kg bdwt/d,Administered dose(mass),,,300,mg/kg/d,Administered dose(mass),,
26444-49-5,"Cresyl diphenyl phosphate;Cresyldiphenyl phosphate;Diphenyl cresyl phosphate;diphenyl tolyl phosphate;Methylphenyl diphenyl ester, Phosphoric acid;Phosphoric acid, methylphenyl diphenyl ester",,,,,,,,,,,,,,,,,,,,,,,,,,,,,,,,,,,,,,,,,,,,,,,,,,,,,,,,,,,,,,,,,,,,,,,,,,,,,,,,,,,,,,,,,,,,,,,,,,,,,,,,,,,,,,,,,,,,,,,,,,,,,,,,Human Health Hazards#Repeated Dose Toxicity,Repeated Dose Toxicity HESS,mixture,NOEL,,False,No qualifier,Equal,,,,,,1993,,,,,,Rat,,,,,,,,,,,,,,,,,,,,,,,,,,SD,,OECD TG 422,,,,,,,,,,Hemorrhage,Male,Main,"National Institute of Health Sciences, Japan",Stomach (Glandular stomach),ReproTox,Mitsubishi Chemical Safety Institute Ltd.,Histopathological findings,Oral (Gavage),300,mg/kg bdwt/d,Administered dose(mass),12,mg/kg bdwt/d,Administered dose(mass),25.6,,None,0,d,Time,,,,,,,,,,,,,,,,,,,,,,,,,,,,,,,,,,,,,,,,,,,,,,,,,,,,,,,,,,,,,,,,,,,,,,,,,,,,,,,,,,,,,,,,,,,,,,,,,,,,,,,,,,,,,,,,,,,,,,,,,,,,,,,,,,,,,,,,,,,,,,,,,,,,,,,,,,,,,,,,,,,,,,,,,,,,,,,,,,,,,45,d,Time,300,mg/kg bdwt/d,Administered dose(mass),,,300,mg/kg/d,Administered dose(mass),,
26444-49-5,"Cresyl diphenyl phosphate;Cresyldiphenyl phosphate;Diphenyl cresyl phosphate;diphenyl tolyl phosphate;Methylphenyl diphenyl ester, Phosphoric acid;Phosphoric acid, methylphenyl diphenyl ester",,,,,,,,,,,,,,,,,,,,,,,,,,,,,,,,,,,,,,,,,,,,,,,,,,,,,,,,,,,,,,,,,,,,,,,,,,,,,,,,,,,,,,,,,,,,,,,,,,,,,,,,,,,,,,,,,,,,,,,,,,,,,,,,Human Health Hazards#Repeated Dose Toxicity,Repeated Dose Toxicity HESS,mixture,NOEL,,False,No qualifier,Equal,,,,,,1993,,,,,,Rat,,,,,,,,,,,,,,,,,,,,,,,,,,SD,,OECD TG 422,,,,,,,,,,Hyperkeratosis/Parakeratosis,Male,Main,"National Institute of Health Sciences, Japan",Stomach (Glandular stomach),ReproTox,Mitsubishi Chemical Safety Institute Ltd.,Histopathological findings,Oral (Gavage),300,mg/kg bdwt/d,Administered dose(mass),12,mg/kg bdwt/d,Administered dose(mass),25.6,,None,0,d,Time,,,,,,,,,,,,,,,,,,,,,,,,,,,,,,,,,,,,,,,,,,,,,,,,,,,,,,,,,,,,,,,,,,,,,,,,,,,,,,,,,,,,,,,,,,,,,,,,,,,,,,,,,,,,,,,,,,,,,,,,,,,,,,,,,,,,,,,,,,,,,,,,,,,,,,,,,,,,,,,,,,,,,,,,,,,,,,,,,,,,,45,d,Time,300,mg/kg bdwt/d,Administered dose(mass),,,300,mg/kg/d,Administered dose(mass),,
26444-49-5,"Cresyl diphenyl phosphate;Cresyldiphenyl phosphate;Diphenyl cresyl phosphate;diphenyl tolyl phosphate;Methylphenyl diphenyl ester, Phosphoric acid;Phosphoric acid, methylphenyl diphenyl ester",,,,,,,,,,,,,,,,,,,,,,,,,,,,,,,,,,,,,,,,,,,,,,,,,,,,,,,,,,,,,,,,,,,,,,,,,,,,,,,,,,,,,,,,,,,,,,,,,,,,,,,,,,,,,,,,,,,,,,,,,,,,,,,,Human Health Hazards#Repeated Dose Toxicity,Repeated Dose Toxicity HESS,mixture,NOEL,,False,No qualifier,Equal,,,,,,1993,,,,,,Rat,,,,,,,,,,,,,,,,,,,,,,,,,,SD,,OECD TG 422,,,,,,,,,,Hyperplasia/Thickneing Epithelium,Male,Main,"National Institute of Health Sciences, Japan",Stomach (Glandular stomach),ReproTox,Mitsubishi Chemical Safety Institute Ltd.,Histopathological findings,Oral (Gavage),300,mg/kg bdwt/d,Administered dose(mass),12,mg/kg bdwt/d,Administered dose(mass),25.6,,None,0,d,Time,,,,,,,,,,,,,,,,,,,,,,,,,,,,,,,,,,,,,,,,,,,,,,,,,,,,,,,,,,,,,,,,,,,,,,,,,,,,,,,,,,,,,,,,,,,,,,,,,,,,,,,,,,,,,,,,,,,,,,,,,,,,,,,,,,,,,,,,,,,,,,,,,,,,,,,,,,,,,,,,,,,,,,,,,,,,,,,,,,,,,45,d,Time,300,mg/kg bdwt/d,Administered dose(mass),,,300,mg/kg/d,Administered dose(mass),,
26444-49-5,"Cresyl diphenyl phosphate;Cresyldiphenyl phosphate;Diphenyl cresyl phosphate;diphenyl tolyl phosphate;Methylphenyl diphenyl ester, Phosphoric acid;Phosphoric acid, methylphenyl diphenyl ester",,,,,,,,,,,,,,,,,,,,,,,,,,,,,,,,,,,,,,,,,,,,,,,,,,,,,,,,,,,,,,,,,,,,,,,,,,,,,,,,,,,,,,,,,,,,,,,,,,,,,,,,,,,,,,,,,,,,,,,,,,,,,,,,Human Health Hazards#Repeated Dose Toxicity,Repeated Dose Toxicity HESS,mixture,NOEL,,False,No qualifier,Equal,,,,,,1993,,,,,,Rat,,,,,,,,,,,,,,,,,,,,,,,,,,SD,,OECD TG 422,,,,,,,,,,Hyperplasia/Thickneing Epithelium,Male,Main,"National Institute of Health Sciences, Japan",Stomach (Glandular stomach),ReproTox,Mitsubishi Chemical Safety Institute Ltd.,Necropsy,Oral (Gavage),300,mg/kg bdwt/d,Administered dose(mass),12,mg/kg bdwt/d,Administered dose(mass),25.6,,None,0,d,Time,,,,,,,,,,,,,,,,,,,,,,,,,,,,,,,,,,,,,,,,,,,,,,,,,,,,,,,,,,,,,,,,,,,,,,,,,,,,,,,,,,,,,,,,,,,,,,,,,,,,,,,,,,,,,,,,,,,,,,,,,,,,,,,,,,,,,,,,,,,,,,,,,,,,,,,,,,,,,,,,,,,,,,,,,,,,,,,,,,,,,45,d,Time,300,mg/kg bdwt/d,Administered dose(mass),,,300,mg/kg/d,Administered dose(mass),,
26444-49-5,"Cresyl diphenyl phosphate;Cresyldiphenyl phosphate;Diphenyl cresyl phosphate;diphenyl tolyl phosphate;Methylphenyl diphenyl ester, Phosphoric acid;Phosphoric acid, methylphenyl diphenyl ester",,,,,,,,,,,,,,,,,,,,,,,,,,,,,,,,,,,,,,,,,,,,,,,,,,,,,,,,,,,,,,,,,,,,,,,,,,,,,,,,,,,,,,,,,,,,,,,,,,,,,,,,,,,,,,,,,,,,,,,,,,,,,,,,Human Health Hazards#Repeated Dose Toxicity,Repeated Dose Toxicity HESS,mixture,NOEL,,False,No qualifier,Equal,,,,,,1993,,,,,,Rat,,,,,,,,,,,,,,,,,,,,,,,,,,SD,,OECD TG 422,,,,,,,,,,Inflamation,Male,Main,"National Institute of Health Sciences, Japan",Stomach (Glandular stomach),ReproTox,Mitsubishi Chemical Safety Institute Ltd.,Histopathological findings,Oral (Gavage),300,mg/kg bdwt/d,Administered dose(mass),12,mg/kg bdwt/d,Administered dose(mass),25.6,,None,0,d,Time,,,,,,,,,,,,,,,,,,,,,,,,,,,,,,,,,,,,,,,,,,,,,,,,,,,,,,,,,,,,,,,,,,,,,,,,,,,,,,,,,,,,,,,,,,,,,,,,,,,,,,,,,,,,,,,,,,,,,,,,,,,,,,,,,,,,,,,,,,,,,,,,,,,,,,,,,,,,,,,,,,,,,,,,,,,,,,,,,,,,,45,d,Time,300,mg/kg bdwt/d,Administered dose(mass),,,300,mg/kg/d,Administered dose(mass),,
26444-49-5,"Cresyl diphenyl phosphate;Cresyldiphenyl phosphate;Diphenyl cresyl phosphate;diphenyl tolyl phosphate;Methylphenyl diphenyl ester, Phosphoric acid;Phosphoric acid, methylphenyl diphenyl ester",,,,,,,,,,,,,,,,,,,,,,,,,,,,,,,,,,,,,,,,,,,,,,,,,,,,,,,,,,,,,,,,,,,,,,,,,,,,,,,,,,,,,,,,,,,,,,,,,,,,,,,,,,,,,,,,,,,,,,,,,,,,,,,,Human Health Hazards#Repeated Dose Toxicity,Repeated Dose Toxicity HESS,mixture,NOEL,,False,No qualifier,Equal,,,,,,1993,,,,,,Rat,,,,,,,,,,,,,,,,,,,,,,,,,,SD,,OECD TG 422,,,,,,,,,,Necrosis,Male,Main,"National Institute of Health Sciences, Japan",Stomach (Glandular stomach),ReproTox,Mitsubishi Chemical Safety Institute Ltd.,Histopathological findings,Oral (Gavage),300,mg/kg bdwt/d,Administered dose(mass),12,mg/kg bdwt/d,Administered dose(mass),25.6,,None,0,d,Time,,,,,,,,,,,,,,,,,,,,,,,,,,,,,,,,,,,,,,,,,,,,,,,,,,,,,,,,,,,,,,,,,,,,,,,,,,,,,,,,,,,,,,,,,,,,,,,,,,,,,,,,,,,,,,,,,,,,,,,,,,,,,,,,,,,,,,,,,,,,,,,,,,,,,,,,,,,,,,,,,,,,,,,,,,,,,,,,,,,,,45,d,Time,60,mg/kg bdwt/d,Administered dose(mass),,,60,mg/kg/d,Administered dose(mass),,
26444-49-5,"Cresyl diphenyl phosphate;Cresyldiphenyl phosphate;Diphenyl cresyl phosphate;diphenyl tolyl phosphate;Methylphenyl diphenyl ester, Phosphoric acid;Phosphoric acid, methylphenyl diphenyl ester",,,,,,,,,,,,,,,,,,,,,,,,,,,,,,,,,,,,,,,,,,,,,,,,,,,,,,,,,,,,,,,,,,,,,,,,,,,,,,,,,,,,,,,,,,,,,,,,,,,,,,,,,,,,,,,,,,,,,,,,,,,,,,,,Human Health Hazards#Repeated Dose Toxicity,Repeated Dose Toxicity HESS,mixture,NOEL,,False,No qualifier,Equal,,,,,,1993,,,,,,Rat,,,,,,,,,,,,,,,,,,,,,,,,,,SD,,OECD TG 422,,,,,,,,,,Other Findings,Male,Main,"National Institute of Health Sciences, Japan",Stomach (Glandular stomach),ReproTox,Mitsubishi Chemical Safety Institute Ltd.,Histopathological findings,Oral (Gavage),300,mg/kg bdwt/d,Administered dose(mass),12,mg/kg bdwt/d,Administered dose(mass),25.6,,None,0,d,Time,,,,,,,,,,,,,,,,,,,,,,,,,,,,,,,,,,,,,,,,,,,,,,,,,,,,,,,,,,,,,,,,,,,,,,,,,,,,,,,,,,,,,,,,,,,,,,,,,,,,,,,,,,,,,,,,,,,,,,,,,,,,,,,,,,,,,,,,,,,,,,,,,,,,,,,,,,,,,,,,,,,,,,,,,,,,,,,,,,,,,45,d,Time,300,mg/kg bdwt/d,Administered dose(mass),,,300,mg/kg/d,Administered dose(mass),,
26444-49-5,"Cresyl diphenyl phosphate;Cresyldiphenyl phosphate;Diphenyl cresyl phosphate;diphenyl tolyl phosphate;Methylphenyl diphenyl ester, Phosphoric acid;Phosphoric acid, methylphenyl diphenyl ester",,,,,,,,,,,,,,,,,,,,,,,,,,,,,,,,,,,,,,,,,,,,,,,,,,,,,,,,,,,,,,,,,,,,,,,,,,,,,,,,,,,,,,,,,,,,,,,,,,,,,,,,,,,,,,,,,,,,,,,,,,,,,,,,Human Health Hazards#Repeated Dose Toxicity,Repeated Dose Toxicity HESS,mixture,NOEL,,False,No qualifier,Equal,,,,,,1993,,,,,,Rat,,,,,,,,,,,,,,,,,,,,,,,,,,SD,,OECD TG 422,,,,,,,,,,Other Findings,Male,Main,"National Institute of Health Sciences, Japan",Stomach (Glandular stomach),ReproTox,Mitsubishi Chemical Safety Institute Ltd.,Necropsy,Oral (Gavage),300,mg/kg bdwt/d,Administered dose(mass),12,mg/kg bdwt/d,Administered dose(mass),25.6,,None,0,d,Time,,,,,,,,,,,,,,,,,,,,,,,,,,,,,,,,,,,,,,,,,,,,,,,,,,,,,,,,,,,,,,,,,,,,,,,,,,,,,,,,,,,,,,,,,,,,,,,,,,,,,,,,,,,,,,,,,,,,,,,,,,,,,,,,,,,,,,,,,,,,,,,,,,,,,,,,,,,,,,,,,,,,,,,,,,,,,,,,,,,,,45,d,Time,60,mg/kg bdwt/d,Administered dose(mass),,,60,mg/kg/d,Administered dose(mass),,
26444-49-5,"Cresyl diphenyl phosphate;Cresyldiphenyl phosphate;Diphenyl cresyl phosphate;diphenyl tolyl phosphate;Methylphenyl diphenyl ester, Phosphoric acid;Phosphoric acid, methylphenyl diphenyl ester",,,,,,,,,,,,,,,,,,,,,,,,,,,,,,,,,,,,,,,,,,,,,,,,,,,,,,,,,,,,,,,,,,,,,,,,,,,,,,,,,,,,,,,,,,,,,,,,,,,,,,,,,,,,,,,,,,,,,,,,,,,,,,,,Human Health Hazards#Repeated Dose Toxicity,Repeated Dose Toxicity HESS,mixture,NOEL,,False,No qualifier,Equal,,,,,,1993,,,,,,Rat,,,,,,,,,,,,,,,,,,,,,,,,,,SD,,OECD TG 422,,,,,,,,,,Ulcer,Male,Main,"National Institute of Health Sciences, Japan",Stomach (Glandular stomach),ReproTox,Mitsubishi Chemical Safety Institute Ltd.,Histopathological findings,Oral (Gavage),300,mg/kg bdwt/d,Administered dose(mass),12,mg/kg bdwt/d,Administered dose(mass),25.6,,None,0,d,Time,,,,,,,,,,,,,,,,,,,,,,,,,,,,,,,,,,,,,,,,,,,,,,,,,,,,,,,,,,,,,,,,,,,,,,,,,,,,,,,,,,,,,,,,,,,,,,,,,,,,,,,,,,,,,,,,,,,,,,,,,,,,,,,,,,,,,,,,,,,,,,,,,,,,,,,,,,,,,,,,,,,,,,,,,,,,,,,,,,,,,45,d,Time,300,mg/kg bdwt/d,Administered dose(mass),,,300,mg/kg/d,Administered dose(mass),,
26444-49-5,"Cresyl diphenyl phosphate;Cresyldiphenyl phosphate;Diphenyl cresyl phosphate;diphenyl tolyl phosphate;Methylphenyl diphenyl ester, Phosphoric acid;Phosphoric acid, methylphenyl diphenyl ester",,,,,,,,,,,,,,,,,,,,,,,,,,,,,,,,,,,,,,,,,,,,,,,,,,,,,,,,,,,,,,,,,,,,,,,,,,,,,,,,,,,,,,,,,,,,,,,,,,,,,,,,,,,,,,,,,,,,,,,,,,,,,,,,Human Health Hazards#Repeated Dose Toxicity,Repeated Dose Toxicity HESS,mixture,NOEL,,False,No qualifier,Equal,,,,,,1993,,,,,,Rat,,,,,,,,,,,,,,,,,,,,,,,,,,SD,,OECD TG 422,,,,,,,,,,Absolute Organ Weight↑,Male,Main,"National Institute of Health Sciences, Japan",Testis,ReproTox,Mitsubishi Chemical Safety Institute Ltd.,Organ weights,Oral (Gavage),300,mg/kg bdwt/d,Administered dose(mass),12,mg/kg bdwt/d,Administered dose(mass),25.6,,None,0,d,Time,,,,,,,,,,,,,,,,,,,,,,,,,,,,,,,,,,,,,,,,,,,,,,,,,,,,,,,,,,,,,,,,,,,,,,,,,,,,,,,,,,,,,,,,,,,,,,,,,,,,,,,,,,,,,,,,,,,,,,,,,,,,,,,,,,,,,,,,,,,,,,,,,,,,,,,,,,,,,,,,,,,,,,,,,,,,,,,,,,,,,45,d,Time,300,mg/kg bdwt/d,Administered dose(mass),,,300,mg/kg/d,Administered dose(mass),,
26444-49-5,"Cresyl diphenyl phosphate;Cresyldiphenyl phosphate;Diphenyl cresyl phosphate;diphenyl tolyl phosphate;Methylphenyl diphenyl ester, Phosphoric acid;Phosphoric acid, methylphenyl diphenyl ester",,,,,,,,,,,,,,,,,,,,,,,,,,,,,,,,,,,,,,,,,,,,,,,,,,,,,,,,,,,,,,,,,,,,,,,,,,,,,,,,,,,,,,,,,,,,,,,,,,,,,,,,,,,,,,,,,,,,,,,,,,,,,,,,Human Health Hazards#Repeated Dose Toxicity,Repeated Dose Toxicity HESS,mixture,NOEL,,False,No qualifier,Equal,,,,,,1993,,,,,,Rat,,,,,,,,,,,,,,,,,,,,,,,,,,SD,,OECD TG 422,,,,,,,,,,Absolute Organ Weight↓,Male,Main,"National Institute of Health Sciences, Japan",Testis,ReproTox,Mitsubishi Chemical Safety Institute Ltd.,Organ weights,Oral (Gavage),300,mg/kg bdwt/d,Administered dose(mass),12,mg/kg bdwt/d,Administered dose(mass),25.6,,None,0,d,Time,,,,,,,,,,,,,,,,,,,,,,,,,,,,,,,,,,,,,,,,,,,,,,,,,,,,,,,,,,,,,,,,,,,,,,,,,,,,,,,,,,,,,,,,,,,,,,,,,,,,,,,,,,,,,,,,,,,,,,,,,,,,,,,,,,,,,,,,,,,,,,,,,,,,,,,,,,,,,,,,,,,,,,,,,,,,,,,,,,,,,45,d,Time,300,mg/kg bdwt/d,Administered dose(mass),,,300,mg/kg/d,Administered dose(mass),,
26444-49-5,"Cresyl diphenyl phosphate;Cresyldiphenyl phosphate;Diphenyl cresyl phosphate;diphenyl tolyl phosphate;Methylphenyl diphenyl ester, Phosphoric acid;Phosphoric acid, methylphenyl diphenyl ester",,,,,,,,,,,,,,,,,,,,,,,,,,,,,,,,,,,,,,,,,,,,,,,,,,,,,,,,,,,,,,,,,,,,,,,,,,,,,,,,,,,,,,,,,,,,,,,,,,,,,,,,,,,,,,,,,,,,,,,,,,,,,,,,Human Health Hazards#Repeated Dose Toxicity,Repeated Dose Toxicity HESS,mixture,NOEL,,False,No qualifier,Equal,,,,,,1993,,,,,,Rat,,,,,,,,,,,,,,,,,,,,,,,,,,SD,,OECD TG 422,,,,,,,,,,Atrophy (Necropsy),Male,Main,"National Institute of Health Sciences, Japan",Testis,ReproTox,Mitsubishi Chemical Safety Institute Ltd.,Necropsy,Oral (Gavage),300,mg/kg bdwt/d,Administered dose(mass),12,mg/kg bdwt/d,Administered dose(mass),25.6,,None,0,d,Time,,,,,,,,,,,,,,,,,,,,,,,,,,,,,,,,,,,,,,,,,,,,,,,,,,,,,,,,,,,,,,,,,,,,,,,,,,,,,,,,,,,,,,,,,,,,,,,,,,,,,,,,,,,,,,,,,,,,,,,,,,,,,,,,,,,,,,,,,,,,,,,,,,,,,,,,,,,,,,,,,,,,,,,,,,,,,,,,,,,,,45,d,Time,60,mg/kg bdwt/d,Administered dose(mass),,,60,mg/kg/d,Administered dose(mass),,
26444-49-5,"Cresyl diphenyl phosphate;Cresyldiphenyl phosphate;Diphenyl cresyl phosphate;diphenyl tolyl phosphate;Methylphenyl diphenyl ester, Phosphoric acid;Phosphoric acid, methylphenyl diphenyl ester",,,,,,,,,,,,,,,,,,,,,,,,,,,,,,,,,,,,,,,,,,,,,,,,,,,,,,,,,,,,,,,,,,,,,,,,,,,,,,,,,,,,,,,,,,,,,,,,,,,,,,,,,,,,,,,,,,,,,,,,,,,,,,,,Human Health Hazards#Repeated Dose Toxicity,Repeated Dose Toxicity HESS,mixture,NOEL,,False,No qualifier,Equal,,,,,,1993,,,,,,Rat,,,,,,,,,,,,,,,,,,,,,,,,,,SD,,OECD TG 422,,,,,,,,,,Atrophy Seminiferous,Male,Main,"National Institute of Health Sciences, Japan",Testis,ReproTox,Mitsubishi Chemical Safety Institute Ltd.,Histopathological findings,Oral (Gavage),300,mg/kg bdwt/d,Administered dose(mass),12,mg/kg bdwt/d,Administered dose(mass),25.6,,None,0,d,Time,,,,,,,,,,,,,,,,,,,,,,,,,,,,,,,,,,,,,,,,,,,,,,,,,,,,,,,,,,,,,,,,,,,,,,,,,,,,,,,,,,,,,,,,,,,,,,,,,,,,,,,,,,,,,,,,,,,,,,,,,,,,,,,,,,,,,,,,,,,,,,,,,,,,,,,,,,,,,,,,,,,,,,,,,,,,,,,,,,,,,45,d,Time,60,mg/kg bdwt/d,Administered dose(mass),,,60,mg/kg/d,Administered dose(mass),,
26444-49-5,"Cresyl diphenyl phosphate;Cresyldiphenyl phosphate;Diphenyl cresyl phosphate;diphenyl tolyl phosphate;Methylphenyl diphenyl ester, Phosphoric acid;Phosphoric acid, methylphenyl diphenyl ester",,,,,,,,,,,,,,,,,,,,,,,,,,,,,,,,,,,,,,,,,,,,,,,,,,,,,,,,,,,,,,,,,,,,,,,,,,,,,,,,,,,,,,,,,,,,,,,,,,,,,,,,,,,,,,,,,,,,,,,,,,,,,,,,Human Health Hazards#Repeated Dose Toxicity,Repeated Dose Toxicity HESS,mixture,NOEL,,False,No qualifier,Equal,,,,,,1993,,,,,,Rat,,,,,,,,,,,,,,,,,,,,,,,,,,SD,,OECD TG 422,,,,,,,,,,Degeneration Semiferous Tubule,Male,Main,"National Institute of Health Sciences, Japan",Testis,ReproTox,Mitsubishi Chemical Safety Institute Ltd.,Histopathological findings,Oral (Gavage),300,mg/kg bdwt/d,Administered dose(mass),12,mg/kg bdwt/d,Administered dose(mass),25.6,,None,0,d,Time,,,,,,,,,,,,,,,,,,,,,,,,,,,,,,,,,,,,,,,,,,,,,,,,,,,,,,,,,,,,,,,,,,,,,,,,,,,,,,,,,,,,,,,,,,,,,,,,,,,,,,,,,,,,,,,,,,,,,,,,,,,,,,,,,,,,,,,,,,,,,,,,,,,,,,,,,,,,,,,,,,,,,,,,,,,,,,,,,,,,,45,d,Time,300,mg/kg bdwt/d,Administered dose(mass),,,300,mg/kg/d,Administered dose(mass),,
26444-49-5,"Cresyl diphenyl phosphate;Cresyldiphenyl phosphate;Diphenyl cresyl phosphate;diphenyl tolyl phosphate;Methylphenyl diphenyl ester, Phosphoric acid;Phosphoric acid, methylphenyl diphenyl ester",,,,,,,,,,,,,,,,,,,,,,,,,,,,,,,,,,,,,,,,,,,,,,,,,,,,,,,,,,,,,,,,,,,,,,,,,,,,,,,,,,,,,,,,,,,,,,,,,,,,,,,,,,,,,,,,,,,,,,,,,,,,,,,,Human Health Hazards#Repeated Dose Toxicity,Repeated Dose Toxicity HESS,mixture,NOEL,,False,No qualifier,Equal,,,,,,1993,,,,,,Rat,,,,,,,,,,,,,,,,,,,,,,,,,,SD,,OECD TG 422,,,,,,,,,,Germ Cell↓,Male,Main,"National Institute of Health Sciences, Japan",Testis,ReproTox,Mitsubishi Chemical Safety Institute Ltd.,Histopathological findings,Oral (Gavage),300,mg/kg bdwt/d,Administered dose(mass),12,mg/kg bdwt/d,Administered dose(mass),25.6,,None,0,d,Time,,,,,,,,,,,,,,,,,,,,,,,,,,,,,,,,,,,,,,,,,,,,,,,,,,,,,,,,,,,,,,,,,,,,,,,,,,,,,,,,,,,,,,,,,,,,,,,,,,,,,,,,,,,,,,,,,,,,,,,,,,,,,,,,,,,,,,,,,,,,,,,,,,,,,,,,,,,,,,,,,,,,,,,,,,,,,,,,,,,,,45,d,Time,300,mg/kg bdwt/d,Administered dose(mass),,,300,mg/kg/d,Administered dose(mass),,
26444-49-5,"Cresyl diphenyl phosphate;Cresyldiphenyl phosphate;Diphenyl cresyl phosphate;diphenyl tolyl phosphate;Methylphenyl diphenyl ester, Phosphoric acid;Phosphoric acid, methylphenyl diphenyl ester",,,,,,,,,,,,,,,,,,,,,,,,,,,,,,,,,,,,,,,,,,,,,,,,,,,,,,,,,,,,,,,,,,,,,,,,,,,,,,,,,,,,,,,,,,,,,,,,,,,,,,,,,,,,,,,,,,,,,,,,,,,,,,,,Human Health Hazards#Repeated Dose Toxicity,Repeated Dose Toxicity HESS,mixture,NOEL,,False,No qualifier,Equal,,,,,,1993,,,,,,Rat,,,,,,,,,,,,,,,,,,,,,,,,,,SD,,OECD TG 422,,,,,,,,,,Hyperplasia Leydig Cell,Male,Main,"National Institute of Health Sciences, Japan",Testis,ReproTox,Mitsubishi Chemical Safety Institute Ltd.,Histopathological findings,Oral (Gavage),300,mg/kg bdwt/d,Administered dose(mass),12,mg/kg bdwt/d,Administered dose(mass),25.6,,None,0,d,Time,,,,,,,,,,,,,,,,,,,,,,,,,,,,,,,,,,,,,,,,,,,,,,,,,,,,,,,,,,,,,,,,,,,,,,,,,,,,,,,,,,,,,,,,,,,,,,,,,,,,,,,,,,,,,,,,,,,,,,,,,,,,,,,,,,,,,,,,,,,,,,,,,,,,,,,,,,,,,,,,,,,,,,,,,,,,,,,,,,,,,45,d,Time,300,mg/kg bdwt/d,Administered dose(mass),,,300,mg/kg/d,Administered dose(mass),,
26444-49-5,"Cresyl diphenyl phosphate;Cresyldiphenyl phosphate;Diphenyl cresyl phosphate;diphenyl tolyl phosphate;Methylphenyl diphenyl ester, Phosphoric acid;Phosphoric acid, methylphenyl diphenyl ester",,,,,,,,,,,,,,,,,,,,,,,,,,,,,,,,,,,,,,,,,,,,,,,,,,,,,,,,,,,,,,,,,,,,,,,,,,,,,,,,,,,,,,,,,,,,,,,,,,,,,,,,,,,,,,,,,,,,,,,,,,,,,,,,Human Health Hazards#Repeated Dose Toxicity,Repeated Dose Toxicity HESS,mixture,NOEL,,False,No qualifier,Equal,,,,,,1993,,,,,,Rat,,,,,,,,,,,,,,,,,,,,,,,,,,SD,,OECD TG 422,,,,,,,,,,Multinucleated Giant Cell,Male,Main,"National Institute of Health Sciences, Japan",Testis,ReproTox,Mitsubishi Chemical Safety Institute Ltd.,Histopathological findings,Oral (Gavage),300,mg/kg bdwt/d,Administered dose(mass),12,mg/kg bdwt/d,Administered dose(mass),25.6,,None,0,d,Time,,,,,,,,,,,,,,,,,,,,,,,,,,,,,,,,,,,,,,,,,,,,,,,,,,,,,,,,,,,,,,,,,,,,,,,,,,,,,,,,,,,,,,,,,,,,,,,,,,,,,,,,,,,,,,,,,,,,,,,,,,,,,,,,,,,,,,,,,,,,,,,,,,,,,,,,,,,,,,,,,,,,,,,,,,,,,,,,,,,,,45,d,Time,300,mg/kg bdwt/d,Administered dose(mass),,,300,mg/kg/d,Administered dose(mass),,
26444-49-5,"Cresyl diphenyl phosphate;Cresyldiphenyl phosphate;Diphenyl cresyl phosphate;diphenyl tolyl phosphate;Methylphenyl diphenyl ester, Phosphoric acid;Phosphoric acid, methylphenyl diphenyl ester",,,,,,,,,,,,,,,,,,,,,,,,,,,,,,,,,,,,,,,,,,,,,,,,,,,,,,,,,,,,,,,,,,,,,,,,,,,,,,,,,,,,,,,,,,,,,,,,,,,,,,,,,,,,,,,,,,,,,,,,,,,,,,,,Human Health Hazards#Repeated Dose Toxicity,Repeated Dose Toxicity HESS,mixture,NOEL,,False,No qualifier,Equal,,,,,,1993,,,,,,Rat,,,,,,,,,,,,,,,,,,,,,,,,,,SD,,OECD TG 422,,,,,,,,,,Necrosis Germ Cell,Male,Main,"National Institute of Health Sciences, Japan",Testis,ReproTox,Mitsubishi Chemical Safety Institute Ltd.,Histopathological findings,Oral (Gavage),300,mg/kg bdwt/d,Administered dose(mass),12,mg/kg bdwt/d,Administered dose(mass),25.6,,None,0,d,Time,,,,,,,,,,,,,,,,,,,,,,,,,,,,,,,,,,,,,,,,,,,,,,,,,,,,,,,,,,,,,,,,,,,,,,,,,,,,,,,,,,,,,,,,,,,,,,,,,,,,,,,,,,,,,,,,,,,,,,,,,,,,,,,,,,,,,,,,,,,,,,,,,,,,,,,,,,,,,,,,,,,,,,,,,,,,,,,,,,,,,45,d,Time,300,mg/kg bdwt/d,Administered dose(mass),,,300,mg/kg/d,Administered dose(mass),,
26444-49-5,"Cresyl diphenyl phosphate;Cresyldiphenyl phosphate;Diphenyl cresyl phosphate;diphenyl tolyl phosphate;Methylphenyl diphenyl ester, Phosphoric acid;Phosphoric acid, methylphenyl diphenyl ester",,,,,,,,,,,,,,,,,,,,,,,,,,,,,,,,,,,,,,,,,,,,,,,,,,,,,,,,,,,,,,,,,,,,,,,,,,,,,,,,,,,,,,,,,,,,,,,,,,,,,,,,,,,,,,,,,,,,,,,,,,,,,,,,Human Health Hazards#Repeated Dose Toxicity,Repeated Dose Toxicity HESS,mixture,NOEL,,False,No qualifier,Equal,,,,,,1993,,,,,,Rat,,,,,,,,,,,,,,,,,,,,,,,,,,SD,,OECD TG 422,,,,,,,,,,Other Findings,Male,Main,"National Institute of Health Sciences, Japan",Testis,ReproTox,Mitsubishi Chemical Safety Institute Ltd.,Histopathological findings,Oral (Gavage),300,mg/kg bdwt/d,Administered dose(mass),12,mg/kg bdwt/d,Administered dose(mass),25.6,,None,0,d,Time,,,,,,,,,,,,,,,,,,,,,,,,,,,,,,,,,,,,,,,,,,,,,,,,,,,,,,,,,,,,,,,,,,,,,,,,,,,,,,,,,,,,,,,,,,,,,,,,,,,,,,,,,,,,,,,,,,,,,,,,,,,,,,,,,,,,,,,,,,,,,,,,,,,,,,,,,,,,,,,,,,,,,,,,,,,,,,,,,,,,,45,d,Time,300,mg/kg bdwt/d,Administered dose(mass),,,300,mg/kg/d,Administered dose(mass),,
26444-49-5,"Cresyl diphenyl phosphate;Cresyldiphenyl phosphate;Diphenyl cresyl phosphate;diphenyl tolyl phosphate;Methylphenyl diphenyl ester, Phosphoric acid;Phosphoric acid, methylphenyl diphenyl ester",,,,,,,,,,,,,,,,,,,,,,,,,,,,,,,,,,,,,,,,,,,,,,,,,,,,,,,,,,,,,,,,,,,,,,,,,,,,,,,,,,,,,,,,,,,,,,,,,,,,,,,,,,,,,,,,,,,,,,,,,,,,,,,,Human Health Hazards#Repeated Dose Toxicity,Repeated Dose Toxicity HESS,mixture,NOEL,,False,No qualifier,Equal,,,,,,1993,,,,,,Rat,,,,,,,,,,,,,,,,,,,,,,,,,,SD,,OECD TG 422,,,,,,,,,,Other Findings,Male,Main,"National Institute of Health Sciences, Japan",Testis,ReproTox,Mitsubishi Chemical Safety Institute Ltd.,Necropsy,Oral (Gavage),300,mg/kg bdwt/d,Administered dose(mass),12,mg/kg bdwt/d,Administered dose(mass),25.6,,None,0,d,Time,,,,,,,,,,,,,,,,,,,,,,,,,,,,,,,,,,,,,,,,,,,,,,,,,,,,,,,,,,,,,,,,,,,,,,,,,,,,,,,,,,,,,,,,,,,,,,,,,,,,,,,,,,,,,,,,,,,,,,,,,,,,,,,,,,,,,,,,,,,,,,,,,,,,,,,,,,,,,,,,,,,,,,,,,,,,,,,,,,,,,45,d,Time,300,mg/kg bdwt/d,Administered dose(mass),,,300,mg/kg/d,Administered dose(mass),,
26444-49-5,"Cresyl diphenyl phosphate;Cresyldiphenyl phosphate;Diphenyl cresyl phosphate;diphenyl tolyl phosphate;Methylphenyl diphenyl ester, Phosphoric acid;Phosphoric acid, methylphenyl diphenyl ester",,,,,,,,,,,,,,,,,,,,,,,,,,,,,,,,,,,,,,,,,,,,,,,,,,,,,,,,,,,,,,,,,,,,,,,,,,,,,,,,,,,,,,,,,,,,,,,,,,,,,,,,,,,,,,,,,,,,,,,,,,,,,,,,Human Health Hazards#Repeated Dose Toxicity,Repeated Dose Toxicity HESS,mixture,NOEL,,False,No qualifier,Equal,,,,,,1993,,,,,,Rat,,,,,,,,,,,,,,,,,,,,,,,,,,SD,,OECD TG 422,,,,,,,,,,Relative Organ Weight↑,Male,Main,"National Institute of Health Sciences, Japan",Testis,ReproTox,Mitsubishi Chemical Safety Institute Ltd.,Organ weights,Oral (Gavage),300,mg/kg bdwt/d,Administered dose(mass),12,mg/kg bdwt/d,Administered dose(mass),25.6,,None,0,d,Time,,,,,,,,,,,,,,,,,,,,,,,,,,,,,,,,,,,,,,,,,,,,,,,,,,,,,,,,,,,,,,,,,,,,,,,,,,,,,,,,,,,,,,,,,,,,,,,,,,,,,,,,,,,,,,,,,,,,,,,,,,,,,,,,,,,,,,,,,,,,,,,,,,,,,,,,,,,,,,,,,,,,,,,,,,,,,,,,,,,,,45,d,Time,300,mg/kg bdwt/d,Administered dose(mass),,,300,mg/kg/d,Administered dose(mass),,
26444-49-5,"Cresyl diphenyl phosphate;Cresyldiphenyl phosphate;Diphenyl cresyl phosphate;diphenyl tolyl phosphate;Methylphenyl diphenyl ester, Phosphoric acid;Phosphoric acid, methylphenyl diphenyl ester",,,,,,,,,,,,,,,,,,,,,,,,,,,,,,,,,,,,,,,,,,,,,,,,,,,,,,,,,,,,,,,,,,,,,,,,,,,,,,,,,,,,,,,,,,,,,,,,,,,,,,,,,,,,,,,,,,,,,,,,,,,,,,,,Human Health Hazards#Repeated Dose Toxicity,Repeated Dose Toxicity HESS,mixture,NOEL,,False,No qualifier,Equal,,,,,,1993,,,,,,Rat,,,,,,,,,,,,,,,,,,,,,,,,,,SD,,OECD TG 422,,,,,,,,,,Relative Organ Weight↓,Male,Main,"National Institute of Health Sciences, Japan",Testis,ReproTox,Mitsubishi Chemical Safety Institute Ltd.,Organ weights,Oral (Gavage),300,mg/kg bdwt/d,Administered dose(mass),12,mg/kg bdwt/d,Administered dose(mass),25.6,,None,0,d,Time,,,,,,,,,,,,,,,,,,,,,,,,,,,,,,,,,,,,,,,,,,,,,,,,,,,,,,,,,,,,,,,,,,,,,,,,,,,,,,,,,,,,,,,,,,,,,,,,,,,,,,,,,,,,,,,,,,,,,,,,,,,,,,,,,,,,,,,,,,,,,,,,,,,,,,,,,,,,,,,,,,,,,,,,,,,,,,,,,,,,,45,d,Time,300,mg/kg bdwt/d,Administered dose(mass),,,300,mg/kg/d,Administered dose(mass),,
26444-49-5,"Cresyl diphenyl phosphate;Cresyldiphenyl phosphate;Diphenyl cresyl phosphate;diphenyl tolyl phosphate;Methylphenyl diphenyl ester, Phosphoric acid;Phosphoric acid, methylphenyl diphenyl ester",,,,,,,,,,,,,,,,,,,,,,,,,,,,,,,,,,,,,,,,,,,,,,,,,,,,,,,,,,,,,,,,,,,,,,,,,,,,,,,,,,,,,,,,,,,,,,,,,,,,,,,,,,,,,,,,,,,,,,,,,,,,,,,,Human Health Hazards#Repeated Dose Toxicity,Repeated Dose Toxicity HESS,mixture,NOEL,,False,No qualifier,Equal,,,,,,1993,,,,,,Rat,,,,,,,,,,,,,,,,,,,,,,,,,,SD,,OECD TG 422,,,,,,,,,,Retention Germ Cell,Male,Main,"National Institute of Health Sciences, Japan",Testis,ReproTox,Mitsubishi Chemical Safety Institute Ltd.,Histopathological findings,Oral (Gavage),300,mg/kg bdwt/d,Administered dose(mass),12,mg/kg bdwt/d,Administered dose(mass),25.6,,None,0,d,Time,,,,,,,,,,,,,,,,,,,,,,,,,,,,,,,,,,,,,,,,,,,,,,,,,,,,,,,,,,,,,,,,,,,,,,,,,,,,,,,,,,,,,,,,,,,,,,,,,,,,,,,,,,,,,,,,,,,,,,,,,,,,,,,,,,,,,,,,,,,,,,,,,,,,,,,,,,,,,,,,,,,,,,,,,,,,,,,,,,,,,45,d,Time,300,mg/kg bdwt/d,Administered dose(mass),,,300,mg/kg/d,Administered dose(mass),,
26444-49-5,"Cresyl diphenyl phosphate;Cresyldiphenyl phosphate;Diphenyl cresyl phosphate;diphenyl tolyl phosphate;Methylphenyl diphenyl ester, Phosphoric acid;Phosphoric acid, methylphenyl diphenyl ester",,,,,,,,,,,,,,,,,,,,,,,,,,,,,,,,,,,,,,,,,,,,,,,,,,,,,,,,,,,,,,,,,,,,,,,,,,,,,,,,,,,,,,,,,,,,,,,,,,,,,,,,,,,,,,,,,,,,,,,,,,,,,,,,Human Health Hazards#Repeated Dose Toxicity,Repeated Dose Toxicity HESS,mixture,NOEL,,False,No qualifier,Equal,,,,,,1993,,,,,,Rat,,,,,,,,,,,,,,,,,,,,,,,,,,SD,,OECD TG 422,,,,,,,,,,Vacuolization Germ Cell,Male,Main,"National Institute of Health Sciences, Japan",Testis,ReproTox,Mitsubishi Chemical Safety Institute Ltd.,Histopathological findings,Oral (Gavage),300,mg/kg bdwt/d,Administered dose(mass),12,mg/kg bdwt/d,Administered dose(mass),25.6,,None,0,d,Time,,,,,,,,,,,,,,,,,,,,,,,,,,,,,,,,,,,,,,,,,,,,,,,,,,,,,,,,,,,,,,,,,,,,,,,,,,,,,,,,,,,,,,,,,,,,,,,,,,,,,,,,,,,,,,,,,,,,,,,,,,,,,,,,,,,,,,,,,,,,,,,,,,,,,,,,,,,,,,,,,,,,,,,,,,,,,,,,,,,,,45,d,Time,300,mg/kg bdwt/d,Administered dose(mass),,,300,mg/kg/d,Administered dose(mass),,
26444-49-5,"Cresyl diphenyl phosphate;Cresyldiphenyl phosphate;Diphenyl cresyl phosphate;diphenyl tolyl phosphate;Methylphenyl diphenyl ester, Phosphoric acid;Phosphoric acid, methylphenyl diphenyl ester",,,,,,,,,,,,,,,,,,,,,,,,,,,,,,,,,,,,,,,,,,,,,,,,,,,,,,,,,,,,,,,,,,,,,,,,,,,,,,,,,,,,,,,,,,,,,,,,,,,,,,,,,,,,,,,,,,,,,,,,,,,,,,,,Human Health Hazards#Repeated Dose Toxicity,Repeated Dose Toxicity HESS,mixture,NOEL,,False,No qualifier,Equal,,,,,,1993,,,,,,Rat,,,,,,,,,,,,,,,,,,,,,,,,,,SD,,OECD TG 422,,,,,,,,,,Vacuolization Sertli Cell,Male,Main,"National Institute of Health Sciences, Japan",Testis,ReproTox,Mitsubishi Chemical Safety Institute Ltd.,Histopathological findings,Oral (Gavage),300,mg/kg bdwt/d,Administered dose(mass),12,mg/kg bdwt/d,Administered dose(mass),25.6,,None,0,d,Time,,,,,,,,,,,,,,,,,,,,,,,,,,,,,,,,,,,,,,,,,,,,,,,,,,,,,,,,,,,,,,,,,,,,,,,,,,,,,,,,,,,,,,,,,,,,,,,,,,,,,,,,,,,,,,,,,,,,,,,,,,,,,,,,,,,,,,,,,,,,,,,,,,,,,,,,,,,,,,,,,,,,,,,,,,,,,,,,,,,,,45,d,Time,300,mg/kg bdwt/d,Administered dose(mass),,,300,mg/kg/d,Administered dose(mass),,
26444-49-5,"Cresyl diphenyl phosphate;Cresyldiphenyl phosphate;Diphenyl cresyl phosphate;diphenyl tolyl phosphate;Methylphenyl diphenyl ester, Phosphoric acid;Phosphoric acid, methylphenyl diphenyl ester",,,,,,,,,,,,,,,,,,,,,,,,,,,,,,,,,,,,,,,,,,,,,,,,,,,,,,,,,,,,,,,,,,,,,,,,,,,,,,,,,,,,,,,,,,,,,,,,,,,,,,,,,,,,,,,,,,,,,,,,,,,,,,,,Human Health Hazards#Repeated Dose Toxicity,Repeated Dose Toxicity HESS,mixture,NOEL,,False,No qualifier,Equal,,,,,,1993,,,,,,Rat,,,,,,,,,,,,,,,,,,,,,,,,,,SD,,OECD TG 422,,,,,,,,,,Absolute Organ Weight↑,Male,Main,"National Institute of Health Sciences, Japan",Thymus,ReproTox,Mitsubishi Chemical Safety Institute Ltd.,Organ weights,Oral (Gavage),300,mg/kg bdwt/d,Administered dose(mass),12,mg/kg bdwt/d,Administered dose(mass),25.6,,None,0,d,Time,,,,,,,,,,,,,,,,,,,,,,,,,,,,,,,,,,,,,,,,,,,,,,,,,,,,,,,,,,,,,,,,,,,,,,,,,,,,,,,,,,,,,,,,,,,,,,,,,,,,,,,,,,,,,,,,,,,,,,,,,,,,,,,,,,,,,,,,,,,,,,,,,,,,,,,,,,,,,,,,,,,,,,,,,,,,,,,,,,,,,45,d,Time,300,mg/kg bdwt/d,Administered dose(mass),,,300,mg/kg/d,Administered dose(mass),,
26444-49-5,"Cresyl diphenyl phosphate;Cresyldiphenyl phosphate;Diphenyl cresyl phosphate;diphenyl tolyl phosphate;Methylphenyl diphenyl ester, Phosphoric acid;Phosphoric acid, methylphenyl diphenyl ester",,,,,,,,,,,,,,,,,,,,,,,,,,,,,,,,,,,,,,,,,,,,,,,,,,,,,,,,,,,,,,,,,,,,,,,,,,,,,,,,,,,,,,,,,,,,,,,,,,,,,,,,,,,,,,,,,,,,,,,,,,,,,,,,Human Health Hazards#Repeated Dose Toxicity,Repeated Dose Toxicity HESS,mixture,NOEL,,False,No qualifier,Equal,,,,,,1993,,,,,,Rat,,,,,,,,,,,,,,,,,,,,,,,,,,SD,,OECD TG 422,,,,,,,,,,Absolute Organ Weight↓,Male,Main,"National Institute of Health Sciences, Japan",Thymus,ReproTox,Mitsubishi Chemical Safety Institute Ltd.,Organ weights,Oral (Gavage),300,mg/kg bdwt/d,Administered dose(mass),12,mg/kg bdwt/d,Administered dose(mass),25.6,,None,0,d,Time,,,,,,,,,,,,,,,,,,,,,,,,,,,,,,,,,,,,,,,,,,,,,,,,,,,,,,,,,,,,,,,,,,,,,,,,,,,,,,,,,,,,,,,,,,,,,,,,,,,,,,,,,,,,,,,,,,,,,,,,,,,,,,,,,,,,,,,,,,,,,,,,,,,,,,,,,,,,,,,,,,,,,,,,,,,,,,,,,,,,,45,d,Time,300,mg/kg bdwt/d,Administered dose(mass),,,300,mg/kg/d,Administered dose(mass),,
26444-49-5,"Cresyl diphenyl phosphate;Cresyldiphenyl phosphate;Diphenyl cresyl phosphate;diphenyl tolyl phosphate;Methylphenyl diphenyl ester, Phosphoric acid;Phosphoric acid, methylphenyl diphenyl ester",,,,,,,,,,,,,,,,,,,,,,,,,,,,,,,,,,,,,,,,,,,,,,,,,,,,,,,,,,,,,,,,,,,,,,,,,,,,,,,,,,,,,,,,,,,,,,,,,,,,,,,,,,,,,,,,,,,,,,,,,,,,,,,,Human Health Hazards#Repeated Dose Toxicity,Repeated Dose Toxicity HESS,mixture,NOEL,,False,No qualifier,Equal,,,,,,1993,,,,,,Rat,,,,,,,,,,,,,,,,,,,,,,,,,,SD,,OECD TG 422,,,,,,,,,,Atrophy (Necropsy),Male,Main,"National Institute of Health Sciences, Japan",Thymus,ReproTox,Mitsubishi Chemical Safety Institute Ltd.,Necropsy,Oral (Gavage),300,mg/kg bdwt/d,Administered dose(mass),12,mg/kg bdwt/d,Administered dose(mass),25.6,,None,0,d,Time,,,,,,,,,,,,,,,,,,,,,,,,,,,,,,,,,,,,,,,,,,,,,,,,,,,,,,,,,,,,,,,,,,,,,,,,,,,,,,,,,,,,,,,,,,,,,,,,,,,,,,,,,,,,,,,,,,,,,,,,,,,,,,,,,,,,,,,,,,,,,,,,,,,,,,,,,,,,,,,,,,,,,,,,,,,,,,,,,,,,,45,d,Time,300,mg/kg bdwt/d,Administered dose(mass),,,300,mg/kg/d,Administered dose(mass),,
26444-49-5,"Cresyl diphenyl phosphate;Cresyldiphenyl phosphate;Diphenyl cresyl phosphate;diphenyl tolyl phosphate;Methylphenyl diphenyl ester, Phosphoric acid;Phosphoric acid, methylphenyl diphenyl ester",,,,,,,,,,,,,,,,,,,,,,,,,,,,,,,,,,,,,,,,,,,,,,,,,,,,,,,,,,,,,,,,,,,,,,,,,,,,,,,,,,,,,,,,,,,,,,,,,,,,,,,,,,,,,,,,,,,,,,,,,,,,,,,,Human Health Hazards#Repeated Dose Toxicity,Repeated Dose Toxicity HESS,mixture,NOEL,,False,No qualifier,Equal,,,,,,1993,,,,,,Rat,,,,,,,,,,,,,,,,,,,,,,,,,,SD,,OECD TG 422,,,,,,,,,,Other Findings,Male,Main,"National Institute of Health Sciences, Japan",Thymus,ReproTox,Mitsubishi Chemical Safety Institute Ltd.,Necropsy,Oral (Gavage),300,mg/kg bdwt/d,Administered dose(mass),12,mg/kg bdwt/d,Administered dose(mass),25.6,,None,0,d,Time,,,,,,,,,,,,,,,,,,,,,,,,,,,,,,,,,,,,,,,,,,,,,,,,,,,,,,,,,,,,,,,,,,,,,,,,,,,,,,,,,,,,,,,,,,,,,,,,,,,,,,,,,,,,,,,,,,,,,,,,,,,,,,,,,,,,,,,,,,,,,,,,,,,,,,,,,,,,,,,,,,,,,,,,,,,,,,,,,,,,,45,d,Time,300,mg/kg bdwt/d,Administered dose(mass),,,300,mg/kg/d,Administered dose(mass),,
26444-49-5,"Cresyl diphenyl phosphate;Cresyldiphenyl phosphate;Diphenyl cresyl phosphate;diphenyl tolyl phosphate;Methylphenyl diphenyl ester, Phosphoric acid;Phosphoric acid, methylphenyl diphenyl ester",,,,,,,,,,,,,,,,,,,,,,,,,,,,,,,,,,,,,,,,,,,,,,,,,,,,,,,,,,,,,,,,,,,,,,,,,,,,,,,,,,,,,,,,,,,,,,,,,,,,,,,,,,,,,,,,,,,,,,,,,,,,,,,,Human Health Hazards#Repeated Dose Toxicity,Repeated Dose Toxicity HESS,mixture,NOEL,,False,No qualifier,Equal,,,,,,1993,,,,,,Rat,,,,,,,,,,,,,,,,,,,,,,,,,,SD,,OECD TG 422,,,,,,,,,,Relative Organ Weight↑,Male,Main,"National Institute of Health Sciences, Japan",Thymus,ReproTox,Mitsubishi Chemical Safety Institute Ltd.,Organ weights,Oral (Gavage),300,mg/kg bdwt/d,Administered dose(mass),12,mg/kg bdwt/d,Administered dose(mass),25.6,,None,0,d,Time,,,,,,,,,,,,,,,,,,,,,,,,,,,,,,,,,,,,,,,,,,,,,,,,,,,,,,,,,,,,,,,,,,,,,,,,,,,,,,,,,,,,,,,,,,,,,,,,,,,,,,,,,,,,,,,,,,,,,,,,,,,,,,,,,,,,,,,,,,,,,,,,,,,,,,,,,,,,,,,,,,,,,,,,,,,,,,,,,,,,,45,d,Time,300,mg/kg bdwt/d,Administered dose(mass),,,300,mg/kg/d,Administered dose(mass),,
26444-49-5,"Cresyl diphenyl phosphate;Cresyldiphenyl phosphate;Diphenyl cresyl phosphate;diphenyl tolyl phosphate;Methylphenyl diphenyl ester, Phosphoric acid;Phosphoric acid, methylphenyl diphenyl ester",,,,,,,,,,,,,,,,,,,,,,,,,,,,,,,,,,,,,,,,,,,,,,,,,,,,,,,,,,,,,,,,,,,,,,,,,,,,,,,,,,,,,,,,,,,,,,,,,,,,,,,,,,,,,,,,,,,,,,,,,,,,,,,,Human Health Hazards#Repeated Dose Toxicity,Repeated Dose Toxicity HESS,mixture,NOEL,,False,No qualifier,Equal,,,,,,1993,,,,,,Rat,,,,,,,,,,,,,,,,,,,,,,,,,,SD,,OECD TG 422,,,,,,,,,,Relative Organ Weight↓,Male,Main,"National Institute of Health Sciences, Japan",Thymus,ReproTox,Mitsubishi Chemical Safety Institute Ltd.,Organ weights,Oral (Gavage),300,mg/kg bdwt/d,Administered dose(mass),12,mg/kg bdwt/d,Administered dose(mass),25.6,,None,0,d,Time,,,,,,,,,,,,,,,,,,,,,,,,,,,,,,,,,,,,,,,,,,,,,,,,,,,,,,,,,,,,,,,,,,,,,,,,,,,,,,,,,,,,,,,,,,,,,,,,,,,,,,,,,,,,,,,,,,,,,,,,,,,,,,,,,,,,,,,,,,,,,,,,,,,,,,,,,,,,,,,,,,,,,,,,,,,,,,,,,,,,,45,d,Time,300,mg/kg bdwt/d,Administered dose(mass),,,300,mg/kg/d,Administered dose(mass),,
26444-49-5,"Cresyl diphenyl phosphate;Cresyldiphenyl phosphate;Diphenyl cresyl phosphate;diphenyl tolyl phosphate;Methylphenyl diphenyl ester, Phosphoric acid;Phosphoric acid, methylphenyl diphenyl ester",,,,,,,,,,,,,,,,,,,,,,,,,,,,,,,,,,,,,,,,,,,,,,,,,,,,,,,,,,,,,,,,,,,,,,,,,,,,,,,,,,,,,,,,,,,,,,,,,,,,,,,,,,,,,,,,,,,,,,,,,,,,,,,,Human Health Hazards#Repeated Dose Toxicity,Repeated Dose Toxicity HESS,mixture,NOEL,,False,No qualifier,Equal,,,,,,1993,,,,,,Rat,,,,,,,,,,,,,,,,,,,,,,,,,,SD,,OECD TG 422,,,,,,,,,,Atrophy (Necropsy),Male,Main,"National Institute of Health Sciences, Japan",Thyroid　Gland,ReproTox,Mitsubishi Chemical Safety Institute Ltd.,Necropsy,Oral (Gavage),300,mg/kg bdwt/d,Administered dose(mass),12,mg/kg bdwt/d,Administered dose(mass),25.6,,None,0,d,Time,,,,,,,,,,,,,,,,,,,,,,,,,,,,,,,,,,,,,,,,,,,,,,,,,,,,,,,,,,,,,,,,,,,,,,,,,,,,,,,,,,,,,,,,,,,,,,,,,,,,,,,,,,,,,,,,,,,,,,,,,,,,,,,,,,,,,,,,,,,,,,,,,,,,,,,,,,,,,,,,,,,,,,,,,,,,,,,,,,,,,45,d,Time,300,mg/kg bdwt/d,Administered dose(mass),,,300,mg/kg/d,Administered dose(mass),,
26444-49-5,"Cresyl diphenyl phosphate;Cresyldiphenyl phosphate;Diphenyl cresyl phosphate;diphenyl tolyl phosphate;Methylphenyl diphenyl ester, Phosphoric acid;Phosphoric acid, methylphenyl diphenyl ester",,,,,,,,,,,,,,,,,,,,,,,,,,,,,,,,,,,,,,,,,,,,,,,,,,,,,,,,,,,,,,,,,,,,,,,,,,,,,,,,,,,,,,,,,,,,,,,,,,,,,,,,,,,,,,,,,,,,,,,,,,,,,,,,Human Health Hazards#Repeated Dose Toxicity,Repeated Dose Toxicity HESS,mixture,NOEL,,False,No qualifier,Equal,,,,,,1993,,,,,,Rat,,,,,,,,,,,,,,,,,,,,,,,,,,SD,,OECD TG 422,,,,,,,,,,Enlarged (Necropsy),Male,Main,"National Institute of Health Sciences, Japan",Thyroid　Gland,ReproTox,Mitsubishi Chemical Safety Institute Ltd.,Necropsy,Oral (Gavage),300,mg/kg bdwt/d,Administered dose(mass),12,mg/kg bdwt/d,Administered dose(mass),25.6,,None,0,d,Time,,,,,,,,,,,,,,,,,,,,,,,,,,,,,,,,,,,,,,,,,,,,,,,,,,,,,,,,,,,,,,,,,,,,,,,,,,,,,,,,,,,,,,,,,,,,,,,,,,,,,,,,,,,,,,,,,,,,,,,,,,,,,,,,,,,,,,,,,,,,,,,,,,,,,,,,,,,,,,,,,,,,,,,,,,,,,,,,,,,,,45,d,Time,300,mg/kg bdwt/d,Administered dose(mass),,,300,mg/kg/d,Administered dose(mass),,
26444-49-5,"Cresyl diphenyl phosphate;Cresyldiphenyl phosphate;Diphenyl cresyl phosphate;diphenyl tolyl phosphate;Methylphenyl diphenyl ester, Phosphoric acid;Phosphoric acid, methylphenyl diphenyl ester",,,,,,,,,,,,,,,,,,,,,,,,,,,,,,,,,,,,,,,,,,,,,,,,,,,,,,,,,,,,,,,,,,,,,,,,,,,,,,,,,,,,,,,,,,,,,,,,,,,,,,,,,,,,,,,,,,,,,,,,,,,,,,,,Human Health Hazards#Repeated Dose Toxicity,Repeated Dose Toxicity HESS,mixture,NOEL,,False,No qualifier,Equal,,,,,,1993,,,,,,Rat,,,,,,,,,,,,,,,,,,,,,,,,,,SD,,OECD TG 422,,,,,,,,,,Other Findings,Male,Main,"National Institute of Health Sciences, Japan",Thyroid　Gland,ReproTox,Mitsubishi Chemical Safety Institute Ltd.,Necropsy,Oral (Gavage),300,mg/kg bdwt/d,Administered dose(mass),12,mg/kg bdwt/d,Administered dose(mass),25.6,,None,0,d,Time,,,,,,,,,,,,,,,,,,,,,,,,,,,,,,,,,,,,,,,,,,,,,,,,,,,,,,,,,,,,,,,,,,,,,,,,,,,,,,,,,,,,,,,,,,,,,,,,,,,,,,,,,,,,,,,,,,,,,,,,,,,,,,,,,,,,,,,,,,,,,,,,,,,,,,,,,,,,,,,,,,,,,,,,,,,,,,,,,,,,,45,d,Time,300,mg/kg bdwt/d,Administered dose(mass),,,300,mg/kg/d,Administered dose(mass),,
26444-49-5,"Cresyl diphenyl phosphate;Cresyldiphenyl phosphate;Diphenyl cresyl phosphate;diphenyl tolyl phosphate;Methylphenyl diphenyl ester, Phosphoric acid;Phosphoric acid, methylphenyl diphenyl ester",,,,,,,,,,,,,,,,,,,,,,,,,,,,,,,,,,,,,,,,,,,,,,,,,,,,,,,,,,,,,,,,,,,,,,,,,,,,,,,,,,,,,,,,,,,,,,,,,,,,,,,,,,,,,,,,,,,,,,,,,,,,,,,,Human Health Hazards#Repeated Dose Toxicity,Repeated Dose Toxicity HESS,mixture,NOEL,,False,No qualifier,Equal,,,,,,1993,,,,,,Rat,,,,,,,,,,,,,,,,,,,,,,,,,,SD,,OECD TG 422,,,,,,,,,,,Male,Main,"National Institute of Health Sciences, Japan",Trachea,ReproTox,Mitsubishi Chemical Safety Institute Ltd.,Necropsy,Oral (Gavage),300,mg/kg bdwt/d,Administered dose(mass),12,mg/kg bdwt/d,Administered dose(mass),25.6,,None,0,d,Time,,,,,,,,,,,,,,,,,,,,,,,,,,,,,,,,,,,,,,,,,,,,,,,,,,,,,,,,,,,,,,,,,,,,,,,,,,,,,,,,,,,,,,,,,,,,,,,,,,,,,,,,,,,,,,,,,,,,,,,,,,,,,,,,,,,,,,,,,,,,,,,,,,,,,,,,,,,,,,,,,,,,,,,,,,,,,,,,,,,,,45,d,Time,300,mg/kg bdwt/d,Administered dose(mass),,,300,mg/kg/d,Administered dose(mass),,
26444-49-5,"Cresyl diphenyl phosphate;Cresyldiphenyl phosphate;Diphenyl cresyl phosphate;diphenyl tolyl phosphate;Methylphenyl diphenyl ester, Phosphoric acid;Phosphoric acid, methylphenyl diphenyl ester",,,,,,,,,,,,,,,,,,,,,,,,,,,,,,,,,,,,,,,,,,,,,,,,,,,,,,,,,,,,,,,,,,,,,,,,,,,,,,,,,,,,,,,,,,,,,,,,,,,,,,,,,,,,,,,,,,,,,,,,,,,,,,,,Human Health Hazards#Repeated Dose Toxicity,Repeated Dose Toxicity HESS,mixture,NOEL,,False,No qualifier,Equal,,,,,,1993,,,,,,Rat,,,,,,,,,,,,,,,,,,,,,,,,,,SD,,OECD TG 422,,,,,,,,,,,Male,Main,"National Institute of Health Sciences, Japan",Urinary bladder,ReproTox,Mitsubishi Chemical Safety Institute Ltd.,Necropsy,Oral (Gavage),300,mg/kg bdwt/d,Administered dose(mass),12,mg/kg bdwt/d,Administered dose(mass),25.6,,None,0,d,Time,,,,,,,,,,,,,,,,,,,,,,,,,,,,,,,,,,,,,,,,,,,,,,,,,,,,,,,,,,,,,,,,,,,,,,,,,,,,,,,,,,,,,,,,,,,,,,,,,,,,,,,,,,,,,,,,,,,,,,,,,,,,,,,,,,,,,,,,,,,,,,,,,,,,,,,,,,,,,,,,,,,,,,,,,,,,,,,,,,,,,45,d,Time,300,mg/kg bdwt/d,Administered dose(mass),,,300,mg/kg/d,Administered dose(mass),,
26444-49-5,"Cresyl diphenyl phosphate;Cresyldiphenyl phosphate;Diphenyl cresyl phosphate;diphenyl tolyl phosphate;Methylphenyl diphenyl ester, Phosphoric acid;Phosphoric acid, methylphenyl diphenyl ester",,,,,,,,,,,,,,,,,,,,,,,,,,,,,,,,,,,,,,,,,,,,,,,,,,,,,,,,,,,,,,,,,,,,,,,,,,,,,,,,,,,,,,,,,,,,,,,,,,,,,,,,,,,,,,,,,,,,,,,,,,,,,,,,Human Health Hazards#Repeated Dose Toxicity,Repeated Dose Toxicity HESS,mixture,NOEL,,False,No qualifier,Equal,,,,,,1993,,,,,,Rat,,,,,,,,,,,,,,,,,,,,,,,,,,SD,,OECD TG 422,,,,,,,,,,Bilirubin↑,Male,Main,"National Institute of Health Sciences, Japan",Urine,ReproTox,Mitsubishi Chemical Safety Institute Ltd.,Urinalysis,Oral (Gavage),300,mg/kg bdwt/d,Administered dose(mass),12,mg/kg bdwt/d,Administered dose(mass),25.6,,None,0,d,Time,,,,,,,,,,,,,,,,,,,,,,,,,,,,,,,,,,,,,,,,,,,,,,,,,,,,,,,,,,,,,,,,,,,,,,,,,,,,,,,,,,,,,,,,,,,,,,,,,,,,,,,,,,,,,,,,,,,,,,,,,,,,,,,,,,,,,,,,,,,,,,,,,,,,,,,,,,,,,,,,,,,,,,,,,,,,,,,,,,,,,45,d,Time,300,mg/kg bdwt/d,Administered dose(mass),,,300,mg/kg/d,Administered dose(mass),,
26444-49-5,"Cresyl diphenyl phosphate;Cresyldiphenyl phosphate;Diphenyl cresyl phosphate;diphenyl tolyl phosphate;Methylphenyl diphenyl ester, Phosphoric acid;Phosphoric acid, methylphenyl diphenyl ester",,,,,,,,,,,,,,,,,,,,,,,,,,,,,,,,,,,,,,,,,,,,,,,,,,,,,,,,,,,,,,,,,,,,,,,,,,,,,,,,,,,,,,,,,,,,,,,,,,,,,,,,,,,,,,,,,,,,,,,,,,,,,,,,Human Health Hazards#Repeated Dose Toxicity,Repeated Dose Toxicity HESS,mixture,NOEL,,False,No qualifier,Equal,,,,,,1993,,,,,,Rat,,,,,,,,,,,,,,,,,,,,,,,,,,SD,,OECD TG 422,,,,,,,,,,Bilirubin↓,Male,Main,"National Institute of Health Sciences, Japan",Urine,ReproTox,Mitsubishi Chemical Safety Institute Ltd.,Urinalysis,Oral (Gavage),300,mg/kg bdwt/d,Administered dose(mass),12,mg/kg bdwt/d,Administered dose(mass),25.6,,None,0,d,Time,,,,,,,,,,,,,,,,,,,,,,,,,,,,,,,,,,,,,,,,,,,,,,,,,,,,,,,,,,,,,,,,,,,,,,,,,,,,,,,,,,,,,,,,,,,,,,,,,,,,,,,,,,,,,,,,,,,,,,,,,,,,,,,,,,,,,,,,,,,,,,,,,,,,,,,,,,,,,,,,,,,,,,,,,,,,,,,,,,,,,45,d,Time,300,mg/kg bdwt/d,Administered dose(mass),,,300,mg/kg/d,Administered dose(mass),,
26444-49-5,"Cresyl diphenyl phosphate;Cresyldiphenyl phosphate;Diphenyl cresyl phosphate;diphenyl tolyl phosphate;Methylphenyl diphenyl ester, Phosphoric acid;Phosphoric acid, methylphenyl diphenyl ester",,,,,,,,,,,,,,,,,,,,,,,,,,,,,,,,,,,,,,,,,,,,,,,,,,,,,,,,,,,,,,,,,,,,,,,,,,,,,,,,,,,,,,,,,,,,,,,,,,,,,,,,,,,,,,,,,,,,,,,,,,,,,,,,Human Health Hazards#Repeated Dose Toxicity,Repeated Dose Toxicity HESS,mixture,NOEL,,False,No qualifier,Equal,,,,,,1993,,,,,,Rat,,,,,,,,,,,,,,,,,,,,,,,,,,SD,,OECD TG 422,,,,,,,,,,Cl↑,Male,Main,"National Institute of Health Sciences, Japan",Urine,ReproTox,Mitsubishi Chemical Safety Institute Ltd.,Urinalysis,Oral (Gavage),300,mg/kg bdwt/d,Administered dose(mass),12,mg/kg bdwt/d,Administered dose(mass),25.6,,None,0,d,Time,,,,,,,,,,,,,,,,,,,,,,,,,,,,,,,,,,,,,,,,,,,,,,,,,,,,,,,,,,,,,,,,,,,,,,,,,,,,,,,,,,,,,,,,,,,,,,,,,,,,,,,,,,,,,,,,,,,,,,,,,,,,,,,,,,,,,,,,,,,,,,,,,,,,,,,,,,,,,,,,,,,,,,,,,,,,,,,,,,,,,45,d,Time,300,mg/kg bdwt/d,Administered dose(mass),,,300,mg/kg/d,Administered dose(mass),,
26444-49-5,"Cresyl diphenyl phosphate;Cresyldiphenyl phosphate;Diphenyl cresyl phosphate;diphenyl tolyl phosphate;Methylphenyl diphenyl ester, Phosphoric acid;Phosphoric acid, methylphenyl diphenyl ester",,,,,,,,,,,,,,,,,,,,,,,,,,,,,,,,,,,,,,,,,,,,,,,,,,,,,,,,,,,,,,,,,,,,,,,,,,,,,,,,,,,,,,,,,,,,,,,,,,,,,,,,,,,,,,,,,,,,,,,,,,,,,,,,Human Health Hazards#Repeated Dose Toxicity,Repeated Dose Toxicity HESS,mixture,NOEL,,False,No qualifier,Equal,,,,,,1993,,,,,,Rat,,,,,,,,,,,,,,,,,,,,,,,,,,SD,,OECD TG 422,,,,,,,,,,Cl↓,Male,Main,"National Institute of Health Sciences, Japan",Urine,ReproTox,Mitsubishi Chemical Safety Institute Ltd.,Urinalysis,Oral (Gavage),300,mg/kg bdwt/d,Administered dose(mass),12,mg/kg bdwt/d,Administered dose(mass),25.6,,None,0,d,Time,,,,,,,,,,,,,,,,,,,,,,,,,,,,,,,,,,,,,,,,,,,,,,,,,,,,,,,,,,,,,,,,,,,,,,,,,,,,,,,,,,,,,,,,,,,,,,,,,,,,,,,,,,,,,,,,,,,,,,,,,,,,,,,,,,,,,,,,,,,,,,,,,,,,,,,,,,,,,,,,,,,,,,,,,,,,,,,,,,,,,45,d,Time,300,mg/kg bdwt/d,Administered dose(mass),,,300,mg/kg/d,Administered dose(mass),,
26444-49-5,"Cresyl diphenyl phosphate;Cresyldiphenyl phosphate;Diphenyl cresyl phosphate;diphenyl tolyl phosphate;Methylphenyl diphenyl ester, Phosphoric acid;Phosphoric acid, methylphenyl diphenyl ester",,,,,,,,,,,,,,,,,,,,,,,,,,,,,,,,,,,,,,,,,,,,,,,,,,,,,,,,,,,,,,,,,,,,,,,,,,,,,,,,,,,,,,,,,,,,,,,,,,,,,,,,,,,,,,,,,,,,,,,,,,,,,,,,Human Health Hazards#Repeated Dose Toxicity,Repeated Dose Toxicity HESS,mixture,NOEL,,False,No qualifier,Equal,,,,,,1993,,,,,,Rat,,,,,,,,,,,,,,,,,,,,,,,,,,SD,,OECD TG 422,,,,,,,,,,Discoloration,Male,Main,"National Institute of Health Sciences, Japan",Urine,ReproTox,Mitsubishi Chemical Safety Institute Ltd.,Urinalysis,Oral (Gavage),300,mg/kg bdwt/d,Administered dose(mass),12,mg/kg bdwt/d,Administered dose(mass),25.6,,None,0,d,Time,,,,,,,,,,,,,,,,,,,,,,,,,,,,,,,,,,,,,,,,,,,,,,,,,,,,,,,,,,,,,,,,,,,,,,,,,,,,,,,,,,,,,,,,,,,,,,,,,,,,,,,,,,,,,,,,,,,,,,,,,,,,,,,,,,,,,,,,,,,,,,,,,,,,,,,,,,,,,,,,,,,,,,,,,,,,,,,,,,,,,45,d,Time,300,mg/kg bdwt/d,Administered dose(mass),,,300,mg/kg/d,Administered dose(mass),,
26444-49-5,"Cresyl diphenyl phosphate;Cresyldiphenyl phosphate;Diphenyl cresyl phosphate;diphenyl tolyl phosphate;Methylphenyl diphenyl ester, Phosphoric acid;Phosphoric acid, methylphenyl diphenyl ester",,,,,,,,,,,,,,,,,,,,,,,,,,,,,,,,,,,,,,,,,,,,,,,,,,,,,,,,,,,,,,,,,,,,,,,,,,,,,,,,,,,,,,,,,,,,,,,,,,,,,,,,,,,,,,,,,,,,,,,,,,,,,,,,Human Health Hazards#Repeated Dose Toxicity,Repeated Dose Toxicity HESS,mixture,NOEL,,False,No qualifier,Equal,,,,,,1993,,,,,,Rat,,,,,,,,,,,,,,,,,,,,,,,,,,SD,,OECD TG 422,,,,,,,,,,Glucose↑,Male,Main,"National Institute of Health Sciences, Japan",Urine,ReproTox,Mitsubishi Chemical Safety Institute Ltd.,Urinalysis,Oral (Gavage),300,mg/kg bdwt/d,Administered dose(mass),12,mg/kg bdwt/d,Administered dose(mass),25.6,,None,0,d,Time,,,,,,,,,,,,,,,,,,,,,,,,,,,,,,,,,,,,,,,,,,,,,,,,,,,,,,,,,,,,,,,,,,,,,,,,,,,,,,,,,,,,,,,,,,,,,,,,,,,,,,,,,,,,,,,,,,,,,,,,,,,,,,,,,,,,,,,,,,,,,,,,,,,,,,,,,,,,,,,,,,,,,,,,,,,,,,,,,,,,,45,d,Time,300,mg/kg bdwt/d,Administered dose(mass),,,300,mg/kg/d,Administered dose(mass),,
26444-49-5,"Cresyl diphenyl phosphate;Cresyldiphenyl phosphate;Diphenyl cresyl phosphate;diphenyl tolyl phosphate;Methylphenyl diphenyl ester, Phosphoric acid;Phosphoric acid, methylphenyl diphenyl ester",,,,,,,,,,,,,,,,,,,,,,,,,,,,,,,,,,,,,,,,,,,,,,,,,,,,,,,,,,,,,,,,,,,,,,,,,,,,,,,,,,,,,,,,,,,,,,,,,,,,,,,,,,,,,,,,,,,,,,,,,,,,,,,,Human Health Hazards#Repeated Dose Toxicity,Repeated Dose Toxicity HESS,mixture,NOEL,,False,No qualifier,Equal,,,,,,1993,,,,,,Rat,,,,,,,,,,,,,,,,,,,,,,,,,,SD,,OECD TG 422,,,,,,,,,,Glucose↓,Male,Main,"National Institute of Health Sciences, Japan",Urine,ReproTox,Mitsubishi Chemical Safety Institute Ltd.,Urinalysis,Oral (Gavage),300,mg/kg bdwt/d,Administered dose(mass),12,mg/kg bdwt/d,Administered dose(mass),25.6,,None,0,d,Time,,,,,,,,,,,,,,,,,,,,,,,,,,,,,,,,,,,,,,,,,,,,,,,,,,,,,,,,,,,,,,,,,,,,,,,,,,,,,,,,,,,,,,,,,,,,,,,,,,,,,,,,,,,,,,,,,,,,,,,,,,,,,,,,,,,,,,,,,,,,,,,,,,,,,,,,,,,,,,,,,,,,,,,,,,,,,,,,,,,,,45,d,Time,300,mg/kg bdwt/d,Administered dose(mass),,,300,mg/kg/d,Administered dose(mass),,
26444-49-5,"Cresyl diphenyl phosphate;Cresyldiphenyl phosphate;Diphenyl cresyl phosphate;diphenyl tolyl phosphate;Methylphenyl diphenyl ester, Phosphoric acid;Phosphoric acid, methylphenyl diphenyl ester",,,,,,,,,,,,,,,,,,,,,,,,,,,,,,,,,,,,,,,,,,,,,,,,,,,,,,,,,,,,,,,,,,,,,,,,,,,,,,,,,,,,,,,,,,,,,,,,,,,,,,,,,,,,,,,,,,,,,,,,,,,,,,,,Human Health Hazards#Repeated Dose Toxicity,Repeated Dose Toxicity HESS,mixture,NOEL,,False,No qualifier,Equal,,,,,,1993,,,,,,Rat,,,,,,,,,,,,,,,,,,,,,,,,,,SD,,OECD TG 422,,,,,,,,,,K↑,Male,Main,"National Institute of Health Sciences, Japan",Urine,ReproTox,Mitsubishi Chemical Safety Institute Ltd.,Urinalysis,Oral (Gavage),300,mg/kg bdwt/d,Administered dose(mass),12,mg/kg bdwt/d,Administered dose(mass),25.6,,None,0,d,Time,,,,,,,,,,,,,,,,,,,,,,,,,,,,,,,,,,,,,,,,,,,,,,,,,,,,,,,,,,,,,,,,,,,,,,,,,,,,,,,,,,,,,,,,,,,,,,,,,,,,,,,,,,,,,,,,,,,,,,,,,,,,,,,,,,,,,,,,,,,,,,,,,,,,,,,,,,,,,,,,,,,,,,,,,,,,,,,,,,,,,45,d,Time,300,mg/kg bdwt/d,Administered dose(mass),,,300,mg/kg/d,Administered dose(mass),,
26444-49-5,"Cresyl diphenyl phosphate;Cresyldiphenyl phosphate;Diphenyl cresyl phosphate;diphenyl tolyl phosphate;Methylphenyl diphenyl ester, Phosphoric acid;Phosphoric acid, methylphenyl diphenyl ester",,,,,,,,,,,,,,,,,,,,,,,,,,,,,,,,,,,,,,,,,,,,,,,,,,,,,,,,,,,,,,,,,,,,,,,,,,,,,,,,,,,,,,,,,,,,,,,,,,,,,,,,,,,,,,,,,,,,,,,,,,,,,,,,Human Health Hazards#Repeated Dose Toxicity,Repeated Dose Toxicity HESS,mixture,NOEL,,False,No qualifier,Equal,,,,,,1993,,,,,,Rat,,,,,,,,,,,,,,,,,,,,,,,,,,SD,,OECD TG 422,,,,,,,,,,K↓,Male,Main,"National Institute of Health Sciences, Japan",Urine,ReproTox,Mitsubishi Chemical Safety Institute Ltd.,Urinalysis,Oral (Gavage),300,mg/kg bdwt/d,Administered dose(mass),12,mg/kg bdwt/d,Administered dose(mass),25.6,,None,0,d,Time,,,,,,,,,,,,,,,,,,,,,,,,,,,,,,,,,,,,,,,,,,,,,,,,,,,,,,,,,,,,,,,,,,,,,,,,,,,,,,,,,,,,,,,,,,,,,,,,,,,,,,,,,,,,,,,,,,,,,,,,,,,,,,,,,,,,,,,,,,,,,,,,,,,,,,,,,,,,,,,,,,,,,,,,,,,,,,,,,,,,,45,d,Time,300,mg/kg bdwt/d,Administered dose(mass),,,300,mg/kg/d,Administered dose(mass),,
26444-49-5,"Cresyl diphenyl phosphate;Cresyldiphenyl phosphate;Diphenyl cresyl phosphate;diphenyl tolyl phosphate;Methylphenyl diphenyl ester, Phosphoric acid;Phosphoric acid, methylphenyl diphenyl ester",,,,,,,,,,,,,,,,,,,,,,,,,,,,,,,,,,,,,,,,,,,,,,,,,,,,,,,,,,,,,,,,,,,,,,,,,,,,,,,,,,,,,,,,,,,,,,,,,,,,,,,,,,,,,,,,,,,,,,,,,,,,,,,,Human Health Hazards#Repeated Dose Toxicity,Repeated Dose Toxicity HESS,mixture,NOEL,,False,No qualifier,Equal,,,,,,1993,,,,,,Rat,,,,,,,,,,,,,,,,,,,,,,,,,,SD,,OECD TG 422,,,,,,,,,,Ketone Body↑,Male,Main,"National Institute of Health Sciences, Japan",Urine,ReproTox,Mitsubishi Chemical Safety Institute Ltd.,Urinalysis,Oral (Gavage),300,mg/kg bdwt/d,Administered dose(mass),12,mg/kg bdwt/d,Administered dose(mass),25.6,,None,0,d,Time,,,,,,,,,,,,,,,,,,,,,,,,,,,,,,,,,,,,,,,,,,,,,,,,,,,,,,,,,,,,,,,,,,,,,,,,,,,,,,,,,,,,,,,,,,,,,,,,,,,,,,,,,,,,,,,,,,,,,,,,,,,,,,,,,,,,,,,,,,,,,,,,,,,,,,,,,,,,,,,,,,,,,,,,,,,,,,,,,,,,,45,d,Time,300,mg/kg bdwt/d,Administered dose(mass),,,300,mg/kg/d,Administered dose(mass),,
26444-49-5,"Cresyl diphenyl phosphate;Cresyldiphenyl phosphate;Diphenyl cresyl phosphate;diphenyl tolyl phosphate;Methylphenyl diphenyl ester, Phosphoric acid;Phosphoric acid, methylphenyl diphenyl ester",,,,,,,,,,,,,,,,,,,,,,,,,,,,,,,,,,,,,,,,,,,,,,,,,,,,,,,,,,,,,,,,,,,,,,,,,,,,,,,,,,,,,,,,,,,,,,,,,,,,,,,,,,,,,,,,,,,,,,,,,,,,,,,,Human Health Hazards#Repeated Dose Toxicity,Repeated Dose Toxicity HESS,mixture,NOEL,,False,No qualifier,Equal,,,,,,1993,,,,,,Rat,,,,,,,,,,,,,,,,,,,,,,,,,,SD,,OECD TG 422,,,,,,,,,,Ketone Body↓,Male,Main,"National Institute of Health Sciences, Japan",Urine,ReproTox,Mitsubishi Chemical Safety Institute Ltd.,Urinalysis,Oral (Gavage),300,mg/kg bdwt/d,Administered dose(mass),12,mg/kg bdwt/d,Administered dose(mass),25.6,,None,0,d,Time,,,,,,,,,,,,,,,,,,,,,,,,,,,,,,,,,,,,,,,,,,,,,,,,,,,,,,,,,,,,,,,,,,,,,,,,,,,,,,,,,,,,,,,,,,,,,,,,,,,,,,,,,,,,,,,,,,,,,,,,,,,,,,,,,,,,,,,,,,,,,,,,,,,,,,,,,,,,,,,,,,,,,,,,,,,,,,,,,,,,,45,d,Time,300,mg/kg bdwt/d,Administered dose(mass),,,300,mg/kg/d,Administered dose(mass),,
26444-49-5,"Cresyl diphenyl phosphate;Cresyldiphenyl phosphate;Diphenyl cresyl phosphate;diphenyl tolyl phosphate;Methylphenyl diphenyl ester, Phosphoric acid;Phosphoric acid, methylphenyl diphenyl ester",,,,,,,,,,,,,,,,,,,,,,,,,,,,,,,,,,,,,,,,,,,,,,,,,,,,,,,,,,,,,,,,,,,,,,,,,,,,,,,,,,,,,,,,,,,,,,,,,,,,,,,,,,,,,,,,,,,,,,,,,,,,,,,,Human Health Hazards#Repeated Dose Toxicity,Repeated Dose Toxicity HESS,mixture,NOEL,,False,No qualifier,Equal,,,,,,1993,,,,,,Rat,,,,,,,,,,,,,,,,,,,,,,,,,,SD,,OECD TG 422,,,,,,,,,,Na↑,Male,Main,"National Institute of Health Sciences, Japan",Urine,ReproTox,Mitsubishi Chemical Safety Institute Ltd.,Urinalysis,Oral (Gavage),300,mg/kg bdwt/d,Administered dose(mass),12,mg/kg bdwt/d,Administered dose(mass),25.6,,None,0,d,Time,,,,,,,,,,,,,,,,,,,,,,,,,,,,,,,,,,,,,,,,,,,,,,,,,,,,,,,,,,,,,,,,,,,,,,,,,,,,,,,,,,,,,,,,,,,,,,,,,,,,,,,,,,,,,,,,,,,,,,,,,,,,,,,,,,,,,,,,,,,,,,,,,,,,,,,,,,,,,,,,,,,,,,,,,,,,,,,,,,,,,45,d,Time,300,mg/kg bdwt/d,Administered dose(mass),,,300,mg/kg/d,Administered dose(mass),,
26444-49-5,"Cresyl diphenyl phosphate;Cresyldiphenyl phosphate;Diphenyl cresyl phosphate;diphenyl tolyl phosphate;Methylphenyl diphenyl ester, Phosphoric acid;Phosphoric acid, methylphenyl diphenyl ester",,,,,,,,,,,,,,,,,,,,,,,,,,,,,,,,,,,,,,,,,,,,,,,,,,,,,,,,,,,,,,,,,,,,,,,,,,,,,,,,,,,,,,,,,,,,,,,,,,,,,,,,,,,,,,,,,,,,,,,,,,,,,,,,Human Health Hazards#Repeated Dose Toxicity,Repeated Dose Toxicity HESS,mixture,NOEL,,False,No qualifier,Equal,,,,,,1993,,,,,,Rat,,,,,,,,,,,,,,,,,,,,,,,,,,SD,,OECD TG 422,,,,,,,,,,Na↓,Male,Main,"National Institute of Health Sciences, Japan",Urine,ReproTox,Mitsubishi Chemical Safety Institute Ltd.,Urinalysis,Oral (Gavage),300,mg/kg bdwt/d,Administered dose(mass),12,mg/kg bdwt/d,Administered dose(mass),25.6,,None,0,d,Time,,,,,,,,,,,,,,,,,,,,,,,,,,,,,,,,,,,,,,,,,,,,,,,,,,,,,,,,,,,,,,,,,,,,,,,,,,,,,,,,,,,,,,,,,,,,,,,,,,,,,,,,,,,,,,,,,,,,,,,,,,,,,,,,,,,,,,,,,,,,,,,,,,,,,,,,,,,,,,,,,,,,,,,,,,,,,,,,,,,,,45,d,Time,300,mg/kg bdwt/d,Administered dose(mass),,,300,mg/kg/d,Administered dose(mass),,
26444-49-5,"Cresyl diphenyl phosphate;Cresyldiphenyl phosphate;Diphenyl cresyl phosphate;diphenyl tolyl phosphate;Methylphenyl diphenyl ester, Phosphoric acid;Phosphoric acid, methylphenyl diphenyl ester",,,,,,,,,,,,,,,,,,,,,,,,,,,,,,,,,,,,,,,,,,,,,,,,,,,,,,,,,,,,,,,,,,,,,,,,,,,,,,,,,,,,,,,,,,,,,,,,,,,,,,,,,,,,,,,,,,,,,,,,,,,,,,,,Human Health Hazards#Repeated Dose Toxicity,Repeated Dose Toxicity HESS,mixture,NOEL,,False,No qualifier,Equal,,,,,,1993,,,,,,Rat,,,,,,,,,,,,,,,,,,,,,,,,,,SD,,OECD TG 422,,,,,,,,,,Occult Blood,Male,Main,"National Institute of Health Sciences, Japan",Urine,ReproTox,Mitsubishi Chemical Safety Institute Ltd.,Urinalysis,Oral (Gavage),300,mg/kg bdwt/d,Administered dose(mass),12,mg/kg bdwt/d,Administered dose(mass),25.6,,None,0,d,Time,,,,,,,,,,,,,,,,,,,,,,,,,,,,,,,,,,,,,,,,,,,,,,,,,,,,,,,,,,,,,,,,,,,,,,,,,,,,,,,,,,,,,,,,,,,,,,,,,,,,,,,,,,,,,,,,,,,,,,,,,,,,,,,,,,,,,,,,,,,,,,,,,,,,,,,,,,,,,,,,,,,,,,,,,,,,,,,,,,,,,45,d,Time,300,mg/kg bdwt/d,Administered dose(mass),,,300,mg/kg/d,Administered dose(mass),,
26444-49-5,"Cresyl diphenyl phosphate;Cresyldiphenyl phosphate;Diphenyl cresyl phosphate;diphenyl tolyl phosphate;Methylphenyl diphenyl ester, Phosphoric acid;Phosphoric acid, methylphenyl diphenyl ester",,,,,,,,,,,,,,,,,,,,,,,,,,,,,,,,,,,,,,,,,,,,,,,,,,,,,,,,,,,,,,,,,,,,,,,,,,,,,,,,,,,,,,,,,,,,,,,,,,,,,,,,,,,,,,,,,,,,,,,,,,,,,,,,Human Health Hazards#Repeated Dose Toxicity,Repeated Dose Toxicity HESS,mixture,NOEL,,False,No qualifier,Equal,,,,,,1993,,,,,,Rat,,,,,,,,,,,,,,,,,,,,,,,,,,SD,,OECD TG 422,,,,,,,,,,PH↑,Male,Main,"National Institute of Health Sciences, Japan",Urine,ReproTox,Mitsubishi Chemical Safety Institute Ltd.,Urinalysis,Oral (Gavage),300,mg/kg bdwt/d,Administered dose(mass),12,mg/kg bdwt/d,Administered dose(mass),25.6,,None,0,d,Time,,,,,,,,,,,,,,,,,,,,,,,,,,,,,,,,,,,,,,,,,,,,,,,,,,,,,,,,,,,,,,,,,,,,,,,,,,,,,,,,,,,,,,,,,,,,,,,,,,,,,,,,,,,,,,,,,,,,,,,,,,,,,,,,,,,,,,,,,,,,,,,,,,,,,,,,,,,,,,,,,,,,,,,,,,,,,,,,,,,,,45,d,Time,300,mg/kg bdwt/d,Administered dose(mass),,,300,mg/kg/d,Administered dose(mass),,
26444-49-5,"Cresyl diphenyl phosphate;Cresyldiphenyl phosphate;Diphenyl cresyl phosphate;diphenyl tolyl phosphate;Methylphenyl diphenyl ester, Phosphoric acid;Phosphoric acid, methylphenyl diphenyl ester",,,,,,,,,,,,,,,,,,,,,,,,,,,,,,,,,,,,,,,,,,,,,,,,,,,,,,,,,,,,,,,,,,,,,,,,,,,,,,,,,,,,,,,,,,,,,,,,,,,,,,,,,,,,,,,,,,,,,,,,,,,,,,,,Human Health Hazards#Repeated Dose Toxicity,Repeated Dose Toxicity HESS,mixture,NOEL,,False,No qualifier,Equal,,,,,,1993,,,,,,Rat,,,,,,,,,,,,,,,,,,,,,,,,,,SD,,OECD TG 422,,,,,,,,,,PH↓,Male,Main,"National Institute of Health Sciences, Japan",Urine,ReproTox,Mitsubishi Chemical Safety Institute Ltd.,Urinalysis,Oral (Gavage),300,mg/kg bdwt/d,Administered dose(mass),12,mg/kg bdwt/d,Administered dose(mass),25.6,,None,0,d,Time,,,,,,,,,,,,,,,,,,,,,,,,,,,,,,,,,,,,,,,,,,,,,,,,,,,,,,,,,,,,,,,,,,,,,,,,,,,,,,,,,,,,,,,,,,,,,,,,,,,,,,,,,,,,,,,,,,,,,,,,,,,,,,,,,,,,,,,,,,,,,,,,,,,,,,,,,,,,,,,,,,,,,,,,,,,,,,,,,,,,,45,d,Time,60,mg/kg bdwt/d,Administered dose(mass),,,60,mg/kg/d,Administered dose(mass),,
26444-49-5,"Cresyl diphenyl phosphate;Cresyldiphenyl phosphate;Diphenyl cresyl phosphate;diphenyl tolyl phosphate;Methylphenyl diphenyl ester, Phosphoric acid;Phosphoric acid, methylphenyl diphenyl ester",,,,,,,,,,,,,,,,,,,,,,,,,,,,,,,,,,,,,,,,,,,,,,,,,,,,,,,,,,,,,,,,,,,,,,,,,,,,,,,,,,,,,,,,,,,,,,,,,,,,,,,,,,,,,,,,,,,,,,,,,,,,,,,,Human Health Hazards#Repeated Dose Toxicity,Repeated Dose Toxicity HESS,mixture,NOEL,,False,No qualifier,Equal,,,,,,1993,,,,,,Rat,,,,,,,,,,,,,,,,,,,,,,,,,,SD,,OECD TG 422,,,,,,,,,,Protein↑,Male,Main,"National Institute of Health Sciences, Japan",Urine,ReproTox,Mitsubishi Chemical Safety Institute Ltd.,Urinalysis,Oral (Gavage),300,mg/kg bdwt/d,Administered dose(mass),12,mg/kg bdwt/d,Administered dose(mass),25.6,,None,0,d,Time,,,,,,,,,,,,,,,,,,,,,,,,,,,,,,,,,,,,,,,,,,,,,,,,,,,,,,,,,,,,,,,,,,,,,,,,,,,,,,,,,,,,,,,,,,,,,,,,,,,,,,,,,,,,,,,,,,,,,,,,,,,,,,,,,,,,,,,,,,,,,,,,,,,,,,,,,,,,,,,,,,,,,,,,,,,,,,,,,,,,,45,d,Time,300,mg/kg bdwt/d,Administered dose(mass),,,300,mg/kg/d,Administered dose(mass),,
26444-49-5,"Cresyl diphenyl phosphate;Cresyldiphenyl phosphate;Diphenyl cresyl phosphate;diphenyl tolyl phosphate;Methylphenyl diphenyl ester, Phosphoric acid;Phosphoric acid, methylphenyl diphenyl ester",,,,,,,,,,,,,,,,,,,,,,,,,,,,,,,,,,,,,,,,,,,,,,,,,,,,,,,,,,,,,,,,,,,,,,,,,,,,,,,,,,,,,,,,,,,,,,,,,,,,,,,,,,,,,,,,,,,,,,,,,,,,,,,,Human Health Hazards#Repeated Dose Toxicity,Repeated Dose Toxicity HESS,mixture,NOEL,,False,No qualifier,Equal,,,,,,1993,,,,,,Rat,,,,,,,,,,,,,,,,,,,,,,,,,,SD,,OECD TG 422,,,,,,,,,,Protein↓,Male,Main,"National Institute of Health Sciences, Japan",Urine,ReproTox,Mitsubishi Chemical Safety Institute Ltd.,Urinalysis,Oral (Gavage),300,mg/kg bdwt/d,Administered dose(mass),12,mg/kg bdwt/d,Administered dose(mass),25.6,,None,0,d,Time,,,,,,,,,,,,,,,,,,,,,,,,,,,,,,,,,,,,,,,,,,,,,,,,,,,,,,,,,,,,,,,,,,,,,,,,,,,,,,,,,,,,,,,,,,,,,,,,,,,,,,,,,,,,,,,,,,,,,,,,,,,,,,,,,,,,,,,,,,,,,,,,,,,,,,,,,,,,,,,,,,,,,,,,,,,,,,,,,,,,,45,d,Time,300,mg/kg bdwt/d,Administered dose(mass),,,300,mg/kg/d,Administered dose(mass),,
26444-49-5,"Cresyl diphenyl phosphate;Cresyldiphenyl phosphate;Diphenyl cresyl phosphate;diphenyl tolyl phosphate;Methylphenyl diphenyl ester, Phosphoric acid;Phosphoric acid, methylphenyl diphenyl ester",,,,,,,,,,,,,,,,,,,,,,,,,,,,,,,,,,,,,,,,,,,,,,,,,,,,,,,,,,,,,,,,,,,,,,,,,,,,,,,,,,,,,,,,,,,,,,,,,,,,,,,,,,,,,,,,,,,,,,,,,,,,,,,,Human Health Hazards#Repeated Dose Toxicity,Repeated Dose Toxicity HESS,mixture,NOEL,,False,No qualifier,Equal,,,,,,1993,,,,,,Rat,,,,,,,,,,,,,,,,,,,,,,,,,,SD,,OECD TG 422,,,,,,,,,,Specific Gravity↑,Male,Main,"National Institute of Health Sciences, Japan",Urine,ReproTox,Mitsubishi Chemical Safety Institute Ltd.,Urinalysis,Oral (Gavage),300,mg/kg bdwt/d,Administered dose(mass),12,mg/kg bdwt/d,Administered dose(mass),25.6,,None,0,d,Time,,,,,,,,,,,,,,,,,,,,,,,,,,,,,,,,,,,,,,,,,,,,,,,,,,,,,,,,,,,,,,,,,,,,,,,,,,,,,,,,,,,,,,,,,,,,,,,,,,,,,,,,,,,,,,,,,,,,,,,,,,,,,,,,,,,,,,,,,,,,,,,,,,,,,,,,,,,,,,,,,,,,,,,,,,,,,,,,,,,,,45,d,Time,300,mg/kg bdwt/d,Administered dose(mass),,,300,mg/kg/d,Administered dose(mass),,
26444-49-5,"Cresyl diphenyl phosphate;Cresyldiphenyl phosphate;Diphenyl cresyl phosphate;diphenyl tolyl phosphate;Methylphenyl diphenyl ester, Phosphoric acid;Phosphoric acid, methylphenyl diphenyl ester",,,,,,,,,,,,,,,,,,,,,,,,,,,,,,,,,,,,,,,,,,,,,,,,,,,,,,,,,,,,,,,,,,,,,,,,,,,,,,,,,,,,,,,,,,,,,,,,,,,,,,,,,,,,,,,,,,,,,,,,,,,,,,,,Human Health Hazards#Repeated Dose Toxicity,Repeated Dose Toxicity HESS,mixture,NOEL,,False,No qualifier,Equal,,,,,,1993,,,,,,Rat,,,,,,,,,,,,,,,,,,,,,,,,,,SD,,OECD TG 422,,,,,,,,,,Specific Gravity↓,Male,Main,"National Institute of Health Sciences, Japan",Urine,ReproTox,Mitsubishi Chemical Safety Institute Ltd.,Urinalysis,Oral (Gavage),300,mg/kg bdwt/d,Administered dose(mass),12,mg/kg bdwt/d,Administered dose(mass),25.6,,None,0,d,Time,,,,,,,,,,,,,,,,,,,,,,,,,,,,,,,,,,,,,,,,,,,,,,,,,,,,,,,,,,,,,,,,,,,,,,,,,,,,,,,,,,,,,,,,,,,,,,,,,,,,,,,,,,,,,,,,,,,,,,,,,,,,,,,,,,,,,,,,,,,,,,,,,,,,,,,,,,,,,,,,,,,,,,,,,,,,,,,,,,,,,45,d,Time,60,mg/kg bdwt/d,Administered dose(mass),,,60,mg/kg/d,Administered dose(mass),,
26444-49-5,"Cresyl diphenyl phosphate;Cresyldiphenyl phosphate;Diphenyl cresyl phosphate;diphenyl tolyl phosphate;Methylphenyl diphenyl ester, Phosphoric acid;Phosphoric acid, methylphenyl diphenyl ester",,,,,,,,,,,,,,,,,,,,,,,,,,,,,,,,,,,,,,,,,,,,,,,,,,,,,,,,,,,,,,,,,,,,,,,,,,,,,,,,,,,,,,,,,,,,,,,,,,,,,,,,,,,,,,,,,,,,,,,,,,,,,,,,Human Health Hazards#Repeated Dose Toxicity,Repeated Dose Toxicity HESS,mixture,NOEL,,False,No qualifier,Equal,,,,,,1993,,,,,,Rat,,,,,,,,,,,,,,,,,,,,,,,,,,SD,,OECD TG 422,,,,,,,,,,Urinary Sediment,Male,Main,"National Institute of Health Sciences, Japan",Urine,ReproTox,Mitsubishi Chemical Safety Institute Ltd.,Urinalysis,Oral (Gavage),300,mg/kg bdwt/d,Administered dose(mass),12,mg/kg bdwt/d,Administered dose(mass),25.6,,None,0,d,Time,,,,,,,,,,,,,,,,,,,,,,,,,,,,,,,,,,,,,,,,,,,,,,,,,,,,,,,,,,,,,,,,,,,,,,,,,,,,,,,,,,,,,,,,,,,,,,,,,,,,,,,,,,,,,,,,,,,,,,,,,,,,,,,,,,,,,,,,,,,,,,,,,,,,,,,,,,,,,,,,,,,,,,,,,,,,,,,,,,,,,45,d,Time,300,mg/kg bdwt/d,Administered dose(mass),,,300,mg/kg/d,Administered dose(mass),,
26444-49-5,"Cresyl diphenyl phosphate;Cresyldiphenyl phosphate;Diphenyl cresyl phosphate;diphenyl tolyl phosphate;Methylphenyl diphenyl ester, Phosphoric acid;Phosphoric acid, methylphenyl diphenyl ester",,,,,,,,,,,,,,,,,,,,,,,,,,,,,,,,,,,,,,,,,,,,,,,,,,,,,,,,,,,,,,,,,,,,,,,,,,,,,,,,,,,,,,,,,,,,,,,,,,,,,,,,,,,,,,,,,,,,,,,,,,,,,,,,Human Health Hazards#Repeated Dose Toxicity,Repeated Dose Toxicity HESS,mixture,NOEL,,False,No qualifier,Equal,,,,,,1993,,,,,,Rat,,,,,,,,,,,,,,,,,,,,,,,,,,SD,,OECD TG 422,,,,,,,,,,Urine Volume↑,Male,Main,"National Institute of Health Sciences, Japan",Urine,ReproTox,Mitsubishi Chemical Safety Institute Ltd.,Urinalysis,Oral (Gavage),300,mg/kg bdwt/d,Administered dose(mass),12,mg/kg bdwt/d,Administered dose(mass),25.6,,None,0,d,Time,,,,,,,,,,,,,,,,,,,,,,,,,,,,,,,,,,,,,,,,,,,,,,,,,,,,,,,,,,,,,,,,,,,,,,,,,,,,,,,,,,,,,,,,,,,,,,,,,,,,,,,,,,,,,,,,,,,,,,,,,,,,,,,,,,,,,,,,,,,,,,,,,,,,,,,,,,,,,,,,,,,,,,,,,,,,,,,,,,,,,45,d,Time,60,mg/kg bdwt/d,Administered dose(mass),,,60,mg/kg/d,Administered dose(mass),,
26444-49-5,"Cresyl diphenyl phosphate;Cresyldiphenyl phosphate;Diphenyl cresyl phosphate;diphenyl tolyl phosphate;Methylphenyl diphenyl ester, Phosphoric acid;Phosphoric acid, methylphenyl diphenyl ester",,,,,,,,,,,,,,,,,,,,,,,,,,,,,,,,,,,,,,,,,,,,,,,,,,,,,,,,,,,,,,,,,,,,,,,,,,,,,,,,,,,,,,,,,,,,,,,,,,,,,,,,,,,,,,,,,,,,,,,,,,,,,,,,Human Health Hazards#Repeated Dose Toxicity,Repeated Dose Toxicity HESS,mixture,NOEL,,False,No qualifier,Equal,,,,,,1993,,,,,,Rat,,,,,,,,,,,,,,,,,,,,,,,,,,SD,,OECD TG 422,,,,,,,,,,Urine Volume↓,Male,Main,"National Institute of Health Sciences, Japan",Urine,ReproTox,Mitsubishi Chemical Safety Institute Ltd.,Urinalysis,Oral (Gavage),300,mg/kg bdwt/d,Administered dose(mass),12,mg/kg bdwt/d,Administered dose(mass),25.6,,None,0,d,Time,,,,,,,,,,,,,,,,,,,,,,,,,,,,,,,,,,,,,,,,,,,,,,,,,,,,,,,,,,,,,,,,,,,,,,,,,,,,,,,,,,,,,,,,,,,,,,,,,,,,,,,,,,,,,,,,,,,,,,,,,,,,,,,,,,,,,,,,,,,,,,,,,,,,,,,,,,,,,,,,,,,,,,,,,,,,,,,,,,,,,45,d,Time,300,mg/kg bdwt/d,Administered dose(mass),,,300,mg/kg/d,Administered dose(mass),,
26444-49-5,"Cresyl diphenyl phosphate;Cresyldiphenyl phosphate;Diphenyl cresyl phosphate;diphenyl tolyl phosphate;Methylphenyl diphenyl ester, Phosphoric acid;Phosphoric acid, methylphenyl diphenyl ester",,,,,,,,,,,,,,,,,,,,,,,,,,,,,,,,,,,,,,,,,,,,,,,,,,,,,,,,,,,,,,,,,,,,,,,,,,,,,,,,,,,,,,,,,,,,,,,,,,,,,,,,,,,,,,,,,,,,,,,,,,,,,,,,Human Health Hazards#Repeated Dose Toxicity,Repeated Dose Toxicity HESS,mixture,NOEL,,False,No qualifier,Equal,,,,,,1993,,,,,,Rat,,,,,,,,,,,,,,,,,,,,,,,,,,SD,,OECD TG 422,,,,,,,,,,Urobilinogen↑,Male,Main,"National Institute of Health Sciences, Japan",Urine,ReproTox,Mitsubishi Chemical Safety Institute Ltd.,Urinalysis,Oral (Gavage),300,mg/kg bdwt/d,Administered dose(mass),12,mg/kg bdwt/d,Administered dose(mass),25.6,,None,0,d,Time,,,,,,,,,,,,,,,,,,,,,,,,,,,,,,,,,,,,,,,,,,,,,,,,,,,,,,,,,,,,,,,,,,,,,,,,,,,,,,,,,,,,,,,,,,,,,,,,,,,,,,,,,,,,,,,,,,,,,,,,,,,,,,,,,,,,,,,,,,,,,,,,,,,,,,,,,,,,,,,,,,,,,,,,,,,,,,,,,,,,,45,d,Time,300,mg/kg bdwt/d,Administered dose(mass),,,300,mg/kg/d,Administered dose(mass),,
26444-49-5,"Cresyl diphenyl phosphate;Cresyldiphenyl phosphate;Diphenyl cresyl phosphate;diphenyl tolyl phosphate;Methylphenyl diphenyl ester, Phosphoric acid;Phosphoric acid, methylphenyl diphenyl ester",,,,,,,,,,,,,,,,,,,,,,,,,,,,,,,,,,,,,,,,,,,,,,,,,,,,,,,,,,,,,,,,,,,,,,,,,,,,,,,,,,,,,,,,,,,,,,,,,,,,,,,,,,,,,,,,,,,,,,,,,,,,,,,,Human Health Hazards#Repeated Dose Toxicity,Repeated Dose Toxicity HESS,mixture,NOEL,,False,No qualifier,Equal,,,,,,1993,,,,,,Rat,,,,,,,,,,,,,,,,,,,,,,,,,,SD,,OECD TG 422,,,,,,,,,,Urobilinogen↓,Male,Main,"National Institute of Health Sciences, Japan",Urine,ReproTox,Mitsubishi Chemical Safety Institute Ltd.,Urinalysis,Oral (Gavage),300,mg/kg bdwt/d,Administered dose(mass),12,mg/kg bdwt/d,Administered dose(mass),25.6,,None,0,d,Time,,,,,,,,,,,,,,,,,,,,,,,,,,,,,,,,,,,,,,,,,,,,,,,,,,,,,,,,,,,,,,,,,,,,,,,,,,,,,,,,,,,,,,,,,,,,,,,,,,,,,,,,,,,,,,,,,,,,,,,,,,,,,,,,,,,,,,,,,,,,,,,,,,,,,,,,,,,,,,,,,,,,,,,,,,,,,,,,,,,,,45,d,Time,300,mg/kg bdwt/d,Administered dose(mass),,,300,mg/kg/d,Administered dose(mass),,
26444-49-5,"Cresyl diphenyl phosphate;Cresyldiphenyl phosphate;Diphenyl cresyl phosphate;diphenyl tolyl phosphate;Methylphenyl diphenyl ester, Phosphoric acid;Phosphoric acid, methylphenyl diphenyl ester",,,,,,,,,,,,,,,,,,,,,,,,,,,,,,,,,,,,,,,,,,,,,,,,,,,,,,,,,,,,,,,,,,,,,,,,,,,,,,,,,,,,,,,,,,,,,,,,,,,,,,,,,,,,,,,,,,,,,,,,,,,,,,,,Human Health Hazards#Repeated Dose Toxicity,Repeated Dose Toxicity HESS,mixture,NOEL,,False,No qualifier,Equal,,,,,,1993,,,,,,Rat,,,,,,,,,,,,,,,,,,,,,,,,,,SD,,OECD TG 422,,,,,,,,,,Abnormal Appearance,Male,Main,"National Institute of Health Sciences, Japan",Whole body,ReproTox,Mitsubishi Chemical Safety Institute Ltd.,General signs,Oral (Gavage),300,mg/kg bdwt/d,Administered dose(mass),12,mg/kg bdwt/d,Administered dose(mass),25.6,,None,0,d,Time,,,,,,,,,,,,,,,,,,,,,,,,,,,,,,,,,,,,,,,,,,,,,,,,,,,,,,,,,,,,,,,,,,,,,,,,,,,,,,,,,,,,,,,,,,,,,,,,,,,,,,,,,,,,,,,,,,,,,,,,,,,,,,,,,,,,,,,,,,,,,,,,,,,,,,,,,,,,,,,,,,,,,,,,,,,,,,,,,,,,,45,d,Time,300,mg/kg bdwt/d,Administered dose(mass),,,300,mg/kg/d,Administered dose(mass),,
26444-49-5,"Cresyl diphenyl phosphate;Cresyldiphenyl phosphate;Diphenyl cresyl phosphate;diphenyl tolyl phosphate;Methylphenyl diphenyl ester, Phosphoric acid;Phosphoric acid, methylphenyl diphenyl ester",,,,,,,,,,,,,,,,,,,,,,,,,,,,,,,,,,,,,,,,,,,,,,,,,,,,,,,,,,,,,,,,,,,,,,,,,,,,,,,,,,,,,,,,,,,,,,,,,,,,,,,,,,,,,,,,,,,,,,,,,,,,,,,,Human Health Hazards#Repeated Dose Toxicity,Repeated Dose Toxicity HESS,mixture,NOEL,,False,No qualifier,Equal,,,,,,1993,,,,,,Rat,,,,,,,,,,,,,,,,,,,,,,,,,,SD,,OECD TG 422,,,,,,,,,,Abnormal Behavior,Male,Main,"National Institute of Health Sciences, Japan",Whole body,ReproTox,Mitsubishi Chemical Safety Institute Ltd.,General signs,Oral (Gavage),300,mg/kg bdwt/d,Administered dose(mass),12,mg/kg bdwt/d,Administered dose(mass),25.6,,None,0,d,Time,,,,,,,,,,,,,,,,,,,,,,,,,,,,,,,,,,,,,,,,,,,,,,,,,,,,,,,,,,,,,,,,,,,,,,,,,,,,,,,,,,,,,,,,,,,,,,,,,,,,,,,,,,,,,,,,,,,,,,,,,,,,,,,,,,,,,,,,,,,,,,,,,,,,,,,,,,,,,,,,,,,,,,,,,,,,,,,,,,,,,45,d,Time,300,mg/kg bdwt/d,Administered dose(mass),,,300,mg/kg/d,Administered dose(mass),,
26444-49-5,"Cresyl diphenyl phosphate;Cresyldiphenyl phosphate;Diphenyl cresyl phosphate;diphenyl tolyl phosphate;Methylphenyl diphenyl ester, Phosphoric acid;Phosphoric acid, methylphenyl diphenyl ester",,,,,,,,,,,,,,,,,,,,,,,,,,,,,,,,,,,,,,,,,,,,,,,,,,,,,,,,,,,,,,,,,,,,,,,,,,,,,,,,,,,,,,,,,,,,,,,,,,,,,,,,,,,,,,,,,,,,,,,,,,,,,,,,Human Health Hazards#Repeated Dose Toxicity,Repeated Dose Toxicity HESS,mixture,NOEL,,False,No qualifier,Equal,,,,,,1993,,,,,,Rat,,,,,,,,,,,,,,,,,,,,,,,,,,SD,,OECD TG 422,,,,,,,,,,Abnormal Body Position,Male,Main,"National Institute of Health Sciences, Japan",Whole body,ReproTox,Mitsubishi Chemical Safety Institute Ltd.,General signs,Oral (Gavage),300,mg/kg bdwt/d,Administered dose(mass),12,mg/kg bdwt/d,Administered dose(mass),25.6,,None,0,d,Time,,,,,,,,,,,,,,,,,,,,,,,,,,,,,,,,,,,,,,,,,,,,,,,,,,,,,,,,,,,,,,,,,,,,,,,,,,,,,,,,,,,,,,,,,,,,,,,,,,,,,,,,,,,,,,,,,,,,,,,,,,,,,,,,,,,,,,,,,,,,,,,,,,,,,,,,,,,,,,,,,,,,,,,,,,,,,,,,,,,,,45,d,Time,300,mg/kg bdwt/d,Administered dose(mass),,,300,mg/kg/d,Administered dose(mass),,
26444-49-5,"Cresyl diphenyl phosphate;Cresyldiphenyl phosphate;Diphenyl cresyl phosphate;diphenyl tolyl phosphate;Methylphenyl diphenyl ester, Phosphoric acid;Phosphoric acid, methylphenyl diphenyl ester",,,,,,,,,,,,,,,,,,,,,,,,,,,,,,,,,,,,,,,,,,,,,,,,,,,,,,,,,,,,,,,,,,,,,,,,,,,,,,,,,,,,,,,,,,,,,,,,,,,,,,,,,,,,,,,,,,,,,,,,,,,,,,,,Human Health Hazards#Repeated Dose Toxicity,Repeated Dose Toxicity HESS,mixture,NOEL,,False,No qualifier,Equal,,,,,,1993,,,,,,Rat,,,,,,,,,,,,,,,,,,,,,,,,,,SD,,OECD TG 422,,,,,,,,,,Abnormal Breathing,Male,Main,"National Institute of Health Sciences, Japan",Whole body,ReproTox,Mitsubishi Chemical Safety Institute Ltd.,General signs,Oral (Gavage),300,mg/kg bdwt/d,Administered dose(mass),12,mg/kg bdwt/d,Administered dose(mass),25.6,,None,0,d,Time,,,,,,,,,,,,,,,,,,,,,,,,,,,,,,,,,,,,,,,,,,,,,,,,,,,,,,,,,,,,,,,,,,,,,,,,,,,,,,,,,,,,,,,,,,,,,,,,,,,,,,,,,,,,,,,,,,,,,,,,,,,,,,,,,,,,,,,,,,,,,,,,,,,,,,,,,,,,,,,,,,,,,,,,,,,,,,,,,,,,,45,d,Time,300,mg/kg bdwt/d,Administered dose(mass),,,300,mg/kg/d,Administered dose(mass),,
26444-49-5,"Cresyl diphenyl phosphate;Cresyldiphenyl phosphate;Diphenyl cresyl phosphate;diphenyl tolyl phosphate;Methylphenyl diphenyl ester, Phosphoric acid;Phosphoric acid, methylphenyl diphenyl ester",,,,,,,,,,,,,,,,,,,,,,,,,,,,,,,,,,,,,,,,,,,,,,,,,,,,,,,,,,,,,,,,,,,,,,,,,,,,,,,,,,,,,,,,,,,,,,,,,,,,,,,,,,,,,,,,,,,,,,,,,,,,,,,,Human Health Hazards#Repeated Dose Toxicity,Repeated Dose Toxicity HESS,mixture,NOEL,,False,No qualifier,Equal,,,,,,1993,,,,,,Rat,,,,,,,,,,,,,,,,,,,,,,,,,,SD,,OECD TG 422,,,,,,,,,,Abnormal Fur,Male,Main,"National Institute of Health Sciences, Japan",Whole body,ReproTox,Mitsubishi Chemical Safety Institute Ltd.,General signs,Oral (Gavage),300,mg/kg bdwt/d,Administered dose(mass),12,mg/kg bdwt/d,Administered dose(mass),25.6,,None,0,d,Time,,,,,,,,,,,,,,,,,,,,,,,,,,,,,,,,,,,,,,,,,,,,,,,,,,,,,,,,,,,,,,,,,,,,,,,,,,,,,,,,,,,,,,,,,,,,,,,,,,,,,,,,,,,,,,,,,,,,,,,,,,,,,,,,,,,,,,,,,,,,,,,,,,,,,,,,,,,,,,,,,,,,,,,,,,,,,,,,,,,,,45,d,Time,300,mg/kg bdwt/d,Administered dose(mass),,,300,mg/kg/d,Administered dose(mass),,
26444-49-5,"Cresyl diphenyl phosphate;Cresyldiphenyl phosphate;Diphenyl cresyl phosphate;diphenyl tolyl phosphate;Methylphenyl diphenyl ester, Phosphoric acid;Phosphoric acid, methylphenyl diphenyl ester",,,,,,,,,,,,,,,,,,,,,,,,,,,,,,,,,,,,,,,,,,,,,,,,,,,,,,,,,,,,,,,,,,,,,,,,,,,,,,,,,,,,,,,,,,,,,,,,,,,,,,,,,,,,,,,,,,,,,,,,,,,,,,,,Human Health Hazards#Repeated Dose Toxicity,Repeated Dose Toxicity HESS,mixture,NOEL,,False,No qualifier,Equal,,,,,,1993,,,,,,Rat,,,,,,,,,,,,,,,,,,,,,,,,,,SD,,OECD TG 422,,,,,,,,,,Abnormal Gait,Male,Main,"National Institute of Health Sciences, Japan",Whole body,ReproTox,Mitsubishi Chemical Safety Institute Ltd.,General signs,Oral (Gavage),300,mg/kg bdwt/d,Administered dose(mass),12,mg/kg bdwt/d,Administered dose(mass),25.6,,None,0,d,Time,,,,,,,,,,,,,,,,,,,,,,,,,,,,,,,,,,,,,,,,,,,,,,,,,,,,,,,,,,,,,,,,,,,,,,,,,,,,,,,,,,,,,,,,,,,,,,,,,,,,,,,,,,,,,,,,,,,,,,,,,,,,,,,,,,,,,,,,,,,,,,,,,,,,,,,,,,,,,,,,,,,,,,,,,,,,,,,,,,,,,45,d,Time,300,mg/kg bdwt/d,Administered dose(mass),,,300,mg/kg/d,Administered dose(mass),,
26444-49-5,"Cresyl diphenyl phosphate;Cresyldiphenyl phosphate;Diphenyl cresyl phosphate;diphenyl tolyl phosphate;Methylphenyl diphenyl ester, Phosphoric acid;Phosphoric acid, methylphenyl diphenyl ester",,,,,,,,,,,,,,,,,,,,,,,,,,,,,,,,,,,,,,,,,,,,,,,,,,,,,,,,,,,,,,,,,,,,,,,,,,,,,,,,,,,,,,,,,,,,,,,,,,,,,,,,,,,,,,,,,,,,,,,,,,,,,,,,Human Health Hazards#Repeated Dose Toxicity,Repeated Dose Toxicity HESS,mixture,NOEL,,False,No qualifier,Equal,,,,,,1993,,,,,,Rat,,,,,,,,,,,,,,,,,,,,,,,,,,SD,,OECD TG 422,,,,,,,,,,Abnormal Response in Handling,Male,Main,"National Institute of Health Sciences, Japan",Whole body,ReproTox,Mitsubishi Chemical Safety Institute Ltd.,General signs,Oral (Gavage),300,mg/kg bdwt/d,Administered dose(mass),12,mg/kg bdwt/d,Administered dose(mass),25.6,,None,0,d,Time,,,,,,,,,,,,,,,,,,,,,,,,,,,,,,,,,,,,,,,,,,,,,,,,,,,,,,,,,,,,,,,,,,,,,,,,,,,,,,,,,,,,,,,,,,,,,,,,,,,,,,,,,,,,,,,,,,,,,,,,,,,,,,,,,,,,,,,,,,,,,,,,,,,,,,,,,,,,,,,,,,,,,,,,,,,,,,,,,,,,,45,d,Time,300,mg/kg bdwt/d,Administered dose(mass),,,300,mg/kg/d,Administered dose(mass),,
26444-49-5,"Cresyl diphenyl phosphate;Cresyldiphenyl phosphate;Diphenyl cresyl phosphate;diphenyl tolyl phosphate;Methylphenyl diphenyl ester, Phosphoric acid;Phosphoric acid, methylphenyl diphenyl ester",,,,,,,,,,,,,,,,,,,,,,,,,,,,,,,,,,,,,,,,,,,,,,,,,,,,,,,,,,,,,,,,,,,,,,,,,,,,,,,,,,,,,,,,,,,,,,,,,,,,,,,,,,,,,,,,,,,,,,,,,,,,,,,,Human Health Hazards#Repeated Dose Toxicity,Repeated Dose Toxicity HESS,mixture,NOEL,,False,No qualifier,Equal,,,,,,1993,,,,,,Rat,,,,,,,,,,,,,,,,,,,,,,,,,,SD,,OECD TG 422,,,,,,,,,,Abnormal Sensory Response,Male,Main,"National Institute of Health Sciences, Japan",Whole body,ReproTox,Mitsubishi Chemical Safety Institute Ltd.,General signs,Oral (Gavage),300,mg/kg bdwt/d,Administered dose(mass),12,mg/kg bdwt/d,Administered dose(mass),25.6,,None,0,d,Time,,,,,,,,,,,,,,,,,,,,,,,,,,,,,,,,,,,,,,,,,,,,,,,,,,,,,,,,,,,,,,,,,,,,,,,,,,,,,,,,,,,,,,,,,,,,,,,,,,,,,,,,,,,,,,,,,,,,,,,,,,,,,,,,,,,,,,,,,,,,,,,,,,,,,,,,,,,,,,,,,,,,,,,,,,,,,,,,,,,,,45,d,Time,300,mg/kg bdwt/d,Administered dose(mass),,,300,mg/kg/d,Administered dose(mass),,
26444-49-5,"Cresyl diphenyl phosphate;Cresyldiphenyl phosphate;Diphenyl cresyl phosphate;diphenyl tolyl phosphate;Methylphenyl diphenyl ester, Phosphoric acid;Phosphoric acid, methylphenyl diphenyl ester",,,,,,,,,,,,,,,,,,,,,,,,,,,,,,,,,,,,,,,,,,,,,,,,,,,,,,,,,,,,,,,,,,,,,,,,,,,,,,,,,,,,,,,,,,,,,,,,,,,,,,,,,,,,,,,,,,,,,,,,,,,,,,,,Human Health Hazards#Repeated Dose Toxicity,Repeated Dose Toxicity HESS,mixture,NOEL,,False,No qualifier,Equal,,,,,,1993,,,,,,Rat,,,,,,,,,,,,,,,,,,,,,,,,,,SD,,OECD TG 422,,,,,,,,,,Body Weight↑,Male,Main,"National Institute of Health Sciences, Japan",Whole body,ReproTox,Mitsubishi Chemical Safety Institute Ltd.,General signs,Oral (Gavage),300,mg/kg bdwt/d,Administered dose(mass),12,mg/kg bdwt/d,Administered dose(mass),25.6,,None,0,d,Time,,,,,,,,,,,,,,,,,,,,,,,,,,,,,,,,,,,,,,,,,,,,,,,,,,,,,,,,,,,,,,,,,,,,,,,,,,,,,,,,,,,,,,,,,,,,,,,,,,,,,,,,,,,,,,,,,,,,,,,,,,,,,,,,,,,,,,,,,,,,,,,,,,,,,,,,,,,,,,,,,,,,,,,,,,,,,,,,,,,,,45,d,Time,300,mg/kg bdwt/d,Administered dose(mass),,,300,mg/kg/d,Administered dose(mass),,
26444-49-5,"Cresyl diphenyl phosphate;Cresyldiphenyl phosphate;Diphenyl cresyl phosphate;diphenyl tolyl phosphate;Methylphenyl diphenyl ester, Phosphoric acid;Phosphoric acid, methylphenyl diphenyl ester",,,,,,,,,,,,,,,,,,,,,,,,,,,,,,,,,,,,,,,,,,,,,,,,,,,,,,,,,,,,,,,,,,,,,,,,,,,,,,,,,,,,,,,,,,,,,,,,,,,,,,,,,,,,,,,,,,,,,,,,,,,,,,,,Human Health Hazards#Repeated Dose Toxicity,Repeated Dose Toxicity HESS,mixture,NOEL,,False,No qualifier,Equal,,,,,,1993,,,,,,Rat,,,,,,,,,,,,,,,,,,,,,,,,,,SD,,OECD TG 422,,,,,,,,,,Body Weight↓,Male,Main,"National Institute of Health Sciences, Japan",Whole body,ReproTox,Mitsubishi Chemical Safety Institute Ltd.,General signs,Oral (Gavage),300,mg/kg bdwt/d,Administered dose(mass),12,mg/kg bdwt/d,Administered dose(mass),25.6,,None,0,d,Time,,,,,,,,,,,,,,,,,,,,,,,,,,,,,,,,,,,,,,,,,,,,,,,,,,,,,,,,,,,,,,,,,,,,,,,,,,,,,,,,,,,,,,,,,,,,,,,,,,,,,,,,,,,,,,,,,,,,,,,,,,,,,,,,,,,,,,,,,,,,,,,,,,,,,,,,,,,,,,,,,,,,,,,,,,,,,,,,,,,,,45,d,Time,300,mg/kg bdwt/d,Administered dose(mass),,,300,mg/kg/d,Administered dose(mass),,
26444-49-5,"Cresyl diphenyl phosphate;Cresyldiphenyl phosphate;Diphenyl cresyl phosphate;diphenyl tolyl phosphate;Methylphenyl diphenyl ester, Phosphoric acid;Phosphoric acid, methylphenyl diphenyl ester",,,,,,,,,,,,,,,,,,,,,,,,,,,,,,,,,,,,,,,,,,,,,,,,,,,,,,,,,,,,,,,,,,,,,,,,,,,,,,,,,,,,,,,,,,,,,,,,,,,,,,,,,,,,,,,,,,,,,,,,,,,,,,,,Human Health Hazards#Repeated Dose Toxicity,Repeated Dose Toxicity HESS,mixture,NOEL,,False,No qualifier,Equal,,,,,,1993,,,,,,Rat,,,,,,,,,,,,,,,,,,,,,,,,,,SD,,OECD TG 422,,,,,,,,,,Coma,Male,Main,"National Institute of Health Sciences, Japan",Whole body,ReproTox,Mitsubishi Chemical Safety Institute Ltd.,General signs,Oral (Gavage),300,mg/kg bdwt/d,Administered dose(mass),12,mg/kg bdwt/d,Administered dose(mass),25.6,,None,0,d,Time,,,,,,,,,,,,,,,,,,,,,,,,,,,,,,,,,,,,,,,,,,,,,,,,,,,,,,,,,,,,,,,,,,,,,,,,,,,,,,,,,,,,,,,,,,,,,,,,,,,,,,,,,,,,,,,,,,,,,,,,,,,,,,,,,,,,,,,,,,,,,,,,,,,,,,,,,,,,,,,,,,,,,,,,,,,,,,,,,,,,,45,d,Time,300,mg/kg bdwt/d,Administered dose(mass),,,300,mg/kg/d,Administered dose(mass),,
26444-49-5,"Cresyl diphenyl phosphate;Cresyldiphenyl phosphate;Diphenyl cresyl phosphate;diphenyl tolyl phosphate;Methylphenyl diphenyl ester, Phosphoric acid;Phosphoric acid, methylphenyl diphenyl ester",,,,,,,,,,,,,,,,,,,,,,,,,,,,,,,,,,,,,,,,,,,,,,,,,,,,,,,,,,,,,,,,,,,,,,,,,,,,,,,,,,,,,,,,,,,,,,,,,,,,,,,,,,,,,,,,,,,,,,,,,,,,,,,,Human Health Hazards#Repeated Dose Toxicity,Repeated Dose Toxicity HESS,mixture,NOEL,,False,No qualifier,Equal,,,,,,1993,,,,,,Rat,,,,,,,,,,,,,,,,,,,,,,,,,,SD,,OECD TG 422,,,,,,,,,,Cyanosis or Pale Skin,Male,Main,"National Institute of Health Sciences, Japan",Whole body,ReproTox,Mitsubishi Chemical Safety Institute Ltd.,General signs,Oral (Gavage),300,mg/kg bdwt/d,Administered dose(mass),12,mg/kg bdwt/d,Administered dose(mass),25.6,,None,0,d,Time,,,,,,,,,,,,,,,,,,,,,,,,,,,,,,,,,,,,,,,,,,,,,,,,,,,,,,,,,,,,,,,,,,,,,,,,,,,,,,,,,,,,,,,,,,,,,,,,,,,,,,,,,,,,,,,,,,,,,,,,,,,,,,,,,,,,,,,,,,,,,,,,,,,,,,,,,,,,,,,,,,,,,,,,,,,,,,,,,,,,,45,d,Time,300,mg/kg bdwt/d,Administered dose(mass),,,300,mg/kg/d,Administered dose(mass),,
26444-49-5,"Cresyl diphenyl phosphate;Cresyldiphenyl phosphate;Diphenyl cresyl phosphate;diphenyl tolyl phosphate;Methylphenyl diphenyl ester, Phosphoric acid;Phosphoric acid, methylphenyl diphenyl ester",,,,,,,,,,,,,,,,,,,,,,,,,,,,,,,,,,,,,,,,,,,,,,,,,,,,,,,,,,,,,,,,,,,,,,,,,,,,,,,,,,,,,,,,,,,,,,,,,,,,,,,,,,,,,,,,,,,,,,,,,,,,,,,,Human Health Hazards#Repeated Dose Toxicity,Repeated Dose Toxicity HESS,mixture,NOEL,,False,No qualifier,Equal,,,,,,1993,,,,,,Rat,,,,,,,,,,,,,,,,,,,,,,,,,,SD,,OECD TG 422,,,,,,,,,,Death,Male,Main,"National Institute of Health Sciences, Japan",Whole body,ReproTox,Mitsubishi Chemical Safety Institute Ltd.,General signs,Oral (Gavage),300,mg/kg bdwt/d,Administered dose(mass),12,mg/kg bdwt/d,Administered dose(mass),25.6,,None,0,d,Time,,,,,,,,,,,,,,,,,,,,,,,,,,,,,,,,,,,,,,,,,,,,,,,,,,,,,,,,,,,,,,,,,,,,,,,,,,,,,,,,,,,,,,,,,,,,,,,,,,,,,,,,,,,,,,,,,,,,,,,,,,,,,,,,,,,,,,,,,,,,,,,,,,,,,,,,,,,,,,,,,,,,,,,,,,,,,,,,,,,,,45,d,Time,300,mg/kg bdwt/d,Administered dose(mass),,,300,mg/kg/d,Administered dose(mass),,
26444-49-5,"Cresyl diphenyl phosphate;Cresyldiphenyl phosphate;Diphenyl cresyl phosphate;diphenyl tolyl phosphate;Methylphenyl diphenyl ester, Phosphoric acid;Phosphoric acid, methylphenyl diphenyl ester",,,,,,,,,,,,,,,,,,,,,,,,,,,,,,,,,,,,,,,,,,,,,,,,,,,,,,,,,,,,,,,,,,,,,,,,,,,,,,,,,,,,,,,,,,,,,,,,,,,,,,,,,,,,,,,,,,,,,,,,,,,,,,,,Human Health Hazards#Repeated Dose Toxicity,Repeated Dose Toxicity HESS,mixture,NOEL,,False,No qualifier,Equal,,,,,,1993,,,,,,Rat,,,,,,,,,,,,,,,,,,,,,,,,,,SD,,OECD TG 422,,,,,,,,,,Diarrhea/Loose Stool/Bloody Stool,Male,Main,"National Institute of Health Sciences, Japan",Whole body,ReproTox,Mitsubishi Chemical Safety Institute Ltd.,General signs,Oral (Gavage),300,mg/kg bdwt/d,Administered dose(mass),12,mg/kg bdwt/d,Administered dose(mass),25.6,,None,0,d,Time,,,,,,,,,,,,,,,,,,,,,,,,,,,,,,,,,,,,,,,,,,,,,,,,,,,,,,,,,,,,,,,,,,,,,,,,,,,,,,,,,,,,,,,,,,,,,,,,,,,,,,,,,,,,,,,,,,,,,,,,,,,,,,,,,,,,,,,,,,,,,,,,,,,,,,,,,,,,,,,,,,,,,,,,,,,,,,,,,,,,,45,d,Time,300,mg/kg bdwt/d,Administered dose(mass),,,300,mg/kg/d,Administered dose(mass),,
26444-49-5,"Cresyl diphenyl phosphate;Cresyldiphenyl phosphate;Diphenyl cresyl phosphate;diphenyl tolyl phosphate;Methylphenyl diphenyl ester, Phosphoric acid;Phosphoric acid, methylphenyl diphenyl ester",,,,,,,,,,,,,,,,,,,,,,,,,,,,,,,,,,,,,,,,,,,,,,,,,,,,,,,,,,,,,,,,,,,,,,,,,,,,,,,,,,,,,,,,,,,,,,,,,,,,,,,,,,,,,,,,,,,,,,,,,,,,,,,,Human Health Hazards#Repeated Dose Toxicity,Repeated Dose Toxicity HESS,mixture,NOEL,,False,No qualifier,Equal,,,,,,1993,,,,,,Rat,,,,,,,,,,,,,,,,,,,,,,,,,,SD,,OECD TG 422,,,,,,,,,,Emaciation,Male,Main,"National Institute of Health Sciences, Japan",Whole body,ReproTox,Mitsubishi Chemical Safety Institute Ltd.,General signs,Oral (Gavage),300,mg/kg bdwt/d,Administered dose(mass),12,mg/kg bdwt/d,Administered dose(mass),25.6,,None,0,d,Time,,,,,,,,,,,,,,,,,,,,,,,,,,,,,,,,,,,,,,,,,,,,,,,,,,,,,,,,,,,,,,,,,,,,,,,,,,,,,,,,,,,,,,,,,,,,,,,,,,,,,,,,,,,,,,,,,,,,,,,,,,,,,,,,,,,,,,,,,,,,,,,,,,,,,,,,,,,,,,,,,,,,,,,,,,,,,,,,,,,,,45,d,Time,300,mg/kg bdwt/d,Administered dose(mass),,,300,mg/kg/d,Administered dose(mass),,
26444-49-5,"Cresyl diphenyl phosphate;Cresyldiphenyl phosphate;Diphenyl cresyl phosphate;diphenyl tolyl phosphate;Methylphenyl diphenyl ester, Phosphoric acid;Phosphoric acid, methylphenyl diphenyl ester",,,,,,,,,,,,,,,,,,,,,,,,,,,,,,,,,,,,,,,,,,,,,,,,,,,,,,,,,,,,,,,,,,,,,,,,,,,,,,,,,,,,,,,,,,,,,,,,,,,,,,,,,,,,,,,,,,,,,,,,,,,,,,,,Human Health Hazards#Repeated Dose Toxicity,Repeated Dose Toxicity HESS,mixture,NOEL,,False,No qualifier,Equal,,,,,,1993,,,,,,Rat,,,,,,,,,,,,,,,,,,,,,,,,,,SD,,OECD TG 422,,,,,,,,,,Food Consumption↑,Male,Main,"National Institute of Health Sciences, Japan",Whole body,ReproTox,Mitsubishi Chemical Safety Institute Ltd.,General signs,Oral (Gavage),300,mg/kg bdwt/d,Administered dose(mass),12,mg/kg bdwt/d,Administered dose(mass),25.6,,None,0,d,Time,,,,,,,,,,,,,,,,,,,,,,,,,,,,,,,,,,,,,,,,,,,,,,,,,,,,,,,,,,,,,,,,,,,,,,,,,,,,,,,,,,,,,,,,,,,,,,,,,,,,,,,,,,,,,,,,,,,,,,,,,,,,,,,,,,,,,,,,,,,,,,,,,,,,,,,,,,,,,,,,,,,,,,,,,,,,,,,,,,,,,45,d,Time,300,mg/kg bdwt/d,Administered dose(mass),,,300,mg/kg/d,Administered dose(mass),,
26444-49-5,"Cresyl diphenyl phosphate;Cresyldiphenyl phosphate;Diphenyl cresyl phosphate;diphenyl tolyl phosphate;Methylphenyl diphenyl ester, Phosphoric acid;Phosphoric acid, methylphenyl diphenyl ester",,,,,,,,,,,,,,,,,,,,,,,,,,,,,,,,,,,,,,,,,,,,,,,,,,,,,,,,,,,,,,,,,,,,,,,,,,,,,,,,,,,,,,,,,,,,,,,,,,,,,,,,,,,,,,,,,,,,,,,,,,,,,,,,Human Health Hazards#Repeated Dose Toxicity,Repeated Dose Toxicity HESS,mixture,NOEL,,False,No qualifier,Equal,,,,,,1993,,,,,,Rat,,,,,,,,,,,,,,,,,,,,,,,,,,SD,,OECD TG 422,,,,,,,,,,Food Consumption↓,Male,Main,"National Institute of Health Sciences, Japan",Whole body,ReproTox,Mitsubishi Chemical Safety Institute Ltd.,General signs,Oral (Gavage),300,mg/kg bdwt/d,Administered dose(mass),12,mg/kg bdwt/d,Administered dose(mass),25.6,,None,0,d,Time,,,,,,,,,,,,,,,,,,,,,,,,,,,,,,,,,,,,,,,,,,,,,,,,,,,,,,,,,,,,,,,,,,,,,,,,,,,,,,,,,,,,,,,,,,,,,,,,,,,,,,,,,,,,,,,,,,,,,,,,,,,,,,,,,,,,,,,,,,,,,,,,,,,,,,,,,,,,,,,,,,,,,,,,,,,,,,,,,,,,,45,d,Time,300,mg/kg bdwt/d,Administered dose(mass),,,300,mg/kg/d,Administered dose(mass),,
26444-49-5,"Cresyl diphenyl phosphate;Cresyldiphenyl phosphate;Diphenyl cresyl phosphate;diphenyl tolyl phosphate;Methylphenyl diphenyl ester, Phosphoric acid;Phosphoric acid, methylphenyl diphenyl ester",,,,,,,,,,,,,,,,,,,,,,,,,,,,,,,,,,,,,,,,,,,,,,,,,,,,,,,,,,,,,,,,,,,,,,,,,,,,,,,,,,,,,,,,,,,,,,,,,,,,,,,,,,,,,,,,,,,,,,,,,,,,,,,,Human Health Hazards#Repeated Dose Toxicity,Repeated Dose Toxicity HESS,mixture,NOEL,,False,No qualifier,Equal,,,,,,1993,,,,,,Rat,,,,,,,,,,,,,,,,,,,,,,,,,,SD,,OECD TG 422,,,,,,,,,,Hyperthermia,Male,Main,"National Institute of Health Sciences, Japan",Whole body,ReproTox,Mitsubishi Chemical Safety Institute Ltd.,General signs,Oral (Gavage),300,mg/kg bdwt/d,Administered dose(mass),12,mg/kg bdwt/d,Administered dose(mass),25.6,,None,0,d,Time,,,,,,,,,,,,,,,,,,,,,,,,,,,,,,,,,,,,,,,,,,,,,,,,,,,,,,,,,,,,,,,,,,,,,,,,,,,,,,,,,,,,,,,,,,,,,,,,,,,,,,,,,,,,,,,,,,,,,,,,,,,,,,,,,,,,,,,,,,,,,,,,,,,,,,,,,,,,,,,,,,,,,,,,,,,,,,,,,,,,,45,d,Time,300,mg/kg bdwt/d,Administered dose(mass),,,300,mg/kg/d,Administered dose(mass),,
26444-49-5,"Cresyl diphenyl phosphate;Cresyldiphenyl phosphate;Diphenyl cresyl phosphate;diphenyl tolyl phosphate;Methylphenyl diphenyl ester, Phosphoric acid;Phosphoric acid, methylphenyl diphenyl ester",,,,,,,,,,,,,,,,,,,,,,,,,,,,,,,,,,,,,,,,,,,,,,,,,,,,,,,,,,,,,,,,,,,,,,,,,,,,,,,,,,,,,,,,,,,,,,,,,,,,,,,,,,,,,,,,,,,,,,,,,,,,,,,,Human Health Hazards#Repeated Dose Toxicity,Repeated Dose Toxicity HESS,mixture,NOEL,,False,No qualifier,Equal,,,,,,1993,,,,,,Rat,,,,,,,,,,,,,,,,,,,,,,,,,,SD,,OECD TG 422,,,,,,,,,,Hypothermia,Male,Main,"National Institute of Health Sciences, Japan",Whole body,ReproTox,Mitsubishi Chemical Safety Institute Ltd.,General signs,Oral (Gavage),300,mg/kg bdwt/d,Administered dose(mass),12,mg/kg bdwt/d,Administered dose(mass),25.6,,None,0,d,Time,,,,,,,,,,,,,,,,,,,,,,,,,,,,,,,,,,,,,,,,,,,,,,,,,,,,,,,,,,,,,,,,,,,,,,,,,,,,,,,,,,,,,,,,,,,,,,,,,,,,,,,,,,,,,,,,,,,,,,,,,,,,,,,,,,,,,,,,,,,,,,,,,,,,,,,,,,,,,,,,,,,,,,,,,,,,,,,,,,,,,45,d,Time,300,mg/kg bdwt/d,Administered dose(mass),,,300,mg/kg/d,Administered dose(mass),,
26444-49-5,"Cresyl diphenyl phosphate;Cresyldiphenyl phosphate;Diphenyl cresyl phosphate;diphenyl tolyl phosphate;Methylphenyl diphenyl ester, Phosphoric acid;Phosphoric acid, methylphenyl diphenyl ester",,,,,,,,,,,,,,,,,,,,,,,,,,,,,,,,,,,,,,,,,,,,,,,,,,,,,,,,,,,,,,,,,,,,,,,,,,,,,,,,,,,,,,,,,,,,,,,,,,,,,,,,,,,,,,,,,,,,,,,,,,,,,,,,Human Health Hazards#Repeated Dose Toxicity,Repeated Dose Toxicity HESS,mixture,NOEL,,False,No qualifier,Equal,,,,,,1993,,,,,,Rat,,,,,,,,,,,,,,,,,,,,,,,,,,SD,,OECD TG 422,,,,,,,,,,Lacrimation,Male,Main,"National Institute of Health Sciences, Japan",Whole body,ReproTox,Mitsubishi Chemical Safety Institute Ltd.,General signs,Oral (Gavage),300,mg/kg bdwt/d,Administered dose(mass),12,mg/kg bdwt/d,Administered dose(mass),25.6,,None,0,d,Time,,,,,,,,,,,,,,,,,,,,,,,,,,,,,,,,,,,,,,,,,,,,,,,,,,,,,,,,,,,,,,,,,,,,,,,,,,,,,,,,,,,,,,,,,,,,,,,,,,,,,,,,,,,,,,,,,,,,,,,,,,,,,,,,,,,,,,,,,,,,,,,,,,,,,,,,,,,,,,,,,,,,,,,,,,,,,,,,,,,,,45,d,Time,300,mg/kg bdwt/d,Administered dose(mass),,,300,mg/kg/d,Administered dose(mass),,
26444-49-5,"Cresyl diphenyl phosphate;Cresyldiphenyl phosphate;Diphenyl cresyl phosphate;diphenyl tolyl phosphate;Methylphenyl diphenyl ester, Phosphoric acid;Phosphoric acid, methylphenyl diphenyl ester",,,,,,,,,,,,,,,,,,,,,,,,,,,,,,,,,,,,,,,,,,,,,,,,,,,,,,,,,,,,,,,,,,,,,,,,,,,,,,,,,,,,,,,,,,,,,,,,,,,,,,,,,,,,,,,,,,,,,,,,,,,,,,,,Human Health Hazards#Repeated Dose Toxicity,Repeated Dose Toxicity HESS,mixture,NOEL,,False,No qualifier,Equal,,,,,,1993,,,,,,Rat,,,,,,,,,,,,,,,,,,,,,,,,,,SD,,OECD TG 422,,,,,,,,,,Locomotor Activity↑,Male,Main,"National Institute of Health Sciences, Japan",Whole body,ReproTox,Mitsubishi Chemical Safety Institute Ltd.,General signs,Oral (Gavage),300,mg/kg bdwt/d,Administered dose(mass),12,mg/kg bdwt/d,Administered dose(mass),25.6,,None,0,d,Time,,,,,,,,,,,,,,,,,,,,,,,,,,,,,,,,,,,,,,,,,,,,,,,,,,,,,,,,,,,,,,,,,,,,,,,,,,,,,,,,,,,,,,,,,,,,,,,,,,,,,,,,,,,,,,,,,,,,,,,,,,,,,,,,,,,,,,,,,,,,,,,,,,,,,,,,,,,,,,,,,,,,,,,,,,,,,,,,,,,,,45,d,Time,300,mg/kg bdwt/d,Administered dose(mass),,,300,mg/kg/d,Administered dose(mass),,
26444-49-5,"Cresyl diphenyl phosphate;Cresyldiphenyl phosphate;Diphenyl cresyl phosphate;diphenyl tolyl phosphate;Methylphenyl diphenyl ester, Phosphoric acid;Phosphoric acid, methylphenyl diphenyl ester",,,,,,,,,,,,,,,,,,,,,,,,,,,,,,,,,,,,,,,,,,,,,,,,,,,,,,,,,,,,,,,,,,,,,,,,,,,,,,,,,,,,,,,,,,,,,,,,,,,,,,,,,,,,,,,,,,,,,,,,,,,,,,,,Human Health Hazards#Repeated Dose Toxicity,Repeated Dose Toxicity HESS,mixture,NOEL,,False,No qualifier,Equal,,,,,,1993,,,,,,Rat,,,,,,,,,,,,,,,,,,,,,,,,,,SD,,OECD TG 422,,,,,,,,,,Locomotor Activity↓,Male,Main,"National Institute of Health Sciences, Japan",Whole body,ReproTox,Mitsubishi Chemical Safety Institute Ltd.,General signs,Oral (Gavage),300,mg/kg bdwt/d,Administered dose(mass),12,mg/kg bdwt/d,Administered dose(mass),25.6,,None,0,d,Time,,,,,,,,,,,,,,,,,,,,,,,,,,,,,,,,,,,,,,,,,,,,,,,,,,,,,,,,,,,,,,,,,,,,,,,,,,,,,,,,,,,,,,,,,,,,,,,,,,,,,,,,,,,,,,,,,,,,,,,,,,,,,,,,,,,,,,,,,,,,,,,,,,,,,,,,,,,,,,,,,,,,,,,,,,,,,,,,,,,,,45,d,Time,300,mg/kg bdwt/d,Administered dose(mass),,,300,mg/kg/d,Administered dose(mass),,
26444-49-5,"Cresyl diphenyl phosphate;Cresyldiphenyl phosphate;Diphenyl cresyl phosphate;diphenyl tolyl phosphate;Methylphenyl diphenyl ester, Phosphoric acid;Phosphoric acid, methylphenyl diphenyl ester",,,,,,,,,,,,,,,,,,,,,,,,,,,,,,,,,,,,,,,,,,,,,,,,,,,,,,,,,,,,,,,,,,,,,,,,,,,,,,,,,,,,,,,,,,,,,,,,,,,,,,,,,,,,,,,,,,,,,,,,,,,,,,,,Human Health Hazards#Repeated Dose Toxicity,Repeated Dose Toxicity HESS,mixture,NOEL,,False,No qualifier,Equal,,,,,,1993,,,,,,Rat,,,,,,,,,,,,,,,,,,,,,,,,,,SD,,OECD TG 422,,,,,,,,,,Miosis,Male,Main,"National Institute of Health Sciences, Japan",Whole body,ReproTox,Mitsubishi Chemical Safety Institute Ltd.,General signs,Oral (Gavage),300,mg/kg bdwt/d,Administered dose(mass),12,mg/kg bdwt/d,Administered dose(mass),25.6,,None,0,d,Time,,,,,,,,,,,,,,,,,,,,,,,,,,,,,,,,,,,,,,,,,,,,,,,,,,,,,,,,,,,,,,,,,,,,,,,,,,,,,,,,,,,,,,,,,,,,,,,,,,,,,,,,,,,,,,,,,,,,,,,,,,,,,,,,,,,,,,,,,,,,,,,,,,,,,,,,,,,,,,,,,,,,,,,,,,,,,,,,,,,,,45,d,Time,300,mg/kg bdwt/d,Administered dose(mass),,,300,mg/kg/d,Administered dose(mass),,
26444-49-5,"Cresyl diphenyl phosphate;Cresyldiphenyl phosphate;Diphenyl cresyl phosphate;diphenyl tolyl phosphate;Methylphenyl diphenyl ester, Phosphoric acid;Phosphoric acid, methylphenyl diphenyl ester",,,,,,,,,,,,,,,,,,,,,,,,,,,,,,,,,,,,,,,,,,,,,,,,,,,,,,,,,,,,,,,,,,,,,,,,,,,,,,,,,,,,,,,,,,,,,,,,,,,,,,,,,,,,,,,,,,,,,,,,,,,,,,,,Human Health Hazards#Repeated Dose Toxicity,Repeated Dose Toxicity HESS,mixture,NOEL,,False,No qualifier,Equal,,,,,,1993,,,,,,Rat,,,,,,,,,,,,,,,,,,,,,,,,,,SD,,OECD TG 422,,,,,,,,,,Muscle Tone↓,Male,Main,"National Institute of Health Sciences, Japan",Whole body,ReproTox,Mitsubishi Chemical Safety Institute Ltd.,General signs,Oral (Gavage),300,mg/kg bdwt/d,Administered dose(mass),12,mg/kg bdwt/d,Administered dose(mass),25.6,,None,0,d,Time,,,,,,,,,,,,,,,,,,,,,,,,,,,,,,,,,,,,,,,,,,,,,,,,,,,,,,,,,,,,,,,,,,,,,,,,,,,,,,,,,,,,,,,,,,,,,,,,,,,,,,,,,,,,,,,,,,,,,,,,,,,,,,,,,,,,,,,,,,,,,,,,,,,,,,,,,,,,,,,,,,,,,,,,,,,,,,,,,,,,,45,d,Time,300,mg/kg bdwt/d,Administered dose(mass),,,300,mg/kg/d,Administered dose(mass),,
26444-49-5,"Cresyl diphenyl phosphate;Cresyldiphenyl phosphate;Diphenyl cresyl phosphate;diphenyl tolyl phosphate;Methylphenyl diphenyl ester, Phosphoric acid;Phosphoric acid, methylphenyl diphenyl ester",,,,,,,,,,,,,,,,,,,,,,,,,,,,,,,,,,,,,,,,,,,,,,,,,,,,,,,,,,,,,,,,,,,,,,,,,,,,,,,,,,,,,,,,,,,,,,,,,,,,,,,,,,,,,,,,,,,,,,,,,,,,,,,,Human Health Hazards#Repeated Dose Toxicity,Repeated Dose Toxicity HESS,mixture,NOEL,,False,No qualifier,Equal,,,,,,1993,,,,,,Rat,,,,,,,,,,,,,,,,,,,,,,,,,,SD,,OECD TG 422,,,,,,,,,,Mydriasis,Male,Main,"National Institute of Health Sciences, Japan",Whole body,ReproTox,Mitsubishi Chemical Safety Institute Ltd.,General signs,Oral (Gavage),300,mg/kg bdwt/d,Administered dose(mass),12,mg/kg bdwt/d,Administered dose(mass),25.6,,None,0,d,Time,,,,,,,,,,,,,,,,,,,,,,,,,,,,,,,,,,,,,,,,,,,,,,,,,,,,,,,,,,,,,,,,,,,,,,,,,,,,,,,,,,,,,,,,,,,,,,,,,,,,,,,,,,,,,,,,,,,,,,,,,,,,,,,,,,,,,,,,,,,,,,,,,,,,,,,,,,,,,,,,,,,,,,,,,,,,,,,,,,,,,45,d,Time,300,mg/kg bdwt/d,Administered dose(mass),,,300,mg/kg/d,Administered dose(mass),,
26444-49-5,"Cresyl diphenyl phosphate;Cresyldiphenyl phosphate;Diphenyl cresyl phosphate;diphenyl tolyl phosphate;Methylphenyl diphenyl ester, Phosphoric acid;Phosphoric acid, methylphenyl diphenyl ester",,,,,,,,,,,,,,,,,,,,,,,,,,,,,,,,,,,,,,,,,,,,,,,,,,,,,,,,,,,,,,,,,,,,,,,,,,,,,,,,,,,,,,,,,,,,,,,,,,,,,,,,,,,,,,,,,,,,,,,,,,,,,,,,Human Health Hazards#Repeated Dose Toxicity,Repeated Dose Toxicity HESS,mixture,NOEL,,False,No qualifier,Equal,,,,,,1993,,,,,,Rat,,,,,,,,,,,,,,,,,,,,,,,,,,SD,,OECD TG 422,,,,,,,,,,Other Findings,Male,Main,"National Institute of Health Sciences, Japan",Whole body,ReproTox,Mitsubishi Chemical Safety Institute Ltd.,General signs,Oral (Gavage),300,mg/kg bdwt/d,Administered dose(mass),12,mg/kg bdwt/d,Administered dose(mass),25.6,,None,0,d,Time,,,,,,,,,,,,,,,,,,,,,,,,,,,,,,,,,,,,,,,,,,,,,,,,,,,,,,,,,,,,,,,,,,,,,,,,,,,,,,,,,,,,,,,,,,,,,,,,,,,,,,,,,,,,,,,,,,,,,,,,,,,,,,,,,,,,,,,,,,,,,,,,,,,,,,,,,,,,,,,,,,,,,,,,,,,,,,,,,,,,,45,d,Time,300,mg/kg bdwt/d,Administered dose(mass),,,300,mg/kg/d,Administered dose(mass),,
26444-49-5,"Cresyl diphenyl phosphate;Cresyldiphenyl phosphate;Diphenyl cresyl phosphate;diphenyl tolyl phosphate;Methylphenyl diphenyl ester, Phosphoric acid;Phosphoric acid, methylphenyl diphenyl ester",,,,,,,,,,,,,,,,,,,,,,,,,,,,,,,,,,,,,,,,,,,,,,,,,,,,,,,,,,,,,,,,,,,,,,,,,,,,,,,,,,,,,,,,,,,,,,,,,,,,,,,,,,,,,,,,,,,,,,,,,,,,,,,,Human Health Hazards#Repeated Dose Toxicity,Repeated Dose Toxicity HESS,mixture,NOEL,,False,No qualifier,Equal,,,,,,1993,,,,,,Rat,,,,,,,,,,,,,,,,,,,,,,,,,,SD,,OECD TG 422,,,,,,,,,,Piloerection,Male,Main,"National Institute of Health Sciences, Japan",Whole body,ReproTox,Mitsubishi Chemical Safety Institute Ltd.,General signs,Oral (Gavage),300,mg/kg bdwt/d,Administered dose(mass),12,mg/kg bdwt/d,Administered dose(mass),25.6,,None,0,d,Time,,,,,,,,,,,,,,,,,,,,,,,,,,,,,,,,,,,,,,,,,,,,,,,,,,,,,,,,,,,,,,,,,,,,,,,,,,,,,,,,,,,,,,,,,,,,,,,,,,,,,,,,,,,,,,,,,,,,,,,,,,,,,,,,,,,,,,,,,,,,,,,,,,,,,,,,,,,,,,,,,,,,,,,,,,,,,,,,,,,,,45,d,Time,300,mg/kg bdwt/d,Administered dose(mass),,,300,mg/kg/d,Administered dose(mass),,
26444-49-5,"Cresyl diphenyl phosphate;Cresyldiphenyl phosphate;Diphenyl cresyl phosphate;diphenyl tolyl phosphate;Methylphenyl diphenyl ester, Phosphoric acid;Phosphoric acid, methylphenyl diphenyl ester",,,,,,,,,,,,,,,,,,,,,,,,,,,,,,,,,,,,,,,,,,,,,,,,,,,,,,,,,,,,,,,,,,,,,,,,,,,,,,,,,,,,,,,,,,,,,,,,,,,,,,,,,,,,,,,,,,,,,,,,,,,,,,,,Human Health Hazards#Repeated Dose Toxicity,Repeated Dose Toxicity HESS,mixture,NOEL,,False,No qualifier,Equal,,,,,,1993,,,,,,Rat,,,,,,,,,,,,,,,,,,,,,,,,,,SD,,OECD TG 422,,,,,,,,,,Ptosis/Palpebral Closure,Male,Main,"National Institute of Health Sciences, Japan",Whole body,ReproTox,Mitsubishi Chemical Safety Institute Ltd.,General signs,Oral (Gavage),300,mg/kg bdwt/d,Administered dose(mass),12,mg/kg bdwt/d,Administered dose(mass),25.6,,None,0,d,Time,,,,,,,,,,,,,,,,,,,,,,,,,,,,,,,,,,,,,,,,,,,,,,,,,,,,,,,,,,,,,,,,,,,,,,,,,,,,,,,,,,,,,,,,,,,,,,,,,,,,,,,,,,,,,,,,,,,,,,,,,,,,,,,,,,,,,,,,,,,,,,,,,,,,,,,,,,,,,,,,,,,,,,,,,,,,,,,,,,,,,45,d,Time,300,mg/kg bdwt/d,Administered dose(mass),,,300,mg/kg/d,Administered dose(mass),,
26444-49-5,"Cresyl diphenyl phosphate;Cresyldiphenyl phosphate;Diphenyl cresyl phosphate;diphenyl tolyl phosphate;Methylphenyl diphenyl ester, Phosphoric acid;Phosphoric acid, methylphenyl diphenyl ester",,,,,,,,,,,,,,,,,,,,,,,,,,,,,,,,,,,,,,,,,,,,,,,,,,,,,,,,,,,,,,,,,,,,,,,,,,,,,,,,,,,,,,,,,,,,,,,,,,,,,,,,,,,,,,,,,,,,,,,,,,,,,,,,Human Health Hazards#Repeated Dose Toxicity,Repeated Dose Toxicity HESS,mixture,NOEL,,False,No qualifier,Equal,,,,,,1993,,,,,,Rat,,,,,,,,,,,,,,,,,,,,,,,,,,SD,,OECD TG 422,,,,,,,,,,Salivation,Male,Main,"National Institute of Health Sciences, Japan",Whole body,ReproTox,Mitsubishi Chemical Safety Institute Ltd.,General signs,Oral (Gavage),300,mg/kg bdwt/d,Administered dose(mass),12,mg/kg bdwt/d,Administered dose(mass),25.6,,None,0,d,Time,,,,,,,,,,,,,,,,,,,,,,,,,,,,,,,,,,,,,,,,,,,,,,,,,,,,,,,,,,,,,,,,,,,,,,,,,,,,,,,,,,,,,,,,,,,,,,,,,,,,,,,,,,,,,,,,,,,,,,,,,,,,,,,,,,,,,,,,,,,,,,,,,,,,,,,,,,,,,,,,,,,,,,,,,,,,,,,,,,,,,45,d,Time,12,mg/kg bdwt/d,Administered dose(mass),,,12,mg/kg/d,Administered dose(mass),,
26444-49-5,"Cresyl diphenyl phosphate;Cresyldiphenyl phosphate;Diphenyl cresyl phosphate;diphenyl tolyl phosphate;Methylphenyl diphenyl ester, Phosphoric acid;Phosphoric acid, methylphenyl diphenyl ester",,,,,,,,,,,,,,,,,,,,,,,,,,,,,,,,,,,,,,,,,,,,,,,,,,,,,,,,,,,,,,,,,,,,,,,,,,,,,,,,,,,,,,,,,,,,,,,,,,,,,,,,,,,,,,,,,,,,,,,,,,,,,,,,Human Health Hazards#Repeated Dose Toxicity,Repeated Dose Toxicity HESS,mixture,NOEL,,False,No qualifier,Equal,,,,,,1993,,,,,,Rat,,,,,,,,,,,,,,,,,,,,,,,,,,SD,,OECD TG 422,,,,,,,,,,Straub Tail,Male,Main,"National Institute of Health Sciences, Japan",Whole body,ReproTox,Mitsubishi Chemical Safety Institute Ltd.,General signs,Oral (Gavage),300,mg/kg bdwt/d,Administered dose(mass),12,mg/kg bdwt/d,Administered dose(mass),25.6,,None,0,d,Time,,,,,,,,,,,,,,,,,,,,,,,,,,,,,,,,,,,,,,,,,,,,,,,,,,,,,,,,,,,,,,,,,,,,,,,,,,,,,,,,,,,,,,,,,,,,,,,,,,,,,,,,,,,,,,,,,,,,,,,,,,,,,,,,,,,,,,,,,,,,,,,,,,,,,,,,,,,,,,,,,,,,,,,,,,,,,,,,,,,,,45,d,Time,300,mg/kg bdwt/d,Administered dose(mass),,,300,mg/kg/d,Administered dose(mass),,
26444-49-5,"Cresyl diphenyl phosphate;Cresyldiphenyl phosphate;Diphenyl cresyl phosphate;diphenyl tolyl phosphate;Methylphenyl diphenyl ester, Phosphoric acid;Phosphoric acid, methylphenyl diphenyl ester",,,,,,,,,,,,,,,,,,,,,,,,,,,,,,,,,,,,,,,,,,,,,,,,,,,,,,,,,,,,,,,,,,,,,,,,,,,,,,,,,,,,,,,,,,,,,,,,,,,,,,,,,,,,,,,,,,,,,,,,,,,,,,,,Human Health Hazards#Repeated Dose Toxicity,Repeated Dose Toxicity HESS,mixture,NOEL,,False,No qualifier,Equal,,,,,,1993,,,,,,Rat,,,,,,,,,,,,,,,,,,,,,,,,,,SD,,OECD TG 422,,,,,,,,,,Total,Male,Main,"National Institute of Health Sciences, Japan",Whole body,ReproTox,Mitsubishi Chemical Safety Institute Ltd.,NOEL/LOEL,Oral (Gavage),300,mg/kg bdwt/d,Administered dose(mass),12,mg/kg bdwt/d,Administered dose(mass),25.6,,None,0,d,Time,,,,,,,,,,,,,,,,,,,,,,,,,,,,,,,,,,,,,,,,,,,,,,,,,,,,,,,,,,,,,,,,,,,,,,,,,,,,,,,,,,,,,,,,,,,,,,,,,,,,,,,,,,,,,,,,,,,,,,,,,,,,,,,,,,,,,,,,,,,,,,,,,,,,,,,,,,,,,,,,,,,,,,,,,,,,,,,,,,,,,45,d,Time,12,mg/kg bdwt/d,Administered dose(mass),,,12,mg/kg/d,Administered dose(mass),,
26444-49-5,"Cresyl diphenyl phosphate;Cresyldiphenyl phosphate;Diphenyl cresyl phosphate;diphenyl tolyl phosphate;Methylphenyl diphenyl ester, Phosphoric acid;Phosphoric acid, methylphenyl diphenyl ester",,,,,,,,,,,,,,,,,,,,,,,,,,,,,,,,,,,,,,,,,,,,,,,,,,,,,,,,,,,,,,,,,,,,,,,,,,,,,,,,,,,,,,,,,,,,,,,,,,,,,,,,,,,,,,,,,,,,,,,,,,,,,,,,Human Health Hazards#Repeated Dose Toxicity,Repeated Dose Toxicity HESS,mixture,NOEL,,False,No qualifier,Equal,,,,,,1993,,,,,,Rat,,,,,,,,,,,,,,,,,,,,,,,,,,SD,,OECD TG 422,,,,,,,,,,Tremor/Convulsion,Male,Main,"National Institute of Health Sciences, Japan",Whole body,ReproTox,Mitsubishi Chemical Safety Institute Ltd.,General signs,Oral (Gavage),300,mg/kg bdwt/d,Administered dose(mass),12,mg/kg bdwt/d,Administered dose(mass),25.6,,None,0,d,Time,,,,,,,,,,,,,,,,,,,,,,,,,,,,,,,,,,,,,,,,,,,,,,,,,,,,,,,,,,,,,,,,,,,,,,,,,,,,,,,,,,,,,,,,,,,,,,,,,,,,,,,,,,,,,,,,,,,,,,,,,,,,,,,,,,,,,,,,,,,,,,,,,,,,,,,,,,,,,,,,,,,,,,,,,,,,,,,,,,,,,45,d,Time,300,mg/kg bdwt/d,Administered dose(mass),,,300,mg/kg/d,Administered dose(mass),,
26444-49-5,"Cresyl diphenyl phosphate;Cresyldiphenyl phosphate;Diphenyl cresyl phosphate;diphenyl tolyl phosphate;Methylphenyl diphenyl ester, Phosphoric acid;Phosphoric acid, methylphenyl diphenyl ester",,,,,,,,,,,,,,,,,,,,,,,,,,,,,,,,,,,,,,,,,,,,,,,,,,,,,,,,,,,,,,,,,,,,,,,,,,,,,,,,,,,,,,,,,,,,,,,,,,,,,,,,,,,,,,,,,,,,,,,,,,,,,,,,Human Health Hazards#Repeated Dose Toxicity,Repeated Dose Toxicity HESS,mixture,NOEL,,False,No qualifier,Equal,,,,,,1993,,,,,,Rat,,,,,,,,,,,,,,,,,,,,,,,,,,SD,,OECD TG 422,,,,,,,,,,Vocalization,Male,Main,"National Institute of Health Sciences, Japan",Whole body,ReproTox,Mitsubishi Chemical Safety Institute Ltd.,General signs,Oral (Gavage),300,mg/kg bdwt/d,Administered dose(mass),12,mg/kg bdwt/d,Administered dose(mass),25.6,,None,0,d,Time,,,,,,,,,,,,,,,,,,,,,,,,,,,,,,,,,,,,,,,,,,,,,,,,,,,,,,,,,,,,,,,,,,,,,,,,,,,,,,,,,,,,,,,,,,,,,,,,,,,,,,,,,,,,,,,,,,,,,,,,,,,,,,,,,,,,,,,,,,,,,,,,,,,,,,,,,,,,,,,,,,,,,,,,,,,,,,,,,,,,,45,d,Time,300,mg/kg bdwt/d,Administered dose(mass),,,300,mg/kg/d,Administered dose(mass),,
26444-49-5,"Cresyl diphenyl phosphate;Cresyldiphenyl phosphate;Diphenyl cresyl phosphate;diphenyl tolyl phosphate;Methylphenyl diphenyl ester, Phosphoric acid;Phosphoric acid, methylphenyl diphenyl ester",,,,,,,,,,,,,,,,,,,,,,,,,,,,,,,,,,,,,,,,,,,,,,,,,,,,,,,,,,,,,,,,,,,,,,,,,,,,,,,,,,,,,,,,,,,,,,,,,,,,,,,,,,,,,,,,,,,,,,,,,,,,,,,,Human Health Hazards#Repeated Dose Toxicity,Repeated Dose Toxicity HESS,mixture,NOEL,,False,No qualifier,Equal,,,,,,1993,,,,,,Rat,,,,,,,,,,,,,,,,,,,,,,,,,,SD,,OECD TG 422,,,,,,,,,,Water Consumption↑,Male,Main,"National Institute of Health Sciences, Japan",Whole body,ReproTox,Mitsubishi Chemical Safety Institute Ltd.,General signs,Oral (Gavage),300,mg/kg bdwt/d,Administered dose(mass),12,mg/kg bdwt/d,Administered dose(mass),25.6,,None,0,d,Time,,,,,,,,,,,,,,,,,,,,,,,,,,,,,,,,,,,,,,,,,,,,,,,,,,,,,,,,,,,,,,,,,,,,,,,,,,,,,,,,,,,,,,,,,,,,,,,,,,,,,,,,,,,,,,,,,,,,,,,,,,,,,,,,,,,,,,,,,,,,,,,,,,,,,,,,,,,,,,,,,,,,,,,,,,,,,,,,,,,,,45,d,Time,60,mg/kg bdwt/d,Administered dose(mass),,,60,mg/kg/d,Administered dose(mass),,
26444-49-5,"Cresyl diphenyl phosphate;Cresyldiphenyl phosphate;Diphenyl cresyl phosphate;diphenyl tolyl phosphate;Methylphenyl diphenyl ester, Phosphoric acid;Phosphoric acid, methylphenyl diphenyl ester",,,,,,,,,,,,,,,,,,,,,,,,,,,,,,,,,,,,,,,,,,,,,,,,,,,,,,,,,,,,,,,,,,,,,,,,,,,,,,,,,,,,,,,,,,,,,,,,,,,,,,,,,,,,,,,,,,,,,,,,,,,,,,,,Human Health Hazards#Repeated Dose Toxicity,Repeated Dose Toxicity HESS,mixture,NOEL,,False,No qualifier,Equal,,,,,,1993,,,,,,Rat,,,,,,,,,,,,,,,,,,,,,,,,,,SD,,OECD TG 422,,,,,,,,,,Water Consumption↓,Male,Main,"National Institute of Health Sciences, Japan",Whole body,ReproTox,Mitsubishi Chemical Safety Institute Ltd.,General signs,Oral (Gavage),300,mg/kg bdwt/d,Administered dose(mass),12,mg/kg bdwt/d,Administered dose(mass),25.6,,None,0,d,Time,,,,,,,,,,,,,,,,,,,,,,,,,,,,,,,,,,,,,,,,,,,,,,,,,,,,,,,,,,,,,,,,,,,,,,,,,,,,,,,,,,,,,,,,,,,,,,,,,,,,,,,,,,,,,,,,,,,,,,,,,,,,,,,,,,,,,,,,,,,,,,,,,,,,,,,,,,,,,,,,,,,,,,,,,,,,,,,,,,,,,45,d,Time,300,mg/kg bdwt/d,Administered dose(mass),,,300,mg/kg/d,Administered dose(mass),,
26444-49-5,"Cresyl diphenyl phosphate;Cresyldiphenyl phosphate;Diphenyl cresyl phosphate;diphenyl tolyl phosphate;Methylphenyl diphenyl ester, Phosphoric acid;Phosphoric acid, methylphenyl diphenyl ester",Cc1cccc(O)c1OP(=O)(Oc1ccccc1)Oc1ccccc1,C19H17O5P,Mono constituent,EC Number:2476938,Sources:5,Moderate,Not calculated,Not calculated,Not calculated,Not calculated,Not calculated,Not calculated,Not calculated,Not calculated,Not calculated,Not calculated,Not calculated,Not calculated,Not calculated,Not calculated,Not calculated,Not calculated,Not calculated,Not calculated,Not calculated,Not calculated,Not calculated,Not calculated,Not calculated,Not calculated,Not calculated,Not calculated,Not calculated,Not calculated,Not calculated,Not calculated,Not calculated,Not calculated,Not calculated,Not calculated,Not calculated,Not calculated,Not calculated,Not calculated,Not calculated,Not calculated,Not calculated,Not calculated,Not calculated,Not calculated,Not calculated,Not calculated,Not calculated,Not calculated,Not calculated,Not calculated,Not calculated,Not calculated,Not calculated,Not calculated,Not calculated,Not calculated,Not calculated,Not calculated,Not calculated,Not calculated,Not calculated,Not calculated,Not calculated,Not calculated,Not calculated,Not calculated,Not calculated,Not calculated,Not calculated,Not calculated,Not calculated,Not calculated,Not calculated,Not calculated,Not calculated,Not calculated,Not calculated,Not calculated,Not calculated,Not calculated,Not calculated,Not calculated,Not calculated,Not calculated,Not calculated,Not calculated,Not calculated,Not calculated,Not calculated,Not calculated,Not calculated,Not calculated,Not calculated,Not calculated,Not calculated,Not calculated,Not calculated,Not calculated,Not calculated,Not calculated,Not calculated,Not calculated,Not calculated,Not calculated,Not calculated,Not calculated,Not calculated,Not calculated,Not calculated,Not calculated,Not calculated,Not calculated,Not calculated,Not calculated,Not calculated,Not calculated,Not calculated,Not calculated,Not calculated,Not calculated,Not calculated,Human Health Hazards#Genetic Toxicity,Toxicity Japan MHLW,-1 = negative; 1 = positive; Guidelines for Screening Mutagenicity Testing of Chemicals (Chemical Substances Control Law of Japan),Gene mutation,http://dra4.nihs.go.jp/mhlw_data/jsp/SearchPageENG.jsp,False,Categorical data,Equal,,,,,,,,,,,,Escherichia coli,,Bacteria (bacteria),Negibacteria,Proteobacteria,,,Gammaproteobacteria,,Enterobacteriales,,Enterobacteriaceae,Escherichia,,,,,,,,,,,,Japan Ministry of Health Labour and Welfare,Japan Existing Chemical Data Base,WP2 UvrA,Bacterial Reverse Mutation Assay (e.g. Ames Test),Guidelines For Screening Mutagenicity Testing of Chemicals (Chemical Substances Control Law of Japan),in Vitro,192,With S9,Gene Mutation,,,,,,,,,,,,,,,,,,,,,,,,,,,,,,,,,,,,,,,,,,,,,,,,,,,,,,,,,,,,,,,,,,,,,,,,,,,,,,,,,,,,,,,,,,,,,,,,,,,,,,,,,,,,,,,,,,,,,,,,,,,,,,,,,,,,,,,,,,,,,,,,,,,,,,,,,,,,,,,,,,,,,,,,,,,,,,,,,,,,,,,,,,,,,,,,,,,,,,,,,,,,,,,,,,Negative,,Gene mutation I,,,Negative,,Gene mutation I,,
26444-49-5,"Cresyl diphenyl phosphate;Cresyldiphenyl phosphate;Diphenyl cresyl phosphate;diphenyl tolyl phosphate;Methylphenyl diphenyl ester, Phosphoric acid;Phosphoric acid, methylphenyl diphenyl ester",,,,,,,,,,,,,,,,,,,,,,,,,,,,,,,,,,,,,,,,,,,,,,,,,,,,,,,,,,,,,,,,,,,,,,,,,,,,,,,,,,,,,,,,,,,,,,,,,,,,,,,,,,,,,,,,,,,,,,,,,,,,,,,,Human Health Hazards#Genetic Toxicity,Toxicity Japan MHLW,-1 = negative; 1 = positive; Guidelines for Screening Mutagenicity Testing of Chemicals (Chemical Substances Control Law of Japan),Gene mutation,http://dra4.nihs.go.jp/mhlw_data/jsp/SearchPageENG.jsp,False,Categorical data,Equal,,,,,,,,,,,,Escherichia coli,,Bacteria (bacteria),Negibacteria,Proteobacteria,,,Gammaproteobacteria,,Enterobacteriales,,Enterobacteriaceae,Escherichia,,,,,,,,,,,,Japan Ministry of Health Labour and Welfare,Japan Existing Chemical Data Base,WP2 UvrA,Bacterial Reverse Mutation Assay (e.g. Ames Test),Guidelines For Screening Mutagenicity Testing of Chemicals (Chemical Substances Control Law of Japan),in Vitro,1345,Without S9,Gene Mutation,,,,,,,,,,,,,,,,,,,,,,,,,,,,,,,,,,,,,,,,,,,,,,,,,,,,,,,,,,,,,,,,,,,,,,,,,,,,,,,,,,,,,,,,,,,,,,,,,,,,,,,,,,,,,,,,,,,,,,,,,,,,,,,,,,,,,,,,,,,,,,,,,,,,,,,,,,,,,,,,,,,,,,,,,,,,,,,,,,,,,,,,,,,,,,,,,,,,,,,,,,,,,,,,,,Negative,,Gene mutation I,,,Negative,,Gene mutation I,,
26444-49-5,"Cresyl diphenyl phosphate;Cresyldiphenyl phosphate;Diphenyl cresyl phosphate;diphenyl tolyl phosphate;Methylphenyl diphenyl ester, Phosphoric acid;Phosphoric acid, methylphenyl diphenyl ester",,,,,,,,,,,,,,,,,,,,,,,,,,,,,,,,,,,,,,,,,,,,,,,,,,,,,,,,,,,,,,,,,,,,,,,,,,,,,,,,,,,,,,,,,,,,,,,,,,,,,,,,,,,,,,,,,,,,,,,,,,,,,,,,Human Health Hazards#Genetic Toxicity,Toxicity Japan MHLW,-1 = negative; 1 = positive; Guidelines for Screening Mutagenicity Testing of Chemicals (Chemical Substances Control Law of Japan),Gene mutation,http://dra4.nihs.go.jp/mhlw_data/jsp/SearchPageENG.jsp,False,Categorical data,Equal,,,,,,,,,,,,Salmonella typhimurium,,,,,,,,,,,,,,,,,,,,,,,,Japan Ministry of Health Labour and Welfare,Japan Existing Chemical Data Base,TA 100,Bacterial Reverse Mutation Assay (e.g. Ames Test),Guidelines For Screening Mutagenicity Testing of Chemicals (Chemical Substances Control Law of Japan),in Vitro,421,With S9,Gene Mutation,,,,,,,,,,,,,,,,,,,,,,,,,,,,,,,,,,,,,,,,,,,,,,,,,,,,,,,,,,,,,,,,,,,,,,,,,,,,,,,,,,,,,,,,,,,,,,,,,,,,,,,,,,,,,,,,,,,,,,,,,,,,,,,,,,,,,,,,,,,,,,,,,,,,,,,,,,,,,,,,,,,,,,,,,,,,,,,,,,,,,,,,,,,,,,,,,,,,,,,,,,,,,,,,,,Negative,,Gene mutation I,,,Negative,,Gene mutation I,,
26444-49-5,"Cresyl diphenyl phosphate;Cresyldiphenyl phosphate;Diphenyl cresyl phosphate;diphenyl tolyl phosphate;Methylphenyl diphenyl ester, Phosphoric acid;Phosphoric acid, methylphenyl diphenyl ester",,,,,,,,,,,,,,,,,,,,,,,,,,,,,,,,,,,,,,,,,,,,,,,,,,,,,,,,,,,,,,,,,,,,,,,,,,,,,,,,,,,,,,,,,,,,,,,,,,,,,,,,,,,,,,,,,,,,,,,,,,,,,,,,Human Health Hazards#Genetic Toxicity,Toxicity Japan MHLW,-1 = negative; 1 = positive; Guidelines for Screening Mutagenicity Testing of Chemicals (Chemical Substances Control Law of Japan),Gene mutation,http://dra4.nihs.go.jp/mhlw_data/jsp/SearchPageENG.jsp,False,Categorical data,Equal,,,,,,,,,,,,Salmonella typhimurium,,,,,,,,,,,,,,,,,,,,,,,,Japan Ministry of Health Labour and Welfare,Japan Existing Chemical Data Base,TA 1535,Bacterial Reverse Mutation Assay (e.g. Ames Test),Guidelines For Screening Mutagenicity Testing of Chemicals (Chemical Substances Control Law of Japan),in Vitro,654,With S9,Gene Mutation,,,,,,,,,,,,,,,,,,,,,,,,,,,,,,,,,,,,,,,,,,,,,,,,,,,,,,,,,,,,,,,,,,,,,,,,,,,,,,,,,,,,,,,,,,,,,,,,,,,,,,,,,,,,,,,,,,,,,,,,,,,,,,,,,,,,,,,,,,,,,,,,,,,,,,,,,,,,,,,,,,,,,,,,,,,,,,,,,,,,,,,,,,,,,,,,,,,,,,,,,,,,,,,,,,Negative,,Gene mutation I,,,Negative,,Gene mutation I,,
26444-49-5,"Cresyl diphenyl phosphate;Cresyldiphenyl phosphate;Diphenyl cresyl phosphate;diphenyl tolyl phosphate;Methylphenyl diphenyl ester, Phosphoric acid;Phosphoric acid, methylphenyl diphenyl ester",,,,,,,,,,,,,,,,,,,,,,,,,,,,,,,,,,,,,,,,,,,,,,,,,,,,,,,,,,,,,,,,,,,,,,,,,,,,,,,,,,,,,,,,,,,,,,,,,,,,,,,,,,,,,,,,,,,,,,,,,,,,,,,,Human Health Hazards#Genetic Toxicity,Toxicity Japan MHLW,-1 = negative; 1 = positive; Guidelines for Screening Mutagenicity Testing of Chemicals (Chemical Substances Control Law of Japan),Gene mutation,http://dra4.nihs.go.jp/mhlw_data/jsp/SearchPageENG.jsp,False,Categorical data,Equal,,,,,,,,,,,,Salmonella typhimurium,,,,,,,,,,,,,,,,,,,,,,,,Japan Ministry of Health Labour and Welfare,Japan Existing Chemical Data Base,TA 1537,Bacterial Reverse Mutation Assay (e.g. Ames Test),Guidelines For Screening Mutagenicity Testing of Chemicals (Chemical Substances Control Law of Japan),in Vitro,883,With S9,Gene Mutation,,,,,,,,,,,,,,,,,,,,,,,,,,,,,,,,,,,,,,,,,,,,,,,,,,,,,,,,,,,,,,,,,,,,,,,,,,,,,,,,,,,,,,,,,,,,,,,,,,,,,,,,,,,,,,,,,,,,,,,,,,,,,,,,,,,,,,,,,,,,,,,,,,,,,,,,,,,,,,,,,,,,,,,,,,,,,,,,,,,,,,,,,,,,,,,,,,,,,,,,,,,,,,,,,,Negative,,Gene mutation I,,,Negative,,Gene mutation I,,
26444-49-5,"Cresyl diphenyl phosphate;Cresyldiphenyl phosphate;Diphenyl cresyl phosphate;diphenyl tolyl phosphate;Methylphenyl diphenyl ester, Phosphoric acid;Phosphoric acid, methylphenyl diphenyl ester",,,,,,,,,,,,,,,,,,,,,,,,,,,,,,,,,,,,,,,,,,,,,,,,,,,,,,,,,,,,,,,,,,,,,,,,,,,,,,,,,,,,,,,,,,,,,,,,,,,,,,,,,,,,,,,,,,,,,,,,,,,,,,,,Human Health Hazards#Genetic Toxicity,Toxicity Japan MHLW,-1 = negative; 1 = positive; Guidelines for Screening Mutagenicity Testing of Chemicals (Chemical Substances Control Law of Japan),Gene mutation,http://dra4.nihs.go.jp/mhlw_data/jsp/SearchPageENG.jsp,False,Categorical data,Equal,,,,,,,,,,,,Salmonella typhimurium,,,,,,,,,,,,,,,,,,,,,,,,Japan Ministry of Health Labour and Welfare,Japan Existing Chemical Data Base,TA 97,Bacterial Reverse Mutation Assay (e.g. Ames Test),Guidelines For Screening Mutagenicity Testing of Chemicals (Chemical Substances Control Law of Japan),in Vitro,1114,With S9,Gene Mutation,,,,,,,,,,,,,,,,,,,,,,,,,,,,,,,,,,,,,,,,,,,,,,,,,,,,,,,,,,,,,,,,,,,,,,,,,,,,,,,,,,,,,,,,,,,,,,,,,,,,,,,,,,,,,,,,,,,,,,,,,,,,,,,,,,,,,,,,,,,,,,,,,,,,,,,,,,,,,,,,,,,,,,,,,,,,,,,,,,,,,,,,,,,,,,,,,,,,,,,,,,,,,,,,,,Negative,,Gene mutation I,,,Negative,,Gene mutation I,,
26444-49-5,"Cresyl diphenyl phosphate;Cresyldiphenyl phosphate;Diphenyl cresyl phosphate;diphenyl tolyl phosphate;Methylphenyl diphenyl ester, Phosphoric acid;Phosphoric acid, methylphenyl diphenyl ester",,,,,,,,,,,,,,,,,,,,,,,,,,,,,,,,,,,,,,,,,,,,,,,,,,,,,,,,,,,,,,,,,,,,,,,,,,,,,,,,,,,,,,,,,,,,,,,,,,,,,,,,,,,,,,,,,,,,,,,,,,,,,,,,Human Health Hazards#Genetic Toxicity,Toxicity Japan MHLW,-1 = negative; 1 = positive; Guidelines for Screening Mutagenicity Testing of Chemicals (Chemical Substances Control Law of Japan),Gene mutation,http://dra4.nihs.go.jp/mhlw_data/jsp/SearchPageENG.jsp,False,Categorical data,Equal,,,,,,,,,,,,Salmonella typhimurium,,,,,,,,,,,,,,,,,,,,,,,,Japan Ministry of Health Labour and Welfare,Japan Existing Chemical Data Base,TA 100,Bacterial Reverse Mutation Assay (e.g. Ames Test),Guidelines For Screening Mutagenicity Testing of Chemicals (Chemical Substances Control Law of Japan),in Vitro,1574,Without S9,Gene Mutation,,,,,,,,,,,,,,,,,,,,,,,,,,,,,,,,,,,,,,,,,,,,,,,,,,,,,,,,,,,,,,,,,,,,,,,,,,,,,,,,,,,,,,,,,,,,,,,,,,,,,,,,,,,,,,,,,,,,,,,,,,,,,,,,,,,,,,,,,,,,,,,,,,,,,,,,,,,,,,,,,,,,,,,,,,,,,,,,,,,,,,,,,,,,,,,,,,,,,,,,,,,,,,,,,,Negative,,Gene mutation I,,,Negative,,Gene mutation I,,
26444-49-5,"Cresyl diphenyl phosphate;Cresyldiphenyl phosphate;Diphenyl cresyl phosphate;diphenyl tolyl phosphate;Methylphenyl diphenyl ester, Phosphoric acid;Phosphoric acid, methylphenyl diphenyl ester",,,,,,,,,,,,,,,,,,,,,,,,,,,,,,,,,,,,,,,,,,,,,,,,,,,,,,,,,,,,,,,,,,,,,,,,,,,,,,,,,,,,,,,,,,,,,,,,,,,,,,,,,,,,,,,,,,,,,,,,,,,,,,,,Human Health Hazards#Genetic Toxicity,Toxicity Japan MHLW,-1 = negative; 1 = positive; Guidelines for Screening Mutagenicity Testing of Chemicals (Chemical Substances Control Law of Japan),Gene mutation,http://dra4.nihs.go.jp/mhlw_data/jsp/SearchPageENG.jsp,False,Categorical data,Equal,,,,,,,,,,,,Salmonella typhimurium,,,,,,,,,,,,,,,,,,,,,,,,Japan Ministry of Health Labour and Welfare,Japan Existing Chemical Data Base,TA 1535,Bacterial Reverse Mutation Assay (e.g. Ames Test),Guidelines For Screening Mutagenicity Testing of Chemicals (Chemical Substances Control Law of Japan),in Vitro,1807,Without S9,Gene Mutation,,,,,,,,,,,,,,,,,,,,,,,,,,,,,,,,,,,,,,,,,,,,,,,,,,,,,,,,,,,,,,,,,,,,,,,,,,,,,,,,,,,,,,,,,,,,,,,,,,,,,,,,,,,,,,,,,,,,,,,,,,,,,,,,,,,,,,,,,,,,,,,,,,,,,,,,,,,,,,,,,,,,,,,,,,,,,,,,,,,,,,,,,,,,,,,,,,,,,,,,,,,,,,,,,,Negative,,Gene mutation I,,,Negative,,Gene mutation I,,
26444-49-5,"Cresyl diphenyl phosphate;Cresyldiphenyl phosphate;Diphenyl cresyl phosphate;diphenyl tolyl phosphate;Methylphenyl diphenyl ester, Phosphoric acid;Phosphoric acid, methylphenyl diphenyl ester",,,,,,,,,,,,,,,,,,,,,,,,,,,,,,,,,,,,,,,,,,,,,,,,,,,,,,,,,,,,,,,,,,,,,,,,,,,,,,,,,,,,,,,,,,,,,,,,,,,,,,,,,,,,,,,,,,,,,,,,,,,,,,,,Human Health Hazards#Genetic Toxicity,Toxicity Japan MHLW,-1 = negative; 1 = positive; Guidelines for Screening Mutagenicity Testing of Chemicals (Chemical Substances Control Law of Japan),Gene mutation,http://dra4.nihs.go.jp/mhlw_data/jsp/SearchPageENG.jsp,False,Categorical data,Equal,,,,,,,,,,,,Salmonella typhimurium,,,,,,,,,,,,,,,,,,,,,,,,Japan Ministry of Health Labour and Welfare,Japan Existing Chemical Data Base,TA 1537,Bacterial Reverse Mutation Assay (e.g. Ames Test),Guidelines For Screening Mutagenicity Testing of Chemicals (Chemical Substances Control Law of Japan),in Vitro,2036,Without S9,Gene Mutation,,,,,,,,,,,,,,,,,,,,,,,,,,,,,,,,,,,,,,,,,,,,,,,,,,,,,,,,,,,,,,,,,,,,,,,,,,,,,,,,,,,,,,,,,,,,,,,,,,,,,,,,,,,,,,,,,,,,,,,,,,,,,,,,,,,,,,,,,,,,,,,,,,,,,,,,,,,,,,,,,,,,,,,,,,,,,,,,,,,,,,,,,,,,,,,,,,,,,,,,,,,,,,,,,,Negative,,Gene mutation I,,,Negative,,Gene mutation I,,
26444-49-5,"Cresyl diphenyl phosphate;Cresyldiphenyl phosphate;Diphenyl cresyl phosphate;diphenyl tolyl phosphate;Methylphenyl diphenyl ester, Phosphoric acid;Phosphoric acid, methylphenyl diphenyl ester",,,,,,,,,,,,,,,,,,,,,,,,,,,,,,,,,,,,,,,,,,,,,,,,,,,,,,,,,,,,,,,,,,,,,,,,,,,,,,,,,,,,,,,,,,,,,,,,,,,,,,,,,,,,,,,,,,,,,,,,,,,,,,,,Human Health Hazards#Genetic Toxicity,Toxicity Japan MHLW,-1 = negative; 1 = positive; Guidelines for Screening Mutagenicity Testing of Chemicals (Chemical Substances Control Law of Japan),Gene mutation,http://dra4.nihs.go.jp/mhlw_data/jsp/SearchPageENG.jsp,False,Categorical data,Equal,,,,,,,,,,,,Salmonella typhimurium,,,,,,,,,,,,,,,,,,,,,,,,Japan Ministry of Health Labour and Welfare,Japan Existing Chemical Data Base,TA 97,Bacterial Reverse Mutation Assay (e.g. Ames Test),Guidelines For Screening Mutagenicity Testing of Chemicals (Chemical Substances Control Law of Japan),in Vitro,2267,Without S9,Gene Mutation,,,,,,,,,,,,,,,,,,,,,,,,,,,,,,,,,,,,,,,,,,,,,,,,,,,,,,,,,,,,,,,,,,,,,,,,,,,,,,,,,,,,,,,,,,,,,,,,,,,,,,,,,,,,,,,,,,,,,,,,,,,,,,,,,,,,,,,,,,,,,,,,,,,,,,,,,,,,,,,,,,,,,,,,,,,,,,,,,,,,,,,,,,,,,,,,,,,,,,,,,,,,,,,,,,Negative,,Gene mutation I,,,Negative,,Gene mutation I,,
26444-49-5,"Cresyl diphenyl phosphate;Cresyldiphenyl phosphate;Diphenyl cresyl phosphate;diphenyl tolyl phosphate;Methylphenyl diphenyl ester, Phosphoric acid;Phosphoric acid, methylphenyl diphenyl ester",,,,,,,,,,,,,,,,,,,,,,,,,,,,,,,,,,,,,,,,,,,,,,,,,,,,,,,,,,,,,,,,,,,,,,,,,,,,,,,,,,,,,,,,,,,,,,,,,,,,,,,,,,,,,,,,,,,,,,,,,,,,,,,,Human Health Hazards#Genetic Toxicity,Toxicity Japan MHLW,"-1 = negative; 1 = positive; Guidelines for Screening Mutagenicity Testing of Chemicals (Chemical Substances Control Law of Japan) ; negative for clastogenicity, negative for polyploidy",Chromosome aberration,http://dra4.nihs.go.jp/mhlw_data/jsp/SearchPageENG.jsp,False,Categorical data,Equal,,,,,,,,,,,,Chinese hamster,,,,,,,,,,,,,,,,,,,,,,,,Japan Ministry of Health Labour and Welfare,,Chinese Hamster Lung Cells,in Vitro Mammalian Chromosome Aberration Test,Guidelines For Screening Mutagenicity Testing of Chemicals (Chemical Substances Control Law of Japan),in Vitro,2622,,Chromosome Aberration,,,,,,,,,,,,,,,,,,,,,,,,,,,,,,,,,,,,,,,,,,,,,,,,,,,,,,,,,,,,,,,,,,,,,,,,,,,,,,,,,,,,,,,,,,,,,,,,,,,,,,,,,,,,,,,,,,,,,,,,,,,,,,,,,,,,,,,,,,,,,,,,,,,,,,,,,,,,,,,,,,,,,,,,,,,,,,,,,,,,,,,,,,,,,,,,,,,,,,,,,,,,,,,,,,Negative,,Chromosome aberration II (Japan MHLW),,,Negative,,Chromosome aberration II (Japan MHLW),,
26444-49-5,"Cresyl diphenyl phosphate;Cresyldiphenyl phosphate;Diphenyl cresyl phosphate;diphenyl tolyl phosphate;Methylphenyl diphenyl ester, Phosphoric acid;Phosphoric acid, methylphenyl diphenyl ester",,,,,,,,,,,,,,,,,,,,,,,,,,,,,,,,,,,,,,,,,,,,,,,,,,,,,,,,,,,,,,,,,,,,,,,,,,,,,,,,,,,,,,,,,,,,,,,,,,,,,,,,,,,,,,,,,,,,,,,,,,,,,,,,Human Health Hazards#Genetic Toxicity,Toxicity Japan MHLW,"-1 = negative; 1 = positive; Guidelines for Screening Mutagenicity Testing of Chemicals (Chemical Substances Control Law of Japan) ; positive for clastogenicity, negative for polyploidy",Chromosome aberration,http://dra4.nihs.go.jp/mhlw_data/jsp/SearchPageENG.jsp,False,Categorical data,Equal,,,,,,,,,,,,Chinese hamster,,,,,,,,,,,,,,,,,,,,,,,,Japan Ministry of Health Labour and Welfare,,Chinese Hamster Lung Cells,in Vitro Mammalian Chromosome Aberration Test,Guidelines For Screening Mutagenicity Testing of Chemicals (Chemical Substances Control Law of Japan),in Vitro,2395,,Chromosome Aberration,,,,,,,,,,,,,,,,,,,,,,,,,,,,,,,,,,,,,,,,,,,,,,,,,,,,,,,,,,,,,,,,,,,,,,,,,,,,,,,,,,,,,,,,,,,,,,,,,,,,,,,,,,,,,,,,,,,,,,,,,,,,,,,,,,,,,,,,,,,,,,,,,,,,,,,,,,,,,,,,,,,,,,,,,,,,,,,,,,,,,,,,,,,,,,,,,,,,,,,,,,,,,,,,,,Positive,,Chromosome aberration II (Japan MHLW),,,Positive,,Chromosome aberration II (Japan MHLW),,
26444-49-5,"Cresyl diphenyl phosphate;Cresyldiphenyl phosphate;Diphenyl cresyl phosphate;diphenyl tolyl phosphate;Methylphenyl diphenyl ester, Phosphoric acid;Phosphoric acid, methylphenyl diphenyl ester",,,,,,,,,,,,,,,,,,,,,,,,,,,,,,,,,,,,,,,,,,,,,,,,,,,,,,,,,,,,,,,,,,,,,,,,,,,,,,,,,,,,,,,,,,,,,,,,,,,,,,,,,,,,,,,,,,,,,,,,,,,,,,,,Human Health Hazards#Genetic Toxicity,Toxicity Japan MHLW,"-1 = negative; 1 = positive; Guidelines for Screening Mutagenicity Testing of Chemicals (Chemical Substances Control Law of Japan) and OECD Test Guideline 483 ; Mice/Crj:BDF1, male and female",Chromosome aberration,http://dra4.nihs.go.jp/mhlw_data/jsp/SearchPageENG.jsp,False,Categorical data,Equal,,,,,,,,,,,,Mouse,males and females,,,,,,,,,,,,,,,,,,,,,,,Japan Ministry of Health Labour and Welfare,Japan Existing Chemical Data Base,Crlj:BDF1,Micronucleus Assay,Guidelines For Screening Mutagenicity Testing of Chemicals (Chemical Substances Control Law of Japan) and OECD Test Guideline 483,in Vivo,2771,,Chromosome Aberration,,,,,,,,,,,,,,,,,,,,,,,,,,,,,,,,,,,,,,,,,,,,,,,,,,,,,,,,,,,,,,,,,,,,,,,,,,,,,,,,,,,,,,,,,,,,,,,,,,,,,,,,,,,,,,,,,,,,,,,,,,,,,,,,,,,,,,,,,,,,,,,,,,,,,,,,,,,,,,,,,,,,,,,,,,,,,,,,,,,,,,,,,,,,,,,,,,,,,,,,,,,,,,,,,,Negative,,Micronucleus I,,,Negative,,Micronucleus I,,



