CAS Number,Chemical name(s),SMILES,Molecular formula,Predefined substance type,Additional Ids,Identity,CAS-SMILES relation,Water Solubility (fragments),Water Solubility,Vapor Pressure (Modified Grain Method),Vapor Pressure (Mackay method),Vapor Pressure (Antoine method),Ultimate biodeg (Biowin 3),Total Kb,Surface Tension,Subcooled liquid Vapor Pressure,STP FM (Total removal),STP FM (Total biodegradation),Similarity,Selected Vapor Pressure,Selected Melting Point,Relative number of N atoms,Ready Biodegradability Prediction,Primary biodeg (Biowin 4),phi (Octanol/air (Koa) model),phi (Mackay model),phi (Junge-Pankow model),OVERALL OZONE rate constant,OVERALL OZONE Half-life,OVERALL OH rate constant,OVERALL OH Half-life,Number of single bonds (with H),Number of single bonds,Number of rings,Number of nitro groups,Number of heavy atoms,Number of double bonds,Number of cyclic bonds,Number of aromatic bonds,Molecular Weight,Melting point (Gold and Ogle method),Melting Point (Adapted Joback Method),Mean Melting Point,log Kow,Log Koa (Henry's law constant model),Log Koa (Air-water partition coefficient model),Lipid Solubility,Kp (Octanol/air (Koa) model),Kp (Mackay method),Koc (MCI),Koc (Log Kow),kM,Kb half-life (pH 8),Kb half-life (pH 7),Ka Half-Life (pH 8),Ka Half-Life (pH 7),Hydrolysis half-life (pH 6.5-7.4),Henrys law Constant (Group Method),Henrys Law Constant (Bond Method),Half-Life (Observed metabolism),Half-Life (Model River),Half-Life (Model Lake),GSH Reactivity,FM reaction water,FM reaction time,FM reaction soil,FM reaction sediment,FM reaction air,FM persistence time,FM percent reacted,FM percent advected,FM mass amount water,FM mass amount soil,FM mass amount sediment,FM mass amount air,FM half-life water,FM half-life soil,FM half-life sediment,FM half-life air,FM fugacity water,FM fugacity soil,FM fugacity sediment,FM fugacity air,FM emissions water,FM emissions soil,FM emissions sedmient,FM emissions air,FM advection water,FM advection time,FM advection soil,FM advection sediment,FM advection air,Exp Water Solubility,Exp Vapor Pressure,Exp Ozone rate constant,Exp OH rate constant,Exp NO3 rate constant,Exp Melting Point,Exp Log P,Exp Henrys Law Constant,Exp Boiling Point,Boiling point,Biotransformation Half-Life,BioHC Half-Life,Biodeg probability (Biowin 7),Biodeg probability (Biowin 6),Biodeg probability (Biowin 5),Biodeg probability (Biowin 2),Biodeg probability (Biowin 1),Bio Half-Life,BCF (upper trophic),"BCF (upper trophic, biotransformation rate is zero)",BCF (mid trophic),BCF (lower trophic),BCF,Basic pKa (OASIS Regression),BAF (upper trophic),"BAF (upper trophic, biotransformation rate is zero)",BAF (mid trophic),BAF (lower trophic),BAF,Amino acids pKa (OASIS Regression),Acidic pKa (OASIS Regression),Acidic pKa (OASIS Electric),Acidic pKa (OASIS Consensus),Acidic pKa (OASIS composite calculator),(Q) Basic pKa (Chemaxon),(Q) Acidic pKa (Chemaxon),EndpointPath,Database,Endpoint,Reference source,Assigned SMILES,Qualifier,Substance/Test material equality,Comments,Experimental condition.Unit,Experimental condition.Scale,Experimental condition.MinValue,Type of method,Test organisms (species),Title,Trend,Author,Effect,Test ID,Result ID,Conc1 type,Media type,Measurement,Test method,Control type,Created date,Reference db,Exposure Type,Modified date,Response site,Test location,Published date,Organism source,Test radiolabel,Publication year,Test formulation,Endpoint assigned,Experimental design,Media type comments,Chem analysis method,Test characteristics,Test method comments,Control type comments,Other effect comments,Organism source comments,Test additional comments,Application freq comments,Kingdom,Subkingdom,Phylum,Subphylum,Class,Subclass,Order,Suborder,Infraorder,Family,Genus,Infrakingdom,Superphylum,Media ph.MeanValue,Media ph.Qualifier,Media ph.Scale,Media ph.MinValue,Media ph.MaxValue,Num doses.MeanValue,Num doses.Scale,Test purity.MeanValue,Test purity.Qualifier,Test purity.Scale,Organism age.MeanValue,Organism age.Qualifier,Organism age.Unit,Organism age.Scale,Organism age.MinValue,Organism age.MaxValue,Concentration.MeanValue,Concentration.Unit,Concentration.Scale,Concentration.MinValue,Concentration.MaxValue,Media hardness.MeanValue,Media hardness.Unit,Media hardness.Scale,Media hardness.MinValue,Media hardness.MaxValue,Study duration.MeanValue,Study duration.Qualifier,Study duration.Unit,Study duration.Scale,Application freq.MeanValue,Application freq.Unit,Application freq.Scale,Application freq.MinValue,Application freq.MaxValue,Dissolved oxygen.MeanValue,Dissolved oxygen.Qualifier,Dissolved oxygen.Unit,Dissolved oxygen.Scale,Dissolved oxygen.MinValue,Dissolved oxygen.MinQualifier,Dissolved oxygen.MaxValue,Dissolved oxygen.MaxQualifier,Exposure duration.MeanValue,Exposure duration.Unit,Exposure duration.Scale,Media temperature.MeanValue,Media temperature.Unit,Media temperature.Scale,Media temperature.MinValue,Media temperature.MaxValue,pH,Year,Record ID,Statistics,Water type,Tissue analyzed,Test specificity,Species common name,Sexual maturation (offspring),Superclass,Superorder,Superfamily,Infraphylum,Temperature.MeanValue,Temperature.Unit,Temperature.Scale,Exposure concentration.MeanValue,Exposure concentration.Unit,Exposure concentration.Scale,Organ,Temperature,Lipid method,"BCFk ww, k1/k2",Reliability score,"BCFk lipid, BCFk ww/lipid%",Lipid.MeanValue,Lipid.Unit,Lipid.Scale,Steady state,Organism characteristics,Organism init wt.MeanValue,Organism init wt.Unit,Organism init wt.Scale,Organism init wt.MinValue,Organism init wt.MaxValue,Metadata,Test guideline,Conc1 comments,Significance code,Significance type,Additional comments,Measurement comments,Sample size.MeanValue,Sample size.Unit,Sample size.Scale,Significance level.MeanValue,Significance level.Qualifier,Significance level.Scale,Organism lifestage,Organism lifestage comments,Test grade,Subfamily,Tribe,Companion tag,Media conductivity.MeanValue,Media conductivity.Unit,Media conductivity.Scale,Media conductivity.MinValue,Media conductivity.MaxValue,Dry wet,Media org matter type,Infraclass,Media org carbon.Unit,Media org carbon.Scale,Media org carbon.MinValue,Media org carbon.MaxValue,Study duration comments,Test type,Media salinity.MeanValue,Media salinity.Unit,Media salinity.Scale,Media alkalinity.Unit,Media alkalinity.Scale,Media alkalinity.MinValue,Media alkalinity.MaxValue,Effect %.MeanValue,Effect %.Qualifier,Effect %.Scale,Effect %.MinValue,Effect %.MaxValue,Lifestage,Data quality,Solubility.MeanValue,Solubility.Unit,Solubility.Scale,Water Hardness.MeanValue,Water Hardness.Scale,Water alkalinity.MeanValue,Water alkalinity.Scale,Endpoint comments,Sample size comments,Division,Subdivision,Exposure duration comments,Old terretox result number,Subgenus,Strain,Metabolic activation,Type of genotoxicity,Source of methabolic system,OVERALL,Substance ID,Study Id,Additional info,Route of administration,Recovery period.MeanValue,Recovery period.Unit,Recovery period.Scale,DOI,URL,Toxicity,Identity in file,Study result type,HTS No,TestSub ID,Database affiliations,Duration.MeanValue,Duration.Qualifier,Duration.Unit,Duration.Scale,Duration.MinValue,Duration.MaxValue,Duration comments,Value.MeanValue,Value.Qualifier,Value.Unit,Value.Scale,Value.MinValue,Value.MaxValue,Original value.MeanValue,Original value.Qualifier,Original value.Unit,Original value.Scale,Original value.MinValue,Original value.MaxValue
26761-40-0,"1,2-Benzenedicarboxylic acid diisodecyl ester;1,2-Benzenedicarboxylic acid, 1,2-diisodecyl ester;1,2-Benzenedicarboxylic acid, diisodecyl ester;1,2-Benzenedicarboxylic_acid_diisodecyl_ester;1,2-benzenedicarboxylic_acid,_diisodecyl_ester;bis(8-methylnonyl) benzene-1,2-dicarboxylate;di-''isodecyl'' phthalate;Di-isodecylphthalate;Diisodecyl phthalate;DIISODECYL_PHTHALATE;diisodecylphthalate",CC(C)CCCCCCCOC(=O)c1ccccc1C(=O)OCCCCCCCC(C)C,C28H46O4,Mono constituent,EC Number:2479771,Sources:23,High,Not calculated,Not calculated,Not calculated,Not calculated,Not calculated,Not calculated,Not calculated,Not calculated,Not calculated,Not calculated,Not calculated,Not calculated,Not calculated,Not calculated,Not calculated,Not calculated,Not calculated,Not calculated,Not calculated,Not calculated,Not calculated,Not calculated,Not calculated,Not calculated,Not calculated,Not calculated,Not calculated,Not calculated,Not calculated,Not calculated,Not calculated,Not calculated,Not calculated,Not calculated,Not calculated,Not calculated,Not calculated,Not calculated,Not calculated,Not calculated,Not calculated,Not calculated,Not calculated,Not calculated,Not calculated,Not calculated,Not calculated,Not calculated,Not calculated,Not calculated,Not calculated,Not calculated,Not calculated,Not calculated,Not calculated,Not calculated,Not calculated,Not calculated,Not calculated,Not calculated,Not calculated,Not calculated,Not calculated,Not calculated,Not calculated,Not calculated,Not calculated,Not calculated,Not calculated,Not calculated,Not calculated,Not calculated,Not calculated,Not calculated,Not calculated,Not calculated,Not calculated,Not calculated,Not calculated,Not calculated,Not calculated,Not calculated,Not calculated,Not calculated,Not calculated,Not calculated,Not calculated,Not calculated,Not calculated,Not calculated,Not calculated,Not calculated,Not calculated,Not calculated,Not calculated,Not calculated,Not calculated,Not calculated,Not calculated,Not calculated,Not calculated,Not calculated,Not calculated,Not calculated,Not calculated,Not calculated,Not calculated,Not calculated,Not calculated,Not calculated,Not calculated,Not calculated,Not calculated,Not calculated,Not calculated,Not calculated,Not calculated,Not calculated,Not calculated,Not calculated,Not calculated,Physical Chemical Properties#Melting / freezing point,Phys-chem EPISUITE,Melting point,SRC,False,No qualifier,Equal,,,,,,,,,,,,,,,,,,,,,,,,,,,,,,,,,,,,,,,,,,,,,,,,,,,,,,,,,,,,,,,,,,,,,,,,,,,,,,,,,,,,,,,,,,,,,,,,,,,,,,,,,,,,,,,,,,,,,,,,,,,,,,,,,,,,,,,,,,,,,,,,,,,,,,,,,,,,,,,,,,,,,,,,,,,,,,,,,,,,,,,,,,,,,,,,,,,,,,,,,,,,,,,,,,,,,,,,,,,,,,,,,,,-45.599998474121094,,°C,Temperature,,,-45.599998474121094,,°C,Temperature,,
26761-40-0,"1,2-Benzenedicarboxylic acid diisodecyl ester;1,2-Benzenedicarboxylic acid, 1,2-diisodecyl ester;1,2-Benzenedicarboxylic acid, diisodecyl ester;1,2-Benzenedicarboxylic_acid_diisodecyl_ester;1,2-benzenedicarboxylic_acid,_diisodecyl_ester;bis(8-methylnonyl) benzene-1,2-dicarboxylate;di-''isodecyl'' phthalate;Di-isodecylphthalate;Diisodecyl phthalate;DIISODECYL_PHTHALATE;diisodecylphthalate",,,,,,,,,,,,,,,,,,,,,,,,,,,,,,,,,,,,,,,,,,,,,,,,,,,,,,,,,,,,,,,,,,,,,,,,,,,,,,,,,,,,,,,,,,,,,,,,,,,,,,,,,,,,,,,,,,,,,,,,,,,,,,,,Physical Chemical Properties#Vapour pressure,Phys-chem EPISUITE,Vapor Pressure,SRC,False,No qualifier,Equal,Experimental data,°C,Temperature,25,,,,,,,,,,,,,,,,,,,,,,,,,,,,,,,,,,,,,,,,,,,,,,,,,,,,,,,,,,,,,,,,,,,,,,,,,,,,,,,,,,,,,,,,,,,,,,,,,,,,,,,,,,,,,,,,,,,,,,,,,,,,,,,,,,,,,,,,,,,,,,,,,,,,,,,,,,,,,,,,,,,,,,,,,,,,,,,,,,,,,,,,,,,,,,,,,,,,,,,,,,,,,,,,,,,,,,,,,,,,,,,5.27999986843497E-07,,mm Hg,Pressure,,,5.27999986843497E-07,,mm Hg,Pressure,,
26761-40-0,"1,2-Benzenedicarboxylic acid diisodecyl ester;1,2-Benzenedicarboxylic acid, 1,2-diisodecyl ester;1,2-Benzenedicarboxylic acid, diisodecyl ester;1,2-Benzenedicarboxylic_acid_diisodecyl_ester;1,2-benzenedicarboxylic_acid,_diisodecyl_ester;bis(8-methylnonyl) benzene-1,2-dicarboxylate;di-''isodecyl'' phthalate;Di-isodecylphthalate;Diisodecyl phthalate;DIISODECYL_PHTHALATE;diisodecylphthalate",,,,,,,,,,,,,,,,,,,,,,,,,,,,,,,,,,,,,,,,,,,,,,,,,,,,,,,,,,,,,,,,,,,,,,,,,,,,,,,,,,,,,,,,,,,,,,,,,,,,,,,,,,,,,,,,,,,,,,,,,,,,,,,,Physical Chemical Properties#Water solubility,Phys-chem EPISUITE,Water solubility,SRC,False,No qualifier,Equal,,°C,Temperature,25,,,,,,,,,,,,,,,,,,,,,,,,,,,,,,,,,,,,,,,,,,,,,,,,,,,,,,,,,,,,,,,,,,,,,,,,,,,,,,,,,,,,,,,,,,,,,,,,,,,,,,,,,,,,,,,,,,,,,,,,,,,,,,,,,,,,,,,,,,,,,,,,,,,,,,,,,,,,,,,,,,,,,,,,,,,,,,,,,,,,,,,,,,,,,,,,,,,,,,,,,,,,,,,,,,,,,,,,,,,,,,,0.2800000011920929,,mg/L,Mass concentration,,,0.2800000011920929,,mg/L,Mass concentration,,
26761-40-0,"1,2-Benzenedicarboxylic acid diisodecyl ester;1,2-Benzenedicarboxylic acid, 1,2-diisodecyl ester;1,2-Benzenedicarboxylic acid, diisodecyl ester;1,2-Benzenedicarboxylic_acid_diisodecyl_ester;1,2-benzenedicarboxylic_acid,_diisodecyl_ester;bis(8-methylnonyl) benzene-1,2-dicarboxylate;di-''isodecyl'' phthalate;Di-isodecylphthalate;Diisodecyl phthalate;DIISODECYL_PHTHALATE;diisodecylphthalate",,,,,,,,,,,,,,,,,,,,,,,,,,,,,,,,,,,,,,,,,,,,,,,,,,,,,,,,,,,,,,,,,,,,,,,,,,,,,,,,,,,,,,,,,,,,,,,,,,,,,,,,,,,,,,,,,,,,,,,,,,,,,,,,Environmental Fate and Transport#Bioaccumulation: aquatic,ECOTOX,BCF,Chemosphere11(4): 417-426,True,No qualifier,Equal,,,,,,Daphnia magna,Phthalates and the Aquatic Environment: Part I The Effect of Di-2-Ethylhexyl Phthalate (DEHP) and Di-Isodecyl Phthalate (DIDP) on the Reproduction of Daphnia magna and Observations on Their Bioconcentration,Increasing,"Brown,D., and R.S. Thompson",Accumulation,2241426,2522773,Active ingredient,Fresh water,Residue,Organization for Economic Cooperation and Development,Multiple types of controls were reported by the author,03/18/2020,A,Renewal,03/23/2020,Whole organism,Lab,06/11/2020,Laboratory,Carbon,1982,Prepared in lab,Publication reported endpoint,"4 CONTROL AND 2 DOSED REPLICATES AND SOLVENT CONTROL, FED DAILY","US EPA, 1975 HARD WATER FORMULATION",Measured,Di-isodecyl phthalate,"202, 1981","CONTR/C,V/","MEAN BCFS REPORTED, SOLUBILITY AND STABILITY STUDIES",CONTINUOUS LAB CULTURE,"SOURCE/CONTINUOUS LAB CULTURE//AP FREQ/M-W-F//CONTR/C,V//TMETH/202, 1981//MEDIA/US EPA, 1975 HARD WATER FORMULATION//",M-W-F,Animalia (animals),Bilateria,Arthropoda (arthropods),Crustacea (crustaceans),Branchiopoda (branchiopods),Phyllopoda,Diplostraca,Cladocera (water fleas),Anomopoda,Daphniidae,Daphnia,Protostomia,Ecdysozoa,,,None,8.35,8.4,6,None,98,,None,24,<,h,Time,,,,mg/L,Mass concentration,0.00789,0.011300000000000001,180,grams per liter Calcium carbonate,Unknown,,,21,,d,Time,3,X times per week,Unknown,,,,,mg/L,Mass concentration,8.4,,8.8,,21,d,Time,20,°C,Temperature,,,,,,,,,,,,,,,,,,,,,,,,,,,,,,,,,,,,,,,,,,,,,,,,,,,,,,,,,,,,,,,,,,,,,,,,,,,,,,,,,,,,,,,,,,,,,,,,,,,,,,,,,,,,,,,,,,,,,,,21,,d,Time,,,,147,,RA,Unknown,,,147,,RA,Unknown,,
26761-40-0,"1,2-Benzenedicarboxylic acid diisodecyl ester;1,2-Benzenedicarboxylic acid, 1,2-diisodecyl ester;1,2-Benzenedicarboxylic acid, diisodecyl ester;1,2-Benzenedicarboxylic_acid_diisodecyl_ester;1,2-benzenedicarboxylic_acid,_diisodecyl_ester;bis(8-methylnonyl) benzene-1,2-dicarboxylate;di-''isodecyl'' phthalate;Di-isodecylphthalate;Diisodecyl phthalate;DIISODECYL_PHTHALATE;diisodecylphthalate",,,,,,,,,,,,,,,,,,,,,,,,,,,,,,,,,,,,,,,,,,,,,,,,,,,,,,,,,,,,,,,,,,,,,,,,,,,,,,,,,,,,,,,,,,,,,,,,,,,,,,,,,,,,,,,,,,,,,,,,,,,,,,,,Environmental Fate and Transport#Bioaccumulation: aquatic,ECOTOX,BCF,Chemosphere11(4): 417-426,True,No qualifier,Equal,,,,,,Daphnia magna,Phthalates and the Aquatic Environment: Part I The Effect of Di-2-Ethylhexyl Phthalate (DEHP) and Di-Isodecyl Phthalate (DIDP) on the Reproduction of Daphnia magna and Observations on Their Bioconcentration,Increasing,"Brown,D., and R.S. Thompson",Accumulation,2241426,2522772,Active ingredient,Fresh water,Residue,Organization for Economic Cooperation and Development,Multiple types of controls were reported by the author,03/18/2020,A,Renewal,03/23/2020,Whole organism,Lab,06/11/2020,Laboratory,Carbon,1982,Prepared in lab,Publication reported endpoint,"4 CONTROL AND 2 DOSED REPLICATES AND SOLVENT CONTROL, FED DAILY","US EPA, 1975 HARD WATER FORMULATION",Measured,Di-isodecyl phthalate,"202, 1981","CONTR/C,V/","MEAN BCFS REPORTED, SOLUBILITY AND STABILITY STUDIES",CONTINUOUS LAB CULTURE,"SOURCE/CONTINUOUS LAB CULTURE//AP FREQ/M-W-F//CONTR/C,V//TMETH/202, 1981//MEDIA/US EPA, 1975 HARD WATER FORMULATION//",M-W-F,Animalia (animals),Bilateria,Arthropoda (arthropods),Crustacea (crustaceans),Branchiopoda (branchiopods),Phyllopoda,Diplostraca,Cladocera (water fleas),Anomopoda,Daphniidae,Daphnia,Protostomia,Ecdysozoa,,,None,8.35,8.4,6,None,98,,None,24,<,h,Time,,,,mg/L,Mass concentration,0.00237,0.00348,180,grams per liter Calcium carbonate,Unknown,,,21,,d,Time,3,X times per week,Unknown,,,,,mg/L,Mass concentration,8.4,,8.8,,21,d,Time,20,°C,Temperature,,,,,,,,,,,,,,,,,,,,,,,,,,,,,,,,,,,,,,,,,,,,,,,,,,,,,,,,,,,,,,,,,,,,,,,,,,,,,,,,,,,,,,,,,,,,,,,,,,,,,,,,,,,,,,,,,,,,,,,21,,d,Time,,,,100,,RA,Unknown,,,100,,RA,Unknown,,
26761-40-0,"1,2-Benzenedicarboxylic acid diisodecyl ester;1,2-Benzenedicarboxylic acid, 1,2-diisodecyl ester;1,2-Benzenedicarboxylic acid, diisodecyl ester;1,2-Benzenedicarboxylic_acid_diisodecyl_ester;1,2-benzenedicarboxylic_acid,_diisodecyl_ester;bis(8-methylnonyl) benzene-1,2-dicarboxylate;di-''isodecyl'' phthalate;Di-isodecylphthalate;Diisodecyl phthalate;DIISODECYL_PHTHALATE;diisodecylphthalate",,,,,,,,,,,,,,,,,,,,,,,,,,,,,,,,,,,,,,,,,,,,,,,,,,,,,,,,,,,,,,,,,,,,,,,,,,,,,,,,,,,,,,,,,,,,,,,,,,,,,,,,,,,,,,,,,,,,,,,,,,,,,,,,Environmental Fate and Transport#Bioaccumulation: aquatic,ECOTOX,BCF,Chemosphere11(4): 417-426,True,No qualifier,Equal,,,,,,Daphnia magna,Phthalates and the Aquatic Environment: Part I The Effect of Di-2-Ethylhexyl Phthalate (DEHP) and Di-Isodecyl Phthalate (DIDP) on the Reproduction of Daphnia magna and Observations on Their Bioconcentration,Increasing,"Brown,D., and R.S. Thompson",Accumulation,2241426,2522775,Active ingredient,Fresh water,Residue,Organization for Economic Cooperation and Development,Multiple types of controls were reported by the author,03/18/2020,A,Renewal,03/23/2020,Whole organism,Lab,06/11/2020,Laboratory,Carbon,1982,Prepared in lab,Publication reported endpoint,"4 CONTROL AND 2 DOSED REPLICATES AND SOLVENT CONTROL, FED DAILY","US EPA, 1975 HARD WATER FORMULATION",Measured,Di-isodecyl phthalate,"202, 1981","CONTR/C,V/","MEAN BCFS REPORTED, SOLUBILITY AND STABILITY STUDIES",CONTINUOUS LAB CULTURE,"SOURCE/CONTINUOUS LAB CULTURE//AP FREQ/M-W-F//CONTR/C,V//TMETH/202, 1981//MEDIA/US EPA, 1975 HARD WATER FORMULATION//",M-W-F,Animalia (animals),Bilateria,Arthropoda (arthropods),Crustacea (crustaceans),Branchiopoda (branchiopods),Phyllopoda,Diplostraca,Cladocera (water fleas),Anomopoda,Daphniidae,Daphnia,Protostomia,Ecdysozoa,,,None,8.35,8.4,6,None,98,,None,24,<,h,Time,,,,mg/L,Mass concentration,0.0857,0.115,180,grams per liter Calcium carbonate,Unknown,,,21,,d,Time,3,X times per week,Unknown,,,,,mg/L,Mass concentration,8.4,,8.8,,21,d,Time,20,°C,Temperature,,,,,,,,,,,,,,,,,,,,,,,,,,,,,,,,,,,,,,,,,,,,,,,,,,,,,,,,,,,,,,,,,,,,,,,,,,,,,,,,,,,,,,,,,,,,,,,,,,,,,,,,,,,,,,,,,,,,,,,21,,d,Time,,,,90,,RA,Unknown,,,90,,RA,Unknown,,
26761-40-0,"1,2-Benzenedicarboxylic acid diisodecyl ester;1,2-Benzenedicarboxylic acid, 1,2-diisodecyl ester;1,2-Benzenedicarboxylic acid, diisodecyl ester;1,2-Benzenedicarboxylic_acid_diisodecyl_ester;1,2-benzenedicarboxylic_acid,_diisodecyl_ester;bis(8-methylnonyl) benzene-1,2-dicarboxylate;di-''isodecyl'' phthalate;Di-isodecylphthalate;Diisodecyl phthalate;DIISODECYL_PHTHALATE;diisodecylphthalate",,,,,,,,,,,,,,,,,,,,,,,,,,,,,,,,,,,,,,,,,,,,,,,,,,,,,,,,,,,,,,,,,,,,,,,,,,,,,,,,,,,,,,,,,,,,,,,,,,,,,,,,,,,,,,,,,,,,,,,,,,,,,,,,Environmental Fate and Transport#Bioaccumulation: aquatic,ECOTOX,BCF,Chemosphere11(4): 417-426,True,No qualifier,Equal,,,,,,Daphnia magna,Phthalates and the Aquatic Environment: Part I The Effect of Di-2-Ethylhexyl Phthalate (DEHP) and Di-Isodecyl Phthalate (DIDP) on the Reproduction of Daphnia magna and Observations on Their Bioconcentration,Increasing,"Brown,D., and R.S. Thompson",Accumulation,2241426,2522774,Active ingredient,Fresh water,Residue,Organization for Economic Cooperation and Development,Multiple types of controls were reported by the author,03/18/2020,A,Renewal,03/23/2020,Whole organism,Lab,06/11/2020,Laboratory,Carbon,1982,Prepared in lab,Publication reported endpoint,"4 CONTROL AND 2 DOSED REPLICATES AND SOLVENT CONTROL, FED DAILY","US EPA, 1975 HARD WATER FORMULATION",Measured,Di-isodecyl phthalate,"202, 1981","CONTR/C,V/","MEAN BCFS REPORTED, SOLUBILITY AND STABILITY STUDIES",CONTINUOUS LAB CULTURE,"SOURCE/CONTINUOUS LAB CULTURE//AP FREQ/M-W-F//CONTR/C,V//TMETH/202, 1981//MEDIA/US EPA, 1975 HARD WATER FORMULATION//",M-W-F,Animalia (animals),Bilateria,Arthropoda (arthropods),Crustacea (crustaceans),Branchiopoda (branchiopods),Phyllopoda,Diplostraca,Cladocera (water fleas),Anomopoda,Daphniidae,Daphnia,Protostomia,Ecdysozoa,,,None,8.35,8.4,6,None,98,,None,24,<,h,Time,,,,mg/L,Mass concentration,0.027,0.0381,180,grams per liter Calcium carbonate,Unknown,,,21,,d,Time,3,X times per week,Unknown,,,,,mg/L,Mass concentration,8.4,,8.8,,21,d,Time,20,°C,Temperature,,,,,,,,,,,,,,,,,,,,,,,,,,,,,,,,,,,,,,,,,,,,,,,,,,,,,,,,,,,,,,,,,,,,,,,,,,,,,,,,,,,,,,,,,,,,,,,,,,,,,,,,,,,,,,,,,,,,,,,21,,d,Time,,,,128,,RA,Unknown,,,128,,RA,Unknown,,
26761-40-0,"1,2-Benzenedicarboxylic acid diisodecyl ester;1,2-Benzenedicarboxylic acid, 1,2-diisodecyl ester;1,2-Benzenedicarboxylic acid, diisodecyl ester;1,2-Benzenedicarboxylic_acid_diisodecyl_ester;1,2-benzenedicarboxylic_acid,_diisodecyl_ester;bis(8-methylnonyl) benzene-1,2-dicarboxylate;di-''isodecyl'' phthalate;Di-isodecylphthalate;Diisodecyl phthalate;DIISODECYL_PHTHALATE;diisodecylphthalate",,,,,,,,,,,,,,,,,,,,,,,,,,,,,,,,,,,,,,,,,,,,,,,,,,,,,,,,,,,,,,,,,,,,,,,,,,,,,,,,,,,,,,,,,,,,,,,,,,,,,,,,,,,,,,,,,,,,,,,,,,,,,,,,Environmental Fate and Transport#Bioaccumulation: aquatic,Bioconcentration and logKow NITE,BCF,http://www.safe.nite.go.jp/japan/db.html,False,<,Equal,,,,,,Cyprinus carpio,,,,,,,,,,,,,,,,,,,,,,,,,,,,,,,,,,Animalia (animals),Bilateria,Chordata (chordates),Vertebrata (vertebrates),Teleostei,,"Cypriniformes (minnows,suckers)",,,"Cyprinidae (carps,minnows,carps and minnows)",Cyprinus (common carps),Deuterostomia,,,,,,,,,,,,,,,,,,,,,,,,,,,,,,,,,,,,,,,,,,,,,,,,,,,,,6.0 - 8.5,1975,78,BCF=Cf/Cw with Cw being the mean measured water concentration up to the time of sampling. The BCF is the maximum value during a test duration.,freshwater,Whole body,wet weight,common carp,Male and Female,"Actinopterygii (ray-finned fishes,spiny rayed fishes)",Ostariophysi,Cyprinoidea,Gnathostomata,25,°C,Temperature,0.1,mg/L,Mass concentration,,,,,,,,,,,,,,,,,,,,,,,,,,,,,,,,,,,,,,,,,,,,,,,,,,,,,,,,,,,,,,,,,,,,,,,,,,,,,,,,,,,,,,,,,,,,,,,,,,56,,d,Time,,,,1.1583624805903747,<,log(L/kg),Specific volume,,,14.399999618530273,<,L/kg,Specific volume,,
26761-40-0,"1,2-Benzenedicarboxylic acid diisodecyl ester;1,2-Benzenedicarboxylic acid, 1,2-diisodecyl ester;1,2-Benzenedicarboxylic acid, diisodecyl ester;1,2-Benzenedicarboxylic_acid_diisodecyl_ester;1,2-benzenedicarboxylic_acid,_diisodecyl_ester;bis(8-methylnonyl) benzene-1,2-dicarboxylate;di-''isodecyl'' phthalate;Di-isodecylphthalate;Diisodecyl phthalate;DIISODECYL_PHTHALATE;diisodecylphthalate",,,,,,,,,,,,,,,,,,,,,,,,,,,,,,,,,,,,,,,,,,,,,,,,,,,,,,,,,,,,,,,,,,,,,,,,,,,,,,,,,,,,,,,,,,,,,,,,,,,,,,,,,,,,,,,,,,,,,,,,,,,,,,,,Environmental Fate and Transport#Bioaccumulation: aquatic,Bioconcentration and logKow NITE,BCF,http://www.safe.nite.go.jp/japan/db.html,False,<,Equal,,,,,,Cyprinus carpio,,,,,,,,,,,,,,,,,,,,,,,,,,,,,,,,,,Animalia (animals),Bilateria,Chordata (chordates),Vertebrata (vertebrates),Teleostei,,"Cypriniformes (minnows,suckers)",,,"Cyprinidae (carps,minnows,carps and minnows)",Cyprinus (common carps),Deuterostomia,,,,,,,,,,,,,,,,,,,,,,,,,,,,,,,,,,,,,,,,,,,,,,,,,,,,,6.0 - 8.5,1975,77,BCF=Cf/Cw with Cw being the mean measured water concentration up to the time of sampling. The BCF is the maximum value during a test duration.,freshwater,Whole body,wet weight,common carp,Male and Female,"Actinopterygii (ray-finned fishes,spiny rayed fishes)",Ostariophysi,Cyprinoidea,Gnathostomata,25,°C,Temperature,1,mg/L,Mass concentration,,,,,,,,,,,,,,,,,,,,,,,,,,,,,,,,,,,,,,,,,,,,,,,,,,,,,,,,,,,,,,,,,,,,,,,,,,,,,,,,,,,,,,,,,,,,,,,,,,56,,d,Time,,,,0.5563024892624123,<,log(L/kg),Specific volume,,,3.5999999046325684,<,L/kg,Specific volume,,
26761-40-0,"1,2-Benzenedicarboxylic acid diisodecyl ester;1,2-Benzenedicarboxylic acid, 1,2-diisodecyl ester;1,2-Benzenedicarboxylic acid, diisodecyl ester;1,2-Benzenedicarboxylic_acid_diisodecyl_ester;1,2-benzenedicarboxylic_acid,_diisodecyl_ester;bis(8-methylnonyl) benzene-1,2-dicarboxylate;di-''isodecyl'' phthalate;Di-isodecylphthalate;Diisodecyl phthalate;DIISODECYL_PHTHALATE;diisodecylphthalate",,,,,,,,,,,,,,,,,,,,,,,,,,,,,,,,,,,,,,,,,,,,,,,,,,,,,,,,,,,,,,,,,,,,,,,,,,,,,,,,,,,,,,,,,,,,,,,,,,,,,,,,,,,,,,,,,,,,,,,,,,,,,,,,Environmental Fate and Transport#Bioaccumulation: aquatic,Bioaccumulation fish CEFIC LRI,BCF,Chemicals inspection and testing institute,False,No qualifier,Equal,,,,,,Cyprinus carpio,,,,,,,,,,,,,,,,,,,,,,,,,,,,,,,,,,Animalia (animals),Bilateria,Chordata (chordates),Vertebrata (vertebrates),Teleostei,,"Cypriniformes (minnows,suckers)",,,"Cyprinidae (carps,minnows,carps and minnows)",Cyprinus (common carps),Deuterostomia,,,,,,,,,,,,,,,,,,,,,,,,,,,,,,,,,,,,,,,,,,,,,,,,,,,,,6.0 - 8.5,1992,,BCF=Cf/Cw with Cw being the mean measured water concentration up to the time of sampling,freshwater,,wet weight,Common carp,Male and Female,"Actinopterygii (ray-finned fishes,spiny rayed fishes)",Ostariophysi,Cyprinoidea,Gnathostomata,,,,,,,Whole body,25 °C,Not reported,Not reported,MITI,Not reported,5.1,%,Ratio,,,,,,,,,,,,,,,,,,,,,,,,,,,,,,,,,,,,,,,,,,,,,,,,,,,,,,,,,,,,,,,,,,,,,,,,,,,,,,,,,,,,,,,,,,,d,Time,56,,,0.5563024892624123,,log(L/kg),Specific volume,,,3.5999999046325684,,L/kg,Specific volume,,
26761-40-0,"1,2-Benzenedicarboxylic acid diisodecyl ester;1,2-Benzenedicarboxylic acid, 1,2-diisodecyl ester;1,2-Benzenedicarboxylic acid, diisodecyl ester;1,2-Benzenedicarboxylic_acid_diisodecyl_ester;1,2-benzenedicarboxylic_acid,_diisodecyl_ester;bis(8-methylnonyl) benzene-1,2-dicarboxylate;di-''isodecyl'' phthalate;Di-isodecylphthalate;Diisodecyl phthalate;DIISODECYL_PHTHALATE;diisodecylphthalate",,,,,,,,,,,,,,,,,,,,,,,,,,,,,,,,,,,,,,,,,,,,,,,,,,,,,,,,,,,,,,,,,,,,,,,,,,,,,,,,,,,,,,,,,,,,,,,,,,,,,,,,,,,,,,,,,,,,,,,,,,,,,,,,Environmental Fate and Transport#Bioaccumulation: aquatic,Bioaccumulation fish CEFIC LRI,BCF,Chemicals inspection and testing institute,False,No qualifier,Equal,,,,,,Cyprinus carpio,,,,,,,,,,,,,,,,,,,,,,,,,,,,,,,,,,Animalia (animals),Bilateria,Chordata (chordates),Vertebrata (vertebrates),Teleostei,,"Cypriniformes (minnows,suckers)",,,"Cyprinidae (carps,minnows,carps and minnows)",Cyprinus (common carps),Deuterostomia,,,,,,,,,,,,,,,,,,,,,,,,,,,,,,,,,,,,,,,,,,,,,,,,,,,,,6.0 - 8.5,1992,,BCF=Cf/Cw with Cw being the mean measured water concentration up to the time of sampling,freshwater,,wet weight,Common carp,Male and Female,"Actinopterygii (ray-finned fishes,spiny rayed fishes)",Ostariophysi,Cyprinoidea,Gnathostomata,,,,,,,Whole body,25 °C,Not reported,Not reported,MITI,Not reported,5.1,%,Ratio,,,,,,,,,,,,,,,,,,,,,,,,,,,,,,,,,,,,,,,,,,,,,,,,,,,,,,,,,,,,,,,,,,,,,,,,,,,,,,,,,,,,,,,,,,,d,Time,56,,,1.1583624805903747,,log(L/kg),Specific volume,,,14.399999618530273,,L/kg,Specific volume,,
26761-40-0,"1,2-Benzenedicarboxylic acid diisodecyl ester;1,2-Benzenedicarboxylic acid, 1,2-diisodecyl ester;1,2-Benzenedicarboxylic acid, diisodecyl ester;1,2-Benzenedicarboxylic_acid_diisodecyl_ester;1,2-benzenedicarboxylic_acid,_diisodecyl_ester;bis(8-methylnonyl) benzene-1,2-dicarboxylate;di-''isodecyl'' phthalate;Di-isodecylphthalate;Diisodecyl phthalate;DIISODECYL_PHTHALATE;diisodecylphthalate",,,,,,,,,,,,,,,,,,,,,,,,,,,,,,,,,,,,,,,,,,,,,,,,,,,,,,,,,,,,,,,,,,,,,,,,,,,,,,,,,,,,,,,,,,,,,,,,,,,,,,,,,,,,,,,,,,,,,,,,,,,,,,,,Environmental Fate and Transport#Bioaccumulation: aquatic,ECOTOX,BCF,Chemosphere11(4): 427-435,True,No qualifier,Equal,,,,,,Mytilus edulis,Phthalates and the Aquatic Environment: Part II. The Bioconcentration and Depuration of Di-2-Ethyl-Hexyl Phthalate (DEHP) and Di-Isodecyl Phthalate (DIDP) in Mussels (Mytilus edulis),Increasing,"Brown,D., and R.S. Thompson",Accumulation,2233276,2496078,Active ingredient,Salt water,Residue,,Carrier or solvent,11/17/2019,A,Aquatic - not reported,11/17/2019,Whole organism,Lab,12/12/2019,Wild,Carbon,1982,,Publication reported endpoint,NO REPLICATES,FILTERED SEAWATER,Measured,"Di-isodecyl phthalate, RADIOLABEL PREPARED IN LAB",,,"RECOVERY, TOXICITY SYMPTOMS",COLLECTED LOCALLY,SOURCE/COLLECTED LOCALLY//MEDIA/FILTERED SEAWATER//,,Animalia (animals),Bilateria,"Mollusca (molluscs,mollusks)",,"Bivalvia (bivalves,clams)",Pteriomorphia,Mytiloida,,,Mytilidae,Mytilus,Protostomia,Lophozoa,,,,,,3,None,97.5,>,None,,,,,,,0.0044,mg/L,Mass concentration,0.0040999999999999995,0.0045000000000000005,,,,,,42,,d,Time,,,,,,,,,,,,,,28,d,Time,15,°C,Temperature,,,,,,,,,,,,,,,,,,,,,,,,,,,,,,,Y,22.6 (20-28) MM,472,mg,Mass,274,772,,,,,,,,,,,,,,,,,,,,,,,,,,,,,,,,,,,,,,,,,,,,,,,,,,,,,,,,,,,,,,,,,,,,,,,,,,,,,,,,,,28,,d,Time,,,,3977,,RA,Unknown,,,3977,,RA,Unknown,,
26761-40-0,"1,2-Benzenedicarboxylic acid diisodecyl ester;1,2-Benzenedicarboxylic acid, 1,2-diisodecyl ester;1,2-Benzenedicarboxylic acid, diisodecyl ester;1,2-Benzenedicarboxylic_acid_diisodecyl_ester;1,2-benzenedicarboxylic_acid,_diisodecyl_ester;bis(8-methylnonyl) benzene-1,2-dicarboxylate;di-''isodecyl'' phthalate;Di-isodecylphthalate;Diisodecyl phthalate;DIISODECYL_PHTHALATE;diisodecylphthalate",,,,,,,,,,,,,,,,,,,,,,,,,,,,,,,,,,,,,,,,,,,,,,,,,,,,,,,,,,,,,,,,,,,,,,,,,,,,,,,,,,,,,,,,,,,,,,,,,,,,,,,,,,,,,,,,,,,,,,,,,,,,,,,,Environmental Fate and Transport#Bioaccumulation: aquatic,ECOTOX,BCF,Chemosphere11(4): 427-435,True,No qualifier,Equal,,,,,,Mytilus edulis,Phthalates and the Aquatic Environment: Part II. The Bioconcentration and Depuration of Di-2-Ethyl-Hexyl Phthalate (DEHP) and Di-Isodecyl Phthalate (DIDP) in Mussels (Mytilus edulis),Increasing,"Brown,D., and R.S. Thompson",Accumulation,2233276,2496079,Active ingredient,Salt water,Residue,,Carrier or solvent,11/17/2019,A,Aquatic - not reported,11/17/2019,Whole organism,Lab,12/12/2019,Wild,Carbon,1982,,Publication reported endpoint,NO REPLICATES,FILTERED SEAWATER,Measured,"Di-isodecyl phthalate, RADIOLABEL PREPARED IN LAB",,,"RECOVERY, TOXICITY SYMPTOMS",COLLECTED LOCALLY,SOURCE/COLLECTED LOCALLY//MEDIA/FILTERED SEAWATER//,,Animalia (animals),Bilateria,"Mollusca (molluscs,mollusks)",,"Bivalvia (bivalves,clams)",Pteriomorphia,Mytiloida,,,Mytilidae,Mytilus,Protostomia,Lophozoa,,,,,,3,None,97.5,>,None,,,,,,,0.0417,mg/L,Mass concentration,0.0376,0.044700000000000004,,,,,,42,,d,Time,,,,,,,,,,,,,,28,d,Time,15,°C,Temperature,,,,,,,,,,,,,,,,,,,,,,,,,,,,,,,Y,22.6 (20-28) MM,472,mg,Mass,274,772,,,,,,,,,,,,,,,,,,,,,,,,,,,,,,,,,,,,,,,,,,,,,,,,,,,,,,,,,,,,,,,,,,,,,,,,,,,,,,,,,,28,,d,Time,,,,3998,,RA,Unknown,,,3998,,RA,Unknown,,
26761-40-0,"1,2-Benzenedicarboxylic acid diisodecyl ester;1,2-Benzenedicarboxylic acid, 1,2-diisodecyl ester;1,2-Benzenedicarboxylic acid, diisodecyl ester;1,2-Benzenedicarboxylic_acid_diisodecyl_ester;1,2-benzenedicarboxylic_acid,_diisodecyl_ester;bis(8-methylnonyl) benzene-1,2-dicarboxylate;di-''isodecyl'' phthalate;Di-isodecylphthalate;Diisodecyl phthalate;DIISODECYL_PHTHALATE;diisodecylphthalate",,,,,,,,,,,,,,,,,,,,,,,,,,,,,,,,,,,,,,,,,,,,,,,,,,,,,,,,,,,,,,,,,,,,,,,,,,,,,,,,,,,,,,,,,,,,,,,,,,,,,,,,,,,,,,,,,,,,,,,,,,,,,,,,Environmental Fate and Transport#Bioaccumulation: aquatic,Phys-chem EPISUITE,BCF,SRC,False,No qualifier,Equal,"Bioconcentration factor in fish , NonIonic Training Set",,,,,,,,,,,,,,,,,,,,,,,,,,,,,,,,,,,,,,,,,,,,,,,,,,,,,,,,,,,,,,,,,,,,,,,,,,,,,,,,,,,,,,,,,,,,,,,,,,,,,,,,,,,,,wet weight,,,,,,,,,,,,,,,,,,,,,,,,,,,,,,,,,,,,,,,,,,,,,,,,,,,,,,,,,,,,,,,,,,,,,,,,,,,,,,,,,,,,,,,,,,,,,,,,,,,,,,,,,,,,,,,,,,,,,1.159999966621399,,log(L/kg),Specific volume,,,1.159999966621399,,log(L/kg),Specific volume,,
26761-40-0,"1,2-Benzenedicarboxylic acid diisodecyl ester;1,2-Benzenedicarboxylic acid, 1,2-diisodecyl ester;1,2-Benzenedicarboxylic acid, diisodecyl ester;1,2-Benzenedicarboxylic_acid_diisodecyl_ester;1,2-benzenedicarboxylic_acid,_diisodecyl_ester;bis(8-methylnonyl) benzene-1,2-dicarboxylate;di-''isodecyl'' phthalate;Di-isodecylphthalate;Diisodecyl phthalate;DIISODECYL_PHTHALATE;diisodecylphthalate",,,,,,,,,,,,,,,,,,,,,,,,,,,,,,,,,,,,,,,,,,,,,,,,,,,,,,,,,,,,,,,,,,,,,,,,,,,,,,,,,,,,,,,,,,,,,,,,,,,,,,,,,,,,,,,,,,,,,,,,,,,,,,,,Environmental Fate and Transport#Biodegradation#Biodegradation in Water: Screening Tests#Ready Biodegradability,Biodegradation NITE,BOD,http://www.safe.nite.go.jp/japan/db.html,False,No qualifier,Equal,,,,,,Microorganisms,,,,,,,,,,,,,,,,,,,,,,,,,,,,,,,,,,,,,,,,,,,,,,,,,,,,,,,,,,,,,,,,,,,,,,,,,,,,,,,,,,,,,,,,,,,,,,,,,,,1975,39,,,,,,,,,,,,,,,,,,,,,,,,,,,,,,,,,Biodegradation Data of Existing Chemicals Based on the CSCL Japan,OECD 301C,,,,,,,,,,,,,,,,,,,,,,,,,,,,,,,,,,,,,,,,,,,,,,,,,,,,,,,,,,,,,,,,,,,,,,,,,,,,,,,,14,,d,Time,,,,2,,%,Biodegradability (%),,,2,,%,Biodegradability (%),,
26761-40-0,"1,2-Benzenedicarboxylic acid diisodecyl ester;1,2-Benzenedicarboxylic acid, 1,2-diisodecyl ester;1,2-Benzenedicarboxylic acid, diisodecyl ester;1,2-Benzenedicarboxylic_acid_diisodecyl_ester;1,2-benzenedicarboxylic_acid,_diisodecyl_ester;bis(8-methylnonyl) benzene-1,2-dicarboxylate;di-''isodecyl'' phthalate;Di-isodecylphthalate;Diisodecyl phthalate;DIISODECYL_PHTHALATE;diisodecylphthalate",,,,,,,,,,,,,,,,,,,,,,,,,,,,,,,,,,,,,,,,,,,,,,,,,,,,,,,,,,,,,,,,,,,,,,,,,,,,,,,,,,,,,,,,,,,,,,,,,,,,,,,,,,,,,,,,,,,,,,,,,,,,,,,,Environmental Fate and Transport#Transport and Distribution Between Environmental Compartments#Henry's Law constant (H),Phys-chem EPISUITE,Henry's Law constant,SRC,False,No qualifier,Equal,Extrapolated Experimental dataerimental data,°C,Temperature,25,,,,,,,,,,,,,,,,,,,,,,,,,,,,,,,,,,,,,,,,,,,,,,,,,,,,,,,,,,,,,,,,,,,,,,,,,,,,,,,,,,,,,,,,,,,,,,,,,,,,,,,,,,,,,,,,,,,,,,,,,,,,,,,,,,,,,,,,,,,,,,,,,,,,,,,,,,,,,,,,,,,,,,,,,,,,,,,,,,,,,,,,,,,,,,,,,,,,,,,,,,,,,,,,,,,,,,,,,,,,,,,1.1099999710495467E-06,,atm-m3/mole,Pressure per mole,,,1.1099999710495467E-06,,atm-m3/mole,Pressure per mole,,
26761-40-0,"1,2-Benzenedicarboxylic acid diisodecyl ester;1,2-Benzenedicarboxylic acid, 1,2-diisodecyl ester;1,2-Benzenedicarboxylic acid, diisodecyl ester;1,2-Benzenedicarboxylic_acid_diisodecyl_ester;1,2-benzenedicarboxylic_acid,_diisodecyl_ester;bis(8-methylnonyl) benzene-1,2-dicarboxylate;di-''isodecyl'' phthalate;Di-isodecylphthalate;Diisodecyl phthalate;DIISODECYL_PHTHALATE;diisodecylphthalate",,,,,,,,,,,,,,,,,,,,,,,,,,,,,,,,,,,,,,,,,,,,,,,,,,,,,,,,,,,,,,,,,,,,,,,,,,,,,,,,,,,,,,,,,,,,,,,,,,,,,,,,,,,,,,,,,,,,,,,,,,,,,,,,Ecotoxicological Information#Aquatic Toxicity,ECOTOX,NOEC,Environ. Toxicol.30(10): 1125-1134,True,No qualifier,Equal,,,,,,Carassius auratus,A Comparative Study on Antioxidant Status Combined with Integrated Biomarker Response in Carassius auratus Fish Exposed to Nine Phthalates,Decreasing,"Qu,R., M. Feng, P. Sun, and Z. Wang",Biochemistry,2224146,2468834,Formulation,Fresh water,Malondialdehyde,,Carrier or solvent,07/25/2019,A,Intraperitoneal,07/25/2019,Liver,Lab,09/12/2019,Laboratory,,2014,,Reviewer assigned endpoint,,DECHLORINATED AND AERATED WATER,Unmeasured,Diisodecyl phthalate,,,INTEGRATED BIOMARKER RESPONSE,LOCAL AQUATIC BREEDER,SOURCE/LOCAL AQUATIC BREEDER//MEDIA/DECHLORINATED AND AERATED WATER//,,Animalia (animals),Bilateria,Chordata (chordates),Vertebrata (vertebrates),Teleostei,,"Cypriniformes (minnows,suckers)",,,"Cyprinidae (carps,minnows,carps and minnows)",Carassius (Crucian carps),Deuterostomia,,,,,,,2,None,,,,,,,,,,,,,,,,,,,,15,,d,Time,1,Dosed x time(s) per study period,Unknown,,,,,,,,,,,15,d,Time,,°C,Temperature,20,22,,,,,,,,,,"Actinopterygii (ray-finned fishes,spiny rayed fishes)",Ostariophysi,Cyprinoidea,Gnathostomata,,,,,,,,,,,,,,,,,,25.78,g,Mass,,,,,ONLY CONC TESTED,Not significant at all concentrations,P,CONC1/ONLY CONC TESTED//,bdwt,5,Organism,Unknown,0.05,<,None,,,,,,,,,,,,,,,,,,,,,,,,,,,,,,,,,,,,,,,,,,,,,,,,,,,,,,,,,,,,,,,,,,,,,15,,d,Time,,,,10,,mg/kg,Mass fraction,,,10,,mg/kg,Mass fraction,,
26761-40-0,"1,2-Benzenedicarboxylic acid diisodecyl ester;1,2-Benzenedicarboxylic acid, 1,2-diisodecyl ester;1,2-Benzenedicarboxylic acid, diisodecyl ester;1,2-Benzenedicarboxylic_acid_diisodecyl_ester;1,2-benzenedicarboxylic_acid,_diisodecyl_ester;bis(8-methylnonyl) benzene-1,2-dicarboxylate;di-''isodecyl'' phthalate;Di-isodecylphthalate;Diisodecyl phthalate;DIISODECYL_PHTHALATE;diisodecylphthalate",,,,,,,,,,,,,,,,,,,,,,,,,,,,,,,,,,,,,,,,,,,,,,,,,,,,,,,,,,,,,,,,,,,,,,,,,,,,,,,,,,,,,,,,,,,,,,,,,,,,,,,,,,,,,,,,,,,,,,,,,,,,,,,,Ecotoxicological Information#Aquatic Toxicity,ECOTOX,NOEC,Environ. Toxicol.30(10): 1125-1134,True,No qualifier,Equal,,,,,,Carassius auratus,A Comparative Study on Antioxidant Status Combined with Integrated Biomarker Response in Carassius auratus Fish Exposed to Nine Phthalates,Increasing,"Qu,R., M. Feng, P. Sun, and Z. Wang",Biochemistry,2224146,2468837,Formulation,Fresh water,Malondialdehyde,,Carrier or solvent,07/25/2019,A,Intraperitoneal,07/25/2019,Liver,Lab,09/12/2019,Laboratory,,2014,,Reviewer assigned endpoint,,DECHLORINATED AND AERATED WATER,Unmeasured,Diisodecyl phthalate,,,INTEGRATED BIOMARKER RESPONSE,LOCAL AQUATIC BREEDER,SOURCE/LOCAL AQUATIC BREEDER//MEDIA/DECHLORINATED AND AERATED WATER//,,Animalia (animals),Bilateria,Chordata (chordates),Vertebrata (vertebrates),Teleostei,,"Cypriniformes (minnows,suckers)",,,"Cyprinidae (carps,minnows,carps and minnows)",Carassius (Crucian carps),Deuterostomia,,,,,,,2,None,,,,,,,,,,,,,,,,,,,,15,,d,Time,1,Dosed x time(s) per study period,Unknown,,,,,,,,,,,15,d,Time,,°C,Temperature,20,22,,,,,,,,,,"Actinopterygii (ray-finned fishes,spiny rayed fishes)",Ostariophysi,Cyprinoidea,Gnathostomata,,,,,,,,,,,,,,,,,,25.78,g,Mass,,,,,ONLY CONC TESTED,Not significant at all concentrations,P,CONC1/ONLY CONC TESTED//,bdwt,5,Organism,Unknown,0.05,<,None,,,,,,,,,,,,,,,,,,,,,,,,,,,,,,,,,,,,,,,,,,,,,,,,,,,,,,,,,,,,,,,,,,,,,1,,d,Time,,,,10,,mg/kg,Mass fraction,,,10,,mg/kg,Mass fraction,,
26761-40-0,"1,2-Benzenedicarboxylic acid diisodecyl ester;1,2-Benzenedicarboxylic acid, 1,2-diisodecyl ester;1,2-Benzenedicarboxylic acid, diisodecyl ester;1,2-Benzenedicarboxylic_acid_diisodecyl_ester;1,2-benzenedicarboxylic_acid,_diisodecyl_ester;bis(8-methylnonyl) benzene-1,2-dicarboxylate;di-''isodecyl'' phthalate;Di-isodecylphthalate;Diisodecyl phthalate;DIISODECYL_PHTHALATE;diisodecylphthalate",,,,,,,,,,,,,,,,,,,,,,,,,,,,,,,,,,,,,,,,,,,,,,,,,,,,,,,,,,,,,,,,,,,,,,,,,,,,,,,,,,,,,,,,,,,,,,,,,,,,,,,,,,,,,,,,,,,,,,,,,,,,,,,,Ecotoxicological Information#Aquatic Toxicity,ECOTOX,NOEC,Environ. Toxicol.30(10): 1125-1134,True,No qualifier,Equal,,,,,,Carassius auratus,A Comparative Study on Antioxidant Status Combined with Integrated Biomarker Response in Carassius auratus Fish Exposed to Nine Phthalates,Increasing,"Qu,R., M. Feng, P. Sun, and Z. Wang",Biochemistry,2224146,2468835,Formulation,Fresh water,Malondialdehyde,,Carrier or solvent,07/25/2019,A,Intraperitoneal,07/25/2019,Liver,Lab,09/12/2019,Laboratory,,2014,,Reviewer assigned endpoint,,DECHLORINATED AND AERATED WATER,Unmeasured,Diisodecyl phthalate,,,INTEGRATED BIOMARKER RESPONSE,LOCAL AQUATIC BREEDER,SOURCE/LOCAL AQUATIC BREEDER//MEDIA/DECHLORINATED AND AERATED WATER//,,Animalia (animals),Bilateria,Chordata (chordates),Vertebrata (vertebrates),Teleostei,,"Cypriniformes (minnows,suckers)",,,"Cyprinidae (carps,minnows,carps and minnows)",Carassius (Crucian carps),Deuterostomia,,,,,,,2,None,,,,,,,,,,,,,,,,,,,,15,,d,Time,1,Dosed x time(s) per study period,Unknown,,,,,,,,,,,15,d,Time,,°C,Temperature,20,22,,,,,,,,,,"Actinopterygii (ray-finned fishes,spiny rayed fishes)",Ostariophysi,Cyprinoidea,Gnathostomata,,,,,,,,,,,,,,,,,,25.78,g,Mass,,,,,ONLY CONC TESTED,Not significant at all concentrations,P,CONC1/ONLY CONC TESTED//,bdwt,5,Organism,Unknown,0.05,<,None,,,,,,,,,,,,,,,,,,,,,,,,,,,,,,,,,,,,,,,,,,,,,,,,,,,,,,,,,,,,,,,,,,,,,8,,d,Time,,,,10,,mg/kg,Mass fraction,,,10,,mg/kg,Mass fraction,,
26761-40-0,"1,2-Benzenedicarboxylic acid diisodecyl ester;1,2-Benzenedicarboxylic acid, 1,2-diisodecyl ester;1,2-Benzenedicarboxylic acid, diisodecyl ester;1,2-Benzenedicarboxylic_acid_diisodecyl_ester;1,2-benzenedicarboxylic_acid,_diisodecyl_ester;bis(8-methylnonyl) benzene-1,2-dicarboxylate;di-''isodecyl'' phthalate;Di-isodecylphthalate;Diisodecyl phthalate;DIISODECYL_PHTHALATE;diisodecylphthalate",,,,,,,,,,,,,,,,,,,,,,,,,,,,,,,,,,,,,,,,,,,,,,,,,,,,,,,,,,,,,,,,,,,,,,,,,,,,,,,,,,,,,,,,,,,,,,,,,,,,,,,,,,,,,,,,,,,,,,,,,,,,,,,,Ecotoxicological Information#Aquatic Toxicity,ECOTOX,NOEC,Environ. Toxicol.30(10): 1125-1134,True,No qualifier,Equal,,,,,,Carassius auratus,A Comparative Study on Antioxidant Status Combined with Integrated Biomarker Response in Carassius auratus Fish Exposed to Nine Phthalates,Increasing,"Qu,R., M. Feng, P. Sun, and Z. Wang",Biochemistry,2224146,2468836,Formulation,Fresh water,Malondialdehyde,,Carrier or solvent,07/25/2019,A,Intraperitoneal,07/25/2019,Liver,Lab,09/12/2019,Laboratory,,2014,,Reviewer assigned endpoint,,DECHLORINATED AND AERATED WATER,Unmeasured,Diisodecyl phthalate,,,INTEGRATED BIOMARKER RESPONSE,LOCAL AQUATIC BREEDER,SOURCE/LOCAL AQUATIC BREEDER//MEDIA/DECHLORINATED AND AERATED WATER//,,Animalia (animals),Bilateria,Chordata (chordates),Vertebrata (vertebrates),Teleostei,,"Cypriniformes (minnows,suckers)",,,"Cyprinidae (carps,minnows,carps and minnows)",Carassius (Crucian carps),Deuterostomia,,,,,,,2,None,,,,,,,,,,,,,,,,,,,,15,,d,Time,1,Dosed x time(s) per study period,Unknown,,,,,,,,,,,15,d,Time,,°C,Temperature,20,22,,,,,,,,,,"Actinopterygii (ray-finned fishes,spiny rayed fishes)",Ostariophysi,Cyprinoidea,Gnathostomata,,,,,,,,,,,,,,,,,,25.78,g,Mass,,,,,ONLY CONC TESTED,Not significant at all concentrations,P,CONC1/ONLY CONC TESTED//,bdwt,5,Organism,Unknown,0.05,<,None,,,,,,,,,,,,,,,,,,,,,,,,,,,,,,,,,,,,,,,,,,,,,,,,,,,,,,,,,,,,,,,,,,,,,4,,d,Time,,,,10,,mg/kg,Mass fraction,,,10,,mg/kg,Mass fraction,,
26761-40-0,"1,2-Benzenedicarboxylic acid diisodecyl ester;1,2-Benzenedicarboxylic acid, 1,2-diisodecyl ester;1,2-Benzenedicarboxylic acid, diisodecyl ester;1,2-Benzenedicarboxylic_acid_diisodecyl_ester;1,2-benzenedicarboxylic_acid,_diisodecyl_ester;bis(8-methylnonyl) benzene-1,2-dicarboxylate;di-''isodecyl'' phthalate;Di-isodecylphthalate;Diisodecyl phthalate;DIISODECYL_PHTHALATE;diisodecylphthalate",,,,,,,,,,,,,,,,,,,,,,,,,,,,,,,,,,,,,,,,,,,,,,,,,,,,,,,,,,,,,,,,,,,,,,,,,,,,,,,,,,,,,,,,,,,,,,,,,,,,,,,,,,,,,,,,,,,,,,,,,,,,,,,,Ecotoxicological Information#Aquatic Toxicity,ECOTOX,,Aquat. Toxicol.209:81-90,True,Data in range,Equal,,,,,,Sparus aurata,Changes in Expression of MicroRNA Potentially Targeting Key Regulators of Lipid Metabolism in Primary Gilthead Sea Bream Hepatocytes Exposed to Phthalates or Flame Retardants,Increasing,"Cocci,P., G. Mosconi, and F.A. Palermo",Biochemistry,2233741,2497865,Formulation,Culture,Triglycerides,Other Method,Carrier or solvent,11/20/2019,A,In Vitro,11/22/2019,Liver,Lab,12/12/2019,Laboratory,,2019,,,3 REPLICATES,L15 LEIBOVITZ PHENOL RED FREE MEDIUM SUPPLEMENTED WITH 10 PERCENT FETAL BOVINE SERUM,Unmeasured,DIDP,"COCCI ET AL 2015, PALERMO ET AL 2016",,,,"ORG LIFESTAGE/HEPATOCYTES//TMETH/COCCI ET AL 2015, PALERMO ET AL 2016//MEDIA/L15 LEIBOVITZ PHENOL RED FREE MEDIUM SUPPLEMENTED WITH 10 PERCENT FETAL BOVINE SERUM//",,Animalia (animals),Bilateria,Chordata (chordates),Vertebrata (vertebrates),Teleostei,,Perciformes (perch-like fishes),Percoidei,,Sparidae (porgies),Sparus,Deuterostomia,,,,,,,4,None,,,,,,,,,,,,,,,,,,,,48,,h,Time,,,,,,,,,,,,,,48,h,Time,,,,,,,,,,,,,,,"Actinopterygii (ray-finned fishes,spiny rayed fishes)",Acanthopterygii,,Gnathostomata,,,,,,,,,,,,,,,,,CELLS FROM JUVENILE FISH,,,,,,,,,Multiple significance,P,,,,,,0.05,<,None,Not intact,HEPATOCYTES,,,,,,,,,,,,,,,,,,,,,,,,,,,,,,,,,,,,,,,,,,,,,,,,,,,,,,,,,,,,,,,,,,,48,,h,Time,,,,,,mg/L,Mass concentration,0.04466452466555325,4.466452399999997,,,µM,Molar concentration,0.10000000149011612,10
26761-40-0,"1,2-Benzenedicarboxylic acid diisodecyl ester;1,2-Benzenedicarboxylic acid, 1,2-diisodecyl ester;1,2-Benzenedicarboxylic acid, diisodecyl ester;1,2-Benzenedicarboxylic_acid_diisodecyl_ester;1,2-benzenedicarboxylic_acid,_diisodecyl_ester;bis(8-methylnonyl) benzene-1,2-dicarboxylate;di-''isodecyl'' phthalate;Di-isodecylphthalate;Diisodecyl phthalate;DIISODECYL_PHTHALATE;diisodecylphthalate",,,,,,,,,,,,,,,,,,,,,,,,,,,,,,,,,,,,,,,,,,,,,,,,,,,,,,,,,,,,,,,,,,,,,,,,,,,,,,,,,,,,,,,,,,,,,,,,,,,,,,,,,,,,,,,,,,,,,,,,,,,,,,,,Ecotoxicological Information#Aquatic Toxicity,ECOTOX,,Aquat. Toxicol.209:81-90,True,Data in range,Equal,,,,,,Sparus aurata,Changes in Expression of MicroRNA Potentially Targeting Key Regulators of Lipid Metabolism in Primary Gilthead Sea Bream Hepatocytes Exposed to Phthalates or Flame Retardants,Change,"Cocci,P., G. Mosconi, and F.A. Palermo",Biochemistry,2233741,2497864,Formulation,Culture,Cholesterol,Other Method,Carrier or solvent,11/20/2019,A,In Vitro,11/22/2019,Liver,Lab,12/12/2019,Laboratory,,2019,,,3 REPLICATES,L15 LEIBOVITZ PHENOL RED FREE MEDIUM SUPPLEMENTED WITH 10 PERCENT FETAL BOVINE SERUM,Unmeasured,DIDP,"COCCI ET AL 2015, PALERMO ET AL 2016",,,,"ORG LIFESTAGE/HEPATOCYTES//TMETH/COCCI ET AL 2015, PALERMO ET AL 2016//MEDIA/L15 LEIBOVITZ PHENOL RED FREE MEDIUM SUPPLEMENTED WITH 10 PERCENT FETAL BOVINE SERUM//",,Animalia (animals),Bilateria,Chordata (chordates),Vertebrata (vertebrates),Teleostei,,Perciformes (perch-like fishes),Percoidei,,Sparidae (porgies),Sparus,Deuterostomia,,,,,,,4,None,,,,,,,,,,,,,,,,,,,,48,,h,Time,,,,,,,,,,,,,,48,h,Time,,,,,,,,,,,,,,,"Actinopterygii (ray-finned fishes,spiny rayed fishes)",Acanthopterygii,,Gnathostomata,,,,,,,,,,,,,,,,,CELLS FROM JUVENILE FISH,,,,,,,,,Multiple significance,P,,,,,,0.05,<,None,Not intact,HEPATOCYTES,,,,,,,,,,,,,,,,,,,,,,,,,,,,,,,,,,,,,,,,,,,,,,,,,,,,,,,,,,,,,,,,,,,48,,h,Time,,,,,,mg/L,Mass concentration,0.04466452466555325,4.466452399999997,,,µM,Molar concentration,0.10000000149011612,10
26761-40-0,"1,2-Benzenedicarboxylic acid diisodecyl ester;1,2-Benzenedicarboxylic acid, 1,2-diisodecyl ester;1,2-Benzenedicarboxylic acid, diisodecyl ester;1,2-Benzenedicarboxylic_acid_diisodecyl_ester;1,2-benzenedicarboxylic_acid,_diisodecyl_ester;bis(8-methylnonyl) benzene-1,2-dicarboxylate;di-''isodecyl'' phthalate;Di-isodecylphthalate;Diisodecyl phthalate;DIISODECYL_PHTHALATE;diisodecylphthalate",,,,,,,,,,,,,,,,,,,,,,,,,,,,,,,,,,,,,,,,,,,,,,,,,,,,,,,,,,,,,,,,,,,,,,,,,,,,,,,,,,,,,,,,,,,,,,,,,,,,,,,,,,,,,,,,,,,,,,,,,,,,,,,,Ecotoxicological Information#Aquatic Toxicity,ECOTOX,IC50,Toxin Rev.37(1): 75-81,True,No qualifier,Equal,,,,,,Unio pictorum,Unio sp. Primary Cell Culture Potential in Ecotoxicology Research,Decreasing,"Yurdakok-Dikmen,B., P. Arslan, O. Kuzukiran, A. Filazi, and F. Erkoc",Cell(s),2233441,2496740,Active ingredient,Culture,Cell Viability,,Multiple types of controls were reported by the author,11/18/2019,A,In Vitro,11/22/2019,Gonad(s),Lab,12/12/2019,Wild,,2018,,Publication reported endpoint,"2 REPLICATES, REPEATED FOUR TIMES, DOSES FROM 6.25-0.35 PPT, GONAD",MODIFIED LEIBOVITZ-15 MEDIUM,Unmeasured,Diisodecyl phthalate,,"CONTR/O,V//O CONTAINED TRITON",,"BALIK LAKE, TURKEY","SOURCE/BALIK LAKE, TURKEY//ORG LIFESTAGE/MANTLE,GILL,DIGESTIVE GLAND, GONAD//CONTR/O,V,O CONTAINED TRITON//MEDIA/MODIFIED LEIBOVITZ-15 MEDIUM//",,Animalia (animals),Bilateria,"Mollusca (molluscs,mollusks)",,"Bivalvia (bivalves,clams)",Palaeoheterodonta,Unionoida,,,Unionidae,Unio,Protostomia,Lophozoa,,,,,,,,99,≥,None,,,,,,,,,,,,,,,,,24,,h,Time,,,,,,,,,,,,,,24,h,Time,21,°C,Temperature,,,,,,,,,,,,,,Unionoidea,,,,,,,,,,,,,,,,,,,,,,,,,,,,,,MITOCHONDRIAL,,,,,,,Not intact,"MANTLE,GILL,DIGESTIVE GLAND, GONAD",Standard,Unioninae,Unionini,,,,,,,,,,,,,,,,,,,,,,,,,,,,,,,,,,,,,,,,,,,,,,,,,,,,,,,,,,,,,,,,24,,h,Time,,,,20.469999313354492,,ppt,Ratio,,,20.469999313354492,,ppt,Ratio,,
26761-40-0,"1,2-Benzenedicarboxylic acid diisodecyl ester;1,2-Benzenedicarboxylic acid, 1,2-diisodecyl ester;1,2-Benzenedicarboxylic acid, diisodecyl ester;1,2-Benzenedicarboxylic_acid_diisodecyl_ester;1,2-benzenedicarboxylic_acid,_diisodecyl_ester;bis(8-methylnonyl) benzene-1,2-dicarboxylate;di-''isodecyl'' phthalate;Di-isodecylphthalate;Diisodecyl phthalate;DIISODECYL_PHTHALATE;diisodecylphthalate",,,,,,,,,,,,,,,,,,,,,,,,,,,,,,,,,,,,,,,,,,,,,,,,,,,,,,,,,,,,,,,,,,,,,,,,,,,,,,,,,,,,,,,,,,,,,,,,,,,,,,,,,,,,,,,,,,,,,,,,,,,,,,,,Ecotoxicological Information#Aquatic Toxicity,ECOTOX,IC50,Toxin Rev.37(1): 75-81,True,No qualifier,Equal,,,,,,Unio pictorum,Unio sp. Primary Cell Culture Potential in Ecotoxicology Research,Decreasing,"Yurdakok-Dikmen,B., P. Arslan, O. Kuzukiran, A. Filazi, and F. Erkoc",Cell(s),2233428,2496706,Active ingredient,Culture,Cell Viability,,Multiple types of controls were reported by the author,11/18/2019,A,In Vitro,11/22/2019,Gill(s),Lab,12/12/2019,Wild,,2018,,Publication reported endpoint,"2 REPLICATES, REPEATED FOUR TIMES, DOSES FROM 6.25-0.35 PPT, GILL",MODIFIED LEIBOVITZ-15 MEDIUM,Unmeasured,Diisodecyl phthalate,,"CONTR/O,V//O CONTAINED TRITON",,"BALIK LAKE, TURKEY","SOURCE/BALIK LAKE, TURKEY//ORG LIFESTAGE/MANTLE,GILL,DIGESTIVE GLAND, GONAD//CONTR/O,V,O CONTAINED TRITON//MEDIA/MODIFIED LEIBOVITZ-15 MEDIUM//",,Animalia (animals),Bilateria,"Mollusca (molluscs,mollusks)",,"Bivalvia (bivalves,clams)",Palaeoheterodonta,Unionoida,,,Unionidae,Unio,Protostomia,Lophozoa,,,,,,,,99,≥,None,,,,,,,,,,,,,,,,,24,,h,Time,,,,,,,,,,,,,,24,h,Time,21,°C,Temperature,,,,,,,,,,,,,,Unionoidea,,,,,,,,,,,,,,,,,,,,,,,,,,,,,,MITOCHONDRIAL,,,,,,,Not intact,"MANTLE,GILL,DIGESTIVE GLAND, GONAD",Standard,Unioninae,Unionini,,,,,,,,,,,,,,,,,,,,,,,,,,,,,,,,,,,,,,,,,,,,,,,,,,,,,,,,,,,,,,,,24,,h,Time,,,,0.10999999940395355,,ppt,Ratio,,,0.10999999940395355,,ppt,Ratio,,
26761-40-0,"1,2-Benzenedicarboxylic acid diisodecyl ester;1,2-Benzenedicarboxylic acid, 1,2-diisodecyl ester;1,2-Benzenedicarboxylic acid, diisodecyl ester;1,2-Benzenedicarboxylic_acid_diisodecyl_ester;1,2-benzenedicarboxylic_acid,_diisodecyl_ester;bis(8-methylnonyl) benzene-1,2-dicarboxylate;di-''isodecyl'' phthalate;Di-isodecylphthalate;Diisodecyl phthalate;DIISODECYL_PHTHALATE;diisodecylphthalate",,,,,,,,,,,,,,,,,,,,,,,,,,,,,,,,,,,,,,,,,,,,,,,,,,,,,,,,,,,,,,,,,,,,,,,,,,,,,,,,,,,,,,,,,,,,,,,,,,,,,,,,,,,,,,,,,,,,,,,,,,,,,,,,Ecotoxicological Information#Aquatic Toxicity,ECOTOX,IC50,Toxin Rev.37(1): 75-81,True,No qualifier,Equal,,,,,,Unio pictorum,Unio sp. Primary Cell Culture Potential in Ecotoxicology Research,Decreasing,"Yurdakok-Dikmen,B., P. Arslan, O. Kuzukiran, A. Filazi, and F. Erkoc",Cell(s),2233434,2496719,Active ingredient,Culture,Cell Viability,,Multiple types of controls were reported by the author,11/18/2019,A,In Vitro,11/22/2019,Digestive gland,Lab,12/12/2019,Wild,,2018,,Publication reported endpoint,"2 REPLICATES, REPEATED FOUR TIMES, DOSES FROM 6.25-0.35 PPT, DIGESTIVE GLAND",MODIFIED LEIBOVITZ-15 MEDIUM,Unmeasured,Diisodecyl phthalate,,"CONTR/O,V//O CONTAINED TRITON",,"BALIK LAKE, TURKEY","SOURCE/BALIK LAKE, TURKEY//ORG LIFESTAGE/MANTLE,GILL,DIGESTIVE GLAND, GONAD//CONTR/O,V,O CONTAINED TRITON//MEDIA/MODIFIED LEIBOVITZ-15 MEDIUM//",,Animalia (animals),Bilateria,"Mollusca (molluscs,mollusks)",,"Bivalvia (bivalves,clams)",Palaeoheterodonta,Unionoida,,,Unionidae,Unio,Protostomia,Lophozoa,,,,,,,,99,≥,None,,,,,,,,,,,,,,,,,24,,h,Time,,,,,,,,,,,,,,24,h,Time,21,°C,Temperature,,,,,,,,,,,,,,Unionoidea,,,,,,,,,,,,,,,,,,,,,,,,,,,,,,LYSOSOMAL,,,,,,,Not intact,"MANTLE,GILL,DIGESTIVE GLAND, GONAD",Standard,Unioninae,Unionini,,,,,,,,,,,,,,,,,,,,,,,,,,,,,,,,,,,,,,,,,,,,,,,,,,,,,,,,,,,,,,,,24,,h,Time,,,,306.2200012207031,,ppt,Ratio,,,306.2200012207031,,ppt,Ratio,,
26761-40-0,"1,2-Benzenedicarboxylic acid diisodecyl ester;1,2-Benzenedicarboxylic acid, 1,2-diisodecyl ester;1,2-Benzenedicarboxylic acid, diisodecyl ester;1,2-Benzenedicarboxylic_acid_diisodecyl_ester;1,2-benzenedicarboxylic_acid,_diisodecyl_ester;bis(8-methylnonyl) benzene-1,2-dicarboxylate;di-''isodecyl'' phthalate;Di-isodecylphthalate;Diisodecyl phthalate;DIISODECYL_PHTHALATE;diisodecylphthalate",,,,,,,,,,,,,,,,,,,,,,,,,,,,,,,,,,,,,,,,,,,,,,,,,,,,,,,,,,,,,,,,,,,,,,,,,,,,,,,,,,,,,,,,,,,,,,,,,,,,,,,,,,,,,,,,,,,,,,,,,,,,,,,,Ecotoxicological Information#Aquatic Toxicity,ECOTOX,IC50,Toxin Rev.37(1): 75-81,True,No qualifier,Equal,,,,,,Unio pictorum,Unio sp. Primary Cell Culture Potential in Ecotoxicology Research,Decreasing,"Yurdakok-Dikmen,B., P. Arslan, O. Kuzukiran, A. Filazi, and F. Erkoc",Cell(s),2233423,2496687,Active ingredient,Culture,Cell Viability,,Multiple types of controls were reported by the author,11/18/2019,A,In Vitro,11/22/2019,Mantle,Lab,12/12/2019,Wild,,2018,,Publication reported endpoint,"2 REPLICATES, REPEATED FOUR TIMES, DOSES FROM 6.25-0.35 PPT, MANTLE",MODIFIED LEIBOVITZ-15 MEDIUM,Unmeasured,Diisodecyl phthalate,,"CONTR/O,V//O CONTAINED TRITON",,"BALIK LAKE, TURKEY","SOURCE/BALIK LAKE, TURKEY//ORG LIFESTAGE/MANTLE,GILL,DIGESTIVE GLAND, GONAD//CONTR/O,V,O CONTAINED TRITON//MEDIA/MODIFIED LEIBOVITZ-15 MEDIUM//",,Animalia (animals),Bilateria,"Mollusca (molluscs,mollusks)",,"Bivalvia (bivalves,clams)",Palaeoheterodonta,Unionoida,,,Unionidae,Unio,Protostomia,Lophozoa,,,,,,,,99,≥,None,,,,,,,,,,,,,,,,,24,,h,Time,,,,,,,,,,,,,,24,h,Time,21,°C,Temperature,,,,,,,,,,,,,,Unionoidea,,,,,,,,,,,,,,,,,,,,,,,,,,,,,,LYSOSOMAL,,,,,,,Not intact,"MANTLE,GILL,DIGESTIVE GLAND, GONAD",Standard,Unioninae,Unionini,,,,,,,,,,,,,,,,,,,,,,,,,,,,,,,,,,,,,,,,,,,,,,,,,,,,,,,,,,,,,,,,24,,h,Time,,,,0.6000000238418579,,ppt,Ratio,,,0.6000000238418579,,ppt,Ratio,,
26761-40-0,"1,2-Benzenedicarboxylic acid diisodecyl ester;1,2-Benzenedicarboxylic acid, 1,2-diisodecyl ester;1,2-Benzenedicarboxylic acid, diisodecyl ester;1,2-Benzenedicarboxylic_acid_diisodecyl_ester;1,2-benzenedicarboxylic_acid,_diisodecyl_ester;bis(8-methylnonyl) benzene-1,2-dicarboxylate;di-''isodecyl'' phthalate;Di-isodecylphthalate;Diisodecyl phthalate;DIISODECYL_PHTHALATE;diisodecylphthalate",,,,,,,,,,,,,,,,,,,,,,,,,,,,,,,,,,,,,,,,,,,,,,,,,,,,,,,,,,,,,,,,,,,,,,,,,,,,,,,,,,,,,,,,,,,,,,,,,,,,,,,,,,,,,,,,,,,,,,,,,,,,,,,,Ecotoxicological Information#Aquatic Toxicity,ECOTOX,IC50,Toxin Rev.37(1): 75-81,True,No qualifier,Equal,,,,,,Unio pictorum,Unio sp. Primary Cell Culture Potential in Ecotoxicology Research,Decreasing,"Yurdakok-Dikmen,B., P. Arslan, O. Kuzukiran, A. Filazi, and F. Erkoc",Cell(s),2233441,2496739,Active ingredient,Culture,Cell Viability,,Multiple types of controls were reported by the author,11/18/2019,A,In Vitro,11/22/2019,Gonad(s),Lab,12/12/2019,Wild,,2018,,Publication reported endpoint,"2 REPLICATES, REPEATED FOUR TIMES, DOSES FROM 6.25-0.35 PPT, GONAD",MODIFIED LEIBOVITZ-15 MEDIUM,Unmeasured,Diisodecyl phthalate,,"CONTR/O,V//O CONTAINED TRITON",,"BALIK LAKE, TURKEY","SOURCE/BALIK LAKE, TURKEY//ORG LIFESTAGE/MANTLE,GILL,DIGESTIVE GLAND, GONAD//CONTR/O,V,O CONTAINED TRITON//MEDIA/MODIFIED LEIBOVITZ-15 MEDIUM//",,Animalia (animals),Bilateria,"Mollusca (molluscs,mollusks)",,"Bivalvia (bivalves,clams)",Palaeoheterodonta,Unionoida,,,Unionidae,Unio,Protostomia,Lophozoa,,,,,,,,99,≥,None,,,,,,,,,,,,,,,,,24,,h,Time,,,,,,,,,,,,,,24,h,Time,21,°C,Temperature,,,,,,,,,,,,,,Unionoidea,,,,,,,,,,,,,,,,,,,,,,,,,,,,,,LYSOSOMAL,,,,,,,Not intact,"MANTLE,GILL,DIGESTIVE GLAND, GONAD",Standard,Unioninae,Unionini,,,,,,,,,,,,,,,,,,,,,,,,,,,,,,,,,,,,,,,,,,,,,,,,,,,,,,,,,,,,,,,,24,,h,Time,,,,70.0999984741211,,ppt,Ratio,,,70.0999984741211,,ppt,Ratio,,
26761-40-0,"1,2-Benzenedicarboxylic acid diisodecyl ester;1,2-Benzenedicarboxylic acid, 1,2-diisodecyl ester;1,2-Benzenedicarboxylic acid, diisodecyl ester;1,2-Benzenedicarboxylic_acid_diisodecyl_ester;1,2-benzenedicarboxylic_acid,_diisodecyl_ester;bis(8-methylnonyl) benzene-1,2-dicarboxylate;di-''isodecyl'' phthalate;Di-isodecylphthalate;Diisodecyl phthalate;DIISODECYL_PHTHALATE;diisodecylphthalate",,,,,,,,,,,,,,,,,,,,,,,,,,,,,,,,,,,,,,,,,,,,,,,,,,,,,,,,,,,,,,,,,,,,,,,,,,,,,,,,,,,,,,,,,,,,,,,,,,,,,,,,,,,,,,,,,,,,,,,,,,,,,,,,Ecotoxicological Information#Aquatic Toxicity,ECOTOX,IC50,Toxin Rev.37(1): 75-81,True,No qualifier,Equal,,,,,,Unio pictorum,Unio sp. Primary Cell Culture Potential in Ecotoxicology Research,Decreasing,"Yurdakok-Dikmen,B., P. Arslan, O. Kuzukiran, A. Filazi, and F. Erkoc",Cell(s),2233434,2496720,Active ingredient,Culture,Cell Viability,,Multiple types of controls were reported by the author,11/18/2019,A,In Vitro,11/22/2019,Digestive gland,Lab,12/12/2019,Wild,,2018,,Publication reported endpoint,"2 REPLICATES, REPEATED FOUR TIMES, DOSES FROM 6.25-0.35 PPT, DIGESTIVE GLAND",MODIFIED LEIBOVITZ-15 MEDIUM,Unmeasured,Diisodecyl phthalate,,"CONTR/O,V//O CONTAINED TRITON",,"BALIK LAKE, TURKEY","SOURCE/BALIK LAKE, TURKEY//ORG LIFESTAGE/MANTLE,GILL,DIGESTIVE GLAND, GONAD//CONTR/O,V,O CONTAINED TRITON//MEDIA/MODIFIED LEIBOVITZ-15 MEDIUM//",,Animalia (animals),Bilateria,"Mollusca (molluscs,mollusks)",,"Bivalvia (bivalves,clams)",Palaeoheterodonta,Unionoida,,,Unionidae,Unio,Protostomia,Lophozoa,,,,,,,,99,≥,None,,,,,,,,,,,,,,,,,24,,h,Time,,,,,,,,,,,,,,24,h,Time,21,°C,Temperature,,,,,,,,,,,,,,Unionoidea,,,,,,,,,,,,,,,,,,,,,,,,,,,,,,MITOCHONDRIAL,,,,,,,Not intact,"MANTLE,GILL,DIGESTIVE GLAND, GONAD",Standard,Unioninae,Unionini,,,,,,,,,,,,,,,,,,,,,,,,,,,,,,,,,,,,,,,,,,,,,,,,,,,,,,,,,,,,,,,,24,,h,Time,,,,1.8200000524520874,,ppt,Ratio,,,1.8200000524520874,,ppt,Ratio,,
26761-40-0,"1,2-Benzenedicarboxylic acid diisodecyl ester;1,2-Benzenedicarboxylic acid, 1,2-diisodecyl ester;1,2-Benzenedicarboxylic acid, diisodecyl ester;1,2-Benzenedicarboxylic_acid_diisodecyl_ester;1,2-benzenedicarboxylic_acid,_diisodecyl_ester;bis(8-methylnonyl) benzene-1,2-dicarboxylate;di-''isodecyl'' phthalate;Di-isodecylphthalate;Diisodecyl phthalate;DIISODECYL_PHTHALATE;diisodecylphthalate",,,,,,,,,,,,,,,,,,,,,,,,,,,,,,,,,,,,,,,,,,,,,,,,,,,,,,,,,,,,,,,,,,,,,,,,,,,,,,,,,,,,,,,,,,,,,,,,,,,,,,,,,,,,,,,,,,,,,,,,,,,,,,,,Ecotoxicological Information#Aquatic Toxicity,ECOTOX,IC50,Toxin Rev.37(1): 75-81,True,No qualifier,Equal,,,,,,Unio pictorum,Unio sp. Primary Cell Culture Potential in Ecotoxicology Research,Decreasing,"Yurdakok-Dikmen,B., P. Arslan, O. Kuzukiran, A. Filazi, and F. Erkoc",Cell(s),2233428,2496705,Active ingredient,Culture,Cell Viability,,Multiple types of controls were reported by the author,11/18/2019,A,In Vitro,11/22/2019,Gill(s),Lab,12/12/2019,Wild,,2018,,Publication reported endpoint,"2 REPLICATES, REPEATED FOUR TIMES, DOSES FROM 6.25-0.35 PPT, GILL",MODIFIED LEIBOVITZ-15 MEDIUM,Unmeasured,Diisodecyl phthalate,,"CONTR/O,V//O CONTAINED TRITON",,"BALIK LAKE, TURKEY","SOURCE/BALIK LAKE, TURKEY//ORG LIFESTAGE/MANTLE,GILL,DIGESTIVE GLAND, GONAD//CONTR/O,V,O CONTAINED TRITON//MEDIA/MODIFIED LEIBOVITZ-15 MEDIUM//",,Animalia (animals),Bilateria,"Mollusca (molluscs,mollusks)",,"Bivalvia (bivalves,clams)",Palaeoheterodonta,Unionoida,,,Unionidae,Unio,Protostomia,Lophozoa,,,,,,,,99,≥,None,,,,,,,,,,,,,,,,,24,,h,Time,,,,,,,,,,,,,,24,h,Time,21,°C,Temperature,,,,,,,,,,,,,,Unionoidea,,,,,,,,,,,,,,,,,,,,,,,,,,,,,,LYSOSOMAL,,,,,,,Not intact,"MANTLE,GILL,DIGESTIVE GLAND, GONAD",Standard,Unioninae,Unionini,,,,,,,,,,,,,,,,,,,,,,,,,,,,,,,,,,,,,,,,,,,,,,,,,,,,,,,,,,,,,,,,24,,h,Time,,,,2.059999942779541,,ppt,Ratio,,,2.059999942779541,,ppt,Ratio,,
26761-40-0,"1,2-Benzenedicarboxylic acid diisodecyl ester;1,2-Benzenedicarboxylic acid, 1,2-diisodecyl ester;1,2-Benzenedicarboxylic acid, diisodecyl ester;1,2-Benzenedicarboxylic_acid_diisodecyl_ester;1,2-benzenedicarboxylic_acid,_diisodecyl_ester;bis(8-methylnonyl) benzene-1,2-dicarboxylate;di-''isodecyl'' phthalate;Di-isodecylphthalate;Diisodecyl phthalate;DIISODECYL_PHTHALATE;diisodecylphthalate",,,,,,,,,,,,,,,,,,,,,,,,,,,,,,,,,,,,,,,,,,,,,,,,,,,,,,,,,,,,,,,,,,,,,,,,,,,,,,,,,,,,,,,,,,,,,,,,,,,,,,,,,,,,,,,,,,,,,,,,,,,,,,,,Ecotoxicological Information#Aquatic Toxicity,ECOTOX,IC50,Toxin Rev.37(1): 75-81,True,No qualifier,Equal,,,,,,Unio pictorum,Unio sp. Primary Cell Culture Potential in Ecotoxicology Research,Decreasing,"Yurdakok-Dikmen,B., P. Arslan, O. Kuzukiran, A. Filazi, and F. Erkoc",Cell(s),2233423,2496688,Active ingredient,Culture,Cell Viability,,Multiple types of controls were reported by the author,11/18/2019,A,In Vitro,11/22/2019,Mantle,Lab,12/12/2019,Wild,,2018,,Publication reported endpoint,"2 REPLICATES, REPEATED FOUR TIMES, DOSES FROM 6.25-0.35 PPT, MANTLE",MODIFIED LEIBOVITZ-15 MEDIUM,Unmeasured,Diisodecyl phthalate,,"CONTR/O,V//O CONTAINED TRITON",,"BALIK LAKE, TURKEY","SOURCE/BALIK LAKE, TURKEY//ORG LIFESTAGE/MANTLE,GILL,DIGESTIVE GLAND, GONAD//CONTR/O,V,O CONTAINED TRITON//MEDIA/MODIFIED LEIBOVITZ-15 MEDIUM//",,Animalia (animals),Bilateria,"Mollusca (molluscs,mollusks)",,"Bivalvia (bivalves,clams)",Palaeoheterodonta,Unionoida,,,Unionidae,Unio,Protostomia,Lophozoa,,,,,,,,99,≥,None,,,,,,,,,,,,,,,,,24,,h,Time,,,,,,,,,,,,,,24,h,Time,21,°C,Temperature,,,,,,,,,,,,,,Unionoidea,,,,,,,,,,,,,,,,,,,,,,,,,,,,,,MITOCHONDRIAL,,,,,,,Not intact,"MANTLE,GILL,DIGESTIVE GLAND, GONAD",Standard,Unioninae,Unionini,,,,,,,,,,,,,,,,,,,,,,,,,,,,,,,,,,,,,,,,,,,,,,,,,,,,,,,,,,,,,,,,24,,h,Time,,,,49.040000915527344,,ppt,Ratio,,,49.040000915527344,,ppt,Ratio,,
26761-40-0,"1,2-Benzenedicarboxylic acid diisodecyl ester;1,2-Benzenedicarboxylic acid, 1,2-diisodecyl ester;1,2-Benzenedicarboxylic acid, diisodecyl ester;1,2-Benzenedicarboxylic_acid_diisodecyl_ester;1,2-benzenedicarboxylic_acid,_diisodecyl_ester;bis(8-methylnonyl) benzene-1,2-dicarboxylate;di-''isodecyl'' phthalate;Di-isodecylphthalate;Diisodecyl phthalate;DIISODECYL_PHTHALATE;diisodecylphthalate",,,,,,,,,,,,,,,,,,,,,,,,,,,,,,,,,,,,,,,,,,,,,,,,,,,,,,,,,,,,,,,,,,,,,,,,,,,,,,,,,,,,,,,,,,,,,,,,,,,,,,,,,,,,,,,,,,,,,,,,,,,,,,,,Ecotoxicological Information#Aquatic Toxicity,ECOTOX,LOEC,Environ. Res.158:616-624,True,No qualifier,Equal,,,,,,Caretta caretta,Effects of Endocrine Disrupting Chemicals on Estrogen Receptor Alpha and Heat Shock Protein 60 Gene Expression in Primary Cultures of Loggerhead Sea Turtle (Caretta caretta) Erythrocytes,Decreasing,"Cocci,P., M. Capriotti, G. Mosconi, and F.A. Palermo",Cell(s),2233370,2496539,Active ingredient,Culture,Cell Viability,,Carrier or solvent,11/18/2019,A,In Vitro,11/18/2019,Erythrocyte,Lab,12/12/2019,Wild,,2017,,Reviewer assigned endpoint,3 REPLICATES,LEIBOVITZ L-15 PHENOL RED-FREE MEDIUM,Unmeasured,Diisodecyl phthalate,,,,WESTERN COASTS OF CENTRAL ADRIATIC SEA,SOURCE/WESTERN COASTS OF CENTRAL ADRIATIC SEA//ORG LIFESTAGE/ERYTHROCYTES//MEDIA/LEIBOVITZ L-15 PHENOL RED-FREE MEDIUM//,,Animalia (animals),Bilateria,Chordata (chordates),Vertebrata (vertebrates),Reptilia (Reptiles),,"Testudines (Turtles,Terrapins,Tortoises)",Cryptodira,,"Cheloniidae (marine turtles,modern sea turtles,Sea Turtles)",Caretta (Loggerhead Sea Turtles),Deuterostomia,,,,,,,5,None,96,≥,None,,,,,,,,,,,,,,,,,48,,h,Time,24,Every x hours,Unknown,,,,,,,,,,,48,h,Time,23,°C,Temperature,,,,,,,,,,,,Tetrapoda,,Chelonioidea,Gnathostomata,,,,,,,,,,,,,,,,,IMMATURE WILD TURTLES,,,,,,,,,Significant,P,,,,,,0.05,<,None,Not intact,ERYTHROCYTES,,Carettinae,,85799,,,,,,,,,,,,,,,,,,,,,,,,,,,,,,,,,,,,,,,,,,,,,,,,,,,,,,,,,,,,,,,24,,h,Time,,,,44.66452399999997,,mg/L,Mass concentration,,,100,,µM,Molar concentration,,
26761-40-0,"1,2-Benzenedicarboxylic acid diisodecyl ester;1,2-Benzenedicarboxylic acid, 1,2-diisodecyl ester;1,2-Benzenedicarboxylic acid, diisodecyl ester;1,2-Benzenedicarboxylic_acid_diisodecyl_ester;1,2-benzenedicarboxylic_acid,_diisodecyl_ester;bis(8-methylnonyl) benzene-1,2-dicarboxylate;di-''isodecyl'' phthalate;Di-isodecylphthalate;Diisodecyl phthalate;DIISODECYL_PHTHALATE;diisodecylphthalate",,,,,,,,,,,,,,,,,,,,,,,,,,,,,,,,,,,,,,,,,,,,,,,,,,,,,,,,,,,,,,,,,,,,,,,,,,,,,,,,,,,,,,,,,,,,,,,,,,,,,,,,,,,,,,,,,,,,,,,,,,,,,,,,Ecotoxicological Information#Aquatic Toxicity,ECOTOX,LOEC,Environ. Res.158:616-624,True,No qualifier,Equal,,,,,,Caretta caretta,Effects of Endocrine Disrupting Chemicals on Estrogen Receptor Alpha and Heat Shock Protein 60 Gene Expression in Primary Cultures of Loggerhead Sea Turtle (Caretta caretta) Erythrocytes,Decreasing,"Cocci,P., M. Capriotti, G. Mosconi, and F.A. Palermo",Cell(s),2233370,2496541,Active ingredient,Culture,Cell Viability,,Carrier or solvent,11/18/2019,A,In Vitro,11/18/2019,Erythrocyte,Lab,12/12/2019,Wild,,2017,,Reviewer assigned endpoint,3 REPLICATES,LEIBOVITZ L-15 PHENOL RED-FREE MEDIUM,Unmeasured,Diisodecyl phthalate,,,,WESTERN COASTS OF CENTRAL ADRIATIC SEA,SOURCE/WESTERN COASTS OF CENTRAL ADRIATIC SEA//ORG LIFESTAGE/ERYTHROCYTES//MEDIA/LEIBOVITZ L-15 PHENOL RED-FREE MEDIUM//,,Animalia (animals),Bilateria,Chordata (chordates),Vertebrata (vertebrates),Reptilia (Reptiles),,"Testudines (Turtles,Terrapins,Tortoises)",Cryptodira,,"Cheloniidae (marine turtles,modern sea turtles,Sea Turtles)",Caretta (Loggerhead Sea Turtles),Deuterostomia,,,,,,,5,None,96,≥,None,,,,,,,,,,,,,,,,,48,,h,Time,24,Every x hours,Unknown,,,,,,,,,,,48,h,Time,23,°C,Temperature,,,,,,,,,,,,Tetrapoda,,Chelonioidea,Gnathostomata,,,,,,,,,,,,,,,,,IMMATURE WILD TURTLES,,,,,,,,,Significant,P,,,,,,0.05,<,None,Not intact,ERYTHROCYTES,,Carettinae,,85800,,,,,,,,,,,,,,,,,,,,,,,,,,,,,,,,,,,,,,,,,,,,,,,,,,,,,,,,,,,,,,,36,,h,Time,,,,44.66452399999997,,mg/L,Mass concentration,,,100,,µM,Molar concentration,,
26761-40-0,"1,2-Benzenedicarboxylic acid diisodecyl ester;1,2-Benzenedicarboxylic acid, 1,2-diisodecyl ester;1,2-Benzenedicarboxylic acid, diisodecyl ester;1,2-Benzenedicarboxylic_acid_diisodecyl_ester;1,2-benzenedicarboxylic_acid,_diisodecyl_ester;bis(8-methylnonyl) benzene-1,2-dicarboxylate;di-''isodecyl'' phthalate;Di-isodecylphthalate;Diisodecyl phthalate;DIISODECYL_PHTHALATE;diisodecylphthalate",,,,,,,,,,,,,,,,,,,,,,,,,,,,,,,,,,,,,,,,,,,,,,,,,,,,,,,,,,,,,,,,,,,,,,,,,,,,,,,,,,,,,,,,,,,,,,,,,,,,,,,,,,,,,,,,,,,,,,,,,,,,,,,,Ecotoxicological Information#Aquatic Toxicity,ECOTOX,LOEC,Environ. Res.158:616-624,True,No qualifier,Equal,,,,,,Caretta caretta,Effects of Endocrine Disrupting Chemicals on Estrogen Receptor Alpha and Heat Shock Protein 60 Gene Expression in Primary Cultures of Loggerhead Sea Turtle (Caretta caretta) Erythrocytes,Decreasing,"Cocci,P., M. Capriotti, G. Mosconi, and F.A. Palermo",Cell(s),2233370,2496543,Active ingredient,Culture,Cell Viability,,Carrier or solvent,11/18/2019,A,In Vitro,11/18/2019,Erythrocyte,Lab,12/12/2019,Wild,,2017,,Reviewer assigned endpoint,3 REPLICATES,LEIBOVITZ L-15 PHENOL RED-FREE MEDIUM,Unmeasured,Diisodecyl phthalate,,,,WESTERN COASTS OF CENTRAL ADRIATIC SEA,SOURCE/WESTERN COASTS OF CENTRAL ADRIATIC SEA//ORG LIFESTAGE/ERYTHROCYTES//MEDIA/LEIBOVITZ L-15 PHENOL RED-FREE MEDIUM//,,Animalia (animals),Bilateria,Chordata (chordates),Vertebrata (vertebrates),Reptilia (Reptiles),,"Testudines (Turtles,Terrapins,Tortoises)",Cryptodira,,"Cheloniidae (marine turtles,modern sea turtles,Sea Turtles)",Caretta (Loggerhead Sea Turtles),Deuterostomia,,,,,,,5,None,96,≥,None,,,,,,,,,,,,,,,,,48,,h,Time,24,Every x hours,Unknown,,,,,,,,,,,48,h,Time,23,°C,Temperature,,,,,,,,,,,,Tetrapoda,,Chelonioidea,Gnathostomata,,,,,,,,,,,,,,,,,IMMATURE WILD TURTLES,,,,,,,,,Significant,P,,,,,,0.05,<,None,Not intact,ERYTHROCYTES,,Carettinae,,85801,,,,,,,,,,,,,,,,,,,,,,,,,,,,,,,,,,,,,,,,,,,,,,,,,,,,,,,,,,,,,,,48,,h,Time,,,,44.66452399999997,,mg/L,Mass concentration,,,100,,µM,Molar concentration,,
26761-40-0,"1,2-Benzenedicarboxylic acid diisodecyl ester;1,2-Benzenedicarboxylic acid, 1,2-diisodecyl ester;1,2-Benzenedicarboxylic acid, diisodecyl ester;1,2-Benzenedicarboxylic_acid_diisodecyl_ester;1,2-benzenedicarboxylic_acid,_diisodecyl_ester;bis(8-methylnonyl) benzene-1,2-dicarboxylate;di-''isodecyl'' phthalate;Di-isodecylphthalate;Diisodecyl phthalate;DIISODECYL_PHTHALATE;diisodecylphthalate",,,,,,,,,,,,,,,,,,,,,,,,,,,,,,,,,,,,,,,,,,,,,,,,,,,,,,,,,,,,,,,,,,,,,,,,,,,,,,,,,,,,,,,,,,,,,,,,,,,,,,,,,,,,,,,,,,,,,,,,,,,,,,,,Ecotoxicological Information#Aquatic Toxicity,ECOTOX,NOEC,Environ. Res.158:616-624,True,No qualifier,Equal,,,,,,Caretta caretta,Effects of Endocrine Disrupting Chemicals on Estrogen Receptor Alpha and Heat Shock Protein 60 Gene Expression in Primary Cultures of Loggerhead Sea Turtle (Caretta caretta) Erythrocytes,Decreasing,"Cocci,P., M. Capriotti, G. Mosconi, and F.A. Palermo",Cell(s),2233370,2496538,Active ingredient,Culture,Cell Viability,,Carrier or solvent,11/18/2019,A,In Vitro,11/18/2019,Erythrocyte,Lab,12/12/2019,Wild,,2017,,Reviewer assigned endpoint,3 REPLICATES,LEIBOVITZ L-15 PHENOL RED-FREE MEDIUM,Unmeasured,Diisodecyl phthalate,,,,WESTERN COASTS OF CENTRAL ADRIATIC SEA,SOURCE/WESTERN COASTS OF CENTRAL ADRIATIC SEA//ORG LIFESTAGE/ERYTHROCYTES//MEDIA/LEIBOVITZ L-15 PHENOL RED-FREE MEDIUM//,,Animalia (animals),Bilateria,Chordata (chordates),Vertebrata (vertebrates),Reptilia (Reptiles),,"Testudines (Turtles,Terrapins,Tortoises)",Cryptodira,,"Cheloniidae (marine turtles,modern sea turtles,Sea Turtles)",Caretta (Loggerhead Sea Turtles),Deuterostomia,,,,,,,5,None,96,≥,None,,,,,,,,,,,,,,,,,48,,h,Time,24,Every x hours,Unknown,,,,,,,,,,,48,h,Time,23,°C,Temperature,,,,,,,,,,,,Tetrapoda,,Chelonioidea,Gnathostomata,,,,,,,,,,,,,,,,,IMMATURE WILD TURTLES,,,,,,,,,No significance,P,,,,,,0.05,<,None,Not intact,ERYTHROCYTES,,Carettinae,,85799,,,,,,,,,,,,,,,,,,,,,,,,,,,,,,,,,,,,,,,,,,,,,,,,,,,,,,,,,,,,,,,24,,h,Time,,,,0.4466452399999997,,mg/L,Mass concentration,,,1,,µM,Molar concentration,,
26761-40-0,"1,2-Benzenedicarboxylic acid diisodecyl ester;1,2-Benzenedicarboxylic acid, 1,2-diisodecyl ester;1,2-Benzenedicarboxylic acid, diisodecyl ester;1,2-Benzenedicarboxylic_acid_diisodecyl_ester;1,2-benzenedicarboxylic_acid,_diisodecyl_ester;bis(8-methylnonyl) benzene-1,2-dicarboxylate;di-''isodecyl'' phthalate;Di-isodecylphthalate;Diisodecyl phthalate;DIISODECYL_PHTHALATE;diisodecylphthalate",,,,,,,,,,,,,,,,,,,,,,,,,,,,,,,,,,,,,,,,,,,,,,,,,,,,,,,,,,,,,,,,,,,,,,,,,,,,,,,,,,,,,,,,,,,,,,,,,,,,,,,,,,,,,,,,,,,,,,,,,,,,,,,,Ecotoxicological Information#Aquatic Toxicity,ECOTOX,NOEC,Environ. Res.158:616-624,True,No qualifier,Equal,,,,,,Caretta caretta,Effects of Endocrine Disrupting Chemicals on Estrogen Receptor Alpha and Heat Shock Protein 60 Gene Expression in Primary Cultures of Loggerhead Sea Turtle (Caretta caretta) Erythrocytes,Decreasing,"Cocci,P., M. Capriotti, G. Mosconi, and F.A. Palermo",Cell(s),2233370,2496540,Active ingredient,Culture,Cell Viability,,Carrier or solvent,11/18/2019,A,In Vitro,11/18/2019,Erythrocyte,Lab,12/12/2019,Wild,,2017,,Reviewer assigned endpoint,3 REPLICATES,LEIBOVITZ L-15 PHENOL RED-FREE MEDIUM,Unmeasured,Diisodecyl phthalate,,,,WESTERN COASTS OF CENTRAL ADRIATIC SEA,SOURCE/WESTERN COASTS OF CENTRAL ADRIATIC SEA//ORG LIFESTAGE/ERYTHROCYTES//MEDIA/LEIBOVITZ L-15 PHENOL RED-FREE MEDIUM//,,Animalia (animals),Bilateria,Chordata (chordates),Vertebrata (vertebrates),Reptilia (Reptiles),,"Testudines (Turtles,Terrapins,Tortoises)",Cryptodira,,"Cheloniidae (marine turtles,modern sea turtles,Sea Turtles)",Caretta (Loggerhead Sea Turtles),Deuterostomia,,,,,,,5,None,96,≥,None,,,,,,,,,,,,,,,,,48,,h,Time,24,Every x hours,Unknown,,,,,,,,,,,48,h,Time,23,°C,Temperature,,,,,,,,,,,,Tetrapoda,,Chelonioidea,Gnathostomata,,,,,,,,,,,,,,,,,IMMATURE WILD TURTLES,,,,,,,,,No significance,P,,,,,,0.05,<,None,Not intact,ERYTHROCYTES,,Carettinae,,85800,,,,,,,,,,,,,,,,,,,,,,,,,,,,,,,,,,,,,,,,,,,,,,,,,,,,,,,,,,,,,,,36,,h,Time,,,,0.4466452399999997,,mg/L,Mass concentration,,,1,,µM,Molar concentration,,
26761-40-0,"1,2-Benzenedicarboxylic acid diisodecyl ester;1,2-Benzenedicarboxylic acid, 1,2-diisodecyl ester;1,2-Benzenedicarboxylic acid, diisodecyl ester;1,2-Benzenedicarboxylic_acid_diisodecyl_ester;1,2-benzenedicarboxylic_acid,_diisodecyl_ester;bis(8-methylnonyl) benzene-1,2-dicarboxylate;di-''isodecyl'' phthalate;Di-isodecylphthalate;Diisodecyl phthalate;DIISODECYL_PHTHALATE;diisodecylphthalate",,,,,,,,,,,,,,,,,,,,,,,,,,,,,,,,,,,,,,,,,,,,,,,,,,,,,,,,,,,,,,,,,,,,,,,,,,,,,,,,,,,,,,,,,,,,,,,,,,,,,,,,,,,,,,,,,,,,,,,,,,,,,,,,Ecotoxicological Information#Aquatic Toxicity,ECOTOX,NOEC,Environ. Res.158:616-624,True,No qualifier,Equal,,,,,,Caretta caretta,Effects of Endocrine Disrupting Chemicals on Estrogen Receptor Alpha and Heat Shock Protein 60 Gene Expression in Primary Cultures of Loggerhead Sea Turtle (Caretta caretta) Erythrocytes,Decreasing,"Cocci,P., M. Capriotti, G. Mosconi, and F.A. Palermo",Cell(s),2233370,2496542,Active ingredient,Culture,Cell Viability,,Carrier or solvent,11/18/2019,A,In Vitro,11/18/2019,Erythrocyte,Lab,12/12/2019,Wild,,2017,,Reviewer assigned endpoint,3 REPLICATES,LEIBOVITZ L-15 PHENOL RED-FREE MEDIUM,Unmeasured,Diisodecyl phthalate,,,,WESTERN COASTS OF CENTRAL ADRIATIC SEA,SOURCE/WESTERN COASTS OF CENTRAL ADRIATIC SEA//ORG LIFESTAGE/ERYTHROCYTES//MEDIA/LEIBOVITZ L-15 PHENOL RED-FREE MEDIUM//,,Animalia (animals),Bilateria,Chordata (chordates),Vertebrata (vertebrates),Reptilia (Reptiles),,"Testudines (Turtles,Terrapins,Tortoises)",Cryptodira,,"Cheloniidae (marine turtles,modern sea turtles,Sea Turtles)",Caretta (Loggerhead Sea Turtles),Deuterostomia,,,,,,,5,None,96,≥,None,,,,,,,,,,,,,,,,,48,,h,Time,24,Every x hours,Unknown,,,,,,,,,,,48,h,Time,23,°C,Temperature,,,,,,,,,,,,Tetrapoda,,Chelonioidea,Gnathostomata,,,,,,,,,,,,,,,,,IMMATURE WILD TURTLES,,,,,,,,,No significance,P,,,,,,0.05,<,None,Not intact,ERYTHROCYTES,,Carettinae,,85801,,,,,,,,,,,,,,,,,,,,,,,,,,,,,,,,,,,,,,,,,,,,,,,,,,,,,,,,,,,,,,,48,,h,Time,,,,0.4466452399999997,,mg/L,Mass concentration,,,1,,µM,Molar concentration,,
26761-40-0,"1,2-Benzenedicarboxylic acid diisodecyl ester;1,2-Benzenedicarboxylic acid, 1,2-diisodecyl ester;1,2-Benzenedicarboxylic acid, diisodecyl ester;1,2-Benzenedicarboxylic_acid_diisodecyl_ester;1,2-benzenedicarboxylic_acid,_diisodecyl_ester;bis(8-methylnonyl) benzene-1,2-dicarboxylate;di-''isodecyl'' phthalate;Di-isodecylphthalate;Diisodecyl phthalate;DIISODECYL_PHTHALATE;diisodecylphthalate",,,,,,,,,,,,,,,,,,,,,,,,,,,,,,,,,,,,,,,,,,,,,,,,,,,,,,,,,,,,,,,,,,,,,,,,,,,,,,,,,,,,,,,,,,,,,,,,,,,,,,,,,,,,,,,,,,,,,,,,,,,,,,,,Ecotoxicological Information#Aquatic Toxicity,ECOTOX,,Aquat. Toxicol.209:81-90,True,Data in range,Equal,,,,,,Sparus aurata,Changes in Expression of MicroRNA Potentially Targeting Key Regulators of Lipid Metabolism in Primary Gilthead Sea Bream Hepatocytes Exposed to Phthalates or Flame Retardants,No effect,"Cocci,P., G. Mosconi, and F.A. Palermo",Cell(s),2233741,2497863,Formulation,Culture,Cell Viability,Other Method,Carrier or solvent,11/20/2019,A,In Vitro,11/22/2019,Liver,Lab,12/12/2019,Laboratory,,2019,,,3 REPLICATES,L15 LEIBOVITZ PHENOL RED FREE MEDIUM SUPPLEMENTED WITH 10 PERCENT FETAL BOVINE SERUM,Unmeasured,DIDP,"COCCI ET AL 2015, PALERMO ET AL 2016",,,,"ORG LIFESTAGE/HEPATOCYTES//TMETH/COCCI ET AL 2015, PALERMO ET AL 2016//MEDIA/L15 LEIBOVITZ PHENOL RED FREE MEDIUM SUPPLEMENTED WITH 10 PERCENT FETAL BOVINE SERUM//",,Animalia (animals),Bilateria,Chordata (chordates),Vertebrata (vertebrates),Teleostei,,Perciformes (perch-like fishes),Percoidei,,Sparidae (porgies),Sparus,Deuterostomia,,,,,,,4,None,,,,,,,,,,,,,,,,,,,,48,,h,Time,,,,,,,,,,,,,,48,h,Time,,,,,,,,,,,,,,,"Actinopterygii (ray-finned fishes,spiny rayed fishes)",Acanthopterygii,,Gnathostomata,,,,,,,,,,,,,,,,,CELLS FROM JUVENILE FISH,,,,,,,,,,,,,,,,,,,Not intact,HEPATOCYTES,,,,,,,,,,,,,,,,,,,,,,,,,,,,,,,,,,,,,,,,,,,,,,,,,,,,,,,,,,,,,,,,,,,48,,h,Time,,,,,,mg/L,Mass concentration,0.04466452466555325,4.466452399999997,,,µM,Molar concentration,0.10000000149011612,10
26761-40-0,"1,2-Benzenedicarboxylic acid diisodecyl ester;1,2-Benzenedicarboxylic acid, 1,2-diisodecyl ester;1,2-Benzenedicarboxylic acid, diisodecyl ester;1,2-Benzenedicarboxylic_acid_diisodecyl_ester;1,2-benzenedicarboxylic_acid,_diisodecyl_ester;bis(8-methylnonyl) benzene-1,2-dicarboxylate;di-''isodecyl'' phthalate;Di-isodecylphthalate;Diisodecyl phthalate;DIISODECYL_PHTHALATE;diisodecylphthalate",,,,,,,,,,,,,,,,,,,,,,,,,,,,,,,,,,,,,,,,,,,,,,,,,,,,,,,,,,,,,,,,,,,,,,,,,,,,,,,,,,,,,,,,,,,,,,,,,,,,,,,,,,,,,,,,,,,,,,,,,,,,,,,,Ecotoxicological Information#Aquatic Toxicity,ECOTOX,LOEC,Environ. Toxicol. Pharmacol.36:741-749,True,No qualifier,Equal,,,,,,Carassius auratus,Comparative Antioxidant Responses in Liver of Carassius auratus Exposed to Phthalates: An Integrated Biomarker Approach,Decreasing,"Zheng,Q., M. Feng, and Y. Dai",Enzyme(s),2224031,2468067,Formulation,Fresh water,Catalase,,Carrier or solvent,07/23/2019,A,Intraperitoneal,07/23/2019,Liver,Lab,09/12/2019,Laboratory,,2013,,Reviewer assigned endpoint,,DECHLORINATED AND AERATED FRESHWATER,Unmeasured,Diisodecyl phthalate,,,INTEGRATED BIOMARKER RESPONSE ALSO REPORTED,LOCAL AQUATIC BREEDING BASE,SOURCE/LOCAL AQUATIC BREEDING BASE//MEDIA/DECHLORINATED AND AERATED FRESHWATER//,,Animalia (animals),Bilateria,Chordata (chordates),Vertebrata (vertebrates),Teleostei,,"Cypriniformes (minnows,suckers)",,,"Cyprinidae (carps,minnows,carps and minnows)",Carassius (Crucian carps),Deuterostomia,,7.6,,None,,,2,None,,,,,,,,,,,,,,,195.1,milligrams per liter Calcium carbonate,Unknown,,,10,,d,Time,1,Dosed x time(s) per study period,Unknown,,,6.7,,mg/L,Mass concentration,,,,,10,d,Time,25,°C,Temperature,,,,,,,,,,,,"Actinopterygii (ray-finned fishes,spiny rayed fishes)",Ostariophysi,Cyprinoidea,Gnathostomata,,,,,,,,,,,,,,,,,,25.43,g,Mass,,,,,ONLY CONC TESTED,Significant at all concentrations,P,CONC1/ONLY CONC TESTED//,bdwt,,,,0.01,<,None,,,,,,,0.249,milli Siemens per centimeter,Unknown,,,,,,,,,,,,,,,,,,,,,,,,,,,,,,,,,,,,,,,,,,,,,,,,,,,,,,,,,,,,10,,d,Time,,,,10,,mg/kg,Mass fraction,,,10,,mg/kg,Mass fraction,,
26761-40-0,"1,2-Benzenedicarboxylic acid diisodecyl ester;1,2-Benzenedicarboxylic acid, 1,2-diisodecyl ester;1,2-Benzenedicarboxylic acid, diisodecyl ester;1,2-Benzenedicarboxylic_acid_diisodecyl_ester;1,2-benzenedicarboxylic_acid,_diisodecyl_ester;bis(8-methylnonyl) benzene-1,2-dicarboxylate;di-''isodecyl'' phthalate;Di-isodecylphthalate;Diisodecyl phthalate;DIISODECYL_PHTHALATE;diisodecylphthalate",,,,,,,,,,,,,,,,,,,,,,,,,,,,,,,,,,,,,,,,,,,,,,,,,,,,,,,,,,,,,,,,,,,,,,,,,,,,,,,,,,,,,,,,,,,,,,,,,,,,,,,,,,,,,,,,,,,,,,,,,,,,,,,,Ecotoxicological Information#Aquatic Toxicity,ECOTOX,LOEC,Environ. Toxicol. Pharmacol.36:741-749,True,No qualifier,Equal,,,,,,Carassius auratus,Comparative Antioxidant Responses in Liver of Carassius auratus Exposed to Phthalates: An Integrated Biomarker Approach,Decreasing,"Zheng,Q., M. Feng, and Y. Dai",Enzyme(s),2224031,2468066,Formulation,Fresh water,Superoxide dismutase (SOD) enzyme activity,,Carrier or solvent,07/23/2019,A,Intraperitoneal,07/23/2019,Liver,Lab,09/12/2019,Laboratory,,2013,,Reviewer assigned endpoint,,DECHLORINATED AND AERATED FRESHWATER,Unmeasured,Diisodecyl phthalate,,,INTEGRATED BIOMARKER RESPONSE ALSO REPORTED,LOCAL AQUATIC BREEDING BASE,SOURCE/LOCAL AQUATIC BREEDING BASE//MEDIA/DECHLORINATED AND AERATED FRESHWATER//,,Animalia (animals),Bilateria,Chordata (chordates),Vertebrata (vertebrates),Teleostei,,"Cypriniformes (minnows,suckers)",,,"Cyprinidae (carps,minnows,carps and minnows)",Carassius (Crucian carps),Deuterostomia,,7.6,,None,,,2,None,,,,,,,,,,,,,,,195.1,milligrams per liter Calcium carbonate,Unknown,,,10,,d,Time,1,Dosed x time(s) per study period,Unknown,,,6.7,,mg/L,Mass concentration,,,,,10,d,Time,25,°C,Temperature,,,,,,,,,,,,"Actinopterygii (ray-finned fishes,spiny rayed fishes)",Ostariophysi,Cyprinoidea,Gnathostomata,,,,,,,,,,,,,,,,,,25.43,g,Mass,,,,,ONLY CONC TESTED,Significant at all concentrations,P,CONC1/ONLY CONC TESTED//,bdwt,,,,0.05,<,None,,,,,,,0.249,milli Siemens per centimeter,Unknown,,,,,,,,,,,,,,,,,,,,,,,,,,,,,,,,,,,,,,,,,,,,,,,,,,,,,,,,,,,,10,,d,Time,,,,10,,mg/kg,Mass fraction,,,10,,mg/kg,Mass fraction,,
26761-40-0,"1,2-Benzenedicarboxylic acid diisodecyl ester;1,2-Benzenedicarboxylic acid, 1,2-diisodecyl ester;1,2-Benzenedicarboxylic acid, diisodecyl ester;1,2-Benzenedicarboxylic_acid_diisodecyl_ester;1,2-benzenedicarboxylic_acid,_diisodecyl_ester;bis(8-methylnonyl) benzene-1,2-dicarboxylate;di-''isodecyl'' phthalate;Di-isodecylphthalate;Diisodecyl phthalate;DIISODECYL_PHTHALATE;diisodecylphthalate",,,,,,,,,,,,,,,,,,,,,,,,,,,,,,,,,,,,,,,,,,,,,,,,,,,,,,,,,,,,,,,,,,,,,,,,,,,,,,,,,,,,,,,,,,,,,,,,,,,,,,,,,,,,,,,,,,,,,,,,,,,,,,,,Ecotoxicological Information#Aquatic Toxicity,ECOTOX,LOEC,Environ. Toxicol.30(10): 1125-1134,True,No qualifier,Equal,,,,,,Carassius auratus,A Comparative Study on Antioxidant Status Combined with Integrated Biomarker Response in Carassius auratus Fish Exposed to Nine Phthalates,Increasing,"Qu,R., M. Feng, P. Sun, and Z. Wang",Enzyme(s),2224146,2468831,Formulation,Fresh water,Glutathione peroxidase,,Carrier or solvent,07/25/2019,A,Intraperitoneal,07/25/2019,Liver,Lab,09/12/2019,Laboratory,,2014,,Reviewer assigned endpoint,,DECHLORINATED AND AERATED WATER,Unmeasured,Diisodecyl phthalate,,,INTEGRATED BIOMARKER RESPONSE,LOCAL AQUATIC BREEDER,SOURCE/LOCAL AQUATIC BREEDER//MEDIA/DECHLORINATED AND AERATED WATER//,,Animalia (animals),Bilateria,Chordata (chordates),Vertebrata (vertebrates),Teleostei,,"Cypriniformes (minnows,suckers)",,,"Cyprinidae (carps,minnows,carps and minnows)",Carassius (Crucian carps),Deuterostomia,,,,,,,2,None,,,,,,,,,,,,,,,,,,,,15,,d,Time,1,Dosed x time(s) per study period,Unknown,,,,,,,,,,,15,d,Time,,°C,Temperature,20,22,,,,,,,,,,"Actinopterygii (ray-finned fishes,spiny rayed fishes)",Ostariophysi,Cyprinoidea,Gnathostomata,,,,,,,,,,,,,,,,,,25.78,g,Mass,,,,,ONLY CONC TESTED,Significant at all concentrations,P,CONC1/ONLY CONC TESTED//,bdwt,5,Organism,Unknown,0.01,<,None,,,,,,,,,,,,,,,,,,,,,,,,,,,,,,,,,,,,,,,,,,,,,,,,,,,,,,,,,,,,,,,,,,,,,4,,d,Time,,,,10,,mg/kg,Mass fraction,,,10,,mg/kg,Mass fraction,,
26761-40-0,"1,2-Benzenedicarboxylic acid diisodecyl ester;1,2-Benzenedicarboxylic acid, 1,2-diisodecyl ester;1,2-Benzenedicarboxylic acid, diisodecyl ester;1,2-Benzenedicarboxylic_acid_diisodecyl_ester;1,2-benzenedicarboxylic_acid,_diisodecyl_ester;bis(8-methylnonyl) benzene-1,2-dicarboxylate;di-''isodecyl'' phthalate;Di-isodecylphthalate;Diisodecyl phthalate;DIISODECYL_PHTHALATE;diisodecylphthalate",,,,,,,,,,,,,,,,,,,,,,,,,,,,,,,,,,,,,,,,,,,,,,,,,,,,,,,,,,,,,,,,,,,,,,,,,,,,,,,,,,,,,,,,,,,,,,,,,,,,,,,,,,,,,,,,,,,,,,,,,,,,,,,,Ecotoxicological Information#Aquatic Toxicity,ECOTOX,NOEC,Environ. Toxicol. Pharmacol.36:741-749,True,No qualifier,Equal,,,,,,Carassius auratus,Comparative Antioxidant Responses in Liver of Carassius auratus Exposed to Phthalates: An Integrated Biomarker Approach,Decreasing,"Zheng,Q., M. Feng, and Y. Dai",Enzyme(s),2224031,2468068,Formulation,Fresh water,Glutathione peroxidase,,Carrier or solvent,07/23/2019,A,Intraperitoneal,07/23/2019,Liver,Lab,09/12/2019,Laboratory,,2013,,Reviewer assigned endpoint,,DECHLORINATED AND AERATED FRESHWATER,Unmeasured,Diisodecyl phthalate,,,INTEGRATED BIOMARKER RESPONSE ALSO REPORTED,LOCAL AQUATIC BREEDING BASE,SOURCE/LOCAL AQUATIC BREEDING BASE//MEDIA/DECHLORINATED AND AERATED FRESHWATER//,,Animalia (animals),Bilateria,Chordata (chordates),Vertebrata (vertebrates),Teleostei,,"Cypriniformes (minnows,suckers)",,,"Cyprinidae (carps,minnows,carps and minnows)",Carassius (Crucian carps),Deuterostomia,,7.6,,None,,,2,None,,,,,,,,,,,,,,,195.1,milligrams per liter Calcium carbonate,Unknown,,,10,,d,Time,1,Dosed x time(s) per study period,Unknown,,,6.7,,mg/L,Mass concentration,,,,,10,d,Time,25,°C,Temperature,,,,,,,,,,,,"Actinopterygii (ray-finned fishes,spiny rayed fishes)",Ostariophysi,Cyprinoidea,Gnathostomata,,,,,,,,,,,,,,,,,,25.43,g,Mass,,,,,ONLY CONC TESTED,Not significant at all concentrations,P,CONC1/ONLY CONC TESTED//,bdwt,,,,0.05,<,None,,,,,,,0.249,milli Siemens per centimeter,Unknown,,,,,,,,,,,,,,,,,,,,,,,,,,,,,,,,,,,,,,,,,,,,,,,,,,,,,,,,,,,,10,,d,Time,,,,10,,mg/kg,Mass fraction,,,10,,mg/kg,Mass fraction,,
26761-40-0,"1,2-Benzenedicarboxylic acid diisodecyl ester;1,2-Benzenedicarboxylic acid, 1,2-diisodecyl ester;1,2-Benzenedicarboxylic acid, diisodecyl ester;1,2-Benzenedicarboxylic_acid_diisodecyl_ester;1,2-benzenedicarboxylic_acid,_diisodecyl_ester;bis(8-methylnonyl) benzene-1,2-dicarboxylate;di-''isodecyl'' phthalate;Di-isodecylphthalate;Diisodecyl phthalate;DIISODECYL_PHTHALATE;diisodecylphthalate",,,,,,,,,,,,,,,,,,,,,,,,,,,,,,,,,,,,,,,,,,,,,,,,,,,,,,,,,,,,,,,,,,,,,,,,,,,,,,,,,,,,,,,,,,,,,,,,,,,,,,,,,,,,,,,,,,,,,,,,,,,,,,,,Ecotoxicological Information#Aquatic Toxicity,ECOTOX,NOEC,Environ. Toxicol.30(10): 1125-1134,True,No qualifier,Equal,,,,,,Carassius auratus,A Comparative Study on Antioxidant Status Combined with Integrated Biomarker Response in Carassius auratus Fish Exposed to Nine Phthalates,Increasing,"Qu,R., M. Feng, P. Sun, and Z. Wang",Enzyme(s),2224146,2468825,Formulation,Fresh water,Superoxide dismutase (SOD) enzyme activity,,Carrier or solvent,07/25/2019,A,Intraperitoneal,07/25/2019,Liver,Lab,09/12/2019,Laboratory,,2014,,Reviewer assigned endpoint,,DECHLORINATED AND AERATED WATER,Unmeasured,Diisodecyl phthalate,,,INTEGRATED BIOMARKER RESPONSE,LOCAL AQUATIC BREEDER,SOURCE/LOCAL AQUATIC BREEDER//MEDIA/DECHLORINATED AND AERATED WATER//,,Animalia (animals),Bilateria,Chordata (chordates),Vertebrata (vertebrates),Teleostei,,"Cypriniformes (minnows,suckers)",,,"Cyprinidae (carps,minnows,carps and minnows)",Carassius (Crucian carps),Deuterostomia,,,,,,,2,None,,,,,,,,,,,,,,,,,,,,15,,d,Time,1,Dosed x time(s) per study period,Unknown,,,,,,,,,,,15,d,Time,,°C,Temperature,20,22,,,,,,,,,,"Actinopterygii (ray-finned fishes,spiny rayed fishes)",Ostariophysi,Cyprinoidea,Gnathostomata,,,,,,,,,,,,,,,,,,25.78,g,Mass,,,,,ONLY CONC TESTED,Not significant at all concentrations,P,CONC1/ONLY CONC TESTED//,bdwt,5,Organism,Unknown,0.05,<,None,,,,,,,,,,,,,,,,,,,,,,,,,,,,,,,,,,,,,,,,,,,,,,,,,,,,,,,,,,,,,,,,,,,,,15,,d,Time,,,,10,,mg/kg,Mass fraction,,,10,,mg/kg,Mass fraction,,
26761-40-0,"1,2-Benzenedicarboxylic acid diisodecyl ester;1,2-Benzenedicarboxylic acid, 1,2-diisodecyl ester;1,2-Benzenedicarboxylic acid, diisodecyl ester;1,2-Benzenedicarboxylic_acid_diisodecyl_ester;1,2-benzenedicarboxylic_acid,_diisodecyl_ester;bis(8-methylnonyl) benzene-1,2-dicarboxylate;di-''isodecyl'' phthalate;Di-isodecylphthalate;Diisodecyl phthalate;DIISODECYL_PHTHALATE;diisodecylphthalate",,,,,,,,,,,,,,,,,,,,,,,,,,,,,,,,,,,,,,,,,,,,,,,,,,,,,,,,,,,,,,,,,,,,,,,,,,,,,,,,,,,,,,,,,,,,,,,,,,,,,,,,,,,,,,,,,,,,,,,,,,,,,,,,Ecotoxicological Information#Aquatic Toxicity,ECOTOX,NOEC,Environ. Toxicol.30(10): 1125-1134,True,No qualifier,Equal,,,,,,Carassius auratus,A Comparative Study on Antioxidant Status Combined with Integrated Biomarker Response in Carassius auratus Fish Exposed to Nine Phthalates,Decreasing,"Qu,R., M. Feng, P. Sun, and Z. Wang",Enzyme(s),2224146,2468833,Formulation,Fresh water,Glutathione peroxidase,,Carrier or solvent,07/25/2019,A,Intraperitoneal,07/25/2019,Liver,Lab,09/12/2019,Laboratory,,2014,,Reviewer assigned endpoint,,DECHLORINATED AND AERATED WATER,Unmeasured,Diisodecyl phthalate,,,INTEGRATED BIOMARKER RESPONSE,LOCAL AQUATIC BREEDER,SOURCE/LOCAL AQUATIC BREEDER//MEDIA/DECHLORINATED AND AERATED WATER//,,Animalia (animals),Bilateria,Chordata (chordates),Vertebrata (vertebrates),Teleostei,,"Cypriniformes (minnows,suckers)",,,"Cyprinidae (carps,minnows,carps and minnows)",Carassius (Crucian carps),Deuterostomia,,,,,,,2,None,,,,,,,,,,,,,,,,,,,,15,,d,Time,1,Dosed x time(s) per study period,Unknown,,,,,,,,,,,15,d,Time,,°C,Temperature,20,22,,,,,,,,,,"Actinopterygii (ray-finned fishes,spiny rayed fishes)",Ostariophysi,Cyprinoidea,Gnathostomata,,,,,,,,,,,,,,,,,,25.78,g,Mass,,,,,ONLY CONC TESTED,Not significant at all concentrations,P,CONC1/ONLY CONC TESTED//,bdwt,5,Organism,Unknown,0.05,<,None,,,,,,,,,,,,,,,,,,,,,,,,,,,,,,,,,,,,,,,,,,,,,,,,,,,,,,,,,,,,,,,,,,,,,15,,d,Time,,,,10,,mg/kg,Mass fraction,,,10,,mg/kg,Mass fraction,,
26761-40-0,"1,2-Benzenedicarboxylic acid diisodecyl ester;1,2-Benzenedicarboxylic acid, 1,2-diisodecyl ester;1,2-Benzenedicarboxylic acid, diisodecyl ester;1,2-Benzenedicarboxylic_acid_diisodecyl_ester;1,2-benzenedicarboxylic_acid,_diisodecyl_ester;bis(8-methylnonyl) benzene-1,2-dicarboxylate;di-''isodecyl'' phthalate;Di-isodecylphthalate;Diisodecyl phthalate;DIISODECYL_PHTHALATE;diisodecylphthalate",,,,,,,,,,,,,,,,,,,,,,,,,,,,,,,,,,,,,,,,,,,,,,,,,,,,,,,,,,,,,,,,,,,,,,,,,,,,,,,,,,,,,,,,,,,,,,,,,,,,,,,,,,,,,,,,,,,,,,,,,,,,,,,,Ecotoxicological Information#Aquatic Toxicity,ECOTOX,NOEC,Environ. Toxicol.30(10): 1125-1134,True,No qualifier,Equal,,,,,,Carassius auratus,A Comparative Study on Antioxidant Status Combined with Integrated Biomarker Response in Carassius auratus Fish Exposed to Nine Phthalates,Decreasing,"Qu,R., M. Feng, P. Sun, and Z. Wang",Enzyme(s),2224146,2468826,Formulation,Fresh water,Catalase,,Carrier or solvent,07/25/2019,A,Intraperitoneal,07/25/2019,Liver,Lab,09/12/2019,Laboratory,,2014,,Reviewer assigned endpoint,,DECHLORINATED AND AERATED WATER,Unmeasured,Diisodecyl phthalate,,,INTEGRATED BIOMARKER RESPONSE,LOCAL AQUATIC BREEDER,SOURCE/LOCAL AQUATIC BREEDER//MEDIA/DECHLORINATED AND AERATED WATER//,,Animalia (animals),Bilateria,Chordata (chordates),Vertebrata (vertebrates),Teleostei,,"Cypriniformes (minnows,suckers)",,,"Cyprinidae (carps,minnows,carps and minnows)",Carassius (Crucian carps),Deuterostomia,,,,,,,2,None,,,,,,,,,,,,,,,,,,,,15,,d,Time,1,Dosed x time(s) per study period,Unknown,,,,,,,,,,,15,d,Time,,°C,Temperature,20,22,,,,,,,,,,"Actinopterygii (ray-finned fishes,spiny rayed fishes)",Ostariophysi,Cyprinoidea,Gnathostomata,,,,,,,,,,,,,,,,,,25.78,g,Mass,,,,,ONLY CONC TESTED,Not significant at all concentrations,P,CONC1/ONLY CONC TESTED//,bdwt,5,Organism,Unknown,0.05,<,None,,,,,,,,,,,,,,,,,,,,,,,,,,,,,,,,,,,,,,,,,,,,,,,,,,,,,,,,,,,,,,,,,,,,,15,,d,Time,,,,10,,mg/kg,Mass fraction,,,10,,mg/kg,Mass fraction,,
26761-40-0,"1,2-Benzenedicarboxylic acid diisodecyl ester;1,2-Benzenedicarboxylic acid, 1,2-diisodecyl ester;1,2-Benzenedicarboxylic acid, diisodecyl ester;1,2-Benzenedicarboxylic_acid_diisodecyl_ester;1,2-benzenedicarboxylic_acid,_diisodecyl_ester;bis(8-methylnonyl) benzene-1,2-dicarboxylate;di-''isodecyl'' phthalate;Di-isodecylphthalate;Diisodecyl phthalate;DIISODECYL_PHTHALATE;diisodecylphthalate",,,,,,,,,,,,,,,,,,,,,,,,,,,,,,,,,,,,,,,,,,,,,,,,,,,,,,,,,,,,,,,,,,,,,,,,,,,,,,,,,,,,,,,,,,,,,,,,,,,,,,,,,,,,,,,,,,,,,,,,,,,,,,,,Ecotoxicological Information#Aquatic Toxicity,ECOTOX,NOEC,Environ. Toxicol.30(10): 1125-1134,True,No qualifier,Equal,,,,,,Carassius auratus,A Comparative Study on Antioxidant Status Combined with Integrated Biomarker Response in Carassius auratus Fish Exposed to Nine Phthalates,Increasing,"Qu,R., M. Feng, P. Sun, and Z. Wang",Enzyme(s),2224146,2468829,Formulation,Fresh water,Catalase,,Carrier or solvent,07/25/2019,A,Intraperitoneal,07/25/2019,Liver,Lab,09/12/2019,Laboratory,,2014,,Reviewer assigned endpoint,,DECHLORINATED AND AERATED WATER,Unmeasured,Diisodecyl phthalate,,,INTEGRATED BIOMARKER RESPONSE,LOCAL AQUATIC BREEDER,SOURCE/LOCAL AQUATIC BREEDER//MEDIA/DECHLORINATED AND AERATED WATER//,,Animalia (animals),Bilateria,Chordata (chordates),Vertebrata (vertebrates),Teleostei,,"Cypriniformes (minnows,suckers)",,,"Cyprinidae (carps,minnows,carps and minnows)",Carassius (Crucian carps),Deuterostomia,,,,,,,2,None,,,,,,,,,,,,,,,,,,,,15,,d,Time,1,Dosed x time(s) per study period,Unknown,,,,,,,,,,,15,d,Time,,°C,Temperature,20,22,,,,,,,,,,"Actinopterygii (ray-finned fishes,spiny rayed fishes)",Ostariophysi,Cyprinoidea,Gnathostomata,,,,,,,,,,,,,,,,,,25.78,g,Mass,,,,,ONLY CONC TESTED,Not significant at all concentrations,P,CONC1/ONLY CONC TESTED//,bdwt,5,Organism,Unknown,0.05,<,None,,,,,,,,,,,,,,,,,,,,,,,,,,,,,,,,,,,,,,,,,,,,,,,,,,,,,,,,,,,,,,,,,,,,,1,,d,Time,,,,10,,mg/kg,Mass fraction,,,10,,mg/kg,Mass fraction,,
26761-40-0,"1,2-Benzenedicarboxylic acid diisodecyl ester;1,2-Benzenedicarboxylic acid, 1,2-diisodecyl ester;1,2-Benzenedicarboxylic acid, diisodecyl ester;1,2-Benzenedicarboxylic_acid_diisodecyl_ester;1,2-benzenedicarboxylic_acid,_diisodecyl_ester;bis(8-methylnonyl) benzene-1,2-dicarboxylate;di-''isodecyl'' phthalate;Di-isodecylphthalate;Diisodecyl phthalate;DIISODECYL_PHTHALATE;diisodecylphthalate",,,,,,,,,,,,,,,,,,,,,,,,,,,,,,,,,,,,,,,,,,,,,,,,,,,,,,,,,,,,,,,,,,,,,,,,,,,,,,,,,,,,,,,,,,,,,,,,,,,,,,,,,,,,,,,,,,,,,,,,,,,,,,,,Ecotoxicological Information#Aquatic Toxicity,ECOTOX,NOEC,Environ. Toxicol.30(10): 1125-1134,True,No qualifier,Equal,,,,,,Carassius auratus,A Comparative Study on Antioxidant Status Combined with Integrated Biomarker Response in Carassius auratus Fish Exposed to Nine Phthalates,Decreasing,"Qu,R., M. Feng, P. Sun, and Z. Wang",Enzyme(s),2224146,2468822,Formulation,Fresh water,Superoxide dismutase (SOD) enzyme activity,,Carrier or solvent,07/25/2019,A,Intraperitoneal,07/25/2019,Liver,Lab,09/12/2019,Laboratory,,2014,,Reviewer assigned endpoint,,DECHLORINATED AND AERATED WATER,Unmeasured,Diisodecyl phthalate,,,INTEGRATED BIOMARKER RESPONSE,LOCAL AQUATIC BREEDER,SOURCE/LOCAL AQUATIC BREEDER//MEDIA/DECHLORINATED AND AERATED WATER//,,Animalia (animals),Bilateria,Chordata (chordates),Vertebrata (vertebrates),Teleostei,,"Cypriniformes (minnows,suckers)",,,"Cyprinidae (carps,minnows,carps and minnows)",Carassius (Crucian carps),Deuterostomia,,,,,,,2,None,,,,,,,,,,,,,,,,,,,,15,,d,Time,1,Dosed x time(s) per study period,Unknown,,,,,,,,,,,15,d,Time,,°C,Temperature,20,22,,,,,,,,,,"Actinopterygii (ray-finned fishes,spiny rayed fishes)",Ostariophysi,Cyprinoidea,Gnathostomata,,,,,,,,,,,,,,,,,,25.78,g,Mass,,,,,ONLY CONC TESTED,Not significant at all concentrations,P,CONC1/ONLY CONC TESTED//,bdwt,5,Organism,Unknown,0.05,<,None,,,,,,,,,,,,,,,,,,,,,,,,,,,,,,,,,,,,,,,,,,,,,,,,,,,,,,,,,,,,,,,,,,,,,1,,d,Time,,,,10,,mg/kg,Mass fraction,,,10,,mg/kg,Mass fraction,,
26761-40-0,"1,2-Benzenedicarboxylic acid diisodecyl ester;1,2-Benzenedicarboxylic acid, 1,2-diisodecyl ester;1,2-Benzenedicarboxylic acid, diisodecyl ester;1,2-Benzenedicarboxylic_acid_diisodecyl_ester;1,2-benzenedicarboxylic_acid,_diisodecyl_ester;bis(8-methylnonyl) benzene-1,2-dicarboxylate;di-''isodecyl'' phthalate;Di-isodecylphthalate;Diisodecyl phthalate;DIISODECYL_PHTHALATE;diisodecylphthalate",,,,,,,,,,,,,,,,,,,,,,,,,,,,,,,,,,,,,,,,,,,,,,,,,,,,,,,,,,,,,,,,,,,,,,,,,,,,,,,,,,,,,,,,,,,,,,,,,,,,,,,,,,,,,,,,,,,,,,,,,,,,,,,,Ecotoxicological Information#Aquatic Toxicity,ECOTOX,NOEC,Environ. Toxicol.30(10): 1125-1134,True,No qualifier,Equal,,,,,,Carassius auratus,A Comparative Study on Antioxidant Status Combined with Integrated Biomarker Response in Carassius auratus Fish Exposed to Nine Phthalates,Decreasing,"Qu,R., M. Feng, P. Sun, and Z. Wang",Enzyme(s),2224146,2468830,Formulation,Fresh water,Glutathione peroxidase,,Carrier or solvent,07/25/2019,A,Intraperitoneal,07/25/2019,Liver,Lab,09/12/2019,Laboratory,,2014,,Reviewer assigned endpoint,,DECHLORINATED AND AERATED WATER,Unmeasured,Diisodecyl phthalate,,,INTEGRATED BIOMARKER RESPONSE,LOCAL AQUATIC BREEDER,SOURCE/LOCAL AQUATIC BREEDER//MEDIA/DECHLORINATED AND AERATED WATER//,,Animalia (animals),Bilateria,Chordata (chordates),Vertebrata (vertebrates),Teleostei,,"Cypriniformes (minnows,suckers)",,,"Cyprinidae (carps,minnows,carps and minnows)",Carassius (Crucian carps),Deuterostomia,,,,,,,2,None,,,,,,,,,,,,,,,,,,,,15,,d,Time,1,Dosed x time(s) per study period,Unknown,,,,,,,,,,,15,d,Time,,°C,Temperature,20,22,,,,,,,,,,"Actinopterygii (ray-finned fishes,spiny rayed fishes)",Ostariophysi,Cyprinoidea,Gnathostomata,,,,,,,,,,,,,,,,,,25.78,g,Mass,,,,,ONLY CONC TESTED,Not significant at all concentrations,P,CONC1/ONLY CONC TESTED//,bdwt,5,Organism,Unknown,0.05,<,None,,,,,,,,,,,,,,,,,,,,,,,,,,,,,,,,,,,,,,,,,,,,,,,,,,,,,,,,,,,,,,,,,,,,,1,,d,Time,,,,10,,mg/kg,Mass fraction,,,10,,mg/kg,Mass fraction,,
26761-40-0,"1,2-Benzenedicarboxylic acid diisodecyl ester;1,2-Benzenedicarboxylic acid, 1,2-diisodecyl ester;1,2-Benzenedicarboxylic acid, diisodecyl ester;1,2-Benzenedicarboxylic_acid_diisodecyl_ester;1,2-benzenedicarboxylic_acid,_diisodecyl_ester;bis(8-methylnonyl) benzene-1,2-dicarboxylate;di-''isodecyl'' phthalate;Di-isodecylphthalate;Diisodecyl phthalate;DIISODECYL_PHTHALATE;diisodecylphthalate",,,,,,,,,,,,,,,,,,,,,,,,,,,,,,,,,,,,,,,,,,,,,,,,,,,,,,,,,,,,,,,,,,,,,,,,,,,,,,,,,,,,,,,,,,,,,,,,,,,,,,,,,,,,,,,,,,,,,,,,,,,,,,,,Ecotoxicological Information#Aquatic Toxicity,ECOTOX,NOEC,Environ. Toxicol.30(10): 1125-1134,True,No qualifier,Equal,,,,,,Carassius auratus,A Comparative Study on Antioxidant Status Combined with Integrated Biomarker Response in Carassius auratus Fish Exposed to Nine Phthalates,Decreasing,"Qu,R., M. Feng, P. Sun, and Z. Wang",Enzyme(s),2224146,2468832,Formulation,Fresh water,Glutathione peroxidase,,Carrier or solvent,07/25/2019,A,Intraperitoneal,07/25/2019,Liver,Lab,09/12/2019,Laboratory,,2014,,Reviewer assigned endpoint,,DECHLORINATED AND AERATED WATER,Unmeasured,Diisodecyl phthalate,,,INTEGRATED BIOMARKER RESPONSE,LOCAL AQUATIC BREEDER,SOURCE/LOCAL AQUATIC BREEDER//MEDIA/DECHLORINATED AND AERATED WATER//,,Animalia (animals),Bilateria,Chordata (chordates),Vertebrata (vertebrates),Teleostei,,"Cypriniformes (minnows,suckers)",,,"Cyprinidae (carps,minnows,carps and minnows)",Carassius (Crucian carps),Deuterostomia,,,,,,,2,None,,,,,,,,,,,,,,,,,,,,15,,d,Time,1,Dosed x time(s) per study period,Unknown,,,,,,,,,,,15,d,Time,,°C,Temperature,20,22,,,,,,,,,,"Actinopterygii (ray-finned fishes,spiny rayed fishes)",Ostariophysi,Cyprinoidea,Gnathostomata,,,,,,,,,,,,,,,,,,25.78,g,Mass,,,,,ONLY CONC TESTED,Not significant at all concentrations,P,CONC1/ONLY CONC TESTED//,bdwt,5,Organism,Unknown,0.05,<,None,,,,,,,,,,,,,,,,,,,,,,,,,,,,,,,,,,,,,,,,,,,,,,,,,,,,,,,,,,,,,,,,,,,,,8,,d,Time,,,,10,,mg/kg,Mass fraction,,,10,,mg/kg,Mass fraction,,
26761-40-0,"1,2-Benzenedicarboxylic acid diisodecyl ester;1,2-Benzenedicarboxylic acid, 1,2-diisodecyl ester;1,2-Benzenedicarboxylic acid, diisodecyl ester;1,2-Benzenedicarboxylic_acid_diisodecyl_ester;1,2-benzenedicarboxylic_acid,_diisodecyl_ester;bis(8-methylnonyl) benzene-1,2-dicarboxylate;di-''isodecyl'' phthalate;Di-isodecylphthalate;Diisodecyl phthalate;DIISODECYL_PHTHALATE;diisodecylphthalate",,,,,,,,,,,,,,,,,,,,,,,,,,,,,,,,,,,,,,,,,,,,,,,,,,,,,,,,,,,,,,,,,,,,,,,,,,,,,,,,,,,,,,,,,,,,,,,,,,,,,,,,,,,,,,,,,,,,,,,,,,,,,,,,Ecotoxicological Information#Aquatic Toxicity,ECOTOX,NOEC,Environ. Toxicol.30(10): 1125-1134,True,No qualifier,Equal,,,,,,Carassius auratus,A Comparative Study on Antioxidant Status Combined with Integrated Biomarker Response in Carassius auratus Fish Exposed to Nine Phthalates,Decreasing,"Qu,R., M. Feng, P. Sun, and Z. Wang",Enzyme(s),2224146,2468824,Formulation,Fresh water,Superoxide dismutase (SOD) enzyme activity,,Carrier or solvent,07/25/2019,A,Intraperitoneal,07/25/2019,Liver,Lab,09/12/2019,Laboratory,,2014,,Reviewer assigned endpoint,,DECHLORINATED AND AERATED WATER,Unmeasured,Diisodecyl phthalate,,,INTEGRATED BIOMARKER RESPONSE,LOCAL AQUATIC BREEDER,SOURCE/LOCAL AQUATIC BREEDER//MEDIA/DECHLORINATED AND AERATED WATER//,,Animalia (animals),Bilateria,Chordata (chordates),Vertebrata (vertebrates),Teleostei,,"Cypriniformes (minnows,suckers)",,,"Cyprinidae (carps,minnows,carps and minnows)",Carassius (Crucian carps),Deuterostomia,,,,,,,2,None,,,,,,,,,,,,,,,,,,,,15,,d,Time,1,Dosed x time(s) per study period,Unknown,,,,,,,,,,,15,d,Time,,°C,Temperature,20,22,,,,,,,,,,"Actinopterygii (ray-finned fishes,spiny rayed fishes)",Ostariophysi,Cyprinoidea,Gnathostomata,,,,,,,,,,,,,,,,,,25.78,g,Mass,,,,,ONLY CONC TESTED,Not significant at all concentrations,P,CONC1/ONLY CONC TESTED//,bdwt,5,Organism,Unknown,0.05,<,None,,,,,,,,,,,,,,,,,,,,,,,,,,,,,,,,,,,,,,,,,,,,,,,,,,,,,,,,,,,,,,,,,,,,,8,,d,Time,,,,10,,mg/kg,Mass fraction,,,10,,mg/kg,Mass fraction,,
26761-40-0,"1,2-Benzenedicarboxylic acid diisodecyl ester;1,2-Benzenedicarboxylic acid, 1,2-diisodecyl ester;1,2-Benzenedicarboxylic acid, diisodecyl ester;1,2-Benzenedicarboxylic_acid_diisodecyl_ester;1,2-benzenedicarboxylic_acid,_diisodecyl_ester;bis(8-methylnonyl) benzene-1,2-dicarboxylate;di-''isodecyl'' phthalate;Di-isodecylphthalate;Diisodecyl phthalate;DIISODECYL_PHTHALATE;diisodecylphthalate",,,,,,,,,,,,,,,,,,,,,,,,,,,,,,,,,,,,,,,,,,,,,,,,,,,,,,,,,,,,,,,,,,,,,,,,,,,,,,,,,,,,,,,,,,,,,,,,,,,,,,,,,,,,,,,,,,,,,,,,,,,,,,,,Ecotoxicological Information#Aquatic Toxicity,ECOTOX,NOEC,Environ. Toxicol.30(10): 1125-1134,True,No qualifier,Equal,,,,,,Carassius auratus,A Comparative Study on Antioxidant Status Combined with Integrated Biomarker Response in Carassius auratus Fish Exposed to Nine Phthalates,Increasing,"Qu,R., M. Feng, P. Sun, and Z. Wang",Enzyme(s),2224146,2468827,Formulation,Fresh water,Catalase,,Carrier or solvent,07/25/2019,A,Intraperitoneal,07/25/2019,Liver,Lab,09/12/2019,Laboratory,,2014,,Reviewer assigned endpoint,,DECHLORINATED AND AERATED WATER,Unmeasured,Diisodecyl phthalate,,,INTEGRATED BIOMARKER RESPONSE,LOCAL AQUATIC BREEDER,SOURCE/LOCAL AQUATIC BREEDER//MEDIA/DECHLORINATED AND AERATED WATER//,,Animalia (animals),Bilateria,Chordata (chordates),Vertebrata (vertebrates),Teleostei,,"Cypriniformes (minnows,suckers)",,,"Cyprinidae (carps,minnows,carps and minnows)",Carassius (Crucian carps),Deuterostomia,,,,,,,2,None,,,,,,,,,,,,,,,,,,,,15,,d,Time,1,Dosed x time(s) per study period,Unknown,,,,,,,,,,,15,d,Time,,°C,Temperature,20,22,,,,,,,,,,"Actinopterygii (ray-finned fishes,spiny rayed fishes)",Ostariophysi,Cyprinoidea,Gnathostomata,,,,,,,,,,,,,,,,,,25.78,g,Mass,,,,,ONLY CONC TESTED,Not significant at all concentrations,P,CONC1/ONLY CONC TESTED//,bdwt,5,Organism,Unknown,0.05,<,None,,,,,,,,,,,,,,,,,,,,,,,,,,,,,,,,,,,,,,,,,,,,,,,,,,,,,,,,,,,,,,,,,,,,,8,,d,Time,,,,10,,mg/kg,Mass fraction,,,10,,mg/kg,Mass fraction,,
26761-40-0,"1,2-Benzenedicarboxylic acid diisodecyl ester;1,2-Benzenedicarboxylic acid, 1,2-diisodecyl ester;1,2-Benzenedicarboxylic acid, diisodecyl ester;1,2-Benzenedicarboxylic_acid_diisodecyl_ester;1,2-benzenedicarboxylic_acid,_diisodecyl_ester;bis(8-methylnonyl) benzene-1,2-dicarboxylate;di-''isodecyl'' phthalate;Di-isodecylphthalate;Diisodecyl phthalate;DIISODECYL_PHTHALATE;diisodecylphthalate",,,,,,,,,,,,,,,,,,,,,,,,,,,,,,,,,,,,,,,,,,,,,,,,,,,,,,,,,,,,,,,,,,,,,,,,,,,,,,,,,,,,,,,,,,,,,,,,,,,,,,,,,,,,,,,,,,,,,,,,,,,,,,,,Ecotoxicological Information#Aquatic Toxicity,ECOTOX,NOEC,Environ. Toxicol.30(10): 1125-1134,True,No qualifier,Equal,,,,,,Carassius auratus,A Comparative Study on Antioxidant Status Combined with Integrated Biomarker Response in Carassius auratus Fish Exposed to Nine Phthalates,Decreasing,"Qu,R., M. Feng, P. Sun, and Z. Wang",Enzyme(s),2224146,2468828,Formulation,Fresh water,Catalase,,Carrier or solvent,07/25/2019,A,Intraperitoneal,07/25/2019,Liver,Lab,09/12/2019,Laboratory,,2014,,Reviewer assigned endpoint,,DECHLORINATED AND AERATED WATER,Unmeasured,Diisodecyl phthalate,,,INTEGRATED BIOMARKER RESPONSE,LOCAL AQUATIC BREEDER,SOURCE/LOCAL AQUATIC BREEDER//MEDIA/DECHLORINATED AND AERATED WATER//,,Animalia (animals),Bilateria,Chordata (chordates),Vertebrata (vertebrates),Teleostei,,"Cypriniformes (minnows,suckers)",,,"Cyprinidae (carps,minnows,carps and minnows)",Carassius (Crucian carps),Deuterostomia,,,,,,,2,None,,,,,,,,,,,,,,,,,,,,15,,d,Time,1,Dosed x time(s) per study period,Unknown,,,,,,,,,,,15,d,Time,,°C,Temperature,20,22,,,,,,,,,,"Actinopterygii (ray-finned fishes,spiny rayed fishes)",Ostariophysi,Cyprinoidea,Gnathostomata,,,,,,,,,,,,,,,,,,25.78,g,Mass,,,,,ONLY CONC TESTED,Not significant at all concentrations,P,CONC1/ONLY CONC TESTED//,bdwt,5,Organism,Unknown,0.05,<,None,,,,,,,,,,,,,,,,,,,,,,,,,,,,,,,,,,,,,,,,,,,,,,,,,,,,,,,,,,,,,,,,,,,,,4,,d,Time,,,,10,,mg/kg,Mass fraction,,,10,,mg/kg,Mass fraction,,
26761-40-0,"1,2-Benzenedicarboxylic acid diisodecyl ester;1,2-Benzenedicarboxylic acid, 1,2-diisodecyl ester;1,2-Benzenedicarboxylic acid, diisodecyl ester;1,2-Benzenedicarboxylic_acid_diisodecyl_ester;1,2-benzenedicarboxylic_acid,_diisodecyl_ester;bis(8-methylnonyl) benzene-1,2-dicarboxylate;di-''isodecyl'' phthalate;Di-isodecylphthalate;Diisodecyl phthalate;DIISODECYL_PHTHALATE;diisodecylphthalate",,,,,,,,,,,,,,,,,,,,,,,,,,,,,,,,,,,,,,,,,,,,,,,,,,,,,,,,,,,,,,,,,,,,,,,,,,,,,,,,,,,,,,,,,,,,,,,,,,,,,,,,,,,,,,,,,,,,,,,,,,,,,,,,Ecotoxicological Information#Aquatic Toxicity,ECOTOX,NOEC,Environ. Toxicol.30(10): 1125-1134,True,No qualifier,Equal,,,,,,Carassius auratus,A Comparative Study on Antioxidant Status Combined with Integrated Biomarker Response in Carassius auratus Fish Exposed to Nine Phthalates,Increasing,"Qu,R., M. Feng, P. Sun, and Z. Wang",Enzyme(s),2224146,2468823,Formulation,Fresh water,Superoxide dismutase (SOD) enzyme activity,,Carrier or solvent,07/25/2019,A,Intraperitoneal,07/25/2019,Liver,Lab,09/12/2019,Laboratory,,2014,,Reviewer assigned endpoint,,DECHLORINATED AND AERATED WATER,Unmeasured,Diisodecyl phthalate,,,INTEGRATED BIOMARKER RESPONSE,LOCAL AQUATIC BREEDER,SOURCE/LOCAL AQUATIC BREEDER//MEDIA/DECHLORINATED AND AERATED WATER//,,Animalia (animals),Bilateria,Chordata (chordates),Vertebrata (vertebrates),Teleostei,,"Cypriniformes (minnows,suckers)",,,"Cyprinidae (carps,minnows,carps and minnows)",Carassius (Crucian carps),Deuterostomia,,,,,,,2,None,,,,,,,,,,,,,,,,,,,,15,,d,Time,1,Dosed x time(s) per study period,Unknown,,,,,,,,,,,15,d,Time,,°C,Temperature,20,22,,,,,,,,,,"Actinopterygii (ray-finned fishes,spiny rayed fishes)",Ostariophysi,Cyprinoidea,Gnathostomata,,,,,,,,,,,,,,,,,,25.78,g,Mass,,,,,ONLY CONC TESTED,Not significant at all concentrations,P,CONC1/ONLY CONC TESTED//,bdwt,5,Organism,Unknown,0.05,<,None,,,,,,,,,,,,,,,,,,,,,,,,,,,,,,,,,,,,,,,,,,,,,,,,,,,,,,,,,,,,,,,,,,,,,4,,d,Time,,,,10,,mg/kg,Mass fraction,,,10,,mg/kg,Mass fraction,,
26761-40-0,"1,2-Benzenedicarboxylic acid diisodecyl ester;1,2-Benzenedicarboxylic acid, 1,2-diisodecyl ester;1,2-Benzenedicarboxylic acid, diisodecyl ester;1,2-Benzenedicarboxylic_acid_diisodecyl_ester;1,2-benzenedicarboxylic_acid,_diisodecyl_ester;bis(8-methylnonyl) benzene-1,2-dicarboxylate;di-''isodecyl'' phthalate;Di-isodecylphthalate;Diisodecyl phthalate;DIISODECYL_PHTHALATE;diisodecylphthalate",,,,,,,,,,,,,,,,,,,,,,,,,,,,,,,,,,,,,,,,,,,,,,,,,,,,,,,,,,,,,,,,,,,,,,,,,,,,,,,,,,,,,,,,,,,,,,,,,,,,,,,,,,,,,,,,,,,,,,,,,,,,,,,,Ecotoxicological Information#Aquatic Toxicity,ECOTOX,LOEC,Environ. Res.172:319-325,True,No qualifier,Equal,,,,,,Danio rerio,Comparative Analysis of Endocrine Disrupting Effects of Major Phthalates in Employed Two Cell Lines (MVLN and H295R) and Embryonic Zebrafish Assay,Increasing,"Lee,H., J. Lee, K. Choi, and K.T. Kim",Genetics,2233334,2496325,Formulation,Culture,CYP19b mRNA,,Carrier or solvent,11/18/2019,A,Static,11/18/2019,,Lab,12/12/2019,Laboratory,,2019,,Reviewer assigned endpoint,3 REPLICATES,"EMBRYO MEDIUM COMPOSED OF 15MM NACL, 0.5MM KCL, 1MM CACL2, 1MM MGSO4, 0.05MM NA2HPO4, AND 0.7MM NAHCO3, 0.15MM KH2PO4",Unmeasured,Diisodecyl phthalate,,,HUMAN IN VITRO TESTS,"FROM PROFESSOR ROBERT L. TANGUAY, OREGON STATE UNIVERSITY","SOURCE/FROM PROFESSOR ROBERT L. TANGUAY, OREGON STATE UNIVERSITY//MEDIA/EMBRYO MEDIUM COMPOSED OF 15MM NACL, 0.5MM KCL, 1MM CACL2, 1MM MGSO4, 0.05MM NA2HPO4, AND 0.7MM NAHCO3, 0.15MM KH2PO4//",,Animalia (animals),Bilateria,Chordata (chordates),Vertebrata (vertebrates),Teleostei,,"Cypriniformes (minnows,suckers)",,,"Cyprinidae (carps,minnows,carps and minnows)",Danio,Deuterostomia,,,,,,,6,None,,,,6,,h,Time,,,,,,,,,,,,,162,,h,Time,1,Dosed x time(s) per study period,Unknown,,,,,,,,,,,162,h,Time,28.5,°C,Temperature,,,,,,,,,,,,"Actinopterygii (ray-finned fishes,spiny rayed fishes)",Ostariophysi,Cyprinoidea,Gnathostomata,,,,,,,,,,,,,,,,,"CHORION REMOVED, STRAIN 5D",,,,,,,,2 HIGHEST CONC NOT REPORTED,Significant at all concentrations,P,CONC1/2 HIGHEST CONC NOT REPORTED//,,,,,0.05,,None,Embryo,,,,,,,,,,,,,,,,,,,,,,,,,,,,,,,,,,,,,,,,,,,,,,,,,,,,,,,,,,,,,,,,,,,,162,,h,Time,,,,0.009999999776482582,,mg/L,Mass concentration,,,0.009999999776482582,,mg/L,Mass concentration,,
26761-40-0,"1,2-Benzenedicarboxylic acid diisodecyl ester;1,2-Benzenedicarboxylic acid, 1,2-diisodecyl ester;1,2-Benzenedicarboxylic acid, diisodecyl ester;1,2-Benzenedicarboxylic_acid_diisodecyl_ester;1,2-benzenedicarboxylic_acid,_diisodecyl_ester;bis(8-methylnonyl) benzene-1,2-dicarboxylate;di-''isodecyl'' phthalate;Di-isodecylphthalate;Diisodecyl phthalate;DIISODECYL_PHTHALATE;diisodecylphthalate",,,,,,,,,,,,,,,,,,,,,,,,,,,,,,,,,,,,,,,,,,,,,,,,,,,,,,,,,,,,,,,,,,,,,,,,,,,,,,,,,,,,,,,,,,,,,,,,,,,,,,,,,,,,,,,,,,,,,,,,,,,,,,,,Ecotoxicological Information#Aquatic Toxicity,ECOTOX,LOEC,Environ. Res.172:319-325,True,No qualifier,Equal,,,,,,Danio rerio,Comparative Analysis of Endocrine Disrupting Effects of Major Phthalates in Employed Two Cell Lines (MVLN and H295R) and Embryonic Zebrafish Assay,Increasing,"Lee,H., J. Lee, K. Choi, and K.T. Kim",Genetics,2233334,2496321,Formulation,Culture,Estrogen receptor alpha mRNA,,Carrier or solvent,11/18/2019,A,Static,11/18/2019,,Lab,12/12/2019,Laboratory,,2019,,Reviewer assigned endpoint,3 REPLICATES,"EMBRYO MEDIUM COMPOSED OF 15MM NACL, 0.5MM KCL, 1MM CACL2, 1MM MGSO4, 0.05MM NA2HPO4, AND 0.7MM NAHCO3, 0.15MM KH2PO4",Unmeasured,Diisodecyl phthalate,,,HUMAN IN VITRO TESTS,"FROM PROFESSOR ROBERT L. TANGUAY, OREGON STATE UNIVERSITY","SOURCE/FROM PROFESSOR ROBERT L. TANGUAY, OREGON STATE UNIVERSITY//MEDIA/EMBRYO MEDIUM COMPOSED OF 15MM NACL, 0.5MM KCL, 1MM CACL2, 1MM MGSO4, 0.05MM NA2HPO4, AND 0.7MM NAHCO3, 0.15MM KH2PO4//",,Animalia (animals),Bilateria,Chordata (chordates),Vertebrata (vertebrates),Teleostei,,"Cypriniformes (minnows,suckers)",,,"Cyprinidae (carps,minnows,carps and minnows)",Danio,Deuterostomia,,,,,,,6,None,,,,6,,h,Time,,,,,,,,,,,,,162,,h,Time,1,Dosed x time(s) per study period,Unknown,,,,,,,,,,,162,h,Time,28.5,°C,Temperature,,,,,,,,,,,,"Actinopterygii (ray-finned fishes,spiny rayed fishes)",Ostariophysi,Cyprinoidea,Gnathostomata,,,,,,,,,,,,,,,,,"CHORION REMOVED, STRAIN 5D",,,,,,,,2 HIGHEST CONC NOT REPORTED,Significant at all concentrations,P,CONC1/2 HIGHEST CONC NOT REPORTED//,,,,,0.05,,None,Embryo,,,,,,,,,,,,,,,,,,,,,,,,,,,,,,,,,,,,,,,,,,,,,,,,,,,,,,,,,,,,,,,,,,,,162,,h,Time,,,,0.009999999776482582,,mg/L,Mass concentration,,,0.009999999776482582,,mg/L,Mass concentration,,
26761-40-0,"1,2-Benzenedicarboxylic acid diisodecyl ester;1,2-Benzenedicarboxylic acid, 1,2-diisodecyl ester;1,2-Benzenedicarboxylic acid, diisodecyl ester;1,2-Benzenedicarboxylic_acid_diisodecyl_ester;1,2-benzenedicarboxylic_acid,_diisodecyl_ester;bis(8-methylnonyl) benzene-1,2-dicarboxylate;di-''isodecyl'' phthalate;Di-isodecylphthalate;Diisodecyl phthalate;DIISODECYL_PHTHALATE;diisodecylphthalate",,,,,,,,,,,,,,,,,,,,,,,,,,,,,,,,,,,,,,,,,,,,,,,,,,,,,,,,,,,,,,,,,,,,,,,,,,,,,,,,,,,,,,,,,,,,,,,,,,,,,,,,,,,,,,,,,,,,,,,,,,,,,,,,Ecotoxicological Information#Aquatic Toxicity,ECOTOX,LOEC,Environ. Res.172:319-325,True,No qualifier,Equal,,,,,,Danio rerio,Comparative Analysis of Endocrine Disrupting Effects of Major Phthalates in Employed Two Cell Lines (MVLN and H295R) and Embryonic Zebrafish Assay,Increasing,"Lee,H., J. Lee, K. Choi, and K.T. Kim",Genetics,2233334,2496330,Formulation,Culture,Lutenizing hormone mRNA,,Carrier or solvent,11/18/2019,A,Static,11/18/2019,,Lab,12/12/2019,Laboratory,,2019,,Reviewer assigned endpoint,3 REPLICATES,"EMBRYO MEDIUM COMPOSED OF 15MM NACL, 0.5MM KCL, 1MM CACL2, 1MM MGSO4, 0.05MM NA2HPO4, AND 0.7MM NAHCO3, 0.15MM KH2PO4",Unmeasured,Diisodecyl phthalate,,,HUMAN IN VITRO TESTS,"FROM PROFESSOR ROBERT L. TANGUAY, OREGON STATE UNIVERSITY","SOURCE/FROM PROFESSOR ROBERT L. TANGUAY, OREGON STATE UNIVERSITY//MEDIA/EMBRYO MEDIUM COMPOSED OF 15MM NACL, 0.5MM KCL, 1MM CACL2, 1MM MGSO4, 0.05MM NA2HPO4, AND 0.7MM NAHCO3, 0.15MM KH2PO4//",,Animalia (animals),Bilateria,Chordata (chordates),Vertebrata (vertebrates),Teleostei,,"Cypriniformes (minnows,suckers)",,,"Cyprinidae (carps,minnows,carps and minnows)",Danio,Deuterostomia,,,,,,,6,None,,,,6,,h,Time,,,,,,,,,,,,,162,,h,Time,1,Dosed x time(s) per study period,Unknown,,,,,,,,,,,162,h,Time,28.5,°C,Temperature,,,,,,,,,,,,"Actinopterygii (ray-finned fishes,spiny rayed fishes)",Ostariophysi,Cyprinoidea,Gnathostomata,,,,,,,,,,,,,,,,,"CHORION REMOVED, STRAIN 5D",,,,,,,,2 HIGHEST CONC NOT REPORTED,Significant,P,CONC1/2 HIGHEST CONC NOT REPORTED//,,,,,0.05,,None,Embryo,,,,,85778,,,,,,,,,,,,,,,,,,,,,,,,,,,,,,,,,,,,,,,,,,,,,,,,,,,,,,,,,,,,,,,162,,h,Time,,,,1,,mg/L,Mass concentration,,,1,,mg/L,Mass concentration,,
26761-40-0,"1,2-Benzenedicarboxylic acid diisodecyl ester;1,2-Benzenedicarboxylic acid, 1,2-diisodecyl ester;1,2-Benzenedicarboxylic acid, diisodecyl ester;1,2-Benzenedicarboxylic_acid_diisodecyl_ester;1,2-benzenedicarboxylic_acid,_diisodecyl_ester;bis(8-methylnonyl) benzene-1,2-dicarboxylate;di-''isodecyl'' phthalate;Di-isodecylphthalate;Diisodecyl phthalate;DIISODECYL_PHTHALATE;diisodecylphthalate",,,,,,,,,,,,,,,,,,,,,,,,,,,,,,,,,,,,,,,,,,,,,,,,,,,,,,,,,,,,,,,,,,,,,,,,,,,,,,,,,,,,,,,,,,,,,,,,,,,,,,,,,,,,,,,,,,,,,,,,,,,,,,,,Ecotoxicological Information#Aquatic Toxicity,ECOTOX,LOEC,Environ. Res.172:319-325,True,No qualifier,Equal,,,,,,Danio rerio,Comparative Analysis of Endocrine Disrupting Effects of Major Phthalates in Employed Two Cell Lines (MVLN and H295R) and Embryonic Zebrafish Assay,Increasing,"Lee,H., J. Lee, K. Choi, and K.T. Kim",Genetics,2233334,2496322,Formulation,Culture,Estrogen receptor beta mRNA,,Carrier or solvent,11/18/2019,A,Static,11/18/2019,,Lab,12/12/2019,Laboratory,,2019,,Reviewer assigned endpoint,3 REPLICATES,"EMBRYO MEDIUM COMPOSED OF 15MM NACL, 0.5MM KCL, 1MM CACL2, 1MM MGSO4, 0.05MM NA2HPO4, AND 0.7MM NAHCO3, 0.15MM KH2PO4",Unmeasured,Diisodecyl phthalate,,,HUMAN IN VITRO TESTS,"FROM PROFESSOR ROBERT L. TANGUAY, OREGON STATE UNIVERSITY","SOURCE/FROM PROFESSOR ROBERT L. TANGUAY, OREGON STATE UNIVERSITY//MEDIA/EMBRYO MEDIUM COMPOSED OF 15MM NACL, 0.5MM KCL, 1MM CACL2, 1MM MGSO4, 0.05MM NA2HPO4, AND 0.7MM NAHCO3, 0.15MM KH2PO4//",,Animalia (animals),Bilateria,Chordata (chordates),Vertebrata (vertebrates),Teleostei,,"Cypriniformes (minnows,suckers)",,,"Cyprinidae (carps,minnows,carps and minnows)",Danio,Deuterostomia,,,,,,,6,None,,,,6,,h,Time,,,,,,,,,,,,,162,,h,Time,1,Dosed x time(s) per study period,Unknown,,,,,,,,,,,162,h,Time,28.5,°C,Temperature,,,,,,,,,,,,"Actinopterygii (ray-finned fishes,spiny rayed fishes)",Ostariophysi,Cyprinoidea,Gnathostomata,,,,,,,,,,,,,,,,,"CHORION REMOVED, STRAIN 5D",,,,,,,,2 HIGHEST CONC NOT REPORTED,Significant at all concentrations,P,CONC1/2 HIGHEST CONC NOT REPORTED//,,,,,0.05,,None,Embryo,,,,,,,,,,,,,,,,,,,,,,,,,,,,,,,,,,,,,,,,,,,,,,,,,,,,,,,,,,,,,,,,,,,,162,,h,Time,,,,0.009999999776482582,,mg/L,Mass concentration,,,0.009999999776482582,,mg/L,Mass concentration,,
26761-40-0,"1,2-Benzenedicarboxylic acid diisodecyl ester;1,2-Benzenedicarboxylic acid, 1,2-diisodecyl ester;1,2-Benzenedicarboxylic acid, diisodecyl ester;1,2-Benzenedicarboxylic_acid_diisodecyl_ester;1,2-benzenedicarboxylic_acid,_diisodecyl_ester;bis(8-methylnonyl) benzene-1,2-dicarboxylate;di-''isodecyl'' phthalate;Di-isodecylphthalate;Diisodecyl phthalate;DIISODECYL_PHTHALATE;diisodecylphthalate",,,,,,,,,,,,,,,,,,,,,,,,,,,,,,,,,,,,,,,,,,,,,,,,,,,,,,,,,,,,,,,,,,,,,,,,,,,,,,,,,,,,,,,,,,,,,,,,,,,,,,,,,,,,,,,,,,,,,,,,,,,,,,,,Ecotoxicological Information#Aquatic Toxicity,ECOTOX,LOEC,Environ. Res.172:319-325,True,No qualifier,Equal,,,,,,Danio rerio,Comparative Analysis of Endocrine Disrupting Effects of Major Phthalates in Employed Two Cell Lines (MVLN and H295R) and Embryonic Zebrafish Assay,Increasing,"Lee,H., J. Lee, K. Choi, and K.T. Kim",Genetics,2233334,2496329,Formulation,Culture,Follicle stimulating hormone beta mRNA,,Carrier or solvent,11/18/2019,A,Static,11/18/2019,,Lab,12/12/2019,Laboratory,,2019,,Publication reported endpoint,3 REPLICATES,"EMBRYO MEDIUM COMPOSED OF 15MM NACL, 0.5MM KCL, 1MM CACL2, 1MM MGSO4, 0.05MM NA2HPO4, AND 0.7MM NAHCO3, 0.15MM KH2PO4",Unmeasured,Diisodecyl phthalate,,,HUMAN IN VITRO TESTS,"FROM PROFESSOR ROBERT L. TANGUAY, OREGON STATE UNIVERSITY","SOURCE/FROM PROFESSOR ROBERT L. TANGUAY, OREGON STATE UNIVERSITY//MEDIA/EMBRYO MEDIUM COMPOSED OF 15MM NACL, 0.5MM KCL, 1MM CACL2, 1MM MGSO4, 0.05MM NA2HPO4, AND 0.7MM NAHCO3, 0.15MM KH2PO4//",,Animalia (animals),Bilateria,Chordata (chordates),Vertebrata (vertebrates),Teleostei,,"Cypriniformes (minnows,suckers)",,,"Cyprinidae (carps,minnows,carps and minnows)",Danio,Deuterostomia,,,,,,,6,None,,,,6,,h,Time,,,,,,,,,,,,,162,,h,Time,1,Dosed x time(s) per study period,Unknown,,,,,,,,,,,162,h,Time,28.5,°C,Temperature,,,,,,,,,,,,"Actinopterygii (ray-finned fishes,spiny rayed fishes)",Ostariophysi,Cyprinoidea,Gnathostomata,,,,,,,,,,,,,,,,,"CHORION REMOVED, STRAIN 5D",,,,,,,,2 HIGHEST CONC NOT REPORTED,Significant at all concentrations,P,CONC1/2 HIGHEST CONC NOT REPORTED//,,,,,0.05,,None,Embryo,,,,,,,,,,,,,,,,,,,,,,,,,,,,,,,,,,,,,,,,,,,,,,,,,,,,,,,,,,,,,,,,,,,,162,,h,Time,,,,0.009999999776482582,,mg/L,Mass concentration,,,0.009999999776482582,,mg/L,Mass concentration,,
26761-40-0,"1,2-Benzenedicarboxylic acid diisodecyl ester;1,2-Benzenedicarboxylic acid, 1,2-diisodecyl ester;1,2-Benzenedicarboxylic acid, diisodecyl ester;1,2-Benzenedicarboxylic_acid_diisodecyl_ester;1,2-benzenedicarboxylic_acid,_diisodecyl_ester;bis(8-methylnonyl) benzene-1,2-dicarboxylate;di-''isodecyl'' phthalate;Di-isodecylphthalate;Diisodecyl phthalate;DIISODECYL_PHTHALATE;diisodecylphthalate",,,,,,,,,,,,,,,,,,,,,,,,,,,,,,,,,,,,,,,,,,,,,,,,,,,,,,,,,,,,,,,,,,,,,,,,,,,,,,,,,,,,,,,,,,,,,,,,,,,,,,,,,,,,,,,,,,,,,,,,,,,,,,,,Ecotoxicological Information#Aquatic Toxicity,ECOTOX,NOEC,Chem. Res. Toxicol.28(5): 935-947,True,No qualifier,Equal,,,,,,Sparus aurata,Effects of Diisodecyl Phthalate on PPAR:RXR-Dependent Gene Expression Pathways in Sea Bream Hepatocytes,Decreasing,"Cocci,P., G. Mosconi, A. Arukwe, M. Mozzicafreddo, M. Angeletti, G. Aretusi, and F.A. Palermo",Genetics,2233545,2497204,Formulation,Culture,Peroxisome proliferator activated receptor alpha b mRNA,,Carrier or solvent,11/19/2019,A,In Vitro,11/22/2019,Liver,Lab,12/12/2019,Laboratory,,2015,,Reviewer assigned endpoint,"6 REPLICATES, REPEATED 3 TIMES",LEIBOVITZ L-15 PHENOL RED-FREE MEDIUM,Unmeasured,Diisodecyl phthalate,,,MODELLING,"HATCHERY OF ORBETELLO PESCA LAGUNARE, ITALY","SOURCE/HATCHERY OF ORBETELLO PESCA LAGUNARE, ITALY//MEDIA/LEIBOVITZ L-15 PHENOL RED-FREE MEDIUM//",,Animalia (animals),Bilateria,Chordata (chordates),Vertebrata (vertebrates),Teleostei,,Perciformes (perch-like fishes),Percoidei,,Sparidae (porgies),Sparus,Deuterostomia,,,,,,,4,None,,,,,,,,,,,,,,,,,,,,48,,h,Time,24,Every x hours,Unknown,,,,,,,,,,,48,h,Time,23,°C,Temperature,,,,,,,,,,,,"Actinopterygii (ray-finned fishes,spiny rayed fishes)",Acanthopterygii,,Gnathostomata,,,,,,,,,,,,,,,,,HEPATOCYTES,,,,,,,,,Not significant at all concentrations,P,,"PRIMER USED, ACCESSION NUMBERS REPORTED",,,,0.05,<,None,Not intact,,,,,,,,,,,,,,,,,,,,,,,,,,,,,,,,,,,,,,,,,,,,,,,,,,,,,,,,,,,,,,,,,,,,48,,h,Time,,,,4.466452399999997,,mg/L,Mass concentration,,,10,,µM,Molar concentration,,
26761-40-0,"1,2-Benzenedicarboxylic acid diisodecyl ester;1,2-Benzenedicarboxylic acid, 1,2-diisodecyl ester;1,2-Benzenedicarboxylic acid, diisodecyl ester;1,2-Benzenedicarboxylic_acid_diisodecyl_ester;1,2-benzenedicarboxylic_acid,_diisodecyl_ester;bis(8-methylnonyl) benzene-1,2-dicarboxylate;di-''isodecyl'' phthalate;Di-isodecylphthalate;Diisodecyl phthalate;DIISODECYL_PHTHALATE;diisodecylphthalate",,,,,,,,,,,,,,,,,,,,,,,,,,,,,,,,,,,,,,,,,,,,,,,,,,,,,,,,,,,,,,,,,,,,,,,,,,,,,,,,,,,,,,,,,,,,,,,,,,,,,,,,,,,,,,,,,,,,,,,,,,,,,,,,Ecotoxicological Information#Aquatic Toxicity,ECOTOX,NOEC,Aquat. Toxicol.209:81-90,True,No qualifier,Equal,,,,,,Sparus aurata,Changes in Expression of MicroRNA Potentially Targeting Key Regulators of Lipid Metabolism in Primary Gilthead Sea Bream Hepatocytes Exposed to Phthalates or Flame Retardants,Increasing,"Cocci,P., G. Mosconi, and F.A. Palermo",Genetics,2233741,2497858,Formulation,Culture,Monoacylglycerol lipase abhd6A mRNA,Other Method,Carrier or solvent,11/20/2019,A,In Vitro,11/22/2019,Liver,Lab,12/12/2019,Laboratory,,2019,,Reviewer assigned endpoint,3 REPLICATES,L15 LEIBOVITZ PHENOL RED FREE MEDIUM SUPPLEMENTED WITH 10 PERCENT FETAL BOVINE SERUM,Unmeasured,DIDP,"COCCI ET AL 2015, PALERMO ET AL 2016",,,,"ORG LIFESTAGE/HEPATOCYTES//TMETH/COCCI ET AL 2015, PALERMO ET AL 2016//MEDIA/L15 LEIBOVITZ PHENOL RED FREE MEDIUM SUPPLEMENTED WITH 10 PERCENT FETAL BOVINE SERUM//",,Animalia (animals),Bilateria,Chordata (chordates),Vertebrata (vertebrates),Teleostei,,Perciformes (perch-like fishes),Percoidei,,Sparidae (porgies),Sparus,Deuterostomia,,,,,,,4,None,,,,,,,,,,,,,,,,,,,,48,,h,Time,,,,,,,,,,,,,,48,h,Time,,,,,,,,,,,,,,,"Actinopterygii (ray-finned fishes,spiny rayed fishes)",Acanthopterygii,,Gnathostomata,,,,,,,,,,,,,,,,,CELLS FROM JUVENILE FISH,,,,,,,,,Not significant at all concentrations,P,,"PRIMER USED, ACCESSION NUMBERS REPORTED",,,,0.05,<,None,Not intact,HEPATOCYTES,,,,,,,,,,,,,,,,,,,,,,,,,,,,,,,,,,,,,,,,,,,,,,,,,,,,,,,,,,,,,,,,,,,48,,h,Time,,,,4.466452399999997,,mg/L,Mass concentration,,,10,,µM,Molar concentration,,
26761-40-0,"1,2-Benzenedicarboxylic acid diisodecyl ester;1,2-Benzenedicarboxylic acid, 1,2-diisodecyl ester;1,2-Benzenedicarboxylic acid, diisodecyl ester;1,2-Benzenedicarboxylic_acid_diisodecyl_ester;1,2-benzenedicarboxylic_acid,_diisodecyl_ester;bis(8-methylnonyl) benzene-1,2-dicarboxylate;di-''isodecyl'' phthalate;Di-isodecylphthalate;Diisodecyl phthalate;DIISODECYL_PHTHALATE;diisodecylphthalate",,,,,,,,,,,,,,,,,,,,,,,,,,,,,,,,,,,,,,,,,,,,,,,,,,,,,,,,,,,,,,,,,,,,,,,,,,,,,,,,,,,,,,,,,,,,,,,,,,,,,,,,,,,,,,,,,,,,,,,,,,,,,,,,Ecotoxicological Information#Aquatic Toxicity,ECOTOX,NOEC,Environ. Res.172:319-325,True,No qualifier,Equal,,,,,,Danio rerio,Comparative Analysis of Endocrine Disrupting Effects of Major Phthalates in Employed Two Cell Lines (MVLN and H295R) and Embryonic Zebrafish Assay,Increasing,"Lee,H., J. Lee, K. Choi, and K.T. Kim",Genetics,2233334,2496320,Formulation,Culture,Vitellogenin 1 mRNA,,Carrier or solvent,11/18/2019,A,Static,11/18/2019,,Lab,12/12/2019,Laboratory,,2019,,Reviewer assigned endpoint,3 REPLICATES,"EMBRYO MEDIUM COMPOSED OF 15MM NACL, 0.5MM KCL, 1MM CACL2, 1MM MGSO4, 0.05MM NA2HPO4, AND 0.7MM NAHCO3, 0.15MM KH2PO4",Unmeasured,Diisodecyl phthalate,,,HUMAN IN VITRO TESTS,"FROM PROFESSOR ROBERT L. TANGUAY, OREGON STATE UNIVERSITY","SOURCE/FROM PROFESSOR ROBERT L. TANGUAY, OREGON STATE UNIVERSITY//MEDIA/EMBRYO MEDIUM COMPOSED OF 15MM NACL, 0.5MM KCL, 1MM CACL2, 1MM MGSO4, 0.05MM NA2HPO4, AND 0.7MM NAHCO3, 0.15MM KH2PO4//",,Animalia (animals),Bilateria,Chordata (chordates),Vertebrata (vertebrates),Teleostei,,"Cypriniformes (minnows,suckers)",,,"Cyprinidae (carps,minnows,carps and minnows)",Danio,Deuterostomia,,,,,,,6,None,,,,6,,h,Time,,,,,,,,,,,,,162,,h,Time,1,Dosed x time(s) per study period,Unknown,,,,,,,,,,,162,h,Time,28.5,°C,Temperature,,,,,,,,,,,,"Actinopterygii (ray-finned fishes,spiny rayed fishes)",Ostariophysi,Cyprinoidea,Gnathostomata,,,,,,,,,,,,,,,,,"CHORION REMOVED, STRAIN 5D",,,,,,,,2 HIGHEST CONC NOT REPORTED,No significance,P,CONC1/2 HIGHEST CONC NOT REPORTED//,,,,,0.05,,None,Embryo,,,,,,,,,,,,,,,,,,,,,,,,,,,,,,,,,,,,,,,,,,,,,,,,,,,,,,,,,,,,,,,,,,,,162,,h,Time,,,,1,,mg/L,Mass concentration,,,1,,mg/L,Mass concentration,,
26761-40-0,"1,2-Benzenedicarboxylic acid diisodecyl ester;1,2-Benzenedicarboxylic acid, 1,2-diisodecyl ester;1,2-Benzenedicarboxylic acid, diisodecyl ester;1,2-Benzenedicarboxylic_acid_diisodecyl_ester;1,2-benzenedicarboxylic_acid,_diisodecyl_ester;bis(8-methylnonyl) benzene-1,2-dicarboxylate;di-''isodecyl'' phthalate;Di-isodecylphthalate;Diisodecyl phthalate;DIISODECYL_PHTHALATE;diisodecylphthalate",,,,,,,,,,,,,,,,,,,,,,,,,,,,,,,,,,,,,,,,,,,,,,,,,,,,,,,,,,,,,,,,,,,,,,,,,,,,,,,,,,,,,,,,,,,,,,,,,,,,,,,,,,,,,,,,,,,,,,,,,,,,,,,,Ecotoxicological Information#Aquatic Toxicity,ECOTOX,NOEC,Environ. Res.172:319-325,True,No qualifier,Equal,,,,,,Danio rerio,Comparative Analysis of Endocrine Disrupting Effects of Major Phthalates in Employed Two Cell Lines (MVLN and H295R) and Embryonic Zebrafish Assay,Increasing,"Lee,H., J. Lee, K. Choi, and K.T. Kim",Genetics,2233334,2496324,Formulation,Culture,CYP19A1 mRNA,,Carrier or solvent,11/18/2019,A,Static,11/18/2019,,Lab,12/12/2019,Laboratory,,2019,,Reviewer assigned endpoint,3 REPLICATES,"EMBRYO MEDIUM COMPOSED OF 15MM NACL, 0.5MM KCL, 1MM CACL2, 1MM MGSO4, 0.05MM NA2HPO4, AND 0.7MM NAHCO3, 0.15MM KH2PO4",Unmeasured,Diisodecyl phthalate,,,HUMAN IN VITRO TESTS,"FROM PROFESSOR ROBERT L. TANGUAY, OREGON STATE UNIVERSITY","SOURCE/FROM PROFESSOR ROBERT L. TANGUAY, OREGON STATE UNIVERSITY//MEDIA/EMBRYO MEDIUM COMPOSED OF 15MM NACL, 0.5MM KCL, 1MM CACL2, 1MM MGSO4, 0.05MM NA2HPO4, AND 0.7MM NAHCO3, 0.15MM KH2PO4//",,Animalia (animals),Bilateria,Chordata (chordates),Vertebrata (vertebrates),Teleostei,,"Cypriniformes (minnows,suckers)",,,"Cyprinidae (carps,minnows,carps and minnows)",Danio,Deuterostomia,,,,,,,6,None,,,,6,,h,Time,,,,,,,,,,,,,162,,h,Time,1,Dosed x time(s) per study period,Unknown,,,,,,,,,,,162,h,Time,28.5,°C,Temperature,,,,,,,,,,,,"Actinopterygii (ray-finned fishes,spiny rayed fishes)",Ostariophysi,Cyprinoidea,Gnathostomata,,,,,,,,,,,,,,,,,"CHORION REMOVED, STRAIN 5D",,,,,,,,2 HIGHEST CONC NOT REPORTED,No significance,P,CONC1/2 HIGHEST CONC NOT REPORTED//,,,,,0.05,,None,Embryo,,,,,,,,,,,,,,,,,,,,,,,,,,,,,,,,,,,,,,,,,,,,,,,,,,,,,,,,,,,,,,,,,,,,162,,h,Time,,,,1,,mg/L,Mass concentration,,,1,,mg/L,Mass concentration,,
26761-40-0,"1,2-Benzenedicarboxylic acid diisodecyl ester;1,2-Benzenedicarboxylic acid, 1,2-diisodecyl ester;1,2-Benzenedicarboxylic acid, diisodecyl ester;1,2-Benzenedicarboxylic_acid_diisodecyl_ester;1,2-benzenedicarboxylic_acid,_diisodecyl_ester;bis(8-methylnonyl) benzene-1,2-dicarboxylate;di-''isodecyl'' phthalate;Di-isodecylphthalate;Diisodecyl phthalate;DIISODECYL_PHTHALATE;diisodecylphthalate",,,,,,,,,,,,,,,,,,,,,,,,,,,,,,,,,,,,,,,,,,,,,,,,,,,,,,,,,,,,,,,,,,,,,,,,,,,,,,,,,,,,,,,,,,,,,,,,,,,,,,,,,,,,,,,,,,,,,,,,,,,,,,,,Ecotoxicological Information#Aquatic Toxicity,ECOTOX,NOEC,Environ. Res.172:319-325,True,No qualifier,Equal,,,,,,Danio rerio,Comparative Analysis of Endocrine Disrupting Effects of Major Phthalates in Employed Two Cell Lines (MVLN and H295R) and Embryonic Zebrafish Assay,Increasing,"Lee,H., J. Lee, K. Choi, and K.T. Kim",Genetics,2233334,2496323,Formulation,Culture,Lutenizing hormone mRNA,,Carrier or solvent,11/18/2019,A,Static,11/18/2019,,Lab,12/12/2019,Laboratory,,2019,,Reviewer assigned endpoint,3 REPLICATES,"EMBRYO MEDIUM COMPOSED OF 15MM NACL, 0.5MM KCL, 1MM CACL2, 1MM MGSO4, 0.05MM NA2HPO4, AND 0.7MM NAHCO3, 0.15MM KH2PO4",Unmeasured,Diisodecyl phthalate,,,HUMAN IN VITRO TESTS,"FROM PROFESSOR ROBERT L. TANGUAY, OREGON STATE UNIVERSITY","SOURCE/FROM PROFESSOR ROBERT L. TANGUAY, OREGON STATE UNIVERSITY//MEDIA/EMBRYO MEDIUM COMPOSED OF 15MM NACL, 0.5MM KCL, 1MM CACL2, 1MM MGSO4, 0.05MM NA2HPO4, AND 0.7MM NAHCO3, 0.15MM KH2PO4//",,Animalia (animals),Bilateria,Chordata (chordates),Vertebrata (vertebrates),Teleostei,,"Cypriniformes (minnows,suckers)",,,"Cyprinidae (carps,minnows,carps and minnows)",Danio,Deuterostomia,,,,,,,6,None,,,,6,,h,Time,,,,,,,,,,,,,162,,h,Time,1,Dosed x time(s) per study period,Unknown,,,,,,,,,,,162,h,Time,28.5,°C,Temperature,,,,,,,,,,,,"Actinopterygii (ray-finned fishes,spiny rayed fishes)",Ostariophysi,Cyprinoidea,Gnathostomata,,,,,,,,,,,,,,,,,"CHORION REMOVED, STRAIN 5D",,,,,,,,2 HIGHEST CONC NOT REPORTED,No significance,P,CONC1/2 HIGHEST CONC NOT REPORTED//,,,,,0.05,,None,Embryo,,,,,85778,,,,,,,,,,,,,,,,,,,,,,,,,,,,,,,,,,,,,,,,,,,,,,,,,,,,,,,,,,,,,,,162,,h,Time,,,,0.10000000149011612,,mg/L,Mass concentration,,,0.10000000149011612,,mg/L,Mass concentration,,
26761-40-0,"1,2-Benzenedicarboxylic acid diisodecyl ester;1,2-Benzenedicarboxylic acid, 1,2-diisodecyl ester;1,2-Benzenedicarboxylic acid, diisodecyl ester;1,2-Benzenedicarboxylic_acid_diisodecyl_ester;1,2-benzenedicarboxylic_acid,_diisodecyl_ester;bis(8-methylnonyl) benzene-1,2-dicarboxylate;di-''isodecyl'' phthalate;Di-isodecylphthalate;Diisodecyl phthalate;DIISODECYL_PHTHALATE;diisodecylphthalate",,,,,,,,,,,,,,,,,,,,,,,,,,,,,,,,,,,,,,,,,,,,,,,,,,,,,,,,,,,,,,,,,,,,,,,,,,,,,,,,,,,,,,,,,,,,,,,,,,,,,,,,,,,,,,,,,,,,,,,,,,,,,,,,Ecotoxicological Information#Aquatic Toxicity,ECOTOX,,Chem. Res. Toxicol.28(5): 935-947,True,Data in range,Equal,,,,,,Sparus aurata,Effects of Diisodecyl Phthalate on PPAR:RXR-Dependent Gene Expression Pathways in Sea Bream Hepatocytes,Increasing,"Cocci,P., G. Mosconi, A. Arukwe, M. Mozzicafreddo, M. Angeletti, G. Aretusi, and F.A. Palermo",Genetics,2233545,2497213,Formulation,Culture,Stearoyl-CoA desaturase 1a mRNA,,Carrier or solvent,11/19/2019,A,In Vitro,11/22/2019,Liver,Lab,12/12/2019,Laboratory,,2015,,,"6 REPLICATES, REPEATED 3 TIMES",LEIBOVITZ L-15 PHENOL RED-FREE MEDIUM,Unmeasured,Diisodecyl phthalate,,,MODELLING,"HATCHERY OF ORBETELLO PESCA LAGUNARE, ITALY","SOURCE/HATCHERY OF ORBETELLO PESCA LAGUNARE, ITALY//MEDIA/LEIBOVITZ L-15 PHENOL RED-FREE MEDIUM//",,Animalia (animals),Bilateria,Chordata (chordates),Vertebrata (vertebrates),Teleostei,,Perciformes (perch-like fishes),Percoidei,,Sparidae (porgies),Sparus,Deuterostomia,,,,,,,4,None,,,,,,,,,,,,,,,,,,,,48,,h,Time,24,Every x hours,Unknown,,,,,,,,,,,48,h,Time,23,°C,Temperature,,,,,,,,,,,,"Actinopterygii (ray-finned fishes,spiny rayed fishes)",Acanthopterygii,,Gnathostomata,,,,,,,,,,,,,,,,,HEPATOCYTES,,,,,,,,,Multiple significance,P,,"PRIMER USED, ACCESSION NUMBERS REPORTED",,,,0.05,<,None,Not intact,,,,,,,,,,,,,,,,,,,,,,,,,,,,,,,,,,,,,,,,,,,,,,,,,,,,,,,,,,,,,,,,,,,,48,,h,Time,,,,,,mg/L,Mass concentration,0.04466452466555325,4.466452399999997,,,µM,Molar concentration,0.10000000149011612,10
26761-40-0,"1,2-Benzenedicarboxylic acid diisodecyl ester;1,2-Benzenedicarboxylic acid, 1,2-diisodecyl ester;1,2-Benzenedicarboxylic acid, diisodecyl ester;1,2-Benzenedicarboxylic_acid_diisodecyl_ester;1,2-benzenedicarboxylic_acid,_diisodecyl_ester;bis(8-methylnonyl) benzene-1,2-dicarboxylate;di-''isodecyl'' phthalate;Di-isodecylphthalate;Diisodecyl phthalate;DIISODECYL_PHTHALATE;diisodecylphthalate",,,,,,,,,,,,,,,,,,,,,,,,,,,,,,,,,,,,,,,,,,,,,,,,,,,,,,,,,,,,,,,,,,,,,,,,,,,,,,,,,,,,,,,,,,,,,,,,,,,,,,,,,,,,,,,,,,,,,,,,,,,,,,,,Ecotoxicological Information#Aquatic Toxicity,ECOTOX,,Chem. Res. Toxicol.28(5): 935-947,True,Data in range,Equal,,,,,,Sparus aurata,Effects of Diisodecyl Phthalate on PPAR:RXR-Dependent Gene Expression Pathways in Sea Bream Hepatocytes,Change,"Cocci,P., G. Mosconi, A. Arukwe, M. Mozzicafreddo, M. Angeletti, G. Aretusi, and F.A. Palermo",Genetics,2233545,2497218,Formulation,Culture,Apolipoprotein A1 mRNA,,Carrier or solvent,11/19/2019,A,In Vitro,11/22/2019,Liver,Lab,12/12/2019,Laboratory,,2015,,,"6 REPLICATES, REPEATED 3 TIMES",LEIBOVITZ L-15 PHENOL RED-FREE MEDIUM,Unmeasured,Diisodecyl phthalate,,,MODELLING,"HATCHERY OF ORBETELLO PESCA LAGUNARE, ITALY","SOURCE/HATCHERY OF ORBETELLO PESCA LAGUNARE, ITALY//MEDIA/LEIBOVITZ L-15 PHENOL RED-FREE MEDIUM//",,Animalia (animals),Bilateria,Chordata (chordates),Vertebrata (vertebrates),Teleostei,,Perciformes (perch-like fishes),Percoidei,,Sparidae (porgies),Sparus,Deuterostomia,,,,,,,4,None,,,,,,,,,,,,,,,,,,,,48,,h,Time,24,Every x hours,Unknown,,,,,,,,,,,48,h,Time,23,°C,Temperature,,,,,,,,,,,,"Actinopterygii (ray-finned fishes,spiny rayed fishes)",Acanthopterygii,,Gnathostomata,,,,,,,,,,,,,,,,,HEPATOCYTES,,,,,,,,,Multiple significance,P,,"PRIMER USED, ACCESSION NUMBERS REPORTED",,,,0.05,<,None,Not intact,,,,,,,,,,,,,,,,,,,,,,,,,,,,,,,,,,,,,,,,,,,,,,,,,,,,,,,,,,,,,,,,,,,,48,,h,Time,,,,,,mg/L,Mass concentration,0.04466452466555325,4.466452399999997,,,µM,Molar concentration,0.10000000149011612,10
26761-40-0,"1,2-Benzenedicarboxylic acid diisodecyl ester;1,2-Benzenedicarboxylic acid, 1,2-diisodecyl ester;1,2-Benzenedicarboxylic acid, diisodecyl ester;1,2-Benzenedicarboxylic_acid_diisodecyl_ester;1,2-benzenedicarboxylic_acid,_diisodecyl_ester;bis(8-methylnonyl) benzene-1,2-dicarboxylate;di-''isodecyl'' phthalate;Di-isodecylphthalate;Diisodecyl phthalate;DIISODECYL_PHTHALATE;diisodecylphthalate",,,,,,,,,,,,,,,,,,,,,,,,,,,,,,,,,,,,,,,,,,,,,,,,,,,,,,,,,,,,,,,,,,,,,,,,,,,,,,,,,,,,,,,,,,,,,,,,,,,,,,,,,,,,,,,,,,,,,,,,,,,,,,,,Ecotoxicological Information#Aquatic Toxicity,ECOTOX,,Chem. Res. Toxicol.28(5): 935-947,True,Data in range,Equal,,,,,,Sparus aurata,Effects of Diisodecyl Phthalate on PPAR:RXR-Dependent Gene Expression Pathways in Sea Bream Hepatocytes,Increasing,"Cocci,P., G. Mosconi, A. Arukwe, M. Mozzicafreddo, M. Angeletti, G. Aretusi, and F.A. Palermo",Genetics,2233545,2497203,Formulation,Culture,Retinoid X Receptor alpha mRNA,,Carrier or solvent,11/19/2019,A,In Vitro,11/22/2019,Liver,Lab,12/12/2019,Laboratory,,2015,,,"6 REPLICATES, REPEATED 3 TIMES",LEIBOVITZ L-15 PHENOL RED-FREE MEDIUM,Unmeasured,Diisodecyl phthalate,,,MODELLING,"HATCHERY OF ORBETELLO PESCA LAGUNARE, ITALY","SOURCE/HATCHERY OF ORBETELLO PESCA LAGUNARE, ITALY//MEDIA/LEIBOVITZ L-15 PHENOL RED-FREE MEDIUM//",,Animalia (animals),Bilateria,Chordata (chordates),Vertebrata (vertebrates),Teleostei,,Perciformes (perch-like fishes),Percoidei,,Sparidae (porgies),Sparus,Deuterostomia,,,,,,,4,None,,,,,,,,,,,,,,,,,,,,48,,h,Time,24,Every x hours,Unknown,,,,,,,,,,,48,h,Time,23,°C,Temperature,,,,,,,,,,,,"Actinopterygii (ray-finned fishes,spiny rayed fishes)",Acanthopterygii,,Gnathostomata,,,,,,,,,,,,,,,,,HEPATOCYTES,,,,,,,,,Multiple significance,P,,"PRIMER USED, ACCESSION NUMBERS REPORTED",,,,0.05,<,None,Not intact,,,,,,,,,,,,,,,,,,,,,,,,,,,,,,,,,,,,,,,,,,,,,,,,,,,,,,,,,,,,,,,,,,,,48,,h,Time,,,,,,mg/L,Mass concentration,0.04466452466555325,4.466452399999997,,,µM,Molar concentration,0.10000000149011612,10
26761-40-0,"1,2-Benzenedicarboxylic acid diisodecyl ester;1,2-Benzenedicarboxylic acid, 1,2-diisodecyl ester;1,2-Benzenedicarboxylic acid, diisodecyl ester;1,2-Benzenedicarboxylic_acid_diisodecyl_ester;1,2-benzenedicarboxylic_acid,_diisodecyl_ester;bis(8-methylnonyl) benzene-1,2-dicarboxylate;di-''isodecyl'' phthalate;Di-isodecylphthalate;Diisodecyl phthalate;DIISODECYL_PHTHALATE;diisodecylphthalate",,,,,,,,,,,,,,,,,,,,,,,,,,,,,,,,,,,,,,,,,,,,,,,,,,,,,,,,,,,,,,,,,,,,,,,,,,,,,,,,,,,,,,,,,,,,,,,,,,,,,,,,,,,,,,,,,,,,,,,,,,,,,,,,Ecotoxicological Information#Aquatic Toxicity,ECOTOX,,Chem. Res. Toxicol.28(5): 935-947,True,Data in range,Equal,,,,,,Sparus aurata,Effects of Diisodecyl Phthalate on PPAR:RXR-Dependent Gene Expression Pathways in Sea Bream Hepatocytes,Increasing,"Cocci,P., G. Mosconi, A. Arukwe, M. Mozzicafreddo, M. Angeletti, G. Aretusi, and F.A. Palermo",Genetics,2233545,2497217,Formulation,Culture,Fatty acid binding protein mRNA,,Carrier or solvent,11/19/2019,A,In Vitro,11/22/2019,Liver,Lab,12/12/2019,Laboratory,,2015,,,"6 REPLICATES, REPEATED 3 TIMES",LEIBOVITZ L-15 PHENOL RED-FREE MEDIUM,Unmeasured,Diisodecyl phthalate,,,MODELLING,"HATCHERY OF ORBETELLO PESCA LAGUNARE, ITALY","SOURCE/HATCHERY OF ORBETELLO PESCA LAGUNARE, ITALY//MEDIA/LEIBOVITZ L-15 PHENOL RED-FREE MEDIUM//",,Animalia (animals),Bilateria,Chordata (chordates),Vertebrata (vertebrates),Teleostei,,Perciformes (perch-like fishes),Percoidei,,Sparidae (porgies),Sparus,Deuterostomia,,,,,,,4,None,,,,,,,,,,,,,,,,,,,,48,,h,Time,24,Every x hours,Unknown,,,,,,,,,,,48,h,Time,23,°C,Temperature,,,,,,,,,,,,"Actinopterygii (ray-finned fishes,spiny rayed fishes)",Acanthopterygii,,Gnathostomata,,,,,,,,,,,,,,,,,HEPATOCYTES,,,,,,,,,Multiple significance,P,,"PRIMER USED, ACCESSION NUMBERS REPORTED",,,,0.05,<,None,Not intact,,,,,,,,,,,,,,,,,,,,,,,,,,,,,,,,,,,,,,,,,,,,,,,,,,,,,,,,,,,,,,,,,,,,48,,h,Time,,,,,,mg/L,Mass concentration,0.04466452466555325,4.466452399999997,,,µM,Molar concentration,0.10000000149011612,10
26761-40-0,"1,2-Benzenedicarboxylic acid diisodecyl ester;1,2-Benzenedicarboxylic acid, 1,2-diisodecyl ester;1,2-Benzenedicarboxylic acid, diisodecyl ester;1,2-Benzenedicarboxylic_acid_diisodecyl_ester;1,2-benzenedicarboxylic_acid,_diisodecyl_ester;bis(8-methylnonyl) benzene-1,2-dicarboxylate;di-''isodecyl'' phthalate;Di-isodecylphthalate;Diisodecyl phthalate;DIISODECYL_PHTHALATE;diisodecylphthalate",,,,,,,,,,,,,,,,,,,,,,,,,,,,,,,,,,,,,,,,,,,,,,,,,,,,,,,,,,,,,,,,,,,,,,,,,,,,,,,,,,,,,,,,,,,,,,,,,,,,,,,,,,,,,,,,,,,,,,,,,,,,,,,,Ecotoxicological Information#Aquatic Toxicity,ECOTOX,,Aquat. Toxicol.209:81-90,True,Data in range,Equal,,,,,,Sparus aurata,Changes in Expression of MicroRNA Potentially Targeting Key Regulators of Lipid Metabolism in Primary Gilthead Sea Bream Hepatocytes Exposed to Phthalates or Flame Retardants,Decreasing,"Cocci,P., G. Mosconi, and F.A. Palermo",Genetics,2233741,2497861,Formulation,Culture,miRNA 199a,Other Method,Carrier or solvent,11/20/2019,A,In Vitro,11/22/2019,Liver,Lab,12/12/2019,Laboratory,,2019,,,3 REPLICATES,L15 LEIBOVITZ PHENOL RED FREE MEDIUM SUPPLEMENTED WITH 10 PERCENT FETAL BOVINE SERUM,Unmeasured,DIDP,"COCCI ET AL 2015, PALERMO ET AL 2016",,,,"ORG LIFESTAGE/HEPATOCYTES//TMETH/COCCI ET AL 2015, PALERMO ET AL 2016//MEDIA/L15 LEIBOVITZ PHENOL RED FREE MEDIUM SUPPLEMENTED WITH 10 PERCENT FETAL BOVINE SERUM//",,Animalia (animals),Bilateria,Chordata (chordates),Vertebrata (vertebrates),Teleostei,,Perciformes (perch-like fishes),Percoidei,,Sparidae (porgies),Sparus,Deuterostomia,,,,,,,4,None,,,,,,,,,,,,,,,,,,,,48,,h,Time,,,,,,,,,,,,,,48,h,Time,,,,,,,,,,,,,,,"Actinopterygii (ray-finned fishes,spiny rayed fishes)",Acanthopterygii,,Gnathostomata,,,,,,,,,,,,,,,,,CELLS FROM JUVENILE FISH,,,,,,,,,Multiple significance,P,,"PRIMER USED, ACCESSION NUMBERS REPORTED",,,,0.05,<,None,Not intact,HEPATOCYTES,,,,,,,,,,,,,,,,,,,,,,,,,,,,,,,,,,,,,,,,,,,,,,,,,,,,,,,,,,,,,,,,,,,48,,h,Time,,,,,,mg/L,Mass concentration,0.04466452466555325,4.466452399999997,,,µM,Molar concentration,0.10000000149011612,10
26761-40-0,"1,2-Benzenedicarboxylic acid diisodecyl ester;1,2-Benzenedicarboxylic acid, 1,2-diisodecyl ester;1,2-Benzenedicarboxylic acid, diisodecyl ester;1,2-Benzenedicarboxylic_acid_diisodecyl_ester;1,2-benzenedicarboxylic_acid,_diisodecyl_ester;bis(8-methylnonyl) benzene-1,2-dicarboxylate;di-''isodecyl'' phthalate;Di-isodecylphthalate;Diisodecyl phthalate;DIISODECYL_PHTHALATE;diisodecylphthalate",,,,,,,,,,,,,,,,,,,,,,,,,,,,,,,,,,,,,,,,,,,,,,,,,,,,,,,,,,,,,,,,,,,,,,,,,,,,,,,,,,,,,,,,,,,,,,,,,,,,,,,,,,,,,,,,,,,,,,,,,,,,,,,,Ecotoxicological Information#Aquatic Toxicity,ECOTOX,,Chem. Res. Toxicol.28(5): 935-947,True,Data in range,Equal,,,,,,Sparus aurata,Effects of Diisodecyl Phthalate on PPAR:RXR-Dependent Gene Expression Pathways in Sea Bream Hepatocytes,Increasing,"Cocci,P., G. Mosconi, A. Arukwe, M. Mozzicafreddo, M. Angeletti, G. Aretusi, and F.A. Palermo",Genetics,2233545,2497206,Formulation,Culture,Carnitine palmitoyltransferase 1B mRNA,,Carrier or solvent,11/19/2019,A,In Vitro,11/22/2019,Liver,Lab,12/12/2019,Laboratory,,2015,,,"6 REPLICATES, REPEATED 3 TIMES",LEIBOVITZ L-15 PHENOL RED-FREE MEDIUM,Unmeasured,Diisodecyl phthalate,,,MODELLING,"HATCHERY OF ORBETELLO PESCA LAGUNARE, ITALY","SOURCE/HATCHERY OF ORBETELLO PESCA LAGUNARE, ITALY//MEDIA/LEIBOVITZ L-15 PHENOL RED-FREE MEDIUM//",,Animalia (animals),Bilateria,Chordata (chordates),Vertebrata (vertebrates),Teleostei,,Perciformes (perch-like fishes),Percoidei,,Sparidae (porgies),Sparus,Deuterostomia,,,,,,,4,None,,,,,,,,,,,,,,,,,,,,48,,h,Time,24,Every x hours,Unknown,,,,,,,,,,,48,h,Time,23,°C,Temperature,,,,,,,,,,,,"Actinopterygii (ray-finned fishes,spiny rayed fishes)",Acanthopterygii,,Gnathostomata,,,,,,,,,,,,,,,,,HEPATOCYTES,,,,,,,,,Multiple significance,P,,"PRIMER USED, ACCESSION NUMBERS REPORTED",,,,0.05,<,None,Not intact,,,,,,,,,,,,,,,,,,,,,,,,,,,,,,,,,,,,,,,,,,,,,,,,,,,,,,,,,,,,,,,,,,,,48,,h,Time,,,,,,mg/L,Mass concentration,0.04466452466555325,4.466452399999997,,,µM,Molar concentration,0.10000000149011612,10
26761-40-0,"1,2-Benzenedicarboxylic acid diisodecyl ester;1,2-Benzenedicarboxylic acid, 1,2-diisodecyl ester;1,2-Benzenedicarboxylic acid, diisodecyl ester;1,2-Benzenedicarboxylic_acid_diisodecyl_ester;1,2-benzenedicarboxylic_acid,_diisodecyl_ester;bis(8-methylnonyl) benzene-1,2-dicarboxylate;di-''isodecyl'' phthalate;Di-isodecylphthalate;Diisodecyl phthalate;DIISODECYL_PHTHALATE;diisodecylphthalate",,,,,,,,,,,,,,,,,,,,,,,,,,,,,,,,,,,,,,,,,,,,,,,,,,,,,,,,,,,,,,,,,,,,,,,,,,,,,,,,,,,,,,,,,,,,,,,,,,,,,,,,,,,,,,,,,,,,,,,,,,,,,,,,Ecotoxicological Information#Aquatic Toxicity,ECOTOX,,Chem. Res. Toxicol.28(5): 935-947,True,Data in range,Equal,,,,,,Sparus aurata,Effects of Diisodecyl Phthalate on PPAR:RXR-Dependent Gene Expression Pathways in Sea Bream Hepatocytes,Increasing,"Cocci,P., G. Mosconi, A. Arukwe, M. Mozzicafreddo, M. Angeletti, G. Aretusi, and F.A. Palermo",Genetics,2233545,2497201,Formulation,Culture,Peroxisome proliferator-activated receptor beta mRNA,,Carrier or solvent,11/19/2019,A,In Vitro,11/22/2019,Liver,Lab,12/12/2019,Laboratory,,2015,,,"6 REPLICATES, REPEATED 3 TIMES",LEIBOVITZ L-15 PHENOL RED-FREE MEDIUM,Unmeasured,Diisodecyl phthalate,,,MODELLING,"HATCHERY OF ORBETELLO PESCA LAGUNARE, ITALY","SOURCE/HATCHERY OF ORBETELLO PESCA LAGUNARE, ITALY//MEDIA/LEIBOVITZ L-15 PHENOL RED-FREE MEDIUM//",,Animalia (animals),Bilateria,Chordata (chordates),Vertebrata (vertebrates),Teleostei,,Perciformes (perch-like fishes),Percoidei,,Sparidae (porgies),Sparus,Deuterostomia,,,,,,,4,None,,,,,,,,,,,,,,,,,,,,48,,h,Time,24,Every x hours,Unknown,,,,,,,,,,,48,h,Time,23,°C,Temperature,,,,,,,,,,,,"Actinopterygii (ray-finned fishes,spiny rayed fishes)",Acanthopterygii,,Gnathostomata,,,,,,,,,,,,,,,,,HEPATOCYTES,,,,,,,,,Multiple significance,P,,"PRIMER USED, ACCESSION NUMBERS REPORTED",,,,0.05,<,None,Not intact,,,,,,,,,,,,,,,,,,,,,,,,,,,,,,,,,,,,,,,,,,,,,,,,,,,,,,,,,,,,,,,,,,,,48,,h,Time,,,,,,mg/L,Mass concentration,0.04466452466555325,4.466452399999997,,,µM,Molar concentration,0.10000000149011612,10
26761-40-0,"1,2-Benzenedicarboxylic acid diisodecyl ester;1,2-Benzenedicarboxylic acid, 1,2-diisodecyl ester;1,2-Benzenedicarboxylic acid, diisodecyl ester;1,2-Benzenedicarboxylic_acid_diisodecyl_ester;1,2-benzenedicarboxylic_acid,_diisodecyl_ester;bis(8-methylnonyl) benzene-1,2-dicarboxylate;di-''isodecyl'' phthalate;Di-isodecylphthalate;Diisodecyl phthalate;DIISODECYL_PHTHALATE;diisodecylphthalate",,,,,,,,,,,,,,,,,,,,,,,,,,,,,,,,,,,,,,,,,,,,,,,,,,,,,,,,,,,,,,,,,,,,,,,,,,,,,,,,,,,,,,,,,,,,,,,,,,,,,,,,,,,,,,,,,,,,,,,,,,,,,,,,Ecotoxicological Information#Aquatic Toxicity,ECOTOX,,Aquat. Toxicol.209:81-90,True,Data in range,Equal,,,,,,Sparus aurata,Changes in Expression of MicroRNA Potentially Targeting Key Regulators of Lipid Metabolism in Primary Gilthead Sea Bream Hepatocytes Exposed to Phthalates or Flame Retardants,Change,"Cocci,P., G. Mosconi, and F.A. Palermo",Genetics,2233741,2497859,Formulation,Culture,Group XIIB secretory phospholipase A2 mRNA,Other Method,Carrier or solvent,11/20/2019,A,In Vitro,11/22/2019,Liver,Lab,12/12/2019,Laboratory,,2019,,,3 REPLICATES,L15 LEIBOVITZ PHENOL RED FREE MEDIUM SUPPLEMENTED WITH 10 PERCENT FETAL BOVINE SERUM,Unmeasured,DIDP,"COCCI ET AL 2015, PALERMO ET AL 2016",,,,"ORG LIFESTAGE/HEPATOCYTES//TMETH/COCCI ET AL 2015, PALERMO ET AL 2016//MEDIA/L15 LEIBOVITZ PHENOL RED FREE MEDIUM SUPPLEMENTED WITH 10 PERCENT FETAL BOVINE SERUM//",,Animalia (animals),Bilateria,Chordata (chordates),Vertebrata (vertebrates),Teleostei,,Perciformes (perch-like fishes),Percoidei,,Sparidae (porgies),Sparus,Deuterostomia,,,,,,,4,None,,,,,,,,,,,,,,,,,,,,48,,h,Time,,,,,,,,,,,,,,48,h,Time,,,,,,,,,,,,,,,"Actinopterygii (ray-finned fishes,spiny rayed fishes)",Acanthopterygii,,Gnathostomata,,,,,,,,,,,,,,,,,CELLS FROM JUVENILE FISH,,,,,,,,,Multiple significance,P,,"PRIMER USED, ACCESSION NUMBERS REPORTED",,,,0.05,<,None,Not intact,HEPATOCYTES,,,,,,,,,,,,,,,,,,,,,,,,,,,,,,,,,,,,,,,,,,,,,,,,,,,,,,,,,,,,,,,,,,,48,,h,Time,,,,,,mg/L,Mass concentration,0.04466452466555325,4.466452399999997,,,µM,Molar concentration,0.10000000149011612,10
26761-40-0,"1,2-Benzenedicarboxylic acid diisodecyl ester;1,2-Benzenedicarboxylic acid, 1,2-diisodecyl ester;1,2-Benzenedicarboxylic acid, diisodecyl ester;1,2-Benzenedicarboxylic_acid_diisodecyl_ester;1,2-benzenedicarboxylic_acid,_diisodecyl_ester;bis(8-methylnonyl) benzene-1,2-dicarboxylate;di-''isodecyl'' phthalate;Di-isodecylphthalate;Diisodecyl phthalate;DIISODECYL_PHTHALATE;diisodecylphthalate",,,,,,,,,,,,,,,,,,,,,,,,,,,,,,,,,,,,,,,,,,,,,,,,,,,,,,,,,,,,,,,,,,,,,,,,,,,,,,,,,,,,,,,,,,,,,,,,,,,,,,,,,,,,,,,,,,,,,,,,,,,,,,,,Ecotoxicological Information#Aquatic Toxicity,ECOTOX,,Aquat. Toxicol.209:81-90,True,Data in range,Equal,,,,,,Sparus aurata,Changes in Expression of MicroRNA Potentially Targeting Key Regulators of Lipid Metabolism in Primary Gilthead Sea Bream Hepatocytes Exposed to Phthalates or Flame Retardants,Change,"Cocci,P., G. Mosconi, and F.A. Palermo",Genetics,2233741,2497856,Formulation,Culture,Elongation of very long chain fatty acids protein 6 mRNA,Other Method,Carrier or solvent,11/20/2019,A,In Vitro,11/22/2019,Liver,Lab,12/12/2019,Laboratory,,2019,,,3 REPLICATES,L15 LEIBOVITZ PHENOL RED FREE MEDIUM SUPPLEMENTED WITH 10 PERCENT FETAL BOVINE SERUM,Unmeasured,DIDP,"COCCI ET AL 2015, PALERMO ET AL 2016",,,,"ORG LIFESTAGE/HEPATOCYTES//TMETH/COCCI ET AL 2015, PALERMO ET AL 2016//MEDIA/L15 LEIBOVITZ PHENOL RED FREE MEDIUM SUPPLEMENTED WITH 10 PERCENT FETAL BOVINE SERUM//",,Animalia (animals),Bilateria,Chordata (chordates),Vertebrata (vertebrates),Teleostei,,Perciformes (perch-like fishes),Percoidei,,Sparidae (porgies),Sparus,Deuterostomia,,,,,,,4,None,,,,,,,,,,,,,,,,,,,,48,,h,Time,,,,,,,,,,,,,,48,h,Time,,,,,,,,,,,,,,,"Actinopterygii (ray-finned fishes,spiny rayed fishes)",Acanthopterygii,,Gnathostomata,,,,,,,,,,,,,,,,,CELLS FROM JUVENILE FISH,,,,,,,,,Multiple significance,P,,"PRIMER USED, ACCESSION NUMBERS REPORTED",,,,0.05,<,None,Not intact,HEPATOCYTES,,,,,,,,,,,,,,,,,,,,,,,,,,,,,,,,,,,,,,,,,,,,,,,,,,,,,,,,,,,,,,,,,,,48,,h,Time,,,,,,mg/L,Mass concentration,0.04466452466555325,4.466452399999997,,,µM,Molar concentration,0.10000000149011612,10
26761-40-0,"1,2-Benzenedicarboxylic acid diisodecyl ester;1,2-Benzenedicarboxylic acid, 1,2-diisodecyl ester;1,2-Benzenedicarboxylic acid, diisodecyl ester;1,2-Benzenedicarboxylic_acid_diisodecyl_ester;1,2-benzenedicarboxylic_acid,_diisodecyl_ester;bis(8-methylnonyl) benzene-1,2-dicarboxylate;di-''isodecyl'' phthalate;Di-isodecylphthalate;Diisodecyl phthalate;DIISODECYL_PHTHALATE;diisodecylphthalate",,,,,,,,,,,,,,,,,,,,,,,,,,,,,,,,,,,,,,,,,,,,,,,,,,,,,,,,,,,,,,,,,,,,,,,,,,,,,,,,,,,,,,,,,,,,,,,,,,,,,,,,,,,,,,,,,,,,,,,,,,,,,,,,Ecotoxicological Information#Aquatic Toxicity,ECOTOX,,Aquat. Toxicol.209:81-90,True,Data in range,Equal,,,,,,Sparus aurata,Changes in Expression of MicroRNA Potentially Targeting Key Regulators of Lipid Metabolism in Primary Gilthead Sea Bream Hepatocytes Exposed to Phthalates or Flame Retardants,Increasing,"Cocci,P., G. Mosconi, and F.A. Palermo",Genetics,2233741,2497860,Formulation,Culture,Carboxylic ester hydrolase mRNA,Other Method,Carrier or solvent,11/20/2019,A,In Vitro,11/22/2019,Liver,Lab,12/12/2019,Laboratory,,2019,,,3 REPLICATES,L15 LEIBOVITZ PHENOL RED FREE MEDIUM SUPPLEMENTED WITH 10 PERCENT FETAL BOVINE SERUM,Unmeasured,DIDP,"COCCI ET AL 2015, PALERMO ET AL 2016",,,,"ORG LIFESTAGE/HEPATOCYTES//TMETH/COCCI ET AL 2015, PALERMO ET AL 2016//MEDIA/L15 LEIBOVITZ PHENOL RED FREE MEDIUM SUPPLEMENTED WITH 10 PERCENT FETAL BOVINE SERUM//",,Animalia (animals),Bilateria,Chordata (chordates),Vertebrata (vertebrates),Teleostei,,Perciformes (perch-like fishes),Percoidei,,Sparidae (porgies),Sparus,Deuterostomia,,,,,,,4,None,,,,,,,,,,,,,,,,,,,,48,,h,Time,,,,,,,,,,,,,,48,h,Time,,,,,,,,,,,,,,,"Actinopterygii (ray-finned fishes,spiny rayed fishes)",Acanthopterygii,,Gnathostomata,,,,,,,,,,,,,,,,,CELLS FROM JUVENILE FISH,,,,,,,,,Multiple significance,P,,"PRIMER USED, ACCESSION NUMBERS REPORTED",,,,0.05,<,None,Not intact,HEPATOCYTES,,,,,,,,,,,,,,,,,,,,,,,,,,,,,,,,,,,,,,,,,,,,,,,,,,,,,,,,,,,,,,,,,,,48,,h,Time,,,,,,mg/L,Mass concentration,0.04466452466555325,4.466452399999997,,,µM,Molar concentration,0.10000000149011612,10
26761-40-0,"1,2-Benzenedicarboxylic acid diisodecyl ester;1,2-Benzenedicarboxylic acid, 1,2-diisodecyl ester;1,2-Benzenedicarboxylic acid, diisodecyl ester;1,2-Benzenedicarboxylic_acid_diisodecyl_ester;1,2-benzenedicarboxylic_acid,_diisodecyl_ester;bis(8-methylnonyl) benzene-1,2-dicarboxylate;di-''isodecyl'' phthalate;Di-isodecylphthalate;Diisodecyl phthalate;DIISODECYL_PHTHALATE;diisodecylphthalate",,,,,,,,,,,,,,,,,,,,,,,,,,,,,,,,,,,,,,,,,,,,,,,,,,,,,,,,,,,,,,,,,,,,,,,,,,,,,,,,,,,,,,,,,,,,,,,,,,,,,,,,,,,,,,,,,,,,,,,,,,,,,,,,Ecotoxicological Information#Aquatic Toxicity,ECOTOX,,Chem. Res. Toxicol.28(5): 935-947,True,Data in range,Equal,,,,,,Sparus aurata,Effects of Diisodecyl Phthalate on PPAR:RXR-Dependent Gene Expression Pathways in Sea Bream Hepatocytes,Increasing,"Cocci,P., G. Mosconi, A. Arukwe, M. Mozzicafreddo, M. Angeletti, G. Aretusi, and F.A. Palermo",Genetics,2233545,2497219,Formulation,Culture,Sterol regulatory element binding protein 1 mRNA,,Carrier or solvent,11/19/2019,A,In Vitro,11/22/2019,Liver,Lab,12/12/2019,Laboratory,,2015,,,"6 REPLICATES, REPEATED 3 TIMES",LEIBOVITZ L-15 PHENOL RED-FREE MEDIUM,Unmeasured,Diisodecyl phthalate,,,MODELLING,"HATCHERY OF ORBETELLO PESCA LAGUNARE, ITALY","SOURCE/HATCHERY OF ORBETELLO PESCA LAGUNARE, ITALY//MEDIA/LEIBOVITZ L-15 PHENOL RED-FREE MEDIUM//",,Animalia (animals),Bilateria,Chordata (chordates),Vertebrata (vertebrates),Teleostei,,Perciformes (perch-like fishes),Percoidei,,Sparidae (porgies),Sparus,Deuterostomia,,,,,,,4,None,,,,,,,,,,,,,,,,,,,,48,,h,Time,24,Every x hours,Unknown,,,,,,,,,,,48,h,Time,23,°C,Temperature,,,,,,,,,,,,"Actinopterygii (ray-finned fishes,spiny rayed fishes)",Acanthopterygii,,Gnathostomata,,,,,,,,,,,,,,,,,HEPATOCYTES,,,,,,,,,Multiple significance,P,,"PRIMER USED, ACCESSION NUMBERS REPORTED",,,,0.05,<,None,Not intact,,,,,,,,,,,,,,,,,,,,,,,,,,,,,,,,,,,,,,,,,,,,,,,,,,,,,,,,,,,,,,,,,,,,48,,h,Time,,,,,,mg/L,Mass concentration,0.04466452466555325,4.466452399999997,,,µM,Molar concentration,0.10000000149011612,10
26761-40-0,"1,2-Benzenedicarboxylic acid diisodecyl ester;1,2-Benzenedicarboxylic acid, 1,2-diisodecyl ester;1,2-Benzenedicarboxylic acid, diisodecyl ester;1,2-Benzenedicarboxylic_acid_diisodecyl_ester;1,2-benzenedicarboxylic_acid,_diisodecyl_ester;bis(8-methylnonyl) benzene-1,2-dicarboxylate;di-''isodecyl'' phthalate;Di-isodecylphthalate;Diisodecyl phthalate;DIISODECYL_PHTHALATE;diisodecylphthalate",,,,,,,,,,,,,,,,,,,,,,,,,,,,,,,,,,,,,,,,,,,,,,,,,,,,,,,,,,,,,,,,,,,,,,,,,,,,,,,,,,,,,,,,,,,,,,,,,,,,,,,,,,,,,,,,,,,,,,,,,,,,,,,,Ecotoxicological Information#Aquatic Toxicity,ECOTOX,,Chem. Res. Toxicol.28(5): 935-947,True,Data in range,Equal,,,,,,Sparus aurata,Effects of Diisodecyl Phthalate on PPAR:RXR-Dependent Gene Expression Pathways in Sea Bream Hepatocytes,Increasing,"Cocci,P., G. Mosconi, A. Arukwe, M. Mozzicafreddo, M. Angeletti, G. Aretusi, and F.A. Palermo",Genetics,2233545,2497199,Formulation,Culture,Peroxisome proliferator-activated receptor alpha mRNA,,Carrier or solvent,11/19/2019,A,In Vitro,11/22/2019,Liver,Lab,12/12/2019,Laboratory,,2015,,,"6 REPLICATES, REPEATED 3 TIMES",LEIBOVITZ L-15 PHENOL RED-FREE MEDIUM,Unmeasured,Diisodecyl phthalate,,,MODELLING,"HATCHERY OF ORBETELLO PESCA LAGUNARE, ITALY","SOURCE/HATCHERY OF ORBETELLO PESCA LAGUNARE, ITALY//MEDIA/LEIBOVITZ L-15 PHENOL RED-FREE MEDIUM//",,Animalia (animals),Bilateria,Chordata (chordates),Vertebrata (vertebrates),Teleostei,,Perciformes (perch-like fishes),Percoidei,,Sparidae (porgies),Sparus,Deuterostomia,,,,,,,4,None,,,,,,,,,,,,,,,,,,,,48,,h,Time,24,Every x hours,Unknown,,,,,,,,,,,48,h,Time,23,°C,Temperature,,,,,,,,,,,,"Actinopterygii (ray-finned fishes,spiny rayed fishes)",Acanthopterygii,,Gnathostomata,,,,,,,,,,,,,,,,,HEPATOCYTES,,,,,,,,,Multiple significance,P,,"PRIMER USED, ACCESSION NUMBERS REPORTED",,,,0.05,<,None,Not intact,,,,,,,,,,,,,,,,,,,,,,,,,,,,,,,,,,,,,,,,,,,,,,,,,,,,,,,,,,,,,,,,,,,,48,,h,Time,,,,,,mg/L,Mass concentration,0.04466452466555325,4.466452399999997,,,µM,Molar concentration,0.10000000149011612,10
26761-40-0,"1,2-Benzenedicarboxylic acid diisodecyl ester;1,2-Benzenedicarboxylic acid, 1,2-diisodecyl ester;1,2-Benzenedicarboxylic acid, diisodecyl ester;1,2-Benzenedicarboxylic_acid_diisodecyl_ester;1,2-benzenedicarboxylic_acid,_diisodecyl_ester;bis(8-methylnonyl) benzene-1,2-dicarboxylate;di-''isodecyl'' phthalate;Di-isodecylphthalate;Diisodecyl phthalate;DIISODECYL_PHTHALATE;diisodecylphthalate",,,,,,,,,,,,,,,,,,,,,,,,,,,,,,,,,,,,,,,,,,,,,,,,,,,,,,,,,,,,,,,,,,,,,,,,,,,,,,,,,,,,,,,,,,,,,,,,,,,,,,,,,,,,,,,,,,,,,,,,,,,,,,,,Ecotoxicological Information#Aquatic Toxicity,ECOTOX,,Chem. Res. Toxicol.28(5): 935-947,True,Data in range,Equal,,,,,,Sparus aurata,Effects of Diisodecyl Phthalate on PPAR:RXR-Dependent Gene Expression Pathways in Sea Bream Hepatocytes,Increasing,"Cocci,P., G. Mosconi, A. Arukwe, M. Mozzicafreddo, M. Angeletti, G. Aretusi, and F.A. Palermo",Genetics,2233545,2497216,Formulation,Culture,Hepatic lipase mRNA,,Carrier or solvent,11/19/2019,A,In Vitro,11/22/2019,Liver,Lab,12/12/2019,Laboratory,,2015,,,"6 REPLICATES, REPEATED 3 TIMES",LEIBOVITZ L-15 PHENOL RED-FREE MEDIUM,Unmeasured,Diisodecyl phthalate,,,MODELLING,"HATCHERY OF ORBETELLO PESCA LAGUNARE, ITALY","SOURCE/HATCHERY OF ORBETELLO PESCA LAGUNARE, ITALY//MEDIA/LEIBOVITZ L-15 PHENOL RED-FREE MEDIUM//",,Animalia (animals),Bilateria,Chordata (chordates),Vertebrata (vertebrates),Teleostei,,Perciformes (perch-like fishes),Percoidei,,Sparidae (porgies),Sparus,Deuterostomia,,,,,,,4,None,,,,,,,,,,,,,,,,,,,,48,,h,Time,24,Every x hours,Unknown,,,,,,,,,,,48,h,Time,23,°C,Temperature,,,,,,,,,,,,"Actinopterygii (ray-finned fishes,spiny rayed fishes)",Acanthopterygii,,Gnathostomata,,,,,,,,,,,,,,,,,HEPATOCYTES,,,,,,,,,Multiple significance,P,,"PRIMER USED, ACCESSION NUMBERS REPORTED",,,,0.05,<,None,Not intact,,,,,,,,,,,,,,,,,,,,,,,,,,,,,,,,,,,,,,,,,,,,,,,,,,,,,,,,,,,,,,,,,,,,48,,h,Time,,,,,,mg/L,Mass concentration,0.04466452466555325,4.466452399999997,,,µM,Molar concentration,0.10000000149011612,10
26761-40-0,"1,2-Benzenedicarboxylic acid diisodecyl ester;1,2-Benzenedicarboxylic acid, 1,2-diisodecyl ester;1,2-Benzenedicarboxylic acid, diisodecyl ester;1,2-Benzenedicarboxylic_acid_diisodecyl_ester;1,2-benzenedicarboxylic_acid,_diisodecyl_ester;bis(8-methylnonyl) benzene-1,2-dicarboxylate;di-''isodecyl'' phthalate;Di-isodecylphthalate;Diisodecyl phthalate;DIISODECYL_PHTHALATE;diisodecylphthalate",,,,,,,,,,,,,,,,,,,,,,,,,,,,,,,,,,,,,,,,,,,,,,,,,,,,,,,,,,,,,,,,,,,,,,,,,,,,,,,,,,,,,,,,,,,,,,,,,,,,,,,,,,,,,,,,,,,,,,,,,,,,,,,,Ecotoxicological Information#Aquatic Toxicity,ECOTOX,,Chem. Res. Toxicol.28(5): 935-947,True,Data in range,Equal,,,,,,Sparus aurata,Effects of Diisodecyl Phthalate on PPAR:RXR-Dependent Gene Expression Pathways in Sea Bream Hepatocytes,Increasing,"Cocci,P., G. Mosconi, A. Arukwe, M. Mozzicafreddo, M. Angeletti, G. Aretusi, and F.A. Palermo",Genetics,2233545,2497205,Formulation,Culture,"Carnitine palmitoyltransferase 1a, liver mRNA",,Carrier or solvent,11/19/2019,A,In Vitro,11/22/2019,Liver,Lab,12/12/2019,Laboratory,,2015,,,"6 REPLICATES, REPEATED 3 TIMES",LEIBOVITZ L-15 PHENOL RED-FREE MEDIUM,Unmeasured,Diisodecyl phthalate,,,MODELLING,"HATCHERY OF ORBETELLO PESCA LAGUNARE, ITALY","SOURCE/HATCHERY OF ORBETELLO PESCA LAGUNARE, ITALY//MEDIA/LEIBOVITZ L-15 PHENOL RED-FREE MEDIUM//",,Animalia (animals),Bilateria,Chordata (chordates),Vertebrata (vertebrates),Teleostei,,Perciformes (perch-like fishes),Percoidei,,Sparidae (porgies),Sparus,Deuterostomia,,,,,,,4,None,,,,,,,,,,,,,,,,,,,,48,,h,Time,24,Every x hours,Unknown,,,,,,,,,,,48,h,Time,23,°C,Temperature,,,,,,,,,,,,"Actinopterygii (ray-finned fishes,spiny rayed fishes)",Acanthopterygii,,Gnathostomata,,,,,,,,,,,,,,,,,HEPATOCYTES,,,,,,,,,Multiple significance,P,,"PRIMER USED, ACCESSION NUMBERS REPORTED",,,,0.05,<,None,Not intact,,,,,,,,,,,,,,,,,,,,,,,,,,,,,,,,,,,,,,,,,,,,,,,,,,,,,,,,,,,,,,,,,,,,48,,h,Time,,,,,,mg/L,Mass concentration,0.04466452466555325,4.466452399999997,,,µM,Molar concentration,0.10000000149011612,10
26761-40-0,"1,2-Benzenedicarboxylic acid diisodecyl ester;1,2-Benzenedicarboxylic acid, 1,2-diisodecyl ester;1,2-Benzenedicarboxylic acid, diisodecyl ester;1,2-Benzenedicarboxylic_acid_diisodecyl_ester;1,2-benzenedicarboxylic_acid,_diisodecyl_ester;bis(8-methylnonyl) benzene-1,2-dicarboxylate;di-''isodecyl'' phthalate;Di-isodecylphthalate;Diisodecyl phthalate;DIISODECYL_PHTHALATE;diisodecylphthalate",,,,,,,,,,,,,,,,,,,,,,,,,,,,,,,,,,,,,,,,,,,,,,,,,,,,,,,,,,,,,,,,,,,,,,,,,,,,,,,,,,,,,,,,,,,,,,,,,,,,,,,,,,,,,,,,,,,,,,,,,,,,,,,,Ecotoxicological Information#Aquatic Toxicity,ECOTOX,,Chem. Res. Toxicol.28(5): 935-947,True,Data in range,Equal,,,,,,Sparus aurata,Effects of Diisodecyl Phthalate on PPAR:RXR-Dependent Gene Expression Pathways in Sea Bream Hepatocytes,Increasing,"Cocci,P., G. Mosconi, A. Arukwe, M. Mozzicafreddo, M. Angeletti, G. Aretusi, and F.A. Palermo",Genetics,2233545,2497215,Formulation,Culture,Lipoprotein lipase mRNA,,Carrier or solvent,11/19/2019,A,In Vitro,11/22/2019,Liver,Lab,12/12/2019,Laboratory,,2015,,,"6 REPLICATES, REPEATED 3 TIMES",LEIBOVITZ L-15 PHENOL RED-FREE MEDIUM,Unmeasured,Diisodecyl phthalate,,,MODELLING,"HATCHERY OF ORBETELLO PESCA LAGUNARE, ITALY","SOURCE/HATCHERY OF ORBETELLO PESCA LAGUNARE, ITALY//MEDIA/LEIBOVITZ L-15 PHENOL RED-FREE MEDIUM//",,Animalia (animals),Bilateria,Chordata (chordates),Vertebrata (vertebrates),Teleostei,,Perciformes (perch-like fishes),Percoidei,,Sparidae (porgies),Sparus,Deuterostomia,,,,,,,4,None,,,,,,,,,,,,,,,,,,,,48,,h,Time,24,Every x hours,Unknown,,,,,,,,,,,48,h,Time,23,°C,Temperature,,,,,,,,,,,,"Actinopterygii (ray-finned fishes,spiny rayed fishes)",Acanthopterygii,,Gnathostomata,,,,,,,,,,,,,,,,,HEPATOCYTES,,,,,,,,,Multiple significance,P,,"PRIMER USED, ACCESSION NUMBERS REPORTED",,,,0.05,<,None,Not intact,,,,,,,,,,,,,,,,,,,,,,,,,,,,,,,,,,,,,,,,,,,,,,,,,,,,,,,,,,,,,,,,,,,,48,,h,Time,,,,,,mg/L,Mass concentration,0.04466452466555325,4.466452399999997,,,µM,Molar concentration,0.10000000149011612,10
26761-40-0,"1,2-Benzenedicarboxylic acid diisodecyl ester;1,2-Benzenedicarboxylic acid, 1,2-diisodecyl ester;1,2-Benzenedicarboxylic acid, diisodecyl ester;1,2-Benzenedicarboxylic_acid_diisodecyl_ester;1,2-benzenedicarboxylic_acid,_diisodecyl_ester;bis(8-methylnonyl) benzene-1,2-dicarboxylate;di-''isodecyl'' phthalate;Di-isodecylphthalate;Diisodecyl phthalate;DIISODECYL_PHTHALATE;diisodecylphthalate",,,,,,,,,,,,,,,,,,,,,,,,,,,,,,,,,,,,,,,,,,,,,,,,,,,,,,,,,,,,,,,,,,,,,,,,,,,,,,,,,,,,,,,,,,,,,,,,,,,,,,,,,,,,,,,,,,,,,,,,,,,,,,,,Ecotoxicological Information#Aquatic Toxicity,ECOTOX,,Chem. Res. Toxicol.28(5): 935-947,True,Data in range,Equal,,,,,,Sparus aurata,Effects of Diisodecyl Phthalate on PPAR:RXR-Dependent Gene Expression Pathways in Sea Bream Hepatocytes,Increasing,"Cocci,P., G. Mosconi, A. Arukwe, M. Mozzicafreddo, M. Angeletti, G. Aretusi, and F.A. Palermo",Genetics,2233545,2497214,Formulation,Culture,Stearoyl-CoA desaturase 1b mRNA,,Carrier or solvent,11/19/2019,A,In Vitro,11/22/2019,Liver,Lab,12/12/2019,Laboratory,,2015,,,"6 REPLICATES, REPEATED 3 TIMES",LEIBOVITZ L-15 PHENOL RED-FREE MEDIUM,Unmeasured,Diisodecyl phthalate,,,MODELLING,"HATCHERY OF ORBETELLO PESCA LAGUNARE, ITALY","SOURCE/HATCHERY OF ORBETELLO PESCA LAGUNARE, ITALY//MEDIA/LEIBOVITZ L-15 PHENOL RED-FREE MEDIUM//",,Animalia (animals),Bilateria,Chordata (chordates),Vertebrata (vertebrates),Teleostei,,Perciformes (perch-like fishes),Percoidei,,Sparidae (porgies),Sparus,Deuterostomia,,,,,,,4,None,,,,,,,,,,,,,,,,,,,,48,,h,Time,24,Every x hours,Unknown,,,,,,,,,,,48,h,Time,23,°C,Temperature,,,,,,,,,,,,"Actinopterygii (ray-finned fishes,spiny rayed fishes)",Acanthopterygii,,Gnathostomata,,,,,,,,,,,,,,,,,HEPATOCYTES,,,,,,,,,Multiple significance,P,,"PRIMER USED, ACCESSION NUMBERS REPORTED",,,,0.05,<,None,Not intact,,,,,,,,,,,,,,,,,,,,,,,,,,,,,,,,,,,,,,,,,,,,,,,,,,,,,,,,,,,,,,,,,,,,48,,h,Time,,,,,,mg/L,Mass concentration,0.04466452466555325,4.466452399999997,,,µM,Molar concentration,0.10000000149011612,10
26761-40-0,"1,2-Benzenedicarboxylic acid diisodecyl ester;1,2-Benzenedicarboxylic acid, 1,2-diisodecyl ester;1,2-Benzenedicarboxylic acid, diisodecyl ester;1,2-Benzenedicarboxylic_acid_diisodecyl_ester;1,2-benzenedicarboxylic_acid,_diisodecyl_ester;bis(8-methylnonyl) benzene-1,2-dicarboxylate;di-''isodecyl'' phthalate;Di-isodecylphthalate;Diisodecyl phthalate;DIISODECYL_PHTHALATE;diisodecylphthalate",,,,,,,,,,,,,,,,,,,,,,,,,,,,,,,,,,,,,,,,,,,,,,,,,,,,,,,,,,,,,,,,,,,,,,,,,,,,,,,,,,,,,,,,,,,,,,,,,,,,,,,,,,,,,,,,,,,,,,,,,,,,,,,,Ecotoxicological Information#Aquatic Toxicity,ECOTOX,,Aquat. Toxicol.209:81-90,True,Data in range,Equal,,,,,,Sparus aurata,Changes in Expression of MicroRNA Potentially Targeting Key Regulators of Lipid Metabolism in Primary Gilthead Sea Bream Hepatocytes Exposed to Phthalates or Flame Retardants,Increasing,"Cocci,P., G. Mosconi, and F.A. Palermo",Genetics,2233741,2497857,Formulation,Culture,85 kDa calcium-independent phospholipase A2 mRNA,Other Method,Carrier or solvent,11/20/2019,A,In Vitro,11/22/2019,Liver,Lab,12/12/2019,Laboratory,,2019,,,3 REPLICATES,L15 LEIBOVITZ PHENOL RED FREE MEDIUM SUPPLEMENTED WITH 10 PERCENT FETAL BOVINE SERUM,Unmeasured,DIDP,"COCCI ET AL 2015, PALERMO ET AL 2016",,,,"ORG LIFESTAGE/HEPATOCYTES//TMETH/COCCI ET AL 2015, PALERMO ET AL 2016//MEDIA/L15 LEIBOVITZ PHENOL RED FREE MEDIUM SUPPLEMENTED WITH 10 PERCENT FETAL BOVINE SERUM//",,Animalia (animals),Bilateria,Chordata (chordates),Vertebrata (vertebrates),Teleostei,,Perciformes (perch-like fishes),Percoidei,,Sparidae (porgies),Sparus,Deuterostomia,,,,,,,4,None,,,,,,,,,,,,,,,,,,,,48,,h,Time,,,,,,,,,,,,,,48,h,Time,,,,,,,,,,,,,,,"Actinopterygii (ray-finned fishes,spiny rayed fishes)",Acanthopterygii,,Gnathostomata,,,,,,,,,,,,,,,,,CELLS FROM JUVENILE FISH,,,,,,,,,Multiple significance,P,,"PRIMER USED, ACCESSION NUMBERS REPORTED",,,,0.05,<,None,Not intact,HEPATOCYTES,,,,,,,,,,,,,,,,,,,,,,,,,,,,,,,,,,,,,,,,,,,,,,,,,,,,,,,,,,,,,,,,,,,48,,h,Time,,,,,,mg/L,Mass concentration,0.04466452466555325,4.466452399999997,,,µM,Molar concentration,0.10000000149011612,10
26761-40-0,"1,2-Benzenedicarboxylic acid diisodecyl ester;1,2-Benzenedicarboxylic acid, 1,2-diisodecyl ester;1,2-Benzenedicarboxylic acid, diisodecyl ester;1,2-Benzenedicarboxylic_acid_diisodecyl_ester;1,2-benzenedicarboxylic_acid,_diisodecyl_ester;bis(8-methylnonyl) benzene-1,2-dicarboxylate;di-''isodecyl'' phthalate;Di-isodecylphthalate;Diisodecyl phthalate;DIISODECYL_PHTHALATE;diisodecylphthalate",,,,,,,,,,,,,,,,,,,,,,,,,,,,,,,,,,,,,,,,,,,,,,,,,,,,,,,,,,,,,,,,,,,,,,,,,,,,,,,,,,,,,,,,,,,,,,,,,,,,,,,,,,,,,,,,,,,,,,,,,,,,,,,,Ecotoxicological Information#Aquatic Toxicity,ECOTOX,,Aquat. Toxicol.209:81-90,True,Data in range,Equal,,,,,,Sparus aurata,Changes in Expression of MicroRNA Potentially Targeting Key Regulators of Lipid Metabolism in Primary Gilthead Sea Bream Hepatocytes Exposed to Phthalates or Flame Retardants,Increasing,"Cocci,P., G. Mosconi, and F.A. Palermo",Genetics,2233741,2497862,Formulation,Culture,Pregnane X receptor mRNA,Other Method,Carrier or solvent,11/20/2019,A,In Vitro,11/22/2019,Liver,Lab,12/12/2019,Laboratory,,2019,,,3 REPLICATES,L15 LEIBOVITZ PHENOL RED FREE MEDIUM SUPPLEMENTED WITH 10 PERCENT FETAL BOVINE SERUM,Unmeasured,DIDP,"COCCI ET AL 2015, PALERMO ET AL 2016",,,,"ORG LIFESTAGE/HEPATOCYTES//TMETH/COCCI ET AL 2015, PALERMO ET AL 2016//MEDIA/L15 LEIBOVITZ PHENOL RED FREE MEDIUM SUPPLEMENTED WITH 10 PERCENT FETAL BOVINE SERUM//",,Animalia (animals),Bilateria,Chordata (chordates),Vertebrata (vertebrates),Teleostei,,Perciformes (perch-like fishes),Percoidei,,Sparidae (porgies),Sparus,Deuterostomia,,,,,,,4,None,,,,,,,,,,,,,,,,,,,,48,,h,Time,,,,,,,,,,,,,,48,h,Time,,,,,,,,,,,,,,,"Actinopterygii (ray-finned fishes,spiny rayed fishes)",Acanthopterygii,,Gnathostomata,,,,,,,,,,,,,,,,,CELLS FROM JUVENILE FISH,,,,,,,,,Multiple significance,P,,"PRIMER USED, ACCESSION NUMBERS REPORTED",,,,0.05,<,None,Not intact,HEPATOCYTES,,,,,,,,,,,,,,,,,,,,,,,,,,,,,,,,,,,,,,,,,,,,,,,,,,,,,,,,,,,,,,,,,,,48,,h,Time,,,,,,mg/L,Mass concentration,0.04466452466555325,4.466452399999997,,,µM,Molar concentration,0.10000000149011612,10
26761-40-0,"1,2-Benzenedicarboxylic acid diisodecyl ester;1,2-Benzenedicarboxylic acid, 1,2-diisodecyl ester;1,2-Benzenedicarboxylic acid, diisodecyl ester;1,2-Benzenedicarboxylic_acid_diisodecyl_ester;1,2-benzenedicarboxylic_acid,_diisodecyl_ester;bis(8-methylnonyl) benzene-1,2-dicarboxylate;di-''isodecyl'' phthalate;Di-isodecylphthalate;Diisodecyl phthalate;DIISODECYL_PHTHALATE;diisodecylphthalate",,,,,,,,,,,,,,,,,,,,,,,,,,,,,,,,,,,,,,,,,,,,,,,,,,,,,,,,,,,,,,,,,,,,,,,,,,,,,,,,,,,,,,,,,,,,,,,,,,,,,,,,,,,,,,,,,,,,,,,,,,,,,,,,Ecotoxicological Information#Aquatic Toxicity,ECOTOX,,Chem. Res. Toxicol.28(5): 935-947,True,Data in range,Equal,,,,,,Sparus aurata,Effects of Diisodecyl Phthalate on PPAR:RXR-Dependent Gene Expression Pathways in Sea Bream Hepatocytes,Change,"Cocci,P., G. Mosconi, A. Arukwe, M. Mozzicafreddo, M. Angeletti, G. Aretusi, and F.A. Palermo",Genetics,2233545,2497202,Formulation,Culture,Peroxisome proliferator-activated receptor gamma mRNA,,Carrier or solvent,11/19/2019,A,In Vitro,11/22/2019,Liver,Lab,12/12/2019,Laboratory,,2015,,,"6 REPLICATES, REPEATED 3 TIMES",LEIBOVITZ L-15 PHENOL RED-FREE MEDIUM,Unmeasured,Diisodecyl phthalate,,,MODELLING,"HATCHERY OF ORBETELLO PESCA LAGUNARE, ITALY","SOURCE/HATCHERY OF ORBETELLO PESCA LAGUNARE, ITALY//MEDIA/LEIBOVITZ L-15 PHENOL RED-FREE MEDIUM//",,Animalia (animals),Bilateria,Chordata (chordates),Vertebrata (vertebrates),Teleostei,,Perciformes (perch-like fishes),Percoidei,,Sparidae (porgies),Sparus,Deuterostomia,,,,,,,4,None,,,,,,,,,,,,,,,,,,,,48,,h,Time,24,Every x hours,Unknown,,,,,,,,,,,48,h,Time,23,°C,Temperature,,,,,,,,,,,,"Actinopterygii (ray-finned fishes,spiny rayed fishes)",Acanthopterygii,,Gnathostomata,,,,,,,,,,,,,,,,,HEPATOCYTES,,,,,,,,,Multiple significance,P,,"PRIMER USED, ACCESSION NUMBERS REPORTED",,,,0.05,<,None,Not intact,,,,,,,,,,,,,,,,,,,,,,,,,,,,,,,,,,,,,,,,,,,,,,,,,,,,,,,,,,,,,,,,,,,,48,,h,Time,,,,,,mg/L,Mass concentration,0.04466452466555325,4.466452399999997,,,µM,Molar concentration,0.10000000149011612,10
26761-40-0,"1,2-Benzenedicarboxylic acid diisodecyl ester;1,2-Benzenedicarboxylic acid, 1,2-diisodecyl ester;1,2-Benzenedicarboxylic acid, diisodecyl ester;1,2-Benzenedicarboxylic_acid_diisodecyl_ester;1,2-benzenedicarboxylic_acid,_diisodecyl_ester;bis(8-methylnonyl) benzene-1,2-dicarboxylate;di-''isodecyl'' phthalate;Di-isodecylphthalate;Diisodecyl phthalate;DIISODECYL_PHTHALATE;diisodecylphthalate",,,,,,,,,,,,,,,,,,,,,,,,,,,,,,,,,,,,,,,,,,,,,,,,,,,,,,,,,,,,,,,,,,,,,,,,,,,,,,,,,,,,,,,,,,,,,,,,,,,,,,,,,,,,,,,,,,,,,,,,,,,,,,,,Ecotoxicological Information#Aquatic Toxicity,ECOTOX,,Chem. Res. Toxicol.28(5): 935-947,True,Data in range,Equal,,,,,,Sparus aurata,Effects of Diisodecyl Phthalate on PPAR:RXR-Dependent Gene Expression Pathways in Sea Bream Hepatocytes,Increasing,"Cocci,P., G. Mosconi, A. Arukwe, M. Mozzicafreddo, M. Angeletti, G. Aretusi, and F.A. Palermo",Genetics,2233545,2497212,Formulation,Culture,Fatty acid desaturase 2 mRNA,,Carrier or solvent,11/19/2019,A,In Vitro,11/22/2019,Liver,Lab,12/12/2019,Laboratory,,2015,,,"6 REPLICATES, REPEATED 3 TIMES",LEIBOVITZ L-15 PHENOL RED-FREE MEDIUM,Unmeasured,Diisodecyl phthalate,,,MODELLING,"HATCHERY OF ORBETELLO PESCA LAGUNARE, ITALY","SOURCE/HATCHERY OF ORBETELLO PESCA LAGUNARE, ITALY//MEDIA/LEIBOVITZ L-15 PHENOL RED-FREE MEDIUM//",,Animalia (animals),Bilateria,Chordata (chordates),Vertebrata (vertebrates),Teleostei,,Perciformes (perch-like fishes),Percoidei,,Sparidae (porgies),Sparus,Deuterostomia,,,,,,,4,None,,,,,,,,,,,,,,,,,,,,48,,h,Time,24,Every x hours,Unknown,,,,,,,,,,,48,h,Time,23,°C,Temperature,,,,,,,,,,,,"Actinopterygii (ray-finned fishes,spiny rayed fishes)",Acanthopterygii,,Gnathostomata,,,,,,,,,,,,,,,,,HEPATOCYTES,,,,,,,,,Multiple significance,P,,"PRIMER USED, ACCESSION NUMBERS REPORTED",,,,0.05,<,None,Not intact,,,,,,,,,,,,,,,,,,,,,,,,,,,,,,,,,,,,,,,,,,,,,,,,,,,,,,,,,,,,,,,,,,,,48,,h,Time,,,,,,mg/L,Mass concentration,0.04466452466555325,4.466452399999997,,,µM,Molar concentration,0.10000000149011612,10
26761-40-0,"1,2-Benzenedicarboxylic acid diisodecyl ester;1,2-Benzenedicarboxylic acid, 1,2-diisodecyl ester;1,2-Benzenedicarboxylic acid, diisodecyl ester;1,2-Benzenedicarboxylic_acid_diisodecyl_ester;1,2-benzenedicarboxylic_acid,_diisodecyl_ester;bis(8-methylnonyl) benzene-1,2-dicarboxylate;di-''isodecyl'' phthalate;Di-isodecylphthalate;Diisodecyl phthalate;DIISODECYL_PHTHALATE;diisodecylphthalate",,,,,,,,,,,,,,,,,,,,,,,,,,,,,,,,,,,,,,,,,,,,,,,,,,,,,,,,,,,,,,,,,,,,,,,,,,,,,,,,,,,,,,,,,,,,,,,,,,,,,,,,,,,,,,,,,,,,,,,,,,,,,,,,Ecotoxicological Information#Aquatic Toxicity,ECOTOX,,Aquat. Toxicol.209:81-90,True,Data in range,Equal,,,,,,Sparus aurata,Changes in Expression of MicroRNA Potentially Targeting Key Regulators of Lipid Metabolism in Primary Gilthead Sea Bream Hepatocytes Exposed to Phthalates or Flame Retardants,Decreasing,"Cocci,P., G. Mosconi, and F.A. Palermo",Genetics,2233741,2497872,Formulation,Culture,miRNA 29,Other Method,Carrier or solvent,11/20/2019,A,In Vitro,11/22/2019,Liver,Lab,12/12/2019,Laboratory,,2019,,,3 REPLICATES,L15 LEIBOVITZ PHENOL RED FREE MEDIUM SUPPLEMENTED WITH 10 PERCENT FETAL BOVINE SERUM,Unmeasured,DIDP,"COCCI ET AL 2015, PALERMO ET AL 2016",,,,"ORG LIFESTAGE/HEPATOCYTES//TMETH/COCCI ET AL 2015, PALERMO ET AL 2016//MEDIA/L15 LEIBOVITZ PHENOL RED FREE MEDIUM SUPPLEMENTED WITH 10 PERCENT FETAL BOVINE SERUM//",,Animalia (animals),Bilateria,Chordata (chordates),Vertebrata (vertebrates),Teleostei,,Perciformes (perch-like fishes),Percoidei,,Sparidae (porgies),Sparus,Deuterostomia,,,,,,,4,None,,,,,,,,,,,,,,,,,,,,48,,h,Time,,,,,,,,,,,,,,48,h,Time,,,,,,,,,,,,,,,"Actinopterygii (ray-finned fishes,spiny rayed fishes)",Acanthopterygii,,Gnathostomata,,,,,,,,,,,,,,,,,CELLS FROM JUVENILE FISH,,,,,,,,,Multiple significance,P,,"PRIMER USED, ACCESSION NUMBERS REPORTED",,,,0.05,<,None,Not intact,HEPATOCYTES,,,,,,,,,,,,,,,,,,,,,,,,,,,,,,,,,,,,,,,,,,,,,,,,,,,,,,,,,,,,,,,,,,,48,,h,Time,,,,,,mg/L,Mass concentration,0.04466452466555325,4.466452399999997,,,µM,Molar concentration,0.10000000149011612,10
26761-40-0,"1,2-Benzenedicarboxylic acid diisodecyl ester;1,2-Benzenedicarboxylic acid, 1,2-diisodecyl ester;1,2-Benzenedicarboxylic acid, diisodecyl ester;1,2-Benzenedicarboxylic_acid_diisodecyl_ester;1,2-benzenedicarboxylic_acid,_diisodecyl_ester;bis(8-methylnonyl) benzene-1,2-dicarboxylate;di-''isodecyl'' phthalate;Di-isodecylphthalate;Diisodecyl phthalate;DIISODECYL_PHTHALATE;diisodecylphthalate",,,,,,,,,,,,,,,,,,,,,,,,,,,,,,,,,,,,,,,,,,,,,,,,,,,,,,,,,,,,,,,,,,,,,,,,,,,,,,,,,,,,,,,,,,,,,,,,,,,,,,,,,,,,,,,,,,,,,,,,,,,,,,,,Ecotoxicological Information#Aquatic Toxicity,ECOTOX,,Aquat. Toxicol.209:81-90,True,Data in range,Equal,,,,,,Sparus aurata,Changes in Expression of MicroRNA Potentially Targeting Key Regulators of Lipid Metabolism in Primary Gilthead Sea Bream Hepatocytes Exposed to Phthalates or Flame Retardants,Decreasing,"Cocci,P., G. Mosconi, and F.A. Palermo",Genetics,2233741,2497855,Formulation,Culture,miRNA 133,Other Method,Carrier or solvent,11/20/2019,A,In Vitro,11/22/2019,Liver,Lab,12/12/2019,Laboratory,,2019,,,3 REPLICATES,L15 LEIBOVITZ PHENOL RED FREE MEDIUM SUPPLEMENTED WITH 10 PERCENT FETAL BOVINE SERUM,Unmeasured,DIDP,"COCCI ET AL 2015, PALERMO ET AL 2016",,,,"ORG LIFESTAGE/HEPATOCYTES//TMETH/COCCI ET AL 2015, PALERMO ET AL 2016//MEDIA/L15 LEIBOVITZ PHENOL RED FREE MEDIUM SUPPLEMENTED WITH 10 PERCENT FETAL BOVINE SERUM//",,Animalia (animals),Bilateria,Chordata (chordates),Vertebrata (vertebrates),Teleostei,,Perciformes (perch-like fishes),Percoidei,,Sparidae (porgies),Sparus,Deuterostomia,,,,,,,4,None,,,,,,,,,,,,,,,,,,,,48,,h,Time,,,,,,,,,,,,,,48,h,Time,,,,,,,,,,,,,,,"Actinopterygii (ray-finned fishes,spiny rayed fishes)",Acanthopterygii,,Gnathostomata,,,,,,,,,,,,,,,,,CELLS FROM JUVENILE FISH,,,,,,,,,Multiple significance,P,,"PRIMER USED, ACCESSION NUMBERS REPORTED",,,,0.05,<,None,Not intact,HEPATOCYTES,,,,,,,,,,,,,,,,,,,,,,,,,,,,,,,,,,,,,,,,,,,,,,,,,,,,,,,,,,,,,,,,,,,48,,h,Time,,,,,,mg/L,Mass concentration,0.04466452466555325,4.466452399999997,,,µM,Molar concentration,0.10000000149011612,10
26761-40-0,"1,2-Benzenedicarboxylic acid diisodecyl ester;1,2-Benzenedicarboxylic acid, 1,2-diisodecyl ester;1,2-Benzenedicarboxylic acid, diisodecyl ester;1,2-Benzenedicarboxylic_acid_diisodecyl_ester;1,2-benzenedicarboxylic_acid,_diisodecyl_ester;bis(8-methylnonyl) benzene-1,2-dicarboxylate;di-''isodecyl'' phthalate;Di-isodecylphthalate;Diisodecyl phthalate;DIISODECYL_PHTHALATE;diisodecylphthalate",,,,,,,,,,,,,,,,,,,,,,,,,,,,,,,,,,,,,,,,,,,,,,,,,,,,,,,,,,,,,,,,,,,,,,,,,,,,,,,,,,,,,,,,,,,,,,,,,,,,,,,,,,,,,,,,,,,,,,,,,,,,,,,,Ecotoxicological Information#Aquatic Toxicity,ECOTOX,,Environ. Res.158:616-624,True,Data in range,Equal,,,,,,Caretta caretta,Effects of Endocrine Disrupting Chemicals on Estrogen Receptor Alpha and Heat Shock Protein 60 Gene Expression in Primary Cultures of Loggerhead Sea Turtle (Caretta caretta) Erythrocytes,Increasing,"Cocci,P., M. Capriotti, G. Mosconi, and F.A. Palermo",Genetics,2233370,2496546,Active ingredient,Culture,Heat shock protein 60 mRNA,,Carrier or solvent,11/18/2019,A,In Vitro,11/18/2019,Erythrocyte,Lab,12/12/2019,Wild,,2017,,,3 REPLICATES,LEIBOVITZ L-15 PHENOL RED-FREE MEDIUM,Unmeasured,Diisodecyl phthalate,,,,WESTERN COASTS OF CENTRAL ADRIATIC SEA,SOURCE/WESTERN COASTS OF CENTRAL ADRIATIC SEA//ORG LIFESTAGE/ERYTHROCYTES//MEDIA/LEIBOVITZ L-15 PHENOL RED-FREE MEDIUM//,,Animalia (animals),Bilateria,Chordata (chordates),Vertebrata (vertebrates),Reptilia (Reptiles),,"Testudines (Turtles,Terrapins,Tortoises)",Cryptodira,,"Cheloniidae (marine turtles,modern sea turtles,Sea Turtles)",Caretta (Loggerhead Sea Turtles),Deuterostomia,,,,,,,5,None,96,≥,None,,,,,,,,,,,,,,,,,48,,h,Time,24,Every x hours,Unknown,,,,,,,,,,,48,h,Time,23,°C,Temperature,,,,,,,,,,,,Tetrapoda,,Chelonioidea,Gnathostomata,,,,,,,,,,,,,,,,,IMMATURE WILD TURTLES,,,,,,,,HIGHEST CONCENTRATION NOT ASSESSSED,Multiple significance,P,CONC1/HIGHEST CONCENTRATION NOT ASSESSSED//,"PRIMER USED, ACCESSION NUMBERS REPORTED",,,,0.05,<,None,Not intact,ERYTHROCYTES,,Carettinae,,,,,,,,,,,,,,,,,,,,,,,,,,,,,,,,,,,,,,,,,,,,,,,,,,,,,,,,,,,,,,,,,48,,h,Time,,,,,,mg/L,Mass concentration,4.466452287167919E-05,0.4466452399999997,,,µM,Molar concentration,9.999999747378752E-05,1
26761-40-0,"1,2-Benzenedicarboxylic acid diisodecyl ester;1,2-Benzenedicarboxylic acid, 1,2-diisodecyl ester;1,2-Benzenedicarboxylic acid, diisodecyl ester;1,2-Benzenedicarboxylic_acid_diisodecyl_ester;1,2-benzenedicarboxylic_acid,_diisodecyl_ester;bis(8-methylnonyl) benzene-1,2-dicarboxylate;di-''isodecyl'' phthalate;Di-isodecylphthalate;Diisodecyl phthalate;DIISODECYL_PHTHALATE;diisodecylphthalate",,,,,,,,,,,,,,,,,,,,,,,,,,,,,,,,,,,,,,,,,,,,,,,,,,,,,,,,,,,,,,,,,,,,,,,,,,,,,,,,,,,,,,,,,,,,,,,,,,,,,,,,,,,,,,,,,,,,,,,,,,,,,,,,Ecotoxicological Information#Aquatic Toxicity,ECOTOX,,Environ. Res.158:616-624,True,Data in range,Equal,,,,,,Caretta caretta,Effects of Endocrine Disrupting Chemicals on Estrogen Receptor Alpha and Heat Shock Protein 60 Gene Expression in Primary Cultures of Loggerhead Sea Turtle (Caretta caretta) Erythrocytes,Increasing,"Cocci,P., M. Capriotti, G. Mosconi, and F.A. Palermo",Genetics,2233370,2496544,Active ingredient,Culture,Estrogen receptor alpha mRNA,,Carrier or solvent,11/18/2019,A,In Vitro,11/18/2019,Erythrocyte,Lab,12/12/2019,Wild,,2017,,,3 REPLICATES,LEIBOVITZ L-15 PHENOL RED-FREE MEDIUM,Unmeasured,Diisodecyl phthalate,,,,WESTERN COASTS OF CENTRAL ADRIATIC SEA,SOURCE/WESTERN COASTS OF CENTRAL ADRIATIC SEA//ORG LIFESTAGE/ERYTHROCYTES//MEDIA/LEIBOVITZ L-15 PHENOL RED-FREE MEDIUM//,,Animalia (animals),Bilateria,Chordata (chordates),Vertebrata (vertebrates),Reptilia (Reptiles),,"Testudines (Turtles,Terrapins,Tortoises)",Cryptodira,,"Cheloniidae (marine turtles,modern sea turtles,Sea Turtles)",Caretta (Loggerhead Sea Turtles),Deuterostomia,,,,,,,5,None,96,≥,None,,,,,,,,,,,,,,,,,48,,h,Time,24,Every x hours,Unknown,,,,,,,,,,,48,h,Time,23,°C,Temperature,,,,,,,,,,,,Tetrapoda,,Chelonioidea,Gnathostomata,,,,,,,,,,,,,,,,,IMMATURE WILD TURTLES,,,,,,,,HIGHEST CONCENTRATION NOT ASSESSSED,Multiple significance,P,CONC1/HIGHEST CONCENTRATION NOT ASSESSSED//,"PRIMER USED, ACCESSION NUMBERS REPORTED",,,,0.05,<,None,Not intact,ERYTHROCYTES,,Carettinae,,,,,,,,,,,,,,,,,,,,,,,,,,,,,,,,,,,,,,,,,,,,,,,,,,,,,,,,,,,,,,,,,48,,h,Time,,,,,,mg/L,Mass concentration,4.466452287167919E-05,0.4466452399999997,,,µM,Molar concentration,9.999999747378752E-05,1
26761-40-0,"1,2-Benzenedicarboxylic acid diisodecyl ester;1,2-Benzenedicarboxylic acid, 1,2-diisodecyl ester;1,2-Benzenedicarboxylic acid, diisodecyl ester;1,2-Benzenedicarboxylic_acid_diisodecyl_ester;1,2-benzenedicarboxylic_acid,_diisodecyl_ester;bis(8-methylnonyl) benzene-1,2-dicarboxylate;di-''isodecyl'' phthalate;Di-isodecylphthalate;Diisodecyl phthalate;DIISODECYL_PHTHALATE;diisodecylphthalate",,,,,,,,,,,,,,,,,,,,,,,,,,,,,,,,,,,,,,,,,,,,,,,,,,,,,,,,,,,,,,,,,,,,,,,,,,,,,,,,,,,,,,,,,,,,,,,,,,,,,,,,,,,,,,,,,,,,,,,,,,,,,,,,Ecotoxicological Information#Aquatic Toxicity,ECOTOX,NOEC,Environ. Res.172:319-325,True,No qualifier,Equal,,,,,,Danio rerio,Comparative Analysis of Endocrine Disrupting Effects of Major Phthalates in Employed Two Cell Lines (MVLN and H295R) and Embryonic Zebrafish Assay,Decreasing,"Lee,H., J. Lee, K. Choi, and K.T. Kim",Growth,2233334,2496328,Formulation,Culture,Length,,Carrier or solvent,11/18/2019,A,Static,11/18/2019,Whole organism,Lab,12/12/2019,Laboratory,,2019,,Reviewer assigned endpoint,3 REPLICATES,"EMBRYO MEDIUM COMPOSED OF 15MM NACL, 0.5MM KCL, 1MM CACL2, 1MM MGSO4, 0.05MM NA2HPO4, AND 0.7MM NAHCO3, 0.15MM KH2PO4",Unmeasured,Diisodecyl phthalate,,,HUMAN IN VITRO TESTS,"FROM PROFESSOR ROBERT L. TANGUAY, OREGON STATE UNIVERSITY","SOURCE/FROM PROFESSOR ROBERT L. TANGUAY, OREGON STATE UNIVERSITY//MEDIA/EMBRYO MEDIUM COMPOSED OF 15MM NACL, 0.5MM KCL, 1MM CACL2, 1MM MGSO4, 0.05MM NA2HPO4, AND 0.7MM NAHCO3, 0.15MM KH2PO4//",,Animalia (animals),Bilateria,Chordata (chordates),Vertebrata (vertebrates),Teleostei,,"Cypriniformes (minnows,suckers)",,,"Cyprinidae (carps,minnows,carps and minnows)",Danio,Deuterostomia,,,,,,,6,None,,,,6,,h,Time,,,,,,,,,,,,,162,,h,Time,1,Dosed x time(s) per study period,Unknown,,,,,,,,,,,162,h,Time,28.5,°C,Temperature,,,,,,,,,,,,"Actinopterygii (ray-finned fishes,spiny rayed fishes)",Ostariophysi,Cyprinoidea,Gnathostomata,,,,,,,,,,,,,,,,,"CHORION REMOVED, STRAIN 5D",,,,,,,,,Not significant at all concentrations,P,,,,,,0.05,<,None,Embryo,,,,,,,,,,,,,,,,,,,,,,,,,,,,,,,,,,,,,,,,,,,,,,,,,,,,,,,,,,,,,,,,,,,,162,,h,Time,,,,100,,mg/L,Mass concentration,,,100,,mg/L,Mass concentration,,
26761-40-0,"1,2-Benzenedicarboxylic acid diisodecyl ester;1,2-Benzenedicarboxylic acid, 1,2-diisodecyl ester;1,2-Benzenedicarboxylic acid, diisodecyl ester;1,2-Benzenedicarboxylic_acid_diisodecyl_ester;1,2-benzenedicarboxylic_acid,_diisodecyl_ester;bis(8-methylnonyl) benzene-1,2-dicarboxylate;di-''isodecyl'' phthalate;Di-isodecylphthalate;Diisodecyl phthalate;DIISODECYL_PHTHALATE;diisodecylphthalate",,,,,,,,,,,,,,,,,,,,,,,,,,,,,,,,,,,,,,,,,,,,,,,,,,,,,,,,,,,,,,,,,,,,,,,,,,,,,,,,,,,,,,,,,,,,,,,,,,,,,,,,,,,,,,,,,,,,,,,,,,,,,,,,Ecotoxicological Information#Aquatic Toxicity,ECOTOX,,Environ. Toxicol. Chem.20(8): 1805-1815,True,No qualifier,Equal,,,,,,Chironomus tentans,An Assessment of the Toxicity of Phthalate Esters to Freshwater Benthos. 2. Sediment Exposures,Increasing,"Call,D.J., D.A. Cox, D.L. Geiger, K.I. Genisot, T.P. Markee, L.T. Brooke, C.N. Polkinghorne, F.A. VandeVenter, J.W. Gor",Growth,2233073,2495290,Active ingredient,Fresh water,Weight,,Concurrent control,11/13/2019,A,Leaching,11/19/2019,Whole organism,Lab,12/12/2019,Laboratory,,2001,,,FIVE REPLICATES,,Measured,"Diisodecyl phthalate, ACETONE SOLVENT ADDED TO SEDIMENT EXPOSURE, EVAPORATED",,,SEDIMENT LC50 VALUES REPORTED,,MEDIA/NR//,,Animalia (animals),Bilateria,Arthropoda (arthropods),Hexapoda (hexapods),Insecta (insects),Pterygota (winged insects),"Diptera (gnats,mosquitoes,true flies)",Nematocera (long-horned flies),Culicomorpha,Chironomidae (midges),Chironomus,Protostomia,Ecdysozoa,,,,,,2,None,99.7,,None,,,Instar,Unknown,2,3,,,,,,,,,,,10,,d,Time,,Daily; dosing regime not specified,Unknown,4,8,,,,,,,,,10,d,Time,23,°C,Temperature,,,,,,,,,,,,,Holometabola,,,,,,,,,,,,,,,,,,,,,,,,,,,"PORE WATER FROM SPIKED SEDIMENT, ONLY CONC TESTED",,,"CONC1/PORE WATER FROM SPIKED SEDIMENT, ONLY CONC TESTED//",,,,,,,,,,,Chironominae,Chironomini,,,,,,,Dry,Organic carbon,"Neoptera (modern, wing-folding insects)",percent,Unknown,2.45,14.1,,,,,,,,,,,,,,,,,,,,,,,,,,,,,,,,,,,,,,,,,,,,,,,,,,,10,,d,Time,,,,1.1799999475479126,,mg/L,Mass concentration,0.765999972820282,1.7999999523162842,1.1799999475479126,,mg/L,Mass concentration,0.765999972820282,1.7999999523162842
26761-40-0,"1,2-Benzenedicarboxylic acid diisodecyl ester;1,2-Benzenedicarboxylic acid, 1,2-diisodecyl ester;1,2-Benzenedicarboxylic acid, diisodecyl ester;1,2-Benzenedicarboxylic_acid_diisodecyl_ester;1,2-benzenedicarboxylic_acid,_diisodecyl_ester;bis(8-methylnonyl) benzene-1,2-dicarboxylate;di-''isodecyl'' phthalate;Di-isodecylphthalate;Diisodecyl phthalate;DIISODECYL_PHTHALATE;diisodecylphthalate",,,,,,,,,,,,,,,,,,,,,,,,,,,,,,,,,,,,,,,,,,,,,,,,,,,,,,,,,,,,,,,,,,,,,,,,,,,,,,,,,,,,,,,,,,,,,,,,,,,,,,,,,,,,,,,,,,,,,,,,,,,,,,,,Ecotoxicological Information#Aquatic Toxicity,ECOTOX,,Environ. Toxicol. Chem.20(8): 1805-1815,True,No qualifier,Equal,,,,,,Hyalella azteca,An Assessment of the Toxicity of Phthalate Esters to Freshwater Benthos. 2. Sediment Exposures,Increasing,"Call,D.J., D.A. Cox, D.L. Geiger, K.I. Genisot, T.P. Markee, L.T. Brooke, C.N. Polkinghorne, F.A. VandeVenter, J.W. Gor",Growth,2233072,2495288,Active ingredient,Fresh water,Weight,,Concurrent control,11/13/2019,A,Leaching,11/19/2019,Whole organism,Lab,12/12/2019,Laboratory,,2001,,,FIVE REPLICATES,,Measured,"Diisodecyl phthalate, ACETONE SOLVENT ADDED TO SEDIMENT EXPOSURE, EVAPORATED",,,SEDIMENT LC50 VALUES REPORTED,,MEDIA/NR//,,Animalia (animals),Bilateria,Arthropoda (arthropods),Crustacea (crustaceans),Malacostraca,Eumalacostraca,Amphipoda (amphipods),Gammaridea (gammarid amphipods),,Hyalellidae,Hyalella,Protostomia,Ecdysozoa,,,,,,2,None,99.7,,None,,,d,Time,7,14,,,,,,,,,,,10,,d,Time,,Daily; dosing regime not specified,Unknown,4,8,,,,,,,,,10,d,Time,23,°C,Temperature,,,,,,,,,,,,,Peracarida,,,,,,,,,,,,,,,,,,,,,,,,,,,"PORE WATER FROM SPIKED SEDIMENT, ONLY CONC TESTED",,,"CONC1/PORE WATER FROM SPIKED SEDIMENT, ONLY CONC TESTED//",,,,,,,,,,,,,,,,,,,Dry,Organic carbon,,percent,Unknown,2.45,14.1,,,,,,,,,,,,,,,,,,,,,,,,,,,,,,,,,,,,,,,,,,,,,,,,,,,10,,d,Time,,,,0.9309999942779541,,mg/L,Mass concentration,0.37599998712539673,2,0.9309999942779541,,mg/L,Mass concentration,0.37599998712539673,2
26761-40-0,"1,2-Benzenedicarboxylic acid diisodecyl ester;1,2-Benzenedicarboxylic acid, 1,2-diisodecyl ester;1,2-Benzenedicarboxylic acid, diisodecyl ester;1,2-Benzenedicarboxylic_acid_diisodecyl_ester;1,2-benzenedicarboxylic_acid,_diisodecyl_ester;bis(8-methylnonyl) benzene-1,2-dicarboxylate;di-''isodecyl'' phthalate;Di-isodecylphthalate;Diisodecyl phthalate;DIISODECYL_PHTHALATE;diisodecylphthalate",,,,,,,,,,,,,,,,,,,,,,,,,,,,,,,,,,,,,,,,,,,,,,,,,,,,,,,,,,,,,,,,,,,,,,,,,,,,,,,,,,,,,,,,,,,,,,,,,,,,,,,,,,,,,,,,,,,,,,,,,,,,,,,,Ecotoxicological Information#Aquatic Toxicity,ECOTOX,,Chemosphere36(6): 1367-1379,True,No qualifier,Equal,,,,,,Daphnia magna,The Effect of Phthalate Ester Plasticisers Tested as Surfactant Stabilised Dispersions on the Reproduction of the Daphnia magna,Decreasing,"Brown,D., C.P. Croudace, N.J. Williams, J.M. Shearing, and P.A. Johnson",Growth,1207789,180174,Active ingredient,Fresh water,Length,,Multiple types of controls were reported by the author,01/06/2000,A,Renewal,11/05/2012,Whole organism,Lab,12/14/2012,,,1998,Pure,,,,Unmeasured,"JAYFLEX DIDP, MARLOWET R40 USED AS A SOLVENT",,,Marlowet R40 also tested,,,,Animalia (animals),Bilateria,Arthropoda (arthropods),Crustacea (crustaceans),Branchiopoda (branchiopods),Phyllopoda,Diplostraca,Cladocera (water fleas),Anomopoda,Daphniidae,Daphnia,Protostomia,Ecdysozoa,8,ca.,None,,,,,99.5,>,None,24,<,h,Time,,,,,,,,,,,,,,,,,,,,,,,,mg/L,Mass concentration,8,ca.,9,ca.,,,,20,°C,Temperature,,,,,,,,,,,,,,,,,,,,,,,,,,,,,,,,,,,,,,,,,No significance,P,"CONC/ONLY CONC TESTED//CARRIER/MARLOWET R40, 10 MG/L/",,,,,0.05,,None,,,,,,,,,,,,,,,,,,,,,,,,,,,,,,,,,,,,,,,,,,,,,,,,,,,,,,,,,,,,,,,,,,,,,21,,d,Time,,,,1,,mg/L,Mass concentration,,,1000,,µg/L,Mass concentration,,
26761-40-0,"1,2-Benzenedicarboxylic acid diisodecyl ester;1,2-Benzenedicarboxylic acid, 1,2-diisodecyl ester;1,2-Benzenedicarboxylic acid, diisodecyl ester;1,2-Benzenedicarboxylic_acid_diisodecyl_ester;1,2-benzenedicarboxylic_acid,_diisodecyl_ester;bis(8-methylnonyl) benzene-1,2-dicarboxylate;di-''isodecyl'' phthalate;Di-isodecylphthalate;Diisodecyl phthalate;DIISODECYL_PHTHALATE;diisodecylphthalate",,,,,,,,,,,,,,,,,,,,,,,,,,,,,,,,,,,,,,,,,,,,,,,,,,,,,,,,,,,,,,,,,,,,,,,,,,,,,,,,,,,,,,,,,,,,,,,,,,,,,,,,,,,,,,,,,,,,,,,,,,,,,,,,Ecotoxicological Information#Aquatic Toxicity,ECOTOX,,"Ph.D.Thesis, Rutgers, The State University of New Jersey, New Brunswick, NJ:137 p.",True,≤,Equal,,,,,,Oryzias latipes,Reproductive Effects of Phthalate Esters in Japanese Medaka (Oryzias latipes),No effect,"Patyna,P.J.",Histology,2238600,2511944,Formulation,Fresh water,Lesions,,Multiple types of controls were reported by the author,01/29/2020,A,Static,01/29/2020,Whole organism,Lab,03/12/2020,Laboratory,,1999,,,3 REPLICATES,"REARING SOLUTION CONSISTING OF 1.0 G NACL, 0.04 G CACL2, 0.03 G KCL, 0.16 G MGSO4 IN DEIONIZED WATER",Unmeasured,Diisodecyl phthalate,,"CONTR/C,V/",POST-EXPOSURE MEASUREMENTS,"ESTABLISHED BREEDING COLONY, ORIGINALLY SUPPLIED FROM CAROLINA BIOLOGICAL SUPPLY, BURLINGTON, NC","SOURCE/ESTABLISHED BREEDING COLONY, ORIGINALLY SUPPLIED FROM CAROLINA BIOLOGICAL SUPPLY, BURLINGTON, NC//STIME/MEDAKA HATCH AT ~ 14 DAYS PLUS 3 DAYS POST HATCH//ORG LIFESTAGE/EARLY//CONTR/C,V//MEDIA/REARING SOLUTION CONSISTING OF 1.0 G NACL, 0.04 G CACL2, 0.03 G KCL, 0.16 G MGSO4 IN DEIONIZED WATER//",,Animalia (animals),Bilateria,Chordata (chordates),Vertebrata (vertebrates),Teleostei,,Beloniformes (needlefishes),Adrianichthyoidei,,"Adrianichthyidae (adrianichthyids,ricefishes)",Oryzias,Deuterostomia,,,,,,,,,,,,,,,,,,,,,,,,,,,,17,ca.,d,Time,1,Dosed x time(s) per study period,Unknown,,,,,,,,,,,10,d,Time,25,°C,Temperature,,,,,,,,,,,,"Actinopterygii (ray-finned fishes,spiny rayed fishes)",Acanthopterygii,,Gnathostomata,,,,,,,,,,,,,,,,,,,,,,,,,,,,,,,,,,,,Blastula,EARLY,,Oryziinae,,,,,,,,,,,,,,,MEDAKA HATCH AT ~ 14 DAYS PLUS 3 DAYS POST HATCH,,,,,,,,,,,,,,,,,,,,,,,,,,,,,,,,,,,,,,,,,,,,,,,,,,17,≤,d,Time,,,,223.5,≤,mg/L,Mass concentration,,,223.5,≤,mg/L,Mass concentration,,
26761-40-0,"1,2-Benzenedicarboxylic acid diisodecyl ester;1,2-Benzenedicarboxylic acid, 1,2-diisodecyl ester;1,2-Benzenedicarboxylic acid, diisodecyl ester;1,2-Benzenedicarboxylic_acid_diisodecyl_ester;1,2-benzenedicarboxylic_acid,_diisodecyl_ester;bis(8-methylnonyl) benzene-1,2-dicarboxylate;di-''isodecyl'' phthalate;Di-isodecylphthalate;Diisodecyl phthalate;DIISODECYL_PHTHALATE;diisodecylphthalate",,,,,,,,,,,,,,,,,,,,,,,,,,,,,,,,,,,,,,,,,,,,,,,,,,,,,,,,,,,,,,,,,,,,,,,,,,,,,,,,,,,,,,,,,,,,,,,,,,,,,,,,,,,,,,,,,,,,,,,,,,,,,,,,Ecotoxicological Information#Aquatic Toxicity,ECOTOX,,Int. J. Environ. Res. Public Health11(3): 3156-3168,True,Data in range,Equal,,,,,,Oryzias melastigma,Toxicity and Estrogenic Endocrine Disrupting Activity of Phthalates and Their Mixtures,No effect,"Chen,X., S. Xu, T. Tan, S.T. Lee, S.H. Cheng, F.W.F. Lee, S.J.L. Xu, and K.C. Ho",Hormone(s),2237060,2508996,Formulation,Fresh water,Estrogen (Oestrogen),,Multiple types of controls were reported by the author,01/17/2020,A,Static,01/17/2020,Liver,Lab,03/12/2020,Laboratory,,2014,,,,,Unmeasured,Diisodecyl phthalate,,"CONTR/C,P,V/","MIXTURE, TOXICITY SYMPTOMS",,"ORG LIFESTAGE/ELEUTHEROEMBRYOS//CONTR/C,P,V//MEDIA/NR//",,,,,,,,,,,,,,,,,,,,9,None,,,,,,,,,,,,,,,,,,,,24,,h,Time,1,Dosed x time(s) per study period,Unknown,,,,,,,,,,,24,h,Time,26,°C,Temperature,,,,,,,,,,,,,,,,,,,,,,,,,,,,,,,,STABLE TRANSGENIC STRAIN CONTAINING THE ESTROGEN-DEPENDENT LIVER-SPECIFIC CHORIOGENIN H PROMOTER,,,,,,,,,,,,,,,,,,,Embryo,ELEUTHEROEMBRYOS,,,,,,,,,,,,,,,,,,Acute,2,parts per thousand,Unknown,,,,,,,,,,,,,,,,,,,,,,,,,,,,,,,,,,,,,,,,,,,,,,24,,h,Time,,,,,,ppm,Ratio,0.009999999776482582,50,,,ppm,Ratio,0.009999999776482582,50
26761-40-0,"1,2-Benzenedicarboxylic acid diisodecyl ester;1,2-Benzenedicarboxylic acid, 1,2-diisodecyl ester;1,2-Benzenedicarboxylic acid, diisodecyl ester;1,2-Benzenedicarboxylic_acid_diisodecyl_ester;1,2-benzenedicarboxylic_acid,_diisodecyl_ester;bis(8-methylnonyl) benzene-1,2-dicarboxylate;di-''isodecyl'' phthalate;Di-isodecylphthalate;Diisodecyl phthalate;DIISODECYL_PHTHALATE;diisodecylphthalate",,,,,,,,,,,,,,,,,,,,,,,,,,,,,,,,,,,,,,,,,,,,,,,,,,,,,,,,,,,,,,,,,,,,,,,,,,,,,,,,,,,,,,,,,,,,,,,,,,,,,,,,,,,,,,,,,,,,,,,,,,,,,,,,Ecotoxicological Information#Aquatic Toxicity,ECOTOX,EC50,Environ. Toxicol. Chem.14(9): 1569-1574,True,>,Equal,,,,,,Daphnia magna,A Summary of the Acute Toxicity of 14 Phthalate Esters to Representative Aquatic Organisms,Increasing,"Adams,W.J., G.R. Biddinger, K.A. Robillard, and J.W. Gorsuch",Intoxication,1168550,142430,Active ingredient,Fresh water,Immobile,,Concurrent control,11/06/1996,A,Static,,,Lab,,,,1995,Pure,,,,Unmeasured,DIDP,,,,,,,Animalia (animals),Bilateria,Arthropoda (arthropods),Crustacea (crustaceans),Branchiopoda (branchiopods),Phyllopoda,Diplostraca,Cladocera (water fleas),Anomopoda,Daphniidae,Daphnia,Protostomia,Ecdysozoa,,,None,7.6,7.9,,,95,≥,None,24,≤,h,Time,,,,,,,,,milligrams per liter Calcium carbonate,Unknown,25,50,,,,,1,Dosed x time(s) per study period,Unknown,,,,,,,,,,,,,,20,°C,Temperature,,,,,,,,,,,,,,,,,,,,,,,,,,,,,,,,,,,,,,,,,,,,,,,,,,,,,,,,,,,,,,,,,,,,,,,,,,milligrams per liter Calcium carbonate,Unknown,25,50,,,,,,,,,,,,,,,,,,,,,,,,,,,,,,,,,,,,,,,,,,48,,h,Time,,,,0.02,>,mg/L,Mass concentration,,,20,>,µg/L,Mass concentration,,
26761-40-0,"1,2-Benzenedicarboxylic acid diisodecyl ester;1,2-Benzenedicarboxylic acid, 1,2-diisodecyl ester;1,2-Benzenedicarboxylic acid, diisodecyl ester;1,2-Benzenedicarboxylic_acid_diisodecyl_ester;1,2-benzenedicarboxylic_acid,_diisodecyl_ester;bis(8-methylnonyl) benzene-1,2-dicarboxylate;di-''isodecyl'' phthalate;Di-isodecylphthalate;Diisodecyl phthalate;DIISODECYL_PHTHALATE;diisodecylphthalate",,,,,,,,,,,,,,,,,,,,,,,,,,,,,,,,,,,,,,,,,,,,,,,,,,,,,,,,,,,,,,,,,,,,,,,,,,,,,,,,,,,,,,,,,,,,,,,,,,,,,,,,,,,,,,,,,,,,,,,,,,,,,,,,Ecotoxicological Information#Aquatic Toxicity,ECOTOX,NOEC,Environ. Toxicol. Chem.14(9): 1569-1574,True,No qualifier,Equal,,,,,,Daphnia magna,A Summary of the Acute Toxicity of 14 Phthalate Esters to Representative Aquatic Organisms,Increasing,"Adams,W.J., G.R. Biddinger, K.A. Robillard, and J.W. Gorsuch",Intoxication,1168554,142434,Active ingredient,Fresh water,Immobile,,Concurrent control,11/06/1996,A,Static,,,Lab,,,,1995,Pure,,,,Unmeasured,DIDP,,,,,,,Animalia (animals),Bilateria,Arthropoda (arthropods),Crustacea (crustaceans),Branchiopoda (branchiopods),Phyllopoda,Diplostraca,Cladocera (water fleas),Anomopoda,Daphniidae,Daphnia,Protostomia,Ecdysozoa,,,None,7.6,7.9,,,95,≥,None,24,≤,h,Time,,,,,,,,,milligrams per liter Calcium carbonate,Unknown,25,50,,,,,1,Dosed x time(s) per study period,Unknown,,,,,,,,,,,,,,20,°C,Temperature,,,,,,,,,,,,,,,,,,,,,,,,,,,,,,,,,,,,,,,,,No significance,,,,,,,,,,,,,,,,,,,,,,,,,,,,,,,,,milligrams per liter Calcium carbonate,Unknown,25,50,,,,,,,,,,,,,,,,,,,,,,,,,,,,,,,,,,,,,,,,,,96,,h,Time,,,,0.07,,mg/L,Mass concentration,,,70,,µg/L,Mass concentration,,
26761-40-0,"1,2-Benzenedicarboxylic acid diisodecyl ester;1,2-Benzenedicarboxylic acid, 1,2-diisodecyl ester;1,2-Benzenedicarboxylic acid, diisodecyl ester;1,2-Benzenedicarboxylic_acid_diisodecyl_ester;1,2-benzenedicarboxylic_acid,_diisodecyl_ester;bis(8-methylnonyl) benzene-1,2-dicarboxylate;di-''isodecyl'' phthalate;Di-isodecylphthalate;Diisodecyl phthalate;DIISODECYL_PHTHALATE;diisodecylphthalate",,,,,,,,,,,,,,,,,,,,,,,,,,,,,,,,,,,,,,,,,,,,,,,,,,,,,,,,,,,,,,,,,,,,,,,,,,,,,,,,,,,,,,,,,,,,,,,,,,,,,,,,,,,,,,,,,,,,,,,,,,,,,,,,Ecotoxicological Information#Aquatic Toxicity,ECOTOX,,Chemosphere11(4): 417-426,True,Data in range,Equal,,,,,,Daphnia magna,Phthalates and the Aquatic Environment: Part I The Effect of Di-2-Ethylhexyl Phthalate (DEHP) and Di-Isodecyl Phthalate (DIDP) on the Reproduction of Daphnia magna and Observations on Their Bioconcentration,No effect,"Brown,D., and R.S. Thompson",Intoxication,2241423,2522757,Active ingredient,Fresh water,Immobile,Organization for Economic Cooperation and Development,Multiple types of controls were reported by the author,03/18/2020,A,Static,03/23/2020,,Lab,06/11/2020,Laboratory,Carbon,1982,Prepared in lab,,"4 REPLICATES, NOT FED","US EPA, 1975 HARD WATER FORMULATION",Measured,Di-isodecyl phthalate,"202, 1981","CONTR/C,V/","TOXICITY SYMPTOMS, SOLUBILITY AND STABILITY STUDIES",CONTINUOUS LAB CULTURE,"SOURCE/CONTINUOUS LAB CULTURE//CONTR/C,V//TMETH/202, 1981//MEDIA/US EPA, 1975 HARD WATER FORMULATION//",,Animalia (animals),Bilateria,Arthropoda (arthropods),Crustacea (crustaceans),Branchiopoda (branchiopods),Phyllopoda,Diplostraca,Cladocera (water fleas),Anomopoda,Daphniidae,Daphnia,Protostomia,Ecdysozoa,,,None,8.35,8.4,6,None,98,,None,24,<,h,Time,,,,,,,,180,grams per liter Calcium carbonate,Unknown,,,48,,h,Time,1,Dosed x time(s) per study period,Unknown,,,,,mg/L,Mass concentration,8.4,,8.8,,48,h,Time,20,°C,Temperature,,,,,,,,,,,,,,,,,,,,,,,,,,,,,,,,,,,,,,,,,,,,,,,,,,,,,,,,,,,,,,,,,,,,,,Acute,,,,,,,,0,,None,,,,,,,,,,,,,,,,,,,,,,,,,,,,,,,,,,,,,,,48,,h,Time,,,,,,mg/L,Mass concentration,0.054,0.32,,,µg/L,Mass concentration,54,320
26761-40-0,"1,2-Benzenedicarboxylic acid diisodecyl ester;1,2-Benzenedicarboxylic acid, 1,2-diisodecyl ester;1,2-Benzenedicarboxylic acid, diisodecyl ester;1,2-Benzenedicarboxylic_acid_diisodecyl_ester;1,2-benzenedicarboxylic_acid,_diisodecyl_ester;bis(8-methylnonyl) benzene-1,2-dicarboxylate;di-''isodecyl'' phthalate;Di-isodecylphthalate;Diisodecyl phthalate;DIISODECYL_PHTHALATE;diisodecylphthalate",,,,,,,,,,,,,,,,,,,,,,,,,,,,,,,,,,,,,,,,,,,,,,,,,,,,,,,,,,,,,,,,,,,,,,,,,,,,,,,,,,,,,,,,,,,,,,,,,,,,,,,,,,,,,,,,,,,,,,,,,,,,,,,,Ecotoxicological Information#Aquatic Toxicity,ECOTOX,,Chemosphere36(6): 1367-1379,True,No qualifier,Equal,,,,,,Daphnia magna,The Effect of Phthalate Ester Plasticisers Tested as Surfactant Stabilised Dispersions on the Reproduction of the Daphnia magna,No effect,"Brown,D., C.P. Croudace, N.J. Williams, J.M. Shearing, and P.A. Johnson",Intoxication,1207787,180172,Active ingredient,Fresh water,Immobile,,Multiple types of controls were reported by the author,01/06/2000,A,Renewal,11/05/2012,,Lab,12/14/2012,,,1998,Pure,,,,Unmeasured,"JAYFLEX DIDP, MARLOWET R40 USED AS A SOLVENT",,,Marlowet R40 also tested,,,,Animalia (animals),Bilateria,Arthropoda (arthropods),Crustacea (crustaceans),Branchiopoda (branchiopods),Phyllopoda,Diplostraca,Cladocera (water fleas),Anomopoda,Daphniidae,Daphnia,Protostomia,Ecdysozoa,8,ca.,None,,,,,99.5,>,None,24,<,h,Time,,,,,,,,,,,,,,,,,,,,,,,,mg/L,Mass concentration,8,ca.,9,ca.,,,,20,°C,Temperature,,,,,,,,,,,,,,,,,,,,,,,,,,,,,,,,,,,,,,,,,,,"CARRIER/MARLOWET R40, 10 MG/L/",,,,,,,,,,,,,,,,,,,,,,,,,,,,,,,,,,,,,,,,,,,,,,,,,,,,,,,,,,,,,,,,,,,,,,,,,,,,48,,h,Time,,,,1,,mg/L,Mass concentration,,,1000,,µg/L,Mass concentration,,
26761-40-0,"1,2-Benzenedicarboxylic acid diisodecyl ester;1,2-Benzenedicarboxylic acid, 1,2-diisodecyl ester;1,2-Benzenedicarboxylic acid, diisodecyl ester;1,2-Benzenedicarboxylic_acid_diisodecyl_ester;1,2-benzenedicarboxylic_acid,_diisodecyl_ester;bis(8-methylnonyl) benzene-1,2-dicarboxylate;di-''isodecyl'' phthalate;Di-isodecylphthalate;Diisodecyl phthalate;DIISODECYL_PHTHALATE;diisodecylphthalate",,,,,,,,,,,,,,,,,,,,,,,,,,,,,,,,,,,,,,,,,,,,,,,,,,,,,,,,,,,,,,,,,,,,,,,,,,,,,,,,,,,,,,,,,,,,,,,,,,,,,,,,,,,,,,,,,,,,,,,,,,,,,,,,Ecotoxicological Information#Aquatic Toxicity,ECOTOX,,Toxin Rev.37(1): 75-81,True,No qualifier,Equal,,,,,,Unio pictorum,Unio sp. Primary Cell Culture Potential in Ecotoxicology Research,Increasing,"Yurdakok-Dikmen,B., P. Arslan, O. Kuzukiran, A. Filazi, and F. Erkoc",Morphology,2233423,2496689,Active ingredient,Culture,Abnormal,,Multiple types of controls were reported by the author,11/18/2019,A,In Vitro,11/22/2019,Mantle,Lab,12/12/2019,Wild,,2018,,,"2 REPLICATES, REPEATED FOUR TIMES, DOSES FROM 6.25-0.35 PPT, MANTLE",MODIFIED LEIBOVITZ-15 MEDIUM,Unmeasured,Diisodecyl phthalate,,"CONTR/O,V//O CONTAINED TRITON",,"BALIK LAKE, TURKEY","SOURCE/BALIK LAKE, TURKEY//ORG LIFESTAGE/MANTLE,GILL,DIGESTIVE GLAND, GONAD//CONTR/O,V,O CONTAINED TRITON//MEDIA/MODIFIED LEIBOVITZ-15 MEDIUM//",,Animalia (animals),Bilateria,"Mollusca (molluscs,mollusks)",,"Bivalvia (bivalves,clams)",Palaeoheterodonta,Unionoida,,,Unionidae,Unio,Protostomia,Lophozoa,,,,,,,,99,≥,None,,,,,,,,,,,,,,,,,24,,h,Time,,,,,,,,,,,,,,24,h,Time,21,°C,Temperature,,,,,,,,,,,,,,Unionoidea,,,,,,,,,,,,,,,,,,,,,,,,,,,,,,MITOCHONDRIAL,,,,,,,Not intact,"MANTLE,GILL,DIGESTIVE GLAND, GONAD",Standard,Unioninae,Unionini,,,,,,,,,,,,,,,,,,,,,,,,,,,,,,,,,,,,,,,,,,,,,,,,,,,,,,,,,,,,,,,,24,,h,Time,,,,25,,ppt,Ratio,,,25,,ppt,Ratio,,
26761-40-0,"1,2-Benzenedicarboxylic acid diisodecyl ester;1,2-Benzenedicarboxylic acid, 1,2-diisodecyl ester;1,2-Benzenedicarboxylic acid, diisodecyl ester;1,2-Benzenedicarboxylic_acid_diisodecyl_ester;1,2-benzenedicarboxylic_acid,_diisodecyl_ester;bis(8-methylnonyl) benzene-1,2-dicarboxylate;di-''isodecyl'' phthalate;Di-isodecylphthalate;Diisodecyl phthalate;DIISODECYL_PHTHALATE;diisodecylphthalate",,,,,,,,,,,,,,,,,,,,,,,,,,,,,,,,,,,,,,,,,,,,,,,,,,,,,,,,,,,,,,,,,,,,,,,,,,,,,,,,,,,,,,,,,,,,,,,,,,,,,,,,,,,,,,,,,,,,,,,,,,,,,,,,Ecotoxicological Information#Aquatic Toxicity,ECOTOX,EC50,Environ. Toxicol. Chem.14(9): 1569-1574,True,>,Equal,,,,,,Paratanytarsus parthenogeneticus,A Summary of the Acute Toxicity of 14 Phthalate Esters to Representative Aquatic Organisms,Increasing,"Adams,W.J., G.R. Biddinger, K.A. Robillard, and J.W. Gorsuch",Mortality,1168551,142431,Active ingredient,Fresh water,Mortality,,Concurrent control,11/06/1996,A,Static,,,Lab,,,,1995,Pure,,,,Unmeasured,DIDP,,,,,,,Animalia (animals),Bilateria,Arthropoda (arthropods),Hexapoda (hexapods),Insecta (insects),Pterygota (winged insects),"Diptera (gnats,mosquitoes,true flies)",Nematocera (long-horned flies),Culicomorpha,Chironomidae (midges),Paratanytarsus,Protostomia,Ecdysozoa,,,None,7.6,7.9,,,95,≥,None,,,Instar,Unknown,2,3,,,,,,,milligrams per liter Calcium carbonate,Unknown,25,50,,,,,1,Dosed x time(s) per study period,Unknown,,,,,,,,,,,,,,20,°C,Temperature,,,,,,,,,,,,,Holometabola,,,,,,,,,,,,,,,,,,,,,,,,,,,,,,,,,,,,,,,,,Chironominae,Tanytarsini,,,,,,,,,"Neoptera (modern, wing-folding insects)",,,,,,,,,,milligrams per liter Calcium carbonate,Unknown,25,50,,,,,,,,,,,,,,,,,,,,,,,,,,,,,,,,,,,,,,,,,,96,,h,Time,,,,0.64,>,mg/L,Mass concentration,,,640,>,µg/L,Mass concentration,,
26761-40-0,"1,2-Benzenedicarboxylic acid diisodecyl ester;1,2-Benzenedicarboxylic acid, 1,2-diisodecyl ester;1,2-Benzenedicarboxylic acid, diisodecyl ester;1,2-Benzenedicarboxylic_acid_diisodecyl_ester;1,2-benzenedicarboxylic_acid,_diisodecyl_ester;bis(8-methylnonyl) benzene-1,2-dicarboxylate;di-''isodecyl'' phthalate;Di-isodecylphthalate;Diisodecyl phthalate;DIISODECYL_PHTHALATE;diisodecylphthalate",,,,,,,,,,,,,,,,,,,,,,,,,,,,,,,,,,,,,,,,,,,,,,,,,,,,,,,,,,,,,,,,,,,,,,,,,,,,,,,,,,,,,,,,,,,,,,,,,,,,,,,,,,,,,,,,,,,,,,,,,,,,,,,,Ecotoxicological Information#Aquatic Toxicity,ECOTOX,EC50,Environ. Toxicol. Chem.14(9): 1569-1574,True,>,Equal,,,,,,Americamysis bahia,A Summary of the Acute Toxicity of 14 Phthalate Esters to Representative Aquatic Organisms,Increasing,"Adams,W.J., G.R. Biddinger, K.A. Robillard, and J.W. Gorsuch",Mortality,1168553,142433,Active ingredient,Fresh water,Mortality,,Concurrent control,11/06/1996,A,Static,,,Lab,,,,1995,Pure,,,,Unmeasured,DIDP,,,,,,,Animalia (animals),Bilateria,Arthropoda (arthropods),Crustacea (crustaceans),Malacostraca,Eumalacostraca,Mysida (opossum shrimp),,,Mysidae,Americamysis,Protostomia,Ecdysozoa,,,None,7.6,7.9,,,95,≥,None,24,≤,h,Time,,,,,,,,,milligrams per liter Calcium carbonate,Unknown,25,50,,,,,1,Dosed x time(s) per study period,Unknown,,,,,,,,,,,,,,20,°C,Temperature,,,,,,,,,,,,,Peracarida,,,,,,,,,,,,,,,,,,,,,,,,,,,,,,,,,,,,,,,,,,,,,,,,,,,,,,,,,,,,,milligrams per liter Calcium carbonate,Unknown,25,50,,,,,,,,,,,,,,,,,,,,,,,,,,,,,,,,,,,,,,,,,,96,,h,Time,,,,0.08,>,mg/L,Mass concentration,,,80,>,µg/L,Mass concentration,,
26761-40-0,"1,2-Benzenedicarboxylic acid diisodecyl ester;1,2-Benzenedicarboxylic acid, 1,2-diisodecyl ester;1,2-Benzenedicarboxylic acid, diisodecyl ester;1,2-Benzenedicarboxylic_acid_diisodecyl_ester;1,2-benzenedicarboxylic_acid,_diisodecyl_ester;bis(8-methylnonyl) benzene-1,2-dicarboxylate;di-''isodecyl'' phthalate;Di-isodecylphthalate;Diisodecyl phthalate;DIISODECYL_PHTHALATE;diisodecylphthalate",,,,,,,,,,,,,,,,,,,,,,,,,,,,,,,,,,,,,,,,,,,,,,,,,,,,,,,,,,,,,,,,,,,,,,,,,,,,,,,,,,,,,,,,,,,,,,,,,,,,,,,,,,,,,,,,,,,,,,,,,,,,,,,,Ecotoxicological Information#Aquatic Toxicity,ECOTOX,LC50,EPA/OTS 40-8426082:52 p.,True,>,Equal,,,,,,Daphnia magna,Acute Toxicity of Fourteen Phthalate Esters to Daphnia magna,Increasing,Chemical Manufacturers Association,Mortality,2233733,2497734,Active ingredient,Fresh water,Mortality,United States Environmental Protection Agency,Concurrent control,11/20/2019,A,Static,11/22/2019,,Lab,12/12/2019,Laboratory,,1984,,Publication reported endpoint,3 REPLICATES; REPEAT TEST,FORTIFIED WELL WATER,Measured,Diisodecyl phthalate,1975,,,EG&G BIONOMICS,SOURCE/EG&G BIONOMICS//TMETH/1975//MEDIA/FORTIFIED WELL WATER//,,Animalia (animals),Bilateria,Arthropoda (arthropods),Crustacea (crustaceans),Branchiopoda (branchiopods),Phyllopoda,Diplostraca,Cladocera (water fleas),Anomopoda,Daphniidae,Daphnia,Protostomia,Ecdysozoa,,,None,8,8.2,2,None,,,,24,<,h,Time,,,,,,,,,milligrams per liter Calcium carbonate,Unknown,150,180,48,,h,Time,1,Dosed x time(s) per study period,Unknown,,,8.4,,mg/L,Mass concentration,,,,,48,h,Time,20,°C,Temperature,,,,,,,,,,,,,,,,,,,,,,,,,,,,,,,,,,,,,,,,ONLY CONC TESTED,,,CONC1/ONLY CONC TESTED//,,,,,,,,,,,,,,,millimhos per centimeter,Unknown,400,600,,,,,,,,,Acute,,,,milligrams per liter Calcium carbonate,Unknown,100,130,,,,,,,,,,,,,,,,,,,,,,,,,,,,,,,,,,,,,,,,,,24,,h,Time,,,,0.026000000536441803,>,mg/L,Mass concentration,,,0.026000000536441803,>,mg/L,Mass concentration,,
26761-40-0,"1,2-Benzenedicarboxylic acid diisodecyl ester;1,2-Benzenedicarboxylic acid, 1,2-diisodecyl ester;1,2-Benzenedicarboxylic acid, diisodecyl ester;1,2-Benzenedicarboxylic_acid_diisodecyl_ester;1,2-benzenedicarboxylic_acid,_diisodecyl_ester;bis(8-methylnonyl) benzene-1,2-dicarboxylate;di-''isodecyl'' phthalate;Di-isodecylphthalate;Diisodecyl phthalate;DIISODECYL_PHTHALATE;diisodecylphthalate",,,,,,,,,,,,,,,,,,,,,,,,,,,,,,,,,,,,,,,,,,,,,,,,,,,,,,,,,,,,,,,,,,,,,,,,,,,,,,,,,,,,,,,,,,,,,,,,,,,,,,,,,,,,,,,,,,,,,,,,,,,,,,,,Ecotoxicological Information#Aquatic Toxicity,ECOTOX,LC50,EPA/OTS 40-8426082:52 p.,True,>,Equal,,,,,,Daphnia magna,Acute Toxicity of Fourteen Phthalate Esters to Daphnia magna,Increasing,Chemical Manufacturers Association,Mortality,2233732,2497730,Active ingredient,Fresh water,Mortality,United States Environmental Protection Agency,Concurrent control,11/20/2019,A,Static,11/22/2019,,Lab,12/12/2019,Laboratory,,1984,,Publication reported endpoint,3 REPLICATES; INITIAL TEST,FORTIFIED WELL WATER,Measured,Diisodecyl phthalate,1975,,,EG&G BIONOMICS,SOURCE/EG&G BIONOMICS//TMETH/1975//MEDIA/FORTIFIED WELL WATER//,,Animalia (animals),Bilateria,Arthropoda (arthropods),Crustacea (crustaceans),Branchiopoda (branchiopods),Phyllopoda,Diplostraca,Cladocera (water fleas),Anomopoda,Daphniidae,Daphnia,Protostomia,Ecdysozoa,8.4,,None,,,6,None,,,,24,<,h,Time,,,,,,,,,milligrams per liter Calcium carbonate,Unknown,150,180,48,,h,Time,1,Dosed x time(s) per study period,Unknown,,,,,mg/L,Mass concentration,8,,8.6,,48,h,Time,,°C,Temperature,22,23,,,,,,,,,,,,,,,,,,,,,,,,,,,,,,,,,,,,,,,,,,,,,,,,,,,,,,,,millimhos per centimeter,Unknown,400,600,,,,,,,,,Acute,,,,milligrams per liter Calcium carbonate,Unknown,100,130,,,,,,,,,,,,,,,,,,,,,,,,,,,,,,,,,,,,,,,,,,24,,h,Time,,,,0.3700000047683716,>,mg/L,Mass concentration,,,0.3700000047683716,>,mg/L,Mass concentration,,
26761-40-0,"1,2-Benzenedicarboxylic acid diisodecyl ester;1,2-Benzenedicarboxylic acid, 1,2-diisodecyl ester;1,2-Benzenedicarboxylic acid, diisodecyl ester;1,2-Benzenedicarboxylic_acid_diisodecyl_ester;1,2-benzenedicarboxylic_acid,_diisodecyl_ester;bis(8-methylnonyl) benzene-1,2-dicarboxylate;di-''isodecyl'' phthalate;Di-isodecylphthalate;Diisodecyl phthalate;DIISODECYL_PHTHALATE;diisodecylphthalate",,,,,,,,,,,,,,,,,,,,,,,,,,,,,,,,,,,,,,,,,,,,,,,,,,,,,,,,,,,,,,,,,,,,,,,,,,,,,,,,,,,,,,,,,,,,,,,,,,,,,,,,,,,,,,,,,,,,,,,,,,,,,,,,Ecotoxicological Information#Aquatic Toxicity,ECOTOX,LC50,EPA/OTS 40-8426146:41 p.,True,>,Equal,,,,,,Paratanytarsus parthenogeneticus,Acute Toxicity of Twelve Phthalate Esters to Paratanytarsus parthenogenica (Final Report) Report No Bw-83-6-1424,Increasing,Chemical Manufacturers Association,Mortality,2233641,2497433,Active ingredient,Fresh water,Mortality,United States Environmental Protection Agency,Concurrent control,11/20/2019,A,Static,11/22/2019,,Lab,12/12/2019,Laboratory,,2000,,Publication reported endpoint,3 REPLICATES,FORTIFIED WELL WATER,Measured,Diisodecyl phthalate,"EG & G, MODIFIED EPA 1975",,NO DISCERNIBLE EFFECT CONCENTRATIONS,EG&G BIONOMICS,"SOURCE/EG&G BIONOMICS//TMETH/EG & G, MODIFIED EPA 1975//MEDIA/FORTIFIED WELL WATER//",,Animalia (animals),Bilateria,Arthropoda (arthropods),Hexapoda (hexapods),Insecta (insects),Pterygota (winged insects),"Diptera (gnats,mosquitoes,true flies)",Nematocera (long-horned flies),Culicomorpha,Chironomidae (midges),Paratanytarsus,Protostomia,Ecdysozoa,8.4,,None,,,2,None,,,,,,,,,,,,,,,,milligrams per liter Calcium carbonate,Unknown,150,170,48,,h,Time,1,Dosed x time(s) per study period,Unknown,,,,,mg/L,Mass concentration,7.8,,8.3,,48,h,Time,,°C,Temperature,21,22,,,,,,,,,,,Holometabola,,,,,,,,,,,,,,,,,,,SECOND OR THIRD INSTAR,,,,,,,,ONLY CONC TESTED,,,CONC1/ONLY CONC TESTED//,,,,,,,,Larva,,,Chironominae,Tanytarsini,,,millimhos per centimeter,Unknown,400,600,,,"Neoptera (modern, wing-folding insects)",,,,,,Acute,,,,milligrams per liter Calcium carbonate,Unknown,100,130,,,,,,,,,,,,,,,,,,,,,,,,,,,,,,,,,,,,,,,,,,24,,h,Time,,,,0.9599999785423279,>,mg/L,Mass concentration,,,0.9599999785423279,>,mg/L,Mass concentration,,
26761-40-0,"1,2-Benzenedicarboxylic acid diisodecyl ester;1,2-Benzenedicarboxylic acid, 1,2-diisodecyl ester;1,2-Benzenedicarboxylic acid, diisodecyl ester;1,2-Benzenedicarboxylic_acid_diisodecyl_ester;1,2-benzenedicarboxylic_acid,_diisodecyl_ester;bis(8-methylnonyl) benzene-1,2-dicarboxylate;di-''isodecyl'' phthalate;Di-isodecylphthalate;Diisodecyl phthalate;DIISODECYL_PHTHALATE;diisodecylphthalate",,,,,,,,,,,,,,,,,,,,,,,,,,,,,,,,,,,,,,,,,,,,,,,,,,,,,,,,,,,,,,,,,,,,,,,,,,,,,,,,,,,,,,,,,,,,,,,,,,,,,,,,,,,,,,,,,,,,,,,,,,,,,,,,Ecotoxicological Information#Aquatic Toxicity,ECOTOX,LC50,"Rep.No.BP-84-2-14, Springborn Bionomics Inc., Pensacola, FL:43 p.",True,>,Equal,,,,,,Cyprinodon variegatus,Acute Toxicity of Thirteen Phthalate Esters to the Sheepshead Minnow (Cyprinodon variegatus),Increasing,Springborn Bionomics Inc.,Mortality,2233451,2496795,Active ingredient,Salt water,Mortality,United States Environmental Protection Agency,Concurrent control,11/18/2019,A,Flow-through,11/18/2019,,Lab,12/12/2019,Laboratory,,1984,,Publication reported endpoint,2 REPLICATES,"NATURAL SEAWATER FROM BIG LAGOON, GULF OF MEXICO ESTUARY",Measured,Diisodecyl phthalate,"EG AND G BIONOMICS PROTOCOL FOR FLOW-THROUGH TOXICITY TESTS WITH FISHES, JANUARY 2,1980, MODIFIED BY EGG/CMA-007C, SEPTEMBER 1981, BASED ON THE USEPA METHODS FOR ACUTE TOXICITY TESTS WITH FISH, MACROINVERTEBRATES, AND AMPHIBIANS, 1975",,HIGHEST NO DISCERNIBLE EFFECT CONCENTRATION,EITHER CULTURED AT LAB OR PURCHASED FROM A PROVEN HATCHERY IN MASSACHUSETTS,"SOURCE/EITHER CULTURED AT LAB OR PURCHASED FROM A PROVEN HATCHERY IN MASSACHUSETTS//TMETH/EG AND G BIONOMICS PROTOCOL FOR FLOW-THROUGH TOXICITY TESTS WITH FISHES, JANUARY 2,1980, MODIFIED BY EGG/CMA-007C, SEPTEMBER 1981, BASED ON THE USEPA METHODS FOR ACUTE TOXICITY TESTS WITH FISH, MACROINVERTEBRATES, AND AMPHIBIANS, 1975//MEDIA/NATURAL SEAWATER FROM BIG LAGOON, GULF OF MEXICO ESTUARY//",,Animalia (animals),Bilateria,Chordata (chordates),Vertebrata (vertebrates),Teleostei,,"Cyprinodontiformes (cyprinodonts,cyprinodontiforms,killifishes)",Cyprinodontoidei (cyprinodontoids),,"Cyprinodontidae (killifishes,toothcarps,cyprinodontids,pupfishes)",Cyprinodon (pupfishes),Deuterostomia,,,,None,8,8.2,3,None,,,,10,≤,wk,Time,,,,,,,,,,,,,96,,h,Time,,,,,,,,parts per million,Unknown,7.5,,7.6,,96,h,Time,,°C,Temperature,24.4,24.7,,,,,,,,,,"Actinopterygii (ray-finned fishes,spiny rayed fishes)",Acanthopterygii,,Gnathostomata,,,,,,,,,,,,,,,,,13(11-16) MM,41,mg,Mass,20,78,,,,,,,,,,,,,,Juvenile,,,Cyprinodontinae (cyprinodontines),Cyprinodontini,,,,,,,,,,,,,,,Acute,19,parts per thousand,Unknown,,,,,,,,,,,,,,,,,,,,,,,,,,,,,,,,,,,,,,,,,,,,,,24,,h,Time,,,,0.4699999988079071,>,ppm,Ratio,,,0.4699999988079071,>,ppm,Ratio,,
26761-40-0,"1,2-Benzenedicarboxylic acid diisodecyl ester;1,2-Benzenedicarboxylic acid, 1,2-diisodecyl ester;1,2-Benzenedicarboxylic acid, diisodecyl ester;1,2-Benzenedicarboxylic_acid_diisodecyl_ester;1,2-benzenedicarboxylic_acid,_diisodecyl_ester;bis(8-methylnonyl) benzene-1,2-dicarboxylate;di-''isodecyl'' phthalate;Di-isodecylphthalate;Diisodecyl phthalate;DIISODECYL_PHTHALATE;diisodecylphthalate",,,,,,,,,,,,,,,,,,,,,,,,,,,,,,,,,,,,,,,,,,,,,,,,,,,,,,,,,,,,,,,,,,,,,,,,,,,,,,,,,,,,,,,,,,,,,,,,,,,,,,,,,,,,,,,,,,,,,,,,,,,,,,,,Ecotoxicological Information#Aquatic Toxicity,ECOTOX,LC50,EPA/OTS 40-8326129:43 p.,True,>,Equal,,,,,,Lepomis macrochirus,Exhibit III: Acute Toxicity of Thirteen Phthalate Esters to Bluegill (Lepomis macrochirus),Increasing,Chemical Manufacturers Association,Mortality,2233761,2497969,Active ingredient,Fresh water,Mortality,United States Environmental Protection Agency,Concurrent control,11/21/2019,A,Static,11/22/2019,,Lab,12/12/2019,Laboratory,,2000,Liquid,Publication reported endpoint,2 REPLICATES,RECONSTITUTED SOFT WATER,Measured,Diisodecyl phthalate,"1975, EPA-660/3-75-009",,NO DISCERNIBLE EFFECT CONCENTRATION,COMMERCIAL FISH SUPPLIERS IN CONNECTICUT AND MISSOURI,"SOURCE/COMMERCIAL FISH SUPPLIERS IN CONNECTICUT AND MISSOURI//TMETH/1975, EPA-660/3-75-009//MEDIA/RECONSTITUTED SOFT WATER//",,Animalia (animals),Bilateria,Chordata (chordates),Vertebrata (vertebrates),Teleostei,,Perciformes (perch-like fishes),Percoidei,,Centrarchidae (sunfishes),"Lepomis (common sunfishes,eared sunfishes)",Deuterostomia,,,,None,7.1,7.8,2,None,,,,,,,,,,,,,,,,milligrams per liter Calcium carbonate,Unknown,42,48,96,,h,Time,1,Dosed x time(s) per study period,Unknown,,,,,mg/L,Mass concentration,4.2,,8.5,,96,h,Time,22,°C,Temperature,,,,,,,,,,,,"Actinopterygii (ray-finned fishes,spiny rayed fishes)",Acanthopterygii,,Gnathostomata,,,,,,,,,,,,,,,,,"LOT 82E26, TOTAL LENGTH 40(33-45) MM",0.7,g,Mass,0.42,0.98,,,ONLY CONC TESTED,,,CONC1/ONLY CONC TESTED//,,,,,,,,,,,,,,,millimhos per centimeter,Unknown,150,160,,,,,,,,,Acute,,,,milligrams per liter Calcium carbonate,Unknown,30,34,,,,,,,,,,,,,,,,,,,,,,,,,,,,,,,,,,,,,,,,,,24,,h,Time,,,,0.550000011920929,>,mg/L,Mass concentration,,,0.550000011920929,>,mg/L,Mass concentration,,
26761-40-0,"1,2-Benzenedicarboxylic acid diisodecyl ester;1,2-Benzenedicarboxylic acid, 1,2-diisodecyl ester;1,2-Benzenedicarboxylic acid, diisodecyl ester;1,2-Benzenedicarboxylic_acid_diisodecyl_ester;1,2-benzenedicarboxylic_acid,_diisodecyl_ester;bis(8-methylnonyl) benzene-1,2-dicarboxylate;di-''isodecyl'' phthalate;Di-isodecylphthalate;Diisodecyl phthalate;DIISODECYL_PHTHALATE;diisodecylphthalate",,,,,,,,,,,,,,,,,,,,,,,,,,,,,,,,,,,,,,,,,,,,,,,,,,,,,,,,,,,,,,,,,,,,,,,,,,,,,,,,,,,,,,,,,,,,,,,,,,,,,,,,,,,,,,,,,,,,,,,,,,,,,,,,Ecotoxicological Information#Aquatic Toxicity,ECOTOX,LC50,EPA/OTS 40-8326144:58 p.,True,>,Equal,,,,,,Oncorhynchus mykiss,Acute Toxicity of Fourteen Phthalate Esters to Rainbow Trout (Salmo gairdneri) Under Flow-Through Conditions (Final Report) Report No BW-83-3-1373,Increasing,Chemical Manufacturers Association,Mortality,2233991,2498748,Active ingredient,Fresh water,Mortality,Other Method,Concurrent control,11/22/2019,A,Flow-through,11/24/2019,,Lab,12/12/2019,Laboratory,,1983,Liquid,Publication reported endpoint,,WELL WATER SUPPLEMENTED WITH TOWN OF WAREHAM UNTREATED AND UNCHLORINATED WELL WATER,Measured,Diisodecyl phthalate,"EG AND G, BIONOMICS METHODS FOR CONDUCTING FLOW-THROUGH TOXICITY TESTS WITH FRESHWATER FISH (MARCH, 1981) PROTOCOL AMENDMENT EG AND G CMA-007A.",,"NO DISCERNIBLE EFFECT CONCENTRATIONS REPORTED, TOXICITY SYMPTOMS.",OBTAINED FROM COMMERCIAL FISH SUPPLIERS IN MARYLAND AND MONTANA,"SOURCE/OBTAINED FROM COMMERCIAL FISH SUPPLIERS IN MARYLAND AND MONTANA//TMETH/EG AND G, BIONOMICS METHODS FOR CONDUCTING FLOW-THROUGH TOXICITY TESTS WITH FRESHWATER FISH (MARCH, 1981) PROTOCOL AMENDMENT EG AND G CMA-007A.//MEDIA/WELL WATER SUPPLEMENTED WITH TOWN OF WAREHAM UNTREATED AND UNCHLORINATED WELL WATER//",,Animalia (animals),Bilateria,Chordata (chordates),Vertebrata (vertebrates),Teleostei,,Salmoniformes (salmons),,,"Salmonidae (salmonids,trouts and salmons,salmons,trouts)",Oncorhynchus (Pacific salmon),Deuterostomia,,,,None,8.9,9.1,6,None,100,,None,,,,,,,,,,,,,milligrams per liter Calcium carbonate,Unknown,20,26,96,,h,Time,,,,,,,,mg/L,Mass concentration,7.1,,7.4,,96,h,Time,11,°C,Temperature,,,,,,,,,,,,"Actinopterygii (ray-finned fishes,spiny rayed fishes)",Protacanthopterygii,,Gnathostomata,,,,,,,,,,,,,,,,,62 (55-69) MM LENGTH. LOT NUMBER 82A16.,2.3,g,Mass,1.6,3.2,,,,,,,,,,,,,,,,,Salmoninae,,,,micro ohms per centimeter,Unknown,80,160,,,,,,,,,Acute,,,,milligrams per liter Calcium carbonate,Unknown,14,28,,,,,,,,,,,,,,,,,,,,,,,,,,,,,,,,,,,,,,,,,,24,,h,Time,,,,0.6200000047683716,>,mg/L,Mass concentration,,,0.6200000047683716,>,mg/L,Mass concentration,,
26761-40-0,"1,2-Benzenedicarboxylic acid diisodecyl ester;1,2-Benzenedicarboxylic acid, 1,2-diisodecyl ester;1,2-Benzenedicarboxylic acid, diisodecyl ester;1,2-Benzenedicarboxylic_acid_diisodecyl_ester;1,2-benzenedicarboxylic_acid,_diisodecyl_ester;bis(8-methylnonyl) benzene-1,2-dicarboxylate;di-''isodecyl'' phthalate;Di-isodecylphthalate;Diisodecyl phthalate;DIISODECYL_PHTHALATE;diisodecylphthalate",,,,,,,,,,,,,,,,,,,,,,,,,,,,,,,,,,,,,,,,,,,,,,,,,,,,,,,,,,,,,,,,,,,,,,,,,,,,,,,,,,,,,,,,,,,,,,,,,,,,,,,,,,,,,,,,,,,,,,,,,,,,,,,,Ecotoxicological Information#Aquatic Toxicity,ECOTOX,LC50,"Report BW-83-3-1974, Bionomics, Wareham, MA:6 p.",True,>,Equal,,,,,,Pimephales promelas,Acute Toxicity of Thirteen Phthalate Esters to Fathead Minnow (Pimephales promelas) Under Flow-Through Conditions,Increasing,E.G. and G. Bionomics,Mortality,2171410,2337752,Active ingredient,Fresh water,Mortality,,Concurrent control,05/19/2016,A,Flow-through,05/19/2016,,Lab,06/15/2016,Laboratory,,1983,Liquid,Publication reported endpoint,"2 REPLICATES, AQUATIC TOXICOLOGY LABORATORY OF EG AND G BIONOMICS, WAREHAM, MASSACHUSETTS",,Measured,Diisodecyl phthalate,,,TOXICITY SYMPTOMS,"EG AND G BIONOMICS, WAREHAM, MASSACHUSETTS","SOURCE/EG AND G BIONOMICS, WAREHAM, MASSACHUSETTS//",,Animalia (animals),Bilateria,Chordata (chordates),Vertebrata (vertebrates),Teleostei,,"Cypriniformes (minnows,suckers)",,,"Cyprinidae (carps,minnows,carps and minnows)",Pimephales (bluntnose minnows),Deuterostomia,,,,None,6.7,7,6,None,100,,None,,,,,,,,,,,,,milligrams per liter Calcium carbonate,Unknown,20,26,96,,h,Time,,,,,,,,percent saturation,Unknown,89,,100,>,96,h,Time,22,°C,Temperature,21,23,,,,,,,,,,"Actinopterygii (ray-finned fishes,spiny rayed fishes)",Ostariophysi,Cyprinoidea,Gnathostomata,,,,,,,,,,,,,,,,,30(25-39) MM,0.25,g,Mass,0.2,0.47,,,,,,,,,,,,,,,,,,,,,micro ohms per centimeter,Unknown,80,110,,,,,,,,,,,,,milligrams per liter Calcium carbonate,Unknown,14,22,,,,,,,,,,,,,,,,,,,,,,,,,,,,,,,,,,,,,,,,,,24,,h,Time,,,,1,>,mg/L,Mass concentration,,,1,>,mg/L,Mass concentration,,
26761-40-0,"1,2-Benzenedicarboxylic acid diisodecyl ester;1,2-Benzenedicarboxylic acid, 1,2-diisodecyl ester;1,2-Benzenedicarboxylic acid, diisodecyl ester;1,2-Benzenedicarboxylic_acid_diisodecyl_ester;1,2-benzenedicarboxylic_acid,_diisodecyl_ester;bis(8-methylnonyl) benzene-1,2-dicarboxylate;di-''isodecyl'' phthalate;Di-isodecylphthalate;Diisodecyl phthalate;DIISODECYL_PHTHALATE;diisodecylphthalate",,,,,,,,,,,,,,,,,,,,,,,,,,,,,,,,,,,,,,,,,,,,,,,,,,,,,,,,,,,,,,,,,,,,,,,,,,,,,,,,,,,,,,,,,,,,,,,,,,,,,,,,,,,,,,,,,,,,,,,,,,,,,,,,Ecotoxicological Information#Aquatic Toxicity,ECOTOX,LC50,EPA/OTS 40-8326129:44 p.,True,>,Equal,,,,,,Pimephales promelas,Exhibit III: Acute Toxicity of Fourteen Phthalate Esters to Fathead Minnows (Pimephales promelas),Increasing,Chemical Manufacturers Association,Mortality,2234009,2498855,Active ingredient,Fresh water,Mortality,Other Method,Concurrent control,11/24/2019,A,Static,11/24/2019,,Lab,12/12/2019,Laboratory,,2000,Liquid,Publication reported endpoint,DUPLICATE,SOFT WATER RECONSTITUTED FROM DEIONIZED WATER ACCORDING TO RECOMMENDED PROCEDURES,Measured,Diisodecyl phthalate,"EG AND G, BIONOMICS PROTOCOL FOR FRESHWATER STATIC ACUTE TOXICITY TESTS WITH FISH 1982 AND AMENDMENT EGG/CMA-003",,NO DISCERNIBLE EFFECT CONCENTRATION REPORTED,"OBTAINED FROM CULTURES MAINTAINED AT EG AND G, BIONOMICS, WAREHAM, MASSACHUSETTS","SOURCE/OBTAINED FROM CULTURES MAINTAINED AT EG AND G, BIONOMICS, WAREHAM, MASSACHUSETTS//TMETH/EG AND G, BIONOMICS PROTOCOL FOR FRESHWATER STATIC ACUTE TOXICITY TESTS WITH FISH 1982 AND AMENDMENT EGG/CMA-003//MEDIA/SOFT WATER RECONSTITUTED FROM DEIONIZED WATER ACCORDING TO RECOMMENDED PROCEDURES//",,Animalia (animals),Bilateria,Chordata (chordates),Vertebrata (vertebrates),Teleostei,,"Cypriniformes (minnows,suckers)",,,"Cyprinidae (carps,minnows,carps and minnows)",Pimephales (bluntnose minnows),Deuterostomia,,,,None,7.2,7.8,2,None,,,,,,,,,,,,,,,,milligrams per liter Calcium carbonate,Unknown,42,48,96,,h,Time,1,Dosed x time(s) per study period,Unknown,,,,,mg/L,Mass concentration,5.9,,8.7,,96,h,Time,22,°C,Temperature,,,,,,,,,,,,"Actinopterygii (ray-finned fishes,spiny rayed fishes)",Ostariophysi,Cyprinoidea,Gnathostomata,,,,,,,,,,,,,,,,,36 (29-44) MM TOTAL LENGTH. LOT 82A20.,0.38,g,Mass,0.2,0.7,,,ONLY CONC TESTED,,,CONC1/ONLY CONC TESTED//,,,,,,,,,,,,,,,micro ohms per centimeter,Unknown,150,170,,,,,,,,,Acute,,,,milligrams per liter Calcium carbonate,Unknown,30,36,,,,,,,,,,,,,,,,,,,,,,,,,,,,,,,,,,,,,,,,,,24,,h,Time,,,,0.6600000262260437,>,mg/L,Mass concentration,,,0.6600000262260437,>,mg/L,Mass concentration,,
26761-40-0,"1,2-Benzenedicarboxylic acid diisodecyl ester;1,2-Benzenedicarboxylic acid, 1,2-diisodecyl ester;1,2-Benzenedicarboxylic acid, diisodecyl ester;1,2-Benzenedicarboxylic_acid_diisodecyl_ester;1,2-benzenedicarboxylic_acid,_diisodecyl_ester;bis(8-methylnonyl) benzene-1,2-dicarboxylate;di-''isodecyl'' phthalate;Di-isodecylphthalate;Diisodecyl phthalate;DIISODECYL_PHTHALATE;diisodecylphthalate",,,,,,,,,,,,,,,,,,,,,,,,,,,,,,,,,,,,,,,,,,,,,,,,,,,,,,,,,,,,,,,,,,,,,,,,,,,,,,,,,,,,,,,,,,,,,,,,,,,,,,,,,,,,,,,,,,,,,,,,,,,,,,,,Ecotoxicological Information#Aquatic Toxicity,ECOTOX,LC50,EPA/OTS 40-8426082:52 p.,True,>,Equal,,,,,,Daphnia magna,Acute Toxicity of Fourteen Phthalate Esters to Daphnia magna,Increasing,Chemical Manufacturers Association,Mortality,2233732,2497731,Active ingredient,Fresh water,Mortality,United States Environmental Protection Agency,Concurrent control,11/20/2019,A,Static,11/22/2019,,Lab,12/12/2019,Laboratory,,1984,,Publication reported endpoint,3 REPLICATES; INITIAL TEST,FORTIFIED WELL WATER,Measured,Diisodecyl phthalate,1975,,,EG&G BIONOMICS,SOURCE/EG&G BIONOMICS//TMETH/1975//MEDIA/FORTIFIED WELL WATER//,,Animalia (animals),Bilateria,Arthropoda (arthropods),Crustacea (crustaceans),Branchiopoda (branchiopods),Phyllopoda,Diplostraca,Cladocera (water fleas),Anomopoda,Daphniidae,Daphnia,Protostomia,Ecdysozoa,8.4,,None,,,6,None,,,,24,<,h,Time,,,,,,,,,milligrams per liter Calcium carbonate,Unknown,150,180,48,,h,Time,1,Dosed x time(s) per study period,Unknown,,,,,mg/L,Mass concentration,8,,8.6,,48,h,Time,,°C,Temperature,22,23,,,,,,,,,,,,,,,,,,,,,,,,,,,,,,,,,,,,,,,,,,,,,,,,,,,,,,,,millimhos per centimeter,Unknown,400,600,,,,,,,,,Acute,,,,milligrams per liter Calcium carbonate,Unknown,100,130,,,,,,,,,,,,,,,,,,,,,,,,,,,,,,,,,,,,,,,,,,48,,h,Time,,,,0.18000000715255737,>,mg/L,Mass concentration,,,0.18000000715255737,>,mg/L,Mass concentration,,
26761-40-0,"1,2-Benzenedicarboxylic acid diisodecyl ester;1,2-Benzenedicarboxylic acid, 1,2-diisodecyl ester;1,2-Benzenedicarboxylic acid, diisodecyl ester;1,2-Benzenedicarboxylic_acid_diisodecyl_ester;1,2-benzenedicarboxylic_acid,_diisodecyl_ester;bis(8-methylnonyl) benzene-1,2-dicarboxylate;di-''isodecyl'' phthalate;Di-isodecylphthalate;Diisodecyl phthalate;DIISODECYL_PHTHALATE;diisodecylphthalate",,,,,,,,,,,,,,,,,,,,,,,,,,,,,,,,,,,,,,,,,,,,,,,,,,,,,,,,,,,,,,,,,,,,,,,,,,,,,,,,,,,,,,,,,,,,,,,,,,,,,,,,,,,,,,,,,,,,,,,,,,,,,,,,Ecotoxicological Information#Aquatic Toxicity,ECOTOX,LC50,EPA/OTS 40-8426082:52 p.,True,>,Equal,,,,,,Daphnia magna,Acute Toxicity of Fourteen Phthalate Esters to Daphnia magna,Increasing,Chemical Manufacturers Association,Mortality,2233733,2497735,Active ingredient,Fresh water,Mortality,United States Environmental Protection Agency,Concurrent control,11/20/2019,A,Static,11/22/2019,,Lab,12/12/2019,Laboratory,,1984,,Publication reported endpoint,3 REPLICATES; REPEAT TEST,FORTIFIED WELL WATER,Measured,Diisodecyl phthalate,1975,,,EG&G BIONOMICS,SOURCE/EG&G BIONOMICS//TMETH/1975//MEDIA/FORTIFIED WELL WATER//,,Animalia (animals),Bilateria,Arthropoda (arthropods),Crustacea (crustaceans),Branchiopoda (branchiopods),Phyllopoda,Diplostraca,Cladocera (water fleas),Anomopoda,Daphniidae,Daphnia,Protostomia,Ecdysozoa,,,None,8,8.2,2,None,,,,24,<,h,Time,,,,,,,,,milligrams per liter Calcium carbonate,Unknown,150,180,48,,h,Time,1,Dosed x time(s) per study period,Unknown,,,8.4,,mg/L,Mass concentration,,,,,48,h,Time,20,°C,Temperature,,,,,,,,,,,,,,,,,,,,,,,,,,,,,,,,,,,,,,,,ONLY CONC TESTED,,,CONC1/ONLY CONC TESTED//,,,,,,,,,,,,,,,millimhos per centimeter,Unknown,400,600,,,,,,,,,Acute,,,,milligrams per liter Calcium carbonate,Unknown,100,130,,,,,,,,,,,,,,,,,,,,,,,,,,,,,,,,,,,,,,,,,,48,,h,Time,,,,0.026000000536441803,>,mg/L,Mass concentration,,,0.026000000536441803,>,mg/L,Mass concentration,,
26761-40-0,"1,2-Benzenedicarboxylic acid diisodecyl ester;1,2-Benzenedicarboxylic acid, 1,2-diisodecyl ester;1,2-Benzenedicarboxylic acid, diisodecyl ester;1,2-Benzenedicarboxylic_acid_diisodecyl_ester;1,2-benzenedicarboxylic_acid,_diisodecyl_ester;bis(8-methylnonyl) benzene-1,2-dicarboxylate;di-''isodecyl'' phthalate;Di-isodecylphthalate;Diisodecyl phthalate;DIISODECYL_PHTHALATE;diisodecylphthalate",,,,,,,,,,,,,,,,,,,,,,,,,,,,,,,,,,,,,,,,,,,,,,,,,,,,,,,,,,,,,,,,,,,,,,,,,,,,,,,,,,,,,,,,,,,,,,,,,,,,,,,,,,,,,,,,,,,,,,,,,,,,,,,,Ecotoxicological Information#Aquatic Toxicity,ECOTOX,LC50,EPA/OTS 40-8426146:41 p.,True,>,Equal,,,,,,Paratanytarsus parthenogeneticus,Acute Toxicity of Twelve Phthalate Esters to Paratanytarsus parthenogenica (Final Report) Report No Bw-83-6-1424,Increasing,Chemical Manufacturers Association,Mortality,2233641,2497434,Active ingredient,Fresh water,Mortality,United States Environmental Protection Agency,Concurrent control,11/20/2019,A,Static,11/22/2019,,Lab,12/12/2019,Laboratory,,2000,,Publication reported endpoint,3 REPLICATES,FORTIFIED WELL WATER,Measured,Diisodecyl phthalate,"EG & G, MODIFIED EPA 1975",,NO DISCERNIBLE EFFECT CONCENTRATIONS,EG&G BIONOMICS,"SOURCE/EG&G BIONOMICS//TMETH/EG & G, MODIFIED EPA 1975//MEDIA/FORTIFIED WELL WATER//",,Animalia (animals),Bilateria,Arthropoda (arthropods),Hexapoda (hexapods),Insecta (insects),Pterygota (winged insects),"Diptera (gnats,mosquitoes,true flies)",Nematocera (long-horned flies),Culicomorpha,Chironomidae (midges),Paratanytarsus,Protostomia,Ecdysozoa,8.4,,None,,,2,None,,,,,,,,,,,,,,,,milligrams per liter Calcium carbonate,Unknown,150,170,48,,h,Time,1,Dosed x time(s) per study period,Unknown,,,,,mg/L,Mass concentration,7.8,,8.3,,48,h,Time,,°C,Temperature,21,22,,,,,,,,,,,Holometabola,,,,,,,,,,,,,,,,,,,SECOND OR THIRD INSTAR,,,,,,,,ONLY CONC TESTED,,,CONC1/ONLY CONC TESTED//,,,,,,,,Larva,,,Chironominae,Tanytarsini,,,millimhos per centimeter,Unknown,400,600,,,"Neoptera (modern, wing-folding insects)",,,,,,Acute,,,,milligrams per liter Calcium carbonate,Unknown,100,130,,,,,,,,,,,,,,,,,,,,,,,,,,,,,,,,,,,,,,,,,,48,,h,Time,,,,0.9599999785423279,>,mg/L,Mass concentration,,,0.9599999785423279,>,mg/L,Mass concentration,,
26761-40-0,"1,2-Benzenedicarboxylic acid diisodecyl ester;1,2-Benzenedicarboxylic acid, 1,2-diisodecyl ester;1,2-Benzenedicarboxylic acid, diisodecyl ester;1,2-Benzenedicarboxylic_acid_diisodecyl_ester;1,2-benzenedicarboxylic_acid,_diisodecyl_ester;bis(8-methylnonyl) benzene-1,2-dicarboxylate;di-''isodecyl'' phthalate;Di-isodecylphthalate;Diisodecyl phthalate;DIISODECYL_PHTHALATE;diisodecylphthalate",,,,,,,,,,,,,,,,,,,,,,,,,,,,,,,,,,,,,,,,,,,,,,,,,,,,,,,,,,,,,,,,,,,,,,,,,,,,,,,,,,,,,,,,,,,,,,,,,,,,,,,,,,,,,,,,,,,,,,,,,,,,,,,,Ecotoxicological Information#Aquatic Toxicity,ECOTOX,LC50,"Rep.No.BP-84-2-14, Springborn Bionomics Inc., Pensacola, FL:43 p.",True,>,Equal,,,,,,Cyprinodon variegatus,Acute Toxicity of Thirteen Phthalate Esters to the Sheepshead Minnow (Cyprinodon variegatus),Increasing,Springborn Bionomics Inc.,Mortality,2233451,2496796,Active ingredient,Salt water,Mortality,United States Environmental Protection Agency,Concurrent control,11/18/2019,A,Flow-through,11/18/2019,,Lab,12/12/2019,Laboratory,,1984,,Publication reported endpoint,2 REPLICATES,"NATURAL SEAWATER FROM BIG LAGOON, GULF OF MEXICO ESTUARY",Measured,Diisodecyl phthalate,"EG AND G BIONOMICS PROTOCOL FOR FLOW-THROUGH TOXICITY TESTS WITH FISHES, JANUARY 2,1980, MODIFIED BY EGG/CMA-007C, SEPTEMBER 1981, BASED ON THE USEPA METHODS FOR ACUTE TOXICITY TESTS WITH FISH, MACROINVERTEBRATES, AND AMPHIBIANS, 1975",,HIGHEST NO DISCERNIBLE EFFECT CONCENTRATION,EITHER CULTURED AT LAB OR PURCHASED FROM A PROVEN HATCHERY IN MASSACHUSETTS,"SOURCE/EITHER CULTURED AT LAB OR PURCHASED FROM A PROVEN HATCHERY IN MASSACHUSETTS//TMETH/EG AND G BIONOMICS PROTOCOL FOR FLOW-THROUGH TOXICITY TESTS WITH FISHES, JANUARY 2,1980, MODIFIED BY EGG/CMA-007C, SEPTEMBER 1981, BASED ON THE USEPA METHODS FOR ACUTE TOXICITY TESTS WITH FISH, MACROINVERTEBRATES, AND AMPHIBIANS, 1975//MEDIA/NATURAL SEAWATER FROM BIG LAGOON, GULF OF MEXICO ESTUARY//",,Animalia (animals),Bilateria,Chordata (chordates),Vertebrata (vertebrates),Teleostei,,"Cyprinodontiformes (cyprinodonts,cyprinodontiforms,killifishes)",Cyprinodontoidei (cyprinodontoids),,"Cyprinodontidae (killifishes,toothcarps,cyprinodontids,pupfishes)",Cyprinodon (pupfishes),Deuterostomia,,,,None,8,8.2,3,None,,,,10,≤,wk,Time,,,,,,,,,,,,,96,,h,Time,,,,,,,,parts per million,Unknown,7.5,,7.6,,96,h,Time,,°C,Temperature,24.4,24.7,,,,,,,,,,"Actinopterygii (ray-finned fishes,spiny rayed fishes)",Acanthopterygii,,Gnathostomata,,,,,,,,,,,,,,,,,13(11-16) MM,41,mg,Mass,20,78,,,,,,,,,,,,,,Juvenile,,,Cyprinodontinae (cyprinodontines),Cyprinodontini,,,,,,,,,,,,,,,Acute,19,parts per thousand,Unknown,,,,,,,,,,,,,,,,,,,,,,,,,,,,,,,,,,,,,,,,,,,,,,48,,h,Time,,,,0.4699999988079071,>,ppm,Ratio,,,0.4699999988079071,>,ppm,Ratio,,
26761-40-0,"1,2-Benzenedicarboxylic acid diisodecyl ester;1,2-Benzenedicarboxylic acid, 1,2-diisodecyl ester;1,2-Benzenedicarboxylic acid, diisodecyl ester;1,2-Benzenedicarboxylic_acid_diisodecyl_ester;1,2-benzenedicarboxylic_acid,_diisodecyl_ester;bis(8-methylnonyl) benzene-1,2-dicarboxylate;di-''isodecyl'' phthalate;Di-isodecylphthalate;Diisodecyl phthalate;DIISODECYL_PHTHALATE;diisodecylphthalate",,,,,,,,,,,,,,,,,,,,,,,,,,,,,,,,,,,,,,,,,,,,,,,,,,,,,,,,,,,,,,,,,,,,,,,,,,,,,,,,,,,,,,,,,,,,,,,,,,,,,,,,,,,,,,,,,,,,,,,,,,,,,,,,Ecotoxicological Information#Aquatic Toxicity,ECOTOX,LC50,EPA/OTS 40-8326129:43 p.,True,>,Equal,,,,,,Lepomis macrochirus,Exhibit III: Acute Toxicity of Thirteen Phthalate Esters to Bluegill (Lepomis macrochirus),Increasing,Chemical Manufacturers Association,Mortality,2233761,2497970,Active ingredient,Fresh water,Mortality,United States Environmental Protection Agency,Concurrent control,11/21/2019,A,Static,11/22/2019,,Lab,12/12/2019,Laboratory,,2000,Liquid,Publication reported endpoint,2 REPLICATES,RECONSTITUTED SOFT WATER,Measured,Diisodecyl phthalate,"1975, EPA-660/3-75-009",,NO DISCERNIBLE EFFECT CONCENTRATION,COMMERCIAL FISH SUPPLIERS IN CONNECTICUT AND MISSOURI,"SOURCE/COMMERCIAL FISH SUPPLIERS IN CONNECTICUT AND MISSOURI//TMETH/1975, EPA-660/3-75-009//MEDIA/RECONSTITUTED SOFT WATER//",,Animalia (animals),Bilateria,Chordata (chordates),Vertebrata (vertebrates),Teleostei,,Perciformes (perch-like fishes),Percoidei,,Centrarchidae (sunfishes),"Lepomis (common sunfishes,eared sunfishes)",Deuterostomia,,,,None,7.1,7.8,2,None,,,,,,,,,,,,,,,,milligrams per liter Calcium carbonate,Unknown,42,48,96,,h,Time,1,Dosed x time(s) per study period,Unknown,,,,,mg/L,Mass concentration,4.2,,8.5,,96,h,Time,22,°C,Temperature,,,,,,,,,,,,"Actinopterygii (ray-finned fishes,spiny rayed fishes)",Acanthopterygii,,Gnathostomata,,,,,,,,,,,,,,,,,"LOT 82E26, TOTAL LENGTH 40(33-45) MM",0.7,g,Mass,0.42,0.98,,,ONLY CONC TESTED,,,CONC1/ONLY CONC TESTED//,,,,,,,,,,,,,,,millimhos per centimeter,Unknown,150,160,,,,,,,,,Acute,,,,milligrams per liter Calcium carbonate,Unknown,30,34,,,,,,,,,,,,,,,,,,,,,,,,,,,,,,,,,,,,,,,,,,48,,h,Time,,,,0.550000011920929,>,mg/L,Mass concentration,,,0.550000011920929,>,mg/L,Mass concentration,,
26761-40-0,"1,2-Benzenedicarboxylic acid diisodecyl ester;1,2-Benzenedicarboxylic acid, 1,2-diisodecyl ester;1,2-Benzenedicarboxylic acid, diisodecyl ester;1,2-Benzenedicarboxylic_acid_diisodecyl_ester;1,2-benzenedicarboxylic_acid,_diisodecyl_ester;bis(8-methylnonyl) benzene-1,2-dicarboxylate;di-''isodecyl'' phthalate;Di-isodecylphthalate;Diisodecyl phthalate;DIISODECYL_PHTHALATE;diisodecylphthalate",,,,,,,,,,,,,,,,,,,,,,,,,,,,,,,,,,,,,,,,,,,,,,,,,,,,,,,,,,,,,,,,,,,,,,,,,,,,,,,,,,,,,,,,,,,,,,,,,,,,,,,,,,,,,,,,,,,,,,,,,,,,,,,,Ecotoxicological Information#Aquatic Toxicity,ECOTOX,LC50,EPA/OTS 40-8326144:58 p.,True,>,Equal,,,,,,Oncorhynchus mykiss,Acute Toxicity of Fourteen Phthalate Esters to Rainbow Trout (Salmo gairdneri) Under Flow-Through Conditions (Final Report) Report No BW-83-3-1373,Increasing,Chemical Manufacturers Association,Mortality,2233991,2498749,Active ingredient,Fresh water,Mortality,Other Method,Concurrent control,11/22/2019,A,Flow-through,11/24/2019,,Lab,12/12/2019,Laboratory,,1983,Liquid,Publication reported endpoint,,WELL WATER SUPPLEMENTED WITH TOWN OF WAREHAM UNTREATED AND UNCHLORINATED WELL WATER,Measured,Diisodecyl phthalate,"EG AND G, BIONOMICS METHODS FOR CONDUCTING FLOW-THROUGH TOXICITY TESTS WITH FRESHWATER FISH (MARCH, 1981) PROTOCOL AMENDMENT EG AND G CMA-007A.",,"NO DISCERNIBLE EFFECT CONCENTRATIONS REPORTED, TOXICITY SYMPTOMS.",OBTAINED FROM COMMERCIAL FISH SUPPLIERS IN MARYLAND AND MONTANA,"SOURCE/OBTAINED FROM COMMERCIAL FISH SUPPLIERS IN MARYLAND AND MONTANA//TMETH/EG AND G, BIONOMICS METHODS FOR CONDUCTING FLOW-THROUGH TOXICITY TESTS WITH FRESHWATER FISH (MARCH, 1981) PROTOCOL AMENDMENT EG AND G CMA-007A.//MEDIA/WELL WATER SUPPLEMENTED WITH TOWN OF WAREHAM UNTREATED AND UNCHLORINATED WELL WATER//",,Animalia (animals),Bilateria,Chordata (chordates),Vertebrata (vertebrates),Teleostei,,Salmoniformes (salmons),,,"Salmonidae (salmonids,trouts and salmons,salmons,trouts)",Oncorhynchus (Pacific salmon),Deuterostomia,,,,None,8.9,9.1,6,None,100,,None,,,,,,,,,,,,,milligrams per liter Calcium carbonate,Unknown,20,26,96,,h,Time,,,,,,,,mg/L,Mass concentration,7.1,,7.4,,96,h,Time,11,°C,Temperature,,,,,,,,,,,,"Actinopterygii (ray-finned fishes,spiny rayed fishes)",Protacanthopterygii,,Gnathostomata,,,,,,,,,,,,,,,,,62 (55-69) MM LENGTH. LOT NUMBER 82A16.,2.3,g,Mass,1.6,3.2,,,,,,,,,,,,,,,,,Salmoninae,,,,micro ohms per centimeter,Unknown,80,160,,,,,,,,,Acute,,,,milligrams per liter Calcium carbonate,Unknown,14,28,,,,,,,,,,,,,,,,,,,,,,,,,,,,,,,,,,,,,,,,,,48,,h,Time,,,,0.6200000047683716,>,mg/L,Mass concentration,,,0.6200000047683716,>,mg/L,Mass concentration,,
26761-40-0,"1,2-Benzenedicarboxylic acid diisodecyl ester;1,2-Benzenedicarboxylic acid, 1,2-diisodecyl ester;1,2-Benzenedicarboxylic acid, diisodecyl ester;1,2-Benzenedicarboxylic_acid_diisodecyl_ester;1,2-benzenedicarboxylic_acid,_diisodecyl_ester;bis(8-methylnonyl) benzene-1,2-dicarboxylate;di-''isodecyl'' phthalate;Di-isodecylphthalate;Diisodecyl phthalate;DIISODECYL_PHTHALATE;diisodecylphthalate",,,,,,,,,,,,,,,,,,,,,,,,,,,,,,,,,,,,,,,,,,,,,,,,,,,,,,,,,,,,,,,,,,,,,,,,,,,,,,,,,,,,,,,,,,,,,,,,,,,,,,,,,,,,,,,,,,,,,,,,,,,,,,,,Ecotoxicological Information#Aquatic Toxicity,ECOTOX,LC50,"Report BW-83-3-1974, Bionomics, Wareham, MA:6 p.",True,>,Equal,,,,,,Pimephales promelas,Acute Toxicity of Thirteen Phthalate Esters to Fathead Minnow (Pimephales promelas) Under Flow-Through Conditions,Increasing,E.G. and G. Bionomics,Mortality,2171410,2337753,Active ingredient,Fresh water,Mortality,,Concurrent control,05/19/2016,A,Flow-through,05/19/2016,,Lab,06/15/2016,Laboratory,,1983,Liquid,Publication reported endpoint,"2 REPLICATES, AQUATIC TOXICOLOGY LABORATORY OF EG AND G BIONOMICS, WAREHAM, MASSACHUSETTS",,Measured,Diisodecyl phthalate,,,TOXICITY SYMPTOMS,"EG AND G BIONOMICS, WAREHAM, MASSACHUSETTS","SOURCE/EG AND G BIONOMICS, WAREHAM, MASSACHUSETTS//",,Animalia (animals),Bilateria,Chordata (chordates),Vertebrata (vertebrates),Teleostei,,"Cypriniformes (minnows,suckers)",,,"Cyprinidae (carps,minnows,carps and minnows)",Pimephales (bluntnose minnows),Deuterostomia,,,,None,6.7,7,6,None,100,,None,,,,,,,,,,,,,milligrams per liter Calcium carbonate,Unknown,20,26,96,,h,Time,,,,,,,,percent saturation,Unknown,89,,100,>,96,h,Time,22,°C,Temperature,21,23,,,,,,,,,,"Actinopterygii (ray-finned fishes,spiny rayed fishes)",Ostariophysi,Cyprinoidea,Gnathostomata,,,,,,,,,,,,,,,,,30(25-39) MM,0.25,g,Mass,0.2,0.47,,,,,,,,,,,,,,,,,,,,,micro ohms per centimeter,Unknown,80,110,,,,,,,,,,,,,milligrams per liter Calcium carbonate,Unknown,14,22,,,,,,,,,,,,,,,,,,,,,,,,,,,,,,,,,,,,,,,,,,48,,h,Time,,,,1,>,mg/L,Mass concentration,,,1,>,mg/L,Mass concentration,,
26761-40-0,"1,2-Benzenedicarboxylic acid diisodecyl ester;1,2-Benzenedicarboxylic acid, 1,2-diisodecyl ester;1,2-Benzenedicarboxylic acid, diisodecyl ester;1,2-Benzenedicarboxylic_acid_diisodecyl_ester;1,2-benzenedicarboxylic_acid,_diisodecyl_ester;bis(8-methylnonyl) benzene-1,2-dicarboxylate;di-''isodecyl'' phthalate;Di-isodecylphthalate;Diisodecyl phthalate;DIISODECYL_PHTHALATE;diisodecylphthalate",,,,,,,,,,,,,,,,,,,,,,,,,,,,,,,,,,,,,,,,,,,,,,,,,,,,,,,,,,,,,,,,,,,,,,,,,,,,,,,,,,,,,,,,,,,,,,,,,,,,,,,,,,,,,,,,,,,,,,,,,,,,,,,,Ecotoxicological Information#Aquatic Toxicity,ECOTOX,LC50,EPA/OTS 40-8326129:44 p.,True,>,Equal,,,,,,Pimephales promelas,Exhibit III: Acute Toxicity of Fourteen Phthalate Esters to Fathead Minnows (Pimephales promelas),Increasing,Chemical Manufacturers Association,Mortality,2234009,2498856,Active ingredient,Fresh water,Mortality,Other Method,Concurrent control,11/24/2019,A,Static,11/24/2019,,Lab,12/12/2019,Laboratory,,2000,Liquid,Publication reported endpoint,DUPLICATE,SOFT WATER RECONSTITUTED FROM DEIONIZED WATER ACCORDING TO RECOMMENDED PROCEDURES,Measured,Diisodecyl phthalate,"EG AND G, BIONOMICS PROTOCOL FOR FRESHWATER STATIC ACUTE TOXICITY TESTS WITH FISH 1982 AND AMENDMENT EGG/CMA-003",,NO DISCERNIBLE EFFECT CONCENTRATION REPORTED,"OBTAINED FROM CULTURES MAINTAINED AT EG AND G, BIONOMICS, WAREHAM, MASSACHUSETTS","SOURCE/OBTAINED FROM CULTURES MAINTAINED AT EG AND G, BIONOMICS, WAREHAM, MASSACHUSETTS//TMETH/EG AND G, BIONOMICS PROTOCOL FOR FRESHWATER STATIC ACUTE TOXICITY TESTS WITH FISH 1982 AND AMENDMENT EGG/CMA-003//MEDIA/SOFT WATER RECONSTITUTED FROM DEIONIZED WATER ACCORDING TO RECOMMENDED PROCEDURES//",,Animalia (animals),Bilateria,Chordata (chordates),Vertebrata (vertebrates),Teleostei,,"Cypriniformes (minnows,suckers)",,,"Cyprinidae (carps,minnows,carps and minnows)",Pimephales (bluntnose minnows),Deuterostomia,,,,None,7.2,7.8,2,None,,,,,,,,,,,,,,,,milligrams per liter Calcium carbonate,Unknown,42,48,96,,h,Time,1,Dosed x time(s) per study period,Unknown,,,,,mg/L,Mass concentration,5.9,,8.7,,96,h,Time,22,°C,Temperature,,,,,,,,,,,,"Actinopterygii (ray-finned fishes,spiny rayed fishes)",Ostariophysi,Cyprinoidea,Gnathostomata,,,,,,,,,,,,,,,,,36 (29-44) MM TOTAL LENGTH. LOT 82A20.,0.38,g,Mass,0.2,0.7,,,ONLY CONC TESTED,,,CONC1/ONLY CONC TESTED//,,,,,,,,,,,,,,,micro ohms per centimeter,Unknown,150,170,,,,,,,,,Acute,,,,milligrams per liter Calcium carbonate,Unknown,30,36,,,,,,,,,,,,,,,,,,,,,,,,,,,,,,,,,,,,,,,,,,48,,h,Time,,,,0.6600000262260437,>,mg/L,Mass concentration,,,0.6600000262260437,>,mg/L,Mass concentration,,
26761-40-0,"1,2-Benzenedicarboxylic acid diisodecyl ester;1,2-Benzenedicarboxylic acid, 1,2-diisodecyl ester;1,2-Benzenedicarboxylic acid, diisodecyl ester;1,2-Benzenedicarboxylic_acid_diisodecyl_ester;1,2-benzenedicarboxylic_acid,_diisodecyl_ester;bis(8-methylnonyl) benzene-1,2-dicarboxylate;di-''isodecyl'' phthalate;Di-isodecylphthalate;Diisodecyl phthalate;DIISODECYL_PHTHALATE;diisodecylphthalate",,,,,,,,,,,,,,,,,,,,,,,,,,,,,,,,,,,,,,,,,,,,,,,,,,,,,,,,,,,,,,,,,,,,,,,,,,,,,,,,,,,,,,,,,,,,,,,,,,,,,,,,,,,,,,,,,,,,,,,,,,,,,,,,Ecotoxicological Information#Aquatic Toxicity,ECOTOX,LC50,"Rep.No.BP-84-2-14, Springborn Bionomics Inc., Pensacola, FL:43 p.",True,>,Equal,,,,,,Cyprinodon variegatus,Acute Toxicity of Thirteen Phthalate Esters to the Sheepshead Minnow (Cyprinodon variegatus),Increasing,Springborn Bionomics Inc.,Mortality,2233451,2496797,Active ingredient,Salt water,Mortality,United States Environmental Protection Agency,Concurrent control,11/18/2019,A,Flow-through,11/18/2019,,Lab,12/12/2019,Laboratory,,1984,,Publication reported endpoint,2 REPLICATES,"NATURAL SEAWATER FROM BIG LAGOON, GULF OF MEXICO ESTUARY",Measured,Diisodecyl phthalate,"EG AND G BIONOMICS PROTOCOL FOR FLOW-THROUGH TOXICITY TESTS WITH FISHES, JANUARY 2,1980, MODIFIED BY EGG/CMA-007C, SEPTEMBER 1981, BASED ON THE USEPA METHODS FOR ACUTE TOXICITY TESTS WITH FISH, MACROINVERTEBRATES, AND AMPHIBIANS, 1975",,HIGHEST NO DISCERNIBLE EFFECT CONCENTRATION,EITHER CULTURED AT LAB OR PURCHASED FROM A PROVEN HATCHERY IN MASSACHUSETTS,"SOURCE/EITHER CULTURED AT LAB OR PURCHASED FROM A PROVEN HATCHERY IN MASSACHUSETTS//TMETH/EG AND G BIONOMICS PROTOCOL FOR FLOW-THROUGH TOXICITY TESTS WITH FISHES, JANUARY 2,1980, MODIFIED BY EGG/CMA-007C, SEPTEMBER 1981, BASED ON THE USEPA METHODS FOR ACUTE TOXICITY TESTS WITH FISH, MACROINVERTEBRATES, AND AMPHIBIANS, 1975//MEDIA/NATURAL SEAWATER FROM BIG LAGOON, GULF OF MEXICO ESTUARY//",,Animalia (animals),Bilateria,Chordata (chordates),Vertebrata (vertebrates),Teleostei,,"Cyprinodontiformes (cyprinodonts,cyprinodontiforms,killifishes)",Cyprinodontoidei (cyprinodontoids),,"Cyprinodontidae (killifishes,toothcarps,cyprinodontids,pupfishes)",Cyprinodon (pupfishes),Deuterostomia,,,,None,8,8.2,3,None,,,,10,≤,wk,Time,,,,,,,,,,,,,96,,h,Time,,,,,,,,parts per million,Unknown,7.5,,7.6,,96,h,Time,,°C,Temperature,24.4,24.7,,,,,,,,,,"Actinopterygii (ray-finned fishes,spiny rayed fishes)",Acanthopterygii,,Gnathostomata,,,,,,,,,,,,,,,,,13(11-16) MM,41,mg,Mass,20,78,,,,,,,,,,,,,,Juvenile,,,Cyprinodontinae (cyprinodontines),Cyprinodontini,,,,,,,,,,,,,,,Acute,19,parts per thousand,Unknown,,,,,,,,,,,,,,,,,,,,,,,,,,,,,,,,,,,,,,,,,,,,,,72,,h,Time,,,,0.4699999988079071,>,ppm,Ratio,,,0.4699999988079071,>,ppm,Ratio,,
26761-40-0,"1,2-Benzenedicarboxylic acid diisodecyl ester;1,2-Benzenedicarboxylic acid, 1,2-diisodecyl ester;1,2-Benzenedicarboxylic acid, diisodecyl ester;1,2-Benzenedicarboxylic_acid_diisodecyl_ester;1,2-benzenedicarboxylic_acid,_diisodecyl_ester;bis(8-methylnonyl) benzene-1,2-dicarboxylate;di-''isodecyl'' phthalate;Di-isodecylphthalate;Diisodecyl phthalate;DIISODECYL_PHTHALATE;diisodecylphthalate",,,,,,,,,,,,,,,,,,,,,,,,,,,,,,,,,,,,,,,,,,,,,,,,,,,,,,,,,,,,,,,,,,,,,,,,,,,,,,,,,,,,,,,,,,,,,,,,,,,,,,,,,,,,,,,,,,,,,,,,,,,,,,,,Ecotoxicological Information#Aquatic Toxicity,ECOTOX,LC50,EPA/OTS 40-8326129:43 p.,True,>,Equal,,,,,,Lepomis macrochirus,Exhibit III: Acute Toxicity of Thirteen Phthalate Esters to Bluegill (Lepomis macrochirus),Increasing,Chemical Manufacturers Association,Mortality,2233761,2497971,Active ingredient,Fresh water,Mortality,United States Environmental Protection Agency,Concurrent control,11/21/2019,A,Static,11/22/2019,,Lab,12/12/2019,Laboratory,,2000,Liquid,Publication reported endpoint,2 REPLICATES,RECONSTITUTED SOFT WATER,Measured,Diisodecyl phthalate,"1975, EPA-660/3-75-009",,NO DISCERNIBLE EFFECT CONCENTRATION,COMMERCIAL FISH SUPPLIERS IN CONNECTICUT AND MISSOURI,"SOURCE/COMMERCIAL FISH SUPPLIERS IN CONNECTICUT AND MISSOURI//TMETH/1975, EPA-660/3-75-009//MEDIA/RECONSTITUTED SOFT WATER//",,Animalia (animals),Bilateria,Chordata (chordates),Vertebrata (vertebrates),Teleostei,,Perciformes (perch-like fishes),Percoidei,,Centrarchidae (sunfishes),"Lepomis (common sunfishes,eared sunfishes)",Deuterostomia,,,,None,7.1,7.8,2,None,,,,,,,,,,,,,,,,milligrams per liter Calcium carbonate,Unknown,42,48,96,,h,Time,1,Dosed x time(s) per study period,Unknown,,,,,mg/L,Mass concentration,4.2,,8.5,,96,h,Time,22,°C,Temperature,,,,,,,,,,,,"Actinopterygii (ray-finned fishes,spiny rayed fishes)",Acanthopterygii,,Gnathostomata,,,,,,,,,,,,,,,,,"LOT 82E26, TOTAL LENGTH 40(33-45) MM",0.7,g,Mass,0.42,0.98,,,ONLY CONC TESTED,,,CONC1/ONLY CONC TESTED//,,,,,,,,,,,,,,,millimhos per centimeter,Unknown,150,160,,,,,,,,,Acute,,,,milligrams per liter Calcium carbonate,Unknown,30,34,,,,,,,,,,,,,,,,,,,,,,,,,,,,,,,,,,,,,,,,,,72,,h,Time,,,,0.550000011920929,>,mg/L,Mass concentration,,,0.550000011920929,>,mg/L,Mass concentration,,
26761-40-0,"1,2-Benzenedicarboxylic acid diisodecyl ester;1,2-Benzenedicarboxylic acid, 1,2-diisodecyl ester;1,2-Benzenedicarboxylic acid, diisodecyl ester;1,2-Benzenedicarboxylic_acid_diisodecyl_ester;1,2-benzenedicarboxylic_acid,_diisodecyl_ester;bis(8-methylnonyl) benzene-1,2-dicarboxylate;di-''isodecyl'' phthalate;Di-isodecylphthalate;Diisodecyl phthalate;DIISODECYL_PHTHALATE;diisodecylphthalate",,,,,,,,,,,,,,,,,,,,,,,,,,,,,,,,,,,,,,,,,,,,,,,,,,,,,,,,,,,,,,,,,,,,,,,,,,,,,,,,,,,,,,,,,,,,,,,,,,,,,,,,,,,,,,,,,,,,,,,,,,,,,,,,Ecotoxicological Information#Aquatic Toxicity,ECOTOX,LC50,EPA/OTS 40-8326144:58 p.,True,>,Equal,,,,,,Oncorhynchus mykiss,Acute Toxicity of Fourteen Phthalate Esters to Rainbow Trout (Salmo gairdneri) Under Flow-Through Conditions (Final Report) Report No BW-83-3-1373,Increasing,Chemical Manufacturers Association,Mortality,2233991,2498750,Active ingredient,Fresh water,Mortality,Other Method,Concurrent control,11/22/2019,A,Flow-through,11/24/2019,,Lab,12/12/2019,Laboratory,,1983,Liquid,Publication reported endpoint,,WELL WATER SUPPLEMENTED WITH TOWN OF WAREHAM UNTREATED AND UNCHLORINATED WELL WATER,Measured,Diisodecyl phthalate,"EG AND G, BIONOMICS METHODS FOR CONDUCTING FLOW-THROUGH TOXICITY TESTS WITH FRESHWATER FISH (MARCH, 1981) PROTOCOL AMENDMENT EG AND G CMA-007A.",,"NO DISCERNIBLE EFFECT CONCENTRATIONS REPORTED, TOXICITY SYMPTOMS.",OBTAINED FROM COMMERCIAL FISH SUPPLIERS IN MARYLAND AND MONTANA,"SOURCE/OBTAINED FROM COMMERCIAL FISH SUPPLIERS IN MARYLAND AND MONTANA//TMETH/EG AND G, BIONOMICS METHODS FOR CONDUCTING FLOW-THROUGH TOXICITY TESTS WITH FRESHWATER FISH (MARCH, 1981) PROTOCOL AMENDMENT EG AND G CMA-007A.//MEDIA/WELL WATER SUPPLEMENTED WITH TOWN OF WAREHAM UNTREATED AND UNCHLORINATED WELL WATER//",,Animalia (animals),Bilateria,Chordata (chordates),Vertebrata (vertebrates),Teleostei,,Salmoniformes (salmons),,,"Salmonidae (salmonids,trouts and salmons,salmons,trouts)",Oncorhynchus (Pacific salmon),Deuterostomia,,,,None,8.9,9.1,6,None,100,,None,,,,,,,,,,,,,milligrams per liter Calcium carbonate,Unknown,20,26,96,,h,Time,,,,,,,,mg/L,Mass concentration,7.1,,7.4,,96,h,Time,11,°C,Temperature,,,,,,,,,,,,"Actinopterygii (ray-finned fishes,spiny rayed fishes)",Protacanthopterygii,,Gnathostomata,,,,,,,,,,,,,,,,,62 (55-69) MM LENGTH. LOT NUMBER 82A16.,2.3,g,Mass,1.6,3.2,,,,,,,,,,,,,,,,,Salmoninae,,,,micro ohms per centimeter,Unknown,80,160,,,,,,,,,Acute,,,,milligrams per liter Calcium carbonate,Unknown,14,28,,,,,,,,,,,,,,,,,,,,,,,,,,,,,,,,,,,,,,,,,,72,,h,Time,,,,0.6200000047683716,>,mg/L,Mass concentration,,,0.6200000047683716,>,mg/L,Mass concentration,,
26761-40-0,"1,2-Benzenedicarboxylic acid diisodecyl ester;1,2-Benzenedicarboxylic acid, 1,2-diisodecyl ester;1,2-Benzenedicarboxylic acid, diisodecyl ester;1,2-Benzenedicarboxylic_acid_diisodecyl_ester;1,2-benzenedicarboxylic_acid,_diisodecyl_ester;bis(8-methylnonyl) benzene-1,2-dicarboxylate;di-''isodecyl'' phthalate;Di-isodecylphthalate;Diisodecyl phthalate;DIISODECYL_PHTHALATE;diisodecylphthalate",,,,,,,,,,,,,,,,,,,,,,,,,,,,,,,,,,,,,,,,,,,,,,,,,,,,,,,,,,,,,,,,,,,,,,,,,,,,,,,,,,,,,,,,,,,,,,,,,,,,,,,,,,,,,,,,,,,,,,,,,,,,,,,,Ecotoxicological Information#Aquatic Toxicity,ECOTOX,LC50,EPA/OTS 40-8326129:44 p.,True,>,Equal,,,,,,Pimephales promelas,Exhibit III: Acute Toxicity of Fourteen Phthalate Esters to Fathead Minnows (Pimephales promelas),Increasing,Chemical Manufacturers Association,Mortality,2234009,2498857,Active ingredient,Fresh water,Mortality,Other Method,Concurrent control,11/24/2019,A,Static,11/24/2019,,Lab,12/12/2019,Laboratory,,2000,Liquid,Publication reported endpoint,DUPLICATE,SOFT WATER RECONSTITUTED FROM DEIONIZED WATER ACCORDING TO RECOMMENDED PROCEDURES,Measured,Diisodecyl phthalate,"EG AND G, BIONOMICS PROTOCOL FOR FRESHWATER STATIC ACUTE TOXICITY TESTS WITH FISH 1982 AND AMENDMENT EGG/CMA-003",,NO DISCERNIBLE EFFECT CONCENTRATION REPORTED,"OBTAINED FROM CULTURES MAINTAINED AT EG AND G, BIONOMICS, WAREHAM, MASSACHUSETTS","SOURCE/OBTAINED FROM CULTURES MAINTAINED AT EG AND G, BIONOMICS, WAREHAM, MASSACHUSETTS//TMETH/EG AND G, BIONOMICS PROTOCOL FOR FRESHWATER STATIC ACUTE TOXICITY TESTS WITH FISH 1982 AND AMENDMENT EGG/CMA-003//MEDIA/SOFT WATER RECONSTITUTED FROM DEIONIZED WATER ACCORDING TO RECOMMENDED PROCEDURES//",,Animalia (animals),Bilateria,Chordata (chordates),Vertebrata (vertebrates),Teleostei,,"Cypriniformes (minnows,suckers)",,,"Cyprinidae (carps,minnows,carps and minnows)",Pimephales (bluntnose minnows),Deuterostomia,,,,None,7.2,7.8,2,None,,,,,,,,,,,,,,,,milligrams per liter Calcium carbonate,Unknown,42,48,96,,h,Time,1,Dosed x time(s) per study period,Unknown,,,,,mg/L,Mass concentration,5.9,,8.7,,96,h,Time,22,°C,Temperature,,,,,,,,,,,,"Actinopterygii (ray-finned fishes,spiny rayed fishes)",Ostariophysi,Cyprinoidea,Gnathostomata,,,,,,,,,,,,,,,,,36 (29-44) MM TOTAL LENGTH. LOT 82A20.,0.38,g,Mass,0.2,0.7,,,ONLY CONC TESTED,,,CONC1/ONLY CONC TESTED//,,,,,,,,,,,,,,,micro ohms per centimeter,Unknown,150,170,,,,,,,,,Acute,,,,milligrams per liter Calcium carbonate,Unknown,30,36,,,,,,,,,,,,,,,,,,,,,,,,,,,,,,,,,,,,,,,,,,72,,h,Time,,,,0.6600000262260437,>,mg/L,Mass concentration,,,0.6600000262260437,>,mg/L,Mass concentration,,
26761-40-0,"1,2-Benzenedicarboxylic acid diisodecyl ester;1,2-Benzenedicarboxylic acid, 1,2-diisodecyl ester;1,2-Benzenedicarboxylic acid, diisodecyl ester;1,2-Benzenedicarboxylic_acid_diisodecyl_ester;1,2-benzenedicarboxylic_acid,_diisodecyl_ester;bis(8-methylnonyl) benzene-1,2-dicarboxylate;di-''isodecyl'' phthalate;Di-isodecylphthalate;Diisodecyl phthalate;DIISODECYL_PHTHALATE;diisodecylphthalate",,,,,,,,,,,,,,,,,,,,,,,,,,,,,,,,,,,,,,,,,,,,,,,,,,,,,,,,,,,,,,,,,,,,,,,,,,,,,,,,,,,,,,,,,,,,,,,,,,,,,,,,,,,,,,,,,,,,,,,,,,,,,,,,Ecotoxicological Information#Aquatic Toxicity,ECOTOX,LC50,"Report BW-83-3-1974, Bionomics, Wareham, MA:6 p.",True,>,Equal,,,,,,Pimephales promelas,Acute Toxicity of Thirteen Phthalate Esters to Fathead Minnow (Pimephales promelas) Under Flow-Through Conditions,Increasing,E.G. and G. Bionomics,Mortality,2171410,2337754,Active ingredient,Fresh water,Mortality,,Concurrent control,05/19/2016,A,Flow-through,05/19/2016,,Lab,06/15/2016,Laboratory,,1983,Liquid,Publication reported endpoint,"2 REPLICATES, AQUATIC TOXICOLOGY LABORATORY OF EG AND G BIONOMICS, WAREHAM, MASSACHUSETTS",,Measured,Diisodecyl phthalate,,,TOXICITY SYMPTOMS,"EG AND G BIONOMICS, WAREHAM, MASSACHUSETTS","SOURCE/EG AND G BIONOMICS, WAREHAM, MASSACHUSETTS//",,Animalia (animals),Bilateria,Chordata (chordates),Vertebrata (vertebrates),Teleostei,,"Cypriniformes (minnows,suckers)",,,"Cyprinidae (carps,minnows,carps and minnows)",Pimephales (bluntnose minnows),Deuterostomia,,,,None,6.7,7,6,None,100,,None,,,,,,,,,,,,,milligrams per liter Calcium carbonate,Unknown,20,26,96,,h,Time,,,,,,,,percent saturation,Unknown,89,,100,>,96,h,Time,22,°C,Temperature,21,23,,,,,,,,,,"Actinopterygii (ray-finned fishes,spiny rayed fishes)",Ostariophysi,Cyprinoidea,Gnathostomata,,,,,,,,,,,,,,,,,30(25-39) MM,0.25,g,Mass,0.2,0.47,,,,,,,,,,,,,,,,,,,,,micro ohms per centimeter,Unknown,80,110,,,,,,,,,,,,,milligrams per liter Calcium carbonate,Unknown,14,22,,,,,,,,,,,,,,,,,,,,,,,,,,,,,,,,,,,,,,,,,,72,,h,Time,,,,1,>,mg/L,Mass concentration,,,1,>,mg/L,Mass concentration,,
26761-40-0,"1,2-Benzenedicarboxylic acid diisodecyl ester;1,2-Benzenedicarboxylic acid, 1,2-diisodecyl ester;1,2-Benzenedicarboxylic acid, diisodecyl ester;1,2-Benzenedicarboxylic_acid_diisodecyl_ester;1,2-benzenedicarboxylic_acid,_diisodecyl_ester;bis(8-methylnonyl) benzene-1,2-dicarboxylate;di-''isodecyl'' phthalate;Di-isodecylphthalate;Diisodecyl phthalate;DIISODECYL_PHTHALATE;diisodecylphthalate",,,,,,,,,,,,,,,,,,,,,,,,,,,,,,,,,,,,,,,,,,,,,,,,,,,,,,,,,,,,,,,,,,,,,,,,,,,,,,,,,,,,,,,,,,,,,,,,,,,,,,,,,,,,,,,,,,,,,,,,,,,,,,,,Ecotoxicological Information#Aquatic Toxicity,ECOTOX,LC50,"Report BP-83-1-6, Submitted to Chemical Manufacturers Association, Washington, DC by EG & G Bionomics, Pensacola FL:40 p.",True,>,Equal,,,,,,Americamysis bahia,Acute Toxicity of Twelve Phthalate Esters to Mysid Shrimp (Mysidopis bahia),Increasing,E.G. and G. Bionomics,Mortality,2233272,2496066,Active ingredient,Salt water,Mortality,United States Environmental Protection Agency,Concurrent control,11/17/2019,A,Static,11/17/2019,,Lab,12/12/2019,Laboratory,,1984,Liquid,Publication reported endpoint,3 REPLICATES,"NATURAL SEAWATER FROM BIG LAGOON, GULF OF MEXICO ESTUARY",Measured,Diisodecyl phthalate,"EG AND G BIONOMICS PROTOCOL ENTITLED STATIC ACUTE MYSID SHRIMP TOXICITY TEST, APRIL 1981, BASED ON THE USEPA METHODS FOR ACUTE TOXICITY TESTS WITH FISH, MACROINVERTEBRATES, AND AMPHIBIANS , 1975",,HIGHEST NO DISCERNIBLE EFFECT CONCENTRATION,"BIONOMICS MARINE RESEARCH LABORATORY, PENSACOLA, FL","SOURCE/BIONOMICS MARINE RESEARCH LABORATORY, PENSACOLA, FL//TMETH/EG AND G BIONOMICS PROTOCOL ENTITLED STATIC ACUTE MYSID SHRIMP TOXICITY TEST, APRIL 1981, BASED ON THE USEPA METHODS FOR ACUTE TOXICITY TESTS WITH FISH, MACROINVERTEBRATES, AND AMPHIBIANS , 1975//MEDIA/NATURAL SEAWATER FROM BIG LAGOON, GULF OF MEXICO ESTUARY//",,Animalia (animals),Bilateria,Arthropoda (arthropods),Crustacea (crustaceans),Malacostraca,Eumalacostraca,Mysida (opossum shrimp),,,Mysidae,Americamysis,Protostomia,Ecdysozoa,,,None,7.6,7.8,2,None,,,,,,,,,,,,,,,,,,,,96,,h,Time,1,Dosed x time(s) per study period,Unknown,,,66,≥,percent saturation,Unknown,,,,,96,h,Time,,°C,Temperature,20,21,,,,,,,,,,,Peracarida,,,,,,,,,,,,,,,,,,,,,,,,,,,ONLY CONC TESTED,,,CONC1/ONLY CONC TESTED//,,,,,,,,,,,,,,,,,,,,,,,,,,,Acute,22,parts per thousand,Unknown,,,,,,,,,,,,,,,,,,,,,,,,,,,,,,,,,,,,,,,,,,,,,,96,,h,Time,,,,0.15000000596046448,>,mg/L,Mass concentration,,,0.15000000596046448,>,mg/L,Mass concentration,,
26761-40-0,"1,2-Benzenedicarboxylic acid diisodecyl ester;1,2-Benzenedicarboxylic acid, 1,2-diisodecyl ester;1,2-Benzenedicarboxylic acid, diisodecyl ester;1,2-Benzenedicarboxylic_acid_diisodecyl_ester;1,2-benzenedicarboxylic_acid,_diisodecyl_ester;bis(8-methylnonyl) benzene-1,2-dicarboxylate;di-''isodecyl'' phthalate;Di-isodecylphthalate;Diisodecyl phthalate;DIISODECYL_PHTHALATE;diisodecylphthalate",,,,,,,,,,,,,,,,,,,,,,,,,,,,,,,,,,,,,,,,,,,,,,,,,,,,,,,,,,,,,,,,,,,,,,,,,,,,,,,,,,,,,,,,,,,,,,,,,,,,,,,,,,,,,,,,,,,,,,,,,,,,,,,,Ecotoxicological Information#Aquatic Toxicity,ECOTOX,LC50,"Rep.No.BP-84-2-14, Springborn Bionomics Inc., Pensacola, FL:43 p.",True,>,Equal,,,,,,Cyprinodon variegatus,Acute Toxicity of Thirteen Phthalate Esters to the Sheepshead Minnow (Cyprinodon variegatus),Increasing,Springborn Bionomics Inc.,Mortality,2233451,2496798,Active ingredient,Salt water,Mortality,United States Environmental Protection Agency,Concurrent control,11/18/2019,A,Flow-through,11/18/2019,,Lab,12/12/2019,Laboratory,,1984,,Publication reported endpoint,2 REPLICATES,"NATURAL SEAWATER FROM BIG LAGOON, GULF OF MEXICO ESTUARY",Measured,Diisodecyl phthalate,"EG AND G BIONOMICS PROTOCOL FOR FLOW-THROUGH TOXICITY TESTS WITH FISHES, JANUARY 2,1980, MODIFIED BY EGG/CMA-007C, SEPTEMBER 1981, BASED ON THE USEPA METHODS FOR ACUTE TOXICITY TESTS WITH FISH, MACROINVERTEBRATES, AND AMPHIBIANS, 1975",,HIGHEST NO DISCERNIBLE EFFECT CONCENTRATION,EITHER CULTURED AT LAB OR PURCHASED FROM A PROVEN HATCHERY IN MASSACHUSETTS,"SOURCE/EITHER CULTURED AT LAB OR PURCHASED FROM A PROVEN HATCHERY IN MASSACHUSETTS//TMETH/EG AND G BIONOMICS PROTOCOL FOR FLOW-THROUGH TOXICITY TESTS WITH FISHES, JANUARY 2,1980, MODIFIED BY EGG/CMA-007C, SEPTEMBER 1981, BASED ON THE USEPA METHODS FOR ACUTE TOXICITY TESTS WITH FISH, MACROINVERTEBRATES, AND AMPHIBIANS, 1975//MEDIA/NATURAL SEAWATER FROM BIG LAGOON, GULF OF MEXICO ESTUARY//",,Animalia (animals),Bilateria,Chordata (chordates),Vertebrata (vertebrates),Teleostei,,"Cyprinodontiformes (cyprinodonts,cyprinodontiforms,killifishes)",Cyprinodontoidei (cyprinodontoids),,"Cyprinodontidae (killifishes,toothcarps,cyprinodontids,pupfishes)",Cyprinodon (pupfishes),Deuterostomia,,,,None,8,8.2,3,None,,,,10,≤,wk,Time,,,,,,,,,,,,,96,,h,Time,,,,,,,,parts per million,Unknown,7.5,,7.6,,96,h,Time,,°C,Temperature,24.4,24.7,,,,,,,,,,"Actinopterygii (ray-finned fishes,spiny rayed fishes)",Acanthopterygii,,Gnathostomata,,,,,,,,,,,,,,,,,13(11-16) MM,41,mg,Mass,20,78,,,,,,,,,,,,,,Juvenile,,,Cyprinodontinae (cyprinodontines),Cyprinodontini,,,,,,,,,,,,,,,Acute,19,parts per thousand,Unknown,,,,,,,,,,,,,,,,,,,,,,,,,,,,,,,,,,,,,,,,,,,,,,96,,h,Time,,,,0.4699999988079071,>,ppm,Ratio,,,0.4699999988079071,>,ppm,Ratio,,
26761-40-0,"1,2-Benzenedicarboxylic acid diisodecyl ester;1,2-Benzenedicarboxylic acid, 1,2-diisodecyl ester;1,2-Benzenedicarboxylic acid, diisodecyl ester;1,2-Benzenedicarboxylic_acid_diisodecyl_ester;1,2-benzenedicarboxylic_acid,_diisodecyl_ester;bis(8-methylnonyl) benzene-1,2-dicarboxylate;di-''isodecyl'' phthalate;Di-isodecylphthalate;Diisodecyl phthalate;DIISODECYL_PHTHALATE;diisodecylphthalate",,,,,,,,,,,,,,,,,,,,,,,,,,,,,,,,,,,,,,,,,,,,,,,,,,,,,,,,,,,,,,,,,,,,,,,,,,,,,,,,,,,,,,,,,,,,,,,,,,,,,,,,,,,,,,,,,,,,,,,,,,,,,,,,Ecotoxicological Information#Aquatic Toxicity,ECOTOX,LC50,Environ. Toxicol. Chem.14(9): 1569-1574,True,>,Equal,,,,,,Cyprinodon variegatus,A Summary of the Acute Toxicity of 14 Phthalate Esters to Representative Aquatic Organisms,Increasing,"Adams,W.J., G.R. Biddinger, K.A. Robillard, and J.W. Gorsuch",Mortality,1168548,142428,Active ingredient,Fresh water,Mortality,,Concurrent control,11/06/1996,A,Static,,,Lab,,,,1995,Pure,,,,Unmeasured,DIDP,,,,,,,Animalia (animals),Bilateria,Chordata (chordates),Vertebrata (vertebrates),Teleostei,,"Cyprinodontiformes (cyprinodonts,cyprinodontiforms,killifishes)",Cyprinodontoidei (cyprinodontoids),,"Cyprinodontidae (killifishes,toothcarps,cyprinodontids,pupfishes)",Cyprinodon (pupfishes),Deuterostomia,,,,None,7.6,7.9,,,95,≥,None,,,,,,,,,,,,,milligrams per liter Calcium carbonate,Unknown,25,50,,,,,1,Dosed x time(s) per study period,Unknown,,,,,,,,,,,,,,22,°C,Temperature,,,,,,,,,,,,"Actinopterygii (ray-finned fishes,spiny rayed fishes)",Acanthopterygii,,Gnathostomata,,,,,,,,,,,,,,,,,6-17 MM,,,,,,,,,,,,,,,,,,,Juvenile,,,Cyprinodontinae (cyprinodontines),Cyprinodontini,,,,,,,,,,,,,,,,,,,milligrams per liter Calcium carbonate,Unknown,25,50,,,,,,,,,,,,,,,,,,,,,,,,,,,,,,,,,,,,,,,,,,96,,h,Time,,,,0.47000000000000003,>,mg/L,Mass concentration,,,470,>,µg/L,Mass concentration,,
26761-40-0,"1,2-Benzenedicarboxylic acid diisodecyl ester;1,2-Benzenedicarboxylic acid, 1,2-diisodecyl ester;1,2-Benzenedicarboxylic acid, diisodecyl ester;1,2-Benzenedicarboxylic_acid_diisodecyl_ester;1,2-benzenedicarboxylic_acid,_diisodecyl_ester;bis(8-methylnonyl) benzene-1,2-dicarboxylate;di-''isodecyl'' phthalate;Di-isodecylphthalate;Diisodecyl phthalate;DIISODECYL_PHTHALATE;diisodecylphthalate",,,,,,,,,,,,,,,,,,,,,,,,,,,,,,,,,,,,,,,,,,,,,,,,,,,,,,,,,,,,,,,,,,,,,,,,,,,,,,,,,,,,,,,,,,,,,,,,,,,,,,,,,,,,,,,,,,,,,,,,,,,,,,,,Ecotoxicological Information#Aquatic Toxicity,ECOTOX,LC50,EPA/OTS 40-8326129:43 p.,True,>,Equal,,,,,,Lepomis macrochirus,Exhibit III: Acute Toxicity of Thirteen Phthalate Esters to Bluegill (Lepomis macrochirus),Increasing,Chemical Manufacturers Association,Mortality,2233761,2497972,Active ingredient,Fresh water,Mortality,United States Environmental Protection Agency,Concurrent control,11/21/2019,A,Static,11/22/2019,,Lab,12/12/2019,Laboratory,,2000,Liquid,Publication reported endpoint,2 REPLICATES,RECONSTITUTED SOFT WATER,Measured,Diisodecyl phthalate,"1975, EPA-660/3-75-009",,NO DISCERNIBLE EFFECT CONCENTRATION,COMMERCIAL FISH SUPPLIERS IN CONNECTICUT AND MISSOURI,"SOURCE/COMMERCIAL FISH SUPPLIERS IN CONNECTICUT AND MISSOURI//TMETH/1975, EPA-660/3-75-009//MEDIA/RECONSTITUTED SOFT WATER//",,Animalia (animals),Bilateria,Chordata (chordates),Vertebrata (vertebrates),Teleostei,,Perciformes (perch-like fishes),Percoidei,,Centrarchidae (sunfishes),"Lepomis (common sunfishes,eared sunfishes)",Deuterostomia,,,,None,7.1,7.8,2,None,,,,,,,,,,,,,,,,milligrams per liter Calcium carbonate,Unknown,42,48,96,,h,Time,1,Dosed x time(s) per study period,Unknown,,,,,mg/L,Mass concentration,4.2,,8.5,,96,h,Time,22,°C,Temperature,,,,,,,,,,,,"Actinopterygii (ray-finned fishes,spiny rayed fishes)",Acanthopterygii,,Gnathostomata,,,,,,,,,,,,,,,,,"LOT 82E26, TOTAL LENGTH 40(33-45) MM",0.7,g,Mass,0.42,0.98,,,ONLY CONC TESTED,,,CONC1/ONLY CONC TESTED//,,,,,,,,,,,,,,,millimhos per centimeter,Unknown,150,160,,,,,,,,,Acute,,,,milligrams per liter Calcium carbonate,Unknown,30,34,,,,,,,,,,,,,,,,,,,,,,,,,,,,,,,,,,,,,,,,,,96,,h,Time,,,,0.550000011920929,>,mg/L,Mass concentration,,,0.550000011920929,>,mg/L,Mass concentration,,
26761-40-0,"1,2-Benzenedicarboxylic acid diisodecyl ester;1,2-Benzenedicarboxylic acid, 1,2-diisodecyl ester;1,2-Benzenedicarboxylic acid, diisodecyl ester;1,2-Benzenedicarboxylic_acid_diisodecyl_ester;1,2-benzenedicarboxylic_acid,_diisodecyl_ester;bis(8-methylnonyl) benzene-1,2-dicarboxylate;di-''isodecyl'' phthalate;Di-isodecylphthalate;Diisodecyl phthalate;DIISODECYL_PHTHALATE;diisodecylphthalate",,,,,,,,,,,,,,,,,,,,,,,,,,,,,,,,,,,,,,,,,,,,,,,,,,,,,,,,,,,,,,,,,,,,,,,,,,,,,,,,,,,,,,,,,,,,,,,,,,,,,,,,,,,,,,,,,,,,,,,,,,,,,,,,Ecotoxicological Information#Aquatic Toxicity,ECOTOX,LC50,Environ. Toxicol. Chem.14(9): 1569-1574,True,>,Equal,,,,,,Lepomis macrochirus,A Summary of the Acute Toxicity of 14 Phthalate Esters to Representative Aquatic Organisms,Increasing,"Adams,W.J., G.R. Biddinger, K.A. Robillard, and J.W. Gorsuch",Mortality,1168549,142429,Active ingredient,Fresh water,Mortality,,Concurrent control,11/06/1996,A,Static,,,Lab,,,,1995,Pure,,,,Unmeasured,DIDP,,,,,,,Animalia (animals),Bilateria,Chordata (chordates),Vertebrata (vertebrates),Teleostei,,Perciformes (perch-like fishes),Percoidei,,Centrarchidae (sunfishes),"Lepomis (common sunfishes,eared sunfishes)",Deuterostomia,,,,None,7.6,7.9,,,95,≥,None,,,,,,,,,,,,,milligrams per liter Calcium carbonate,Unknown,25,50,,,,,1,Dosed x time(s) per study period,Unknown,,,,,,,,,,,,,,22,°C,Temperature,,,,,,,,,,,,"Actinopterygii (ray-finned fishes,spiny rayed fishes)",Acanthopterygii,,Gnathostomata,,,,,,,,,,,,,,,,,29-40 MM,,,,,,,,,,,,,,,,,,,Juvenile,,,,,,,,,,,,,,,,,,,,,,,milligrams per liter Calcium carbonate,Unknown,25,50,,,,,,,,,,,,,,,,,,,,,,,,,,,,,,,,,,,,,,,,,,96,,h,Time,,,,0.37,>,mg/L,Mass concentration,,,370,>,µg/L,Mass concentration,,
26761-40-0,"1,2-Benzenedicarboxylic acid diisodecyl ester;1,2-Benzenedicarboxylic acid, 1,2-diisodecyl ester;1,2-Benzenedicarboxylic acid, diisodecyl ester;1,2-Benzenedicarboxylic_acid_diisodecyl_ester;1,2-benzenedicarboxylic_acid,_diisodecyl_ester;bis(8-methylnonyl) benzene-1,2-dicarboxylate;di-''isodecyl'' phthalate;Di-isodecylphthalate;Diisodecyl phthalate;DIISODECYL_PHTHALATE;diisodecylphthalate",,,,,,,,,,,,,,,,,,,,,,,,,,,,,,,,,,,,,,,,,,,,,,,,,,,,,,,,,,,,,,,,,,,,,,,,,,,,,,,,,,,,,,,,,,,,,,,,,,,,,,,,,,,,,,,,,,,,,,,,,,,,,,,,Ecotoxicological Information#Aquatic Toxicity,ECOTOX,LC50,Environ. Toxicol. Chem.14(9): 1569-1574,True,>,Equal,,,,,,Oncorhynchus mykiss,A Summary of the Acute Toxicity of 14 Phthalate Esters to Representative Aquatic Organisms,Increasing,"Adams,W.J., G.R. Biddinger, K.A. Robillard, and J.W. Gorsuch",Mortality,1168547,142427,Active ingredient,Fresh water,Mortality,,Concurrent control,11/06/1996,A,Flow-through,,,Lab,,,,1995,Pure,,,,Unmeasured,DIDP,,,,,,,Animalia (animals),Bilateria,Chordata (chordates),Vertebrata (vertebrates),Teleostei,,Salmoniformes (salmons),,,"Salmonidae (salmonids,trouts and salmons,salmons,trouts)",Oncorhynchus (Pacific salmon),Deuterostomia,,,,None,7.6,7.9,,,95,≥,None,,,,,,,,,,,,,milligrams per liter Calcium carbonate,Unknown,25,50,,,,,,,,,,,,,,,,,,,,,22,°C,Temperature,,,,,,,,,,,,"Actinopterygii (ray-finned fishes,spiny rayed fishes)",Protacanthopterygii,,Gnathostomata,,,,,,,,,,,,,,,,,39-62 MM,,,,,,,,,,,,,,,,,,,Juvenile,,,Salmoninae,,,,,,,,,,,,,,,,,,,,milligrams per liter Calcium carbonate,Unknown,25,50,,,,,,,,,,,,,,,,,,,,,,,,,,,,,,,,,,,,,,,,,,96,,h,Time,,,,0.62,>,mg/L,Mass concentration,,,620,>,µg/L,Mass concentration,,
26761-40-0,"1,2-Benzenedicarboxylic acid diisodecyl ester;1,2-Benzenedicarboxylic acid, 1,2-diisodecyl ester;1,2-Benzenedicarboxylic acid, diisodecyl ester;1,2-Benzenedicarboxylic_acid_diisodecyl_ester;1,2-benzenedicarboxylic_acid,_diisodecyl_ester;bis(8-methylnonyl) benzene-1,2-dicarboxylate;di-''isodecyl'' phthalate;Di-isodecylphthalate;Diisodecyl phthalate;DIISODECYL_PHTHALATE;diisodecylphthalate",,,,,,,,,,,,,,,,,,,,,,,,,,,,,,,,,,,,,,,,,,,,,,,,,,,,,,,,,,,,,,,,,,,,,,,,,,,,,,,,,,,,,,,,,,,,,,,,,,,,,,,,,,,,,,,,,,,,,,,,,,,,,,,,Ecotoxicological Information#Aquatic Toxicity,ECOTOX,LC50,EPA/OTS 40-8326129:44 p.,True,>,Equal,,,,,,Pimephales promelas,Exhibit III: Acute Toxicity of Fourteen Phthalate Esters to Fathead Minnows (Pimephales promelas),Increasing,Chemical Manufacturers Association,Mortality,2234009,2498858,Active ingredient,Fresh water,Mortality,Other Method,Concurrent control,11/24/2019,A,Static,11/24/2019,,Lab,12/12/2019,Laboratory,,2000,Liquid,Publication reported endpoint,DUPLICATE,SOFT WATER RECONSTITUTED FROM DEIONIZED WATER ACCORDING TO RECOMMENDED PROCEDURES,Measured,Diisodecyl phthalate,"EG AND G, BIONOMICS PROTOCOL FOR FRESHWATER STATIC ACUTE TOXICITY TESTS WITH FISH 1982 AND AMENDMENT EGG/CMA-003",,NO DISCERNIBLE EFFECT CONCENTRATION REPORTED,"OBTAINED FROM CULTURES MAINTAINED AT EG AND G, BIONOMICS, WAREHAM, MASSACHUSETTS","SOURCE/OBTAINED FROM CULTURES MAINTAINED AT EG AND G, BIONOMICS, WAREHAM, MASSACHUSETTS//TMETH/EG AND G, BIONOMICS PROTOCOL FOR FRESHWATER STATIC ACUTE TOXICITY TESTS WITH FISH 1982 AND AMENDMENT EGG/CMA-003//MEDIA/SOFT WATER RECONSTITUTED FROM DEIONIZED WATER ACCORDING TO RECOMMENDED PROCEDURES//",,Animalia (animals),Bilateria,Chordata (chordates),Vertebrata (vertebrates),Teleostei,,"Cypriniformes (minnows,suckers)",,,"Cyprinidae (carps,minnows,carps and minnows)",Pimephales (bluntnose minnows),Deuterostomia,,,,None,7.2,7.8,2,None,,,,,,,,,,,,,,,,milligrams per liter Calcium carbonate,Unknown,42,48,96,,h,Time,1,Dosed x time(s) per study period,Unknown,,,,,mg/L,Mass concentration,5.9,,8.7,,96,h,Time,22,°C,Temperature,,,,,,,,,,,,"Actinopterygii (ray-finned fishes,spiny rayed fishes)",Ostariophysi,Cyprinoidea,Gnathostomata,,,,,,,,,,,,,,,,,36 (29-44) MM TOTAL LENGTH. LOT 82A20.,0.38,g,Mass,0.2,0.7,,,ONLY CONC TESTED,,,CONC1/ONLY CONC TESTED//,,,,,,,,,,,,,,,micro ohms per centimeter,Unknown,150,170,,,,,,,,,Acute,,,,milligrams per liter Calcium carbonate,Unknown,30,36,,,,,,,,,,,,,,,,,,,,,,,,,,,,,,,,,,,,,,,,,,96,,h,Time,,,,0.6600000262260437,>,mg/L,Mass concentration,,,0.6600000262260437,>,mg/L,Mass concentration,,
26761-40-0,"1,2-Benzenedicarboxylic acid diisodecyl ester;1,2-Benzenedicarboxylic acid, 1,2-diisodecyl ester;1,2-Benzenedicarboxylic acid, diisodecyl ester;1,2-Benzenedicarboxylic_acid_diisodecyl_ester;1,2-benzenedicarboxylic_acid,_diisodecyl_ester;bis(8-methylnonyl) benzene-1,2-dicarboxylate;di-''isodecyl'' phthalate;Di-isodecylphthalate;Diisodecyl phthalate;DIISODECYL_PHTHALATE;diisodecylphthalate",,,,,,,,,,,,,,,,,,,,,,,,,,,,,,,,,,,,,,,,,,,,,,,,,,,,,,,,,,,,,,,,,,,,,,,,,,,,,,,,,,,,,,,,,,,,,,,,,,,,,,,,,,,,,,,,,,,,,,,,,,,,,,,,Ecotoxicological Information#Aquatic Toxicity,ECOTOX,LC50,Environ. Toxicol. Chem.14(9): 1569-1574,True,>,Equal,,,,,,Pimephales promelas,A Summary of the Acute Toxicity of 14 Phthalate Esters to Representative Aquatic Organisms,Increasing,"Adams,W.J., G.R. Biddinger, K.A. Robillard, and J.W. Gorsuch",Mortality,1168545,142425,Active ingredient,Fresh water,Mortality,,Concurrent control,11/06/1996,A,Static,,,Lab,,,,1995,Pure,,,,Unmeasured,DIDP,,,,,,,Animalia (animals),Bilateria,Chordata (chordates),Vertebrata (vertebrates),Teleostei,,"Cypriniformes (minnows,suckers)",,,"Cyprinidae (carps,minnows,carps and minnows)",Pimephales (bluntnose minnows),Deuterostomia,,,,None,7.6,7.9,,,95,≥,None,,,,,,,,,,,,,milligrams per liter Calcium carbonate,Unknown,25,50,,,,,1,Dosed x time(s) per study period,Unknown,,,,,,,,,,,,,,22,°C,Temperature,,,,,,,,,,,,"Actinopterygii (ray-finned fishes,spiny rayed fishes)",Ostariophysi,Cyprinoidea,Gnathostomata,,,,,,,,,,,,,,,,,29-40 MM,,,,,,,,,,,,,,,,,,,Juvenile,,,,,,,,,,,,,,,,,,,,,,,milligrams per liter Calcium carbonate,Unknown,25,50,,,,,,,,,,,,,,,,,,,,,,,,,,,,,,,,,,,,,,,,,,96,,h,Time,,,,0.47000000000000003,>,mg/L,Mass concentration,,,470,>,µg/L,Mass concentration,,
26761-40-0,"1,2-Benzenedicarboxylic acid diisodecyl ester;1,2-Benzenedicarboxylic acid, 1,2-diisodecyl ester;1,2-Benzenedicarboxylic acid, diisodecyl ester;1,2-Benzenedicarboxylic_acid_diisodecyl_ester;1,2-benzenedicarboxylic_acid,_diisodecyl_ester;bis(8-methylnonyl) benzene-1,2-dicarboxylate;di-''isodecyl'' phthalate;Di-isodecylphthalate;Diisodecyl phthalate;DIISODECYL_PHTHALATE;diisodecylphthalate",,,,,,,,,,,,,,,,,,,,,,,,,,,,,,,,,,,,,,,,,,,,,,,,,,,,,,,,,,,,,,,,,,,,,,,,,,,,,,,,,,,,,,,,,,,,,,,,,,,,,,,,,,,,,,,,,,,,,,,,,,,,,,,,Ecotoxicological Information#Aquatic Toxicity,ECOTOX,LC50,Environ. Toxicol. Chem.14(9): 1569-1574,True,>,Equal,,,,,,Pimephales promelas,A Summary of the Acute Toxicity of 14 Phthalate Esters to Representative Aquatic Organisms,Increasing,"Adams,W.J., G.R. Biddinger, K.A. Robillard, and J.W. Gorsuch",Mortality,1168546,142426,Active ingredient,Fresh water,Mortality,,Concurrent control,11/06/1996,A,Flow-through,,,Lab,,,,1995,Pure,,,,Unmeasured,DIDP,,,,,,,Animalia (animals),Bilateria,Chordata (chordates),Vertebrata (vertebrates),Teleostei,,"Cypriniformes (minnows,suckers)",,,"Cyprinidae (carps,minnows,carps and minnows)",Pimephales (bluntnose minnows),Deuterostomia,,,,None,7.6,7.9,,,95,≥,None,,,,,,,,,,,,,milligrams per liter Calcium carbonate,Unknown,25,50,,,,,,,,,,,,,,,,,,,,,22,°C,Temperature,,,,,,,,,,,,"Actinopterygii (ray-finned fishes,spiny rayed fishes)",Ostariophysi,Cyprinoidea,Gnathostomata,,,,,,,,,,,,,,,,,29-40 MM,,,,,,,,,,,,,,,,,,,Juvenile,,,,,,,,,,,,,,,,,,,,,,,milligrams per liter Calcium carbonate,Unknown,25,50,,,,,,,,,,,,,,,,,,,,,,,,,,,,,,,,,,,,,,,,,,96,,h,Time,,,,1,>,mg/L,Mass concentration,,,1000,>,µg/L,Mass concentration,,
26761-40-0,"1,2-Benzenedicarboxylic acid diisodecyl ester;1,2-Benzenedicarboxylic acid, 1,2-diisodecyl ester;1,2-Benzenedicarboxylic acid, diisodecyl ester;1,2-Benzenedicarboxylic_acid_diisodecyl_ester;1,2-benzenedicarboxylic_acid,_diisodecyl_ester;bis(8-methylnonyl) benzene-1,2-dicarboxylate;di-''isodecyl'' phthalate;Di-isodecylphthalate;Diisodecyl phthalate;DIISODECYL_PHTHALATE;diisodecylphthalate",,,,,,,,,,,,,,,,,,,,,,,,,,,,,,,,,,,,,,,,,,,,,,,,,,,,,,,,,,,,,,,,,,,,,,,,,,,,,,,,,,,,,,,,,,,,,,,,,,,,,,,,,,,,,,,,,,,,,,,,,,,,,,,,Ecotoxicological Information#Aquatic Toxicity,ECOTOX,LOEC,Environ. Toxicol. Chem.14(11): 1967-1976,True,No qualifier,Equal,,,,,,Daphnia magna,Chronic Toxicity of 14 Phthalate Esters to Daphnia magna and Rainbow Trout (Oncorhynchus mykiss),Decreasing,"Rhodes,J.E., W.J. Adams, G.R. Biddinger, K.A. Robillard, and J.W. Gorsuch",Mortality,2235441,2503406,Active ingredient,Fresh water,Survival,Other Method,Concurrent control,12/27/2019,A,Flow-through,12/31/2019,,Lab,03/12/2020,Laboratory,,1995,Liquid,Publication reported endpoint,FOUR REPLICATES. FED 2-3 TIMES DAILY,,Measured,Diisodecyl phthalate,PROCEDURES DEVELOPED AT SPRINGBORN LABORATORIES,,,SPRINGBORN LABORATORIES,SOURCE/SPRINGBORN LABORATORIES//TMETH/PROCEDURES DEVELOPED AT SPRINGBORN LABORATORIES//MEDIA/NR//,,Animalia (animals),Bilateria,Arthropoda (arthropods),Crustacea (crustaceans),Branchiopoda (branchiopods),Phyllopoda,Diplostraca,Cladocera (water fleas),Anomopoda,Daphniidae,Daphnia,Protostomia,Ecdysozoa,,,None,7.9,8.3,6,None,95,>,None,24,≤,h,Time,,,,,,,,,milligrams per liter Calcium carbonate,Unknown,150,180,21,,d,Time,,,,,,60,>,percent saturation,Unknown,,,,,21,d,Time,21,°C,Temperature,,,,,,,,,,,,,,,,,,,,,,,,,,,,,,,,,,,,,,,,,Significant,P,,,,,,0.05,,None,,,,,,86724,,micro ohms per centimeter,Unknown,400,600,,,,,,,,,Full Life Cycle,,,,milligrams per liter Calcium carbonate,Unknown,100,130,75,,None,,,,,,,,,,,,,,,,,,,,,,,,,,,,,,,,,,,,,,,21,,d,Time,,,,0.05999999865889549,,mg/L,Mass concentration,,,0.05999999865889549,,mg/L,Mass concentration,,
26761-40-0,"1,2-Benzenedicarboxylic acid diisodecyl ester;1,2-Benzenedicarboxylic acid, 1,2-diisodecyl ester;1,2-Benzenedicarboxylic acid, diisodecyl ester;1,2-Benzenedicarboxylic_acid_diisodecyl_ester;1,2-benzenedicarboxylic_acid,_diisodecyl_ester;bis(8-methylnonyl) benzene-1,2-dicarboxylate;di-''isodecyl'' phthalate;Di-isodecylphthalate;Diisodecyl phthalate;DIISODECYL_PHTHALATE;diisodecylphthalate",,,,,,,,,,,,,,,,,,,,,,,,,,,,,,,,,,,,,,,,,,,,,,,,,,,,,,,,,,,,,,,,,,,,,,,,,,,,,,,,,,,,,,,,,,,,,,,,,,,,,,,,,,,,,,,,,,,,,,,,,,,,,,,,Ecotoxicological Information#Aquatic Toxicity,Aquatic ECETOC,LOEC,Environ Toxicol Chem 14:1967-1976,True,No qualifier,Equal,,,,,,Daphnia magna,Chronic toxicity of 14 phthalate esters to Daphnia magna and rainbow trout (Oncorhynchus mykiss),,"Rhodes JE, Adams WJ, Biddinger GR",Mortality,,,,,,,,,,,,,,,,,,,,,,,,,,,,,,Animalia (animals),Bilateria,Arthropoda (arthropods),Crustacea (crustaceans),Branchiopoda (branchiopods),Phyllopoda,Diplostraca,Cladocera (water fleas),Anomopoda,Daphniidae,Daphnia,Protostomia,Ecdysozoa,,,,,,,,,,,,,,,,,,,,,,,,,,,,,,,,,,,,,,,,,,,,,,,,,,,,8.1,1995,8782,,Freshwater,,,,,,,,,21,°C,Temperature,,,,,,,,,,,,,,,,,,,,,,,,,,,,,,,,,,,,,,,,,,,,,,,,,,,,,,,,,,,,,,,,,Life cycle,1,0.28,mg/L,Mass concentration,167,None,114,None,,,,,,,,,,,,,,,,,,,,,,,,,,,,504,,h,Time,,,,0.05999999865889549,,mg/L,Mass concentration,,,0.05999999865889549,,mg/L,Mass concentration,,
26761-40-0,"1,2-Benzenedicarboxylic acid diisodecyl ester;1,2-Benzenedicarboxylic acid, 1,2-diisodecyl ester;1,2-Benzenedicarboxylic acid, diisodecyl ester;1,2-Benzenedicarboxylic_acid_diisodecyl_ester;1,2-benzenedicarboxylic_acid,_diisodecyl_ester;bis(8-methylnonyl) benzene-1,2-dicarboxylate;di-''isodecyl'' phthalate;Di-isodecylphthalate;Diisodecyl phthalate;DIISODECYL_PHTHALATE;diisodecylphthalate",,,,,,,,,,,,,,,,,,,,,,,,,,,,,,,,,,,,,,,,,,,,,,,,,,,,,,,,,,,,,,,,,,,,,,,,,,,,,,,,,,,,,,,,,,,,,,,,,,,,,,,,,,,,,,,,,,,,,,,,,,,,,,,,Ecotoxicological Information#Aquatic Toxicity,ECOTOX,MATC,Environ. Toxicol. Chem.14(11): 1967-1976,True,No qualifier,Equal,,,,,,Daphnia magna,Chronic Toxicity of 14 Phthalate Esters to Daphnia magna and Rainbow Trout (Oncorhynchus mykiss),Decreasing,"Rhodes,J.E., W.J. Adams, G.R. Biddinger, K.A. Robillard, and J.W. Gorsuch",Mortality,2235441,2503407,Active ingredient,Fresh water,Survival,Other Method,Concurrent control,12/27/2019,A,Flow-through,12/31/2019,,Lab,03/12/2020,Laboratory,,1995,Liquid,Publication reported endpoint,FOUR REPLICATES. FED 2-3 TIMES DAILY,,Measured,Diisodecyl phthalate,PROCEDURES DEVELOPED AT SPRINGBORN LABORATORIES,,,SPRINGBORN LABORATORIES,SOURCE/SPRINGBORN LABORATORIES//TMETH/PROCEDURES DEVELOPED AT SPRINGBORN LABORATORIES//MEDIA/NR//,,Animalia (animals),Bilateria,Arthropoda (arthropods),Crustacea (crustaceans),Branchiopoda (branchiopods),Phyllopoda,Diplostraca,Cladocera (water fleas),Anomopoda,Daphniidae,Daphnia,Protostomia,Ecdysozoa,,,None,7.9,8.3,6,None,95,>,None,24,≤,h,Time,,,,,,,,,milligrams per liter Calcium carbonate,Unknown,150,180,21,,d,Time,,,,,,60,>,percent saturation,Unknown,,,,,21,d,Time,21,°C,Temperature,,,,,,,,,,,,,,,,,,,,,,,,,,,,,,,,,,,,,,,,,,,,,,,,,,,,,,,,86724,,micro ohms per centimeter,Unknown,400,600,,,,,,,,,Full Life Cycle,,,,milligrams per liter Calcium carbonate,Unknown,100,130,,,,,,,,,,,,,,,,,,,,,,,,,,,,,,,,,,,,,,,,,,21,,d,Time,,,,0.041999999433755875,,mg/L,Mass concentration,,,0.041999999433755875,,mg/L,Mass concentration,,
26761-40-0,"1,2-Benzenedicarboxylic acid diisodecyl ester;1,2-Benzenedicarboxylic acid, 1,2-diisodecyl ester;1,2-Benzenedicarboxylic acid, diisodecyl ester;1,2-Benzenedicarboxylic_acid_diisodecyl_ester;1,2-benzenedicarboxylic_acid,_diisodecyl_ester;bis(8-methylnonyl) benzene-1,2-dicarboxylate;di-''isodecyl'' phthalate;Di-isodecylphthalate;Diisodecyl phthalate;DIISODECYL_PHTHALATE;diisodecylphthalate",,,,,,,,,,,,,,,,,,,,,,,,,,,,,,,,,,,,,,,,,,,,,,,,,,,,,,,,,,,,,,,,,,,,,,,,,,,,,,,,,,,,,,,,,,,,,,,,,,,,,,,,,,,,,,,,,,,,,,,,,,,,,,,,Ecotoxicological Information#Aquatic Toxicity,ECOTOX,NOEC,Chemosphere11(4): 417-426,True,Data in range,Equal,,,,,,Daphnia magna,Phthalates and the Aquatic Environment: Part I The Effect of Di-2-Ethylhexyl Phthalate (DEHP) and Di-Isodecyl Phthalate (DIDP) on the Reproduction of Daphnia magna and Observations on Their Bioconcentration,Increasing,"Brown,D., and R.S. Thompson",Mortality,2241426,2522763,Active ingredient,Fresh water,Survival,Organization for Economic Cooperation and Development,Multiple types of controls were reported by the author,03/18/2020,A,Renewal,03/23/2020,,Lab,06/11/2020,Laboratory,Carbon,1982,Prepared in lab,Reviewer assigned endpoint,"4 CONTROL AND 2 DOSED REPLICATES AND SOLVENT CONTROL, FED DAILY","US EPA, 1975 HARD WATER FORMULATION",Measured,Di-isodecyl phthalate,"202, 1981","CONTR/C,V/","MEAN BCFS REPORTED, SOLUBILITY AND STABILITY STUDIES",CONTINUOUS LAB CULTURE,"SOURCE/CONTINUOUS LAB CULTURE//AP FREQ/M-W-F//CONTR/C,V//TMETH/202, 1981//MEDIA/US EPA, 1975 HARD WATER FORMULATION//",M-W-F,Animalia (animals),Bilateria,Arthropoda (arthropods),Crustacea (crustaceans),Branchiopoda (branchiopods),Phyllopoda,Diplostraca,Cladocera (water fleas),Anomopoda,Daphniidae,Daphnia,Protostomia,Ecdysozoa,,,None,8.35,8.4,6,None,98,,None,24,<,h,Time,,,,,,,,180,grams per liter Calcium carbonate,Unknown,,,21,,d,Time,3,X times per week,Unknown,,,,,mg/L,Mass concentration,8.4,,8.8,,21,d,Time,20,°C,Temperature,,,,,,,,,,,,,,,,,,,,,,,,,,,,,,,,,,,,,,,,,Not significant at all concentrations,P,,,,,,0.05,,None,,,,,,,,,,,,,,,,,,,,,,,,,,,,,,,,,,,,,,,,,,,,,,,,,,,,,,,,,,,,,,,,,,,,,21,,d,Time,,,,,,mg/L,Mass concentration,0.0856999969482422,0.115,,,µg/L,Mass concentration,85.69999694824219,115
26761-40-0,"1,2-Benzenedicarboxylic acid diisodecyl ester;1,2-Benzenedicarboxylic acid, 1,2-diisodecyl ester;1,2-Benzenedicarboxylic acid, diisodecyl ester;1,2-Benzenedicarboxylic_acid_diisodecyl_ester;1,2-benzenedicarboxylic_acid,_diisodecyl_ester;bis(8-methylnonyl) benzene-1,2-dicarboxylate;di-''isodecyl'' phthalate;Di-isodecylphthalate;Diisodecyl phthalate;DIISODECYL_PHTHALATE;diisodecylphthalate",,,,,,,,,,,,,,,,,,,,,,,,,,,,,,,,,,,,,,,,,,,,,,,,,,,,,,,,,,,,,,,,,,,,,,,,,,,,,,,,,,,,,,,,,,,,,,,,,,,,,,,,,,,,,,,,,,,,,,,,,,,,,,,,Ecotoxicological Information#Aquatic Toxicity,ECOTOX,NOEC,Environ. Toxicol. Chem.14(11): 1967-1976,True,No qualifier,Equal,,,,,,Daphnia magna,Chronic Toxicity of 14 Phthalate Esters to Daphnia magna and Rainbow Trout (Oncorhynchus mykiss),Decreasing,"Rhodes,J.E., W.J. Adams, G.R. Biddinger, K.A. Robillard, and J.W. Gorsuch",Mortality,2235441,2503405,Active ingredient,Fresh water,Survival,Other Method,Concurrent control,12/27/2019,A,Flow-through,12/31/2019,,Lab,03/12/2020,Laboratory,,1995,Liquid,Publication reported endpoint,FOUR REPLICATES. FED 2-3 TIMES DAILY,,Measured,Diisodecyl phthalate,PROCEDURES DEVELOPED AT SPRINGBORN LABORATORIES,,,SPRINGBORN LABORATORIES,SOURCE/SPRINGBORN LABORATORIES//TMETH/PROCEDURES DEVELOPED AT SPRINGBORN LABORATORIES//MEDIA/NR//,,Animalia (animals),Bilateria,Arthropoda (arthropods),Crustacea (crustaceans),Branchiopoda (branchiopods),Phyllopoda,Diplostraca,Cladocera (water fleas),Anomopoda,Daphniidae,Daphnia,Protostomia,Ecdysozoa,,,None,7.9,8.3,6,None,95,>,None,24,≤,h,Time,,,,,,,,,milligrams per liter Calcium carbonate,Unknown,150,180,21,,d,Time,,,,,,60,>,percent saturation,Unknown,,,,,21,d,Time,21,°C,Temperature,,,,,,,,,,,,,,,,,,,,,,,,,,,,,,,,,,,,,,,,,No significance,P,,,,,,0.05,,None,,,,,,86724,,micro ohms per centimeter,Unknown,400,600,,,,,,,,,Full Life Cycle,,,,milligrams per liter Calcium carbonate,Unknown,100,130,95,,None,,,,,,,,,,,,,,,,,,,,,,,,,,,,,,,,,,,,,,,21,,d,Time,,,,0.029999999329447746,,mg/L,Mass concentration,,,0.029999999329447746,,mg/L,Mass concentration,,
26761-40-0,"1,2-Benzenedicarboxylic acid diisodecyl ester;1,2-Benzenedicarboxylic acid, 1,2-diisodecyl ester;1,2-Benzenedicarboxylic acid, diisodecyl ester;1,2-Benzenedicarboxylic_acid_diisodecyl_ester;1,2-benzenedicarboxylic_acid,_diisodecyl_ester;bis(8-methylnonyl) benzene-1,2-dicarboxylate;di-''isodecyl'' phthalate;Di-isodecylphthalate;Diisodecyl phthalate;DIISODECYL_PHTHALATE;diisodecylphthalate",,,,,,,,,,,,,,,,,,,,,,,,,,,,,,,,,,,,,,,,,,,,,,,,,,,,,,,,,,,,,,,,,,,,,,,,,,,,,,,,,,,,,,,,,,,,,,,,,,,,,,,,,,,,,,,,,,,,,,,,,,,,,,,,Ecotoxicological Information#Aquatic Toxicity,Aquatic ECETOC,NOEC,Environ Toxicol Chem 14:1967-1976,True,No qualifier,Equal,,,,,,Daphnia magna,Chronic toxicity of 14 phthalate esters to Daphnia magna and rainbow trout (Oncorhynchus mykiss),,"Rhodes JE, Adams WJ, Biddinger GR",Mortality,,,,,,,,,,,,,,,,,,,,,,,,,,,,,,Animalia (animals),Bilateria,Arthropoda (arthropods),Crustacea (crustaceans),Branchiopoda (branchiopods),Phyllopoda,Diplostraca,Cladocera (water fleas),Anomopoda,Daphniidae,Daphnia,Protostomia,Ecdysozoa,,,,,,,,,,,,,,,,,,,,,,,,,,,,,,,,,,,,,,,,,,,,,,,,,,,,8.1,1995,8780,,Freshwater,,,,,,,,,21,°C,Temperature,,,,,,,,,,,,,,,,,,,,,,,,,,,,,,,,,,,,,,,,,,,,,,,,,,,,,,,,,,,,,,,,,Life cycle,1,0.28,mg/L,Mass concentration,167,None,114,None,,,,,,,,,,,,,,,,,,,,,,,,,,,,504,,h,Time,,,,0.029999999329447746,,mg/L,Mass concentration,,,0.029999999329447746,,mg/L,Mass concentration,,
26761-40-0,"1,2-Benzenedicarboxylic acid diisodecyl ester;1,2-Benzenedicarboxylic acid, 1,2-diisodecyl ester;1,2-Benzenedicarboxylic acid, diisodecyl ester;1,2-Benzenedicarboxylic_acid_diisodecyl_ester;1,2-benzenedicarboxylic_acid,_diisodecyl_ester;bis(8-methylnonyl) benzene-1,2-dicarboxylate;di-''isodecyl'' phthalate;Di-isodecylphthalate;Diisodecyl phthalate;DIISODECYL_PHTHALATE;diisodecylphthalate",,,,,,,,,,,,,,,,,,,,,,,,,,,,,,,,,,,,,,,,,,,,,,,,,,,,,,,,,,,,,,,,,,,,,,,,,,,,,,,,,,,,,,,,,,,,,,,,,,,,,,,,,,,,,,,,,,,,,,,,,,,,,,,,Ecotoxicological Information#Aquatic Toxicity,ECOTOX,NOEC,EPA/OTS 40-8426082:52 p.,True,No qualifier,Equal,,,,,,Daphnia magna,Acute Toxicity of Fourteen Phthalate Esters to Daphnia magna,Increasing,Chemical Manufacturers Association,Mortality,2233732,2497732,Active ingredient,Fresh water,Mortality,United States Environmental Protection Agency,Concurrent control,11/20/2019,A,Static,11/22/2019,,Lab,12/12/2019,Laboratory,,1984,,Publication reported endpoint,3 REPLICATES; INITIAL TEST,FORTIFIED WELL WATER,Measured,Diisodecyl phthalate,1975,,,EG&G BIONOMICS,SOURCE/EG&G BIONOMICS//TMETH/1975//MEDIA/FORTIFIED WELL WATER//,,Animalia (animals),Bilateria,Arthropoda (arthropods),Crustacea (crustaceans),Branchiopoda (branchiopods),Phyllopoda,Diplostraca,Cladocera (water fleas),Anomopoda,Daphniidae,Daphnia,Protostomia,Ecdysozoa,8.4,,None,,,6,None,,,,24,<,h,Time,,,,,,,,,milligrams per liter Calcium carbonate,Unknown,150,180,48,,h,Time,1,Dosed x time(s) per study period,Unknown,,,,,mg/L,Mass concentration,8,,8.6,,48,h,Time,,°C,Temperature,22,23,,,,,,,,,,,,,,,,,,,,,,,,,,,,,,,,,,,,,,,No significance,,,,,,,,,,,,,,,,,millimhos per centimeter,Unknown,400,600,,,,,,,,,Acute,,,,milligrams per liter Calcium carbonate,Unknown,100,130,,,,,,,,,,,,,,,,,,,,,,,,,,,,,,,,,,,,,,,,,,48,,h,Time,,,,0.11999999731779099,,mg/L,Mass concentration,,,0.11999999731779099,,mg/L,Mass concentration,,
26761-40-0,"1,2-Benzenedicarboxylic acid diisodecyl ester;1,2-Benzenedicarboxylic acid, 1,2-diisodecyl ester;1,2-Benzenedicarboxylic acid, diisodecyl ester;1,2-Benzenedicarboxylic_acid_diisodecyl_ester;1,2-benzenedicarboxylic_acid,_diisodecyl_ester;bis(8-methylnonyl) benzene-1,2-dicarboxylate;di-''isodecyl'' phthalate;Di-isodecylphthalate;Diisodecyl phthalate;DIISODECYL_PHTHALATE;diisodecylphthalate",,,,,,,,,,,,,,,,,,,,,,,,,,,,,,,,,,,,,,,,,,,,,,,,,,,,,,,,,,,,,,,,,,,,,,,,,,,,,,,,,,,,,,,,,,,,,,,,,,,,,,,,,,,,,,,,,,,,,,,,,,,,,,,,Ecotoxicological Information#Aquatic Toxicity,ECOTOX,NOEC,EPA/OTS 40-8426082:52 p.,True,No qualifier,Equal,,,,,,Daphnia magna,Acute Toxicity of Fourteen Phthalate Esters to Daphnia magna,Increasing,Chemical Manufacturers Association,Mortality,2233733,2497736,Active ingredient,Fresh water,Mortality,United States Environmental Protection Agency,Concurrent control,11/20/2019,A,Static,11/22/2019,,Lab,12/12/2019,Laboratory,,1984,,Publication reported endpoint,3 REPLICATES; REPEAT TEST,FORTIFIED WELL WATER,Measured,Diisodecyl phthalate,1975,,,EG&G BIONOMICS,SOURCE/EG&G BIONOMICS//TMETH/1975//MEDIA/FORTIFIED WELL WATER//,,Animalia (animals),Bilateria,Arthropoda (arthropods),Crustacea (crustaceans),Branchiopoda (branchiopods),Phyllopoda,Diplostraca,Cladocera (water fleas),Anomopoda,Daphniidae,Daphnia,Protostomia,Ecdysozoa,,,None,8,8.2,2,None,,,,24,<,h,Time,,,,,,,,,milligrams per liter Calcium carbonate,Unknown,150,180,48,,h,Time,1,Dosed x time(s) per study period,Unknown,,,8.4,,mg/L,Mass concentration,,,,,48,h,Time,20,°C,Temperature,,,,,,,,,,,,,,,,,,,,,,,,,,,,,,,,,,,,,,,,ONLY CONC TESTED,No significance,,CONC1/ONLY CONC TESTED//,,,,,,,,,,,,,,,millimhos per centimeter,Unknown,400,600,,,,,,,,,Acute,,,,milligrams per liter Calcium carbonate,Unknown,100,130,,,,,,,,,,,,,,,,,,,,,,,,,,,,,,,,,,,,,,,,,,48,,h,Time,,,,0.026000000536441803,,mg/L,Mass concentration,,,0.026000000536441803,,mg/L,Mass concentration,,
26761-40-0,"1,2-Benzenedicarboxylic acid diisodecyl ester;1,2-Benzenedicarboxylic acid, 1,2-diisodecyl ester;1,2-Benzenedicarboxylic acid, diisodecyl ester;1,2-Benzenedicarboxylic_acid_diisodecyl_ester;1,2-benzenedicarboxylic_acid,_diisodecyl_ester;bis(8-methylnonyl) benzene-1,2-dicarboxylate;di-''isodecyl'' phthalate;Di-isodecylphthalate;Diisodecyl phthalate;DIISODECYL_PHTHALATE;diisodecylphthalate",,,,,,,,,,,,,,,,,,,,,,,,,,,,,,,,,,,,,,,,,,,,,,,,,,,,,,,,,,,,,,,,,,,,,,,,,,,,,,,,,,,,,,,,,,,,,,,,,,,,,,,,,,,,,,,,,,,,,,,,,,,,,,,,Ecotoxicological Information#Aquatic Toxicity,ECOTOX,NOEC,"Report BW-83-3-1974, Bionomics, Wareham, MA:6 p.",True,No qualifier,Equal,,,,,,Pimephales promelas,Acute Toxicity of Thirteen Phthalate Esters to Fathead Minnow (Pimephales promelas) Under Flow-Through Conditions,No effect,E.G. and G. Bionomics,Mortality,2171410,2337755,Active ingredient,Fresh water,Mortality,,Concurrent control,05/19/2016,A,Flow-through,05/19/2016,,Lab,06/15/2016,Laboratory,,1983,Liquid,Publication reported endpoint,"2 REPLICATES, AQUATIC TOXICOLOGY LABORATORY OF EG AND G BIONOMICS, WAREHAM, MASSACHUSETTS",,Measured,Diisodecyl phthalate,,,TOXICITY SYMPTOMS,"EG AND G BIONOMICS, WAREHAM, MASSACHUSETTS","SOURCE/EG AND G BIONOMICS, WAREHAM, MASSACHUSETTS//",,Animalia (animals),Bilateria,Chordata (chordates),Vertebrata (vertebrates),Teleostei,,"Cypriniformes (minnows,suckers)",,,"Cyprinidae (carps,minnows,carps and minnows)",Pimephales (bluntnose minnows),Deuterostomia,,,,None,6.7,7,6,None,100,,None,,,,,,,,,,,,,milligrams per liter Calcium carbonate,Unknown,20,26,96,,h,Time,,,,,,,,percent saturation,Unknown,89,,100,>,96,h,Time,22,°C,Temperature,21,23,,,,,,,,,,"Actinopterygii (ray-finned fishes,spiny rayed fishes)",Ostariophysi,Cyprinoidea,Gnathostomata,,,,,,,,,,,,,,,,,30(25-39) MM,0.25,g,Mass,0.2,0.47,,,,Not significant at all concentrations,,,,20,Organism,Unknown,,,,,,,,,,,micro ohms per centimeter,Unknown,80,110,,,,,,,,,,,,,milligrams per liter Calcium carbonate,Unknown,14,22,0,,None,,,,,,,,,,,,BY DEFINITION,,,,,,,,,,,,,,,,,,,,,,,,,,,96,,h,Time,,,,1,,mg/L,Mass concentration,0.6100000143051147,1.399999976158142,1,,mg/L,Mass concentration,0.6100000143051147,1.399999976158142
26761-40-0,"1,2-Benzenedicarboxylic acid diisodecyl ester;1,2-Benzenedicarboxylic acid, 1,2-diisodecyl ester;1,2-Benzenedicarboxylic acid, diisodecyl ester;1,2-Benzenedicarboxylic_acid_diisodecyl_ester;1,2-benzenedicarboxylic_acid,_diisodecyl_ester;bis(8-methylnonyl) benzene-1,2-dicarboxylate;di-''isodecyl'' phthalate;Di-isodecylphthalate;Diisodecyl phthalate;DIISODECYL_PHTHALATE;diisodecylphthalate",,,,,,,,,,,,,,,,,,,,,,,,,,,,,,,,,,,,,,,,,,,,,,,,,,,,,,,,,,,,,,,,,,,,,,,,,,,,,,,,,,,,,,,,,,,,,,,,,,,,,,,,,,,,,,,,,,,,,,,,,,,,,,,,Ecotoxicological Information#Aquatic Toxicity,ECOTOX,NR-LETH,EPA/OTS 40-8426082:52 p.,True,Data in range,Equal,,,,,,Daphnia magna,Acute Toxicity of Fourteen Phthalate Esters to Daphnia magna,Increasing,Chemical Manufacturers Association,Mortality,2233732,2497733,Active ingredient,Fresh water,Mortality,United States Environmental Protection Agency,Concurrent control,11/20/2019,A,Static,11/22/2019,,Lab,12/12/2019,Laboratory,,1984,,Reviewer assigned endpoint,3 REPLICATES; INITIAL TEST,FORTIFIED WELL WATER,Measured,Diisodecyl phthalate,1975,,,EG&G BIONOMICS,SOURCE/EG&G BIONOMICS//TMETH/1975//MEDIA/FORTIFIED WELL WATER//,,Animalia (animals),Bilateria,Arthropoda (arthropods),Crustacea (crustaceans),Branchiopoda (branchiopods),Phyllopoda,Diplostraca,Cladocera (water fleas),Anomopoda,Daphniidae,Daphnia,Protostomia,Ecdysozoa,8.4,,None,,,6,None,,,,24,<,h,Time,,,,,,,,,milligrams per liter Calcium carbonate,Unknown,150,180,48,,h,Time,1,Dosed x time(s) per study period,Unknown,,,,,mg/L,Mass concentration,8,,8.6,,48,h,Time,,°C,Temperature,22,23,,,,,,,,,,,,,,,,,,,,,,,,,,,,,,,,,,,,,,,,,,,,,,,,,,,,,,,,millimhos per centimeter,Unknown,400,600,,,,,,,,,Acute,,,,milligrams per liter Calcium carbonate,Unknown,100,130,100,,None,,,,,,,,,,,,,,,,,,,,,,,,,,,,,,,,,,,,,,,48,,h,Time,,,,,,mg/L,Mass concentration,0.23000000417232513,0.9800000190734863,,,mg/L,Mass concentration,0.23000000417232513,0.9800000190734863
26761-40-0,"1,2-Benzenedicarboxylic acid diisodecyl ester;1,2-Benzenedicarboxylic acid, 1,2-diisodecyl ester;1,2-Benzenedicarboxylic acid, diisodecyl ester;1,2-Benzenedicarboxylic_acid_diisodecyl_ester;1,2-benzenedicarboxylic_acid,_diisodecyl_ester;bis(8-methylnonyl) benzene-1,2-dicarboxylate;di-''isodecyl'' phthalate;Di-isodecylphthalate;Diisodecyl phthalate;DIISODECYL_PHTHALATE;diisodecylphthalate",,,,,,,,,,,,,,,,,,,,,,,,,,,,,,,,,,,,,,,,,,,,,,,,,,,,,,,,,,,,,,,,,,,,,,,,,,,,,,,,,,,,,,,,,,,,,,,,,,,,,,,,,,,,,,,,,,,,,,,,,,,,,,,,Ecotoxicological Information#Aquatic Toxicity,ECOTOX,NR-ZERO,Environ. Toxicol. Chem.14(11): 1967-1976,True,No qualifier,Equal,,,,,,Daphnia magna,Chronic Toxicity of 14 Phthalate Esters to Daphnia magna and Rainbow Trout (Oncorhynchus mykiss),No effect,"Rhodes,J.E., W.J. Adams, G.R. Biddinger, K.A. Robillard, and J.W. Gorsuch",Mortality,2235441,2503412,Active ingredient,Fresh water,Mortality,Other Method,Concurrent control,12/27/2019,A,Flow-through,12/31/2019,,Lab,03/12/2020,Laboratory,,1995,Liquid,Reviewer assigned endpoint,FOUR REPLICATES. FED 2-3 TIMES DAILY,,Measured,Diisodecyl phthalate,PROCEDURES DEVELOPED AT SPRINGBORN LABORATORIES,,,SPRINGBORN LABORATORIES,SOURCE/SPRINGBORN LABORATORIES//TMETH/PROCEDURES DEVELOPED AT SPRINGBORN LABORATORIES//MEDIA/NR//,,Animalia (animals),Bilateria,Arthropoda (arthropods),Crustacea (crustaceans),Branchiopoda (branchiopods),Phyllopoda,Diplostraca,Cladocera (water fleas),Anomopoda,Daphniidae,Daphnia,Protostomia,Ecdysozoa,,,None,7.9,8.3,6,None,95,>,None,24,≤,h,Time,,,,,,,,,milligrams per liter Calcium carbonate,Unknown,150,180,21,,d,Time,,,,,,60,>,percent saturation,Unknown,,,,,21,d,Time,21,°C,Temperature,,,,,,,,,,,,,,,,,,,,,,,,,,,,,,,,,,,,,,,,,,,,,,,,,,,,,,,,,,micro ohms per centimeter,Unknown,400,600,,,,,,,,,Full Life Cycle,,,,milligrams per liter Calcium carbonate,Unknown,100,130,0,,None,,,,,,,,,,,,,,,,,,,,,,,,,,,,,,,,,,,,,,,21,,d,Time,,,,0.00800000037997961,,mg/L,Mass concentration,,,0.00800000037997961,,mg/L,Mass concentration,,
26761-40-0,"1,2-Benzenedicarboxylic acid diisodecyl ester;1,2-Benzenedicarboxylic acid, 1,2-diisodecyl ester;1,2-Benzenedicarboxylic acid, diisodecyl ester;1,2-Benzenedicarboxylic_acid_diisodecyl_ester;1,2-benzenedicarboxylic_acid,_diisodecyl_ester;bis(8-methylnonyl) benzene-1,2-dicarboxylate;di-''isodecyl'' phthalate;Di-isodecylphthalate;Diisodecyl phthalate;DIISODECYL_PHTHALATE;diisodecylphthalate",,,,,,,,,,,,,,,,,,,,,,,,,,,,,,,,,,,,,,,,,,,,,,,,,,,,,,,,,,,,,,,,,,,,,,,,,,,,,,,,,,,,,,,,,,,,,,,,,,,,,,,,,,,,,,,,,,,,,,,,,,,,,,,,Ecotoxicological Information#Aquatic Toxicity,ECOTOX,NR-ZERO,"Report BP-83-1-6, Submitted to Chemical Manufacturers Association, Washington, DC by EG & G Bionomics, Pensacola FL:40 p.",True,No qualifier,Equal,,,,,,Americamysis bahia,Acute Toxicity of Twelve Phthalate Esters to Mysid Shrimp (Mysidopis bahia),No effect,E.G. and G. Bionomics,Mortality,2233272,2496062,Active ingredient,Salt water,Mortality,United States Environmental Protection Agency,Concurrent control,11/17/2019,A,Static,11/17/2019,,Lab,12/12/2019,Laboratory,,1984,Liquid,Reviewer assigned endpoint,3 REPLICATES,"NATURAL SEAWATER FROM BIG LAGOON, GULF OF MEXICO ESTUARY",Measured,Diisodecyl phthalate,"EG AND G BIONOMICS PROTOCOL ENTITLED STATIC ACUTE MYSID SHRIMP TOXICITY TEST, APRIL 1981, BASED ON THE USEPA METHODS FOR ACUTE TOXICITY TESTS WITH FISH, MACROINVERTEBRATES, AND AMPHIBIANS , 1975",,HIGHEST NO DISCERNIBLE EFFECT CONCENTRATION,"BIONOMICS MARINE RESEARCH LABORATORY, PENSACOLA, FL","SOURCE/BIONOMICS MARINE RESEARCH LABORATORY, PENSACOLA, FL//TMETH/EG AND G BIONOMICS PROTOCOL ENTITLED STATIC ACUTE MYSID SHRIMP TOXICITY TEST, APRIL 1981, BASED ON THE USEPA METHODS FOR ACUTE TOXICITY TESTS WITH FISH, MACROINVERTEBRATES, AND AMPHIBIANS , 1975//MEDIA/NATURAL SEAWATER FROM BIG LAGOON, GULF OF MEXICO ESTUARY//",,Animalia (animals),Bilateria,Arthropoda (arthropods),Crustacea (crustaceans),Malacostraca,Eumalacostraca,Mysida (opossum shrimp),,,Mysidae,Americamysis,Protostomia,Ecdysozoa,,,None,7.6,7.8,2,None,,,,,,,,,,,,,,,,,,,,96,,h,Time,1,Dosed x time(s) per study period,Unknown,,,66,≥,percent saturation,Unknown,,,,,96,h,Time,,°C,Temperature,20,21,,,,,,,,,,,Peracarida,,,,,,,,,,,,,,,,,,,,,,,,,,,ONLY CONC TESTED,,,CONC1/ONLY CONC TESTED//,,,,,,,,,,,,,,,,,,,,,,,,,,,Acute,22,parts per thousand,Unknown,,,,,0,,None,,,,,,,,,,,,,,,,,,,,,,,,,,,,,,,,,,,,,,,24,,h,Time,,,,0.07999999821186066,,mg/L,Mass concentration,0,0.15000000596046448,0.07999999821186066,,mg/L,Mass concentration,0,0.15000000596046448
26761-40-0,"1,2-Benzenedicarboxylic acid diisodecyl ester;1,2-Benzenedicarboxylic acid, 1,2-diisodecyl ester;1,2-Benzenedicarboxylic acid, diisodecyl ester;1,2-Benzenedicarboxylic_acid_diisodecyl_ester;1,2-benzenedicarboxylic_acid,_diisodecyl_ester;bis(8-methylnonyl) benzene-1,2-dicarboxylate;di-''isodecyl'' phthalate;Di-isodecylphthalate;Diisodecyl phthalate;DIISODECYL_PHTHALATE;diisodecylphthalate",,,,,,,,,,,,,,,,,,,,,,,,,,,,,,,,,,,,,,,,,,,,,,,,,,,,,,,,,,,,,,,,,,,,,,,,,,,,,,,,,,,,,,,,,,,,,,,,,,,,,,,,,,,,,,,,,,,,,,,,,,,,,,,,Ecotoxicological Information#Aquatic Toxicity,ECOTOX,NR-ZERO,"Rep.No.BP-84-2-14, Springborn Bionomics Inc., Pensacola, FL:43 p.",True,No qualifier,Equal,,,,,,Cyprinodon variegatus,Acute Toxicity of Thirteen Phthalate Esters to the Sheepshead Minnow (Cyprinodon variegatus),No effect,Springborn Bionomics Inc.,Mortality,2233451,2496799,Active ingredient,Salt water,Mortality,United States Environmental Protection Agency,Concurrent control,11/18/2019,A,Flow-through,11/18/2019,,Lab,12/12/2019,Laboratory,,1984,,Reviewer assigned endpoint,2 REPLICATES,"NATURAL SEAWATER FROM BIG LAGOON, GULF OF MEXICO ESTUARY",Measured,Diisodecyl phthalate,"EG AND G BIONOMICS PROTOCOL FOR FLOW-THROUGH TOXICITY TESTS WITH FISHES, JANUARY 2,1980, MODIFIED BY EGG/CMA-007C, SEPTEMBER 1981, BASED ON THE USEPA METHODS FOR ACUTE TOXICITY TESTS WITH FISH, MACROINVERTEBRATES, AND AMPHIBIANS, 1975",,HIGHEST NO DISCERNIBLE EFFECT CONCENTRATION,EITHER CULTURED AT LAB OR PURCHASED FROM A PROVEN HATCHERY IN MASSACHUSETTS,"SOURCE/EITHER CULTURED AT LAB OR PURCHASED FROM A PROVEN HATCHERY IN MASSACHUSETTS//TMETH/EG AND G BIONOMICS PROTOCOL FOR FLOW-THROUGH TOXICITY TESTS WITH FISHES, JANUARY 2,1980, MODIFIED BY EGG/CMA-007C, SEPTEMBER 1981, BASED ON THE USEPA METHODS FOR ACUTE TOXICITY TESTS WITH FISH, MACROINVERTEBRATES, AND AMPHIBIANS, 1975//MEDIA/NATURAL SEAWATER FROM BIG LAGOON, GULF OF MEXICO ESTUARY//",,Animalia (animals),Bilateria,Chordata (chordates),Vertebrata (vertebrates),Teleostei,,"Cyprinodontiformes (cyprinodonts,cyprinodontiforms,killifishes)",Cyprinodontoidei (cyprinodontoids),,"Cyprinodontidae (killifishes,toothcarps,cyprinodontids,pupfishes)",Cyprinodon (pupfishes),Deuterostomia,,,,None,8,8.2,3,None,,,,10,≤,wk,Time,,,,,,,,,,,,,96,,h,Time,,,,,,,,parts per million,Unknown,7.5,,7.6,,96,h,Time,,°C,Temperature,24.4,24.7,,,,,,,,,,"Actinopterygii (ray-finned fishes,spiny rayed fishes)",Acanthopterygii,,Gnathostomata,,,,,,,,,,,,,,,,,13(11-16) MM,41,mg,Mass,20,78,,,,,,,,,,,,,,Juvenile,,,Cyprinodontinae (cyprinodontines),Cyprinodontini,,,,,,,,,,,,,,,Acute,19,parts per thousand,Unknown,,,,,0,,None,,,,,,,,,,,,,,,,,,,,,,,,,,,,,,,,,,,,,,,24,,h,Time,,,,0.4699999988079071,,ppm,Ratio,0.25999999046325684,1.4600000381469727,0.4699999988079071,,ppm,Ratio,0.25999999046325684,1.4600000381469727
26761-40-0,"1,2-Benzenedicarboxylic acid diisodecyl ester;1,2-Benzenedicarboxylic acid, 1,2-diisodecyl ester;1,2-Benzenedicarboxylic acid, diisodecyl ester;1,2-Benzenedicarboxylic_acid_diisodecyl_ester;1,2-benzenedicarboxylic_acid,_diisodecyl_ester;bis(8-methylnonyl) benzene-1,2-dicarboxylate;di-''isodecyl'' phthalate;Di-isodecylphthalate;Diisodecyl phthalate;DIISODECYL_PHTHALATE;diisodecylphthalate",,,,,,,,,,,,,,,,,,,,,,,,,,,,,,,,,,,,,,,,,,,,,,,,,,,,,,,,,,,,,,,,,,,,,,,,,,,,,,,,,,,,,,,,,,,,,,,,,,,,,,,,,,,,,,,,,,,,,,,,,,,,,,,,Ecotoxicological Information#Aquatic Toxicity,ECOTOX,NR-ZERO,EPA/OTS 40-8426082:52 p.,True,Data in range,Equal,,,,,,Daphnia magna,Acute Toxicity of Fourteen Phthalate Esters to Daphnia magna,No effect,Chemical Manufacturers Association,Mortality,2233733,2497737,Active ingredient,Fresh water,Mortality,United States Environmental Protection Agency,Concurrent control,11/20/2019,A,Static,11/22/2019,,Lab,12/12/2019,Laboratory,,1984,,Reviewer assigned endpoint,3 REPLICATES; REPEAT TEST,FORTIFIED WELL WATER,Measured,Diisodecyl phthalate,1975,,,EG&G BIONOMICS,SOURCE/EG&G BIONOMICS//TMETH/1975//MEDIA/FORTIFIED WELL WATER//,,Animalia (animals),Bilateria,Arthropoda (arthropods),Crustacea (crustaceans),Branchiopoda (branchiopods),Phyllopoda,Diplostraca,Cladocera (water fleas),Anomopoda,Daphniidae,Daphnia,Protostomia,Ecdysozoa,,,None,8,8.2,2,None,,,,24,<,h,Time,,,,,,,,,milligrams per liter Calcium carbonate,Unknown,150,180,48,,h,Time,1,Dosed x time(s) per study period,Unknown,,,8.4,,mg/L,Mass concentration,,,,,48,h,Time,20,°C,Temperature,,,,,,,,,,,,,,,,,,,,,,,,,,,,,,,,,,,,,,,,ONLY CONC TESTED,,,CONC1/ONLY CONC TESTED//,,,,,,,,,,,,,,,millimhos per centimeter,Unknown,400,600,,,,,,,,,Acute,,,,milligrams per liter Calcium carbonate,Unknown,100,130,0,,None,,,,,,,,,,,,,,,,,,,,,,,,,,,,,,,,,,,,,,,48,,h,Time,,,,,,mg/L,Mass concentration,0.012000000104308128,0.026000000536441803,,,mg/L,Mass concentration,0.012000000104308128,0.026000000536441803
26761-40-0,"1,2-Benzenedicarboxylic acid diisodecyl ester;1,2-Benzenedicarboxylic acid, 1,2-diisodecyl ester;1,2-Benzenedicarboxylic acid, diisodecyl ester;1,2-Benzenedicarboxylic_acid_diisodecyl_ester;1,2-benzenedicarboxylic_acid,_diisodecyl_ester;bis(8-methylnonyl) benzene-1,2-dicarboxylate;di-''isodecyl'' phthalate;Di-isodecylphthalate;Diisodecyl phthalate;DIISODECYL_PHTHALATE;diisodecylphthalate",,,,,,,,,,,,,,,,,,,,,,,,,,,,,,,,,,,,,,,,,,,,,,,,,,,,,,,,,,,,,,,,,,,,,,,,,,,,,,,,,,,,,,,,,,,,,,,,,,,,,,,,,,,,,,,,,,,,,,,,,,,,,,,,Ecotoxicological Information#Aquatic Toxicity,ECOTOX,NR-ZERO,"Report BP-83-1-6, Submitted to Chemical Manufacturers Association, Washington, DC by EG & G Bionomics, Pensacola FL:40 p.",True,No qualifier,Equal,,,,,,Americamysis bahia,Acute Toxicity of Twelve Phthalate Esters to Mysid Shrimp (Mysidopis bahia),No effect,E.G. and G. Bionomics,Mortality,2233272,2496063,Active ingredient,Salt water,Mortality,United States Environmental Protection Agency,Concurrent control,11/17/2019,A,Static,11/17/2019,,Lab,12/12/2019,Laboratory,,1984,Liquid,Reviewer assigned endpoint,3 REPLICATES,"NATURAL SEAWATER FROM BIG LAGOON, GULF OF MEXICO ESTUARY",Measured,Diisodecyl phthalate,"EG AND G BIONOMICS PROTOCOL ENTITLED STATIC ACUTE MYSID SHRIMP TOXICITY TEST, APRIL 1981, BASED ON THE USEPA METHODS FOR ACUTE TOXICITY TESTS WITH FISH, MACROINVERTEBRATES, AND AMPHIBIANS , 1975",,HIGHEST NO DISCERNIBLE EFFECT CONCENTRATION,"BIONOMICS MARINE RESEARCH LABORATORY, PENSACOLA, FL","SOURCE/BIONOMICS MARINE RESEARCH LABORATORY, PENSACOLA, FL//TMETH/EG AND G BIONOMICS PROTOCOL ENTITLED STATIC ACUTE MYSID SHRIMP TOXICITY TEST, APRIL 1981, BASED ON THE USEPA METHODS FOR ACUTE TOXICITY TESTS WITH FISH, MACROINVERTEBRATES, AND AMPHIBIANS , 1975//MEDIA/NATURAL SEAWATER FROM BIG LAGOON, GULF OF MEXICO ESTUARY//",,Animalia (animals),Bilateria,Arthropoda (arthropods),Crustacea (crustaceans),Malacostraca,Eumalacostraca,Mysida (opossum shrimp),,,Mysidae,Americamysis,Protostomia,Ecdysozoa,,,None,7.6,7.8,2,None,,,,,,,,,,,,,,,,,,,,96,,h,Time,1,Dosed x time(s) per study period,Unknown,,,66,≥,percent saturation,Unknown,,,,,96,h,Time,,°C,Temperature,20,21,,,,,,,,,,,Peracarida,,,,,,,,,,,,,,,,,,,,,,,,,,,ONLY CONC TESTED,,,CONC1/ONLY CONC TESTED//,,,,,,,,,,,,,,,,,,,,,,,,,,,Acute,22,parts per thousand,Unknown,,,,,0,,None,,,,,,,,,,,,,,,,,,,,,,,,,,,,,,,,,,,,,,,48,,h,Time,,,,0.07999999821186066,,mg/L,Mass concentration,0,0.15000000596046448,0.07999999821186066,,mg/L,Mass concentration,0,0.15000000596046448
26761-40-0,"1,2-Benzenedicarboxylic acid diisodecyl ester;1,2-Benzenedicarboxylic acid, 1,2-diisodecyl ester;1,2-Benzenedicarboxylic acid, diisodecyl ester;1,2-Benzenedicarboxylic_acid_diisodecyl_ester;1,2-benzenedicarboxylic_acid,_diisodecyl_ester;bis(8-methylnonyl) benzene-1,2-dicarboxylate;di-''isodecyl'' phthalate;Di-isodecylphthalate;Diisodecyl phthalate;DIISODECYL_PHTHALATE;diisodecylphthalate",,,,,,,,,,,,,,,,,,,,,,,,,,,,,,,,,,,,,,,,,,,,,,,,,,,,,,,,,,,,,,,,,,,,,,,,,,,,,,,,,,,,,,,,,,,,,,,,,,,,,,,,,,,,,,,,,,,,,,,,,,,,,,,,Ecotoxicological Information#Aquatic Toxicity,ECOTOX,NR-ZERO,"Rep.No.BP-84-2-14, Springborn Bionomics Inc., Pensacola, FL:43 p.",True,No qualifier,Equal,,,,,,Cyprinodon variegatus,Acute Toxicity of Thirteen Phthalate Esters to the Sheepshead Minnow (Cyprinodon variegatus),No effect,Springborn Bionomics Inc.,Mortality,2233451,2496800,Active ingredient,Salt water,Mortality,United States Environmental Protection Agency,Concurrent control,11/18/2019,A,Flow-through,11/18/2019,,Lab,12/12/2019,Laboratory,,1984,,Reviewer assigned endpoint,2 REPLICATES,"NATURAL SEAWATER FROM BIG LAGOON, GULF OF MEXICO ESTUARY",Measured,Diisodecyl phthalate,"EG AND G BIONOMICS PROTOCOL FOR FLOW-THROUGH TOXICITY TESTS WITH FISHES, JANUARY 2,1980, MODIFIED BY EGG/CMA-007C, SEPTEMBER 1981, BASED ON THE USEPA METHODS FOR ACUTE TOXICITY TESTS WITH FISH, MACROINVERTEBRATES, AND AMPHIBIANS, 1975",,HIGHEST NO DISCERNIBLE EFFECT CONCENTRATION,EITHER CULTURED AT LAB OR PURCHASED FROM A PROVEN HATCHERY IN MASSACHUSETTS,"SOURCE/EITHER CULTURED AT LAB OR PURCHASED FROM A PROVEN HATCHERY IN MASSACHUSETTS//TMETH/EG AND G BIONOMICS PROTOCOL FOR FLOW-THROUGH TOXICITY TESTS WITH FISHES, JANUARY 2,1980, MODIFIED BY EGG/CMA-007C, SEPTEMBER 1981, BASED ON THE USEPA METHODS FOR ACUTE TOXICITY TESTS WITH FISH, MACROINVERTEBRATES, AND AMPHIBIANS, 1975//MEDIA/NATURAL SEAWATER FROM BIG LAGOON, GULF OF MEXICO ESTUARY//",,Animalia (animals),Bilateria,Chordata (chordates),Vertebrata (vertebrates),Teleostei,,"Cyprinodontiformes (cyprinodonts,cyprinodontiforms,killifishes)",Cyprinodontoidei (cyprinodontoids),,"Cyprinodontidae (killifishes,toothcarps,cyprinodontids,pupfishes)",Cyprinodon (pupfishes),Deuterostomia,,,,None,8,8.2,3,None,,,,10,≤,wk,Time,,,,,,,,,,,,,96,,h,Time,,,,,,,,parts per million,Unknown,7.5,,7.6,,96,h,Time,,°C,Temperature,24.4,24.7,,,,,,,,,,"Actinopterygii (ray-finned fishes,spiny rayed fishes)",Acanthopterygii,,Gnathostomata,,,,,,,,,,,,,,,,,13(11-16) MM,41,mg,Mass,20,78,,,,,,,,,,,,,,Juvenile,,,Cyprinodontinae (cyprinodontines),Cyprinodontini,,,,,,,,,,,,,,,Acute,19,parts per thousand,Unknown,,,,,0,,None,,,,,,,,,,,,,,,,,,,,,,,,,,,,,,,,,,,,,,,48,,h,Time,,,,0.4699999988079071,,ppm,Ratio,0.25999999046325684,1.4600000381469727,0.4699999988079071,,ppm,Ratio,0.25999999046325684,1.4600000381469727
26761-40-0,"1,2-Benzenedicarboxylic acid diisodecyl ester;1,2-Benzenedicarboxylic acid, 1,2-diisodecyl ester;1,2-Benzenedicarboxylic acid, diisodecyl ester;1,2-Benzenedicarboxylic_acid_diisodecyl_ester;1,2-benzenedicarboxylic_acid,_diisodecyl_ester;bis(8-methylnonyl) benzene-1,2-dicarboxylate;di-''isodecyl'' phthalate;Di-isodecylphthalate;Diisodecyl phthalate;DIISODECYL_PHTHALATE;diisodecylphthalate",,,,,,,,,,,,,,,,,,,,,,,,,,,,,,,,,,,,,,,,,,,,,,,,,,,,,,,,,,,,,,,,,,,,,,,,,,,,,,,,,,,,,,,,,,,,,,,,,,,,,,,,,,,,,,,,,,,,,,,,,,,,,,,,Ecotoxicological Information#Aquatic Toxicity,ECOTOX,NR-ZERO,"Report BP-83-1-6, Submitted to Chemical Manufacturers Association, Washington, DC by EG & G Bionomics, Pensacola FL:40 p.",True,No qualifier,Equal,,,,,,Americamysis bahia,Acute Toxicity of Twelve Phthalate Esters to Mysid Shrimp (Mysidopis bahia),No effect,E.G. and G. Bionomics,Mortality,2233272,2496064,Active ingredient,Salt water,Mortality,United States Environmental Protection Agency,Concurrent control,11/17/2019,A,Static,11/17/2019,,Lab,12/12/2019,Laboratory,,1984,Liquid,Reviewer assigned endpoint,3 REPLICATES,"NATURAL SEAWATER FROM BIG LAGOON, GULF OF MEXICO ESTUARY",Measured,Diisodecyl phthalate,"EG AND G BIONOMICS PROTOCOL ENTITLED STATIC ACUTE MYSID SHRIMP TOXICITY TEST, APRIL 1981, BASED ON THE USEPA METHODS FOR ACUTE TOXICITY TESTS WITH FISH, MACROINVERTEBRATES, AND AMPHIBIANS , 1975",,HIGHEST NO DISCERNIBLE EFFECT CONCENTRATION,"BIONOMICS MARINE RESEARCH LABORATORY, PENSACOLA, FL","SOURCE/BIONOMICS MARINE RESEARCH LABORATORY, PENSACOLA, FL//TMETH/EG AND G BIONOMICS PROTOCOL ENTITLED STATIC ACUTE MYSID SHRIMP TOXICITY TEST, APRIL 1981, BASED ON THE USEPA METHODS FOR ACUTE TOXICITY TESTS WITH FISH, MACROINVERTEBRATES, AND AMPHIBIANS , 1975//MEDIA/NATURAL SEAWATER FROM BIG LAGOON, GULF OF MEXICO ESTUARY//",,Animalia (animals),Bilateria,Arthropoda (arthropods),Crustacea (crustaceans),Malacostraca,Eumalacostraca,Mysida (opossum shrimp),,,Mysidae,Americamysis,Protostomia,Ecdysozoa,,,None,7.6,7.8,2,None,,,,,,,,,,,,,,,,,,,,96,,h,Time,1,Dosed x time(s) per study period,Unknown,,,66,≥,percent saturation,Unknown,,,,,96,h,Time,,°C,Temperature,20,21,,,,,,,,,,,Peracarida,,,,,,,,,,,,,,,,,,,,,,,,,,,ONLY CONC TESTED,,,CONC1/ONLY CONC TESTED//,,,,,,,,,,,,,,,,,,,,,,,,,,,Acute,22,parts per thousand,Unknown,,,,,0,,None,,,,,,,,,,,,,,,,,,,,,,,,,,,,,,,,,,,,,,,72,,h,Time,,,,0.07999999821186066,,mg/L,Mass concentration,0,0.15000000596046448,0.07999999821186066,,mg/L,Mass concentration,0,0.15000000596046448
26761-40-0,"1,2-Benzenedicarboxylic acid diisodecyl ester;1,2-Benzenedicarboxylic acid, 1,2-diisodecyl ester;1,2-Benzenedicarboxylic acid, diisodecyl ester;1,2-Benzenedicarboxylic_acid_diisodecyl_ester;1,2-benzenedicarboxylic_acid,_diisodecyl_ester;bis(8-methylnonyl) benzene-1,2-dicarboxylate;di-''isodecyl'' phthalate;Di-isodecylphthalate;Diisodecyl phthalate;DIISODECYL_PHTHALATE;diisodecylphthalate",,,,,,,,,,,,,,,,,,,,,,,,,,,,,,,,,,,,,,,,,,,,,,,,,,,,,,,,,,,,,,,,,,,,,,,,,,,,,,,,,,,,,,,,,,,,,,,,,,,,,,,,,,,,,,,,,,,,,,,,,,,,,,,,Ecotoxicological Information#Aquatic Toxicity,ECOTOX,NR-ZERO,"Rep.No.BP-84-2-14, Springborn Bionomics Inc., Pensacola, FL:43 p.",True,No qualifier,Equal,,,,,,Cyprinodon variegatus,Acute Toxicity of Thirteen Phthalate Esters to the Sheepshead Minnow (Cyprinodon variegatus),No effect,Springborn Bionomics Inc.,Mortality,2233451,2496801,Active ingredient,Salt water,Mortality,United States Environmental Protection Agency,Concurrent control,11/18/2019,A,Flow-through,11/18/2019,,Lab,12/12/2019,Laboratory,,1984,,Reviewer assigned endpoint,2 REPLICATES,"NATURAL SEAWATER FROM BIG LAGOON, GULF OF MEXICO ESTUARY",Measured,Diisodecyl phthalate,"EG AND G BIONOMICS PROTOCOL FOR FLOW-THROUGH TOXICITY TESTS WITH FISHES, JANUARY 2,1980, MODIFIED BY EGG/CMA-007C, SEPTEMBER 1981, BASED ON THE USEPA METHODS FOR ACUTE TOXICITY TESTS WITH FISH, MACROINVERTEBRATES, AND AMPHIBIANS, 1975",,HIGHEST NO DISCERNIBLE EFFECT CONCENTRATION,EITHER CULTURED AT LAB OR PURCHASED FROM A PROVEN HATCHERY IN MASSACHUSETTS,"SOURCE/EITHER CULTURED AT LAB OR PURCHASED FROM A PROVEN HATCHERY IN MASSACHUSETTS//TMETH/EG AND G BIONOMICS PROTOCOL FOR FLOW-THROUGH TOXICITY TESTS WITH FISHES, JANUARY 2,1980, MODIFIED BY EGG/CMA-007C, SEPTEMBER 1981, BASED ON THE USEPA METHODS FOR ACUTE TOXICITY TESTS WITH FISH, MACROINVERTEBRATES, AND AMPHIBIANS, 1975//MEDIA/NATURAL SEAWATER FROM BIG LAGOON, GULF OF MEXICO ESTUARY//",,Animalia (animals),Bilateria,Chordata (chordates),Vertebrata (vertebrates),Teleostei,,"Cyprinodontiformes (cyprinodonts,cyprinodontiforms,killifishes)",Cyprinodontoidei (cyprinodontoids),,"Cyprinodontidae (killifishes,toothcarps,cyprinodontids,pupfishes)",Cyprinodon (pupfishes),Deuterostomia,,,,None,8,8.2,3,None,,,,10,≤,wk,Time,,,,,,,,,,,,,96,,h,Time,,,,,,,,parts per million,Unknown,7.5,,7.6,,96,h,Time,,°C,Temperature,24.4,24.7,,,,,,,,,,"Actinopterygii (ray-finned fishes,spiny rayed fishes)",Acanthopterygii,,Gnathostomata,,,,,,,,,,,,,,,,,13(11-16) MM,41,mg,Mass,20,78,,,,,,,,,,,,,,Juvenile,,,Cyprinodontinae (cyprinodontines),Cyprinodontini,,,,,,,,,,,,,,,Acute,19,parts per thousand,Unknown,,,,,0,,None,,,,,,,,,,,,,,,,,,,,,,,,,,,,,,,,,,,,,,,72,,h,Time,,,,0.4699999988079071,,ppm,Ratio,0.25999999046325684,1.4600000381469727,0.4699999988079071,,ppm,Ratio,0.25999999046325684,1.4600000381469727
26761-40-0,"1,2-Benzenedicarboxylic acid diisodecyl ester;1,2-Benzenedicarboxylic acid, 1,2-diisodecyl ester;1,2-Benzenedicarboxylic acid, diisodecyl ester;1,2-Benzenedicarboxylic_acid_diisodecyl_ester;1,2-benzenedicarboxylic_acid,_diisodecyl_ester;bis(8-methylnonyl) benzene-1,2-dicarboxylate;di-''isodecyl'' phthalate;Di-isodecylphthalate;Diisodecyl phthalate;DIISODECYL_PHTHALATE;diisodecylphthalate",,,,,,,,,,,,,,,,,,,,,,,,,,,,,,,,,,,,,,,,,,,,,,,,,,,,,,,,,,,,,,,,,,,,,,,,,,,,,,,,,,,,,,,,,,,,,,,,,,,,,,,,,,,,,,,,,,,,,,,,,,,,,,,,Ecotoxicological Information#Aquatic Toxicity,ECOTOX,NR-ZERO,"Rep.No.BP-84-2-14, Springborn Bionomics Inc., Pensacola, FL:43 p.",True,No qualifier,Equal,,,,,,Cyprinodon variegatus,Acute Toxicity of Thirteen Phthalate Esters to the Sheepshead Minnow (Cyprinodon variegatus),No effect,Springborn Bionomics Inc.,Mortality,2233451,2496802,Active ingredient,Salt water,Mortality,United States Environmental Protection Agency,Concurrent control,11/18/2019,A,Flow-through,11/18/2019,,Lab,12/12/2019,Laboratory,,1984,,Reviewer assigned endpoint,2 REPLICATES,"NATURAL SEAWATER FROM BIG LAGOON, GULF OF MEXICO ESTUARY",Measured,Diisodecyl phthalate,"EG AND G BIONOMICS PROTOCOL FOR FLOW-THROUGH TOXICITY TESTS WITH FISHES, JANUARY 2,1980, MODIFIED BY EGG/CMA-007C, SEPTEMBER 1981, BASED ON THE USEPA METHODS FOR ACUTE TOXICITY TESTS WITH FISH, MACROINVERTEBRATES, AND AMPHIBIANS, 1975",,HIGHEST NO DISCERNIBLE EFFECT CONCENTRATION,EITHER CULTURED AT LAB OR PURCHASED FROM A PROVEN HATCHERY IN MASSACHUSETTS,"SOURCE/EITHER CULTURED AT LAB OR PURCHASED FROM A PROVEN HATCHERY IN MASSACHUSETTS//TMETH/EG AND G BIONOMICS PROTOCOL FOR FLOW-THROUGH TOXICITY TESTS WITH FISHES, JANUARY 2,1980, MODIFIED BY EGG/CMA-007C, SEPTEMBER 1981, BASED ON THE USEPA METHODS FOR ACUTE TOXICITY TESTS WITH FISH, MACROINVERTEBRATES, AND AMPHIBIANS, 1975//MEDIA/NATURAL SEAWATER FROM BIG LAGOON, GULF OF MEXICO ESTUARY//",,Animalia (animals),Bilateria,Chordata (chordates),Vertebrata (vertebrates),Teleostei,,"Cyprinodontiformes (cyprinodonts,cyprinodontiforms,killifishes)",Cyprinodontoidei (cyprinodontoids),,"Cyprinodontidae (killifishes,toothcarps,cyprinodontids,pupfishes)",Cyprinodon (pupfishes),Deuterostomia,,,,None,8,8.2,3,None,,,,10,≤,wk,Time,,,,,,,,,,,,,96,,h,Time,,,,,,,,parts per million,Unknown,7.5,,7.6,,96,h,Time,,°C,Temperature,24.4,24.7,,,,,,,,,,"Actinopterygii (ray-finned fishes,spiny rayed fishes)",Acanthopterygii,,Gnathostomata,,,,,,,,,,,,,,,,,13(11-16) MM,41,mg,Mass,20,78,,,,,,,,,,,,,,Juvenile,,,Cyprinodontinae (cyprinodontines),Cyprinodontini,,,,,,,,,,,,,,,Acute,19,parts per thousand,Unknown,,,,,0,,None,,,,,,,,,,,,,,,,,,,,,,,,,,,,,,,,,,,,,,,96,,h,Time,,,,0.4699999988079071,,ppm,Ratio,0.25999999046325684,1.4600000381469727,0.4699999988079071,,ppm,Ratio,0.25999999046325684,1.4600000381469727
26761-40-0,"1,2-Benzenedicarboxylic acid diisodecyl ester;1,2-Benzenedicarboxylic acid, 1,2-diisodecyl ester;1,2-Benzenedicarboxylic acid, diisodecyl ester;1,2-Benzenedicarboxylic_acid_diisodecyl_ester;1,2-benzenedicarboxylic_acid,_diisodecyl_ester;bis(8-methylnonyl) benzene-1,2-dicarboxylate;di-''isodecyl'' phthalate;Di-isodecylphthalate;Diisodecyl phthalate;DIISODECYL_PHTHALATE;diisodecylphthalate",,,,,,,,,,,,,,,,,,,,,,,,,,,,,,,,,,,,,,,,,,,,,,,,,,,,,,,,,,,,,,,,,,,,,,,,,,,,,,,,,,,,,,,,,,,,,,,,,,,,,,,,,,,,,,,,,,,,,,,,,,,,,,,,Ecotoxicological Information#Aquatic Toxicity,ECOTOX,NR-ZERO,EPA/OTS 40-8326129:43 p.,True,Data in range,Equal,,,,,,Lepomis macrochirus,Exhibit III: Acute Toxicity of Thirteen Phthalate Esters to Bluegill (Lepomis macrochirus),No effect,Chemical Manufacturers Association,Mortality,2233761,2497974,Active ingredient,Fresh water,Mortality,United States Environmental Protection Agency,Concurrent control,11/21/2019,A,Static,11/22/2019,,Lab,12/12/2019,Laboratory,,2000,Liquid,Reviewer assigned endpoint,2 REPLICATES,RECONSTITUTED SOFT WATER,Measured,Diisodecyl phthalate,"1975, EPA-660/3-75-009",,NO DISCERNIBLE EFFECT CONCENTRATION,COMMERCIAL FISH SUPPLIERS IN CONNECTICUT AND MISSOURI,"SOURCE/COMMERCIAL FISH SUPPLIERS IN CONNECTICUT AND MISSOURI//TMETH/1975, EPA-660/3-75-009//MEDIA/RECONSTITUTED SOFT WATER//",,Animalia (animals),Bilateria,Chordata (chordates),Vertebrata (vertebrates),Teleostei,,Perciformes (perch-like fishes),Percoidei,,Centrarchidae (sunfishes),"Lepomis (common sunfishes,eared sunfishes)",Deuterostomia,,,,None,7.1,7.8,2,None,,,,,,,,,,,,,,,,milligrams per liter Calcium carbonate,Unknown,42,48,96,,h,Time,1,Dosed x time(s) per study period,Unknown,,,,,mg/L,Mass concentration,4.2,,8.5,,96,h,Time,22,°C,Temperature,,,,,,,,,,,,"Actinopterygii (ray-finned fishes,spiny rayed fishes)",Acanthopterygii,,Gnathostomata,,,,,,,,,,,,,,,,,"LOT 82E26, TOTAL LENGTH 40(33-45) MM",0.7,g,Mass,0.42,0.98,,,ONLY CONC TESTED,,,CONC1/ONLY CONC TESTED//,,,,,,,,,,,,,,,millimhos per centimeter,Unknown,150,160,,,,,,,,,Acute,,,,milligrams per liter Calcium carbonate,Unknown,30,34,0,,None,,,,,,,,,,,,,,,,,,,,,,,,,,,,,,,,,,,,,,,96,,h,Time,,,,,,mg/L,Mass concentration,0.18000000715255737,0.550000011920929,,,mg/L,Mass concentration,0.18000000715255737,0.550000011920929
26761-40-0,"1,2-Benzenedicarboxylic acid diisodecyl ester;1,2-Benzenedicarboxylic acid, 1,2-diisodecyl ester;1,2-Benzenedicarboxylic acid, diisodecyl ester;1,2-Benzenedicarboxylic_acid_diisodecyl_ester;1,2-benzenedicarboxylic_acid,_diisodecyl_ester;bis(8-methylnonyl) benzene-1,2-dicarboxylate;di-''isodecyl'' phthalate;Di-isodecylphthalate;Diisodecyl phthalate;DIISODECYL_PHTHALATE;diisodecylphthalate",,,,,,,,,,,,,,,,,,,,,,,,,,,,,,,,,,,,,,,,,,,,,,,,,,,,,,,,,,,,,,,,,,,,,,,,,,,,,,,,,,,,,,,,,,,,,,,,,,,,,,,,,,,,,,,,,,,,,,,,,,,,,,,,Ecotoxicological Information#Aquatic Toxicity,ECOTOX,NR-ZERO,EPA/OTS 40-8326129:44 p.,True,Data in range,Equal,,,,,,Pimephales promelas,Exhibit III: Acute Toxicity of Fourteen Phthalate Esters to Fathead Minnows (Pimephales promelas),No effect,Chemical Manufacturers Association,Mortality,2234009,2498862,Active ingredient,Fresh water,Mortality,Other Method,Concurrent control,11/24/2019,A,Static,11/24/2019,,Lab,12/12/2019,Laboratory,,2000,Liquid,Reviewer assigned endpoint,DUPLICATE,SOFT WATER RECONSTITUTED FROM DEIONIZED WATER ACCORDING TO RECOMMENDED PROCEDURES,Measured,Diisodecyl phthalate,"EG AND G, BIONOMICS PROTOCOL FOR FRESHWATER STATIC ACUTE TOXICITY TESTS WITH FISH 1982 AND AMENDMENT EGG/CMA-003",,NO DISCERNIBLE EFFECT CONCENTRATION REPORTED,"OBTAINED FROM CULTURES MAINTAINED AT EG AND G, BIONOMICS, WAREHAM, MASSACHUSETTS","SOURCE/OBTAINED FROM CULTURES MAINTAINED AT EG AND G, BIONOMICS, WAREHAM, MASSACHUSETTS//TMETH/EG AND G, BIONOMICS PROTOCOL FOR FRESHWATER STATIC ACUTE TOXICITY TESTS WITH FISH 1982 AND AMENDMENT EGG/CMA-003//MEDIA/SOFT WATER RECONSTITUTED FROM DEIONIZED WATER ACCORDING TO RECOMMENDED PROCEDURES//",,Animalia (animals),Bilateria,Chordata (chordates),Vertebrata (vertebrates),Teleostei,,"Cypriniformes (minnows,suckers)",,,"Cyprinidae (carps,minnows,carps and minnows)",Pimephales (bluntnose minnows),Deuterostomia,,,,None,7.2,7.8,2,None,,,,,,,,,,,,,,,,milligrams per liter Calcium carbonate,Unknown,42,48,96,,h,Time,1,Dosed x time(s) per study period,Unknown,,,,,mg/L,Mass concentration,5.9,,8.7,,96,h,Time,22,°C,Temperature,,,,,,,,,,,,"Actinopterygii (ray-finned fishes,spiny rayed fishes)",Ostariophysi,Cyprinoidea,Gnathostomata,,,,,,,,,,,,,,,,,36 (29-44) MM TOTAL LENGTH. LOT 82A20.,0.38,g,Mass,0.2,0.7,,,ONLY CONC TESTED,,,SAMPNREPLICATE B//CONC1/ONLY CONC TESTED//,,,,,,,,,,,,,,,micro ohms per centimeter,Unknown,150,170,,,,,,,,,Acute,,,,milligrams per liter Calcium carbonate,Unknown,30,36,0,,None,,,,,,,,,,,,,REPLICATE B,,,,,,,,,,,,,,,,,,,,,,,,,,96,,h,Time,,,,,,mg/L,Mass concentration,0.25999999046325684,0.7599999904632568,,,mg/L,Mass concentration,0.25999999046325684,0.7599999904632568
26761-40-0,"1,2-Benzenedicarboxylic acid diisodecyl ester;1,2-Benzenedicarboxylic acid, 1,2-diisodecyl ester;1,2-Benzenedicarboxylic acid, diisodecyl ester;1,2-Benzenedicarboxylic_acid_diisodecyl_ester;1,2-benzenedicarboxylic_acid,_diisodecyl_ester;bis(8-methylnonyl) benzene-1,2-dicarboxylate;di-''isodecyl'' phthalate;Di-isodecylphthalate;Diisodecyl phthalate;DIISODECYL_PHTHALATE;diisodecylphthalate",,,,,,,,,,,,,,,,,,,,,,,,,,,,,,,,,,,,,,,,,,,,,,,,,,,,,,,,,,,,,,,,,,,,,,,,,,,,,,,,,,,,,,,,,,,,,,,,,,,,,,,,,,,,,,,,,,,,,,,,,,,,,,,,Ecotoxicological Information#Aquatic Toxicity,ECOTOX,NR-ZERO,"Report BW-83-3-1974, Bionomics, Wareham, MA:6 p.",True,No qualifier,Equal,,,,,,Pimephales promelas,Acute Toxicity of Thirteen Phthalate Esters to Fathead Minnow (Pimephales promelas) Under Flow-Through Conditions,No effect,E.G. and G. Bionomics,Mortality,2171410,2337756,Active ingredient,Fresh water,Mortality,,Concurrent control,05/19/2016,A,Flow-through,05/19/2016,,Lab,06/15/2016,Laboratory,,1983,Liquid,Reviewer assigned endpoint,"2 REPLICATES, AQUATIC TOXICOLOGY LABORATORY OF EG AND G BIONOMICS, WAREHAM, MASSACHUSETTS",,Measured,Diisodecyl phthalate,,,TOXICITY SYMPTOMS,"EG AND G BIONOMICS, WAREHAM, MASSACHUSETTS","SOURCE/EG AND G BIONOMICS, WAREHAM, MASSACHUSETTS//",,Animalia (animals),Bilateria,Chordata (chordates),Vertebrata (vertebrates),Teleostei,,"Cypriniformes (minnows,suckers)",,,"Cyprinidae (carps,minnows,carps and minnows)",Pimephales (bluntnose minnows),Deuterostomia,,,,None,6.7,7,6,None,100,,None,,,,,,,,,,,,,milligrams per liter Calcium carbonate,Unknown,20,26,96,,h,Time,,,,,,,,percent saturation,Unknown,89,,100,>,96,h,Time,22,°C,Temperature,21,23,,,,,,,,,,"Actinopterygii (ray-finned fishes,spiny rayed fishes)",Ostariophysi,Cyprinoidea,Gnathostomata,,,,,,,,,,,,,,,,,30(25-39) MM,0.25,g,Mass,0.2,0.47,,,,,,,,20,Organism,Unknown,,,,,,,,,,,micro ohms per centimeter,Unknown,80,110,,,,,,,,,,,,,milligrams per liter Calcium carbonate,Unknown,14,22,0,,None,,,,,,,,,,,,,,,,,,,,,,,,,,,,,,,,,,,,,,,96,,h,Time,,,,1,,mg/L,Mass concentration,0.6100000143051147,1.399999976158142,1,,mg/L,Mass concentration,0.6100000143051147,1.399999976158142
26761-40-0,"1,2-Benzenedicarboxylic acid diisodecyl ester;1,2-Benzenedicarboxylic acid, 1,2-diisodecyl ester;1,2-Benzenedicarboxylic acid, diisodecyl ester;1,2-Benzenedicarboxylic_acid_diisodecyl_ester;1,2-benzenedicarboxylic_acid,_diisodecyl_ester;bis(8-methylnonyl) benzene-1,2-dicarboxylate;di-''isodecyl'' phthalate;Di-isodecylphthalate;Diisodecyl phthalate;DIISODECYL_PHTHALATE;diisodecylphthalate",,,,,,,,,,,,,,,,,,,,,,,,,,,,,,,,,,,,,,,,,,,,,,,,,,,,,,,,,,,,,,,,,,,,,,,,,,,,,,,,,,,,,,,,,,,,,,,,,,,,,,,,,,,,,,,,,,,,,,,,,,,,,,,,Ecotoxicological Information#Aquatic Toxicity,ECOTOX,NR-ZERO,EPA/OTS 40-8326129:44 p.,True,Data in range,Equal,,,,,,Pimephales promelas,Exhibit III: Acute Toxicity of Fourteen Phthalate Esters to Fathead Minnows (Pimephales promelas),No effect,Chemical Manufacturers Association,Mortality,2234009,2498861,Active ingredient,Fresh water,Mortality,Other Method,Concurrent control,11/24/2019,A,Static,11/24/2019,,Lab,12/12/2019,Laboratory,,2000,Liquid,Reviewer assigned endpoint,DUPLICATE,SOFT WATER RECONSTITUTED FROM DEIONIZED WATER ACCORDING TO RECOMMENDED PROCEDURES,Measured,Diisodecyl phthalate,"EG AND G, BIONOMICS PROTOCOL FOR FRESHWATER STATIC ACUTE TOXICITY TESTS WITH FISH 1982 AND AMENDMENT EGG/CMA-003",,NO DISCERNIBLE EFFECT CONCENTRATION REPORTED,"OBTAINED FROM CULTURES MAINTAINED AT EG AND G, BIONOMICS, WAREHAM, MASSACHUSETTS","SOURCE/OBTAINED FROM CULTURES MAINTAINED AT EG AND G, BIONOMICS, WAREHAM, MASSACHUSETTS//TMETH/EG AND G, BIONOMICS PROTOCOL FOR FRESHWATER STATIC ACUTE TOXICITY TESTS WITH FISH 1982 AND AMENDMENT EGG/CMA-003//MEDIA/SOFT WATER RECONSTITUTED FROM DEIONIZED WATER ACCORDING TO RECOMMENDED PROCEDURES//",,Animalia (animals),Bilateria,Chordata (chordates),Vertebrata (vertebrates),Teleostei,,"Cypriniformes (minnows,suckers)",,,"Cyprinidae (carps,minnows,carps and minnows)",Pimephales (bluntnose minnows),Deuterostomia,,,,None,7.2,7.8,2,None,,,,,,,,,,,,,,,,milligrams per liter Calcium carbonate,Unknown,42,48,96,,h,Time,1,Dosed x time(s) per study period,Unknown,,,,,mg/L,Mass concentration,5.9,,8.7,,96,h,Time,22,°C,Temperature,,,,,,,,,,,,"Actinopterygii (ray-finned fishes,spiny rayed fishes)",Ostariophysi,Cyprinoidea,Gnathostomata,,,,,,,,,,,,,,,,,36 (29-44) MM TOTAL LENGTH. LOT 82A20.,0.38,g,Mass,0.2,0.7,,,ONLY CONC TESTED,,,SAMPNREPLICATE A//CONC1/ONLY CONC TESTED//,,,,,,,,,,,,,,,micro ohms per centimeter,Unknown,150,170,,,,,,,,,Acute,,,,milligrams per liter Calcium carbonate,Unknown,30,36,0,,None,,,,,,,,,,,,,REPLICATE A,,,,,,,,,,,,,,,,,,,,,,,,,,96,,h,Time,,,,,,mg/L,Mass concentration,0.25999999046325684,0.7599999904632568,,,mg/L,Mass concentration,0.25999999046325684,0.7599999904632568
26761-40-0,"1,2-Benzenedicarboxylic acid diisodecyl ester;1,2-Benzenedicarboxylic acid, 1,2-diisodecyl ester;1,2-Benzenedicarboxylic acid, diisodecyl ester;1,2-Benzenedicarboxylic_acid_diisodecyl_ester;1,2-benzenedicarboxylic_acid,_diisodecyl_ester;bis(8-methylnonyl) benzene-1,2-dicarboxylate;di-''isodecyl'' phthalate;Di-isodecylphthalate;Diisodecyl phthalate;DIISODECYL_PHTHALATE;diisodecylphthalate",,,,,,,,,,,,,,,,,,,,,,,,,,,,,,,,,,,,,,,,,,,,,,,,,,,,,,,,,,,,,,,,,,,,,,,,,,,,,,,,,,,,,,,,,,,,,,,,,,,,,,,,,,,,,,,,,,,,,,,,,,,,,,,,Ecotoxicological Information#Aquatic Toxicity,ECOTOX,,"Ph.D.Thesis, Rutgers, The State University of New Jersey, New Brunswick, NJ:137 p.",True,≤,Equal,,,,,,Oryzias latipes,Reproductive Effects of Phthalate Esters in Japanese Medaka (Oryzias latipes),No effect,"Patyna,P.J.",Mortality,2238600,2511945,Formulation,Fresh water,Mortality,,Multiple types of controls were reported by the author,01/29/2020,A,Static,01/29/2020,,Lab,03/12/2020,Laboratory,,1999,,,3 REPLICATES,"REARING SOLUTION CONSISTING OF 1.0 G NACL, 0.04 G CACL2, 0.03 G KCL, 0.16 G MGSO4 IN DEIONIZED WATER",Unmeasured,Diisodecyl phthalate,,"CONTR/C,V/",POST-EXPOSURE MEASUREMENTS,"ESTABLISHED BREEDING COLONY, ORIGINALLY SUPPLIED FROM CAROLINA BIOLOGICAL SUPPLY, BURLINGTON, NC","SOURCE/ESTABLISHED BREEDING COLONY, ORIGINALLY SUPPLIED FROM CAROLINA BIOLOGICAL SUPPLY, BURLINGTON, NC//STIME/MEDAKA HATCH AT ~ 14 DAYS PLUS 3 DAYS POST HATCH//ORG LIFESTAGE/EARLY//CONTR/C,V//MEDIA/REARING SOLUTION CONSISTING OF 1.0 G NACL, 0.04 G CACL2, 0.03 G KCL, 0.16 G MGSO4 IN DEIONIZED WATER//",,Animalia (animals),Bilateria,Chordata (chordates),Vertebrata (vertebrates),Teleostei,,Beloniformes (needlefishes),Adrianichthyoidei,,"Adrianichthyidae (adrianichthyids,ricefishes)",Oryzias,Deuterostomia,,,,,,,,,,,,,,,,,,,,,,,,,,,,17,ca.,d,Time,1,Dosed x time(s) per study period,Unknown,,,,,,,,,,,10,d,Time,25,°C,Temperature,,,,,,,,,,,,"Actinopterygii (ray-finned fishes,spiny rayed fishes)",Acanthopterygii,,Gnathostomata,,,,,,,,,,,,,,,,,,,,,,,,,,,,,,,,,,,,Blastula,EARLY,,Oryziinae,,,,,,,,,,,,,,,MEDAKA HATCH AT ~ 14 DAYS PLUS 3 DAYS POST HATCH,,,,,,,,,,,,,,,,,,,,,,,,,,,,,,,,,,,,,,,,,,,,,,,,,,17,≤,d,Time,,,,223.5,≤,mg/L,Mass concentration,,,223.5,≤,mg/L,Mass concentration,,
26761-40-0,"1,2-Benzenedicarboxylic acid diisodecyl ester;1,2-Benzenedicarboxylic acid, 1,2-diisodecyl ester;1,2-Benzenedicarboxylic acid, diisodecyl ester;1,2-Benzenedicarboxylic_acid_diisodecyl_ester;1,2-benzenedicarboxylic_acid,_diisodecyl_ester;bis(8-methylnonyl) benzene-1,2-dicarboxylate;di-''isodecyl'' phthalate;Di-isodecylphthalate;Diisodecyl phthalate;DIISODECYL_PHTHALATE;diisodecylphthalate",,,,,,,,,,,,,,,,,,,,,,,,,,,,,,,,,,,,,,,,,,,,,,,,,,,,,,,,,,,,,,,,,,,,,,,,,,,,,,,,,,,,,,,,,,,,,,,,,,,,,,,,,,,,,,,,,,,,,,,,,,,,,,,,Ecotoxicological Information#Aquatic Toxicity,ECOTOX,,Environ. Toxicol. Chem.20(8): 1805-1815,True,No qualifier,Equal,,,,,,Chironomus tentans,An Assessment of the Toxicity of Phthalate Esters to Freshwater Benthos. 2. Sediment Exposures,Decreasing,"Call,D.J., D.A. Cox, D.L. Geiger, K.I. Genisot, T.P. Markee, L.T. Brooke, C.N. Polkinghorne, F.A. VandeVenter, J.W. Gor",Mortality,2233073,2495289,Active ingredient,Fresh water,Survival,,Concurrent control,11/13/2019,A,Leaching,11/19/2019,,Lab,12/12/2019,Laboratory,,2001,,,FIVE REPLICATES,,Measured,"Diisodecyl phthalate, ACETONE SOLVENT ADDED TO SEDIMENT EXPOSURE, EVAPORATED",,,SEDIMENT LC50 VALUES REPORTED,,MEDIA/NR//,,Animalia (animals),Bilateria,Arthropoda (arthropods),Hexapoda (hexapods),Insecta (insects),Pterygota (winged insects),"Diptera (gnats,mosquitoes,true flies)",Nematocera (long-horned flies),Culicomorpha,Chironomidae (midges),Chironomus,Protostomia,Ecdysozoa,,,,,,2,None,99.7,,None,,,Instar,Unknown,2,3,,,,,,,,,,,10,,d,Time,,Daily; dosing regime not specified,Unknown,4,8,,,,,,,,,10,d,Time,23,°C,Temperature,,,,,,,,,,,,,Holometabola,,,,,,,,,,,,,,,,,,,,,,,,,,,"PORE WATER FROM SPIKED SEDIMENT, ONLY CONC TESTED",,,"CONC1/PORE WATER FROM SPIKED SEDIMENT, ONLY CONC TESTED//",,,,,,,,,,,Chironominae,Chironomini,,,,,,,,Organic carbon,"Neoptera (modern, wing-folding insects)",percent,Unknown,2.45,14.1,,,,,,,,,,,,,,,,,,,,,,,,,,,,,,,,,,,,,,,,,,,,,,,,,,,10,,d,Time,,,,1.1799999475479126,,mg/L,Mass concentration,0.765999972820282,1.7999999523162842,1.1799999475479126,,mg/L,Mass concentration,0.765999972820282,1.7999999523162842
26761-40-0,"1,2-Benzenedicarboxylic acid diisodecyl ester;1,2-Benzenedicarboxylic acid, 1,2-diisodecyl ester;1,2-Benzenedicarboxylic acid, diisodecyl ester;1,2-Benzenedicarboxylic_acid_diisodecyl_ester;1,2-benzenedicarboxylic_acid,_diisodecyl_ester;bis(8-methylnonyl) benzene-1,2-dicarboxylate;di-''isodecyl'' phthalate;Di-isodecylphthalate;Diisodecyl phthalate;DIISODECYL_PHTHALATE;diisodecylphthalate",,,,,,,,,,,,,,,,,,,,,,,,,,,,,,,,,,,,,,,,,,,,,,,,,,,,,,,,,,,,,,,,,,,,,,,,,,,,,,,,,,,,,,,,,,,,,,,,,,,,,,,,,,,,,,,,,,,,,,,,,,,,,,,,Ecotoxicological Information#Aquatic Toxicity,ECOTOX,,Environ. Toxicol. Chem.20(8): 1805-1815,True,No qualifier,Equal,,,,,,Hyalella azteca,An Assessment of the Toxicity of Phthalate Esters to Freshwater Benthos. 2. Sediment Exposures,Decreasing,"Call,D.J., D.A. Cox, D.L. Geiger, K.I. Genisot, T.P. Markee, L.T. Brooke, C.N. Polkinghorne, F.A. VandeVenter, J.W. Gor",Mortality,2233072,2495287,Active ingredient,Fresh water,Survival,,Concurrent control,11/13/2019,A,Leaching,11/19/2019,,Lab,12/12/2019,Laboratory,,2001,,,FIVE REPLICATES,,Measured,"Diisodecyl phthalate, ACETONE SOLVENT ADDED TO SEDIMENT EXPOSURE, EVAPORATED",,,SEDIMENT LC50 VALUES REPORTED,,MEDIA/NR//,,Animalia (animals),Bilateria,Arthropoda (arthropods),Crustacea (crustaceans),Malacostraca,Eumalacostraca,Amphipoda (amphipods),Gammaridea (gammarid amphipods),,Hyalellidae,Hyalella,Protostomia,Ecdysozoa,,,,,,2,None,99.7,,None,,,d,Time,7,14,,,,,,,,,,,10,,d,Time,,Daily; dosing regime not specified,Unknown,4,8,,,,,,,,,10,d,Time,23,°C,Temperature,,,,,,,,,,,,,Peracarida,,,,,,,,,,,,,,,,,,,,,,,,,,,"PORE WATER FROM SPIKED SEDIMENT, ONLY CONC TESTED",,,"CONC1/PORE WATER FROM SPIKED SEDIMENT, ONLY CONC TESTED//",,,,,,,,,,,,,,,,,,,,Organic carbon,,percent,Unknown,2.45,14.1,,,,,,,,,,,,,,,,,,,,,,,,,,,,,,,,,,,,,,,,,,,,,,,,,,,10,,d,Time,,,,0.9309999942779541,,mg/L,Mass concentration,0.37599998712539673,2,0.9309999942779541,,mg/L,Mass concentration,0.37599998712539673,2
26761-40-0,"1,2-Benzenedicarboxylic acid diisodecyl ester;1,2-Benzenedicarboxylic acid, 1,2-diisodecyl ester;1,2-Benzenedicarboxylic acid, diisodecyl ester;1,2-Benzenedicarboxylic_acid_diisodecyl_ester;1,2-benzenedicarboxylic_acid,_diisodecyl_ester;bis(8-methylnonyl) benzene-1,2-dicarboxylate;di-''isodecyl'' phthalate;Di-isodecylphthalate;Diisodecyl phthalate;DIISODECYL_PHTHALATE;diisodecylphthalate",,,,,,,,,,,,,,,,,,,,,,,,,,,,,,,,,,,,,,,,,,,,,,,,,,,,,,,,,,,,,,,,,,,,,,,,,,,,,,,,,,,,,,,,,,,,,,,,,,,,,,,,,,,,,,,,,,,,,,,,,,,,,,,,Ecotoxicological Information#Aquatic Toxicity,ECOTOX,,Chemosphere11(4): 417-426,True,Data in range,Equal,,,,,,Daphnia magna,Phthalates and the Aquatic Environment: Part I The Effect of Di-2-Ethylhexyl Phthalate (DEHP) and Di-Isodecyl Phthalate (DIDP) on the Reproduction of Daphnia magna and Observations on Their Bioconcentration,Change,"Brown,D., and R.S. Thompson",Mortality,2241426,2522764,Active ingredient,Fresh water,Survival,Organization for Economic Cooperation and Development,Multiple types of controls were reported by the author,03/18/2020,A,Renewal,03/23/2020,,Lab,06/11/2020,Laboratory,Carbon,1982,Prepared in lab,,"4 CONTROL AND 2 DOSED REPLICATES AND SOLVENT CONTROL, FED DAILY","US EPA, 1975 HARD WATER FORMULATION",Measured,Di-isodecyl phthalate,"202, 1981","CONTR/C,V/","MEAN BCFS REPORTED, SOLUBILITY AND STABILITY STUDIES",CONTINUOUS LAB CULTURE,"SOURCE/CONTINUOUS LAB CULTURE//AP FREQ/M-W-F//CONTR/C,V//TMETH/202, 1981//MEDIA/US EPA, 1975 HARD WATER FORMULATION//",M-W-F,Animalia (animals),Bilateria,Arthropoda (arthropods),Crustacea (crustaceans),Branchiopoda (branchiopods),Phyllopoda,Diplostraca,Cladocera (water fleas),Anomopoda,Daphniidae,Daphnia,Protostomia,Ecdysozoa,,,None,8.35,8.4,6,None,98,,None,24,<,h,Time,,,,,,,,180,grams per liter Calcium carbonate,Unknown,,,21,,d,Time,3,X times per week,Unknown,,,,,mg/L,Mass concentration,8.4,,8.8,,21,d,Time,20,°C,Temperature,,,,,,,,,,,,,,,,,,,,,,,,,,,,,,,,,,,,,,,,,,,,,,,,,,,,,,,,,,,,,,,,,,,,,,,,,,,,,,,,None,90,100,,,,,,,,,,,,,,,,,,,,,,,,,,,,,,,,,,,,,21,,d,Time,,,,,,mg/L,Mass concentration,0.002369999885559082,0.115,,,µg/L,Mass concentration,2.369999885559082,115
26761-40-0,"1,2-Benzenedicarboxylic acid diisodecyl ester;1,2-Benzenedicarboxylic acid, 1,2-diisodecyl ester;1,2-Benzenedicarboxylic acid, diisodecyl ester;1,2-Benzenedicarboxylic_acid_diisodecyl_ester;1,2-benzenedicarboxylic_acid,_diisodecyl_ester;bis(8-methylnonyl) benzene-1,2-dicarboxylate;di-''isodecyl'' phthalate;Di-isodecylphthalate;Diisodecyl phthalate;DIISODECYL_PHTHALATE;diisodecylphthalate",,,,,,,,,,,,,,,,,,,,,,,,,,,,,,,,,,,,,,,,,,,,,,,,,,,,,,,,,,,,,,,,,,,,,,,,,,,,,,,,,,,,,,,,,,,,,,,,,,,,,,,,,,,,,,,,,,,,,,,,,,,,,,,,Ecotoxicological Information#Aquatic Toxicity,ECOTOX,,Chemosphere36(6): 1367-1379,True,No qualifier,Equal,,,,,,Daphnia magna,The Effect of Phthalate Ester Plasticisers Tested as Surfactant Stabilised Dispersions on the Reproduction of the Daphnia magna,Increasing,"Brown,D., C.P. Croudace, N.J. Williams, J.M. Shearing, and P.A. Johnson",Mortality,1207788,180173,Active ingredient,Fresh water,Mortality,,Multiple types of controls were reported by the author,01/06/2000,A,Renewal,11/05/2012,,Lab,12/14/2012,,,1998,Pure,,,,Unmeasured,"JAYFLEX DIDP, MARLOWET R40 USED AS A SOLVENT",,,Marlowet R40 also tested,,,,Animalia (animals),Bilateria,Arthropoda (arthropods),Crustacea (crustaceans),Branchiopoda (branchiopods),Phyllopoda,Diplostraca,Cladocera (water fleas),Anomopoda,Daphniidae,Daphnia,Protostomia,Ecdysozoa,8,ca.,None,,,,,99.5,>,None,24,<,h,Time,,,,,,,,,,,,,,,,,,,,,,,,mg/L,Mass concentration,8,ca.,9,ca.,,,,20,°C,Temperature,,,,,,,,,,,,,,,,,,,,,,,,,,,,,,,,,,,,,,,,,,,"CARRIER/MARLOWET R40, 10 MG/L/",PARENT/,,,,,,,,,,,,,,,,,,,,,,,,,,,,,,,,,,10,,None,,,,,,,,,,,,,,,,,,,,,,,,,,,,,,,,,,,,,,,21,,d,Time,,,,1,,mg/L,Mass concentration,,,1000,,µg/L,Mass concentration,,
26761-40-0,"1,2-Benzenedicarboxylic acid diisodecyl ester;1,2-Benzenedicarboxylic acid, 1,2-diisodecyl ester;1,2-Benzenedicarboxylic acid, diisodecyl ester;1,2-Benzenedicarboxylic_acid_diisodecyl_ester;1,2-benzenedicarboxylic_acid,_diisodecyl_ester;bis(8-methylnonyl) benzene-1,2-dicarboxylate;di-''isodecyl'' phthalate;Di-isodecylphthalate;Diisodecyl phthalate;DIISODECYL_PHTHALATE;diisodecylphthalate",,,,,,,,,,,,,,,,,,,,,,,,,,,,,,,,,,,,,,,,,,,,,,,,,,,,,,,,,,,,,,,,,,,,,,,,,,,,,,,,,,,,,,,,,,,,,,,,,,,,,,,,,,,,,,,,,,,,,,,,,,,,,,,,Ecotoxicological Information#Aquatic Toxicity,ECOTOX,,Environ. Res.172:319-325,True,Data in range,Equal,,,,,,Danio rerio,Comparative Analysis of Endocrine Disrupting Effects of Major Phthalates in Employed Two Cell Lines (MVLN and H295R) and Embryonic Zebrafish Assay,Change,"Lee,H., J. Lee, K. Choi, and K.T. Kim",Mortality,2233334,2496326,Formulation,Culture,Survival,,Carrier or solvent,11/18/2019,A,Static,11/18/2019,,Lab,12/12/2019,Laboratory,,2019,,,3 REPLICATES,"EMBRYO MEDIUM COMPOSED OF 15MM NACL, 0.5MM KCL, 1MM CACL2, 1MM MGSO4, 0.05MM NA2HPO4, AND 0.7MM NAHCO3, 0.15MM KH2PO4",Unmeasured,Diisodecyl phthalate,,,HUMAN IN VITRO TESTS,"FROM PROFESSOR ROBERT L. TANGUAY, OREGON STATE UNIVERSITY","SOURCE/FROM PROFESSOR ROBERT L. TANGUAY, OREGON STATE UNIVERSITY//MEDIA/EMBRYO MEDIUM COMPOSED OF 15MM NACL, 0.5MM KCL, 1MM CACL2, 1MM MGSO4, 0.05MM NA2HPO4, AND 0.7MM NAHCO3, 0.15MM KH2PO4//",,Animalia (animals),Bilateria,Chordata (chordates),Vertebrata (vertebrates),Teleostei,,"Cypriniformes (minnows,suckers)",,,"Cyprinidae (carps,minnows,carps and minnows)",Danio,Deuterostomia,,,,,,,6,None,,,,6,,h,Time,,,,,,,,,,,,,162,,h,Time,1,Dosed x time(s) per study period,Unknown,,,,,,,,,,,162,h,Time,28.5,°C,Temperature,,,,,,,,,,,,"Actinopterygii (ray-finned fishes,spiny rayed fishes)",Ostariophysi,Cyprinoidea,Gnathostomata,,,,,,,,,,,,,,,,,"CHORION REMOVED, STRAIN 5D",,,,,,,,,,,,,,,,,,,Embryo,,,,,,,,,,,,,,,,,,,,,,,,,,,,,,,,,,,,,,,,,,,,,,,,,,,,,,,,,,,,,,,,,,,,162,,h,Time,,,,,,mg/L,Mass concentration,0.009999999776482582,100,,,mg/L,Mass concentration,0.009999999776482582,100
26761-40-0,"1,2-Benzenedicarboxylic acid diisodecyl ester;1,2-Benzenedicarboxylic acid, 1,2-diisodecyl ester;1,2-Benzenedicarboxylic acid, diisodecyl ester;1,2-Benzenedicarboxylic_acid_diisodecyl_ester;1,2-benzenedicarboxylic_acid,_diisodecyl_ester;bis(8-methylnonyl) benzene-1,2-dicarboxylate;di-''isodecyl'' phthalate;Di-isodecylphthalate;Diisodecyl phthalate;DIISODECYL_PHTHALATE;diisodecylphthalate",,,,,,,,,,,,,,,,,,,,,,,,,,,,,,,,,,,,,,,,,,,,,,,,,,,,,,,,,,,,,,,,,,,,,,,,,,,,,,,,,,,,,,,,,,,,,,,,,,,,,,,,,,,,,,,,,,,,,,,,,,,,,,,,Ecotoxicological Information#Aquatic Toxicity,ECOTOX,,Int. J. Environ. Res. Public Health11(3): 3156-3168,True,Data in range,Equal,,,,,,Danio rerio,Toxicity and Estrogenic Endocrine Disrupting Activity of Phthalates and Their Mixtures,Change,"Chen,X., S. Xu, T. Tan, S.T. Lee, S.H. Cheng, F.W.F. Lee, S.J.L. Xu, and K.C. Ho",Mortality,2234204,2499335,Formulation,Fresh water,Mortality,,Multiple types of controls were reported by the author,11/27/2019,A,Static,01/17/2020,,Lab,03/12/2020,Laboratory,,2014,,,,,Unmeasured,Diisodecyl phthalate,,"CONTR/C,V/","MIXTURE, TOXICITY SYMPTOMS","PURCHASED FROM THE ZEBRAFISH INTERNATIONAL RESOURCE CENTER (ZIRC) AT THE UNIVERSITY OF OREGON, EUGENE, OR","SOURCE/PURCHASED FROM THE ZEBRAFISH INTERNATIONAL RESOURCE CENTER (ZIRC) AT THE UNIVERSITY OF OREGON, EUGENE, OR//CONTR/C,V//MEDIA/NR//",,Animalia (animals),Bilateria,Chordata (chordates),Vertebrata (vertebrates),Teleostei,,"Cypriniformes (minnows,suckers)",,,"Cyprinidae (carps,minnows,carps and minnows)",Danio,Deuterostomia,,,,,,,11,None,,,,,,Cell stage,Unknown,4,128,,,,,,,,,,,72,,h,Time,1,Dosed x time(s) per study period,Unknown,,,,,,,,,,,72,h,Time,,,,,,,,,,,,,,,"Actinopterygii (ray-finned fishes,spiny rayed fishes)",Ostariophysi,Cyprinoidea,Gnathostomata,,,,,,,,,,,,,,,,,AB STRAIN,,,,,,,,,,,,,,,,,,,Embryo,,,,,,,,,,,,,,,,,,,Acute,,,,,,,,50,<,None,,,,,,,,,,,,,,,,,,,,,,,,,,,,,,,,,,,,,,,72,,h,Time,,,,,,ppm,Ratio,0.009999999776482582,500,,,ppm,Ratio,0.009999999776482582,500
26761-40-0,"1,2-Benzenedicarboxylic acid diisodecyl ester;1,2-Benzenedicarboxylic acid, 1,2-diisodecyl ester;1,2-Benzenedicarboxylic acid, diisodecyl ester;1,2-Benzenedicarboxylic_acid_diisodecyl_ester;1,2-benzenedicarboxylic_acid,_diisodecyl_ester;bis(8-methylnonyl) benzene-1,2-dicarboxylate;di-''isodecyl'' phthalate;Di-isodecylphthalate;Diisodecyl phthalate;DIISODECYL_PHTHALATE;diisodecylphthalate",,,,,,,,,,,,,,,,,,,,,,,,,,,,,,,,,,,,,,,,,,,,,,,,,,,,,,,,,,,,,,,,,,,,,,,,,,,,,,,,,,,,,,,,,,,,,,,,,,,,,,,,,,,,,,,,,,,,,,,,,,,,,,,,Ecotoxicological Information#Aquatic Toxicity,ECOTOX,NOEC,EPA/OTS 40-8426082:52 p.,True,No qualifier,Equal,,,,,,Daphnia magna,Acute Toxicity of Fourteen Phthalate Esters to Daphnia magna,Increasing,Chemical Manufacturers Association,Multiple,2233733,2497794,Active ingredient,Fresh water,Multiple effects reported as one result,United States Environmental Protection Agency,Concurrent control,11/20/2019,A,Static,11/22/2019,,Lab,12/12/2019,Laboratory,,1984,,Publication reported endpoint,3 REPLICATES; REPEAT TEST,FORTIFIED WELL WATER,Measured,Diisodecyl phthalate,1975,,,EG&G BIONOMICS,SOURCE/EG&G BIONOMICS//TMETH/1975//MEDIA/FORTIFIED WELL WATER//,,Animalia (animals),Bilateria,Arthropoda (arthropods),Crustacea (crustaceans),Branchiopoda (branchiopods),Phyllopoda,Diplostraca,Cladocera (water fleas),Anomopoda,Daphniidae,Daphnia,Protostomia,Ecdysozoa,,,None,8,8.2,2,None,,,,24,<,h,Time,,,,,,,,,milligrams per liter Calcium carbonate,Unknown,150,180,48,,h,Time,1,Dosed x time(s) per study period,Unknown,,,8.4,,mg/L,Mass concentration,,,,,48,h,Time,20,°C,Temperature,,,,,,,,,,,,,,,,,,,,,,,,,,,,,,,,,,,,,,,,ONLY CONC TESTED,No significance,,CONC1/ONLY CONC TESTED//,"IMBL, MORT",,,,,,,,,,,,,,millimhos per centimeter,Unknown,400,600,,,,,,,,,Acute,,,,milligrams per liter Calcium carbonate,Unknown,100,130,,,,,,,,,,,,,,,,,,,,,,,,,,,,,,,,,,,,,,,,,,48,,h,Time,,,,0.026000000536441803,,mg/L,Mass concentration,,,0.026000000536441803,,mg/L,Mass concentration,,
26761-40-0,"1,2-Benzenedicarboxylic acid diisodecyl ester;1,2-Benzenedicarboxylic acid, 1,2-diisodecyl ester;1,2-Benzenedicarboxylic acid, diisodecyl ester;1,2-Benzenedicarboxylic_acid_diisodecyl_ester;1,2-benzenedicarboxylic_acid,_diisodecyl_ester;bis(8-methylnonyl) benzene-1,2-dicarboxylate;di-''isodecyl'' phthalate;Di-isodecylphthalate;Diisodecyl phthalate;DIISODECYL_PHTHALATE;diisodecylphthalate",,,,,,,,,,,,,,,,,,,,,,,,,,,,,,,,,,,,,,,,,,,,,,,,,,,,,,,,,,,,,,,,,,,,,,,,,,,,,,,,,,,,,,,,,,,,,,,,,,,,,,,,,,,,,,,,,,,,,,,,,,,,,,,,Ecotoxicological Information#Aquatic Toxicity,ECOTOX,NOEC,EPA/OTS 40-8426082:52 p.,True,<,Equal,,,,,,Daphnia magna,Acute Toxicity of Fourteen Phthalate Esters to Daphnia magna,Increasing,Chemical Manufacturers Association,Multiple,2233732,2497793,Active ingredient,Fresh water,Multiple effects reported as one result,United States Environmental Protection Agency,Concurrent control,11/20/2019,A,Static,11/22/2019,,Lab,12/12/2019,Laboratory,,1984,,Publication reported endpoint,3 REPLICATES; INITIAL TEST,FORTIFIED WELL WATER,Measured,Diisodecyl phthalate,1975,,,EG&G BIONOMICS,SOURCE/EG&G BIONOMICS//TMETH/1975//MEDIA/FORTIFIED WELL WATER//,,Animalia (animals),Bilateria,Arthropoda (arthropods),Crustacea (crustaceans),Branchiopoda (branchiopods),Phyllopoda,Diplostraca,Cladocera (water fleas),Anomopoda,Daphniidae,Daphnia,Protostomia,Ecdysozoa,8.4,,None,,,6,None,,,,24,<,h,Time,,,,,,,,,milligrams per liter Calcium carbonate,Unknown,150,180,48,,h,Time,1,Dosed x time(s) per study period,Unknown,,,,,mg/L,Mass concentration,8,,8.6,,48,h,Time,,°C,Temperature,22,23,,,,,,,,,,,,,,,,,,,,,,,,,,,,,,,,,,,,,,,No significance,,,"IMBL, MORT",,,,,,,,,,,,,,millimhos per centimeter,Unknown,400,600,,,,,,,,,Acute,,,,milligrams per liter Calcium carbonate,Unknown,100,130,,,,,,,,,,,,,,,,,,,,,,,,,,,,,,,,,,,,,,,,,,48,,h,Time,,,,0.11999999731779099,<,mg/L,Mass concentration,,,0.11999999731779099,<,mg/L,Mass concentration,,
26761-40-0,"1,2-Benzenedicarboxylic acid diisodecyl ester;1,2-Benzenedicarboxylic acid, 1,2-diisodecyl ester;1,2-Benzenedicarboxylic acid, diisodecyl ester;1,2-Benzenedicarboxylic_acid_diisodecyl_ester;1,2-benzenedicarboxylic_acid,_diisodecyl_ester;bis(8-methylnonyl) benzene-1,2-dicarboxylate;di-''isodecyl'' phthalate;Di-isodecylphthalate;Diisodecyl phthalate;DIISODECYL_PHTHALATE;diisodecylphthalate",,,,,,,,,,,,,,,,,,,,,,,,,,,,,,,,,,,,,,,,,,,,,,,,,,,,,,,,,,,,,,,,,,,,,,,,,,,,,,,,,,,,,,,,,,,,,,,,,,,,,,,,,,,,,,,,,,,,,,,,,,,,,,,,Ecotoxicological Information#Aquatic Toxicity,ECOTOX,,Environ. Res.172:319-325,True,Data in range,Equal,,,,,,Danio rerio,Comparative Analysis of Endocrine Disrupting Effects of Major Phthalates in Employed Two Cell Lines (MVLN and H295R) and Embryonic Zebrafish Assay,Decreasing,"Lee,H., J. Lee, K. Choi, and K.T. Kim",Physiology,2233334,2496327,Formulation,Culture,Heart rate,,Carrier or solvent,11/18/2019,A,Static,11/18/2019,,Lab,12/12/2019,Laboratory,,2019,,,3 REPLICATES,"EMBRYO MEDIUM COMPOSED OF 15MM NACL, 0.5MM KCL, 1MM CACL2, 1MM MGSO4, 0.05MM NA2HPO4, AND 0.7MM NAHCO3, 0.15MM KH2PO4",Unmeasured,Diisodecyl phthalate,,,HUMAN IN VITRO TESTS,"FROM PROFESSOR ROBERT L. TANGUAY, OREGON STATE UNIVERSITY","SOURCE/FROM PROFESSOR ROBERT L. TANGUAY, OREGON STATE UNIVERSITY//MEDIA/EMBRYO MEDIUM COMPOSED OF 15MM NACL, 0.5MM KCL, 1MM CACL2, 1MM MGSO4, 0.05MM NA2HPO4, AND 0.7MM NAHCO3, 0.15MM KH2PO4//",,Animalia (animals),Bilateria,Chordata (chordates),Vertebrata (vertebrates),Teleostei,,"Cypriniformes (minnows,suckers)",,,"Cyprinidae (carps,minnows,carps and minnows)",Danio,Deuterostomia,,,,,,,6,None,,,,6,,h,Time,,,,,,,,,,,,,162,,h,Time,1,Dosed x time(s) per study period,Unknown,,,,,,,,,,,162,h,Time,28.5,°C,Temperature,,,,,,,,,,,,"Actinopterygii (ray-finned fishes,spiny rayed fishes)",Ostariophysi,Cyprinoidea,Gnathostomata,,,,,,,,,,,,,,,,,"CHORION REMOVED, STRAIN 5D",,,,,,,,,Multiple significance,P,,,,,,0.05,<,None,Embryo,,,,,,,,,,,,,,,,,,,,,,,,,,,,,,,,,,,,,,,,,,,,,,,,,,,,,,,,,,,,,,,,,,,,162,,h,Time,,,,,,mg/L,Mass concentration,0.009999999776482582,100,,,mg/L,Mass concentration,0.009999999776482582,100
26761-40-0,"1,2-Benzenedicarboxylic acid diisodecyl ester;1,2-Benzenedicarboxylic acid, 1,2-diisodecyl ester;1,2-Benzenedicarboxylic acid, diisodecyl ester;1,2-Benzenedicarboxylic_acid_diisodecyl_ester;1,2-benzenedicarboxylic_acid,_diisodecyl_ester;bis(8-methylnonyl) benzene-1,2-dicarboxylate;di-''isodecyl'' phthalate;Di-isodecylphthalate;Diisodecyl phthalate;DIISODECYL_PHTHALATE;diisodecylphthalate",,,,,,,,,,,,,,,,,,,,,,,,,,,,,,,,,,,,,,,,,,,,,,,,,,,,,,,,,,,,,,,,,,,,,,,,,,,,,,,,,,,,,,,,,,,,,,,,,,,,,,,,,,,,,,,,,,,,,,,,,,,,,,,,Ecotoxicological Information#Aquatic Toxicity,ECOTOX,EC50,"Rep.No.BP-84-1-4, Springborn Bionomics Inc., Pensacola, FL:53 p.",True,>,Equal,,,,,,Selenastrum capricornutum,Toxicity of Fourteen Phthalate Esters to the Freshwater Green Alga Selenastrum capricornutum,Decreasing,Springborn Bionomics Inc.,Population,2233970,2498632,Active ingredient,Culture,Chlorophyll,Other Method,Concurrent control,11/22/2019,A,Static,11/25/2019,,Lab,12/12/2019,Laboratory,,1984,Liquid,Publication reported endpoint,,SYNTHETIC ALGAL ASSAY PROCEDURE GROWTH MEDIUM,Measured,Diisodecyl phthalate,TEST PROTOCOL FOR ALGAE (EEG-CMA-002) EG & G BIONOMICS PROTOCOL,,,"FROM UNIVERSITY OF TEXAS AT AUSTIN, MAINTAINED AT SPRINGBORN BIONOMIC, INC","SOURCE/FROM UNIVERSITY OF TEXAS AT AUSTIN, MAINTAINED AT SPRINGBORN BIONOMIC, INC//TMETH/TEST PROTOCOL FOR ALGAE (EEG-CMA-002) EG & G BIONOMICS PROTOCOL//MEDIA/SYNTHETIC ALGAL ASSAY PROCEDURE GROWTH MEDIUM//",,Plantae (plants),Viridiplantae (green plants),,,Chlorophyceae,,Sphaeropleales,,,Selenastraceae,Selenastrum,Chlorophyta (green algae),,,,None,7.5,8.6,2,None,,,,,,,,,,,,,,,,,,,,8,,d,Time,1,Dosed x time(s) per study period,Unknown,,,,,,,,,,,8,d,Time,22,°C,Temperature,,,,,,,,,,,,,,,,,,,,,,,,,,,,,,,,,,,,,,,,ONLY CONC TESTED,,,CONC1/ONLY CONC TESTED//,,,,,,,,,,,,,,,,,,,,,,,,,,,Acute,,,,,,,,,,,,,,,,,,,,,,,,Chlorophyta (green algae),Chlorophytina,,,,,,,,,,,,,,,,,,,,,,,,8,,d,Time,,,,1.2999999523162842,>,mg/L,Mass concentration,,,1.2999999523162842,>,mg/L,Mass concentration,,
26761-40-0,"1,2-Benzenedicarboxylic acid diisodecyl ester;1,2-Benzenedicarboxylic acid, 1,2-diisodecyl ester;1,2-Benzenedicarboxylic acid, diisodecyl ester;1,2-Benzenedicarboxylic_acid_diisodecyl_ester;1,2-benzenedicarboxylic_acid,_diisodecyl_ester;bis(8-methylnonyl) benzene-1,2-dicarboxylate;di-''isodecyl'' phthalate;Di-isodecylphthalate;Diisodecyl phthalate;DIISODECYL_PHTHALATE;diisodecylphthalate",,,,,,,,,,,,,,,,,,,,,,,,,,,,,,,,,,,,,,,,,,,,,,,,,,,,,,,,,,,,,,,,,,,,,,,,,,,,,,,,,,,,,,,,,,,,,,,,,,,,,,,,,,,,,,,,,,,,,,,,,,,,,,,,Ecotoxicological Information#Aquatic Toxicity,ECOTOX,EC50,Environ. Toxicol. Chem.14(9): 1569-1574,True,>,Equal,,,,,,Raphidocelis subcapitata,A Summary of the Acute Toxicity of 14 Phthalate Esters to Representative Aquatic Organisms,Decreasing,"Adams,W.J., G.R. Biddinger, K.A. Robillard, and J.W. Gorsuch",Population,1168552,142432,Active ingredient,Fresh water,Abundance,,Concurrent control,11/06/1996,A,Static,11/13/1996,,Lab,,,,1995,Pure,,,,Unmeasured,DIDP,,,,,,,,,,,,,,,,,,,,,,None,7.6,7.9,,,95,≥,None,,,Instar,Unknown,2,3,,,,,,,milligrams per liter Calcium carbonate,Unknown,25,50,,,,,1,Dosed x time(s) per study period,Unknown,,,,,,,,,,,,,,,°C,Temperature,22,24,,,,,,,,,,,,,,,,,,,,,,,,,,,,,,,,,,,,,,,,,,CELL COUNT/,,,,,,,,,,,,,,,,,,,,,,,,,,,,,,milligrams per liter Calcium carbonate,Unknown,25,50,,,,,,,,,,,,,,,,,,,,,,,,,,,,,,,,,,,,,,,,,,96,,h,Time,,,,0.8,>,mg/L,Mass concentration,,,800,>,µg/L,Mass concentration,,
26761-40-0,"1,2-Benzenedicarboxylic acid diisodecyl ester;1,2-Benzenedicarboxylic acid, 1,2-diisodecyl ester;1,2-Benzenedicarboxylic acid, diisodecyl ester;1,2-Benzenedicarboxylic_acid_diisodecyl_ester;1,2-benzenedicarboxylic_acid,_diisodecyl_ester;bis(8-methylnonyl) benzene-1,2-dicarboxylate;di-''isodecyl'' phthalate;Di-isodecylphthalate;Diisodecyl phthalate;DIISODECYL_PHTHALATE;diisodecylphthalate",,,,,,,,,,,,,,,,,,,,,,,,,,,,,,,,,,,,,,,,,,,,,,,,,,,,,,,,,,,,,,,,,,,,,,,,,,,,,,,,,,,,,,,,,,,,,,,,,,,,,,,,,,,,,,,,,,,,,,,,,,,,,,,,Ecotoxicological Information#Aquatic Toxicity,ECOTOX,,Chemosphere155:498-508,True,Data in range,Equal,,,,,,Karenia brevis,Inhibitory Mechanism of Phthalate Esters on Karenia brevis,Change,"Liu,N., F. Wen, F. Li, X. Zheng, Z. Liang, and H. Zheng",Population,2233817,2498250,Active ingredient,Salt water,Abundance,,Multiple types of controls were reported by the author,11/21/2019,A,,11/23/2019,,Lab,12/12/2019,Laboratory,,2016,,,3 REPLICATES,"QINGDAO COASTAL SEA WATER, F/2 CULTURE MEDIA",Unmeasured,Diisodecyl phthalate,,"CONTR/C,V/","INHIBITION STUDY, MIXTURE","INSTITUTE OF OCEANOGRAPHY, CHINESE ACADEMY OF SCIENCES","SOURCE/INSTITUTE OF OCEANOGRAPHY, CHINESE ACADEMY OF SCIENCES//STIME/FROM GRAPH//ETIME/FROM GRAPH//CONTR/C,V//MEDIA/QINGDAO COASTAL SEA WATER, F/2 CULTURE MEDIA//",,,,,,,,,,,,,,,,,,,,11,None,99,>,None,,,,,,,,,,,,,,,,,168,,h,Time,,,,,,,,,,,,,,168,h,Time,22,°C,Temperature,,,,,,,,,,,,,,,,,,,,,,,,,,,,,,,,,,,,,,,,,,,OTIME/FROM GRAPH//,,,,,,,,Exponential growth phase (log),,,,,,,,,,,,,,,,,,FROM GRAPH,,,,,,,,,,,,,,,,,,,,,,,,,,,FROM GRAPH,,,,,,,,,,,,,,,,,,,,,,,,,h,Time,24,168,FROM GRAPH,,,mL/L,Volume concentration,1,200,,,mL/L,Volume concentration,1,200
26761-40-0,"1,2-Benzenedicarboxylic acid diisodecyl ester;1,2-Benzenedicarboxylic acid, 1,2-diisodecyl ester;1,2-Benzenedicarboxylic acid, diisodecyl ester;1,2-Benzenedicarboxylic_acid_diisodecyl_ester;1,2-benzenedicarboxylic_acid,_diisodecyl_ester;bis(8-methylnonyl) benzene-1,2-dicarboxylate;di-''isodecyl'' phthalate;Di-isodecylphthalate;Diisodecyl phthalate;DIISODECYL_PHTHALATE;diisodecylphthalate",,,,,,,,,,,,,,,,,,,,,,,,,,,,,,,,,,,,,,,,,,,,,,,,,,,,,,,,,,,,,,,,,,,,,,,,,,,,,,,,,,,,,,,,,,,,,,,,,,,,,,,,,,,,,,,,,,,,,,,,,,,,,,,,Ecotoxicological Information#Aquatic Toxicity,ECOTOX,LOEC,Environ. Toxicol. Chem.14(11): 1967-1976,True,No qualifier,Equal,,,,,,Daphnia magna,Chronic Toxicity of 14 Phthalate Esters to Daphnia magna and Rainbow Trout (Oncorhynchus mykiss),Decreasing,"Rhodes,J.E., W.J. Adams, G.R. Biddinger, K.A. Robillard, and J.W. Gorsuch",Reproduction,2235441,2503410,Active ingredient,Fresh water,Progeny counts/numbers,Other Method,Concurrent control,12/27/2019,A,Flow-through,12/31/2019,,Lab,03/12/2020,Laboratory,,1995,Liquid,Publication reported endpoint,FOUR REPLICATES. FED 2-3 TIMES DAILY,,Measured,Diisodecyl phthalate,PROCEDURES DEVELOPED AT SPRINGBORN LABORATORIES,,,SPRINGBORN LABORATORIES,SOURCE/SPRINGBORN LABORATORIES//TMETH/PROCEDURES DEVELOPED AT SPRINGBORN LABORATORIES//MEDIA/NR//,,Animalia (animals),Bilateria,Arthropoda (arthropods),Crustacea (crustaceans),Branchiopoda (branchiopods),Phyllopoda,Diplostraca,Cladocera (water fleas),Anomopoda,Daphniidae,Daphnia,Protostomia,Ecdysozoa,,,None,7.9,8.3,6,None,95,>,None,24,≤,h,Time,,,,,,,,,milligrams per liter Calcium carbonate,Unknown,150,180,21,,d,Time,,,,,,60,>,percent saturation,Unknown,,,,,21,d,Time,21,°C,Temperature,,,,,,,,,,,,,,,,,,,,,,,,,,,,,,,,,,,,,,,,,Significant,P,,,,,,0.05,,None,,,,,,86725,,micro ohms per centimeter,Unknown,400,600,,,,,,,,,Full Life Cycle,,,,milligrams per liter Calcium carbonate,Unknown,100,130,,,,,,,,,,,,,,,,,,,,,,,,,,,,,,,,,,,,,,,,,,21,,d,Time,,,,0.14000000059604645,,mg/L,Mass concentration,,,0.14000000059604645,,mg/L,Mass concentration,,
26761-40-0,"1,2-Benzenedicarboxylic acid diisodecyl ester;1,2-Benzenedicarboxylic acid, 1,2-diisodecyl ester;1,2-Benzenedicarboxylic acid, diisodecyl ester;1,2-Benzenedicarboxylic_acid_diisodecyl_ester;1,2-benzenedicarboxylic_acid,_diisodecyl_ester;bis(8-methylnonyl) benzene-1,2-dicarboxylate;di-''isodecyl'' phthalate;Di-isodecylphthalate;Diisodecyl phthalate;DIISODECYL_PHTHALATE;diisodecylphthalate",,,,,,,,,,,,,,,,,,,,,,,,,,,,,,,,,,,,,,,,,,,,,,,,,,,,,,,,,,,,,,,,,,,,,,,,,,,,,,,,,,,,,,,,,,,,,,,,,,,,,,,,,,,,,,,,,,,,,,,,,,,,,,,,Ecotoxicological Information#Aquatic Toxicity,Aquatic ECETOC,LOEC,Environ Toxicol Chem 14:1967-1976,True,No qualifier,Equal,,,,,,Daphnia magna,Chronic toxicity of 14 phthalate esters to Daphnia magna and rainbow trout (Oncorhynchus mykiss),,"Rhodes JE, Adams WJ, Biddinger GR",Reproduction,,,,,,,,,,,,,,,,,,,,,,,,,,,,,,Animalia (animals),Bilateria,Arthropoda (arthropods),Crustacea (crustaceans),Branchiopoda (branchiopods),Phyllopoda,Diplostraca,Cladocera (water fleas),Anomopoda,Daphniidae,Daphnia,Protostomia,Ecdysozoa,,,,,,,,,,,,,,,,,,,,,,,,,,,,,,,,,,,,,,,,,,,,,,,,,,,,8.1,1995,8783,,Freshwater,,,,,,,,,21,°C,Temperature,,,,,,,,,,,,,,,,,,,,,,,,,,,,,,,,,,,,,,,,,,,,,,,,,,,,,,,,,,,,,,,,,Life cycle,1,0.28,mg/L,Mass concentration,167,None,114,None,,,,,,,,,,,,,,,,,,,,,,,,,,,,504,,h,Time,,,,0.14000000059604645,,mg/L,Mass concentration,,,0.14000000059604645,,mg/L,Mass concentration,,
26761-40-0,"1,2-Benzenedicarboxylic acid diisodecyl ester;1,2-Benzenedicarboxylic acid, 1,2-diisodecyl ester;1,2-Benzenedicarboxylic acid, diisodecyl ester;1,2-Benzenedicarboxylic_acid_diisodecyl_ester;1,2-benzenedicarboxylic_acid,_diisodecyl_ester;bis(8-methylnonyl) benzene-1,2-dicarboxylate;di-''isodecyl'' phthalate;Di-isodecylphthalate;Diisodecyl phthalate;DIISODECYL_PHTHALATE;diisodecylphthalate",,,,,,,,,,,,,,,,,,,,,,,,,,,,,,,,,,,,,,,,,,,,,,,,,,,,,,,,,,,,,,,,,,,,,,,,,,,,,,,,,,,,,,,,,,,,,,,,,,,,,,,,,,,,,,,,,,,,,,,,,,,,,,,,Ecotoxicological Information#Aquatic Toxicity,ECOTOX,NOEC,Environ. Toxicol. Chem.14(11): 1967-1976,True,No qualifier,Equal,,,,,,Daphnia magna,Chronic Toxicity of 14 Phthalate Esters to Daphnia magna and Rainbow Trout (Oncorhynchus mykiss),Decreasing,"Rhodes,J.E., W.J. Adams, G.R. Biddinger, K.A. Robillard, and J.W. Gorsuch",Reproduction,2235441,2503409,Active ingredient,Fresh water,Progeny counts/numbers,Other Method,Concurrent control,12/27/2019,A,Flow-through,12/31/2019,,Lab,03/12/2020,Laboratory,,1995,Liquid,Publication reported endpoint,FOUR REPLICATES. FED 2-3 TIMES DAILY,,Measured,Diisodecyl phthalate,PROCEDURES DEVELOPED AT SPRINGBORN LABORATORIES,,,SPRINGBORN LABORATORIES,SOURCE/SPRINGBORN LABORATORIES//TMETH/PROCEDURES DEVELOPED AT SPRINGBORN LABORATORIES//MEDIA/NR//,,Animalia (animals),Bilateria,Arthropoda (arthropods),Crustacea (crustaceans),Branchiopoda (branchiopods),Phyllopoda,Diplostraca,Cladocera (water fleas),Anomopoda,Daphniidae,Daphnia,Protostomia,Ecdysozoa,,,None,7.9,8.3,6,None,95,>,None,24,≤,h,Time,,,,,,,,,milligrams per liter Calcium carbonate,Unknown,150,180,21,,d,Time,,,,,,60,>,percent saturation,Unknown,,,,,21,d,Time,21,°C,Temperature,,,,,,,,,,,,,,,,,,,,,,,,,,,,,,,,,,,,,,,,,No significance,P,,,,,,0.05,,None,,,,,,86725,,micro ohms per centimeter,Unknown,400,600,,,,,,,,,Full Life Cycle,,,,milligrams per liter Calcium carbonate,Unknown,100,130,,,,,,,,,,,,,,,,,,,,,,,,,,,,,,,,,,,,,,,,,,21,,d,Time,,,,0.05999999865889549,,mg/L,Mass concentration,,,0.05999999865889549,,mg/L,Mass concentration,,
26761-40-0,"1,2-Benzenedicarboxylic acid diisodecyl ester;1,2-Benzenedicarboxylic acid, 1,2-diisodecyl ester;1,2-Benzenedicarboxylic acid, diisodecyl ester;1,2-Benzenedicarboxylic_acid_diisodecyl_ester;1,2-benzenedicarboxylic_acid,_diisodecyl_ester;bis(8-methylnonyl) benzene-1,2-dicarboxylate;di-''isodecyl'' phthalate;Di-isodecylphthalate;Diisodecyl phthalate;DIISODECYL_PHTHALATE;diisodecylphthalate",,,,,,,,,,,,,,,,,,,,,,,,,,,,,,,,,,,,,,,,,,,,,,,,,,,,,,,,,,,,,,,,,,,,,,,,,,,,,,,,,,,,,,,,,,,,,,,,,,,,,,,,,,,,,,,,,,,,,,,,,,,,,,,,Ecotoxicological Information#Aquatic Toxicity,Aquatic ECETOC,NOEC,Environ Toxicol Chem 14:1967-1976,True,No qualifier,Equal,,,,,,Daphnia magna,Chronic toxicity of 14 phthalate esters to Daphnia magna and rainbow trout (Oncorhynchus mykiss),,"Rhodes JE, Adams WJ, Biddinger GR",Reproduction,,,,,,,,,,,,,,,,,,,,,,,,,,,,,,Animalia (animals),Bilateria,Arthropoda (arthropods),Crustacea (crustaceans),Branchiopoda (branchiopods),Phyllopoda,Diplostraca,Cladocera (water fleas),Anomopoda,Daphniidae,Daphnia,Protostomia,Ecdysozoa,,,,,,,,,,,,,,,,,,,,,,,,,,,,,,,,,,,,,,,,,,,,,,,,,,,,8.1,1995,8781,,Freshwater,,,,,,,,,21,°C,Temperature,,,,,,,,,,,,,,,,,,,,,,,,,,,,,,,,,,,,,,,,,,,,,,,,,,,,,,,,,,,,,,,,,Life cycle,1,0.28,mg/L,Mass concentration,167,None,114,None,,,,,,,,,,,,,,,,,,,,,,,,,,,,504,,h,Time,,,,0.05999999865889549,,mg/L,Mass concentration,,,0.05999999865889549,,mg/L,Mass concentration,,
26761-40-0,"1,2-Benzenedicarboxylic acid diisodecyl ester;1,2-Benzenedicarboxylic acid, 1,2-diisodecyl ester;1,2-Benzenedicarboxylic acid, diisodecyl ester;1,2-Benzenedicarboxylic_acid_diisodecyl_ester;1,2-benzenedicarboxylic_acid,_diisodecyl_ester;bis(8-methylnonyl) benzene-1,2-dicarboxylate;di-''isodecyl'' phthalate;Di-isodecylphthalate;Diisodecyl phthalate;DIISODECYL_PHTHALATE;diisodecylphthalate",,,,,,,,,,,,,,,,,,,,,,,,,,,,,,,,,,,,,,,,,,,,,,,,,,,,,,,,,,,,,,,,,,,,,,,,,,,,,,,,,,,,,,,,,,,,,,,,,,,,,,,,,,,,,,,,,,,,,,,,,,,,,,,,Ecotoxicological Information#Aquatic Toxicity,ECOTOX,,Chemosphere36(6): 1367-1379,True,No qualifier,Equal,,,,,,Daphnia magna,The Effect of Phthalate Ester Plasticisers Tested as Surfactant Stabilised Dispersions on the Reproduction of the Daphnia magna,Change,"Brown,D., C.P. Croudace, N.J. Williams, J.M. Shearing, and P.A. Johnson",Reproduction,1207790,180175,Active ingredient,Fresh water,Progeny counts/numbers,,Multiple types of controls were reported by the author,01/06/2000,A,Renewal,11/05/2012,,Lab,12/14/2012,,,1998,Pure,,,,Unmeasured,"JAYFLEX DIDP, MARLOWET R40 USED AS A SOLVENT",,,Marlowet R40 also tested,,,,Animalia (animals),Bilateria,Arthropoda (arthropods),Crustacea (crustaceans),Branchiopoda (branchiopods),Phyllopoda,Diplostraca,Cladocera (water fleas),Anomopoda,Daphniidae,Daphnia,Protostomia,Ecdysozoa,8,ca.,None,,,,,99.5,>,None,24,<,h,Time,,,,,,,,,,,,,,,,,,,,,,,,mg/L,Mass concentration,8,ca.,9,ca.,,,,20,°C,Temperature,,,,,,,,,,,,,,,,,,,,,,,,,,,,,,,,,,,,,,,,,No significance,P,"CONC/ONLY CONC TESTED//CARRIER/MARLOWET R40, 10 MG/L/","NUMBER OF OFFSPRING PER PARENT, MEAN NEONATE NUMBER/",,,,0.05,,None,,,,,,,,,,,,,,,,,,,,,,,,,,,,,,,,,,,,,,,,,,,,,,,,,,,,,,,,,,,,,,,,,,,,,21,,d,Time,,,,1,,mg/L,Mass concentration,,,1000,,µg/L,Mass concentration,,
26761-40-0,"1,2-Benzenedicarboxylic acid diisodecyl ester;1,2-Benzenedicarboxylic acid, 1,2-diisodecyl ester;1,2-Benzenedicarboxylic acid, diisodecyl ester;1,2-Benzenedicarboxylic_acid_diisodecyl_ester;1,2-benzenedicarboxylic_acid,_diisodecyl_ester;bis(8-methylnonyl) benzene-1,2-dicarboxylate;di-''isodecyl'' phthalate;Di-isodecylphthalate;Diisodecyl phthalate;DIISODECYL_PHTHALATE;diisodecylphthalate",,,,,,,,,,,,,,,,,,,,,,,,,,,,,,,,,,,,,,,,,,,,,,,,,,,,,,,,,,,,,,,,,,,,,,,,,,,,,,,,,,,,,,,,,,,,,,,,,,,,,,,,,,,,,,,,,,,,,,,,,,,,,,,,Ecotoxicological Information#Terrestrial Toxicity,ECOTOX,NR-ZERO,Teratog. Carcinog. Mutagen.7:29-48,True,No qualifier,Equal,,,,,,Mus musculus,Evaluation of 60 Chemicals in a Preliminary Developmental Toxicity Test,,"Hardin,B.D., R.L. Schuler, J.R. Burg, G.M. Booth, K.P. Hazelden, K.M. MacKenzie, V.J. Piccirillo, and K.N. Smith",Mortality,564503,1150211,Formulation,No substrate,Mortality,,Carrier or solvent,02/09/2011,T,Gavage,,,Lab,06/15/2011,,,1987,,Reviewer assigned endpoint,,,Unmeasured,Di-isodecyl phthalate,,,,,CONCTYPE/F//DOSES/9650 mg/kg/d/,,Animalia (animals),Bilateria,Chordata (chordates),Vertebrata (vertebrates),Mammalia (mammals),Theria,Rodentia (rodents),"Myomorpha (Mice,Rats,Voles,Gerbils,Hamsters,Lemmings)",,"Muridae (mice,rats,voles)","Mus (House Mice,Old World Mice)",Deuterostomia,,,,,,,2,None,,,,6,,d,Time,,,,,,,,,,,,,,,,,8,Daily for x days,Unknown,,,,,,,,,,,18,d,Time,,,,,,,,,,,,,,,Tetrapoda,,Muroidea,Gnathostomata,,,,,,,,,,,,,,,,,CD 1,,,,,,,,,,,TESTID/21//EFCT%/0//TREND/NEF//OEF/GENERATIONAL EFFECT// RVALUE/ONLY CONC TESTED/,,,,,,,,Gestation,,,"Murinae (Old World rats,Old World mice)",,,,,,,,,,Eutheria,,,,,,,,,,,,,,,,,,,,,,,,,,,,,,,,,564813,Mus (Mus),,,,,,,,,,,,,,,,,,,,,18,,d,Time,,,,9650,,mg/kg bdwt/d,Administered dose(mass),,,9650,,mg/kg bdwt/d,Administered dose(mass),,
26761-40-0,"1,2-Benzenedicarboxylic acid diisodecyl ester;1,2-Benzenedicarboxylic acid, 1,2-diisodecyl ester;1,2-Benzenedicarboxylic acid, diisodecyl ester;1,2-Benzenedicarboxylic_acid_diisodecyl_ester;1,2-benzenedicarboxylic_acid,_diisodecyl_ester;bis(8-methylnonyl) benzene-1,2-dicarboxylate;di-''isodecyl'' phthalate;Di-isodecylphthalate;Diisodecyl phthalate;DIISODECYL_PHTHALATE;diisodecylphthalate",,,,,,,,,,,,,,,,,,,,,,,,,,,,,,,,,,,,,,,,,,,,,,,,,,,,,,,,,,,,,,,,,,,,,,,,,,,,,,,,,,,,,,,,,,,,,,,,,,,,,,,,,,,,,,,,,,,,,,,,,,,,,,,,Human Health Hazards#Genetic Toxicity,Genotoxicity OASIS,Gene mutation,"Journal of Medicinal Chemistry 48 (1), pp. 312-32, 25",False,Categorical data,Equal,,,,,in Vitro,Salmonella typhimurium,,,"Kazius J, McGuire R., Bursi R",,,,,,,,,,,,,,,,,,,,,,,,,,,,,,,,,,,,,,,,,,,,,,,,,,,,,,,,,,,,,,,,,,,,,,,,,,,,,,,,,,,,,,,,,,,,,,,,,24279,,,,,,,,,,,,,,,,,,,,,,,,,,,,,,,,,,,,,,,,,,,,,,,,,,,,,,,,,,,,,,,,,Bacterial Reverse Mutation Assay (e.g. Ames Test),,,,,,,,,,,,,,,,,,,,,,,,,,,,,No Strain Information,No S9 Info,Gene Mutation,,,,,,,,,,,,,,,,,,,,,,,,,Negative,,,Gene mutation I,,,Negative,,,Gene mutation I,,
26761-40-0,"1,2-Benzenedicarboxylic acid diisodecyl ester;1,2-Benzenedicarboxylic acid, 1,2-diisodecyl ester;1,2-Benzenedicarboxylic acid, diisodecyl ester;1,2-Benzenedicarboxylic_acid_diisodecyl_ester;1,2-benzenedicarboxylic_acid,_diisodecyl_ester;bis(8-methylnonyl) benzene-1,2-dicarboxylate;di-''isodecyl'' phthalate;Di-isodecylphthalate;Diisodecyl phthalate;DIISODECYL_PHTHALATE;diisodecylphthalate",,,,,,,,,,,,,,,,,,,,,,,,,,,,,,,,,,,,,,,,,,,,,,,,,,,,,,,,,,,,,,,,,,,,,,,,,,,,,,,,,,,,,,,,,,,,,,,,,,,,,,,,,,,,,,,,,,,,,,,,,,,,,,,,Human Health Hazards#Genetic Toxicity,Genotoxicity OASIS,Gene mutation,,False,Categorical data,Equal,,,,,in Vitro,Salmonella typhimurium,,,P&G,,,,,,,,,,,,,,,,,,,,,,,,,,,,,,,,,,,,,,,,,,,,,,,,,,,,,,,,,,,,,,,,,,,,,,,,,,,,,,,,,,,,,,,,,,,,,,,,,24276,,,,,,,,,,,,,,,,,,,,,,,,,,,,,,,,,,,,,,,,,,,,,,,,,,,,,,,,,,,,,,,,,Bacterial Reverse Mutation Assay (e.g. Ames Test),,,,,,,,,,,,,,,,,,,,,,,,,,,,,TA 100,With S9,Gene Mutation,rat,,,,,,,,,,,,,,,,,,,,,,,,Negative,,,Gene mutation I,,,Negative,,,Gene mutation I,,
26761-40-0,"1,2-Benzenedicarboxylic acid diisodecyl ester;1,2-Benzenedicarboxylic acid, 1,2-diisodecyl ester;1,2-Benzenedicarboxylic acid, diisodecyl ester;1,2-Benzenedicarboxylic_acid_diisodecyl_ester;1,2-benzenedicarboxylic_acid,_diisodecyl_ester;bis(8-methylnonyl) benzene-1,2-dicarboxylate;di-''isodecyl'' phthalate;Di-isodecylphthalate;Diisodecyl phthalate;DIISODECYL_PHTHALATE;diisodecylphthalate",,,,,,,,,,,,,,,,,,,,,,,,,,,,,,,,,,,,,,,,,,,,,,,,,,,,,,,,,,,,,,,,,,,,,,,,,,,,,,,,,,,,,,,,,,,,,,,,,,,,,,,,,,,,,,,,,,,,,,,,,,,,,,,,Human Health Hazards#Genetic Toxicity,Bacterial mutagenicity ISSSTY,Gene mutation,"CCRIS database,Toxnet databases",False,Categorical data,Equal,,,,,in Vitro,Salmonella typhimurium,,,Romualdo Benigni,,,,,,,,,,,,,,,,,,,,,,,,,,,,,,,,,,,,,,,,,,,,,,,,,,,,,,,,,,,,,,,,,,,,,,,,,,,,,,,,,,,,,,,,,,,,,,,,02.5.2011,29557,,,,,,,,,,,,,,,,,,,,,,,,,,,,,,,,,,,,,,,,,,,,,,,,,,,,,,,,,,,,,,,,,Bacterial Reverse Mutation Assay (e.g. Ames Test),,,,,,,,,,,,,,,,,,,,,,,,,,,,,TA 100,With S9,Gene Mutation,,Negative,1955,,,,,,,,,,,,,,,,,,,,,,Negative,,,Gene mutation I,,,Negative,,,Gene mutation I,,
26761-40-0,"1,2-Benzenedicarboxylic acid diisodecyl ester;1,2-Benzenedicarboxylic acid, 1,2-diisodecyl ester;1,2-Benzenedicarboxylic acid, diisodecyl ester;1,2-Benzenedicarboxylic_acid_diisodecyl_ester;1,2-benzenedicarboxylic_acid,_diisodecyl_ester;bis(8-methylnonyl) benzene-1,2-dicarboxylate;di-''isodecyl'' phthalate;Di-isodecylphthalate;Diisodecyl phthalate;DIISODECYL_PHTHALATE;diisodecylphthalate",,,,,,,,,,,,,,,,,,,,,,,,,,,,,,,,,,,,,,,,,,,,,,,,,,,,,,,,,,,,,,,,,,,,,,,,,,,,,,,,,,,,,,,,,,,,,,,,,,,,,,,,,,,,,,,,,,,,,,,,,,,,,,,,Human Health Hazards#Genetic Toxicity,Genotoxicity OASIS,Gene mutation,,False,Categorical data,Equal,,,,,in Vitro,Salmonella typhimurium,,,P&G,,,,,,,,,,,,,,,,,,,,,,,,,,,,,,,,,,,,,,,,,,,,,,,,,,,,,,,,,,,,,,,,,,,,,,,,,,,,,,,,,,,,,,,,,,,,,,,,,24277,,,,,,,,,,,,,,,,,,,,,,,,,,,,,,,,,,,,,,,,,,,,,,,,,,,,,,,,,,,,,,,,,Bacterial Reverse Mutation Assay (e.g. Ames Test),,,,,,,,,,,,,,,,,,,,,,,,,,,,,TA 1535,With S9,Gene Mutation,rat,,,,,,,,,,,,,,,,,,,,,,,,Negative,,,Gene mutation I,,,Negative,,,Gene mutation I,,
26761-40-0,"1,2-Benzenedicarboxylic acid diisodecyl ester;1,2-Benzenedicarboxylic acid, 1,2-diisodecyl ester;1,2-Benzenedicarboxylic acid, diisodecyl ester;1,2-Benzenedicarboxylic_acid_diisodecyl_ester;1,2-benzenedicarboxylic_acid,_diisodecyl_ester;bis(8-methylnonyl) benzene-1,2-dicarboxylate;di-''isodecyl'' phthalate;Di-isodecylphthalate;Diisodecyl phthalate;DIISODECYL_PHTHALATE;diisodecylphthalate",,,,,,,,,,,,,,,,,,,,,,,,,,,,,,,,,,,,,,,,,,,,,,,,,,,,,,,,,,,,,,,,,,,,,,,,,,,,,,,,,,,,,,,,,,,,,,,,,,,,,,,,,,,,,,,,,,,,,,,,,,,,,,,,Human Health Hazards#Genetic Toxicity,Bacterial mutagenicity ISSSTY,Gene mutation,"CCRIS database,Toxnet databases",False,Categorical data,Equal,,,,,in Vitro,Salmonella typhimurium,,,Romualdo Benigni,,,,,,,,,,,,,,,,,,,,,,,,,,,,,,,,,,,,,,,,,,,,,,,,,,,,,,,,,,,,,,,,,,,,,,,,,,,,,,,,,,,,,,,,,,,,,,,,02.5.2011,29558,,,,,,,,,,,,,,,,,,,,,,,,,,,,,,,,,,,,,,,,,,,,,,,,,,,,,,,,,,,,,,,,,Bacterial Reverse Mutation Assay (e.g. Ames Test),,,,,,,,,,,,,,,,,,,,,,,,,,,,,TA 1535,With S9,Gene Mutation,,Negative,1955,,,,,,,,,,,,,,,,,,,,,,Negative,,,Gene mutation I,,,Negative,,,Gene mutation I,,
26761-40-0,"1,2-Benzenedicarboxylic acid diisodecyl ester;1,2-Benzenedicarboxylic acid, 1,2-diisodecyl ester;1,2-Benzenedicarboxylic acid, diisodecyl ester;1,2-Benzenedicarboxylic_acid_diisodecyl_ester;1,2-benzenedicarboxylic_acid,_diisodecyl_ester;bis(8-methylnonyl) benzene-1,2-dicarboxylate;di-''isodecyl'' phthalate;Di-isodecylphthalate;Diisodecyl phthalate;DIISODECYL_PHTHALATE;diisodecylphthalate",,,,,,,,,,,,,,,,,,,,,,,,,,,,,,,,,,,,,,,,,,,,,,,,,,,,,,,,,,,,,,,,,,,,,,,,,,,,,,,,,,,,,,,,,,,,,,,,,,,,,,,,,,,,,,,,,,,,,,,,,,,,,,,,Human Health Hazards#Genetic Toxicity,Genotoxicity OASIS,Gene mutation,,False,Categorical data,Equal,,,,,in Vitro,Salmonella typhimurium,,,P&G,,,,,,,,,,,,,,,,,,,,,,,,,,,,,,,,,,,,,,,,,,,,,,,,,,,,,,,,,,,,,,,,,,,,,,,,,,,,,,,,,,,,,,,,,,,,,,,,,24278,,,,,,,,,,,,,,,,,,,,,,,,,,,,,,,,,,,,,,,,,,,,,,,,,,,,,,,,,,,,,,,,,Bacterial Reverse Mutation Assay (e.g. Ames Test),,,,,,,,,,,,,,,,,,,,,,,,,,,,,TA 1537,With S9,Gene Mutation,rat,,,,,,,,,,,,,,,,,,,,,,,,Negative,,,Gene mutation I,,,Negative,,,Gene mutation I,,
26761-40-0,"1,2-Benzenedicarboxylic acid diisodecyl ester;1,2-Benzenedicarboxylic acid, 1,2-diisodecyl ester;1,2-Benzenedicarboxylic acid, diisodecyl ester;1,2-Benzenedicarboxylic_acid_diisodecyl_ester;1,2-benzenedicarboxylic_acid,_diisodecyl_ester;bis(8-methylnonyl) benzene-1,2-dicarboxylate;di-''isodecyl'' phthalate;Di-isodecylphthalate;Diisodecyl phthalate;DIISODECYL_PHTHALATE;diisodecylphthalate",,,,,,,,,,,,,,,,,,,,,,,,,,,,,,,,,,,,,,,,,,,,,,,,,,,,,,,,,,,,,,,,,,,,,,,,,,,,,,,,,,,,,,,,,,,,,,,,,,,,,,,,,,,,,,,,,,,,,,,,,,,,,,,,Human Health Hazards#Genetic Toxicity,Bacterial mutagenicity ISSSTY,Gene mutation,"CCRIS database,Toxnet databases",False,Categorical data,Equal,,,,,in Vitro,Salmonella typhimurium,,,Romualdo Benigni,,,,,,,,,,,,,,,,,,,,,,,,,,,,,,,,,,,,,,,,,,,,,,,,,,,,,,,,,,,,,,,,,,,,,,,,,,,,,,,,,,,,,,,,,,,,,,,,02.5.2011,29559,,,,,,,,,,,,,,,,,,,,,,,,,,,,,,,,,,,,,,,,,,,,,,,,,,,,,,,,,,,,,,,,,Bacterial Reverse Mutation Assay (e.g. Ames Test),,,,,,,,,,,,,,,,,,,,,,,,,,,,,TA 1537,With S9,Gene Mutation,,Negative,1955,,,,,,,,,,,,,,,,,,,,,,Negative,,,Gene mutation I,,,Negative,,,Gene mutation I,,
26761-40-0,"1,2-Benzenedicarboxylic acid diisodecyl ester;1,2-Benzenedicarboxylic acid, 1,2-diisodecyl ester;1,2-Benzenedicarboxylic acid, diisodecyl ester;1,2-Benzenedicarboxylic_acid_diisodecyl_ester;1,2-benzenedicarboxylic_acid,_diisodecyl_ester;bis(8-methylnonyl) benzene-1,2-dicarboxylate;di-''isodecyl'' phthalate;Di-isodecylphthalate;Diisodecyl phthalate;DIISODECYL_PHTHALATE;diisodecylphthalate",,,,,,,,,,,,,,,,,,,,,,,,,,,,,,,,,,,,,,,,,,,,,,,,,,,,,,,,,,,,,,,,,,,,,,,,,,,,,,,,,,,,,,,,,,,,,,,,,,,,,,,,,,,,,,,,,,,,,,,,,,,,,,,,Human Health Hazards#Genetic Toxicity,Genotoxicity OASIS,Gene mutation,,False,Categorical data,Equal,,,,,in Vitro,Salmonella typhimurium,,,P&G,,,,,,,,,,,,,,,,,,,,,,,,,,,,,,,,,,,,,,,,,,,,,,,,,,,,,,,,,,,,,,,,,,,,,,,,,,,,,,,,,,,,,,,,,,,,,,,,,24280,,,,,,,,,,,,,,,,,,,,,,,,,,,,,,,,,,,,,,,,,,,,,,,,,,,,,,,,,,,,,,,,,Bacterial Reverse Mutation Assay (e.g. Ames Test),,,,,,,,,,,,,,,,,,,,,,,,,,,,,TA 1538,With S9,Gene Mutation,rat,,,,,,,,,,,,,,,,,,,,,,,,Negative,,,Gene mutation I,,,Negative,,,Gene mutation I,,
26761-40-0,"1,2-Benzenedicarboxylic acid diisodecyl ester;1,2-Benzenedicarboxylic acid, 1,2-diisodecyl ester;1,2-Benzenedicarboxylic acid, diisodecyl ester;1,2-Benzenedicarboxylic_acid_diisodecyl_ester;1,2-benzenedicarboxylic_acid,_diisodecyl_ester;bis(8-methylnonyl) benzene-1,2-dicarboxylate;di-''isodecyl'' phthalate;Di-isodecylphthalate;Diisodecyl phthalate;DIISODECYL_PHTHALATE;diisodecylphthalate",,,,,,,,,,,,,,,,,,,,,,,,,,,,,,,,,,,,,,,,,,,,,,,,,,,,,,,,,,,,,,,,,,,,,,,,,,,,,,,,,,,,,,,,,,,,,,,,,,,,,,,,,,,,,,,,,,,,,,,,,,,,,,,,Human Health Hazards#Genetic Toxicity,Genotoxicity OASIS,Gene mutation,,False,Categorical data,Equal,,,,,in Vitro,Salmonella typhimurium,,,P&G,,,,,,,,,,,,,,,,,,,,,,,,,,,,,,,,,,,,,,,,,,,,,,,,,,,,,,,,,,,,,,,,,,,,,,,,,,,,,,,,,,,,,,,,,,,,,,,,,24287,,,,,,,,,,,,,,,,,,,,,,,,,,,,,,,,,,,,,,,,,,,,,,,,,,,,,,,,,,,,,,,,,Bacterial Reverse Mutation Assay (e.g. Ames Test),,,,,,,,,,,,,,,,,,,,,,,,,,,,,TA 97,With S9,Gene Mutation,rat,,,,,,,,,,,,,,,,,,,,,,,,Negative,,,Gene mutation I,,,Negative,,,Gene mutation I,,
26761-40-0,"1,2-Benzenedicarboxylic acid diisodecyl ester;1,2-Benzenedicarboxylic acid, 1,2-diisodecyl ester;1,2-Benzenedicarboxylic acid, diisodecyl ester;1,2-Benzenedicarboxylic_acid_diisodecyl_ester;1,2-benzenedicarboxylic_acid,_diisodecyl_ester;bis(8-methylnonyl) benzene-1,2-dicarboxylate;di-''isodecyl'' phthalate;Di-isodecylphthalate;Diisodecyl phthalate;DIISODECYL_PHTHALATE;diisodecylphthalate",,,,,,,,,,,,,,,,,,,,,,,,,,,,,,,,,,,,,,,,,,,,,,,,,,,,,,,,,,,,,,,,,,,,,,,,,,,,,,,,,,,,,,,,,,,,,,,,,,,,,,,,,,,,,,,,,,,,,,,,,,,,,,,,Human Health Hazards#Genetic Toxicity,Genotoxicity OASIS,Gene mutation,,False,Categorical data,Equal,,,,,in Vitro,Salmonella typhimurium,,,P&G,,,,,,,,,,,,,,,,,,,,,,,,,,,,,,,,,,,,,,,,,,,,,,,,,,,,,,,,,,,,,,,,,,,,,,,,,,,,,,,,,,,,,,,,,,,,,,,,,24275,,,,,,,,,,,,,,,,,,,,,,,,,,,,,,,,,,,,,,,,,,,,,,,,,,,,,,,,,,,,,,,,,Bacterial Reverse Mutation Assay (e.g. Ames Test),,,,,,,,,,,,,,,,,,,,,,,,,,,,,TA 98,With S9,Gene Mutation,rat,,,,,,,,,,,,,,,,,,,,,,,,Negative,,,Gene mutation I,,,Negative,,,Gene mutation I,,
26761-40-0,"1,2-Benzenedicarboxylic acid diisodecyl ester;1,2-Benzenedicarboxylic acid, 1,2-diisodecyl ester;1,2-Benzenedicarboxylic acid, diisodecyl ester;1,2-Benzenedicarboxylic_acid_diisodecyl_ester;1,2-benzenedicarboxylic_acid,_diisodecyl_ester;bis(8-methylnonyl) benzene-1,2-dicarboxylate;di-''isodecyl'' phthalate;Di-isodecylphthalate;Diisodecyl phthalate;DIISODECYL_PHTHALATE;diisodecylphthalate",,,,,,,,,,,,,,,,,,,,,,,,,,,,,,,,,,,,,,,,,,,,,,,,,,,,,,,,,,,,,,,,,,,,,,,,,,,,,,,,,,,,,,,,,,,,,,,,,,,,,,,,,,,,,,,,,,,,,,,,,,,,,,,,Human Health Hazards#Genetic Toxicity,Bacterial mutagenicity ISSSTY,Gene mutation,"CCRIS database,Toxnet databases",False,Categorical data,Equal,,,,,in Vitro,Salmonella typhimurium,,,Romualdo Benigni,,,,,,,,,,,,,,,,,,,,,,,,,,,,,,,,,,,,,,,,,,,,,,,,,,,,,,,,,,,,,,,,,,,,,,,,,,,,,,,,,,,,,,,,,,,,,,,,02.5.2011,29560,,,,,,,,,,,,,,,,,,,,,,,,,,,,,,,,,,,,,,,,,,,,,,,,,,,,,,,,,,,,,,,,,Bacterial Reverse Mutation Assay (e.g. Ames Test),,,,,,,,,,,,,,,,,,,,,,,,,,,,,TA 98,With S9,Gene Mutation,,Negative,1955,,,,,,,,,,,,,,,,,,,,,,Negative,,,Gene mutation I,,,Negative,,,Gene mutation I,,
26761-40-0,"1,2-Benzenedicarboxylic acid diisodecyl ester;1,2-Benzenedicarboxylic acid, 1,2-diisodecyl ester;1,2-Benzenedicarboxylic acid, diisodecyl ester;1,2-Benzenedicarboxylic_acid_diisodecyl_ester;1,2-benzenedicarboxylic_acid,_diisodecyl_ester;bis(8-methylnonyl) benzene-1,2-dicarboxylate;di-''isodecyl'' phthalate;Di-isodecylphthalate;Diisodecyl phthalate;DIISODECYL_PHTHALATE;diisodecylphthalate",,,,,,,,,,,,,,,,,,,,,,,,,,,,,,,,,,,,,,,,,,,,,,,,,,,,,,,,,,,,,,,,,,,,,,,,,,,,,,,,,,,,,,,,,,,,,,,,,,,,,,,,,,,,,,,,,,,,,,,,,,,,,,,,Human Health Hazards#Genetic Toxicity,Genotoxicity OASIS,Gene mutation,,False,Categorical data,Equal,,,,,in Vitro,Salmonella typhimurium,,,P&G,,,,,,,,,,,,,,,,,,,,,,,,,,,,,,,,,,,,,,,,,,,,,,,,,,,,,,,,,,,,,,,,,,,,,,,,,,,,,,,,,,,,,,,,,,,,,,,,,24283,,,,,,,,,,,,,,,,,,,,,,,,,,,,,,,,,,,,,,,,,,,,,,,,,,,,,,,,,,,,,,,,,Bacterial Reverse Mutation Assay (e.g. Ames Test),,,,,,,,,,,,,,,,,,,,,,,,,,,,,TA 100,Without S9,Gene Mutation,,,,,,,,,,,,,,,,,,,,,,,,,Negative,,,Gene mutation I,,,Negative,,,Gene mutation I,,
26761-40-0,"1,2-Benzenedicarboxylic acid diisodecyl ester;1,2-Benzenedicarboxylic acid, 1,2-diisodecyl ester;1,2-Benzenedicarboxylic acid, diisodecyl ester;1,2-Benzenedicarboxylic_acid_diisodecyl_ester;1,2-benzenedicarboxylic_acid,_diisodecyl_ester;bis(8-methylnonyl) benzene-1,2-dicarboxylate;di-''isodecyl'' phthalate;Di-isodecylphthalate;Diisodecyl phthalate;DIISODECYL_PHTHALATE;diisodecylphthalate",,,,,,,,,,,,,,,,,,,,,,,,,,,,,,,,,,,,,,,,,,,,,,,,,,,,,,,,,,,,,,,,,,,,,,,,,,,,,,,,,,,,,,,,,,,,,,,,,,,,,,,,,,,,,,,,,,,,,,,,,,,,,,,,Human Health Hazards#Genetic Toxicity,Bacterial mutagenicity ISSSTY,Gene mutation,"CCRIS database,Toxnet databases",False,Categorical data,Equal,,,,,in Vitro,Salmonella typhimurium,,,Romualdo Benigni,,,,,,,,,,,,,,,,,,,,,,,,,,,,,,,,,,,,,,,,,,,,,,,,,,,,,,,,,,,,,,,,,,,,,,,,,,,,,,,,,,,,,,,,,,,,,,,,02.5.2011,29561,,,,,,,,,,,,,,,,,,,,,,,,,,,,,,,,,,,,,,,,,,,,,,,,,,,,,,,,,,,,,,,,,Bacterial Reverse Mutation Assay (e.g. Ames Test),,,,,,,,,,,,,,,,,,,,,,,,,,,,,TA 100,Without S9,Gene Mutation,,Negative,1955,,,,,,,,,,,,,,,,,,,,,,Negative,,,Gene mutation I,,,Negative,,,Gene mutation I,,
26761-40-0,"1,2-Benzenedicarboxylic acid diisodecyl ester;1,2-Benzenedicarboxylic acid, 1,2-diisodecyl ester;1,2-Benzenedicarboxylic acid, diisodecyl ester;1,2-Benzenedicarboxylic_acid_diisodecyl_ester;1,2-benzenedicarboxylic_acid,_diisodecyl_ester;bis(8-methylnonyl) benzene-1,2-dicarboxylate;di-''isodecyl'' phthalate;Di-isodecylphthalate;Diisodecyl phthalate;DIISODECYL_PHTHALATE;diisodecylphthalate",,,,,,,,,,,,,,,,,,,,,,,,,,,,,,,,,,,,,,,,,,,,,,,,,,,,,,,,,,,,,,,,,,,,,,,,,,,,,,,,,,,,,,,,,,,,,,,,,,,,,,,,,,,,,,,,,,,,,,,,,,,,,,,,Human Health Hazards#Genetic Toxicity,Genotoxicity OASIS,Gene mutation,,False,Categorical data,Equal,,,,,in Vitro,Salmonella typhimurium,,,P&G,,,,,,,,,,,,,,,,,,,,,,,,,,,,,,,,,,,,,,,,,,,,,,,,,,,,,,,,,,,,,,,,,,,,,,,,,,,,,,,,,,,,,,,,,,,,,,,,,24284,,,,,,,,,,,,,,,,,,,,,,,,,,,,,,,,,,,,,,,,,,,,,,,,,,,,,,,,,,,,,,,,,Bacterial Reverse Mutation Assay (e.g. Ames Test),,,,,,,,,,,,,,,,,,,,,,,,,,,,,TA 1535,Without S9,Gene Mutation,,,,,,,,,,,,,,,,,,,,,,,,,Negative,,,Gene mutation I,,,Negative,,,Gene mutation I,,
26761-40-0,"1,2-Benzenedicarboxylic acid diisodecyl ester;1,2-Benzenedicarboxylic acid, 1,2-diisodecyl ester;1,2-Benzenedicarboxylic acid, diisodecyl ester;1,2-Benzenedicarboxylic_acid_diisodecyl_ester;1,2-benzenedicarboxylic_acid,_diisodecyl_ester;bis(8-methylnonyl) benzene-1,2-dicarboxylate;di-''isodecyl'' phthalate;Di-isodecylphthalate;Diisodecyl phthalate;DIISODECYL_PHTHALATE;diisodecylphthalate",,,,,,,,,,,,,,,,,,,,,,,,,,,,,,,,,,,,,,,,,,,,,,,,,,,,,,,,,,,,,,,,,,,,,,,,,,,,,,,,,,,,,,,,,,,,,,,,,,,,,,,,,,,,,,,,,,,,,,,,,,,,,,,,Human Health Hazards#Genetic Toxicity,Bacterial mutagenicity ISSSTY,Gene mutation,"CCRIS database,Toxnet databases",False,Categorical data,Equal,,,,,in Vitro,Salmonella typhimurium,,,Romualdo Benigni,,,,,,,,,,,,,,,,,,,,,,,,,,,,,,,,,,,,,,,,,,,,,,,,,,,,,,,,,,,,,,,,,,,,,,,,,,,,,,,,,,,,,,,,,,,,,,,,02.5.2011,29562,,,,,,,,,,,,,,,,,,,,,,,,,,,,,,,,,,,,,,,,,,,,,,,,,,,,,,,,,,,,,,,,,Bacterial Reverse Mutation Assay (e.g. Ames Test),,,,,,,,,,,,,,,,,,,,,,,,,,,,,TA 1535,Without S9,Gene Mutation,,Negative,1955,,,,,,,,,,,,,,,,,,,,,,Negative,,,Gene mutation I,,,Negative,,,Gene mutation I,,
26761-40-0,"1,2-Benzenedicarboxylic acid diisodecyl ester;1,2-Benzenedicarboxylic acid, 1,2-diisodecyl ester;1,2-Benzenedicarboxylic acid, diisodecyl ester;1,2-Benzenedicarboxylic_acid_diisodecyl_ester;1,2-benzenedicarboxylic_acid,_diisodecyl_ester;bis(8-methylnonyl) benzene-1,2-dicarboxylate;di-''isodecyl'' phthalate;Di-isodecylphthalate;Diisodecyl phthalate;DIISODECYL_PHTHALATE;diisodecylphthalate",,,,,,,,,,,,,,,,,,,,,,,,,,,,,,,,,,,,,,,,,,,,,,,,,,,,,,,,,,,,,,,,,,,,,,,,,,,,,,,,,,,,,,,,,,,,,,,,,,,,,,,,,,,,,,,,,,,,,,,,,,,,,,,,Human Health Hazards#Genetic Toxicity,Genotoxicity OASIS,Gene mutation,,False,Categorical data,Equal,,,,,in Vitro,Salmonella typhimurium,,,P&G,,,,,,,,,,,,,,,,,,,,,,,,,,,,,,,,,,,,,,,,,,,,,,,,,,,,,,,,,,,,,,,,,,,,,,,,,,,,,,,,,,,,,,,,,,,,,,,,,24285,,,,,,,,,,,,,,,,,,,,,,,,,,,,,,,,,,,,,,,,,,,,,,,,,,,,,,,,,,,,,,,,,Bacterial Reverse Mutation Assay (e.g. Ames Test),,,,,,,,,,,,,,,,,,,,,,,,,,,,,TA 1537,Without S9,Gene Mutation,,,,,,,,,,,,,,,,,,,,,,,,,Negative,,,Gene mutation I,,,Negative,,,Gene mutation I,,
26761-40-0,"1,2-Benzenedicarboxylic acid diisodecyl ester;1,2-Benzenedicarboxylic acid, 1,2-diisodecyl ester;1,2-Benzenedicarboxylic acid, diisodecyl ester;1,2-Benzenedicarboxylic_acid_diisodecyl_ester;1,2-benzenedicarboxylic_acid,_diisodecyl_ester;bis(8-methylnonyl) benzene-1,2-dicarboxylate;di-''isodecyl'' phthalate;Di-isodecylphthalate;Diisodecyl phthalate;DIISODECYL_PHTHALATE;diisodecylphthalate",,,,,,,,,,,,,,,,,,,,,,,,,,,,,,,,,,,,,,,,,,,,,,,,,,,,,,,,,,,,,,,,,,,,,,,,,,,,,,,,,,,,,,,,,,,,,,,,,,,,,,,,,,,,,,,,,,,,,,,,,,,,,,,,Human Health Hazards#Genetic Toxicity,Bacterial mutagenicity ISSSTY,Gene mutation,"CCRIS database,Toxnet databases",False,Categorical data,Equal,,,,,in Vitro,Salmonella typhimurium,,,Romualdo Benigni,,,,,,,,,,,,,,,,,,,,,,,,,,,,,,,,,,,,,,,,,,,,,,,,,,,,,,,,,,,,,,,,,,,,,,,,,,,,,,,,,,,,,,,,,,,,,,,,02.5.2011,29563,,,,,,,,,,,,,,,,,,,,,,,,,,,,,,,,,,,,,,,,,,,,,,,,,,,,,,,,,,,,,,,,,Bacterial Reverse Mutation Assay (e.g. Ames Test),,,,,,,,,,,,,,,,,,,,,,,,,,,,,TA 1537,Without S9,Gene Mutation,,Negative,1955,,,,,,,,,,,,,,,,,,,,,,Negative,,,Gene mutation I,,,Negative,,,Gene mutation I,,
26761-40-0,"1,2-Benzenedicarboxylic acid diisodecyl ester;1,2-Benzenedicarboxylic acid, 1,2-diisodecyl ester;1,2-Benzenedicarboxylic acid, diisodecyl ester;1,2-Benzenedicarboxylic_acid_diisodecyl_ester;1,2-benzenedicarboxylic_acid,_diisodecyl_ester;bis(8-methylnonyl) benzene-1,2-dicarboxylate;di-''isodecyl'' phthalate;Di-isodecylphthalate;Diisodecyl phthalate;DIISODECYL_PHTHALATE;diisodecylphthalate",,,,,,,,,,,,,,,,,,,,,,,,,,,,,,,,,,,,,,,,,,,,,,,,,,,,,,,,,,,,,,,,,,,,,,,,,,,,,,,,,,,,,,,,,,,,,,,,,,,,,,,,,,,,,,,,,,,,,,,,,,,,,,,,Human Health Hazards#Genetic Toxicity,Genotoxicity OASIS,Gene mutation,,False,Categorical data,Equal,,,,,in Vitro,Salmonella typhimurium,,,P&G,,,,,,,,,,,,,,,,,,,,,,,,,,,,,,,,,,,,,,,,,,,,,,,,,,,,,,,,,,,,,,,,,,,,,,,,,,,,,,,,,,,,,,,,,,,,,,,,,24286,,,,,,,,,,,,,,,,,,,,,,,,,,,,,,,,,,,,,,,,,,,,,,,,,,,,,,,,,,,,,,,,,Bacterial Reverse Mutation Assay (e.g. Ames Test),,,,,,,,,,,,,,,,,,,,,,,,,,,,,TA 1538,Without S9,Gene Mutation,,,,,,,,,,,,,,,,,,,,,,,,,Negative,,,Gene mutation I,,,Negative,,,Gene mutation I,,
26761-40-0,"1,2-Benzenedicarboxylic acid diisodecyl ester;1,2-Benzenedicarboxylic acid, 1,2-diisodecyl ester;1,2-Benzenedicarboxylic acid, diisodecyl ester;1,2-Benzenedicarboxylic_acid_diisodecyl_ester;1,2-benzenedicarboxylic_acid,_diisodecyl_ester;bis(8-methylnonyl) benzene-1,2-dicarboxylate;di-''isodecyl'' phthalate;Di-isodecylphthalate;Diisodecyl phthalate;DIISODECYL_PHTHALATE;diisodecylphthalate",,,,,,,,,,,,,,,,,,,,,,,,,,,,,,,,,,,,,,,,,,,,,,,,,,,,,,,,,,,,,,,,,,,,,,,,,,,,,,,,,,,,,,,,,,,,,,,,,,,,,,,,,,,,,,,,,,,,,,,,,,,,,,,,Human Health Hazards#Genetic Toxicity,Genotoxicity OASIS,Gene mutation,,False,Categorical data,Equal,,,,,in Vitro,Salmonella typhimurium,,,P&G,,,,,,,,,,,,,,,,,,,,,,,,,,,,,,,,,,,,,,,,,,,,,,,,,,,,,,,,,,,,,,,,,,,,,,,,,,,,,,,,,,,,,,,,,,,,,,,,,24281,,,,,,,,,,,,,,,,,,,,,,,,,,,,,,,,,,,,,,,,,,,,,,,,,,,,,,,,,,,,,,,,,Bacterial Reverse Mutation Assay (e.g. Ames Test),,,,,,,,,,,,,,,,,,,,,,,,,,,,,TA 97,Without S9,Gene Mutation,,,,,,,,,,,,,,,,,,,,,,,,,Negative,,,Gene mutation I,,,Negative,,,Gene mutation I,,
26761-40-0,"1,2-Benzenedicarboxylic acid diisodecyl ester;1,2-Benzenedicarboxylic acid, 1,2-diisodecyl ester;1,2-Benzenedicarboxylic acid, diisodecyl ester;1,2-Benzenedicarboxylic_acid_diisodecyl_ester;1,2-benzenedicarboxylic_acid,_diisodecyl_ester;bis(8-methylnonyl) benzene-1,2-dicarboxylate;di-''isodecyl'' phthalate;Di-isodecylphthalate;Diisodecyl phthalate;DIISODECYL_PHTHALATE;diisodecylphthalate",,,,,,,,,,,,,,,,,,,,,,,,,,,,,,,,,,,,,,,,,,,,,,,,,,,,,,,,,,,,,,,,,,,,,,,,,,,,,,,,,,,,,,,,,,,,,,,,,,,,,,,,,,,,,,,,,,,,,,,,,,,,,,,,Human Health Hazards#Genetic Toxicity,Genotoxicity OASIS,Gene mutation,,False,Categorical data,Equal,,,,,in Vitro,Salmonella typhimurium,,,P&G,,,,,,,,,,,,,,,,,,,,,,,,,,,,,,,,,,,,,,,,,,,,,,,,,,,,,,,,,,,,,,,,,,,,,,,,,,,,,,,,,,,,,,,,,,,,,,,,,24282,,,,,,,,,,,,,,,,,,,,,,,,,,,,,,,,,,,,,,,,,,,,,,,,,,,,,,,,,,,,,,,,,Bacterial Reverse Mutation Assay (e.g. Ames Test),,,,,,,,,,,,,,,,,,,,,,,,,,,,,TA 98,Without S9,Gene Mutation,,,,,,,,,,,,,,,,,,,,,,,,,Negative,,,Gene mutation I,,,Negative,,,Gene mutation I,,
26761-40-0,"1,2-Benzenedicarboxylic acid diisodecyl ester;1,2-Benzenedicarboxylic acid, 1,2-diisodecyl ester;1,2-Benzenedicarboxylic acid, diisodecyl ester;1,2-Benzenedicarboxylic_acid_diisodecyl_ester;1,2-benzenedicarboxylic_acid,_diisodecyl_ester;bis(8-methylnonyl) benzene-1,2-dicarboxylate;di-''isodecyl'' phthalate;Di-isodecylphthalate;Diisodecyl phthalate;DIISODECYL_PHTHALATE;diisodecylphthalate",,,,,,,,,,,,,,,,,,,,,,,,,,,,,,,,,,,,,,,,,,,,,,,,,,,,,,,,,,,,,,,,,,,,,,,,,,,,,,,,,,,,,,,,,,,,,,,,,,,,,,,,,,,,,,,,,,,,,,,,,,,,,,,,Human Health Hazards#Genetic Toxicity,Bacterial mutagenicity ISSSTY,Gene mutation,"CCRIS database,Toxnet databases",False,Categorical data,Equal,,,,,in Vitro,Salmonella typhimurium,,,Romualdo Benigni,,,,,,,,,,,,,,,,,,,,,,,,,,,,,,,,,,,,,,,,,,,,,,,,,,,,,,,,,,,,,,,,,,,,,,,,,,,,,,,,,,,,,,,,,,,,,,,,02.5.2011,29564,,,,,,,,,,,,,,,,,,,,,,,,,,,,,,,,,,,,,,,,,,,,,,,,,,,,,,,,,,,,,,,,,Bacterial Reverse Mutation Assay (e.g. Ames Test),,,,,,,,,,,,,,,,,,,,,,,,,,,,,TA 98,Without S9,Gene Mutation,,Negative,1955,,,,,,,,,,,,,,,,,,,,,,Negative,,,Gene mutation I,,,Negative,,,Gene mutation I,,
26761-40-0,"1,2-Benzenedicarboxylic acid diisodecyl ester;1,2-Benzenedicarboxylic acid, 1,2-diisodecyl ester;1,2-Benzenedicarboxylic acid, diisodecyl ester;1,2-Benzenedicarboxylic_acid_diisodecyl_ester;1,2-benzenedicarboxylic_acid,_diisodecyl_ester;bis(8-methylnonyl) benzene-1,2-dicarboxylate;di-''isodecyl'' phthalate;Di-isodecylphthalate;Diisodecyl phthalate;DIISODECYL_PHTHALATE;diisodecylphthalate",,,,,,,,,,,,,,,,,,,,,,,,,,,,,,,,,,,,,,,,,,,,,,,,,,,,,,,,,,,,,,,,,,,,,,,,,,,,,,,,,,,,,,,,,,,,,,,,,,,,,,,,,,,,,,,,,,,,,,,,,,,,,,,,Human Health Hazards#Repeated Dose Toxicity,Rep Dose Tox Fraunhofer ITEM,LOEL,FhG RepDose,False,Categorical data,Equal,,,,,,Rat,,,,,,,,,,,,,,,,,,,,,,,,,,,,,,,,,,,,,,,,,,,,,,,,,,,,,,,,,,,,,,,,,,,,,,,,,,,,,,,,,,,,,,,,,,,,,,,,,,,,,,,,,,,,,,,,,,,,,,,,,,,,,,,,,,,,,,,,,,,,,,,,,,,,,,,,,,,,,,,,,,,,,,,,,,,,,,,,,,,,,,,,,,,,,,,,,,Charles River,,,,,,817,info@repdose.de,Feed,,,,,,,,,,,,91,,d,Time,,,,data available,,,FraunhoferITEM,,,data available,,,FraunhoferITEM,,
26761-40-0,"1,2-Benzenedicarboxylic acid diisodecyl ester;1,2-Benzenedicarboxylic acid, 1,2-diisodecyl ester;1,2-Benzenedicarboxylic acid, diisodecyl ester;1,2-Benzenedicarboxylic_acid_diisodecyl_ester;1,2-benzenedicarboxylic_acid,_diisodecyl_ester;bis(8-methylnonyl) benzene-1,2-dicarboxylate;di-''isodecyl'' phthalate;Di-isodecylphthalate;Diisodecyl phthalate;DIISODECYL_PHTHALATE;diisodecylphthalate",,,,,,,,,,,,,,,,,,,,,,,,,,,,,,,,,,,,,,,,,,,,,,,,,,,,,,,,,,,,,,,,,,,,,,,,,,,,,,,,,,,,,,,,,,,,,,,,,,,,,,,,,,,,,,,,,,,,,,,,,,,,,,,,Human Health Hazards#Repeated Dose Toxicity,Rep Dose Tox Fraunhofer ITEM,LOEL,FhG RepDose,False,Categorical data,Equal,,,,,,Rat,,,,,,,,,,,,,,,,,,,,,,,,,,,,,,,,,,,,,,,,,,,,,,,,,,,,,,,,,,,,,,,,,,,,,,,,,,,,,,,,,,,,,,,,,,,,,,,,,,,,,,,,,,,,,,,,,,,,,,,,,,,,,,,,,,,,,,,,,,,,,,,,,,,,,,,,,,,,,,,,,,,,,,,,,,,,,,,,,,,,,,,,,,,,,,,,,,Sprague-Dawley,,,,,,815,info@repdose.de,Feed,,,,,,,,,,,,28,,d,Time,,,,data available,,,FraunhoferITEM,,,data available,,,FraunhoferITEM,,
26761-40-0,"1,2-Benzenedicarboxylic acid diisodecyl ester;1,2-Benzenedicarboxylic acid, 1,2-diisodecyl ester;1,2-Benzenedicarboxylic acid, diisodecyl ester;1,2-Benzenedicarboxylic_acid_diisodecyl_ester;1,2-benzenedicarboxylic_acid,_diisodecyl_ester;bis(8-methylnonyl) benzene-1,2-dicarboxylate;di-''isodecyl'' phthalate;Di-isodecylphthalate;Diisodecyl phthalate;DIISODECYL_PHTHALATE;diisodecylphthalate",,,,,,,,,,,,,,,,,,,,,,,,,,,,,,,,,,,,,,,,,,,,,,,,,,,,,,,,,,,,,,,,,,,,,,,,,,,,,,,,,,,,,,,,,,,,,,,,,,,,,,,,,,,,,,,,,,,,,,,,,,,,,,,,Human Health Hazards#Repeated Dose Toxicity,Rep Dose Tox Fraunhofer ITEM,LOEL,FhG RepDose,False,Categorical data,Equal,,,,,,Rat,,,,,,,,,,,,,,,,,,,,,,,,,,,,,,,,,,,,,,,,,,,,,,,,,,,,,,,,,,,,,,,,,,,,,,,,,,,,,,,,,,,,,,,,,,,,,,,,,,,,,,,,,,,,,,,,,,,,,,,,,,,,,,,,,,,,,,,,,,,,,,,,,,,,,,,,,,,,,,,,,,,,,,,,,,,,,,,,,,,,,,,,,,,,,,,,,,Sprague-Dawley,,,,,,814,info@repdose.de,Feed,21,d,Time,,,,,,,,,90,,d,Time,,,,data available,,,FraunhoferITEM,,,data available,,,FraunhoferITEM,,
26761-40-0,"1,2-Benzenedicarboxylic acid diisodecyl ester;1,2-Benzenedicarboxylic acid, 1,2-diisodecyl ester;1,2-Benzenedicarboxylic acid, diisodecyl ester;1,2-Benzenedicarboxylic_acid_diisodecyl_ester;1,2-benzenedicarboxylic_acid,_diisodecyl_ester;bis(8-methylnonyl) benzene-1,2-dicarboxylate;di-''isodecyl'' phthalate;Di-isodecylphthalate;Diisodecyl phthalate;DIISODECYL_PHTHALATE;diisodecylphthalate",,,,,,,,,,,,,,,,,,,,,,,,,,,,,,,,,,,,,,,,,,,,,,,,,,,,,,,,,,,,,,,,,,,,,,,,,,,,,,,,,,,,,,,,,,,,,,,,,,,,,,,,,,,,,,,,,,,,,,,,,,,,,,,,Human Health Hazards#Repeated Dose Toxicity,Rep Dose Tox Fraunhofer ITEM,LOEL,FhG RepDose,False,Categorical data,Equal,,,,,,Rat,,,,,,,,,,,,,,,,,,,,,,,,,,,,,,,,,,,,,,,,,,,,,,,,,,,,,,,,,,,,,,,,,,,,,,,,,,,,,,,,,,,,,,,,,,,,,,,,,,,,,,,,,,,,,,,,,,,,,,,,,,,,,,,,,,,,,,,,,,,,,,,,,,,,,,,,,,,,,,,,,,,,,,,,,,,,,,,,,,,,,,,,,,,,,,,,,,No Data,,,,,,816,info@repdose.de,Inhalation,7,d,Time,,,,,,,,,14,,d,Time,,,,data available,,,FraunhoferITEM,,,data available,,,FraunhoferITEM,,
26761-40-0,"1,2-Benzenedicarboxylic acid diisodecyl ester;1,2-Benzenedicarboxylic acid, 1,2-diisodecyl ester;1,2-Benzenedicarboxylic acid, diisodecyl ester;1,2-Benzenedicarboxylic_acid_diisodecyl_ester;1,2-benzenedicarboxylic_acid,_diisodecyl_ester;bis(8-methylnonyl) benzene-1,2-dicarboxylate;di-''isodecyl'' phthalate;Di-isodecylphthalate;Diisodecyl phthalate;DIISODECYL_PHTHALATE;diisodecylphthalate",,,,,,,,,,,,,,,,,,,,,,,,,,,,,,,,,,,,,,,,,,,,,,,,,,,,,,,,,,,,,,,,,,,,,,,,,,,,,,,,,,,,,,,,,,,,,,,,,,,,,,,,,,,,,,,,,,,,,,,,,,,,,,,,Human Health Hazards#Repeated Dose Toxicity,ECOTOX,NOEL,Teratog. Carcinog. Mutagen.7:29-48,True,No qualifier,Equal,,,,,,Mus musculus,Evaluation of 60 Chemicals in a Preliminary Developmental Toxicity Test,,"Hardin,B.D., R.L. Schuler, J.R. Burg, G.M. Booth, K.P. Hazelden, K.M. MacKenzie, V.J. Piccirillo, and K.N. Smith",Growth,564506,1095121,Formulation,No substrate,Weight gain,,Carrier or solvent,02/09/2011,T,Gavage,,Whole organism,Lab,06/15/2011,,,1987,,Reviewer assigned endpoint,,,Unmeasured,Di-isodecyl phthalate,,,,,CONCTYPE/F//DOSES/9650 mg/kg/d/,,Animalia (animals),Bilateria,Chordata (chordates),Vertebrata (vertebrates),Mammalia (mammals),Theria,Rodentia (rodents),"Myomorpha (Mice,Rats,Voles,Gerbils,Hamsters,Lemmings)",,"Muridae (mice,rats,voles)","Mus (House Mice,Old World Mice)",Deuterostomia,,,,,,,2,None,,,,6,,d,Time,,,,,,,,,,,,,,,,,8,Daily for x days,Unknown,,,,,,,,,,,18,d,Time,,,,,,,,,,,,,,,Tetrapoda,,Muroidea,Gnathostomata,,,,,,,,,,,,,,,,,CD 1,,,,,,,,,Not significant at all concentrations,P,"TESTID/21//EFCT%/NR//TREND/NEF//OEF/GENERATIONAL EFFECT// RVALUE/ONLY CONC TESTED// SAMPN/NR// NUNIT/F1//, F1 GENERATION",,,,,0.05,<,None,Gestation,,,"Murinae (Old World rats,Old World mice)",,,,,,,,,,Eutheria,,,,,,,,,,,,,,,,,,,,,,,,,,,,,,,,,564816,Mus (Mus),,,,,,,,,,,,,,,,,,,,,18,,d,Time,,,,9650,,mg/kg bdwt/d,Administered dose(mass),,,9650,,mg/kg bdwt/d,Administered dose(mass),,
26761-40-0,"1,2-Benzenedicarboxylic acid diisodecyl ester;1,2-Benzenedicarboxylic acid, 1,2-diisodecyl ester;1,2-Benzenedicarboxylic acid, diisodecyl ester;1,2-Benzenedicarboxylic_acid_diisodecyl_ester;1,2-benzenedicarboxylic_acid,_diisodecyl_ester;bis(8-methylnonyl) benzene-1,2-dicarboxylate;di-''isodecyl'' phthalate;Di-isodecylphthalate;Diisodecyl phthalate;DIISODECYL_PHTHALATE;diisodecylphthalate",,,,,,,,,,,,,,,,,,,,,,,,,,,,,,,,,,,,,,,,,,,,,,,,,,,,,,,,,,,,,,,,,,,,,,,,,,,,,,,,,,,,,,,,,,,,,,,,,,,,,,,,,,,,,,,,,,,,,,,,,,,,,,,,Human Health Hazards#Repeated Dose Toxicity,ECOTOX,NOEL,Teratog. Carcinog. Mutagen.7:29-48,True,No qualifier,Equal,,,,,,Mus musculus,Evaluation of 60 Chemicals in a Preliminary Developmental Toxicity Test,,"Hardin,B.D., R.L. Schuler, J.R. Burg, G.M. Booth, K.P. Hazelden, K.M. MacKenzie, V.J. Piccirillo, and K.N. Smith",Growth,564502,1093192,Formulation,No substrate,Weight,,Carrier or solvent,02/09/2011,T,Gavage,,Whole organism,Lab,06/15/2011,,,1987,,Reviewer assigned endpoint,,,Unmeasured,Di-isodecyl phthalate,,,,,CONCTYPE/F//DOSES/9650 mg/kg/d/,,Animalia (animals),Bilateria,Chordata (chordates),Vertebrata (vertebrates),Mammalia (mammals),Theria,Rodentia (rodents),"Myomorpha (Mice,Rats,Voles,Gerbils,Hamsters,Lemmings)",,"Muridae (mice,rats,voles)","Mus (House Mice,Old World Mice)",Deuterostomia,,,,,,,2,None,,,,6,,d,Time,,,,,,,,,,,,,,,,,8,Daily for x days,Unknown,,,,,,,,,,,15,d,Time,,,,,,,,,,,,,,,Tetrapoda,,Muroidea,Gnathostomata,,,,,,,,,,,,,,,,,CD 1,,,,,,,,,Not significant at all concentrations,P,"TESTID/21//EFCT%/NR//TREND/NEF//OEF/GENERATIONAL EFFECT// RVALUE/ONLY CONC TESTED// SAMPN/NR// NUNIT/F1//, F1 GENERATION",,,,,0.05,<,None,Gestation,,,"Murinae (Old World rats,Old World mice)",,,,,,,,,,Eutheria,,,,,,,,,,,,,,,,,,,,,,,,,,,,,,,,,564812,Mus (Mus),,,,,,,,,,,,,,,,,,,,,15,,d,Time,,,,9650,,mg/kg bdwt/d,Administered dose(mass),,,9650,,mg/kg bdwt/d,Administered dose(mass),,
26761-40-0,"1,2-Benzenedicarboxylic acid diisodecyl ester;1,2-Benzenedicarboxylic acid, 1,2-diisodecyl ester;1,2-Benzenedicarboxylic acid, diisodecyl ester;1,2-Benzenedicarboxylic_acid_diisodecyl_ester;1,2-benzenedicarboxylic_acid,_diisodecyl_ester;bis(8-methylnonyl) benzene-1,2-dicarboxylate;di-''isodecyl'' phthalate;Di-isodecylphthalate;Diisodecyl phthalate;DIISODECYL_PHTHALATE;diisodecylphthalate",,,,,,,,,,,,,,,,,,,,,,,,,,,,,,,,,,,,,,,,,,,,,,,,,,,,,,,,,,,,,,,,,,,,,,,,,,,,,,,,,,,,,,,,,,,,,,,,,,,,,,,,,,,,,,,,,,,,,,,,,,,,,,,,Human Health Hazards#Repeated Dose Toxicity,ECOTOX,NOEL,Teratog. Carcinog. Mutagen.7:29-48,True,No qualifier,Equal,,,,,,Mus musculus,Evaluation of 60 Chemicals in a Preliminary Developmental Toxicity Test,,"Hardin,B.D., R.L. Schuler, J.R. Burg, G.M. Booth, K.P. Hazelden, K.M. MacKenzie, V.J. Piccirillo, and K.N. Smith",Growth,564504,1156693,Formulation,No substrate,Weight gain,,Carrier or solvent,02/09/2011,T,Gavage,,Whole organism,Lab,06/15/2011,,,1987,,Reviewer assigned endpoint,,,Unmeasured,Di-isodecyl phthalate,,,,,CONCTYPE/F//DOSES/9650 mg/kg/d/,,Animalia (animals),Bilateria,Chordata (chordates),Vertebrata (vertebrates),Mammalia (mammals),Theria,Rodentia (rodents),"Myomorpha (Mice,Rats,Voles,Gerbils,Hamsters,Lemmings)",,"Muridae (mice,rats,voles)","Mus (House Mice,Old World Mice)",Deuterostomia,,,,,,,2,None,,,,6,,d,Time,,,,,,,,,,,,,,,,,8,Daily for x days,Unknown,,,,,,,,,,,18,d,Time,,,,,,,,,,,,,,,Tetrapoda,,Muroidea,Gnathostomata,,,,,,,,,,,,,,,,,CD 1,,,,,,,,,Not significant at all concentrations,P,TESTID/21//EFCT%/NR//TREND/INC//OEF/GENERATIONAL EFFECT// RVALUE/ONLY CONC TESTED/,,,,,0.05,<,None,Gestation,,,"Murinae (Old World rats,Old World mice)",,,,,,,,,,Eutheria,,,,,,,,,,,,,,,,,,,,,,,,,,,,,,,,,564814,Mus (Mus),,,,,,,,,,,,,,,,,,,,,18,,d,Time,,,,9650,,mg/kg bdwt/d,Administered dose(mass),,,9650,,mg/kg bdwt/d,Administered dose(mass),,
26761-40-0,"1,2-Benzenedicarboxylic acid diisodecyl ester;1,2-Benzenedicarboxylic acid, 1,2-diisodecyl ester;1,2-Benzenedicarboxylic acid, diisodecyl ester;1,2-Benzenedicarboxylic_acid_diisodecyl_ester;1,2-benzenedicarboxylic_acid,_diisodecyl_ester;bis(8-methylnonyl) benzene-1,2-dicarboxylate;di-''isodecyl'' phthalate;Di-isodecylphthalate;Diisodecyl phthalate;DIISODECYL_PHTHALATE;diisodecylphthalate",,,,,,,,,,,,,,,,,,,,,,,,,,,,,,,,,,,,,,,,,,,,,,,,,,,,,,,,,,,,,,,,,,,,,,,,,,,,,,,,,,,,,,,,,,,,,,,,,,,,,,,,,,,,,,,,,,,,,,,,,,,,,,,,Human Health Hazards#Repeated Dose Toxicity,ECOTOX,NOEL,Teratog. Carcinog. Mutagen.7:29-48,True,No qualifier,Equal,,,,,,Mus musculus,Evaluation of 60 Chemicals in a Preliminary Developmental Toxicity Test,,"Hardin,B.D., R.L. Schuler, J.R. Burg, G.M. Booth, K.P. Hazelden, K.M. MacKenzie, V.J. Piccirillo, and K.N. Smith",Mortality,564505,1018052,Formulation,No substrate,Survival,,Carrier or solvent,02/09/2011,T,Gavage,,,Lab,06/15/2011,,,1987,,Reviewer assigned endpoint,,,Unmeasured,Di-isodecyl phthalate,,,,,CONCTYPE/F//DOSES/9650 mg/kg/d/,,Animalia (animals),Bilateria,Chordata (chordates),Vertebrata (vertebrates),Mammalia (mammals),Theria,Rodentia (rodents),"Myomorpha (Mice,Rats,Voles,Gerbils,Hamsters,Lemmings)",,"Muridae (mice,rats,voles)","Mus (House Mice,Old World Mice)",Deuterostomia,,,,,,,2,None,,,,6,,d,Time,,,,,,,,,,,,,,,,,8,Daily for x days,Unknown,,,,,,,,,,,18,d,Time,,,,,,,,,,,,,,,Tetrapoda,,Muroidea,Gnathostomata,,,,,,,,,,,,,,,,,CD 1,,,,,,,,,Not significant at all concentrations,P,"TESTID/21//EFCT%/99.5//TREND/INC//OEF/GENERATIONAL EFFECT// RVALUE/ONLY CONC TESTED// SAMPN/NR// NUNIT/F1//, F1 GENERATION",,,,,0.05,<,None,Gestation,,,"Murinae (Old World rats,Old World mice)",,,,,,,,,,Eutheria,,,,,,,,,,,,,,,,,,,,,,,,,,,,,,,,,564815,Mus (Mus),,,,,,,,,,,,,,,,,,,,,18,,d,Time,,,,9650,,mg/kg bdwt/d,Administered dose(mass),,,9650,,mg/kg bdwt/d,Administered dose(mass),,
26761-40-0,"1,2-Benzenedicarboxylic acid diisodecyl ester;1,2-Benzenedicarboxylic acid, 1,2-diisodecyl ester;1,2-Benzenedicarboxylic acid, diisodecyl ester;1,2-Benzenedicarboxylic_acid_diisodecyl_ester;1,2-benzenedicarboxylic_acid,_diisodecyl_ester;bis(8-methylnonyl) benzene-1,2-dicarboxylate;di-''isodecyl'' phthalate;Di-isodecylphthalate;Diisodecyl phthalate;DIISODECYL_PHTHALATE;diisodecylphthalate",,,,,,,,,,,,,,,,,,,,,,,,,,,,,,,,,,,,,,,,,,,,,,,,,,,,,,,,,,,,,,,,,,,,,,,,,,,,,,,,,,,,,,,,,,,,,,,,,,,,,,,,,,,,,,,,,,,,,,,,,,,,,,,,Human Health Hazards#Repeated Dose Toxicity,ECOTOX,NOEL,Teratog. Carcinog. Mutagen.7:29-48,True,No qualifier,Equal,,,,,,Mus musculus,Evaluation of 60 Chemicals in a Preliminary Developmental Toxicity Test,,"Hardin,B.D., R.L. Schuler, J.R. Burg, G.M. Booth, K.P. Hazelden, K.M. MacKenzie, V.J. Piccirillo, and K.N. Smith",Reproduction,564501,1018051,Formulation,No substrate,Viability,,Carrier or solvent,02/09/2011,T,Gavage,,,Lab,06/15/2011,,,1987,,Reviewer assigned endpoint,,,Unmeasured,Di-isodecyl phthalate,,,,,CONCTYPE/F//DOSES/9650 mg/kg/d/,,Animalia (animals),Bilateria,Chordata (chordates),Vertebrata (vertebrates),Mammalia (mammals),Theria,Rodentia (rodents),"Myomorpha (Mice,Rats,Voles,Gerbils,Hamsters,Lemmings)",,"Muridae (mice,rats,voles)","Mus (House Mice,Old World Mice)",Deuterostomia,,,,,,,2,None,,,,6,,d,Time,,,,,,,,,,,,,,,,,8,Daily for x days,Unknown,,,,,,,,,,,15,d,Time,,,,,,,,,,,,,,,Tetrapoda,,Muroidea,Gnathostomata,,,,,,,,,,,,,,,,,CD 1,,,,,,,,,Not significant at all concentrations,P,TESTID/21//EFCT%/NR//TREND/DEC//OEF/GENERATIONAL EFFECT// RVALUE/ONLY CONC TESTED/,,,,,0.05,<,None,Gestation,,,"Murinae (Old World rats,Old World mice)",,,,,,,,,,Eutheria,,,,,,,,,,,,,,,,,,,,,,,,,,,,,,,,,564811,Mus (Mus),,,,,,,,,,,,,,,,,,,,,15,,d,Time,,,,9650,,mg/kg bdwt/d,Administered dose(mass),,,9650,,mg/kg bdwt/d,Administered dose(mass),,
26761-40-0,"1,2-Benzenedicarboxylic acid diisodecyl ester;1,2-Benzenedicarboxylic acid, 1,2-diisodecyl ester;1,2-Benzenedicarboxylic acid, diisodecyl ester;1,2-Benzenedicarboxylic_acid_diisodecyl_ester;1,2-benzenedicarboxylic_acid,_diisodecyl_ester;bis(8-methylnonyl) benzene-1,2-dicarboxylate;di-''isodecyl'' phthalate;Di-isodecylphthalate;Diisodecyl phthalate;DIISODECYL_PHTHALATE;diisodecylphthalate",,,,,,,,,,,,,,,,,,,,,,,,,,,,,,,,,,,,,,,,,,,,,,,,,,,,,,,,,,,,,,,,,,,,,,,,,,,,,,,,,,,,,,,,,,,,,,,,,,,,,,,,,,,,,,,,,,,,,,,,,,,,,,,,Human Health Hazards#Repeated Dose Toxicity,ECOTOX,NOEL,Teratog. Carcinog. Mutagen.7:29-48,True,No qualifier,Equal,,,,,,Mus musculus,Evaluation of 60 Chemicals in a Preliminary Developmental Toxicity Test,,"Hardin,B.D., R.L. Schuler, J.R. Burg, G.M. Booth, K.P. Hazelden, K.M. MacKenzie, V.J. Piccirillo, and K.N. Smith",Reproduction,564500,1018050,Formulation,No substrate,Progeny counts/numbers,,Carrier or solvent,02/09/2011,T,Gavage,,,Lab,06/15/2011,,,1987,,Reviewer assigned endpoint,,,Unmeasured,Di-isodecyl phthalate,,,,,CONCTYPE/F//DOSES/9650 mg/kg/d/,,Animalia (animals),Bilateria,Chordata (chordates),Vertebrata (vertebrates),Mammalia (mammals),Theria,Rodentia (rodents),"Myomorpha (Mice,Rats,Voles,Gerbils,Hamsters,Lemmings)",,"Muridae (mice,rats,voles)","Mus (House Mice,Old World Mice)",Deuterostomia,,,,,,,2,None,,,,6,,d,Time,,,,,,,,,,,,,,,,,8,Daily for x days,Unknown,,,,,,,,,,,15,d,Time,,,,,,,,,,,,,,,Tetrapoda,,Muroidea,Gnathostomata,,,,,,,,,,,,,,,,,CD 1,,,,,,,,,Not significant at all concentrations,P,"TESTID/21//EFCT%/NR//TREND/DEC//OEF/GENERATIONAL EFFECT// RVALUE/ONLY CONC TESTED//, LIVEBORN PER LITTER",,,,,0.05,<,None,Gestation,,,"Murinae (Old World rats,Old World mice)",,,,,,,,,,Eutheria,,,,,,,,,,,,,,,,,,,,,,,,,,,,,,,,,564810,Mus (Mus),,,,,,,,,,,,,,,,,,,,,15,,d,Time,,,,9650,,mg/kg bdwt/d,Administered dose(mass),,,9650,,mg/kg bdwt/d,Administered dose(mass),,
26761-40-0,"1,2-Benzenedicarboxylic acid diisodecyl ester;1,2-Benzenedicarboxylic acid, 1,2-diisodecyl ester;1,2-Benzenedicarboxylic acid, diisodecyl ester;1,2-Benzenedicarboxylic_acid_diisodecyl_ester;1,2-benzenedicarboxylic_acid,_diisodecyl_ester;bis(8-methylnonyl) benzene-1,2-dicarboxylate;di-''isodecyl'' phthalate;Di-isodecylphthalate;Diisodecyl phthalate;DIISODECYL_PHTHALATE;diisodecylphthalate",,,,,,,,,,,,,,,,,,,,,,,,,,,,,,,,,,,,,,,,,,,,,,,,,,,,,,,,,,,,,,,,,,,,,,,,,,,,,,,,,,,,,,,,,,,,,,,,,,,,,,,,,,,,,,,,,,,,,,,,,,,,,,,,Human Health Hazards#Toxicity to Reproduction,Food TOX Hazard EFSA,NOAEL,,False,=,Equal,,,,,,Dog,,,EFSA AFC,Histopathology Non Neoplastic,,,,,,,,,,,,,,2005,,,,,,,,,,,,,,,,,,,,,,,,,,,,,,,,,,,,,,,,,,,,,,,,,,,,,,,,,,,,,,,,,,,,,,,,,,,,,,,,,2005,,,,,,,,,,,,,,,,,,,,,,,,,,,,,,,,,,,,,,,,,,,,,,,,,,,,,,,,,,,,,,,,,,Subchronic,,,,,,,,,,,,,,,,,,,,,,,,,,,,,,,,,,,,,Not Reported,,,,doi:10.2903/j.efsa.2005.245,http://dx.doi.org/10.2903/j.efsa.2005.245,hepatotoxicity,3432,Human health,,,,91,,d,Time,,,,15,=,mg/kg bdwt/d,Administered dose(mass),,,15,=,mg/kg bdwt/d,Administered dose(mass),,
26761-40-0,"1,2-Benzenedicarboxylic acid diisodecyl ester;1,2-Benzenedicarboxylic acid, 1,2-diisodecyl ester;1,2-Benzenedicarboxylic acid, diisodecyl ester;1,2-Benzenedicarboxylic_acid_diisodecyl_ester;1,2-benzenedicarboxylic_acid,_diisodecyl_ester;bis(8-methylnonyl) benzene-1,2-dicarboxylate;di-''isodecyl'' phthalate;Di-isodecylphthalate;Diisodecyl phthalate;DIISODECYL_PHTHALATE;diisodecylphthalate",,,,,,,,,,,,,,,,,,,,,,,,,,,,,,,,,,,,,,,,,,,,,,,,,,,,,,,,,,,,,,,,,,,,,,,,,,,,,,,,,,,,,,,,,,,,,,,,,,,,,,,,,,,,,,,,,,,,,,,,,,,,,,,,Human Health Hazards#Toxicity to Reproduction,Receptor Mediated Effects,Relative ARBA,METI/CERI-Japan,True,No qualifier,Equal,,,,,in Vitro,Recombinant human androgen receptor,,,,,,,,,,,,,,,,,,,,,,,,,,,,,,,,,,,,,,,,,,,,,,,,,,,,,,,,,,,,,,,,,,,,,,,,,,,,,,,,,,,,,,,,,,,,,,,,,,,2015,1302,,,,,,,,,,,,,,,,,,,,,,,,,,,,,,,,,,,,,,,,,,,,,,,,,,,,,,,,,,,,,,,,,,,,,,,,,,,,,,,,,,,,,,,,,,,,,,,,,,,,,,,,,,,,,,,HTS00615,3-174,,,,,,,,,0,,%,Relative binding affinity (ratio),,,0,,%,Relative binding affinity (ratio),,
26761-40-0,"1,2-Benzenedicarboxylic acid diisodecyl ester;1,2-Benzenedicarboxylic acid, 1,2-diisodecyl ester;1,2-Benzenedicarboxylic acid, diisodecyl ester;1,2-Benzenedicarboxylic_acid_diisodecyl_ester;1,2-benzenedicarboxylic_acid,_diisodecyl_ester;bis(8-methylnonyl) benzene-1,2-dicarboxylate;di-''isodecyl'' phthalate;Di-isodecylphthalate;Diisodecyl phthalate;DIISODECYL_PHTHALATE;diisodecylphthalate",,,,,,,,,,,,,,,,,,,,,,,,,,,,,,,,,,,,,,,,,,,,,,,,,,,,,,,,,,,,,,,,,,,,,,,,,,,,,,,,,,,,,,,,,,,,,,,,,,,,,,,,,,,,,,,,,,,,,,,,,,,,,,,,Human Health Hazards#Toxicity to Reproduction,Receptor Mediated Effects,Relative ERBA,CERI-Japan,False,No qualifier,Equal,Japan human database,,,,in Vitro,Human,,,Akahori Y,,,,,,,,,,,,,,,,,,,,,,,,,,,,,,,Animalia (animals),Bilateria,Chordata (chordates),Vertebrata (vertebrates),Mammalia (mammals),Theria,Primates (primates),Haplorrhini,Simiiformes,"Hominidae (man-like primates,Great Apes)",Homo (hominoids),Deuterostomia,,,,,,,,,,,,,,,,,,,,,,,,,,,,,,,,,,,,,,,,,,,,,,,,,,,,,,2005,,,,,,,,Tetrapoda,,Hominoidea,Gnathostomata,,,,,,,,,,,,,,,,,,,,,,,,,,,,,,,,,,,,,,,Homininae (African apes),,,,,,,,,,Eutheria,,,,,,,,,,,,,,,,,,,,,,,,,,,,,,,,,,,,,,,,,,,,,,,,,,,,,,CERI-Japan,,,,,,,,0.0003429999924264848,,%,Relative binding affinity (ratio),,,0.0003429999924264848,,%,Relative binding affinity (ratio),,
26761-40-0,"1,2-Benzenedicarboxylic acid diisodecyl ester;1,2-Benzenedicarboxylic acid, 1,2-diisodecyl ester;1,2-Benzenedicarboxylic acid, diisodecyl ester;1,2-Benzenedicarboxylic_acid_diisodecyl_ester;1,2-benzenedicarboxylic_acid,_diisodecyl_ester;bis(8-methylnonyl) benzene-1,2-dicarboxylate;di-''isodecyl'' phthalate;Di-isodecylphthalate;Diisodecyl phthalate;DIISODECYL_PHTHALATE;diisodecylphthalate",,,,,,,,,,,,,,,,,,,,,,,,,,,,,,,,,,,,,,,,,,,,,,,,,,,,,,,,,,,,,,,,,,,,,,,,,,,,,,,,,,,,,,,,,,,,,,,,,,,,,,,,,,,,,,,,,,,,,,,,,,,,,,,,Human Health Hazards#Toxicity to Reproduction,Receptor Mediated Effects,Relative ERBA,METI/CERI-Japan,True,No qualifier,Equal,,,,,in Vitro,Recombinant human estrogen receptor,,,,,,,,,,,,,,,,,,,,,,,,,,,,,,,,,,,,,,,,,,,,,,,,,,,,,,,,,,,,,,,,,,,,,,,,,,,,,,,,,,,,,,,,,,,,,,,,,,,2015,1790,,,,,,,,,,,,,,,,,,,,,,,,,,,,,,,,,,,,,,,,,,,,,,,,,,,,,,,,,,,,,,,,,,,,,,,,,,,,,,,,,,,,,,,,,,,,,,,,,,,,,,,,,,,,,,,HTS00615,3-174,,,,,,,,,0.0003429999924264848,,%,Relative binding affinity (ratio),,,0.0003429999924264848,,%,Relative binding affinity (ratio),,
26761-40-0,"1,2-Benzenedicarboxylic acid diisodecyl ester;1,2-Benzenedicarboxylic acid, 1,2-diisodecyl ester;1,2-Benzenedicarboxylic acid, diisodecyl ester;1,2-Benzenedicarboxylic_acid_diisodecyl_ester;1,2-benzenedicarboxylic_acid,_diisodecyl_ester;bis(8-methylnonyl) benzene-1,2-dicarboxylate;di-''isodecyl'' phthalate;Di-isodecylphthalate;Diisodecyl phthalate;DIISODECYL_PHTHALATE;diisodecylphthalate",CC(C)(C)CCCCCCOC(=O)c1ccccc1C(=O)OCCCCCCC(C)(C)C,C28H46O4,Mono constituent,,Sources:2,Low,Not calculated,Not calculated,Not calculated,Not calculated,Not calculated,Not calculated,Not calculated,Not calculated,Not calculated,Not calculated,Not calculated,Not calculated,Not calculated,Not calculated,Not calculated,Not calculated,Not calculated,Not calculated,Not calculated,Not calculated,Not calculated,Not calculated,Not calculated,Not calculated,Not calculated,Not calculated,Not calculated,Not calculated,Not calculated,Not calculated,Not calculated,Not calculated,Not calculated,Not calculated,Not calculated,Not calculated,Not calculated,Not calculated,Not calculated,Not calculated,Not calculated,Not calculated,Not calculated,Not calculated,Not calculated,Not calculated,Not calculated,Not calculated,Not calculated,Not calculated,Not calculated,Not calculated,Not calculated,Not calculated,Not calculated,Not calculated,Not calculated,Not calculated,Not calculated,Not calculated,Not calculated,Not calculated,Not calculated,Not calculated,Not calculated,Not calculated,Not calculated,Not calculated,Not calculated,Not calculated,Not calculated,Not calculated,Not calculated,Not calculated,Not calculated,Not calculated,Not calculated,Not calculated,Not calculated,Not calculated,Not calculated,Not calculated,Not calculated,Not calculated,Not calculated,Not calculated,Not calculated,Not calculated,Not calculated,Not calculated,Not calculated,Not calculated,Not calculated,Not calculated,Not calculated,Not calculated,Not calculated,Not calculated,Not calculated,Not calculated,Not calculated,Not calculated,Not calculated,Not calculated,Not calculated,Not calculated,Not calculated,Not calculated,Not calculated,Not calculated,Not calculated,Not calculated,Not calculated,Not calculated,Not calculated,Not calculated,Not calculated,Not calculated,Not calculated,Not calculated,Not calculated,Human Health Hazards#Toxicity to Reproduction,Receptor Mediated Effects,Relative ERBA,"Chemicals Evaluation and Research Institute, Japan",False,No qualifier,Equal,recombinant rat protein,,,,in Vitro,Rat,,,,,,,,,,,,,,,,,,,,,,,,,,,,,,,,,,,,,,,,,,,,,,,,,,,,,,,,,,,,,,,,,,,,,,,,,,,,,,,,,,,,,,,,,,,,,,,,,,,,,,,,,,,,,,,,,,,,,,,,,,,,,,,,,,,,,,,,,,,,,,,,,,,,,,,,,,,,,,,,,,,,,,,,,,,,,,,,,,,,,,,,,,,,,,,,,,,,,,,,,,,,,,,,,,,,,,,,,,,,,0.0003429999924264848,,%,Relative binding affinity (ratio),,,0.0003429999924264848,,%,Relative binding affinity (ratio),,



