CAS Number,Chemical name(s),SMILES,Molecular formula,Predefined substance type,Additional Ids,Identity,CAS-SMILES relation,Water Solubility (fragments),Water Solubility,Vapor Pressure (Modified Grain Method),Vapor Pressure (Mackay method),Vapor Pressure (Antoine method),Log Koa (Henry's law constant model),Log Koa (Air-water partition coefficient model),Lipid Solubility,Kp (Octanol/air (Koa) model),Kp (Mackay method),Koc (MCI),Exp Log P,Ultimate biodeg (Biowin 3),Total Kb,Surface Tension,Subcooled liquid Vapor Pressure,STP FM (Total removal),STP FM (Total biodegradation),Similarity,Selected Vapor Pressure,Selected Melting Point,Relative number of N atoms,Ready Biodegradability Prediction,Primary biodeg (Biowin 4),phi (Octanol/air (Koa) model),phi (Mackay model),phi (Junge-Pankow model),OVERALL OZONE rate constant,OVERALL OZONE Half-life,OVERALL OH rate constant,OVERALL OH Half-life,Number of single bonds (with H),Number of single bonds,Number of rings,Number of nitro groups,Number of heavy atoms,Number of double bonds,Number of cyclic bonds,Number of aromatic bonds,Molecular Weight,Melting point (Gold and Ogle method),Melting Point (Adapted Joback Method),Mean Melting Point,log Kow,Koc (Log Kow),kM,Kb half-life (pH 8),Kb half-life (pH 7),Ka Half-Life (pH 8),Ka Half-Life (pH 7),Hydrolysis half-life (pH 6.5-7.4),Henrys law Constant (Group Method),Henrys Law Constant (Bond Method),Half-Life (Observed metabolism),Half-Life (Model River),Half-Life (Model Lake),GSH Reactivity,FM reaction water,FM reaction time,FM reaction soil,FM reaction sediment,FM reaction air,FM persistence time,FM percent reacted,FM percent advected,FM mass amount water,FM mass amount soil,FM mass amount sediment,FM mass amount air,FM half-life water,FM half-life soil,FM half-life sediment,FM half-life air,FM fugacity water,FM fugacity soil,FM fugacity sediment,FM fugacity air,FM emissions water,FM emissions soil,FM emissions sedmient,FM emissions air,FM advection water,FM advection time,FM advection soil,FM advection sediment,FM advection air,Exp Water Solubility,Exp Vapor Pressure,Exp Ozone rate constant,Exp OH rate constant,Exp NO3 rate constant,Exp Melting Point,Exp Henrys Law Constant,Exp Boiling Point,Boiling point,Biotransformation Half-Life,BioHC Half-Life,Biodeg probability (Biowin 7),Biodeg probability (Biowin 6),Biodeg probability (Biowin 5),Biodeg probability (Biowin 2),Biodeg probability (Biowin 1),Bio Half-Life,BCF (upper trophic),"BCF (upper trophic, biotransformation rate is zero)",BCF (mid trophic),BCF (lower trophic),BCF,Basic pKa (OASIS Regression),BAF (upper trophic),"BAF (upper trophic, biotransformation rate is zero)",BAF (mid trophic),BAF (lower trophic),BAF,Amino acids pKa (OASIS Regression),Acidic pKa (OASIS Regression),Acidic pKa (OASIS Electric),Acidic pKa (OASIS Consensus),Acidic pKa (OASIS composite calculator),(Q) Basic pKa (Chemaxon),(Q) Acidic pKa (Chemaxon),EndpointPath,Database,Year,Title,Endpoint,Assigned SMILES,Qualifier,Substance/Test material equality,Reference source,Experimental condition.Unit,Experimental condition.Scale,Experimental condition.MinValue,Effect,Test organisms (species),Kingdom,Subkingdom,Phylum,Subphylum,Superclass,Class,Order,Suborder,Family,Genus,Infrakingdom,Infraphylum,Trend,Author,Test ID,Result ID,Conc1 type,Media type,Measurement,Control type,Created date,Reference db,Exposure Type,Modified date,Response site,Test location,Published date,Organism source,Publication year,Endpoint assigned,Significance code,Significance type,Organism lifestage,Experimental design,Media type comments,Chem analysis method,Test characteristics,Organism characteristics,Organism source comments,Test additional comments,Num doses.MeanValue,Num doses.Scale,Test purity.MeanValue,Test purity.Qualifier,Test purity.Scale,Organism age.MeanValue,Organism age.Qualifier,Organism age.Unit,Organism age.Scale,Study duration.MeanValue,Study duration.Unit,Study duration.Scale,Application freq.MeanValue,Application freq.Unit,Application freq.Scale,Exposure duration.MeanValue,Exposure duration.Unit,Exposure duration.Scale,Media temperature.MeanValue,Media temperature.Unit,Media temperature.Scale,Significance level.MeanValue,Significance level.Qualifier,Significance level.Scale,Companion tag,Measurement comments,Conc1 comments,Additional comments,Sample size.MeanValue,Sample size.Unit,Sample size.Scale,Superfamily,Subclass,Infraorder,Effect %.MeanValue,Effect %.Scale,Route of administration,Type of method,Assay,Assay URL,Assay mode,Assay note,Gene symbol,Assay target,Assay category,Assay provider,Assay technology,Entrez gene name,Assay description,Assay target family,Assay target source,Assay reference compound,Assay target source type,Entrez gene ID(s) corresponding to the assay readout,Infraclass,Subfamily,Tissue,Cell format,Assay footprint,Cell short name,Cell growth mode,Dilution solvent,Assay design type,Assay format type,Assay source desc,Assay source name,Key assay reagent,Analysis direction,Assay function type,Content readout type,Detection technology,Intended target type,Normalized Data Type,Assay design sub-type,Assay sub-format type,Assay source long name,Intended target family,Key assay reagent type,Intended target gene ID,Intended target sub-type,Biological process target,Detection technology type,Intended signal direction,Technological target type,Wavelength emission1 (nm),Wavelength emission2 (nm),Intended target sub-family,Assay component target desc,Intended target gene symbol,Wavelength excitation1 (nm),Dilution solvent percent max,Technological target gene ID,Detection technology sub-type,Technological target sub-type,Technological target gene symbol,Timepoint.MeanValue,Timepoint.Unit,Timepoint.Scale,Key assay positive control,Assay solvent control,Assay positive control,Assay phenotype,Duration.MeanValue,Duration.Unit,Duration.Scale,Value.MeanValue,Value.Unit,Value.Scale,Value.MinValue,Value.MaxValue,Original value.MeanValue,Original value.Unit,Original value.Scale,Original value.MinValue,Original value.MaxValue
77-89-4,"1,2,3-Propanetricarboxylic acid, 2-(acetyloxy)-, 1,2,3-triethyl ester;1,2,3-Propanetricarboxylic acid, 2-(acetyloxy)-, triethyl ester;2-(Acetyloxy)-1,2,3-propanetricarboxylic acid 1,2,3-triethyl ester;Acetyl triethyl citrate;Acetyltriethyl citrate;acetyltriethyl citrate (1,2,3-propanetricarboxylic acid, 2-(acetyloxy)-, triethyl ester);Citric acid, triethyl ester, acetate;triethyl 2-(acetyloxy)propane-1,2,3-tricarboxylate;triethyl O-acetylcitrate",CCOC(=O)CC(CC(=O)OCC)(OC(C)=O)C(=O)OCC,C14H22O8,Mono constituent,EC Number:2010665,Sources:13,High,Not calculated,Not calculated,Not calculated,Not calculated,Not calculated,Not calculated,Not calculated,Not calculated,Not calculated,Not calculated,Not calculated,Not calculated,Not calculated,Not calculated,Not calculated,Not calculated,Not calculated,Not calculated,Not calculated,Not calculated,Not calculated,Not calculated,Not calculated,Not calculated,Not calculated,Not calculated,Not calculated,Not calculated,Not calculated,Not calculated,Not calculated,Not calculated,Not calculated,Not calculated,Not calculated,Not calculated,Not calculated,Not calculated,Not calculated,Not calculated,Not calculated,Not calculated,Not calculated,Not calculated,Not calculated,Not calculated,Not calculated,Not calculated,Not calculated,Not calculated,Not calculated,Not calculated,Not calculated,Not calculated,Not calculated,Not calculated,Not calculated,Not calculated,Not calculated,Not calculated,Not calculated,Not calculated,Not calculated,Not calculated,Not calculated,Not calculated,Not calculated,Not calculated,Not calculated,Not calculated,Not calculated,Not calculated,Not calculated,Not calculated,Not calculated,Not calculated,Not calculated,Not calculated,Not calculated,Not calculated,Not calculated,Not calculated,Not calculated,Not calculated,Not calculated,Not calculated,Not calculated,Not calculated,Not calculated,Not calculated,Not calculated,Not calculated,Not calculated,Not calculated,Not calculated,Not calculated,Not calculated,Not calculated,Not calculated,Not calculated,Not calculated,Not calculated,Not calculated,Not calculated,Not calculated,Not calculated,Not calculated,Not calculated,Not calculated,Not calculated,Not calculated,Not calculated,Not calculated,Not calculated,Not calculated,Not calculated,Not calculated,Not calculated,Not calculated,Not calculated,Not calculated,Physical Chemical Properties#Boiling point,Phys-chem EPISUITE,,,Boiling point,False,No qualifier,Equal,SRC,mm Hg,Pressure,100,,,,,,,,,,,,,,,,,,,,,,,,,,,,,,,,,,,,,,,,,,,,,,,,,,,,,,,,,,,,,,,,,,,,,,,,,,,,,,,,,,,,,,,,,,,,,,,,,,,,,,,,,,,,,,,,,,,,,,,,,,,,,,,,,,,,,,,,,,,,,,,,,,,,228.5,°C,Temperature,,,228.5,°C,Temperature,,
77-89-4,"1,2,3-Propanetricarboxylic acid, 2-(acetyloxy)-, 1,2,3-triethyl ester;1,2,3-Propanetricarboxylic acid, 2-(acetyloxy)-, triethyl ester;2-(Acetyloxy)-1,2,3-propanetricarboxylic acid 1,2,3-triethyl ester;Acetyl triethyl citrate;Acetyltriethyl citrate;acetyltriethyl citrate (1,2,3-propanetricarboxylic acid, 2-(acetyloxy)-, triethyl ester);Citric acid, triethyl ester, acetate;triethyl 2-(acetyloxy)propane-1,2,3-tricarboxylate;triethyl O-acetylcitrate",,,,,,,,,,,,,,,,,,,,,,,,,,,,,,,,,,,,,,,,,,,,,,,,,,,,,,,,,,,,,,,,,,,,,,,,,,,,,,,,,,,,,,,,,,,,,,,,,,,,,,,,,,,,,,,,,,,,,,,,,,,,,,,,Ecotoxicological Information#Aquatic Toxicity,ECOTOX,,Developmental Toxicity of Dibutyl Phthalate and Citrate Ester Plasticizers in Xenopus laevis Embryos,NOEC,True,No qualifier,Equal,Chemosphere204:523-534,,,,Biochemistry,Xenopus laevis,Animalia (animals),Bilateria,Chordata (chordates),Vertebrata (vertebrates),Tetrapoda,Amphibia (Amphibians),"Anura (Frogs,Toads)",,Pipidae (Tongueless Frogs),Xenopus (Clawed Frogs),Deuterostomia,Gnathostomata,Increasing,"Xu,Y., and M.C. Gye",2239862,2515316,Active ingredient,Culture,Lipid hydroperoxide,Carrier or solvent,02/14/2020,A,Renewal,02/18/2020,Head,Lab,03/12/2020,Laboratory,2018,Reviewer assigned endpoint,Not significant at all concentrations,P,Blastula,4 REPLICATES,FETAX SOLUTION,Unmeasured,Triethyl 2-acetylcitrate,DE-JELLIED,BRED AT HANYANG UNIVERSITY AQUARIUM,SOURCE/BRED AT HANYANG UNIVERSITY AQUARIUM//MEDIA/FETAX SOLUTION//,4,None,99,>,None,2,>,h,Time,96,h,Time,24,Every x hours,Unknown,96,h,Time,23,°C,Temperature,0.05,<,None,,,,,,,,,,,,,,,,,,,,,,,,,,,,,,,,,,,,,,,,,,,,,,,,,,,,,,,,,,,,,,,,,,,,,,,,,,,,,,,96,h,Time,113.5999984741211,mg/L,Mass concentration,,,113.5999984741211,mg/L,Mass concentration,,
77-89-4,"1,2,3-Propanetricarboxylic acid, 2-(acetyloxy)-, 1,2,3-triethyl ester;1,2,3-Propanetricarboxylic acid, 2-(acetyloxy)-, triethyl ester;2-(Acetyloxy)-1,2,3-propanetricarboxylic acid 1,2,3-triethyl ester;Acetyl triethyl citrate;Acetyltriethyl citrate;acetyltriethyl citrate (1,2,3-propanetricarboxylic acid, 2-(acetyloxy)-, triethyl ester);Citric acid, triethyl ester, acetate;triethyl 2-(acetyloxy)propane-1,2,3-tricarboxylate;triethyl O-acetylcitrate",,,,,,,,,,,,,,,,,,,,,,,,,,,,,,,,,,,,,,,,,,,,,,,,,,,,,,,,,,,,,,,,,,,,,,,,,,,,,,,,,,,,,,,,,,,,,,,,,,,,,,,,,,,,,,,,,,,,,,,,,,,,,,,,Ecotoxicological Information#Aquatic Toxicity,ECOTOX,,Developmental Toxicity of Dibutyl Phthalate and Citrate Ester Plasticizers in Xenopus laevis Embryos,LOEC,True,No qualifier,Equal,Chemosphere204:523-534,,,,Genetics,Xenopus laevis,Animalia (animals),Bilateria,Chordata (chordates),Vertebrata (vertebrates),Tetrapoda,Amphibia (Amphibians),"Anura (Frogs,Toads)",,Pipidae (Tongueless Frogs),Xenopus (Clawed Frogs),Deuterostomia,Gnathostomata,Decreasing,"Xu,Y., and M.C. Gye",2239858,2515300,Active ingredient,Culture,Collagen alpha-1(II) chain mRNA,Carrier or solvent,02/14/2020,A,Renewal,02/18/2020,,Lab,03/12/2020,Laboratory,2018,Reviewer assigned endpoint,Significant,P,Blastula,4 REPLICATES,FETAX SOLUTION,Unmeasured,Triethyl 2-acetylcitrate,DE-JELLIED,BRED AT HANYANG UNIVERSITY AQUARIUM,SOURCE/BRED AT HANYANG UNIVERSITY AQUARIUM//MEDIA/FETAX SOLUTION//,5,None,99,>,None,2,>,h,Time,96,h,Time,24,Every x hours,Unknown,96,h,Time,23,°C,Temperature,0.01,<,None,87819,PRIMER USED. ACCESSION NUMBER REPORTED,,,,,,,,,,,,,,,,,,,,,,,,,,,,,,,,,,,,,,,,,,,,,,,,,,,,,,,,,,,,,,,,,,,,,,,,,,,,,96,h,Time,113.5999984741211,mg/L,Mass concentration,,,113.5999984741211,mg/L,Mass concentration,,
77-89-4,"1,2,3-Propanetricarboxylic acid, 2-(acetyloxy)-, 1,2,3-triethyl ester;1,2,3-Propanetricarboxylic acid, 2-(acetyloxy)-, triethyl ester;2-(Acetyloxy)-1,2,3-propanetricarboxylic acid 1,2,3-triethyl ester;Acetyl triethyl citrate;Acetyltriethyl citrate;acetyltriethyl citrate (1,2,3-propanetricarboxylic acid, 2-(acetyloxy)-, triethyl ester);Citric acid, triethyl ester, acetate;triethyl 2-(acetyloxy)propane-1,2,3-tricarboxylate;triethyl O-acetylcitrate",,,,,,,,,,,,,,,,,,,,,,,,,,,,,,,,,,,,,,,,,,,,,,,,,,,,,,,,,,,,,,,,,,,,,,,,,,,,,,,,,,,,,,,,,,,,,,,,,,,,,,,,,,,,,,,,,,,,,,,,,,,,,,,,Ecotoxicological Information#Aquatic Toxicity,ECOTOX,,Developmental Toxicity of Dibutyl Phthalate and Citrate Ester Plasticizers in Xenopus laevis Embryos,NOEC,True,No qualifier,Equal,Chemosphere204:523-534,,,,Genetics,Xenopus laevis,Animalia (animals),Bilateria,Chordata (chordates),Vertebrata (vertebrates),Tetrapoda,Amphibia (Amphibians),"Anura (Frogs,Toads)",,Pipidae (Tongueless Frogs),Xenopus (Clawed Frogs),Deuterostomia,Gnathostomata,Increasing,"Xu,Y., and M.C. Gye",2239858,2515296,Active ingredient,Culture,BCL2 antagonist/killer 1 S homeolog mRNA,Carrier or solvent,02/14/2020,A,Renewal,02/18/2020,,Lab,03/12/2020,Laboratory,2018,Reviewer assigned endpoint,Not significant at all concentrations,P,Blastula,4 REPLICATES,FETAX SOLUTION,Unmeasured,Triethyl 2-acetylcitrate,DE-JELLIED,BRED AT HANYANG UNIVERSITY AQUARIUM,SOURCE/BRED AT HANYANG UNIVERSITY AQUARIUM//MEDIA/FETAX SOLUTION//,5,None,99,>,None,2,>,h,Time,96,h,Time,24,Every x hours,Unknown,96,h,Time,23,°C,Temperature,0.05,<,None,,PRIMER USED. ACCESSION NUMBER REPORTED,,,,,,,,,,,,,,,,,,,,,,,,,,,,,,,,,,,,,,,,,,,,,,,,,,,,,,,,,,,,,,,,,,,,,,,,,,,,,96,h,Time,113.5999984741211,mg/L,Mass concentration,,,113.5999984741211,mg/L,Mass concentration,,
77-89-4,"1,2,3-Propanetricarboxylic acid, 2-(acetyloxy)-, 1,2,3-triethyl ester;1,2,3-Propanetricarboxylic acid, 2-(acetyloxy)-, triethyl ester;2-(Acetyloxy)-1,2,3-propanetricarboxylic acid 1,2,3-triethyl ester;Acetyl triethyl citrate;Acetyltriethyl citrate;acetyltriethyl citrate (1,2,3-propanetricarboxylic acid, 2-(acetyloxy)-, triethyl ester);Citric acid, triethyl ester, acetate;triethyl 2-(acetyloxy)propane-1,2,3-tricarboxylate;triethyl O-acetylcitrate",,,,,,,,,,,,,,,,,,,,,,,,,,,,,,,,,,,,,,,,,,,,,,,,,,,,,,,,,,,,,,,,,,,,,,,,,,,,,,,,,,,,,,,,,,,,,,,,,,,,,,,,,,,,,,,,,,,,,,,,,,,,,,,,Ecotoxicological Information#Aquatic Toxicity,ECOTOX,,Developmental Toxicity of Dibutyl Phthalate and Citrate Ester Plasticizers in Xenopus laevis Embryos,NOEC,True,No qualifier,Equal,Chemosphere204:523-534,,,,Genetics,Xenopus laevis,Animalia (animals),Bilateria,Chordata (chordates),Vertebrata (vertebrates),Tetrapoda,Amphibia (Amphibians),"Anura (Frogs,Toads)",,Pipidae (Tongueless Frogs),Xenopus (Clawed Frogs),Deuterostomia,Gnathostomata,Decreasing,"Xu,Y., and M.C. Gye",2239858,2515299,Active ingredient,Culture,Collagen alpha-1(II) chain mRNA,Carrier or solvent,02/14/2020,A,Renewal,02/18/2020,,Lab,03/12/2020,Laboratory,2018,Reviewer assigned endpoint,No significance,P,Blastula,4 REPLICATES,FETAX SOLUTION,Unmeasured,Triethyl 2-acetylcitrate,DE-JELLIED,BRED AT HANYANG UNIVERSITY AQUARIUM,SOURCE/BRED AT HANYANG UNIVERSITY AQUARIUM//MEDIA/FETAX SOLUTION//,5,None,99,>,None,2,>,h,Time,96,h,Time,24,Every x hours,Unknown,96,h,Time,23,°C,Temperature,0.05,<,None,87819,PRIMER USED. ACCESSION NUMBER REPORTED,,,,,,,,,,,,,,,,,,,,,,,,,,,,,,,,,,,,,,,,,,,,,,,,,,,,,,,,,,,,,,,,,,,,,,,,,,,,,96,h,Time,11.399999618530273,mg/L,Mass concentration,,,11.399999618530273,mg/L,Mass concentration,,
77-89-4,"1,2,3-Propanetricarboxylic acid, 2-(acetyloxy)-, 1,2,3-triethyl ester;1,2,3-Propanetricarboxylic acid, 2-(acetyloxy)-, triethyl ester;2-(Acetyloxy)-1,2,3-propanetricarboxylic acid 1,2,3-triethyl ester;Acetyl triethyl citrate;Acetyltriethyl citrate;acetyltriethyl citrate (1,2,3-propanetricarboxylic acid, 2-(acetyloxy)-, triethyl ester);Citric acid, triethyl ester, acetate;triethyl 2-(acetyloxy)propane-1,2,3-tricarboxylate;triethyl O-acetylcitrate",,,,,,,,,,,,,,,,,,,,,,,,,,,,,,,,,,,,,,,,,,,,,,,,,,,,,,,,,,,,,,,,,,,,,,,,,,,,,,,,,,,,,,,,,,,,,,,,,,,,,,,,,,,,,,,,,,,,,,,,,,,,,,,,Ecotoxicological Information#Aquatic Toxicity,ECOTOX,,Developmental Toxicity of Dibutyl Phthalate and Citrate Ester Plasticizers in Xenopus laevis Embryos,NOEC,True,No qualifier,Equal,Chemosphere204:523-534,,,,Genetics,Xenopus laevis,Animalia (animals),Bilateria,Chordata (chordates),Vertebrata (vertebrates),Tetrapoda,Amphibia (Amphibians),"Anura (Frogs,Toads)",,Pipidae (Tongueless Frogs),Xenopus (Clawed Frogs),Deuterostomia,Gnathostomata,Increasing,"Xu,Y., and M.C. Gye",2239858,2515301,Active ingredient,Culture,Forkhead box N3 S homeolog mRNA,Carrier or solvent,02/14/2020,A,Renewal,02/18/2020,,Lab,03/12/2020,Laboratory,2018,Reviewer assigned endpoint,Not significant at all concentrations,P,Blastula,4 REPLICATES,FETAX SOLUTION,Unmeasured,Triethyl 2-acetylcitrate,DE-JELLIED,BRED AT HANYANG UNIVERSITY AQUARIUM,SOURCE/BRED AT HANYANG UNIVERSITY AQUARIUM//MEDIA/FETAX SOLUTION//,5,None,99,>,None,2,>,h,Time,96,h,Time,24,Every x hours,Unknown,96,h,Time,23,°C,Temperature,0.05,<,None,,PRIMER USED. ACCESSION NUMBER REPORTED,,,,,,,,,,,,,,,,,,,,,,,,,,,,,,,,,,,,,,,,,,,,,,,,,,,,,,,,,,,,,,,,,,,,,,,,,,,,,96,h,Time,113.5999984741211,mg/L,Mass concentration,,,113.5999984741211,mg/L,Mass concentration,,
77-89-4,"1,2,3-Propanetricarboxylic acid, 2-(acetyloxy)-, 1,2,3-triethyl ester;1,2,3-Propanetricarboxylic acid, 2-(acetyloxy)-, triethyl ester;2-(Acetyloxy)-1,2,3-propanetricarboxylic acid 1,2,3-triethyl ester;Acetyl triethyl citrate;Acetyltriethyl citrate;acetyltriethyl citrate (1,2,3-propanetricarboxylic acid, 2-(acetyloxy)-, triethyl ester);Citric acid, triethyl ester, acetate;triethyl 2-(acetyloxy)propane-1,2,3-tricarboxylate;triethyl O-acetylcitrate",,,,,,,,,,,,,,,,,,,,,,,,,,,,,,,,,,,,,,,,,,,,,,,,,,,,,,,,,,,,,,,,,,,,,,,,,,,,,,,,,,,,,,,,,,,,,,,,,,,,,,,,,,,,,,,,,,,,,,,,,,,,,,,,Ecotoxicological Information#Aquatic Toxicity,ECOTOX,,Developmental Toxicity of Dibutyl Phthalate and Citrate Ester Plasticizers in Xenopus laevis Embryos,NOEC,True,No qualifier,Equal,Chemosphere204:523-534,,,,Genetics,Xenopus laevis,Animalia (animals),Bilateria,Chordata (chordates),Vertebrata (vertebrates),Tetrapoda,Amphibia (Amphibians),"Anura (Frogs,Toads)",,Pipidae (Tongueless Frogs),Xenopus (Clawed Frogs),Deuterostomia,Gnathostomata,Increasing,"Xu,Y., and M.C. Gye",2239858,2515297,Active ingredient,Culture,BCL2 associated agonist of cell death mRNA,Carrier or solvent,02/14/2020,A,Renewal,02/18/2020,,Lab,03/12/2020,Laboratory,2018,Reviewer assigned endpoint,Not significant at all concentrations,P,Blastula,4 REPLICATES,FETAX SOLUTION,Unmeasured,Triethyl 2-acetylcitrate,DE-JELLIED,BRED AT HANYANG UNIVERSITY AQUARIUM,SOURCE/BRED AT HANYANG UNIVERSITY AQUARIUM//MEDIA/FETAX SOLUTION//,5,None,99,>,None,2,>,h,Time,96,h,Time,24,Every x hours,Unknown,96,h,Time,23,°C,Temperature,0.05,<,None,,PRIMER USED. ACCESSION NUMBER REPORTED,,,,,,,,,,,,,,,,,,,,,,,,,,,,,,,,,,,,,,,,,,,,,,,,,,,,,,,,,,,,,,,,,,,,,,,,,,,,,96,h,Time,113.5999984741211,mg/L,Mass concentration,,,113.5999984741211,mg/L,Mass concentration,,
77-89-4,"1,2,3-Propanetricarboxylic acid, 2-(acetyloxy)-, 1,2,3-triethyl ester;1,2,3-Propanetricarboxylic acid, 2-(acetyloxy)-, triethyl ester;2-(Acetyloxy)-1,2,3-propanetricarboxylic acid 1,2,3-triethyl ester;Acetyl triethyl citrate;Acetyltriethyl citrate;acetyltriethyl citrate (1,2,3-propanetricarboxylic acid, 2-(acetyloxy)-, triethyl ester);Citric acid, triethyl ester, acetate;triethyl 2-(acetyloxy)propane-1,2,3-tricarboxylate;triethyl O-acetylcitrate",,,,,,,,,,,,,,,,,,,,,,,,,,,,,,,,,,,,,,,,,,,,,,,,,,,,,,,,,,,,,,,,,,,,,,,,,,,,,,,,,,,,,,,,,,,,,,,,,,,,,,,,,,,,,,,,,,,,,,,,,,,,,,,,Ecotoxicological Information#Aquatic Toxicity,ECOTOX,,Developmental Toxicity of Dibutyl Phthalate and Citrate Ester Plasticizers in Xenopus laevis Embryos,,True,Data in range,Equal,Chemosphere204:523-534,,,,Genetics,Xenopus laevis,Animalia (animals),Bilateria,Chordata (chordates),Vertebrata (vertebrates),Tetrapoda,Amphibia (Amphibians),"Anura (Frogs,Toads)",,Pipidae (Tongueless Frogs),Xenopus (Clawed Frogs),Deuterostomia,Gnathostomata,Change,"Xu,Y., and M.C. Gye",2239858,2515298,Active ingredient,Culture,B-cell lymphoma/leukemia 2-gene mRNA,Carrier or solvent,02/14/2020,A,Renewal,02/18/2020,,Lab,03/12/2020,Laboratory,2018,,Multiple significance,P,Blastula,4 REPLICATES,FETAX SOLUTION,Unmeasured,Triethyl 2-acetylcitrate,DE-JELLIED,BRED AT HANYANG UNIVERSITY AQUARIUM,SOURCE/BRED AT HANYANG UNIVERSITY AQUARIUM//MEDIA/FETAX SOLUTION//,5,None,99,>,None,2,>,h,Time,96,h,Time,24,Every x hours,Unknown,96,h,Time,23,°C,Temperature,0.05,<,None,,PRIMER USED. ACCESSION NUMBER REPORTED,,,,,,,,,,,,,,,,,,,,,,,,,,,,,,,,,,,,,,,,,,,,,,,,,,,,,,,,,,,,,,,,,,,,,,,,,,,,,96,h,Time,,mg/L,Mass concentration,0.10000000149011612,10.5,,mg/L,Mass concentration,0.10000000149011612,10.5
77-89-4,"1,2,3-Propanetricarboxylic acid, 2-(acetyloxy)-, 1,2,3-triethyl ester;1,2,3-Propanetricarboxylic acid, 2-(acetyloxy)-, triethyl ester;2-(Acetyloxy)-1,2,3-propanetricarboxylic acid 1,2,3-triethyl ester;Acetyl triethyl citrate;Acetyltriethyl citrate;acetyltriethyl citrate (1,2,3-propanetricarboxylic acid, 2-(acetyloxy)-, triethyl ester);Citric acid, triethyl ester, acetate;triethyl 2-(acetyloxy)propane-1,2,3-tricarboxylate;triethyl O-acetylcitrate",,,,,,,,,,,,,,,,,,,,,,,,,,,,,,,,,,,,,,,,,,,,,,,,,,,,,,,,,,,,,,,,,,,,,,,,,,,,,,,,,,,,,,,,,,,,,,,,,,,,,,,,,,,,,,,,,,,,,,,,,,,,,,,,Ecotoxicological Information#Aquatic Toxicity,ECOTOX,,Developmental Toxicity of Dibutyl Phthalate and Citrate Ester Plasticizers in Xenopus laevis Embryos,,True,Data in range,Equal,Chemosphere204:523-534,,,,Genetics,Xenopus laevis,Animalia (animals),Bilateria,Chordata (chordates),Vertebrata (vertebrates),Tetrapoda,Amphibia (Amphibians),"Anura (Frogs,Toads)",,Pipidae (Tongueless Frogs),Xenopus (Clawed Frogs),Deuterostomia,Gnathostomata,Increasing,"Xu,Y., and M.C. Gye",2239858,2515295,Active ingredient,Culture,bax mRNA,Carrier or solvent,02/14/2020,A,Renewal,02/18/2020,,Lab,03/12/2020,Laboratory,2018,,Multiple significance,P,Blastula,4 REPLICATES,FETAX SOLUTION,Unmeasured,Triethyl 2-acetylcitrate,DE-JELLIED,BRED AT HANYANG UNIVERSITY AQUARIUM,SOURCE/BRED AT HANYANG UNIVERSITY AQUARIUM//MEDIA/FETAX SOLUTION//,5,None,99,>,None,2,>,h,Time,96,h,Time,24,Every x hours,Unknown,96,h,Time,23,°C,Temperature,0.05,<,None,,PRIMER USED. ACCESSION NUMBER REPORTED,,,,,,,,,,,,,,,,,,,,,,,,,,,,,,,,,,,,,,,,,,,,,,,,,,,,,,,,,,,,,,,,,,,,,,,,,,,,,96,h,Time,,mg/L,Mass concentration,0.10000000149011612,10.5,,mg/L,Mass concentration,0.10000000149011612,10.5
77-89-4,"1,2,3-Propanetricarboxylic acid, 2-(acetyloxy)-, 1,2,3-triethyl ester;1,2,3-Propanetricarboxylic acid, 2-(acetyloxy)-, triethyl ester;2-(Acetyloxy)-1,2,3-propanetricarboxylic acid 1,2,3-triethyl ester;Acetyl triethyl citrate;Acetyltriethyl citrate;acetyltriethyl citrate (1,2,3-propanetricarboxylic acid, 2-(acetyloxy)-, triethyl ester);Citric acid, triethyl ester, acetate;triethyl 2-(acetyloxy)propane-1,2,3-tricarboxylate;triethyl O-acetylcitrate",,,,,,,,,,,,,,,,,,,,,,,,,,,,,,,,,,,,,,,,,,,,,,,,,,,,,,,,,,,,,,,,,,,,,,,,,,,,,,,,,,,,,,,,,,,,,,,,,,,,,,,,,,,,,,,,,,,,,,,,,,,,,,,,Ecotoxicological Information#Aquatic Toxicity,ECOTOX,,Developmental Toxicity of Dibutyl Phthalate and Citrate Ester Plasticizers in Xenopus laevis Embryos,LOEC,True,No qualifier,Equal,Chemosphere204:523-534,,,,Growth,Xenopus laevis,Animalia (animals),Bilateria,Chordata (chordates),Vertebrata (vertebrates),Tetrapoda,Amphibia (Amphibians),"Anura (Frogs,Toads)",,Pipidae (Tongueless Frogs),Xenopus (Clawed Frogs),Deuterostomia,Gnathostomata,Decreasing,"Xu,Y., and M.C. Gye",2239854,2515242,Active ingredient,Culture,Length,Carrier or solvent,02/13/2020,A,Renewal,02/18/2020,Whole organism,Lab,03/12/2020,Laboratory,2018,Reviewer assigned endpoint,Significant at all concentrations,P,Blastula,4 REPLICATES,FETAX SOLUTION,Unmeasured,Triethyl 2-acetylcitrate,DE-JELLIED,BRED AT HANYANG UNIVERSITY AQUARIUM,SOURCE/BRED AT HANYANG UNIVERSITY AQUARIUM//MEDIA/FETAX SOLUTION//,7,None,99,>,None,2,>,h,Time,96,h,Time,24,Every x hours,Unknown,96,h,Time,23,°C,Temperature,0.05,<,None,,,HIGHER CONCENTRATIONS NOT REPORTED,CONC1/HIGHER CONCENTRATIONS NOT REPORTED//,40,Organism,Unknown,,,,,,,,,,,,,,,,,,,,,,,,,,,,,,,,,,,,,,,,,,,,,,,,,,,,,,,,,,,,,,,,,,,,,,,,96,h,Time,90.9000015258789,mg/L,Mass concentration,,,90.9000015258789,mg/L,Mass concentration,,
77-89-4,"1,2,3-Propanetricarboxylic acid, 2-(acetyloxy)-, 1,2,3-triethyl ester;1,2,3-Propanetricarboxylic acid, 2-(acetyloxy)-, triethyl ester;2-(Acetyloxy)-1,2,3-propanetricarboxylic acid 1,2,3-triethyl ester;Acetyl triethyl citrate;Acetyltriethyl citrate;acetyltriethyl citrate (1,2,3-propanetricarboxylic acid, 2-(acetyloxy)-, triethyl ester);Citric acid, triethyl ester, acetate;triethyl 2-(acetyloxy)propane-1,2,3-tricarboxylate;triethyl O-acetylcitrate",,,,,,,,,,,,,,,,,,,,,,,,,,,,,,,,,,,,,,,,,,,,,,,,,,,,,,,,,,,,,,,,,,,,,,,,,,,,,,,,,,,,,,,,,,,,,,,,,,,,,,,,,,,,,,,,,,,,,,,,,,,,,,,,Ecotoxicological Information#Aquatic Toxicity,ECOTOX,,Developmental Toxicity of Dibutyl Phthalate and Citrate Ester Plasticizers in Xenopus laevis Embryos,LOEC,True,No qualifier,Equal,Chemosphere204:523-534,,,,Histology,Xenopus laevis,Animalia (animals),Bilateria,Chordata (chordates),Vertebrata (vertebrates),Tetrapoda,Amphibia (Amphibians),"Anura (Frogs,Toads)",,Pipidae (Tongueless Frogs),Xenopus (Clawed Frogs),Deuterostomia,Gnathostomata,Increasing,"Xu,Y., and M.C. Gye",2239854,2515250,Active ingredient,Culture,Lesions,Carrier or solvent,02/13/2020,A,Renewal,02/18/2020,,Lab,03/12/2020,Laboratory,2018,Reviewer assigned endpoint,Significant,P,Blastula,4 REPLICATES,FETAX SOLUTION,Unmeasured,Triethyl 2-acetylcitrate,DE-JELLIED,BRED AT HANYANG UNIVERSITY AQUARIUM,SOURCE/BRED AT HANYANG UNIVERSITY AQUARIUM//MEDIA/FETAX SOLUTION//,7,None,99,>,None,2,>,h,Time,96,h,Time,24,Every x hours,Unknown,96,h,Time,23,°C,Temperature,0.05,<,None,87816,BLISTER,HIGHER CONCENTRATIONS NOT REPORTED,CONC1/HIGHER CONCENTRATIONS NOT REPORTED//,40,Organism,Unknown,,,,,,,,,,,,,,,,,,,,,,,,,,,,,,,,,,,,,,,,,,,,,,,,,,,,,,,,,,,,,,,,,,,,,,,,96,h,Time,454.3999938964844,mg/L,Mass concentration,,,454.3999938964844,mg/L,Mass concentration,,
77-89-4,"1,2,3-Propanetricarboxylic acid, 2-(acetyloxy)-, 1,2,3-triethyl ester;1,2,3-Propanetricarboxylic acid, 2-(acetyloxy)-, triethyl ester;2-(Acetyloxy)-1,2,3-propanetricarboxylic acid 1,2,3-triethyl ester;Acetyl triethyl citrate;Acetyltriethyl citrate;acetyltriethyl citrate (1,2,3-propanetricarboxylic acid, 2-(acetyloxy)-, triethyl ester);Citric acid, triethyl ester, acetate;triethyl 2-(acetyloxy)propane-1,2,3-tricarboxylate;triethyl O-acetylcitrate",,,,,,,,,,,,,,,,,,,,,,,,,,,,,,,,,,,,,,,,,,,,,,,,,,,,,,,,,,,,,,,,,,,,,,,,,,,,,,,,,,,,,,,,,,,,,,,,,,,,,,,,,,,,,,,,,,,,,,,,,,,,,,,,Ecotoxicological Information#Aquatic Toxicity,ECOTOX,,Developmental Toxicity of Dibutyl Phthalate and Citrate Ester Plasticizers in Xenopus laevis Embryos,NOEC,True,No qualifier,Equal,Chemosphere204:523-534,,,,Histology,Xenopus laevis,Animalia (animals),Bilateria,Chordata (chordates),Vertebrata (vertebrates),Tetrapoda,Amphibia (Amphibians),"Anura (Frogs,Toads)",,Pipidae (Tongueless Frogs),Xenopus (Clawed Frogs),Deuterostomia,Gnathostomata,Increasing,"Xu,Y., and M.C. Gye",2239854,2515249,Active ingredient,Culture,Lesions,Carrier or solvent,02/13/2020,A,Renewal,02/18/2020,,Lab,03/12/2020,Laboratory,2018,Reviewer assigned endpoint,No significance,P,Blastula,4 REPLICATES,FETAX SOLUTION,Unmeasured,Triethyl 2-acetylcitrate,DE-JELLIED,BRED AT HANYANG UNIVERSITY AQUARIUM,SOURCE/BRED AT HANYANG UNIVERSITY AQUARIUM//MEDIA/FETAX SOLUTION//,7,None,99,>,None,2,>,h,Time,96,h,Time,24,Every x hours,Unknown,96,h,Time,23,°C,Temperature,0.05,<,None,87816,BLISTER,HIGHER CONCENTRATIONS NOT REPORTED,CONC1/HIGHER CONCENTRATIONS NOT REPORTED//,40,Organism,Unknown,,,,,,,,,,,,,,,,,,,,,,,,,,,,,,,,,,,,,,,,,,,,,,,,,,,,,,,,,,,,,,,,,,,,,,,,96,h,Time,363.5,mg/L,Mass concentration,,,363.5,mg/L,Mass concentration,,
77-89-4,"1,2,3-Propanetricarboxylic acid, 2-(acetyloxy)-, 1,2,3-triethyl ester;1,2,3-Propanetricarboxylic acid, 2-(acetyloxy)-, triethyl ester;2-(Acetyloxy)-1,2,3-propanetricarboxylic acid 1,2,3-triethyl ester;Acetyl triethyl citrate;Acetyltriethyl citrate;acetyltriethyl citrate (1,2,3-propanetricarboxylic acid, 2-(acetyloxy)-, triethyl ester);Citric acid, triethyl ester, acetate;triethyl 2-(acetyloxy)propane-1,2,3-tricarboxylate;triethyl O-acetylcitrate",,,,,,,,,,,,,,,,,,,,,,,,,,,,,,,,,,,,,,,,,,,,,,,,,,,,,,,,,,,,,,,,,,,,,,,,,,,,,,,,,,,,,,,,,,,,,,,,,,,,,,,,,,,,,,,,,,,,,,,,,,,,,,,,Ecotoxicological Information#Aquatic Toxicity,ECOTOX,,Developmental Toxicity of Dibutyl Phthalate and Citrate Ester Plasticizers in Xenopus laevis Embryos,EC50,True,No qualifier,Equal,Chemosphere204:523-534,,,,Morphology,Xenopus laevis,Animalia (animals),Bilateria,Chordata (chordates),Vertebrata (vertebrates),Tetrapoda,Amphibia (Amphibians),"Anura (Frogs,Toads)",,Pipidae (Tongueless Frogs),Xenopus (Clawed Frogs),Deuterostomia,Gnathostomata,Increasing,"Xu,Y., and M.C. Gye",2239854,2515243,Active ingredient,Culture,Abnormal,Carrier or solvent,02/13/2020,A,Renewal,02/18/2020,,Lab,03/12/2020,Laboratory,2018,Publication reported endpoint,,,Blastula,4 REPLICATES,FETAX SOLUTION,Unmeasured,Triethyl 2-acetylcitrate,DE-JELLIED,BRED AT HANYANG UNIVERSITY AQUARIUM,SOURCE/BRED AT HANYANG UNIVERSITY AQUARIUM//MEDIA/FETAX SOLUTION//,7,None,99,>,None,2,>,h,Time,96,h,Time,24,Every x hours,Unknown,96,h,Time,23,°C,Temperature,,,,,,,,40,Organism,Unknown,,,,,,,,,,,,,,,,,,,,,,,,,,,,,,,,,,,,,,,,,,,,,,,,,,,,,,,,,,,,,,,,,,,,,,,,96,h,Time,413.79998779296875,mg/L,Mass concentration,,,413.79998779296875,mg/L,Mass concentration,,
77-89-4,"1,2,3-Propanetricarboxylic acid, 2-(acetyloxy)-, 1,2,3-triethyl ester;1,2,3-Propanetricarboxylic acid, 2-(acetyloxy)-, triethyl ester;2-(Acetyloxy)-1,2,3-propanetricarboxylic acid 1,2,3-triethyl ester;Acetyl triethyl citrate;Acetyltriethyl citrate;acetyltriethyl citrate (1,2,3-propanetricarboxylic acid, 2-(acetyloxy)-, triethyl ester);Citric acid, triethyl ester, acetate;triethyl 2-(acetyloxy)propane-1,2,3-tricarboxylate;triethyl O-acetylcitrate",,,,,,,,,,,,,,,,,,,,,,,,,,,,,,,,,,,,,,,,,,,,,,,,,,,,,,,,,,,,,,,,,,,,,,,,,,,,,,,,,,,,,,,,,,,,,,,,,,,,,,,,,,,,,,,,,,,,,,,,,,,,,,,,Ecotoxicological Information#Aquatic Toxicity,ECOTOX,,Developmental Toxicity of Dibutyl Phthalate and Citrate Ester Plasticizers in Xenopus laevis Embryos,LOEC,True,No qualifier,Equal,Chemosphere204:523-534,,,,Morphology,Xenopus laevis,Animalia (animals),Bilateria,Chordata (chordates),Vertebrata (vertebrates),Tetrapoda,Amphibia (Amphibians),"Anura (Frogs,Toads)",,Pipidae (Tongueless Frogs),Xenopus (Clawed Frogs),Deuterostomia,Gnathostomata,Increasing,"Xu,Y., and M.C. Gye",2239854,2515255,Active ingredient,Culture,Abnormal,Carrier or solvent,02/13/2020,A,Renewal,02/18/2020,Tail,Lab,03/12/2020,Laboratory,2018,Reviewer assigned endpoint,Significant,P,Blastula,4 REPLICATES,FETAX SOLUTION,Unmeasured,Triethyl 2-acetylcitrate,DE-JELLIED,BRED AT HANYANG UNIVERSITY AQUARIUM,SOURCE/BRED AT HANYANG UNIVERSITY AQUARIUM//MEDIA/FETAX SOLUTION//,7,None,99,>,None,2,>,h,Time,96,h,Time,24,Every x hours,Unknown,96,h,Time,23,°C,Temperature,0.01,<,None,87814,BENT,HIGHER CONCENTRATIONS NOT REPORTED,CONC1/HIGHER CONCENTRATIONS NOT REPORTED//,40,Organism,Unknown,,,,,,,,,,,,,,,,,,,,,,,,,,,,,,,,,,,,,,,,,,,,,,,,,,,,,,,,,,,,,,,,,,,,,,,,96,h,Time,454.3999938964844,mg/L,Mass concentration,,,454.3999938964844,mg/L,Mass concentration,,
77-89-4,"1,2,3-Propanetricarboxylic acid, 2-(acetyloxy)-, 1,2,3-triethyl ester;1,2,3-Propanetricarboxylic acid, 2-(acetyloxy)-, triethyl ester;2-(Acetyloxy)-1,2,3-propanetricarboxylic acid 1,2,3-triethyl ester;Acetyl triethyl citrate;Acetyltriethyl citrate;acetyltriethyl citrate (1,2,3-propanetricarboxylic acid, 2-(acetyloxy)-, triethyl ester);Citric acid, triethyl ester, acetate;triethyl 2-(acetyloxy)propane-1,2,3-tricarboxylate;triethyl O-acetylcitrate",,,,,,,,,,,,,,,,,,,,,,,,,,,,,,,,,,,,,,,,,,,,,,,,,,,,,,,,,,,,,,,,,,,,,,,,,,,,,,,,,,,,,,,,,,,,,,,,,,,,,,,,,,,,,,,,,,,,,,,,,,,,,,,,Ecotoxicological Information#Aquatic Toxicity,ECOTOX,,Developmental Toxicity of Dibutyl Phthalate and Citrate Ester Plasticizers in Xenopus laevis Embryos,LOEC,True,No qualifier,Equal,Chemosphere204:523-534,,,,Morphology,Xenopus laevis,Animalia (animals),Bilateria,Chordata (chordates),Vertebrata (vertebrates),Tetrapoda,Amphibia (Amphibians),"Anura (Frogs,Toads)",,Pipidae (Tongueless Frogs),Xenopus (Clawed Frogs),Deuterostomia,Gnathostomata,Increasing,"Xu,Y., and M.C. Gye",2239854,2515256,Active ingredient,Culture,Abnormal,Carrier or solvent,02/13/2020,A,Renewal,02/18/2020,,Lab,03/12/2020,Laboratory,2018,Reviewer assigned endpoint,Significant,P,Blastula,4 REPLICATES,FETAX SOLUTION,Unmeasured,Triethyl 2-acetylcitrate,DE-JELLIED,BRED AT HANYANG UNIVERSITY AQUARIUM,SOURCE/BRED AT HANYANG UNIVERSITY AQUARIUM//MEDIA/FETAX SOLUTION//,7,None,99,>,None,2,>,h,Time,96,h,Time,24,Every x hours,Unknown,96,h,Time,23,°C,Temperature,0.05,<,None,87817,FREQUENCY,HIGHER CONCENTRATIONS NOT REPORTED,CONC1/HIGHER CONCENTRATIONS NOT REPORTED//,40,Organism,Unknown,,,,33.3,None,,,,,,,,,,,,,,,,,,,,,,,,,,,,,,,,,,,,,,,,,,,,,,,,,,,,,,,,,,,,,,,,,,,96,h,Time,363.5,mg/L,Mass concentration,,,363.5,mg/L,Mass concentration,,
77-89-4,"1,2,3-Propanetricarboxylic acid, 2-(acetyloxy)-, 1,2,3-triethyl ester;1,2,3-Propanetricarboxylic acid, 2-(acetyloxy)-, triethyl ester;2-(Acetyloxy)-1,2,3-propanetricarboxylic acid 1,2,3-triethyl ester;Acetyl triethyl citrate;Acetyltriethyl citrate;acetyltriethyl citrate (1,2,3-propanetricarboxylic acid, 2-(acetyloxy)-, triethyl ester);Citric acid, triethyl ester, acetate;triethyl 2-(acetyloxy)propane-1,2,3-tricarboxylate;triethyl O-acetylcitrate",,,,,,,,,,,,,,,,,,,,,,,,,,,,,,,,,,,,,,,,,,,,,,,,,,,,,,,,,,,,,,,,,,,,,,,,,,,,,,,,,,,,,,,,,,,,,,,,,,,,,,,,,,,,,,,,,,,,,,,,,,,,,,,,Ecotoxicological Information#Aquatic Toxicity,ECOTOX,,Developmental Toxicity of Dibutyl Phthalate and Citrate Ester Plasticizers in Xenopus laevis Embryos,LOEC,True,No qualifier,Equal,Chemosphere204:523-534,,,,Morphology,Xenopus laevis,Animalia (animals),Bilateria,Chordata (chordates),Vertebrata (vertebrates),Tetrapoda,Amphibia (Amphibians),"Anura (Frogs,Toads)",,Pipidae (Tongueless Frogs),Xenopus (Clawed Frogs),Deuterostomia,Gnathostomata,Increasing,"Xu,Y., and M.C. Gye",2239854,2515248,Active ingredient,Culture,Abnormal,Carrier or solvent,02/13/2020,A,Renewal,02/18/2020,Head,Lab,03/12/2020,Laboratory,2018,Reviewer assigned endpoint,Significant,P,Blastula,4 REPLICATES,FETAX SOLUTION,Unmeasured,Triethyl 2-acetylcitrate,DE-JELLIED,BRED AT HANYANG UNIVERSITY AQUARIUM,SOURCE/BRED AT HANYANG UNIVERSITY AQUARIUM//MEDIA/FETAX SOLUTION//,7,None,99,>,None,2,>,h,Time,96,h,Time,24,Every x hours,Unknown,96,h,Time,23,°C,Temperature,0.05,<,None,87815,,HIGHER CONCENTRATIONS NOT REPORTED,CONC1/HIGHER CONCENTRATIONS NOT REPORTED//,40,Organism,Unknown,,,,,,,,,,,,,,,,,,,,,,,,,,,,,,,,,,,,,,,,,,,,,,,,,,,,,,,,,,,,,,,,,,,,,,,,96,h,Time,454.3999938964844,mg/L,Mass concentration,,,454.3999938964844,mg/L,Mass concentration,,
77-89-4,"1,2,3-Propanetricarboxylic acid, 2-(acetyloxy)-, 1,2,3-triethyl ester;1,2,3-Propanetricarboxylic acid, 2-(acetyloxy)-, triethyl ester;2-(Acetyloxy)-1,2,3-propanetricarboxylic acid 1,2,3-triethyl ester;Acetyl triethyl citrate;Acetyltriethyl citrate;acetyltriethyl citrate (1,2,3-propanetricarboxylic acid, 2-(acetyloxy)-, triethyl ester);Citric acid, triethyl ester, acetate;triethyl 2-(acetyloxy)propane-1,2,3-tricarboxylate;triethyl O-acetylcitrate",,,,,,,,,,,,,,,,,,,,,,,,,,,,,,,,,,,,,,,,,,,,,,,,,,,,,,,,,,,,,,,,,,,,,,,,,,,,,,,,,,,,,,,,,,,,,,,,,,,,,,,,,,,,,,,,,,,,,,,,,,,,,,,,Ecotoxicological Information#Aquatic Toxicity,ECOTOX,,Developmental Toxicity of Dibutyl Phthalate and Citrate Ester Plasticizers in Xenopus laevis Embryos,LOEC,True,No qualifier,Equal,Chemosphere204:523-534,,,,Morphology,Xenopus laevis,Animalia (animals),Bilateria,Chordata (chordates),Vertebrata (vertebrates),Tetrapoda,Amphibia (Amphibians),"Anura (Frogs,Toads)",,Pipidae (Tongueless Frogs),Xenopus (Clawed Frogs),Deuterostomia,Gnathostomata,Decreasing,"Xu,Y., and M.C. Gye",2239854,2515240,Active ingredient,Culture,Length,Carrier or solvent,02/13/2020,A,Renewal,02/18/2020,Tail,Lab,03/12/2020,Laboratory,2018,Reviewer assigned endpoint,Significant at all concentrations,P,Blastula,4 REPLICATES,FETAX SOLUTION,Unmeasured,Triethyl 2-acetylcitrate,DE-JELLIED,BRED AT HANYANG UNIVERSITY AQUARIUM,SOURCE/BRED AT HANYANG UNIVERSITY AQUARIUM//MEDIA/FETAX SOLUTION//,7,None,99,>,None,2,>,h,Time,96,h,Time,24,Every x hours,Unknown,96,h,Time,23,°C,Temperature,0.05,<,None,,,HIGHER CONCENTRATIONS NOT REPORTED,CONC1/HIGHER CONCENTRATIONS NOT REPORTED//,40,Organism,Unknown,,,,,,,,,,,,,,,,,,,,,,,,,,,,,,,,,,,,,,,,,,,,,,,,,,,,,,,,,,,,,,,,,,,,,,,,96,h,Time,90.9000015258789,mg/L,Mass concentration,,,90.9000015258789,mg/L,Mass concentration,,
77-89-4,"1,2,3-Propanetricarboxylic acid, 2-(acetyloxy)-, 1,2,3-triethyl ester;1,2,3-Propanetricarboxylic acid, 2-(acetyloxy)-, triethyl ester;2-(Acetyloxy)-1,2,3-propanetricarboxylic acid 1,2,3-triethyl ester;Acetyl triethyl citrate;Acetyltriethyl citrate;acetyltriethyl citrate (1,2,3-propanetricarboxylic acid, 2-(acetyloxy)-, triethyl ester);Citric acid, triethyl ester, acetate;triethyl 2-(acetyloxy)propane-1,2,3-tricarboxylate;triethyl O-acetylcitrate",,,,,,,,,,,,,,,,,,,,,,,,,,,,,,,,,,,,,,,,,,,,,,,,,,,,,,,,,,,,,,,,,,,,,,,,,,,,,,,,,,,,,,,,,,,,,,,,,,,,,,,,,,,,,,,,,,,,,,,,,,,,,,,,Ecotoxicological Information#Aquatic Toxicity,ECOTOX,,Developmental Toxicity of Dibutyl Phthalate and Citrate Ester Plasticizers in Xenopus laevis Embryos,LOEC,True,No qualifier,Equal,Chemosphere204:523-534,,,,Morphology,Xenopus laevis,Animalia (animals),Bilateria,Chordata (chordates),Vertebrata (vertebrates),Tetrapoda,Amphibia (Amphibians),"Anura (Frogs,Toads)",,Pipidae (Tongueless Frogs),Xenopus (Clawed Frogs),Deuterostomia,Gnathostomata,Decreasing,"Xu,Y., and M.C. Gye",2239854,2515241,Active ingredient,Culture,Length,Carrier or solvent,02/13/2020,A,Renewal,02/18/2020,Head,Lab,03/12/2020,Laboratory,2018,Reviewer assigned endpoint,Significant at all concentrations,P,Blastula,4 REPLICATES,FETAX SOLUTION,Unmeasured,Triethyl 2-acetylcitrate,DE-JELLIED,BRED AT HANYANG UNIVERSITY AQUARIUM,SOURCE/BRED AT HANYANG UNIVERSITY AQUARIUM//MEDIA/FETAX SOLUTION//,7,None,99,>,None,2,>,h,Time,96,h,Time,24,Every x hours,Unknown,96,h,Time,23,°C,Temperature,0.05,<,None,,,HIGHER CONCENTRATIONS NOT REPORTED,CONC1/HIGHER CONCENTRATIONS NOT REPORTED//,40,Organism,Unknown,,,,,,,,,,,,,,,,,,,,,,,,,,,,,,,,,,,,,,,,,,,,,,,,,,,,,,,,,,,,,,,,,,,,,,,,96,h,Time,90.9000015258789,mg/L,Mass concentration,,,90.9000015258789,mg/L,Mass concentration,,
77-89-4,"1,2,3-Propanetricarboxylic acid, 2-(acetyloxy)-, 1,2,3-triethyl ester;1,2,3-Propanetricarboxylic acid, 2-(acetyloxy)-, triethyl ester;2-(Acetyloxy)-1,2,3-propanetricarboxylic acid 1,2,3-triethyl ester;Acetyl triethyl citrate;Acetyltriethyl citrate;acetyltriethyl citrate (1,2,3-propanetricarboxylic acid, 2-(acetyloxy)-, triethyl ester);Citric acid, triethyl ester, acetate;triethyl 2-(acetyloxy)propane-1,2,3-tricarboxylate;triethyl O-acetylcitrate",,,,,,,,,,,,,,,,,,,,,,,,,,,,,,,,,,,,,,,,,,,,,,,,,,,,,,,,,,,,,,,,,,,,,,,,,,,,,,,,,,,,,,,,,,,,,,,,,,,,,,,,,,,,,,,,,,,,,,,,,,,,,,,,Ecotoxicological Information#Aquatic Toxicity,ECOTOX,,Developmental Toxicity of Dibutyl Phthalate and Citrate Ester Plasticizers in Xenopus laevis Embryos,LOEC,True,No qualifier,Equal,Chemosphere204:523-534,,,,Morphology,Xenopus laevis,Animalia (animals),Bilateria,Chordata (chordates),Vertebrata (vertebrates),Tetrapoda,Amphibia (Amphibians),"Anura (Frogs,Toads)",,Pipidae (Tongueless Frogs),Xenopus (Clawed Frogs),Deuterostomia,Gnathostomata,Increasing,"Xu,Y., and M.C. Gye",2239854,2515254,Active ingredient,Culture,Abnormal,Carrier or solvent,02/13/2020,A,Renewal,02/18/2020,Gut,Lab,03/12/2020,Laboratory,2018,Reviewer assigned endpoint,Significant,P,Blastula,4 REPLICATES,FETAX SOLUTION,Unmeasured,Triethyl 2-acetylcitrate,DE-JELLIED,BRED AT HANYANG UNIVERSITY AQUARIUM,SOURCE/BRED AT HANYANG UNIVERSITY AQUARIUM//MEDIA/FETAX SOLUTION//,7,None,99,>,None,2,>,h,Time,96,h,Time,24,Every x hours,Unknown,96,h,Time,23,°C,Temperature,0.05,<,None,87813,COILING,HIGHER CONCENTRATIONS NOT REPORTED,CONC1/HIGHER CONCENTRATIONS NOT REPORTED//,40,Organism,Unknown,,,,,,,,,,,,,,,,,,,,,,,,,,,,,,,,,,,,,,,,,,,,,,,,,,,,,,,,,,,,,,,,,,,,,,,,96,h,Time,363.5,mg/L,Mass concentration,,,363.5,mg/L,Mass concentration,,
77-89-4,"1,2,3-Propanetricarboxylic acid, 2-(acetyloxy)-, 1,2,3-triethyl ester;1,2,3-Propanetricarboxylic acid, 2-(acetyloxy)-, triethyl ester;2-(Acetyloxy)-1,2,3-propanetricarboxylic acid 1,2,3-triethyl ester;Acetyl triethyl citrate;Acetyltriethyl citrate;acetyltriethyl citrate (1,2,3-propanetricarboxylic acid, 2-(acetyloxy)-, triethyl ester);Citric acid, triethyl ester, acetate;triethyl 2-(acetyloxy)propane-1,2,3-tricarboxylate;triethyl O-acetylcitrate",,,,,,,,,,,,,,,,,,,,,,,,,,,,,,,,,,,,,,,,,,,,,,,,,,,,,,,,,,,,,,,,,,,,,,,,,,,,,,,,,,,,,,,,,,,,,,,,,,,,,,,,,,,,,,,,,,,,,,,,,,,,,,,,Ecotoxicological Information#Aquatic Toxicity,ECOTOX,,Developmental Toxicity of Dibutyl Phthalate and Citrate Ester Plasticizers in Xenopus laevis Embryos,NOEC,True,No qualifier,Equal,Chemosphere204:523-534,,,,Morphology,Xenopus laevis,Animalia (animals),Bilateria,Chordata (chordates),Vertebrata (vertebrates),Tetrapoda,Amphibia (Amphibians),"Anura (Frogs,Toads)",,Pipidae (Tongueless Frogs),Xenopus (Clawed Frogs),Deuterostomia,Gnathostomata,No effect,"Xu,Y., and M.C. Gye",2239854,2515246,Active ingredient,Culture,Abnormal,Carrier or solvent,02/13/2020,A,Renewal,02/18/2020,Trunk,Lab,03/12/2020,Laboratory,2018,Reviewer assigned endpoint,No significance,P,Blastula,4 REPLICATES,FETAX SOLUTION,Unmeasured,Triethyl 2-acetylcitrate,DE-JELLIED,BRED AT HANYANG UNIVERSITY AQUARIUM,SOURCE/BRED AT HANYANG UNIVERSITY AQUARIUM//MEDIA/FETAX SOLUTION//,7,None,99,>,None,2,>,h,Time,96,h,Time,24,Every x hours,Unknown,96,h,Time,23,°C,Temperature,0.05,<,None,,BENT,HIGHER CONCENTRATIONS NOT REPORTED,CONC1/HIGHER CONCENTRATIONS NOT REPORTED//,40,Organism,Unknown,,,,,,,,,,,,,,,,,,,,,,,,,,,,,,,,,,,,,,,,,,,,,,,,,,,,,,,,,,,,,,,,,,,,,,,,96,h,Time,454.3999938964844,mg/L,Mass concentration,,,454.3999938964844,mg/L,Mass concentration,,
77-89-4,"1,2,3-Propanetricarboxylic acid, 2-(acetyloxy)-, 1,2,3-triethyl ester;1,2,3-Propanetricarboxylic acid, 2-(acetyloxy)-, triethyl ester;2-(Acetyloxy)-1,2,3-propanetricarboxylic acid 1,2,3-triethyl ester;Acetyl triethyl citrate;Acetyltriethyl citrate;acetyltriethyl citrate (1,2,3-propanetricarboxylic acid, 2-(acetyloxy)-, triethyl ester);Citric acid, triethyl ester, acetate;triethyl 2-(acetyloxy)propane-1,2,3-tricarboxylate;triethyl O-acetylcitrate",,,,,,,,,,,,,,,,,,,,,,,,,,,,,,,,,,,,,,,,,,,,,,,,,,,,,,,,,,,,,,,,,,,,,,,,,,,,,,,,,,,,,,,,,,,,,,,,,,,,,,,,,,,,,,,,,,,,,,,,,,,,,,,,Ecotoxicological Information#Aquatic Toxicity,ECOTOX,,Developmental Toxicity of Dibutyl Phthalate and Citrate Ester Plasticizers in Xenopus laevis Embryos,NOEC,True,No qualifier,Equal,Chemosphere204:523-534,,,,Morphology,Xenopus laevis,Animalia (animals),Bilateria,Chordata (chordates),Vertebrata (vertebrates),Tetrapoda,Amphibia (Amphibians),"Anura (Frogs,Toads)",,Pipidae (Tongueless Frogs),Xenopus (Clawed Frogs),Deuterostomia,Gnathostomata,Increasing,"Xu,Y., and M.C. Gye",2239854,2515252,Active ingredient,Culture,Abnormal,Carrier or solvent,02/13/2020,A,Renewal,02/18/2020,,Lab,03/12/2020,Laboratory,2018,Reviewer assigned endpoint,No significance,P,Blastula,4 REPLICATES,FETAX SOLUTION,Unmeasured,Triethyl 2-acetylcitrate,DE-JELLIED,BRED AT HANYANG UNIVERSITY AQUARIUM,SOURCE/BRED AT HANYANG UNIVERSITY AQUARIUM//MEDIA/FETAX SOLUTION//,7,None,99,>,None,2,>,h,Time,96,h,Time,24,Every x hours,Unknown,96,h,Time,23,°C,Temperature,0.05,<,None,87817,FREQUENCY,HIGHER CONCENTRATIONS NOT REPORTED,CONC1/HIGHER CONCENTRATIONS NOT REPORTED//,40,Organism,Unknown,,,,21.1,None,,,,,,,,,,,,,,,,,,,,,,,,,,,,,,,,,,,,,,,,,,,,,,,,,,,,,,,,,,,,,,,,,,,96,h,Time,272.6000061035156,mg/L,Mass concentration,,,272.6000061035156,mg/L,Mass concentration,,
77-89-4,"1,2,3-Propanetricarboxylic acid, 2-(acetyloxy)-, 1,2,3-triethyl ester;1,2,3-Propanetricarboxylic acid, 2-(acetyloxy)-, triethyl ester;2-(Acetyloxy)-1,2,3-propanetricarboxylic acid 1,2,3-triethyl ester;Acetyl triethyl citrate;Acetyltriethyl citrate;acetyltriethyl citrate (1,2,3-propanetricarboxylic acid, 2-(acetyloxy)-, triethyl ester);Citric acid, triethyl ester, acetate;triethyl 2-(acetyloxy)propane-1,2,3-tricarboxylate;triethyl O-acetylcitrate",,,,,,,,,,,,,,,,,,,,,,,,,,,,,,,,,,,,,,,,,,,,,,,,,,,,,,,,,,,,,,,,,,,,,,,,,,,,,,,,,,,,,,,,,,,,,,,,,,,,,,,,,,,,,,,,,,,,,,,,,,,,,,,,Ecotoxicological Information#Aquatic Toxicity,ECOTOX,,Developmental Toxicity of Dibutyl Phthalate and Citrate Ester Plasticizers in Xenopus laevis Embryos,NOEC,True,No qualifier,Equal,Chemosphere204:523-534,,,,Morphology,Xenopus laevis,Animalia (animals),Bilateria,Chordata (chordates),Vertebrata (vertebrates),Tetrapoda,Amphibia (Amphibians),"Anura (Frogs,Toads)",,Pipidae (Tongueless Frogs),Xenopus (Clawed Frogs),Deuterostomia,Gnathostomata,Increasing,"Xu,Y., and M.C. Gye",2239854,2515244,Active ingredient,Culture,Abnormal,Carrier or solvent,02/13/2020,A,Renewal,02/18/2020,Gut,Lab,03/12/2020,Laboratory,2018,Reviewer assigned endpoint,No significance,P,Blastula,4 REPLICATES,FETAX SOLUTION,Unmeasured,Triethyl 2-acetylcitrate,DE-JELLIED,BRED AT HANYANG UNIVERSITY AQUARIUM,SOURCE/BRED AT HANYANG UNIVERSITY AQUARIUM//MEDIA/FETAX SOLUTION//,7,None,99,>,None,2,>,h,Time,96,h,Time,24,Every x hours,Unknown,96,h,Time,23,°C,Temperature,0.05,<,None,87813,COILING,HIGHER CONCENTRATIONS NOT REPORTED,CONC1/HIGHER CONCENTRATIONS NOT REPORTED//,40,Organism,Unknown,,,,,,,,,,,,,,,,,,,,,,,,,,,,,,,,,,,,,,,,,,,,,,,,,,,,,,,,,,,,,,,,,,,,,,,,96,h,Time,272.6000061035156,mg/L,Mass concentration,,,272.6000061035156,mg/L,Mass concentration,,
77-89-4,"1,2,3-Propanetricarboxylic acid, 2-(acetyloxy)-, 1,2,3-triethyl ester;1,2,3-Propanetricarboxylic acid, 2-(acetyloxy)-, triethyl ester;2-(Acetyloxy)-1,2,3-propanetricarboxylic acid 1,2,3-triethyl ester;Acetyl triethyl citrate;Acetyltriethyl citrate;acetyltriethyl citrate (1,2,3-propanetricarboxylic acid, 2-(acetyloxy)-, triethyl ester);Citric acid, triethyl ester, acetate;triethyl 2-(acetyloxy)propane-1,2,3-tricarboxylate;triethyl O-acetylcitrate",,,,,,,,,,,,,,,,,,,,,,,,,,,,,,,,,,,,,,,,,,,,,,,,,,,,,,,,,,,,,,,,,,,,,,,,,,,,,,,,,,,,,,,,,,,,,,,,,,,,,,,,,,,,,,,,,,,,,,,,,,,,,,,,Ecotoxicological Information#Aquatic Toxicity,ECOTOX,,Developmental Toxicity of Dibutyl Phthalate and Citrate Ester Plasticizers in Xenopus laevis Embryos,NOEC,True,No qualifier,Equal,Chemosphere204:523-534,,,,Morphology,Xenopus laevis,Animalia (animals),Bilateria,Chordata (chordates),Vertebrata (vertebrates),Tetrapoda,Amphibia (Amphibians),"Anura (Frogs,Toads)",,Pipidae (Tongueless Frogs),Xenopus (Clawed Frogs),Deuterostomia,Gnathostomata,Increasing,"Xu,Y., and M.C. Gye",2239854,2515251,Active ingredient,Culture,Abnormal,Carrier or solvent,02/13/2020,A,Renewal,02/18/2020,Whole organism,Lab,03/12/2020,Laboratory,2018,Reviewer assigned endpoint,No significance,P,Blastula,4 REPLICATES,FETAX SOLUTION,Unmeasured,Triethyl 2-acetylcitrate,DE-JELLIED,BRED AT HANYANG UNIVERSITY AQUARIUM,SOURCE/BRED AT HANYANG UNIVERSITY AQUARIUM//MEDIA/FETAX SOLUTION//,7,None,99,>,None,2,>,h,Time,96,h,Time,24,Every x hours,Unknown,96,h,Time,23,°C,Temperature,0.05,<,None,,,HIGHER CONCENTRATIONS NOT REPORTED,CONC1/HIGHER CONCENTRATIONS NOT REPORTED//,40,Organism,Unknown,,,,,,,,,,,,,,,,,,,,,,,,,,,,,,,,,,,,,,,,,,,,,,,,,,,,,,,,,,,,,,,,,,,,,,,,96,h,Time,454.3999938964844,mg/L,Mass concentration,,,454.3999938964844,mg/L,Mass concentration,,
77-89-4,"1,2,3-Propanetricarboxylic acid, 2-(acetyloxy)-, 1,2,3-triethyl ester;1,2,3-Propanetricarboxylic acid, 2-(acetyloxy)-, triethyl ester;2-(Acetyloxy)-1,2,3-propanetricarboxylic acid 1,2,3-triethyl ester;Acetyl triethyl citrate;Acetyltriethyl citrate;acetyltriethyl citrate (1,2,3-propanetricarboxylic acid, 2-(acetyloxy)-, triethyl ester);Citric acid, triethyl ester, acetate;triethyl 2-(acetyloxy)propane-1,2,3-tricarboxylate;triethyl O-acetylcitrate",,,,,,,,,,,,,,,,,,,,,,,,,,,,,,,,,,,,,,,,,,,,,,,,,,,,,,,,,,,,,,,,,,,,,,,,,,,,,,,,,,,,,,,,,,,,,,,,,,,,,,,,,,,,,,,,,,,,,,,,,,,,,,,,Ecotoxicological Information#Aquatic Toxicity,ECOTOX,,Developmental Toxicity of Dibutyl Phthalate and Citrate Ester Plasticizers in Xenopus laevis Embryos,NOEC,True,No qualifier,Equal,Chemosphere204:523-534,,,,Morphology,Xenopus laevis,Animalia (animals),Bilateria,Chordata (chordates),Vertebrata (vertebrates),Tetrapoda,Amphibia (Amphibians),"Anura (Frogs,Toads)",,Pipidae (Tongueless Frogs),Xenopus (Clawed Frogs),Deuterostomia,Gnathostomata,Increasing,"Xu,Y., and M.C. Gye",2239854,2515245,Active ingredient,Culture,Abnormal,Carrier or solvent,02/13/2020,A,Renewal,02/18/2020,Tail,Lab,03/12/2020,Laboratory,2018,Reviewer assigned endpoint,No significance,P,Blastula,4 REPLICATES,FETAX SOLUTION,Unmeasured,Triethyl 2-acetylcitrate,DE-JELLIED,BRED AT HANYANG UNIVERSITY AQUARIUM,SOURCE/BRED AT HANYANG UNIVERSITY AQUARIUM//MEDIA/FETAX SOLUTION//,7,None,99,>,None,2,>,h,Time,96,h,Time,24,Every x hours,Unknown,96,h,Time,23,°C,Temperature,0.05,<,None,87814,BENT,HIGHER CONCENTRATIONS NOT REPORTED,CONC1/HIGHER CONCENTRATIONS NOT REPORTED//,40,Organism,Unknown,,,,,,,,,,,,,,,,,,,,,,,,,,,,,,,,,,,,,,,,,,,,,,,,,,,,,,,,,,,,,,,,,,,,,,,,96,h,Time,363.5,mg/L,Mass concentration,,,363.5,mg/L,Mass concentration,,
77-89-4,"1,2,3-Propanetricarboxylic acid, 2-(acetyloxy)-, 1,2,3-triethyl ester;1,2,3-Propanetricarboxylic acid, 2-(acetyloxy)-, triethyl ester;2-(Acetyloxy)-1,2,3-propanetricarboxylic acid 1,2,3-triethyl ester;Acetyl triethyl citrate;Acetyltriethyl citrate;acetyltriethyl citrate (1,2,3-propanetricarboxylic acid, 2-(acetyloxy)-, triethyl ester);Citric acid, triethyl ester, acetate;triethyl 2-(acetyloxy)propane-1,2,3-tricarboxylate;triethyl O-acetylcitrate",,,,,,,,,,,,,,,,,,,,,,,,,,,,,,,,,,,,,,,,,,,,,,,,,,,,,,,,,,,,,,,,,,,,,,,,,,,,,,,,,,,,,,,,,,,,,,,,,,,,,,,,,,,,,,,,,,,,,,,,,,,,,,,,Ecotoxicological Information#Aquatic Toxicity,ECOTOX,,Developmental Toxicity of Dibutyl Phthalate and Citrate Ester Plasticizers in Xenopus laevis Embryos,NOEC,True,No qualifier,Equal,Chemosphere204:523-534,,,,Morphology,Xenopus laevis,Animalia (animals),Bilateria,Chordata (chordates),Vertebrata (vertebrates),Tetrapoda,Amphibia (Amphibians),"Anura (Frogs,Toads)",,Pipidae (Tongueless Frogs),Xenopus (Clawed Frogs),Deuterostomia,Gnathostomata,Increasing,"Xu,Y., and M.C. Gye",2239854,2515247,Active ingredient,Culture,Abnormal,Carrier or solvent,02/13/2020,A,Renewal,02/18/2020,Head,Lab,03/12/2020,Laboratory,2018,Reviewer assigned endpoint,No significance,P,Blastula,4 REPLICATES,FETAX SOLUTION,Unmeasured,Triethyl 2-acetylcitrate,DE-JELLIED,BRED AT HANYANG UNIVERSITY AQUARIUM,SOURCE/BRED AT HANYANG UNIVERSITY AQUARIUM//MEDIA/FETAX SOLUTION//,7,None,99,>,None,2,>,h,Time,96,h,Time,24,Every x hours,Unknown,96,h,Time,23,°C,Temperature,0.05,<,None,87815,,HIGHER CONCENTRATIONS NOT REPORTED,CONC1/HIGHER CONCENTRATIONS NOT REPORTED//,40,Organism,Unknown,,,,,,,,,,,,,,,,,,,,,,,,,,,,,,,,,,,,,,,,,,,,,,,,,,,,,,,,,,,,,,,,,,,,,,,,96,h,Time,363.5,mg/L,Mass concentration,,,363.5,mg/L,Mass concentration,,
77-89-4,"1,2,3-Propanetricarboxylic acid, 2-(acetyloxy)-, 1,2,3-triethyl ester;1,2,3-Propanetricarboxylic acid, 2-(acetyloxy)-, triethyl ester;2-(Acetyloxy)-1,2,3-propanetricarboxylic acid 1,2,3-triethyl ester;Acetyl triethyl citrate;Acetyltriethyl citrate;acetyltriethyl citrate (1,2,3-propanetricarboxylic acid, 2-(acetyloxy)-, triethyl ester);Citric acid, triethyl ester, acetate;triethyl 2-(acetyloxy)propane-1,2,3-tricarboxylate;triethyl O-acetylcitrate",,,,,,,,,,,,,,,,,,,,,,,,,,,,,,,,,,,,,,,,,,,,,,,,,,,,,,,,,,,,,,,,,,,,,,,,,,,,,,,,,,,,,,,,,,,,,,,,,,,,,,,,,,,,,,,,,,,,,,,,,,,,,,,,Ecotoxicological Information#Aquatic Toxicity,ECOTOX,,Developmental Toxicity of Dibutyl Phthalate and Citrate Ester Plasticizers in Xenopus laevis Embryos,LC50,True,No qualifier,Equal,Chemosphere204:523-534,,,,Mortality,Xenopus laevis,Animalia (animals),Bilateria,Chordata (chordates),Vertebrata (vertebrates),Tetrapoda,Amphibia (Amphibians),"Anura (Frogs,Toads)",,Pipidae (Tongueless Frogs),Xenopus (Clawed Frogs),Deuterostomia,Gnathostomata,Increasing,"Xu,Y., and M.C. Gye",2239854,2515239,Active ingredient,Culture,Mortality,Carrier or solvent,02/13/2020,A,Renewal,02/18/2020,,Lab,03/12/2020,Laboratory,2018,Publication reported endpoint,,,Blastula,4 REPLICATES,FETAX SOLUTION,Unmeasured,Triethyl 2-acetylcitrate,DE-JELLIED,BRED AT HANYANG UNIVERSITY AQUARIUM,SOURCE/BRED AT HANYANG UNIVERSITY AQUARIUM//MEDIA/FETAX SOLUTION//,7,None,99,>,None,2,>,h,Time,96,h,Time,24,Every x hours,Unknown,96,h,Time,23,°C,Temperature,,,,,,,,40,Organism,Unknown,,,,,,,,,,,,,,,,,,,,,,,,,,,,,,,,,,,,,,,,,,,,,,,,,,,,,,,,,,,,,,,,,,,,,,,,96,h,Time,409.6000061035156,mg/L,Mass concentration,,,409.6000061035156,mg/L,Mass concentration,,
77-89-4,"1,2,3-Propanetricarboxylic acid, 2-(acetyloxy)-, 1,2,3-triethyl ester;1,2,3-Propanetricarboxylic acid, 2-(acetyloxy)-, triethyl ester;2-(Acetyloxy)-1,2,3-propanetricarboxylic acid 1,2,3-triethyl ester;Acetyl triethyl citrate;Acetyltriethyl citrate;acetyltriethyl citrate (1,2,3-propanetricarboxylic acid, 2-(acetyloxy)-, triethyl ester);Citric acid, triethyl ester, acetate;triethyl 2-(acetyloxy)propane-1,2,3-tricarboxylate;triethyl O-acetylcitrate",,,,,,,,,,,,,,,,,,,,,,,,,,,,,,,,,,,,,,,,,,,,,,,,,,,,,,,,,,,,,,,,,,,,,,,,,,,,,,,,,,,,,,,,,,,,,,,,,,,,,,,,,,,,,,,,,,,,,,,,,,,,,,,,Ecotoxicological Information#Aquatic Toxicity,ECOTOX,,Developmental Toxicity of Dibutyl Phthalate and Citrate Ester Plasticizers in Xenopus laevis Embryos,LOEC,True,No qualifier,Equal,Chemosphere204:523-534,,,,Mortality,Xenopus laevis,Animalia (animals),Bilateria,Chordata (chordates),Vertebrata (vertebrates),Tetrapoda,Amphibia (Amphibians),"Anura (Frogs,Toads)",,Pipidae (Tongueless Frogs),Xenopus (Clawed Frogs),Deuterostomia,Gnathostomata,Decreasing,"Xu,Y., and M.C. Gye",2239854,2515253,Active ingredient,Culture,Survival,Carrier or solvent,02/13/2020,A,Renewal,02/18/2020,,Lab,03/12/2020,Laboratory,2018,Reviewer assigned endpoint,Significant,P,Blastula,4 REPLICATES,FETAX SOLUTION,Unmeasured,Triethyl 2-acetylcitrate,DE-JELLIED,BRED AT HANYANG UNIVERSITY AQUARIUM,SOURCE/BRED AT HANYANG UNIVERSITY AQUARIUM//MEDIA/FETAX SOLUTION//,7,None,99,>,None,2,>,h,Time,96,h,Time,24,Every x hours,Unknown,96,h,Time,23,°C,Temperature,0.05,<,None,87824,,,,40,Organism,Unknown,,,,77.5,None,,,,,,,,,,,,,,,,,,,,,,,,,,,,,,,,,,,,,,,,,,,,,,,,,,,,,,,,,,,,,,,,,,,24,h,Time,681.5999755859375,mg/L,Mass concentration,,,681.5999755859375,mg/L,Mass concentration,,
77-89-4,"1,2,3-Propanetricarboxylic acid, 2-(acetyloxy)-, 1,2,3-triethyl ester;1,2,3-Propanetricarboxylic acid, 2-(acetyloxy)-, triethyl ester;2-(Acetyloxy)-1,2,3-propanetricarboxylic acid 1,2,3-triethyl ester;Acetyl triethyl citrate;Acetyltriethyl citrate;acetyltriethyl citrate (1,2,3-propanetricarboxylic acid, 2-(acetyloxy)-, triethyl ester);Citric acid, triethyl ester, acetate;triethyl 2-(acetyloxy)propane-1,2,3-tricarboxylate;triethyl O-acetylcitrate",,,,,,,,,,,,,,,,,,,,,,,,,,,,,,,,,,,,,,,,,,,,,,,,,,,,,,,,,,,,,,,,,,,,,,,,,,,,,,,,,,,,,,,,,,,,,,,,,,,,,,,,,,,,,,,,,,,,,,,,,,,,,,,,Ecotoxicological Information#Aquatic Toxicity,ECOTOX,,Developmental Toxicity of Dibutyl Phthalate and Citrate Ester Plasticizers in Xenopus laevis Embryos,LOEC,True,No qualifier,Equal,Chemosphere204:523-534,,,,Mortality,Xenopus laevis,Animalia (animals),Bilateria,Chordata (chordates),Vertebrata (vertebrates),Tetrapoda,Amphibia (Amphibians),"Anura (Frogs,Toads)",,Pipidae (Tongueless Frogs),Xenopus (Clawed Frogs),Deuterostomia,Gnathostomata,Decreasing,"Xu,Y., and M.C. Gye",2239854,2515234,Active ingredient,Culture,Survival,Carrier or solvent,02/13/2020,A,Renewal,02/18/2020,,Lab,03/12/2020,Laboratory,2018,Reviewer assigned endpoint,Significant,P,Blastula,4 REPLICATES,FETAX SOLUTION,Unmeasured,Triethyl 2-acetylcitrate,DE-JELLIED,BRED AT HANYANG UNIVERSITY AQUARIUM,SOURCE/BRED AT HANYANG UNIVERSITY AQUARIUM//MEDIA/FETAX SOLUTION//,7,None,99,>,None,2,>,h,Time,96,h,Time,24,Every x hours,Unknown,96,h,Time,23,°C,Temperature,0.01,<,None,87759,,,,40,Organism,Unknown,,,,7.5,None,,,,,,,,,,,,,,,,,,,,,,,,,,,,,,,,,,,,,,,,,,,,,,,,,,,,,,,,,,,,,,,,,,,48,h,Time,681.5999755859375,mg/L,Mass concentration,,,681.5999755859375,mg/L,Mass concentration,,
77-89-4,"1,2,3-Propanetricarboxylic acid, 2-(acetyloxy)-, 1,2,3-triethyl ester;1,2,3-Propanetricarboxylic acid, 2-(acetyloxy)-, triethyl ester;2-(Acetyloxy)-1,2,3-propanetricarboxylic acid 1,2,3-triethyl ester;Acetyl triethyl citrate;Acetyltriethyl citrate;acetyltriethyl citrate (1,2,3-propanetricarboxylic acid, 2-(acetyloxy)-, triethyl ester);Citric acid, triethyl ester, acetate;triethyl 2-(acetyloxy)propane-1,2,3-tricarboxylate;triethyl O-acetylcitrate",,,,,,,,,,,,,,,,,,,,,,,,,,,,,,,,,,,,,,,,,,,,,,,,,,,,,,,,,,,,,,,,,,,,,,,,,,,,,,,,,,,,,,,,,,,,,,,,,,,,,,,,,,,,,,,,,,,,,,,,,,,,,,,,Ecotoxicological Information#Aquatic Toxicity,ECOTOX,,Developmental Toxicity of Dibutyl Phthalate and Citrate Ester Plasticizers in Xenopus laevis Embryos,LOEC,True,No qualifier,Equal,Chemosphere204:523-534,,,,Mortality,Xenopus laevis,Animalia (animals),Bilateria,Chordata (chordates),Vertebrata (vertebrates),Tetrapoda,Amphibia (Amphibians),"Anura (Frogs,Toads)",,Pipidae (Tongueless Frogs),Xenopus (Clawed Frogs),Deuterostomia,Gnathostomata,Decreasing,"Xu,Y., and M.C. Gye",2239854,2515236,Active ingredient,Culture,Survival,Carrier or solvent,02/13/2020,A,Renewal,02/18/2020,,Lab,03/12/2020,Laboratory,2018,Reviewer assigned endpoint,Significant,P,Blastula,4 REPLICATES,FETAX SOLUTION,Unmeasured,Triethyl 2-acetylcitrate,DE-JELLIED,BRED AT HANYANG UNIVERSITY AQUARIUM,SOURCE/BRED AT HANYANG UNIVERSITY AQUARIUM//MEDIA/FETAX SOLUTION//,7,None,99,>,None,2,>,h,Time,96,h,Time,24,Every x hours,Unknown,96,h,Time,23,°C,Temperature,0.01,<,None,87760,,,,40,Organism,Unknown,,,,32.5,None,,,,,,,,,,,,,,,,,,,,,,,,,,,,,,,,,,,,,,,,,,,,,,,,,,,,,,,,,,,,,,,,,,,72,h,Time,454.3999938964844,mg/L,Mass concentration,,,454.3999938964844,mg/L,Mass concentration,,
77-89-4,"1,2,3-Propanetricarboxylic acid, 2-(acetyloxy)-, 1,2,3-triethyl ester;1,2,3-Propanetricarboxylic acid, 2-(acetyloxy)-, triethyl ester;2-(Acetyloxy)-1,2,3-propanetricarboxylic acid 1,2,3-triethyl ester;Acetyl triethyl citrate;Acetyltriethyl citrate;acetyltriethyl citrate (1,2,3-propanetricarboxylic acid, 2-(acetyloxy)-, triethyl ester);Citric acid, triethyl ester, acetate;triethyl 2-(acetyloxy)propane-1,2,3-tricarboxylate;triethyl O-acetylcitrate",,,,,,,,,,,,,,,,,,,,,,,,,,,,,,,,,,,,,,,,,,,,,,,,,,,,,,,,,,,,,,,,,,,,,,,,,,,,,,,,,,,,,,,,,,,,,,,,,,,,,,,,,,,,,,,,,,,,,,,,,,,,,,,,Ecotoxicological Information#Aquatic Toxicity,ECOTOX,,Developmental Toxicity of Dibutyl Phthalate and Citrate Ester Plasticizers in Xenopus laevis Embryos,LOEC,True,No qualifier,Equal,Chemosphere204:523-534,,,,Mortality,Xenopus laevis,Animalia (animals),Bilateria,Chordata (chordates),Vertebrata (vertebrates),Tetrapoda,Amphibia (Amphibians),"Anura (Frogs,Toads)",,Pipidae (Tongueless Frogs),Xenopus (Clawed Frogs),Deuterostomia,Gnathostomata,Decreasing,"Xu,Y., and M.C. Gye",2239854,2515238,Active ingredient,Culture,Survival,Carrier or solvent,02/13/2020,A,Renewal,02/18/2020,,Lab,03/12/2020,Laboratory,2018,Reviewer assigned endpoint,Significant,P,Blastula,4 REPLICATES,FETAX SOLUTION,Unmeasured,Triethyl 2-acetylcitrate,DE-JELLIED,BRED AT HANYANG UNIVERSITY AQUARIUM,SOURCE/BRED AT HANYANG UNIVERSITY AQUARIUM//MEDIA/FETAX SOLUTION//,7,None,99,>,None,2,>,h,Time,96,h,Time,24,Every x hours,Unknown,96,h,Time,23,°C,Temperature,0.01,<,None,87761,,,,40,Organism,Unknown,,,,10,None,,,,,,,,,,,,,,,,,,,,,,,,,,,,,,,,,,,,,,,,,,,,,,,,,,,,,,,,,,,,,,,,,,,96,h,Time,454.3999938964844,mg/L,Mass concentration,,,454.3999938964844,mg/L,Mass concentration,,
77-89-4,"1,2,3-Propanetricarboxylic acid, 2-(acetyloxy)-, 1,2,3-triethyl ester;1,2,3-Propanetricarboxylic acid, 2-(acetyloxy)-, triethyl ester;2-(Acetyloxy)-1,2,3-propanetricarboxylic acid 1,2,3-triethyl ester;Acetyl triethyl citrate;Acetyltriethyl citrate;acetyltriethyl citrate (1,2,3-propanetricarboxylic acid, 2-(acetyloxy)-, triethyl ester);Citric acid, triethyl ester, acetate;triethyl 2-(acetyloxy)propane-1,2,3-tricarboxylate;triethyl O-acetylcitrate",,,,,,,,,,,,,,,,,,,,,,,,,,,,,,,,,,,,,,,,,,,,,,,,,,,,,,,,,,,,,,,,,,,,,,,,,,,,,,,,,,,,,,,,,,,,,,,,,,,,,,,,,,,,,,,,,,,,,,,,,,,,,,,,Ecotoxicological Information#Aquatic Toxicity,ECOTOX,,Developmental Toxicity of Dibutyl Phthalate and Citrate Ester Plasticizers in Xenopus laevis Embryos,NOEC,True,No qualifier,Equal,Chemosphere204:523-534,,,,Mortality,Xenopus laevis,Animalia (animals),Bilateria,Chordata (chordates),Vertebrata (vertebrates),Tetrapoda,Amphibia (Amphibians),"Anura (Frogs,Toads)",,Pipidae (Tongueless Frogs),Xenopus (Clawed Frogs),Deuterostomia,Gnathostomata,Decreasing,"Xu,Y., and M.C. Gye",2239854,2515232,Active ingredient,Culture,Survival,Carrier or solvent,02/13/2020,A,Renewal,02/18/2020,,Lab,03/12/2020,Laboratory,2018,Reviewer assigned endpoint,No significance,P,Blastula,4 REPLICATES,FETAX SOLUTION,Unmeasured,Triethyl 2-acetylcitrate,DE-JELLIED,BRED AT HANYANG UNIVERSITY AQUARIUM,SOURCE/BRED AT HANYANG UNIVERSITY AQUARIUM//MEDIA/FETAX SOLUTION//,7,None,99,>,None,2,>,h,Time,96,h,Time,24,Every x hours,Unknown,96,h,Time,23,°C,Temperature,0.05,<,None,87824,,,,40,Organism,Unknown,,,,90,None,,,,,,,,,,,,,,,,,,,,,,,,,,,,,,,,,,,,,,,,,,,,,,,,,,,,,,,,,,,,,,,,,,,24,h,Time,454.3999938964844,mg/L,Mass concentration,,,454.3999938964844,mg/L,Mass concentration,,
77-89-4,"1,2,3-Propanetricarboxylic acid, 2-(acetyloxy)-, 1,2,3-triethyl ester;1,2,3-Propanetricarboxylic acid, 2-(acetyloxy)-, triethyl ester;2-(Acetyloxy)-1,2,3-propanetricarboxylic acid 1,2,3-triethyl ester;Acetyl triethyl citrate;Acetyltriethyl citrate;acetyltriethyl citrate (1,2,3-propanetricarboxylic acid, 2-(acetyloxy)-, triethyl ester);Citric acid, triethyl ester, acetate;triethyl 2-(acetyloxy)propane-1,2,3-tricarboxylate;triethyl O-acetylcitrate",,,,,,,,,,,,,,,,,,,,,,,,,,,,,,,,,,,,,,,,,,,,,,,,,,,,,,,,,,,,,,,,,,,,,,,,,,,,,,,,,,,,,,,,,,,,,,,,,,,,,,,,,,,,,,,,,,,,,,,,,,,,,,,,Ecotoxicological Information#Aquatic Toxicity,ECOTOX,,Developmental Toxicity of Dibutyl Phthalate and Citrate Ester Plasticizers in Xenopus laevis Embryos,NOEC,True,No qualifier,Equal,Chemosphere204:523-534,,,,Mortality,Xenopus laevis,Animalia (animals),Bilateria,Chordata (chordates),Vertebrata (vertebrates),Tetrapoda,Amphibia (Amphibians),"Anura (Frogs,Toads)",,Pipidae (Tongueless Frogs),Xenopus (Clawed Frogs),Deuterostomia,Gnathostomata,Decreasing,"Xu,Y., and M.C. Gye",2239854,2515233,Active ingredient,Culture,Survival,Carrier or solvent,02/13/2020,A,Renewal,02/18/2020,,Lab,03/12/2020,Laboratory,2018,Reviewer assigned endpoint,No significance,P,Blastula,4 REPLICATES,FETAX SOLUTION,Unmeasured,Triethyl 2-acetylcitrate,DE-JELLIED,BRED AT HANYANG UNIVERSITY AQUARIUM,SOURCE/BRED AT HANYANG UNIVERSITY AQUARIUM//MEDIA/FETAX SOLUTION//,7,None,99,>,None,2,>,h,Time,96,h,Time,24,Every x hours,Unknown,96,h,Time,23,°C,Temperature,0.05,<,None,87759,,,,40,Organism,Unknown,,,,80,None,,,,,,,,,,,,,,,,,,,,,,,,,,,,,,,,,,,,,,,,,,,,,,,,,,,,,,,,,,,,,,,,,,,48,h,Time,454.3999938964844,mg/L,Mass concentration,,,454.3999938964844,mg/L,Mass concentration,,
77-89-4,"1,2,3-Propanetricarboxylic acid, 2-(acetyloxy)-, 1,2,3-triethyl ester;1,2,3-Propanetricarboxylic acid, 2-(acetyloxy)-, triethyl ester;2-(Acetyloxy)-1,2,3-propanetricarboxylic acid 1,2,3-triethyl ester;Acetyl triethyl citrate;Acetyltriethyl citrate;acetyltriethyl citrate (1,2,3-propanetricarboxylic acid, 2-(acetyloxy)-, triethyl ester);Citric acid, triethyl ester, acetate;triethyl 2-(acetyloxy)propane-1,2,3-tricarboxylate;triethyl O-acetylcitrate",,,,,,,,,,,,,,,,,,,,,,,,,,,,,,,,,,,,,,,,,,,,,,,,,,,,,,,,,,,,,,,,,,,,,,,,,,,,,,,,,,,,,,,,,,,,,,,,,,,,,,,,,,,,,,,,,,,,,,,,,,,,,,,,Ecotoxicological Information#Aquatic Toxicity,ECOTOX,,Developmental Toxicity of Dibutyl Phthalate and Citrate Ester Plasticizers in Xenopus laevis Embryos,NOEC,True,No qualifier,Equal,Chemosphere204:523-534,,,,Mortality,Xenopus laevis,Animalia (animals),Bilateria,Chordata (chordates),Vertebrata (vertebrates),Tetrapoda,Amphibia (Amphibians),"Anura (Frogs,Toads)",,Pipidae (Tongueless Frogs),Xenopus (Clawed Frogs),Deuterostomia,Gnathostomata,Decreasing,"Xu,Y., and M.C. Gye",2239854,2515235,Active ingredient,Culture,Survival,Carrier or solvent,02/13/2020,A,Renewal,02/18/2020,,Lab,03/12/2020,Laboratory,2018,Reviewer assigned endpoint,No significance,P,Blastula,4 REPLICATES,FETAX SOLUTION,Unmeasured,Triethyl 2-acetylcitrate,DE-JELLIED,BRED AT HANYANG UNIVERSITY AQUARIUM,SOURCE/BRED AT HANYANG UNIVERSITY AQUARIUM//MEDIA/FETAX SOLUTION//,7,None,99,>,None,2,>,h,Time,96,h,Time,24,Every x hours,Unknown,96,h,Time,23,°C,Temperature,0.05,<,None,87760,,,,40,Organism,Unknown,,,,90,None,,,,,,,,,,,,,,,,,,,,,,,,,,,,,,,,,,,,,,,,,,,,,,,,,,,,,,,,,,,,,,,,,,,72,h,Time,363.5,mg/L,Mass concentration,,,363.5,mg/L,Mass concentration,,
77-89-4,"1,2,3-Propanetricarboxylic acid, 2-(acetyloxy)-, 1,2,3-triethyl ester;1,2,3-Propanetricarboxylic acid, 2-(acetyloxy)-, triethyl ester;2-(Acetyloxy)-1,2,3-propanetricarboxylic acid 1,2,3-triethyl ester;Acetyl triethyl citrate;Acetyltriethyl citrate;acetyltriethyl citrate (1,2,3-propanetricarboxylic acid, 2-(acetyloxy)-, triethyl ester);Citric acid, triethyl ester, acetate;triethyl 2-(acetyloxy)propane-1,2,3-tricarboxylate;triethyl O-acetylcitrate",,,,,,,,,,,,,,,,,,,,,,,,,,,,,,,,,,,,,,,,,,,,,,,,,,,,,,,,,,,,,,,,,,,,,,,,,,,,,,,,,,,,,,,,,,,,,,,,,,,,,,,,,,,,,,,,,,,,,,,,,,,,,,,,Ecotoxicological Information#Aquatic Toxicity,ECOTOX,,Developmental Toxicity of Dibutyl Phthalate and Citrate Ester Plasticizers in Xenopus laevis Embryos,NOEC,True,No qualifier,Equal,Chemosphere204:523-534,,,,Mortality,Xenopus laevis,Animalia (animals),Bilateria,Chordata (chordates),Vertebrata (vertebrates),Tetrapoda,Amphibia (Amphibians),"Anura (Frogs,Toads)",,Pipidae (Tongueless Frogs),Xenopus (Clawed Frogs),Deuterostomia,Gnathostomata,Decreasing,"Xu,Y., and M.C. Gye",2239854,2515237,Active ingredient,Culture,Survival,Carrier or solvent,02/13/2020,A,Renewal,02/18/2020,,Lab,03/12/2020,Laboratory,2018,Reviewer assigned endpoint,No significance,P,Blastula,4 REPLICATES,FETAX SOLUTION,Unmeasured,Triethyl 2-acetylcitrate,DE-JELLIED,BRED AT HANYANG UNIVERSITY AQUARIUM,SOURCE/BRED AT HANYANG UNIVERSITY AQUARIUM//MEDIA/FETAX SOLUTION//,7,None,99,>,None,2,>,h,Time,96,h,Time,24,Every x hours,Unknown,96,h,Time,23,°C,Temperature,0.05,<,None,87761,,,,40,Organism,Unknown,,,,90,None,,,,,,,,,,,,,,,,,,,,,,,,,,,,,,,,,,,,,,,,,,,,,,,,,,,,,,,,,,,,,,,,,,,96,h,Time,363.5,mg/L,Mass concentration,,,363.5,mg/L,Mass concentration,,
77-89-4,"1,2,3-Propanetricarboxylic acid, 2-(acetyloxy)-, 1,2,3-triethyl ester;1,2,3-Propanetricarboxylic acid, 2-(acetyloxy)-, triethyl ester;2-(Acetyloxy)-1,2,3-propanetricarboxylic acid 1,2,3-triethyl ester;Acetyl triethyl citrate;Acetyltriethyl citrate;acetyltriethyl citrate (1,2,3-propanetricarboxylic acid, 2-(acetyloxy)-, triethyl ester);Citric acid, triethyl ester, acetate;triethyl 2-(acetyloxy)propane-1,2,3-tricarboxylate;triethyl O-acetylcitrate",,,,,,,,,,,,,,,,,,,,,,,,,,,,,,,,,,,,,,,,,,,,,,,,,,,,,,,,,,,,,,,,,,,,,,,,,,,,,,,,,,,,,,,,,,,,,,,,,,,,,,,,,,,,,,,,,,,,,,,,,,,,,,,,Human Health Hazards#Acute Toxicity,Acute Oral toxicity DB,2012,,LD50,False,No qualifier,Equal,http://chem.sis.nlm.nih.gov/chemidplus/rn/77-89-4,,,,,Rat,,,,,,,,,,,,,,,,,,,,,,,,,,,,,,,,,,,,,,,,,,,,,,,,,,,,,,,,,,,,,,,,,,,,,,,,,,,,,Oral (Gavage),in Vivo,,,,,,,,,,,,,,,,,,,,,,,,,,,,,,,,,,,,,,,,,,,,,,,,,,,,,,,,,,,,,,,,,24,h,Time,6996.111010145917,mg/kg,Mass fraction,,,0.021978599950671196,mol/kg,Molality,,
77-89-4,"1,2,3-Propanetricarboxylic acid, 2-(acetyloxy)-, 1,2,3-triethyl ester;1,2,3-Propanetricarboxylic acid, 2-(acetyloxy)-, triethyl ester;2-(Acetyloxy)-1,2,3-propanetricarboxylic acid 1,2,3-triethyl ester;Acetyl triethyl citrate;Acetyltriethyl citrate;acetyltriethyl citrate (1,2,3-propanetricarboxylic acid, 2-(acetyloxy)-, triethyl ester);Citric acid, triethyl ester, acetate;triethyl 2-(acetyloxy)propane-1,2,3-tricarboxylate;triethyl O-acetylcitrate",,,,,,,,,,,,,,,,,,,,,,,,,,,,,,,,,,,,,,,,,,,,,,,,,,,,,,,,,,,,,,,,,,,,,,,,,,,,,,,,,,,,,,,,,,,,,,,,,,,,,,,,,,,,,,,,,,,,,,,,,,,,,,,,Human Health Hazards#ToxCast,ToxCastDB,,,AC50,False,No qualifier,Equal,,,,,,Homo sapiens,Animalia (animals),Bilateria,Chordata (chordates),Vertebrata (vertebrates),Tetrapoda,Mammalia (mammals),Primates (primates),Haplorrhini,"Hominidae (man-like primates,Great Apes)",Homo (hominoids),Deuterostomia,Gnathostomata,,,,,,,,,,,,,,,,,,,,,,,,,,,,,,,,,,,,,,,,,,,,,,,,,,,,,,,,,,,,Hominoidea,Theria,Simiiformes,,,,,Attagene Factorial Cis NRF2/ARE,http://www.attagene.com/services.php,DNA sequencer,Multiplexed reporter gene assay; Antioxidative Responses,NFE2L2,NRF2/AR Response Element,In vitro (Cellular),Attagene,Reporter gene assay,nuclear factor (erythroid-derived 2)-like 2,Factorial reporter gene assay,Transcription Factor,Cell line,NRF2,HepG2,4780,Eutheria,Homininae (African apes),,,,,,,,,,,,,,,,,,,,,,,,,,,,,,,,,,,,,,,,,,,,,,,,,,24.796714057709654,mg/L,Mass concentration,,,77.9000015258789,µM,Molar concentration,,
77-89-4,"1,2,3-Propanetricarboxylic acid, 2-(acetyloxy)-, 1,2,3-triethyl ester;1,2,3-Propanetricarboxylic acid, 2-(acetyloxy)-, triethyl ester;2-(Acetyloxy)-1,2,3-propanetricarboxylic acid 1,2,3-triethyl ester;Acetyl triethyl citrate;Acetyltriethyl citrate;acetyltriethyl citrate (1,2,3-propanetricarboxylic acid, 2-(acetyloxy)-, triethyl ester);Citric acid, triethyl ester, acetate;triethyl 2-(acetyloxy)propane-1,2,3-tricarboxylate;triethyl O-acetylcitrate",,,,,,,,,,,,,,,,,,,,,,,,,,,,,,,,,,,,,,,,,,,,,,,,,,,,,,,,,,,,,,,,,,,,,,,,,,,,,,,,,,,,,,,,,,,,,,,,,,,,,,,,,,,,,,,,,,,,,,,,,,,,,,,,Human Health Hazards#ToxCast,ToxCastDB,,,AC50,False,No qualifier,Equal,,,,,,Homo sapiens,Animalia (animals),Bilateria,Chordata (chordates),Vertebrata (vertebrates),Tetrapoda,Mammalia (mammals),Primates (primates),Haplorrhini,"Hominidae (man-like primates,Great Apes)",Homo (hominoids),Deuterostomia,Gnathostomata,,,,,,,,,,,,,,,,,,,,,,,,,,,,,,,,,,,,,,,,,,,,,,,,,,,,,,,,,,,,Hominoidea,Theria,Simiiformes,,,,,Attagene Factorial Cis NRF2/ARE,http://www.attagene.com/services.php,DNA sequencer,Multiplexed reporter gene assay; Antioxidative Responses,NFE2L2,NRF2/AR Response Element,In vitro (Cellular),Attagene,Reporter gene assay,nuclear factor (erythroid-derived 2)-like 2,Factorial reporter gene assay,Transcription Factor,Cell line,NRF2,HepG2,4780,Eutheria,Homininae (African apes),liver,cell line,microplate: 24-well plate,HepG2,adherent,DMSO,inducible reporter,cell-based,"Attagene Inc. is a CRO offering a unique screening service using its proprietary multiplexed pathway profiling platform, the FACTORIAL.",ATG,ARE RTU,positive,reporter gene,multiplexed,RT-PCR and Capillary electrophoresis,protein,fold_induction,mRNA induction,cell-based,Attagene,dna binding,inducer,4780,transcription factor,regulation of transcription factor activity,Fluorescence,gain,rna,0,0,basic leucine zipper,"ATG_NRF2_ARE_CIS was designed to target dna binding (basic leucine zipper) activity at the protein (transcription factor) level, specifically mapping to NFE2L2 gene(s) using a positive control of NA",NFE2L2,0,0,4780,Fluorescence intensity,mRNA,NFE2L2,24,h,Time,,,,,,,,24.796714057709654,mg/L,Mass concentration,,,77.9000015258789,µM,Molar concentration,,
77-89-4,"1,2,3-Propanetricarboxylic acid, 2-(acetyloxy)-, 1,2,3-triethyl ester;1,2,3-Propanetricarboxylic acid, 2-(acetyloxy)-, triethyl ester;2-(Acetyloxy)-1,2,3-propanetricarboxylic acid 1,2,3-triethyl ester;Acetyl triethyl citrate;Acetyltriethyl citrate;acetyltriethyl citrate (1,2,3-propanetricarboxylic acid, 2-(acetyloxy)-, triethyl ester);Citric acid, triethyl ester, acetate;triethyl 2-(acetyloxy)propane-1,2,3-tricarboxylate;triethyl O-acetylcitrate",,,,,,,,,,,,,,,,,,,,,,,,,,,,,,,,,,,,,,,,,,,,,,,,,,,,,,,,,,,,,,,,,,,,,,,,,,,,,,,,,,,,,,,,,,,,,,,,,,,,,,,,,,,,,,,,,,,,,,,,,,,,,,,,Human Health Hazards#ToxCast,ToxCastDB,,,AC50,False,No qualifier,Equal,,,,,,Homo sapiens,Animalia (animals),Bilateria,Chordata (chordates),Vertebrata (vertebrates),Tetrapoda,Mammalia (mammals),Primates (primates),Haplorrhini,"Hominidae (man-like primates,Great Apes)",Homo (hominoids),Deuterostomia,Gnathostomata,,,,,,,,,,,,,,,,,,,,,,,,,,,,,,,,,,,,,,,,,,,,,,,,,,,,,,,,,,,,Hominoidea,Theria,Simiiformes,,,,,Attagene Factorial Cis PXRE,http://www.attagene.com/services.php,DNA sequencer,Multiplexed reporter gene assay; Nuclear receptor pathway,NR1I2,PXR Response Element,In vitro (Cellular),Attagene,Reporter gene assay,"nuclear receptor subfamily 1, group I, member 2",Factorial reporter gene assay,Transcription Factor,Cell line,Rifampicin,HepG2,8856,Eutheria,Homininae (African apes),,,,,,,,,,,,,,,,,,,,,,,,,,,,,,,,,,,,,,,,,,,,,,,,,,9.772260918854826,mg/L,Mass concentration,,,30.700000762939453,µM,Molar concentration,,
77-89-4,"1,2,3-Propanetricarboxylic acid, 2-(acetyloxy)-, 1,2,3-triethyl ester;1,2,3-Propanetricarboxylic acid, 2-(acetyloxy)-, triethyl ester;2-(Acetyloxy)-1,2,3-propanetricarboxylic acid 1,2,3-triethyl ester;Acetyl triethyl citrate;Acetyltriethyl citrate;acetyltriethyl citrate (1,2,3-propanetricarboxylic acid, 2-(acetyloxy)-, triethyl ester);Citric acid, triethyl ester, acetate;triethyl 2-(acetyloxy)propane-1,2,3-tricarboxylate;triethyl O-acetylcitrate",,,,,,,,,,,,,,,,,,,,,,,,,,,,,,,,,,,,,,,,,,,,,,,,,,,,,,,,,,,,,,,,,,,,,,,,,,,,,,,,,,,,,,,,,,,,,,,,,,,,,,,,,,,,,,,,,,,,,,,,,,,,,,,,Human Health Hazards#ToxCast,ToxCastDB,,,AC50,False,No qualifier,Equal,,,,,,Homo sapiens,Animalia (animals),Bilateria,Chordata (chordates),Vertebrata (vertebrates),Tetrapoda,Mammalia (mammals),Primates (primates),Haplorrhini,"Hominidae (man-like primates,Great Apes)",Homo (hominoids),Deuterostomia,Gnathostomata,,,,,,,,,,,,,,,,,,,,,,,,,,,,,,,,,,,,,,,,,,,,,,,,,,,,,,,,,,,,Hominoidea,Theria,Simiiformes,,,,,Attagene Factorial Cis PXRE,http://www.attagene.com/services.php,DNA sequencer,Multiplexed reporter gene assay; Nuclear receptor pathway,NR1I2,PXR Response Element,In vitro (Cellular),Attagene,Reporter gene assay,"nuclear receptor subfamily 1, group I, member 2",Factorial reporter gene assay,Transcription Factor,Cell line,Rifampicin,HepG2,8856,Eutheria,Homininae (African apes),liver,cell line,microplate: 24-well plate,HepG2,adherent,DMSO,inducible reporter,cell-based,"Attagene Inc. is a CRO offering a unique screening service using its proprietary multiplexed pathway profiling platform, the FACTORIAL.",ATG,PXRE RTU,positive,reporter gene,multiplexed,RT-PCR and Capillary electrophoresis,protein,fold_induction,mRNA induction,cell-based,Attagene,nuclear receptor,inducer,8856,transcription factor,regulation of transcription factor activity,Fluorescence,gain,rna,0,0,non-steroidal,"ATG_PXRE_CIS was designed to target nuclear receptor (non-steroidal) activity at the protein (transcription factor) level, specifically mapping to NR1I2 gene(s) using a positive control of Rifampicin",NR1I2,0,0,8856,Fluorescence intensity,mRNA,NR1I2,24,h,Time,Rifampicin,,,,,,,9.772260918854826,mg/L,Mass concentration,,,30.700000762939453,µM,Molar concentration,,
77-89-4,"1,2,3-Propanetricarboxylic acid, 2-(acetyloxy)-, 1,2,3-triethyl ester;1,2,3-Propanetricarboxylic acid, 2-(acetyloxy)-, triethyl ester;2-(Acetyloxy)-1,2,3-propanetricarboxylic acid 1,2,3-triethyl ester;Acetyl triethyl citrate;Acetyltriethyl citrate;acetyltriethyl citrate (1,2,3-propanetricarboxylic acid, 2-(acetyloxy)-, triethyl ester);Citric acid, triethyl ester, acetate;triethyl 2-(acetyloxy)propane-1,2,3-tricarboxylate;triethyl O-acetylcitrate",,,,,,,,,,,,,,,,,,,,,,,,,,,,,,,,,,,,,,,,,,,,,,,,,,,,,,,,,,,,,,,,,,,,,,,,,,,,,,,,,,,,,,,,,,,,,,,,,,,,,,,,,,,,,,,,,,,,,,,,,,,,,,,,Human Health Hazards#ToxCast,ToxCastDB,,,AC50,False,No qualifier,Equal,,,,,,Homo sapiens,Animalia (animals),Bilateria,Chordata (chordates),Vertebrata (vertebrates),Tetrapoda,Mammalia (mammals),Primates (primates),Haplorrhini,"Hominidae (man-like primates,Great Apes)",Homo (hominoids),Deuterostomia,Gnathostomata,,,,,,,,,,,,,,,,,,,,,,,,,,,,,,,,,,,,,,,,,,,,,,,,,,,,,,,,,,,,Hominoidea,Theria,Simiiformes,,,,,Attagene Factorial Trans PPARg,http://www.attagene.com/services.php,DNA sequencer,Multiplexed reporter gene assay; nuclear receptor pathway,PPARG,PPARg,In vitro (Cellular),Attagene,Reporter gene assay,peroxisome proliferator-activated receptor gamma,Factorial reporter gene assay,Transcription Factor,Cell line,Rosiglitazone,HepG2,5468,Eutheria,Homininae (African apes),,,,,,,,,,,,,,,,,,,,,,,,,,,,,,,,,,,,,,,,,,,,,,,,,,22.568511297709655,mg/L,Mass concentration,,,70.9000015258789,µM,Molar concentration,,
77-89-4,"1,2,3-Propanetricarboxylic acid, 2-(acetyloxy)-, 1,2,3-triethyl ester;1,2,3-Propanetricarboxylic acid, 2-(acetyloxy)-, triethyl ester;2-(Acetyloxy)-1,2,3-propanetricarboxylic acid 1,2,3-triethyl ester;Acetyl triethyl citrate;Acetyltriethyl citrate;acetyltriethyl citrate (1,2,3-propanetricarboxylic acid, 2-(acetyloxy)-, triethyl ester);Citric acid, triethyl ester, acetate;triethyl 2-(acetyloxy)propane-1,2,3-tricarboxylate;triethyl O-acetylcitrate",,,,,,,,,,,,,,,,,,,,,,,,,,,,,,,,,,,,,,,,,,,,,,,,,,,,,,,,,,,,,,,,,,,,,,,,,,,,,,,,,,,,,,,,,,,,,,,,,,,,,,,,,,,,,,,,,,,,,,,,,,,,,,,,Human Health Hazards#ToxCast,ToxCastDB,,,AC50,False,No qualifier,Equal,,,,,,Homo sapiens,Animalia (animals),Bilateria,Chordata (chordates),Vertebrata (vertebrates),Tetrapoda,Mammalia (mammals),Primates (primates),Haplorrhini,"Hominidae (man-like primates,Great Apes)",Homo (hominoids),Deuterostomia,Gnathostomata,,,,,,,,,,,,,,,,,,,,,,,,,,,,,,,,,,,,,,,,,,,,,,,,,,,,,,,,,,,,Hominoidea,Theria,Simiiformes,,,,,Attagene Factorial Trans PPARg,http://www.attagene.com/services.php,DNA sequencer,Multiplexed reporter gene assay; nuclear receptor pathway,PPARG,PPARg,In vitro (Cellular),Attagene,Reporter gene assay,peroxisome proliferator-activated receptor gamma,Factorial reporter gene assay,Transcription Factor,Cell line,Rosiglitazone,HepG2,5468,Eutheria,Homininae (African apes),liver,cell line,microplate: 24-well plate,HepG2,adherent,DMSO,inducible reporter,cell-based,"Attagene Inc. is a CRO offering a unique screening service using its proprietary multiplexed pathway profiling platform, the FACTORIAL.",ATG,gal4-PPARg RTU,positive,reporter gene,multiplexed,RT-PCR and Capillary electrophoresis,protein,fold_induction,mRNA induction,cell-based,Attagene,nuclear receptor,inducer,5468,transcription factor,regulation of transcription factor activity,Fluorescence,gain,rna,0,0,non-steroidal,"ATG_PPARg_TRANS was designed to target nuclear receptor (non-steroidal) activity at the protein (transcription factor) level, specifically mapping to PPARG gene(s) using a positive control of GW7647",PPARG,0,0,5468,Fluorescence intensity,mRNA,PPARG,24,h,Time,GW7647,,,,,,,22.568511297709655,mg/L,Mass concentration,,,70.9000015258789,µM,Molar concentration,,
77-89-4,"1,2,3-Propanetricarboxylic acid, 2-(acetyloxy)-, 1,2,3-triethyl ester;1,2,3-Propanetricarboxylic acid, 2-(acetyloxy)-, triethyl ester;2-(Acetyloxy)-1,2,3-propanetricarboxylic acid 1,2,3-triethyl ester;Acetyl triethyl citrate;Acetyltriethyl citrate;acetyltriethyl citrate (1,2,3-propanetricarboxylic acid, 2-(acetyloxy)-, triethyl ester);Citric acid, triethyl ester, acetate;triethyl 2-(acetyloxy)propane-1,2,3-tricarboxylate;triethyl O-acetylcitrate",,,,,,,,,,,,,,,,,,,,,,,,,,,,,,,,,,,,,,,,,,,,,,,,,,,,,,,,,,,,,,,,,,,,,,,,,,,,,,,,,,,,,,,,,,,,,,,,,,,,,,,,,,,,,,,,,,,,,,,,,,,,,,,,Human Health Hazards#ToxCast,ToxCastDB,,,AC50,False,No qualifier,Equal,,,,,,Homo sapiens,Animalia (animals),Bilateria,Chordata (chordates),Vertebrata (vertebrates),Tetrapoda,Mammalia (mammals),Primates (primates),Haplorrhini,"Hominidae (man-like primates,Great Apes)",Homo (hominoids),Deuterostomia,Gnathostomata,,,,,,,,,,,,,,,,,,,,,,,,,,,,,,,,,,,,,,,,,,,,,,,,,,,,,,,,,,,,Hominoidea,Theria,Simiiformes,,,,,Attagene Factorial Trans PXR,http://www.attagene.com/services.php,DNA sequencer,Multiplexed reporter gene assay; Nuclear receptor pathway,NR1I2,PXR,In vitro (Cellular),Attagene,Reporter gene assay,"nuclear receptor subfamily 1, group I, member 2",Factorial reporter gene assay,Transcription Factor,Cell line,Rifampicin,HepG2,8856,Eutheria,Homininae (African apes),liver,cell line,microplate: 24-well plate,HepG2,adherent,DMSO,inducible reporter,cell-based,"Attagene Inc. is a CRO offering a unique screening service using its proprietary multiplexed pathway profiling platform, the FACTORIAL.",ATG,gal4-PXR RTU,positive,reporter gene,multiplexed,RT-PCR and Capillary electrophoresis,protein,fold_induction,mRNA induction,cell-based,Attagene,nuclear receptor,inducer,8856,transcription factor,regulation of transcription factor activity,Fluorescence,gain,rna,0,0,non-steroidal,"ATG_PXR_TRANS was designed to target nuclear receptor (non-steroidal) activity at the protein (transcription factor) level, specifically mapping to NR1I2 gene(s) using a positive control of NA",NR1I2,0,0,8856,Fluorescence intensity,mRNA,NR1I2,24,h,Time,,,,,,,,7.957866999999999,mg/L,Mass concentration,,,25,µM,Molar concentration,,
77-89-4,"1,2,3-Propanetricarboxylic acid, 2-(acetyloxy)-, 1,2,3-triethyl ester;1,2,3-Propanetricarboxylic acid, 2-(acetyloxy)-, triethyl ester;2-(Acetyloxy)-1,2,3-propanetricarboxylic acid 1,2,3-triethyl ester;Acetyl triethyl citrate;Acetyltriethyl citrate;acetyltriethyl citrate (1,2,3-propanetricarboxylic acid, 2-(acetyloxy)-, triethyl ester);Citric acid, triethyl ester, acetate;triethyl 2-(acetyloxy)propane-1,2,3-tricarboxylate;triethyl O-acetylcitrate",,,,,,,,,,,,,,,,,,,,,,,,,,,,,,,,,,,,,,,,,,,,,,,,,,,,,,,,,,,,,,,,,,,,,,,,,,,,,,,,,,,,,,,,,,,,,,,,,,,,,,,,,,,,,,,,,,,,,,,,,,,,,,,,Human Health Hazards#ToxCast,ToxCastDB,,,AC50,False,No qualifier,Equal,,,,,,Homo sapiens,Animalia (animals),Bilateria,Chordata (chordates),Vertebrata (vertebrates),Tetrapoda,Mammalia (mammals),Primates (primates),Haplorrhini,"Hominidae (man-like primates,Great Apes)",Homo (hominoids),Deuterostomia,Gnathostomata,,,,,,,,,,,,,,,,,,,,,,,,,,,,,,,,,,,,,,,,,,,,,,,,,,,,,,,,,,,,Hominoidea,Theria,Simiiformes,,,,,Attagene Factorial Trans PXR,http://www.attagene.com/services.php,DNA sequencer,Multiplexed reporter gene assay; Nuclear receptor pathway,NR1I2,PXR,In vitro (Cellular),Attagene,Reporter gene assay,"nuclear receptor subfamily 1, group I, member 2",Factorial reporter gene assay,Transcription Factor,Cell line,Rifampicin,HepG2,8856,Eutheria,Homininae (African apes),,,,,,,,,,,,,,,,,,,,,,,,,,,,,,,,,,,,,,,,,,,,,,,,,,7.957866999999999,mg/L,Mass concentration,,,25,µM,Molar concentration,,
77-89-4,"1,2,3-Propanetricarboxylic acid, 2-(acetyloxy)-, 1,2,3-triethyl ester;1,2,3-Propanetricarboxylic acid, 2-(acetyloxy)-, triethyl ester;2-(Acetyloxy)-1,2,3-propanetricarboxylic acid 1,2,3-triethyl ester;Acetyl triethyl citrate;Acetyltriethyl citrate;acetyltriethyl citrate (1,2,3-propanetricarboxylic acid, 2-(acetyloxy)-, triethyl ester);Citric acid, triethyl ester, acetate;triethyl 2-(acetyloxy)propane-1,2,3-tricarboxylate;triethyl O-acetylcitrate",,,,,,,,,,,,,,,,,,,,,,,,,,,,,,,,,,,,,,,,,,,,,,,,,,,,,,,,,,,,,,,,,,,,,,,,,,,,,,,,,,,,,,,,,,,,,,,,,,,,,,,,,,,,,,,,,,,,,,,,,,,,,,,,Human Health Hazards#ToxCast,ToxCastDB,,,AC50,False,No qualifier,Equal,,,,,,Homo sapiens,Animalia (animals),Bilateria,Chordata (chordates),Vertebrata (vertebrates),Tetrapoda,Mammalia (mammals),Primates (primates),Haplorrhini,"Hominidae (man-like primates,Great Apes)",Homo (hominoids),Deuterostomia,Gnathostomata,,,,,,,,,,,,,,,,,,,,,,,,,,,,,,,,,,,,,,,,,,,,,,,,,,,,,,,,,,,,Hominoidea,Theria,Simiiformes,,,,,HUVEC_PBMC_SEB_TSST_24_CXCL8_IL_8_up,http://www.bioseekinc.com/,Fold-Change,,IL8,IL-8,In vitro (Cellular),BioSeek,ELISA,interleukin 8,HUVEC/PBMC (TCR): IL-8,Cytokine,Primary Cell,,"HUVEC, PBMC",3576,Eutheria,Homininae (African apes),vascular,primary cell co-culture,microplate: 96-well plate,"HUVEC, PBMC",,DMSO,binding reporter,cell-based,Bioseek is a division of DiscoveRx Corporation and developed the BioMAP® system providing uniquely informative biological activity profiles.,BSK,IL-8 antibody,positive,signaling,multiplexed,ELISA,protein,fold_induction,immunoassay: elisa,cell-based,Bioseek,cytokine,antibody,3576,protein-specified,regulation of gene expression,Fluorescence,both,protein,450,650,interleukins,"BSK_SAg_IL8 was designed to target cytokine (interleukins) activity at the protein (protein-specified) level, specifically mapping to IL8 gene(s) using a positive control of colchicine",IL8,0,0.2,3576,Fluorescence intensity,protein-specified,IL8,24,h,Time,colchicine,DMSO,Colchicine,,,,,3.1831467999999994,mg/L,Mass concentration,,,10,µM,Molar concentration,,
77-89-4,"1,2,3-Propanetricarboxylic acid, 2-(acetyloxy)-, 1,2,3-triethyl ester;1,2,3-Propanetricarboxylic acid, 2-(acetyloxy)-, triethyl ester;2-(Acetyloxy)-1,2,3-propanetricarboxylic acid 1,2,3-triethyl ester;Acetyl triethyl citrate;Acetyltriethyl citrate;acetyltriethyl citrate (1,2,3-propanetricarboxylic acid, 2-(acetyloxy)-, triethyl ester);Citric acid, triethyl ester, acetate;triethyl 2-(acetyloxy)propane-1,2,3-tricarboxylate;triethyl O-acetylcitrate",,,,,,,,,,,,,,,,,,,,,,,,,,,,,,,,,,,,,,,,,,,,,,,,,,,,,,,,,,,,,,,,,,,,,,,,,,,,,,,,,,,,,,,,,,,,,,,,,,,,,,,,,,,,,,,,,,,,,,,,,,,,,,,,Human Health Hazards#ToxCast,ToxCastDB,,,AC50,False,No qualifier,Equal,,,,,,Homo sapiens,Animalia (animals),Bilateria,Chordata (chordates),Vertebrata (vertebrates),Tetrapoda,Mammalia (mammals),Primates (primates),Haplorrhini,"Hominidae (man-like primates,Great Apes)",Homo (hominoids),Deuterostomia,Gnathostomata,,,,,,,,,,,,,,,,,,,,,,,,,,,,,,,,,,,,,,,,,,,,,,,,,,,,,,,,,,,,Hominoidea,Theria,Simiiformes,,,,,HUVEC_PBMC_SEB_TSST_24_PBMC_Cytotoxicity_up,http://www.bioseekinc.com/,,,,PBMC Cytotoxicity,In vitro (Cellular),BioSeek,"SRB, Alamar Blue Reduction, Microscopy",,HUVEC/PBMC (TCR): Cytotoxicity,N/A,Primary Cell,,"HUVEC, PBMC",,Eutheria,Homininae (African apes),vascular,primary cell co-culture,microplate: 96-well plate,"HUVEC, PBMC",,DMSO,binding reporter,cell-based,Bioseek is a division of DiscoveRx Corporation and developed the BioMAP® system providing uniquely informative biological activity profiles.,BSK,Alamar blue,positive,viability,multiplexed,Alamar Blue Reduction,cellular,fold_induction,immunoassay: elisa,cell-based,Bioseek,cell cycle,stain,0,cellular,cell death,Fluorescence,both,cellular,590,0,cytotoxicity,"BSK_SAg_PBMCCytotoxicity was designed to target cell cycle (cytotoxicity) activity at the cellular (cellular) level, specifically mapping to NA gene(s) using a positive control of colchicine",,560,0.2,0,Fluorescence intensity,cellular,,24,h,Time,colchicine,DMSO,Colchicine,,,,,0.19353531921684503,mg/L,Mass concentration,,,0.6079999804496765,µM,Molar concentration,,
77-89-4,"1,2,3-Propanetricarboxylic acid, 2-(acetyloxy)-, 1,2,3-triethyl ester;1,2,3-Propanetricarboxylic acid, 2-(acetyloxy)-, triethyl ester;2-(Acetyloxy)-1,2,3-propanetricarboxylic acid 1,2,3-triethyl ester;Acetyl triethyl citrate;Acetyltriethyl citrate;acetyltriethyl citrate (1,2,3-propanetricarboxylic acid, 2-(acetyloxy)-, triethyl ester);Citric acid, triethyl ester, acetate;triethyl 2-(acetyloxy)propane-1,2,3-tricarboxylate;triethyl O-acetylcitrate",,,,,,,,,,,,,,,,,,,,,,,,,,,,,,,,,,,,,,,,,,,,,,,,,,,,,,,,,,,,,,,,,,,,,,,,,,,,,,,,,,,,,,,,,,,,,,,,,,,,,,,,,,,,,,,,,,,,,,,,,,,,,,,,Human Health Hazards#ToxCast,ToxCastDB,,,AC50,False,No qualifier,Equal,,,,,,Homo sapiens,Animalia (animals),Bilateria,Chordata (chordates),Vertebrata (vertebrates),Tetrapoda,Mammalia (mammals),Primates (primates),Haplorrhini,"Hominidae (man-like primates,Great Apes)",Homo (hominoids),Deuterostomia,Gnathostomata,,,,,,,,,,,,,,,,,,,,,,,,,,,,,,,,,,,,,,,,,,,,,,,,,,,,,,,,,,,,Hominoidea,Theria,Simiiformes,,,,,SMC_IL_1b_TNF_a_IFN_g_24_Serum_Amyloid_A_down,http://www.bioseekinc.com/,Fold-Change,,SAA1,SAA,In vitro (Cellular),BioSeek,ELISA,serum amyloid A1,HUVEC/Primary Human Vascular Smooth Muscle Cells (IL-1b+TNF-a+IFN-g): SAA,Apolipoprotein,Primary Cell,,Primary Human Coronary Artery Vascular Smooth Muscle Cells,6288,Eutheria,Homininae (African apes),vascular,primary cell,microplate: 96-well plate,HCAVSC,,DMSO,binding reporter,cell-based,Bioseek is a division of DiscoveRx Corporation and developed the BioMAP® system providing uniquely informative biological activity profiles.,BSK,SAA antibody,negative,signaling,multiplexed,ELISA,protein,fold_induction,immunoassay: elisa,cell-based,Bioseek,cell adhesion molecules,antibody,6288,protein-specified,regulation of gene expression,Fluorescence,both,protein,450,650,apolipoproteins,"BSK_CASM3C_SAA was designed to target cell adhesion molecules (apolipoproteins) activity at the protein (protein-specified) level, specifically mapping to SAA1 gene(s) using a positive control of colchicine",SAA1,0,0.2,6288,Fluorescence intensity,protein-specified,SAA1,24,h,Time,colchicine,DMSO,Colchicine,,,,,8.785485289427413,mg/L,Mass concentration,,,27.600000381469727,µM,Molar concentration,,
77-89-4,"1,2,3-Propanetricarboxylic acid, 2-(acetyloxy)-, 1,2,3-triethyl ester;1,2,3-Propanetricarboxylic acid, 2-(acetyloxy)-, triethyl ester;2-(Acetyloxy)-1,2,3-propanetricarboxylic acid 1,2,3-triethyl ester;Acetyl triethyl citrate;Acetyltriethyl citrate;acetyltriethyl citrate (1,2,3-propanetricarboxylic acid, 2-(acetyloxy)-, triethyl ester);Citric acid, triethyl ester, acetate;triethyl 2-(acetyloxy)propane-1,2,3-tricarboxylate;triethyl O-acetylcitrate",,,,,,,,,,,,,,,,,,,,,,,,,,,,,,,,,,,,,,,,,,,,,,,,,,,,,,,,,,,,,,,,,,,,,,,,,,,,,,,,,,,,,,,,,,,,,,,,,,,,,,,,,,,,,,,,,,,,,,,,,,,,,,,,Human Health Hazards#ToxCast,ToxCastDB,,,AC50,False,No qualifier,Equal,,,,,,Homo sapiens,Animalia (animals),Bilateria,Chordata (chordates),Vertebrata (vertebrates),Tetrapoda,Mammalia (mammals),Primates (primates),Haplorrhini,"Hominidae (man-like primates,Great Apes)",Homo (hominoids),Deuterostomia,Gnathostomata,,,,,,,,,,,,,,,,,,,,,,,,,,,,,,,,,,,,,,,,,,,,,,,,,,,,,,,,,,,,Hominoidea,Theria,Simiiformes,,,,,SMC_IL_1b_TNF_a_IFN_g_24_Serum_Amyloid_A_up,http://www.bioseekinc.com/,Fold-Change,,SAA1,SAA,In vitro (Cellular),BioSeek,ELISA,serum amyloid A1,HUVEC/Primary Human Vascular Smooth Muscle Cells (IL-1b+TNF-a+IFN-g): SAA,Apolipoprotein,Primary Cell,,Primary Human Coronary Artery Vascular Smooth Muscle Cells,6288,Eutheria,Homininae (African apes),vascular,primary cell,microplate: 96-well plate,HCAVSC,,DMSO,binding reporter,cell-based,Bioseek is a division of DiscoveRx Corporation and developed the BioMAP® system providing uniquely informative biological activity profiles.,BSK,SAA antibody,positive,signaling,multiplexed,ELISA,protein,fold_induction,immunoassay: elisa,cell-based,Bioseek,cell adhesion molecules,antibody,6288,protein-specified,regulation of gene expression,Fluorescence,both,protein,450,650,apolipoproteins,"BSK_CASM3C_SAA was designed to target cell adhesion molecules (apolipoproteins) activity at the protein (protein-specified) level, specifically mapping to SAA1 gene(s) using a positive control of colchicine",SAA1,0,0.2,6288,Fluorescence intensity,protein-specified,SAA1,24,h,Time,colchicine,DMSO,Colchicine,,,,,10.950025477709655,mg/L,Mass concentration,,,34.400001525878906,µM,Molar concentration,,
77-89-4,"1,2,3-Propanetricarboxylic acid, 2-(acetyloxy)-, 1,2,3-triethyl ester;1,2,3-Propanetricarboxylic acid, 2-(acetyloxy)-, triethyl ester;2-(Acetyloxy)-1,2,3-propanetricarboxylic acid 1,2,3-triethyl ester;Acetyl triethyl citrate;Acetyltriethyl citrate;acetyltriethyl citrate (1,2,3-propanetricarboxylic acid, 2-(acetyloxy)-, triethyl ester);Citric acid, triethyl ester, acetate;triethyl 2-(acetyloxy)propane-1,2,3-tricarboxylate;triethyl O-acetylcitrate",,,,,,,,,,,,,,,,,,,,,,,,,,,,,,,,,,,,,,,,,,,,,,,,,,,,,,,,,,,,,,,,,,,,,,,,,,,,,,,,,,,,,,,,,,,,,,,,,,,,,,,,,,,,,,,,,,,,,,,,,,,,,,,,Human Health Hazards#ToxCast,ToxCastDB,,,AC50,False,No qualifier,Equal,,,,,,Homo sapiens,Animalia (animals),Bilateria,Chordata (chordates),Vertebrata (vertebrates),Tetrapoda,Mammalia (mammals),Primates (primates),Haplorrhini,"Hominidae (man-like primates,Great Apes)",Homo (hominoids),Deuterostomia,Gnathostomata,,,,,,,,,,,,,,,,,,,,,,,,,,,,,,,,,,,,,,,,,,,,,,,,,,,,,,,,,,,,Hominoidea,Theria,Simiiformes,,,,,NCGC Reporter Gene Assay ERa Antagonist,http://www.ncgc.nih.gov/,Antagonist,Tox21_ERa_LUC_BG1_Antagonist_viability,ESR1,ERa,In vitro (Cellular),NCGC,Reporter gene assay,estrogen receptor 1,Tox21_ERa_LUC_BG1_Antagonist,Nuclear Receptor,Cell line,17-beta-estradiol,Tox21_ERa_LUC_BG1_Antagonist_viability,2099,Eutheria,Homininae (African apes),ovary,cell line,microplate: 1536-well plate,BG1,adherent,DMSO,viability reporter,cell-based,"Tox21 is an interagency agreement between the NIH, NTP, FDA and EPA. NIH Chemical Genomics Center (NCGC) is the primary screening facility running ultra high throughput screening assays across a large interagency-developed chemical library.",Tox21,CellTiter-Glo fluor,positive,viability,single,Luciferase-coupled ATP quantitation,cellular,percent_activity,atp content,cell-based,Tox21/NCGC,cell cycle,substrate,0,cellular,regulation of gene expression,Luminescence,loss,chemical,0,0,cytotoxicity,"Tox21_ERa_LUC_BG1_Antagonist_viability was designed to target cell cycle (cytotoxicity) activity at the cellular (cellular) level, specifically mapping to NA gene(s) using a positive control of tetraoctylammonium bromide",,0,0,0,Bioluminescence,ATP,,24,h,Time,tetraoctylammonium bromide,,,,,,,2.358711730229034,mg/L,Mass concentration,,,7.409999847412109,µM,Molar concentration,,
77-89-4,"1,2,3-Propanetricarboxylic acid, 2-(acetyloxy)-, 1,2,3-triethyl ester;1,2,3-Propanetricarboxylic acid, 2-(acetyloxy)-, triethyl ester;2-(Acetyloxy)-1,2,3-propanetricarboxylic acid 1,2,3-triethyl ester;Acetyl triethyl citrate;Acetyltriethyl citrate;acetyltriethyl citrate (1,2,3-propanetricarboxylic acid, 2-(acetyloxy)-, triethyl ester);Citric acid, triethyl ester, acetate;triethyl 2-(acetyloxy)propane-1,2,3-tricarboxylate;triethyl O-acetylcitrate",,,,,,,,,,,,,,,,,,,,,,,,,,,,,,,,,,,,,,,,,,,,,,,,,,,,,,,,,,,,,,,,,,,,,,,,,,,,,,,,,,,,,,,,,,,,,,,,,,,,,,,,,,,,,,,,,,,,,,,,,,,,,,,,Human Health Hazards#ToxCast,ToxCastDB,,,AC50,False,No qualifier,Equal,,,,,,Homo sapiens,Animalia (animals),Bilateria,Chordata (chordates),Vertebrata (vertebrates),Tetrapoda,Mammalia (mammals),Primates (primates),Haplorrhini,"Hominidae (man-like primates,Great Apes)",Homo (hominoids),Deuterostomia,Gnathostomata,,,,,,,,,,,,,,,,,,,,,,,,,,,,,,,,,,,,,,,,,,,,,,,,,,,,,,,,,,,,Hominoidea,Theria,Simiiformes,,,,,Tox21_AhR_viability,http://www.ncgc.nih.gov/,Viability,,,,In vitro (Cellular),NCGC,Reporter gene assay,,Tox21_AhR_viability,Nuclear Receptor,Cell line,,Tox21_AhR_viability,,Eutheria,Homininae (African apes),liver,cell line,microplate: 1536-well plate,HepG2,adherent,DMSO,viability reporter,cell-based,"Tox21 is an interagency agreement between the NIH, NTP, FDA and EPA. NIH Chemical Genomics Center (NCGC) is the primary screening facility running ultra high throughput screening assays across a large interagency-developed chemical library.",Tox21,CellTiter-Glo fluor,positive,viability,single,Luciferase-coupled ATP quantitation,cellular,percent_activity,atp content,cell-based,Tox21/NCGC,cell cycle,substrate,0,cellular,regulation of gene expression,Luminescence,loss,chemical,0,0,cytotoxicity,"Tox21_AhR_viability was designed to target nuclear receptor (non-steroidal) activity at the protein (receptor) level, specifically mapping to AhR gene(s) using a positive control of tetraoctylammonium bromide",,0,0,0,Bioluminescence,ATP,,24,h,Time,tetraoctylammonium bromide,,,,,,,4.010765089427414,mg/L,Mass concentration,,,12.600000381469727,µM,Molar concentration,,
77-89-4,"1,2,3-Propanetricarboxylic acid, 2-(acetyloxy)-, 1,2,3-triethyl ester;1,2,3-Propanetricarboxylic acid, 2-(acetyloxy)-, triethyl ester;2-(Acetyloxy)-1,2,3-propanetricarboxylic acid 1,2,3-triethyl ester;Acetyl triethyl citrate;Acetyltriethyl citrate;acetyltriethyl citrate (1,2,3-propanetricarboxylic acid, 2-(acetyloxy)-, triethyl ester);Citric acid, triethyl ester, acetate;triethyl 2-(acetyloxy)propane-1,2,3-tricarboxylate;triethyl O-acetylcitrate",,,,,,,,,,,,,,,,,,,,,,,,,,,,,,,,,,,,,,,,,,,,,,,,,,,,,,,,,,,,,,,,,,,,,,,,,,,,,,,,,,,,,,,,,,,,,,,,,,,,,,,,,,,,,,,,,,,,,,,,,,,,,,,,Human Health Hazards#ToxCast,ToxCastDB,,,AC50,False,No qualifier,Equal,,,,,,Homo sapiens,Animalia (animals),Bilateria,Chordata (chordates),Vertebrata (vertebrates),Tetrapoda,Mammalia (mammals),Primates (primates),Haplorrhini,"Hominidae (man-like primates,Great Apes)",Homo (hominoids),Deuterostomia,Gnathostomata,,,,,,,,,,,,,,,,,,,,,,,,,,,,,,,,,,,,,,,,,,,,,,,,,,,,,,,,,,,,Hominoidea,Theria,Simiiformes,,,,,Tox21_AR_LUC_MDAKB2_Antagonist_viability,http://www.ncgc.nih.gov/,Viability,,,,In vitro (Cellular),NCGC,Reporter gene assay,,Tox21_AR_LUC_MDAKB2_Antagonist_viability,Nuclear Receptor,Cell line,,Tox21_AR_LUC_MDAKB2_Antagonist_viability,,Eutheria,Homininae (African apes),breast,cell line,microplate: 1536-well plate,MDA-kb2,adherent,DMSO,viability reporter,cell-based,"Tox21 is an interagency agreement between the NIH, NTP, FDA and EPA. NIH Chemical Genomics Center (NCGC) is the primary screening facility running ultra high throughput screening assays across a large interagency-developed chemical library.",Tox21,CellTiter-Glo fluor,positive,viability,single,Luciferase-coupled ATP quantitation,cellular,percent_activity,atp content,cell-based,Tox21/NCGC,cell cycle,substrate,0,cellular,regulation of gene expression,Luminescence,loss,chemical,0,0,cytotoxicity,"Tox21_AR_LUC_MDAKB2_Antagonist_viability was designed to target cell cycle (cytotoxicity) activity at the cellular (cellular) level, specifically mapping to NA gene(s) using a positive control of tetraoctylammonium bromide",,0,0,0,Bioluminescence,ATP,,24,h,Time,tetraoctylammonium bromide,,,,,,,17.12532954114517,mg/L,Mass concentration,,,53.79999923706055,µM,Molar concentration,,
77-89-4,"1,2,3-Propanetricarboxylic acid, 2-(acetyloxy)-, 1,2,3-triethyl ester;1,2,3-Propanetricarboxylic acid, 2-(acetyloxy)-, triethyl ester;2-(Acetyloxy)-1,2,3-propanetricarboxylic acid 1,2,3-triethyl ester;Acetyl triethyl citrate;Acetyltriethyl citrate;acetyltriethyl citrate (1,2,3-propanetricarboxylic acid, 2-(acetyloxy)-, triethyl ester);Citric acid, triethyl ester, acetate;triethyl 2-(acetyloxy)propane-1,2,3-tricarboxylate;triethyl O-acetylcitrate",,,,,,,,,,,,,,,,,,,,,,,,,,,,,,,,,,,,,,,,,,,,,,,,,,,,,,,,,,,,,,,,,,,,,,,,,,,,,,,,,,,,,,,,,,,,,,,,,,,,,,,,,,,,,,,,,,,,,,,,,,,,,,,,Human Health Hazards#ToxCast,ToxCastDB,,,AC50,False,No qualifier,Equal,,,,,,Homo sapiens,Animalia (animals),Bilateria,Chordata (chordates),Vertebrata (vertebrates),Tetrapoda,Mammalia (mammals),Primates (primates),Haplorrhini,"Hominidae (man-like primates,Great Apes)",Homo (hominoids),Deuterostomia,Gnathostomata,,,,,,,,,,,,,,,,,,,,,,,,,,,,,,,,,,,,,,,,,,,,,,,,,,,,,,,,,,,,Hominoidea,Theria,Simiiformes,,,,,Tox21_Aromatase_Inhibition_viability,http://www.ncgc.nih.gov/,Viability,,,,In vitro (Cellular),NCGC,Reporter gene assay,,Tox21_Aromatase_Inhibition_viability,Nuclear Receptor,Cell line,,Tox21_Aromatase_Inhibition_viability,,Eutheria,Homininae (African apes),breast,cell line,microplate: 1536-well plate,MCF-7,adherent,DMSO,viability reporter,cell-based,"Tox21 is an interagency agreement between the NIH, NTP, FDA and EPA. NIH Chemical Genomics Center (NCGC) is the primary screening facility running ultra high throughput screening assays across a large interagency-developed chemical library.",Tox21,CellTiter-Glo fluor,positive,viability,single,Luciferase-coupled ATP quantitation,cellular,percent_activity,atp content,cell-based,Tox21/NCGC,cell cycle,substrate,0,cellular,regulation of gene expression,Luminescence,loss,chemical,0,0,cytotoxicity,"Tox21_Aromatase_Inhibition_viability was designed to target cell cycle (cytotoxicity) activity at the cellular (cellular) level, specifically mapping to NA gene(s) using a positive control of tetraoctylammonium bromide",,0,1,0,Bioluminescence,ATP,,24,h,Time,tetraoctylammonium bromide,,,,,,,2.7979860250572584,mg/L,Mass concentration,,,8.789999961853027,µM,Molar concentration,,
77-89-4,"1,2,3-Propanetricarboxylic acid, 2-(acetyloxy)-, 1,2,3-triethyl ester;1,2,3-Propanetricarboxylic acid, 2-(acetyloxy)-, triethyl ester;2-(Acetyloxy)-1,2,3-propanetricarboxylic acid 1,2,3-triethyl ester;Acetyl triethyl citrate;Acetyltriethyl citrate;acetyltriethyl citrate (1,2,3-propanetricarboxylic acid, 2-(acetyloxy)-, triethyl ester);Citric acid, triethyl ester, acetate;triethyl 2-(acetyloxy)propane-1,2,3-tricarboxylate;triethyl O-acetylcitrate",,,,,,,,,,,,,,,,,,,,,,,,,,,,,,,,,,,,,,,,,,,,,,,,,,,,,,,,,,,,,,,,,,,,,,,,,,,,,,,,,,,,,,,,,,,,,,,,,,,,,,,,,,,,,,,,,,,,,,,,,,,,,,,,Human Health Hazards#ToxCast,ToxCastDB,,,AC50,False,No qualifier,Equal,,,,,,Homo sapiens,Animalia (animals),Bilateria,Chordata (chordates),Vertebrata (vertebrates),Tetrapoda,Mammalia (mammals),Primates (primates),Haplorrhini,"Hominidae (man-like primates,Great Apes)",Homo (hominoids),Deuterostomia,Gnathostomata,,,,,,,,,,,,,,,,,,,,,,,,,,,,,,,,,,,,,,,,,,,,,,,,,,,,,,,,,,,,Hominoidea,Theria,Simiiformes,,,,,Tox21_TR_LUC_GH3_Antagonist_viability,http://www.ncgc.nih.gov/,Antagonist,,,,In vitro (Cellular),NCGC,Reporter gene assay,,Tox21_TR_LUC_GH3_Antagonist_viability,Nuclear Receptor,Cell line,,Tox21_TR_LUC_GH3_Antagonist_viability,,Eutheria,Homininae (African apes),pituitary gland,cell line,microplate: 1536-well plate,GH3,adherent,DMSO,viability reporter,cell-based,"Tox21 is an interagency agreement between the NIH, NTP, FDA and EPA. NIH Chemical Genomics Center (NCGC) is the primary screening facility running ultra high throughput screening assays across a large interagency-developed chemical library.",Tox21,CellTiter-Glo fluor,positive,viability,single,Luciferase-coupled ATP quantitation,cellular,percent_activity,atp content,cell-based,Tox21/NCGC,cell cycle,substrate,0,cellular,regulation of catalytic activity,Luminescence,loss,chemical,0,0,cytotoxicity,"Tox21_TR_LUC_GH3_Antagonist_viability was designed to target cell cycle (cytotoxicity) activity at the cellular (cellular) level, specifically mapping to NA gene(s) using a positive control of tetraoctylammonium bromide",,0,0,0,Bioluminescence,ATP,,24,h,Time,tetraoctylammonium bromide,,,,,,,10.66354178,mg/L,Mass concentration,,,33.5,µM,Molar concentration,,
77-89-4,"1,2,3-Propanetricarboxylic acid, 2-(acetyloxy)-, 1,2,3-triethyl ester;1,2,3-Propanetricarboxylic acid, 2-(acetyloxy)-, triethyl ester;2-(Acetyloxy)-1,2,3-propanetricarboxylic acid 1,2,3-triethyl ester;Acetyl triethyl citrate;Acetyltriethyl citrate;acetyltriethyl citrate (1,2,3-propanetricarboxylic acid, 2-(acetyloxy)-, triethyl ester);Citric acid, triethyl ester, acetate;triethyl 2-(acetyloxy)propane-1,2,3-tricarboxylate;triethyl O-acetylcitrate",,,,,,,,,,,,,,,,,,,,,,,,,,,,,,,,,,,,,,,,,,,,,,,,,,,,,,,,,,,,,,,,,,,,,,,,,,,,,,,,,,,,,,,,,,,,,,,,,,,,,,,,,,,,,,,,,,,,,,,,,,,,,,,,Human Health Hazards#ToxCast,ToxCastDB,,,AC50,False,No qualifier,Equal,,,,,,Homo sapiens,Animalia (animals),Bilateria,Chordata (chordates),Vertebrata (vertebrates),Tetrapoda,Mammalia (mammals),Primates (primates),Haplorrhini,"Hominidae (man-like primates,Great Apes)",Homo (hominoids),Deuterostomia,Gnathostomata,,,,,,,,,,,,,,,,,,,,,,,,,,,,,,,,,,,,,,,,,,,,,,,,,,,,,,,,,,,,Hominoidea,Theria,Simiiformes,,,,,OT_AR_ARELUC_AG_1440,,,384-well plate,"AR, SRC-1",AR.SRC-1,Cell Based,Odyssey Thera,Protein-fragment Complementation Assay,,OT_AR_ARELUC_AG_1440,AR ligand binding,Cell line,,HEK293T,367,Eutheria,Homininae (African apes),ovary,cell line,microplate: 384-well plate,CHOK1,adherent,DMSO,inducible reporter,cell-based,Odyssey Thera is a drug discovery company focusing on high throughput screening with a particular focus on developing novel protein-fragment complementation assays.,OT,D-luciferin,positive,reporter gene,single,Luciferase,pathway,percent_activity,luciferase induction,cell-based,Odyssey Thera,nuclear receptor,substrate,367,pathway-specified,receptor activity,Luminescence,gain,protein,0,0,steroidal,"OT_AR_ARELUC_AG_1440 was designed to target nuclear receptor (steroidal) activity at the pathway (pathway-specified) level, specifically mapping to AR gene(s) using a positive control of 6alpha-Fluorotestosterone",AR,0,0.5,367,Bioluminescence,receptor,AR,24,h,Time,6-alpha-Fluorotestosterone,DMSO,,Fluorescence intensity,,,,1.3464711024713705,mg/L,Mass concentration,,,4.230000019073486,µM,Molar concentration,,







