CAS Number,Chemical name(s),SMILES,Molecular formula,Predefined substance type,Additional Ids,Identity,CAS-SMILES relation,Ready Biodegradability Prediction,Primary biodeg (Biowin 4),phi (Octanol/air (Koa) model),phi (Mackay model),phi (Junge-Pankow model),OVERALL OZONE rate constant,OVERALL OZONE Half-life,OVERALL OH rate constant,OVERALL OH Half-life,Number of single bonds (with H),Number of single bonds,Number of rings,Number of nitro groups,Number of heavy atoms,Number of double bonds,Number of cyclic bonds,Ka Half-Life (pH 8),Ka Half-Life (pH 7),Hydrolysis half-life (pH 6.5-7.4),Henrys law Constant (Group Method),Henrys Law Constant (Bond Method),Half-Life (Observed metabolism),Half-Life (Model River),Half-Life (Model Lake),GSH Reactivity,FM reaction water,FM reaction time,FM reaction soil,FM fugacity air,FM emissions water,FM emissions soil,FM emissions sedmient,FM emissions air,FM advection water,FM advection time,FM advection soil,FM advection sediment,FM advection air,Exp Boiling Point,Boiling point,BCF (upper trophic),"BCF (upper trophic, biotransformation rate is zero)",BCF (mid trophic),Amino acids pKa (OASIS Regression),(Q) Basic pKa (Chemaxon),Water Solubility (fragments),Water Solubility,Vapor Pressure (Modified Grain Method),Vapor Pressure (Mackay method),Vapor Pressure (Antoine method),Ultimate biodeg (Biowin 3),Total Kb,Surface Tension,Subcooled liquid Vapor Pressure,STP FM (Total removal),STP FM (Total biodegradation),Similarity,Selected Vapor Pressure,Selected Melting Point,Relative number of N atoms,Number of aromatic bonds,Molecular Weight,Melting point (Gold and Ogle method),Melting Point (Adapted Joback Method),Mean Melting Point,log Kow,Log Koa (Henry's law constant model),Log Koa (Air-water partition coefficient model),Lipid Solubility,Kp (Octanol/air (Koa) model),Kp (Mackay method),Koc (MCI),Koc (Log Kow),kM,Kb half-life (pH 8),Kb half-life (pH 7),FM reaction sediment,FM reaction air,FM persistence time,FM percent reacted,FM percent advected,FM mass amount water,FM mass amount soil,FM mass amount sediment,FM mass amount air,FM half-life water,FM half-life soil,FM half-life sediment,FM half-life air,FM fugacity water,FM fugacity soil,FM fugacity sediment,Exp Water Solubility,Exp Vapor Pressure,Exp Ozone rate constant,Exp OH rate constant,Exp NO3 rate constant,Exp Melting Point,Exp Log P,Exp Henrys Law Constant,Biotransformation Half-Life,BioHC Half-Life,Biodeg probability (Biowin 7),Biodeg probability (Biowin 6),Biodeg probability (Biowin 5),Biodeg probability (Biowin 2),Biodeg probability (Biowin 1),Bio Half-Life,BCF (lower trophic),BCF,Basic pKa (OASIS Regression),BAF (upper trophic),"BAF (upper trophic, biotransformation rate is zero)",BAF (mid trophic),BAF (lower trophic),BAF,Acidic pKa (OASIS Regression),Acidic pKa (OASIS Electric),Acidic pKa (OASIS Consensus),Acidic pKa (OASIS composite calculator),(Q) Acidic pKa (Chemaxon),EndpointPath,Database,Year,Title,Endpoint,Test guideline,Assigned SMILES,Qualifier,Substance/Test material equality,Reference source,Experimental condition.Unit,Experimental condition.Scale,Experimental condition.MinValue,Assay,Organ,Donors,Record ID,Type of method,Saturation test limit.MeanValue,Saturation test limit.Unit,Saturation test limit.Scale,Test type,Comments,Temperature.MeanValue,Temperature.Unit,Temperature.Scale,Temperature,Test organisms (species),Kingdom,Subkingdom,Phylum,Subphylum,Superclass,Class,Superorder,Order,Superfamily,Family,Genus,Infrakingdom,Infraphylum,pH,Statistics,Water type,Tissue analyzed,Test specificity,Species common name,Sexual maturation (offspring),Lipid.MeanValue,Lipid.Unit,Lipid.Scale,Exposure concentration.MeanValue,Exposure concentration.Unit,Exposure concentration.Scale,Lipid method,"BCFk ww, k1/k2",Reliability score,"BCFk lipid, BCFk ww/lipid%",BCFss lipid.MeanValue,BCFss lipid.Unit,BCFss lipid.Scale,Author,log Kow,Data confidence category,KM representative.MeanValue,KM representative.Unit,KM representative.Scale,Metadata,Effect,Test ID,Result ID,Conc1 type,Media type,Measurement,Created date,Reference db,Published date,Publication year,Endpoint assigned,Subclass,Suborder,Infraorder,Superphylum,Media ph.MeanValue,Media ph.Scale,Media ph.MinValue,Media ph.MaxValue,Exposure Type,Measurement comments,Application freq.MeanValue,Application freq.Unit,Application freq.Scale,Modified date,Test location,Chem analysis method,Other effect comments,Trend,Test method,Control type,Response site,Organism source,Organism lifestage,Experimental design,Media type comments,Test method comments,Organism characteristics,Organism source comments,Test additional comments,Num doses.MeanValue,Num doses.Scale,Test purity.MeanValue,Test purity.Qualifier,Test purity.Scale,Organism age.MeanValue,Organism age.Qualifier,Organism age.Unit,Organism age.Scale,Organism age.MinValue,Organism age.MaxValue,Study duration.MeanValue,Study duration.Unit,Study duration.Scale,Dissolved oxygen.MeanValue,Dissolved oxygen.Qualifier,Dissolved oxygen.Unit,Dissolved oxygen.Scale,Exposure duration.MeanValue,Exposure duration.Unit,Exposure duration.Scale,Media temperature.MeanValue,Media temperature.Unit,Media temperature.Scale,Subfamily,Test grade,Media org matter type,Media sodium.MeanValue,Media sodium.Unit,Media sodium.Scale,Media calcium.MeanValue,Media calcium.Unit,Media calcium.Scale,Media sulfate.MeanValue,Media sulfate.Unit,Media sulfate.Scale,Media chlorine.MeanValue,Media chlorine.Unit,Media chlorine.Scale,Media hardness.MeanValue,Media hardness.Unit,Media hardness.Scale,Media magnesium.MeanValue,Media magnesium.Unit,Media magnesium.Scale,Media potassium.MeanValue,Media potassium.Unit,Media potassium.Scale,Media alkalinity.MeanValue,Media alkalinity.Unit,Media alkalinity.Scale,Media org carbon.MeanValue,Media org carbon.Unit,Media org carbon.Scale,Organism init wt.MeanValue,Organism init wt.Unit,Organism init wt.Scale,Organism init wt.MinValue,Organism init wt.MaxValue,Media conductivity.MeanValue,Media conductivity.Unit,Media conductivity.Scale,Test formulation,Media salinity.MeanValue,Media salinity.Unit,Media salinity.Scale,Section,Subsection,Additional comments,Superdivision,Division,Subdivision,Test characteristics,Dry wet,Strain,Route of administration,Metabolic activation,Type of genotoxicity,Source of methabolic system,OVERALL,Substance ID,Tissue,Assay URL,Assay mode,Cell format,Gene symbol,Assay category,Assay provider,Assay footprint,Assay phenotype,Cell short name,Assay technology,Cell growth mode,Dilution solvent,Assay description,Assay design type,Assay format type,Assay source desc,Assay source name,Analysis direction,Assay function type,Content readout type,Detection technology,Intended target type,Normalized Data Type,Assay design sub-type,Assay solvent control,Assay sub-format type,Assay positive control,Assay source long name,Intended target family,Intended target gene ID,Assay reference compound,Intended target sub-type,Biological process target,Detection technology type,Intended signal direction,Technological target type,Wavelength emission1 (nm),Wavelength emission2 (nm),Intended target sub-family,Key assay positive control,Assay component target desc,Intended target gene symbol,Wavelength excitation1 (nm),Dilution solvent percent max,Technological target gene ID,Detection technology sub-type,Technological target sub-type,Entrez gene ID(s) corresponding to the assay readout,Infraclass,Timepoint.MeanValue,Timepoint.Unit,Timepoint.Scale,Key assay reagent,Assay target family,Assay target source,Key assay reagent type,Assay target source type,HTS No,TestSub ID,Duration.MeanValue,Duration.Unit,Duration.Scale,Duration.MinValue,Value.MeanValue,Value.Qualifier,Value.Unit,Value.Scale,Value.MinValue,Value.MaxValue,Original value.MeanValue,Original value.Qualifier,Original value.Unit,Original value.Scale,Original value.MinValue,Original value.MaxValue
78-40-0,"Phosphoric acid, triethyl ester;Triethyl phosphate;triethyl_phosphate",CCOP(=O)(OCC)OCC,C6H15O4P,Mono constituent,EC Number:2011145,Sources:24,High,Not calculated,Not calculated,Not calculated,Not calculated,Not calculated,Not calculated,Not calculated,Not calculated,Not calculated,Not calculated,Not calculated,Not calculated,Not calculated,Not calculated,Not calculated,Not calculated,Not calculated,Not calculated,Not calculated,Not calculated,Not calculated,Not calculated,Not calculated,Not calculated,Not calculated,Not calculated,Not calculated,Not calculated,Not calculated,Not calculated,Not calculated,Not calculated,Not calculated,Not calculated,Not calculated,Not calculated,Not calculated,Not calculated,Not calculated,Not calculated,Not calculated,Not calculated,Not calculated,Not calculated,Not calculated,Not calculated,Not calculated,Not calculated,Not calculated,Not calculated,Not calculated,Not calculated,Not calculated,Not calculated,Not calculated,Not calculated,Not calculated,Not calculated,Not calculated,Not calculated,Not calculated,Not calculated,Not calculated,Not calculated,Not calculated,Not calculated,Not calculated,Not calculated,Not calculated,Not calculated,Not calculated,Not calculated,Not calculated,Not calculated,Not calculated,Not calculated,Not calculated,Not calculated,Not calculated,Not calculated,Not calculated,Not calculated,Not calculated,Not calculated,Not calculated,Not calculated,Not calculated,Not calculated,Not calculated,Not calculated,Not calculated,Not calculated,Not calculated,Not calculated,Not calculated,Not calculated,Not calculated,Not calculated,Not calculated,Not calculated,Not calculated,Not calculated,Not calculated,Not calculated,Not calculated,Not calculated,Not calculated,Not calculated,Not calculated,Not calculated,Not calculated,Not calculated,Not calculated,Not calculated,Not calculated,Not calculated,Not calculated,Not calculated,Not calculated,Not calculated,Not calculated,Physical Chemical Properties#Boiling point,Phys-chem EPISUITE,,,Boiling point,,False,No qualifier,Equal,SRC,mm Hg,Pressure,760,,,,,,,,,,,,,,,,,,,,,,,,,,,,,,,,,,,,,,,,,,,,,,,,,,,,,,,,,,,,,,,,,,,,,,,,,,,,,,,,,,,,,,,,,,,,,,,,,,,,,,,,,,,,,,,,,,,,,,,,,,,,,,,,,,,,,,,,,,,,,,,,,,,,,,,,,,,,,,,,,,,,,,,,,,,,,,,,,,,,,,,,,,,,,,,,,,,,,,,,,,,,,,,,,,,,,,,,,,,,,,,,,,,,,,,,,,,,,,,,,215.5,,°C,Temperature,,,215.5,,°C,Temperature,,
78-40-0,"Phosphoric acid, triethyl ester;Triethyl phosphate;triethyl_phosphate",,,,,,,,,,,,,,,,,,,,,,,,,,,,,,,,,,,,,,,,,,,,,,,,,,,,,,,,,,,,,,,,,,,,,,,,,,,,,,,,,,,,,,,,,,,,,,,,,,,,,,,,,,,,,,,,,,,,,,,,,,,,,,,,Physical Chemical Properties#Chemical reactivity,GSH Experimental RC50,2016,,GSH RC50,,False,Categorical data,Equal,,,,,GSH,Skin,"Safety & Environmental Assurance Centre, Unilever; International QSAR Foundation; The University of Tennessee",62,in Chemico,200,mmol/L,Chemical reactivity GSH RC50 (ratio),,,,,,,,,,,,,,,,,,,,,,,,,,,,,,,,,,,,,,,,,,,,,,,,,,,,,,,,,,,,,,,,,,,,,,,,,,,,,,,,,,,,,,,,,,,,,,,,,,,,,,,,,,,,,,,,,,,,,,,,,,,,,,,,,,,,,,,,,,,,,,,,,,,,,,,,,,,,,,,,,,,,,,,,,,,,,,,,,,,,,,,,,,,,,,,,,,,,,,,,,,,,,,,,,,,,,,,,,,,,,,,,,,,,,,,,,Not reactive at saturation,,,Chemical reactivity GSH RC50 (nominal),,,Not reactive at saturation,,,Chemical reactivity GSH RC50 (nominal),,
78-40-0,"Phosphoric acid, triethyl ester;Triethyl phosphate;triethyl_phosphate",,,,,,,,,,,,,,,,,,,,,,,,,,,,,,,,,,,,,,,,,,,,,,,,,,,,,,,,,,,,,,,,,,,,,,,,,,,,,,,,,,,,,,,,,,,,,,,,,,,,,,,,,,,,,,,,,,,,,,,,,,,,,,,,Physical Chemical Properties#Melting / freezing point,Phys-chem EPISUITE,,,Melting point,,False,No qualifier,Equal,SRC,,,,,,,,,,,,,,,,,,,,,,,,,,,,,,,,,,,,,,,,,,,,,,,,,,,,,,,,,,,,,,,,,,,,,,,,,,,,,,,,,,,,,,,,,,,,,,,,,,,,,,,,,,,,,,,,,,,,,,,,,,,,,,,,,,,,,,,,,,,,,,,,,,,,,,,,,,,,,,,,,,,,,,,,,,,,,,,,,,,,,,,,,,,,,,,,,,,,,,,,,,,,,,,,,,,,,,,,,,,,,,,,,,,,,,,,,,,,,,,,,,,,-56.400001525878906,,°C,Temperature,,,-56.400001525878906,,°C,Temperature,,
78-40-0,"Phosphoric acid, triethyl ester;Triethyl phosphate;triethyl_phosphate",,,,,,,,,,,,,,,,,,,,,,,,,,,,,,,,,,,,,,,,,,,,,,,,,,,,,,,,,,,,,,,,,,,,,,,,,,,,,,,,,,,,,,,,,,,,,,,,,,,,,,,,,,,,,,,,,,,,,,,,,,,,,,,,Physical Chemical Properties#Partition Coefficient:#N-Octanol/Water,Phys-chem EPISUITE,,,Log P,,False,No qualifier,Equal,SRC,,,,,,,,,,,,,,,,,,,,,,,,,,,,,,,,,,,,,,,,,,,,,,,,,,,,,,,,,,,,,,,,,,,,,,,,,,,,,,,,,,,,,,,,,,,,,,,,,,,,,,,,,,,,,,,,,,,,,,,,,,,,,,,,,,,,,,,,,,,,,,,,,,,,,,,,,,,,,,,,,,,,,,,,,,,,,,,,,,,,,,,,,,,,,,,,,,,,,,,,,,,,,,,,,,,,,,,,,,,,,,,,,,,,,,,,,,,,,,,,,,,,0.800000011920929,,,None,,,0.800000011920929,,,None,,
78-40-0,"Phosphoric acid, triethyl ester;Triethyl phosphate;triethyl_phosphate",,,,,,,,,,,,,,,,,,,,,,,,,,,,,,,,,,,,,,,,,,,,,,,,,,,,,,,,,,,,,,,,,,,,,,,,,,,,,,,,,,,,,,,,,,,,,,,,,,,,,,,,,,,,,,,,,,,,,,,,,,,,,,,,Physical Chemical Properties#Vapour pressure,Phys-chem EPISUITE,,,Vapor Pressure,,False,No qualifier,Equal,SRC,°C,Temperature,25,,,,,,,,,,Experimental data,,,,,,,,,,,,,,,,,,,,,,,,,,,,,,,,,,,,,,,,,,,,,,,,,,,,,,,,,,,,,,,,,,,,,,,,,,,,,,,,,,,,,,,,,,,,,,,,,,,,,,,,,,,,,,,,,,,,,,,,,,,,,,,,,,,,,,,,,,,,,,,,,,,,,,,,,,,,,,,,,,,,,,,,,,,,,,,,,,,,,,,,,,,,,,,,,,,,,,,,,,,,,,,,,,,,,,,,,,,,,,,,,,,,,,,0.3930000066757202,,mm Hg,Pressure,,,0.3930000066757202,,mm Hg,Pressure,,
78-40-0,"Phosphoric acid, triethyl ester;Triethyl phosphate;triethyl_phosphate",,,,,,,,,,,,,,,,,,,,,,,,,,,,,,,,,,,,,,,,,,,,,,,,,,,,,,,,,,,,,,,,,,,,,,,,,,,,,,,,,,,,,,,,,,,,,,,,,,,,,,,,,,,,,,,,,,,,,,,,,,,,,,,,Physical Chemical Properties#Water solubility,Phys-chem EPISUITE,,,Water solubility,,False,No qualifier,Equal,SRC,°C,Temperature,25,,,,,,,,,,,,,,,,,,,,,,,,,,,,,,,,,,,,,,,,,,,,,,,,,,,,,,,,,,,,,,,,,,,,,,,,,,,,,,,,,,,,,,,,,,,,,,,,,,,,,,,,,,,,,,,,,,,,,,,,,,,,,,,,,,,,,,,,,,,,,,,,,,,,,,,,,,,,,,,,,,,,,,,,,,,,,,,,,,,,,,,,,,,,,,,,,,,,,,,,,,,,,,,,,,,,,,,,,,,,,,,,,,,,,,,,,,,,,,,,,500000,,mg/L,Mass concentration,,,500000,,mg/L,Mass concentration,,
78-40-0,"Phosphoric acid, triethyl ester;Triethyl phosphate;triethyl_phosphate",,,,,,,,,,,,,,,,,,,,,,,,,,,,,,,,,,,,,,,,,,,,,,,,,,,,,,,,,,,,,,,,,,,,,,,,,,,,,,,,,,,,,,,,,,,,,,,,,,,,,,,,,,,,,,,,,,,,,,,,,,,,,,,,Environmental Fate and Transport#Bioaccumulation: aquatic,Bioconcentration and logKow NITE,1985,,BCF,,False,<,Equal,http://www.safe.nite.go.jp/japan/db.html,,,,,,,873,,,,,,,25,°C,Temperature,,Cyprinus carpio,Animalia (animals),Bilateria,Chordata (chordates),Vertebrata (vertebrates),"Actinopterygii (ray-finned fishes,spiny rayed fishes)",Teleostei,Ostariophysi,"Cypriniformes (minnows,suckers)",Cyprinoidea,"Cyprinidae (carps,minnows,carps and minnows)",Cyprinus (common carps),Deuterostomia,Gnathostomata,6.0 - 8.5,BCF=Cf/Cw with Cw being the mean measured water concentration up to the time of sampling. The BCF is the maximum value during a test duration.,freshwater,Whole body,wet weight,common carp,Male and Female,5.1,%,Ratio,0.1,mg/L,Mass concentration,,,,,,,,,,,,,,,,,,,,,,,,,,,,,,,,,,,,,,,,,,,,,,,,,,,,,,,,,,,,,,,,,,,,,,,,,,,,,,,,,,,,,,,,,,,,,,,,,,,,,,,,,,,,,,,,,,,,,,,,,,,,,,,,,,,,,,,,,,,,,,,,,,,,,,,,,,,,,,,,,,,,,,,,,,,,,,,,,,,,,,,,,,,,,,,,,,,,42,d,Time,,0.11394333637700982,<,log(L/kg),Specific volume,,,1.2999999523162842,<,L/kg,Specific volume,,
78-40-0,"Phosphoric acid, triethyl ester;Triethyl phosphate;triethyl_phosphate",,,,,,,,,,,,,,,,,,,,,,,,,,,,,,,,,,,,,,,,,,,,,,,,,,,,,,,,,,,,,,,,,,,,,,,,,,,,,,,,,,,,,,,,,,,,,,,,,,,,,,,,,,,,,,,,,,,,,,,,,,,,,,,,Environmental Fate and Transport#Bioaccumulation: aquatic,Bioconcentration and logKow NITE,1985,,BCF,,False,No qualifier,Equal,http://www.safe.nite.go.jp/japan/db.html,,,,,,,872,,,,,,,25,°C,Temperature,,Cyprinus carpio,Animalia (animals),Bilateria,Chordata (chordates),Vertebrata (vertebrates),"Actinopterygii (ray-finned fishes,spiny rayed fishes)",Teleostei,Ostariophysi,"Cypriniformes (minnows,suckers)",Cyprinoidea,"Cyprinidae (carps,minnows,carps and minnows)",Cyprinus (common carps),Deuterostomia,Gnathostomata,6.0 - 8.5,BCF=Cf/Cw with Cw being the mean measured water concentration up to the time of sampling. The BCF is the maximum value during a test duration.,freshwater,Whole body,wet weight,common carp,Male and Female,5.1,%,Ratio,1,mg/L,Mass concentration,,,,,,,,,,,,,,,,,,,,,,,,,,,,,,,,,,,,,,,,,,,,,,,,,,,,,,,,,,,,,,,,,,,,,,,,,,,,,,,,,,,,,,,,,,,,,,,,,,,,,,,,,,,,,,,,,,,,,,,,,,,,,,,,,,,,,,,,,,,,,,,,,,,,,,,,,,,,,,,,,,,,,,,,,,,,,,,,,,,,,,,,,,,,,,,,,,,,42,d,Time,,-0.09691000653656438,,log(L/kg),Specific volume,,,0.800000011920929,,L/kg,Specific volume,,
78-40-0,"Phosphoric acid, triethyl ester;Triethyl phosphate;triethyl_phosphate",,,,,,,,,,,,,,,,,,,,,,,,,,,,,,,,,,,,,,,,,,,,,,,,,,,,,,,,,,,,,,,,,,,,,,,,,,,,,,,,,,,,,,,,,,,,,,,,,,,,,,,,,,,,,,,,,,,,,,,,,,,,,,,,Environmental Fate and Transport#Bioaccumulation: aquatic,Bioaccumulation fish CEFIC LRI,1992,,BCF,,False,No qualifier,Equal,Chemicals inspection and testing institute,,,,,Whole body,,,,,,,,,,,,25 °C,Cyprinus carpio,Animalia (animals),Bilateria,Chordata (chordates),Vertebrata (vertebrates),"Actinopterygii (ray-finned fishes,spiny rayed fishes)",Teleostei,Ostariophysi,"Cypriniformes (minnows,suckers)",Cyprinoidea,"Cyprinidae (carps,minnows,carps and minnows)",Cyprinus (common carps),Deuterostomia,Gnathostomata,6.0 - 8.5,BCF=Cf/Cw with Cw being the mean measured water concentration up to the time of sampling,freshwater,,wet weight,Common carp,Male and Female,,,,,,,Not reported,Not reported,MITI,Not reported,1.4063698354692675,log(L/kg),Specific volume,,,,,,,,,,,,,,,,,,,,,,,,,,,,,,,,,,,,,,,,,,,,,,,,,,,,,,,,,,,,,,,,,,,,,,,,,,,,,,,,,,,,,,,,,,,,,,,,,,,,,,,,,,,,,,,,,,,,,,,,,,,,,,,,,,,,,,,,,,,,,,,,,,,,,,,,,,,,,,,,,,,,,,,,,,,,,,,,,,,,,,,,,,,,,,d,Time,42,0.11394333637700982,,log(L/kg),Specific volume,,,1.2999999523162842,,L/kg,Specific volume,,
78-40-0,"Phosphoric acid, triethyl ester;Triethyl phosphate;triethyl_phosphate",,,,,,,,,,,,,,,,,,,,,,,,,,,,,,,,,,,,,,,,,,,,,,,,,,,,,,,,,,,,,,,,,,,,,,,,,,,,,,,,,,,,,,,,,,,,,,,,,,,,,,,,,,,,,,,,,,,,,,,,,,,,,,,,Environmental Fate and Transport#Bioaccumulation: aquatic,Bioaccumulation fish CEFIC LRI,1992,,BCF,,False,No qualifier,Equal,Chemicals inspection and testing institute,,,,,Whole body,,,,,,,,,,,,25 °C,Cyprinus carpio,Animalia (animals),Bilateria,Chordata (chordates),Vertebrata (vertebrates),"Actinopterygii (ray-finned fishes,spiny rayed fishes)",Teleostei,Ostariophysi,"Cypriniformes (minnows,suckers)",Cyprinoidea,"Cyprinidae (carps,minnows,carps and minnows)",Cyprinus (common carps),Deuterostomia,Gnathostomata,6.0 - 8.5,BCF=Cf/Cw with Cw being the mean measured water concentration up to the time of sampling,freshwater,,wet weight,Common carp,Male and Female,,,,,,,Not reported,Not reported,MITI,Not reported,1.1956229435869365,log(L/kg),Specific volume,,,,,,,,,,,,,,,,,,,,,,,,,,,,,,,,,,,,,,,,,,,,,,,,,,,,,,,,,,,,,,,,,,,,,,,,,,,,,,,,,,,,,,,,,,,,,,,,,,,,,,,,,,,,,,,,,,,,,,,,,,,,,,,,,,,,,,,,,,,,,,,,,,,,,,,,,,,,,,,,,,,,,,,,,,,,,,,,,,,,,,,,,,,,,,d,Time,42,-0.09691000653656438,,log(L/kg),Specific volume,,,0.800000011920929,,L/kg,Specific volume,,
78-40-0,"Phosphoric acid, triethyl ester;Triethyl phosphate;triethyl_phosphate",,,,,,,,,,,,,,,,,,,,,,,,,,,,,,,,,,,,,,,,,,,,,,,,,,,,,,,,,,,,,,,,,,,,,,,,,,,,,,,,,,,,,,,,,,,,,,,,,,,,,,,,,,,,,,,,,,,,,,,,,,,,,,,,Environmental Fate and Transport#Bioaccumulation: aquatic,Phys-chem EPISUITE,,,BCF,,False,No qualifier,Equal,SRC,,,,,,,,,,,,,"Bioconcentration factor in fish , NonIonic Training Set",,,,,,,,,,,,,,,,,,,,,,,wet weight,,,,,,,,,,,,,,,,,,,,,,,,,,,,,,,,,,,,,,,,,,,,,,,,,,,,,,,,,,,,,,,,,,,,,,,,,,,,,,,,,,,,,,,,,,,,,,,,,,,,,,,,,,,,,,,,,,,,,,,,,,,,,,,,,,,,,,,,,,,,,,,,,,,,,,,,,,,,,,,,,,,,,,,,,,,,,,,,,,,,,,,,,,,,,,,,,,,,,,,,,,,,,,,,0.11394335329532623,,log(L/kg),Specific volume,,,0.11394335329532623,,log(L/kg),Specific volume,,
78-40-0,"Phosphoric acid, triethyl ester;Triethyl phosphate;triethyl_phosphate",,,,,,,,,,,,,,,,,,,,,,,,,,,,,,,,,,,,,,,,,,,,,,,,,,,,,,,,,,,,,,,,,,,,,,,,,,,,,,,,,,,,,,,,,,,,,,,,,,,,,,,,,,,,,,,,,,,,,,,,,,,,,,,,Environmental Fate and Transport#Bioaccumulation: aquatic,kM database Environment Canada,1992,,kM,,True,No qualifier,Equal,http://qsar.cerij.or.jp/cgi-bin/DEGACC/index.cgi?e,,,,,,,,,,,,,"Metabolic biotransformation rate constant (kM), normalized to 10 g fish @ 15oC",,,,,Cyprinus carpio,Animalia (animals),Bilateria,Chordata (chordates),Vertebrata (vertebrates),"Actinopterygii (ray-finned fishes,spiny rayed fishes)",Teleostei,Ostariophysi,"Cypriniformes (minnows,suckers)",Cyprinoidea,"Cyprinidae (carps,minnows,carps and minnows)",Cyprinus (common carps),Deuterostomia,Gnathostomata,,,,,,Common carp,,,,,,,,,,,,,,,CERI,0.8000293592441343,uncertain,3.931002136828909,1/Days,Unknown,,,,,,,,,,,,,,,,,,,,,,,,,,,,,,,,,,,,,,,,,,,,,,,,,,,,,,,,,,,,,,,,,,,,,,,,,,,,,,,,,,,,,,,,,,,,,,,,,,,,,,,,,,,,,,,,,,,,,,,,,,,,,,,,,,,,,,,,,,,,,,,,,,,,,,,,,,,,,,,,,,,,,,,,,,,,,,,,,,,,,,,,,,,4.681167125701904,,1/Days,Unknown,,,4.681167125701904,,1/Days,Unknown,,
78-40-0,"Phosphoric acid, triethyl ester;Triethyl phosphate;triethyl_phosphate",,,,,,,,,,,,,,,,,,,,,,,,,,,,,,,,,,,,,,,,,,,,,,,,,,,,,,,,,,,,,,,,,,,,,,,,,,,,,,,,,,,,,,,,,,,,,,,,,,,,,,,,,,,,,,,,,,,,,,,,,,,,,,,,Environmental Fate and Transport#Bioaccumulation: aquatic,kM database Environment Canada,1992,,kM,,True,No qualifier,Equal,http://qsar.cerij.or.jp/cgi-bin/DEGACC/index.cgi?e,,,,,,,,,,,,,"Metabolic biotransformation rate constant (kM), normalized to 10 g fish @ 15oC",,,,,Cyprinus carpio,Animalia (animals),Bilateria,Chordata (chordates),Vertebrata (vertebrates),"Actinopterygii (ray-finned fishes,spiny rayed fishes)",Teleostei,Ostariophysi,"Cypriniformes (minnows,suckers)",Cyprinoidea,"Cyprinidae (carps,minnows,carps and minnows)",Cyprinus (common carps),Deuterostomia,Gnathostomata,,,,,,Common carp,,,,,,,,,,,,,,,CERI,0.8000293592441343,uncertain,13.212544126478875,1/Days,Unknown,,,,,,,,,,,,,,,,,,,,,,,,,,,,,,,,,,,,,,,,,,,,,,,,,,,,,,,,,,,,,,,,,,,,,,,,,,,,,,,,,,,,,,,,,,,,,,,,,,,,,,,,,,,,,,,,,,,,,,,,,,,,,,,,,,,,,,,,,,,,,,,,,,,,,,,,,,,,,,,,,,,,,,,,,,,,,,,,,,,,,,,,,,,15.733933448791504,,1/Days,Unknown,,,15.733933448791504,,1/Days,Unknown,,
78-40-0,"Phosphoric acid, triethyl ester;Triethyl phosphate;triethyl_phosphate",,,,,,,,,,,,,,,,,,,,,,,,,,,,,,,,,,,,,,,,,,,,,,,,,,,,,,,,,,,,,,,,,,,,,,,,,,,,,,,,,,,,,,,,,,,,,,,,,,,,,,,,,,,,,,,,,,,,,,,,,,,,,,,,Environmental Fate and Transport#Bioaccumulation: aquatic,Phys-chem EPISUITE,,,kM Half-Life,,False,No qualifier,Equal,SRC,,,,,,,,,,,,,"kM - fish metabolism rate , Training Set",,,,,,,,,,,,,,,,,,,,,,,,,,,,,,,,,,,,,,,,,,,,,,,,,,,,,,,,,,,,,,,,,,,,,,,,,,,,,,,,,,,,,,,,,,,,,,,,,,,,,,,,,,,,,,,,,,,,,,,,,,,,,,,,,,,,,,,,,,,,,,,,,,,,,,,,,,,,,,,,,,,,,,,,,,,,,,,,,,,,,,,,,,,,,,,,,,,,,,,,,,,,,,,,,,,,,,,,,,,,,,,,,,,,,,,-1.0941745042800903,,log(Days),Unknown,,,-1.0941745042800903,,log(Days),Unknown,,
78-40-0,"Phosphoric acid, triethyl ester;Triethyl phosphate;triethyl_phosphate",,,,,,,,,,,,,,,,,,,,,,,,,,,,,,,,,,,,,,,,,,,,,,,,,,,,,,,,,,,,,,,,,,,,,,,,,,,,,,,,,,,,,,,,,,,,,,,,,,,,,,,,,,,,,,,,,,,,,,,,,,,,,,,,Environmental Fate and Transport#Biodegradation#Biodegradation in Water: Screening Tests#Ready Biodegradability,Biodegradation NITE,1985,,BOD,OECD 301C,False,No qualifier,Equal,http://www.safe.nite.go.jp/japan/db.html,,,,,,,570,,,,,,,,,,,Microorganisms,,,,,,,,,,,,,,,,,,,,,,,,,,,,,,,,,,,,,,,,Biodegradation Data of Existing Chemicals Based on the CSCL Japan,,,,,,,,,,,,,,,,,,,,,,,,,,,,,,,,,,,,,,,,,,,,,,,,,,,,,,,,,,,,,,,,,,,,,,,,,,,,,,,,,,,,,,,,,,,,,,,,,,,,,,,,,,,,,,,,,,,,,,,,,,,,,,,,,,,,,,,,,,,,,,,,,,,,,,,,,,,,,,,,,,,,,,,,,,,,,,,,,,,,,,28,d,Time,,0,,%,Biodegradability (%),,,0,,%,Biodegradability (%),,
78-40-0,"Phosphoric acid, triethyl ester;Triethyl phosphate;triethyl_phosphate",,,,,,,,,,,,,,,,,,,,,,,,,,,,,,,,,,,,,,,,,,,,,,,,,,,,,,,,,,,,,,,,,,,,,,,,,,,,,,,,,,,,,,,,,,,,,,,,,,,,,,,,,,,,,,,,,,,,,,,,,,,,,,,,Environmental Fate and Transport#Photodegradation#Phototransformation in Air#Atmosph. Oxidation,Phys-chem EPISUITE,,,OH rate constant,,False,No qualifier,Equal,SRC,°C,Temperature,25,,,,,,,,,,,,,,,,,,,,,,,,,,,,,,,,,,,,,,,,,,,,,,,,,,,,,,,,,,,,,,,,,,,,,,,,,,,,,,,,,,,,,,,,,,,,,,,,,,,,,,,,,,,,,,,,,,,,,,,,,,,,,,,,,,,,,,,,,,,,,,,,,,,,,,,,,,,,,,,,,,,,,,,,,,,,,,,,,,,,,,,,,,,,,,,,,,,,,,,,,,,,,,,,,,,,,,,,,,,,,,,,,,,,,,,,,,,,,,,,,5.530000068976193E-11,,cm3/molecule-sec,Unknown,,,5.530000068976193E-11,,cm3/molecule-sec,Unknown,,
78-40-0,"Phosphoric acid, triethyl ester;Triethyl phosphate;triethyl_phosphate",,,,,,,,,,,,,,,,,,,,,,,,,,,,,,,,,,,,,,,,,,,,,,,,,,,,,,,,,,,,,,,,,,,,,,,,,,,,,,,,,,,,,,,,,,,,,,,,,,,,,,,,,,,,,,,,,,,,,,,,,,,,,,,,Environmental Fate and Transport#Stability in Water#Hydrolysis#Hydrolysis Rate Constant,Hydrolysis rate constant OASIS,,,Hydrolysis Rate Constant,,False,No qualifier,Equal,"W. Mabey, T. Mill, Critical review of hydrolysis of organic compounds in water under environmental conditions. J. Phys. Chem. Ref. Data, 1978, 7(2), 383-415.",,,,,,,177,,,,,,,,,,,,,,,,,,,,,,,,,neutral,,,,,,,,,,,,,,,,,,,,,,,,,,Phosphorus coumpounds,,,,,,,,,,,,,,,,,,,,,,,,,,,,,,,,,,,,,,,,,,,,,,,,,,,,,,,,,,,,,,,,,,,,,,,,,,,,,,,,,,,,,,,,,,,,,,,,,,,,,,,,,,,,,,,,,,,,,,,,,,,,,,,,,,,,,,,,,,,,,,,,,,,,,,,,,,,,,,,,,,,,,,,,,,,,,,,,,,,,,,,,,,0.0003456000122241676,,1/days,Unknown,,,0.0003456000122241676,,1/days,Unknown,,
78-40-0,"Phosphoric acid, triethyl ester;Triethyl phosphate;triethyl_phosphate",,,,,,,,,,,,,,,,,,,,,,,,,,,,,,,,,,,,,,,,,,,,,,,,,,,,,,,,,,,,,,,,,,,,,,,,,,,,,,,,,,,,,,,,,,,,,,,,,,,,,,,,,,,,,,,,,,,,,,,,,,,,,,,,Environmental Fate and Transport#Transport and Distribution Between Environmental Compartments#Henry's Law constant (H),Phys-chem EPISUITE,,,Henry's Law constant,,False,No qualifier,Equal,SRC,°C,Temperature,20,,,,,,,,,,Experimental data,,,,,,,,,,,,,,,,,,,,,,,,,,,,,,,,,,,,,,,,,,,,,,,,,,,,,,,,,,,,,,,,,,,,,,,,,,,,,,,,,,,,,,,,,,,,,,,,,,,,,,,,,,,,,,,,,,,,,,,,,,,,,,,,,,,,,,,,,,,,,,,,,,,,,,,,,,,,,,,,,,,,,,,,,,,,,,,,,,,,,,,,,,,,,,,,,,,,,,,,,,,,,,,,,,,,,,,,,,,,,,,,,,,,,,,3.599999942593968E-08,,atm-m3/mole,Pressure per mole,,,3.599999942593968E-08,,atm-m3/mole,Pressure per mole,,
78-40-0,"Phosphoric acid, triethyl ester;Triethyl phosphate;triethyl_phosphate",,,,,,,,,,,,,,,,,,,,,,,,,,,,,,,,,,,,,,,,,,,,,,,,,,,,,,,,,,,,,,,,,,,,,,,,,,,,,,,,,,,,,,,,,,,,,,,,,,,,,,,,,,,,,,,,,,,,,,,,,,,,,,,,Ecotoxicological Information#Aquatic Toxicity,ECOTOX,,Results of Toxic Action of Water Pollutants on Daphnia magna Straus Tested by an Improved Standardized Procedure,EC0,,True,No qualifier,Equal,Z. Wasser-Abwasser-Forsch.15(1): 1-6,,,,,,,,,,,,,,,,,,Daphnia magna,Animalia (animals),Bilateria,Arthropoda (arthropods),Crustacea (crustaceans),,Branchiopoda (branchiopods),,Diplostraca,,Daphniidae,Daphnia,Protostomia,,,,,,,,,,,,,,,,,,,,,,"Bringmann,G., and R. Kuhn",,,,,,,Behavior,1019997,401362,Formulation,Fresh water,Equilibrium,10/15/2001,A,10/30/2001,1982,Publication reported endpoint,Phyllopoda,Cladocera (water fleas),Anomopoda,Ecdysozoa,8,None,,,,,,,,,,,,,,,,,,,,,,,,,,,,,,,,,,,,,,,,,,,,,,,,,,,,,,,,,,,,,,,,,,,,,,,,,,,,,,,,,,,,,,,,,,,,,,,,,,,,,,,,,,,,,,,,,,,,,,,,,,,,,,,,,,,,,,,,,,,,,,,,,,,,,,,,,,,,,,,,,,,,,24,h,Time,,603,,mg/L,Mass concentration,,,603,,mg/L,Mass concentration,,
78-40-0,"Phosphoric acid, triethyl ester;Triethyl phosphate;triethyl_phosphate",,,,,,,,,,,,,,,,,,,,,,,,,,,,,,,,,,,,,,,,,,,,,,,,,,,,,,,,,,,,,,,,,,,,,,,,,,,,,,,,,,,,,,,,,,,,,,,,,,,,,,,,,,,,,,,,,,,,,,,,,,,,,,,,Ecotoxicological Information#Aquatic Toxicity,ECOTOX,,Results of Toxic Action of Water Pollutants on Daphnia magna Straus Tested by an Improved Standardized Procedure,EC100,,True,No qualifier,Equal,Z. Wasser-Abwasser-Forsch.15(1): 1-6,,,,,,,,,,,,,,,,,,Daphnia magna,Animalia (animals),Bilateria,Arthropoda (arthropods),Crustacea (crustaceans),,Branchiopoda (branchiopods),,Diplostraca,,Daphniidae,Daphnia,Protostomia,,,,,,,,,,,,,,,,,,,,,,"Bringmann,G., and R. Kuhn",,,,,,,Behavior,1019999,401364,Formulation,Fresh water,Equilibrium,10/15/2001,A,10/30/2001,1982,Publication reported endpoint,Phyllopoda,Cladocera (water fleas),Anomopoda,Ecdysozoa,8,None,,,,,,,,,,,,,,,,,,,,,,,,,,,,,,,,,,,,,,,,,,,,,,,,,,,,,,,,,,,,,,,,,,,,,,,,,,,,,,,,,,,,,,,,,,,,,,,,,,,,,,,,,,,,,,,,,,,,,,,,,,,,,,,,,,,,,,,,,,,,,,,,,,,,,,,,,,,,,,,,,,,,,24,h,Time,,1250,,mg/L,Mass concentration,,,1250,,mg/L,Mass concentration,,
78-40-0,"Phosphoric acid, triethyl ester;Triethyl phosphate;triethyl_phosphate",,,,,,,,,,,,,,,,,,,,,,,,,,,,,,,,,,,,,,,,,,,,,,,,,,,,,,,,,,,,,,,,,,,,,,,,,,,,,,,,,,,,,,,,,,,,,,,,,,,,,,,,,,,,,,,,,,,,,,,,,,,,,,,,Ecotoxicological Information#Aquatic Toxicity,ECOTOX,,Results of Toxic Action of Water Pollutants on Daphnia magna Straus Tested by an Improved Standardized Procedure,EC50,,True,No qualifier,Equal,Z. Wasser-Abwasser-Forsch.15(1): 1-6,,,,,,,,,,,,,,,,,,Daphnia magna,Animalia (animals),Bilateria,Arthropoda (arthropods),Crustacea (crustaceans),,Branchiopoda (branchiopods),,Diplostraca,,Daphniidae,Daphnia,Protostomia,,,,,,,,,,,,,,,,,,,,,,"Bringmann,G., and R. Kuhn",,,,,,,Behavior,1019998,401363,Formulation,Fresh water,Equilibrium,10/15/2001,A,10/30/2001,1982,Publication reported endpoint,Phyllopoda,Cladocera (water fleas),Anomopoda,Ecdysozoa,8,None,,,,,,,,,,,,,,,,,,,,,,,,,,,,,,,,,,,,,,,,,,,,,,,,,,,,,,,,,,,,,,,,,,,,,,,,,,,,,,,,,,,,,,,,,,,,,,,,,,,,,,,,,,,,,,,,,,,,,,,,,,,,,,,,,,,,,,,,,,,,,,,,,,,,,,,,,,,,,,,,,,,,,24,h,Time,,900,,mg/L,Mass concentration,,,900,,mg/L,Mass concentration,,
78-40-0,"Phosphoric acid, triethyl ester;Triethyl phosphate;triethyl_phosphate",,,,,,,,,,,,,,,,,,,,,,,,,,,,,,,,,,,,,,,,,,,,,,,,,,,,,,,,,,,,,,,,,,,,,,,,,,,,,,,,,,,,,,,,,,,,,,,,,,,,,,,,,,,,,,,,,,,,,,,,,,,,,,,,Ecotoxicological Information#Aquatic Toxicity,ECOTOX,,"Bewertung Wassergefahrdender Stoffe im Hinblick auf Lagerung, Umschlag und Transport",EC50,,True,No qualifier,Equal,Umweltforschungsplan des Bundesministers des Innern:72 p,,,,,,,,,,,,,,,,,,Daphnia magna,Animalia (animals),Bilateria,Arthropoda (arthropods),Crustacea (crustaceans),,Branchiopoda (branchiopods),,Diplostraca,,Daphniidae,Daphnia,Protostomia,,,,,,,,,,,,,,,,,,,,,,"Trenel,J., and R. Kuhn",,,,,,,Behavior,1229122,401900,Formulation,Fresh water,Equilibrium,10/15/2001,A,10/30/2001,1982,Publication reported endpoint,Phyllopoda,Cladocera (water fleas),Anomopoda,Ecdysozoa,,,,,Static,ÿ ÿ ÿÿ,1,Dosed x time(s) per study period,Unknown,,,,,,,,,,,,,,,,,,,,,,,,,,,,,,,,,,,,,,,,,,,,,,,,,,,,,,,,,,,,,,,,,,,,,,,,,,,,,,,,,,,,,,,,,,,,,,,,,,,,,,,,,,,,,,,,,,,,,,,,,,,,,,,,,,,,,,,,,,,,,,,,,,,,,,,,,,,,,,24,h,Time,,945,,mg/L,Mass concentration,,,945,,mg/L,Mass concentration,,
78-40-0,"Phosphoric acid, triethyl ester;Triethyl phosphate;triethyl_phosphate",,,,,,,,,,,,,,,,,,,,,,,,,,,,,,,,,,,,,,,,,,,,,,,,,,,,,,,,,,,,,,,,,,,,,,,,,,,,,,,,,,,,,,,,,,,,,,,,,,,,,,,,,,,,,,,,,,,,,,,,,,,,,,,,Ecotoxicological Information#Aquatic Toxicity,ECOTOX,,Results of Studies on Chemical Substances with Four Biotests (Ergebnisse der Untersuch-Ungen von Chemischen Stoffen mit vier Biotests),EC50,,True,No qualifier,Equal,Dtsch. Gewaesserkd. Mitt.27(3): 77-79,,,,,,,,,,,,,,,,,,Daphnia magna,Animalia (animals),Bilateria,Arthropoda (arthropods),Crustacea (crustaceans),,Branchiopoda (branchiopods),,Diplostraca,,Daphniidae,Daphnia,Protostomia,,,,,,,,,,,,,,,,,,,,,,"Knie,J., A. Halke, I. Juhnke, and W. Schiller",,,,,,,Behavior,1134409,82349,Formulation,Fresh water,"Distance moved, change in direct movement",03/11/1986,A,,1983,,Phyllopoda,Cladocera (water fleas),Anomopoda,Ecdysozoa,,,,,,SWIMMING/,,,,09/01/1994,Lab,Unmeasured,"EC0, EC100, BACTERIA",,,,,,,,,,,,,,,,,,,,,,,,,,,,,,,,,,,,,,,,,,,,,,,,,,,,,,,,,,,,,,,,,,,,,,,,,,,,,,,,,,,,,,,,,,,,,,,,,,,,,,,,,,,,,,,,,,,,,,,,,,,,,,,,,,,,,,,,,,,,,,,,,,,,,,,,,,,,,,950,,mg/L,Mass concentration,,,950000,,µg/L,Mass concentration,,
78-40-0,"Phosphoric acid, triethyl ester;Triethyl phosphate;triethyl_phosphate",,,,,,,,,,,,,,,,,,,,,,,,,,,,,,,,,,,,,,,,,,,,,,,,,,,,,,,,,,,,,,,,,,,,,,,,,,,,,,,,,,,,,,,,,,,,,,,,,,,,,,,,,,,,,,,,,,,,,,,,,,,,,,,,Ecotoxicological Information#Aquatic Toxicity,ECOTOX,,"Bewertung Wassergefahrdender Stoffe im Hinblick auf Lagerung, Umschlag und Transport",EC03,,True,No qualifier,Equal,Umweltforschungsplan des Bundesministers des Innern:72 p,,,,,,,,,,,,,,,,,,Desmodesmus subspicatus,,,,,,,,,,,,,,,,,,,,,,,,,,,,,,,,,,"Trenel,J., and R. Kuhn",,,,,,,Histology,1229183,402286,Formulation,Fresh water,Proliferation,10/15/2001,A,09/12/2019,1982,Publication reported endpoint,,,,,,,,,Static,,1,Dosed x time(s) per study period,Unknown,08/13/2019,,,,,,,,,,,,,,,,,,,,,,,,,,,,,,,,,,,,,,,,,,,,,,,,,,,,,,,,,,,,,,,,,,,,,,,,,,,,,,,,,,,,,,,,,,,,,,,,,,,,,,,,,,,,,,,,,,,,,,,,,,,,,,,,,,,,,,,,,,,,,,,,,,,,,,,,,,,,,7,d,Time,,2600,,mg/L,Mass concentration,,,2600,,mg/L,Mass concentration,,
78-40-0,"Phosphoric acid, triethyl ester;Triethyl phosphate;triethyl_phosphate",,,,,,,,,,,,,,,,,,,,,,,,,,,,,,,,,,,,,,,,,,,,,,,,,,,,,,,,,,,,,,,,,,,,,,,,,,,,,,,,,,,,,,,,,,,,,,,,,,,,,,,,,,,,,,,,,,,,,,,,,,,,,,,,Ecotoxicological Information#Aquatic Toxicity,ECOTOX,,Aryl Organophosphate Flame Retardants Induced Cardiotoxicity During Zebrafish Embryogenesis: By Disturbing Expression of the Transcriptional Regulators,EC50,,True,No qualifier,Equal,Aquat. Toxicol.161:25-32,,,,,,,,,,,,Acute,,,,,,Danio rerio,Animalia (animals),Bilateria,Chordata (chordates),Vertebrata (vertebrates),"Actinopterygii (ray-finned fishes,spiny rayed fishes)",Teleostei,Ostariophysi,"Cypriniformes (minnows,suckers)",Cyprinoidea,"Cyprinidae (carps,minnows,carps and minnows)",Danio,Deuterostomia,Gnathostomata,,,,,,,,,,,,,,,,,,,,,"Du,Z., G. Wang, S. Gao, and Z. Wang",,,,,,,Histology,2224698,2472051,Active ingredient,Fresh water,Edema,08/08/2019,A,12/12/2019,2015,Publication reported endpoint,,,,,,None,7.4,8.1,Renewal,,1,Daily; dosing regime not specified,Unknown,09/16/2019,Lab,Unmeasured,,Increasing,Organization for Economic Cooperation and Development,Carrier or solvent,Pericardium,Laboratory,Embryo,"1 EGG PER WELL IN 2 ML TEST SOLUTION IN A 24 WELL PLATE, WITH TRIPLICATE PLATES PER CONCENTRATION","AERATED, DECHLORINATED TAP WATER","OECD GUIDELIN NO. 236, 2013.",AB STRAIN,"INSTITUTE OF HYDROBIOLOGY, CHINESE ACADEMY OF SCIENCES, WUHAN, CHINA","SOURCE/INSTITUTE OF HYDROBIOLOGY, CHINESE ACADEMY OF SCIENCES, WUHAN, CHINA//TMETH/OECD GUIDELIN NO. 236, 2013.//MEDIA/AERATED, DECHLORINATED TAP WATER//",8,None,99,>,None,2,<,h,Time,,,96,h,Time,80,>,percent saturation,Unknown,96,h,Time,26,°C,Temperature,,,,,,,,,,,,,,,,,,,,,,,,,,,,,,,,,,,,,,,,,,,,,,,,,,,,,,,,,,,,,,,,,,,,,,,,,,,,,,,,,,,,,,,,,,,,,,,,,,,,,,,,,,,,,,,,,,,,,,96,h,Time,,1240,,mg/L,Mass concentration,,,1240,,mg/L,Mass concentration,,
78-40-0,"Phosphoric acid, triethyl ester;Triethyl phosphate;triethyl_phosphate",,,,,,,,,,,,,,,,,,,,,,,,,,,,,,,,,,,,,,,,,,,,,,,,,,,,,,,,,,,,,,,,,,,,,,,,,,,,,,,,,,,,,,,,,,,,,,,,,,,,,,,,,,,,,,,,,,,,,,,,,,,,,,,,Ecotoxicological Information#Aquatic Toxicity,ECOTOX,,Simultaneous Evaluation of the Acute Effects of Chemicals on Seven Aquatic Species,LC50,,True,>,Equal,Environ. Toxicol. Chem.5(9): 831-840,,,,,,,,,,,,Acute,,,,,,Lumbriculus variegatus,Animalia (animals),Bilateria,Annelida (annelids),,,Clitellata,,Lumbriculida (aquatic oligochaete worm),,Lumbriculidae (aquatic oligochaete worm),Lumbriculus (aquatic oligochaete worm),Protostomia,,,,,,,,,,,,,,,,,,,,,,"Ewell,W.S., J.W. Gorsuch, R.O. Kringle, K.A. Robillard, and R.C. Spiegel",,,,,,,Mortality,2035912,2059011,Active ingredient,Fresh water,Mortality,10/10/2012,A,12/14/2012,1986,Publication reported endpoint,Lumbriculata,,,Lophozoa,,None,6.5,8.5,Static,,1,Dosed x time(s) per study period,Unknown,11/26/2012,Lab,Unmeasured,,Increasing,,Concurrent control,,,Juvenile,MULTISPECIES TEST,,,,,,5,None,,,,,,,,,,96,h,Time,,,,,96,h,Time,20,°C,Temperature,,"Reagent Grade, Purissium, Purum, Puriss or Puris",Total organic carbon,10,mg/L,Mass concentration,39,mg/L,Mass concentration,31,mg/L,Mass concentration,26,mg/L,Mass concentration,130,milligrams per liter Calcium carbonate,Unknown,6.9,mg/L,Mass concentration,6.7,mg/L,Mass concentration,93,milligrams per liter Calcium carbonate,Unknown,1.8,mg/L,Mass concentration,0.006,g,Mass,,,260,micro ohms per centimeter,Unknown,,,,,,,,,,,,,,,,,,,,,,,,,,,,,,,,,,,,,,,,,,,,,,,,,,,,,,,,,,,,,,,,,,,,,,,,,,,,,,,,96,h,Time,,100,>,mg/L,Mass concentration,,,100,>,mg/L,Mass concentration,,
78-40-0,"Phosphoric acid, triethyl ester;Triethyl phosphate;triethyl_phosphate",,,,,,,,,,,,,,,,,,,,,,,,,,,,,,,,,,,,,,,,,,,,,,,,,,,,,,,,,,,,,,,,,,,,,,,,,,,,,,,,,,,,,,,,,,,,,,,,,,,,,,,,,,,,,,,,,,,,,,,,,,,,,,,,Ecotoxicological Information#Aquatic Toxicity,ECOTOX,,Simultaneous Evaluation of the Acute Effects of Chemicals on Seven Aquatic Species,LC50,,True,>,Equal,Environ. Toxicol. Chem.5(9): 831-840,,,,,,,,,,,,Acute,,,,,,Daphnia magna,Animalia (animals),Bilateria,Arthropoda (arthropods),Crustacea (crustaceans),,Branchiopoda (branchiopods),,Diplostraca,,Daphniidae,Daphnia,Protostomia,,,,,,,,,,,,,,,,,,,,,,"Ewell,W.S., J.W. Gorsuch, R.O. Kringle, K.A. Robillard, and R.C. Spiegel",,,,,,,Mortality,2035682,2058724,Active ingredient,Fresh water,Mortality,10/10/2012,A,12/14/2012,1986,Publication reported endpoint,Phyllopoda,Cladocera (water fleas),Anomopoda,Ecdysozoa,,None,6.5,8.5,Static,,1,Dosed x time(s) per study period,Unknown,11/20/2012,Lab,Unmeasured,,Increasing,,Concurrent control,,,Larva,MULTISPECIES TEST,,,,,,5,None,,,,,,Instar,Unknown,1,2,96,h,Time,,,,,96,h,Time,20,°C,Temperature,,"Reagent Grade, Purissium, Purum, Puriss or Puris",Total organic carbon,10,mg/L,Mass concentration,39,mg/L,Mass concentration,31,mg/L,Mass concentration,26,mg/L,Mass concentration,130,milligrams per liter Calcium carbonate,Unknown,6.9,mg/L,Mass concentration,6.7,mg/L,Mass concentration,93,milligrams per liter Calcium carbonate,Unknown,1.8,mg/L,Mass concentration,,,,,,260,micro ohms per centimeter,Unknown,,,,,,,,,,,,,,,,,,,,,,,,,,,,,,,,,,,,,,,,,,,,,,,,,,,,,,,,,,,,,,,,,,,,,,,,,,,,,,,,96,h,Time,,100,>,mg/L,Mass concentration,,,100,>,mg/L,Mass concentration,,
78-40-0,"Phosphoric acid, triethyl ester;Triethyl phosphate;triethyl_phosphate",,,,,,,,,,,,,,,,,,,,,,,,,,,,,,,,,,,,,,,,,,,,,,,,,,,,,,,,,,,,,,,,,,,,,,,,,,,,,,,,,,,,,,,,,,,,,,,,,,,,,,,,,,,,,,,,,,,,,,,,,,,,,,,,Ecotoxicological Information#Aquatic Toxicity,ECOTOX,,Simultaneous Evaluation of the Acute Effects of Chemicals on Seven Aquatic Species,LC50,,True,>,Equal,Environ. Toxicol. Chem.5(9): 831-840,,,,,,,,,,,,Acute,,,,,,Gammarus fasciatus,Animalia (animals),Bilateria,Arthropoda (arthropods),Crustacea (crustaceans),,Malacostraca,Peracarida,Amphipoda (amphipods),,Gammaridae,Gammarus,Protostomia,,,,,,,,,,,,,,,,,,,,,,"Ewell,W.S., J.W. Gorsuch, R.O. Kringle, K.A. Robillard, and R.C. Spiegel",,,,,,,Mortality,2035840,2058939,Active ingredient,Fresh water,Mortality,10/10/2012,A,12/14/2012,1986,Publication reported endpoint,Eumalacostraca,Gammaridea (gammarid amphipods),,Ecdysozoa,,None,6.5,8.5,Static,,1,Dosed x time(s) per study period,Unknown,11/26/2012,Lab,Unmeasured,,Increasing,,Concurrent control,,,Juvenile,MULTISPECIES TEST,,,,,,5,None,,,,,,,,,,96,h,Time,,,,,96,h,Time,20,°C,Temperature,,"Reagent Grade, Purissium, Purum, Puriss or Puris",Total organic carbon,10,mg/L,Mass concentration,39,mg/L,Mass concentration,31,mg/L,Mass concentration,26,mg/L,Mass concentration,130,milligrams per liter Calcium carbonate,Unknown,6.9,mg/L,Mass concentration,6.7,mg/L,Mass concentration,93,milligrams per liter Calcium carbonate,Unknown,1.8,mg/L,Mass concentration,0.007,g,Mass,,,260,micro ohms per centimeter,Unknown,,,,,,,,,,,,,,,,,,,,,,,,,,,,,,,,,,,,,,,,,,,,,,,,,,,,,,,,,,,,,,,,,,,,,,,,,,,,,,,,96,h,Time,,100,>,mg/L,Mass concentration,,,100,>,mg/L,Mass concentration,,
78-40-0,"Phosphoric acid, triethyl ester;Triethyl phosphate;triethyl_phosphate",,,,,,,,,,,,,,,,,,,,,,,,,,,,,,,,,,,,,,,,,,,,,,,,,,,,,,,,,,,,,,,,,,,,,,,,,,,,,,,,,,,,,,,,,,,,,,,,,,,,,,,,,,,,,,,,,,,,,,,,,,,,,,,,Ecotoxicological Information#Aquatic Toxicity,ECOTOX,,"The Acute Toxicity of 78 Chemicals and Pesticide Formulations Against Two Brackish Water Organisms, the Bleak (Alburnus alburnus) and the Harpacticoid Nitocra spinipes",LC50,,True,Data in range,Equal,Chemosphere8(11/12): 843-851,,,,,,,,,,,,,,,,,,Alburnus alburnus,Animalia (animals),Bilateria,Chordata (chordates),Vertebrata (vertebrates),"Actinopterygii (ray-finned fishes,spiny rayed fishes)",Teleostei,Ostariophysi,"Cypriniformes (minnows,suckers)",Cyprinoidea,"Cyprinidae (carps,minnows,carps and minnows)",Alburnus,Deuterostomia,Gnathostomata,,,,,,,,,,,,,,,,,,,,,"Linden,E., B.E. Bengtsson, O. Svanberg, and G. Sundstrom",,,,,,,Mortality,1064471,3797,Active ingredient,Salt water,Mortality,01/31/1985,A,,1979,,,,,,7.8,None,,,Static,,1,Dosed x time(s) per study period,Unknown,08/24/1993,Lab,Unmeasured,,,,Concurrent control,,,,,,,8 CM,,,,,98,,None,,,,,,,,,,5,>,mg/L,Mass concentration,,,,10,°C,Temperature,,,,,,,,,,,,,,,,,,,,,,,,,75,milligrams per liter Calcium carbonate,Unknown,,,,,,,,,,,,Pure,7,parts per thousand,Unknown,,,,,,,,,,,,,,,,,,,,,,,,,,,,,,,,,,,,,,,,,,,,,,,,,,,,,,,,,,,,,,,,,,,,,,,,,,,,96,h,Time,,,,mg/L,Mass concentration,2100,2400,,,µg/L,Mass concentration,2100000,2400000
78-40-0,"Phosphoric acid, triethyl ester;Triethyl phosphate;triethyl_phosphate",,,,,,,,,,,,,,,,,,,,,,,,,,,,,,,,,,,,,,,,,,,,,,,,,,,,,,,,,,,,,,,,,,,,,,,,,,,,,,,,,,,,,,,,,,,,,,,,,,,,,,,,,,,,,,,,,,,,,,,,,,,,,,,,Ecotoxicological Information#Aquatic Toxicity,ECOTOX,,Aryl Organophosphate Flame Retardants Induced Cardiotoxicity During Zebrafish Embryogenesis: By Disturbing Expression of the Transcriptional Regulators,LC50,,True,No qualifier,Equal,Aquat. Toxicol.161:25-32,,,,,,,,,,,,Acute,,,,,,Danio rerio,Animalia (animals),Bilateria,Chordata (chordates),Vertebrata (vertebrates),"Actinopterygii (ray-finned fishes,spiny rayed fishes)",Teleostei,Ostariophysi,"Cypriniformes (minnows,suckers)",Cyprinoidea,"Cyprinidae (carps,minnows,carps and minnows)",Danio,Deuterostomia,Gnathostomata,,,,,,,,,,,,,,,,,,,,,"Du,Z., G. Wang, S. Gao, and Z. Wang",,,,,,,Mortality,2224698,2472054,Active ingredient,Fresh water,Mortality,08/08/2019,A,12/12/2019,2015,Publication reported endpoint,,,,,,None,7.4,8.1,Renewal,,1,Daily; dosing regime not specified,Unknown,09/16/2019,Lab,Unmeasured,,Increasing,Organization for Economic Cooperation and Development,Carrier or solvent,,Laboratory,Embryo,"1 EGG PER WELL IN 2 ML TEST SOLUTION IN A 24 WELL PLATE, WITH TRIPLICATE PLATES PER CONCENTRATION","AERATED, DECHLORINATED TAP WATER","OECD GUIDELIN NO. 236, 2013.",AB STRAIN,"INSTITUTE OF HYDROBIOLOGY, CHINESE ACADEMY OF SCIENCES, WUHAN, CHINA","SOURCE/INSTITUTE OF HYDROBIOLOGY, CHINESE ACADEMY OF SCIENCES, WUHAN, CHINA//TMETH/OECD GUIDELIN NO. 236, 2013.//MEDIA/AERATED, DECHLORINATED TAP WATER//",8,None,99,>,None,2,<,h,Time,,,96,h,Time,80,>,percent saturation,Unknown,96,h,Time,26,°C,Temperature,,,,,,,,,,,,,,,,,,,,,,,,,,,,,,,,,,,,,,,,,,,,,,,,,,,,,,,,,,,,,,,,,,,,,,,,,,,,,,,,,,,,,,,,,,,,,,,,,,,,,,,,,,,,,,,,,,,,,,96,h,Time,,1250,,mg/L,Mass concentration,,,1250,,mg/L,Mass concentration,,
78-40-0,"Phosphoric acid, triethyl ester;Triethyl phosphate;triethyl_phosphate",,,,,,,,,,,,,,,,,,,,,,,,,,,,,,,,,,,,,,,,,,,,,,,,,,,,,,,,,,,,,,,,,,,,,,,,,,,,,,,,,,,,,,,,,,,,,,,,,,,,,,,,,,,,,,,,,,,,,,,,,,,,,,,,Ecotoxicological Information#Aquatic Toxicity,ECOTOX,,Simultaneous Evaluation of the Acute Effects of Chemicals on Seven Aquatic Species,LC50,,True,>,Equal,Environ. Toxicol. Chem.5(9): 831-840,,,,,,,,,,,,Acute,,,,,,Pimephales promelas,Animalia (animals),Bilateria,Chordata (chordates),Vertebrata (vertebrates),"Actinopterygii (ray-finned fishes,spiny rayed fishes)",Teleostei,Ostariophysi,"Cypriniformes (minnows,suckers)",Cyprinoidea,"Cyprinidae (carps,minnows,carps and minnows)",Pimephales (bluntnose minnows),Deuterostomia,Gnathostomata,,,,,,,,,,,,,,,,,,,,,"Ewell,W.S., J.W. Gorsuch, R.O. Kringle, K.A. Robillard, and R.C. Spiegel",,,,,,,Mortality,2035802,2058877,Active ingredient,Fresh water,Mortality,10/10/2012,A,12/14/2012,1986,Publication reported endpoint,,,,,,None,6.5,8.5,Static,,1,Dosed x time(s) per study period,Unknown,11/26/2012,Lab,Unmeasured,,Increasing,,Concurrent control,,,Juvenile,MULTISPECIES TEST,,,,,,5,None,,,,,,,,,,96,h,Time,,,,,96,h,Time,20,°C,Temperature,,"Reagent Grade, Purissium, Purum, Puriss or Puris",Total organic carbon,10,mg/L,Mass concentration,39,mg/L,Mass concentration,31,mg/L,Mass concentration,26,mg/L,Mass concentration,130,milligrams per liter Calcium carbonate,Unknown,6.9,mg/L,Mass concentration,6.7,mg/L,Mass concentration,93,milligrams per liter Calcium carbonate,Unknown,1.8,mg/L,Mass concentration,,g,Mass,0.2,0.5,260,micro ohms per centimeter,Unknown,,,,,,,,,,,,,,,,,,,,,,,,,,,,,,,,,,,,,,,,,,,,,,,,,,,,,,,,,,,,,,,,,,,,,,,,,,,,,,,,96,h,Time,,100,>,mg/L,Mass concentration,,,100,>,mg/L,Mass concentration,,
78-40-0,"Phosphoric acid, triethyl ester;Triethyl phosphate;triethyl_phosphate",,,,,,,,,,,,,,,,,,,,,,,,,,,,,,,,,,,,,,,,,,,,,,,,,,,,,,,,,,,,,,,,,,,,,,,,,,,,,,,,,,,,,,,,,,,,,,,,,,,,,,,,,,,,,,,,,,,,,,,,,,,,,,,,Ecotoxicological Information#Aquatic Toxicity,ECOTOX,,Simultaneous Evaluation of the Acute Effects of Chemicals on Seven Aquatic Species,LC50,,True,>,Equal,Environ. Toxicol. Chem.5(9): 831-840,,,,,,,,,,,,Acute,,,,,,Planorbella trivolvis,Animalia (animals),Bilateria,"Mollusca (molluscs,mollusks)",,,"Gastropoda (gastropods,slugs,snails)",,Basommatophora,,Planorbidae,Planorbella,Protostomia,,,,,,,,,,,,,,,,,,,,,,"Ewell,W.S., J.W. Gorsuch, R.O. Kringle, K.A. Robillard, and R.C. Spiegel",,,,,,,Mortality,2035758,2058814,Active ingredient,Fresh water,Mortality,10/10/2012,A,12/14/2012,1986,Publication reported endpoint,,,,Lophozoa,,None,6.5,8.5,Static,,1,Dosed x time(s) per study period,Unknown,11/26/2012,Lab,Unmeasured,,Increasing,,Concurrent control,,,Juvenile,MULTISPECIES TEST,,,,,,5,None,,,,,,,,,,96,h,Time,,,,,96,h,Time,20,°C,Temperature,,"Reagent Grade, Purissium, Purum, Puriss or Puris",Total organic carbon,10,mg/L,Mass concentration,39,mg/L,Mass concentration,31,mg/L,Mass concentration,26,mg/L,Mass concentration,130,milligrams per liter Calcium carbonate,Unknown,6.9,mg/L,Mass concentration,6.7,mg/L,Mass concentration,93,milligrams per liter Calcium carbonate,Unknown,1.8,mg/L,Mass concentration,0.18,g,Mass,,,260,micro ohms per centimeter,Unknown,,,,,,,,,,,,,,,,,,,,,,,,,,,,,,,,,,,,,,,,,,,,,,,,,,,,,,,,,,,,,,,,,,,,,,,,,,,,,,,,96,h,Time,,100,>,mg/L,Mass concentration,,,100,>,mg/L,Mass concentration,,
78-40-0,"Phosphoric acid, triethyl ester;Triethyl phosphate;triethyl_phosphate",,,,,,,,,,,,,,,,,,,,,,,,,,,,,,,,,,,,,,,,,,,,,,,,,,,,,,,,,,,,,,,,,,,,,,,,,,,,,,,,,,,,,,,,,,,,,,,,,,,,,,,,,,,,,,,,,,,,,,,,,,,,,,,,Ecotoxicological Information#Aquatic Toxicity,ECOTOX,,Simultaneous Evaluation of the Acute Effects of Chemicals on Seven Aquatic Species,LC50,,True,>,Equal,Environ. Toxicol. Chem.5(9): 831-840,,,,,,,,,,,,Acute,,,,,,Girardia tigrina,Animalia (animals),Bilateria,Platyhelminthes (flatworms),Rhabditophora,,Trepaxonemata,,Neoophora,Geoplanoidea,Dugesiidae,Girardia,Protostomia,,,,,,,,,,,,,,,,,,,,,,"Ewell,W.S., J.W. Gorsuch, R.O. Kringle, K.A. Robillard, and R.C. Spiegel",,,,,,,Mortality,2035722,2058778,Active ingredient,Fresh water,Mortality,10/10/2012,A,09/12/2019,1986,Publication reported endpoint,,Eulecithophora,Adiaphanida,Platyzoa,,None,6.5,8.5,Static,,1,Dosed x time(s) per study period,Unknown,08/08/2019,Lab,Unmeasured,,Increasing,,Concurrent control,,,Juvenile,MULTISPECIES TEST,,,,,,5,None,,,,,,,,,,96,h,Time,,,,,96,h,Time,20,°C,Temperature,,"Reagent Grade, Purissium, Purum, Puriss or Puris",Total organic carbon,10,mg/L,Mass concentration,39,mg/L,Mass concentration,31,mg/L,Mass concentration,26,mg/L,Mass concentration,130,milligrams per liter Calcium carbonate,Unknown,6.9,mg/L,Mass concentration,6.7,mg/L,Mass concentration,93,milligrams per liter Calcium carbonate,Unknown,1.8,mg/L,Mass concentration,0.006,g,Mass,,,260,micro ohms per centimeter,Unknown,,,,,Tricladida (triclads),Continenticola,,,,,,,,,,,,,,,,,,,,,,,,,,,,,,,,,,,,,,,,,,,,,,,,,,,,,,,,,,,,,,,,,,,,,,,,,,96,h,Time,,100,>,mg/L,Mass concentration,,,100,>,mg/L,Mass concentration,,
78-40-0,"Phosphoric acid, triethyl ester;Triethyl phosphate;triethyl_phosphate",,,,,,,,,,,,,,,,,,,,,,,,,,,,,,,,,,,,,,,,,,,,,,,,,,,,,,,,,,,,,,,,,,,,,,,,,,,,,,,,,,,,,,,,,,,,,,,,,,,,,,,,,,,,,,,,,,,,,,,,,,,,,,,,Ecotoxicological Information#Aquatic Toxicity,ECOTOX,,Simultaneous Evaluation of the Acute Effects of Chemicals on Seven Aquatic Species,LC50,,True,>,Equal,Environ. Toxicol. Chem.5(9): 831-840,,,,,,,,,,,,Acute,,,,,,Asellus intermedius,,,,,,,,,,,,,,,,,,,,,,,,,,,,,,,,,,"Ewell,W.S., J.W. Gorsuch, R.O. Kringle, K.A. Robillard, and R.C. Spiegel",,,,,,,Mortality,2035876,2058975,Active ingredient,Fresh water,Mortality,10/10/2012,A,12/14/2012,1986,Publication reported endpoint,,,,,,None,6.5,8.5,Static,,1,Dosed x time(s) per study period,Unknown,11/26/2012,Lab,Unmeasured,,Increasing,,Concurrent control,,,Juvenile,MULTISPECIES TEST,,,,,,5,None,,,,,,,,,,96,h,Time,,,,,96,h,Time,20,°C,Temperature,,"Reagent Grade, Purissium, Purum, Puriss or Puris",Total organic carbon,10,mg/L,Mass concentration,39,mg/L,Mass concentration,31,mg/L,Mass concentration,26,mg/L,Mass concentration,130,milligrams per liter Calcium carbonate,Unknown,6.9,mg/L,Mass concentration,6.7,mg/L,Mass concentration,93,milligrams per liter Calcium carbonate,Unknown,1.8,mg/L,Mass concentration,0.012,g,Mass,,,260,micro ohms per centimeter,Unknown,,,,,,,,,,,,,,,,,,,,,,,,,,,,,,,,,,,,,,,,,,,,,,,,,,,,,,,,,,,,,,,,,,,,,,,,,,,,,,,,96,h,Time,,100,>,mg/L,Mass concentration,,,100,>,mg/L,Mass concentration,,
78-40-0,"Phosphoric acid, triethyl ester;Triethyl phosphate;triethyl_phosphate",,,,,,,,,,,,,,,,,,,,,,,,,,,,,,,,,,,,,,,,,,,,,,,,,,,,,,,,,,,,,,,,,,,,,,,,,,,,,,,,,,,,,,,,,,,,,,,,,,,,,,,,,,,,,,,,,,,,,,,,,,,,,,,,Ecotoxicological Information#Aquatic Toxicity,ECOTOX,,"The Acute Toxicity of 78 Chemicals and Pesticide Formulations Against Two Brackish Water Organisms, the Bleak (Alburnus alburnus) and the Harpacticoid Nitocra spinipes",LC50,,True,No qualifier,Equal,Chemosphere8(11/12): 843-851,,,,,,,,,,,,,,,,,,Nitocra spinipes,,,,,,,,,,,,,,,,,,,,,,,,,,,,,,,,,,"Linden,E., B.E. Bengtsson, O. Svanberg, and G. Sundstrom",,,,,,,Mortality,1064472,3798,Active ingredient,Salt water,Mortality,01/31/1985,A,,1979,,,,,,7.8,None,,,Static,,1,Dosed x time(s) per study period,Unknown,08/24/1993,Lab,Unmeasured,,,,Concurrent control,,,Adult,,,,0.6-0.8MM,,,,,98,,None,,,,,,,,,,5,>,mg/L,Mass concentration,,,,10,°C,Temperature,,,,,,,,,,,,,,,,,,,,,,,,,75,milligrams per liter Calcium carbonate,Unknown,,,,,,,,,,,,Pure,7,parts per thousand,Unknown,,,,,,,,,,,,,,,,,,,,,,,,,,,,,,,,,,,,,,,,,,,,,,,,,,,,,,,,,,,,,,,,,,,,,,,,,,,,96,h,Time,,950,,mg/L,Mass concentration,810,1100,950000,,µg/L,Mass concentration,810000,1100000
78-40-0,"Phosphoric acid, triethyl ester;Triethyl phosphate;triethyl_phosphate",,,,,,,,,,,,,,,,,,,,,,,,,,,,,,,,,,,,,,,,,,,,,,,,,,,,,,,,,,,,,,,,,,,,,,,,,,,,,,,,,,,,,,,,,,,,,,,,,,,,,,,,,,,,,,,,,,,,,,,,,,,,,,,,Ecotoxicological Information#Aquatic Toxicity,ECOTOX,,Results of Studies on Chemical Substances with Four Biotests (Ergebnisse der Untersuch-Ungen von Chemischen Stoffen mit vier Biotests),LC50,,True,No qualifier,Equal,Dtsch. Gewaesserkd. Mitt.27(3): 77-79,,,,,,,,,,,,,,,,,,Leuciscus idus,Animalia (animals),Bilateria,Chordata (chordates),Vertebrata (vertebrates),"Actinopterygii (ray-finned fishes,spiny rayed fishes)",Teleostei,Ostariophysi,"Cypriniformes (minnows,suckers)",Cyprinoidea,"Cyprinidae (carps,minnows,carps and minnows)",Leuciscus (European daces),Deuterostomia,Gnathostomata,,,,,,,,,,,,,,,,,,,,,"Knie,J., A. Halke, I. Juhnke, and W. Schiller",,,,,,,Mortality,1134410,82350,Formulation,Fresh water,Mortality,03/11/1986,A,,1983,,,,,,,,,,,,,,,09/06/1994,Lab,Unmeasured,"LC0, LC100, BACTERIA",,,,,,,,,,,,,,,,,,,,,,,,,,,,,,,,,,,,,,,,,,,,,,,,,,,,,,,,,,,,,,,,,,,,,,,,,,,,,,,,,,,,,,,,,,,,,,,,,,,,,,,,,,,,,,,,,,,,,,,,,,,,,,,,,,,,,,,,,,,,,,,,,,,,,,,,,,,,,,2140,,mg/L,Mass concentration,,,2140000,,µg/L,Mass concentration,,
78-40-0,"Phosphoric acid, triethyl ester;Triethyl phosphate;triethyl_phosphate",,,,,,,,,,,,,,,,,,,,,,,,,,,,,,,,,,,,,,,,,,,,,,,,,,,,,,,,,,,,,,,,,,,,,,,,,,,,,,,,,,,,,,,,,,,,,,,,,,,,,,,,,,,,,,,,,,,,,,,,,,,,,,,,Ecotoxicological Information#Aquatic Toxicity,ECOTOX,,"Acute Oral Toxicity of 1,496 Chemicals Force-Fed to Carp",,,True,Data in range,Equal,"U.S.Fish.Wildl.Serv., Sp.Sci.Rep.-Fish.No.471, Washington, D.C.:124 p.",,,,,,,,,,,,,,,,,,Cyprinus carpio,Animalia (animals),Bilateria,Chordata (chordates),Vertebrata (vertebrates),"Actinopterygii (ray-finned fishes,spiny rayed fishes)",Teleostei,Ostariophysi,"Cypriniformes (minnows,suckers)",Cyprinoidea,"Cyprinidae (carps,minnows,carps and minnows)",Cyprinus (common carps),Deuterostomia,Gnathostomata,,,,,,,,,,,,,,,,,,,,,"Loeb,H.A., and W.H. Kelly",,,,,,,Mortality,1181072,64477,Formulation,Fresh water,Mortality,01/31/1985,A,,1963,,,,,,6.7,None,,,Gavage,,,,,,Lab,Unmeasured,"BEH NORMAL, ALSO TESTED 91 JOINT TOXICITY COMPLEX IONS",,,,,,,,,,,,,,,,,,,,,,,,,,,,,,,,,,18.3,°C,Temperature,,,,,,,,,,,,,,,,,,,,,,,,,10,milligrams per liter Calcium carbonate,Unknown,,,,,,,,,,,,,,,,,,3 FISH TESTED// TEMP/ACCLIMATED 8.3 C// EFCT/0 % MORT/,,,,,,,,,,,,,,,,,,,,,,,,,,,,,,,,,,,,,,,,,,,,,,,,,,,,,,,,,,,,,,,,,,,,,,,,,67,h,Time,,,,mg/kg,Mass fraction,62,150,,,mg/kg,Mass fraction,62,150
78-40-0,"Phosphoric acid, triethyl ester;Triethyl phosphate;triethyl_phosphate",,,,,,,,,,,,,,,,,,,,,,,,,,,,,,,,,,,,,,,,,,,,,,,,,,,,,,,,,,,,,,,,,,,,,,,,,,,,,,,,,,,,,,,,,,,,,,,,,,,,,,,,,,,,,,,,,,,,,,,,,,,,,,,,Ecotoxicological Information#Terrestrial Toxicity,ECOTOX,,"Phytotoxicity of a Chemical Weapon Simulant, Triethyl Phosphate",,,True,No qualifier,Equal,J. Environ. Qual.23(4): 701-705,,,,,,,,,,,,,,,,,,Ligustrum lucidum,Plantae (plants),Viridiplantae (green plants),,,,Magnoliopsida,Asteranae,Lamiales,,Oleaceae (olives),Ligustrum (privet),Streptophyta (land plants),,,,,,,,,,,,,,,,,,,,,,"Sikora,F.J., S.S. Harper, and P.M. Giordano",,,,,,,Physiology,44487,1220061,Formulation,,"Physiology, general",11/11/1999,T,09/14/2012,1994,,,,,,,,,,GM* - PTOX Unspecified,"MSMT/ABSC,PIGM/",,,,07/20/2012,Lab,,,,,,Leaf/needle,,,,,,intact plant,,APPSITE/root/,,,,,,,,,,,,0,d,Time,,,,,0,d,Time,,,,,,,,,,,,,,,,,,,,,,,,,,,,,,,,,,,,,,,,,,Liquid,,,,,,,Embryophyta,"Tracheophyta (vascular plants,tracheophytes)","Spermatophytina (spermatophytes,seed plants)",none,,,,,,,,,,,,,,,,,,,,,,,,,,,,,,,,,,,,,,,,,,,,,,,,,,,,,,,,,,,,,,,,,,,,,0,d,Time,,40000,,mg/m2,Unknown,,,40000,,mg/m2,Unknown,,
78-40-0,"Phosphoric acid, triethyl ester;Triethyl phosphate;triethyl_phosphate",,,,,,,,,,,,,,,,,,,,,,,,,,,,,,,,,,,,,,,,,,,,,,,,,,,,,,,,,,,,,,,,,,,,,,,,,,,,,,,,,,,,,,,,,,,,,,,,,,,,,,,,,,,,,,,,,,,,,,,,,,,,,,,,Ecotoxicological Information#Terrestrial Toxicity,ECOTOX,,"Phytotoxicity of a Chemical Weapon Simulant, Triethyl Phosphate",,,True,No qualifier,Equal,J. Environ. Qual.23(4): 701-705,,,,,,,,,,,,,,,,,,Ligustrum lucidum,Plantae (plants),Viridiplantae (green plants),,,,Magnoliopsida,Asteranae,Lamiales,,Oleaceae (olives),Ligustrum (privet),Streptophyta (land plants),,,,,,,,,,,,,,,,,,,,,,"Sikora,F.J., S.S. Harper, and P.M. Giordano",,,,,,,Physiology,44486,1220060,Formulation,,"Physiology, general",11/11/1999,T,09/14/2012,1994,,,,,,,,,,GM* - PTOX Unspecified,"MSMT/ABSC,PIGM/",,,,07/20/2012,Lab,,,,,,Leaf/needle,,,,,,intact plant,,APPSITE/root/,,,,,,,,,,,,0,d,Time,,,,,0,d,Time,,,,,,,,,,,,,,,,,,,,,,,,,,,,,,,,,,,,,,,,,,Liquid,,,,,,,Embryophyta,"Tracheophyta (vascular plants,tracheophytes)","Spermatophytina (spermatophytes,seed plants)",none,,,,,,,,,,,,,,,,,,,,,,,,,,,,,,,,,,,,,,,,,,,,,,,,,,,,,,,,,,,,,,,,,,,,,0,d,Time,,40000,,mg/m2,Unknown,,,40000,,mg/m2,Unknown,,
78-40-0,"Phosphoric acid, triethyl ester;Triethyl phosphate;triethyl_phosphate",,,,,,,,,,,,,,,,,,,,,,,,,,,,,,,,,,,,,,,,,,,,,,,,,,,,,,,,,,,,,,,,,,,,,,,,,,,,,,,,,,,,,,,,,,,,,,,,,,,,,,,,,,,,,,,,,,,,,,,,,,,,,,,,Ecotoxicological Information#Terrestrial Toxicity,ECOTOX,,"Phytotoxicity of a Chemical Weapon Simulant, Triethyl Phosphate",,,True,No qualifier,Equal,J. Environ. Qual.23(4): 701-705,,,,,,,,,,,,,,,,,,Sorghum bicolor,Plantae (plants),Viridiplantae (green plants),,,,Magnoliopsida,"Lilianae (monocots,monocotyledons)",Poales,,Poaceae,Sorghum,Streptophyta (land plants),,,,,,,,,,,,,,,,,,,,,,"Sikora,F.J., S.S. Harper, and P.M. Giordano",,,,,,,Physiology,44478,1220052,Formulation,,Wilt,11/11/1999,T,09/14/2012,1994,,,,,,,,,,GM* - PTOX Unspecified,,,,,07/20/2012,Lab,,,,,,Whole organism,,Seedling,,,,intact plant,,APPSITE/root/,,,,,,,,,,,,0,d,Time,,,,,0,d,Time,,,,,,,,,,,,,,,,,,,,,,,,,,,,,,,,,,,,,,,,,,Liquid,,,,,,,Embryophyta,"Tracheophyta (vascular plants,tracheophytes)","Spermatophytina (spermatophytes,seed plants)",none,,,,,,,,,,,,,,,,,,,,,,,,,,,,,,,,,,,,,,,,,,,,,,,,,,,,,,,,,,,,,,,,,,,,,0,d,Time,,400,,mg/kg,Mass fraction,,,400,,mg/kg,Mass fraction,,
78-40-0,"Phosphoric acid, triethyl ester;Triethyl phosphate;triethyl_phosphate",,,,,,,,,,,,,,,,,,,,,,,,,,,,,,,,,,,,,,,,,,,,,,,,,,,,,,,,,,,,,,,,,,,,,,,,,,,,,,,,,,,,,,,,,,,,,,,,,,,,,,,,,,,,,,,,,,,,,,,,,,,,,,,,Ecotoxicological Information#Terrestrial Toxicity,ECOTOX,,"Phytotoxicity of a Chemical Weapon Simulant, Triethyl Phosphate",,,True,No qualifier,Equal,J. Environ. Qual.23(4): 701-705,,,,,,,,,,,,,,,,,,Sorghum bicolor,Plantae (plants),Viridiplantae (green plants),,,,Magnoliopsida,"Lilianae (monocots,monocotyledons)",Poales,,Poaceae,Sorghum,Streptophyta (land plants),,,,,,,,,,,,,,,,,,,,,,"Sikora,F.J., S.S. Harper, and P.M. Giordano",,,,,,,Histology,44478,1220051,Formulation,,Necrosis,11/11/1999,T,09/14/2012,1994,,,,,,,,,,GM* - PTOX Unspecified,,,,,07/20/2012,Lab,,,,,,Whole organism,,Seedling,,,,intact plant,,APPSITE/root/,,,,,,,,,,,,0,d,Time,,,,,0,d,Time,,,,,,,,,,,,,,,,,,,,,,,,,,,,,,,,,,,,,,,,,,Liquid,,,,,,,Embryophyta,"Tracheophyta (vascular plants,tracheophytes)","Spermatophytina (spermatophytes,seed plants)",none,,,,,,,,,,,,,,,,,,,,,,,,,,,,,,,,,,,,,,,,,,,,,,,,,,,,,,,,,,,,,,,,,,,,,0,d,Time,,400,,mg/kg,Mass fraction,,,400,,mg/kg,Mass fraction,,
78-40-0,"Phosphoric acid, triethyl ester;Triethyl phosphate;triethyl_phosphate",,,,,,,,,,,,,,,,,,,,,,,,,,,,,,,,,,,,,,,,,,,,,,,,,,,,,,,,,,,,,,,,,,,,,,,,,,,,,,,,,,,,,,,,,,,,,,,,,,,,,,,,,,,,,,,,,,,,,,,,,,,,,,,,Ecotoxicological Information#Terrestrial Toxicity,ECOTOX,,"Phytotoxicity of a Chemical Weapon Simulant, Triethyl Phosphate",,,True,No qualifier,Equal,J. Environ. Qual.23(4): 701-705,,,,,,,,,,,,,,,,,,Solanum lycopersicum var. lycopersicum,,,,,,,,,,,,,,,,,,,,,,,,,,,,,,,,,,"Sikora,F.J., S.S. Harper, and P.M. Giordano",,,,,,,Physiology,44468,1220038,Formulation,,Wilt,11/11/1999,T,09/14/2012,1994,,,,,,,,,,GM* - PTOX Unspecified,,,,,07/20/2012,Lab,,,,,,Whole organism,,Seedling,,,,intact plant,,APPSITE/root/,,,,,,,,,,,,0,d,Time,,,,,0,d,Time,,,,,,,,,,,,,,,,,,,,,,,,,,,,,,,,,,,,,,,,,,Liquid,,,,,,,,,,none,,,,,,,,,,,,,,,,,,,,,,,,,,,,,,,,,,,,,,,,,,,,,,,,,,,,,,,,,,,,,,,,,,,,,0,d,Time,,400,,mg/kg,Mass fraction,,,400,,mg/kg,Mass fraction,,
78-40-0,"Phosphoric acid, triethyl ester;Triethyl phosphate;triethyl_phosphate",,,,,,,,,,,,,,,,,,,,,,,,,,,,,,,,,,,,,,,,,,,,,,,,,,,,,,,,,,,,,,,,,,,,,,,,,,,,,,,,,,,,,,,,,,,,,,,,,,,,,,,,,,,,,,,,,,,,,,,,,,,,,,,,Ecotoxicological Information#Terrestrial Toxicity,ECOTOX,,"Phytotoxicity of a Chemical Weapon Simulant, Triethyl Phosphate",,,True,No qualifier,Equal,J. Environ. Qual.23(4): 701-705,,,,,,,,,,,,,,,,,,Solanum lycopersicum var. lycopersicum,,,,,,,,,,,,,,,,,,,,,,,,,,,,,,,,,,"Sikora,F.J., S.S. Harper, and P.M. Giordano",,,,,,,Histology,44468,1220037,Formulation,,Necrosis,11/11/1999,T,09/14/2012,1994,,,,,,,,,,GM* - PTOX Unspecified,,,,,07/20/2012,Lab,,,,,,Whole organism,,Seedling,,,,intact plant,,APPSITE/root/,,,,,,,,,,,,0,d,Time,,,,,0,d,Time,,,,,,,,,,,,,,,,,,,,,,,,,,,,,,,,,,,,,,,,,,Liquid,,,,,,,,,,none,,,,,,,,,,,,,,,,,,,,,,,,,,,,,,,,,,,,,,,,,,,,,,,,,,,,,,,,,,,,,,,,,,,,,0,d,Time,,400,,mg/kg,Mass fraction,,,400,,mg/kg,Mass fraction,,
78-40-0,"Phosphoric acid, triethyl ester;Triethyl phosphate;triethyl_phosphate",,,,,,,,,,,,,,,,,,,,,,,,,,,,,,,,,,,,,,,,,,,,,,,,,,,,,,,,,,,,,,,,,,,,,,,,,,,,,,,,,,,,,,,,,,,,,,,,,,,,,,,,,,,,,,,,,,,,,,,,,,,,,,,,Ecotoxicological Information#Terrestrial Toxicity,ECOTOX,,"Phytotoxicity of a Chemical Weapon Simulant, Triethyl Phosphate",,,True,No qualifier,Equal,J. Environ. Qual.23(4): 701-705,,,,,,,,,,,,,,,,,,Ligustrum lucidum,Plantae (plants),Viridiplantae (green plants),,,,Magnoliopsida,Asteranae,Lamiales,,Oleaceae (olives),Ligustrum (privet),Streptophyta (land plants),,,,,,,,,,,,,,,,,,,,,,"Sikora,F.J., S.S. Harper, and P.M. Giordano",,,,,,,Physiology,44479,1220053,Formulation,,"Physiology, general",11/11/1999,T,09/14/2012,1994,,,,,,,,,,Spray,"MSMT/ABSC,PIGM/",,,,07/20/2012,Lab,,,,,,Leaf/needle,,,,,,intact plant,,APPSITE/entire plant/,,,,,,,,,,,,1,d,Time,,,,,1,d,Time,,,,,,,,,,,,,,,,,,,,,,,,,,,,,,,,,,,,,,,,,,Liquid,,,,,,,Embryophyta,"Tracheophyta (vascular plants,tracheophytes)","Spermatophytina (spermatophytes,seed plants)",none,,,,,,,,,,,,,,,,,,,,,,,,,,,,,,,,,,,,,,,,,,,,,,,,,,,,,,,,,,,,,,,,,,,,,1,d,Time,,40000,,mg/m2,Unknown,,,40000,,mg/m2,Unknown,,
78-40-0,"Phosphoric acid, triethyl ester;Triethyl phosphate;triethyl_phosphate",,,,,,,,,,,,,,,,,,,,,,,,,,,,,,,,,,,,,,,,,,,,,,,,,,,,,,,,,,,,,,,,,,,,,,,,,,,,,,,,,,,,,,,,,,,,,,,,,,,,,,,,,,,,,,,,,,,,,,,,,,,,,,,,Ecotoxicological Information#Terrestrial Toxicity,ECOTOX,,"Phytotoxicity of a Chemical Weapon Simulant, Triethyl Phosphate",,,True,Data in range,Equal,J. Environ. Qual.23(4): 701-705,,,,,,,,,,,,,,,,,,Sorghum bicolor,Plantae (plants),Viridiplantae (green plants),,,,Magnoliopsida,"Lilianae (monocots,monocotyledons)",Poales,,Poaceae,Sorghum,Streptophyta (land plants),,,,,,,,,,,,,,,,,,,,,,"Sikora,F.J., S.S. Harper, and P.M. Giordano",,,,,,,Growth,44469,1220039,Formulation,,Biomass,11/11/1999,T,09/14/2012,1994,,,,,,,,,,Spray,,,,,07/20/2012,Lab,,,,,,Whole organism,,Seedling,,,,intact plant,,APPSITE/entire plant/,,,,,,,,,,,,1,d,Time,,,,,1,d,Time,,,,,,,,,,,,,,,,,,,,,,,,,,,,,,,,,,,,,,,,,,Liquid,,,,,,,Embryophyta,"Tracheophyta (vascular plants,tracheophytes)","Spermatophytina (spermatophytes,seed plants)",none,Dry,,,,,,,,,,,,,,,,,,,,,,,,,,,,,,,,,,,,,,,,,,,,,,,,,,,,,,,,,,,,,,,,,,,,1,d,Time,,,,mg/kg,Mass fraction,0.029999999329447746,400,,,mg/kg,Mass fraction,0.029999999329447746,400
78-40-0,"Phosphoric acid, triethyl ester;Triethyl phosphate;triethyl_phosphate",,,,,,,,,,,,,,,,,,,,,,,,,,,,,,,,,,,,,,,,,,,,,,,,,,,,,,,,,,,,,,,,,,,,,,,,,,,,,,,,,,,,,,,,,,,,,,,,,,,,,,,,,,,,,,,,,,,,,,,,,,,,,,,,Ecotoxicological Information#Terrestrial Toxicity,ECOTOX,,"Phytotoxicity of a Chemical Weapon Simulant, Triethyl Phosphate",,,True,Data in range,Equal,J. Environ. Qual.23(4): 701-705,,,,,,,,,,,,,,,,,,Sorghum bicolor,Plantae (plants),Viridiplantae (green plants),,,,Magnoliopsida,"Lilianae (monocots,monocotyledons)",Poales,,Poaceae,Sorghum,Streptophyta (land plants),,,,,,,,,,,,,,,,,,,,,,"Sikora,F.J., S.S. Harper, and P.M. Giordano",,,,,,,Physiology,44469,1220041,Formulation,,Wilt,11/11/1999,T,09/14/2012,1994,,,,,,,,,,Spray,,,,,07/20/2012,Lab,,,,,,Whole organism,,Seedling,,,,intact plant,,APPSITE/entire plant/,,,,,,,,,,,,1,d,Time,,,,,1,d,Time,,,,,,,,,,,,,,,,,,,,,,,,,,,,,,,,,,,,,,,,,,Liquid,,,,,,,Embryophyta,"Tracheophyta (vascular plants,tracheophytes)","Spermatophytina (spermatophytes,seed plants)",none,,,,,,,,,,,,,,,,,,,,,,,,,,,,,,,,,,,,,,,,,,,,,,,,,,,,,,,,,,,,,,,,,,,,,1,d,Time,,,,mg/kg,Mass fraction,0.029999999329447746,400,,,mg/kg,Mass fraction,0.029999999329447746,400
78-40-0,"Phosphoric acid, triethyl ester;Triethyl phosphate;triethyl_phosphate",,,,,,,,,,,,,,,,,,,,,,,,,,,,,,,,,,,,,,,,,,,,,,,,,,,,,,,,,,,,,,,,,,,,,,,,,,,,,,,,,,,,,,,,,,,,,,,,,,,,,,,,,,,,,,,,,,,,,,,,,,,,,,,,Ecotoxicological Information#Terrestrial Toxicity,ECOTOX,,"Phytotoxicity of a Chemical Weapon Simulant, Triethyl Phosphate",,,True,Data in range,Equal,J. Environ. Qual.23(4): 701-705,,,,,,,,,,,,,,,,,,Sorghum bicolor,Plantae (plants),Viridiplantae (green plants),,,,Magnoliopsida,"Lilianae (monocots,monocotyledons)",Poales,,Poaceae,Sorghum,Streptophyta (land plants),,,,,,,,,,,,,,,,,,,,,,"Sikora,F.J., S.S. Harper, and P.M. Giordano",,,,,,,Histology,44469,1220040,Formulation,,Necrosis,11/11/1999,T,09/14/2012,1994,,,,,,,,,,Spray,,,,,07/20/2012,Lab,,,,,,Whole organism,,Seedling,,,,intact plant,,APPSITE/entire plant/,,,,,,,,,,,,1,d,Time,,,,,1,d,Time,,,,,,,,,,,,,,,,,,,,,,,,,,,,,,,,,,,,,,,,,,Liquid,,,,,,,Embryophyta,"Tracheophyta (vascular plants,tracheophytes)","Spermatophytina (spermatophytes,seed plants)",none,,,,,,,,,,,,,,,,,,,,,,,,,,,,,,,,,,,,,,,,,,,,,,,,,,,,,,,,,,,,,,,,,,,,,1,d,Time,,,,mg/kg,Mass fraction,0.029999999329447746,400,,,mg/kg,Mass fraction,0.029999999329447746,400
78-40-0,"Phosphoric acid, triethyl ester;Triethyl phosphate;triethyl_phosphate",,,,,,,,,,,,,,,,,,,,,,,,,,,,,,,,,,,,,,,,,,,,,,,,,,,,,,,,,,,,,,,,,,,,,,,,,,,,,,,,,,,,,,,,,,,,,,,,,,,,,,,,,,,,,,,,,,,,,,,,,,,,,,,,Ecotoxicological Information#Terrestrial Toxicity,ECOTOX,,"Phytotoxicity of a Chemical Weapon Simulant, Triethyl Phosphate",,,True,Data in range,Equal,J. Environ. Qual.23(4): 701-705,,,,,,,,,,,,,,,,,,Sorghum bicolor,Plantae (plants),Viridiplantae (green plants),,,,Magnoliopsida,"Lilianae (monocots,monocotyledons)",Poales,,Poaceae,Sorghum,Streptophyta (land plants),,,,,,,,,,,,,,,,,,,,,,"Sikora,F.J., S.S. Harper, and P.M. Giordano",,,,,,,Growth,44470,1220042,Formulation,,Biomass,11/11/1999,T,09/14/2012,1994,,,,,,,,,,GM* - PTOX Unspecified,,,,,07/20/2012,Lab,,,,,,Whole organism,,Seedling,,,,intact plant,,APPSITE/root/,,,,,,,,,,,,1,d,Time,,,,,1,d,Time,,,,,,,,,,,,,,,,,,,,,,,,,,,,,,,,,,,,,,,,,,Liquid,,,,,,,Embryophyta,"Tracheophyta (vascular plants,tracheophytes)","Spermatophytina (spermatophytes,seed plants)",none,Dry,,,,,,,,,,,,,,,,,,,,,,,,,,,,,,,,,,,,,,,,,,,,,,,,,,,,,,,,,,,,,,,,,,,,1,d,Time,,,,mg/kg,Mass fraction,0.029999999329447746,3.299999952316284,,,mg/kg,Mass fraction,0.029999999329447746,3.299999952316284
78-40-0,"Phosphoric acid, triethyl ester;Triethyl phosphate;triethyl_phosphate",,,,,,,,,,,,,,,,,,,,,,,,,,,,,,,,,,,,,,,,,,,,,,,,,,,,,,,,,,,,,,,,,,,,,,,,,,,,,,,,,,,,,,,,,,,,,,,,,,,,,,,,,,,,,,,,,,,,,,,,,,,,,,,,Ecotoxicological Information#Terrestrial Toxicity,ECOTOX,,"Phytotoxicity of a Chemical Weapon Simulant, Triethyl Phosphate",,,True,Data in range,Equal,J. Environ. Qual.23(4): 701-705,,,,,,,,,,,,,,,,,,Solanum lycopersicum var. lycopersicum,,,,,,,,,,,,,,,,,,,,,,,,,,,,,,,,,,"Sikora,F.J., S.S. Harper, and P.M. Giordano",,,,,,,Histology,44460,1220027,Formulation,,Necrosis,11/11/1999,T,09/14/2012,1994,,,,,,,,,,Spray,,,,,07/20/2012,Lab,,,,,,Whole organism,,Seedling,,,,intact plant,,APPSITE/entire plant/,,,,,,,,,,,,1,d,Time,,,,,1,d,Time,,,,,,,,,,,,,,,,,,,,,,,,,,,,,,,,,,,,,,,,,,Liquid,,,,,,,,,,none,,,,,,,,,,,,,,,,,,,,,,,,,,,,,,,,,,,,,,,,,,,,,,,,,,,,,,,,,,,,,,,,,,,,,1,d,Time,,,,mg/kg,Mass fraction,330,400,,,mg/kg,Mass fraction,330,400
78-40-0,"Phosphoric acid, triethyl ester;Triethyl phosphate;triethyl_phosphate",,,,,,,,,,,,,,,,,,,,,,,,,,,,,,,,,,,,,,,,,,,,,,,,,,,,,,,,,,,,,,,,,,,,,,,,,,,,,,,,,,,,,,,,,,,,,,,,,,,,,,,,,,,,,,,,,,,,,,,,,,,,,,,,Ecotoxicological Information#Terrestrial Toxicity,ECOTOX,,"Phytotoxicity of a Chemical Weapon Simulant, Triethyl Phosphate",,,True,Data in range,Equal,J. Environ. Qual.23(4): 701-705,,,,,,,,,,,,,,,,,,Solanum lycopersicum var. lycopersicum,,,,,,,,,,,,,,,,,,,,,,,,,,,,,,,,,,"Sikora,F.J., S.S. Harper, and P.M. Giordano",,,,,,,Physiology,44460,1220028,Formulation,,Wilt,11/11/1999,T,09/14/2012,1994,,,,,,,,,,Spray,,,,,07/20/2012,Lab,,,,,,Whole organism,,Seedling,,,,intact plant,,APPSITE/entire plant/,,,,,,,,,,,,1,d,Time,,,,,1,d,Time,,,,,,,,,,,,,,,,,,,,,,,,,,,,,,,,,,,,,,,,,,Liquid,,,,,,,,,,none,,,,,,,,,,,,,,,,,,,,,,,,,,,,,,,,,,,,,,,,,,,,,,,,,,,,,,,,,,,,,,,,,,,,,1,d,Time,,,,mg/kg,Mass fraction,330,400,,,mg/kg,Mass fraction,330,400
78-40-0,"Phosphoric acid, triethyl ester;Triethyl phosphate;triethyl_phosphate",,,,,,,,,,,,,,,,,,,,,,,,,,,,,,,,,,,,,,,,,,,,,,,,,,,,,,,,,,,,,,,,,,,,,,,,,,,,,,,,,,,,,,,,,,,,,,,,,,,,,,,,,,,,,,,,,,,,,,,,,,,,,,,,Ecotoxicological Information#Terrestrial Toxicity,ECOTOX,,"Phytotoxicity of a Chemical Weapon Simulant, Triethyl Phosphate",,,True,No qualifier,Equal,J. Environ. Qual.23(4): 701-705,,,,,,,,,,,,,,,,,,Sorghum bicolor,Plantae (plants),Viridiplantae (green plants),,,,Magnoliopsida,"Lilianae (monocots,monocotyledons)",Poales,,Poaceae,Sorghum,Streptophyta (land plants),,,,,,,,,,,,,,,,,,,,,,"Sikora,F.J., S.S. Harper, and P.M. Giordano",,,,,,,Growth,44473,1220045,Formulation,,Biomass,11/11/1999,T,09/14/2012,1994,,,,,,,,,,GM* - PTOX Unspecified,,,,,07/20/2012,Lab,,,,,,Whole organism,,Seedling,,,,intact plant,,APPSITE/root/,,,,,,,,,,,,27,d,Time,,,,,27,d,Time,,,,,,,,,,,,,,,,,,,,,,,,,,,,,,,,,,,,,,,,,,Liquid,,,,,,,Embryophyta,"Tracheophyta (vascular plants,tracheophytes)","Spermatophytina (spermatophytes,seed plants)",gel thickener,Dry,,,,,,,,,,,,,,,,,,,,,,,,,,,,,,,,,,,,,,,,,,,,,,,,,,,,,,,,,,,,,,,,,,,,27,d,Time,,40000,,mg/m2,Unknown,,,40000,,mg/m2,Unknown,,
78-40-0,"Phosphoric acid, triethyl ester;Triethyl phosphate;triethyl_phosphate",,,,,,,,,,,,,,,,,,,,,,,,,,,,,,,,,,,,,,,,,,,,,,,,,,,,,,,,,,,,,,,,,,,,,,,,,,,,,,,,,,,,,,,,,,,,,,,,,,,,,,,,,,,,,,,,,,,,,,,,,,,,,,,,Ecotoxicological Information#Terrestrial Toxicity,ECOTOX,,"Phytotoxicity of a Chemical Weapon Simulant, Triethyl Phosphate",,,True,Data in range,Equal,J. Environ. Qual.23(4): 701-705,,,,,,,,,,,,,,,,,,Sorghum bicolor,Plantae (plants),Viridiplantae (green plants),,,,Magnoliopsida,"Lilianae (monocots,monocotyledons)",Poales,,Poaceae,Sorghum,Streptophyta (land plants),,,,,,,,,,,,,,,,,,,,,,"Sikora,F.J., S.S. Harper, and P.M. Giordano",,,,,,,Growth,44476,1220048,Formulation,,Biomass,11/11/1999,T,09/14/2012,1994,,,,,,,,,,GM* - PTOX Unspecified,,,,,07/20/2012,Lab,,,,,,Whole organism,,Seedling,,,,intact plant,,APPSITE/root/,,,,,,,,,,,,27,d,Time,,,,,27,d,Time,,,,,,,,,,,,,,,,,,,,,,,,,,,,,,,,,,,,,,,,,,Liquid,,,,,,,Embryophyta,"Tracheophyta (vascular plants,tracheophytes)","Spermatophytina (spermatophytes,seed plants)",none,Dry,,,,,,,,,,,,,,,,,,,,,,,,,,,,,,,,,,,,,,,,,,,,,,,,,,,,,,,,,,,,,,,,,,,,27,d,Time,,,,mg/kg,Mass fraction,0.03999999910593033,400,,,mg/kg,Mass fraction,0.03999999910593033,400
78-40-0,"Phosphoric acid, triethyl ester;Triethyl phosphate;triethyl_phosphate",,,,,,,,,,,,,,,,,,,,,,,,,,,,,,,,,,,,,,,,,,,,,,,,,,,,,,,,,,,,,,,,,,,,,,,,,,,,,,,,,,,,,,,,,,,,,,,,,,,,,,,,,,,,,,,,,,,,,,,,,,,,,,,,Ecotoxicological Information#Terrestrial Toxicity,ECOTOX,,"Phytotoxicity of a Chemical Weapon Simulant, Triethyl Phosphate",,,True,No qualifier,Equal,J. Environ. Qual.23(4): 701-705,,,,,,,,,,,,,,,,,,Sorghum bicolor,Plantae (plants),Viridiplantae (green plants),,,,Magnoliopsida,"Lilianae (monocots,monocotyledons)",Poales,,Poaceae,Sorghum,Streptophyta (land plants),,,,,,,,,,,,,,,,,,,,,,"Sikora,F.J., S.S. Harper, and P.M. Giordano",,,,,,,Growth,44471,1220043,Formulation,,Biomass,11/11/1999,T,09/14/2012,1994,,,,,,,,,,Spray,,,,,07/20/2012,Lab,,,,,,Whole organism,,Seedling,,,,intact plant,,APPSITE/entire plant/,,,,,,,,,,,,27,d,Time,,,,,27,d,Time,,,,,,,,,,,,,,,,,,,,,,,,,,,,,,,,,,,,,,,,,,Liquid,,,,,,,Embryophyta,"Tracheophyta (vascular plants,tracheophytes)","Spermatophytina (spermatophytes,seed plants)",gel thickener,Dry,,,,,,,,,,,,,,,,,,,,,,,,,,,,,,,,,,,,,,,,,,,,,,,,,,,,,,,,,,,,,,,,,,,,27,d,Time,,40000,,mg/m2,Unknown,,,40000,,mg/m2,Unknown,,
78-40-0,"Phosphoric acid, triethyl ester;Triethyl phosphate;triethyl_phosphate",,,,,,,,,,,,,,,,,,,,,,,,,,,,,,,,,,,,,,,,,,,,,,,,,,,,,,,,,,,,,,,,,,,,,,,,,,,,,,,,,,,,,,,,,,,,,,,,,,,,,,,,,,,,,,,,,,,,,,,,,,,,,,,,Ecotoxicological Information#Terrestrial Toxicity,ECOTOX,,"Phytotoxicity of a Chemical Weapon Simulant, Triethyl Phosphate",,,True,No qualifier,Equal,J. Environ. Qual.23(4): 701-705,,,,,,,,,,,,,,,,,,Sorghum bicolor,Plantae (plants),Viridiplantae (green plants),,,,Magnoliopsida,"Lilianae (monocots,monocotyledons)",Poales,,Poaceae,Sorghum,Streptophyta (land plants),,,,,,,,,,,,,,,,,,,,,,"Sikora,F.J., S.S. Harper, and P.M. Giordano",,,,,,,Growth,44474,1220046,Formulation,,Biomass,11/11/1999,T,09/14/2012,1994,,,,,,,,,,GM* - PTOX Unspecified,,,,,07/20/2012,Lab,,,,,,Whole organism,,Seedling,,,,intact plant,,APPSITE/root/,,,,,,,,,,,,27,d,Time,,,,,27,d,Time,,,,,,,,,,,,,,,,,,,,,,,,,,,,,,,,,,,,,,,,,,Liquid,,,,,,,Embryophyta,"Tracheophyta (vascular plants,tracheophytes)","Spermatophytina (spermatophytes,seed plants)",none,Dry,,,,,,,,,,,,,,,,,,,,,,,,,,,,,,,,,,,,,,,,,,,,,,,,,,,,,,,,,,,,,,,,,,,,27,d,Time,,330,,mg/kg,Mass fraction,,,330,,mg/kg,Mass fraction,,
78-40-0,"Phosphoric acid, triethyl ester;Triethyl phosphate;triethyl_phosphate",,,,,,,,,,,,,,,,,,,,,,,,,,,,,,,,,,,,,,,,,,,,,,,,,,,,,,,,,,,,,,,,,,,,,,,,,,,,,,,,,,,,,,,,,,,,,,,,,,,,,,,,,,,,,,,,,,,,,,,,,,,,,,,,Ecotoxicological Information#Terrestrial Toxicity,ECOTOX,,"Phytotoxicity of a Chemical Weapon Simulant, Triethyl Phosphate",,,True,No qualifier,Equal,J. Environ. Qual.23(4): 701-705,,,,,,,,,,,,,,,,,,Sorghum bicolor,Plantae (plants),Viridiplantae (green plants),,,,Magnoliopsida,"Lilianae (monocots,monocotyledons)",Poales,,Poaceae,Sorghum,Streptophyta (land plants),,,,,,,,,,,,,,,,,,,,,,"Sikora,F.J., S.S. Harper, and P.M. Giordano",,,,,,,Growth,44475,1220047,Formulation,,Biomass,11/11/1999,T,09/14/2012,1994,,,,,,,,,,GM* - PTOX Unspecified,,,,,07/20/2012,Lab,,,,,,Whole organism,,Seedling,,,,intact plant,,APPSITE/root/,,,,,,,,,,,,27,d,Time,,,,,27,d,Time,,,,,,,,,,,,,,,,,,,,,,,,,,,,,,,,,,,,,,,,,,Liquid,,,,,,,Embryophyta,"Tracheophyta (vascular plants,tracheophytes)","Spermatophytina (spermatophytes,seed plants)",gel thickener,Dry,,,,,,,,,,,,,,,,,,,,,,,,,,,,,,,,,,,,,,,,,,,,,,,,,,,,,,,,,,,,,,,,,,,,27,d,Time,,40000,,mg/m2,Unknown,,,40000,,mg/m2,Unknown,,
78-40-0,"Phosphoric acid, triethyl ester;Triethyl phosphate;triethyl_phosphate",,,,,,,,,,,,,,,,,,,,,,,,,,,,,,,,,,,,,,,,,,,,,,,,,,,,,,,,,,,,,,,,,,,,,,,,,,,,,,,,,,,,,,,,,,,,,,,,,,,,,,,,,,,,,,,,,,,,,,,,,,,,,,,,Ecotoxicological Information#Terrestrial Toxicity,ECOTOX,,"Phytotoxicity of a Chemical Weapon Simulant, Triethyl Phosphate",,,True,Data in range,Equal,J. Environ. Qual.23(4): 701-705,,,,,,,,,,,,,,,,,,Sorghum bicolor,Plantae (plants),Viridiplantae (green plants),,,,Magnoliopsida,"Lilianae (monocots,monocotyledons)",Poales,,Poaceae,Sorghum,Streptophyta (land plants),,,,,,,,,,,,,,,,,,,,,,"Sikora,F.J., S.S. Harper, and P.M. Giordano",,,,,,,Growth,44472,1220044,Formulation,,Biomass,11/11/1999,T,09/14/2012,1994,,,,,,,,,,Spray,,,,,07/20/2012,Lab,,,,,,Whole organism,,Seedling,,,,intact plant,,APPSITE/entire plant/,,,,,,,,,,,,27,d,Time,,,,,27,d,Time,,,,,,,,,,,,,,,,,,,,,,,,,,,,,,,,,,,,,,,,,,Liquid,,,,,,,Embryophyta,"Tracheophyta (vascular plants,tracheophytes)","Spermatophytina (spermatophytes,seed plants)",none,Dry,,,,,,,,,,,,,,,,,,,,,,,,,,,,,,,,,,,,,,,,,,,,,,,,,,,,,,,,,,,,,,,,,,,,27,d,Time,,,,mg/kg,Mass fraction,0.03999999910593033,400,,,mg/kg,Mass fraction,0.03999999910593033,400
78-40-0,"Phosphoric acid, triethyl ester;Triethyl phosphate;triethyl_phosphate",,,,,,,,,,,,,,,,,,,,,,,,,,,,,,,,,,,,,,,,,,,,,,,,,,,,,,,,,,,,,,,,,,,,,,,,,,,,,,,,,,,,,,,,,,,,,,,,,,,,,,,,,,,,,,,,,,,,,,,,,,,,,,,,Ecotoxicological Information#Terrestrial Toxicity,ECOTOX,,"Phytotoxicity of a Chemical Weapon Simulant, Triethyl Phosphate",,,True,No qualifier,Equal,J. Environ. Qual.23(4): 701-705,,,,,,,,,,,,,,,,,,Solanum lycopersicum var. lycopersicum,,,,,,,,,,,,,,,,,,,,,,,,,,,,,,,,,,"Sikora,F.J., S.S. Harper, and P.M. Giordano",,,,,,,Growth,44465,1220033,Formulation,,Biomass,11/11/1999,T,09/14/2012,1994,,,,,,,,,,GM* - PTOX Unspecified,,,,,07/20/2012,Lab,,,,,,Whole organism,,Seedling,,,,intact plant,,APPSITE/root/,,,,,,,,,,,,40,d,Time,,,,,40,d,Time,,,,,,,,,,,,,,,,,,,,,,,,,,,,,,,,,,,,,,,,,,Liquid,,,,,,,,,,gel thickener,Dry,,,,,,,,,,,,,,,,,,,,,,,,,,,,,,,,,,,,,,,,,,,,,,,,,,,,,,,,,,,,,,,,,,,,40,d,Time,,40000,,mg/m2,Unknown,,,40000,,mg/m2,Unknown,,
78-40-0,"Phosphoric acid, triethyl ester;Triethyl phosphate;triethyl_phosphate",,,,,,,,,,,,,,,,,,,,,,,,,,,,,,,,,,,,,,,,,,,,,,,,,,,,,,,,,,,,,,,,,,,,,,,,,,,,,,,,,,,,,,,,,,,,,,,,,,,,,,,,,,,,,,,,,,,,,,,,,,,,,,,,Ecotoxicological Information#Terrestrial Toxicity,ECOTOX,,"Phytotoxicity of a Chemical Weapon Simulant, Triethyl Phosphate",,,True,No qualifier,Equal,J. Environ. Qual.23(4): 701-705,,,,,,,,,,,,,,,,,,Solanum lycopersicum var. lycopersicum,,,,,,,,,,,,,,,,,,,,,,,,,,,,,,,,,,"Sikora,F.J., S.S. Harper, and P.M. Giordano",,,,,,,Growth,44463,1220031,Formulation,,Biomass,11/11/1999,T,09/14/2012,1994,,,,,,,,,,GM* - PTOX Unspecified,,,,,07/20/2012,Lab,,,,,,Whole organism,,Seedling,,,,intact plant,,APPSITE/root/,,,,,,,,,,,,40,d,Time,,,,,40,d,Time,,,,,,,,,,,,,,,,,,,,,,,,,,,,,,,,,,,,,,,,,,Liquid,,,,,,,,,,gel thickener,Dry,,,,,,,,,,,,,,,,,,,,,,,,,,,,,,,,,,,,,,,,,,,,,,,,,,,,,,,,,,,,,,,,,,,,40,d,Time,,40000,,mg/m2,Unknown,,,40000,,mg/m2,Unknown,,
78-40-0,"Phosphoric acid, triethyl ester;Triethyl phosphate;triethyl_phosphate",,,,,,,,,,,,,,,,,,,,,,,,,,,,,,,,,,,,,,,,,,,,,,,,,,,,,,,,,,,,,,,,,,,,,,,,,,,,,,,,,,,,,,,,,,,,,,,,,,,,,,,,,,,,,,,,,,,,,,,,,,,,,,,,Ecotoxicological Information#Terrestrial Toxicity,ECOTOX,,"Phytotoxicity of a Chemical Weapon Simulant, Triethyl Phosphate",,,True,Data in range,Equal,J. Environ. Qual.23(4): 701-705,,,,,,,,,,,,,,,,,,Solanum lycopersicum var. lycopersicum,,,,,,,,,,,,,,,,,,,,,,,,,,,,,,,,,,"Sikora,F.J., S.S. Harper, and P.M. Giordano",,,,,,,Growth,44462,1220030,Formulation,,Biomass,11/11/1999,T,09/14/2012,1994,,,,,,,,,,Spray,,,,,07/20/2012,Lab,,,,,,Whole organism,,Seedling,,,,intact plant,,APPSITE/entire plant/,,,,,,,,,,,,40,d,Time,,,,,40,d,Time,,,,,,,,,,,,,,,,,,,,,,,,,,,,,,,,,,,,,,,,,,Liquid,,,,,,,,,,none,Dry,,,,,,,,,,,,,,,,,,,,,,,,,,,,,,,,,,,,,,,,,,,,,,,,,,,,,,,,,,,,,,,,,,,,40,d,Time,,,,mg/kg,Mass fraction,0.029999999329447746,400,,,mg/kg,Mass fraction,0.029999999329447746,400
78-40-0,"Phosphoric acid, triethyl ester;Triethyl phosphate;triethyl_phosphate",,,,,,,,,,,,,,,,,,,,,,,,,,,,,,,,,,,,,,,,,,,,,,,,,,,,,,,,,,,,,,,,,,,,,,,,,,,,,,,,,,,,,,,,,,,,,,,,,,,,,,,,,,,,,,,,,,,,,,,,,,,,,,,,Ecotoxicological Information#Terrestrial Toxicity,ECOTOX,,"Phytotoxicity of a Chemical Weapon Simulant, Triethyl Phosphate",,,True,Data in range,Equal,J. Environ. Qual.23(4): 701-705,,,,,,,,,,,,,,,,,,Solanum lycopersicum var. lycopersicum,,,,,,,,,,,,,,,,,,,,,,,,,,,,,,,,,,"Sikora,F.J., S.S. Harper, and P.M. Giordano",,,,,,,Growth,44466,1220034,Formulation,,Biomass,11/11/1999,T,09/14/2012,1994,,,,,,,,,,GM* - PTOX Unspecified,,,,,07/20/2012,Lab,,,,,,Whole organism,,Seedling,,,,intact plant,,APPSITE/root/,,,,,,,,,,,,40,d,Time,,,,,40,d,Time,,,,,,,,,,,,,,,,,,,,,,,,,,,,,,,,,,,,,,,,,,Liquid,,,,,,,,,,none,Dry,,,,,,,,,,,,,,,,,,,,,,,,,,,,,,,,,,,,,,,,,,,,,,,,,,,,,,,,,,,,,,,,,,,,40,d,Time,,,,mg/kg,Mass fraction,0.03999999910593033,400,,,mg/kg,Mass fraction,0.03999999910593033,400
78-40-0,"Phosphoric acid, triethyl ester;Triethyl phosphate;triethyl_phosphate",,,,,,,,,,,,,,,,,,,,,,,,,,,,,,,,,,,,,,,,,,,,,,,,,,,,,,,,,,,,,,,,,,,,,,,,,,,,,,,,,,,,,,,,,,,,,,,,,,,,,,,,,,,,,,,,,,,,,,,,,,,,,,,,Ecotoxicological Information#Terrestrial Toxicity,ECOTOX,,"Phytotoxicity of a Chemical Weapon Simulant, Triethyl Phosphate",,,True,Data in range,Equal,J. Environ. Qual.23(4): 701-705,,,,,,,,,,,,,,,,,,Solanum lycopersicum var. lycopersicum,,,,,,,,,,,,,,,,,,,,,,,,,,,,,,,,,,"Sikora,F.J., S.S. Harper, and P.M. Giordano",,,,,,,Growth,44464,1220032,Formulation,,Biomass,11/11/1999,T,09/14/2012,1994,,,,,,,,,,GM* - PTOX Unspecified,,,,,07/20/2012,Lab,,,,,,Whole organism,,Seedling,,,,intact plant,,APPSITE/root/,,,,,,,,,,,,40,d,Time,,,,,40,d,Time,,,,,,,,,,,,,,,,,,,,,,,,,,,,,,,,,,,,,,,,,,Liquid,,,,,,,,,,none,Dry,,,,,,,,,,,,,,,,,,,,,,,,,,,,,,,,,,,,,,,,,,,,,,,,,,,,,,,,,,,,,,,,,,,,40,d,Time,,,,mg/kg,Mass fraction,0.029999999329447746,330,,,mg/kg,Mass fraction,0.029999999329447746,330
78-40-0,"Phosphoric acid, triethyl ester;Triethyl phosphate;triethyl_phosphate",,,,,,,,,,,,,,,,,,,,,,,,,,,,,,,,,,,,,,,,,,,,,,,,,,,,,,,,,,,,,,,,,,,,,,,,,,,,,,,,,,,,,,,,,,,,,,,,,,,,,,,,,,,,,,,,,,,,,,,,,,,,,,,,Ecotoxicological Information#Terrestrial Toxicity,ECOTOX,,"Phytotoxicity of a Chemical Weapon Simulant, Triethyl Phosphate",,,True,No qualifier,Equal,J. Environ. Qual.23(4): 701-705,,,,,,,,,,,,,,,,,,Solanum lycopersicum var. lycopersicum,,,,,,,,,,,,,,,,,,,,,,,,,,,,,,,,,,"Sikora,F.J., S.S. Harper, and P.M. Giordano",,,,,,,Growth,44461,1220029,Formulation,,Biomass,11/11/1999,T,09/14/2012,1994,,,,,,,,,,Spray,,,,,07/20/2012,Lab,,,,,,Whole organism,,Seedling,,,,intact plant,,APPSITE/entire plant/,,,,,,,,,,,,40,d,Time,,,,,40,d,Time,,,,,,,,,,,,,,,,,,,,,,,,,,,,,,,,,,,,,,,,,,Liquid,,,,,,,,,,gel thickener,Dry,,,,,,,,,,,,,,,,,,,,,,,,,,,,,,,,,,,,,,,,,,,,,,,,,,,,,,,,,,,,,,,,,,,,40,d,Time,,40000,,mg/m2,Unknown,,,40000,,mg/m2,Unknown,,
78-40-0,"Phosphoric acid, triethyl ester;Triethyl phosphate;triethyl_phosphate",,,,,,,,,,,,,,,,,,,,,,,,,,,,,,,,,,,,,,,,,,,,,,,,,,,,,,,,,,,,,,,,,,,,,,,,,,,,,,,,,,,,,,,,,,,,,,,,,,,,,,,,,,,,,,,,,,,,,,,,,,,,,,,,Ecotoxicological Information#Terrestrial Toxicity,ECOTOX,,"Phytotoxicity of a Chemical Weapon Simulant, Triethyl Phosphate",,,True,Data in range,Equal,J. Environ. Qual.23(4): 701-705,,,,,,,,,,,,,,,,,,Ligustrum lucidum,Plantae (plants),Viridiplantae (green plants),,,,Magnoliopsida,Asteranae,Lamiales,,Oleaceae (olives),Ligustrum (privet),Streptophyta (land plants),,,,,,,,,,,,,,,,,,,,,,"Sikora,F.J., S.S. Harper, and P.M. Giordano",,,,,,,Growth,44483,1220057,Formulation,,Biomass,11/11/1999,T,09/14/2012,1994,,,,,,,,,,GM* - PTOX Unspecified,,,,,07/20/2012,Lab,,,,,,Whole organism,,,,,,intact plant,,APPSITE/root/,,,,,,,,,,,,81,d,Time,,,,,81,d,Time,,,,,,,,,,,,,,,,,,,,,,,,,,,,,,,,,,,,,,,,,,Liquid,,,,,,,Embryophyta,"Tracheophyta (vascular plants,tracheophytes)","Spermatophytina (spermatophytes,seed plants)",none,Dry,,,,,,,,,,,,,,,,,,,,,,,,,,,,,,,,,,,,,,,,,,,,,,,,,,,,,,,,,,,,,,,,,,,,81,d,Time,,,,mg/m2,Unknown,4,40000,,,mg/m2,Unknown,4,40000
78-40-0,"Phosphoric acid, triethyl ester;Triethyl phosphate;triethyl_phosphate",,,,,,,,,,,,,,,,,,,,,,,,,,,,,,,,,,,,,,,,,,,,,,,,,,,,,,,,,,,,,,,,,,,,,,,,,,,,,,,,,,,,,,,,,,,,,,,,,,,,,,,,,,,,,,,,,,,,,,,,,,,,,,,,Ecotoxicological Information#Terrestrial Toxicity,ECOTOX,,"Phytotoxicity of a Chemical Weapon Simulant, Triethyl Phosphate",,,True,Data in range,Equal,J. Environ. Qual.23(4): 701-705,,,,,,,,,,,,,,,,,,Ligustrum lucidum,Plantae (plants),Viridiplantae (green plants),,,,Magnoliopsida,Asteranae,Lamiales,,Oleaceae (olives),Ligustrum (privet),Streptophyta (land plants),,,,,,,,,,,,,,,,,,,,,,"Sikora,F.J., S.S. Harper, and P.M. Giordano",,,,,,,Growth,44485,1220059,Formulation,,Biomass,11/11/1999,T,09/14/2012,1994,,,,,,,,,,GM* - PTOX Unspecified,,,,,07/20/2012,Lab,,,,,,Whole organism,,,,,,intact plant,,APPSITE/root/,,,,,,,,,,,,81,d,Time,,,,,81,d,Time,,,,,,,,,,,,,,,,,,,,,,,,,,,,,,,,,,,,,,,,,,Liquid,,,,,,,Embryophyta,"Tracheophyta (vascular plants,tracheophytes)","Spermatophytina (spermatophytes,seed plants)",none,Dry,,,,,,,,,,,,,,,,,,,,,,,,,,,,,,,,,,,,,,,,,,,,,,,,,,,,,,,,,,,,,,,,,,,,81,d,Time,,,,mg/m2,Unknown,4,40000,,,mg/m2,Unknown,4,40000
78-40-0,"Phosphoric acid, triethyl ester;Triethyl phosphate;triethyl_phosphate",,,,,,,,,,,,,,,,,,,,,,,,,,,,,,,,,,,,,,,,,,,,,,,,,,,,,,,,,,,,,,,,,,,,,,,,,,,,,,,,,,,,,,,,,,,,,,,,,,,,,,,,,,,,,,,,,,,,,,,,,,,,,,,,Ecotoxicological Information#Terrestrial Toxicity,ECOTOX,,"Phytotoxicity of a Chemical Weapon Simulant, Triethyl Phosphate",,,True,Data in range,Equal,J. Environ. Qual.23(4): 701-705,,,,,,,,,,,,,,,,,,Ligustrum lucidum,Plantae (plants),Viridiplantae (green plants),,,,Magnoliopsida,Asteranae,Lamiales,,Oleaceae (olives),Ligustrum (privet),Streptophyta (land plants),,,,,,,,,,,,,,,,,,,,,,"Sikora,F.J., S.S. Harper, and P.M. Giordano",,,,,,,Growth,44481,1220055,Formulation,,Biomass,11/11/1999,T,09/14/2012,1994,,,,,,,,,,Spray,,,,,07/20/2012,Lab,,,,,,Whole organism,,,,,,intact plant,,APPSITE/entire plant/,,,,,,,,,,,,81,d,Time,,,,,81,d,Time,,,,,,,,,,,,,,,,,,,,,,,,,,,,,,,,,,,,,,,,,,Liquid,,,,,,,Embryophyta,"Tracheophyta (vascular plants,tracheophytes)","Spermatophytina (spermatophytes,seed plants)",none,Dry,,,,,,,,,,,,,,,,,,,,,,,,,,,,,,,,,,,,,,,,,,,,,,,,,,,,,,,,,,,,,,,,,,,,81,d,Time,,,,mg/m2,Unknown,4,40000,,,mg/m2,Unknown,4,40000
78-40-0,"Phosphoric acid, triethyl ester;Triethyl phosphate;triethyl_phosphate",,,,,,,,,,,,,,,,,,,,,,,,,,,,,,,,,,,,,,,,,,,,,,,,,,,,,,,,,,,,,,,,,,,,,,,,,,,,,,,,,,,,,,,,,,,,,,,,,,,,,,,,,,,,,,,,,,,,,,,,,,,,,,,,Ecotoxicological Information#Terrestrial Toxicity,ECOTOX,,"Phytotoxicity of a Chemical Weapon Simulant, Triethyl Phosphate",,,True,No qualifier,Equal,J. Environ. Qual.23(4): 701-705,,,,,,,,,,,,,,,,,,Ligustrum lucidum,Plantae (plants),Viridiplantae (green plants),,,,Magnoliopsida,Asteranae,Lamiales,,Oleaceae (olives),Ligustrum (privet),Streptophyta (land plants),,,,,,,,,,,,,,,,,,,,,,"Sikora,F.J., S.S. Harper, and P.M. Giordano",,,,,,,Growth,44480,1220054,Formulation,,Biomass,11/11/1999,T,09/14/2012,1994,,,,,,,,,,Spray,,,,,07/20/2012,Lab,,,,,,Whole organism,,,,,,intact plant,,APPSITE/entire plant/,,,,,,,,,,,,81,d,Time,,,,,81,d,Time,,,,,,,,,,,,,,,,,,,,,,,,,,,,,,,,,,,,,,,,,,Liquid,,,,,,,Embryophyta,"Tracheophyta (vascular plants,tracheophytes)","Spermatophytina (spermatophytes,seed plants)",gel thickener,Dry,,,,,,,,,,,,,,,,,,,,,,,,,,,,,,,,,,,,,,,,,,,,,,,,,,,,,,,,,,,,,,,,,,,,81,d,Time,,40000,,mg/m2,Unknown,,,40000,,mg/m2,Unknown,,
78-40-0,"Phosphoric acid, triethyl ester;Triethyl phosphate;triethyl_phosphate",,,,,,,,,,,,,,,,,,,,,,,,,,,,,,,,,,,,,,,,,,,,,,,,,,,,,,,,,,,,,,,,,,,,,,,,,,,,,,,,,,,,,,,,,,,,,,,,,,,,,,,,,,,,,,,,,,,,,,,,,,,,,,,,Ecotoxicological Information#Terrestrial Toxicity,ECOTOX,,"Phytotoxicity of a Chemical Weapon Simulant, Triethyl Phosphate",,,True,No qualifier,Equal,J. Environ. Qual.23(4): 701-705,,,,,,,,,,,,,,,,,,Ligustrum lucidum,Plantae (plants),Viridiplantae (green plants),,,,Magnoliopsida,Asteranae,Lamiales,,Oleaceae (olives),Ligustrum (privet),Streptophyta (land plants),,,,,,,,,,,,,,,,,,,,,,"Sikora,F.J., S.S. Harper, and P.M. Giordano",,,,,,,Growth,44482,1220056,Formulation,,Biomass,11/11/1999,T,09/14/2012,1994,,,,,,,,,,GM* - PTOX Unspecified,,,,,07/20/2012,Lab,,,,,,Whole organism,,,,,,intact plant,,APPSITE/root/,,,,,,,,,,,,81,d,Time,,,,,81,d,Time,,,,,,,,,,,,,,,,,,,,,,,,,,,,,,,,,,,,,,,,,,Liquid,,,,,,,Embryophyta,"Tracheophyta (vascular plants,tracheophytes)","Spermatophytina (spermatophytes,seed plants)",gel thickener,Dry,,,,,,,,,,,,,,,,,,,,,,,,,,,,,,,,,,,,,,,,,,,,,,,,,,,,,,,,,,,,,,,,,,,,81,d,Time,,40000,,mg/m2,Unknown,,,40000,,mg/m2,Unknown,,
78-40-0,"Phosphoric acid, triethyl ester;Triethyl phosphate;triethyl_phosphate",,,,,,,,,,,,,,,,,,,,,,,,,,,,,,,,,,,,,,,,,,,,,,,,,,,,,,,,,,,,,,,,,,,,,,,,,,,,,,,,,,,,,,,,,,,,,,,,,,,,,,,,,,,,,,,,,,,,,,,,,,,,,,,,Ecotoxicological Information#Terrestrial Toxicity,ECOTOX,,"Phytotoxicity of a Chemical Weapon Simulant, Triethyl Phosphate",,,True,No qualifier,Equal,J. Environ. Qual.23(4): 701-705,,,,,,,,,,,,,,,,,,Ligustrum lucidum,Plantae (plants),Viridiplantae (green plants),,,,Magnoliopsida,Asteranae,Lamiales,,Oleaceae (olives),Ligustrum (privet),Streptophyta (land plants),,,,,,,,,,,,,,,,,,,,,,"Sikora,F.J., S.S. Harper, and P.M. Giordano",,,,,,,Growth,44484,1220058,Formulation,,Biomass,11/11/1999,T,09/14/2012,1994,,,,,,,,,,GM* - PTOX Unspecified,,,,,07/20/2012,Lab,,,,,,Whole organism,,,,,,intact plant,,APPSITE/root/,,,,,,,,,,,,81,d,Time,,,,,81,d,Time,,,,,,,,,,,,,,,,,,,,,,,,,,,,,,,,,,,,,,,,,,Liquid,,,,,,,Embryophyta,"Tracheophyta (vascular plants,tracheophytes)","Spermatophytina (spermatophytes,seed plants)",gel thickener,Dry,,,,,,,,,,,,,,,,,,,,,,,,,,,,,,,,,,,,,,,,,,,,,,,,,,,,,,,,,,,,,,,,,,,,81,d,Time,,40000,,mg/m2,Unknown,,,40000,,mg/m2,Unknown,,
78-40-0,"Phosphoric acid, triethyl ester;Triethyl phosphate;triethyl_phosphate",,,,,,,,,,,,,,,,,,,,,,,,,,,,,,,,,,,,,,,,,,,,,,,,,,,,,,,,,,,,,,,,,,,,,,,,,,,,,,,,,,,,,,,,,,,,,,,,,,,,,,,,,,,,,,,,,,,,,,,,,,,,,,,,Ecotoxicological Information#Terrestrial Toxicity,ECOTOX,,"Phytotoxicity of a Chemical Weapon Simulant, Triethyl Phosphate",,,True,No qualifier,Equal,J. Environ. Qual.23(4): 701-705,,,,,,,,,,,,,,,,,,Sorghum bicolor,Plantae (plants),Viridiplantae (green plants),,,,Magnoliopsida,"Lilianae (monocots,monocotyledons)",Poales,,Poaceae,Sorghum,Streptophyta (land plants),,,,,,,,,,,,,,,,,,,,,,"Sikora,F.J., S.S. Harper, and P.M. Giordano",,,,,,,Physiology,44477,1220050,Formulation,,Wilt,11/11/1999,T,09/14/2012,1994,,,,,,,,,,GM* - PTOX Unspecified,,,,,07/20/2012,Lab,,,,,,Whole organism,,Seedling,,,,intact plant,,APPSITE/root/,,,,,,,,,,,,4,d,Time,,,,,4,d,Time,,,,,,,,,,,,,,,,,,,,,,,,,,,,,,,,,,,,,,,,,,Liquid,,,,,,,Embryophyta,"Tracheophyta (vascular plants,tracheophytes)","Spermatophytina (spermatophytes,seed plants)",none,,,,,,,,,,,,,,,,,,,,,,,,,,,,,,,,,,,,,,,,,,,,,,,,,,,,,,,,,,,,,,,,,,,,,4,d,Time,,330,,mg/kg,Mass fraction,,,330,,mg/kg,Mass fraction,,
78-40-0,"Phosphoric acid, triethyl ester;Triethyl phosphate;triethyl_phosphate",,,,,,,,,,,,,,,,,,,,,,,,,,,,,,,,,,,,,,,,,,,,,,,,,,,,,,,,,,,,,,,,,,,,,,,,,,,,,,,,,,,,,,,,,,,,,,,,,,,,,,,,,,,,,,,,,,,,,,,,,,,,,,,,Ecotoxicological Information#Terrestrial Toxicity,ECOTOX,,"Phytotoxicity of a Chemical Weapon Simulant, Triethyl Phosphate",,,True,No qualifier,Equal,J. Environ. Qual.23(4): 701-705,,,,,,,,,,,,,,,,,,Sorghum bicolor,Plantae (plants),Viridiplantae (green plants),,,,Magnoliopsida,"Lilianae (monocots,monocotyledons)",Poales,,Poaceae,Sorghum,Streptophyta (land plants),,,,,,,,,,,,,,,,,,,,,,"Sikora,F.J., S.S. Harper, and P.M. Giordano",,,,,,,Histology,44477,1220049,Formulation,,Necrosis,11/11/1999,T,09/14/2012,1994,,,,,,,,,,GM* - PTOX Unspecified,,,,,07/20/2012,Lab,,,,,,Whole organism,,Seedling,,,,intact plant,,APPSITE/root/,,,,,,,,,,,,4,d,Time,,,,,4,d,Time,,,,,,,,,,,,,,,,,,,,,,,,,,,,,,,,,,,,,,,,,,Liquid,,,,,,,Embryophyta,"Tracheophyta (vascular plants,tracheophytes)","Spermatophytina (spermatophytes,seed plants)",none,,,,,,,,,,,,,,,,,,,,,,,,,,,,,,,,,,,,,,,,,,,,,,,,,,,,,,,,,,,,,,,,,,,,,4,d,Time,,330,,mg/kg,Mass fraction,,,330,,mg/kg,Mass fraction,,
78-40-0,"Phosphoric acid, triethyl ester;Triethyl phosphate;triethyl_phosphate",,,,,,,,,,,,,,,,,,,,,,,,,,,,,,,,,,,,,,,,,,,,,,,,,,,,,,,,,,,,,,,,,,,,,,,,,,,,,,,,,,,,,,,,,,,,,,,,,,,,,,,,,,,,,,,,,,,,,,,,,,,,,,,,Ecotoxicological Information#Terrestrial Toxicity,ECOTOX,,"Phytotoxicity of a Chemical Weapon Simulant, Triethyl Phosphate",,,True,No qualifier,Equal,J. Environ. Qual.23(4): 701-705,,,,,,,,,,,,,,,,,,Solanum lycopersicum var. lycopersicum,,,,,,,,,,,,,,,,,,,,,,,,,,,,,,,,,,"Sikora,F.J., S.S. Harper, and P.M. Giordano",,,,,,,Physiology,44467,1220036,Formulation,,Wilt,11/11/1999,T,09/14/2012,1994,,,,,,,,,,GM* - PTOX Unspecified,,,,,07/20/2012,Lab,,,,,,Whole organism,,Seedling,,,,intact plant,,APPSITE/root/,,,,,,,,,,,,4,d,Time,,,,,4,d,Time,,,,,,,,,,,,,,,,,,,,,,,,,,,,,,,,,,,,,,,,,,Liquid,,,,,,,,,,none,,,,,,,,,,,,,,,,,,,,,,,,,,,,,,,,,,,,,,,,,,,,,,,,,,,,,,,,,,,,,,,,,,,,,4,d,Time,,330,,mg/kg,Mass fraction,,,330,,mg/kg,Mass fraction,,
78-40-0,"Phosphoric acid, triethyl ester;Triethyl phosphate;triethyl_phosphate",,,,,,,,,,,,,,,,,,,,,,,,,,,,,,,,,,,,,,,,,,,,,,,,,,,,,,,,,,,,,,,,,,,,,,,,,,,,,,,,,,,,,,,,,,,,,,,,,,,,,,,,,,,,,,,,,,,,,,,,,,,,,,,,Ecotoxicological Information#Terrestrial Toxicity,ECOTOX,,"Phytotoxicity of a Chemical Weapon Simulant, Triethyl Phosphate",,,True,No qualifier,Equal,J. Environ. Qual.23(4): 701-705,,,,,,,,,,,,,,,,,,Solanum lycopersicum var. lycopersicum,,,,,,,,,,,,,,,,,,,,,,,,,,,,,,,,,,"Sikora,F.J., S.S. Harper, and P.M. Giordano",,,,,,,Histology,44467,1220035,Formulation,,Necrosis,11/11/1999,T,09/14/2012,1994,,,,,,,,,,GM* - PTOX Unspecified,,,,,07/20/2012,Lab,,,,,,Whole organism,,Seedling,,,,intact plant,,APPSITE/root/,,,,,,,,,,,,4,d,Time,,,,,4,d,Time,,,,,,,,,,,,,,,,,,,,,,,,,,,,,,,,,,,,,,,,,,Liquid,,,,,,,,,,none,,,,,,,,,,,,,,,,,,,,,,,,,,,,,,,,,,,,,,,,,,,,,,,,,,,,,,,,,,,,,,,,,,,,,4,d,Time,,330,,mg/kg,Mass fraction,,,330,,mg/kg,Mass fraction,,
78-40-0,"Phosphoric acid, triethyl ester;Triethyl phosphate;triethyl_phosphate",,,,,,,,,,,,,,,,,,,,,,,,,,,,,,,,,,,,,,,,,,,,,,,,,,,,,,,,,,,,,,,,,,,,,,,,,,,,,,,,,,,,,,,,,,,,,,,,,,,,,,,,,,,,,,,,,,,,,,,,,,,,,,,,Human Health Hazards#Acute Toxicity,Acute Oral toxicity DB,2012,,LD50,,False,No qualifier,Equal,http://chem.sis.nlm.nih.gov/chemidplus/rn/78-40-0,,,,,,,,in Vivo,,,,,,,,,,Rat,,,,,,,,,,,,,,,,,,,,,,,,,,,,,,,,,,,,,,,,,,,,,,,,,,,,,,,,,,,,,,,,,,,,,,,,,,,,,,,,,,,,,,,,,,,,,,,,,,,,,,,,,,,,,,,,,,,,,,,,,,,,,,,,,,,,,,,,,,,,,,,,,,,,,,,,,,,,Oral (Gavage),,,,,,,,,,,,,,,,,,,,,,,,,,,,,,,,,,,,,,,,,,,,,,,,,,,,,,,,,,,,,,,,,,24,h,Time,,1165.271246698266,,mg/kg,Mass fraction,,,0.006397348362952471,,mol/kg,Molality,,
78-40-0,"Phosphoric acid, triethyl ester;Triethyl phosphate;triethyl_phosphate",,,,,,,,,,,,,,,,,,,,,,,,,,,,,,,,,,,,,,,,,,,,,,,,,,,,,,,,,,,,,,,,,,,,,,,,,,,,,,,,,,,,,,,,,,,,,,,,,,,,,,,,,,,,,,,,,,,,,,,,,,,,,,,,Human Health Hazards#Genetic Toxicity,Genotoxicity OASIS,,,Gene mutation,OECD Guideline 471 (Bacterial Reverse Mutation Assay),False,Categorical data,Equal,"Watanabe, K., Sakamoto, K., Sasaki. T., Comparisons on chemically-induced mutagenicity among four bacterial strains, Salmonella typhimurium TA102 and TA2638, and Escherichia coli WP2/pKM101 and WP2 uvrA/pKM101: collaborative study I. Mutat. Res., 1996, 361(2-3), 143-55.",,,,,,,31012,in Vitro,,,,Bacterial Reverse Mutation Assay (e.g. Ames Test),,,,,,E. coli WP2 uvrA,,,,,,,,,,,,,,,,,,,,,,,,,,,,,,,,,,"Watanabe, K., Sakamoto, K., Sasaki. T.",,,,,,,,,,,,,,,,,,,,,,,,,,,,,,,,,,,,,,,,,,,,,,,,,,,,,,,,,,,,,,,,,,,,,,,,,,,,,,,,,,,,,,,,,,,,,,,,,,,,,,,,,,,,,,,,,,,,,,,,,E. Coli WP2 UvrA,,With S9,Gene Mutation,,,,,,,,,,,,,,,,,,,,,,,,,,,,,,,,,,,,,,,,,,,,,,,,,,,,,,,,,,,,,,,,,,,,Negative,,,Gene mutation I,,,Negative,,,Gene mutation I,,
78-40-0,"Phosphoric acid, triethyl ester;Triethyl phosphate;triethyl_phosphate",,,,,,,,,,,,,,,,,,,,,,,,,,,,,,,,,,,,,,,,,,,,,,,,,,,,,,,,,,,,,,,,,,,,,,,,,,,,,,,,,,,,,,,,,,,,,,,,,,,,,,,,,,,,,,,,,,,,,,,,,,,,,,,,Human Health Hazards#Genetic Toxicity,Genotoxicity OASIS,,,Gene mutation,OECD Guideline 471 (Bacterial Reverse Mutation Assay),False,Categorical data,Equal,"Watanabe, K., Sakamoto, K., Sasaki. T., Comparisons on chemically-induced mutagenicity among four bacterial strains, Salmonella typhimurium TA102 and TA2638, and Escherichia coli WP2/pKM101 and WP2 uvrA/pKM101: collaborative study I. Mutat. Res., 1996, 361(2-3), 143-55.",,,,,,,31011,in Vitro,,,,Bacterial Reverse Mutation Assay (e.g. Ames Test),,,,,,E. coli WP2 uvrA,,,,,,,,,,,,,,,,,,,,,,,,,,,,,,,,,,"Watanabe, K., Sakamoto, K., Sasaki. T.",,,,,,,,,,,,,,,,,,,,,,,,,,,,,,,,,,,,,,,,,,,,,,,,,,,,,,,,,,,,,,,,,,,,,,,,,,,,,,,,,,,,,,,,,,,,,,,,,,,,,,,,,,,,,,,,,,,,,,,,,E. Coli WP2 UvrA,,Without S9,Gene Mutation,,,,,,,,,,,,,,,,,,,,,,,,,,,,,,,,,,,,,,,,,,,,,,,,,,,,,,,,,,,,,,,,,,,,Negative,,,Gene mutation I,,,Negative,,,Gene mutation I,,
78-40-0,"Phosphoric acid, triethyl ester;Triethyl phosphate;triethyl_phosphate",,,,,,,,,,,,,,,,,,,,,,,,,,,,,,,,,,,,,,,,,,,,,,,,,,,,,,,,,,,,,,,,,,,,,,,,,,,,,,,,,,,,,,,,,,,,,,,,,,,,,,,,,,,,,,,,,,,,,,,,,,,,,,,,Human Health Hazards#Genetic Toxicity,Genotoxicity OASIS,,,Gene mutation,,False,Categorical data,Equal,"Journal of Medicinal Chemistry 48 (1), pp. 312-32, 25",,,,,,,3533,in Vitro,,,,Bacterial Reverse Mutation Assay (e.g. Ames Test),,,,,,Salmonella typhimurium,,,,,,,,,,,,,,,,,,,,,,,,,,,,,,,,,,"Kazius J, McGuire R., Bursi R",,,,,,,,,,,,,,,,,,,,,,,,,,,,,,,,,,,,,,,,,,,,,,,,,,,,,,,,,,,,,,,,,,,,,,,,,,,,,,,,,,,,,,,,,,,,,,,,,,,,,,,,,,,,,,,,,,,,,,,,,No Strain Information,,No S9 Info,Gene Mutation,,,,,,,,,,,,,,,,,,,,,,,,,,,,,,,,,,,,,,,,,,,,,,,,,,,,,,,,,,,,,,,,,,,,Negative,,,Gene mutation I,,,Negative,,,Gene mutation I,,
78-40-0,"Phosphoric acid, triethyl ester;Triethyl phosphate;triethyl_phosphate",,,,,,,,,,,,,,,,,,,,,,,,,,,,,,,,,,,,,,,,,,,,,,,,,,,,,,,,,,,,,,,,,,,,,,,,,,,,,,,,,,,,,,,,,,,,,,,,,,,,,,,,,,,,,,,,,,,,,,,,,,,,,,,,Human Health Hazards#Genetic Toxicity,Genotoxicity OASIS,,,Gene mutation,,False,Categorical data,Equal,,,,,,,,3530,in Vitro,,,,Bacterial Reverse Mutation Assay (e.g. Ames Test),,,,,,Salmonella typhimurium,,,,,,,,,,,,,,,,,,,,,,,,,,,,,,,,,,P&G,,,,,,,,,,,,,,,,,,,,,,,,,,,,,,,,,,,,,,,,,,,,,,,,,,,,,,,,,,,,,,,,,,,,,,,,,,,,,,,,,,,,,,,,,,,,,,,,,,,,,,,,,,,,,,,,,,,,,,,,,TA 100,,With S9,Gene Mutation,rat,,,,,,,,,,,,,,,,,,,,,,,,,,,,,,,,,,,,,,,,,,,,,,,,,,,,,,,,,,,,,,,,,,,Negative,,,Gene mutation I,,,Negative,,,Gene mutation I,,
78-40-0,"Phosphoric acid, triethyl ester;Triethyl phosphate;triethyl_phosphate",,,,,,,,,,,,,,,,,,,,,,,,,,,,,,,,,,,,,,,,,,,,,,,,,,,,,,,,,,,,,,,,,,,,,,,,,,,,,,,,,,,,,,,,,,,,,,,,,,,,,,,,,,,,,,,,,,,,,,,,,,,,,,,,Human Health Hazards#Genetic Toxicity,Bacterial mutagenicity ISSSTY,02.5.2011,,Gene mutation,,False,Categorical data,Equal,"CCRIS database,Toxnet databases",,,,,,,2722,in Vitro,,,,Bacterial Reverse Mutation Assay (e.g. Ames Test),,,,,,Salmonella typhimurium,,,,,,,,,,,,,,,,,,,,,,,,,,,,,,,,,,Romualdo Benigni,,,,,,,,,,,,,,,,,,,,,,,,,,,,,,,,,,,,,,,,,,,,,,,,,,,,,,,,,,,,,,,,,,,,,,,,,,,,,,,,,,,,,,,,,,,,,,,,,,,,,,,,,,,,,,,,,,,,,,,,,TA 100,,With S9,Gene Mutation,,Negative,1417,,,,,,,,,,,,,,,,,,,,,,,,,,,,,,,,,,,,,,,,,,,,,,,,,,,,,,,,,,,,,,,,,Negative,,,Gene mutation I,,,Negative,,,Gene mutation I,,
78-40-0,"Phosphoric acid, triethyl ester;Triethyl phosphate;triethyl_phosphate",,,,,,,,,,,,,,,,,,,,,,,,,,,,,,,,,,,,,,,,,,,,,,,,,,,,,,,,,,,,,,,,,,,,,,,,,,,,,,,,,,,,,,,,,,,,,,,,,,,,,,,,,,,,,,,,,,,,,,,,,,,,,,,,Human Health Hazards#Genetic Toxicity,Genotoxicity OASIS,,,Gene mutation,OECD Guideline 471 (Bacterial Reverse Mutation Assay),False,Categorical data,Equal,"Watanabe, K., Sakamoto, K., Sasaki. T., Comparisons on chemically-induced mutagenicity among four bacterial strains, Salmonella typhimurium TA102 and TA2638, and Escherichia coli WP2/pKM101 and WP2 uvrA/pKM101: collaborative study I. Mutat. Res., 1996, 361(2-3), 143-55.",,,,,,,31010,in Vitro,,,,Bacterial Reverse Mutation Assay (e.g. Ames Test),,,,,,Salmonella typhimurium,,,,,,,,,,,,,,,,,,,,,,,,,,,,,,,,,,"Watanabe, K., Sakamoto, K., Sasaki. T.",,,,,,,,,,,,,,,,,,,,,,,,,,,,,,,,,,,,,,,,,,,,,,,,,,,,,,,,,,,,,,,,,,,,,,,,,,,,,,,,,,,,,,,,,,,,,,,,,,,,,,,,,,,,,,,,,,,,,,,,,TA 102,,With S9,Gene Mutation,,,,,,,,,,,,,,,,,,,,,,,,,,,,,,,,,,,,,,,,,,,,,,,,,,,,,,,,,,,,,,,,,,,,Negative,,,Gene mutation I,,,Negative,,,Gene mutation I,,
78-40-0,"Phosphoric acid, triethyl ester;Triethyl phosphate;triethyl_phosphate",,,,,,,,,,,,,,,,,,,,,,,,,,,,,,,,,,,,,,,,,,,,,,,,,,,,,,,,,,,,,,,,,,,,,,,,,,,,,,,,,,,,,,,,,,,,,,,,,,,,,,,,,,,,,,,,,,,,,,,,,,,,,,,,Human Health Hazards#Genetic Toxicity,Genotoxicity OASIS,,,Gene mutation,,False,Categorical data,Equal,,,,,,,,3531,in Vitro,,,,Bacterial Reverse Mutation Assay (e.g. Ames Test),,,,,,Salmonella typhimurium,,,,,,,,,,,,,,,,,,,,,,,,,,,,,,,,,,P&G,,,,,,,,,,,,,,,,,,,,,,,,,,,,,,,,,,,,,,,,,,,,,,,,,,,,,,,,,,,,,,,,,,,,,,,,,,,,,,,,,,,,,,,,,,,,,,,,,,,,,,,,,,,,,,,,,,,,,,,,,TA 1535,,With S9,Gene Mutation,rat,,,,,,,,,,,,,,,,,,,,,,,,,,,,,,,,,,,,,,,,,,,,,,,,,,,,,,,,,,,,,,,,,,,Negative,,,Gene mutation I,,,Negative,,,Gene mutation I,,
78-40-0,"Phosphoric acid, triethyl ester;Triethyl phosphate;triethyl_phosphate",,,,,,,,,,,,,,,,,,,,,,,,,,,,,,,,,,,,,,,,,,,,,,,,,,,,,,,,,,,,,,,,,,,,,,,,,,,,,,,,,,,,,,,,,,,,,,,,,,,,,,,,,,,,,,,,,,,,,,,,,,,,,,,,Human Health Hazards#Genetic Toxicity,Bacterial mutagenicity ISSSTY,02.5.2011,,Gene mutation,,False,Categorical data,Equal,"CCRIS database,Toxnet databases",,,,,,,2723,in Vitro,,,,Bacterial Reverse Mutation Assay (e.g. Ames Test),,,,,,Salmonella typhimurium,,,,,,,,,,,,,,,,,,,,,,,,,,,,,,,,,,Romualdo Benigni,,,,,,,,,,,,,,,,,,,,,,,,,,,,,,,,,,,,,,,,,,,,,,,,,,,,,,,,,,,,,,,,,,,,,,,,,,,,,,,,,,,,,,,,,,,,,,,,,,,,,,,,,,,,,,,,,,,,,,,,,TA 1535,,With S9,Gene Mutation,,Negative,1417,,,,,,,,,,,,,,,,,,,,,,,,,,,,,,,,,,,,,,,,,,,,,,,,,,,,,,,,,,,,,,,,,Negative,,,Gene mutation I,,,Negative,,,Gene mutation I,,
78-40-0,"Phosphoric acid, triethyl ester;Triethyl phosphate;triethyl_phosphate",,,,,,,,,,,,,,,,,,,,,,,,,,,,,,,,,,,,,,,,,,,,,,,,,,,,,,,,,,,,,,,,,,,,,,,,,,,,,,,,,,,,,,,,,,,,,,,,,,,,,,,,,,,,,,,,,,,,,,,,,,,,,,,,Human Health Hazards#Genetic Toxicity,Genotoxicity OASIS,,,Gene mutation,,False,Categorical data,Equal,,,,,,,,3532,in Vitro,,,,Bacterial Reverse Mutation Assay (e.g. Ames Test),,,,,,Salmonella typhimurium,,,,,,,,,,,,,,,,,,,,,,,,,,,,,,,,,,P&G,,,,,,,,,,,,,,,,,,,,,,,,,,,,,,,,,,,,,,,,,,,,,,,,,,,,,,,,,,,,,,,,,,,,,,,,,,,,,,,,,,,,,,,,,,,,,,,,,,,,,,,,,,,,,,,,,,,,,,,,,TA 1537,,With S9,Gene Mutation,rat,,,,,,,,,,,,,,,,,,,,,,,,,,,,,,,,,,,,,,,,,,,,,,,,,,,,,,,,,,,,,,,,,,,Negative,,,Gene mutation I,,,Negative,,,Gene mutation I,,
78-40-0,"Phosphoric acid, triethyl ester;Triethyl phosphate;triethyl_phosphate",,,,,,,,,,,,,,,,,,,,,,,,,,,,,,,,,,,,,,,,,,,,,,,,,,,,,,,,,,,,,,,,,,,,,,,,,,,,,,,,,,,,,,,,,,,,,,,,,,,,,,,,,,,,,,,,,,,,,,,,,,,,,,,,Human Health Hazards#Genetic Toxicity,Bacterial mutagenicity ISSSTY,02.5.2011,,Gene mutation,,False,Categorical data,Equal,"CCRIS database,Toxnet databases",,,,,,,2724,in Vitro,,,,Bacterial Reverse Mutation Assay (e.g. Ames Test),,,,,,Salmonella typhimurium,,,,,,,,,,,,,,,,,,,,,,,,,,,,,,,,,,Romualdo Benigni,,,,,,,,,,,,,,,,,,,,,,,,,,,,,,,,,,,,,,,,,,,,,,,,,,,,,,,,,,,,,,,,,,,,,,,,,,,,,,,,,,,,,,,,,,,,,,,,,,,,,,,,,,,,,,,,,,,,,,,,,TA 1537,,With S9,Gene Mutation,,Negative,1417,,,,,,,,,,,,,,,,,,,,,,,,,,,,,,,,,,,,,,,,,,,,,,,,,,,,,,,,,,,,,,,,,Negative,,,Gene mutation I,,,Negative,,,Gene mutation I,,
78-40-0,"Phosphoric acid, triethyl ester;Triethyl phosphate;triethyl_phosphate",,,,,,,,,,,,,,,,,,,,,,,,,,,,,,,,,,,,,,,,,,,,,,,,,,,,,,,,,,,,,,,,,,,,,,,,,,,,,,,,,,,,,,,,,,,,,,,,,,,,,,,,,,,,,,,,,,,,,,,,,,,,,,,,Human Health Hazards#Genetic Toxicity,Genotoxicity OASIS,,,Gene mutation,,False,Categorical data,Equal,,,,,,,,3534,in Vitro,,,,Bacterial Reverse Mutation Assay (e.g. Ames Test),,,,,,Salmonella typhimurium,,,,,,,,,,,,,,,,,,,,,,,,,,,,,,,,,,P&G,,,,,,,,,,,,,,,,,,,,,,,,,,,,,,,,,,,,,,,,,,,,,,,,,,,,,,,,,,,,,,,,,,,,,,,,,,,,,,,,,,,,,,,,,,,,,,,,,,,,,,,,,,,,,,,,,,,,,,,,,TA 1538,,With S9,Gene Mutation,rat,,,,,,,,,,,,,,,,,,,,,,,,,,,,,,,,,,,,,,,,,,,,,,,,,,,,,,,,,,,,,,,,,,,Negative,,,Gene mutation I,,,Negative,,,Gene mutation I,,
78-40-0,"Phosphoric acid, triethyl ester;Triethyl phosphate;triethyl_phosphate",,,,,,,,,,,,,,,,,,,,,,,,,,,,,,,,,,,,,,,,,,,,,,,,,,,,,,,,,,,,,,,,,,,,,,,,,,,,,,,,,,,,,,,,,,,,,,,,,,,,,,,,,,,,,,,,,,,,,,,,,,,,,,,,Human Health Hazards#Genetic Toxicity,Genotoxicity OASIS,,,Gene mutation,,False,Categorical data,Equal,,,,,,,,3541,in Vitro,,,,Bacterial Reverse Mutation Assay (e.g. Ames Test),,,,,,Salmonella typhimurium,,,,,,,,,,,,,,,,,,,,,,,,,,,,,,,,,,P&G,,,,,,,,,,,,,,,,,,,,,,,,,,,,,,,,,,,,,,,,,,,,,,,,,,,,,,,,,,,,,,,,,,,,,,,,,,,,,,,,,,,,,,,,,,,,,,,,,,,,,,,,,,,,,,,,,,,,,,,,,TA 97,,With S9,Gene Mutation,rat,,,,,,,,,,,,,,,,,,,,,,,,,,,,,,,,,,,,,,,,,,,,,,,,,,,,,,,,,,,,,,,,,,,Negative,,,Gene mutation I,,,Negative,,,Gene mutation I,,
78-40-0,"Phosphoric acid, triethyl ester;Triethyl phosphate;triethyl_phosphate",,,,,,,,,,,,,,,,,,,,,,,,,,,,,,,,,,,,,,,,,,,,,,,,,,,,,,,,,,,,,,,,,,,,,,,,,,,,,,,,,,,,,,,,,,,,,,,,,,,,,,,,,,,,,,,,,,,,,,,,,,,,,,,,Human Health Hazards#Genetic Toxicity,Genotoxicity OASIS,,,Gene mutation,,False,Categorical data,Equal,,,,,,,,3529,in Vitro,,,,Bacterial Reverse Mutation Assay (e.g. Ames Test),,,,,,Salmonella typhimurium,,,,,,,,,,,,,,,,,,,,,,,,,,,,,,,,,,P&G,,,,,,,,,,,,,,,,,,,,,,,,,,,,,,,,,,,,,,,,,,,,,,,,,,,,,,,,,,,,,,,,,,,,,,,,,,,,,,,,,,,,,,,,,,,,,,,,,,,,,,,,,,,,,,,,,,,,,,,,,TA 98,,With S9,Gene Mutation,rat,,,,,,,,,,,,,,,,,,,,,,,,,,,,,,,,,,,,,,,,,,,,,,,,,,,,,,,,,,,,,,,,,,,Negative,,,Gene mutation I,,,Negative,,,Gene mutation I,,
78-40-0,"Phosphoric acid, triethyl ester;Triethyl phosphate;triethyl_phosphate",,,,,,,,,,,,,,,,,,,,,,,,,,,,,,,,,,,,,,,,,,,,,,,,,,,,,,,,,,,,,,,,,,,,,,,,,,,,,,,,,,,,,,,,,,,,,,,,,,,,,,,,,,,,,,,,,,,,,,,,,,,,,,,,Human Health Hazards#Genetic Toxicity,Bacterial mutagenicity ISSSTY,02.5.2011,,Gene mutation,,False,Categorical data,Equal,"CCRIS database,Toxnet databases",,,,,,,2725,in Vitro,,,,Bacterial Reverse Mutation Assay (e.g. Ames Test),,,,,,Salmonella typhimurium,,,,,,,,,,,,,,,,,,,,,,,,,,,,,,,,,,Romualdo Benigni,,,,,,,,,,,,,,,,,,,,,,,,,,,,,,,,,,,,,,,,,,,,,,,,,,,,,,,,,,,,,,,,,,,,,,,,,,,,,,,,,,,,,,,,,,,,,,,,,,,,,,,,,,,,,,,,,,,,,,,,,TA 98,,With S9,Gene Mutation,,Negative,1417,,,,,,,,,,,,,,,,,,,,,,,,,,,,,,,,,,,,,,,,,,,,,,,,,,,,,,,,,,,,,,,,,Negative,,,Gene mutation I,,,Negative,,,Gene mutation I,,
78-40-0,"Phosphoric acid, triethyl ester;Triethyl phosphate;triethyl_phosphate",,,,,,,,,,,,,,,,,,,,,,,,,,,,,,,,,,,,,,,,,,,,,,,,,,,,,,,,,,,,,,,,,,,,,,,,,,,,,,,,,,,,,,,,,,,,,,,,,,,,,,,,,,,,,,,,,,,,,,,,,,,,,,,,Human Health Hazards#Genetic Toxicity,Genotoxicity OASIS,,,Gene mutation,,False,Categorical data,Equal,,,,,,,,3537,in Vitro,,,,Bacterial Reverse Mutation Assay (e.g. Ames Test),,,,,,Salmonella typhimurium,,,,,,,,,,,,,,,,,,,,,,,,,,,,,,,,,,P&G,,,,,,,,,,,,,,,,,,,,,,,,,,,,,,,,,,,,,,,,,,,,,,,,,,,,,,,,,,,,,,,,,,,,,,,,,,,,,,,,,,,,,,,,,,,,,,,,,,,,,,,,,,,,,,,,,,,,,,,,,TA 100,,Without S9,Gene Mutation,,,,,,,,,,,,,,,,,,,,,,,,,,,,,,,,,,,,,,,,,,,,,,,,,,,,,,,,,,,,,,,,,,,,Negative,,,Gene mutation I,,,Negative,,,Gene mutation I,,
78-40-0,"Phosphoric acid, triethyl ester;Triethyl phosphate;triethyl_phosphate",,,,,,,,,,,,,,,,,,,,,,,,,,,,,,,,,,,,,,,,,,,,,,,,,,,,,,,,,,,,,,,,,,,,,,,,,,,,,,,,,,,,,,,,,,,,,,,,,,,,,,,,,,,,,,,,,,,,,,,,,,,,,,,,Human Health Hazards#Genetic Toxicity,Bacterial mutagenicity ISSSTY,02.5.2011,,Gene mutation,,False,Categorical data,Equal,"CCRIS database,Toxnet databases",,,,,,,2726,in Vitro,,,,Bacterial Reverse Mutation Assay (e.g. Ames Test),,,,,,Salmonella typhimurium,,,,,,,,,,,,,,,,,,,,,,,,,,,,,,,,,,Romualdo Benigni,,,,,,,,,,,,,,,,,,,,,,,,,,,,,,,,,,,,,,,,,,,,,,,,,,,,,,,,,,,,,,,,,,,,,,,,,,,,,,,,,,,,,,,,,,,,,,,,,,,,,,,,,,,,,,,,,,,,,,,,,TA 100,,Without S9,Gene Mutation,,Negative,1417,,,,,,,,,,,,,,,,,,,,,,,,,,,,,,,,,,,,,,,,,,,,,,,,,,,,,,,,,,,,,,,,,Negative,,,Gene mutation I,,,Negative,,,Gene mutation I,,
78-40-0,"Phosphoric acid, triethyl ester;Triethyl phosphate;triethyl_phosphate",,,,,,,,,,,,,,,,,,,,,,,,,,,,,,,,,,,,,,,,,,,,,,,,,,,,,,,,,,,,,,,,,,,,,,,,,,,,,,,,,,,,,,,,,,,,,,,,,,,,,,,,,,,,,,,,,,,,,,,,,,,,,,,,Human Health Hazards#Genetic Toxicity,Genotoxicity OASIS,,,Gene mutation,OECD Guideline 471 (Bacterial Reverse Mutation Assay),False,Categorical data,Equal,"Watanabe, K., Sakamoto, K., Sasaki. T., Comparisons on chemically-induced mutagenicity among four bacterial strains, Salmonella typhimurium TA102 and TA2638, and Escherichia coli WP2/pKM101 and WP2 uvrA/pKM101: collaborative study I. Mutat. Res., 1996, 361(2-3), 143-55.",,,,,,,31009,in Vitro,,,,Bacterial Reverse Mutation Assay (e.g. Ames Test),,,,,,Salmonella typhimurium,,,,,,,,,,,,,,,,,,,,,,,,,,,,,,,,,,"Watanabe, K., Sakamoto, K., Sasaki. T.",,,,,,,,,,,,,,,,,,,,,,,,,,,,,,,,,,,,,,,,,,,,,,,,,,,,,,,,,,,,,,,,,,,,,,,,,,,,,,,,,,,,,,,,,,,,,,,,,,,,,,,,,,,,,,,,,,,,,,,,,TA 102,,Without S9,Gene Mutation,,,,,,,,,,,,,,,,,,,,,,,,,,,,,,,,,,,,,,,,,,,,,,,,,,,,,,,,,,,,,,,,,,,,Negative,,,Gene mutation I,,,Negative,,,Gene mutation I,,
78-40-0,"Phosphoric acid, triethyl ester;Triethyl phosphate;triethyl_phosphate",,,,,,,,,,,,,,,,,,,,,,,,,,,,,,,,,,,,,,,,,,,,,,,,,,,,,,,,,,,,,,,,,,,,,,,,,,,,,,,,,,,,,,,,,,,,,,,,,,,,,,,,,,,,,,,,,,,,,,,,,,,,,,,,Human Health Hazards#Genetic Toxicity,Bacterial mutagenicity ISSSTY,02.5.2011,,Gene mutation,,False,Categorical data,Equal,"CCRIS database,Toxnet databases",,,,,,,2727,in Vitro,,,,Bacterial Reverse Mutation Assay (e.g. Ames Test),,,,,,Salmonella typhimurium,,,,,,,,,,,,,,,,,,,,,,,,,,,,,,,,,,Romualdo Benigni,,,,,,,,,,,,,,,,,,,,,,,,,,,,,,,,,,,,,,,,,,,,,,,,,,,,,,,,,,,,,,,,,,,,,,,,,,,,,,,,,,,,,,,,,,,,,,,,,,,,,,,,,,,,,,,,,,,,,,,,,TA 102,,Without S9,Gene Mutation,,Negative,1417,,,,,,,,,,,,,,,,,,,,,,,,,,,,,,,,,,,,,,,,,,,,,,,,,,,,,,,,,,,,,,,,,Negative,,,Gene mutation I,,,Negative,,,Gene mutation I,,
78-40-0,"Phosphoric acid, triethyl ester;Triethyl phosphate;triethyl_phosphate",,,,,,,,,,,,,,,,,,,,,,,,,,,,,,,,,,,,,,,,,,,,,,,,,,,,,,,,,,,,,,,,,,,,,,,,,,,,,,,,,,,,,,,,,,,,,,,,,,,,,,,,,,,,,,,,,,,,,,,,,,,,,,,,Human Health Hazards#Genetic Toxicity,Genotoxicity OASIS,,,Gene mutation,,False,Categorical data,Equal,,,,,,,,3538,in Vitro,,,,Bacterial Reverse Mutation Assay (e.g. Ames Test),,,,,,Salmonella typhimurium,,,,,,,,,,,,,,,,,,,,,,,,,,,,,,,,,,P&G,,,,,,,,,,,,,,,,,,,,,,,,,,,,,,,,,,,,,,,,,,,,,,,,,,,,,,,,,,,,,,,,,,,,,,,,,,,,,,,,,,,,,,,,,,,,,,,,,,,,,,,,,,,,,,,,,,,,,,,,,TA 1535,,Without S9,Gene Mutation,,,,,,,,,,,,,,,,,,,,,,,,,,,,,,,,,,,,,,,,,,,,,,,,,,,,,,,,,,,,,,,,,,,,Negative,,,Gene mutation I,,,Negative,,,Gene mutation I,,
78-40-0,"Phosphoric acid, triethyl ester;Triethyl phosphate;triethyl_phosphate",,,,,,,,,,,,,,,,,,,,,,,,,,,,,,,,,,,,,,,,,,,,,,,,,,,,,,,,,,,,,,,,,,,,,,,,,,,,,,,,,,,,,,,,,,,,,,,,,,,,,,,,,,,,,,,,,,,,,,,,,,,,,,,,Human Health Hazards#Genetic Toxicity,Bacterial mutagenicity ISSSTY,02.5.2011,,Gene mutation,,False,Categorical data,Equal,"CCRIS database,Toxnet databases",,,,,,,2728,in Vitro,,,,Bacterial Reverse Mutation Assay (e.g. Ames Test),,,,,,Salmonella typhimurium,,,,,,,,,,,,,,,,,,,,,,,,,,,,,,,,,,Romualdo Benigni,,,,,,,,,,,,,,,,,,,,,,,,,,,,,,,,,,,,,,,,,,,,,,,,,,,,,,,,,,,,,,,,,,,,,,,,,,,,,,,,,,,,,,,,,,,,,,,,,,,,,,,,,,,,,,,,,,,,,,,,,TA 1535,,Without S9,Gene Mutation,,Negative,1417,,,,,,,,,,,,,,,,,,,,,,,,,,,,,,,,,,,,,,,,,,,,,,,,,,,,,,,,,,,,,,,,,Negative,,,Gene mutation I,,,Negative,,,Gene mutation I,,
78-40-0,"Phosphoric acid, triethyl ester;Triethyl phosphate;triethyl_phosphate",,,,,,,,,,,,,,,,,,,,,,,,,,,,,,,,,,,,,,,,,,,,,,,,,,,,,,,,,,,,,,,,,,,,,,,,,,,,,,,,,,,,,,,,,,,,,,,,,,,,,,,,,,,,,,,,,,,,,,,,,,,,,,,,Human Health Hazards#Genetic Toxicity,Genotoxicity OASIS,,,Gene mutation,,False,Categorical data,Equal,,,,,,,,3539,in Vitro,,,,Bacterial Reverse Mutation Assay (e.g. Ames Test),,,,,,Salmonella typhimurium,,,,,,,,,,,,,,,,,,,,,,,,,,,,,,,,,,P&G,,,,,,,,,,,,,,,,,,,,,,,,,,,,,,,,,,,,,,,,,,,,,,,,,,,,,,,,,,,,,,,,,,,,,,,,,,,,,,,,,,,,,,,,,,,,,,,,,,,,,,,,,,,,,,,,,,,,,,,,,TA 1537,,Without S9,Gene Mutation,,,,,,,,,,,,,,,,,,,,,,,,,,,,,,,,,,,,,,,,,,,,,,,,,,,,,,,,,,,,,,,,,,,,Negative,,,Gene mutation I,,,Negative,,,Gene mutation I,,
78-40-0,"Phosphoric acid, triethyl ester;Triethyl phosphate;triethyl_phosphate",,,,,,,,,,,,,,,,,,,,,,,,,,,,,,,,,,,,,,,,,,,,,,,,,,,,,,,,,,,,,,,,,,,,,,,,,,,,,,,,,,,,,,,,,,,,,,,,,,,,,,,,,,,,,,,,,,,,,,,,,,,,,,,,Human Health Hazards#Genetic Toxicity,Bacterial mutagenicity ISSSTY,02.5.2011,,Gene mutation,,False,Categorical data,Equal,"CCRIS database,Toxnet databases",,,,,,,2729,in Vitro,,,,Bacterial Reverse Mutation Assay (e.g. Ames Test),,,,,,Salmonella typhimurium,,,,,,,,,,,,,,,,,,,,,,,,,,,,,,,,,,Romualdo Benigni,,,,,,,,,,,,,,,,,,,,,,,,,,,,,,,,,,,,,,,,,,,,,,,,,,,,,,,,,,,,,,,,,,,,,,,,,,,,,,,,,,,,,,,,,,,,,,,,,,,,,,,,,,,,,,,,,,,,,,,,,TA 1537,,Without S9,Gene Mutation,,Negative,1417,,,,,,,,,,,,,,,,,,,,,,,,,,,,,,,,,,,,,,,,,,,,,,,,,,,,,,,,,,,,,,,,,Negative,,,Gene mutation I,,,Negative,,,Gene mutation I,,
78-40-0,"Phosphoric acid, triethyl ester;Triethyl phosphate;triethyl_phosphate",,,,,,,,,,,,,,,,,,,,,,,,,,,,,,,,,,,,,,,,,,,,,,,,,,,,,,,,,,,,,,,,,,,,,,,,,,,,,,,,,,,,,,,,,,,,,,,,,,,,,,,,,,,,,,,,,,,,,,,,,,,,,,,,Human Health Hazards#Genetic Toxicity,Genotoxicity OASIS,,,Gene mutation,,False,Categorical data,Equal,,,,,,,,3540,in Vitro,,,,Bacterial Reverse Mutation Assay (e.g. Ames Test),,,,,,Salmonella typhimurium,,,,,,,,,,,,,,,,,,,,,,,,,,,,,,,,,,P&G,,,,,,,,,,,,,,,,,,,,,,,,,,,,,,,,,,,,,,,,,,,,,,,,,,,,,,,,,,,,,,,,,,,,,,,,,,,,,,,,,,,,,,,,,,,,,,,,,,,,,,,,,,,,,,,,,,,,,,,,,TA 1538,,Without S9,Gene Mutation,,,,,,,,,,,,,,,,,,,,,,,,,,,,,,,,,,,,,,,,,,,,,,,,,,,,,,,,,,,,,,,,,,,,Negative,,,Gene mutation I,,,Negative,,,Gene mutation I,,
78-40-0,"Phosphoric acid, triethyl ester;Triethyl phosphate;triethyl_phosphate",,,,,,,,,,,,,,,,,,,,,,,,,,,,,,,,,,,,,,,,,,,,,,,,,,,,,,,,,,,,,,,,,,,,,,,,,,,,,,,,,,,,,,,,,,,,,,,,,,,,,,,,,,,,,,,,,,,,,,,,,,,,,,,,Human Health Hazards#Genetic Toxicity,Bacterial mutagenicity ISSSTY,02.5.2011,,Gene mutation,,False,Categorical data,Equal,"CCRIS database,Toxnet databases",,,,,,,2730,in Vitro,,,,Bacterial Reverse Mutation Assay (e.g. Ames Test),,,,,,Salmonella typhimurium,,,,,,,,,,,,,,,,,,,,,,,,,,,,,,,,,,Romualdo Benigni,,,,,,,,,,,,,,,,,,,,,,,,,,,,,,,,,,,,,,,,,,,,,,,,,,,,,,,,,,,,,,,,,,,,,,,,,,,,,,,,,,,,,,,,,,,,,,,,,,,,,,,,,,,,,,,,,,,,,,,,,TA 2638,,Without S9,Gene Mutation,,Negative,1417,,,,,,,,,,,,,,,,,,,,,,,,,,,,,,,,,,,,,,,,,,,,,,,,,,,,,,,,,,,,,,,,,Negative,,,Gene mutation I,,,Negative,,,Gene mutation I,,
78-40-0,"Phosphoric acid, triethyl ester;Triethyl phosphate;triethyl_phosphate",,,,,,,,,,,,,,,,,,,,,,,,,,,,,,,,,,,,,,,,,,,,,,,,,,,,,,,,,,,,,,,,,,,,,,,,,,,,,,,,,,,,,,,,,,,,,,,,,,,,,,,,,,,,,,,,,,,,,,,,,,,,,,,,Human Health Hazards#Genetic Toxicity,Genotoxicity OASIS,,,Gene mutation,,False,Categorical data,Equal,,,,,,,,3535,in Vitro,,,,Bacterial Reverse Mutation Assay (e.g. Ames Test),,,,,,Salmonella typhimurium,,,,,,,,,,,,,,,,,,,,,,,,,,,,,,,,,,P&G,,,,,,,,,,,,,,,,,,,,,,,,,,,,,,,,,,,,,,,,,,,,,,,,,,,,,,,,,,,,,,,,,,,,,,,,,,,,,,,,,,,,,,,,,,,,,,,,,,,,,,,,,,,,,,,,,,,,,,,,,TA 97,,Without S9,Gene Mutation,,,,,,,,,,,,,,,,,,,,,,,,,,,,,,,,,,,,,,,,,,,,,,,,,,,,,,,,,,,,,,,,,,,,Negative,,,Gene mutation I,,,Negative,,,Gene mutation I,,
78-40-0,"Phosphoric acid, triethyl ester;Triethyl phosphate;triethyl_phosphate",,,,,,,,,,,,,,,,,,,,,,,,,,,,,,,,,,,,,,,,,,,,,,,,,,,,,,,,,,,,,,,,,,,,,,,,,,,,,,,,,,,,,,,,,,,,,,,,,,,,,,,,,,,,,,,,,,,,,,,,,,,,,,,,Human Health Hazards#Genetic Toxicity,Genotoxicity OASIS,,,Gene mutation,,False,Categorical data,Equal,,,,,,,,3536,in Vitro,,,,Bacterial Reverse Mutation Assay (e.g. Ames Test),,,,,,Salmonella typhimurium,,,,,,,,,,,,,,,,,,,,,,,,,,,,,,,,,,P&G,,,,,,,,,,,,,,,,,,,,,,,,,,,,,,,,,,,,,,,,,,,,,,,,,,,,,,,,,,,,,,,,,,,,,,,,,,,,,,,,,,,,,,,,,,,,,,,,,,,,,,,,,,,,,,,,,,,,,,,,,TA 98,,Without S9,Gene Mutation,,,,,,,,,,,,,,,,,,,,,,,,,,,,,,,,,,,,,,,,,,,,,,,,,,,,,,,,,,,,,,,,,,,,Negative,,,Gene mutation I,,,Negative,,,Gene mutation I,,
78-40-0,"Phosphoric acid, triethyl ester;Triethyl phosphate;triethyl_phosphate",,,,,,,,,,,,,,,,,,,,,,,,,,,,,,,,,,,,,,,,,,,,,,,,,,,,,,,,,,,,,,,,,,,,,,,,,,,,,,,,,,,,,,,,,,,,,,,,,,,,,,,,,,,,,,,,,,,,,,,,,,,,,,,,Human Health Hazards#Genetic Toxicity,Bacterial mutagenicity ISSSTY,02.5.2011,,Gene mutation,,False,Categorical data,Equal,"CCRIS database,Toxnet databases",,,,,,,2731,in Vitro,,,,Bacterial Reverse Mutation Assay (e.g. Ames Test),,,,,,Salmonella typhimurium,,,,,,,,,,,,,,,,,,,,,,,,,,,,,,,,,,Romualdo Benigni,,,,,,,,,,,,,,,,,,,,,,,,,,,,,,,,,,,,,,,,,,,,,,,,,,,,,,,,,,,,,,,,,,,,,,,,,,,,,,,,,,,,,,,,,,,,,,,,,,,,,,,,,,,,,,,,,,,,,,,,,TA 98,,Without S9,Gene Mutation,,Negative,1417,,,,,,,,,,,,,,,,,,,,,,,,,,,,,,,,,,,,,,,,,,,,,,,,,,,,,,,,,,,,,,,,,Negative,,,Gene mutation I,,,Negative,,,Gene mutation I,,
78-40-0,"Phosphoric acid, triethyl ester;Triethyl phosphate;triethyl_phosphate",,,,,,,,,,,,,,,,,,,,,,,,,,,,,,,,,,,,,,,,,,,,,,,,,,,,,,,,,,,,,,,,,,,,,,,,,,,,,,,,,,,,,,,,,,,,,,,,,,,,,,,,,,,,,,,,,,,,,,,,,,,,,,,,Human Health Hazards#ToxCast,ToxCastDB,,,AC50,,False,No qualifier,Equal,,,,,ACEA_T47D_80hr_Positive,,,,,,,,,,,,,,Homo sapiens,Animalia (animals),Bilateria,Chordata (chordates),Vertebrata (vertebrates),Tetrapoda,Mammalia (mammals),,Primates (primates),Hominoidea,"Hominidae (man-like primates,Great Apes)",Homo (hominoids),Deuterostomia,Gnathostomata,,,,,,,,,,,,,,,,,,,,,,,,,,,,,,,,,,,,,,,Theria,Haplorrhini,Simiiformes,,,,,,,,,,,,,,,,,,,,,,,,,,,,,,,,,,,,,,,,,,,,,,,,,,,Homininae (African apes),,,,,,,,,,,,,,,,,,,,,,,,,,,,,,,,,,,,,,,,,,,,,,,,,,,,,,,,,breast,http://www.aceabio.com,Fold Change,cell line,ESR1,In vitro (Cellular),ACEA,microplate: 96-well plate,Change in cell growth kinetics,T47D,RT-CES,adherent,DMSO,Real-Time Growth Kinetics in T47D cells,growth reporter,cell-based,"ACEA Biosciences, Inc. (ACEA) is a privately owned biotechnology company that developed a real-time, label-free cell-based assaysystem based on a microelectronic readout called xCELLigence.",ACEA,positive,signaling,single,RT-CES,pathway,percent_activity,real-time cell-growth kinetics,DMSO,cell-based,17b-Estradiol,ACEA Biosciences,nuclear receptor,2099,17b-Estradiol,pathway-specified,cell proliferation,Label Free Technology,gain,cellular,0,0,steroidal,17b-estradiol,"ACEA_T47D_80hr_Positive was designed to target nuclear receptor (steroidal) activity at the pathway (pathway-specified) level, specifically mapping to ESR1 gene(s) using a positive control of 17b-estradiol",ESR1,0,0.5,0,Electrical Sensor: Impedance,cellular,2099,Eutheria,80,h,Time,,,,,,,,,,,,0.9471752852578162,,mg/L,Mass concentration,,,5.199999809265137,,µM,Molar concentration,,
78-40-0,"Phosphoric acid, triethyl ester;Triethyl phosphate;triethyl_phosphate",,,,,,,,,,,,,,,,,,,,,,,,,,,,,,,,,,,,,,,,,,,,,,,,,,,,,,,,,,,,,,,,,,,,,,,,,,,,,,,,,,,,,,,,,,,,,,,,,,,,,,,,,,,,,,,,,,,,,,,,,,,,,,,,Human Health Hazards#ToxCast,ToxCastDB,,,AC50,,False,No qualifier,Equal,,,,,Tox21_ELG1_LUC_Agonist_viability,,,,,,,,,,,,,,Homo sapiens,Animalia (animals),Bilateria,Chordata (chordates),Vertebrata (vertebrates),Tetrapoda,Mammalia (mammals),,Primates (primates),Hominoidea,"Hominidae (man-like primates,Great Apes)",Homo (hominoids),Deuterostomia,Gnathostomata,,,,,,,,,,,,,,,,,,,,,,,,,,,,,,,,,,,,,,,Theria,Haplorrhini,Simiiformes,,,,,,,,,,,,,,,,,,,,,,,,,,,,,,,,,,,,,,,,,,,,,,,,,,,Homininae (African apes),,,,,,,,,,,,,,,,,,,,,,,,,,,,,,,,,,,,,,,,,,,,,,,,,,,,,,,,,kidney,http://www.ncgc.nih.gov/,Agonist,cell line,,In vitro (Cellular),NCGC,microplate: 1536-well plate,,HEK293T,Reporter gene assay,adherent,DMSO,Tox21_ELG1_LUC_Agonist_viability,viability reporter,cell-based,"Tox21 is an interagency agreement between the NIH, NTP, FDA and EPA. NIH Chemical Genomics Center (NCGC) is the primary screening facility running ultra high throughput screening assays across a large interagency-developed chemical library.",Tox21,positive,viability,single,Luciferase-coupled ATP quantitation,cellular,percent_activity,atp content,,cell-based,,Tox21/NCGC,cell cycle,0,,cellular,regulation of gene expression,Luminescence,loss,chemical,0,0,cytotoxicity,tetraoctylammonium bromide,"Tox21_ELG1_LUC_Agonist_viability was designed to target cell cycle (cytotoxicity) activity at the cellular (cellular) level, specifically mapping to NA gene(s) using a positive control of tetraoctylammonium bromide",,0,0,0,Bioluminescence,ATP,,Eutheria,24,h,Time,CellTiter-Glo fluor,Nuclear Receptor,Cell line,substrate,Tox21_ELG1_LUC_Agonist_viability,,,,,,,9.617472341031263,,mg/L,Mass concentration,,,52.79999923706055,,µM,Molar concentration,,
78-40-0,"Phosphoric acid, triethyl ester;Triethyl phosphate;triethyl_phosphate",,,,,,,,,,,,,,,,,,,,,,,,,,,,,,,,,,,,,,,,,,,,,,,,,,,,,,,,,,,,,,,,,,,,,,,,,,,,,,,,,,,,,,,,,,,,,,,,,,,,,,,,,,,,,,,,,,,,,,,,,,,,,,,,Human Health Hazards#Toxicity to Reproduction,Receptor Mediated Effects,2015,,Relative ARBA,,True,No qualifier,Equal,METI/CERI-Japan,,,,,,,1236,in Vitro,,,,,,,,,,Recombinant human androgen receptor,,,,,,,,,,,,,,,,,,,,,,,,,,,,,,,,,,,,,,,,,,,,,,,,,,,,,,,,,,,,,,,,,,,,,,,,,,,,,,,,,,,,,,,,,,,,,,,,,,,,,,,,,,,,,,,,,,,,,,,,,,,,,,,,,,,,,,,,,,,,,,,,,,,,,,,,,,,,,,,,,,,,,,,,,,,,,,,,,,,,,,,,,,,,,,,,,,,,,,,,,,,,,,,,,,,,,,,,,,,,1966,1-183,,,,,0,,%,Relative binding affinity (ratio),,,0,,%,Relative binding affinity (ratio),,
78-40-0,"Phosphoric acid, triethyl ester;Triethyl phosphate;triethyl_phosphate",,,,,,,,,,,,,,,,,,,,,,,,,,,,,,,,,,,,,,,,,,,,,,,,,,,,,,,,,,,,,,,,,,,,,,,,,,,,,,,,,,,,,,,,,,,,,,,,,,,,,,,,,,,,,,,,,,,,,,,,,,,,,,,,Human Health Hazards#Toxicity to Reproduction,Receptor Mediated Effects,2015,,Relative ERBA,,True,No qualifier,Equal,METI/CERI-Japan,,,,,,,123,in Vitro,,,,,,,,,,Recombinant human estrogen receptor,,,,,,,,,,,,,,,,,,,,,,,,,,,,,,,,,,,,,,,,,,,,,,,,,,,,,,,,,,,,,,,,,,,,,,,,,,,,,,,,,,,,,,,,,,,,,,,,,,,,,,,,,,,,,,,,,,,,,,,,,,,,,,,,,,,,,,,,,,,,,,,,,,,,,,,,,,,,,,,,,,,,,,,,,,,,,,,,,,,,,,,,,,,,,,,,,,,,,,,,,,,,,,,,,,,,,,,,,,,,1966,1-183,,,,,0,,%,Relative binding affinity (ratio),,,0,,%,Relative binding affinity (ratio),,







