CAS Number,Chemical name(s),SMILES,Molecular formula,Predefined substance type,Additional Ids,Identity,CAS-SMILES relation,Water Solubility (fragments),Water Solubility,Vapor Pressure (Modified Grain Method),Vapor Pressure (Mackay method),Vapor Pressure (Antoine method),Ultimate biodeg (Biowin 3),Total Kb,OVERALL OH Half-life,Number of single bonds (with H),Number of single bonds,Number of rings,Number of nitro groups,Number of heavy atoms,Number of double bonds,Number of cyclic bonds,Number of aromatic bonds,Molecular Weight,Melting point (Gold and Ogle method),Melting Point (Adapted Joback Method),Mean Melting Point,log Kow,Log Koa (Henry's law constant model),Log Koa (Air-water partition coefficient model),Lipid Solubility,Kp (Octanol/air (Koa) model),Kp (Mackay method),Koc (MCI),FM reaction sediment,FM reaction air,FM persistence time,FM percent reacted,FM percent advected,FM mass amount water,FM mass amount soil,FM mass amount sediment,FM mass amount air,FM half-life water,FM half-life soil,FM half-life sediment,Exp Ozone rate constant,Exp OH rate constant,Exp NO3 rate constant,Exp Melting Point,BCF,Surface Tension,Subcooled liquid Vapor Pressure,STP FM (Total removal),STP FM (Total biodegradation),Similarity,Selected Vapor Pressure,Selected Melting Point,Relative number of N atoms,Ready Biodegradability Prediction,Primary biodeg (Biowin 4),phi (Octanol/air (Koa) model),phi (Mackay model),phi (Junge-Pankow model),OVERALL OZONE rate constant,OVERALL OZONE Half-life,OVERALL OH rate constant,Koc (Log Kow),kM,Kb half-life (pH 8),Kb half-life (pH 7),Ka Half-Life (pH 8),Ka Half-Life (pH 7),Hydrolysis half-life (pH 6.5-7.4),Henrys law Constant (Group Method),Henrys Law Constant (Bond Method),Half-Life (Observed metabolism),Half-Life (Model River),Half-Life (Model Lake),GSH Reactivity,FM reaction water,FM reaction time,FM reaction soil,FM half-life air,FM fugacity water,FM fugacity soil,FM fugacity sediment,FM fugacity air,FM emissions water,FM emissions soil,FM emissions sedmient,FM emissions air,FM advection water,FM advection time,FM advection soil,FM advection sediment,FM advection air,Exp Water Solubility,Exp Vapor Pressure,Exp Log P,Exp Henrys Law Constant,Exp Boiling Point,Boiling point,Biotransformation Half-Life,BioHC Half-Life,Biodeg probability (Biowin 7),Biodeg probability (Biowin 6),Biodeg probability (Biowin 5),Biodeg probability (Biowin 2),Biodeg probability (Biowin 1),Bio Half-Life,BCF (upper trophic),"BCF (upper trophic, biotransformation rate is zero)",BCF (mid trophic),BCF (lower trophic),Basic pKa (OASIS Regression),BAF (upper trophic),"BAF (upper trophic, biotransformation rate is zero)",BAF (mid trophic),BAF (lower trophic),BAF,Amino acids pKa (OASIS Regression),Acidic pKa (OASIS Regression),Acidic pKa (OASIS Electric),Acidic pKa (OASIS Consensus),Acidic pKa (OASIS composite calculator),(Q) Basic pKa (Chemaxon),(Q) Acidic pKa (Chemaxon),EndpointPath,Database,Year,Title,Endpoint,Test guideline,Assigned SMILES,Qualifier,Substance/Test material equality,Reference source,Experimental condition.Unit,Experimental condition.Scale,Experimental condition.MinValue,Temperature.MeanValue,Temperature.Unit,Temperature.Scale,Test type,Comments,Temperature,Test organisms (species),Kingdom,Subkingdom,Phylum,Subphylum,Superclass,Class,Superorder,Order,Superfamily,Family,Genus,Infrakingdom,Infraphylum,pH,Record ID,Statistics,Water type,Tissue analyzed,Test specificity,Species common name,Sexual maturation (offspring),Lipid.MeanValue,Lipid.Unit,Lipid.Scale,Exposure concentration.MeanValue,Exposure concentration.Unit,Exposure concentration.Scale,Organ,Lipid method,"BCFk ww, k1/k2",Reliability score,"BCFk lipid, BCFk ww/lipid%",BCFss lipid.MeanValue,BCFss lipid.Unit,BCFss lipid.Scale,Trend,Author,Effect,Test ID,Result ID,Conc1 type,Media type,Measurement,Control type,Created date,Reference db,Exposure Type,Modified date,Response site,Test location,Published date,Organism source,Publication year,Endpoint assigned,Experimental design,Media type comments,Chem analysis method,Test characteristics,Other effect comments,Organism characteristics,Test additional comments,Application freq comments,Media ph.MeanValue,Media ph.Scale,Num doses.MeanValue,Num doses.Scale,Sample size.MeanValue,Sample size.Unit,Sample size.Scale,Test purity.MeanValue,Test purity.Scale,Organism age.MeanValue,Organism age.Qualifier,Organism age.Unit,Organism age.Scale,Concentration.MeanValue,Concentration.Unit,Concentration.Scale,Media hardness.Unit,Media hardness.Scale,Media hardness.MinValue,Media hardness.MaxValue,Study duration.MeanValue,Study duration.Unit,Study duration.Scale,Dissolved oxygen.MeanValue,Dissolved oxygen.Qualifier,Dissolved oxygen.Unit,Dissolved oxygen.Scale,Organism init wt.MeanValue,Organism init wt.Unit,Organism init wt.Scale,Exposure duration.MeanValue,Exposure duration.Unit,Exposure duration.Scale,Media temperature.MeanValue,Media temperature.Unit,Media temperature.Scale,Media temperature.MinValue,Media temperature.MaxValue,log Kow,Data confidence category,KM representative.MeanValue,KM representative.Unit,KM representative.Scale,Metadata,Significance code,Significance type,Significance level.MeanValue,Significance level.Qualifier,Significance level.Scale,Test method,Identity in file,Subclass,Suborder,Infraorder,Superphylum,Subfamily,Division,Additional comments,Effect pct comments,Response site comments,Effect %.MeanValue,Effect %.Scale,Effect %.MinValue,Effect %.MaxValue,Measurement comments,Test grade,Application freq.MeanValue,Application freq.Unit,Application freq.Scale,Infraclass,Organism source comments,Subgenus,Strain,Route of administration,Type of method,Formula,Substance ID,Activity Score,ChemicalPage URL,Target System Male,Target System Female,Substance Description,Assay,Cancer step,Test condition,Metabolic activation,Type of genotoxicity,Source of methabolic system,OVERALL,Tissue,Overall value,Contradictory outcomes,Study Id,Additional info,Purity,Gender,Test group,Publication,Organ(Tissue),Test category,Test laboratory,Examination items,Max dose.MeanValue,Max dose.Unit,Max dose.Scale,Min dose.MeanValue,Min dose.Unit,Min dose.Scale,Recovery period.MeanValue,Recovery period.Unit,Recovery period.Scale,Assay URL,Assay mode,Cell format,Gene symbol,Assay category,Assay provider,Assay footprint,Assay phenotype,Cell short name,Assay technology,Cell growth mode,Dilution solvent,Assay description,Assay design type,Assay format type,Assay source desc,Assay source name,Analysis direction,Assay function type,Content readout type,Detection technology,Intended target type,Normalized Data Type,Assay design sub-type,Assay solvent control,Assay sub-format type,Assay positive control,Assay source long name,Intended target family,Intended target gene ID,Assay reference compound,Intended target sub-type,Biological process target,Detection technology type,Intended signal direction,Technological target type,Wavelength emission1 (nm),Wavelength emission2 (nm),Intended target sub-family,Key assay positive control,Assay component target desc,Intended target gene symbol,Wavelength excitation1 (nm),Dilution solvent percent max,Technological target gene ID,Detection technology sub-type,Technological target sub-type,Entrez gene ID(s) corresponding to the assay readout,Timepoint.MeanValue,Timepoint.Unit,Timepoint.Scale,Assay note,Assay target,Entrez gene name,Key assay reagent,Assay target family,Assay target source,Key assay reagent type,Assay target source type,Technological target gene symbol,HTS No,TestSub ID,Duration.MeanValue,Duration.Unit,Duration.Scale,Duration.MinValue,Duration.MaxValue,Value.MeanValue,Value.Qualifier,Value.Unit,Value.Scale,Value.MinValue,Value.MaxValue,Original value.MeanValue,Original value.Qualifier,Original value.Unit,Original value.Scale,Original value.MinValue,Original value.MaxValue
78-42-2,"Phosphoric acid, tris(2-ethylhexyl) ester;tris (2-ethylhexyl) phosphate;Tris(2-ethylhexyl) phosphate;tris(2-ethylhexyl)ester phosphoric acid;tris(2-ethylhexyl)ester_phosphoric_acid;tris(2-ethylhexyl)phosphate;Tris(2-ethylhexyl)phosphate (TEHP)",CCCCC(CC)COP(=O)(OCC(CC)CCCC)OCC(CC)CCCC,C24H51O4P,Mono constituent,EC Number:2011166,Sources:31,High,Not calculated,Not calculated,Not calculated,Not calculated,Not calculated,Not calculated,Not calculated,Not calculated,Not calculated,Not calculated,Not calculated,Not calculated,Not calculated,Not calculated,Not calculated,Not calculated,Not calculated,Not calculated,Not calculated,Not calculated,Not calculated,Not calculated,Not calculated,Not calculated,Not calculated,Not calculated,Not calculated,Not calculated,Not calculated,Not calculated,Not calculated,Not calculated,Not calculated,Not calculated,Not calculated,Not calculated,Not calculated,Not calculated,Not calculated,Not calculated,Not calculated,Not calculated,Not calculated,Not calculated,Not calculated,Not calculated,Not calculated,Not calculated,Not calculated,Not calculated,Not calculated,Not calculated,Not calculated,Not calculated,Not calculated,Not calculated,Not calculated,Not calculated,Not calculated,Not calculated,Not calculated,Not calculated,Not calculated,Not calculated,Not calculated,Not calculated,Not calculated,Not calculated,Not calculated,Not calculated,Not calculated,Not calculated,Not calculated,Not calculated,Not calculated,Not calculated,Not calculated,Not calculated,Not calculated,Not calculated,Not calculated,Not calculated,Not calculated,Not calculated,Not calculated,Not calculated,Not calculated,Not calculated,Not calculated,Not calculated,Not calculated,Not calculated,Not calculated,Not calculated,Not calculated,Not calculated,Not calculated,Not calculated,Not calculated,Not calculated,Not calculated,Not calculated,Not calculated,Not calculated,Not calculated,Not calculated,Not calculated,Not calculated,Not calculated,Not calculated,Not calculated,Not calculated,Not calculated,Not calculated,Not calculated,Not calculated,Not calculated,Not calculated,Not calculated,Not calculated,Not calculated,Physical Chemical Properties#Boiling point,Phys-chem EPISUITE,,,Boiling point,,False,No qualifier,Equal,SRC,mm Hg,Pressure,4,,,,,,,,,,,,,,,,,,,,,,,,,,,,,,,,,,,,,,,,,,,,,,,,,,,,,,,,,,,,,,,,,,,,,,,,,,,,,,,,,,,,,,,,,,,,,,,,,,,,,,,,,,,,,,,,,,,,,,,,,,,,,,,,,,,,,,,,,,,,,,,,,,,,,,,,,,,,,,,,,,,,,,,,,,,,,,,,,,,,,,,,,,,,,,,,,,,,,,,,,,,,,,,,,,,,,,,,,,,,,,,,,,,,,,,,,,,,,,,,,,,,,,,,215,,°C,Temperature,,,215,,°C,Temperature,,
78-42-2,"Phosphoric acid, tris(2-ethylhexyl) ester;tris (2-ethylhexyl) phosphate;Tris(2-ethylhexyl) phosphate;tris(2-ethylhexyl)ester phosphoric acid;tris(2-ethylhexyl)ester_phosphoric_acid;tris(2-ethylhexyl)phosphate;Tris(2-ethylhexyl)phosphate (TEHP)",,,,,,,,,,,,,,,,,,,,,,,,,,,,,,,,,,,,,,,,,,,,,,,,,,,,,,,,,,,,,,,,,,,,,,,,,,,,,,,,,,,,,,,,,,,,,,,,,,,,,,,,,,,,,,,,,,,,,,,,,,,,,,,,Physical Chemical Properties#Melting / freezing point,Phys-chem EPISUITE,,,Melting point,,False,No qualifier,Equal,SRC,,,,,,,,,,,,,,,,,,,,,,,,,,,,,,,,,,,,,,,,,,,,,,,,,,,,,,,,,,,,,,,,,,,,,,,,,,,,,,,,,,,,,,,,,,,,,,,,,,,,,,,,,,,,,,,,,,,,,,,,,,,,,,,,,,,,,,,,,,,,,,,,,,,,,,,,,,,,,,,,,,,,,,,,,,,,,,,,,,,,,,,,,,,,,,,,,,,,,,,,,,,,,,,,,,,,,,,,,,,,,,,,,,,,,,,,,,,,,,,,,,,,,,,,,,,-74,,°C,Temperature,,,-74,,°C,Temperature,,
78-42-2,"Phosphoric acid, tris(2-ethylhexyl) ester;tris (2-ethylhexyl) phosphate;Tris(2-ethylhexyl) phosphate;tris(2-ethylhexyl)ester phosphoric acid;tris(2-ethylhexyl)ester_phosphoric_acid;tris(2-ethylhexyl)phosphate;Tris(2-ethylhexyl)phosphate (TEHP)",,,,,,,,,,,,,,,,,,,,,,,,,,,,,,,,,,,,,,,,,,,,,,,,,,,,,,,,,,,,,,,,,,,,,,,,,,,,,,,,,,,,,,,,,,,,,,,,,,,,,,,,,,,,,,,,,,,,,,,,,,,,,,,,Physical Chemical Properties#Vapour pressure,Phys-chem EPISUITE,,,Vapor Pressure,,False,No qualifier,Equal,SRC,°C,Temperature,25,,,,,Experimental data,,,,,,,,,,,,,,,,,,,,,,,,,,,,,,,,,,,,,,,,,,,,,,,,,,,,,,,,,,,,,,,,,,,,,,,,,,,,,,,,,,,,,,,,,,,,,,,,,,,,,,,,,,,,,,,,,,,,,,,,,,,,,,,,,,,,,,,,,,,,,,,,,,,,,,,,,,,,,,,,,,,,,,,,,,,,,,,,,,,,,,,,,,,,,,,,,,,,,,,,,,,,,,,,,,,,,,,,,,,,,,,,,,,,,,,,,,,,,,,,,,,8.250000149701009E-08,,mm Hg,Pressure,,,8.250000149701009E-08,,mm Hg,Pressure,,
78-42-2,"Phosphoric acid, tris(2-ethylhexyl) ester;tris (2-ethylhexyl) phosphate;Tris(2-ethylhexyl) phosphate;tris(2-ethylhexyl)ester phosphoric acid;tris(2-ethylhexyl)ester_phosphoric_acid;tris(2-ethylhexyl)phosphate;Tris(2-ethylhexyl)phosphate (TEHP)",,,,,,,,,,,,,,,,,,,,,,,,,,,,,,,,,,,,,,,,,,,,,,,,,,,,,,,,,,,,,,,,,,,,,,,,,,,,,,,,,,,,,,,,,,,,,,,,,,,,,,,,,,,,,,,,,,,,,,,,,,,,,,,,Physical Chemical Properties#Water solubility,Phys-chem EPISUITE,,,Water solubility,,False,No qualifier,Equal,SRC,°C,Temperature,24,,,,,,,,,,,,,,,,,,,,,,,,,,,,,,,,,,,,,,,,,,,,,,,,,,,,,,,,,,,,,,,,,,,,,,,,,,,,,,,,,,,,,,,,,,,,,,,,,,,,,,,,,,,,,,,,,,,,,,,,,,,,,,,,,,,,,,,,,,,,,,,,,,,,,,,,,,,,,,,,,,,,,,,,,,,,,,,,,,,,,,,,,,,,,,,,,,,,,,,,,,,,,,,,,,,,,,,,,,,,,,,,,,,,,,,,,,,,,,,,,,,,,,,,0.6000000238418579,,mg/L,Mass concentration,,,0.6000000238418579,,mg/L,Mass concentration,,
78-42-2,"Phosphoric acid, tris(2-ethylhexyl) ester;tris (2-ethylhexyl) phosphate;Tris(2-ethylhexyl) phosphate;tris(2-ethylhexyl)ester phosphoric acid;tris(2-ethylhexyl)ester_phosphoric_acid;tris(2-ethylhexyl)phosphate;Tris(2-ethylhexyl)phosphate (TEHP)",,,,,,,,,,,,,,,,,,,,,,,,,,,,,,,,,,,,,,,,,,,,,,,,,,,,,,,,,,,,,,,,,,,,,,,,,,,,,,,,,,,,,,,,,,,,,,,,,,,,,,,,,,,,,,,,,,,,,,,,,,,,,,,,Environmental Fate and Transport#Bioaccumulation: aquatic,Bioconcentration and logKow NITE,1985,,BCF,,False,No qualifier,Equal,http://www.safe.nite.go.jp/japan/db.html,,,,25,°C,Temperature,,,,Cyprinus carpio,Animalia (animals),Bilateria,Chordata (chordates),Vertebrata (vertebrates),"Actinopterygii (ray-finned fishes,spiny rayed fishes)",Teleostei,Ostariophysi,"Cypriniformes (minnows,suckers)",Cyprinoidea,"Cyprinidae (carps,minnows,carps and minnows)",Cyprinus (common carps),Deuterostomia,Gnathostomata,6.0 - 8.5,875,BCF=Cf/Cw with Cw being the mean measured water concentration up to the time of sampling. The BCF is the maximum value during a test duration.,freshwater,Whole body,wet weight,common carp,Male and Female,5.1,%,Ratio,0.2,mg/L,Mass concentration,,,,,,,,,,,,,,,,,,,,,,,,,,,,,,,,,,,,,,,,,,,,,,,,,,,,,,,,,,,,,,,,,,,,,,,,,,,,,,,,,,,,,,,,,,,,,,,,,,,,,,,,,,,,,,,,,,,,,,,,,,,,,,,,,,,,,,,,,,,,,,,,,,,,,,,,,,,,,,,,,,,,,,,,,,,,,,,,,,,,,,,,,,,,,,,,,,,,,,,,,,,,,,,,,42,d,Time,,,1.3424226808222062,,log(L/kg),Specific volume,,,22,,L/kg,Specific volume,,
78-42-2,"Phosphoric acid, tris(2-ethylhexyl) ester;tris (2-ethylhexyl) phosphate;Tris(2-ethylhexyl) phosphate;tris(2-ethylhexyl)ester phosphoric acid;tris(2-ethylhexyl)ester_phosphoric_acid;tris(2-ethylhexyl)phosphate;Tris(2-ethylhexyl)phosphate (TEHP)",,,,,,,,,,,,,,,,,,,,,,,,,,,,,,,,,,,,,,,,,,,,,,,,,,,,,,,,,,,,,,,,,,,,,,,,,,,,,,,,,,,,,,,,,,,,,,,,,,,,,,,,,,,,,,,,,,,,,,,,,,,,,,,,Environmental Fate and Transport#Bioaccumulation: aquatic,Bioconcentration and logKow NITE,1985,,BCF,,False,No qualifier,Equal,http://www.safe.nite.go.jp/japan/db.html,,,,25,°C,Temperature,,,,Cyprinus carpio,Animalia (animals),Bilateria,Chordata (chordates),Vertebrata (vertebrates),"Actinopterygii (ray-finned fishes,spiny rayed fishes)",Teleostei,Ostariophysi,"Cypriniformes (minnows,suckers)",Cyprinoidea,"Cyprinidae (carps,minnows,carps and minnows)",Cyprinus (common carps),Deuterostomia,Gnathostomata,6.0 - 8.5,874,BCF=Cf/Cw with Cw being the mean measured water concentration up to the time of sampling. The BCF is the maximum value during a test duration.,freshwater,Whole body,wet weight,common carp,Male and Female,5.1,%,Ratio,2,mg/L,Mass concentration,,,,,,,,,,,,,,,,,,,,,,,,,,,,,,,,,,,,,,,,,,,,,,,,,,,,,,,,,,,,,,,,,,,,,,,,,,,,,,,,,,,,,,,,,,,,,,,,,,,,,,,,,,,,,,,,,,,,,,,,,,,,,,,,,,,,,,,,,,,,,,,,,,,,,,,,,,,,,,,,,,,,,,,,,,,,,,,,,,,,,,,,,,,,,,,,,,,,,,,,,,,,,,,,,42,d,Time,,,0.8129133566428556,,log(L/kg),Specific volume,,,6.5,,L/kg,Specific volume,,
78-42-2,"Phosphoric acid, tris(2-ethylhexyl) ester;tris (2-ethylhexyl) phosphate;Tris(2-ethylhexyl) phosphate;tris(2-ethylhexyl)ester phosphoric acid;tris(2-ethylhexyl)ester_phosphoric_acid;tris(2-ethylhexyl)phosphate;Tris(2-ethylhexyl)phosphate (TEHP)",,,,,,,,,,,,,,,,,,,,,,,,,,,,,,,,,,,,,,,,,,,,,,,,,,,,,,,,,,,,,,,,,,,,,,,,,,,,,,,,,,,,,,,,,,,,,,,,,,,,,,,,,,,,,,,,,,,,,,,,,,,,,,,,Environmental Fate and Transport#Bioaccumulation: aquatic,Bioaccumulation fish CEFIC LRI,1992,,BCF,,False,No qualifier,Equal,Chemicals inspection and testing institute,,,,,,,,,25 °C,Cyprinus carpio,Animalia (animals),Bilateria,Chordata (chordates),Vertebrata (vertebrates),"Actinopterygii (ray-finned fishes,spiny rayed fishes)",Teleostei,Ostariophysi,"Cypriniformes (minnows,suckers)",Cyprinoidea,"Cyprinidae (carps,minnows,carps and minnows)",Cyprinus (common carps),Deuterostomia,Gnathostomata,6.0 - 8.5,,BCF=Cf/Cw with Cw being the mean measured water concentration up to the time of sampling,freshwater,,wet weight,Common carp,Male and Female,,,,,,,Whole body,Not reported,Not reported,MITI,Not reported,2.1053398398052865,log(L/kg),Specific volume,,,,,,,,,,,,,,,,,,,,,,,,,,,,,,,,,,,,,,,,,,,,,,,,,,,,,,,,,,,,,,,,,,,,,,,,,,,,,,,,,,,,,,,,,,,,,,,,,,,,,,,,,,,,,,,,,,,,,,,,,,,,,,,,,,,,,,,,,,,,,,,,,,,,,,,,,,,,,,,,,,,,,,,,,,,,,,,,,,,,,,,,,,,,,,,,,,,,,,,,,,d,Time,42,,0.8129133566428556,,log(L/kg),Specific volume,,,6.5,,L/kg,Specific volume,,
78-42-2,"Phosphoric acid, tris(2-ethylhexyl) ester;tris (2-ethylhexyl) phosphate;Tris(2-ethylhexyl) phosphate;tris(2-ethylhexyl)ester phosphoric acid;tris(2-ethylhexyl)ester_phosphoric_acid;tris(2-ethylhexyl)phosphate;Tris(2-ethylhexyl)phosphate (TEHP)",,,,,,,,,,,,,,,,,,,,,,,,,,,,,,,,,,,,,,,,,,,,,,,,,,,,,,,,,,,,,,,,,,,,,,,,,,,,,,,,,,,,,,,,,,,,,,,,,,,,,,,,,,,,,,,,,,,,,,,,,,,,,,,,Environmental Fate and Transport#Bioaccumulation: aquatic,Bioaccumulation fish CEFIC LRI,1992,,BCF,,False,No qualifier,Equal,Chemicals inspection and testing institute,,,,,,,,,25 °C,Cyprinus carpio,Animalia (animals),Bilateria,Chordata (chordates),Vertebrata (vertebrates),"Actinopterygii (ray-finned fishes,spiny rayed fishes)",Teleostei,Ostariophysi,"Cypriniformes (minnows,suckers)",Cyprinoidea,"Cyprinidae (carps,minnows,carps and minnows)",Cyprinus (common carps),Deuterostomia,Gnathostomata,6.0 - 8.5,,BCF=Cf/Cw with Cw being the mean measured water concentration up to the time of sampling,freshwater,,wet weight,Common carp,Male and Female,,,,,,,Whole body,Not reported,Not reported,MITI,Not reported,2.634849938431113,log(L/kg),Specific volume,,,,,,,,,,,,,,,,,,,,,,,,,,,,,,,,,,,,,,,,,,,,,,,,,,,,,,,,,,,,,,,,,,,,,,,,,,,,,,,,,,,,,,,,,,,,,,,,,,,,,,,,,,,,,,,,,,,,,,,,,,,,,,,,,,,,,,,,,,,,,,,,,,,,,,,,,,,,,,,,,,,,,,,,,,,,,,,,,,,,,,,,,,,,,,,,,,,,,,,,,,d,Time,42,,1.3424226808222062,,log(L/kg),Specific volume,,,22,,L/kg,Specific volume,,
78-42-2,"Phosphoric acid, tris(2-ethylhexyl) ester;tris (2-ethylhexyl) phosphate;Tris(2-ethylhexyl) phosphate;tris(2-ethylhexyl)ester phosphoric acid;tris(2-ethylhexyl)ester_phosphoric_acid;tris(2-ethylhexyl)phosphate;Tris(2-ethylhexyl)phosphate (TEHP)",,,,,,,,,,,,,,,,,,,,,,,,,,,,,,,,,,,,,,,,,,,,,,,,,,,,,,,,,,,,,,,,,,,,,,,,,,,,,,,,,,,,,,,,,,,,,,,,,,,,,,,,,,,,,,,,,,,,,,,,,,,,,,,,Environmental Fate and Transport#Bioaccumulation: aquatic,ECOTOX,,"Tissue-Specific Bioaccumulation, Metabolism and Excretion of Tris (2-Ethylhexyl) Phosphate (TEHP) in Rare Minnow (Gobiocypris rarus)",BCF,,True,No qualifier,Equal,Environ. Pollut.261:9 p.,,,,,,,,,,Gobiocypris rarus,Animalia (animals),Bilateria,Chordata (chordates),Vertebrata (vertebrates),"Actinopterygii (ray-finned fishes,spiny rayed fishes)",Teleostei,Ostariophysi,"Cypriniformes (minnows,suckers)",Cyprinoidea,"Cyprinidae (carps,minnows,carps and minnows)",Gobiocypris,Deuterostomia,Gnathostomata,,,,,,,,,,,,,,,,,,,,,,,Increasing,"Hou,R., Y.P. Xu, K.F. Rao, C.L. Feng, and Z.J. Wang",Accumulation,2263940,2601074,Active ingredient,Fresh water,Residue,Carrier or solvent,04/08/2021,A,Renewal,04/13/2021,Gastrointestinal tract,Lab,06/15/2021,Laboratory,2020,Publication reported endpoint,"TEST WATER CONSTANTLY AERATED, FISH FED FOOD PELLETS AND BRINE SHRIMP TWICE DAILY, 16:8 LIGHT:DARK PHOTOPERIOD",DECHLORINATED TAP WATER,Measured,Tris(2-ethylhexyl)phosphate,"METABOLITES, POST-EXPOSURE MEASUREMENTS, RATE OF UPTAKE",MEAN LENGTH 43.8 MM,AP FREQ/50 PERCENT WATER REFRESHED//MEDIA/DECHLORINATED TAP WATER//,50 PERCENT WATER REFRESHED,7.4,None,3,None,3,Organism,Unknown,95,None,6,ca.,mo,Time,0.11190000000000001,mg/L,Mass concentration,milligrams per liter Calcium carbonate,Unknown,44,61,50,d,Time,7,≥,mg/L,Mass concentration,835.1,mg,Mass,30,d,Time,25,°C,Temperature,,,,,,,,,,,,,,,,,,,,,,,,,,,,,,,,,,,,,,,,,,,,,,,,,,,,,,,,,,,,,,,,,,,,,,,,,,,,,,,,,,,,,,,,,,,,,,,,,,,,,,,,,,,,,,,,,,,,,,,,,,,,,,,,,,,,,,,,,,30,d,Time,,,15.300000190734863,,RA,Unknown,,,15.300000190734863,,RA,Unknown,,
78-42-2,"Phosphoric acid, tris(2-ethylhexyl) ester;tris (2-ethylhexyl) phosphate;Tris(2-ethylhexyl) phosphate;tris(2-ethylhexyl)ester phosphoric acid;tris(2-ethylhexyl)ester_phosphoric_acid;tris(2-ethylhexyl)phosphate;Tris(2-ethylhexyl)phosphate (TEHP)",,,,,,,,,,,,,,,,,,,,,,,,,,,,,,,,,,,,,,,,,,,,,,,,,,,,,,,,,,,,,,,,,,,,,,,,,,,,,,,,,,,,,,,,,,,,,,,,,,,,,,,,,,,,,,,,,,,,,,,,,,,,,,,,Environmental Fate and Transport#Bioaccumulation: aquatic,ECOTOX,,"Tissue-Specific Bioaccumulation, Metabolism and Excretion of Tris (2-Ethylhexyl) Phosphate (TEHP) in Rare Minnow (Gobiocypris rarus)",BCF,,True,No qualifier,Equal,Environ. Pollut.261:9 p.,,,,,,,,,,Gobiocypris rarus,Animalia (animals),Bilateria,Chordata (chordates),Vertebrata (vertebrates),"Actinopterygii (ray-finned fishes,spiny rayed fishes)",Teleostei,Ostariophysi,"Cypriniformes (minnows,suckers)",Cyprinoidea,"Cyprinidae (carps,minnows,carps and minnows)",Gobiocypris,Deuterostomia,Gnathostomata,,,,,,,,,,,,,,,,,,,,,,,Increasing,"Hou,R., Y.P. Xu, K.F. Rao, C.L. Feng, and Z.J. Wang",Accumulation,2263940,2601075,Active ingredient,Fresh water,Residue,Carrier or solvent,04/08/2021,A,Renewal,04/13/2021,Ovaries,Lab,06/15/2021,Laboratory,2020,Publication reported endpoint,"TEST WATER CONSTANTLY AERATED, FISH FED FOOD PELLETS AND BRINE SHRIMP TWICE DAILY, 16:8 LIGHT:DARK PHOTOPERIOD",DECHLORINATED TAP WATER,Measured,Tris(2-ethylhexyl)phosphate,"METABOLITES, POST-EXPOSURE MEASUREMENTS, RATE OF UPTAKE",MEAN LENGTH 43.8 MM,AP FREQ/50 PERCENT WATER REFRESHED//MEDIA/DECHLORINATED TAP WATER//,50 PERCENT WATER REFRESHED,7.4,None,3,None,3,Organism,Unknown,95,None,6,ca.,mo,Time,0.013800000000000002,mg/L,Mass concentration,milligrams per liter Calcium carbonate,Unknown,44,61,50,d,Time,7,≥,mg/L,Mass concentration,835.1,mg,Mass,30,d,Time,25,°C,Temperature,,,,,,,,,,,,,,,,,,,,,,,,,,,,,,,,,,,,,,,,,,,,,,,,,,,,,,,,,,,,,,,,,,,,,,,,,,,,,,,,,,,,,,,,,,,,,,,,,,,,,,,,,,,,,,,,,,,,,,,,,,,,,,,,,,,,,,,,,,30,d,Time,,,27.200000762939453,,RA,Unknown,,,27.200000762939453,,RA,Unknown,,
78-42-2,"Phosphoric acid, tris(2-ethylhexyl) ester;tris (2-ethylhexyl) phosphate;Tris(2-ethylhexyl) phosphate;tris(2-ethylhexyl)ester phosphoric acid;tris(2-ethylhexyl)ester_phosphoric_acid;tris(2-ethylhexyl)phosphate;Tris(2-ethylhexyl)phosphate (TEHP)",,,,,,,,,,,,,,,,,,,,,,,,,,,,,,,,,,,,,,,,,,,,,,,,,,,,,,,,,,,,,,,,,,,,,,,,,,,,,,,,,,,,,,,,,,,,,,,,,,,,,,,,,,,,,,,,,,,,,,,,,,,,,,,,Environmental Fate and Transport#Bioaccumulation: aquatic,ECOTOX,,"Tissue-Specific Bioaccumulation, Metabolism and Excretion of Tris (2-Ethylhexyl) Phosphate (TEHP) in Rare Minnow (Gobiocypris rarus)",BCF,,True,No qualifier,Equal,Environ. Pollut.261:9 p.,,,,,,,,,,Gobiocypris rarus,Animalia (animals),Bilateria,Chordata (chordates),Vertebrata (vertebrates),"Actinopterygii (ray-finned fishes,spiny rayed fishes)",Teleostei,Ostariophysi,"Cypriniformes (minnows,suckers)",Cyprinoidea,"Cyprinidae (carps,minnows,carps and minnows)",Gobiocypris,Deuterostomia,Gnathostomata,,,,,,,,,,,,,,,,,,,,,,,Increasing,"Hou,R., Y.P. Xu, K.F. Rao, C.L. Feng, and Z.J. Wang",Accumulation,2263940,2601078,Active ingredient,Fresh water,Residue,Carrier or solvent,04/08/2021,A,Renewal,04/13/2021,Tentacles,Lab,06/15/2021,Laboratory,2020,Publication reported endpoint,"TEST WATER CONSTANTLY AERATED, FISH FED FOOD PELLETS AND BRINE SHRIMP TWICE DAILY, 16:8 LIGHT:DARK PHOTOPERIOD",DECHLORINATED TAP WATER,Measured,Tris(2-ethylhexyl)phosphate,"METABOLITES, POST-EXPOSURE MEASUREMENTS, RATE OF UPTAKE",MEAN LENGTH 43.8 MM,AP FREQ/50 PERCENT WATER REFRESHED//MEDIA/DECHLORINATED TAP WATER//,50 PERCENT WATER REFRESHED,7.4,None,3,None,3,Organism,Unknown,95,None,6,ca.,mo,Time,0.013800000000000002,mg/L,Mass concentration,milligrams per liter Calcium carbonate,Unknown,44,61,50,d,Time,7,≥,mg/L,Mass concentration,835.1,mg,Mass,30,d,Time,25,°C,Temperature,,,,,,,,,,,,,,,,,,,,,,,,,,,,,,,,,,,,,,,,,,,,,,,,,,,,,,,,,,,,,,,,,,,,,,,,,,,,,,,,,,,,,,,,,,,,,,,,,,,,,,,,,,,,,,,,,,,,,,,,,,,,,,,,,,,,,,,,,,30,d,Time,,,23.200000762939453,,RA,Unknown,,,23.200000762939453,,RA,Unknown,,
78-42-2,"Phosphoric acid, tris(2-ethylhexyl) ester;tris (2-ethylhexyl) phosphate;Tris(2-ethylhexyl) phosphate;tris(2-ethylhexyl)ester phosphoric acid;tris(2-ethylhexyl)ester_phosphoric_acid;tris(2-ethylhexyl)phosphate;Tris(2-ethylhexyl)phosphate (TEHP)",,,,,,,,,,,,,,,,,,,,,,,,,,,,,,,,,,,,,,,,,,,,,,,,,,,,,,,,,,,,,,,,,,,,,,,,,,,,,,,,,,,,,,,,,,,,,,,,,,,,,,,,,,,,,,,,,,,,,,,,,,,,,,,,Environmental Fate and Transport#Bioaccumulation: aquatic,ECOTOX,,"Tissue-Specific Bioaccumulation, Metabolism and Excretion of Tris (2-Ethylhexyl) Phosphate (TEHP) in Rare Minnow (Gobiocypris rarus)",BCF,,True,No qualifier,Equal,Environ. Pollut.261:9 p.,,,,,,,,,,Gobiocypris rarus,Animalia (animals),Bilateria,Chordata (chordates),Vertebrata (vertebrates),"Actinopterygii (ray-finned fishes,spiny rayed fishes)",Teleostei,Ostariophysi,"Cypriniformes (minnows,suckers)",Cyprinoidea,"Cyprinidae (carps,minnows,carps and minnows)",Gobiocypris,Deuterostomia,Gnathostomata,,,,,,,,,,,,,,,,,,,,,,,Increasing,"Hou,R., Y.P. Xu, K.F. Rao, C.L. Feng, and Z.J. Wang",Accumulation,2263940,2601080,Active ingredient,Fresh water,Residue,Carrier or solvent,04/08/2021,A,Renewal,04/13/2021,Tentacles,Lab,06/15/2021,Laboratory,2020,Publication reported endpoint,"TEST WATER CONSTANTLY AERATED, FISH FED FOOD PELLETS AND BRINE SHRIMP TWICE DAILY, 16:8 LIGHT:DARK PHOTOPERIOD",DECHLORINATED TAP WATER,Measured,Tris(2-ethylhexyl)phosphate,"METABOLITES, POST-EXPOSURE MEASUREMENTS, RATE OF UPTAKE",MEAN LENGTH 43.8 MM,AP FREQ/50 PERCENT WATER REFRESHED//MEDIA/DECHLORINATED TAP WATER//,50 PERCENT WATER REFRESHED,7.4,None,3,None,3,Organism,Unknown,95,None,6,ca.,mo,Time,0.11190000000000001,mg/L,Mass concentration,milligrams per liter Calcium carbonate,Unknown,44,61,50,d,Time,7,≥,mg/L,Mass concentration,835.1,mg,Mass,30,d,Time,25,°C,Temperature,,,,,,,,,,,,,,,,,,,,,,,,,,,,,,,,,,,,,,,,,,,,,,,,,,,,,,,,,,,,,,,,,,,,,,,,,,,,,,,,,,,,,,,,,,,,,,,,,,,,,,,,,,,,,,,,,,,,,,,,,,,,,,,,,,,,,,,,,,30,d,Time,,,16.899999618530273,,RA,Unknown,,,16.899999618530273,,RA,Unknown,,
78-42-2,"Phosphoric acid, tris(2-ethylhexyl) ester;tris (2-ethylhexyl) phosphate;Tris(2-ethylhexyl) phosphate;tris(2-ethylhexyl)ester phosphoric acid;tris(2-ethylhexyl)ester_phosphoric_acid;tris(2-ethylhexyl)phosphate;Tris(2-ethylhexyl)phosphate (TEHP)",,,,,,,,,,,,,,,,,,,,,,,,,,,,,,,,,,,,,,,,,,,,,,,,,,,,,,,,,,,,,,,,,,,,,,,,,,,,,,,,,,,,,,,,,,,,,,,,,,,,,,,,,,,,,,,,,,,,,,,,,,,,,,,,Environmental Fate and Transport#Bioaccumulation: aquatic,ECOTOX,,"Tissue-Specific Bioaccumulation, Metabolism and Excretion of Tris (2-Ethylhexyl) Phosphate (TEHP) in Rare Minnow (Gobiocypris rarus)",BCF,,True,No qualifier,Equal,Environ. Pollut.261:9 p.,,,,,,,,,,Gobiocypris rarus,Animalia (animals),Bilateria,Chordata (chordates),Vertebrata (vertebrates),"Actinopterygii (ray-finned fishes,spiny rayed fishes)",Teleostei,Ostariophysi,"Cypriniformes (minnows,suckers)",Cyprinoidea,"Cyprinidae (carps,minnows,carps and minnows)",Gobiocypris,Deuterostomia,Gnathostomata,,,,,,,,,,,,,,,,,,,,,,,Increasing,"Hou,R., Y.P. Xu, K.F. Rao, C.L. Feng, and Z.J. Wang",Accumulation,2263940,2601072,Active ingredient,Fresh water,Residue,Carrier or solvent,04/08/2021,A,Renewal,04/13/2021,Gill(s),Lab,06/15/2021,Laboratory,2020,Publication reported endpoint,"TEST WATER CONSTANTLY AERATED, FISH FED FOOD PELLETS AND BRINE SHRIMP TWICE DAILY, 16:8 LIGHT:DARK PHOTOPERIOD",DECHLORINATED TAP WATER,Measured,Tris(2-ethylhexyl)phosphate,"METABOLITES, POST-EXPOSURE MEASUREMENTS, RATE OF UPTAKE",MEAN LENGTH 43.8 MM,AP FREQ/50 PERCENT WATER REFRESHED//MEDIA/DECHLORINATED TAP WATER//,50 PERCENT WATER REFRESHED,7.4,None,3,None,3,Organism,Unknown,95,None,6,ca.,mo,Time,0.11190000000000001,mg/L,Mass concentration,milligrams per liter Calcium carbonate,Unknown,44,61,50,d,Time,7,≥,mg/L,Mass concentration,835.1,mg,Mass,30,d,Time,25,°C,Temperature,,,,,,,,,,,,,,,,,,,,,,,,,,,,,,,,,,,,,,,,,,,,,,,,,,,,,,,,,,,,,,,,,,,,,,,,,,,,,,,,,,,,,,,,,,,,,,,,,,,,,,,,,,,,,,,,,,,,,,,,,,,,,,,,,,,,,,,,,,30,d,Time,,,15.699999809265137,,RA,Unknown,,,15.699999809265137,,RA,Unknown,,
78-42-2,"Phosphoric acid, tris(2-ethylhexyl) ester;tris (2-ethylhexyl) phosphate;Tris(2-ethylhexyl) phosphate;tris(2-ethylhexyl)ester phosphoric acid;tris(2-ethylhexyl)ester_phosphoric_acid;tris(2-ethylhexyl)phosphate;Tris(2-ethylhexyl)phosphate (TEHP)",,,,,,,,,,,,,,,,,,,,,,,,,,,,,,,,,,,,,,,,,,,,,,,,,,,,,,,,,,,,,,,,,,,,,,,,,,,,,,,,,,,,,,,,,,,,,,,,,,,,,,,,,,,,,,,,,,,,,,,,,,,,,,,,Environmental Fate and Transport#Bioaccumulation: aquatic,ECOTOX,,"Tissue-Specific Bioaccumulation, Metabolism and Excretion of Tris (2-Ethylhexyl) Phosphate (TEHP) in Rare Minnow (Gobiocypris rarus)",BCF,,True,No qualifier,Equal,Environ. Pollut.261:9 p.,,,,,,,,,,Gobiocypris rarus,Animalia (animals),Bilateria,Chordata (chordates),Vertebrata (vertebrates),"Actinopterygii (ray-finned fishes,spiny rayed fishes)",Teleostei,Ostariophysi,"Cypriniformes (minnows,suckers)",Cyprinoidea,"Cyprinidae (carps,minnows,carps and minnows)",Gobiocypris,Deuterostomia,Gnathostomata,,,,,,,,,,,,,,,,,,,,,,,Increasing,"Hou,R., Y.P. Xu, K.F. Rao, C.L. Feng, and Z.J. Wang",Accumulation,2263940,2601065,Active ingredient,Fresh water,Residue,Carrier or solvent,04/08/2021,A,Renewal,04/13/2021,Liver,Lab,06/15/2021,Laboratory,2020,Publication reported endpoint,"TEST WATER CONSTANTLY AERATED, FISH FED FOOD PELLETS AND BRINE SHRIMP TWICE DAILY, 16:8 LIGHT:DARK PHOTOPERIOD",DECHLORINATED TAP WATER,Measured,Tris(2-ethylhexyl)phosphate,"METABOLITES, POST-EXPOSURE MEASUREMENTS, RATE OF UPTAKE",MEAN LENGTH 43.8 MM,AP FREQ/50 PERCENT WATER REFRESHED//MEDIA/DECHLORINATED TAP WATER//,50 PERCENT WATER REFRESHED,7.4,None,3,None,3,Organism,Unknown,95,None,6,ca.,mo,Time,0.013800000000000002,mg/L,Mass concentration,milligrams per liter Calcium carbonate,Unknown,44,61,50,d,Time,7,≥,mg/L,Mass concentration,835.1,mg,Mass,30,d,Time,25,°C,Temperature,,,,,,,,,,,,,,,,,,,,,,,,,,,,,,,,,,,,,,,,,,,,,,,,,,,,,,,,,,,,,,,,,,,,,,,,,,,,,,,,,,,,,,,,,,,,,,,,,,,,,,,,,,,,,,,,,,,,,,,,,,,,,,,,,,,,,,,,,,30,d,Time,,,23.5,,RA,Unknown,,,23.5,,RA,Unknown,,
78-42-2,"Phosphoric acid, tris(2-ethylhexyl) ester;tris (2-ethylhexyl) phosphate;Tris(2-ethylhexyl) phosphate;tris(2-ethylhexyl)ester phosphoric acid;tris(2-ethylhexyl)ester_phosphoric_acid;tris(2-ethylhexyl)phosphate;Tris(2-ethylhexyl)phosphate (TEHP)",,,,,,,,,,,,,,,,,,,,,,,,,,,,,,,,,,,,,,,,,,,,,,,,,,,,,,,,,,,,,,,,,,,,,,,,,,,,,,,,,,,,,,,,,,,,,,,,,,,,,,,,,,,,,,,,,,,,,,,,,,,,,,,,Environmental Fate and Transport#Bioaccumulation: aquatic,ECOTOX,,"Tissue-Specific Bioaccumulation, Metabolism and Excretion of Tris (2-Ethylhexyl) Phosphate (TEHP) in Rare Minnow (Gobiocypris rarus)",BCF,,True,No qualifier,Equal,Environ. Pollut.261:9 p.,,,,,,,,,,Gobiocypris rarus,Animalia (animals),Bilateria,Chordata (chordates),Vertebrata (vertebrates),"Actinopterygii (ray-finned fishes,spiny rayed fishes)",Teleostei,Ostariophysi,"Cypriniformes (minnows,suckers)",Cyprinoidea,"Cyprinidae (carps,minnows,carps and minnows)",Gobiocypris,Deuterostomia,Gnathostomata,,,,,,,,,,,,,,,,,,,,,,,Increasing,"Hou,R., Y.P. Xu, K.F. Rao, C.L. Feng, and Z.J. Wang",Accumulation,2263940,2601073,Active ingredient,Fresh water,Residue,Carrier or solvent,04/08/2021,A,Renewal,04/13/2021,Gastrointestinal tract,Lab,06/15/2021,Laboratory,2020,Publication reported endpoint,"TEST WATER CONSTANTLY AERATED, FISH FED FOOD PELLETS AND BRINE SHRIMP TWICE DAILY, 16:8 LIGHT:DARK PHOTOPERIOD",DECHLORINATED TAP WATER,Measured,Tris(2-ethylhexyl)phosphate,"METABOLITES, POST-EXPOSURE MEASUREMENTS, RATE OF UPTAKE",MEAN LENGTH 43.8 MM,AP FREQ/50 PERCENT WATER REFRESHED//MEDIA/DECHLORINATED TAP WATER//,50 PERCENT WATER REFRESHED,7.4,None,3,None,3,Organism,Unknown,95,None,6,ca.,mo,Time,0.013800000000000002,mg/L,Mass concentration,milligrams per liter Calcium carbonate,Unknown,44,61,50,d,Time,7,≥,mg/L,Mass concentration,835.1,mg,Mass,30,d,Time,25,°C,Temperature,,,,,,,,,,,,,,,,,,,,,,,,,,,,,,,,,,,,,,,,,,,,,,,,,,,,,,,,,,,,,,,,,,,,,,,,,,,,,,,,,,,,,,,,,,,,,,,,,,,,,,,,,,,,,,,,,,,,,,,,,,,,,,,,,,,,,,,,,,30,d,Time,,,18.200000762939453,,RA,Unknown,,,18.200000762939453,,RA,Unknown,,
78-42-2,"Phosphoric acid, tris(2-ethylhexyl) ester;tris (2-ethylhexyl) phosphate;Tris(2-ethylhexyl) phosphate;tris(2-ethylhexyl)ester phosphoric acid;tris(2-ethylhexyl)ester_phosphoric_acid;tris(2-ethylhexyl)phosphate;Tris(2-ethylhexyl)phosphate (TEHP)",,,,,,,,,,,,,,,,,,,,,,,,,,,,,,,,,,,,,,,,,,,,,,,,,,,,,,,,,,,,,,,,,,,,,,,,,,,,,,,,,,,,,,,,,,,,,,,,,,,,,,,,,,,,,,,,,,,,,,,,,,,,,,,,Environmental Fate and Transport#Bioaccumulation: aquatic,ECOTOX,,"Tissue-Specific Bioaccumulation, Metabolism and Excretion of Tris (2-Ethylhexyl) Phosphate (TEHP) in Rare Minnow (Gobiocypris rarus)",BCF,,True,No qualifier,Equal,Environ. Pollut.261:9 p.,,,,,,,,,,Gobiocypris rarus,Animalia (animals),Bilateria,Chordata (chordates),Vertebrata (vertebrates),"Actinopterygii (ray-finned fishes,spiny rayed fishes)",Teleostei,Ostariophysi,"Cypriniformes (minnows,suckers)",Cyprinoidea,"Cyprinidae (carps,minnows,carps and minnows)",Gobiocypris,Deuterostomia,Gnathostomata,,,,,,,,,,,,,,,,,,,,,,,Increasing,"Hou,R., Y.P. Xu, K.F. Rao, C.L. Feng, and Z.J. Wang",Accumulation,2263940,2601070,Active ingredient,Fresh water,Residue,Carrier or solvent,04/08/2021,A,Renewal,04/13/2021,Gill(s),Lab,06/15/2021,Laboratory,2020,Publication reported endpoint,"TEST WATER CONSTANTLY AERATED, FISH FED FOOD PELLETS AND BRINE SHRIMP TWICE DAILY, 16:8 LIGHT:DARK PHOTOPERIOD",DECHLORINATED TAP WATER,Measured,Tris(2-ethylhexyl)phosphate,"METABOLITES, POST-EXPOSURE MEASUREMENTS, RATE OF UPTAKE",MEAN LENGTH 43.8 MM,AP FREQ/50 PERCENT WATER REFRESHED//MEDIA/DECHLORINATED TAP WATER//,50 PERCENT WATER REFRESHED,7.4,None,3,None,3,Organism,Unknown,95,None,6,ca.,mo,Time,0.013800000000000002,mg/L,Mass concentration,milligrams per liter Calcium carbonate,Unknown,44,61,50,d,Time,7,≥,mg/L,Mass concentration,835.1,mg,Mass,30,d,Time,25,°C,Temperature,,,,,,,,,,,,,,,,,,,,,,,,,,,,,,,,,,,,,,,,,,,,,,,,,,,,,,,,,,,,,,,,,,,,,,,,,,,,,,,,,,,,,,,,,,,,,,,,,,,,,,,,,,,,,,,,,,,,,,,,,,,,,,,,,,,,,,,,,,30,d,Time,,,19.799999237060547,,RA,Unknown,,,19.799999237060547,,RA,Unknown,,
78-42-2,"Phosphoric acid, tris(2-ethylhexyl) ester;tris (2-ethylhexyl) phosphate;Tris(2-ethylhexyl) phosphate;tris(2-ethylhexyl)ester phosphoric acid;tris(2-ethylhexyl)ester_phosphoric_acid;tris(2-ethylhexyl)phosphate;Tris(2-ethylhexyl)phosphate (TEHP)",,,,,,,,,,,,,,,,,,,,,,,,,,,,,,,,,,,,,,,,,,,,,,,,,,,,,,,,,,,,,,,,,,,,,,,,,,,,,,,,,,,,,,,,,,,,,,,,,,,,,,,,,,,,,,,,,,,,,,,,,,,,,,,,Environmental Fate and Transport#Bioaccumulation: aquatic,ECOTOX,,"Tissue-Specific Bioaccumulation, Metabolism and Excretion of Tris (2-Ethylhexyl) Phosphate (TEHP) in Rare Minnow (Gobiocypris rarus)",BCF,,True,No qualifier,Equal,Environ. Pollut.261:9 p.,,,,,,,,,,Gobiocypris rarus,Animalia (animals),Bilateria,Chordata (chordates),Vertebrata (vertebrates),"Actinopterygii (ray-finned fishes,spiny rayed fishes)",Teleostei,Ostariophysi,"Cypriniformes (minnows,suckers)",Cyprinoidea,"Cyprinidae (carps,minnows,carps and minnows)",Gobiocypris,Deuterostomia,Gnathostomata,,,,,,,,,,,,,,,,,,,,,,,Increasing,"Hou,R., Y.P. Xu, K.F. Rao, C.L. Feng, and Z.J. Wang",Accumulation,2263940,2601068,Active ingredient,Fresh water,Residue,Carrier or solvent,04/08/2021,A,Renewal,04/13/2021,Kidney,Lab,06/15/2021,Laboratory,2020,Publication reported endpoint,"TEST WATER CONSTANTLY AERATED, FISH FED FOOD PELLETS AND BRINE SHRIMP TWICE DAILY, 16:8 LIGHT:DARK PHOTOPERIOD",DECHLORINATED TAP WATER,Measured,Tris(2-ethylhexyl)phosphate,"METABOLITES, POST-EXPOSURE MEASUREMENTS, RATE OF UPTAKE",MEAN LENGTH 43.8 MM,AP FREQ/50 PERCENT WATER REFRESHED//MEDIA/DECHLORINATED TAP WATER//,50 PERCENT WATER REFRESHED,7.4,None,3,None,3,Organism,Unknown,95,None,6,ca.,mo,Time,0.11190000000000001,mg/L,Mass concentration,milligrams per liter Calcium carbonate,Unknown,44,61,50,d,Time,7,≥,mg/L,Mass concentration,835.1,mg,Mass,30,d,Time,25,°C,Temperature,,,,,,,,,,,,,,,,,,,,,,,,,,,,,,,,,,,,,,,,,,,,,,,,,,,,,,,,,,,,,,,,,,,,,,,,,,,,,,,,,,,,,,,,,,,,,,,,,,,,,,,,,,,,,,,,,,,,,,,,,,,,,,,,,,,,,,,,,,30,d,Time,,,29.200000762939453,,RA,Unknown,,,29.200000762939453,,RA,Unknown,,
78-42-2,"Phosphoric acid, tris(2-ethylhexyl) ester;tris (2-ethylhexyl) phosphate;Tris(2-ethylhexyl) phosphate;tris(2-ethylhexyl)ester phosphoric acid;tris(2-ethylhexyl)ester_phosphoric_acid;tris(2-ethylhexyl)phosphate;Tris(2-ethylhexyl)phosphate (TEHP)",,,,,,,,,,,,,,,,,,,,,,,,,,,,,,,,,,,,,,,,,,,,,,,,,,,,,,,,,,,,,,,,,,,,,,,,,,,,,,,,,,,,,,,,,,,,,,,,,,,,,,,,,,,,,,,,,,,,,,,,,,,,,,,,Environmental Fate and Transport#Bioaccumulation: aquatic,ECOTOX,,"Tissue-Specific Bioaccumulation, Metabolism and Excretion of Tris (2-Ethylhexyl) Phosphate (TEHP) in Rare Minnow (Gobiocypris rarus)",BCF,,True,No qualifier,Equal,Environ. Pollut.261:9 p.,,,,,,,,,,Gobiocypris rarus,Animalia (animals),Bilateria,Chordata (chordates),Vertebrata (vertebrates),"Actinopterygii (ray-finned fishes,spiny rayed fishes)",Teleostei,Ostariophysi,"Cypriniformes (minnows,suckers)",Cyprinoidea,"Cyprinidae (carps,minnows,carps and minnows)",Gobiocypris,Deuterostomia,Gnathostomata,,,,,,,,,,,,,,,,,,,,,,,Increasing,"Hou,R., Y.P. Xu, K.F. Rao, C.L. Feng, and Z.J. Wang",Accumulation,2263940,2601062,Active ingredient,Fresh water,Residue,Carrier or solvent,04/08/2021,A,Renewal,04/13/2021,Muscle,Lab,06/15/2021,Laboratory,2020,Publication reported endpoint,"TEST WATER CONSTANTLY AERATED, FISH FED FOOD PELLETS AND BRINE SHRIMP TWICE DAILY, 16:8 LIGHT:DARK PHOTOPERIOD",DECHLORINATED TAP WATER,Measured,Tris(2-ethylhexyl)phosphate,"METABOLITES, POST-EXPOSURE MEASUREMENTS, RATE OF UPTAKE",MEAN LENGTH 43.8 MM,AP FREQ/50 PERCENT WATER REFRESHED//MEDIA/DECHLORINATED TAP WATER//,50 PERCENT WATER REFRESHED,7.4,None,3,None,3,Organism,Unknown,95,None,6,ca.,mo,Time,0.013800000000000002,mg/L,Mass concentration,milligrams per liter Calcium carbonate,Unknown,44,61,50,d,Time,7,≥,mg/L,Mass concentration,835.1,mg,Mass,30,d,Time,25,°C,Temperature,,,,,,,,,,,,,,,,,,,,,,,,,,,,,,,,,,,,,,,,,,,,,,,,,,,,,,,,,,,,,,,,,,,,,,,,,,,,,,,,,,,,,,,,,,,,,,,,,,,,,,,,,,,,,,,,,,,,,,,,,,,,,,,,,,,,,,,,,,30,d,Time,,,19.399999618530273,,RA,Unknown,,,19.399999618530273,,RA,Unknown,,
78-42-2,"Phosphoric acid, tris(2-ethylhexyl) ester;tris (2-ethylhexyl) phosphate;Tris(2-ethylhexyl) phosphate;tris(2-ethylhexyl)ester phosphoric acid;tris(2-ethylhexyl)ester_phosphoric_acid;tris(2-ethylhexyl)phosphate;Tris(2-ethylhexyl)phosphate (TEHP)",,,,,,,,,,,,,,,,,,,,,,,,,,,,,,,,,,,,,,,,,,,,,,,,,,,,,,,,,,,,,,,,,,,,,,,,,,,,,,,,,,,,,,,,,,,,,,,,,,,,,,,,,,,,,,,,,,,,,,,,,,,,,,,,Environmental Fate and Transport#Bioaccumulation: aquatic,ECOTOX,,"Tissue-Specific Bioaccumulation, Metabolism and Excretion of Tris (2-Ethylhexyl) Phosphate (TEHP) in Rare Minnow (Gobiocypris rarus)",BCF,,True,No qualifier,Equal,Environ. Pollut.261:9 p.,,,,,,,,,,Gobiocypris rarus,Animalia (animals),Bilateria,Chordata (chordates),Vertebrata (vertebrates),"Actinopterygii (ray-finned fishes,spiny rayed fishes)",Teleostei,Ostariophysi,"Cypriniformes (minnows,suckers)",Cyprinoidea,"Cyprinidae (carps,minnows,carps and minnows)",Gobiocypris,Deuterostomia,Gnathostomata,,,,,,,,,,,,,,,,,,,,,,,Increasing,"Hou,R., Y.P. Xu, K.F. Rao, C.L. Feng, and Z.J. Wang",Accumulation,2263940,2601067,Active ingredient,Fresh water,Residue,Carrier or solvent,04/08/2021,A,Renewal,04/13/2021,Kidney,Lab,06/15/2021,Laboratory,2020,Publication reported endpoint,"TEST WATER CONSTANTLY AERATED, FISH FED FOOD PELLETS AND BRINE SHRIMP TWICE DAILY, 16:8 LIGHT:DARK PHOTOPERIOD",DECHLORINATED TAP WATER,Measured,Tris(2-ethylhexyl)phosphate,"METABOLITES, POST-EXPOSURE MEASUREMENTS, RATE OF UPTAKE",MEAN LENGTH 43.8 MM,AP FREQ/50 PERCENT WATER REFRESHED//MEDIA/DECHLORINATED TAP WATER//,50 PERCENT WATER REFRESHED,7.4,None,3,None,3,Organism,Unknown,95,None,6,ca.,mo,Time,0.013800000000000002,mg/L,Mass concentration,milligrams per liter Calcium carbonate,Unknown,44,61,50,d,Time,7,≥,mg/L,Mass concentration,835.1,mg,Mass,30,d,Time,25,°C,Temperature,,,,,,,,,,,,,,,,,,,,,,,,,,,,,,,,,,,,,,,,,,,,,,,,,,,,,,,,,,,,,,,,,,,,,,,,,,,,,,,,,,,,,,,,,,,,,,,,,,,,,,,,,,,,,,,,,,,,,,,,,,,,,,,,,,,,,,,,,,30,d,Time,,,29.299999237060547,,RA,Unknown,,,29.299999237060547,,RA,Unknown,,
78-42-2,"Phosphoric acid, tris(2-ethylhexyl) ester;tris (2-ethylhexyl) phosphate;Tris(2-ethylhexyl) phosphate;tris(2-ethylhexyl)ester phosphoric acid;tris(2-ethylhexyl)ester_phosphoric_acid;tris(2-ethylhexyl)phosphate;Tris(2-ethylhexyl)phosphate (TEHP)",,,,,,,,,,,,,,,,,,,,,,,,,,,,,,,,,,,,,,,,,,,,,,,,,,,,,,,,,,,,,,,,,,,,,,,,,,,,,,,,,,,,,,,,,,,,,,,,,,,,,,,,,,,,,,,,,,,,,,,,,,,,,,,,Environmental Fate and Transport#Bioaccumulation: aquatic,ECOTOX,,"Tissue-Specific Bioaccumulation, Metabolism and Excretion of Tris (2-Ethylhexyl) Phosphate (TEHP) in Rare Minnow (Gobiocypris rarus)",BCF,,True,No qualifier,Equal,Environ. Pollut.261:9 p.,,,,,,,,,,Gobiocypris rarus,Animalia (animals),Bilateria,Chordata (chordates),Vertebrata (vertebrates),"Actinopterygii (ray-finned fishes,spiny rayed fishes)",Teleostei,Ostariophysi,"Cypriniformes (minnows,suckers)",Cyprinoidea,"Cyprinidae (carps,minnows,carps and minnows)",Gobiocypris,Deuterostomia,Gnathostomata,,,,,,,,,,,,,,,,,,,,,,,Increasing,"Hou,R., Y.P. Xu, K.F. Rao, C.L. Feng, and Z.J. Wang",Accumulation,2263940,2601064,Active ingredient,Fresh water,Residue,Carrier or solvent,04/08/2021,A,Renewal,04/13/2021,Muscle,Lab,06/15/2021,Laboratory,2020,Publication reported endpoint,"TEST WATER CONSTANTLY AERATED, FISH FED FOOD PELLETS AND BRINE SHRIMP TWICE DAILY, 16:8 LIGHT:DARK PHOTOPERIOD",DECHLORINATED TAP WATER,Measured,Tris(2-ethylhexyl)phosphate,"METABOLITES, POST-EXPOSURE MEASUREMENTS, RATE OF UPTAKE",MEAN LENGTH 43.8 MM,AP FREQ/50 PERCENT WATER REFRESHED//MEDIA/DECHLORINATED TAP WATER//,50 PERCENT WATER REFRESHED,7.4,None,3,None,3,Organism,Unknown,95,None,6,ca.,mo,Time,0.11190000000000001,mg/L,Mass concentration,milligrams per liter Calcium carbonate,Unknown,44,61,50,d,Time,7,≥,mg/L,Mass concentration,835.1,mg,Mass,30,d,Time,25,°C,Temperature,,,,,,,,,,,,,,,,,,,,,,,,,,,,,,,,,,,,,,,,,,,,,,,,,,,,,,,,,,,,,,,,,,,,,,,,,,,,,,,,,,,,,,,,,,,,,,,,,,,,,,,,,,,,,,,,,,,,,,,,,,,,,,,,,,,,,,,,,,30,d,Time,,,13,,RA,Unknown,,,13,,RA,Unknown,,
78-42-2,"Phosphoric acid, tris(2-ethylhexyl) ester;tris (2-ethylhexyl) phosphate;Tris(2-ethylhexyl) phosphate;tris(2-ethylhexyl)ester phosphoric acid;tris(2-ethylhexyl)ester_phosphoric_acid;tris(2-ethylhexyl)phosphate;Tris(2-ethylhexyl)phosphate (TEHP)",,,,,,,,,,,,,,,,,,,,,,,,,,,,,,,,,,,,,,,,,,,,,,,,,,,,,,,,,,,,,,,,,,,,,,,,,,,,,,,,,,,,,,,,,,,,,,,,,,,,,,,,,,,,,,,,,,,,,,,,,,,,,,,,Environmental Fate and Transport#Bioaccumulation: aquatic,ECOTOX,,"Tissue-Specific Bioaccumulation, Metabolism and Excretion of Tris (2-Ethylhexyl) Phosphate (TEHP) in Rare Minnow (Gobiocypris rarus)",BCF,,True,No qualifier,Equal,Environ. Pollut.261:9 p.,,,,,,,,,,Gobiocypris rarus,Animalia (animals),Bilateria,Chordata (chordates),Vertebrata (vertebrates),"Actinopterygii (ray-finned fishes,spiny rayed fishes)",Teleostei,Ostariophysi,"Cypriniformes (minnows,suckers)",Cyprinoidea,"Cyprinidae (carps,minnows,carps and minnows)",Gobiocypris,Deuterostomia,Gnathostomata,,,,,,,,,,,,,,,,,,,,,,,Increasing,"Hou,R., Y.P. Xu, K.F. Rao, C.L. Feng, and Z.J. Wang",Accumulation,2263940,2601077,Active ingredient,Fresh water,Residue,Carrier or solvent,04/08/2021,A,Renewal,04/13/2021,Ovaries,Lab,06/15/2021,Laboratory,2020,Publication reported endpoint,"TEST WATER CONSTANTLY AERATED, FISH FED FOOD PELLETS AND BRINE SHRIMP TWICE DAILY, 16:8 LIGHT:DARK PHOTOPERIOD",DECHLORINATED TAP WATER,Measured,Tris(2-ethylhexyl)phosphate,"METABOLITES, POST-EXPOSURE MEASUREMENTS, RATE OF UPTAKE",MEAN LENGTH 43.8 MM,AP FREQ/50 PERCENT WATER REFRESHED//MEDIA/DECHLORINATED TAP WATER//,50 PERCENT WATER REFRESHED,7.4,None,3,None,3,Organism,Unknown,95,None,6,ca.,mo,Time,0.11190000000000001,mg/L,Mass concentration,milligrams per liter Calcium carbonate,Unknown,44,61,50,d,Time,7,≥,mg/L,Mass concentration,835.1,mg,Mass,30,d,Time,25,°C,Temperature,,,,,,,,,,,,,,,,,,,,,,,,,,,,,,,,,,,,,,,,,,,,,,,,,,,,,,,,,,,,,,,,,,,,,,,,,,,,,,,,,,,,,,,,,,,,,,,,,,,,,,,,,,,,,,,,,,,,,,,,,,,,,,,,,,,,,,,,,,30,d,Time,,,23.100000381469727,,RA,Unknown,,,23.100000381469727,,RA,Unknown,,
78-42-2,"Phosphoric acid, tris(2-ethylhexyl) ester;tris (2-ethylhexyl) phosphate;Tris(2-ethylhexyl) phosphate;tris(2-ethylhexyl)ester phosphoric acid;tris(2-ethylhexyl)ester_phosphoric_acid;tris(2-ethylhexyl)phosphate;Tris(2-ethylhexyl)phosphate (TEHP)",,,,,,,,,,,,,,,,,,,,,,,,,,,,,,,,,,,,,,,,,,,,,,,,,,,,,,,,,,,,,,,,,,,,,,,,,,,,,,,,,,,,,,,,,,,,,,,,,,,,,,,,,,,,,,,,,,,,,,,,,,,,,,,,Environmental Fate and Transport#Bioaccumulation: aquatic,ECOTOX,,"Tissue-Specific Bioaccumulation, Metabolism and Excretion of Tris (2-Ethylhexyl) Phosphate (TEHP) in Rare Minnow (Gobiocypris rarus)",BCF,,True,No qualifier,Equal,Environ. Pollut.261:9 p.,,,,,,,,,,Gobiocypris rarus,Animalia (animals),Bilateria,Chordata (chordates),Vertebrata (vertebrates),"Actinopterygii (ray-finned fishes,spiny rayed fishes)",Teleostei,Ostariophysi,"Cypriniformes (minnows,suckers)",Cyprinoidea,"Cyprinidae (carps,minnows,carps and minnows)",Gobiocypris,Deuterostomia,Gnathostomata,,,,,,,,,,,,,,,,,,,,,,,Increasing,"Hou,R., Y.P. Xu, K.F. Rao, C.L. Feng, and Z.J. Wang",Accumulation,2263940,2601066,Active ingredient,Fresh water,Residue,Carrier or solvent,04/08/2021,A,Renewal,04/13/2021,Liver,Lab,06/15/2021,Laboratory,2020,Publication reported endpoint,"TEST WATER CONSTANTLY AERATED, FISH FED FOOD PELLETS AND BRINE SHRIMP TWICE DAILY, 16:8 LIGHT:DARK PHOTOPERIOD",DECHLORINATED TAP WATER,Measured,Tris(2-ethylhexyl)phosphate,"METABOLITES, POST-EXPOSURE MEASUREMENTS, RATE OF UPTAKE",MEAN LENGTH 43.8 MM,AP FREQ/50 PERCENT WATER REFRESHED//MEDIA/DECHLORINATED TAP WATER//,50 PERCENT WATER REFRESHED,7.4,None,3,None,3,Organism,Unknown,95,None,6,ca.,mo,Time,0.11190000000000001,mg/L,Mass concentration,milligrams per liter Calcium carbonate,Unknown,44,61,50,d,Time,7,≥,mg/L,Mass concentration,835.1,mg,Mass,30,d,Time,25,°C,Temperature,,,,,,,,,,,,,,,,,,,,,,,,,,,,,,,,,,,,,,,,,,,,,,,,,,,,,,,,,,,,,,,,,,,,,,,,,,,,,,,,,,,,,,,,,,,,,,,,,,,,,,,,,,,,,,,,,,,,,,,,,,,,,,,,,,,,,,,,,,30,d,Time,,,22.700000762939453,,RA,Unknown,,,22.700000762939453,,RA,Unknown,,
78-42-2,"Phosphoric acid, tris(2-ethylhexyl) ester;tris (2-ethylhexyl) phosphate;Tris(2-ethylhexyl) phosphate;tris(2-ethylhexyl)ester phosphoric acid;tris(2-ethylhexyl)ester_phosphoric_acid;tris(2-ethylhexyl)phosphate;Tris(2-ethylhexyl)phosphate (TEHP)",,,,,,,,,,,,,,,,,,,,,,,,,,,,,,,,,,,,,,,,,,,,,,,,,,,,,,,,,,,,,,,,,,,,,,,,,,,,,,,,,,,,,,,,,,,,,,,,,,,,,,,,,,,,,,,,,,,,,,,,,,,,,,,,Environmental Fate and Transport#Bioaccumulation: aquatic,Phys-chem EPISUITE,,,BCF,,False,No qualifier,Equal,SRC,,,,,,,,"Bioconcentration factor in fish , NonIonic Training Set",,,,,,,,,,,,,,,,,,,,,wet weight,,,,,,,,,,,,,,,,,,,,,,,,,,,,,,,,,,,,,,,,,,,,,,,,,,,,,,,,,,,,,,,,,,,,,,,,,,,,,,,,,,,,,,,,,,,,,,,,,,,,,,,,,,,,,,,,,,,,,,,,,,,,,,,,,,,,,,,,,,,,,,,,,,,,,,,,,,,,,,,,,,,,,,,,,,,,,,,,,,,,,,,,,,,,,,,,,,,,,,,,,,,,,,,,,,,,,,,,,,,,,,1.7000000476837158,,log(L/kg),Specific volume,,,1.7000000476837158,,log(L/kg),Specific volume,,
78-42-2,"Phosphoric acid, tris(2-ethylhexyl) ester;tris (2-ethylhexyl) phosphate;Tris(2-ethylhexyl) phosphate;tris(2-ethylhexyl)ester phosphoric acid;tris(2-ethylhexyl)ester_phosphoric_acid;tris(2-ethylhexyl)phosphate;Tris(2-ethylhexyl)phosphate (TEHP)",,,,,,,,,,,,,,,,,,,,,,,,,,,,,,,,,,,,,,,,,,,,,,,,,,,,,,,,,,,,,,,,,,,,,,,,,,,,,,,,,,,,,,,,,,,,,,,,,,,,,,,,,,,,,,,,,,,,,,,,,,,,,,,,Environmental Fate and Transport#Bioaccumulation: aquatic,kM database Environment Canada,1992,,kM,,True,No qualifier,Equal,http://qsar.cerij.or.jp/cgi-bin/DEGACC/index.cgi?e,,,,,,,,"Metabolic biotransformation rate constant (kM), normalized to 10 g fish @ 15oC",,Cyprinus carpio,Animalia (animals),Bilateria,Chordata (chordates),Vertebrata (vertebrates),"Actinopterygii (ray-finned fishes,spiny rayed fishes)",Teleostei,Ostariophysi,"Cypriniformes (minnows,suckers)",Cyprinoidea,"Cyprinidae (carps,minnows,carps and minnows)",Cyprinus (common carps),Deuterostomia,Gnathostomata,,,,,,,Common carp,,,,,,,,,,,,,,,,,CERI,,,,,,,,,,,,,,,,,,,,,,,,,,,,,,,,,,,,,,,,,,,,,,,,,,,,,,,,,,,,,,,,8.199999947261553,moderate,0.5628628662724332,1/Days,Unknown,,,,,,,,,,,,,,,,,,,,,,,,,,,,,,,,,,,,,,,,,,,,,,,,,,,,,,,,,,,,,,,,,,,,,,,,,,,,,,,,,,,,,,,,,,,,,,,,,,,,,,,,,,,,,,,,,,,,,,,,,,,,,,,,,,,,,,,,0.6702756881713867,,1/Days,Unknown,,,0.6702756881713867,,1/Days,Unknown,,
78-42-2,"Phosphoric acid, tris(2-ethylhexyl) ester;tris (2-ethylhexyl) phosphate;Tris(2-ethylhexyl) phosphate;tris(2-ethylhexyl)ester phosphoric acid;tris(2-ethylhexyl)ester_phosphoric_acid;tris(2-ethylhexyl)phosphate;Tris(2-ethylhexyl)phosphate (TEHP)",,,,,,,,,,,,,,,,,,,,,,,,,,,,,,,,,,,,,,,,,,,,,,,,,,,,,,,,,,,,,,,,,,,,,,,,,,,,,,,,,,,,,,,,,,,,,,,,,,,,,,,,,,,,,,,,,,,,,,,,,,,,,,,,Environmental Fate and Transport#Bioaccumulation: aquatic,kM database Environment Canada,1992,,kM,,True,No qualifier,Equal,http://qsar.cerij.or.jp/cgi-bin/DEGACC/index.cgi?e,,,,,,,,"Metabolic biotransformation rate constant (kM), normalized to 10 g fish @ 15oC",,Cyprinus carpio,Animalia (animals),Bilateria,Chordata (chordates),Vertebrata (vertebrates),"Actinopterygii (ray-finned fishes,spiny rayed fishes)",Teleostei,Ostariophysi,"Cypriniformes (minnows,suckers)",Cyprinoidea,"Cyprinidae (carps,minnows,carps and minnows)",Cyprinus (common carps),Deuterostomia,Gnathostomata,,,,,,,Common carp,,,,,,,,,,,,,,,,,CERI,,,,,,,,,,,,,,,,,,,,,,,,,,,,,,,,,,,,,,,,,,,,,,,,,,,,,,,,,,,,,,,,8.199999947261553,good,2.3040417948677696,1/Days,Unknown,,,,,,,,,,,,,,,,,,,,,,,,,,,,,,,,,,,,,,,,,,,,,,,,,,,,,,,,,,,,,,,,,,,,,,,,,,,,,,,,,,,,,,,,,,,,,,,,,,,,,,,,,,,,,,,,,,,,,,,,,,,,,,,,,,,,,,,,2.7437291145324707,,1/Days,Unknown,,,2.7437291145324707,,1/Days,Unknown,,
78-42-2,"Phosphoric acid, tris(2-ethylhexyl) ester;tris (2-ethylhexyl) phosphate;Tris(2-ethylhexyl) phosphate;tris(2-ethylhexyl)ester phosphoric acid;tris(2-ethylhexyl)ester_phosphoric_acid;tris(2-ethylhexyl)phosphate;Tris(2-ethylhexyl)phosphate (TEHP)",,,,,,,,,,,,,,,,,,,,,,,,,,,,,,,,,,,,,,,,,,,,,,,,,,,,,,,,,,,,,,,,,,,,,,,,,,,,,,,,,,,,,,,,,,,,,,,,,,,,,,,,,,,,,,,,,,,,,,,,,,,,,,,,Environmental Fate and Transport#Bioaccumulation: aquatic,Phys-chem EPISUITE,,,kM Half-Life,,False,No qualifier,Equal,SRC,,,,,,,,"kM - fish metabolism rate , Validation Set",,,,,,,,,,,,,,,,,,,,,,,,,,,,,,,,,,,,,,,,,,,,,,,,,,,,,,,,,,,,,,,,,,,,,,,,,,,,,,,,,,,,,,,,,,,,,,,,,,,,,,,,,,,,,,,,,,,,,,,,,,,,,,,,,,,,,,,,,,,,,,,,,,,,,,,,,,,,,,,,,,,,,,,,,,,,,,,,,,,,,,,,,,,,,,,,,,,,,,,,,,,,,,,,,,,,,,,,,,,,,,,,,,,,,,,,,,,,,,,,,,,-0.29417455196380615,,log(Days),Unknown,,,-0.29417455196380615,,log(Days),Unknown,,
78-42-2,"Phosphoric acid, tris(2-ethylhexyl) ester;tris (2-ethylhexyl) phosphate;Tris(2-ethylhexyl) phosphate;tris(2-ethylhexyl)ester phosphoric acid;tris(2-ethylhexyl)ester_phosphoric_acid;tris(2-ethylhexyl)phosphate;Tris(2-ethylhexyl)phosphate (TEHP)",,,,,,,,,,,,,,,,,,,,,,,,,,,,,,,,,,,,,,,,,,,,,,,,,,,,,,,,,,,,,,,,,,,,,,,,,,,,,,,,,,,,,,,,,,,,,,,,,,,,,,,,,,,,,,,,,,,,,,,,,,,,,,,,Environmental Fate and Transport#Biodegradation#Biodegradation in Water: Screening Tests#Ready Biodegradability,Biodegradation NITE,1985,,BOD,OECD 301C,False,No qualifier,Equal,http://www.safe.nite.go.jp/japan/db.html,,,,,,,,,,Microorganisms,,,,,,,,,,,,,,,571,,,,,,,,,,,,,,,,,,,,,,,,,,,,,,,,,,,,,,,,,,,,,,,,,,,,,,,,,,,,,,,,,,,,,,,,,,,,,,,,,,,,,,,,,,,Biodegradation Data of Existing Chemicals Based on the CSCL Japan,,,,,,,,,,,,,,,,,,,,,,,,,,,,,,,,,,,,,,,,,,,,,,,,,,,,,,,,,,,,,,,,,,,,,,,,,,,,,,,,,,,,,,,,,,,,,,,,,,,,,,,,,,,,,,,,,,,,,,,,,,,,,,,,,,28,d,Time,,,0,,%,Biodegradability (%),,,0,,%,Biodegradability (%),,
78-42-2,"Phosphoric acid, tris(2-ethylhexyl) ester;tris (2-ethylhexyl) phosphate;Tris(2-ethylhexyl) phosphate;tris(2-ethylhexyl)ester phosphoric acid;tris(2-ethylhexyl)ester_phosphoric_acid;tris(2-ethylhexyl)phosphate;Tris(2-ethylhexyl)phosphate (TEHP)",,,,,,,,,,,,,,,,,,,,,,,,,,,,,,,,,,,,,,,,,,,,,,,,,,,,,,,,,,,,,,,,,,,,,,,,,,,,,,,,,,,,,,,,,,,,,,,,,,,,,,,,,,,,,,,,,,,,,,,,,,,,,,,,Environmental Fate and Transport#Transport and Distribution Between Environmental Compartments#Henry's Law constant (H),Phys-chem EPISUITE,,,Henry's Law constant,,False,No qualifier,Equal,SRC,°C,Temperature,25,,,,,Extrapolated Experimental dataerimental data,,,,,,,,,,,,,,,,,,,,,,,,,,,,,,,,,,,,,,,,,,,,,,,,,,,,,,,,,,,,,,,,,,,,,,,,,,,,,,,,,,,,,,,,,,,,,,,,,,,,,,,,,,,,,,,,,,,,,,,,,,,,,,,,,,,,,,,,,,,,,,,,,,,,,,,,,,,,,,,,,,,,,,,,,,,,,,,,,,,,,,,,,,,,,,,,,,,,,,,,,,,,,,,,,,,,,,,,,,,,,,,,,,,,,,,,,,,,,,,,,,,7.860000295067948E-08,,atm-m3/mole,Pressure per mole,,,7.860000295067948E-08,,atm-m3/mole,Pressure per mole,,
78-42-2,"Phosphoric acid, tris(2-ethylhexyl) ester;tris (2-ethylhexyl) phosphate;Tris(2-ethylhexyl) phosphate;tris(2-ethylhexyl)ester phosphoric acid;tris(2-ethylhexyl)ester_phosphoric_acid;tris(2-ethylhexyl)phosphate;Tris(2-ethylhexyl)phosphate (TEHP)",,,,,,,,,,,,,,,,,,,,,,,,,,,,,,,,,,,,,,,,,,,,,,,,,,,,,,,,,,,,,,,,,,,,,,,,,,,,,,,,,,,,,,,,,,,,,,,,,,,,,,,,,,,,,,,,,,,,,,,,,,,,,,,,Ecotoxicological Information#Aquatic Toxicity,ECOTOX,,"Tissue-Specific Bioaccumulation, Metabolism and Excretion of Tris (2-Ethylhexyl) Phosphate (TEHP) in Rare Minnow (Gobiocypris rarus)",LOEC,,True,No qualifier,Equal,Environ. Pollut.261:9 p.,,,,,,,,,,Gobiocypris rarus,Animalia (animals),Bilateria,Chordata (chordates),Vertebrata (vertebrates),"Actinopterygii (ray-finned fishes,spiny rayed fishes)",Teleostei,Ostariophysi,"Cypriniformes (minnows,suckers)",Cyprinoidea,"Cyprinidae (carps,minnows,carps and minnows)",Gobiocypris,Deuterostomia,Gnathostomata,,,,,,,,,,,,,,,,,,,,,,,Increasing,"Hou,R., Y.P. Xu, K.F. Rao, C.L. Feng, and Z.J. Wang",Accumulation,2263940,2601055,Active ingredient,Fresh water,Residue,Carrier or solvent,04/08/2021,A,Renewal,04/13/2021,Testes,Lab,06/15/2021,Laboratory,2020,Reviewer assigned endpoint,"TEST WATER CONSTANTLY AERATED, FISH FED FOOD PELLETS AND BRINE SHRIMP TWICE DAILY, 16:8 LIGHT:DARK PHOTOPERIOD",DECHLORINATED TAP WATER,Measured,Tris(2-ethylhexyl)phosphate,"METABOLITES, POST-EXPOSURE MEASUREMENTS, RATE OF UPTAKE",MEAN LENGTH 43.8 MM,AP FREQ/50 PERCENT WATER REFRESHED//MEDIA/DECHLORINATED TAP WATER//,50 PERCENT WATER REFRESHED,7.4,None,3,None,3,Organism,Unknown,95,None,6,ca.,mo,Time,,,,milligrams per liter Calcium carbonate,Unknown,44,61,50,d,Time,7,≥,mg/L,Mass concentration,835.1,mg,Mass,30,d,Time,25,°C,Temperature,,,,,,,,,Significant at all concentrations,P,0.01,<,None,,,,,,,,,,,,,,,,,,,,,,,,,,,,,,,,,,,,,,,,,,,,,,,,,,,,,,,,,,,,,,,,,,,,,,,,,,,,,,,,,,,,,,,,,,,,,,,,,,,,,,,,,,,,,,,,,,,,,,,,,,,,,15,d,Time,,,0.013800000190734863,,mg/L,Mass concentration,,,13.800000190734863,,µg/L,Mass concentration,,
78-42-2,"Phosphoric acid, tris(2-ethylhexyl) ester;tris (2-ethylhexyl) phosphate;Tris(2-ethylhexyl) phosphate;tris(2-ethylhexyl)ester phosphoric acid;tris(2-ethylhexyl)ester_phosphoric_acid;tris(2-ethylhexyl)phosphate;Tris(2-ethylhexyl)phosphate (TEHP)",,,,,,,,,,,,,,,,,,,,,,,,,,,,,,,,,,,,,,,,,,,,,,,,,,,,,,,,,,,,,,,,,,,,,,,,,,,,,,,,,,,,,,,,,,,,,,,,,,,,,,,,,,,,,,,,,,,,,,,,,,,,,,,,Ecotoxicological Information#Aquatic Toxicity,ECOTOX,,"Tissue-Specific Bioaccumulation, Metabolism and Excretion of Tris (2-Ethylhexyl) Phosphate (TEHP) in Rare Minnow (Gobiocypris rarus)",LOEC,,True,No qualifier,Equal,Environ. Pollut.261:9 p.,,,,,,,,,,Gobiocypris rarus,Animalia (animals),Bilateria,Chordata (chordates),Vertebrata (vertebrates),"Actinopterygii (ray-finned fishes,spiny rayed fishes)",Teleostei,Ostariophysi,"Cypriniformes (minnows,suckers)",Cyprinoidea,"Cyprinidae (carps,minnows,carps and minnows)",Gobiocypris,Deuterostomia,Gnathostomata,,,,,,,,,,,,,,,,,,,,,,,Increasing,"Hou,R., Y.P. Xu, K.F. Rao, C.L. Feng, and Z.J. Wang",Accumulation,2263940,2601037,Active ingredient,Fresh water,Residue,Carrier or solvent,04/08/2021,A,Renewal,04/13/2021,Liver,Lab,06/15/2021,Laboratory,2020,Reviewer assigned endpoint,"TEST WATER CONSTANTLY AERATED, FISH FED FOOD PELLETS AND BRINE SHRIMP TWICE DAILY, 16:8 LIGHT:DARK PHOTOPERIOD",DECHLORINATED TAP WATER,Measured,Tris(2-ethylhexyl)phosphate,"METABOLITES, POST-EXPOSURE MEASUREMENTS, RATE OF UPTAKE",MEAN LENGTH 43.8 MM,AP FREQ/50 PERCENT WATER REFRESHED//MEDIA/DECHLORINATED TAP WATER//,50 PERCENT WATER REFRESHED,7.4,None,3,None,3,Organism,Unknown,95,None,6,ca.,mo,Time,,,,milligrams per liter Calcium carbonate,Unknown,44,61,50,d,Time,7,≥,mg/L,Mass concentration,835.1,mg,Mass,30,d,Time,25,°C,Temperature,,,,,,,,,Significant at all concentrations,P,0.01,<,None,,,,,,,,,,,,,,,,,,,,,,,,,,,,,,,,,,,,,,,,,,,,,,,,,,,,,,,,,,,,,,,,,,,,,,,,,,,,,,,,,,,,,,,,,,,,,,,,,,,,,,,,,,,,,,,,,,,,,,,,,,,,,15,d,Time,,,0.013800000190734863,,mg/L,Mass concentration,,,13.800000190734863,,µg/L,Mass concentration,,
78-42-2,"Phosphoric acid, tris(2-ethylhexyl) ester;tris (2-ethylhexyl) phosphate;Tris(2-ethylhexyl) phosphate;tris(2-ethylhexyl)ester phosphoric acid;tris(2-ethylhexyl)ester_phosphoric_acid;tris(2-ethylhexyl)phosphate;Tris(2-ethylhexyl)phosphate (TEHP)",,,,,,,,,,,,,,,,,,,,,,,,,,,,,,,,,,,,,,,,,,,,,,,,,,,,,,,,,,,,,,,,,,,,,,,,,,,,,,,,,,,,,,,,,,,,,,,,,,,,,,,,,,,,,,,,,,,,,,,,,,,,,,,,Ecotoxicological Information#Aquatic Toxicity,ECOTOX,,"Tissue-Specific Bioaccumulation, Metabolism and Excretion of Tris (2-Ethylhexyl) Phosphate (TEHP) in Rare Minnow (Gobiocypris rarus)",LOEC,,True,No qualifier,Equal,Environ. Pollut.261:9 p.,,,,,,,,,,Gobiocypris rarus,Animalia (animals),Bilateria,Chordata (chordates),Vertebrata (vertebrates),"Actinopterygii (ray-finned fishes,spiny rayed fishes)",Teleostei,Ostariophysi,"Cypriniformes (minnows,suckers)",Cyprinoidea,"Cyprinidae (carps,minnows,carps and minnows)",Gobiocypris,Deuterostomia,Gnathostomata,,,,,,,,,,,,,,,,,,,,,,,Increasing,"Hou,R., Y.P. Xu, K.F. Rao, C.L. Feng, and Z.J. Wang",Accumulation,2263940,2601060,Active ingredient,Fresh water,Residue,Carrier or solvent,04/08/2021,A,Renewal,04/13/2021,Muscle,Lab,06/15/2021,Laboratory,2020,Reviewer assigned endpoint,"TEST WATER CONSTANTLY AERATED, FISH FED FOOD PELLETS AND BRINE SHRIMP TWICE DAILY, 16:8 LIGHT:DARK PHOTOPERIOD",DECHLORINATED TAP WATER,Measured,Tris(2-ethylhexyl)phosphate,"METABOLITES, POST-EXPOSURE MEASUREMENTS, RATE OF UPTAKE",MEAN LENGTH 43.8 MM,AP FREQ/50 PERCENT WATER REFRESHED//MEDIA/DECHLORINATED TAP WATER//,50 PERCENT WATER REFRESHED,7.4,None,3,None,3,Organism,Unknown,95,None,6,ca.,mo,Time,,,,milligrams per liter Calcium carbonate,Unknown,44,61,50,d,Time,7,≥,mg/L,Mass concentration,835.1,mg,Mass,30,d,Time,25,°C,Temperature,,,,,,,,,Significant at all concentrations,P,0.01,<,None,,,,,,,,,,,,,,,,,,,,,,,,,,,,,,,,,,,,,,,,,,,,,,,,,,,,,,,,,,,,,,,,,,,,,,,,,,,,,,,,,,,,,,,,,,,,,,,,,,,,,,,,,,,,,,,,,,,,,,,,,,,,,15,d,Time,,,0.013800000190734863,,mg/L,Mass concentration,,,13.800000190734863,,µg/L,Mass concentration,,
78-42-2,"Phosphoric acid, tris(2-ethylhexyl) ester;tris (2-ethylhexyl) phosphate;Tris(2-ethylhexyl) phosphate;tris(2-ethylhexyl)ester phosphoric acid;tris(2-ethylhexyl)ester_phosphoric_acid;tris(2-ethylhexyl)phosphate;Tris(2-ethylhexyl)phosphate (TEHP)",,,,,,,,,,,,,,,,,,,,,,,,,,,,,,,,,,,,,,,,,,,,,,,,,,,,,,,,,,,,,,,,,,,,,,,,,,,,,,,,,,,,,,,,,,,,,,,,,,,,,,,,,,,,,,,,,,,,,,,,,,,,,,,,Ecotoxicological Information#Aquatic Toxicity,ECOTOX,,"Tissue-Specific Bioaccumulation, Metabolism and Excretion of Tris (2-Ethylhexyl) Phosphate (TEHP) in Rare Minnow (Gobiocypris rarus)",LOEC,,True,No qualifier,Equal,Environ. Pollut.261:9 p.,,,,,,,,,,Gobiocypris rarus,Animalia (animals),Bilateria,Chordata (chordates),Vertebrata (vertebrates),"Actinopterygii (ray-finned fishes,spiny rayed fishes)",Teleostei,Ostariophysi,"Cypriniformes (minnows,suckers)",Cyprinoidea,"Cyprinidae (carps,minnows,carps and minnows)",Gobiocypris,Deuterostomia,Gnathostomata,,,,,,,,,,,,,,,,,,,,,,,Increasing,"Hou,R., Y.P. Xu, K.F. Rao, C.L. Feng, and Z.J. Wang",Accumulation,2263940,2601051,Active ingredient,Fresh water,Residue,Carrier or solvent,04/08/2021,A,Renewal,04/13/2021,Ovaries,Lab,06/15/2021,Laboratory,2020,Reviewer assigned endpoint,"TEST WATER CONSTANTLY AERATED, FISH FED FOOD PELLETS AND BRINE SHRIMP TWICE DAILY, 16:8 LIGHT:DARK PHOTOPERIOD",DECHLORINATED TAP WATER,Measured,Tris(2-ethylhexyl)phosphate,"METABOLITES, POST-EXPOSURE MEASUREMENTS, RATE OF UPTAKE",MEAN LENGTH 43.8 MM,AP FREQ/50 PERCENT WATER REFRESHED//MEDIA/DECHLORINATED TAP WATER//,50 PERCENT WATER REFRESHED,7.4,None,3,None,3,Organism,Unknown,95,None,6,ca.,mo,Time,,,,milligrams per liter Calcium carbonate,Unknown,44,61,50,d,Time,7,≥,mg/L,Mass concentration,835.1,mg,Mass,30,d,Time,25,°C,Temperature,,,,,,,,,Significant at all concentrations,P,0.01,<,None,,,,,,,,,,,,,,,,,,,,,,,,,,,,,,,,,,,,,,,,,,,,,,,,,,,,,,,,,,,,,,,,,,,,,,,,,,,,,,,,,,,,,,,,,,,,,,,,,,,,,,,,,,,,,,,,,,,,,,,,,,,,,15,d,Time,,,0.013800000190734863,,mg/L,Mass concentration,,,13.800000190734863,,µg/L,Mass concentration,,
78-42-2,"Phosphoric acid, tris(2-ethylhexyl) ester;tris (2-ethylhexyl) phosphate;Tris(2-ethylhexyl) phosphate;tris(2-ethylhexyl)ester phosphoric acid;tris(2-ethylhexyl)ester_phosphoric_acid;tris(2-ethylhexyl)phosphate;Tris(2-ethylhexyl)phosphate (TEHP)",,,,,,,,,,,,,,,,,,,,,,,,,,,,,,,,,,,,,,,,,,,,,,,,,,,,,,,,,,,,,,,,,,,,,,,,,,,,,,,,,,,,,,,,,,,,,,,,,,,,,,,,,,,,,,,,,,,,,,,,,,,,,,,,Ecotoxicological Information#Aquatic Toxicity,ECOTOX,,"Tissue-Specific Bioaccumulation, Metabolism and Excretion of Tris (2-Ethylhexyl) Phosphate (TEHP) in Rare Minnow (Gobiocypris rarus)",LOEC,,True,No qualifier,Equal,Environ. Pollut.261:9 p.,,,,,,,,,,Gobiocypris rarus,Animalia (animals),Bilateria,Chordata (chordates),Vertebrata (vertebrates),"Actinopterygii (ray-finned fishes,spiny rayed fishes)",Teleostei,Ostariophysi,"Cypriniformes (minnows,suckers)",Cyprinoidea,"Cyprinidae (carps,minnows,carps and minnows)",Gobiocypris,Deuterostomia,Gnathostomata,,,,,,,,,,,,,,,,,,,,,,,Increasing,"Hou,R., Y.P. Xu, K.F. Rao, C.L. Feng, and Z.J. Wang",Accumulation,2263940,2601041,Active ingredient,Fresh water,Residue,Carrier or solvent,04/08/2021,A,Renewal,04/13/2021,Gill(s),Lab,06/15/2021,Laboratory,2020,Reviewer assigned endpoint,"TEST WATER CONSTANTLY AERATED, FISH FED FOOD PELLETS AND BRINE SHRIMP TWICE DAILY, 16:8 LIGHT:DARK PHOTOPERIOD",DECHLORINATED TAP WATER,Measured,Tris(2-ethylhexyl)phosphate,"METABOLITES, POST-EXPOSURE MEASUREMENTS, RATE OF UPTAKE",MEAN LENGTH 43.8 MM,AP FREQ/50 PERCENT WATER REFRESHED//MEDIA/DECHLORINATED TAP WATER//,50 PERCENT WATER REFRESHED,7.4,None,3,None,3,Organism,Unknown,95,None,6,ca.,mo,Time,,,,milligrams per liter Calcium carbonate,Unknown,44,61,50,d,Time,7,≥,mg/L,Mass concentration,835.1,mg,Mass,30,d,Time,25,°C,Temperature,,,,,,,,,Significant at all concentrations,P,0.01,<,None,,,,,,,,,,,,,,,,,,,,,,,,,,,,,,,,,,,,,,,,,,,,,,,,,,,,,,,,,,,,,,,,,,,,,,,,,,,,,,,,,,,,,,,,,,,,,,,,,,,,,,,,,,,,,,,,,,,,,,,,,,,,,15,d,Time,,,0.013800000190734863,,mg/L,Mass concentration,,,13.800000190734863,,µg/L,Mass concentration,,
78-42-2,"Phosphoric acid, tris(2-ethylhexyl) ester;tris (2-ethylhexyl) phosphate;Tris(2-ethylhexyl) phosphate;tris(2-ethylhexyl)ester phosphoric acid;tris(2-ethylhexyl)ester_phosphoric_acid;tris(2-ethylhexyl)phosphate;Tris(2-ethylhexyl)phosphate (TEHP)",,,,,,,,,,,,,,,,,,,,,,,,,,,,,,,,,,,,,,,,,,,,,,,,,,,,,,,,,,,,,,,,,,,,,,,,,,,,,,,,,,,,,,,,,,,,,,,,,,,,,,,,,,,,,,,,,,,,,,,,,,,,,,,,Ecotoxicological Information#Aquatic Toxicity,ECOTOX,,"Tissue-Specific Bioaccumulation, Metabolism and Excretion of Tris (2-Ethylhexyl) Phosphate (TEHP) in Rare Minnow (Gobiocypris rarus)",LOEC,,True,No qualifier,Equal,Environ. Pollut.261:9 p.,,,,,,,,,,Gobiocypris rarus,Animalia (animals),Bilateria,Chordata (chordates),Vertebrata (vertebrates),"Actinopterygii (ray-finned fishes,spiny rayed fishes)",Teleostei,Ostariophysi,"Cypriniformes (minnows,suckers)",Cyprinoidea,"Cyprinidae (carps,minnows,carps and minnows)",Gobiocypris,Deuterostomia,Gnathostomata,,,,,,,,,,,,,,,,,,,,,,,Increasing,"Hou,R., Y.P. Xu, K.F. Rao, C.L. Feng, and Z.J. Wang",Accumulation,2263940,2601046,Active ingredient,Fresh water,Residue,Carrier or solvent,04/08/2021,A,Renewal,04/13/2021,Gastrointestinal tract,Lab,06/15/2021,Laboratory,2020,Reviewer assigned endpoint,"TEST WATER CONSTANTLY AERATED, FISH FED FOOD PELLETS AND BRINE SHRIMP TWICE DAILY, 16:8 LIGHT:DARK PHOTOPERIOD",DECHLORINATED TAP WATER,Measured,Tris(2-ethylhexyl)phosphate,"METABOLITES, POST-EXPOSURE MEASUREMENTS, RATE OF UPTAKE",MEAN LENGTH 43.8 MM,AP FREQ/50 PERCENT WATER REFRESHED//MEDIA/DECHLORINATED TAP WATER//,50 PERCENT WATER REFRESHED,7.4,None,3,None,3,Organism,Unknown,95,None,6,ca.,mo,Time,,,,milligrams per liter Calcium carbonate,Unknown,44,61,50,d,Time,7,≥,mg/L,Mass concentration,835.1,mg,Mass,30,d,Time,25,°C,Temperature,,,,,,,,,Significant at all concentrations,P,0.01,<,None,,,,,,,,,,,,,,,,,,,,,,,,,,,,,,,,,,,,,,,,,,,,,,,,,,,,,,,,,,,,,,,,,,,,,,,,,,,,,,,,,,,,,,,,,,,,,,,,,,,,,,,,,,,,,,,,,,,,,,,,,,,,,15,d,Time,,,0.013800000190734863,,mg/L,Mass concentration,,,13.800000190734863,,µg/L,Mass concentration,,
78-42-2,"Phosphoric acid, tris(2-ethylhexyl) ester;tris (2-ethylhexyl) phosphate;Tris(2-ethylhexyl) phosphate;tris(2-ethylhexyl)ester phosphoric acid;tris(2-ethylhexyl)ester_phosphoric_acid;tris(2-ethylhexyl)phosphate;Tris(2-ethylhexyl)phosphate (TEHP)",,,,,,,,,,,,,,,,,,,,,,,,,,,,,,,,,,,,,,,,,,,,,,,,,,,,,,,,,,,,,,,,,,,,,,,,,,,,,,,,,,,,,,,,,,,,,,,,,,,,,,,,,,,,,,,,,,,,,,,,,,,,,,,,Ecotoxicological Information#Aquatic Toxicity,ECOTOX,,"Tissue-Specific Bioaccumulation, Metabolism and Excretion of Tris (2-Ethylhexyl) Phosphate (TEHP) in Rare Minnow (Gobiocypris rarus)",LOEC,,True,No qualifier,Equal,Environ. Pollut.261:9 p.,,,,,,,,,,Gobiocypris rarus,Animalia (animals),Bilateria,Chordata (chordates),Vertebrata (vertebrates),"Actinopterygii (ray-finned fishes,spiny rayed fishes)",Teleostei,Ostariophysi,"Cypriniformes (minnows,suckers)",Cyprinoidea,"Cyprinidae (carps,minnows,carps and minnows)",Gobiocypris,Deuterostomia,Gnathostomata,,,,,,,,,,,,,,,,,,,,,,,Increasing,"Hou,R., Y.P. Xu, K.F. Rao, C.L. Feng, and Z.J. Wang",Accumulation,2263940,2601031,Active ingredient,Fresh water,Residue,Carrier or solvent,04/08/2021,A,Renewal,04/13/2021,Kidney,Lab,06/15/2021,Laboratory,2020,Reviewer assigned endpoint,"TEST WATER CONSTANTLY AERATED, FISH FED FOOD PELLETS AND BRINE SHRIMP TWICE DAILY, 16:8 LIGHT:DARK PHOTOPERIOD",DECHLORINATED TAP WATER,Measured,Tris(2-ethylhexyl)phosphate,"METABOLITES, POST-EXPOSURE MEASUREMENTS, RATE OF UPTAKE",MEAN LENGTH 43.8 MM,AP FREQ/50 PERCENT WATER REFRESHED//MEDIA/DECHLORINATED TAP WATER//,50 PERCENT WATER REFRESHED,7.4,None,3,None,3,Organism,Unknown,95,None,6,ca.,mo,Time,,,,milligrams per liter Calcium carbonate,Unknown,44,61,50,d,Time,7,≥,mg/L,Mass concentration,835.1,mg,Mass,30,d,Time,25,°C,Temperature,,,,,,,,,Significant at all concentrations,P,0.01,<,None,,,,,,,,,,,,,,,,,,,,,,,,,,,,,,,,,,,,,,,,,,,,,,,,,,,,,,,,,,,,,,,,,,,,,,,,,,,,,,,,,,,,,,,,,,,,,,,,,,,,,,,,,,,,,,,,,,,,,,,,,,,,,15,d,Time,,,0.013800000190734863,,mg/L,Mass concentration,,,13.800000190734863,,µg/L,Mass concentration,,
78-42-2,"Phosphoric acid, tris(2-ethylhexyl) ester;tris (2-ethylhexyl) phosphate;Tris(2-ethylhexyl) phosphate;tris(2-ethylhexyl)ester phosphoric acid;tris(2-ethylhexyl)ester_phosphoric_acid;tris(2-ethylhexyl)phosphate;Tris(2-ethylhexyl)phosphate (TEHP)",,,,,,,,,,,,,,,,,,,,,,,,,,,,,,,,,,,,,,,,,,,,,,,,,,,,,,,,,,,,,,,,,,,,,,,,,,,,,,,,,,,,,,,,,,,,,,,,,,,,,,,,,,,,,,,,,,,,,,,,,,,,,,,,Ecotoxicological Information#Aquatic Toxicity,ECOTOX,,"Tissue-Specific Bioaccumulation, Metabolism and Excretion of Tris (2-Ethylhexyl) Phosphate (TEHP) in Rare Minnow (Gobiocypris rarus)",LOEC,,True,No qualifier,Equal,Environ. Pollut.261:9 p.,,,,,,,,,,Gobiocypris rarus,Animalia (animals),Bilateria,Chordata (chordates),Vertebrata (vertebrates),"Actinopterygii (ray-finned fishes,spiny rayed fishes)",Teleostei,Ostariophysi,"Cypriniformes (minnows,suckers)",Cyprinoidea,"Cyprinidae (carps,minnows,carps and minnows)",Gobiocypris,Deuterostomia,Gnathostomata,,,,,,,,,,,,,,,,,,,,,,,Increasing,"Hou,R., Y.P. Xu, K.F. Rao, C.L. Feng, and Z.J. Wang",Accumulation,2263940,2601061,Active ingredient,Fresh water,Residue,Carrier or solvent,04/08/2021,A,Renewal,04/13/2021,Muscle,Lab,06/15/2021,Laboratory,2020,Reviewer assigned endpoint,"TEST WATER CONSTANTLY AERATED, FISH FED FOOD PELLETS AND BRINE SHRIMP TWICE DAILY, 16:8 LIGHT:DARK PHOTOPERIOD",DECHLORINATED TAP WATER,Measured,Tris(2-ethylhexyl)phosphate,"METABOLITES, POST-EXPOSURE MEASUREMENTS, RATE OF UPTAKE",MEAN LENGTH 43.8 MM,AP FREQ/50 PERCENT WATER REFRESHED//MEDIA/DECHLORINATED TAP WATER//,50 PERCENT WATER REFRESHED,7.4,None,3,None,3,Organism,Unknown,95,None,6,ca.,mo,Time,,,,milligrams per liter Calcium carbonate,Unknown,44,61,50,d,Time,7,≥,mg/L,Mass concentration,835.1,mg,Mass,30,d,Time,25,°C,Temperature,,,,,,,,,Significant at all concentrations,P,0.01,<,None,,,,,,,,,,,,,,,,,,,,,,,,,,,,,,,,,,,,,,,,,,,,,,,,,,,,,,,,,,,,,,,,,,,,,,,,,,,,,,,,,,,,,,,,,,,,,,,,,,,,,,,,,,,,,,,,,,,,,,,,,,,,,30,d,Time,,,0.013800000190734863,,mg/L,Mass concentration,,,13.800000190734863,,µg/L,Mass concentration,,
78-42-2,"Phosphoric acid, tris(2-ethylhexyl) ester;tris (2-ethylhexyl) phosphate;Tris(2-ethylhexyl) phosphate;tris(2-ethylhexyl)ester phosphoric acid;tris(2-ethylhexyl)ester_phosphoric_acid;tris(2-ethylhexyl)phosphate;Tris(2-ethylhexyl)phosphate (TEHP)",,,,,,,,,,,,,,,,,,,,,,,,,,,,,,,,,,,,,,,,,,,,,,,,,,,,,,,,,,,,,,,,,,,,,,,,,,,,,,,,,,,,,,,,,,,,,,,,,,,,,,,,,,,,,,,,,,,,,,,,,,,,,,,,Ecotoxicological Information#Aquatic Toxicity,ECOTOX,,"Tissue-Specific Bioaccumulation, Metabolism and Excretion of Tris (2-Ethylhexyl) Phosphate (TEHP) in Rare Minnow (Gobiocypris rarus)",LOEC,,True,No qualifier,Equal,Environ. Pollut.261:9 p.,,,,,,,,,,Gobiocypris rarus,Animalia (animals),Bilateria,Chordata (chordates),Vertebrata (vertebrates),"Actinopterygii (ray-finned fishes,spiny rayed fishes)",Teleostei,Ostariophysi,"Cypriniformes (minnows,suckers)",Cyprinoidea,"Cyprinidae (carps,minnows,carps and minnows)",Gobiocypris,Deuterostomia,Gnathostomata,,,,,,,,,,,,,,,,,,,,,,,Increasing,"Hou,R., Y.P. Xu, K.F. Rao, C.L. Feng, and Z.J. Wang",Accumulation,2263940,2601052,Active ingredient,Fresh water,Residue,Carrier or solvent,04/08/2021,A,Renewal,04/13/2021,Ovaries,Lab,06/15/2021,Laboratory,2020,Reviewer assigned endpoint,"TEST WATER CONSTANTLY AERATED, FISH FED FOOD PELLETS AND BRINE SHRIMP TWICE DAILY, 16:8 LIGHT:DARK PHOTOPERIOD",DECHLORINATED TAP WATER,Measured,Tris(2-ethylhexyl)phosphate,"METABOLITES, POST-EXPOSURE MEASUREMENTS, RATE OF UPTAKE",MEAN LENGTH 43.8 MM,AP FREQ/50 PERCENT WATER REFRESHED//MEDIA/DECHLORINATED TAP WATER//,50 PERCENT WATER REFRESHED,7.4,None,3,None,3,Organism,Unknown,95,None,6,ca.,mo,Time,,,,milligrams per liter Calcium carbonate,Unknown,44,61,50,d,Time,7,≥,mg/L,Mass concentration,835.1,mg,Mass,30,d,Time,25,°C,Temperature,,,,,,,,,Significant at all concentrations,P,0.01,<,None,,,,,,,,,,,,,,,,,,,,,,,,,,,,,,,,,,,,,,,,,,,,,,,,,,,,,,,,,,,,,,,,,,,,,,,,,,,,,,,,,,,,,,,,,,,,,,,,,,,,,,,,,,,,,,,,,,,,,,,,,,,,,30,d,Time,,,0.013800000190734863,,mg/L,Mass concentration,,,13.800000190734863,,µg/L,Mass concentration,,
78-42-2,"Phosphoric acid, tris(2-ethylhexyl) ester;tris (2-ethylhexyl) phosphate;Tris(2-ethylhexyl) phosphate;tris(2-ethylhexyl)ester phosphoric acid;tris(2-ethylhexyl)ester_phosphoric_acid;tris(2-ethylhexyl)phosphate;Tris(2-ethylhexyl)phosphate (TEHP)",,,,,,,,,,,,,,,,,,,,,,,,,,,,,,,,,,,,,,,,,,,,,,,,,,,,,,,,,,,,,,,,,,,,,,,,,,,,,,,,,,,,,,,,,,,,,,,,,,,,,,,,,,,,,,,,,,,,,,,,,,,,,,,,Ecotoxicological Information#Aquatic Toxicity,ECOTOX,,"Tissue-Specific Bioaccumulation, Metabolism and Excretion of Tris (2-Ethylhexyl) Phosphate (TEHP) in Rare Minnow (Gobiocypris rarus)",LOEC,,True,No qualifier,Equal,Environ. Pollut.261:9 p.,,,,,,,,,,Gobiocypris rarus,Animalia (animals),Bilateria,Chordata (chordates),Vertebrata (vertebrates),"Actinopterygii (ray-finned fishes,spiny rayed fishes)",Teleostei,Ostariophysi,"Cypriniformes (minnows,suckers)",Cyprinoidea,"Cyprinidae (carps,minnows,carps and minnows)",Gobiocypris,Deuterostomia,Gnathostomata,,,,,,,,,,,,,,,,,,,,,,,Increasing,"Hou,R., Y.P. Xu, K.F. Rao, C.L. Feng, and Z.J. Wang",Accumulation,2263940,2601038,Active ingredient,Fresh water,Residue,Carrier or solvent,04/08/2021,A,Renewal,04/13/2021,Liver,Lab,06/15/2021,Laboratory,2020,Reviewer assigned endpoint,"TEST WATER CONSTANTLY AERATED, FISH FED FOOD PELLETS AND BRINE SHRIMP TWICE DAILY, 16:8 LIGHT:DARK PHOTOPERIOD",DECHLORINATED TAP WATER,Measured,Tris(2-ethylhexyl)phosphate,"METABOLITES, POST-EXPOSURE MEASUREMENTS, RATE OF UPTAKE",MEAN LENGTH 43.8 MM,AP FREQ/50 PERCENT WATER REFRESHED//MEDIA/DECHLORINATED TAP WATER//,50 PERCENT WATER REFRESHED,7.4,None,3,None,3,Organism,Unknown,95,None,6,ca.,mo,Time,,,,milligrams per liter Calcium carbonate,Unknown,44,61,50,d,Time,7,≥,mg/L,Mass concentration,835.1,mg,Mass,30,d,Time,25,°C,Temperature,,,,,,,,,Significant at all concentrations,P,0.01,<,None,,,,,,,,,,,,,,,,,,,,,,,,,,,,,,,,,,,,,,,,,,,,,,,,,,,,,,,,,,,,,,,,,,,,,,,,,,,,,,,,,,,,,,,,,,,,,,,,,,,,,,,,,,,,,,,,,,,,,,,,,,,,,30,d,Time,,,0.013800000190734863,,mg/L,Mass concentration,,,13.800000190734863,,µg/L,Mass concentration,,
78-42-2,"Phosphoric acid, tris(2-ethylhexyl) ester;tris (2-ethylhexyl) phosphate;Tris(2-ethylhexyl) phosphate;tris(2-ethylhexyl)ester phosphoric acid;tris(2-ethylhexyl)ester_phosphoric_acid;tris(2-ethylhexyl)phosphate;Tris(2-ethylhexyl)phosphate (TEHP)",,,,,,,,,,,,,,,,,,,,,,,,,,,,,,,,,,,,,,,,,,,,,,,,,,,,,,,,,,,,,,,,,,,,,,,,,,,,,,,,,,,,,,,,,,,,,,,,,,,,,,,,,,,,,,,,,,,,,,,,,,,,,,,,Ecotoxicological Information#Aquatic Toxicity,ECOTOX,,"Tissue-Specific Bioaccumulation, Metabolism and Excretion of Tris (2-Ethylhexyl) Phosphate (TEHP) in Rare Minnow (Gobiocypris rarus)",LOEC,,True,No qualifier,Equal,Environ. Pollut.261:9 p.,,,,,,,,,,Gobiocypris rarus,Animalia (animals),Bilateria,Chordata (chordates),Vertebrata (vertebrates),"Actinopterygii (ray-finned fishes,spiny rayed fishes)",Teleostei,Ostariophysi,"Cypriniformes (minnows,suckers)",Cyprinoidea,"Cyprinidae (carps,minnows,carps and minnows)",Gobiocypris,Deuterostomia,Gnathostomata,,,,,,,,,,,,,,,,,,,,,,,Increasing,"Hou,R., Y.P. Xu, K.F. Rao, C.L. Feng, and Z.J. Wang",Accumulation,2263940,2601057,Active ingredient,Fresh water,Residue,Carrier or solvent,04/08/2021,A,Renewal,04/13/2021,Testes,Lab,06/15/2021,Laboratory,2020,Reviewer assigned endpoint,"TEST WATER CONSTANTLY AERATED, FISH FED FOOD PELLETS AND BRINE SHRIMP TWICE DAILY, 16:8 LIGHT:DARK PHOTOPERIOD",DECHLORINATED TAP WATER,Measured,Tris(2-ethylhexyl)phosphate,"METABOLITES, POST-EXPOSURE MEASUREMENTS, RATE OF UPTAKE",MEAN LENGTH 43.8 MM,AP FREQ/50 PERCENT WATER REFRESHED//MEDIA/DECHLORINATED TAP WATER//,50 PERCENT WATER REFRESHED,7.4,None,3,None,3,Organism,Unknown,95,None,6,ca.,mo,Time,,,,milligrams per liter Calcium carbonate,Unknown,44,61,50,d,Time,7,≥,mg/L,Mass concentration,835.1,mg,Mass,30,d,Time,25,°C,Temperature,,,,,,,,,Significant at all concentrations,P,0.01,<,None,,,,,,,,,,,,,,,,,,,,,,,,,,,,,,,,,,,,,,,,,,,,,,,,,,,,,,,,,,,,,,,,,,,,,,,,,,,,,,,,,,,,,,,,,,,,,,,,,,,,,,,,,,,,,,,,,,,,,,,,,,,,,30,d,Time,,,0.013800000190734863,,mg/L,Mass concentration,,,13.800000190734863,,µg/L,Mass concentration,,
78-42-2,"Phosphoric acid, tris(2-ethylhexyl) ester;tris (2-ethylhexyl) phosphate;Tris(2-ethylhexyl) phosphate;tris(2-ethylhexyl)ester phosphoric acid;tris(2-ethylhexyl)ester_phosphoric_acid;tris(2-ethylhexyl)phosphate;Tris(2-ethylhexyl)phosphate (TEHP)",,,,,,,,,,,,,,,,,,,,,,,,,,,,,,,,,,,,,,,,,,,,,,,,,,,,,,,,,,,,,,,,,,,,,,,,,,,,,,,,,,,,,,,,,,,,,,,,,,,,,,,,,,,,,,,,,,,,,,,,,,,,,,,,Ecotoxicological Information#Aquatic Toxicity,ECOTOX,,"Tissue-Specific Bioaccumulation, Metabolism and Excretion of Tris (2-Ethylhexyl) Phosphate (TEHP) in Rare Minnow (Gobiocypris rarus)",LOEC,,True,No qualifier,Equal,Environ. Pollut.261:9 p.,,,,,,,,,,Gobiocypris rarus,Animalia (animals),Bilateria,Chordata (chordates),Vertebrata (vertebrates),"Actinopterygii (ray-finned fishes,spiny rayed fishes)",Teleostei,Ostariophysi,"Cypriniformes (minnows,suckers)",Cyprinoidea,"Cyprinidae (carps,minnows,carps and minnows)",Gobiocypris,Deuterostomia,Gnathostomata,,,,,,,,,,,,,,,,,,,,,,,Increasing,"Hou,R., Y.P. Xu, K.F. Rao, C.L. Feng, and Z.J. Wang",Accumulation,2263940,2601043,Active ingredient,Fresh water,Residue,Carrier or solvent,04/08/2021,A,Renewal,04/13/2021,Gill(s),Lab,06/15/2021,Laboratory,2020,Reviewer assigned endpoint,"TEST WATER CONSTANTLY AERATED, FISH FED FOOD PELLETS AND BRINE SHRIMP TWICE DAILY, 16:8 LIGHT:DARK PHOTOPERIOD",DECHLORINATED TAP WATER,Measured,Tris(2-ethylhexyl)phosphate,"METABOLITES, POST-EXPOSURE MEASUREMENTS, RATE OF UPTAKE",MEAN LENGTH 43.8 MM,AP FREQ/50 PERCENT WATER REFRESHED//MEDIA/DECHLORINATED TAP WATER//,50 PERCENT WATER REFRESHED,7.4,None,3,None,3,Organism,Unknown,95,None,6,ca.,mo,Time,,,,milligrams per liter Calcium carbonate,Unknown,44,61,50,d,Time,7,≥,mg/L,Mass concentration,835.1,mg,Mass,30,d,Time,25,°C,Temperature,,,,,,,,,Significant at all concentrations,P,0.01,<,None,,,,,,,,,,,,,,,,,,,,,,,,,,,,,,,,,,,,,,,,,,,,,,,,,,,,,,,,,,,,,,,,,,,,,,,,,,,,,,,,,,,,,,,,,,,,,,,,,,,,,,,,,,,,,,,,,,,,,,,,,,,,,30,d,Time,,,0.013800000190734863,,mg/L,Mass concentration,,,13.800000190734863,,µg/L,Mass concentration,,
78-42-2,"Phosphoric acid, tris(2-ethylhexyl) ester;tris (2-ethylhexyl) phosphate;Tris(2-ethylhexyl) phosphate;tris(2-ethylhexyl)ester phosphoric acid;tris(2-ethylhexyl)ester_phosphoric_acid;tris(2-ethylhexyl)phosphate;Tris(2-ethylhexyl)phosphate (TEHP)",,,,,,,,,,,,,,,,,,,,,,,,,,,,,,,,,,,,,,,,,,,,,,,,,,,,,,,,,,,,,,,,,,,,,,,,,,,,,,,,,,,,,,,,,,,,,,,,,,,,,,,,,,,,,,,,,,,,,,,,,,,,,,,,Ecotoxicological Information#Aquatic Toxicity,ECOTOX,,"Tissue-Specific Bioaccumulation, Metabolism and Excretion of Tris (2-Ethylhexyl) Phosphate (TEHP) in Rare Minnow (Gobiocypris rarus)",LOEC,,True,No qualifier,Equal,Environ. Pollut.261:9 p.,,,,,,,,,,Gobiocypris rarus,Animalia (animals),Bilateria,Chordata (chordates),Vertebrata (vertebrates),"Actinopterygii (ray-finned fishes,spiny rayed fishes)",Teleostei,Ostariophysi,"Cypriniformes (minnows,suckers)",Cyprinoidea,"Cyprinidae (carps,minnows,carps and minnows)",Gobiocypris,Deuterostomia,Gnathostomata,,,,,,,,,,,,,,,,,,,,,,,Increasing,"Hou,R., Y.P. Xu, K.F. Rao, C.L. Feng, and Z.J. Wang",Accumulation,2263940,2601047,Active ingredient,Fresh water,Residue,Carrier or solvent,04/08/2021,A,Renewal,04/13/2021,Gastrointestinal tract,Lab,06/15/2021,Laboratory,2020,Reviewer assigned endpoint,"TEST WATER CONSTANTLY AERATED, FISH FED FOOD PELLETS AND BRINE SHRIMP TWICE DAILY, 16:8 LIGHT:DARK PHOTOPERIOD",DECHLORINATED TAP WATER,Measured,Tris(2-ethylhexyl)phosphate,"METABOLITES, POST-EXPOSURE MEASUREMENTS, RATE OF UPTAKE",MEAN LENGTH 43.8 MM,AP FREQ/50 PERCENT WATER REFRESHED//MEDIA/DECHLORINATED TAP WATER//,50 PERCENT WATER REFRESHED,7.4,None,3,None,3,Organism,Unknown,95,None,6,ca.,mo,Time,,,,milligrams per liter Calcium carbonate,Unknown,44,61,50,d,Time,7,≥,mg/L,Mass concentration,835.1,mg,Mass,30,d,Time,25,°C,Temperature,,,,,,,,,Significant at all concentrations,P,0.01,<,None,,,,,,,,,,,,,,,,,,,,,,,,,,,,,,,,,,,,,,,,,,,,,,,,,,,,,,,,,,,,,,,,,,,,,,,,,,,,,,,,,,,,,,,,,,,,,,,,,,,,,,,,,,,,,,,,,,,,,,,,,,,,,30,d,Time,,,0.013800000190734863,,mg/L,Mass concentration,,,13.800000190734863,,µg/L,Mass concentration,,
78-42-2,"Phosphoric acid, tris(2-ethylhexyl) ester;tris (2-ethylhexyl) phosphate;Tris(2-ethylhexyl) phosphate;tris(2-ethylhexyl)ester phosphoric acid;tris(2-ethylhexyl)ester_phosphoric_acid;tris(2-ethylhexyl)phosphate;Tris(2-ethylhexyl)phosphate (TEHP)",,,,,,,,,,,,,,,,,,,,,,,,,,,,,,,,,,,,,,,,,,,,,,,,,,,,,,,,,,,,,,,,,,,,,,,,,,,,,,,,,,,,,,,,,,,,,,,,,,,,,,,,,,,,,,,,,,,,,,,,,,,,,,,,Ecotoxicological Information#Aquatic Toxicity,ECOTOX,,"Tissue-Specific Bioaccumulation, Metabolism and Excretion of Tris (2-Ethylhexyl) Phosphate (TEHP) in Rare Minnow (Gobiocypris rarus)",LOEC,,True,No qualifier,Equal,Environ. Pollut.261:9 p.,,,,,,,,,,Gobiocypris rarus,Animalia (animals),Bilateria,Chordata (chordates),Vertebrata (vertebrates),"Actinopterygii (ray-finned fishes,spiny rayed fishes)",Teleostei,Ostariophysi,"Cypriniformes (minnows,suckers)",Cyprinoidea,"Cyprinidae (carps,minnows,carps and minnows)",Gobiocypris,Deuterostomia,Gnathostomata,,,,,,,,,,,,,,,,,,,,,,,Increasing,"Hou,R., Y.P. Xu, K.F. Rao, C.L. Feng, and Z.J. Wang",Accumulation,2263940,2601032,Active ingredient,Fresh water,Residue,Carrier or solvent,04/08/2021,A,Renewal,04/13/2021,Kidney,Lab,06/15/2021,Laboratory,2020,Reviewer assigned endpoint,"TEST WATER CONSTANTLY AERATED, FISH FED FOOD PELLETS AND BRINE SHRIMP TWICE DAILY, 16:8 LIGHT:DARK PHOTOPERIOD",DECHLORINATED TAP WATER,Measured,Tris(2-ethylhexyl)phosphate,"METABOLITES, POST-EXPOSURE MEASUREMENTS, RATE OF UPTAKE",MEAN LENGTH 43.8 MM,AP FREQ/50 PERCENT WATER REFRESHED//MEDIA/DECHLORINATED TAP WATER//,50 PERCENT WATER REFRESHED,7.4,None,3,None,3,Organism,Unknown,95,None,6,ca.,mo,Time,,,,milligrams per liter Calcium carbonate,Unknown,44,61,50,d,Time,7,≥,mg/L,Mass concentration,835.1,mg,Mass,30,d,Time,25,°C,Temperature,,,,,,,,,Significant at all concentrations,P,0.01,<,None,,,,,,,,,,,,,,,,,,,,,,,,,,,,,,,,,,,,,,,,,,,,,,,,,,,,,,,,,,,,,,,,,,,,,,,,,,,,,,,,,,,,,,,,,,,,,,,,,,,,,,,,,,,,,,,,,,,,,,,,,,,,,30,d,Time,,,0.013800000190734863,,mg/L,Mass concentration,,,13.800000190734863,,µg/L,Mass concentration,,
78-42-2,"Phosphoric acid, tris(2-ethylhexyl) ester;tris (2-ethylhexyl) phosphate;Tris(2-ethylhexyl) phosphate;tris(2-ethylhexyl)ester phosphoric acid;tris(2-ethylhexyl)ester_phosphoric_acid;tris(2-ethylhexyl)phosphate;Tris(2-ethylhexyl)phosphate (TEHP)",,,,,,,,,,,,,,,,,,,,,,,,,,,,,,,,,,,,,,,,,,,,,,,,,,,,,,,,,,,,,,,,,,,,,,,,,,,,,,,,,,,,,,,,,,,,,,,,,,,,,,,,,,,,,,,,,,,,,,,,,,,,,,,,Ecotoxicological Information#Aquatic Toxicity,ECOTOX,,"Tissue-Specific Bioaccumulation, Metabolism and Excretion of Tris (2-Ethylhexyl) Phosphate (TEHP) in Rare Minnow (Gobiocypris rarus)",LOEC,,True,No qualifier,Equal,Environ. Pollut.261:9 p.,,,,,,,,,,Gobiocypris rarus,Animalia (animals),Bilateria,Chordata (chordates),Vertebrata (vertebrates),"Actinopterygii (ray-finned fishes,spiny rayed fishes)",Teleostei,Ostariophysi,"Cypriniformes (minnows,suckers)",Cyprinoidea,"Cyprinidae (carps,minnows,carps and minnows)",Gobiocypris,Deuterostomia,Gnathostomata,,,,,,,,,,,,,,,,,,,,,,,Increasing,"Hou,R., Y.P. Xu, K.F. Rao, C.L. Feng, and Z.J. Wang",Accumulation,2263940,2601045,Active ingredient,Fresh water,Residue,Carrier or solvent,04/08/2021,A,Renewal,04/13/2021,Gastrointestinal tract,Lab,06/15/2021,Laboratory,2020,Reviewer assigned endpoint,"TEST WATER CONSTANTLY AERATED, FISH FED FOOD PELLETS AND BRINE SHRIMP TWICE DAILY, 16:8 LIGHT:DARK PHOTOPERIOD",DECHLORINATED TAP WATER,Measured,Tris(2-ethylhexyl)phosphate,"METABOLITES, POST-EXPOSURE MEASUREMENTS, RATE OF UPTAKE",MEAN LENGTH 43.8 MM,AP FREQ/50 PERCENT WATER REFRESHED//MEDIA/DECHLORINATED TAP WATER//,50 PERCENT WATER REFRESHED,7.4,None,3,None,3,Organism,Unknown,95,None,6,ca.,mo,Time,,,,milligrams per liter Calcium carbonate,Unknown,44,61,50,d,Time,7,≥,mg/L,Mass concentration,835.1,mg,Mass,30,d,Time,25,°C,Temperature,,,,,,,,,Significant at all concentrations,P,0.01,<,None,,,,,,,,,,,,,,,,,,,,,,,,,,,,,,,,,,,,,,,,,,,,,,,,,,,,,,,,,,,,,,,,,,,,,,,,,,,,,,,,,,,,,,,,,,,,,,,,,,,,,,,,,,,,,,,,,,,,,,,,,,,,,8,d,Time,,,0.013800000190734863,,mg/L,Mass concentration,,,13.800000190734863,,µg/L,Mass concentration,,
78-42-2,"Phosphoric acid, tris(2-ethylhexyl) ester;tris (2-ethylhexyl) phosphate;Tris(2-ethylhexyl) phosphate;tris(2-ethylhexyl)ester phosphoric acid;tris(2-ethylhexyl)ester_phosphoric_acid;tris(2-ethylhexyl)phosphate;Tris(2-ethylhexyl)phosphate (TEHP)",,,,,,,,,,,,,,,,,,,,,,,,,,,,,,,,,,,,,,,,,,,,,,,,,,,,,,,,,,,,,,,,,,,,,,,,,,,,,,,,,,,,,,,,,,,,,,,,,,,,,,,,,,,,,,,,,,,,,,,,,,,,,,,,Ecotoxicological Information#Aquatic Toxicity,ECOTOX,,"Tissue-Specific Bioaccumulation, Metabolism and Excretion of Tris (2-Ethylhexyl) Phosphate (TEHP) in Rare Minnow (Gobiocypris rarus)",LOEC,,True,No qualifier,Equal,Environ. Pollut.261:9 p.,,,,,,,,,,Gobiocypris rarus,Animalia (animals),Bilateria,Chordata (chordates),Vertebrata (vertebrates),"Actinopterygii (ray-finned fishes,spiny rayed fishes)",Teleostei,Ostariophysi,"Cypriniformes (minnows,suckers)",Cyprinoidea,"Cyprinidae (carps,minnows,carps and minnows)",Gobiocypris,Deuterostomia,Gnathostomata,,,,,,,,,,,,,,,,,,,,,,,Increasing,"Hou,R., Y.P. Xu, K.F. Rao, C.L. Feng, and Z.J. Wang",Accumulation,2263940,2601050,Active ingredient,Fresh water,Residue,Carrier or solvent,04/08/2021,A,Renewal,04/13/2021,Ovaries,Lab,06/15/2021,Laboratory,2020,Reviewer assigned endpoint,"TEST WATER CONSTANTLY AERATED, FISH FED FOOD PELLETS AND BRINE SHRIMP TWICE DAILY, 16:8 LIGHT:DARK PHOTOPERIOD",DECHLORINATED TAP WATER,Measured,Tris(2-ethylhexyl)phosphate,"METABOLITES, POST-EXPOSURE MEASUREMENTS, RATE OF UPTAKE",MEAN LENGTH 43.8 MM,AP FREQ/50 PERCENT WATER REFRESHED//MEDIA/DECHLORINATED TAP WATER//,50 PERCENT WATER REFRESHED,7.4,None,3,None,3,Organism,Unknown,95,None,6,ca.,mo,Time,,,,milligrams per liter Calcium carbonate,Unknown,44,61,50,d,Time,7,≥,mg/L,Mass concentration,835.1,mg,Mass,30,d,Time,25,°C,Temperature,,,,,,,,,Significant at all concentrations,P,0.01,<,None,,,,,,,,,,,,,,,,,,,,,,,,,,,,,,,,,,,,,,,,,,,,,,,,,,,,,,,,,,,,,,,,,,,,,,,,,,,,,,,,,,,,,,,,,,,,,,,,,,,,,,,,,,,,,,,,,,,,,,,,,,,,,8,d,Time,,,0.013800000190734863,,mg/L,Mass concentration,,,13.800000190734863,,µg/L,Mass concentration,,
78-42-2,"Phosphoric acid, tris(2-ethylhexyl) ester;tris (2-ethylhexyl) phosphate;Tris(2-ethylhexyl) phosphate;tris(2-ethylhexyl)ester phosphoric acid;tris(2-ethylhexyl)ester_phosphoric_acid;tris(2-ethylhexyl)phosphate;Tris(2-ethylhexyl)phosphate (TEHP)",,,,,,,,,,,,,,,,,,,,,,,,,,,,,,,,,,,,,,,,,,,,,,,,,,,,,,,,,,,,,,,,,,,,,,,,,,,,,,,,,,,,,,,,,,,,,,,,,,,,,,,,,,,,,,,,,,,,,,,,,,,,,,,,Ecotoxicological Information#Aquatic Toxicity,ECOTOX,,"Tissue-Specific Bioaccumulation, Metabolism and Excretion of Tris (2-Ethylhexyl) Phosphate (TEHP) in Rare Minnow (Gobiocypris rarus)",LOEC,,True,No qualifier,Equal,Environ. Pollut.261:9 p.,,,,,,,,,,Gobiocypris rarus,Animalia (animals),Bilateria,Chordata (chordates),Vertebrata (vertebrates),"Actinopterygii (ray-finned fishes,spiny rayed fishes)",Teleostei,Ostariophysi,"Cypriniformes (minnows,suckers)",Cyprinoidea,"Cyprinidae (carps,minnows,carps and minnows)",Gobiocypris,Deuterostomia,Gnathostomata,,,,,,,,,,,,,,,,,,,,,,,Increasing,"Hou,R., Y.P. Xu, K.F. Rao, C.L. Feng, and Z.J. Wang",Accumulation,2263940,2601030,Active ingredient,Fresh water,Residue,Carrier or solvent,04/08/2021,A,Renewal,04/13/2021,Kidney,Lab,06/15/2021,Laboratory,2020,Reviewer assigned endpoint,"TEST WATER CONSTANTLY AERATED, FISH FED FOOD PELLETS AND BRINE SHRIMP TWICE DAILY, 16:8 LIGHT:DARK PHOTOPERIOD",DECHLORINATED TAP WATER,Measured,Tris(2-ethylhexyl)phosphate,"METABOLITES, POST-EXPOSURE MEASUREMENTS, RATE OF UPTAKE",MEAN LENGTH 43.8 MM,AP FREQ/50 PERCENT WATER REFRESHED//MEDIA/DECHLORINATED TAP WATER//,50 PERCENT WATER REFRESHED,7.4,None,3,None,3,Organism,Unknown,95,None,6,ca.,mo,Time,,,,milligrams per liter Calcium carbonate,Unknown,44,61,50,d,Time,7,≥,mg/L,Mass concentration,835.1,mg,Mass,30,d,Time,25,°C,Temperature,,,,,,,,,Significant at all concentrations,P,0.01,<,None,,,,,,,,,,,,,,,,,,,,,,,,,,,,,,,,,,,,,,,,,,,,,,,,,,,,,,,,,,,,,,,,,,,,,,,,,,,,,,,,,,,,,,,,,,,,,,,,,,,,,,,,,,,,,,,,,,,,,,,,,,,,,8,d,Time,,,0.013800000190734863,,mg/L,Mass concentration,,,13.800000190734863,,µg/L,Mass concentration,,
78-42-2,"Phosphoric acid, tris(2-ethylhexyl) ester;tris (2-ethylhexyl) phosphate;Tris(2-ethylhexyl) phosphate;tris(2-ethylhexyl)ester phosphoric acid;tris(2-ethylhexyl)ester_phosphoric_acid;tris(2-ethylhexyl)phosphate;Tris(2-ethylhexyl)phosphate (TEHP)",,,,,,,,,,,,,,,,,,,,,,,,,,,,,,,,,,,,,,,,,,,,,,,,,,,,,,,,,,,,,,,,,,,,,,,,,,,,,,,,,,,,,,,,,,,,,,,,,,,,,,,,,,,,,,,,,,,,,,,,,,,,,,,,Ecotoxicological Information#Aquatic Toxicity,ECOTOX,,"Tissue-Specific Bioaccumulation, Metabolism and Excretion of Tris (2-Ethylhexyl) Phosphate (TEHP) in Rare Minnow (Gobiocypris rarus)",LOEC,,True,No qualifier,Equal,Environ. Pollut.261:9 p.,,,,,,,,,,Gobiocypris rarus,Animalia (animals),Bilateria,Chordata (chordates),Vertebrata (vertebrates),"Actinopterygii (ray-finned fishes,spiny rayed fishes)",Teleostei,Ostariophysi,"Cypriniformes (minnows,suckers)",Cyprinoidea,"Cyprinidae (carps,minnows,carps and minnows)",Gobiocypris,Deuterostomia,Gnathostomata,,,,,,,,,,,,,,,,,,,,,,,Increasing,"Hou,R., Y.P. Xu, K.F. Rao, C.L. Feng, and Z.J. Wang",Accumulation,2263940,2601040,Active ingredient,Fresh water,Residue,Carrier or solvent,04/08/2021,A,Renewal,04/13/2021,Gill(s),Lab,06/15/2021,Laboratory,2020,Reviewer assigned endpoint,"TEST WATER CONSTANTLY AERATED, FISH FED FOOD PELLETS AND BRINE SHRIMP TWICE DAILY, 16:8 LIGHT:DARK PHOTOPERIOD",DECHLORINATED TAP WATER,Measured,Tris(2-ethylhexyl)phosphate,"METABOLITES, POST-EXPOSURE MEASUREMENTS, RATE OF UPTAKE",MEAN LENGTH 43.8 MM,AP FREQ/50 PERCENT WATER REFRESHED//MEDIA/DECHLORINATED TAP WATER//,50 PERCENT WATER REFRESHED,7.4,None,3,None,3,Organism,Unknown,95,None,6,ca.,mo,Time,,,,milligrams per liter Calcium carbonate,Unknown,44,61,50,d,Time,7,≥,mg/L,Mass concentration,835.1,mg,Mass,30,d,Time,25,°C,Temperature,,,,,,,,,Significant at all concentrations,P,0.01,<,None,,,,,,,,,,,,,,,,,,,,,,,,,,,,,,,,,,,,,,,,,,,,,,,,,,,,,,,,,,,,,,,,,,,,,,,,,,,,,,,,,,,,,,,,,,,,,,,,,,,,,,,,,,,,,,,,,,,,,,,,,,,,,8,d,Time,,,0.013800000190734863,,mg/L,Mass concentration,,,13.800000190734863,,µg/L,Mass concentration,,
78-42-2,"Phosphoric acid, tris(2-ethylhexyl) ester;tris (2-ethylhexyl) phosphate;Tris(2-ethylhexyl) phosphate;tris(2-ethylhexyl)ester phosphoric acid;tris(2-ethylhexyl)ester_phosphoric_acid;tris(2-ethylhexyl)phosphate;Tris(2-ethylhexyl)phosphate (TEHP)",,,,,,,,,,,,,,,,,,,,,,,,,,,,,,,,,,,,,,,,,,,,,,,,,,,,,,,,,,,,,,,,,,,,,,,,,,,,,,,,,,,,,,,,,,,,,,,,,,,,,,,,,,,,,,,,,,,,,,,,,,,,,,,,Ecotoxicological Information#Aquatic Toxicity,ECOTOX,,"Tissue-Specific Bioaccumulation, Metabolism and Excretion of Tris (2-Ethylhexyl) Phosphate (TEHP) in Rare Minnow (Gobiocypris rarus)",LOEC,,True,No qualifier,Equal,Environ. Pollut.261:9 p.,,,,,,,,,,Gobiocypris rarus,Animalia (animals),Bilateria,Chordata (chordates),Vertebrata (vertebrates),"Actinopterygii (ray-finned fishes,spiny rayed fishes)",Teleostei,Ostariophysi,"Cypriniformes (minnows,suckers)",Cyprinoidea,"Cyprinidae (carps,minnows,carps and minnows)",Gobiocypris,Deuterostomia,Gnathostomata,,,,,,,,,,,,,,,,,,,,,,,Increasing,"Hou,R., Y.P. Xu, K.F. Rao, C.L. Feng, and Z.J. Wang",Accumulation,2263940,2601054,Active ingredient,Fresh water,Residue,Carrier or solvent,04/08/2021,A,Renewal,04/13/2021,Testes,Lab,06/15/2021,Laboratory,2020,Reviewer assigned endpoint,"TEST WATER CONSTANTLY AERATED, FISH FED FOOD PELLETS AND BRINE SHRIMP TWICE DAILY, 16:8 LIGHT:DARK PHOTOPERIOD",DECHLORINATED TAP WATER,Measured,Tris(2-ethylhexyl)phosphate,"METABOLITES, POST-EXPOSURE MEASUREMENTS, RATE OF UPTAKE",MEAN LENGTH 43.8 MM,AP FREQ/50 PERCENT WATER REFRESHED//MEDIA/DECHLORINATED TAP WATER//,50 PERCENT WATER REFRESHED,7.4,None,3,None,3,Organism,Unknown,95,None,6,ca.,mo,Time,,,,milligrams per liter Calcium carbonate,Unknown,44,61,50,d,Time,7,≥,mg/L,Mass concentration,835.1,mg,Mass,30,d,Time,25,°C,Temperature,,,,,,,,,Significant at all concentrations,P,0.01,<,None,,,,,,,,,,,,,,,,,,,,,,,,,,,,,,,,,,,,,,,,,,,,,,,,,,,,,,,,,,,,,,,,,,,,,,,,,,,,,,,,,,,,,,,,,,,,,,,,,,,,,,,,,,,,,,,,,,,,,,,,,,,,,8,d,Time,,,0.013800000190734863,,mg/L,Mass concentration,,,13.800000190734863,,µg/L,Mass concentration,,
78-42-2,"Phosphoric acid, tris(2-ethylhexyl) ester;tris (2-ethylhexyl) phosphate;Tris(2-ethylhexyl) phosphate;tris(2-ethylhexyl)ester phosphoric acid;tris(2-ethylhexyl)ester_phosphoric_acid;tris(2-ethylhexyl)phosphate;Tris(2-ethylhexyl)phosphate (TEHP)",,,,,,,,,,,,,,,,,,,,,,,,,,,,,,,,,,,,,,,,,,,,,,,,,,,,,,,,,,,,,,,,,,,,,,,,,,,,,,,,,,,,,,,,,,,,,,,,,,,,,,,,,,,,,,,,,,,,,,,,,,,,,,,,Ecotoxicological Information#Aquatic Toxicity,ECOTOX,,"Tissue-Specific Bioaccumulation, Metabolism and Excretion of Tris (2-Ethylhexyl) Phosphate (TEHP) in Rare Minnow (Gobiocypris rarus)",LOEC,,True,No qualifier,Equal,Environ. Pollut.261:9 p.,,,,,,,,,,Gobiocypris rarus,Animalia (animals),Bilateria,Chordata (chordates),Vertebrata (vertebrates),"Actinopterygii (ray-finned fishes,spiny rayed fishes)",Teleostei,Ostariophysi,"Cypriniformes (minnows,suckers)",Cyprinoidea,"Cyprinidae (carps,minnows,carps and minnows)",Gobiocypris,Deuterostomia,Gnathostomata,,,,,,,,,,,,,,,,,,,,,,,Increasing,"Hou,R., Y.P. Xu, K.F. Rao, C.L. Feng, and Z.J. Wang",Accumulation,2263940,2601059,Active ingredient,Fresh water,Residue,Carrier or solvent,04/08/2021,A,Renewal,04/13/2021,Muscle,Lab,06/15/2021,Laboratory,2020,Reviewer assigned endpoint,"TEST WATER CONSTANTLY AERATED, FISH FED FOOD PELLETS AND BRINE SHRIMP TWICE DAILY, 16:8 LIGHT:DARK PHOTOPERIOD",DECHLORINATED TAP WATER,Measured,Tris(2-ethylhexyl)phosphate,"METABOLITES, POST-EXPOSURE MEASUREMENTS, RATE OF UPTAKE",MEAN LENGTH 43.8 MM,AP FREQ/50 PERCENT WATER REFRESHED//MEDIA/DECHLORINATED TAP WATER//,50 PERCENT WATER REFRESHED,7.4,None,3,None,3,Organism,Unknown,95,None,6,ca.,mo,Time,,,,milligrams per liter Calcium carbonate,Unknown,44,61,50,d,Time,7,≥,mg/L,Mass concentration,835.1,mg,Mass,30,d,Time,25,°C,Temperature,,,,,,,,,Significant at all concentrations,P,0.01,<,None,,,,,,,,,,,,,,,,,,,,,,,,,,,,,,,,,,,,,,,,,,,,,,,,,,,,,,,,,,,,,,,,,,,,,,,,,,,,,,,,,,,,,,,,,,,,,,,,,,,,,,,,,,,,,,,,,,,,,,,,,,,,,8,d,Time,,,0.013800000190734863,,mg/L,Mass concentration,,,13.800000190734863,,µg/L,Mass concentration,,
78-42-2,"Phosphoric acid, tris(2-ethylhexyl) ester;tris (2-ethylhexyl) phosphate;Tris(2-ethylhexyl) phosphate;tris(2-ethylhexyl)ester phosphoric acid;tris(2-ethylhexyl)ester_phosphoric_acid;tris(2-ethylhexyl)phosphate;Tris(2-ethylhexyl)phosphate (TEHP)",,,,,,,,,,,,,,,,,,,,,,,,,,,,,,,,,,,,,,,,,,,,,,,,,,,,,,,,,,,,,,,,,,,,,,,,,,,,,,,,,,,,,,,,,,,,,,,,,,,,,,,,,,,,,,,,,,,,,,,,,,,,,,,,Ecotoxicological Information#Aquatic Toxicity,ECOTOX,,"Tissue-Specific Bioaccumulation, Metabolism and Excretion of Tris (2-Ethylhexyl) Phosphate (TEHP) in Rare Minnow (Gobiocypris rarus)",LOEC,,True,No qualifier,Equal,Environ. Pollut.261:9 p.,,,,,,,,,,Gobiocypris rarus,Animalia (animals),Bilateria,Chordata (chordates),Vertebrata (vertebrates),"Actinopterygii (ray-finned fishes,spiny rayed fishes)",Teleostei,Ostariophysi,"Cypriniformes (minnows,suckers)",Cyprinoidea,"Cyprinidae (carps,minnows,carps and minnows)",Gobiocypris,Deuterostomia,Gnathostomata,,,,,,,,,,,,,,,,,,,,,,,Increasing,"Hou,R., Y.P. Xu, K.F. Rao, C.L. Feng, and Z.J. Wang",Accumulation,2263940,2601035,Active ingredient,Fresh water,Residue,Carrier or solvent,04/08/2021,A,Renewal,04/13/2021,Liver,Lab,06/15/2021,Laboratory,2020,Reviewer assigned endpoint,"TEST WATER CONSTANTLY AERATED, FISH FED FOOD PELLETS AND BRINE SHRIMP TWICE DAILY, 16:8 LIGHT:DARK PHOTOPERIOD",DECHLORINATED TAP WATER,Measured,Tris(2-ethylhexyl)phosphate,"METABOLITES, POST-EXPOSURE MEASUREMENTS, RATE OF UPTAKE",MEAN LENGTH 43.8 MM,AP FREQ/50 PERCENT WATER REFRESHED//MEDIA/DECHLORINATED TAP WATER//,50 PERCENT WATER REFRESHED,7.4,None,3,None,3,Organism,Unknown,95,None,6,ca.,mo,Time,,,,milligrams per liter Calcium carbonate,Unknown,44,61,50,d,Time,7,≥,mg/L,Mass concentration,835.1,mg,Mass,30,d,Time,25,°C,Temperature,,,,,,,,,Significant at all concentrations,P,0.01,<,None,,,,,,,,,,,,,,,,,,,,,,,,,,,,,,,,,,,,,,,,,,,,,,,,,,,,,,,,,,,,,,,,,,,,,,,,,,,,,,,,,,,,,,,,,,,,,,,,,,,,,,,,,,,,,,,,,,,,,,,,,,,,,8,d,Time,,,0.013800000190734863,,mg/L,Mass concentration,,,13.800000190734863,,µg/L,Mass concentration,,
78-42-2,"Phosphoric acid, tris(2-ethylhexyl) ester;tris (2-ethylhexyl) phosphate;Tris(2-ethylhexyl) phosphate;tris(2-ethylhexyl)ester phosphoric acid;tris(2-ethylhexyl)ester_phosphoric_acid;tris(2-ethylhexyl)phosphate;Tris(2-ethylhexyl)phosphate (TEHP)",,,,,,,,,,,,,,,,,,,,,,,,,,,,,,,,,,,,,,,,,,,,,,,,,,,,,,,,,,,,,,,,,,,,,,,,,,,,,,,,,,,,,,,,,,,,,,,,,,,,,,,,,,,,,,,,,,,,,,,,,,,,,,,,Ecotoxicological Information#Aquatic Toxicity,ECOTOX,,"Tissue-Specific Bioaccumulation, Metabolism and Excretion of Tris (2-Ethylhexyl) Phosphate (TEHP) in Rare Minnow (Gobiocypris rarus)",LOEC,,True,No qualifier,Equal,Environ. Pollut.261:9 p.,,,,,,,,,,Gobiocypris rarus,Animalia (animals),Bilateria,Chordata (chordates),Vertebrata (vertebrates),"Actinopterygii (ray-finned fishes,spiny rayed fishes)",Teleostei,Ostariophysi,"Cypriniformes (minnows,suckers)",Cyprinoidea,"Cyprinidae (carps,minnows,carps and minnows)",Gobiocypris,Deuterostomia,Gnathostomata,,,,,,,,,,,,,,,,,,,,,,,Increasing,"Hou,R., Y.P. Xu, K.F. Rao, C.L. Feng, and Z.J. Wang",Accumulation,2263940,2601024,Active ingredient,Fresh water,Residue,Carrier or solvent,04/08/2021,A,Renewal,04/13/2021,Kidney,Lab,06/15/2021,Laboratory,2020,Reviewer assigned endpoint,"TEST WATER CONSTANTLY AERATED, FISH FED FOOD PELLETS AND BRINE SHRIMP TWICE DAILY, 16:8 LIGHT:DARK PHOTOPERIOD",DECHLORINATED TAP WATER,Measured,Tris(2-ethylhexyl)phosphate,"METABOLITES, POST-EXPOSURE MEASUREMENTS, RATE OF UPTAKE",MEAN LENGTH 43.8 MM,AP FREQ/50 PERCENT WATER REFRESHED//MEDIA/DECHLORINATED TAP WATER//,50 PERCENT WATER REFRESHED,7.4,None,3,None,3,Organism,Unknown,95,None,6,ca.,mo,Time,,,,milligrams per liter Calcium carbonate,Unknown,44,61,50,d,Time,7,≥,mg/L,Mass concentration,835.1,mg,Mass,30,d,Time,25,°C,Temperature,,,,,,,,,Significant at all concentrations,P,0.01,<,None,,,,,,,,,,,,,,,,,,,,,,,,,,,,,,,,,,,,,,,,,,,,,,,,,,,,,,,,,,,,,,,,,,,,,,,,,,,,,,,,,,,,,,,,,,,,,,,,,,,,,,,,,,,,,,,,,,,,,,,,,,,,,4,d,Time,,,0.013800000190734863,,mg/L,Mass concentration,,,13.800000190734863,,µg/L,Mass concentration,,
78-42-2,"Phosphoric acid, tris(2-ethylhexyl) ester;tris (2-ethylhexyl) phosphate;Tris(2-ethylhexyl) phosphate;tris(2-ethylhexyl)ester phosphoric acid;tris(2-ethylhexyl)ester_phosphoric_acid;tris(2-ethylhexyl)phosphate;Tris(2-ethylhexyl)phosphate (TEHP)",,,,,,,,,,,,,,,,,,,,,,,,,,,,,,,,,,,,,,,,,,,,,,,,,,,,,,,,,,,,,,,,,,,,,,,,,,,,,,,,,,,,,,,,,,,,,,,,,,,,,,,,,,,,,,,,,,,,,,,,,,,,,,,,Ecotoxicological Information#Aquatic Toxicity,ECOTOX,,"Tissue-Specific Bioaccumulation, Metabolism and Excretion of Tris (2-Ethylhexyl) Phosphate (TEHP) in Rare Minnow (Gobiocypris rarus)",LOEC,,True,No qualifier,Equal,Environ. Pollut.261:9 p.,,,,,,,,,,Gobiocypris rarus,Animalia (animals),Bilateria,Chordata (chordates),Vertebrata (vertebrates),"Actinopterygii (ray-finned fishes,spiny rayed fishes)",Teleostei,Ostariophysi,"Cypriniformes (minnows,suckers)",Cyprinoidea,"Cyprinidae (carps,minnows,carps and minnows)",Gobiocypris,Deuterostomia,Gnathostomata,,,,,,,,,,,,,,,,,,,,,,,Increasing,"Hou,R., Y.P. Xu, K.F. Rao, C.L. Feng, and Z.J. Wang",Accumulation,2263940,2601058,Active ingredient,Fresh water,Residue,Carrier or solvent,04/08/2021,A,Renewal,04/13/2021,Muscle,Lab,06/15/2021,Laboratory,2020,Reviewer assigned endpoint,"TEST WATER CONSTANTLY AERATED, FISH FED FOOD PELLETS AND BRINE SHRIMP TWICE DAILY, 16:8 LIGHT:DARK PHOTOPERIOD",DECHLORINATED TAP WATER,Measured,Tris(2-ethylhexyl)phosphate,"METABOLITES, POST-EXPOSURE MEASUREMENTS, RATE OF UPTAKE",MEAN LENGTH 43.8 MM,AP FREQ/50 PERCENT WATER REFRESHED//MEDIA/DECHLORINATED TAP WATER//,50 PERCENT WATER REFRESHED,7.4,None,3,None,3,Organism,Unknown,95,None,6,ca.,mo,Time,,,,milligrams per liter Calcium carbonate,Unknown,44,61,50,d,Time,7,≥,mg/L,Mass concentration,835.1,mg,Mass,30,d,Time,25,°C,Temperature,,,,,,,,,Significant at all concentrations,P,0.01,<,None,,,,,,,,,,,,,,,,,,,,,,,,,,,,,,,,,,,,,,,,,,,,,,,,,,,,,,,,,,,,,,,,,,,,,,,,,,,,,,,,,,,,,,,,,,,,,,,,,,,,,,,,,,,,,,,,,,,,,,,,,,,,,4,d,Time,,,0.013800000190734863,,mg/L,Mass concentration,,,13.800000190734863,,µg/L,Mass concentration,,
78-42-2,"Phosphoric acid, tris(2-ethylhexyl) ester;tris (2-ethylhexyl) phosphate;Tris(2-ethylhexyl) phosphate;tris(2-ethylhexyl)ester phosphoric acid;tris(2-ethylhexyl)ester_phosphoric_acid;tris(2-ethylhexyl)phosphate;Tris(2-ethylhexyl)phosphate (TEHP)",,,,,,,,,,,,,,,,,,,,,,,,,,,,,,,,,,,,,,,,,,,,,,,,,,,,,,,,,,,,,,,,,,,,,,,,,,,,,,,,,,,,,,,,,,,,,,,,,,,,,,,,,,,,,,,,,,,,,,,,,,,,,,,,Ecotoxicological Information#Aquatic Toxicity,ECOTOX,,"Tissue-Specific Bioaccumulation, Metabolism and Excretion of Tris (2-Ethylhexyl) Phosphate (TEHP) in Rare Minnow (Gobiocypris rarus)",LOEC,,True,No qualifier,Equal,Environ. Pollut.261:9 p.,,,,,,,,,,Gobiocypris rarus,Animalia (animals),Bilateria,Chordata (chordates),Vertebrata (vertebrates),"Actinopterygii (ray-finned fishes,spiny rayed fishes)",Teleostei,Ostariophysi,"Cypriniformes (minnows,suckers)",Cyprinoidea,"Cyprinidae (carps,minnows,carps and minnows)",Gobiocypris,Deuterostomia,Gnathostomata,,,,,,,,,,,,,,,,,,,,,,,Increasing,"Hou,R., Y.P. Xu, K.F. Rao, C.L. Feng, and Z.J. Wang",Accumulation,2263940,2601053,Active ingredient,Fresh water,Residue,Carrier or solvent,04/08/2021,A,Renewal,04/13/2021,Testes,Lab,06/15/2021,Laboratory,2020,Reviewer assigned endpoint,"TEST WATER CONSTANTLY AERATED, FISH FED FOOD PELLETS AND BRINE SHRIMP TWICE DAILY, 16:8 LIGHT:DARK PHOTOPERIOD",DECHLORINATED TAP WATER,Measured,Tris(2-ethylhexyl)phosphate,"METABOLITES, POST-EXPOSURE MEASUREMENTS, RATE OF UPTAKE",MEAN LENGTH 43.8 MM,AP FREQ/50 PERCENT WATER REFRESHED//MEDIA/DECHLORINATED TAP WATER//,50 PERCENT WATER REFRESHED,7.4,None,3,None,3,Organism,Unknown,95,None,6,ca.,mo,Time,,,,milligrams per liter Calcium carbonate,Unknown,44,61,50,d,Time,7,≥,mg/L,Mass concentration,835.1,mg,Mass,30,d,Time,25,°C,Temperature,,,,,,,,,Significant at all concentrations,P,0.01,<,None,,,,,,,,,,,,,,,,,,,,,,,,,,,,,,,,,,,,,,,,,,,,,,,,,,,,,,,,,,,,,,,,,,,,,,,,,,,,,,,,,,,,,,,,,,,,,,,,,,,,,,,,,,,,,,,,,,,,,,,,,,,,,4,d,Time,,,0.013800000190734863,,mg/L,Mass concentration,,,13.800000190734863,,µg/L,Mass concentration,,
78-42-2,"Phosphoric acid, tris(2-ethylhexyl) ester;tris (2-ethylhexyl) phosphate;Tris(2-ethylhexyl) phosphate;tris(2-ethylhexyl)ester phosphoric acid;tris(2-ethylhexyl)ester_phosphoric_acid;tris(2-ethylhexyl)phosphate;Tris(2-ethylhexyl)phosphate (TEHP)",,,,,,,,,,,,,,,,,,,,,,,,,,,,,,,,,,,,,,,,,,,,,,,,,,,,,,,,,,,,,,,,,,,,,,,,,,,,,,,,,,,,,,,,,,,,,,,,,,,,,,,,,,,,,,,,,,,,,,,,,,,,,,,,Ecotoxicological Information#Aquatic Toxicity,ECOTOX,,"Tissue-Specific Bioaccumulation, Metabolism and Excretion of Tris (2-Ethylhexyl) Phosphate (TEHP) in Rare Minnow (Gobiocypris rarus)",LOEC,,True,No qualifier,Equal,Environ. Pollut.261:9 p.,,,,,,,,,,Gobiocypris rarus,Animalia (animals),Bilateria,Chordata (chordates),Vertebrata (vertebrates),"Actinopterygii (ray-finned fishes,spiny rayed fishes)",Teleostei,Ostariophysi,"Cypriniformes (minnows,suckers)",Cyprinoidea,"Cyprinidae (carps,minnows,carps and minnows)",Gobiocypris,Deuterostomia,Gnathostomata,,,,,,,,,,,,,,,,,,,,,,,Increasing,"Hou,R., Y.P. Xu, K.F. Rao, C.L. Feng, and Z.J. Wang",Accumulation,2263940,2601033,Active ingredient,Fresh water,Residue,Carrier or solvent,04/08/2021,A,Renewal,04/13/2021,Liver,Lab,06/15/2021,Laboratory,2020,Reviewer assigned endpoint,"TEST WATER CONSTANTLY AERATED, FISH FED FOOD PELLETS AND BRINE SHRIMP TWICE DAILY, 16:8 LIGHT:DARK PHOTOPERIOD",DECHLORINATED TAP WATER,Measured,Tris(2-ethylhexyl)phosphate,"METABOLITES, POST-EXPOSURE MEASUREMENTS, RATE OF UPTAKE",MEAN LENGTH 43.8 MM,AP FREQ/50 PERCENT WATER REFRESHED//MEDIA/DECHLORINATED TAP WATER//,50 PERCENT WATER REFRESHED,7.4,None,3,None,3,Organism,Unknown,95,None,6,ca.,mo,Time,,,,milligrams per liter Calcium carbonate,Unknown,44,61,50,d,Time,7,≥,mg/L,Mass concentration,835.1,mg,Mass,30,d,Time,25,°C,Temperature,,,,,,,,,Significant at all concentrations,P,0.01,<,None,,,,,,,,,,,,,,,,,,,,,,,,,,,,,,,,,,,,,,,,,,,,,,,,,,,,,,,,,,,,,,,,,,,,,,,,,,,,,,,,,,,,,,,,,,,,,,,,,,,,,,,,,,,,,,,,,,,,,,,,,,,,,4,d,Time,,,0.013800000190734863,,mg/L,Mass concentration,,,13.800000190734863,,µg/L,Mass concentration,,
78-42-2,"Phosphoric acid, tris(2-ethylhexyl) ester;tris (2-ethylhexyl) phosphate;Tris(2-ethylhexyl) phosphate;tris(2-ethylhexyl)ester phosphoric acid;tris(2-ethylhexyl)ester_phosphoric_acid;tris(2-ethylhexyl)phosphate;Tris(2-ethylhexyl)phosphate (TEHP)",,,,,,,,,,,,,,,,,,,,,,,,,,,,,,,,,,,,,,,,,,,,,,,,,,,,,,,,,,,,,,,,,,,,,,,,,,,,,,,,,,,,,,,,,,,,,,,,,,,,,,,,,,,,,,,,,,,,,,,,,,,,,,,,Ecotoxicological Information#Aquatic Toxicity,ECOTOX,,"Tissue-Specific Bioaccumulation, Metabolism and Excretion of Tris (2-Ethylhexyl) Phosphate (TEHP) in Rare Minnow (Gobiocypris rarus)",LOEC,,True,No qualifier,Equal,Environ. Pollut.261:9 p.,,,,,,,,,,Gobiocypris rarus,Animalia (animals),Bilateria,Chordata (chordates),Vertebrata (vertebrates),"Actinopterygii (ray-finned fishes,spiny rayed fishes)",Teleostei,Ostariophysi,"Cypriniformes (minnows,suckers)",Cyprinoidea,"Cyprinidae (carps,minnows,carps and minnows)",Gobiocypris,Deuterostomia,Gnathostomata,,,,,,,,,,,,,,,,,,,,,,,Increasing,"Hou,R., Y.P. Xu, K.F. Rao, C.L. Feng, and Z.J. Wang",Accumulation,2263940,2601049,Active ingredient,Fresh water,Residue,Carrier or solvent,04/08/2021,A,Renewal,04/13/2021,Ovaries,Lab,06/15/2021,Laboratory,2020,Reviewer assigned endpoint,"TEST WATER CONSTANTLY AERATED, FISH FED FOOD PELLETS AND BRINE SHRIMP TWICE DAILY, 16:8 LIGHT:DARK PHOTOPERIOD",DECHLORINATED TAP WATER,Measured,Tris(2-ethylhexyl)phosphate,"METABOLITES, POST-EXPOSURE MEASUREMENTS, RATE OF UPTAKE",MEAN LENGTH 43.8 MM,AP FREQ/50 PERCENT WATER REFRESHED//MEDIA/DECHLORINATED TAP WATER//,50 PERCENT WATER REFRESHED,7.4,None,3,None,3,Organism,Unknown,95,None,6,ca.,mo,Time,,,,milligrams per liter Calcium carbonate,Unknown,44,61,50,d,Time,7,≥,mg/L,Mass concentration,835.1,mg,Mass,30,d,Time,25,°C,Temperature,,,,,,,,,Significant at all concentrations,P,0.01,<,None,,,,,,,,,,,,,,,,,,,,,,,,,,,,,,,,,,,,,,,,,,,,,,,,,,,,,,,,,,,,,,,,,,,,,,,,,,,,,,,,,,,,,,,,,,,,,,,,,,,,,,,,,,,,,,,,,,,,,,,,,,,,,4,d,Time,,,0.013800000190734863,,mg/L,Mass concentration,,,13.800000190734863,,µg/L,Mass concentration,,
78-42-2,"Phosphoric acid, tris(2-ethylhexyl) ester;tris (2-ethylhexyl) phosphate;Tris(2-ethylhexyl) phosphate;tris(2-ethylhexyl)ester phosphoric acid;tris(2-ethylhexyl)ester_phosphoric_acid;tris(2-ethylhexyl)phosphate;Tris(2-ethylhexyl)phosphate (TEHP)",,,,,,,,,,,,,,,,,,,,,,,,,,,,,,,,,,,,,,,,,,,,,,,,,,,,,,,,,,,,,,,,,,,,,,,,,,,,,,,,,,,,,,,,,,,,,,,,,,,,,,,,,,,,,,,,,,,,,,,,,,,,,,,,Ecotoxicological Information#Aquatic Toxicity,ECOTOX,,"Tissue-Specific Bioaccumulation, Metabolism and Excretion of Tris (2-Ethylhexyl) Phosphate (TEHP) in Rare Minnow (Gobiocypris rarus)",LOEC,,True,No qualifier,Equal,Environ. Pollut.261:9 p.,,,,,,,,,,Gobiocypris rarus,Animalia (animals),Bilateria,Chordata (chordates),Vertebrata (vertebrates),"Actinopterygii (ray-finned fishes,spiny rayed fishes)",Teleostei,Ostariophysi,"Cypriniformes (minnows,suckers)",Cyprinoidea,"Cyprinidae (carps,minnows,carps and minnows)",Gobiocypris,Deuterostomia,Gnathostomata,,,,,,,,,,,,,,,,,,,,,,,Increasing,"Hou,R., Y.P. Xu, K.F. Rao, C.L. Feng, and Z.J. Wang",Accumulation,2263940,2601044,Active ingredient,Fresh water,Residue,Carrier or solvent,04/08/2021,A,Renewal,04/13/2021,Gastrointestinal tract,Lab,06/15/2021,Laboratory,2020,Reviewer assigned endpoint,"TEST WATER CONSTANTLY AERATED, FISH FED FOOD PELLETS AND BRINE SHRIMP TWICE DAILY, 16:8 LIGHT:DARK PHOTOPERIOD",DECHLORINATED TAP WATER,Measured,Tris(2-ethylhexyl)phosphate,"METABOLITES, POST-EXPOSURE MEASUREMENTS, RATE OF UPTAKE",MEAN LENGTH 43.8 MM,AP FREQ/50 PERCENT WATER REFRESHED//MEDIA/DECHLORINATED TAP WATER//,50 PERCENT WATER REFRESHED,7.4,None,3,None,3,Organism,Unknown,95,None,6,ca.,mo,Time,,,,milligrams per liter Calcium carbonate,Unknown,44,61,50,d,Time,7,≥,mg/L,Mass concentration,835.1,mg,Mass,30,d,Time,25,°C,Temperature,,,,,,,,,Significant at all concentrations,P,0.01,<,None,,,,,,,,,,,,,,,,,,,,,,,,,,,,,,,,,,,,,,,,,,,,,,,,,,,,,,,,,,,,,,,,,,,,,,,,,,,,,,,,,,,,,,,,,,,,,,,,,,,,,,,,,,,,,,,,,,,,,,,,,,,,,4,d,Time,,,0.013800000190734863,,mg/L,Mass concentration,,,13.800000190734863,,µg/L,Mass concentration,,
78-42-2,"Phosphoric acid, tris(2-ethylhexyl) ester;tris (2-ethylhexyl) phosphate;Tris(2-ethylhexyl) phosphate;tris(2-ethylhexyl)ester phosphoric acid;tris(2-ethylhexyl)ester_phosphoric_acid;tris(2-ethylhexyl)phosphate;Tris(2-ethylhexyl)phosphate (TEHP)",,,,,,,,,,,,,,,,,,,,,,,,,,,,,,,,,,,,,,,,,,,,,,,,,,,,,,,,,,,,,,,,,,,,,,,,,,,,,,,,,,,,,,,,,,,,,,,,,,,,,,,,,,,,,,,,,,,,,,,,,,,,,,,,Ecotoxicological Information#Aquatic Toxicity,ECOTOX,,"Tissue-Specific Bioaccumulation, Metabolism and Excretion of Tris (2-Ethylhexyl) Phosphate (TEHP) in Rare Minnow (Gobiocypris rarus)",LOEC,,True,No qualifier,Equal,Environ. Pollut.261:9 p.,,,,,,,,,,Gobiocypris rarus,Animalia (animals),Bilateria,Chordata (chordates),Vertebrata (vertebrates),"Actinopterygii (ray-finned fishes,spiny rayed fishes)",Teleostei,Ostariophysi,"Cypriniformes (minnows,suckers)",Cyprinoidea,"Cyprinidae (carps,minnows,carps and minnows)",Gobiocypris,Deuterostomia,Gnathostomata,,,,,,,,,,,,,,,,,,,,,,,Increasing,"Hou,R., Y.P. Xu, K.F. Rao, C.L. Feng, and Z.J. Wang",Accumulation,2263940,2601039,Active ingredient,Fresh water,Residue,Carrier or solvent,04/08/2021,A,Renewal,04/13/2021,Gill(s),Lab,06/15/2021,Laboratory,2020,Reviewer assigned endpoint,"TEST WATER CONSTANTLY AERATED, FISH FED FOOD PELLETS AND BRINE SHRIMP TWICE DAILY, 16:8 LIGHT:DARK PHOTOPERIOD",DECHLORINATED TAP WATER,Measured,Tris(2-ethylhexyl)phosphate,"METABOLITES, POST-EXPOSURE MEASUREMENTS, RATE OF UPTAKE",MEAN LENGTH 43.8 MM,AP FREQ/50 PERCENT WATER REFRESHED//MEDIA/DECHLORINATED TAP WATER//,50 PERCENT WATER REFRESHED,7.4,None,3,None,3,Organism,Unknown,95,None,6,ca.,mo,Time,,,,milligrams per liter Calcium carbonate,Unknown,44,61,50,d,Time,7,≥,mg/L,Mass concentration,835.1,mg,Mass,30,d,Time,25,°C,Temperature,,,,,,,,,Significant at all concentrations,P,0.01,<,None,,,,,,,,,,,,,,,,,,,,,,,,,,,,,,,,,,,,,,,,,,,,,,,,,,,,,,,,,,,,,,,,,,,,,,,,,,,,,,,,,,,,,,,,,,,,,,,,,,,,,,,,,,,,,,,,,,,,,,,,,,,,,4,d,Time,,,0.013800000190734863,,mg/L,Mass concentration,,,13.800000190734863,,µg/L,Mass concentration,,
78-42-2,"Phosphoric acid, tris(2-ethylhexyl) ester;tris (2-ethylhexyl) phosphate;Tris(2-ethylhexyl) phosphate;tris(2-ethylhexyl)ester phosphoric acid;tris(2-ethylhexyl)ester_phosphoric_acid;tris(2-ethylhexyl)phosphate;Tris(2-ethylhexyl)phosphate (TEHP)",,,,,,,,,,,,,,,,,,,,,,,,,,,,,,,,,,,,,,,,,,,,,,,,,,,,,,,,,,,,,,,,,,,,,,,,,,,,,,,,,,,,,,,,,,,,,,,,,,,,,,,,,,,,,,,,,,,,,,,,,,,,,,,,Ecotoxicological Information#Aquatic Toxicity,Aquatic Japan MoE,2005,,EC50,OECD TG 211,True,>,Equal,,,,,,,,,,,Daphnia magna,Animalia (animals),Bilateria,Arthropoda (arthropods),Crustacea (crustaceans),,Branchiopoda (branchiopods),,Diplostraca,,Daphniidae,Daphnia,Protostomia,,,,,,,,,,,,,,,,,,,,,,,,,,Acute,,,,,,,,,,,,,,,,,,,,,,,,,,,,,,,,,,,,,,,,,,,,,,,,,,,,,,,,,,,,,,,,,,,,,,,,,,Daphnids Acute Immobilisation Test,2822,Phyllopoda,Cladocera (water fleas),Anomopoda,Ecdysozoa,,,,,,,,,,,,,,,,,,,,,,,,,,,,,,,,,,,,,,,,,,,,,,,,,,,,,,,,,,,,,,,,,,,,,,,,,,,,,,,,,,,,,,,,,,,,,,,,,,,,,,,,,,,,,,,,,,,,,,,48,h,Time,,,100,>,mg/L,Mass concentration,,,100,>,mg/L,Mass concentration,,
78-42-2,"Phosphoric acid, tris(2-ethylhexyl) ester;tris (2-ethylhexyl) phosphate;Tris(2-ethylhexyl) phosphate;tris(2-ethylhexyl)ester phosphoric acid;tris(2-ethylhexyl)ester_phosphoric_acid;tris(2-ethylhexyl)phosphate;Tris(2-ethylhexyl)phosphate (TEHP)",,,,,,,,,,,,,,,,,,,,,,,,,,,,,,,,,,,,,,,,,,,,,,,,,,,,,,,,,,,,,,,,,,,,,,,,,,,,,,,,,,,,,,,,,,,,,,,,,,,,,,,,,,,,,,,,,,,,,,,,,,,,,,,,Ecotoxicological Information#Aquatic Toxicity,Aquatic Japan MoE,1997,,EC50,OECD TG 211,True,>,Equal,,,,,,,,,,,Daphnia magna,Animalia (animals),Bilateria,Arthropoda (arthropods),Crustacea (crustaceans),,Branchiopoda (branchiopods),,Diplostraca,,Daphniidae,Daphnia,Protostomia,,,,,,,,,,,,,,,,,,,,,,,,,,Acute,,,,,,,,,,,,,,,,,,,,,,,,,,,,,,,,,,,,,,,,,,,,,,,,,,,,,,,,,,,,,,,,,,,,,,,,,,Daphnids Acute Immobilisation Test,2821,Phyllopoda,Cladocera (water fleas),Anomopoda,Ecdysozoa,,,,,,,,,,,,,,,,,,,,,,,,,,,,,,,,,,,,,,,,,,,,,,,,,,,,,,,,,,,,,,,,,,,,,,,,,,,,,,,,,,,,,,,,,,,,,,,,,,,,,,,,,,,,,,,,,,,,,,,48,h,Time,,,40,>,mg/L,Mass concentration,,,40,>,mg/L,Mass concentration,,
78-42-2,"Phosphoric acid, tris(2-ethylhexyl) ester;tris (2-ethylhexyl) phosphate;Tris(2-ethylhexyl) phosphate;tris(2-ethylhexyl)ester phosphoric acid;tris(2-ethylhexyl)ester_phosphoric_acid;tris(2-ethylhexyl)phosphate;Tris(2-ethylhexyl)phosphate (TEHP)",,,,,,,,,,,,,,,,,,,,,,,,,,,,,,,,,,,,,,,,,,,,,,,,,,,,,,,,,,,,,,,,,,,,,,,,,,,,,,,,,,,,,,,,,,,,,,,,,,,,,,,,,,,,,,,,,,,,,,,,,,,,,,,,Ecotoxicological Information#Aquatic Toxicity,Aquatic Japan MoE,1997,,LC50,OECD TG 203,True,>,Equal,,,,,,,,,,,Oryzias latipes,Animalia (animals),Bilateria,Chordata (chordates),Vertebrata (vertebrates),"Actinopterygii (ray-finned fishes,spiny rayed fishes)",Teleostei,Acanthopterygii,Beloniformes (needlefishes),,"Adrianichthyidae (adrianichthyids,ricefishes)",Oryzias,Deuterostomia,Gnathostomata,,,,,,,,,,,,,,,,,,,,,,,,,Acute,,,,,,,,,,,,,,,,,,,,,,,,,,,,,,,,,,,,,,,,,,,,,,,,,,,,,,,,,,,,,,,,,,,,,,,,,,Fish Acute toxicity test,4900,,Adrianichthyoidei,,,Oryziinae,,,,,,,,,,,,,,,,,,,,,,,,,,,,,,,,,,,,,,,,,,,,,,,,,,,,,,,,,,,,,,,,,,,,,,,,,,,,,,,,,,,,,,,,,,,,,,,,,,,,,,,,,,,,,,,,,,,,,,96,h,Time,,,40,>,mg/L,Mass concentration,,,40,>,mg/L,Mass concentration,,
78-42-2,"Phosphoric acid, tris(2-ethylhexyl) ester;tris (2-ethylhexyl) phosphate;Tris(2-ethylhexyl) phosphate;tris(2-ethylhexyl)ester phosphoric acid;tris(2-ethylhexyl)ester_phosphoric_acid;tris(2-ethylhexyl)phosphate;Tris(2-ethylhexyl)phosphate (TEHP)",,,,,,,,,,,,,,,,,,,,,,,,,,,,,,,,,,,,,,,,,,,,,,,,,,,,,,,,,,,,,,,,,,,,,,,,,,,,,,,,,,,,,,,,,,,,,,,,,,,,,,,,,,,,,,,,,,,,,,,,,,,,,,,,Ecotoxicological Information#Aquatic Toxicity,Aquatic Japan MoE,1997,,EC50,OECD TG 201,True,>,Equal,,,,,,,,,,,Pseudokirchneriella subcapitata,Plantae (plants),,,,,Chlorophyceae,,,,,,,,,,,,,,,,,,,,,,,,,,,,,,,,Area Under Growth Curve,,,,,,,,,,,,,,,,,,,,,,,,,,,,,,,,,,,,,,,,,,,,,,,,,,,,,,,,,,,,,,,,,,,,,,,,,,Algal growth inhibition test,1435,,,,,,Chlorophyta (green algae),,,,,,,,,,,,,,,,,,,,,,,,,,,,,,,,,,,,,,,,,,,,,,,,,,,,,,,,,,,,,,,,,,,,,,,,,,,,,,,,,,,,,,,,,,,,,,,,,,,,,,,,,,,,,,,,,,,,,72,h,Time,,,40,>,mg/L,Mass concentration,,,40,>,mg/L,Mass concentration,,
78-42-2,"Phosphoric acid, tris(2-ethylhexyl) ester;tris (2-ethylhexyl) phosphate;Tris(2-ethylhexyl) phosphate;tris(2-ethylhexyl)ester phosphoric acid;tris(2-ethylhexyl)ester_phosphoric_acid;tris(2-ethylhexyl)phosphate;Tris(2-ethylhexyl)phosphate (TEHP)",,,,,,,,,,,,,,,,,,,,,,,,,,,,,,,,,,,,,,,,,,,,,,,,,,,,,,,,,,,,,,,,,,,,,,,,,,,,,,,,,,,,,,,,,,,,,,,,,,,,,,,,,,,,,,,,,,,,,,,,,,,,,,,,Ecotoxicological Information#Aquatic Toxicity,Aquatic Japan MoE,1997,,NOEC,OECD TG 201,True,>,Equal,,,,,,,,,,,Pseudokirchneriella subcapitata,Plantae (plants),,,,,Chlorophyceae,,,,,,,,,,,,,,,,,,,,,,,,,,,,,,,,Area Under Growth Curve,,,,,,,,,,,,,,,,,,,,,,,,,,,,,,,,,,,,,,,,,,,,,,,,,,,,,,,,,,,,,,,,,,,,,,,,,,Algal growth inhibition test,2128,,,,,,Chlorophyta (green algae),,,,,,,,,,,,,,,,,,,,,,,,,,,,,,,,,,,,,,,,,,,,,,,,,,,,,,,,,,,,,,,,,,,,,,,,,,,,,,,,,,,,,,,,,,,,,,,,,,,,,,,,,,,,,,,,,,,,,72,h,Time,,,40,>,mg/L,Mass concentration,,,40,>,mg/L,Mass concentration,,
78-42-2,"Phosphoric acid, tris(2-ethylhexyl) ester;tris (2-ethylhexyl) phosphate;Tris(2-ethylhexyl) phosphate;tris(2-ethylhexyl)ester phosphoric acid;tris(2-ethylhexyl)ester_phosphoric_acid;tris(2-ethylhexyl)phosphate;Tris(2-ethylhexyl)phosphate (TEHP)",,,,,,,,,,,,,,,,,,,,,,,,,,,,,,,,,,,,,,,,,,,,,,,,,,,,,,,,,,,,,,,,,,,,,,,,,,,,,,,,,,,,,,,,,,,,,,,,,,,,,,,,,,,,,,,,,,,,,,,,,,,,,,,,Ecotoxicological Information#Aquatic Toxicity,ECOTOX,,"Tissue-Specific Bioaccumulation, Metabolism and Excretion of Tris (2-Ethylhexyl) Phosphate (TEHP) in Rare Minnow (Gobiocypris rarus)",NOEC,,True,No qualifier,Equal,Environ. Pollut.261:9 p.,,,,,,,,,,Gobiocypris rarus,Animalia (animals),Bilateria,Chordata (chordates),Vertebrata (vertebrates),"Actinopterygii (ray-finned fishes,spiny rayed fishes)",Teleostei,Ostariophysi,"Cypriniformes (minnows,suckers)",Cyprinoidea,"Cyprinidae (carps,minnows,carps and minnows)",Gobiocypris,Deuterostomia,Gnathostomata,,,,,,,,,,,,,,,,,,,,,,,No effect,"Hou,R., Y.P. Xu, K.F. Rao, C.L. Feng, and Z.J. Wang",Biochemistry,2263940,2601021,Active ingredient,Fresh water,Lipid,Carrier or solvent,04/08/2021,A,Renewal,04/13/2021,,Lab,06/15/2021,Laboratory,2020,Reviewer assigned endpoint,"TEST WATER CONSTANTLY AERATED, FISH FED FOOD PELLETS AND BRINE SHRIMP TWICE DAILY, 16:8 LIGHT:DARK PHOTOPERIOD",DECHLORINATED TAP WATER,Measured,Tris(2-ethylhexyl)phosphate,"METABOLITES, POST-EXPOSURE MEASUREMENTS, RATE OF UPTAKE",MEAN LENGTH 43.8 MM,AP FREQ/50 PERCENT WATER REFRESHED//MEDIA/DECHLORINATED TAP WATER//,50 PERCENT WATER REFRESHED,7.4,None,3,None,3,Organism,Unknown,95,None,6,ca.,mo,Time,,,,milligrams per liter Calcium carbonate,Unknown,44,61,50,d,Time,7,≥,mg/L,Mass concentration,835.1,mg,Mass,30,d,Time,25,°C,Temperature,,,,,,,,,Not significant at all concentrations,P,0.21,<,None,,,,,,,,,EFCT%/OF TOTAL//,OF TOTAL,"SITE/GI,GT,KI,LI,MU,OV,TE/",,None,1.67,11.27,,,,,,,,,,,,,,,,,,,,,,,,,,,,,,,,,,,,,,,,,,,,,,,,,,,,,,,,,,,,,,,,,,,,,,,,,,,,,,,,,,,,,,,,,,,,,,,,,,,,,,,,,,,,,,30,d,Time,,,0.11190000152587891,,mg/L,Mass concentration,,,111.9000015258789,,µg/L,Mass concentration,,
78-42-2,"Phosphoric acid, tris(2-ethylhexyl) ester;tris (2-ethylhexyl) phosphate;Tris(2-ethylhexyl) phosphate;tris(2-ethylhexyl)ester phosphoric acid;tris(2-ethylhexyl)ester_phosphoric_acid;tris(2-ethylhexyl)phosphate;Tris(2-ethylhexyl)phosphate (TEHP)",,,,,,,,,,,,,,,,,,,,,,,,,,,,,,,,,,,,,,,,,,,,,,,,,,,,,,,,,,,,,,,,,,,,,,,,,,,,,,,,,,,,,,,,,,,,,,,,,,,,,,,,,,,,,,,,,,,,,,,,,,,,,,,,Ecotoxicological Information#Aquatic Toxicity,ECOTOX,,"Tissue-Specific Bioaccumulation, Metabolism and Excretion of Tris (2-Ethylhexyl) Phosphate (TEHP) in Rare Minnow (Gobiocypris rarus)",,,True,Data in range,Equal,Environ. Pollut.261:9 p.,,,,,,,,,,Gobiocypris rarus,Animalia (animals),Bilateria,Chordata (chordates),Vertebrata (vertebrates),"Actinopterygii (ray-finned fishes,spiny rayed fishes)",Teleostei,Ostariophysi,"Cypriniformes (minnows,suckers)",Cyprinoidea,"Cyprinidae (carps,minnows,carps and minnows)",Gobiocypris,Deuterostomia,Gnathostomata,,,,,,,,,,,,,,,,,,,,,,,Change,"Hou,R., Y.P. Xu, K.F. Rao, C.L. Feng, and Z.J. Wang",Biochemistry,2263940,2601329,Active ingredient,Fresh water,Lipid,Carrier or solvent,04/08/2021,A,Renewal,04/13/2021,,Lab,06/15/2021,Laboratory,2020,,"TEST WATER CONSTANTLY AERATED, FISH FED FOOD PELLETS AND BRINE SHRIMP TWICE DAILY, 16:8 LIGHT:DARK PHOTOPERIOD",DECHLORINATED TAP WATER,Measured,Tris(2-ethylhexyl)phosphate,"METABOLITES, POST-EXPOSURE MEASUREMENTS, RATE OF UPTAKE",MEAN LENGTH 43.8 MM,AP FREQ/50 PERCENT WATER REFRESHED//MEDIA/DECHLORINATED TAP WATER//,50 PERCENT WATER REFRESHED,7.4,None,3,None,3,Organism,Unknown,95,None,6,ca.,mo,Time,,,,milligrams per liter Calcium carbonate,Unknown,44,61,50,d,Time,7,≥,mg/L,Mass concentration,835.1,mg,Mass,30,d,Time,25,°C,Temperature,,,,,,,,,,,,,,,,,,,,,,EFCT%/OF TOTAL//,OF TOTAL,"SITE/GI,GT,KI,LI,MU,OV,TE/",,None,5.34,8.8,LIPID PROTEIN CONTENT,,,,,,,,,,,,,,,,,,,,,,,,,,,,,,,,,,,,,,,,,,,,,,,,,,,,,,,,,,,,,,,,,,,,,,,,,,,,,,,,,,,,,,,,,,,,,,,,,,,,,,,,,,,,,30,d,Time,,,,,mg/L,Mass concentration,0.013800000190734863,0.11190000152587891,,,µg/L,Mass concentration,13.800000190734863,111.9000015258789
78-42-2,"Phosphoric acid, tris(2-ethylhexyl) ester;tris (2-ethylhexyl) phosphate;Tris(2-ethylhexyl) phosphate;tris(2-ethylhexyl)ester phosphoric acid;tris(2-ethylhexyl)ester_phosphoric_acid;tris(2-ethylhexyl)phosphate;Tris(2-ethylhexyl)phosphate (TEHP)",,,,,,,,,,,,,,,,,,,,,,,,,,,,,,,,,,,,,,,,,,,,,,,,,,,,,,,,,,,,,,,,,,,,,,,,,,,,,,,,,,,,,,,,,,,,,,,,,,,,,,,,,,,,,,,,,,,,,,,,,,,,,,,,Ecotoxicological Information#Aquatic Toxicity,Aquatic Japan MoE,1997,,EC50,OECD TG 211,True,>,Equal,,,,,,,,,,,Daphnia magna,Animalia (animals),Bilateria,Arthropoda (arthropods),Crustacea (crustaceans),,Branchiopoda (branchiopods),,Diplostraca,,Daphniidae,Daphnia,Protostomia,,,,,,,,,,,,,,,,,,,,,,,,,,Chronic,,,,,,,,,,,,,,,,,,,,,,,,,,,,,,,,,,,,,,,,,,,,,,,,,,,,,,,,,,,,,,,,,,,,,,,,,,Daphnia magna Reproduction test,3514,Phyllopoda,Cladocera (water fleas),Anomopoda,Ecdysozoa,,,,,,,,,,,,,,,,,,,,,,,,,,,,,,,,,,,,,,,,,,,,,,,,,,,,,,,,,,,,,,,,,,,,,,,,,,,,,,,,,,,,,,,,,,,,,,,,,,,,,,,,,,,,,,,,,,,,,,,21,d,Time,,,10,>,mg/L,Mass concentration,,,10,>,mg/L,Mass concentration,,
78-42-2,"Phosphoric acid, tris(2-ethylhexyl) ester;tris (2-ethylhexyl) phosphate;Tris(2-ethylhexyl) phosphate;tris(2-ethylhexyl)ester phosphoric acid;tris(2-ethylhexyl)ester_phosphoric_acid;tris(2-ethylhexyl)phosphate;Tris(2-ethylhexyl)phosphate (TEHP)",,,,,,,,,,,,,,,,,,,,,,,,,,,,,,,,,,,,,,,,,,,,,,,,,,,,,,,,,,,,,,,,,,,,,,,,,,,,,,,,,,,,,,,,,,,,,,,,,,,,,,,,,,,,,,,,,,,,,,,,,,,,,,,,Ecotoxicological Information#Aquatic Toxicity,Aquatic Japan MoE,1997,,NOEC,OECD TG 211,True,No qualifier,Equal,,,,,,,,,,,Daphnia magna,Animalia (animals),Bilateria,Arthropoda (arthropods),Crustacea (crustaceans),,Branchiopoda (branchiopods),,Diplostraca,,Daphniidae,Daphnia,Protostomia,,,,,,,,,,,,,,,,,,,,,,,,,,Chronic,,,,,,,,,,,,,,,,,,,,,,,,,,,,,,,,,,,,,,,,,,,,,,,,,,,,,,,,,,,,,,,,,,,,,,,,,,Daphnia magna Reproduction test,4207,Phyllopoda,Cladocera (water fleas),Anomopoda,Ecdysozoa,,,,,,,,,,,,,,,,,,,,,,,,,,,,,,,,,,,,,,,,,,,,,,,,,,,,,,,,,,,,,,,,,,,,,,,,,,,,,,,,,,,,,,,,,,,,,,,,,,,,,,,,,,,,,,,,,,,,,,,21,d,Time,,,1,,mg/L,Mass concentration,,,1,,mg/L,Mass concentration,,
78-42-2,"Phosphoric acid, tris(2-ethylhexyl) ester;tris (2-ethylhexyl) phosphate;Tris(2-ethylhexyl) phosphate;tris(2-ethylhexyl)ester phosphoric acid;tris(2-ethylhexyl)ester_phosphoric_acid;tris(2-ethylhexyl)phosphate;Tris(2-ethylhexyl)phosphate (TEHP)",,,,,,,,,,,,,,,,,,,,,,,,,,,,,,,,,,,,,,,,,,,,,,,,,,,,,,,,,,,,,,,,,,,,,,,,,,,,,,,,,,,,,,,,,,,,,,,,,,,,,,,,,,,,,,,,,,,,,,,,,,,,,,,,Ecotoxicological Information#Aquatic Toxicity,ECOTOX,,"Tissue-Specific Bioaccumulation, Metabolism and Excretion of Tris (2-Ethylhexyl) Phosphate (TEHP) in Rare Minnow (Gobiocypris rarus)",NOEC,,True,No qualifier,Equal,Environ. Pollut.261:9 p.,,,,,,,,,,Gobiocypris rarus,Animalia (animals),Bilateria,Chordata (chordates),Vertebrata (vertebrates),"Actinopterygii (ray-finned fishes,spiny rayed fishes)",Teleostei,Ostariophysi,"Cypriniformes (minnows,suckers)",Cyprinoidea,"Cyprinidae (carps,minnows,carps and minnows)",Gobiocypris,Deuterostomia,Gnathostomata,,,,,,,,,,,,,,,,,,,,,,,No effect,"Hou,R., Y.P. Xu, K.F. Rao, C.L. Feng, and Z.J. Wang",Growth,2263940,2601013,Active ingredient,Fresh water,Weight,Carrier or solvent,04/08/2021,A,Renewal,04/13/2021,Whole organism,Lab,06/15/2021,Laboratory,2020,Reviewer assigned endpoint,"TEST WATER CONSTANTLY AERATED, FISH FED FOOD PELLETS AND BRINE SHRIMP TWICE DAILY, 16:8 LIGHT:DARK PHOTOPERIOD",DECHLORINATED TAP WATER,Measured,Tris(2-ethylhexyl)phosphate,"METABOLITES, POST-EXPOSURE MEASUREMENTS, RATE OF UPTAKE",MEAN LENGTH 43.8 MM,AP FREQ/50 PERCENT WATER REFRESHED//MEDIA/DECHLORINATED TAP WATER//,50 PERCENT WATER REFRESHED,7.4,None,3,None,3,Organism,Unknown,95,None,6,ca.,mo,Time,,,,milligrams per liter Calcium carbonate,Unknown,44,61,50,d,Time,7,≥,mg/L,Mass concentration,835.1,mg,Mass,30,d,Time,25,°C,Temperature,,,,,,,,,Not significant at all concentrations,P,0.6,,None,,,,,,,,,,,,,,,,,,,,,,,,,,,,,,,,,,,,,,,,,,,,,,,,,,,,,,,,,,,,,,,,,,,,,,,,,,,,,,,,,,,,,,,,,,,,,,,,,,,,,,,,,,,,,,,,,,,,,,,,,,,,,30,d,Time,,,0.11190000152587891,,mg/L,Mass concentration,,,111.9000015258789,,µg/L,Mass concentration,,
78-42-2,"Phosphoric acid, tris(2-ethylhexyl) ester;tris (2-ethylhexyl) phosphate;Tris(2-ethylhexyl) phosphate;tris(2-ethylhexyl)ester phosphoric acid;tris(2-ethylhexyl)ester_phosphoric_acid;tris(2-ethylhexyl)phosphate;Tris(2-ethylhexyl)phosphate (TEHP)",,,,,,,,,,,,,,,,,,,,,,,,,,,,,,,,,,,,,,,,,,,,,,,,,,,,,,,,,,,,,,,,,,,,,,,,,,,,,,,,,,,,,,,,,,,,,,,,,,,,,,,,,,,,,,,,,,,,,,,,,,,,,,,,Ecotoxicological Information#Aquatic Toxicity,Aquatic Japan MoE,1997,,EC50,OECD TG 201,True,>,Equal,,,,,,,,,,,Pseudokirchneriella subcapitata,Plantae (plants),,,,,Chlorophyceae,,,,,,,,,,,,,,,,,,,,,,,,,,,,,,,,Growth Rate,,,,,,,,,,,,,,,,,,,,,,,,,,,,,,,,,,,,,,,,,,,,,,,,,,,,,,,,,,,,,,,,,,,,,,,,,,Algal growth inhibition test,49,,,,,,Chlorophyta (green algae),,,,,,,,,,,,,,,,,,,,,,,,,,,,,,,,,,,,,,,,,,,,,,,,,,,,,,,,,,,,,,,,,,,,,,,,,,,,,,,,,,,,,,,,,,,,,,,,,,,,,,,,,,,,,,,,,,,,,72,h,Time,,,40,>,mg/L,Mass concentration,,,40,>,mg/L,Mass concentration,,
78-42-2,"Phosphoric acid, tris(2-ethylhexyl) ester;tris (2-ethylhexyl) phosphate;Tris(2-ethylhexyl) phosphate;tris(2-ethylhexyl)ester phosphoric acid;tris(2-ethylhexyl)ester_phosphoric_acid;tris(2-ethylhexyl)phosphate;Tris(2-ethylhexyl)phosphate (TEHP)",,,,,,,,,,,,,,,,,,,,,,,,,,,,,,,,,,,,,,,,,,,,,,,,,,,,,,,,,,,,,,,,,,,,,,,,,,,,,,,,,,,,,,,,,,,,,,,,,,,,,,,,,,,,,,,,,,,,,,,,,,,,,,,,Ecotoxicological Information#Aquatic Toxicity,Aquatic Japan MoE,1997,,NOEC,OECD TG 201,True,No qualifier,Equal,,,,,,,,,,,Pseudokirchneriella subcapitata,Plantae (plants),,,,,Chlorophyceae,,,,,,,,,,,,,,,,,,,,,,,,,,,,,,,,Growth Rate,,,,,,,,,,,,,,,,,,,,,,,,,,,,,,,,,,,,,,,,,,,,,,,,,,,,,,,,,,,,,,,,,,,,,,,,,,Algal growth inhibition test,742,,,,,,Chlorophyta (green algae),,,,,,,,,,,,,,,,,,,,,,,,,,,,,,,,,,,,,,,,,,,,,,,,,,,,,,,,,,,,,,,,,,,,,,,,,,,,,,,,,,,,,,,,,,,,,,,,,,,,,,,,,,,,,,,,,,,,,72,h,Time,,,40,,mg/L,Mass concentration,,,40,,mg/L,Mass concentration,,
78-42-2,"Phosphoric acid, tris(2-ethylhexyl) ester;tris (2-ethylhexyl) phosphate;Tris(2-ethylhexyl) phosphate;tris(2-ethylhexyl)ester phosphoric acid;tris(2-ethylhexyl)ester_phosphoric_acid;tris(2-ethylhexyl)phosphate;Tris(2-ethylhexyl)phosphate (TEHP)",,,,,,,,,,,,,,,,,,,,,,,,,,,,,,,,,,,,,,,,,,,,,,,,,,,,,,,,,,,,,,,,,,,,,,,,,,,,,,,,,,,,,,,,,,,,,,,,,,,,,,,,,,,,,,,,,,,,,,,,,,,,,,,,Ecotoxicological Information#Aquatic Toxicity,ECOTOX,,"Tissue-Specific Bioaccumulation, Metabolism and Excretion of Tris (2-Ethylhexyl) Phosphate (TEHP) in Rare Minnow (Gobiocypris rarus)",NOEC,,True,No qualifier,Equal,Environ. Pollut.261:9 p.,,,,,,,,,,Gobiocypris rarus,Animalia (animals),Bilateria,Chordata (chordates),Vertebrata (vertebrates),"Actinopterygii (ray-finned fishes,spiny rayed fishes)",Teleostei,Ostariophysi,"Cypriniformes (minnows,suckers)",Cyprinoidea,"Cyprinidae (carps,minnows,carps and minnows)",Gobiocypris,Deuterostomia,Gnathostomata,,,,,,,,,,,,,,,,,,,,,,,No effect,"Hou,R., Y.P. Xu, K.F. Rao, C.L. Feng, and Z.J. Wang",Morphology,2263940,2601020,Active ingredient,Fresh water,Organ weight in relationship to body weight,Carrier or solvent,04/08/2021,A,Renewal,04/13/2021,Liver,Lab,06/15/2021,Laboratory,2020,Reviewer assigned endpoint,"TEST WATER CONSTANTLY AERATED, FISH FED FOOD PELLETS AND BRINE SHRIMP TWICE DAILY, 16:8 LIGHT:DARK PHOTOPERIOD",DECHLORINATED TAP WATER,Measured,Tris(2-ethylhexyl)phosphate,"METABOLITES, POST-EXPOSURE MEASUREMENTS, RATE OF UPTAKE",MEAN LENGTH 43.8 MM,AP FREQ/50 PERCENT WATER REFRESHED//MEDIA/DECHLORINATED TAP WATER//,50 PERCENT WATER REFRESHED,7.4,None,3,None,3,Organism,Unknown,95,None,6,ca.,mo,Time,,,,milligrams per liter Calcium carbonate,Unknown,44,61,50,d,Time,7,≥,mg/L,Mass concentration,835.1,mg,Mass,30,d,Time,25,°C,Temperature,,,,,,,,,Not significant at all concentrations,P,0.21,,None,,,,,,,,,,,,,,,,,,,,,,,,,,,,,,,,,,,,,,,,,,,,,,,,,,,,,,,,,,,,,,,,,,,,,,,,,,,,,,,,,,,,,,,,,,,,,,,,,,,,,,,,,,,,,,,,,,,,,,,,,,,,,30,d,Time,,,0.11190000152587891,,mg/L,Mass concentration,,,111.9000015258789,,µg/L,Mass concentration,,
78-42-2,"Phosphoric acid, tris(2-ethylhexyl) ester;tris (2-ethylhexyl) phosphate;Tris(2-ethylhexyl) phosphate;tris(2-ethylhexyl)ester phosphoric acid;tris(2-ethylhexyl)ester_phosphoric_acid;tris(2-ethylhexyl)phosphate;Tris(2-ethylhexyl)phosphate (TEHP)",,,,,,,,,,,,,,,,,,,,,,,,,,,,,,,,,,,,,,,,,,,,,,,,,,,,,,,,,,,,,,,,,,,,,,,,,,,,,,,,,,,,,,,,,,,,,,,,,,,,,,,,,,,,,,,,,,,,,,,,,,,,,,,,Ecotoxicological Information#Aquatic Toxicity,ECOTOX,,"Tissue-Specific Bioaccumulation, Metabolism and Excretion of Tris (2-Ethylhexyl) Phosphate (TEHP) in Rare Minnow (Gobiocypris rarus)",NR-ZERO,,True,No qualifier,Equal,Environ. Pollut.261:9 p.,,,,,,,,,,Gobiocypris rarus,Animalia (animals),Bilateria,Chordata (chordates),Vertebrata (vertebrates),"Actinopterygii (ray-finned fishes,spiny rayed fishes)",Teleostei,Ostariophysi,"Cypriniformes (minnows,suckers)",Cyprinoidea,"Cyprinidae (carps,minnows,carps and minnows)",Gobiocypris,Deuterostomia,Gnathostomata,,,,,,,,,,,,,,,,,,,,,,,No effect,"Hou,R., Y.P. Xu, K.F. Rao, C.L. Feng, and Z.J. Wang",Mortality,2263940,2601010,Active ingredient,Fresh water,Mortality,Carrier or solvent,04/08/2021,A,Renewal,04/13/2021,,Lab,06/15/2021,Laboratory,2020,Reviewer assigned endpoint,"TEST WATER CONSTANTLY AERATED, FISH FED FOOD PELLETS AND BRINE SHRIMP TWICE DAILY, 16:8 LIGHT:DARK PHOTOPERIOD",DECHLORINATED TAP WATER,Measured,Tris(2-ethylhexyl)phosphate,"METABOLITES, POST-EXPOSURE MEASUREMENTS, RATE OF UPTAKE",MEAN LENGTH 43.8 MM,AP FREQ/50 PERCENT WATER REFRESHED//MEDIA/DECHLORINATED TAP WATER//,50 PERCENT WATER REFRESHED,7.4,None,3,None,3,Organism,Unknown,95,None,6,ca.,mo,Time,,,,milligrams per liter Calcium carbonate,Unknown,44,61,50,d,Time,7,≥,mg/L,Mass concentration,835.1,mg,Mass,30,d,Time,25,°C,Temperature,,,,,,,,,,,,,,,,,,,,,,EFCT%/OF TOTAL//,OF TOTAL,,0,None,,,,,,,,,,,,,,,,,,,,,,,,,,,,,,,,,,,,,,,,,,,,,,,,,,,,,,,,,,,,,,,,,,,,,,,,,,,,,,,,,,,,,,,,,,,,,,,,,,,,,,,,,,,,,,,,30,d,Time,,,0.11190000152587891,,mg/L,Mass concentration,,,111.9000015258789,,µg/L,Mass concentration,,
78-42-2,"Phosphoric acid, tris(2-ethylhexyl) ester;tris (2-ethylhexyl) phosphate;Tris(2-ethylhexyl) phosphate;tris(2-ethylhexyl)ester phosphoric acid;tris(2-ethylhexyl)ester_phosphoric_acid;tris(2-ethylhexyl)phosphate;Tris(2-ethylhexyl)phosphate (TEHP)",,,,,,,,,,,,,,,,,,,,,,,,,,,,,,,,,,,,,,,,,,,,,,,,,,,,,,,,,,,,,,,,,,,,,,,,,,,,,,,,,,,,,,,,,,,,,,,,,,,,,,,,,,,,,,,,,,,,,,,,,,,,,,,,Ecotoxicological Information#Aquatic Toxicity,ECOTOX,,Testing for the Toxicity of Chemicals with Tetrahymena pyriformis,EC50,,True,No qualifier,Equal,Sci. Total Environ.43(1/2): 149-157,,,,,,,,,,Tetrahymena pyriformis,Protozoa,,Ciliophora,,,Ciliatea,,Hymenostomatida,,Tetrahymenidae,Tetrahymena,,,,,,,,,,,,,,,,,,,,,,,,,Decreasing,"Yoshioka,Y., Y. Ose, and T. Sato",Population,1137041,91812,Active ingredient,Fresh water,Population growth rate,Concurrent control,08/08/1986,A,Static,03/04/2010,,Lab,06/16/2010,,1985,Publication reported endpoint,,,Unmeasured,TRIOCTYLPHOSPHATE,"SODIUM P-N-DODESIL SULFOXIDE & 1,2,4-TRICHLOROPHENOL ALSO TESTED",0.2 ML,,,,,,,,,,,,,,,,,,,,,,,,,,,,,,,,,,,,30,°C,Temperature,,,,,,,,,,,,,,,,Rhabdophorina,Tetrahymenina,,,,,,,,,,,,,Analytical grade,1,Dosed x time(s) per study period,Unknown,,,,,,,,,,,,,,,,,,,,,,,,,,,,,,,,,,,,,,,,,,,,,,,,,,,,,,,,,,,,,,,,,,,,,,,,,,,,,,,,,,,,,,,,,,,,,,,,,,,,,,,,,24,h,Time,,,10,,mg/L,Mass concentration,,,10000,,µg/L,Mass concentration,,
78-42-2,"Phosphoric acid, tris(2-ethylhexyl) ester;tris (2-ethylhexyl) phosphate;Tris(2-ethylhexyl) phosphate;tris(2-ethylhexyl)ester phosphoric acid;tris(2-ethylhexyl)ester_phosphoric_acid;tris(2-ethylhexyl)phosphate;Tris(2-ethylhexyl)phosphate (TEHP)",,,,,,,,,,,,,,,,,,,,,,,,,,,,,,,,,,,,,,,,,,,,,,,,,,,,,,,,,,,,,,,,,,,,,,,,,,,,,,,,,,,,,,,,,,,,,,,,,,,,,,,,,,,,,,,,,,,,,,,,,,,,,,,,Ecotoxicological Information#Aquatic Toxicity,Aquatic Japan MoE,1997,,LC50,OECD TG 204,True,>,Equal,,,,,,,,,,,Oryzias latipes,Animalia (animals),Bilateria,Chordata (chordates),Vertebrata (vertebrates),"Actinopterygii (ray-finned fishes,spiny rayed fishes)",Teleostei,Acanthopterygii,Beloniformes (needlefishes),,"Adrianichthyidae (adrianichthyids,ricefishes)",Oryzias,Deuterostomia,Gnathostomata,,,,,,,,,,,,,,,,,,,,,,,,,Prolonged,,,,,,,,,,,,,,,,,,,,,,,,,,,,,,,,,,,,,,,,,,,,,,,,,,,,,,,,,,,,,,,,,,,,,,,,,,Fish prolonged toxicity test,5593,,Adrianichthyoidei,,,Oryziinae,,,,,,,,,,,,,,,,,,,,,,,,,,,,,,,,,,,,,,,,,,,,,,,,,,,,,,,,,,,,,,,,,,,,,,,,,,,,,,,,,,,,,,,,,,,,,,,,,,,,,,,,,,,,,,,,,,,,,,14,d,Time,,,40,>,mg/L,Mass concentration,,,40,>,mg/L,Mass concentration,,
78-42-2,"Phosphoric acid, tris(2-ethylhexyl) ester;tris (2-ethylhexyl) phosphate;Tris(2-ethylhexyl) phosphate;tris(2-ethylhexyl)ester phosphoric acid;tris(2-ethylhexyl)ester_phosphoric_acid;tris(2-ethylhexyl)phosphate;Tris(2-ethylhexyl)phosphate (TEHP)",,,,,,,,,,,,,,,,,,,,,,,,,,,,,,,,,,,,,,,,,,,,,,,,,,,,,,,,,,,,,,,,,,,,,,,,,,,,,,,,,,,,,,,,,,,,,,,,,,,,,,,,,,,,,,,,,,,,,,,,,,,,,,,,Ecotoxicological Information#Aquatic Toxicity,Aquatic Japan MoE,1997,,NOEC,OECD TG 204,True,>,Equal,,,,,,,,,,,Oryzias latipes,Animalia (animals),Bilateria,Chordata (chordates),Vertebrata (vertebrates),"Actinopterygii (ray-finned fishes,spiny rayed fishes)",Teleostei,Acanthopterygii,Beloniformes (needlefishes),,"Adrianichthyidae (adrianichthyids,ricefishes)",Oryzias,Deuterostomia,Gnathostomata,,,,,,,,,,,,,,,,,,,,,,,,,Prolonged,,,,,,,,,,,,,,,,,,,,,,,,,,,,,,,,,,,,,,,,,,,,,,,,,,,,,,,,,,,,,,,,,,,,,,,,,,Fish prolonged toxicity test,6286,,Adrianichthyoidei,,,Oryziinae,,,,,,,,,,,,,,,,,,,,,,,,,,,,,,,,,,,,,,,,,,,,,,,,,,,,,,,,,,,,,,,,,,,,,,,,,,,,,,,,,,,,,,,,,,,,,,,,,,,,,,,,,,,,,,,,,,,,,,14,d,Time,,,40,>,mg/L,Mass concentration,,,40,>,mg/L,Mass concentration,,
78-42-2,"Phosphoric acid, tris(2-ethylhexyl) ester;tris (2-ethylhexyl) phosphate;Tris(2-ethylhexyl) phosphate;tris(2-ethylhexyl)ester phosphoric acid;tris(2-ethylhexyl)ester_phosphoric_acid;tris(2-ethylhexyl)phosphate;Tris(2-ethylhexyl)phosphate (TEHP)",,,,,,,,,,,,,,,,,,,,,,,,,,,,,,,,,,,,,,,,,,,,,,,,,,,,,,,,,,,,,,,,,,,,,,,,,,,,,,,,,,,,,,,,,,,,,,,,,,,,,,,,,,,,,,,,,,,,,,,,,,,,,,,,Ecotoxicological Information#Terrestrial Toxicity,ECOTOX,,The In Vivo-In Vitro Replicative DNA Synthesis (RDS) Test with Hepatocytes Prepared from Male B6C3F1 Mice as an Early Prediction Assay for Putative Nongenotoxic (Ames-Negative) Mouse Hepatocarcinogens,,,True,Data in range,Equal,Mutat. Res.343(2/3): 157-183,,,,,,,,,,Mus musculus,Animalia (animals),Bilateria,Chordata (chordates),Vertebrata (vertebrates),Tetrapoda,Mammalia (mammals),,Rodentia (rodents),Muroidea,"Muridae (mice,rats,voles)","Mus (House Mice,Old World Mice)",Deuterostomia,Gnathostomata,,,,,,,,,,,,,,,,,,,,,,,Increasing,"Miyagawa,M., H. Takasawa, A. Sugiyama, Y. Inoue, T. Murata, Y. Uno, and K. Yoshikawa",Genetics,2193247,2387610,Formulation,No substrate,DNA synthesis rate,Carrier or solvent,05/17/2017,T,Gavage,05/17/2017,Liver,Lab,06/15/2017,Laboratory,1995,,,,Unmeasured,Tris(2-ethylhexyl)phosphate,,B6C3F1,SOURCE/FROM CHARLES RIVER LABORATORIES (KANAGAWA)//,,,,3,None,,,,,,8,,wk,Time,,,,,,,,48,h,Time,,,,,,,,48,h,Time,,°C,Temperature,20,24,,,,,,,,,,,,,,Theria,"Myomorpha (Mice,Rats,Voles,Gerbils,Hamsters,Lemmings)",,,"Murinae (Old World rats,Old World mice)",,,,,,,,,bdwt,,1,Dosed x time(s) per study period,Unknown,Eutheria,FROM CHARLES RIVER LABORATORIES (KANAGAWA),Mus (Mus),,,,,,,,,,,,,,,,,,,,,,,,,,,,,,,,,,,,,,,,,,,,,,,,,,,,,,,,,,,,,,,,,,,,,,,,,,,,,,,,,,,,,,,,,,,,,,,,,,,,,,,h,Time,24,48,,,mg/kg,Mass fraction,1000,2000,,,mg/kg,Mass fraction,1000,2000
78-42-2,"Phosphoric acid, tris(2-ethylhexyl) ester;tris (2-ethylhexyl) phosphate;Tris(2-ethylhexyl) phosphate;tris(2-ethylhexyl)ester phosphoric acid;tris(2-ethylhexyl)ester_phosphoric_acid;tris(2-ethylhexyl)phosphate;Tris(2-ethylhexyl)phosphate (TEHP)",,,,,,,,,,,,,,,,,,,,,,,,,,,,,,,,,,,,,,,,,,,,,,,,,,,,,,,,,,,,,,,,,,,,,,,,,,,,,,,,,,,,,,,,,,,,,,,,,,,,,,,,,,,,,,,,,,,,,,,,,,,,,,,,Human Health Hazards#Acute Toxicity,Acute Oral toxicity DB,2012,,LD50,,False,No qualifier,Equal,http://chem.sis.nlm.nih.gov/chemidplus/rn/78-42-2,,,,,,,,,,Rat,,,,,,,,,,,,,,,,,,,,,,,,,,,,,,,,,,,,,,,,,,,,,,,,,,,,,,,,,,,,,,,,,,,,,,,,,,,,,,,,,,,,,,,,,,,,,,,,,,,,,,,,,,,,,,,,,,,,,,,,,,,,,,,,,,,,,,,,Oral (Gavage),in Vivo,,,,,,,,,,,,,,,,,,,,,,,,,,,,,,,,,,,,,,,,,,,,,,,,,,,,,,,,,,,,,,,,,,,,,,,,,,,,,,,,,,,,,,,,,,,,,,,,,,,24,h,Time,,,36991.726303645955,,mg/kg,Mass fraction,,,0.08511379361152649,,mol/kg,Molality,,
78-42-2,"Phosphoric acid, tris(2-ethylhexyl) ester;tris (2-ethylhexyl) phosphate;Tris(2-ethylhexyl) phosphate;tris(2-ethylhexyl)ester phosphoric acid;tris(2-ethylhexyl)ester_phosphoric_acid;tris(2-ethylhexyl)phosphate;Tris(2-ethylhexyl)phosphate (TEHP)",,,,,,,,,,,,,,,,,,,,,,,,,,,,,,,,,,,,,,,,,,,,,,,,,,,,,,,,,,,,,,,,,,,,,,,,,,,,,,,,,,,,,,,,,,,,,,,,,,,,,,,,,,,,,,,,,,,,,,,,,,,,,,,,Human Health Hazards#Carcinogenicity,Carcinogenicity&mutagenicity ISSCAN,16.7.2011,,Summary carcinogenicity,,False,Categorical data,Equal,NTP274,,,,,,,,Carcinogenicity results in the four experimental groups most commonly used for the cancer bioassay: 3 = carcinogen; 2 = equivocal; 1 = noncarcinogen;,,Mouse,,,,,,,,,,,,,,,,,,,,,Fеmale,,,,,,,,,,,,,,,,Romualdo Benigni,,,,,,,,,,,,,,,,,,,,,,,,,,,,,,,,,,,,,,,,,,,,,,,,,,,,,,,,,,,,,,,,,,,,,"2-ethyl-1-hexanol phosphate; 2-Ethylhexanol, phosphate triester; disflamoll tof; flexol tof; kronitex tof; Phosphoric acid, tris(2-ethylhexyl) ester; TOF; triethylhexyl phosphate; Trioctyl phosphate.",,,,,,,,,,,,,,,,,,,,,,,,,,,,,,Gavage,,C24H51O4P,69,,,,,,,,,,,,,,,,,,,,,,,,,,,,,,,,,,,,,,,,,,,,,,,,,,,,,,,,,,,,,,,,,,,,,,,,,,,,,,,,,,,,,,,,,,,,,,,,,,,,,,Positive,,,Carcinogenicity I (ISSCAN),,,Positive,,,Carcinogenicity I (ISSCAN),,
78-42-2,"Phosphoric acid, tris(2-ethylhexyl) ester;tris (2-ethylhexyl) phosphate;Tris(2-ethylhexyl) phosphate;tris(2-ethylhexyl)ester phosphoric acid;tris(2-ethylhexyl)ester_phosphoric_acid;tris(2-ethylhexyl)phosphate;Tris(2-ethylhexyl)phosphate (TEHP)",,,,,,,,,,,,,,,,,,,,,,,,,,,,,,,,,,,,,,,,,,,,,,,,,,,,,,,,,,,,,,,,,,,,,,,,,,,,,,,,,,,,,,,,,,,,,,,,,,,,,,,,,,,,,,,,,,,,,,,,,,,,,,,,Human Health Hazards#Carcinogenicity,Carcinogenicity&mutagenicity ISSCAN,16.7.2011,,Summary carcinogenicity,,False,Categorical data,Equal,NTP274,,,,,,,,Carcinogenicity results in the four experimental groups most commonly used for the cancer bioassay: 3 = carcinogen; 2 = equivocal; 1 = noncarcinogen;,,Mouse,,,,,,,,,,,,,,,,,,,,,Male,,,,,,,,,,,,,,,,Romualdo Benigni,,,,,,,,,,,,,,,,,,,,,,,,,,,,,,,,,,,,,,,,,,,,,,,,,,,,,,,,,,,,,,,,,,,,,"2-ethyl-1-hexanol phosphate; 2-Ethylhexanol, phosphate triester; disflamoll tof; flexol tof; kronitex tof; Phosphoric acid, tris(2-ethylhexyl) ester; TOF; triethylhexyl phosphate; Trioctyl phosphate.",,,,,,,,,,,,,,,,,,,,,,,,,,,,,,Gavage,,C24H51O4P,69,,,,,,,,,,,,,,,,,,,,,,,,,,,,,,,,,,,,,,,,,,,,,,,,,,,,,,,,,,,,,,,,,,,,,,,,,,,,,,,,,,,,,,,,,,,,,,,,,,,,,,Negative,,,Carcinogenicity I (ISSCAN),,,Negative,,,Carcinogenicity I (ISSCAN),,
78-42-2,"Phosphoric acid, tris(2-ethylhexyl) ester;tris (2-ethylhexyl) phosphate;Tris(2-ethylhexyl) phosphate;tris(2-ethylhexyl)ester phosphoric acid;tris(2-ethylhexyl)ester_phosphoric_acid;tris(2-ethylhexyl)phosphate;Tris(2-ethylhexyl)phosphate (TEHP)",,,,,,,,,,,,,,,,,,,,,,,,,,,,,,,,,,,,,,,,,,,,,,,,,,,,,,,,,,,,,,,,,,,,,,,,,,,,,,,,,,,,,,,,,,,,,,,,,,,,,,,,,,,,,,,,,,,,,,,,,,,,,,,,Human Health Hazards#Carcinogenicity,Carcinogenic Potency Database (CPDB),,,Summary carcinogenicity,,False,Categorical data,Equal,TR 274,,,,,,,,,,Mouse,,,,,,,,,,,,,,,,,,,,,,,,,,,,,,,,,,,,,,,,,,,,,,,,,,,,,,,,,,,,,,,,,,,,,,,,,,,,,,,,,,,,,,,,,,,,,,,,,,,,,,,,,,,,,,,,,,,,,,,,,,,,,,,,,,,,,,,,Gavage,in Vivo,,,20,http://potency.berkeley.edu/chempages/TRIS(2-ETHYLHEXYL)PHOSPHATE.html,No positive results,Liver,single chemical compound,,,,,,,,,,,,,,,,,,,,,,,,,,,,,,,,,,,,,,,,,,,,,,,,,,,,,,,,,,,,,,,,,,,,,,,,,,,,,,,,,,,,,,,,,,,,,,,,,Positive,,,Carcinogenicity I (ISSCAN),,,Positive,,,Carcinogenicity III (CPDB),,
78-42-2,"Phosphoric acid, tris(2-ethylhexyl) ester;tris (2-ethylhexyl) phosphate;Tris(2-ethylhexyl) phosphate;tris(2-ethylhexyl)ester phosphoric acid;tris(2-ethylhexyl)ester_phosphoric_acid;tris(2-ethylhexyl)phosphate;Tris(2-ethylhexyl)phosphate (TEHP)",,,,,,,,,,,,,,,,,,,,,,,,,,,,,,,,,,,,,,,,,,,,,,,,,,,,,,,,,,,,,,,,,,,,,,,,,,,,,,,,,,,,,,,,,,,,,,,,,,,,,,,,,,,,,,,,,,,,,,,,,,,,,,,,Human Health Hazards#Carcinogenicity,Carcinogenic Potency Database (CPDB),,,TD50,,False,No qualifier,Equal,TR 274,,,,,,,,,,Mouse,,,,,,,,,,,,,,,,,,,,,,,,,,,,,,,,,,,,,,,,,,,,,,,,,,,,,,,,,,,,,,,,,,,,,,,,,,,,,,,,,,,,,,,,,,,,,,,,,,,,,,,,,,,,,,,,,,,,,,,,,,,,,,,,,,,,,,,,Gavage,in Vivo,,,20,http://potency.berkeley.edu/chempages/TRIS(2-ETHYLHEXYL)PHOSPHATE.html,No positive results,Liver,single chemical compound,,,,,,,,,,,,,,,,,,,,,,,,,,,,,,,,,,,,,,,,,,,,,,,,,,,,,,,,,,,,,,,,,,,,,,,,,,,,,,,,,,,,,,,,,,,,,,,,,2560,,mg/kg bdwt/d,Administered dose(mass),,,2560,,mg/kg bdwt/d,Administered dose(mass),,
78-42-2,"Phosphoric acid, tris(2-ethylhexyl) ester;tris (2-ethylhexyl) phosphate;Tris(2-ethylhexyl) phosphate;tris(2-ethylhexyl)ester phosphoric acid;tris(2-ethylhexyl)ester_phosphoric_acid;tris(2-ethylhexyl)phosphate;Tris(2-ethylhexyl)phosphate (TEHP)",,,,,,,,,,,,,,,,,,,,,,,,,,,,,,,,,,,,,,,,,,,,,,,,,,,,,,,,,,,,,,,,,,,,,,,,,,,,,,,,,,,,,,,,,,,,,,,,,,,,,,,,,,,,,,,,,,,,,,,,,,,,,,,,Human Health Hazards#Carcinogenicity,Carcinogenicity&mutagenicity ISSCAN,16.7.2011,,TD50,,False,No qualifier,Equal,NTP274,,,,,,,,,,Mouse,,,,,,,,,,,,,,,,,,,,,,,,,,,,,,,,,,,,,Romualdo Benigni,,,,,,,,,,,,,,,,,,,,,,,,,,,,,,,,,,,,,,,,,,,,,,,,,,,,,,,,,,,,,,,,,,,,,"2-ethyl-1-hexanol phosphate; 2-Ethylhexanol, phosphate triester; disflamoll tof; flexol tof; kronitex tof; Phosphoric acid, tris(2-ethylhexyl) ester; TOF; triethylhexyl phosphate; Trioctyl phosphate.",,,,,,,,,,,,,,,,,,,,,,,,,,,,,,,,C24H51O4P,69,,,,,,,,,,,,,,,,,,,,,,,,,,,,,,,,,,,,,,,,,,,,,,,,,,,,,,,,,,,,,,,,,,,,,,,,,,,,,,,,,,,,,,,,,,,,,,,,,,,,,,2560,,mg/kg bdwt/d,Administered dose(mass),,,2560,,mg/kg bdwt/d,Administered dose(mass),,
78-42-2,"Phosphoric acid, tris(2-ethylhexyl) ester;tris (2-ethylhexyl) phosphate;Tris(2-ethylhexyl) phosphate;tris(2-ethylhexyl)ester phosphoric acid;tris(2-ethylhexyl)ester_phosphoric_acid;tris(2-ethylhexyl)phosphate;Tris(2-ethylhexyl)phosphate (TEHP)",,,,,,,,,,,,,,,,,,,,,,,,,,,,,,,,,,,,,,,,,,,,,,,,,,,,,,,,,,,,,,,,,,,,,,,,,,,,,,,,,,,,,,,,,,,,,,,,,,,,,,,,,,,,,,,,,,,,,,,,,,,,,,,,Human Health Hazards#Carcinogenicity,Cell Transformation Assay ISSCTA,,,Cell transformation,,False,Categorical data,Equal,OECD 2007,,,,,,,,,,Mouse BALB/c 3T3,,,,,,,,,,,,,,,,,,,,,,,,,,,,,,,,,,,,,,,,,,,,,,,,,,,,,,,,,,,,,,,,,,,,,,,,,,,,,,,,,,,,,,,,,,,,,,,,,,,,,,,,,,,,,,,,,,,,,,,,,,,,,,,,,,,,,,,,,in Vitro,,,,,,,,Cell Transformation Assay,Initiation,,,,,,,,,,,,,,,,,,,,,,,,,,,,,,,,,,,,,,,,,,,,,,,,,,,,,,,,,,,,,,,,,,,,,,,,,,,,,,,,,,,,,,,,,,,,,,,Negative,,,Cell transformation assay I,,,Negative,,,Cell transformation assay I,,
78-42-2,"Phosphoric acid, tris(2-ethylhexyl) ester;tris (2-ethylhexyl) phosphate;Tris(2-ethylhexyl) phosphate;tris(2-ethylhexyl)ester phosphoric acid;tris(2-ethylhexyl)ester_phosphoric_acid;tris(2-ethylhexyl)phosphate;Tris(2-ethylhexyl)phosphate (TEHP)",,,,,,,,,,,,,,,,,,,,,,,,,,,,,,,,,,,,,,,,,,,,,,,,,,,,,,,,,,,,,,,,,,,,,,,,,,,,,,,,,,,,,,,,,,,,,,,,,,,,,,,,,,,,,,,,,,,,,,,,,,,,,,,,Human Health Hazards#Carcinogenicity,Carcinogenicity&mutagenicity ISSCAN,16.7.2011,,Summary carcinogenicity,,False,Categorical data,Equal,NTP274,,,,,,,,Carcinogenicity results in the four experimental groups most commonly used for the cancer bioassay: 3 = carcinogen; 2 = equivocal; 1 = noncarcinogen;,,Rat,,,,,,,,,,,,,,,,,,,,,Male,,,,,,,,,,,,,,,,Romualdo Benigni,,,,,,,,,,,,,,,,,,,,,,,,,,,,,,,,,,,,,,,,,,,,,,,,,,,,,,,,,,,,,,,,,,,,,"2-ethyl-1-hexanol phosphate; 2-Ethylhexanol, phosphate triester; disflamoll tof; flexol tof; kronitex tof; Phosphoric acid, tris(2-ethylhexyl) ester; TOF; triethylhexyl phosphate; Trioctyl phosphate.",,,,,,,,,,,,,,,,,,,,,,,,,,,,,,Gavage,,C24H51O4P,69,,,,,,,,,,,,,,,,,,,,,,,,,,,,,,,,,,,,,,,,,,,,,,,,,,,,,,,,,,,,,,,,,,,,,,,,,,,,,,,,,,,,,,,,,,,,,,,,,,,,,,Equivocal,,,Carcinogenicity I (ISSCAN),,,Equivocal,,,Carcinogenicity I (ISSCAN),,
78-42-2,"Phosphoric acid, tris(2-ethylhexyl) ester;tris (2-ethylhexyl) phosphate;Tris(2-ethylhexyl) phosphate;tris(2-ethylhexyl)ester phosphoric acid;tris(2-ethylhexyl)ester_phosphoric_acid;tris(2-ethylhexyl)phosphate;Tris(2-ethylhexyl)phosphate (TEHP)",,,,,,,,,,,,,,,,,,,,,,,,,,,,,,,,,,,,,,,,,,,,,,,,,,,,,,,,,,,,,,,,,,,,,,,,,,,,,,,,,,,,,,,,,,,,,,,,,,,,,,,,,,,,,,,,,,,,,,,,,,,,,,,,Human Health Hazards#Carcinogenicity,Carcinogenicity&mutagenicity ISSCAN,16.7.2011,,Summary carcinogenicity,,False,Categorical data,Equal,NTP274,,,,,,,,Carcinogenicity results in the four experimental groups most commonly used for the cancer bioassay: 3 = carcinogen; 2 = equivocal; 1 = noncarcinogen;,,Rat,,,,,,,,,,,,,,,,,,,,,Fеmale,,,,,,,,,,,,,,,,Romualdo Benigni,,,,,,,,,,,,,,,,,,,,,,,,,,,,,,,,,,,,,,,,,,,,,,,,,,,,,,,,,,,,,,,,,,,,,"2-ethyl-1-hexanol phosphate; 2-Ethylhexanol, phosphate triester; disflamoll tof; flexol tof; kronitex tof; Phosphoric acid, tris(2-ethylhexyl) ester; TOF; triethylhexyl phosphate; Trioctyl phosphate.",,,,,,,,,,,,,,,,,,,,,,,,,,,,,,Gavage,,C24H51O4P,69,,,,,,,,,,,,,,,,,,,,,,,,,,,,,,,,,,,,,,,,,,,,,,,,,,,,,,,,,,,,,,,,,,,,,,,,,,,,,,,,,,,,,,,,,,,,,,,,,,,,,,Negative,,,Carcinogenicity I (ISSCAN),,,Negative,,,Carcinogenicity I (ISSCAN),,
78-42-2,"Phosphoric acid, tris(2-ethylhexyl) ester;tris (2-ethylhexyl) phosphate;Tris(2-ethylhexyl) phosphate;tris(2-ethylhexyl)ester phosphoric acid;tris(2-ethylhexyl)ester_phosphoric_acid;tris(2-ethylhexyl)phosphate;Tris(2-ethylhexyl)phosphate (TEHP)",,,,,,,,,,,,,,,,,,,,,,,,,,,,,,,,,,,,,,,,,,,,,,,,,,,,,,,,,,,,,,,,,,,,,,,,,,,,,,,,,,,,,,,,,,,,,,,,,,,,,,,,,,,,,,,,,,,,,,,,,,,,,,,,Human Health Hazards#Carcinogenicity,Carcinogenic Potency Database (CPDB),,,Summary carcinogenicity,,False,Categorical data,Equal,TR 274,,,,,,,,no positive results,,Rat,,,,,,,,,,,,,,,,,,,,,,,,,,,,,,,,,,,,,,,,,,,,,,,,,,,,,,,,,,,,,,,,,,,,,,,,,,,,,,,,,,,,,,,,,,,,,,,,,,,,,,,,,,,,,,,,,,,,,,,,,,,,,,,,,,,,,,,,Gavage,in Vivo,,,0,http://potency.berkeley.edu/chempages/TRIS(2-ETHYLHEXYL)PHOSPHATE.html,No positive results,No positive results,single chemical compound,,,,,,,,,,,,,,,,,,,,,,,,,,,,,,,,,,,,,,,,,,,,,,,,,,,,,,,,,,,,,,,,,,,,,,,,,,,,,,,,,,,,,,,,,,,,,,,,,Negative,,,Carcinogenicity I (ISSCAN),,,Negative,,,Carcinogenicity III (CPDB),,
78-42-2,"Phosphoric acid, tris(2-ethylhexyl) ester;tris (2-ethylhexyl) phosphate;Tris(2-ethylhexyl) phosphate;tris(2-ethylhexyl)ester phosphoric acid;tris(2-ethylhexyl)ester_phosphoric_acid;tris(2-ethylhexyl)phosphate;Tris(2-ethylhexyl)phosphate (TEHP)",,,,,,,,,,,,,,,,,,,,,,,,,,,,,,,,,,,,,,,,,,,,,,,,,,,,,,,,,,,,,,,,,,,,,,,,,,,,,,,,,,,,,,,,,,,,,,,,,,,,,,,,,,,,,,,,,,,,,,,,,,,,,,,,Human Health Hazards#Carcinogenicity,Cell Transformation Assay ISSCTA,,,Cell transformation,,False,Categorical data,Equal,OECD 2007,,,,,,,,,,Syrian hamster embryo cells (SHE),,,,,,,,,,,,,,,,,,,,,,,,,,,,,,,,,,,,,,,,,,,,,,,,,,,,,,,,,,,,,,,,,,,,,,,,,,,,,,,,,,,,,,,,,,,,,,,,,,,,,,,,,,,,,,,,,,,,,,,,,,,,,,,,,,,,,,,,,in Vitro,,,,,,,,Cell Transformation Assay,,6.7,,,,,,,,,,,,,,,,,,,,,,,,,,,,,,,,,,,,,,,,,,,,,,,,,,,,,,,,,,,,,,,,,,,,,,,,,,,,,,,,,,,,,,,,,,,,,,Negative,,,Cell transformation assay I,,,Negative,,,Cell transformation assay I,,
78-42-2,"Phosphoric acid, tris(2-ethylhexyl) ester;tris (2-ethylhexyl) phosphate;Tris(2-ethylhexyl) phosphate;tris(2-ethylhexyl)ester phosphoric acid;tris(2-ethylhexyl)ester_phosphoric_acid;tris(2-ethylhexyl)phosphate;Tris(2-ethylhexyl)phosphate (TEHP)",,,,,,,,,,,,,,,,,,,,,,,,,,,,,,,,,,,,,,,,,,,,,,,,,,,,,,,,,,,,,,,,,,,,,,,,,,,,,,,,,,,,,,,,,,,,,,,,,,,,,,,,,,,,,,,,,,,,,,,,,,,,,,,,Human Health Hazards#Carcinogenicity,Genotoxicity & Carcinogenicity ECVAM,2020,,Carcinogenicity,,False,Categorical data,Equal,EURL ECVAM genotoxicity and carcinogencity database: https://data.jrc.ec.europa.eu/dataset/38701804-bc00-43c1-8af1-fe2d5265e8d7,,,,,,,Rodent Carcinogenicity,,,,,,,,,,,,,,,,,,1625,,,,,,,,,,,,,,,,,,,,,,Madia F et al,,,,,,,,,,,,,,,,,,,,,,,,,,,,,,,,,,,,,,,,,,,,,,,,,,,,,,,,,,,,,,,,,,,,,,,,,,,,,,,,,,,,,,,,,,,,,,,,,,,,in Vivo,,,,,,,,,,,,,,,,,,,,,,,,,,,,,,,,,,,,,,,,,,,,,,,,,,,,,,,,,,,,,,,,,,,,,,,,,,,,,,,,,,,,,,,,,,,,,,,,,,,,,,,,Positive,,,Carcinogenicity I (ISSCAN),,,Positive,,,Carcinogenicity IV (ECVAM),,
78-42-2,"Phosphoric acid, tris(2-ethylhexyl) ester;tris (2-ethylhexyl) phosphate;Tris(2-ethylhexyl) phosphate;tris(2-ethylhexyl)ester phosphoric acid;tris(2-ethylhexyl)ester_phosphoric_acid;tris(2-ethylhexyl)phosphate;Tris(2-ethylhexyl)phosphate (TEHP)",,,,,,,,,,,,,,,,,,,,,,,,,,,,,,,,,,,,,,,,,,,,,,,,,,,,,,,,,,,,,,,,,,,,,,,,,,,,,,,,,,,,,,,,,,,,,,,,,,,,,,,,,,,,,,,,,,,,,,,,,,,,,,,,Human Health Hazards#Genetic Toxicity,Genotoxicity OASIS,,,Gene mutation,OECD Guideline 471 (Bacterial Reverse Mutation Assay),False,Categorical data,Equal,"Tris(2-ethylhexyl) phosphate, CAS No 78-42-2. Registered substances, Registration dossier, 1995. Last visited 9 December on https://echa.europa.eu/registration-dossier/-/registered-dossier/14220/7/7/2/?documentUUID=f5d8de8c-41b4-4744-ba01-71ec97f1ec99",,,,,,,Bacterial Reverse Mutation Assay (e.g. Ames Test),,,E. coli WP2 uvrA,,,,,,,,,,,,,,,31014,,,,,,,,,,,,,,,,,,,,,,"Tris(2-ethylhexyl) phosphate, CAS No 78-42-2. Registered substances, Registration dossier, 1995",,,,,,,,,,,,,,,,,,,,,,,,,,,,,,,,,,,,,,,,,,,,,,,,,,,,,,,,,,,,,,,,,,,,,,,,,,,,,,,,,,,,,,,,,,,,,,,,,,E. Coli WP2 UvrA,,in Vitro,,,,,,,,,,,With S9,Gene Mutation,,,,,,,,,,,,,,,,,,,,,,,,,,,,,,,,,,,,,,,,,,,,,,,,,,,,,,,,,,,,,,,,,,,,,,,,,,,,,,,,,,,,,,,,,,,,Negative,,,Gene mutation I,,,Negative,,,Gene mutation I,,
78-42-2,"Phosphoric acid, tris(2-ethylhexyl) ester;tris (2-ethylhexyl) phosphate;Tris(2-ethylhexyl) phosphate;tris(2-ethylhexyl)ester phosphoric acid;tris(2-ethylhexyl)ester_phosphoric_acid;tris(2-ethylhexyl)phosphate;Tris(2-ethylhexyl)phosphate (TEHP)",,,,,,,,,,,,,,,,,,,,,,,,,,,,,,,,,,,,,,,,,,,,,,,,,,,,,,,,,,,,,,,,,,,,,,,,,,,,,,,,,,,,,,,,,,,,,,,,,,,,,,,,,,,,,,,,,,,,,,,,,,,,,,,,Human Health Hazards#Genetic Toxicity,Genotoxicity OASIS,,,Gene mutation,OECD Guideline 471 (Bacterial Reverse Mutation Assay),False,Categorical data,Equal,"Tris(2-ethylhexyl) phosphate, CAS No 78-42-2. Registered substances, Registration dossier, 1995. Last visited 9 December on https://echa.europa.eu/registration-dossier/-/registered-dossier/14220/7/7/2/?documentUUID=f5d8de8c-41b4-4744-ba01-71ec97f1ec99",,,,,,,Bacterial Reverse Mutation Assay (e.g. Ames Test),,,E. coli WP2 uvrA,,,,,,,,,,,,,,,31013,,,,,,,,,,,,,,,,,,,,,,"Tris(2-ethylhexyl) phosphate, CAS No 78-42-2. Registered substances, Registration dossier, 1995",,,,,,,,,,,,,,,,,,,,,,,,,,,,,,,,,,,,,,,,,,,,,,,,,,,,,,,,,,,,,,,,,,,,,,,,,,,,,,,,,,,,,,,,,,,,,,,,,,E. Coli WP2 UvrA,,in Vitro,,,,,,,,,,,Without S9,Gene Mutation,,,,,,,,,,,,,,,,,,,,,,,,,,,,,,,,,,,,,,,,,,,,,,,,,,,,,,,,,,,,,,,,,,,,,,,,,,,,,,,,,,,,,,,,,,,,Negative,,,Gene mutation I,,,Negative,,,Gene mutation I,,
78-42-2,"Phosphoric acid, tris(2-ethylhexyl) ester;tris (2-ethylhexyl) phosphate;Tris(2-ethylhexyl) phosphate;tris(2-ethylhexyl)ester phosphoric acid;tris(2-ethylhexyl)ester_phosphoric_acid;tris(2-ethylhexyl)phosphate;Tris(2-ethylhexyl)phosphate (TEHP)",,,,,,,,,,,,,,,,,,,,,,,,,,,,,,,,,,,,,,,,,,,,,,,,,,,,,,,,,,,,,,,,,,,,,,,,,,,,,,,,,,,,,,,,,,,,,,,,,,,,,,,,,,,,,,,,,,,,,,,,,,,,,,,,Human Health Hazards#Genetic Toxicity,Genotoxicity OASIS,,,Gene mutation,,False,Categorical data,Equal,"Journal of Medicinal Chemistry 48 (1), pp. 312-32, 25",,,,,,,Bacterial Reverse Mutation Assay (e.g. Ames Test),,,Salmonella typhimurium,,,,,,,,,,,,,,,3547,,,,,,,,,,,,,,,,,,,,,,"Kazius J, McGuire R., Bursi R",,,,,,,,,,,,,,,,,,,,,,,,,,,,,,,,,,,,,,,,,,,,,,,,,,,,,,,,,,,,,,,,,,,,,,,,,,,,,,,,,,,,,,,,,,,,,,,,,,No Strain Information,,in Vitro,,,,,,,,,,,No S9 Info,Gene Mutation,,,,,,,,,,,,,,,,,,,,,,,,,,,,,,,,,,,,,,,,,,,,,,,,,,,,,,,,,,,,,,,,,,,,,,,,,,,,,,,,,,,,,,,,,,,,Negative,,,Gene mutation I,,,Negative,,,Gene mutation I,,
78-42-2,"Phosphoric acid, tris(2-ethylhexyl) ester;tris (2-ethylhexyl) phosphate;Tris(2-ethylhexyl) phosphate;tris(2-ethylhexyl)ester phosphoric acid;tris(2-ethylhexyl)ester_phosphoric_acid;tris(2-ethylhexyl)phosphate;Tris(2-ethylhexyl)phosphate (TEHP)",,,,,,,,,,,,,,,,,,,,,,,,,,,,,,,,,,,,,,,,,,,,,,,,,,,,,,,,,,,,,,,,,,,,,,,,,,,,,,,,,,,,,,,,,,,,,,,,,,,,,,,,,,,,,,,,,,,,,,,,,,,,,,,,Human Health Hazards#Genetic Toxicity,Genotoxicity OASIS,,,Gene mutation,,False,Categorical data,Equal,Mutation Research 584 (2005) 1-256,,,,,,,Bacterial Reverse Mutation Assay (e.g. Ames Test),,,Salmonella typhimurium,,,,,,,,,,,,,,,3546,,,,,,,,,,,,,,,,,,,,,,Kirkland et al.,,,,,,,,,,,,,,,,,,,,,,,,,,,,,,,,,,,,,,,,,,,,,,,,,,,,,,,,,,,,,,,,,,,,,,,,,,,,,,,,,,,,,,,,,,,,,,,,,,No Strain Information,,in Vitro,,,,,,,,,,,No S9 Info,Gene Mutation,,,,,,,,,,,,,,,,,,,,,,,,,,,,,,,,,,,,,,,,,,,,,,,,,,,,,,,,,,,,,,,,,,,,,,,,,,,,,,,,,,,,,,,,,,,,Negative,,,Gene mutation I,,,Negative,,,Gene mutation I,,
78-42-2,"Phosphoric acid, tris(2-ethylhexyl) ester;tris (2-ethylhexyl) phosphate;Tris(2-ethylhexyl) phosphate;tris(2-ethylhexyl)ester phosphoric acid;tris(2-ethylhexyl)ester_phosphoric_acid;tris(2-ethylhexyl)phosphate;Tris(2-ethylhexyl)phosphate (TEHP)",,,,,,,,,,,,,,,,,,,,,,,,,,,,,,,,,,,,,,,,,,,,,,,,,,,,,,,,,,,,,,,,,,,,,,,,,,,,,,,,,,,,,,,,,,,,,,,,,,,,,,,,,,,,,,,,,,,,,,,,,,,,,,,,Human Health Hazards#Genetic Toxicity,Genotoxicity OASIS,,,Gene mutation,,False,Categorical data,Equal,,,,,,,,Bacterial Reverse Mutation Assay (e.g. Ames Test),,,Salmonella typhimurium,,,,,,,,,,,,,,,3543,,,,,,,,,,,,,,,,,,,,,,P&G,,,,,,,,,,,,,,,,,,,,,,,,,,,,,,,,,,,,,,,,,,,,,,,,,,,,,,,,,,,,,,,,,,,,,,,,,,,,,,,,,,,,,,,,,,,,,,,,,,TA 100,,in Vitro,,,,,,,,,,,With S9,Gene Mutation,rat,,,,,,,,,,,,,,,,,,,,,,,,,,,,,,,,,,,,,,,,,,,,,,,,,,,,,,,,,,,,,,,,,,,,,,,,,,,,,,,,,,,,,,,,,,,Negative,,,Gene mutation I,,,Negative,,,Gene mutation I,,
78-42-2,"Phosphoric acid, tris(2-ethylhexyl) ester;tris (2-ethylhexyl) phosphate;Tris(2-ethylhexyl) phosphate;tris(2-ethylhexyl)ester phosphoric acid;tris(2-ethylhexyl)ester_phosphoric_acid;tris(2-ethylhexyl)phosphate;Tris(2-ethylhexyl)phosphate (TEHP)",,,,,,,,,,,,,,,,,,,,,,,,,,,,,,,,,,,,,,,,,,,,,,,,,,,,,,,,,,,,,,,,,,,,,,,,,,,,,,,,,,,,,,,,,,,,,,,,,,,,,,,,,,,,,,,,,,,,,,,,,,,,,,,,Human Health Hazards#Genetic Toxicity,Bacterial mutagenicity ISSSTY,02.5.2011,,Gene mutation,,False,Categorical data,Equal,"CCRIS database,Toxnet databases",,,,,,,Bacterial Reverse Mutation Assay (e.g. Ames Test),,,Salmonella typhimurium,,,,,,,,,,,,,,,2732,,,,,,,,,,,,,,,,,,,,,,Romualdo Benigni,,,,,,,,,,,,,,,,,,,,,,,,,,,,,,,,,,,,,,,,,,,,,,,,,,,,,,,,,,,,,,,,,,,,,,,,,,,,,,,,,,,,,,,,,,,,,,,,,,TA 100,,in Vitro,,1522,,,,,,,,,With S9,Gene Mutation,,Negative,,,,,,,,,,,,,,,,,,,,,,,,,,,,,,,,,,,,,,,,,,,,,,,,,,,,,,,,,,,,,,,,,,,,,,,,,,,,,,,,,,,,,,,,,,Negative,,,Gene mutation I,,,Negative,,,Gene mutation I,,
78-42-2,"Phosphoric acid, tris(2-ethylhexyl) ester;tris (2-ethylhexyl) phosphate;Tris(2-ethylhexyl) phosphate;tris(2-ethylhexyl)ester phosphoric acid;tris(2-ethylhexyl)ester_phosphoric_acid;tris(2-ethylhexyl)phosphate;Tris(2-ethylhexyl)phosphate (TEHP)",,,,,,,,,,,,,,,,,,,,,,,,,,,,,,,,,,,,,,,,,,,,,,,,,,,,,,,,,,,,,,,,,,,,,,,,,,,,,,,,,,,,,,,,,,,,,,,,,,,,,,,,,,,,,,,,,,,,,,,,,,,,,,,,Human Health Hazards#Genetic Toxicity,Genotoxicity OASIS,,,Gene mutation,,False,Categorical data,Equal,,,,,,,,Bacterial Reverse Mutation Assay (e.g. Ames Test),,,Salmonella typhimurium,,,,,,,,,,,,,,,3544,,,,,,,,,,,,,,,,,,,,,,P&G,,,,,,,,,,,,,,,,,,,,,,,,,,,,,,,,,,,,,,,,,,,,,,,,,,,,,,,,,,,,,,,,,,,,,,,,,,,,,,,,,,,,,,,,,,,,,,,,,,TA 1535,,in Vitro,,,,,,,,,,,With S9,Gene Mutation,rat,,,,,,,,,,,,,,,,,,,,,,,,,,,,,,,,,,,,,,,,,,,,,,,,,,,,,,,,,,,,,,,,,,,,,,,,,,,,,,,,,,,,,,,,,,,Negative,,,Gene mutation I,,,Negative,,,Gene mutation I,,
78-42-2,"Phosphoric acid, tris(2-ethylhexyl) ester;tris (2-ethylhexyl) phosphate;Tris(2-ethylhexyl) phosphate;tris(2-ethylhexyl)ester phosphoric acid;tris(2-ethylhexyl)ester_phosphoric_acid;tris(2-ethylhexyl)phosphate;Tris(2-ethylhexyl)phosphate (TEHP)",,,,,,,,,,,,,,,,,,,,,,,,,,,,,,,,,,,,,,,,,,,,,,,,,,,,,,,,,,,,,,,,,,,,,,,,,,,,,,,,,,,,,,,,,,,,,,,,,,,,,,,,,,,,,,,,,,,,,,,,,,,,,,,,Human Health Hazards#Genetic Toxicity,Bacterial mutagenicity ISSSTY,02.5.2011,,Gene mutation,,False,Categorical data,Equal,"CCRIS database,Toxnet databases",,,,,,,Bacterial Reverse Mutation Assay (e.g. Ames Test),,,Salmonella typhimurium,,,,,,,,,,,,,,,2733,,,,,,,,,,,,,,,,,,,,,,Romualdo Benigni,,,,,,,,,,,,,,,,,,,,,,,,,,,,,,,,,,,,,,,,,,,,,,,,,,,,,,,,,,,,,,,,,,,,,,,,,,,,,,,,,,,,,,,,,,,,,,,,,,TA 1535,,in Vitro,,1522,,,,,,,,,With S9,Gene Mutation,,Negative,,,,,,,,,,,,,,,,,,,,,,,,,,,,,,,,,,,,,,,,,,,,,,,,,,,,,,,,,,,,,,,,,,,,,,,,,,,,,,,,,,,,,,,,,,Negative,,,Gene mutation I,,,Negative,,,Gene mutation I,,
78-42-2,"Phosphoric acid, tris(2-ethylhexyl) ester;tris (2-ethylhexyl) phosphate;Tris(2-ethylhexyl) phosphate;tris(2-ethylhexyl)ester phosphoric acid;tris(2-ethylhexyl)ester_phosphoric_acid;tris(2-ethylhexyl)phosphate;Tris(2-ethylhexyl)phosphate (TEHP)",,,,,,,,,,,,,,,,,,,,,,,,,,,,,,,,,,,,,,,,,,,,,,,,,,,,,,,,,,,,,,,,,,,,,,,,,,,,,,,,,,,,,,,,,,,,,,,,,,,,,,,,,,,,,,,,,,,,,,,,,,,,,,,,Human Health Hazards#Genetic Toxicity,Genotoxicity OASIS,,,Gene mutation,,False,Categorical data,Equal,,,,,,,,Bacterial Reverse Mutation Assay (e.g. Ames Test),,,Salmonella typhimurium,,,,,,,,,,,,,,,3545,,,,,,,,,,,,,,,,,,,,,,P&G,,,,,,,,,,,,,,,,,,,,,,,,,,,,,,,,,,,,,,,,,,,,,,,,,,,,,,,,,,,,,,,,,,,,,,,,,,,,,,,,,,,,,,,,,,,,,,,,,,TA 1537,,in Vitro,,,,,,,,,,,With S9,Gene Mutation,rat,,,,,,,,,,,,,,,,,,,,,,,,,,,,,,,,,,,,,,,,,,,,,,,,,,,,,,,,,,,,,,,,,,,,,,,,,,,,,,,,,,,,,,,,,,,Negative,,,Gene mutation I,,,Negative,,,Gene mutation I,,
78-42-2,"Phosphoric acid, tris(2-ethylhexyl) ester;tris (2-ethylhexyl) phosphate;Tris(2-ethylhexyl) phosphate;tris(2-ethylhexyl)ester phosphoric acid;tris(2-ethylhexyl)ester_phosphoric_acid;tris(2-ethylhexyl)phosphate;Tris(2-ethylhexyl)phosphate (TEHP)",,,,,,,,,,,,,,,,,,,,,,,,,,,,,,,,,,,,,,,,,,,,,,,,,,,,,,,,,,,,,,,,,,,,,,,,,,,,,,,,,,,,,,,,,,,,,,,,,,,,,,,,,,,,,,,,,,,,,,,,,,,,,,,,Human Health Hazards#Genetic Toxicity,Bacterial mutagenicity ISSSTY,02.5.2011,,Gene mutation,,False,Categorical data,Equal,"CCRIS database,Toxnet databases",,,,,,,Bacterial Reverse Mutation Assay (e.g. Ames Test),,,Salmonella typhimurium,,,,,,,,,,,,,,,2734,,,,,,,,,,,,,,,,,,,,,,Romualdo Benigni,,,,,,,,,,,,,,,,,,,,,,,,,,,,,,,,,,,,,,,,,,,,,,,,,,,,,,,,,,,,,,,,,,,,,,,,,,,,,,,,,,,,,,,,,,,,,,,,,,TA 1537,,in Vitro,,1522,,,,,,,,,With S9,Gene Mutation,,Negative,,,,,,,,,,,,,,,,,,,,,,,,,,,,,,,,,,,,,,,,,,,,,,,,,,,,,,,,,,,,,,,,,,,,,,,,,,,,,,,,,,,,,,,,,,Negative,,,Gene mutation I,,,Negative,,,Gene mutation I,,
78-42-2,"Phosphoric acid, tris(2-ethylhexyl) ester;tris (2-ethylhexyl) phosphate;Tris(2-ethylhexyl) phosphate;tris(2-ethylhexyl)ester phosphoric acid;tris(2-ethylhexyl)ester_phosphoric_acid;tris(2-ethylhexyl)phosphate;Tris(2-ethylhexyl)phosphate (TEHP)",,,,,,,,,,,,,,,,,,,,,,,,,,,,,,,,,,,,,,,,,,,,,,,,,,,,,,,,,,,,,,,,,,,,,,,,,,,,,,,,,,,,,,,,,,,,,,,,,,,,,,,,,,,,,,,,,,,,,,,,,,,,,,,,Human Health Hazards#Genetic Toxicity,Genotoxicity OASIS,,,Gene mutation,,False,Categorical data,Equal,,,,,,,,Bacterial Reverse Mutation Assay (e.g. Ames Test),,,Salmonella typhimurium,,,,,,,,,,,,,,,3548,,,,,,,,,,,,,,,,,,,,,,P&G,,,,,,,,,,,,,,,,,,,,,,,,,,,,,,,,,,,,,,,,,,,,,,,,,,,,,,,,,,,,,,,,,,,,,,,,,,,,,,,,,,,,,,,,,,,,,,,,,,TA 1538,,in Vitro,,,,,,,,,,,With S9,Gene Mutation,rat,,,,,,,,,,,,,,,,,,,,,,,,,,,,,,,,,,,,,,,,,,,,,,,,,,,,,,,,,,,,,,,,,,,,,,,,,,,,,,,,,,,,,,,,,,,Negative,,,Gene mutation I,,,Negative,,,Gene mutation I,,
78-42-2,"Phosphoric acid, tris(2-ethylhexyl) ester;tris (2-ethylhexyl) phosphate;Tris(2-ethylhexyl) phosphate;tris(2-ethylhexyl)ester phosphoric acid;tris(2-ethylhexyl)ester_phosphoric_acid;tris(2-ethylhexyl)phosphate;Tris(2-ethylhexyl)phosphate (TEHP)",,,,,,,,,,,,,,,,,,,,,,,,,,,,,,,,,,,,,,,,,,,,,,,,,,,,,,,,,,,,,,,,,,,,,,,,,,,,,,,,,,,,,,,,,,,,,,,,,,,,,,,,,,,,,,,,,,,,,,,,,,,,,,,,Human Health Hazards#Genetic Toxicity,Genotoxicity OASIS,,,Gene mutation,,False,Categorical data,Equal,,,,,,,,Bacterial Reverse Mutation Assay (e.g. Ames Test),,,Salmonella typhimurium,,,,,,,,,,,,,,,3555,,,,,,,,,,,,,,,,,,,,,,P&G,,,,,,,,,,,,,,,,,,,,,,,,,,,,,,,,,,,,,,,,,,,,,,,,,,,,,,,,,,,,,,,,,,,,,,,,,,,,,,,,,,,,,,,,,,,,,,,,,,TA 97,,in Vitro,,,,,,,,,,,With S9,Gene Mutation,rat,,,,,,,,,,,,,,,,,,,,,,,,,,,,,,,,,,,,,,,,,,,,,,,,,,,,,,,,,,,,,,,,,,,,,,,,,,,,,,,,,,,,,,,,,,,Negative,,,Gene mutation I,,,Negative,,,Gene mutation I,,
78-42-2,"Phosphoric acid, tris(2-ethylhexyl) ester;tris (2-ethylhexyl) phosphate;Tris(2-ethylhexyl) phosphate;tris(2-ethylhexyl)ester phosphoric acid;tris(2-ethylhexyl)ester_phosphoric_acid;tris(2-ethylhexyl)phosphate;Tris(2-ethylhexyl)phosphate (TEHP)",,,,,,,,,,,,,,,,,,,,,,,,,,,,,,,,,,,,,,,,,,,,,,,,,,,,,,,,,,,,,,,,,,,,,,,,,,,,,,,,,,,,,,,,,,,,,,,,,,,,,,,,,,,,,,,,,,,,,,,,,,,,,,,,Human Health Hazards#Genetic Toxicity,Genotoxicity OASIS,,,Gene mutation,,False,Categorical data,Equal,,,,,,,,Bacterial Reverse Mutation Assay (e.g. Ames Test),,,Salmonella typhimurium,,,,,,,,,,,,,,,3542,,,,,,,,,,,,,,,,,,,,,,P&G,,,,,,,,,,,,,,,,,,,,,,,,,,,,,,,,,,,,,,,,,,,,,,,,,,,,,,,,,,,,,,,,,,,,,,,,,,,,,,,,,,,,,,,,,,,,,,,,,,TA 98,,in Vitro,,,,,,,,,,,With S9,Gene Mutation,rat,,,,,,,,,,,,,,,,,,,,,,,,,,,,,,,,,,,,,,,,,,,,,,,,,,,,,,,,,,,,,,,,,,,,,,,,,,,,,,,,,,,,,,,,,,,Negative,,,Gene mutation I,,,Negative,,,Gene mutation I,,
78-42-2,"Phosphoric acid, tris(2-ethylhexyl) ester;tris (2-ethylhexyl) phosphate;Tris(2-ethylhexyl) phosphate;tris(2-ethylhexyl)ester phosphoric acid;tris(2-ethylhexyl)ester_phosphoric_acid;tris(2-ethylhexyl)phosphate;Tris(2-ethylhexyl)phosphate (TEHP)",,,,,,,,,,,,,,,,,,,,,,,,,,,,,,,,,,,,,,,,,,,,,,,,,,,,,,,,,,,,,,,,,,,,,,,,,,,,,,,,,,,,,,,,,,,,,,,,,,,,,,,,,,,,,,,,,,,,,,,,,,,,,,,,Human Health Hazards#Genetic Toxicity,Bacterial mutagenicity ISSSTY,02.5.2011,,Gene mutation,,False,Categorical data,Equal,"CCRIS database,Toxnet databases",,,,,,,Bacterial Reverse Mutation Assay (e.g. Ames Test),,,Salmonella typhimurium,,,,,,,,,,,,,,,2735,,,,,,,,,,,,,,,,,,,,,,Romualdo Benigni,,,,,,,,,,,,,,,,,,,,,,,,,,,,,,,,,,,,,,,,,,,,,,,,,,,,,,,,,,,,,,,,,,,,,,,,,,,,,,,,,,,,,,,,,,,,,,,,,,TA 98,,in Vitro,,1522,,,,,,,,,With S9,Gene Mutation,,Negative,,,,,,,,,,,,,,,,,,,,,,,,,,,,,,,,,,,,,,,,,,,,,,,,,,,,,,,,,,,,,,,,,,,,,,,,,,,,,,,,,,,,,,,,,,Negative,,,Gene mutation I,,,Negative,,,Gene mutation I,,
78-42-2,"Phosphoric acid, tris(2-ethylhexyl) ester;tris (2-ethylhexyl) phosphate;Tris(2-ethylhexyl) phosphate;tris(2-ethylhexyl)ester phosphoric acid;tris(2-ethylhexyl)ester_phosphoric_acid;tris(2-ethylhexyl)phosphate;Tris(2-ethylhexyl)phosphate (TEHP)",,,,,,,,,,,,,,,,,,,,,,,,,,,,,,,,,,,,,,,,,,,,,,,,,,,,,,,,,,,,,,,,,,,,,,,,,,,,,,,,,,,,,,,,,,,,,,,,,,,,,,,,,,,,,,,,,,,,,,,,,,,,,,,,Human Health Hazards#Genetic Toxicity,Genotoxicity OASIS,,,Gene mutation,,False,Categorical data,Equal,,,,,,,,Bacterial Reverse Mutation Assay (e.g. Ames Test),,,Salmonella typhimurium,,,,,,,,,,,,,,,3551,,,,,,,,,,,,,,,,,,,,,,P&G,,,,,,,,,,,,,,,,,,,,,,,,,,,,,,,,,,,,,,,,,,,,,,,,,,,,,,,,,,,,,,,,,,,,,,,,,,,,,,,,,,,,,,,,,,,,,,,,,,TA 100,,in Vitro,,,,,,,,,,,Without S9,Gene Mutation,,,,,,,,,,,,,,,,,,,,,,,,,,,,,,,,,,,,,,,,,,,,,,,,,,,,,,,,,,,,,,,,,,,,,,,,,,,,,,,,,,,,,,,,,,,,Negative,,,Gene mutation I,,,Negative,,,Gene mutation I,,
78-42-2,"Phosphoric acid, tris(2-ethylhexyl) ester;tris (2-ethylhexyl) phosphate;Tris(2-ethylhexyl) phosphate;tris(2-ethylhexyl)ester phosphoric acid;tris(2-ethylhexyl)ester_phosphoric_acid;tris(2-ethylhexyl)phosphate;Tris(2-ethylhexyl)phosphate (TEHP)",,,,,,,,,,,,,,,,,,,,,,,,,,,,,,,,,,,,,,,,,,,,,,,,,,,,,,,,,,,,,,,,,,,,,,,,,,,,,,,,,,,,,,,,,,,,,,,,,,,,,,,,,,,,,,,,,,,,,,,,,,,,,,,,Human Health Hazards#Genetic Toxicity,Bacterial mutagenicity ISSSTY,02.5.2011,,Gene mutation,,False,Categorical data,Equal,"CCRIS database,Toxnet databases",,,,,,,Bacterial Reverse Mutation Assay (e.g. Ames Test),,,Salmonella typhimurium,,,,,,,,,,,,,,,2736,,,,,,,,,,,,,,,,,,,,,,Romualdo Benigni,,,,,,,,,,,,,,,,,,,,,,,,,,,,,,,,,,,,,,,,,,,,,,,,,,,,,,,,,,,,,,,,,,,,,,,,,,,,,,,,,,,,,,,,,,,,,,,,,,TA 100,,in Vitro,,1522,,,,,,,,,Without S9,Gene Mutation,,Negative,,,,,,,,,,,,,,,,,,,,,,,,,,,,,,,,,,,,,,,,,,,,,,,,,,,,,,,,,,,,,,,,,,,,,,,,,,,,,,,,,,,,,,,,,,Negative,,,Gene mutation I,,,Negative,,,Gene mutation I,,
78-42-2,"Phosphoric acid, tris(2-ethylhexyl) ester;tris (2-ethylhexyl) phosphate;Tris(2-ethylhexyl) phosphate;tris(2-ethylhexyl)ester phosphoric acid;tris(2-ethylhexyl)ester_phosphoric_acid;tris(2-ethylhexyl)phosphate;Tris(2-ethylhexyl)phosphate (TEHP)",,,,,,,,,,,,,,,,,,,,,,,,,,,,,,,,,,,,,,,,,,,,,,,,,,,,,,,,,,,,,,,,,,,,,,,,,,,,,,,,,,,,,,,,,,,,,,,,,,,,,,,,,,,,,,,,,,,,,,,,,,,,,,,,Human Health Hazards#Genetic Toxicity,Genotoxicity OASIS,,,Gene mutation,,False,Categorical data,Equal,,,,,,,,Bacterial Reverse Mutation Assay (e.g. Ames Test),,,Salmonella typhimurium,,,,,,,,,,,,,,,3552,,,,,,,,,,,,,,,,,,,,,,P&G,,,,,,,,,,,,,,,,,,,,,,,,,,,,,,,,,,,,,,,,,,,,,,,,,,,,,,,,,,,,,,,,,,,,,,,,,,,,,,,,,,,,,,,,,,,,,,,,,,TA 1535,,in Vitro,,,,,,,,,,,Without S9,Gene Mutation,,,,,,,,,,,,,,,,,,,,,,,,,,,,,,,,,,,,,,,,,,,,,,,,,,,,,,,,,,,,,,,,,,,,,,,,,,,,,,,,,,,,,,,,,,,,Negative,,,Gene mutation I,,,Negative,,,Gene mutation I,,
78-42-2,"Phosphoric acid, tris(2-ethylhexyl) ester;tris (2-ethylhexyl) phosphate;Tris(2-ethylhexyl) phosphate;tris(2-ethylhexyl)ester phosphoric acid;tris(2-ethylhexyl)ester_phosphoric_acid;tris(2-ethylhexyl)phosphate;Tris(2-ethylhexyl)phosphate (TEHP)",,,,,,,,,,,,,,,,,,,,,,,,,,,,,,,,,,,,,,,,,,,,,,,,,,,,,,,,,,,,,,,,,,,,,,,,,,,,,,,,,,,,,,,,,,,,,,,,,,,,,,,,,,,,,,,,,,,,,,,,,,,,,,,,Human Health Hazards#Genetic Toxicity,Bacterial mutagenicity ISSSTY,02.5.2011,,Gene mutation,,False,Categorical data,Equal,"CCRIS database,Toxnet databases",,,,,,,Bacterial Reverse Mutation Assay (e.g. Ames Test),,,Salmonella typhimurium,,,,,,,,,,,,,,,2737,,,,,,,,,,,,,,,,,,,,,,Romualdo Benigni,,,,,,,,,,,,,,,,,,,,,,,,,,,,,,,,,,,,,,,,,,,,,,,,,,,,,,,,,,,,,,,,,,,,,,,,,,,,,,,,,,,,,,,,,,,,,,,,,,TA 1535,,in Vitro,,1522,,,,,,,,,Without S9,Gene Mutation,,Negative,,,,,,,,,,,,,,,,,,,,,,,,,,,,,,,,,,,,,,,,,,,,,,,,,,,,,,,,,,,,,,,,,,,,,,,,,,,,,,,,,,,,,,,,,,Negative,,,Gene mutation I,,,Negative,,,Gene mutation I,,
78-42-2,"Phosphoric acid, tris(2-ethylhexyl) ester;tris (2-ethylhexyl) phosphate;Tris(2-ethylhexyl) phosphate;tris(2-ethylhexyl)ester phosphoric acid;tris(2-ethylhexyl)ester_phosphoric_acid;tris(2-ethylhexyl)phosphate;Tris(2-ethylhexyl)phosphate (TEHP)",,,,,,,,,,,,,,,,,,,,,,,,,,,,,,,,,,,,,,,,,,,,,,,,,,,,,,,,,,,,,,,,,,,,,,,,,,,,,,,,,,,,,,,,,,,,,,,,,,,,,,,,,,,,,,,,,,,,,,,,,,,,,,,,Human Health Hazards#Genetic Toxicity,Genotoxicity OASIS,,,Gene mutation,,False,Categorical data,Equal,,,,,,,,Bacterial Reverse Mutation Assay (e.g. Ames Test),,,Salmonella typhimurium,,,,,,,,,,,,,,,3553,,,,,,,,,,,,,,,,,,,,,,P&G,,,,,,,,,,,,,,,,,,,,,,,,,,,,,,,,,,,,,,,,,,,,,,,,,,,,,,,,,,,,,,,,,,,,,,,,,,,,,,,,,,,,,,,,,,,,,,,,,,TA 1537,,in Vitro,,,,,,,,,,,Without S9,Gene Mutation,,,,,,,,,,,,,,,,,,,,,,,,,,,,,,,,,,,,,,,,,,,,,,,,,,,,,,,,,,,,,,,,,,,,,,,,,,,,,,,,,,,,,,,,,,,,Negative,,,Gene mutation I,,,Negative,,,Gene mutation I,,
78-42-2,"Phosphoric acid, tris(2-ethylhexyl) ester;tris (2-ethylhexyl) phosphate;Tris(2-ethylhexyl) phosphate;tris(2-ethylhexyl)ester phosphoric acid;tris(2-ethylhexyl)ester_phosphoric_acid;tris(2-ethylhexyl)phosphate;Tris(2-ethylhexyl)phosphate (TEHP)",,,,,,,,,,,,,,,,,,,,,,,,,,,,,,,,,,,,,,,,,,,,,,,,,,,,,,,,,,,,,,,,,,,,,,,,,,,,,,,,,,,,,,,,,,,,,,,,,,,,,,,,,,,,,,,,,,,,,,,,,,,,,,,,Human Health Hazards#Genetic Toxicity,Bacterial mutagenicity ISSSTY,02.5.2011,,Gene mutation,,False,Categorical data,Equal,"CCRIS database,Toxnet databases",,,,,,,Bacterial Reverse Mutation Assay (e.g. Ames Test),,,Salmonella typhimurium,,,,,,,,,,,,,,,2738,,,,,,,,,,,,,,,,,,,,,,Romualdo Benigni,,,,,,,,,,,,,,,,,,,,,,,,,,,,,,,,,,,,,,,,,,,,,,,,,,,,,,,,,,,,,,,,,,,,,,,,,,,,,,,,,,,,,,,,,,,,,,,,,,TA 1537,,in Vitro,,1522,,,,,,,,,Without S9,Gene Mutation,,Negative,,,,,,,,,,,,,,,,,,,,,,,,,,,,,,,,,,,,,,,,,,,,,,,,,,,,,,,,,,,,,,,,,,,,,,,,,,,,,,,,,,,,,,,,,,Negative,,,Gene mutation I,,,Negative,,,Gene mutation I,,
78-42-2,"Phosphoric acid, tris(2-ethylhexyl) ester;tris (2-ethylhexyl) phosphate;Tris(2-ethylhexyl) phosphate;tris(2-ethylhexyl)ester phosphoric acid;tris(2-ethylhexyl)ester_phosphoric_acid;tris(2-ethylhexyl)phosphate;Tris(2-ethylhexyl)phosphate (TEHP)",,,,,,,,,,,,,,,,,,,,,,,,,,,,,,,,,,,,,,,,,,,,,,,,,,,,,,,,,,,,,,,,,,,,,,,,,,,,,,,,,,,,,,,,,,,,,,,,,,,,,,,,,,,,,,,,,,,,,,,,,,,,,,,,Human Health Hazards#Genetic Toxicity,Genotoxicity OASIS,,,Gene mutation,,False,Categorical data,Equal,,,,,,,,Bacterial Reverse Mutation Assay (e.g. Ames Test),,,Salmonella typhimurium,,,,,,,,,,,,,,,3554,,,,,,,,,,,,,,,,,,,,,,P&G,,,,,,,,,,,,,,,,,,,,,,,,,,,,,,,,,,,,,,,,,,,,,,,,,,,,,,,,,,,,,,,,,,,,,,,,,,,,,,,,,,,,,,,,,,,,,,,,,,TA 1538,,in Vitro,,,,,,,,,,,Without S9,Gene Mutation,,,,,,,,,,,,,,,,,,,,,,,,,,,,,,,,,,,,,,,,,,,,,,,,,,,,,,,,,,,,,,,,,,,,,,,,,,,,,,,,,,,,,,,,,,,,Negative,,,Gene mutation I,,,Negative,,,Gene mutation I,,
78-42-2,"Phosphoric acid, tris(2-ethylhexyl) ester;tris (2-ethylhexyl) phosphate;Tris(2-ethylhexyl) phosphate;tris(2-ethylhexyl)ester phosphoric acid;tris(2-ethylhexyl)ester_phosphoric_acid;tris(2-ethylhexyl)phosphate;Tris(2-ethylhexyl)phosphate (TEHP)",,,,,,,,,,,,,,,,,,,,,,,,,,,,,,,,,,,,,,,,,,,,,,,,,,,,,,,,,,,,,,,,,,,,,,,,,,,,,,,,,,,,,,,,,,,,,,,,,,,,,,,,,,,,,,,,,,,,,,,,,,,,,,,,Human Health Hazards#Genetic Toxicity,Genotoxicity OASIS,,,Gene mutation,,False,Categorical data,Equal,,,,,,,,Bacterial Reverse Mutation Assay (e.g. Ames Test),,,Salmonella typhimurium,,,,,,,,,,,,,,,3549,,,,,,,,,,,,,,,,,,,,,,P&G,,,,,,,,,,,,,,,,,,,,,,,,,,,,,,,,,,,,,,,,,,,,,,,,,,,,,,,,,,,,,,,,,,,,,,,,,,,,,,,,,,,,,,,,,,,,,,,,,,TA 97,,in Vitro,,,,,,,,,,,Without S9,Gene Mutation,,,,,,,,,,,,,,,,,,,,,,,,,,,,,,,,,,,,,,,,,,,,,,,,,,,,,,,,,,,,,,,,,,,,,,,,,,,,,,,,,,,,,,,,,,,,Negative,,,Gene mutation I,,,Negative,,,Gene mutation I,,
78-42-2,"Phosphoric acid, tris(2-ethylhexyl) ester;tris (2-ethylhexyl) phosphate;Tris(2-ethylhexyl) phosphate;tris(2-ethylhexyl)ester phosphoric acid;tris(2-ethylhexyl)ester_phosphoric_acid;tris(2-ethylhexyl)phosphate;Tris(2-ethylhexyl)phosphate (TEHP)",,,,,,,,,,,,,,,,,,,,,,,,,,,,,,,,,,,,,,,,,,,,,,,,,,,,,,,,,,,,,,,,,,,,,,,,,,,,,,,,,,,,,,,,,,,,,,,,,,,,,,,,,,,,,,,,,,,,,,,,,,,,,,,,Human Health Hazards#Genetic Toxicity,Genotoxicity OASIS,,,Gene mutation,,False,Categorical data,Equal,,,,,,,,Bacterial Reverse Mutation Assay (e.g. Ames Test),,,Salmonella typhimurium,,,,,,,,,,,,,,,3550,,,,,,,,,,,,,,,,,,,,,,P&G,,,,,,,,,,,,,,,,,,,,,,,,,,,,,,,,,,,,,,,,,,,,,,,,,,,,,,,,,,,,,,,,,,,,,,,,,,,,,,,,,,,,,,,,,,,,,,,,,,TA 98,,in Vitro,,,,,,,,,,,Without S9,Gene Mutation,,,,,,,,,,,,,,,,,,,,,,,,,,,,,,,,,,,,,,,,,,,,,,,,,,,,,,,,,,,,,,,,,,,,,,,,,,,,,,,,,,,,,,,,,,,,Negative,,,Gene mutation I,,,Negative,,,Gene mutation I,,
78-42-2,"Phosphoric acid, tris(2-ethylhexyl) ester;tris (2-ethylhexyl) phosphate;Tris(2-ethylhexyl) phosphate;tris(2-ethylhexyl)ester phosphoric acid;tris(2-ethylhexyl)ester_phosphoric_acid;tris(2-ethylhexyl)phosphate;Tris(2-ethylhexyl)phosphate (TEHP)",,,,,,,,,,,,,,,,,,,,,,,,,,,,,,,,,,,,,,,,,,,,,,,,,,,,,,,,,,,,,,,,,,,,,,,,,,,,,,,,,,,,,,,,,,,,,,,,,,,,,,,,,,,,,,,,,,,,,,,,,,,,,,,,Human Health Hazards#Genetic Toxicity,Bacterial mutagenicity ISSSTY,02.5.2011,,Gene mutation,,False,Categorical data,Equal,"CCRIS database,Toxnet databases",,,,,,,Bacterial Reverse Mutation Assay (e.g. Ames Test),,,Salmonella typhimurium,,,,,,,,,,,,,,,2739,,,,,,,,,,,,,,,,,,,,,,Romualdo Benigni,,,,,,,,,,,,,,,,,,,,,,,,,,,,,,,,,,,,,,,,,,,,,,,,,,,,,,,,,,,,,,,,,,,,,,,,,,,,,,,,,,,,,,,,,,,,,,,,,,TA 98,,in Vitro,,1522,,,,,,,,,Without S9,Gene Mutation,,Negative,,,,,,,,,,,,,,,,,,,,,,,,,,,,,,,,,,,,,,,,,,,,,,,,,,,,,,,,,,,,,,,,,,,,,,,,,,,,,,,,,,,,,,,,,,Negative,,,Gene mutation I,,,Negative,,,Gene mutation I,,
78-42-2,"Phosphoric acid, tris(2-ethylhexyl) ester;tris (2-ethylhexyl) phosphate;Tris(2-ethylhexyl) phosphate;tris(2-ethylhexyl)ester phosphoric acid;tris(2-ethylhexyl)ester_phosphoric_acid;tris(2-ethylhexyl)phosphate;Tris(2-ethylhexyl)phosphate (TEHP)",,,,,,,,,,,,,,,,,,,,,,,,,,,,,,,,,,,,,,,,,,,,,,,,,,,,,,,,,,,,,,,,,,,,,,,,,,,,,,,,,,,,,,,,,,,,,,,,,,,,,,,,,,,,,,,,,,,,,,,,,,,,,,,,Human Health Hazards#Genetic Toxicity,Genotoxicity & Carcinogenicity ECVAM,2020,,Gene mutation,,False,Categorical data,Equal,EURL ECVAM genotoxicity and carcinogencity database: https://data.jrc.ec.europa.eu/dataset/38701804-bc00-43c1-8af1-fe2d5265e8d7,,,,,,,Bacterial Reverse Mutation Assay (e.g. Ames Test),,,,,,,,,,,,,,,,,,1619,,,,,,,,,,,,,,,,,,,,,,Madia F et al,,,,,,,,,,,,,,,,,,,,,,,,,,,,,,,,,,,,,,,,,,,,,,,,,,,,,,,,,,,,,,,,,,,,,,,,,,,,,,,,,,,,,,,,,,,,,,,,,,,,in Vitro,,,,,,,,,,,With S9,,,,,,,,,,,,,,,,,,,,,,,,,,,,,,,,,,,,,,,,,,,,,,,,,,,,,,,,,,,,,,,,,,,,,,,,,,,,,,,,,,,,,,,,,,,,,Negative,,,Mutagenicity I (ECVAM),,,Negative,,,Mutagenicity I (ECVAM),,
78-42-2,"Phosphoric acid, tris(2-ethylhexyl) ester;tris (2-ethylhexyl) phosphate;Tris(2-ethylhexyl) phosphate;tris(2-ethylhexyl)ester phosphoric acid;tris(2-ethylhexyl)ester_phosphoric_acid;tris(2-ethylhexyl)phosphate;Tris(2-ethylhexyl)phosphate (TEHP)",,,,,,,,,,,,,,,,,,,,,,,,,,,,,,,,,,,,,,,,,,,,,,,,,,,,,,,,,,,,,,,,,,,,,,,,,,,,,,,,,,,,,,,,,,,,,,,,,,,,,,,,,,,,,,,,,,,,,,,,,,,,,,,,Human Health Hazards#Genetic Toxicity,Genotoxicity & Carcinogenicity ECVAM,2020,,Gene mutation,,False,Categorical data,Equal,EURL ECVAM genotoxicity and carcinogencity database: https://data.jrc.ec.europa.eu/dataset/38701804-bc00-43c1-8af1-fe2d5265e8d7,,,,,,,Bacterial Reverse Mutation Assay (e.g. Ames Test),,,,,,,,,,,,,,,,,,1620,,,,,,,,,,,,,,,,,,,,,,Madia F et al,,,,,,,,,,,,,,,,,,,,,,,,,,,,,,,,,,,,,,,,,,,,,,,,,,,,,,,,,,,,,,,,,,,,,,,,,,,,,,,,,,,,,,,,,,,,,,,,,,,,in Vitro,,,,,,,,,,,Without S9,,,,,,,,,,,,,,,,,,,,,,,,,,,,,,,,,,,,,,,,,,,,,,,,,,,,,,,,,,,,,,,,,,,,,,,,,,,,,,,,,,,,,,,,,,,,,Negative,,,Mutagenicity I (ECVAM),,,Negative,,,Mutagenicity I (ECVAM),,
78-42-2,"Phosphoric acid, tris(2-ethylhexyl) ester;tris (2-ethylhexyl) phosphate;Tris(2-ethylhexyl) phosphate;tris(2-ethylhexyl)ester phosphoric acid;tris(2-ethylhexyl)ester_phosphoric_acid;tris(2-ethylhexyl)phosphate;Tris(2-ethylhexyl)phosphate (TEHP)",,,,,,,,,,,,,,,,,,,,,,,,,,,,,,,,,,,,,,,,,,,,,,,,,,,,,,,,,,,,,,,,,,,,,,,,,,,,,,,,,,,,,,,,,,,,,,,,,,,,,,,,,,,,,,,,,,,,,,,,,,,,,,,,Human Health Hazards#Genetic Toxicity,Genotoxicity & Carcinogenicity ECVAM,2020,,DNA damage and repair,,False,Categorical data,Equal,EURL ECVAM genotoxicity and carcinogencity database: https://data.jrc.ec.europa.eu/dataset/38701804-bc00-43c1-8af1-fe2d5265e8d7,,,,,,,GreenScreen Assay,,,,,,,,,,,,,,,,,,1626,,,,,,,,,,,,,,,,,,,,,,Madia F et al,,,,,,,,,,,,,,,,,,,,,,,,,,,,,,,,,,,,,,,,,,,,,,,,,,,,,,,,,,,,,,,,,,,,,,,,,,,,,,,,,,,,,,,,,,,,,,,,,,,,in Vitro,,,,,,,,,,,,,,,,,,,,,,,,,,,,,,,,,,,,,,,,,,,,,,,,,,,,,,,,,,,,,,,,,,,,,,,,,,,,,,,,,,,,,,,,,,,,,,,,,,,,,,,,Negative,,,Mutagenicity I (ECVAM),,,Negative,,,Mutagenicity I (ECVAM),,
78-42-2,"Phosphoric acid, tris(2-ethylhexyl) ester;tris (2-ethylhexyl) phosphate;Tris(2-ethylhexyl) phosphate;tris(2-ethylhexyl)ester phosphoric acid;tris(2-ethylhexyl)ester_phosphoric_acid;tris(2-ethylhexyl)phosphate;Tris(2-ethylhexyl)phosphate (TEHP)",,,,,,,,,,,,,,,,,,,,,,,,,,,,,,,,,,,,,,,,,,,,,,,,,,,,,,,,,,,,,,,,,,,,,,,,,,,,,,,,,,,,,,,,,,,,,,,,,,,,,,,,,,,,,,,,,,,,,,,,,,,,,,,,Human Health Hazards#Genetic Toxicity,Toxicity Japan MHLW,,Japan Ministry of Health Labour and Welfare,Chromosome aberration,"Guidelines For Screening Mutagenicity Testing of Chemicals (Chemical Substances Control Law of Japan) , OECD TG473",False,Categorical data,Equal,http://dra4.nihs.go.jp/mhlw_data/jsp/SearchPageENG.jsp,,,,,,,in Vitro Mammalian Chromosome Aberration Test,"-1 = negative; 1 = positive; Guidelines for Screening Mutagenicity Testing of Chemicals (Chemical Substances Control Law of Japan) , OECD TG473;",,Chinese hamster,,,,,,,,,,,,,,,,,,,,,,,,,,,,,,,,,,,,,Japan Existing Chemical Data Base,,,,,,,,,,,,,,,,,,,,,,,,,,,,,,,,,,,,,,,,,,,,,,,,,,,,,,,,,,,,,,,,,,,,,,,,,,,,3879,,,,,,,,,,,,,,,,,,,,,,Chinese Hamster Lung Cells,,in Vitro,,,,,,,,,,,With S9,Chromosome Aberration,,,,,,,,,,,,,,,,,,,,,,,,,,,,,,,,,,,,,,,,,,,,,,,,,,,,,,,,,,,,,,,,,,,,,,,,,,,,,,,,,,,,,,,,,,,,Negative,,,Chromosome aberration II (Japan MHLW),,,Negative,,,Chromosome aberration II (Japan MHLW),,
78-42-2,"Phosphoric acid, tris(2-ethylhexyl) ester;tris (2-ethylhexyl) phosphate;Tris(2-ethylhexyl) phosphate;tris(2-ethylhexyl)ester phosphoric acid;tris(2-ethylhexyl)ester_phosphoric_acid;tris(2-ethylhexyl)phosphate;Tris(2-ethylhexyl)phosphate (TEHP)",,,,,,,,,,,,,,,,,,,,,,,,,,,,,,,,,,,,,,,,,,,,,,,,,,,,,,,,,,,,,,,,,,,,,,,,,,,,,,,,,,,,,,,,,,,,,,,,,,,,,,,,,,,,,,,,,,,,,,,,,,,,,,,,Human Health Hazards#Genetic Toxicity,Toxicity Japan MHLW,,Japan Ministry of Health Labour and Welfare,Chromosome aberration,"Guidelines For Screening Mutagenicity Testing of Chemicals (Chemical Substances Control Law of Japan) , OECD TG473",False,Categorical data,Equal,http://dra4.nihs.go.jp/mhlw_data/jsp/SearchPageENG.jsp,,,,,,,in Vitro Mammalian Chromosome Aberration Test,"-1 = negative; 1 = positive; Guidelines for Screening Mutagenicity Testing of Chemicals (Chemical Substances Control Law of Japan) , OECD TG473;",,Chinese hamster,,,,,,,,,,,,,,,,,,,,,,,,,,,,,,,,,,,,,Japan Existing Chemical Data Base,,,,,,,,,,,,,,,,,,,,,,,,,,,,,,,,,,,,,,,,,,,,,,,,,,,,,,,,,,,,,,,,,,,,,,,,,,,,3880,,,,,,,,,,,,,,,,,,,,,,Chinese Hamster Lung Cells,,in Vitro,,,,,,,,,,,Without S9,Chromosome Aberration,,,,,,,,,,,,,,,,,,,,,,,,,,,,,,,,,,,,,,,,,,,,,,,,,,,,,,,,,,,,,,,,,,,,,,,,,,,,,,,,,,,,,,,,,,,,Negative,,,Chromosome aberration II (Japan MHLW),,,Negative,,,Chromosome aberration II (Japan MHLW),,
78-42-2,"Phosphoric acid, tris(2-ethylhexyl) ester;tris (2-ethylhexyl) phosphate;Tris(2-ethylhexyl) phosphate;tris(2-ethylhexyl)ester phosphoric acid;tris(2-ethylhexyl)ester_phosphoric_acid;tris(2-ethylhexyl)phosphate;Tris(2-ethylhexyl)phosphate (TEHP)",,,,,,,,,,,,,,,,,,,,,,,,,,,,,,,,,,,,,,,,,,,,,,,,,,,,,,,,,,,,,,,,,,,,,,,,,,,,,,,,,,,,,,,,,,,,,,,,,,,,,,,,,,,,,,,,,,,,,,,,,,,,,,,,Human Health Hazards#Genetic Toxicity,Genotoxicity OASIS,,,Chromosome aberration,,False,Categorical data,Equal,Mutation Research 584 (2005) 1-256,,,,,,,in Vitro Mammalian Chromosome Aberration Test,,,,,,,,,,,,,,,,,,3556,,,,,,,,,,,,,,,,,,,,,,Kirkland et al.,,,,,,,,,,,,,,,,,,,,,,,,,,,,,,,,,,,,,,,,,,,,,,,,,,,,,,,,,,,,,,,,,,,,,,,,,,,,,,,,,,,,,,,,,,,,,,,,,,No Strain Information,,in Vitro,,,,,,,,,,,No S9 Info,Chromosome Aberration,,,,,,,,,,,,,,,,,,,,,,,,,,,,,,,,,,,,,,,,,,,,,,,,,,,,,,,,,,,,,,,,,,,,,,,,,,,,,,,,,,,,,,,,,,,,Negative,,,Chromosome aberration I (Oasis),,,Negative,,,Chromosome aberration I (Oasis),,
78-42-2,"Phosphoric acid, tris(2-ethylhexyl) ester;tris (2-ethylhexyl) phosphate;Tris(2-ethylhexyl) phosphate;tris(2-ethylhexyl)ester phosphoric acid;tris(2-ethylhexyl)ester_phosphoric_acid;tris(2-ethylhexyl)phosphate;Tris(2-ethylhexyl)phosphate (TEHP)",,,,,,,,,,,,,,,,,,,,,,,,,,,,,,,,,,,,,,,,,,,,,,,,,,,,,,,,,,,,,,,,,,,,,,,,,,,,,,,,,,,,,,,,,,,,,,,,,,,,,,,,,,,,,,,,,,,,,,,,,,,,,,,,Human Health Hazards#Genetic Toxicity,Genotoxicity & Carcinogenicity ECVAM,2020,,Chromosome aberration,,False,Categorical data,Equal,EURL ECVAM genotoxicity and carcinogencity database: https://data.jrc.ec.europa.eu/dataset/38701804-bc00-43c1-8af1-fe2d5265e8d7,,,,,,,in Vitro Mammalian Chromosome Aberration Test,,,,,,,,,,,,,,,,,,1622,,,,,,,,,,,,,,,,,,,,,,Madia F et al,,,,,,,,,,,,,,,,,,,,,,,,,,,,,,,,,,,,,,,,,,,,,,,,,,,,,,,,,,,,,,,,,,,,,,,,,,,,,,,,,,,,,,,,,,,,,,,,,,,,in Vitro,,,,,,,,,,,,,,,,,,,,,,,,,,,,,,,,,,,,,,,,,,,,,,,,,,,,,,,,,,,,,,,,,,,,,,,,,,,,,,,,,,,,,,,,,,,,,,,,,,,,,,,,Negative,,,Mutagenicity I (ECVAM),,,Negative,,,Mutagenicity I (ECVAM),,
78-42-2,"Phosphoric acid, tris(2-ethylhexyl) ester;tris (2-ethylhexyl) phosphate;Tris(2-ethylhexyl) phosphate;tris(2-ethylhexyl)ester phosphoric acid;tris(2-ethylhexyl)ester_phosphoric_acid;tris(2-ethylhexyl)phosphate;Tris(2-ethylhexyl)phosphate (TEHP)",,,,,,,,,,,,,,,,,,,,,,,,,,,,,,,,,,,,,,,,,,,,,,,,,,,,,,,,,,,,,,,,,,,,,,,,,,,,,,,,,,,,,,,,,,,,,,,,,,,,,,,,,,,,,,,,,,,,,,,,,,,,,,,,Human Health Hazards#Genetic Toxicity,Genotoxicity & Carcinogenicity ECVAM,2020,,Gene mutation,,False,Categorical data,Equal,EURL ECVAM genotoxicity and carcinogencity database: https://data.jrc.ec.europa.eu/dataset/38701804-bc00-43c1-8af1-fe2d5265e8d7,,,,,,,Mammalian Cell Gene Mutation (MLA HPRT),Inadequate = Inconclusive,,,,,,,,,,,,,,,,,1621,,,,,,,,,,,,,,,,,,,,,,Madia F et al,,,,,,,,,,,,,,,,,,,,,,,,,,,,,,,,,,,,,,,,,,,,,,,,,,,,,,,,,,,,,,,,,,,,,,,,,,,,,,,,,,,,,,,,,,,,,,,,,,,,in Vitro,,,,,,,,,,,,,,,,,,,,,,,,,,,,,,,,,,,,,,,,,,,,,,,,,,,,,,,,,,,,,,,,,,,,,,,,,,,,,,,,,,,,,,,,,,,,,,,,,,,,,,,,Inadequate,,,Mutagenicity I (ECVAM),,,Inadequate,,,Mutagenicity I (ECVAM),,
78-42-2,"Phosphoric acid, tris(2-ethylhexyl) ester;tris (2-ethylhexyl) phosphate;Tris(2-ethylhexyl) phosphate;tris(2-ethylhexyl)ester phosphoric acid;tris(2-ethylhexyl)ester_phosphoric_acid;tris(2-ethylhexyl)phosphate;Tris(2-ethylhexyl)phosphate (TEHP)",,,,,,,,,,,,,,,,,,,,,,,,,,,,,,,,,,,,,,,,,,,,,,,,,,,,,,,,,,,,,,,,,,,,,,,,,,,,,,,,,,,,,,,,,,,,,,,,,,,,,,,,,,,,,,,,,,,,,,,,,,,,,,,,Human Health Hazards#Genetic Toxicity,Genotoxicity OASIS,,,Gene mutation,,False,Categorical data,Equal,Mutation Research 584 (2005) 1-256,,,,,,,Mammalian Cell Gene Mutation Assay,,,,,,,,,,,,,,,,,,3557,,,,,,,,,,,,,,,,,,,,,,Kirkland et al.,,,,,,,,,,,,,,,,,,,,,,,,,,,,,,,,,,,,,,,,,,,,,,,,,,,,,,,,,,,,,,,,,,,,,,,,,,,,,,,,,,,,,,,,,,,,,,,,,,T-lymphoma Cell Lines,,in Vitro,,,,,,,,,,,With S9,Gene Mutation,mouse,,,,,,,,,,,,,,,,,,,,,,,,,,,,,,,,,,,,,,,,,,,,,,,,,,,,,,,,,,,,,,,,,,,,,,,,,,,,,,,,,,,,,,,,,,,Negative,,,Gene mutation I,,,Negative,,,Gene mutation I,,
78-42-2,"Phosphoric acid, tris(2-ethylhexyl) ester;tris (2-ethylhexyl) phosphate;Tris(2-ethylhexyl) phosphate;tris(2-ethylhexyl)ester phosphoric acid;tris(2-ethylhexyl)ester_phosphoric_acid;tris(2-ethylhexyl)phosphate;Tris(2-ethylhexyl)phosphate (TEHP)",,,,,,,,,,,,,,,,,,,,,,,,,,,,,,,,,,,,,,,,,,,,,,,,,,,,,,,,,,,,,,,,,,,,,,,,,,,,,,,,,,,,,,,,,,,,,,,,,,,,,,,,,,,,,,,,,,,,,,,,,,,,,,,,Human Health Hazards#Genetic Toxicity,Genotoxicity & Carcinogenicity ECVAM,2020,,Chromosome aberration,,False,Categorical data,Equal,EURL ECVAM genotoxicity and carcinogencity database: https://data.jrc.ec.europa.eu/dataset/38701804-bc00-43c1-8af1-fe2d5265e8d7,,,,,,,in Vivo Mammalian Chromosome Aberration Test,,,,,,,,,,,,,,,,,,1624,,,,,,,,,,,,,,,,,,,,,,Madia F et al,,,,,,,,,,,,,,,,,,,,,,,,,,,,,,,,,,,,,,,,,,,,,,,,,,,,,,,,,,,,,,,,,,,,,,,,,,,,,,,,,,,,,,,,,,,,,,,,,,,,in Vivo,,,,,,,,,,,,,,,,,,,,,,,,,,,,,,,,,,,,,,,,,,,,,,,,,,,,,,,,,,,,,,,,,,,,,,,,,,,,,,,,,,,,,,,,,,,,,,,,,,,,,,,,Negative,,,Mutagenicity I (ECVAM),,,Negative,,,Mutagenicity I (ECVAM),,
78-42-2,"Phosphoric acid, tris(2-ethylhexyl) ester;tris (2-ethylhexyl) phosphate;Tris(2-ethylhexyl) phosphate;tris(2-ethylhexyl)ester phosphoric acid;tris(2-ethylhexyl)ester_phosphoric_acid;tris(2-ethylhexyl)phosphate;Tris(2-ethylhexyl)phosphate (TEHP)",,,,,,,,,,,,,,,,,,,,,,,,,,,,,,,,,,,,,,,,,,,,,,,,,,,,,,,,,,,,,,,,,,,,,,,,,,,,,,,,,,,,,,,,,,,,,,,,,,,,,,,,,,,,,,,,,,,,,,,,,,,,,,,,Human Health Hazards#Genetic Toxicity,Micronucleus ISSMIC,16.07.2010,,Chromosome aberration,,False,Categorical data,Equal,NTP,,,,,,,Micronucleus Assay,,,Mouse,,,,,,,,,,,,,,,,,,,,,Male,,,,,,,,,,,,,,,,Romualdo Benigni,,,,,,,,,,,,,,,,,,,,,,,,,,,,,,,,,,,,,,,,,,,,,,,,,,,,,,,,,,,,,,,,,,,,,,,,,,,,,,,,,,,,,,,,,,,,,,,,,,,"MM B6C3F1, IP (TB:Neg);",in Vivo,,,,,,,,,,,,Chromosome Aberration,,,bone marrow cells,Negative,"BMMM(3) B6C3F1, IP (TB:Neg);",,,,,,,,,,,,,,,,,,,,,,,,,,,,,,,,,,,,,,,,,,,,,,,,,,,,,,,,,,,,,,,,,,,,,,,,,,,,,,,,,,,,,,,Negative,,,Micronucleus II,,,Negative,,,Micronucleus II,,
78-42-2,"Phosphoric acid, tris(2-ethylhexyl) ester;tris (2-ethylhexyl) phosphate;Tris(2-ethylhexyl) phosphate;tris(2-ethylhexyl)ester phosphoric acid;tris(2-ethylhexyl)ester_phosphoric_acid;tris(2-ethylhexyl)phosphate;Tris(2-ethylhexyl)phosphate (TEHP)",,,,,,,,,,,,,,,,,,,,,,,,,,,,,,,,,,,,,,,,,,,,,,,,,,,,,,,,,,,,,,,,,,,,,,,,,,,,,,,,,,,,,,,,,,,,,,,,,,,,,,,,,,,,,,,,,,,,,,,,,,,,,,,,Human Health Hazards#Genetic Toxicity,Micronucleus ISSMIC,16.07.2010,,Chromosome aberration,,False,Categorical data,Equal,NTP,,,,,,,Micronucleus Assay,,,Mouse,,,,,,,,,,,,,,,,,,,,,Male,,,,,,,,,,,,,,,,Romualdo Benigni,,,,,,,,,,,,,,,,,,,,,,,,,,,,,,,,,,,,,,,,,,,,,,,,,,,,,,,,,,,,,,,,,,,,,,,,,,,,,,,,,,,,,,,,,,,,,,,,,,,"MM B6C3F1, IP, Reticulocytes (TB:Pos);",in Vivo,,,,,,,,,,,,Chromosome Aberration,,,peripheral blood,Negative,"BMMM(3) B6C3F1, IP (TB:Neg);",,,,,,,,,,,,,,,,,,,,,,,,,,,,,,,,,,,,,,,,,,,,,,,,,,,,,,,,,,,,,,,,,,,,,,,,,,,,,,,,,,,,,,,Negative,,,Micronucleus II,,,Negative,,,Micronucleus II,,
78-42-2,"Phosphoric acid, tris(2-ethylhexyl) ester;tris (2-ethylhexyl) phosphate;Tris(2-ethylhexyl) phosphate;tris(2-ethylhexyl)ester phosphoric acid;tris(2-ethylhexyl)ester_phosphoric_acid;tris(2-ethylhexyl)phosphate;Tris(2-ethylhexyl)phosphate (TEHP)",,,,,,,,,,,,,,,,,,,,,,,,,,,,,,,,,,,,,,,,,,,,,,,,,,,,,,,,,,,,,,,,,,,,,,,,,,,,,,,,,,,,,,,,,,,,,,,,,,,,,,,,,,,,,,,,,,,,,,,,,,,,,,,,Human Health Hazards#Genetic Toxicity,Genotoxicity & Carcinogenicity ECVAM,2020,,Chromosome aberration,,False,Categorical data,Equal,EURL ECVAM genotoxicity and carcinogencity database: https://data.jrc.ec.europa.eu/dataset/38701804-bc00-43c1-8af1-fe2d5265e8d7,,,,,,,Micronucleus Assay,,,,,,,,,,,,,,,,,,1623,,,,,,,,,,,,,,,,,,,,,,Madia F et al,,,,,,,,,,,,,,,,,,,,,,,,,,,,,,,,,,,,,,,,,,,,,,,,,,,,,,,,,,,,,,,,,,,,,,,,,,,,,,,,,,,,,,,,,,,,,,,,,,,,in Vivo,,,,,,,,,,,,,,,,,,,,,,,,,,,,,,,,,,,,,,,,,,,,,,,,,,,,,,,,,,,,,,,,,,,,,,,,,,,,,,,,,,,,,,,,,,,,,,,,,,,,,,,,Negative,,,Mutagenicity I (ECVAM),,,Negative,,,Mutagenicity I (ECVAM),,
78-42-2,"Phosphoric acid, tris(2-ethylhexyl) ester;tris (2-ethylhexyl) phosphate;Tris(2-ethylhexyl) phosphate;tris(2-ethylhexyl)ester phosphoric acid;tris(2-ethylhexyl)ester_phosphoric_acid;tris(2-ethylhexyl)phosphate;Tris(2-ethylhexyl)phosphate (TEHP)",,,,,,,,,,,,,,,,,,,,,,,,,,,,,,,,,,,,,,,,,,,,,,,,,,,,,,,,,,,,,,,,,,,,,,,,,,,,,,,,,,,,,,,,,,,,,,,,,,,,,,,,,,,,,,,,,,,,,,,,,,,,,,,,Human Health Hazards#Repeated Dose Toxicity,Rep Dose Tox Fraunhofer ITEM,,,LOEL,,False,Categorical data,Equal,FhG RepDose,,,,,,,,,,mouse,,,,,,,,,,,,,,,,,,,,,,,,,,,,,,,,,,,,,,,,,,,,,,,,,,,,,,,,,,,,,,,,,,,,,,,,,,,,,,,,,,,,,,,,,,,,,,,,,,,,,,,,,,,,,,,,,,,,,,,,,,,,,,,,,,,,,,,B6C3F1,Gavage,,,,,,,,,,,,,,,,,,,3755,info@repdose.de,,,,,,,,,,,,,,,,,,,,,,,,,,,,,,,,,,,,,,,,,,,,,,,,,,,,,,,,,,,,,,,,,,,,,,,,,,,,,,,,90,d,Time,,,data available,,,FraunhoferITEM,,,data available,,,FraunhoferITEM,,
78-42-2,"Phosphoric acid, tris(2-ethylhexyl) ester;tris (2-ethylhexyl) phosphate;Tris(2-ethylhexyl) phosphate;tris(2-ethylhexyl)ester phosphoric acid;tris(2-ethylhexyl)ester_phosphoric_acid;tris(2-ethylhexyl)phosphate;Tris(2-ethylhexyl)phosphate (TEHP)",,,,,,,,,,,,,,,,,,,,,,,,,,,,,,,,,,,,,,,,,,,,,,,,,,,,,,,,,,,,,,,,,,,,,,,,,,,,,,,,,,,,,,,,,,,,,,,,,,,,,,,,,,,,,,,,,,,,,,,,,,,,,,,,Human Health Hazards#Repeated Dose Toxicity,Rep Dose Tox Fraunhofer ITEM,,,LOEL,,False,Categorical data,Equal,FhG RepDose,,,,,,,,,,Rat,,,,,,,,,,,,,,,,,,,,,,,,,,,,,,,,,,,,,,,,,,,,,,,,,,,,,,,,,,,,,,,,,,,,,,,,,,,,,,,,,,,,,,,,,,,,,,,,,,,,,,,,,,,,,,,,,,,,,,,,,,,,,,,,,,,,,,,F344,Gavage,,,,,,,,,,,,,,,,,,,3757,info@repdose.de,97,,,,,,,,,,,,,,,,,,,,,,,,,,,,,,,,,,,,,,,,,,,,,,,,,,,,,,,,,,,,,,,,,,,,,,,,,,,,,,,97,d,Time,,,data available,,,FraunhoferITEM,,,data available,,,FraunhoferITEM,,
78-42-2,"Phosphoric acid, tris(2-ethylhexyl) ester;tris (2-ethylhexyl) phosphate;Tris(2-ethylhexyl) phosphate;tris(2-ethylhexyl)ester phosphoric acid;tris(2-ethylhexyl)ester_phosphoric_acid;tris(2-ethylhexyl)phosphate;Tris(2-ethylhexyl)phosphate (TEHP)",,,,,,,,,,,,,,,,,,,,,,,,,,,,,,,,,,,,,,,,,,,,,,,,,,,,,,,,,,,,,,,,,,,,,,,,,,,,,,,,,,,,,,,,,,,,,,,,,,,,,,,,,,,,,,,,,,,,,,,,,,,,,,,,Human Health Hazards#Repeated Dose Toxicity,Rep Dose Tox Fraunhofer ITEM,,,LOEL,,False,Categorical data,Equal,FhG RepDose,,,,,,,,,,Rat,,,,,,,,,,,,,,,,,,,,,,,,,,,,,,,,,,,,,,,,,,,,,,,,,,,,,,,,,,,,,,,,,,,,,,,,,,,,,,,,,,,,,,,,,,,,,,,,,,,,,,,,,,,,,,,,,,,,,,,,,,,,,,,,,,,,,,,F344,Gavage,,,,,,,,,,,,,,,,,,,3756,info@repdose.de,,,,,,,,,,,,,,,,,,,,,,,,,,,,,,,,,,,,,,,,,,,,,,,,,,,,,,,,,,,,,,,,,,,,,,,,,,,,,,,,14,d,Time,,,data available,,,FraunhoferITEM,,,data available,,,FraunhoferITEM,,
78-42-2,"Phosphoric acid, tris(2-ethylhexyl) ester;tris (2-ethylhexyl) phosphate;Tris(2-ethylhexyl) phosphate;tris(2-ethylhexyl)ester phosphoric acid;tris(2-ethylhexyl)ester_phosphoric_acid;tris(2-ethylhexyl)phosphate;Tris(2-ethylhexyl)phosphate (TEHP)",,,,,,,,,,,,,,,,,,,,,,,,,,,,,,,,,,,,,,,,,,,,,,,,,,,,,,,,,,,,,,,,,,,,,,,,,,,,,,,,,,,,,,,,,,,,,,,,,,,,,,,,,,,,,,,,,,,,,,,,,,,,,,,,Human Health Hazards#Repeated Dose Toxicity,Repeated Dose Toxicity HESS,1993,,LOEL,OECD TG 407,False,No qualifier,Equal,,,,,,,,,,,Rat,,,,,,,,,,,,,,,,,,,,,,,,,,,,,,,,,,,,,,Absolute Organ Weight↑,,,,,,,,,,,,,,,,,,,,,,,,,,,,,,,,99.7,None,,,,,,,,,,,,,,,,,,,,,,,,,,,,,,,,,,,,,,,,,,,,,,,,,,,,,,,,,,,,,,,,SD,Oral (Gavage),,,,,,,,,,,,,,,,,,,,,,Female,Main,"National Institute of Health Sciences, Japan",Adrenal Gland,RDT,Research Institute for Animal Science in Biochemistry & Toxicology,Organ weights,1000,mg/kg bdwt/d,Administered dose(mass),30,mg/kg bdwt/d,Administered dose(mass),0,d,Time,,,,,,,,,,,,,,,,,,,,,,,,,,,,,,,,,,,,,,,,,,,,,,,,,,,,,,,,,,,,,,,28,d,Time,,,1000,,mg/kg bdwt/d,Administered dose(mass),,,1000,,mg/kg/d,Administered dose(mass),,
78-42-2,"Phosphoric acid, tris(2-ethylhexyl) ester;tris (2-ethylhexyl) phosphate;Tris(2-ethylhexyl) phosphate;tris(2-ethylhexyl)ester phosphoric acid;tris(2-ethylhexyl)ester_phosphoric_acid;tris(2-ethylhexyl)phosphate;Tris(2-ethylhexyl)phosphate (TEHP)",,,,,,,,,,,,,,,,,,,,,,,,,,,,,,,,,,,,,,,,,,,,,,,,,,,,,,,,,,,,,,,,,,,,,,,,,,,,,,,,,,,,,,,,,,,,,,,,,,,,,,,,,,,,,,,,,,,,,,,,,,,,,,,,Human Health Hazards#Repeated Dose Toxicity,Repeated Dose Toxicity HESS,1993,,LOEL,OECD TG 407,False,No qualifier,Equal,,,,,,,,,,,Rat,,,,,,,,,,,,,,,,,,,,,,,,,,,,,,,,,,,,,,APTT↑,,,,,,,,,,,,,,,,,,,,,,,,,,,,,,,,99.7,None,,,,,,,,,,,,,,,,,,,,,,,,,,,,,,,,,,,,,,,,,,,,,,,,,,,,,,,,,,,,,,,,SD,Oral (Gavage),,,,,,,,,,,,,,,,,,,,,,Male,Main,"National Institute of Health Sciences, Japan",Blood cell (Coagulation),RDT,Research Institute for Animal Science in Biochemistry & Toxicology,Hematological examination,1000,mg/kg bdwt/d,Administered dose(mass),30,mg/kg bdwt/d,Administered dose(mass),0,d,Time,,,,,,,,,,,,,,,,,,,,,,,,,,,,,,,,,,,,,,,,,,,,,,,,,,,,,,,,,,,,,,,28,d,Time,,,1000,,mg/kg bdwt/d,Administered dose(mass),,,1000,,mg/kg/d,Administered dose(mass),,
78-42-2,"Phosphoric acid, tris(2-ethylhexyl) ester;tris (2-ethylhexyl) phosphate;Tris(2-ethylhexyl) phosphate;tris(2-ethylhexyl)ester phosphoric acid;tris(2-ethylhexyl)ester_phosphoric_acid;tris(2-ethylhexyl)phosphate;Tris(2-ethylhexyl)phosphate (TEHP)",,,,,,,,,,,,,,,,,,,,,,,,,,,,,,,,,,,,,,,,,,,,,,,,,,,,,,,,,,,,,,,,,,,,,,,,,,,,,,,,,,,,,,,,,,,,,,,,,,,,,,,,,,,,,,,,,,,,,,,,,,,,,,,,Human Health Hazards#Repeated Dose Toxicity,Repeated Dose Toxicity HESS,1993,,LOEL,OECD TG 407,False,No qualifier,Equal,,,,,,,,,,,Rat,,,,,,,,,,,,,,,,,,,,,,,,,,,,,,,,,,,,,,Total,,,,,,,,,,,,,,,,,,,,,,,,,,,,,,,,99.7,None,,,,,,,,,,,,,,,,,,,,,,,,,,,,,,,,,,,,,,,,,,,,,,,,,,,,,,,,,,,,,,,,SD,Oral (Gavage),,,,,,,,,,,,,,,,,,,,,,Female,Main,"National Institute of Health Sciences, Japan",Whole body,RDT,Research Institute for Animal Science in Biochemistry & Toxicology,NOEL/LOEL,1000,mg/kg bdwt/d,Administered dose(mass),30,mg/kg bdwt/d,Administered dose(mass),0,d,Time,,,,,,,,,,,,,,,,,,,,,,,,,,,,,,,,,,,,,,,,,,,,,,,,,,,,,,,,,,,,,,,28,d,Time,,,1000,,mg/kg bdwt/d,Administered dose(mass),,,1000,,mg/kg/d,Administered dose(mass),,
78-42-2,"Phosphoric acid, tris(2-ethylhexyl) ester;tris (2-ethylhexyl) phosphate;Tris(2-ethylhexyl) phosphate;tris(2-ethylhexyl)ester phosphoric acid;tris(2-ethylhexyl)ester_phosphoric_acid;tris(2-ethylhexyl)phosphate;Tris(2-ethylhexyl)phosphate (TEHP)",,,,,,,,,,,,,,,,,,,,,,,,,,,,,,,,,,,,,,,,,,,,,,,,,,,,,,,,,,,,,,,,,,,,,,,,,,,,,,,,,,,,,,,,,,,,,,,,,,,,,,,,,,,,,,,,,,,,,,,,,,,,,,,,Human Health Hazards#Repeated Dose Toxicity,Repeated Dose Toxicity HESS,1993,,LOEL,OECD TG 407,False,No qualifier,Equal,,,,,,,,,,,Rat,,,,,,,,,,,,,,,,,,,,,,,,,,,,,,,,,,,,,,Total,,,,,,,,,,,,,,,,,,,,,,,,,,,,,,,,99.7,None,,,,,,,,,,,,,,,,,,,,,,,,,,,,,,,,,,,,,,,,,,,,,,,,,,,,,,,,,,,,,,,,SD,Oral (Gavage),,,,,,,,,,,,,,,,,,,,,,Male,Main,"National Institute of Health Sciences, Japan",Whole body,RDT,Research Institute for Animal Science in Biochemistry & Toxicology,NOEL/LOEL,1000,mg/kg bdwt/d,Administered dose(mass),30,mg/kg bdwt/d,Administered dose(mass),0,d,Time,,,,,,,,,,,,,,,,,,,,,,,,,,,,,,,,,,,,,,,,,,,,,,,,,,,,,,,,,,,,,,,28,d,Time,,,1000,,mg/kg bdwt/d,Administered dose(mass),,,1000,,mg/kg/d,Administered dose(mass),,
78-42-2,"Phosphoric acid, tris(2-ethylhexyl) ester;tris (2-ethylhexyl) phosphate;Tris(2-ethylhexyl) phosphate;tris(2-ethylhexyl)ester phosphoric acid;tris(2-ethylhexyl)ester_phosphoric_acid;tris(2-ethylhexyl)phosphate;Tris(2-ethylhexyl)phosphate (TEHP)",,,,,,,,,,,,,,,,,,,,,,,,,,,,,,,,,,,,,,,,,,,,,,,,,,,,,,,,,,,,,,,,,,,,,,,,,,,,,,,,,,,,,,,,,,,,,,,,,,,,,,,,,,,,,,,,,,,,,,,,,,,,,,,,Human Health Hazards#Repeated Dose Toxicity,ECOTOX,,The In Vivo-In Vitro Replicative DNA Synthesis (RDS) Test with Hepatocytes Prepared from Male B6C3F1 Mice as an Early Prediction Assay for Putative Nongenotoxic (Ames-Negative) Mouse Hepatocarcinogens,NOEL,,True,No qualifier,Equal,Mutat. Res.343(2/3): 157-183,,,,,,,,,,Mus musculus,Animalia (animals),Bilateria,Chordata (chordates),Vertebrata (vertebrates),Tetrapoda,Mammalia (mammals),,Rodentia (rodents),Muroidea,"Muridae (mice,rats,voles)","Mus (House Mice,Old World Mice)",Deuterostomia,Gnathostomata,,,,,,,,,,,,,,,,,,,,,,,Decreasing,"Miyagawa,M., H. Takasawa, A. Sugiyama, Y. Inoue, T. Murata, Y. Uno, and K. Yoshikawa",Cell(s),2193247,2387609,Formulation,No substrate,Viability,Carrier or solvent,05/17/2017,T,Gavage,05/17/2017,Liver,Lab,06/15/2017,Laboratory,1995,Reviewer assigned endpoint,,,Unmeasured,Tris(2-ethylhexyl)phosphate,,B6C3F1,SOURCE/FROM CHARLES RIVER LABORATORIES (KANAGAWA)//,,,,3,None,,,,,,8,,wk,Time,,,,,,,,48,h,Time,,,,,,,,48,h,Time,,°C,Temperature,20,24,,,,,,,Not significant at all concentrations,P,0.05,,None,,,Theria,"Myomorpha (Mice,Rats,Voles,Gerbils,Hamsters,Lemmings)",,,"Murinae (Old World rats,Old World mice)",,,,,,,,,bdwt,,1,Dosed x time(s) per study period,Unknown,Eutheria,FROM CHARLES RIVER LABORATORIES (KANAGAWA),Mus (Mus),,,,,,,,,,,,,,,,,,,,,,,,,,,,,,,,,,,,,,,,,,,,,,,,,,,,,,,,,,,,,,,,,,,,,,,,,,,,,,,,,,,,,,,,,,,,,,,,,,,,,,48,h,Time,,,2000,,mg/kg,Mass fraction,,,2000,,mg/kg,Mass fraction,,
78-42-2,"Phosphoric acid, tris(2-ethylhexyl) ester;tris (2-ethylhexyl) phosphate;Tris(2-ethylhexyl) phosphate;tris(2-ethylhexyl)ester phosphoric acid;tris(2-ethylhexyl)ester_phosphoric_acid;tris(2-ethylhexyl)phosphate;Tris(2-ethylhexyl)phosphate (TEHP)",,,,,,,,,,,,,,,,,,,,,,,,,,,,,,,,,,,,,,,,,,,,,,,,,,,,,,,,,,,,,,,,,,,,,,,,,,,,,,,,,,,,,,,,,,,,,,,,,,,,,,,,,,,,,,,,,,,,,,,,,,,,,,,,Human Health Hazards#Repeated Dose Toxicity,Repeated Dose Toxicity HESS,1993,,NOEL,OECD TG 407,False,No qualifier,Equal,,,,,,,,,,,Rat,,,,,,,,,,,,,,,,,,,,,,,,,,,,,,,,,,,,,,Absolute Organ Weight↑,,,,,,,,,,,,,,,,,,,,,,,,,,,,,,,,99.7,None,,,,,,,,,,,,,,,,,,,,,,,,,,,,,,,,,,,,,,,,,,,,,,,,,,,,,,,,,,,,,,,,SD,Oral (Gavage),,,,,,,,,,,,,,,,,,,,,,Male,Main,"National Institute of Health Sciences, Japan",Adrenal Gland,RDT,Research Institute for Animal Science in Biochemistry & Toxicology,Organ weights,1000,mg/kg bdwt/d,Administered dose(mass),30,mg/kg bdwt/d,Administered dose(mass),0,d,Time,,,,,,,,,,,,,,,,,,,,,,,,,,,,,,,,,,,,,,,,,,,,,,,,,,,,,,,,,,,,,,,28,d,Time,,,1000,,mg/kg bdwt/d,Administered dose(mass),,,1000,,mg/kg/d,Administered dose(mass),,
78-42-2,"Phosphoric acid, tris(2-ethylhexyl) ester;tris (2-ethylhexyl) phosphate;Tris(2-ethylhexyl) phosphate;tris(2-ethylhexyl)ester phosphoric acid;tris(2-ethylhexyl)ester_phosphoric_acid;tris(2-ethylhexyl)phosphate;Tris(2-ethylhexyl)phosphate (TEHP)",,,,,,,,,,,,,,,,,,,,,,,,,,,,,,,,,,,,,,,,,,,,,,,,,,,,,,,,,,,,,,,,,,,,,,,,,,,,,,,,,,,,,,,,,,,,,,,,,,,,,,,,,,,,,,,,,,,,,,,,,,,,,,,,Human Health Hazards#Repeated Dose Toxicity,Repeated Dose Toxicity HESS,1993,,NOEL,OECD TG 407,False,No qualifier,Equal,,,,,,,,,,,Rat,,,,,,,,,,,,,,,,,,,,,,,,,,,,,,,,,,,,,,Absolute Organ Weight↑,,,,,,,,,,,,,,,,,,,,,,,,,,,,,,,,99.7,None,,,,,,,,,,,,,,,,,,,,,,,,,,,,,,,,,,,,,,,,,,,,,,,,,,,,,,,,,,,,,,,,SD,Oral (Gavage),,,,,,,,,,,,,,,,,,,,,,Female,Main,"National Institute of Health Sciences, Japan",Adrenal Gland,RDT,Research Institute for Animal Science in Biochemistry & Toxicology,Organ weights,1000,mg/kg bdwt/d,Administered dose(mass),30,mg/kg bdwt/d,Administered dose(mass),0,d,Time,,,,,,,,,,,,,,,,,,,,,,,,,,,,,,,,,,,,,,,,,,,,,,,,,,,,,,,,,,,,,,,28,d,Time,,,300,,mg/kg bdwt/d,Administered dose(mass),,,300,,mg/kg/d,Administered dose(mass),,
78-42-2,"Phosphoric acid, tris(2-ethylhexyl) ester;tris (2-ethylhexyl) phosphate;Tris(2-ethylhexyl) phosphate;tris(2-ethylhexyl)ester phosphoric acid;tris(2-ethylhexyl)ester_phosphoric_acid;tris(2-ethylhexyl)phosphate;Tris(2-ethylhexyl)phosphate (TEHP)",,,,,,,,,,,,,,,,,,,,,,,,,,,,,,,,,,,,,,,,,,,,,,,,,,,,,,,,,,,,,,,,,,,,,,,,,,,,,,,,,,,,,,,,,,,,,,,,,,,,,,,,,,,,,,,,,,,,,,,,,,,,,,,,Human Health Hazards#Repeated Dose Toxicity,Repeated Dose Toxicity HESS,1993,,NOEL,OECD TG 407,False,No qualifier,Equal,,,,,,,,,,,Rat,,,,,,,,,,,,,,,,,,,,,,,,,,,,,,,,,,,,,,Absolute Organ Weight↓,,,,,,,,,,,,,,,,,,,,,,,,,,,,,,,,99.7,None,,,,,,,,,,,,,,,,,,,,,,,,,,,,,,,,,,,,,,,,,,,,,,,,,,,,,,,,,,,,,,,,SD,Oral (Gavage),,,,,,,,,,,,,,,,,,,,,,Female,Main,"National Institute of Health Sciences, Japan",Adrenal Gland,RDT,Research Institute for Animal Science in Biochemistry & Toxicology,Organ weights,1000,mg/kg bdwt/d,Administered dose(mass),30,mg/kg bdwt/d,Administered dose(mass),0,d,Time,,,,,,,,,,,,,,,,,,,,,,,,,,,,,,,,,,,,,,,,,,,,,,,,,,,,,,,,,,,,,,,28,d,Time,,,1000,,mg/kg bdwt/d,Administered dose(mass),,,1000,,mg/kg/d,Administered dose(mass),,
78-42-2,"Phosphoric acid, tris(2-ethylhexyl) ester;tris (2-ethylhexyl) phosphate;Tris(2-ethylhexyl) phosphate;tris(2-ethylhexyl)ester phosphoric acid;tris(2-ethylhexyl)ester_phosphoric_acid;tris(2-ethylhexyl)phosphate;Tris(2-ethylhexyl)phosphate (TEHP)",,,,,,,,,,,,,,,,,,,,,,,,,,,,,,,,,,,,,,,,,,,,,,,,,,,,,,,,,,,,,,,,,,,,,,,,,,,,,,,,,,,,,,,,,,,,,,,,,,,,,,,,,,,,,,,,,,,,,,,,,,,,,,,,Human Health Hazards#Repeated Dose Toxicity,Repeated Dose Toxicity HESS,1993,,NOEL,OECD TG 407,False,No qualifier,Equal,,,,,,,,,,,Rat,,,,,,,,,,,,,,,,,,,,,,,,,,,,,,,,,,,,,,Absolute Organ Weight↓,,,,,,,,,,,,,,,,,,,,,,,,,,,,,,,,99.7,None,,,,,,,,,,,,,,,,,,,,,,,,,,,,,,,,,,,,,,,,,,,,,,,,,,,,,,,,,,,,,,,,SD,Oral (Gavage),,,,,,,,,,,,,,,,,,,,,,Male,Main,"National Institute of Health Sciences, Japan",Adrenal Gland,RDT,Research Institute for Animal Science in Biochemistry & Toxicology,Organ weights,1000,mg/kg bdwt/d,Administered dose(mass),30,mg/kg bdwt/d,Administered dose(mass),0,d,Time,,,,,,,,,,,,,,,,,,,,,,,,,,,,,,,,,,,,,,,,,,,,,,,,,,,,,,,,,,,,,,,28,d,Time,,,1000,,mg/kg bdwt/d,Administered dose(mass),,,1000,,mg/kg/d,Administered dose(mass),,
78-42-2,"Phosphoric acid, tris(2-ethylhexyl) ester;tris (2-ethylhexyl) phosphate;Tris(2-ethylhexyl) phosphate;tris(2-ethylhexyl)ester phosphoric acid;tris(2-ethylhexyl)ester_phosphoric_acid;tris(2-ethylhexyl)phosphate;Tris(2-ethylhexyl)phosphate (TEHP)",,,,,,,,,,,,,,,,,,,,,,,,,,,,,,,,,,,,,,,,,,,,,,,,,,,,,,,,,,,,,,,,,,,,,,,,,,,,,,,,,,,,,,,,,,,,,,,,,,,,,,,,,,,,,,,,,,,,,,,,,,,,,,,,Human Health Hazards#Repeated Dose Toxicity,Repeated Dose Toxicity HESS,1993,,NOEL,OECD TG 407,False,No qualifier,Equal,,,,,,,,,,,Rat,,,,,,,,,,,,,,,,,,,,,,,,,,,,,,,,,,,,,,Atrophy (Necropsy),,,,,,,,,,,,,,,,,,,,,,,,,,,,,,,,99.7,None,,,,,,,,,,,,,,,,,,,,,,,,,,,,,,,,,,,,,,,,,,,,,,,,,,,,,,,,,,,,,,,,SD,Oral (Gavage),,,,,,,,,,,,,,,,,,,,,,Female,Main,"National Institute of Health Sciences, Japan",Adrenal Gland,RDT,Research Institute for Animal Science in Biochemistry & Toxicology,Necropsy,1000,mg/kg bdwt/d,Administered dose(mass),30,mg/kg bdwt/d,Administered dose(mass),0,d,Time,,,,,,,,,,,,,,,,,,,,,,,,,,,,,,,,,,,,,,,,,,,,,,,,,,,,,,,,,,,,,,,28,d,Time,,,1000,,mg/kg bdwt/d,Administered dose(mass),,,1000,,mg/kg/d,Administered dose(mass),,
78-42-2,"Phosphoric acid, tris(2-ethylhexyl) ester;tris (2-ethylhexyl) phosphate;Tris(2-ethylhexyl) phosphate;tris(2-ethylhexyl)ester phosphoric acid;tris(2-ethylhexyl)ester_phosphoric_acid;tris(2-ethylhexyl)phosphate;Tris(2-ethylhexyl)phosphate (TEHP)",,,,,,,,,,,,,,,,,,,,,,,,,,,,,,,,,,,,,,,,,,,,,,,,,,,,,,,,,,,,,,,,,,,,,,,,,,,,,,,,,,,,,,,,,,,,,,,,,,,,,,,,,,,,,,,,,,,,,,,,,,,,,,,,Human Health Hazards#Repeated Dose Toxicity,Repeated Dose Toxicity HESS,1993,,NOEL,OECD TG 407,False,No qualifier,Equal,,,,,,,,,,,Rat,,,,,,,,,,,,,,,,,,,,,,,,,,,,,,,,,,,,,,Atrophy (Necropsy),,,,,,,,,,,,,,,,,,,,,,,,,,,,,,,,99.7,None,,,,,,,,,,,,,,,,,,,,,,,,,,,,,,,,,,,,,,,,,,,,,,,,,,,,,,,,,,,,,,,,SD,Oral (Gavage),,,,,,,,,,,,,,,,,,,,,,Male,Main,"National Institute of Health Sciences, Japan",Adrenal Gland,RDT,Research Institute for Animal Science in Biochemistry & Toxicology,Necropsy,1000,mg/kg bdwt/d,Administered dose(mass),30,mg/kg bdwt/d,Administered dose(mass),0,d,Time,,,,,,,,,,,,,,,,,,,,,,,,,,,,,,,,,,,,,,,,,,,,,,,,,,,,,,,,,,,,,,,28,d,Time,,,1000,,mg/kg bdwt/d,Administered dose(mass),,,1000,,mg/kg/d,Administered dose(mass),,
78-42-2,"Phosphoric acid, tris(2-ethylhexyl) ester;tris (2-ethylhexyl) phosphate;Tris(2-ethylhexyl) phosphate;tris(2-ethylhexyl)ester phosphoric acid;tris(2-ethylhexyl)ester_phosphoric_acid;tris(2-ethylhexyl)phosphate;Tris(2-ethylhexyl)phosphate (TEHP)",,,,,,,,,,,,,,,,,,,,,,,,,,,,,,,,,,,,,,,,,,,,,,,,,,,,,,,,,,,,,,,,,,,,,,,,,,,,,,,,,,,,,,,,,,,,,,,,,,,,,,,,,,,,,,,,,,,,,,,,,,,,,,,,Human Health Hazards#Repeated Dose Toxicity,Repeated Dose Toxicity HESS,1993,,NOEL,OECD TG 407,False,No qualifier,Equal,,,,,,,,,,,Rat,,,,,,,,,,,,,,,,,,,,,,,,,,,,,,,,,,,,,,Cell Hypertrophy,,,,,,,,,,,,,,,,,,,,,,,,,,,,,,,,99.7,None,,,,,,,,,,,,,,,,,,,,,,,,,,,,,,,,,,,,,,,,,,,,,,,,,,,,,,,,,,,,,,,,SD,Oral (Gavage),,,,,,,,,,,,,,,,Zona reticularis,,,,,,Female,Main,"National Institute of Health Sciences, Japan",Adrenal Gland,RDT,Research Institute for Animal Science in Biochemistry & Toxicology,Histopathological findings,1000,mg/kg bdwt/d,Administered dose(mass),30,mg/kg bdwt/d,Administered dose(mass),0,d,Time,,,,,,,,,,,,,,,,,,,,,,,,,,,,,,,,,,,,,,,,,,,,,,,,,,,,,,,,,,,,,,,28,d,Time,,,1000,,mg/kg bdwt/d,Administered dose(mass),,,1000,,mg/kg/d,Administered dose(mass),,
78-42-2,"Phosphoric acid, tris(2-ethylhexyl) ester;tris (2-ethylhexyl) phosphate;Tris(2-ethylhexyl) phosphate;tris(2-ethylhexyl)ester phosphoric acid;tris(2-ethylhexyl)ester_phosphoric_acid;tris(2-ethylhexyl)phosphate;Tris(2-ethylhexyl)phosphate (TEHP)",,,,,,,,,,,,,,,,,,,,,,,,,,,,,,,,,,,,,,,,,,,,,,,,,,,,,,,,,,,,,,,,,,,,,,,,,,,,,,,,,,,,,,,,,,,,,,,,,,,,,,,,,,,,,,,,,,,,,,,,,,,,,,,,Human Health Hazards#Repeated Dose Toxicity,Repeated Dose Toxicity HESS,1993,,NOEL,OECD TG 407,False,No qualifier,Equal,,,,,,,,,,,Rat,,,,,,,,,,,,,,,,,,,,,,,,,,,,,,,,,,,,,,Cell Hypertrophy,,,,,,,,,,,,,,,,,,,,,,,,,,,,,,,,99.7,None,,,,,,,,,,,,,,,,,,,,,,,,,,,,,,,,,,,,,,,,,,,,,,,,,,,,,,,,,,,,,,,,SD,Oral (Gavage),,,,,,,,,,,,,,,,Zona fasciculata,,,,,,Female,Main,"National Institute of Health Sciences, Japan",Adrenal Gland,RDT,Research Institute for Animal Science in Biochemistry & Toxicology,Histopathological findings,1000,mg/kg bdwt/d,Administered dose(mass),30,mg/kg bdwt/d,Administered dose(mass),0,d,Time,,,,,,,,,,,,,,,,,,,,,,,,,,,,,,,,,,,,,,,,,,,,,,,,,,,,,,,,,,,,,,,28,d,Time,,,1000,,mg/kg bdwt/d,Administered dose(mass),,,1000,,mg/kg/d,Administered dose(mass),,
78-42-2,"Phosphoric acid, tris(2-ethylhexyl) ester;tris (2-ethylhexyl) phosphate;Tris(2-ethylhexyl) phosphate;tris(2-ethylhexyl)ester phosphoric acid;tris(2-ethylhexyl)ester_phosphoric_acid;tris(2-ethylhexyl)phosphate;Tris(2-ethylhexyl)phosphate (TEHP)",,,,,,,,,,,,,,,,,,,,,,,,,,,,,,,,,,,,,,,,,,,,,,,,,,,,,,,,,,,,,,,,,,,,,,,,,,,,,,,,,,,,,,,,,,,,,,,,,,,,,,,,,,,,,,,,,,,,,,,,,,,,,,,,Human Health Hazards#Repeated Dose Toxicity,Repeated Dose Toxicity HESS,1993,,NOEL,OECD TG 407,False,No qualifier,Equal,,,,,,,,,,,Rat,,,,,,,,,,,,,,,,,,,,,,,,,,,,,,,,,,,,,,Cell Hypertrophy,,,,,,,,,,,,,,,,,,,,,,,,,,,,,,,,99.7,None,,,,,,,,,,,,,,,,,,,,,,,,,,,,,,,,,,,,,,,,,,,,,,,,,,,,,,,,,,,,,,,,SD,Oral (Gavage),,,,,,,,,,,,,,,,Zona glomerulosa,,,,,,Female,Main,"National Institute of Health Sciences, Japan",Adrenal Gland,RDT,Research Institute for Animal Science in Biochemistry & Toxicology,Histopathological findings,1000,mg/kg bdwt/d,Administered dose(mass),30,mg/kg bdwt/d,Administered dose(mass),0,d,Time,,,,,,,,,,,,,,,,,,,,,,,,,,,,,,,,,,,,,,,,,,,,,,,,,,,,,,,,,,,,,,,28,d,Time,,,1000,,mg/kg bdwt/d,Administered dose(mass),,,1000,,mg/kg/d,Administered dose(mass),,
78-42-2,"Phosphoric acid, tris(2-ethylhexyl) ester;tris (2-ethylhexyl) phosphate;Tris(2-ethylhexyl) phosphate;tris(2-ethylhexyl)ester phosphoric acid;tris(2-ethylhexyl)ester_phosphoric_acid;tris(2-ethylhexyl)phosphate;Tris(2-ethylhexyl)phosphate (TEHP)",,,,,,,,,,,,,,,,,,,,,,,,,,,,,,,,,,,,,,,,,,,,,,,,,,,,,,,,,,,,,,,,,,,,,,,,,,,,,,,,,,,,,,,,,,,,,,,,,,,,,,,,,,,,,,,,,,,,,,,,,,,,,,,,Human Health Hazards#Repeated Dose Toxicity,Repeated Dose Toxicity HESS,1993,,NOEL,OECD TG 407,False,No qualifier,Equal,,,,,,,,,,,Rat,,,,,,,,,,,,,,,,,,,,,,,,,,,,,,,,,,,,,,Cell Hypertrophy,,,,,,,,,,,,,,,,,,,,,,,,,,,,,,,,99.7,None,,,,,,,,,,,,,,,,,,,,,,,,,,,,,,,,,,,,,,,,,,,,,,,,,,,,,,,,,,,,,,,,SD,Oral (Gavage),,,,,,,,,,,,,,,,Zona reticularis,,,,,,Male,Main,"National Institute of Health Sciences, Japan",Adrenal Gland,RDT,Research Institute for Animal Science in Biochemistry & Toxicology,Histopathological findings,1000,mg/kg bdwt/d,Administered dose(mass),30,mg/kg bdwt/d,Administered dose(mass),0,d,Time,,,,,,,,,,,,,,,,,,,,,,,,,,,,,,,,,,,,,,,,,,,,,,,,,,,,,,,,,,,,,,,28,d,Time,,,1000,,mg/kg bdwt/d,Administered dose(mass),,,1000,,mg/kg/d,Administered dose(mass),,
78-42-2,"Phosphoric acid, tris(2-ethylhexyl) ester;tris (2-ethylhexyl) phosphate;Tris(2-ethylhexyl) phosphate;tris(2-ethylhexyl)ester phosphoric acid;tris(2-ethylhexyl)ester_phosphoric_acid;tris(2-ethylhexyl)phosphate;Tris(2-ethylhexyl)phosphate (TEHP)",,,,,,,,,,,,,,,,,,,,,,,,,,,,,,,,,,,,,,,,,,,,,,,,,,,,,,,,,,,,,,,,,,,,,,,,,,,,,,,,,,,,,,,,,,,,,,,,,,,,,,,,,,,,,,,,,,,,,,,,,,,,,,,,Human Health Hazards#Repeated Dose Toxicity,Repeated Dose Toxicity HESS,1993,,NOEL,OECD TG 407,False,No qualifier,Equal,,,,,,,,,,,Rat,,,,,,,,,,,,,,,,,,,,,,,,,,,,,,,,,,,,,,Cell Hypertrophy,,,,,,,,,,,,,,,,,,,,,,,,,,,,,,,,99.7,None,,,,,,,,,,,,,,,,,,,,,,,,,,,,,,,,,,,,,,,,,,,,,,,,,,,,,,,,,,,,,,,,SD,Oral (Gavage),,,,,,,,,,,,,,,,Zona fasciculata,,,,,,Male,Main,"National Institute of Health Sciences, Japan",Adrenal Gland,RDT,Research Institute for Animal Science in Biochemistry & Toxicology,Histopathological findings,1000,mg/kg bdwt/d,Administered dose(mass),30,mg/kg bdwt/d,Administered dose(mass),0,d,Time,,,,,,,,,,,,,,,,,,,,,,,,,,,,,,,,,,,,,,,,,,,,,,,,,,,,,,,,,,,,,,,28,d,Time,,,1000,,mg/kg bdwt/d,Administered dose(mass),,,1000,,mg/kg/d,Administered dose(mass),,
78-42-2,"Phosphoric acid, tris(2-ethylhexyl) ester;tris (2-ethylhexyl) phosphate;Tris(2-ethylhexyl) phosphate;tris(2-ethylhexyl)ester phosphoric acid;tris(2-ethylhexyl)ester_phosphoric_acid;tris(2-ethylhexyl)phosphate;Tris(2-ethylhexyl)phosphate (TEHP)",,,,,,,,,,,,,,,,,,,,,,,,,,,,,,,,,,,,,,,,,,,,,,,,,,,,,,,,,,,,,,,,,,,,,,,,,,,,,,,,,,,,,,,,,,,,,,,,,,,,,,,,,,,,,,,,,,,,,,,,,,,,,,,,Human Health Hazards#Repeated Dose Toxicity,Repeated Dose Toxicity HESS,1993,,NOEL,OECD TG 407,False,No qualifier,Equal,,,,,,,,,,,Rat,,,,,,,,,,,,,,,,,,,,,,,,,,,,,,,,,,,,,,Cell Hypertrophy,,,,,,,,,,,,,,,,,,,,,,,,,,,,,,,,99.7,None,,,,,,,,,,,,,,,,,,,,,,,,,,,,,,,,,,,,,,,,,,,,,,,,,,,,,,,,,,,,,,,,SD,Oral (Gavage),,,,,,,,,,,,,,,,Zona glomerulosa,,,,,,Male,Main,"National Institute of Health Sciences, Japan",Adrenal Gland,RDT,Research Institute for Animal Science in Biochemistry & Toxicology,Histopathological findings,1000,mg/kg bdwt/d,Administered dose(mass),30,mg/kg bdwt/d,Administered dose(mass),0,d,Time,,,,,,,,,,,,,,,,,,,,,,,,,,,,,,,,,,,,,,,,,,,,,,,,,,,,,,,,,,,,,,,28,d,Time,,,1000,,mg/kg bdwt/d,Administered dose(mass),,,1000,,mg/kg/d,Administered dose(mass),,
78-42-2,"Phosphoric acid, tris(2-ethylhexyl) ester;tris (2-ethylhexyl) phosphate;Tris(2-ethylhexyl) phosphate;tris(2-ethylhexyl)ester phosphoric acid;tris(2-ethylhexyl)ester_phosphoric_acid;tris(2-ethylhexyl)phosphate;Tris(2-ethylhexyl)phosphate (TEHP)",,,,,,,,,,,,,,,,,,,,,,,,,,,,,,,,,,,,,,,,,,,,,,,,,,,,,,,,,,,,,,,,,,,,,,,,,,,,,,,,,,,,,,,,,,,,,,,,,,,,,,,,,,,,,,,,,,,,,,,,,,,,,,,,Human Health Hazards#Repeated Dose Toxicity,Repeated Dose Toxicity HESS,1993,,NOEL,OECD TG 407,False,No qualifier,Equal,,,,,,,,,,,Rat,,,,,,,,,,,,,,,,,,,,,,,,,,,,,,,,,,,,,,Enlarged (Necropsy),,,,,,,,,,,,,,,,,,,,,,,,,,,,,,,,99.7,None,,,,,,,,,,,,,,,,,,,,,,,,,,,,,,,,,,,,,,,,,,,,,,,,,,,,,,,,,,,,,,,,SD,Oral (Gavage),,,,,,,,,,,,,,,,,,,,,,Female,Main,"National Institute of Health Sciences, Japan",Adrenal Gland,RDT,Research Institute for Animal Science in Biochemistry & Toxicology,Necropsy,1000,mg/kg bdwt/d,Administered dose(mass),30,mg/kg bdwt/d,Administered dose(mass),0,d,Time,,,,,,,,,,,,,,,,,,,,,,,,,,,,,,,,,,,,,,,,,,,,,,,,,,,,,,,,,,,,,,,28,d,Time,,,1000,,mg/kg bdwt/d,Administered dose(mass),,,1000,,mg/kg/d,Administered dose(mass),,
78-42-2,"Phosphoric acid, tris(2-ethylhexyl) ester;tris (2-ethylhexyl) phosphate;Tris(2-ethylhexyl) phosphate;tris(2-ethylhexyl)ester phosphoric acid;tris(2-ethylhexyl)ester_phosphoric_acid;tris(2-ethylhexyl)phosphate;Tris(2-ethylhexyl)phosphate (TEHP)",,,,,,,,,,,,,,,,,,,,,,,,,,,,,,,,,,,,,,,,,,,,,,,,,,,,,,,,,,,,,,,,,,,,,,,,,,,,,,,,,,,,,,,,,,,,,,,,,,,,,,,,,,,,,,,,,,,,,,,,,,,,,,,,Human Health Hazards#Repeated Dose Toxicity,Repeated Dose Toxicity HESS,1993,,NOEL,OECD TG 407,False,No qualifier,Equal,,,,,,,,,,,Rat,,,,,,,,,,,,,,,,,,,,,,,,,,,,,,,,,,,,,,Enlarged (Necropsy),,,,,,,,,,,,,,,,,,,,,,,,,,,,,,,,99.7,None,,,,,,,,,,,,,,,,,,,,,,,,,,,,,,,,,,,,,,,,,,,,,,,,,,,,,,,,,,,,,,,,SD,Oral (Gavage),,,,,,,,,,,,,,,,,,,,,,Male,Main,"National Institute of Health Sciences, Japan",Adrenal Gland,RDT,Research Institute for Animal Science in Biochemistry & Toxicology,Necropsy,1000,mg/kg bdwt/d,Administered dose(mass),30,mg/kg bdwt/d,Administered dose(mass),0,d,Time,,,,,,,,,,,,,,,,,,,,,,,,,,,,,,,,,,,,,,,,,,,,,,,,,,,,,,,,,,,,,,,28,d,Time,,,1000,,mg/kg bdwt/d,Administered dose(mass),,,1000,,mg/kg/d,Administered dose(mass),,
78-42-2,"Phosphoric acid, tris(2-ethylhexyl) ester;tris (2-ethylhexyl) phosphate;Tris(2-ethylhexyl) phosphate;tris(2-ethylhexyl)ester phosphoric acid;tris(2-ethylhexyl)ester_phosphoric_acid;tris(2-ethylhexyl)phosphate;Tris(2-ethylhexyl)phosphate (TEHP)",,,,,,,,,,,,,,,,,,,,,,,,,,,,,,,,,,,,,,,,,,,,,,,,,,,,,,,,,,,,,,,,,,,,,,,,,,,,,,,,,,,,,,,,,,,,,,,,,,,,,,,,,,,,,,,,,,,,,,,,,,,,,,,,Human Health Hazards#Repeated Dose Toxicity,Repeated Dose Toxicity HESS,1993,,NOEL,OECD TG 407,False,No qualifier,Equal,,,,,,,,,,,Rat,,,,,,,,,,,,,,,,,,,,,,,,,,,,,,,,,,,,,,Other Findings,,,,,,,,,,,,,,,,,,,,,,,,,,,,,,,,99.7,None,,,,,,,,,,,,,,,,,,,,,,,,,,,,,,,,,,,,,,,,,,,,,,,,,,,,,,,,,,,,,,,,SD,Oral (Gavage),,,,,,,,,,,,,,,,Zona reticularis,,,,,,Female,Main,"National Institute of Health Sciences, Japan",Adrenal Gland,RDT,Research Institute for Animal Science in Biochemistry & Toxicology,Histopathological findings,1000,mg/kg bdwt/d,Administered dose(mass),30,mg/kg bdwt/d,Administered dose(mass),0,d,Time,,,,,,,,,,,,,,,,,,,,,,,,,,,,,,,,,,,,,,,,,,,,,,,,,,,,,,,,,,,,,,,28,d,Time,,,1000,,mg/kg bdwt/d,Administered dose(mass),,,1000,,mg/kg/d,Administered dose(mass),,
78-42-2,"Phosphoric acid, tris(2-ethylhexyl) ester;tris (2-ethylhexyl) phosphate;Tris(2-ethylhexyl) phosphate;tris(2-ethylhexyl)ester phosphoric acid;tris(2-ethylhexyl)ester_phosphoric_acid;tris(2-ethylhexyl)phosphate;Tris(2-ethylhexyl)phosphate (TEHP)",,,,,,,,,,,,,,,,,,,,,,,,,,,,,,,,,,,,,,,,,,,,,,,,,,,,,,,,,,,,,,,,,,,,,,,,,,,,,,,,,,,,,,,,,,,,,,,,,,,,,,,,,,,,,,,,,,,,,,,,,,,,,,,,Human Health Hazards#Repeated Dose Toxicity,Repeated Dose Toxicity HESS,1993,,NOEL,OECD TG 407,False,No qualifier,Equal,,,,,,,,,,,Rat,,,,,,,,,,,,,,,,,,,,,,,,,,,,,,,,,,,,,,Other Findings,,,,,,,,,,,,,,,,,,,,,,,,,,,,,,,,99.7,None,,,,,,,,,,,,,,,,,,,,,,,,,,,,,,,,,,,,,,,,,,,,,,,,,,,,,,,,,,,,,,,,SD,Oral (Gavage),,,,,,,,,,,,,,,,Zona fasciculata,,,,,,Female,Main,"National Institute of Health Sciences, Japan",Adrenal Gland,RDT,Research Institute for Animal Science in Biochemistry & Toxicology,Histopathological findings,1000,mg/kg bdwt/d,Administered dose(mass),30,mg/kg bdwt/d,Administered dose(mass),0,d,Time,,,,,,,,,,,,,,,,,,,,,,,,,,,,,,,,,,,,,,,,,,,,,,,,,,,,,,,,,,,,,,,28,d,Time,,,1000,,mg/kg bdwt/d,Administered dose(mass),,,1000,,mg/kg/d,Administered dose(mass),,
78-42-2,"Phosphoric acid, tris(2-ethylhexyl) ester;tris (2-ethylhexyl) phosphate;Tris(2-ethylhexyl) phosphate;tris(2-ethylhexyl)ester phosphoric acid;tris(2-ethylhexyl)ester_phosphoric_acid;tris(2-ethylhexyl)phosphate;Tris(2-ethylhexyl)phosphate (TEHP)",,,,,,,,,,,,,,,,,,,,,,,,,,,,,,,,,,,,,,,,,,,,,,,,,,,,,,,,,,,,,,,,,,,,,,,,,,,,,,,,,,,,,,,,,,,,,,,,,,,,,,,,,,,,,,,,,,,,,,,,,,,,,,,,Human Health Hazards#Repeated Dose Toxicity,Repeated Dose Toxicity HESS,1993,,NOEL,OECD TG 407,False,No qualifier,Equal,,,,,,,,,,,Rat,,,,,,,,,,,,,,,,,,,,,,,,,,,,,,,,,,,,,,Other Findings,,,,,,,,,,,,,,,,,,,,,,,,,,,,,,,,99.7,None,,,,,,,,,,,,,,,,,,,,,,,,,,,,,,,,,,,,,,,,,,,,,,,,,,,,,,,,,,,,,,,,SD,Oral (Gavage),,,,,,,,,,,,,,,,Zona glomerulosa,,,,,,Female,Main,"National Institute of Health Sciences, Japan",Adrenal Gland,RDT,Research Institute for Animal Science in Biochemistry & Toxicology,Histopathological findings,1000,mg/kg bdwt/d,Administered dose(mass),30,mg/kg bdwt/d,Administered dose(mass),0,d,Time,,,,,,,,,,,,,,,,,,,,,,,,,,,,,,,,,,,,,,,,,,,,,,,,,,,,,,,,,,,,,,,28,d,Time,,,1000,,mg/kg bdwt/d,Administered dose(mass),,,1000,,mg/kg/d,Administered dose(mass),,
78-42-2,"Phosphoric acid, tris(2-ethylhexyl) ester;tris (2-ethylhexyl) phosphate;Tris(2-ethylhexyl) phosphate;tris(2-ethylhexyl)ester phosphoric acid;tris(2-ethylhexyl)ester_phosphoric_acid;tris(2-ethylhexyl)phosphate;Tris(2-ethylhexyl)phosphate (TEHP)",,,,,,,,,,,,,,,,,,,,,,,,,,,,,,,,,,,,,,,,,,,,,,,,,,,,,,,,,,,,,,,,,,,,,,,,,,,,,,,,,,,,,,,,,,,,,,,,,,,,,,,,,,,,,,,,,,,,,,,,,,,,,,,,Human Health Hazards#Repeated Dose Toxicity,Repeated Dose Toxicity HESS,1993,,NOEL,OECD TG 407,False,No qualifier,Equal,,,,,,,,,,,Rat,,,,,,,,,,,,,,,,,,,,,,,,,,,,,,,,,,,,,,Other Findings,,,,,,,,,,,,,,,,,,,,,,,,,,,,,,,,99.7,None,,,,,,,,,,,,,,,,,,,,,,,,,,,,,,,,,,,,,,,,,,,,,,,,,,,,,,,,,,,,,,,,SD,Oral (Gavage),,,,,,,,,,,,,,,,,,,,,,Female,Main,"National Institute of Health Sciences, Japan",Adrenal Gland,RDT,Research Institute for Animal Science in Biochemistry & Toxicology,Necropsy,1000,mg/kg bdwt/d,Administered dose(mass),30,mg/kg bdwt/d,Administered dose(mass),0,d,Time,,,,,,,,,,,,,,,,,,,,,,,,,,,,,,,,,,,,,,,,,,,,,,,,,,,,,,,,,,,,,,,28,d,Time,,,1000,,mg/kg bdwt/d,Administered dose(mass),,,1000,,mg/kg/d,Administered dose(mass),,
78-42-2,"Phosphoric acid, tris(2-ethylhexyl) ester;tris (2-ethylhexyl) phosphate;Tris(2-ethylhexyl) phosphate;tris(2-ethylhexyl)ester phosphoric acid;tris(2-ethylhexyl)ester_phosphoric_acid;tris(2-ethylhexyl)phosphate;Tris(2-ethylhexyl)phosphate (TEHP)",,,,,,,,,,,,,,,,,,,,,,,,,,,,,,,,,,,,,,,,,,,,,,,,,,,,,,,,,,,,,,,,,,,,,,,,,,,,,,,,,,,,,,,,,,,,,,,,,,,,,,,,,,,,,,,,,,,,,,,,,,,,,,,,Human Health Hazards#Repeated Dose Toxicity,Repeated Dose Toxicity HESS,1993,,NOEL,OECD TG 407,False,No qualifier,Equal,,,,,,,,,,,Rat,,,,,,,,,,,,,,,,,,,,,,,,,,,,,,,,,,,,,,Other Findings,,,,,,,,,,,,,,,,,,,,,,,,,,,,,,,,99.7,None,,,,,,,,,,,,,,,,,,,,,,,,,,,,,,,,,,,,,,,,,,,,,,,,,,,,,,,,,,,,,,,,SD,Oral (Gavage),,,,,,,,,,,,,,,,Zona reticularis,,,,,,Male,Main,"National Institute of Health Sciences, Japan",Adrenal Gland,RDT,Research Institute for Animal Science in Biochemistry & Toxicology,Histopathological findings,1000,mg/kg bdwt/d,Administered dose(mass),30,mg/kg bdwt/d,Administered dose(mass),0,d,Time,,,,,,,,,,,,,,,,,,,,,,,,,,,,,,,,,,,,,,,,,,,,,,,,,,,,,,,,,,,,,,,28,d,Time,,,1000,,mg/kg bdwt/d,Administered dose(mass),,,1000,,mg/kg/d,Administered dose(mass),,
78-42-2,"Phosphoric acid, tris(2-ethylhexyl) ester;tris (2-ethylhexyl) phosphate;Tris(2-ethylhexyl) phosphate;tris(2-ethylhexyl)ester phosphoric acid;tris(2-ethylhexyl)ester_phosphoric_acid;tris(2-ethylhexyl)phosphate;Tris(2-ethylhexyl)phosphate (TEHP)",,,,,,,,,,,,,,,,,,,,,,,,,,,,,,,,,,,,,,,,,,,,,,,,,,,,,,,,,,,,,,,,,,,,,,,,,,,,,,,,,,,,,,,,,,,,,,,,,,,,,,,,,,,,,,,,,,,,,,,,,,,,,,,,Human Health Hazards#Repeated Dose Toxicity,Repeated Dose Toxicity HESS,1993,,NOEL,OECD TG 407,False,No qualifier,Equal,,,,,,,,,,,Rat,,,,,,,,,,,,,,,,,,,,,,,,,,,,,,,,,,,,,,Other Findings,,,,,,,,,,,,,,,,,,,,,,,,,,,,,,,,99.7,None,,,,,,,,,,,,,,,,,,,,,,,,,,,,,,,,,,,,,,,,,,,,,,,,,,,,,,,,,,,,,,,,SD,Oral (Gavage),,,,,,,,,,,,,,,,Zona fasciculata,,,,,,Male,Main,"National Institute of Health Sciences, Japan",Adrenal Gland,RDT,Research Institute for Animal Science in Biochemistry & Toxicology,Histopathological findings,1000,mg/kg bdwt/d,Administered dose(mass),30,mg/kg bdwt/d,Administered dose(mass),0,d,Time,,,,,,,,,,,,,,,,,,,,,,,,,,,,,,,,,,,,,,,,,,,,,,,,,,,,,,,,,,,,,,,28,d,Time,,,1000,,mg/kg bdwt/d,Administered dose(mass),,,1000,,mg/kg/d,Administered dose(mass),,
78-42-2,"Phosphoric acid, tris(2-ethylhexyl) ester;tris (2-ethylhexyl) phosphate;Tris(2-ethylhexyl) phosphate;tris(2-ethylhexyl)ester phosphoric acid;tris(2-ethylhexyl)ester_phosphoric_acid;tris(2-ethylhexyl)phosphate;Tris(2-ethylhexyl)phosphate (TEHP)",,,,,,,,,,,,,,,,,,,,,,,,,,,,,,,,,,,,,,,,,,,,,,,,,,,,,,,,,,,,,,,,,,,,,,,,,,,,,,,,,,,,,,,,,,,,,,,,,,,,,,,,,,,,,,,,,,,,,,,,,,,,,,,,Human Health Hazards#Repeated Dose Toxicity,Repeated Dose Toxicity HESS,1993,,NOEL,OECD TG 407,False,No qualifier,Equal,,,,,,,,,,,Rat,,,,,,,,,,,,,,,,,,,,,,,,,,,,,,,,,,,,,,Other Findings,,,,,,,,,,,,,,,,,,,,,,,,,,,,,,,,99.7,None,,,,,,,,,,,,,,,,,,,,,,,,,,,,,,,,,,,,,,,,,,,,,,,,,,,,,,,,,,,,,,,,SD,Oral (Gavage),,,,,,,,,,,,,,,,Zona glomerulosa,,,,,,Male,Main,"National Institute of Health Sciences, Japan",Adrenal Gland,RDT,Research Institute for Animal Science in Biochemistry & Toxicology,Histopathological findings,1000,mg/kg bdwt/d,Administered dose(mass),30,mg/kg bdwt/d,Administered dose(mass),0,d,Time,,,,,,,,,,,,,,,,,,,,,,,,,,,,,,,,,,,,,,,,,,,,,,,,,,,,,,,,,,,,,,,28,d,Time,,,1000,,mg/kg bdwt/d,Administered dose(mass),,,1000,,mg/kg/d,Administered dose(mass),,
78-42-2,"Phosphoric acid, tris(2-ethylhexyl) ester;tris (2-ethylhexyl) phosphate;Tris(2-ethylhexyl) phosphate;tris(2-ethylhexyl)ester phosphoric acid;tris(2-ethylhexyl)ester_phosphoric_acid;tris(2-ethylhexyl)phosphate;Tris(2-ethylhexyl)phosphate (TEHP)",,,,,,,,,,,,,,,,,,,,,,,,,,,,,,,,,,,,,,,,,,,,,,,,,,,,,,,,,,,,,,,,,,,,,,,,,,,,,,,,,,,,,,,,,,,,,,,,,,,,,,,,,,,,,,,,,,,,,,,,,,,,,,,,Human Health Hazards#Repeated Dose Toxicity,Repeated Dose Toxicity HESS,1993,,NOEL,OECD TG 407,False,No qualifier,Equal,,,,,,,,,,,Rat,,,,,,,,,,,,,,,,,,,,,,,,,,,,,,,,,,,,,,Other Findings,,,,,,,,,,,,,,,,,,,,,,,,,,,,,,,,99.7,None,,,,,,,,,,,,,,,,,,,,,,,,,,,,,,,,,,,,,,,,,,,,,,,,,,,,,,,,,,,,,,,,SD,Oral (Gavage),,,,,,,,,,,,,,,,,,,,,,Male,Main,"National Institute of Health Sciences, Japan",Adrenal Gland,RDT,Research Institute for Animal Science in Biochemistry & Toxicology,Necropsy,1000,mg/kg bdwt/d,Administered dose(mass),30,mg/kg bdwt/d,Administered dose(mass),0,d,Time,,,,,,,,,,,,,,,,,,,,,,,,,,,,,,,,,,,,,,,,,,,,,,,,,,,,,,,,,,,,,,,28,d,Time,,,1000,,mg/kg bdwt/d,Administered dose(mass),,,1000,,mg/kg/d,Administered dose(mass),,
78-42-2,"Phosphoric acid, tris(2-ethylhexyl) ester;tris (2-ethylhexyl) phosphate;Tris(2-ethylhexyl) phosphate;tris(2-ethylhexyl)ester phosphoric acid;tris(2-ethylhexyl)ester_phosphoric_acid;tris(2-ethylhexyl)phosphate;Tris(2-ethylhexyl)phosphate (TEHP)",,,,,,,,,,,,,,,,,,,,,,,,,,,,,,,,,,,,,,,,,,,,,,,,,,,,,,,,,,,,,,,,,,,,,,,,,,,,,,,,,,,,,,,,,,,,,,,,,,,,,,,,,,,,,,,,,,,,,,,,,,,,,,,,Human Health Hazards#Repeated Dose Toxicity,Repeated Dose Toxicity HESS,1993,,NOEL,OECD TG 407,False,No qualifier,Equal,,,,,,,,,,,Rat,,,,,,,,,,,,,,,,,,,,,,,,,,,,,,,,,,,,,,Relative Organ Weight↑,,,,,,,,,,,,,,,,,,,,,,,,,,,,,,,,99.7,None,,,,,,,,,,,,,,,,,,,,,,,,,,,,,,,,,,,,,,,,,,,,,,,,,,,,,,,,,,,,,,,,SD,Oral (Gavage),,,,,,,,,,,,,,,,,,,,,,Female,Main,"National Institute of Health Sciences, Japan",Adrenal Gland,RDT,Research Institute for Animal Science in Biochemistry & Toxicology,Organ weights,1000,mg/kg bdwt/d,Administered dose(mass),30,mg/kg bdwt/d,Administered dose(mass),0,d,Time,,,,,,,,,,,,,,,,,,,,,,,,,,,,,,,,,,,,,,,,,,,,,,,,,,,,,,,,,,,,,,,28,d,Time,,,1000,,mg/kg bdwt/d,Administered dose(mass),,,1000,,mg/kg/d,Administered dose(mass),,
78-42-2,"Phosphoric acid, tris(2-ethylhexyl) ester;tris (2-ethylhexyl) phosphate;Tris(2-ethylhexyl) phosphate;tris(2-ethylhexyl)ester phosphoric acid;tris(2-ethylhexyl)ester_phosphoric_acid;tris(2-ethylhexyl)phosphate;Tris(2-ethylhexyl)phosphate (TEHP)",,,,,,,,,,,,,,,,,,,,,,,,,,,,,,,,,,,,,,,,,,,,,,,,,,,,,,,,,,,,,,,,,,,,,,,,,,,,,,,,,,,,,,,,,,,,,,,,,,,,,,,,,,,,,,,,,,,,,,,,,,,,,,,,Human Health Hazards#Repeated Dose Toxicity,Repeated Dose Toxicity HESS,1993,,NOEL,OECD TG 407,False,No qualifier,Equal,,,,,,,,,,,Rat,,,,,,,,,,,,,,,,,,,,,,,,,,,,,,,,,,,,,,Relative Organ Weight↑,,,,,,,,,,,,,,,,,,,,,,,,,,,,,,,,99.7,None,,,,,,,,,,,,,,,,,,,,,,,,,,,,,,,,,,,,,,,,,,,,,,,,,,,,,,,,,,,,,,,,SD,Oral (Gavage),,,,,,,,,,,,,,,,,,,,,,Male,Main,"National Institute of Health Sciences, Japan",Adrenal Gland,RDT,Research Institute for Animal Science in Biochemistry & Toxicology,Organ weights,1000,mg/kg bdwt/d,Administered dose(mass),30,mg/kg bdwt/d,Administered dose(mass),0,d,Time,,,,,,,,,,,,,,,,,,,,,,,,,,,,,,,,,,,,,,,,,,,,,,,,,,,,,,,,,,,,,,,28,d,Time,,,1000,,mg/kg bdwt/d,Administered dose(mass),,,1000,,mg/kg/d,Administered dose(mass),,
78-42-2,"Phosphoric acid, tris(2-ethylhexyl) ester;tris (2-ethylhexyl) phosphate;Tris(2-ethylhexyl) phosphate;tris(2-ethylhexyl)ester phosphoric acid;tris(2-ethylhexyl)ester_phosphoric_acid;tris(2-ethylhexyl)phosphate;Tris(2-ethylhexyl)phosphate (TEHP)",,,,,,,,,,,,,,,,,,,,,,,,,,,,,,,,,,,,,,,,,,,,,,,,,,,,,,,,,,,,,,,,,,,,,,,,,,,,,,,,,,,,,,,,,,,,,,,,,,,,,,,,,,,,,,,,,,,,,,,,,,,,,,,,Human Health Hazards#Repeated Dose Toxicity,Repeated Dose Toxicity HESS,1993,,NOEL,OECD TG 407,False,No qualifier,Equal,,,,,,,,,,,Rat,,,,,,,,,,,,,,,,,,,,,,,,,,,,,,,,,,,,,,Relative Organ Weight↓,,,,,,,,,,,,,,,,,,,,,,,,,,,,,,,,99.7,None,,,,,,,,,,,,,,,,,,,,,,,,,,,,,,,,,,,,,,,,,,,,,,,,,,,,,,,,,,,,,,,,SD,Oral (Gavage),,,,,,,,,,,,,,,,,,,,,,Female,Main,"National Institute of Health Sciences, Japan",Adrenal Gland,RDT,Research Institute for Animal Science in Biochemistry & Toxicology,Organ weights,1000,mg/kg bdwt/d,Administered dose(mass),30,mg/kg bdwt/d,Administered dose(mass),0,d,Time,,,,,,,,,,,,,,,,,,,,,,,,,,,,,,,,,,,,,,,,,,,,,,,,,,,,,,,,,,,,,,,28,d,Time,,,1000,,mg/kg bdwt/d,Administered dose(mass),,,1000,,mg/kg/d,Administered dose(mass),,
78-42-2,"Phosphoric acid, tris(2-ethylhexyl) ester;tris (2-ethylhexyl) phosphate;Tris(2-ethylhexyl) phosphate;tris(2-ethylhexyl)ester phosphoric acid;tris(2-ethylhexyl)ester_phosphoric_acid;tris(2-ethylhexyl)phosphate;Tris(2-ethylhexyl)phosphate (TEHP)",,,,,,,,,,,,,,,,,,,,,,,,,,,,,,,,,,,,,,,,,,,,,,,,,,,,,,,,,,,,,,,,,,,,,,,,,,,,,,,,,,,,,,,,,,,,,,,,,,,,,,,,,,,,,,,,,,,,,,,,,,,,,,,,Human Health Hazards#Repeated Dose Toxicity,Repeated Dose Toxicity HESS,1993,,NOEL,OECD TG 407,False,No qualifier,Equal,,,,,,,,,,,Rat,,,,,,,,,,,,,,,,,,,,,,,,,,,,,,,,,,,,,,Relative Organ Weight↓,,,,,,,,,,,,,,,,,,,,,,,,,,,,,,,,99.7,None,,,,,,,,,,,,,,,,,,,,,,,,,,,,,,,,,,,,,,,,,,,,,,,,,,,,,,,,,,,,,,,,SD,Oral (Gavage),,,,,,,,,,,,,,,,,,,,,,Male,Main,"National Institute of Health Sciences, Japan",Adrenal Gland,RDT,Research Institute for Animal Science in Biochemistry & Toxicology,Organ weights,1000,mg/kg bdwt/d,Administered dose(mass),30,mg/kg bdwt/d,Administered dose(mass),0,d,Time,,,,,,,,,,,,,,,,,,,,,,,,,,,,,,,,,,,,,,,,,,,,,,,,,,,,,,,,,,,,,,,28,d,Time,,,1000,,mg/kg bdwt/d,Administered dose(mass),,,1000,,mg/kg/d,Administered dose(mass),,
78-42-2,"Phosphoric acid, tris(2-ethylhexyl) ester;tris (2-ethylhexyl) phosphate;Tris(2-ethylhexyl) phosphate;tris(2-ethylhexyl)ester phosphoric acid;tris(2-ethylhexyl)ester_phosphoric_acid;tris(2-ethylhexyl)phosphate;Tris(2-ethylhexyl)phosphate (TEHP)",,,,,,,,,,,,,,,,,,,,,,,,,,,,,,,,,,,,,,,,,,,,,,,,,,,,,,,,,,,,,,,,,,,,,,,,,,,,,,,,,,,,,,,,,,,,,,,,,,,,,,,,,,,,,,,,,,,,,,,,,,,,,,,,Human Health Hazards#Repeated Dose Toxicity,Repeated Dose Toxicity HESS,1993,,NOEL,OECD TG 407,False,No qualifier,Equal,,,,,,,,,,,Rat,,,,,,,,,,,,,,,,,,,,,,,,,,,,,,,,,,,,,,,,,,,,,,,,,,,,,,,,,,,,,,,,,,,,,,99.7,None,,,,,,,,,,,,,,,,,,,,,,,,,,,,,,,,,,,,,,,,,,,,,,,,,,,,,,,,,,,,,,,,SD,Oral (Gavage),,,,,,,,,,,,,,,,,,,,,,Female,Main,"National Institute of Health Sciences, Japan",Adrenal Gland,RDT,Research Institute for Animal Science in Biochemistry & Toxicology,Histopathological findings,1000,mg/kg bdwt/d,Administered dose(mass),30,mg/kg bdwt/d,Administered dose(mass),0,d,Time,,,,,,,,,,,,,,,,,,,,,,,,,,,,,,,,,,,,,,,,,,,,,,,,,,,,,,,,,,,,,,,28,d,Time,,,1000,,mg/kg bdwt/d,Administered dose(mass),,,1000,,mg/kg/d,Administered dose(mass),,
78-42-2,"Phosphoric acid, tris(2-ethylhexyl) ester;tris (2-ethylhexyl) phosphate;Tris(2-ethylhexyl) phosphate;tris(2-ethylhexyl)ester phosphoric acid;tris(2-ethylhexyl)ester_phosphoric_acid;tris(2-ethylhexyl)phosphate;Tris(2-ethylhexyl)phosphate (TEHP)",,,,,,,,,,,,,,,,,,,,,,,,,,,,,,,,,,,,,,,,,,,,,,,,,,,,,,,,,,,,,,,,,,,,,,,,,,,,,,,,,,,,,,,,,,,,,,,,,,,,,,,,,,,,,,,,,,,,,,,,,,,,,,,,Human Health Hazards#Repeated Dose Toxicity,Repeated Dose Toxicity HESS,1993,,NOEL,OECD TG 407,False,No qualifier,Equal,,,,,,,,,,,Rat,,,,,,,,,,,,,,,,,,,,,,,,,,,,,,,,,,,,,,,,,,,,,,,,,,,,,,,,,,,,,,,,,,,,,,99.7,None,,,,,,,,,,,,,,,,,,,,,,,,,,,,,,,,,,,,,,,,,,,,,,,,,,,,,,,,,,,,,,,,SD,Oral (Gavage),,,,,,,,,,,,,,,,,,,,,,Male,Main,"National Institute of Health Sciences, Japan",Adrenal Gland,RDT,Research Institute for Animal Science in Biochemistry & Toxicology,Histopathological findings,1000,mg/kg bdwt/d,Administered dose(mass),30,mg/kg bdwt/d,Administered dose(mass),0,d,Time,,,,,,,,,,,,,,,,,,,,,,,,,,,,,,,,,,,,,,,,,,,,,,,,,,,,,,,,,,,,,,,28,d,Time,,,1000,,mg/kg bdwt/d,Administered dose(mass),,,1000,,mg/kg/d,Administered dose(mass),,
78-42-2,"Phosphoric acid, tris(2-ethylhexyl) ester;tris (2-ethylhexyl) phosphate;Tris(2-ethylhexyl) phosphate;tris(2-ethylhexyl)ester phosphoric acid;tris(2-ethylhexyl)ester_phosphoric_acid;tris(2-ethylhexyl)phosphate;Tris(2-ethylhexyl)phosphate (TEHP)",,,,,,,,,,,,,,,,,,,,,,,,,,,,,,,,,,,,,,,,,,,,,,,,,,,,,,,,,,,,,,,,,,,,,,,,,,,,,,,,,,,,,,,,,,,,,,,,,,,,,,,,,,,,,,,,,,,,,,,,,,,,,,,,Human Health Hazards#Repeated Dose Toxicity,Repeated Dose Toxicity HESS,1993,,NOEL,OECD TG 407,False,No qualifier,Equal,,,,,,,,,,,Rat,,,,,,,,,,,,,,,,,,,,,,,,,,,,,,,,,,,,,,Vacuolization,,,,,,,,,,,,,,,,,,,,,,,,,,,,,,,,99.7,None,,,,,,,,,,,,,,,,,,,,,,,,,,,,,,,,,,,,,,,,,,,,,,,,,,,,,,,,,,,,,,,,SD,Oral (Gavage),,,,,,,,,,,,,,,,Zona reticularis,,,,,,Female,Main,"National Institute of Health Sciences, Japan",Adrenal Gland,RDT,Research Institute for Animal Science in Biochemistry & Toxicology,Histopathological findings,1000,mg/kg bdwt/d,Administered dose(mass),30,mg/kg bdwt/d,Administered dose(mass),0,d,Time,,,,,,,,,,,,,,,,,,,,,,,,,,,,,,,,,,,,,,,,,,,,,,,,,,,,,,,,,,,,,,,28,d,Time,,,1000,,mg/kg bdwt/d,Administered dose(mass),,,1000,,mg/kg/d,Administered dose(mass),,
78-42-2,"Phosphoric acid, tris(2-ethylhexyl) ester;tris (2-ethylhexyl) phosphate;Tris(2-ethylhexyl) phosphate;tris(2-ethylhexyl)ester phosphoric acid;tris(2-ethylhexyl)ester_phosphoric_acid;tris(2-ethylhexyl)phosphate;Tris(2-ethylhexyl)phosphate (TEHP)",,,,,,,,,,,,,,,,,,,,,,,,,,,,,,,,,,,,,,,,,,,,,,,,,,,,,,,,,,,,,,,,,,,,,,,,,,,,,,,,,,,,,,,,,,,,,,,,,,,,,,,,,,,,,,,,,,,,,,,,,,,,,,,,Human Health Hazards#Repeated Dose Toxicity,Repeated Dose Toxicity HESS,1993,,NOEL,OECD TG 407,False,No qualifier,Equal,,,,,,,,,,,Rat,,,,,,,,,,,,,,,,,,,,,,,,,,,,,,,,,,,,,,Vacuolization,,,,,,,,,,,,,,,,,,,,,,,,,,,,,,,,99.7,None,,,,,,,,,,,,,,,,,,,,,,,,,,,,,,,,,,,,,,,,,,,,,,,,,,,,,,,,,,,,,,,,SD,Oral (Gavage),,,,,,,,,,,,,,,,Zona fasciculata,,,,,,Female,Main,"National Institute of Health Sciences, Japan",Adrenal Gland,RDT,Research Institute for Animal Science in Biochemistry & Toxicology,Histopathological findings,1000,mg/kg bdwt/d,Administered dose(mass),30,mg/kg bdwt/d,Administered dose(mass),0,d,Time,,,,,,,,,,,,,,,,,,,,,,,,,,,,,,,,,,,,,,,,,,,,,,,,,,,,,,,,,,,,,,,28,d,Time,,,1000,,mg/kg bdwt/d,Administered dose(mass),,,1000,,mg/kg/d,Administered dose(mass),,
78-42-2,"Phosphoric acid, tris(2-ethylhexyl) ester;tris (2-ethylhexyl) phosphate;Tris(2-ethylhexyl) phosphate;tris(2-ethylhexyl)ester phosphoric acid;tris(2-ethylhexyl)ester_phosphoric_acid;tris(2-ethylhexyl)phosphate;Tris(2-ethylhexyl)phosphate (TEHP)",,,,,,,,,,,,,,,,,,,,,,,,,,,,,,,,,,,,,,,,,,,,,,,,,,,,,,,,,,,,,,,,,,,,,,,,,,,,,,,,,,,,,,,,,,,,,,,,,,,,,,,,,,,,,,,,,,,,,,,,,,,,,,,,Human Health Hazards#Repeated Dose Toxicity,Repeated Dose Toxicity HESS,1993,,NOEL,OECD TG 407,False,No qualifier,Equal,,,,,,,,,,,Rat,,,,,,,,,,,,,,,,,,,,,,,,,,,,,,,,,,,,,,Vacuolization,,,,,,,,,,,,,,,,,,,,,,,,,,,,,,,,99.7,None,,,,,,,,,,,,,,,,,,,,,,,,,,,,,,,,,,,,,,,,,,,,,,,,,,,,,,,,,,,,,,,,SD,Oral (Gavage),,,,,,,,,,,,,,,,Zona glomerulosa,,,,,,Female,Main,"National Institute of Health Sciences, Japan",Adrenal Gland,RDT,Research Institute for Animal Science in Biochemistry & Toxicology,Histopathological findings,1000,mg/kg bdwt/d,Administered dose(mass),30,mg/kg bdwt/d,Administered dose(mass),0,d,Time,,,,,,,,,,,,,,,,,,,,,,,,,,,,,,,,,,,,,,,,,,,,,,,,,,,,,,,,,,,,,,,28,d,Time,,,1000,,mg/kg bdwt/d,Administered dose(mass),,,1000,,mg/kg/d,Administered dose(mass),,
78-42-2,"Phosphoric acid, tris(2-ethylhexyl) ester;tris (2-ethylhexyl) phosphate;Tris(2-ethylhexyl) phosphate;tris(2-ethylhexyl)ester phosphoric acid;tris(2-ethylhexyl)ester_phosphoric_acid;tris(2-ethylhexyl)phosphate;Tris(2-ethylhexyl)phosphate (TEHP)",,,,,,,,,,,,,,,,,,,,,,,,,,,,,,,,,,,,,,,,,,,,,,,,,,,,,,,,,,,,,,,,,,,,,,,,,,,,,,,,,,,,,,,,,,,,,,,,,,,,,,,,,,,,,,,,,,,,,,,,,,,,,,,,Human Health Hazards#Repeated Dose Toxicity,Repeated Dose Toxicity HESS,1993,,NOEL,OECD TG 407,False,No qualifier,Equal,,,,,,,,,,,Rat,,,,,,,,,,,,,,,,,,,,,,,,,,,,,,,,,,,,,,Vacuolization,,,,,,,,,,,,,,,,,,,,,,,,,,,,,,,,99.7,None,,,,,,,,,,,,,,,,,,,,,,,,,,,,,,,,,,,,,,,,,,,,,,,,,,,,,,,,,,,,,,,,SD,Oral (Gavage),,,,,,,,,,,,,,,,Zona reticularis,,,,,,Male,Main,"National Institute of Health Sciences, Japan",Adrenal Gland,RDT,Research Institute for Animal Science in Biochemistry & Toxicology,Histopathological findings,1000,mg/kg bdwt/d,Administered dose(mass),30,mg/kg bdwt/d,Administered dose(mass),0,d,Time,,,,,,,,,,,,,,,,,,,,,,,,,,,,,,,,,,,,,,,,,,,,,,,,,,,,,,,,,,,,,,,28,d,Time,,,1000,,mg/kg bdwt/d,Administered dose(mass),,,1000,,mg/kg/d,Administered dose(mass),,
78-42-2,"Phosphoric acid, tris(2-ethylhexyl) ester;tris (2-ethylhexyl) phosphate;Tris(2-ethylhexyl) phosphate;tris(2-ethylhexyl)ester phosphoric acid;tris(2-ethylhexyl)ester_phosphoric_acid;tris(2-ethylhexyl)phosphate;Tris(2-ethylhexyl)phosphate (TEHP)",,,,,,,,,,,,,,,,,,,,,,,,,,,,,,,,,,,,,,,,,,,,,,,,,,,,,,,,,,,,,,,,,,,,,,,,,,,,,,,,,,,,,,,,,,,,,,,,,,,,,,,,,,,,,,,,,,,,,,,,,,,,,,,,Human Health Hazards#Repeated Dose Toxicity,Repeated Dose Toxicity HESS,1993,,NOEL,OECD TG 407,False,No qualifier,Equal,,,,,,,,,,,Rat,,,,,,,,,,,,,,,,,,,,,,,,,,,,,,,,,,,,,,Vacuolization,,,,,,,,,,,,,,,,,,,,,,,,,,,,,,,,99.7,None,,,,,,,,,,,,,,,,,,,,,,,,,,,,,,,,,,,,,,,,,,,,,,,,,,,,,,,,,,,,,,,,SD,Oral (Gavage),,,,,,,,,,,,,,,,Zona fasciculata,,,,,,Male,Main,"National Institute of Health Sciences, Japan",Adrenal Gland,RDT,Research Institute for Animal Science in Biochemistry & Toxicology,Histopathological findings,1000,mg/kg bdwt/d,Administered dose(mass),30,mg/kg bdwt/d,Administered dose(mass),0,d,Time,,,,,,,,,,,,,,,,,,,,,,,,,,,,,,,,,,,,,,,,,,,,,,,,,,,,,,,,,,,,,,,28,d,Time,,,1000,,mg/kg bdwt/d,Administered dose(mass),,,1000,,mg/kg/d,Administered dose(mass),,
78-42-2,"Phosphoric acid, tris(2-ethylhexyl) ester;tris (2-ethylhexyl) phosphate;Tris(2-ethylhexyl) phosphate;tris(2-ethylhexyl)ester phosphoric acid;tris(2-ethylhexyl)ester_phosphoric_acid;tris(2-ethylhexyl)phosphate;Tris(2-ethylhexyl)phosphate (TEHP)",,,,,,,,,,,,,,,,,,,,,,,,,,,,,,,,,,,,,,,,,,,,,,,,,,,,,,,,,,,,,,,,,,,,,,,,,,,,,,,,,,,,,,,,,,,,,,,,,,,,,,,,,,,,,,,,,,,,,,,,,,,,,,,,Human Health Hazards#Repeated Dose Toxicity,Repeated Dose Toxicity HESS,1993,,NOEL,OECD TG 407,False,No qualifier,Equal,,,,,,,,,,,Rat,,,,,,,,,,,,,,,,,,,,,,,,,,,,,,,,,,,,,,Vacuolization,,,,,,,,,,,,,,,,,,,,,,,,,,,,,,,,99.7,None,,,,,,,,,,,,,,,,,,,,,,,,,,,,,,,,,,,,,,,,,,,,,,,,,,,,,,,,,,,,,,,,SD,Oral (Gavage),,,,,,,,,,,,,,,,Zona glomerulosa,,,,,,Male,Main,"National Institute of Health Sciences, Japan",Adrenal Gland,RDT,Research Institute for Animal Science in Biochemistry & Toxicology,Histopathological findings,1000,mg/kg bdwt/d,Administered dose(mass),30,mg/kg bdwt/d,Administered dose(mass),0,d,Time,,,,,,,,,,,,,,,,,,,,,,,,,,,,,,,,,,,,,,,,,,,,,,,,,,,,,,,,,,,,,,,28,d,Time,,,1000,,mg/kg bdwt/d,Administered dose(mass),,,1000,,mg/kg/d,Administered dose(mass),,
78-42-2,"Phosphoric acid, tris(2-ethylhexyl) ester;tris (2-ethylhexyl) phosphate;Tris(2-ethylhexyl) phosphate;tris(2-ethylhexyl)ester phosphoric acid;tris(2-ethylhexyl)ester_phosphoric_acid;tris(2-ethylhexyl)phosphate;Tris(2-ethylhexyl)phosphate (TEHP)",,,,,,,,,,,,,,,,,,,,,,,,,,,,,,,,,,,,,,,,,,,,,,,,,,,,,,,,,,,,,,,,,,,,,,,,,,,,,,,,,,,,,,,,,,,,,,,,,,,,,,,,,,,,,,,,,,,,,,,,,,,,,,,,Human Health Hazards#Repeated Dose Toxicity,Repeated Dose Toxicity HESS,1993,,NOEL,OECD TG 407,False,No qualifier,Equal,,,,,,,,,,,Rat,,,,,,,,,,,,,,,,,,,,,,,,,,,,,,,,,,,,,,APTT↑,,,,,,,,,,,,,,,,,,,,,,,,,,,,,,,,99.7,None,,,,,,,,,,,,,,,,,,,,,,,,,,,,,,,,,,,,,,,,,,,,,,,,,,,,,,,,,,,,,,,,SD,Oral (Gavage),,,,,,,,,,,,,,,,,,,,,,Female,Main,"National Institute of Health Sciences, Japan",Blood cell (Coagulation),RDT,Research Institute for Animal Science in Biochemistry & Toxicology,Hematological examination,1000,mg/kg bdwt/d,Administered dose(mass),30,mg/kg bdwt/d,Administered dose(mass),0,d,Time,,,,,,,,,,,,,,,,,,,,,,,,,,,,,,,,,,,,,,,,,,,,,,,,,,,,,,,,,,,,,,,28,d,Time,,,1000,,mg/kg bdwt/d,Administered dose(mass),,,1000,,mg/kg/d,Administered dose(mass),,
78-42-2,"Phosphoric acid, tris(2-ethylhexyl) ester;tris (2-ethylhexyl) phosphate;Tris(2-ethylhexyl) phosphate;tris(2-ethylhexyl)ester phosphoric acid;tris(2-ethylhexyl)ester_phosphoric_acid;tris(2-ethylhexyl)phosphate;Tris(2-ethylhexyl)phosphate (TEHP)",,,,,,,,,,,,,,,,,,,,,,,,,,,,,,,,,,,,,,,,,,,,,,,,,,,,,,,,,,,,,,,,,,,,,,,,,,,,,,,,,,,,,,,,,,,,,,,,,,,,,,,,,,,,,,,,,,,,,,,,,,,,,,,,Human Health Hazards#Repeated Dose Toxicity,Repeated Dose Toxicity HESS,1993,,NOEL,OECD TG 407,False,No qualifier,Equal,,,,,,,,,,,Rat,,,,,,,,,,,,,,,,,,,,,,,,,,,,,,,,,,,,,,APTT↑,,,,,,,,,,,,,,,,,,,,,,,,,,,,,,,,99.7,None,,,,,,,,,,,,,,,,,,,,,,,,,,,,,,,,,,,,,,,,,,,,,,,,,,,,,,,,,,,,,,,,SD,Oral (Gavage),,,,,,,,,,,,,,,,,,,,,,Male,Main,"National Institute of Health Sciences, Japan",Blood cell (Coagulation),RDT,Research Institute for Animal Science in Biochemistry & Toxicology,Hematological examination,1000,mg/kg bdwt/d,Administered dose(mass),30,mg/kg bdwt/d,Administered dose(mass),0,d,Time,,,,,,,,,,,,,,,,,,,,,,,,,,,,,,,,,,,,,,,,,,,,,,,,,,,,,,,,,,,,,,,28,d,Time,,,300,,mg/kg bdwt/d,Administered dose(mass),,,300,,mg/kg/d,Administered dose(mass),,
78-42-2,"Phosphoric acid, tris(2-ethylhexyl) ester;tris (2-ethylhexyl) phosphate;Tris(2-ethylhexyl) phosphate;tris(2-ethylhexyl)ester phosphoric acid;tris(2-ethylhexyl)ester_phosphoric_acid;tris(2-ethylhexyl)phosphate;Tris(2-ethylhexyl)phosphate (TEHP)",,,,,,,,,,,,,,,,,,,,,,,,,,,,,,,,,,,,,,,,,,,,,,,,,,,,,,,,,,,,,,,,,,,,,,,,,,,,,,,,,,,,,,,,,,,,,,,,,,,,,,,,,,,,,,,,,,,,,,,,,,,,,,,,Human Health Hazards#Repeated Dose Toxicity,Repeated Dose Toxicity HESS,1993,,NOEL,OECD TG 407,False,No qualifier,Equal,,,,,,,,,,,Rat,,,,,,,,,,,,,,,,,,,,,,,,,,,,,,,,,,,,,,APTT↓,,,,,,,,,,,,,,,,,,,,,,,,,,,,,,,,99.7,None,,,,,,,,,,,,,,,,,,,,,,,,,,,,,,,,,,,,,,,,,,,,,,,,,,,,,,,,,,,,,,,,SD,Oral (Gavage),,,,,,,,,,,,,,,,,,,,,,Female,Main,"National Institute of Health Sciences, Japan",Blood cell (Coagulation),RDT,Research Institute for Animal Science in Biochemistry & Toxicology,Hematological examination,1000,mg/kg bdwt/d,Administered dose(mass),30,mg/kg bdwt/d,Administered dose(mass),0,d,Time,,,,,,,,,,,,,,,,,,,,,,,,,,,,,,,,,,,,,,,,,,,,,,,,,,,,,,,,,,,,,,,28,d,Time,,,1000,,mg/kg bdwt/d,Administered dose(mass),,,1000,,mg/kg/d,Administered dose(mass),,
78-42-2,"Phosphoric acid, tris(2-ethylhexyl) ester;tris (2-ethylhexyl) phosphate;Tris(2-ethylhexyl) phosphate;tris(2-ethylhexyl)ester phosphoric acid;tris(2-ethylhexyl)ester_phosphoric_acid;tris(2-ethylhexyl)phosphate;Tris(2-ethylhexyl)phosphate (TEHP)",,,,,,,,,,,,,,,,,,,,,,,,,,,,,,,,,,,,,,,,,,,,,,,,,,,,,,,,,,,,,,,,,,,,,,,,,,,,,,,,,,,,,,,,,,,,,,,,,,,,,,,,,,,,,,,,,,,,,,,,,,,,,,,,Human Health Hazards#Repeated Dose Toxicity,Repeated Dose Toxicity HESS,1993,,NOEL,OECD TG 407,False,No qualifier,Equal,,,,,,,,,,,Rat,,,,,,,,,,,,,,,,,,,,,,,,,,,,,,,,,,,,,,APTT↓,,,,,,,,,,,,,,,,,,,,,,,,,,,,,,,,99.7,None,,,,,,,,,,,,,,,,,,,,,,,,,,,,,,,,,,,,,,,,,,,,,,,,,,,,,,,,,,,,,,,,SD,Oral (Gavage),,,,,,,,,,,,,,,,,,,,,,Male,Main,"National Institute of Health Sciences, Japan",Blood cell (Coagulation),RDT,Research Institute for Animal Science in Biochemistry & Toxicology,Hematological examination,1000,mg/kg bdwt/d,Administered dose(mass),30,mg/kg bdwt/d,Administered dose(mass),0,d,Time,,,,,,,,,,,,,,,,,,,,,,,,,,,,,,,,,,,,,,,,,,,,,,,,,,,,,,,,,,,,,,,28,d,Time,,,1000,,mg/kg bdwt/d,Administered dose(mass),,,1000,,mg/kg/d,Administered dose(mass),,
78-42-2,"Phosphoric acid, tris(2-ethylhexyl) ester;tris (2-ethylhexyl) phosphate;Tris(2-ethylhexyl) phosphate;tris(2-ethylhexyl)ester phosphoric acid;tris(2-ethylhexyl)ester_phosphoric_acid;tris(2-ethylhexyl)phosphate;Tris(2-ethylhexyl)phosphate (TEHP)",,,,,,,,,,,,,,,,,,,,,,,,,,,,,,,,,,,,,,,,,,,,,,,,,,,,,,,,,,,,,,,,,,,,,,,,,,,,,,,,,,,,,,,,,,,,,,,,,,,,,,,,,,,,,,,,,,,,,,,,,,,,,,,,Human Health Hazards#Repeated Dose Toxicity,Repeated Dose Toxicity HESS,1993,,NOEL,OECD TG 407,False,No qualifier,Equal,,,,,,,,,,,Rat,,,,,,,,,,,,,,,,,,,,,,,,,,,,,,,,,,,,,,PT↑,,,,,,,,,,,,,,,,,,,,,,,,,,,,,,,,99.7,None,,,,,,,,,,,,,,,,,,,,,,,,,,,,,,,,,,,,,,,,,,,,,,,,,,,,,,,,,,,,,,,,SD,Oral (Gavage),,,,,,,,,,,,,,,,,,,,,,Female,Main,"National Institute of Health Sciences, Japan",Blood cell (Coagulation),RDT,Research Institute for Animal Science in Biochemistry & Toxicology,Hematological examination,1000,mg/kg bdwt/d,Administered dose(mass),30,mg/kg bdwt/d,Administered dose(mass),0,d,Time,,,,,,,,,,,,,,,,,,,,,,,,,,,,,,,,,,,,,,,,,,,,,,,,,,,,,,,,,,,,,,,28,d,Time,,,1000,,mg/kg bdwt/d,Administered dose(mass),,,1000,,mg/kg/d,Administered dose(mass),,
78-42-2,"Phosphoric acid, tris(2-ethylhexyl) ester;tris (2-ethylhexyl) phosphate;Tris(2-ethylhexyl) phosphate;tris(2-ethylhexyl)ester phosphoric acid;tris(2-ethylhexyl)ester_phosphoric_acid;tris(2-ethylhexyl)phosphate;Tris(2-ethylhexyl)phosphate (TEHP)",,,,,,,,,,,,,,,,,,,,,,,,,,,,,,,,,,,,,,,,,,,,,,,,,,,,,,,,,,,,,,,,,,,,,,,,,,,,,,,,,,,,,,,,,,,,,,,,,,,,,,,,,,,,,,,,,,,,,,,,,,,,,,,,Human Health Hazards#Repeated Dose Toxicity,Repeated Dose Toxicity HESS,1993,,NOEL,OECD TG 407,False,No qualifier,Equal,,,,,,,,,,,Rat,,,,,,,,,,,,,,,,,,,,,,,,,,,,,,,,,,,,,,PT↑,,,,,,,,,,,,,,,,,,,,,,,,,,,,,,,,99.7,None,,,,,,,,,,,,,,,,,,,,,,,,,,,,,,,,,,,,,,,,,,,,,,,,,,,,,,,,,,,,,,,,SD,Oral (Gavage),,,,,,,,,,,,,,,,,,,,,,Male,Main,"National Institute of Health Sciences, Japan",Blood cell (Coagulation),RDT,Research Institute for Animal Science in Biochemistry & Toxicology,Hematological examination,1000,mg/kg bdwt/d,Administered dose(mass),30,mg/kg bdwt/d,Administered dose(mass),0,d,Time,,,,,,,,,,,,,,,,,,,,,,,,,,,,,,,,,,,,,,,,,,,,,,,,,,,,,,,,,,,,,,,28,d,Time,,,1000,,mg/kg bdwt/d,Administered dose(mass),,,1000,,mg/kg/d,Administered dose(mass),,
78-42-2,"Phosphoric acid, tris(2-ethylhexyl) ester;tris (2-ethylhexyl) phosphate;Tris(2-ethylhexyl) phosphate;tris(2-ethylhexyl)ester phosphoric acid;tris(2-ethylhexyl)ester_phosphoric_acid;tris(2-ethylhexyl)phosphate;Tris(2-ethylhexyl)phosphate (TEHP)",,,,,,,,,,,,,,,,,,,,,,,,,,,,,,,,,,,,,,,,,,,,,,,,,,,,,,,,,,,,,,,,,,,,,,,,,,,,,,,,,,,,,,,,,,,,,,,,,,,,,,,,,,,,,,,,,,,,,,,,,,,,,,,,Human Health Hazards#Repeated Dose Toxicity,Repeated Dose Toxicity HESS,1993,,NOEL,OECD TG 407,False,No qualifier,Equal,,,,,,,,,,,Rat,,,,,,,,,,,,,,,,,,,,,,,,,,,,,,,,,,,,,,PT↓,,,,,,,,,,,,,,,,,,,,,,,,,,,,,,,,99.7,None,,,,,,,,,,,,,,,,,,,,,,,,,,,,,,,,,,,,,,,,,,,,,,,,,,,,,,,,,,,,,,,,SD,Oral (Gavage),,,,,,,,,,,,,,,,,,,,,,Female,Main,"National Institute of Health Sciences, Japan",Blood cell (Coagulation),RDT,Research Institute for Animal Science in Biochemistry & Toxicology,Hematological examination,1000,mg/kg bdwt/d,Administered dose(mass),30,mg/kg bdwt/d,Administered dose(mass),0,d,Time,,,,,,,,,,,,,,,,,,,,,,,,,,,,,,,,,,,,,,,,,,,,,,,,,,,,,,,,,,,,,,,28,d,Time,,,1000,,mg/kg bdwt/d,Administered dose(mass),,,1000,,mg/kg/d,Administered dose(mass),,
78-42-2,"Phosphoric acid, tris(2-ethylhexyl) ester;tris (2-ethylhexyl) phosphate;Tris(2-ethylhexyl) phosphate;tris(2-ethylhexyl)ester phosphoric acid;tris(2-ethylhexyl)ester_phosphoric_acid;tris(2-ethylhexyl)phosphate;Tris(2-ethylhexyl)phosphate (TEHP)",,,,,,,,,,,,,,,,,,,,,,,,,,,,,,,,,,,,,,,,,,,,,,,,,,,,,,,,,,,,,,,,,,,,,,,,,,,,,,,,,,,,,,,,,,,,,,,,,,,,,,,,,,,,,,,,,,,,,,,,,,,,,,,,Human Health Hazards#Repeated Dose Toxicity,Repeated Dose Toxicity HESS,1993,,NOEL,OECD TG 407,False,No qualifier,Equal,,,,,,,,,,,Rat,,,,,,,,,,,,,,,,,,,,,,,,,,,,,,,,,,,,,,PT↓,,,,,,,,,,,,,,,,,,,,,,,,,,,,,,,,99.7,None,,,,,,,,,,,,,,,,,,,,,,,,,,,,,,,,,,,,,,,,,,,,,,,,,,,,,,,,,,,,,,,,SD,Oral (Gavage),,,,,,,,,,,,,,,,,,,,,,Male,Main,"National Institute of Health Sciences, Japan",Blood cell (Coagulation),RDT,Research Institute for Animal Science in Biochemistry & Toxicology,Hematological examination,1000,mg/kg bdwt/d,Administered dose(mass),30,mg/kg bdwt/d,Administered dose(mass),0,d,Time,,,,,,,,,,,,,,,,,,,,,,,,,,,,,,,,,,,,,,,,,,,,,,,,,,,,,,,,,,,,,,,28,d,Time,,,1000,,mg/kg bdwt/d,Administered dose(mass),,,1000,,mg/kg/d,Administered dose(mass),,
78-42-2,"Phosphoric acid, tris(2-ethylhexyl) ester;tris (2-ethylhexyl) phosphate;Tris(2-ethylhexyl) phosphate;tris(2-ethylhexyl)ester phosphoric acid;tris(2-ethylhexyl)ester_phosphoric_acid;tris(2-ethylhexyl)phosphate;Tris(2-ethylhexyl)phosphate (TEHP)",,,,,,,,,,,,,,,,,,,,,,,,,,,,,,,,,,,,,,,,,,,,,,,,,,,,,,,,,,,,,,,,,,,,,,,,,,,,,,,,,,,,,,,,,,,,,,,,,,,,,,,,,,,,,,,,,,,,,,,,,,,,,,,,Human Health Hazards#Repeated Dose Toxicity,Repeated Dose Toxicity HESS,1993,,NOEL,OECD TG 407,False,No qualifier,Equal,,,,,,,,,,,Rat,,,,,,,,,,,,,,,,,,,,,,,,,,,,,,,,,,,,,,HCT↑,,,,,,,,,,,,,,,,,,,,,,,,,,,,,,,,99.7,None,,,,,,,,,,,,,,,,,,,,,,,,,,,,,,,,,,,,,,,,,,,,,,,,,,,,,,,,,,,,,,,,SD,Oral (Gavage),,,,,,,,,,,,,,,,,,,,,,Female,Main,"National Institute of Health Sciences, Japan",Blood cell (Erythrocyte),RDT,Research Institute for Animal Science in Biochemistry & Toxicology,Hematological examination,1000,mg/kg bdwt/d,Administered dose(mass),30,mg/kg bdwt/d,Administered dose(mass),0,d,Time,,,,,,,,,,,,,,,,,,,,,,,,,,,,,,,,,,,,,,,,,,,,,,,,,,,,,,,,,,,,,,,28,d,Time,,,1000,,mg/kg bdwt/d,Administered dose(mass),,,1000,,mg/kg/d,Administered dose(mass),,
78-42-2,"Phosphoric acid, tris(2-ethylhexyl) ester;tris (2-ethylhexyl) phosphate;Tris(2-ethylhexyl) phosphate;tris(2-ethylhexyl)ester phosphoric acid;tris(2-ethylhexyl)ester_phosphoric_acid;tris(2-ethylhexyl)phosphate;Tris(2-ethylhexyl)phosphate (TEHP)",,,,,,,,,,,,,,,,,,,,,,,,,,,,,,,,,,,,,,,,,,,,,,,,,,,,,,,,,,,,,,,,,,,,,,,,,,,,,,,,,,,,,,,,,,,,,,,,,,,,,,,,,,,,,,,,,,,,,,,,,,,,,,,,Human Health Hazards#Repeated Dose Toxicity,Repeated Dose Toxicity HESS,1993,,NOEL,OECD TG 407,False,No qualifier,Equal,,,,,,,,,,,Rat,,,,,,,,,,,,,,,,,,,,,,,,,,,,,,,,,,,,,,HCT↑,,,,,,,,,,,,,,,,,,,,,,,,,,,,,,,,99.7,None,,,,,,,,,,,,,,,,,,,,,,,,,,,,,,,,,,,,,,,,,,,,,,,,,,,,,,,,,,,,,,,,SD,Oral (Gavage),,,,,,,,,,,,,,,,,,,,,,Male,Main,"National Institute of Health Sciences, Japan",Blood cell (Erythrocyte),RDT,Research Institute for Animal Science in Biochemistry & Toxicology,Hematological examination,1000,mg/kg bdwt/d,Administered dose(mass),30,mg/kg bdwt/d,Administered dose(mass),0,d,Time,,,,,,,,,,,,,,,,,,,,,,,,,,,,,,,,,,,,,,,,,,,,,,,,,,,,,,,,,,,,,,,28,d,Time,,,1000,,mg/kg bdwt/d,Administered dose(mass),,,1000,,mg/kg/d,Administered dose(mass),,
78-42-2,"Phosphoric acid, tris(2-ethylhexyl) ester;tris (2-ethylhexyl) phosphate;Tris(2-ethylhexyl) phosphate;tris(2-ethylhexyl)ester phosphoric acid;tris(2-ethylhexyl)ester_phosphoric_acid;tris(2-ethylhexyl)phosphate;Tris(2-ethylhexyl)phosphate (TEHP)",,,,,,,,,,,,,,,,,,,,,,,,,,,,,,,,,,,,,,,,,,,,,,,,,,,,,,,,,,,,,,,,,,,,,,,,,,,,,,,,,,,,,,,,,,,,,,,,,,,,,,,,,,,,,,,,,,,,,,,,,,,,,,,,Human Health Hazards#Repeated Dose Toxicity,Repeated Dose Toxicity HESS,1993,,NOEL,OECD TG 407,False,No qualifier,Equal,,,,,,,,,,,Rat,,,,,,,,,,,,,,,,,,,,,,,,,,,,,,,,,,,,,,HCT↓,,,,,,,,,,,,,,,,,,,,,,,,,,,,,,,,99.7,None,,,,,,,,,,,,,,,,,,,,,,,,,,,,,,,,,,,,,,,,,,,,,,,,,,,,,,,,,,,,,,,,SD,Oral (Gavage),,,,,,,,,,,,,,,,,,,,,,Female,Main,"National Institute of Health Sciences, Japan",Blood cell (Erythrocyte),RDT,Research Institute for Animal Science in Biochemistry & Toxicology,Hematological examination,1000,mg/kg bdwt/d,Administered dose(mass),30,mg/kg bdwt/d,Administered dose(mass),0,d,Time,,,,,,,,,,,,,,,,,,,,,,,,,,,,,,,,,,,,,,,,,,,,,,,,,,,,,,,,,,,,,,,28,d,Time,,,1000,,mg/kg bdwt/d,Administered dose(mass),,,1000,,mg/kg/d,Administered dose(mass),,
78-42-2,"Phosphoric acid, tris(2-ethylhexyl) ester;tris (2-ethylhexyl) phosphate;Tris(2-ethylhexyl) phosphate;tris(2-ethylhexyl)ester phosphoric acid;tris(2-ethylhexyl)ester_phosphoric_acid;tris(2-ethylhexyl)phosphate;Tris(2-ethylhexyl)phosphate (TEHP)",,,,,,,,,,,,,,,,,,,,,,,,,,,,,,,,,,,,,,,,,,,,,,,,,,,,,,,,,,,,,,,,,,,,,,,,,,,,,,,,,,,,,,,,,,,,,,,,,,,,,,,,,,,,,,,,,,,,,,,,,,,,,,,,Human Health Hazards#Repeated Dose Toxicity,Repeated Dose Toxicity HESS,1993,,NOEL,OECD TG 407,False,No qualifier,Equal,,,,,,,,,,,Rat,,,,,,,,,,,,,,,,,,,,,,,,,,,,,,,,,,,,,,HCT↓,,,,,,,,,,,,,,,,,,,,,,,,,,,,,,,,99.7,None,,,,,,,,,,,,,,,,,,,,,,,,,,,,,,,,,,,,,,,,,,,,,,,,,,,,,,,,,,,,,,,,SD,Oral (Gavage),,,,,,,,,,,,,,,,,,,,,,Male,Main,"National Institute of Health Sciences, Japan",Blood cell (Erythrocyte),RDT,Research Institute for Animal Science in Biochemistry & Toxicology,Hematological examination,1000,mg/kg bdwt/d,Administered dose(mass),30,mg/kg bdwt/d,Administered dose(mass),0,d,Time,,,,,,,,,,,,,,,,,,,,,,,,,,,,,,,,,,,,,,,,,,,,,,,,,,,,,,,,,,,,,,,28,d,Time,,,1000,,mg/kg bdwt/d,Administered dose(mass),,,1000,,mg/kg/d,Administered dose(mass),,
78-42-2,"Phosphoric acid, tris(2-ethylhexyl) ester;tris (2-ethylhexyl) phosphate;Tris(2-ethylhexyl) phosphate;tris(2-ethylhexyl)ester phosphoric acid;tris(2-ethylhexyl)ester_phosphoric_acid;tris(2-ethylhexyl)phosphate;Tris(2-ethylhexyl)phosphate (TEHP)",,,,,,,,,,,,,,,,,,,,,,,,,,,,,,,,,,,,,,,,,,,,,,,,,,,,,,,,,,,,,,,,,,,,,,,,,,,,,,,,,,,,,,,,,,,,,,,,,,,,,,,,,,,,,,,,,,,,,,,,,,,,,,,,Human Health Hazards#Repeated Dose Toxicity,Repeated Dose Toxicity HESS,1993,,NOEL,OECD TG 407,False,No qualifier,Equal,,,,,,,,,,,Rat,,,,,,,,,,,,,,,,,,,,,,,,,,,,,,,,,,,,,,HGB↑,,,,,,,,,,,,,,,,,,,,,,,,,,,,,,,,99.7,None,,,,,,,,,,,,,,,,,,,,,,,,,,,,,,,,,,,,,,,,,,,,,,,,,,,,,,,,,,,,,,,,SD,Oral (Gavage),,,,,,,,,,,,,,,,,,,,,,Female,Main,"National Institute of Health Sciences, Japan",Blood cell (Erythrocyte),RDT,Research Institute for Animal Science in Biochemistry & Toxicology,Hematological examination,1000,mg/kg bdwt/d,Administered dose(mass),30,mg/kg bdwt/d,Administered dose(mass),0,d,Time,,,,,,,,,,,,,,,,,,,,,,,,,,,,,,,,,,,,,,,,,,,,,,,,,,,,,,,,,,,,,,,28,d,Time,,,1000,,mg/kg bdwt/d,Administered dose(mass),,,1000,,mg/kg/d,Administered dose(mass),,
78-42-2,"Phosphoric acid, tris(2-ethylhexyl) ester;tris (2-ethylhexyl) phosphate;Tris(2-ethylhexyl) phosphate;tris(2-ethylhexyl)ester phosphoric acid;tris(2-ethylhexyl)ester_phosphoric_acid;tris(2-ethylhexyl)phosphate;Tris(2-ethylhexyl)phosphate (TEHP)",,,,,,,,,,,,,,,,,,,,,,,,,,,,,,,,,,,,,,,,,,,,,,,,,,,,,,,,,,,,,,,,,,,,,,,,,,,,,,,,,,,,,,,,,,,,,,,,,,,,,,,,,,,,,,,,,,,,,,,,,,,,,,,,Human Health Hazards#Repeated Dose Toxicity,Repeated Dose Toxicity HESS,1993,,NOEL,OECD TG 407,False,No qualifier,Equal,,,,,,,,,,,Rat,,,,,,,,,,,,,,,,,,,,,,,,,,,,,,,,,,,,,,HGB↑,,,,,,,,,,,,,,,,,,,,,,,,,,,,,,,,99.7,None,,,,,,,,,,,,,,,,,,,,,,,,,,,,,,,,,,,,,,,,,,,,,,,,,,,,,,,,,,,,,,,,SD,Oral (Gavage),,,,,,,,,,,,,,,,,,,,,,Male,Main,"National Institute of Health Sciences, Japan",Blood cell (Erythrocyte),RDT,Research Institute for Animal Science in Biochemistry & Toxicology,Hematological examination,1000,mg/kg bdwt/d,Administered dose(mass),30,mg/kg bdwt/d,Administered dose(mass),0,d,Time,,,,,,,,,,,,,,,,,,,,,,,,,,,,,,,,,,,,,,,,,,,,,,,,,,,,,,,,,,,,,,,28,d,Time,,,1000,,mg/kg bdwt/d,Administered dose(mass),,,1000,,mg/kg/d,Administered dose(mass),,
78-42-2,"Phosphoric acid, tris(2-ethylhexyl) ester;tris (2-ethylhexyl) phosphate;Tris(2-ethylhexyl) phosphate;tris(2-ethylhexyl)ester phosphoric acid;tris(2-ethylhexyl)ester_phosphoric_acid;tris(2-ethylhexyl)phosphate;Tris(2-ethylhexyl)phosphate (TEHP)",,,,,,,,,,,,,,,,,,,,,,,,,,,,,,,,,,,,,,,,,,,,,,,,,,,,,,,,,,,,,,,,,,,,,,,,,,,,,,,,,,,,,,,,,,,,,,,,,,,,,,,,,,,,,,,,,,,,,,,,,,,,,,,,Human Health Hazards#Repeated Dose Toxicity,Repeated Dose Toxicity HESS,1993,,NOEL,OECD TG 407,False,No qualifier,Equal,,,,,,,,,,,Rat,,,,,,,,,,,,,,,,,,,,,,,,,,,,,,,,,,,,,,HGB↓,,,,,,,,,,,,,,,,,,,,,,,,,,,,,,,,99.7,None,,,,,,,,,,,,,,,,,,,,,,,,,,,,,,,,,,,,,,,,,,,,,,,,,,,,,,,,,,,,,,,,SD,Oral (Gavage),,,,,,,,,,,,,,,,,,,,,,Female,Main,"National Institute of Health Sciences, Japan",Blood cell (Erythrocyte),RDT,Research Institute for Animal Science in Biochemistry & Toxicology,Hematological examination,1000,mg/kg bdwt/d,Administered dose(mass),30,mg/kg bdwt/d,Administered dose(mass),0,d,Time,,,,,,,,,,,,,,,,,,,,,,,,,,,,,,,,,,,,,,,,,,,,,,,,,,,,,,,,,,,,,,,28,d,Time,,,1000,,mg/kg bdwt/d,Administered dose(mass),,,1000,,mg/kg/d,Administered dose(mass),,
78-42-2,"Phosphoric acid, tris(2-ethylhexyl) ester;tris (2-ethylhexyl) phosphate;Tris(2-ethylhexyl) phosphate;tris(2-ethylhexyl)ester phosphoric acid;tris(2-ethylhexyl)ester_phosphoric_acid;tris(2-ethylhexyl)phosphate;Tris(2-ethylhexyl)phosphate (TEHP)",,,,,,,,,,,,,,,,,,,,,,,,,,,,,,,,,,,,,,,,,,,,,,,,,,,,,,,,,,,,,,,,,,,,,,,,,,,,,,,,,,,,,,,,,,,,,,,,,,,,,,,,,,,,,,,,,,,,,,,,,,,,,,,,Human Health Hazards#Repeated Dose Toxicity,Repeated Dose Toxicity HESS,1993,,NOEL,OECD TG 407,False,No qualifier,Equal,,,,,,,,,,,Rat,,,,,,,,,,,,,,,,,,,,,,,,,,,,,,,,,,,,,,HGB↓,,,,,,,,,,,,,,,,,,,,,,,,,,,,,,,,99.7,None,,,,,,,,,,,,,,,,,,,,,,,,,,,,,,,,,,,,,,,,,,,,,,,,,,,,,,,,,,,,,,,,SD,Oral (Gavage),,,,,,,,,,,,,,,,,,,,,,Male,Main,"National Institute of Health Sciences, Japan",Blood cell (Erythrocyte),RDT,Research Institute for Animal Science in Biochemistry & Toxicology,Hematological examination,1000,mg/kg bdwt/d,Administered dose(mass),30,mg/kg bdwt/d,Administered dose(mass),0,d,Time,,,,,,,,,,,,,,,,,,,,,,,,,,,,,,,,,,,,,,,,,,,,,,,,,,,,,,,,,,,,,,,28,d,Time,,,1000,,mg/kg bdwt/d,Administered dose(mass),,,1000,,mg/kg/d,Administered dose(mass),,
78-42-2,"Phosphoric acid, tris(2-ethylhexyl) ester;tris (2-ethylhexyl) phosphate;Tris(2-ethylhexyl) phosphate;tris(2-ethylhexyl)ester phosphoric acid;tris(2-ethylhexyl)ester_phosphoric_acid;tris(2-ethylhexyl)phosphate;Tris(2-ethylhexyl)phosphate (TEHP)",,,,,,,,,,,,,,,,,,,,,,,,,,,,,,,,,,,,,,,,,,,,,,,,,,,,,,,,,,,,,,,,,,,,,,,,,,,,,,,,,,,,,,,,,,,,,,,,,,,,,,,,,,,,,,,,,,,,,,,,,,,,,,,,Human Health Hazards#Repeated Dose Toxicity,Repeated Dose Toxicity HESS,1993,,NOEL,OECD TG 407,False,No qualifier,Equal,,,,,,,,,,,Rat,,,,,,,,,,,,,,,,,,,,,,,,,,,,,,,,,,,,,,MCH↑,,,,,,,,,,,,,,,,,,,,,,,,,,,,,,,,99.7,None,,,,,,,,,,,,,,,,,,,,,,,,,,,,,,,,,,,,,,,,,,,,,,,,,,,,,,,,,,,,,,,,SD,Oral (Gavage),,,,,,,,,,,,,,,,,,,,,,Female,Main,"National Institute of Health Sciences, Japan",Blood cell (Erythrocyte),RDT,Research Institute for Animal Science in Biochemistry & Toxicology,Hematological examination,1000,mg/kg bdwt/d,Administered dose(mass),30,mg/kg bdwt/d,Administered dose(mass),0,d,Time,,,,,,,,,,,,,,,,,,,,,,,,,,,,,,,,,,,,,,,,,,,,,,,,,,,,,,,,,,,,,,,28,d,Time,,,1000,,mg/kg bdwt/d,Administered dose(mass),,,1000,,mg/kg/d,Administered dose(mass),,
78-42-2,"Phosphoric acid, tris(2-ethylhexyl) ester;tris (2-ethylhexyl) phosphate;Tris(2-ethylhexyl) phosphate;tris(2-ethylhexyl)ester phosphoric acid;tris(2-ethylhexyl)ester_phosphoric_acid;tris(2-ethylhexyl)phosphate;Tris(2-ethylhexyl)phosphate (TEHP)",,,,,,,,,,,,,,,,,,,,,,,,,,,,,,,,,,,,,,,,,,,,,,,,,,,,,,,,,,,,,,,,,,,,,,,,,,,,,,,,,,,,,,,,,,,,,,,,,,,,,,,,,,,,,,,,,,,,,,,,,,,,,,,,Human Health Hazards#Repeated Dose Toxicity,Repeated Dose Toxicity HESS,1993,,NOEL,OECD TG 407,False,No qualifier,Equal,,,,,,,,,,,Rat,,,,,,,,,,,,,,,,,,,,,,,,,,,,,,,,,,,,,,MCH↑,,,,,,,,,,,,,,,,,,,,,,,,,,,,,,,,99.7,None,,,,,,,,,,,,,,,,,,,,,,,,,,,,,,,,,,,,,,,,,,,,,,,,,,,,,,,,,,,,,,,,SD,Oral (Gavage),,,,,,,,,,,,,,,,,,,,,,Male,Main,"National Institute of Health Sciences, Japan",Blood cell (Erythrocyte),RDT,Research Institute for Animal Science in Biochemistry & Toxicology,Hematological examination,1000,mg/kg bdwt/d,Administered dose(mass),30,mg/kg bdwt/d,Administered dose(mass),0,d,Time,,,,,,,,,,,,,,,,,,,,,,,,,,,,,,,,,,,,,,,,,,,,,,,,,,,,,,,,,,,,,,,28,d,Time,,,1000,,mg/kg bdwt/d,Administered dose(mass),,,1000,,mg/kg/d,Administered dose(mass),,
78-42-2,"Phosphoric acid, tris(2-ethylhexyl) ester;tris (2-ethylhexyl) phosphate;Tris(2-ethylhexyl) phosphate;tris(2-ethylhexyl)ester phosphoric acid;tris(2-ethylhexyl)ester_phosphoric_acid;tris(2-ethylhexyl)phosphate;Tris(2-ethylhexyl)phosphate (TEHP)",,,,,,,,,,,,,,,,,,,,,,,,,,,,,,,,,,,,,,,,,,,,,,,,,,,,,,,,,,,,,,,,,,,,,,,,,,,,,,,,,,,,,,,,,,,,,,,,,,,,,,,,,,,,,,,,,,,,,,,,,,,,,,,,Human Health Hazards#Repeated Dose Toxicity,Repeated Dose Toxicity HESS,1993,,NOEL,OECD TG 407,False,No qualifier,Equal,,,,,,,,,,,Rat,,,,,,,,,,,,,,,,,,,,,,,,,,,,,,,,,,,,,,MCH↓,,,,,,,,,,,,,,,,,,,,,,,,,,,,,,,,99.7,None,,,,,,,,,,,,,,,,,,,,,,,,,,,,,,,,,,,,,,,,,,,,,,,,,,,,,,,,,,,,,,,,SD,Oral (Gavage),,,,,,,,,,,,,,,,,,,,,,Female,Main,"National Institute of Health Sciences, Japan",Blood cell (Erythrocyte),RDT,Research Institute for Animal Science in Biochemistry & Toxicology,Hematological examination,1000,mg/kg bdwt/d,Administered dose(mass),30,mg/kg bdwt/d,Administered dose(mass),0,d,Time,,,,,,,,,,,,,,,,,,,,,,,,,,,,,,,,,,,,,,,,,,,,,,,,,,,,,,,,,,,,,,,28,d,Time,,,1000,,mg/kg bdwt/d,Administered dose(mass),,,1000,,mg/kg/d,Administered dose(mass),,
78-42-2,"Phosphoric acid, tris(2-ethylhexyl) ester;tris (2-ethylhexyl) phosphate;Tris(2-ethylhexyl) phosphate;tris(2-ethylhexyl)ester phosphoric acid;tris(2-ethylhexyl)ester_phosphoric_acid;tris(2-ethylhexyl)phosphate;Tris(2-ethylhexyl)phosphate (TEHP)",,,,,,,,,,,,,,,,,,,,,,,,,,,,,,,,,,,,,,,,,,,,,,,,,,,,,,,,,,,,,,,,,,,,,,,,,,,,,,,,,,,,,,,,,,,,,,,,,,,,,,,,,,,,,,,,,,,,,,,,,,,,,,,,Human Health Hazards#Repeated Dose Toxicity,Repeated Dose Toxicity HESS,1993,,NOEL,OECD TG 407,False,No qualifier,Equal,,,,,,,,,,,Rat,,,,,,,,,,,,,,,,,,,,,,,,,,,,,,,,,,,,,,MCH↓,,,,,,,,,,,,,,,,,,,,,,,,,,,,,,,,99.7,None,,,,,,,,,,,,,,,,,,,,,,,,,,,,,,,,,,,,,,,,,,,,,,,,,,,,,,,,,,,,,,,,SD,Oral (Gavage),,,,,,,,,,,,,,,,,,,,,,Male,Main,"National Institute of Health Sciences, Japan",Blood cell (Erythrocyte),RDT,Research Institute for Animal Science in Biochemistry & Toxicology,Hematological examination,1000,mg/kg bdwt/d,Administered dose(mass),30,mg/kg bdwt/d,Administered dose(mass),0,d,Time,,,,,,,,,,,,,,,,,,,,,,,,,,,,,,,,,,,,,,,,,,,,,,,,,,,,,,,,,,,,,,,28,d,Time,,,1000,,mg/kg bdwt/d,Administered dose(mass),,,1000,,mg/kg/d,Administered dose(mass),,
78-42-2,"Phosphoric acid, tris(2-ethylhexyl) ester;tris (2-ethylhexyl) phosphate;Tris(2-ethylhexyl) phosphate;tris(2-ethylhexyl)ester phosphoric acid;tris(2-ethylhexyl)ester_phosphoric_acid;tris(2-ethylhexyl)phosphate;Tris(2-ethylhexyl)phosphate (TEHP)",,,,,,,,,,,,,,,,,,,,,,,,,,,,,,,,,,,,,,,,,,,,,,,,,,,,,,,,,,,,,,,,,,,,,,,,,,,,,,,,,,,,,,,,,,,,,,,,,,,,,,,,,,,,,,,,,,,,,,,,,,,,,,,,Human Health Hazards#Repeated Dose Toxicity,Repeated Dose Toxicity HESS,1993,,NOEL,OECD TG 407,False,No qualifier,Equal,,,,,,,,,,,Rat,,,,,,,,,,,,,,,,,,,,,,,,,,,,,,,,,,,,,,MCHC↑,,,,,,,,,,,,,,,,,,,,,,,,,,,,,,,,99.7,None,,,,,,,,,,,,,,,,,,,,,,,,,,,,,,,,,,,,,,,,,,,,,,,,,,,,,,,,,,,,,,,,SD,Oral (Gavage),,,,,,,,,,,,,,,,,,,,,,Female,Main,"National Institute of Health Sciences, Japan",Blood cell (Erythrocyte),RDT,Research Institute for Animal Science in Biochemistry & Toxicology,Hematological examination,1000,mg/kg bdwt/d,Administered dose(mass),30,mg/kg bdwt/d,Administered dose(mass),0,d,Time,,,,,,,,,,,,,,,,,,,,,,,,,,,,,,,,,,,,,,,,,,,,,,,,,,,,,,,,,,,,,,,28,d,Time,,,1000,,mg/kg bdwt/d,Administered dose(mass),,,1000,,mg/kg/d,Administered dose(mass),,
78-42-2,"Phosphoric acid, tris(2-ethylhexyl) ester;tris (2-ethylhexyl) phosphate;Tris(2-ethylhexyl) phosphate;tris(2-ethylhexyl)ester phosphoric acid;tris(2-ethylhexyl)ester_phosphoric_acid;tris(2-ethylhexyl)phosphate;Tris(2-ethylhexyl)phosphate (TEHP)",,,,,,,,,,,,,,,,,,,,,,,,,,,,,,,,,,,,,,,,,,,,,,,,,,,,,,,,,,,,,,,,,,,,,,,,,,,,,,,,,,,,,,,,,,,,,,,,,,,,,,,,,,,,,,,,,,,,,,,,,,,,,,,,Human Health Hazards#Repeated Dose Toxicity,Repeated Dose Toxicity HESS,1993,,NOEL,OECD TG 407,False,No qualifier,Equal,,,,,,,,,,,Rat,,,,,,,,,,,,,,,,,,,,,,,,,,,,,,,,,,,,,,MCHC↑,,,,,,,,,,,,,,,,,,,,,,,,,,,,,,,,99.7,None,,,,,,,,,,,,,,,,,,,,,,,,,,,,,,,,,,,,,,,,,,,,,,,,,,,,,,,,,,,,,,,,SD,Oral (Gavage),,,,,,,,,,,,,,,,,,,,,,Male,Main,"National Institute of Health Sciences, Japan",Blood cell (Erythrocyte),RDT,Research Institute for Animal Science in Biochemistry & Toxicology,Hematological examination,1000,mg/kg bdwt/d,Administered dose(mass),30,mg/kg bdwt/d,Administered dose(mass),0,d,Time,,,,,,,,,,,,,,,,,,,,,,,,,,,,,,,,,,,,,,,,,,,,,,,,,,,,,,,,,,,,,,,28,d,Time,,,1000,,mg/kg bdwt/d,Administered dose(mass),,,1000,,mg/kg/d,Administered dose(mass),,
78-42-2,"Phosphoric acid, tris(2-ethylhexyl) ester;tris (2-ethylhexyl) phosphate;Tris(2-ethylhexyl) phosphate;tris(2-ethylhexyl)ester phosphoric acid;tris(2-ethylhexyl)ester_phosphoric_acid;tris(2-ethylhexyl)phosphate;Tris(2-ethylhexyl)phosphate (TEHP)",,,,,,,,,,,,,,,,,,,,,,,,,,,,,,,,,,,,,,,,,,,,,,,,,,,,,,,,,,,,,,,,,,,,,,,,,,,,,,,,,,,,,,,,,,,,,,,,,,,,,,,,,,,,,,,,,,,,,,,,,,,,,,,,Human Health Hazards#Repeated Dose Toxicity,Repeated Dose Toxicity HESS,1993,,NOEL,OECD TG 407,False,No qualifier,Equal,,,,,,,,,,,Rat,,,,,,,,,,,,,,,,,,,,,,,,,,,,,,,,,,,,,,MCHC↓,,,,,,,,,,,,,,,,,,,,,,,,,,,,,,,,99.7,None,,,,,,,,,,,,,,,,,,,,,,,,,,,,,,,,,,,,,,,,,,,,,,,,,,,,,,,,,,,,,,,,SD,Oral (Gavage),,,,,,,,,,,,,,,,,,,,,,Female,Main,"National Institute of Health Sciences, Japan",Blood cell (Erythrocyte),RDT,Research Institute for Animal Science in Biochemistry & Toxicology,Hematological examination,1000,mg/kg bdwt/d,Administered dose(mass),30,mg/kg bdwt/d,Administered dose(mass),0,d,Time,,,,,,,,,,,,,,,,,,,,,,,,,,,,,,,,,,,,,,,,,,,,,,,,,,,,,,,,,,,,,,,28,d,Time,,,1000,,mg/kg bdwt/d,Administered dose(mass),,,1000,,mg/kg/d,Administered dose(mass),,
78-42-2,"Phosphoric acid, tris(2-ethylhexyl) ester;tris (2-ethylhexyl) phosphate;Tris(2-ethylhexyl) phosphate;tris(2-ethylhexyl)ester phosphoric acid;tris(2-ethylhexyl)ester_phosphoric_acid;tris(2-ethylhexyl)phosphate;Tris(2-ethylhexyl)phosphate (TEHP)",,,,,,,,,,,,,,,,,,,,,,,,,,,,,,,,,,,,,,,,,,,,,,,,,,,,,,,,,,,,,,,,,,,,,,,,,,,,,,,,,,,,,,,,,,,,,,,,,,,,,,,,,,,,,,,,,,,,,,,,,,,,,,,,Human Health Hazards#Repeated Dose Toxicity,Repeated Dose Toxicity HESS,1993,,NOEL,OECD TG 407,False,No qualifier,Equal,,,,,,,,,,,Rat,,,,,,,,,,,,,,,,,,,,,,,,,,,,,,,,,,,,,,MCHC↓,,,,,,,,,,,,,,,,,,,,,,,,,,,,,,,,99.7,None,,,,,,,,,,,,,,,,,,,,,,,,,,,,,,,,,,,,,,,,,,,,,,,,,,,,,,,,,,,,,,,,SD,Oral (Gavage),,,,,,,,,,,,,,,,,,,,,,Male,Main,"National Institute of Health Sciences, Japan",Blood cell (Erythrocyte),RDT,Research Institute for Animal Science in Biochemistry & Toxicology,Hematological examination,1000,mg/kg bdwt/d,Administered dose(mass),30,mg/kg bdwt/d,Administered dose(mass),0,d,Time,,,,,,,,,,,,,,,,,,,,,,,,,,,,,,,,,,,,,,,,,,,,,,,,,,,,,,,,,,,,,,,28,d,Time,,,1000,,mg/kg bdwt/d,Administered dose(mass),,,1000,,mg/kg/d,Administered dose(mass),,
78-42-2,"Phosphoric acid, tris(2-ethylhexyl) ester;tris (2-ethylhexyl) phosphate;Tris(2-ethylhexyl) phosphate;tris(2-ethylhexyl)ester phosphoric acid;tris(2-ethylhexyl)ester_phosphoric_acid;tris(2-ethylhexyl)phosphate;Tris(2-ethylhexyl)phosphate (TEHP)",,,,,,,,,,,,,,,,,,,,,,,,,,,,,,,,,,,,,,,,,,,,,,,,,,,,,,,,,,,,,,,,,,,,,,,,,,,,,,,,,,,,,,,,,,,,,,,,,,,,,,,,,,,,,,,,,,,,,,,,,,,,,,,,Human Health Hazards#Repeated Dose Toxicity,Repeated Dose Toxicity HESS,1993,,NOEL,OECD TG 407,False,No qualifier,Equal,,,,,,,,,,,Rat,,,,,,,,,,,,,,,,,,,,,,,,,,,,,,,,,,,,,,MCV↑,,,,,,,,,,,,,,,,,,,,,,,,,,,,,,,,99.7,None,,,,,,,,,,,,,,,,,,,,,,,,,,,,,,,,,,,,,,,,,,,,,,,,,,,,,,,,,,,,,,,,SD,Oral (Gavage),,,,,,,,,,,,,,,,,,,,,,Female,Main,"National Institute of Health Sciences, Japan",Blood cell (Erythrocyte),RDT,Research Institute for Animal Science in Biochemistry & Toxicology,Hematological examination,1000,mg/kg bdwt/d,Administered dose(mass),30,mg/kg bdwt/d,Administered dose(mass),0,d,Time,,,,,,,,,,,,,,,,,,,,,,,,,,,,,,,,,,,,,,,,,,,,,,,,,,,,,,,,,,,,,,,28,d,Time,,,1000,,mg/kg bdwt/d,Administered dose(mass),,,1000,,mg/kg/d,Administered dose(mass),,
78-42-2,"Phosphoric acid, tris(2-ethylhexyl) ester;tris (2-ethylhexyl) phosphate;Tris(2-ethylhexyl) phosphate;tris(2-ethylhexyl)ester phosphoric acid;tris(2-ethylhexyl)ester_phosphoric_acid;tris(2-ethylhexyl)phosphate;Tris(2-ethylhexyl)phosphate (TEHP)",,,,,,,,,,,,,,,,,,,,,,,,,,,,,,,,,,,,,,,,,,,,,,,,,,,,,,,,,,,,,,,,,,,,,,,,,,,,,,,,,,,,,,,,,,,,,,,,,,,,,,,,,,,,,,,,,,,,,,,,,,,,,,,,Human Health Hazards#Repeated Dose Toxicity,Repeated Dose Toxicity HESS,1993,,NOEL,OECD TG 407,False,No qualifier,Equal,,,,,,,,,,,Rat,,,,,,,,,,,,,,,,,,,,,,,,,,,,,,,,,,,,,,MCV↑,,,,,,,,,,,,,,,,,,,,,,,,,,,,,,,,99.7,None,,,,,,,,,,,,,,,,,,,,,,,,,,,,,,,,,,,,,,,,,,,,,,,,,,,,,,,,,,,,,,,,SD,Oral (Gavage),,,,,,,,,,,,,,,,,,,,,,Male,Main,"National Institute of Health Sciences, Japan",Blood cell (Erythrocyte),RDT,Research Institute for Animal Science in Biochemistry & Toxicology,Hematological examination,1000,mg/kg bdwt/d,Administered dose(mass),30,mg/kg bdwt/d,Administered dose(mass),0,d,Time,,,,,,,,,,,,,,,,,,,,,,,,,,,,,,,,,,,,,,,,,,,,,,,,,,,,,,,,,,,,,,,28,d,Time,,,1000,,mg/kg bdwt/d,Administered dose(mass),,,1000,,mg/kg/d,Administered dose(mass),,
78-42-2,"Phosphoric acid, tris(2-ethylhexyl) ester;tris (2-ethylhexyl) phosphate;Tris(2-ethylhexyl) phosphate;tris(2-ethylhexyl)ester phosphoric acid;tris(2-ethylhexyl)ester_phosphoric_acid;tris(2-ethylhexyl)phosphate;Tris(2-ethylhexyl)phosphate (TEHP)",,,,,,,,,,,,,,,,,,,,,,,,,,,,,,,,,,,,,,,,,,,,,,,,,,,,,,,,,,,,,,,,,,,,,,,,,,,,,,,,,,,,,,,,,,,,,,,,,,,,,,,,,,,,,,,,,,,,,,,,,,,,,,,,Human Health Hazards#Repeated Dose Toxicity,Repeated Dose Toxicity HESS,1993,,NOEL,OECD TG 407,False,No qualifier,Equal,,,,,,,,,,,Rat,,,,,,,,,,,,,,,,,,,,,,,,,,,,,,,,,,,,,,MCV↓,,,,,,,,,,,,,,,,,,,,,,,,,,,,,,,,99.7,None,,,,,,,,,,,,,,,,,,,,,,,,,,,,,,,,,,,,,,,,,,,,,,,,,,,,,,,,,,,,,,,,SD,Oral (Gavage),,,,,,,,,,,,,,,,,,,,,,Female,Main,"National Institute of Health Sciences, Japan",Blood cell (Erythrocyte),RDT,Research Institute for Animal Science in Biochemistry & Toxicology,Hematological examination,1000,mg/kg bdwt/d,Administered dose(mass),30,mg/kg bdwt/d,Administered dose(mass),0,d,Time,,,,,,,,,,,,,,,,,,,,,,,,,,,,,,,,,,,,,,,,,,,,,,,,,,,,,,,,,,,,,,,28,d,Time,,,1000,,mg/kg bdwt/d,Administered dose(mass),,,1000,,mg/kg/d,Administered dose(mass),,
78-42-2,"Phosphoric acid, tris(2-ethylhexyl) ester;tris (2-ethylhexyl) phosphate;Tris(2-ethylhexyl) phosphate;tris(2-ethylhexyl)ester phosphoric acid;tris(2-ethylhexyl)ester_phosphoric_acid;tris(2-ethylhexyl)phosphate;Tris(2-ethylhexyl)phosphate (TEHP)",,,,,,,,,,,,,,,,,,,,,,,,,,,,,,,,,,,,,,,,,,,,,,,,,,,,,,,,,,,,,,,,,,,,,,,,,,,,,,,,,,,,,,,,,,,,,,,,,,,,,,,,,,,,,,,,,,,,,,,,,,,,,,,,Human Health Hazards#Repeated Dose Toxicity,Repeated Dose Toxicity HESS,1993,,NOEL,OECD TG 407,False,No qualifier,Equal,,,,,,,,,,,Rat,,,,,,,,,,,,,,,,,,,,,,,,,,,,,,,,,,,,,,MCV↓,,,,,,,,,,,,,,,,,,,,,,,,,,,,,,,,99.7,None,,,,,,,,,,,,,,,,,,,,,,,,,,,,,,,,,,,,,,,,,,,,,,,,,,,,,,,,,,,,,,,,SD,Oral (Gavage),,,,,,,,,,,,,,,,,,,,,,Male,Main,"National Institute of Health Sciences, Japan",Blood cell (Erythrocyte),RDT,Research Institute for Animal Science in Biochemistry & Toxicology,Hematological examination,1000,mg/kg bdwt/d,Administered dose(mass),30,mg/kg bdwt/d,Administered dose(mass),0,d,Time,,,,,,,,,,,,,,,,,,,,,,,,,,,,,,,,,,,,,,,,,,,,,,,,,,,,,,,,,,,,,,,28,d,Time,,,1000,,mg/kg bdwt/d,Administered dose(mass),,,1000,,mg/kg/d,Administered dose(mass),,
78-42-2,"Phosphoric acid, tris(2-ethylhexyl) ester;tris (2-ethylhexyl) phosphate;Tris(2-ethylhexyl) phosphate;tris(2-ethylhexyl)ester phosphoric acid;tris(2-ethylhexyl)ester_phosphoric_acid;tris(2-ethylhexyl)phosphate;Tris(2-ethylhexyl)phosphate (TEHP)",,,,,,,,,,,,,,,,,,,,,,,,,,,,,,,,,,,,,,,,,,,,,,,,,,,,,,,,,,,,,,,,,,,,,,,,,,,,,,,,,,,,,,,,,,,,,,,,,,,,,,,,,,,,,,,,,,,,,,,,,,,,,,,,Human Health Hazards#Repeated Dose Toxicity,Repeated Dose Toxicity HESS,1993,,NOEL,OECD TG 407,False,No qualifier,Equal,,,,,,,,,,,Rat,,,,,,,,,,,,,,,,,,,,,,,,,,,,,,,,,,,,,,RBC↑,,,,,,,,,,,,,,,,,,,,,,,,,,,,,,,,99.7,None,,,,,,,,,,,,,,,,,,,,,,,,,,,,,,,,,,,,,,,,,,,,,,,,,,,,,,,,,,,,,,,,SD,Oral (Gavage),,,,,,,,,,,,,,,,,,,,,,Female,Main,"National Institute of Health Sciences, Japan",Blood cell (Erythrocyte),RDT,Research Institute for Animal Science in Biochemistry & Toxicology,Hematological examination,1000,mg/kg bdwt/d,Administered dose(mass),30,mg/kg bdwt/d,Administered dose(mass),0,d,Time,,,,,,,,,,,,,,,,,,,,,,,,,,,,,,,,,,,,,,,,,,,,,,,,,,,,,,,,,,,,,,,28,d,Time,,,1000,,mg/kg bdwt/d,Administered dose(mass),,,1000,,mg/kg/d,Administered dose(mass),,
78-42-2,"Phosphoric acid, tris(2-ethylhexyl) ester;tris (2-ethylhexyl) phosphate;Tris(2-ethylhexyl) phosphate;tris(2-ethylhexyl)ester phosphoric acid;tris(2-ethylhexyl)ester_phosphoric_acid;tris(2-ethylhexyl)phosphate;Tris(2-ethylhexyl)phosphate (TEHP)",,,,,,,,,,,,,,,,,,,,,,,,,,,,,,,,,,,,,,,,,,,,,,,,,,,,,,,,,,,,,,,,,,,,,,,,,,,,,,,,,,,,,,,,,,,,,,,,,,,,,,,,,,,,,,,,,,,,,,,,,,,,,,,,Human Health Hazards#Repeated Dose Toxicity,Repeated Dose Toxicity HESS,1993,,NOEL,OECD TG 407,False,No qualifier,Equal,,,,,,,,,,,Rat,,,,,,,,,,,,,,,,,,,,,,,,,,,,,,,,,,,,,,RBC↑,,,,,,,,,,,,,,,,,,,,,,,,,,,,,,,,99.7,None,,,,,,,,,,,,,,,,,,,,,,,,,,,,,,,,,,,,,,,,,,,,,,,,,,,,,,,,,,,,,,,,SD,Oral (Gavage),,,,,,,,,,,,,,,,,,,,,,Male,Main,"National Institute of Health Sciences, Japan",Blood cell (Erythrocyte),RDT,Research Institute for Animal Science in Biochemistry & Toxicology,Hematological examination,1000,mg/kg bdwt/d,Administered dose(mass),30,mg/kg bdwt/d,Administered dose(mass),0,d,Time,,,,,,,,,,,,,,,,,,,,,,,,,,,,,,,,,,,,,,,,,,,,,,,,,,,,,,,,,,,,,,,28,d,Time,,,1000,,mg/kg bdwt/d,Administered dose(mass),,,1000,,mg/kg/d,Administered dose(mass),,
78-42-2,"Phosphoric acid, tris(2-ethylhexyl) ester;tris (2-ethylhexyl) phosphate;Tris(2-ethylhexyl) phosphate;tris(2-ethylhexyl)ester phosphoric acid;tris(2-ethylhexyl)ester_phosphoric_acid;tris(2-ethylhexyl)phosphate;Tris(2-ethylhexyl)phosphate (TEHP)",,,,,,,,,,,,,,,,,,,,,,,,,,,,,,,,,,,,,,,,,,,,,,,,,,,,,,,,,,,,,,,,,,,,,,,,,,,,,,,,,,,,,,,,,,,,,,,,,,,,,,,,,,,,,,,,,,,,,,,,,,,,,,,,Human Health Hazards#Repeated Dose Toxicity,Repeated Dose Toxicity HESS,1993,,NOEL,OECD TG 407,False,No qualifier,Equal,,,,,,,,,,,Rat,,,,,,,,,,,,,,,,,,,,,,,,,,,,,,,,,,,,,,RBC↓,,,,,,,,,,,,,,,,,,,,,,,,,,,,,,,,99.7,None,,,,,,,,,,,,,,,,,,,,,,,,,,,,,,,,,,,,,,,,,,,,,,,,,,,,,,,,,,,,,,,,SD,Oral (Gavage),,,,,,,,,,,,,,,,,,,,,,Female,Main,"National Institute of Health Sciences, Japan",Blood cell (Erythrocyte),RDT,Research Institute for Animal Science in Biochemistry & Toxicology,Hematological examination,1000,mg/kg bdwt/d,Administered dose(mass),30,mg/kg bdwt/d,Administered dose(mass),0,d,Time,,,,,,,,,,,,,,,,,,,,,,,,,,,,,,,,,,,,,,,,,,,,,,,,,,,,,,,,,,,,,,,28,d,Time,,,1000,,mg/kg bdwt/d,Administered dose(mass),,,1000,,mg/kg/d,Administered dose(mass),,
78-42-2,"Phosphoric acid, tris(2-ethylhexyl) ester;tris (2-ethylhexyl) phosphate;Tris(2-ethylhexyl) phosphate;tris(2-ethylhexyl)ester phosphoric acid;tris(2-ethylhexyl)ester_phosphoric_acid;tris(2-ethylhexyl)phosphate;Tris(2-ethylhexyl)phosphate (TEHP)",,,,,,,,,,,,,,,,,,,,,,,,,,,,,,,,,,,,,,,,,,,,,,,,,,,,,,,,,,,,,,,,,,,,,,,,,,,,,,,,,,,,,,,,,,,,,,,,,,,,,,,,,,,,,,,,,,,,,,,,,,,,,,,,Human Health Hazards#Repeated Dose Toxicity,Repeated Dose Toxicity HESS,1993,,NOEL,OECD TG 407,False,No qualifier,Equal,,,,,,,,,,,Rat,,,,,,,,,,,,,,,,,,,,,,,,,,,,,,,,,,,,,,RBC↓,,,,,,,,,,,,,,,,,,,,,,,,,,,,,,,,99.7,None,,,,,,,,,,,,,,,,,,,,,,,,,,,,,,,,,,,,,,,,,,,,,,,,,,,,,,,,,,,,,,,,SD,Oral (Gavage),,,,,,,,,,,,,,,,,,,,,,Male,Main,"National Institute of Health Sciences, Japan",Blood cell (Erythrocyte),RDT,Research Institute for Animal Science in Biochemistry & Toxicology,Hematological examination,1000,mg/kg bdwt/d,Administered dose(mass),30,mg/kg bdwt/d,Administered dose(mass),0,d,Time,,,,,,,,,,,,,,,,,,,,,,,,,,,,,,,,,,,,,,,,,,,,,,,,,,,,,,,,,,,,,,,28,d,Time,,,1000,,mg/kg bdwt/d,Administered dose(mass),,,1000,,mg/kg/d,Administered dose(mass),,
78-42-2,"Phosphoric acid, tris(2-ethylhexyl) ester;tris (2-ethylhexyl) phosphate;Tris(2-ethylhexyl) phosphate;tris(2-ethylhexyl)ester phosphoric acid;tris(2-ethylhexyl)ester_phosphoric_acid;tris(2-ethylhexyl)phosphate;Tris(2-ethylhexyl)phosphate (TEHP)",,,,,,,,,,,,,,,,,,,,,,,,,,,,,,,,,,,,,,,,,,,,,,,,,,,,,,,,,,,,,,,,,,,,,,,,,,,,,,,,,,,,,,,,,,,,,,,,,,,,,,,,,,,,,,,,,,,,,,,,,,,,,,,,Human Health Hazards#Repeated Dose Toxicity,Repeated Dose Toxicity HESS,1993,,NOEL,OECD TG 407,False,No qualifier,Equal,,,,,,,,,,,Rat,,,,,,,,,,,,,,,,,,,,,,,,,,,,,,,,,,,,,,Reticulocyte↑,,,,,,,,,,,,,,,,,,,,,,,,,,,,,,,,99.7,None,,,,,,,,,,,,,,,,,,,,,,,,,,,,,,,,,,,,,,,,,,,,,,,,,,,,,,,,,,,,,,,,SD,Oral (Gavage),,,,,,,,,,,,,,,,,,,,,,Female,Main,"National Institute of Health Sciences, Japan",Blood cell (Erythrocyte),RDT,Research Institute for Animal Science in Biochemistry & Toxicology,Hematological examination,1000,mg/kg bdwt/d,Administered dose(mass),30,mg/kg bdwt/d,Administered dose(mass),0,d,Time,,,,,,,,,,,,,,,,,,,,,,,,,,,,,,,,,,,,,,,,,,,,,,,,,,,,,,,,,,,,,,,28,d,Time,,,1000,,mg/kg bdwt/d,Administered dose(mass),,,1000,,mg/kg/d,Administered dose(mass),,
78-42-2,"Phosphoric acid, tris(2-ethylhexyl) ester;tris (2-ethylhexyl) phosphate;Tris(2-ethylhexyl) phosphate;tris(2-ethylhexyl)ester phosphoric acid;tris(2-ethylhexyl)ester_phosphoric_acid;tris(2-ethylhexyl)phosphate;Tris(2-ethylhexyl)phosphate (TEHP)",,,,,,,,,,,,,,,,,,,,,,,,,,,,,,,,,,,,,,,,,,,,,,,,,,,,,,,,,,,,,,,,,,,,,,,,,,,,,,,,,,,,,,,,,,,,,,,,,,,,,,,,,,,,,,,,,,,,,,,,,,,,,,,,Human Health Hazards#Repeated Dose Toxicity,Repeated Dose Toxicity HESS,1993,,NOEL,OECD TG 407,False,No qualifier,Equal,,,,,,,,,,,Rat,,,,,,,,,,,,,,,,,,,,,,,,,,,,,,,,,,,,,,Reticulocyte↑,,,,,,,,,,,,,,,,,,,,,,,,,,,,,,,,99.7,None,,,,,,,,,,,,,,,,,,,,,,,,,,,,,,,,,,,,,,,,,,,,,,,,,,,,,,,,,,,,,,,,SD,Oral (Gavage),,,,,,,,,,,,,,,,,,,,,,Male,Main,"National Institute of Health Sciences, Japan",Blood cell (Erythrocyte),RDT,Research Institute for Animal Science in Biochemistry & Toxicology,Hematological examination,1000,mg/kg bdwt/d,Administered dose(mass),30,mg/kg bdwt/d,Administered dose(mass),0,d,Time,,,,,,,,,,,,,,,,,,,,,,,,,,,,,,,,,,,,,,,,,,,,,,,,,,,,,,,,,,,,,,,28,d,Time,,,1000,,mg/kg bdwt/d,Administered dose(mass),,,1000,,mg/kg/d,Administered dose(mass),,
78-42-2,"Phosphoric acid, tris(2-ethylhexyl) ester;tris (2-ethylhexyl) phosphate;Tris(2-ethylhexyl) phosphate;tris(2-ethylhexyl)ester phosphoric acid;tris(2-ethylhexyl)ester_phosphoric_acid;tris(2-ethylhexyl)phosphate;Tris(2-ethylhexyl)phosphate (TEHP)",,,,,,,,,,,,,,,,,,,,,,,,,,,,,,,,,,,,,,,,,,,,,,,,,,,,,,,,,,,,,,,,,,,,,,,,,,,,,,,,,,,,,,,,,,,,,,,,,,,,,,,,,,,,,,,,,,,,,,,,,,,,,,,,Human Health Hazards#Repeated Dose Toxicity,Repeated Dose Toxicity HESS,1993,,NOEL,OECD TG 407,False,No qualifier,Equal,,,,,,,,,,,Rat,,,,,,,,,,,,,,,,,,,,,,,,,,,,,,,,,,,,,,Reticulocyte↓,,,,,,,,,,,,,,,,,,,,,,,,,,,,,,,,99.7,None,,,,,,,,,,,,,,,,,,,,,,,,,,,,,,,,,,,,,,,,,,,,,,,,,,,,,,,,,,,,,,,,SD,Oral (Gavage),,,,,,,,,,,,,,,,,,,,,,Female,Main,"National Institute of Health Sciences, Japan",Blood cell (Erythrocyte),RDT,Research Institute for Animal Science in Biochemistry & Toxicology,Hematological examination,1000,mg/kg bdwt/d,Administered dose(mass),30,mg/kg bdwt/d,Administered dose(mass),0,d,Time,,,,,,,,,,,,,,,,,,,,,,,,,,,,,,,,,,,,,,,,,,,,,,,,,,,,,,,,,,,,,,,28,d,Time,,,1000,,mg/kg bdwt/d,Administered dose(mass),,,1000,,mg/kg/d,Administered dose(mass),,
78-42-2,"Phosphoric acid, tris(2-ethylhexyl) ester;tris (2-ethylhexyl) phosphate;Tris(2-ethylhexyl) phosphate;tris(2-ethylhexyl)ester phosphoric acid;tris(2-ethylhexyl)ester_phosphoric_acid;tris(2-ethylhexyl)phosphate;Tris(2-ethylhexyl)phosphate (TEHP)",,,,,,,,,,,,,,,,,,,,,,,,,,,,,,,,,,,,,,,,,,,,,,,,,,,,,,,,,,,,,,,,,,,,,,,,,,,,,,,,,,,,,,,,,,,,,,,,,,,,,,,,,,,,,,,,,,,,,,,,,,,,,,,,Human Health Hazards#Repeated Dose Toxicity,Repeated Dose Toxicity HESS,1993,,NOEL,OECD TG 407,False,No qualifier,Equal,,,,,,,,,,,Rat,,,,,,,,,,,,,,,,,,,,,,,,,,,,,,,,,,,,,,Reticulocyte↓,,,,,,,,,,,,,,,,,,,,,,,,,,,,,,,,99.7,None,,,,,,,,,,,,,,,,,,,,,,,,,,,,,,,,,,,,,,,,,,,,,,,,,,,,,,,,,,,,,,,,SD,Oral (Gavage),,,,,,,,,,,,,,,,,,,,,,Male,Main,"National Institute of Health Sciences, Japan",Blood cell (Erythrocyte),RDT,Research Institute for Animal Science in Biochemistry & Toxicology,Hematological examination,1000,mg/kg bdwt/d,Administered dose(mass),30,mg/kg bdwt/d,Administered dose(mass),0,d,Time,,,,,,,,,,,,,,,,,,,,,,,,,,,,,,,,,,,,,,,,,,,,,,,,,,,,,,,,,,,,,,,28,d,Time,,,1000,,mg/kg bdwt/d,Administered dose(mass),,,1000,,mg/kg/d,Administered dose(mass),,
78-42-2,"Phosphoric acid, tris(2-ethylhexyl) ester;tris (2-ethylhexyl) phosphate;Tris(2-ethylhexyl) phosphate;tris(2-ethylhexyl)ester phosphoric acid;tris(2-ethylhexyl)ester_phosphoric_acid;tris(2-ethylhexyl)phosphate;Tris(2-ethylhexyl)phosphate (TEHP)",,,,,,,,,,,,,,,,,,,,,,,,,,,,,,,,,,,,,,,,,,,,,,,,,,,,,,,,,,,,,,,,,,,,,,,,,,,,,,,,,,,,,,,,,,,,,,,,,,,,,,,,,,,,,,,,,,,,,,,,,,,,,,,,Human Health Hazards#Repeated Dose Toxicity,Repeated Dose Toxicity HESS,1993,,NOEL,OECD TG 407,False,No qualifier,Equal,,,,,,,,,,,Rat,,,,,,,,,,,,,,,,,,,,,,,,,,,,,,,,,,,,,,BASO↑,,,,,,,,,,,,,,,,,,,,,,,,,,,,,,,,99.7,None,,,,,,,,,,,,,,,,,,,,,,,,,,,,,,,,,,,,,,,,,,,,,,,,,,,,,,,,,,,,,,,,SD,Oral (Gavage),,,,,,,,,,,,,,,,,,,,,,Female,Main,"National Institute of Health Sciences, Japan",Blood cell (Leukocyte),RDT,Research Institute for Animal Science in Biochemistry & Toxicology,Hematological examination,1000,mg/kg bdwt/d,Administered dose(mass),30,mg/kg bdwt/d,Administered dose(mass),0,d,Time,,,,,,,,,,,,,,,,,,,,,,,,,,,,,,,,,,,,,,,,,,,,,,,,,,,,,,,,,,,,,,,28,d,Time,,,1000,,mg/kg bdwt/d,Administered dose(mass),,,1000,,mg/kg/d,Administered dose(mass),,
78-42-2,"Phosphoric acid, tris(2-ethylhexyl) ester;tris (2-ethylhexyl) phosphate;Tris(2-ethylhexyl) phosphate;tris(2-ethylhexyl)ester phosphoric acid;tris(2-ethylhexyl)ester_phosphoric_acid;tris(2-ethylhexyl)phosphate;Tris(2-ethylhexyl)phosphate (TEHP)",,,,,,,,,,,,,,,,,,,,,,,,,,,,,,,,,,,,,,,,,,,,,,,,,,,,,,,,,,,,,,,,,,,,,,,,,,,,,,,,,,,,,,,,,,,,,,,,,,,,,,,,,,,,,,,,,,,,,,,,,,,,,,,,Human Health Hazards#Repeated Dose Toxicity,Repeated Dose Toxicity HESS,1993,,NOEL,OECD TG 407,False,No qualifier,Equal,,,,,,,,,,,Rat,,,,,,,,,,,,,,,,,,,,,,,,,,,,,,,,,,,,,,BASO↑,,,,,,,,,,,,,,,,,,,,,,,,,,,,,,,,99.7,None,,,,,,,,,,,,,,,,,,,,,,,,,,,,,,,,,,,,,,,,,,,,,,,,,,,,,,,,,,,,,,,,SD,Oral (Gavage),,,,,,,,,,,,,,,,,,,,,,Male,Main,"National Institute of Health Sciences, Japan",Blood cell (Leukocyte),RDT,Research Institute for Animal Science in Biochemistry & Toxicology,Hematological examination,1000,mg/kg bdwt/d,Administered dose(mass),30,mg/kg bdwt/d,Administered dose(mass),0,d,Time,,,,,,,,,,,,,,,,,,,,,,,,,,,,,,,,,,,,,,,,,,,,,,,,,,,,,,,,,,,,,,,28,d,Time,,,1000,,mg/kg bdwt/d,Administered dose(mass),,,1000,,mg/kg/d,Administered dose(mass),,
78-42-2,"Phosphoric acid, tris(2-ethylhexyl) ester;tris (2-ethylhexyl) phosphate;Tris(2-ethylhexyl) phosphate;tris(2-ethylhexyl)ester phosphoric acid;tris(2-ethylhexyl)ester_phosphoric_acid;tris(2-ethylhexyl)phosphate;Tris(2-ethylhexyl)phosphate (TEHP)",,,,,,,,,,,,,,,,,,,,,,,,,,,,,,,,,,,,,,,,,,,,,,,,,,,,,,,,,,,,,,,,,,,,,,,,,,,,,,,,,,,,,,,,,,,,,,,,,,,,,,,,,,,,,,,,,,,,,,,,,,,,,,,,Human Health Hazards#Repeated Dose Toxicity,Repeated Dose Toxicity HESS,1993,,NOEL,OECD TG 407,False,No qualifier,Equal,,,,,,,,,,,Rat,,,,,,,,,,,,,,,,,,,,,,,,,,,,,,,,,,,,,,BASO↓,,,,,,,,,,,,,,,,,,,,,,,,,,,,,,,,99.7,None,,,,,,,,,,,,,,,,,,,,,,,,,,,,,,,,,,,,,,,,,,,,,,,,,,,,,,,,,,,,,,,,SD,Oral (Gavage),,,,,,,,,,,,,,,,,,,,,,Female,Main,"National Institute of Health Sciences, Japan",Blood cell (Leukocyte),RDT,Research Institute for Animal Science in Biochemistry & Toxicology,Hematological examination,1000,mg/kg bdwt/d,Administered dose(mass),30,mg/kg bdwt/d,Administered dose(mass),0,d,Time,,,,,,,,,,,,,,,,,,,,,,,,,,,,,,,,,,,,,,,,,,,,,,,,,,,,,,,,,,,,,,,28,d,Time,,,1000,,mg/kg bdwt/d,Administered dose(mass),,,1000,,mg/kg/d,Administered dose(mass),,
78-42-2,"Phosphoric acid, tris(2-ethylhexyl) ester;tris (2-ethylhexyl) phosphate;Tris(2-ethylhexyl) phosphate;tris(2-ethylhexyl)ester phosphoric acid;tris(2-ethylhexyl)ester_phosphoric_acid;tris(2-ethylhexyl)phosphate;Tris(2-ethylhexyl)phosphate (TEHP)",,,,,,,,,,,,,,,,,,,,,,,,,,,,,,,,,,,,,,,,,,,,,,,,,,,,,,,,,,,,,,,,,,,,,,,,,,,,,,,,,,,,,,,,,,,,,,,,,,,,,,,,,,,,,,,,,,,,,,,,,,,,,,,,Human Health Hazards#Repeated Dose Toxicity,Repeated Dose Toxicity HESS,1993,,NOEL,OECD TG 407,False,No qualifier,Equal,,,,,,,,,,,Rat,,,,,,,,,,,,,,,,,,,,,,,,,,,,,,,,,,,,,,BASO↓,,,,,,,,,,,,,,,,,,,,,,,,,,,,,,,,99.7,None,,,,,,,,,,,,,,,,,,,,,,,,,,,,,,,,,,,,,,,,,,,,,,,,,,,,,,,,,,,,,,,,SD,Oral (Gavage),,,,,,,,,,,,,,,,,,,,,,Male,Main,"National Institute of Health Sciences, Japan",Blood cell (Leukocyte),RDT,Research Institute for Animal Science in Biochemistry & Toxicology,Hematological examination,1000,mg/kg bdwt/d,Administered dose(mass),30,mg/kg bdwt/d,Administered dose(mass),0,d,Time,,,,,,,,,,,,,,,,,,,,,,,,,,,,,,,,,,,,,,,,,,,,,,,,,,,,,,,,,,,,,,,28,d,Time,,,1000,,mg/kg bdwt/d,Administered dose(mass),,,1000,,mg/kg/d,Administered dose(mass),,
78-42-2,"Phosphoric acid, tris(2-ethylhexyl) ester;tris (2-ethylhexyl) phosphate;Tris(2-ethylhexyl) phosphate;tris(2-ethylhexyl)ester phosphoric acid;tris(2-ethylhexyl)ester_phosphoric_acid;tris(2-ethylhexyl)phosphate;Tris(2-ethylhexyl)phosphate (TEHP)",,,,,,,,,,,,,,,,,,,,,,,,,,,,,,,,,,,,,,,,,,,,,,,,,,,,,,,,,,,,,,,,,,,,,,,,,,,,,,,,,,,,,,,,,,,,,,,,,,,,,,,,,,,,,,,,,,,,,,,,,,,,,,,,Human Health Hazards#Repeated Dose Toxicity,Repeated Dose Toxicity HESS,1993,,NOEL,OECD TG 407,False,No qualifier,Equal,,,,,,,,,,,Rat,,,,,,,,,,,,,,,,,,,,,,,,,,,,,,,,,,,,,,EOSN↑,,,,,,,,,,,,,,,,,,,,,,,,,,,,,,,,99.7,None,,,,,,,,,,,,,,,,,,,,,,,,,,,,,,,,,,,,,,,,,,,,,,,,,,,,,,,,,,,,,,,,SD,Oral (Gavage),,,,,,,,,,,,,,,,,,,,,,Female,Main,"National Institute of Health Sciences, Japan",Blood cell (Leukocyte),RDT,Research Institute for Animal Science in Biochemistry & Toxicology,Hematological examination,1000,mg/kg bdwt/d,Administered dose(mass),30,mg/kg bdwt/d,Administered dose(mass),0,d,Time,,,,,,,,,,,,,,,,,,,,,,,,,,,,,,,,,,,,,,,,,,,,,,,,,,,,,,,,,,,,,,,28,d,Time,,,1000,,mg/kg bdwt/d,Administered dose(mass),,,1000,,mg/kg/d,Administered dose(mass),,
78-42-2,"Phosphoric acid, tris(2-ethylhexyl) ester;tris (2-ethylhexyl) phosphate;Tris(2-ethylhexyl) phosphate;tris(2-ethylhexyl)ester phosphoric acid;tris(2-ethylhexyl)ester_phosphoric_acid;tris(2-ethylhexyl)phosphate;Tris(2-ethylhexyl)phosphate (TEHP)",,,,,,,,,,,,,,,,,,,,,,,,,,,,,,,,,,,,,,,,,,,,,,,,,,,,,,,,,,,,,,,,,,,,,,,,,,,,,,,,,,,,,,,,,,,,,,,,,,,,,,,,,,,,,,,,,,,,,,,,,,,,,,,,Human Health Hazards#Repeated Dose Toxicity,Repeated Dose Toxicity HESS,1993,,NOEL,OECD TG 407,False,No qualifier,Equal,,,,,,,,,,,Rat,,,,,,,,,,,,,,,,,,,,,,,,,,,,,,,,,,,,,,EOSN↑,,,,,,,,,,,,,,,,,,,,,,,,,,,,,,,,99.7,None,,,,,,,,,,,,,,,,,,,,,,,,,,,,,,,,,,,,,,,,,,,,,,,,,,,,,,,,,,,,,,,,SD,Oral (Gavage),,,,,,,,,,,,,,,,,,,,,,Male,Main,"National Institute of Health Sciences, Japan",Blood cell (Leukocyte),RDT,Research Institute for Animal Science in Biochemistry & Toxicology,Hematological examination,1000,mg/kg bdwt/d,Administered dose(mass),30,mg/kg bdwt/d,Administered dose(mass),0,d,Time,,,,,,,,,,,,,,,,,,,,,,,,,,,,,,,,,,,,,,,,,,,,,,,,,,,,,,,,,,,,,,,28,d,Time,,,1000,,mg/kg bdwt/d,Administered dose(mass),,,1000,,mg/kg/d,Administered dose(mass),,
78-42-2,"Phosphoric acid, tris(2-ethylhexyl) ester;tris (2-ethylhexyl) phosphate;Tris(2-ethylhexyl) phosphate;tris(2-ethylhexyl)ester phosphoric acid;tris(2-ethylhexyl)ester_phosphoric_acid;tris(2-ethylhexyl)phosphate;Tris(2-ethylhexyl)phosphate (TEHP)",,,,,,,,,,,,,,,,,,,,,,,,,,,,,,,,,,,,,,,,,,,,,,,,,,,,,,,,,,,,,,,,,,,,,,,,,,,,,,,,,,,,,,,,,,,,,,,,,,,,,,,,,,,,,,,,,,,,,,,,,,,,,,,,Human Health Hazards#Repeated Dose Toxicity,Repeated Dose Toxicity HESS,1993,,NOEL,OECD TG 407,False,No qualifier,Equal,,,,,,,,,,,Rat,,,,,,,,,,,,,,,,,,,,,,,,,,,,,,,,,,,,,,EOSN↓,,,,,,,,,,,,,,,,,,,,,,,,,,,,,,,,99.7,None,,,,,,,,,,,,,,,,,,,,,,,,,,,,,,,,,,,,,,,,,,,,,,,,,,,,,,,,,,,,,,,,SD,Oral (Gavage),,,,,,,,,,,,,,,,,,,,,,Female,Main,"National Institute of Health Sciences, Japan",Blood cell (Leukocyte),RDT,Research Institute for Animal Science in Biochemistry & Toxicology,Hematological examination,1000,mg/kg bdwt/d,Administered dose(mass),30,mg/kg bdwt/d,Administered dose(mass),0,d,Time,,,,,,,,,,,,,,,,,,,,,,,,,,,,,,,,,,,,,,,,,,,,,,,,,,,,,,,,,,,,,,,28,d,Time,,,1000,,mg/kg bdwt/d,Administered dose(mass),,,1000,,mg/kg/d,Administered dose(mass),,
78-42-2,"Phosphoric acid, tris(2-ethylhexyl) ester;tris (2-ethylhexyl) phosphate;Tris(2-ethylhexyl) phosphate;tris(2-ethylhexyl)ester phosphoric acid;tris(2-ethylhexyl)ester_phosphoric_acid;tris(2-ethylhexyl)phosphate;Tris(2-ethylhexyl)phosphate (TEHP)",,,,,,,,,,,,,,,,,,,,,,,,,,,,,,,,,,,,,,,,,,,,,,,,,,,,,,,,,,,,,,,,,,,,,,,,,,,,,,,,,,,,,,,,,,,,,,,,,,,,,,,,,,,,,,,,,,,,,,,,,,,,,,,,Human Health Hazards#Repeated Dose Toxicity,Repeated Dose Toxicity HESS,1993,,NOEL,OECD TG 407,False,No qualifier,Equal,,,,,,,,,,,Rat,,,,,,,,,,,,,,,,,,,,,,,,,,,,,,,,,,,,,,EOSN↓,,,,,,,,,,,,,,,,,,,,,,,,,,,,,,,,99.7,None,,,,,,,,,,,,,,,,,,,,,,,,,,,,,,,,,,,,,,,,,,,,,,,,,,,,,,,,,,,,,,,,SD,Oral (Gavage),,,,,,,,,,,,,,,,,,,,,,Male,Main,"National Institute of Health Sciences, Japan",Blood cell (Leukocyte),RDT,Research Institute for Animal Science in Biochemistry & Toxicology,Hematological examination,1000,mg/kg bdwt/d,Administered dose(mass),30,mg/kg bdwt/d,Administered dose(mass),0,d,Time,,,,,,,,,,,,,,,,,,,,,,,,,,,,,,,,,,,,,,,,,,,,,,,,,,,,,,,,,,,,,,,28,d,Time,,,1000,,mg/kg bdwt/d,Administered dose(mass),,,1000,,mg/kg/d,Administered dose(mass),,
78-42-2,"Phosphoric acid, tris(2-ethylhexyl) ester;tris (2-ethylhexyl) phosphate;Tris(2-ethylhexyl) phosphate;tris(2-ethylhexyl)ester phosphoric acid;tris(2-ethylhexyl)ester_phosphoric_acid;tris(2-ethylhexyl)phosphate;Tris(2-ethylhexyl)phosphate (TEHP)",,,,,,,,,,,,,,,,,,,,,,,,,,,,,,,,,,,,,,,,,,,,,,,,,,,,,,,,,,,,,,,,,,,,,,,,,,,,,,,,,,,,,,,,,,,,,,,,,,,,,,,,,,,,,,,,,,,,,,,,,,,,,,,,Human Health Hazards#Repeated Dose Toxicity,Repeated Dose Toxicity HESS,1993,,NOEL,OECD TG 407,False,No qualifier,Equal,,,,,,,,,,,Rat,,,,,,,,,,,,,,,,,,,,,,,,,,,,,,,,,,,,,,LYMPH↑,,,,,,,,,,,,,,,,,,,,,,,,,,,,,,,,99.7,None,,,,,,,,,,,,,,,,,,,,,,,,,,,,,,,,,,,,,,,,,,,,,,,,,,,,,,,,,,,,,,,,SD,Oral (Gavage),,,,,,,,,,,,,,,,,,,,,,Female,Main,"National Institute of Health Sciences, Japan",Blood cell (Leukocyte),RDT,Research Institute for Animal Science in Biochemistry & Toxicology,Hematological examination,1000,mg/kg bdwt/d,Administered dose(mass),30,mg/kg bdwt/d,Administered dose(mass),0,d,Time,,,,,,,,,,,,,,,,,,,,,,,,,,,,,,,,,,,,,,,,,,,,,,,,,,,,,,,,,,,,,,,28,d,Time,,,1000,,mg/kg bdwt/d,Administered dose(mass),,,1000,,mg/kg/d,Administered dose(mass),,
78-42-2,"Phosphoric acid, tris(2-ethylhexyl) ester;tris (2-ethylhexyl) phosphate;Tris(2-ethylhexyl) phosphate;tris(2-ethylhexyl)ester phosphoric acid;tris(2-ethylhexyl)ester_phosphoric_acid;tris(2-ethylhexyl)phosphate;Tris(2-ethylhexyl)phosphate (TEHP)",,,,,,,,,,,,,,,,,,,,,,,,,,,,,,,,,,,,,,,,,,,,,,,,,,,,,,,,,,,,,,,,,,,,,,,,,,,,,,,,,,,,,,,,,,,,,,,,,,,,,,,,,,,,,,,,,,,,,,,,,,,,,,,,Human Health Hazards#Repeated Dose Toxicity,Repeated Dose Toxicity HESS,1993,,NOEL,OECD TG 407,False,No qualifier,Equal,,,,,,,,,,,Rat,,,,,,,,,,,,,,,,,,,,,,,,,,,,,,,,,,,,,,LYMPH↑,,,,,,,,,,,,,,,,,,,,,,,,,,,,,,,,99.7,None,,,,,,,,,,,,,,,,,,,,,,,,,,,,,,,,,,,,,,,,,,,,,,,,,,,,,,,,,,,,,,,,SD,Oral (Gavage),,,,,,,,,,,,,,,,,,,,,,Male,Main,"National Institute of Health Sciences, Japan",Blood cell (Leukocyte),RDT,Research Institute for Animal Science in Biochemistry & Toxicology,Hematological examination,1000,mg/kg bdwt/d,Administered dose(mass),30,mg/kg bdwt/d,Administered dose(mass),0,d,Time,,,,,,,,,,,,,,,,,,,,,,,,,,,,,,,,,,,,,,,,,,,,,,,,,,,,,,,,,,,,,,,28,d,Time,,,1000,,mg/kg bdwt/d,Administered dose(mass),,,1000,,mg/kg/d,Administered dose(mass),,
78-42-2,"Phosphoric acid, tris(2-ethylhexyl) ester;tris (2-ethylhexyl) phosphate;Tris(2-ethylhexyl) phosphate;tris(2-ethylhexyl)ester phosphoric acid;tris(2-ethylhexyl)ester_phosphoric_acid;tris(2-ethylhexyl)phosphate;Tris(2-ethylhexyl)phosphate (TEHP)",,,,,,,,,,,,,,,,,,,,,,,,,,,,,,,,,,,,,,,,,,,,,,,,,,,,,,,,,,,,,,,,,,,,,,,,,,,,,,,,,,,,,,,,,,,,,,,,,,,,,,,,,,,,,,,,,,,,,,,,,,,,,,,,Human Health Hazards#Repeated Dose Toxicity,Repeated Dose Toxicity HESS,1993,,NOEL,OECD TG 407,False,No qualifier,Equal,,,,,,,,,,,Rat,,,,,,,,,,,,,,,,,,,,,,,,,,,,,,,,,,,,,,LYMPH↓,,,,,,,,,,,,,,,,,,,,,,,,,,,,,,,,99.7,None,,,,,,,,,,,,,,,,,,,,,,,,,,,,,,,,,,,,,,,,,,,,,,,,,,,,,,,,,,,,,,,,SD,Oral (Gavage),,,,,,,,,,,,,,,,,,,,,,Female,Main,"National Institute of Health Sciences, Japan",Blood cell (Leukocyte),RDT,Research Institute for Animal Science in Biochemistry & Toxicology,Hematological examination,1000,mg/kg bdwt/d,Administered dose(mass),30,mg/kg bdwt/d,Administered dose(mass),0,d,Time,,,,,,,,,,,,,,,,,,,,,,,,,,,,,,,,,,,,,,,,,,,,,,,,,,,,,,,,,,,,,,,28,d,Time,,,1000,,mg/kg bdwt/d,Administered dose(mass),,,1000,,mg/kg/d,Administered dose(mass),,
78-42-2,"Phosphoric acid, tris(2-ethylhexyl) ester;tris (2-ethylhexyl) phosphate;Tris(2-ethylhexyl) phosphate;tris(2-ethylhexyl)ester phosphoric acid;tris(2-ethylhexyl)ester_phosphoric_acid;tris(2-ethylhexyl)phosphate;Tris(2-ethylhexyl)phosphate (TEHP)",,,,,,,,,,,,,,,,,,,,,,,,,,,,,,,,,,,,,,,,,,,,,,,,,,,,,,,,,,,,,,,,,,,,,,,,,,,,,,,,,,,,,,,,,,,,,,,,,,,,,,,,,,,,,,,,,,,,,,,,,,,,,,,,Human Health Hazards#Repeated Dose Toxicity,Repeated Dose Toxicity HESS,1993,,NOEL,OECD TG 407,False,No qualifier,Equal,,,,,,,,,,,Rat,,,,,,,,,,,,,,,,,,,,,,,,,,,,,,,,,,,,,,LYMPH↓,,,,,,,,,,,,,,,,,,,,,,,,,,,,,,,,99.7,None,,,,,,,,,,,,,,,,,,,,,,,,,,,,,,,,,,,,,,,,,,,,,,,,,,,,,,,,,,,,,,,,SD,Oral (Gavage),,,,,,,,,,,,,,,,,,,,,,Male,Main,"National Institute of Health Sciences, Japan",Blood cell (Leukocyte),RDT,Research Institute for Animal Science in Biochemistry & Toxicology,Hematological examination,1000,mg/kg bdwt/d,Administered dose(mass),30,mg/kg bdwt/d,Administered dose(mass),0,d,Time,,,,,,,,,,,,,,,,,,,,,,,,,,,,,,,,,,,,,,,,,,,,,,,,,,,,,,,,,,,,,,,28,d,Time,,,1000,,mg/kg bdwt/d,Administered dose(mass),,,1000,,mg/kg/d,Administered dose(mass),,
78-42-2,"Phosphoric acid, tris(2-ethylhexyl) ester;tris (2-ethylhexyl) phosphate;Tris(2-ethylhexyl) phosphate;tris(2-ethylhexyl)ester phosphoric acid;tris(2-ethylhexyl)ester_phosphoric_acid;tris(2-ethylhexyl)phosphate;Tris(2-ethylhexyl)phosphate (TEHP)",,,,,,,,,,,,,,,,,,,,,,,,,,,,,,,,,,,,,,,,,,,,,,,,,,,,,,,,,,,,,,,,,,,,,,,,,,,,,,,,,,,,,,,,,,,,,,,,,,,,,,,,,,,,,,,,,,,,,,,,,,,,,,,,Human Health Hazards#Repeated Dose Toxicity,Repeated Dose Toxicity HESS,1993,,NOEL,OECD TG 407,False,No qualifier,Equal,,,,,,,,,,,Rat,,,,,,,,,,,,,,,,,,,,,,,,,,,,,,,,,,,,,,MONO↑,,,,,,,,,,,,,,,,,,,,,,,,,,,,,,,,99.7,None,,,,,,,,,,,,,,,,,,,,,,,,,,,,,,,,,,,,,,,,,,,,,,,,,,,,,,,,,,,,,,,,SD,Oral (Gavage),,,,,,,,,,,,,,,,,,,,,,Female,Main,"National Institute of Health Sciences, Japan",Blood cell (Leukocyte),RDT,Research Institute for Animal Science in Biochemistry & Toxicology,Hematological examination,1000,mg/kg bdwt/d,Administered dose(mass),30,mg/kg bdwt/d,Administered dose(mass),0,d,Time,,,,,,,,,,,,,,,,,,,,,,,,,,,,,,,,,,,,,,,,,,,,,,,,,,,,,,,,,,,,,,,28,d,Time,,,1000,,mg/kg bdwt/d,Administered dose(mass),,,1000,,mg/kg/d,Administered dose(mass),,
78-42-2,"Phosphoric acid, tris(2-ethylhexyl) ester;tris (2-ethylhexyl) phosphate;Tris(2-ethylhexyl) phosphate;tris(2-ethylhexyl)ester phosphoric acid;tris(2-ethylhexyl)ester_phosphoric_acid;tris(2-ethylhexyl)phosphate;Tris(2-ethylhexyl)phosphate (TEHP)",,,,,,,,,,,,,,,,,,,,,,,,,,,,,,,,,,,,,,,,,,,,,,,,,,,,,,,,,,,,,,,,,,,,,,,,,,,,,,,,,,,,,,,,,,,,,,,,,,,,,,,,,,,,,,,,,,,,,,,,,,,,,,,,Human Health Hazards#Repeated Dose Toxicity,Repeated Dose Toxicity HESS,1993,,NOEL,OECD TG 407,False,No qualifier,Equal,,,,,,,,,,,Rat,,,,,,,,,,,,,,,,,,,,,,,,,,,,,,,,,,,,,,MONO↑,,,,,,,,,,,,,,,,,,,,,,,,,,,,,,,,99.7,None,,,,,,,,,,,,,,,,,,,,,,,,,,,,,,,,,,,,,,,,,,,,,,,,,,,,,,,,,,,,,,,,SD,Oral (Gavage),,,,,,,,,,,,,,,,,,,,,,Male,Main,"National Institute of Health Sciences, Japan",Blood cell (Leukocyte),RDT,Research Institute for Animal Science in Biochemistry & Toxicology,Hematological examination,1000,mg/kg bdwt/d,Administered dose(mass),30,mg/kg bdwt/d,Administered dose(mass),0,d,Time,,,,,,,,,,,,,,,,,,,,,,,,,,,,,,,,,,,,,,,,,,,,,,,,,,,,,,,,,,,,,,,28,d,Time,,,1000,,mg/kg bdwt/d,Administered dose(mass),,,1000,,mg/kg/d,Administered dose(mass),,
78-42-2,"Phosphoric acid, tris(2-ethylhexyl) ester;tris (2-ethylhexyl) phosphate;Tris(2-ethylhexyl) phosphate;tris(2-ethylhexyl)ester phosphoric acid;tris(2-ethylhexyl)ester_phosphoric_acid;tris(2-ethylhexyl)phosphate;Tris(2-ethylhexyl)phosphate (TEHP)",,,,,,,,,,,,,,,,,,,,,,,,,,,,,,,,,,,,,,,,,,,,,,,,,,,,,,,,,,,,,,,,,,,,,,,,,,,,,,,,,,,,,,,,,,,,,,,,,,,,,,,,,,,,,,,,,,,,,,,,,,,,,,,,Human Health Hazards#Repeated Dose Toxicity,Repeated Dose Toxicity HESS,1993,,NOEL,OECD TG 407,False,No qualifier,Equal,,,,,,,,,,,Rat,,,,,,,,,,,,,,,,,,,,,,,,,,,,,,,,,,,,,,MONO↓,,,,,,,,,,,,,,,,,,,,,,,,,,,,,,,,99.7,None,,,,,,,,,,,,,,,,,,,,,,,,,,,,,,,,,,,,,,,,,,,,,,,,,,,,,,,,,,,,,,,,SD,Oral (Gavage),,,,,,,,,,,,,,,,,,,,,,Female,Main,"National Institute of Health Sciences, Japan",Blood cell (Leukocyte),RDT,Research Institute for Animal Science in Biochemistry & Toxicology,Hematological examination,1000,mg/kg bdwt/d,Administered dose(mass),30,mg/kg bdwt/d,Administered dose(mass),0,d,Time,,,,,,,,,,,,,,,,,,,,,,,,,,,,,,,,,,,,,,,,,,,,,,,,,,,,,,,,,,,,,,,28,d,Time,,,1000,,mg/kg bdwt/d,Administered dose(mass),,,1000,,mg/kg/d,Administered dose(mass),,
78-42-2,"Phosphoric acid, tris(2-ethylhexyl) ester;tris (2-ethylhexyl) phosphate;Tris(2-ethylhexyl) phosphate;tris(2-ethylhexyl)ester phosphoric acid;tris(2-ethylhexyl)ester_phosphoric_acid;tris(2-ethylhexyl)phosphate;Tris(2-ethylhexyl)phosphate (TEHP)",,,,,,,,,,,,,,,,,,,,,,,,,,,,,,,,,,,,,,,,,,,,,,,,,,,,,,,,,,,,,,,,,,,,,,,,,,,,,,,,,,,,,,,,,,,,,,,,,,,,,,,,,,,,,,,,,,,,,,,,,,,,,,,,Human Health Hazards#Repeated Dose Toxicity,Repeated Dose Toxicity HESS,1993,,NOEL,OECD TG 407,False,No qualifier,Equal,,,,,,,,,,,Rat,,,,,,,,,,,,,,,,,,,,,,,,,,,,,,,,,,,,,,MONO↓,,,,,,,,,,,,,,,,,,,,,,,,,,,,,,,,99.7,None,,,,,,,,,,,,,,,,,,,,,,,,,,,,,,,,,,,,,,,,,,,,,,,,,,,,,,,,,,,,,,,,SD,Oral (Gavage),,,,,,,,,,,,,,,,,,,,,,Male,Main,"National Institute of Health Sciences, Japan",Blood cell (Leukocyte),RDT,Research Institute for Animal Science in Biochemistry & Toxicology,Hematological examination,1000,mg/kg bdwt/d,Administered dose(mass),30,mg/kg bdwt/d,Administered dose(mass),0,d,Time,,,,,,,,,,,,,,,,,,,,,,,,,,,,,,,,,,,,,,,,,,,,,,,,,,,,,,,,,,,,,,,28,d,Time,,,1000,,mg/kg bdwt/d,Administered dose(mass),,,1000,,mg/kg/d,Administered dose(mass),,
78-42-2,"Phosphoric acid, tris(2-ethylhexyl) ester;tris (2-ethylhexyl) phosphate;Tris(2-ethylhexyl) phosphate;tris(2-ethylhexyl)ester phosphoric acid;tris(2-ethylhexyl)ester_phosphoric_acid;tris(2-ethylhexyl)phosphate;Tris(2-ethylhexyl)phosphate (TEHP)",,,,,,,,,,,,,,,,,,,,,,,,,,,,,,,,,,,,,,,,,,,,,,,,,,,,,,,,,,,,,,,,,,,,,,,,,,,,,,,,,,,,,,,,,,,,,,,,,,,,,,,,,,,,,,,,,,,,,,,,,,,,,,,,Human Health Hazards#Repeated Dose Toxicity,Repeated Dose Toxicity HESS,1993,,NOEL,OECD TG 407,False,No qualifier,Equal,,,,,,,,,,,Rat,,,,,,,,,,,,,,,,,,,,,,,,,,,,,,,,,,,,,,NEUT↑,,,,,,,,,,,,,,,,,,,,,,,,,,,,,,,,99.7,None,,,,,,,,,,,,,,,,,,,,,,,,,,,,,,,,,,,,,,,,,,,,,,,,,,,,,,,,,,,,,,,,SD,Oral (Gavage),,,,,,,,,,,,,,,,,,,,,,Female,Main,"National Institute of Health Sciences, Japan",Blood cell (Leukocyte),RDT,Research Institute for Animal Science in Biochemistry & Toxicology,Hematological examination,1000,mg/kg bdwt/d,Administered dose(mass),30,mg/kg bdwt/d,Administered dose(mass),0,d,Time,,,,,,,,,,,,,,,,,,,,,,,,,,,,,,,,,,,,,,,,,,,,,,,,,,,,,,,,,,,,,,,28,d,Time,,,1000,,mg/kg bdwt/d,Administered dose(mass),,,1000,,mg/kg/d,Administered dose(mass),,
78-42-2,"Phosphoric acid, tris(2-ethylhexyl) ester;tris (2-ethylhexyl) phosphate;Tris(2-ethylhexyl) phosphate;tris(2-ethylhexyl)ester phosphoric acid;tris(2-ethylhexyl)ester_phosphoric_acid;tris(2-ethylhexyl)phosphate;Tris(2-ethylhexyl)phosphate (TEHP)",,,,,,,,,,,,,,,,,,,,,,,,,,,,,,,,,,,,,,,,,,,,,,,,,,,,,,,,,,,,,,,,,,,,,,,,,,,,,,,,,,,,,,,,,,,,,,,,,,,,,,,,,,,,,,,,,,,,,,,,,,,,,,,,Human Health Hazards#Repeated Dose Toxicity,Repeated Dose Toxicity HESS,1993,,NOEL,OECD TG 407,False,No qualifier,Equal,,,,,,,,,,,Rat,,,,,,,,,,,,,,,,,,,,,,,,,,,,,,,,,,,,,,NEUT↑,,,,,,,,,,,,,,,,,,,,,,,,,,,,,,,,99.7,None,,,,,,,,,,,,,,,,,,,,,,,,,,,,,,,,,,,,,,,,,,,,,,,,,,,,,,,,,,,,,,,,SD,Oral (Gavage),,,,,,,,,,,,,,,,,,,,,,Male,Main,"National Institute of Health Sciences, Japan",Blood cell (Leukocyte),RDT,Research Institute for Animal Science in Biochemistry & Toxicology,Hematological examination,1000,mg/kg bdwt/d,Administered dose(mass),30,mg/kg bdwt/d,Administered dose(mass),0,d,Time,,,,,,,,,,,,,,,,,,,,,,,,,,,,,,,,,,,,,,,,,,,,,,,,,,,,,,,,,,,,,,,28,d,Time,,,1000,,mg/kg bdwt/d,Administered dose(mass),,,1000,,mg/kg/d,Administered dose(mass),,
78-42-2,"Phosphoric acid, tris(2-ethylhexyl) ester;tris (2-ethylhexyl) phosphate;Tris(2-ethylhexyl) phosphate;tris(2-ethylhexyl)ester phosphoric acid;tris(2-ethylhexyl)ester_phosphoric_acid;tris(2-ethylhexyl)phosphate;Tris(2-ethylhexyl)phosphate (TEHP)",,,,,,,,,,,,,,,,,,,,,,,,,,,,,,,,,,,,,,,,,,,,,,,,,,,,,,,,,,,,,,,,,,,,,,,,,,,,,,,,,,,,,,,,,,,,,,,,,,,,,,,,,,,,,,,,,,,,,,,,,,,,,,,,Human Health Hazards#Repeated Dose Toxicity,Repeated Dose Toxicity HESS,1993,,NOEL,OECD TG 407,False,No qualifier,Equal,,,,,,,,,,,Rat,,,,,,,,,,,,,,,,,,,,,,,,,,,,,,,,,,,,,,NEUT↓,,,,,,,,,,,,,,,,,,,,,,,,,,,,,,,,99.7,None,,,,,,,,,,,,,,,,,,,,,,,,,,,,,,,,,,,,,,,,,,,,,,,,,,,,,,,,,,,,,,,,SD,Oral (Gavage),,,,,,,,,,,,,,,,,,,,,,Female,Main,"National Institute of Health Sciences, Japan",Blood cell (Leukocyte),RDT,Research Institute for Animal Science in Biochemistry & Toxicology,Hematological examination,1000,mg/kg bdwt/d,Administered dose(mass),30,mg/kg bdwt/d,Administered dose(mass),0,d,Time,,,,,,,,,,,,,,,,,,,,,,,,,,,,,,,,,,,,,,,,,,,,,,,,,,,,,,,,,,,,,,,28,d,Time,,,1000,,mg/kg bdwt/d,Administered dose(mass),,,1000,,mg/kg/d,Administered dose(mass),,
78-42-2,"Phosphoric acid, tris(2-ethylhexyl) ester;tris (2-ethylhexyl) phosphate;Tris(2-ethylhexyl) phosphate;tris(2-ethylhexyl)ester phosphoric acid;tris(2-ethylhexyl)ester_phosphoric_acid;tris(2-ethylhexyl)phosphate;Tris(2-ethylhexyl)phosphate (TEHP)",,,,,,,,,,,,,,,,,,,,,,,,,,,,,,,,,,,,,,,,,,,,,,,,,,,,,,,,,,,,,,,,,,,,,,,,,,,,,,,,,,,,,,,,,,,,,,,,,,,,,,,,,,,,,,,,,,,,,,,,,,,,,,,,Human Health Hazards#Repeated Dose Toxicity,Repeated Dose Toxicity HESS,1993,,NOEL,OECD TG 407,False,No qualifier,Equal,,,,,,,,,,,Rat,,,,,,,,,,,,,,,,,,,,,,,,,,,,,,,,,,,,,,NEUT↓,,,,,,,,,,,,,,,,,,,,,,,,,,,,,,,,99.7,None,,,,,,,,,,,,,,,,,,,,,,,,,,,,,,,,,,,,,,,,,,,,,,,,,,,,,,,,,,,,,,,,SD,Oral (Gavage),,,,,,,,,,,,,,,,,,,,,,Male,Main,"National Institute of Health Sciences, Japan",Blood cell (Leukocyte),RDT,Research Institute for Animal Science in Biochemistry & Toxicology,Hematological examination,1000,mg/kg bdwt/d,Administered dose(mass),30,mg/kg bdwt/d,Administered dose(mass),0,d,Time,,,,,,,,,,,,,,,,,,,,,,,,,,,,,,,,,,,,,,,,,,,,,,,,,,,,,,,,,,,,,,,28,d,Time,,,1000,,mg/kg bdwt/d,Administered dose(mass),,,1000,,mg/kg/d,Administered dose(mass),,
78-42-2,"Phosphoric acid, tris(2-ethylhexyl) ester;tris (2-ethylhexyl) phosphate;Tris(2-ethylhexyl) phosphate;tris(2-ethylhexyl)ester phosphoric acid;tris(2-ethylhexyl)ester_phosphoric_acid;tris(2-ethylhexyl)phosphate;Tris(2-ethylhexyl)phosphate (TEHP)",,,,,,,,,,,,,,,,,,,,,,,,,,,,,,,,,,,,,,,,,,,,,,,,,,,,,,,,,,,,,,,,,,,,,,,,,,,,,,,,,,,,,,,,,,,,,,,,,,,,,,,,,,,,,,,,,,,,,,,,,,,,,,,,Human Health Hazards#Repeated Dose Toxicity,Repeated Dose Toxicity HESS,1993,,NOEL,OECD TG 407,False,No qualifier,Equal,,,,,,,,,,,Rat,,,,,,,,,,,,,,,,,,,,,,,,,,,,,,,,,,,,,,WBC↑,,,,,,,,,,,,,,,,,,,,,,,,,,,,,,,,99.7,None,,,,,,,,,,,,,,,,,,,,,,,,,,,,,,,,,,,,,,,,,,,,,,,,,,,,,,,,,,,,,,,,SD,Oral (Gavage),,,,,,,,,,,,,,,,,,,,,,Female,Main,"National Institute of Health Sciences, Japan",Blood cell (Leukocyte),RDT,Research Institute for Animal Science in Biochemistry & Toxicology,Hematological examination,1000,mg/kg bdwt/d,Administered dose(mass),30,mg/kg bdwt/d,Administered dose(mass),0,d,Time,,,,,,,,,,,,,,,,,,,,,,,,,,,,,,,,,,,,,,,,,,,,,,,,,,,,,,,,,,,,,,,28,d,Time,,,1000,,mg/kg bdwt/d,Administered dose(mass),,,1000,,mg/kg/d,Administered dose(mass),,
78-42-2,"Phosphoric acid, tris(2-ethylhexyl) ester;tris (2-ethylhexyl) phosphate;Tris(2-ethylhexyl) phosphate;tris(2-ethylhexyl)ester phosphoric acid;tris(2-ethylhexyl)ester_phosphoric_acid;tris(2-ethylhexyl)phosphate;Tris(2-ethylhexyl)phosphate (TEHP)",,,,,,,,,,,,,,,,,,,,,,,,,,,,,,,,,,,,,,,,,,,,,,,,,,,,,,,,,,,,,,,,,,,,,,,,,,,,,,,,,,,,,,,,,,,,,,,,,,,,,,,,,,,,,,,,,,,,,,,,,,,,,,,,Human Health Hazards#Repeated Dose Toxicity,Repeated Dose Toxicity HESS,1993,,NOEL,OECD TG 407,False,No qualifier,Equal,,,,,,,,,,,Rat,,,,,,,,,,,,,,,,,,,,,,,,,,,,,,,,,,,,,,WBC↑,,,,,,,,,,,,,,,,,,,,,,,,,,,,,,,,99.7,None,,,,,,,,,,,,,,,,,,,,,,,,,,,,,,,,,,,,,,,,,,,,,,,,,,,,,,,,,,,,,,,,SD,Oral (Gavage),,,,,,,,,,,,,,,,,,,,,,Male,Main,"National Institute of Health Sciences, Japan",Blood cell (Leukocyte),RDT,Research Institute for Animal Science in Biochemistry & Toxicology,Hematological examination,1000,mg/kg bdwt/d,Administered dose(mass),30,mg/kg bdwt/d,Administered dose(mass),0,d,Time,,,,,,,,,,,,,,,,,,,,,,,,,,,,,,,,,,,,,,,,,,,,,,,,,,,,,,,,,,,,,,,28,d,Time,,,1000,,mg/kg bdwt/d,Administered dose(mass),,,1000,,mg/kg/d,Administered dose(mass),,
78-42-2,"Phosphoric acid, tris(2-ethylhexyl) ester;tris (2-ethylhexyl) phosphate;Tris(2-ethylhexyl) phosphate;tris(2-ethylhexyl)ester phosphoric acid;tris(2-ethylhexyl)ester_phosphoric_acid;tris(2-ethylhexyl)phosphate;Tris(2-ethylhexyl)phosphate (TEHP)",,,,,,,,,,,,,,,,,,,,,,,,,,,,,,,,,,,,,,,,,,,,,,,,,,,,,,,,,,,,,,,,,,,,,,,,,,,,,,,,,,,,,,,,,,,,,,,,,,,,,,,,,,,,,,,,,,,,,,,,,,,,,,,,Human Health Hazards#Repeated Dose Toxicity,Repeated Dose Toxicity HESS,1993,,NOEL,OECD TG 407,False,No qualifier,Equal,,,,,,,,,,,Rat,,,,,,,,,,,,,,,,,,,,,,,,,,,,,,,,,,,,,,WBC↓,,,,,,,,,,,,,,,,,,,,,,,,,,,,,,,,99.7,None,,,,,,,,,,,,,,,,,,,,,,,,,,,,,,,,,,,,,,,,,,,,,,,,,,,,,,,,,,,,,,,,SD,Oral (Gavage),,,,,,,,,,,,,,,,,,,,,,Female,Main,"National Institute of Health Sciences, Japan",Blood cell (Leukocyte),RDT,Research Institute for Animal Science in Biochemistry & Toxicology,Hematological examination,1000,mg/kg bdwt/d,Administered dose(mass),30,mg/kg bdwt/d,Administered dose(mass),0,d,Time,,,,,,,,,,,,,,,,,,,,,,,,,,,,,,,,,,,,,,,,,,,,,,,,,,,,,,,,,,,,,,,28,d,Time,,,1000,,mg/kg bdwt/d,Administered dose(mass),,,1000,,mg/kg/d,Administered dose(mass),,
78-42-2,"Phosphoric acid, tris(2-ethylhexyl) ester;tris (2-ethylhexyl) phosphate;Tris(2-ethylhexyl) phosphate;tris(2-ethylhexyl)ester phosphoric acid;tris(2-ethylhexyl)ester_phosphoric_acid;tris(2-ethylhexyl)phosphate;Tris(2-ethylhexyl)phosphate (TEHP)",,,,,,,,,,,,,,,,,,,,,,,,,,,,,,,,,,,,,,,,,,,,,,,,,,,,,,,,,,,,,,,,,,,,,,,,,,,,,,,,,,,,,,,,,,,,,,,,,,,,,,,,,,,,,,,,,,,,,,,,,,,,,,,,Human Health Hazards#Repeated Dose Toxicity,Repeated Dose Toxicity HESS,1993,,NOEL,OECD TG 407,False,No qualifier,Equal,,,,,,,,,,,Rat,,,,,,,,,,,,,,,,,,,,,,,,,,,,,,,,,,,,,,WBC↓,,,,,,,,,,,,,,,,,,,,,,,,,,,,,,,,99.7,None,,,,,,,,,,,,,,,,,,,,,,,,,,,,,,,,,,,,,,,,,,,,,,,,,,,,,,,,,,,,,,,,SD,Oral (Gavage),,,,,,,,,,,,,,,,,,,,,,Male,Main,"National Institute of Health Sciences, Japan",Blood cell (Leukocyte),RDT,Research Institute for Animal Science in Biochemistry & Toxicology,Hematological examination,1000,mg/kg bdwt/d,Administered dose(mass),30,mg/kg bdwt/d,Administered dose(mass),0,d,Time,,,,,,,,,,,,,,,,,,,,,,,,,,,,,,,,,,,,,,,,,,,,,,,,,,,,,,,,,,,,,,,28,d,Time,,,1000,,mg/kg bdwt/d,Administered dose(mass),,,1000,,mg/kg/d,Administered dose(mass),,
78-42-2,"Phosphoric acid, tris(2-ethylhexyl) ester;tris (2-ethylhexyl) phosphate;Tris(2-ethylhexyl) phosphate;tris(2-ethylhexyl)ester phosphoric acid;tris(2-ethylhexyl)ester_phosphoric_acid;tris(2-ethylhexyl)phosphate;Tris(2-ethylhexyl)phosphate (TEHP)",,,,,,,,,,,,,,,,,,,,,,,,,,,,,,,,,,,,,,,,,,,,,,,,,,,,,,,,,,,,,,,,,,,,,,,,,,,,,,,,,,,,,,,,,,,,,,,,,,,,,,,,,,,,,,,,,,,,,,,,,,,,,,,,Human Health Hazards#Repeated Dose Toxicity,Repeated Dose Toxicity HESS,1993,,NOEL,OECD TG 407,False,No qualifier,Equal,,,,,,,,,,,Rat,,,,,,,,,,,,,,,,,,,,,,,,,,,,,,,,,,,,,,PLT↑,,,,,,,,,,,,,,,,,,,,,,,,,,,,,,,,99.7,None,,,,,,,,,,,,,,,,,,,,,,,,,,,,,,,,,,,,,,,,,,,,,,,,,,,,,,,,,,,,,,,,SD,Oral (Gavage),,,,,,,,,,,,,,,,,,,,,,Female,Main,"National Institute of Health Sciences, Japan",Blood cell (Platelet),RDT,Research Institute for Animal Science in Biochemistry & Toxicology,Hematological examination,1000,mg/kg bdwt/d,Administered dose(mass),30,mg/kg bdwt/d,Administered dose(mass),0,d,Time,,,,,,,,,,,,,,,,,,,,,,,,,,,,,,,,,,,,,,,,,,,,,,,,,,,,,,,,,,,,,,,28,d,Time,,,1000,,mg/kg bdwt/d,Administered dose(mass),,,1000,,mg/kg/d,Administered dose(mass),,
78-42-2,"Phosphoric acid, tris(2-ethylhexyl) ester;tris (2-ethylhexyl) phosphate;Tris(2-ethylhexyl) phosphate;tris(2-ethylhexyl)ester phosphoric acid;tris(2-ethylhexyl)ester_phosphoric_acid;tris(2-ethylhexyl)phosphate;Tris(2-ethylhexyl)phosphate (TEHP)",,,,,,,,,,,,,,,,,,,,,,,,,,,,,,,,,,,,,,,,,,,,,,,,,,,,,,,,,,,,,,,,,,,,,,,,,,,,,,,,,,,,,,,,,,,,,,,,,,,,,,,,,,,,,,,,,,,,,,,,,,,,,,,,Human Health Hazards#Repeated Dose Toxicity,Repeated Dose Toxicity HESS,1993,,NOEL,OECD TG 407,False,No qualifier,Equal,,,,,,,,,,,Rat,,,,,,,,,,,,,,,,,,,,,,,,,,,,,,,,,,,,,,PLT↑,,,,,,,,,,,,,,,,,,,,,,,,,,,,,,,,99.7,None,,,,,,,,,,,,,,,,,,,,,,,,,,,,,,,,,,,,,,,,,,,,,,,,,,,,,,,,,,,,,,,,SD,Oral (Gavage),,,,,,,,,,,,,,,,,,,,,,Male,Main,"National Institute of Health Sciences, Japan",Blood cell (Platelet),RDT,Research Institute for Animal Science in Biochemistry & Toxicology,Hematological examination,1000,mg/kg bdwt/d,Administered dose(mass),30,mg/kg bdwt/d,Administered dose(mass),0,d,Time,,,,,,,,,,,,,,,,,,,,,,,,,,,,,,,,,,,,,,,,,,,,,,,,,,,,,,,,,,,,,,,28,d,Time,,,1000,,mg/kg bdwt/d,Administered dose(mass),,,1000,,mg/kg/d,Administered dose(mass),,
78-42-2,"Phosphoric acid, tris(2-ethylhexyl) ester;tris (2-ethylhexyl) phosphate;Tris(2-ethylhexyl) phosphate;tris(2-ethylhexyl)ester phosphoric acid;tris(2-ethylhexyl)ester_phosphoric_acid;tris(2-ethylhexyl)phosphate;Tris(2-ethylhexyl)phosphate (TEHP)",,,,,,,,,,,,,,,,,,,,,,,,,,,,,,,,,,,,,,,,,,,,,,,,,,,,,,,,,,,,,,,,,,,,,,,,,,,,,,,,,,,,,,,,,,,,,,,,,,,,,,,,,,,,,,,,,,,,,,,,,,,,,,,,Human Health Hazards#Repeated Dose Toxicity,Repeated Dose Toxicity HESS,1993,,NOEL,OECD TG 407,False,No qualifier,Equal,,,,,,,,,,,Rat,,,,,,,,,,,,,,,,,,,,,,,,,,,,,,,,,,,,,,PLT↓,,,,,,,,,,,,,,,,,,,,,,,,,,,,,,,,99.7,None,,,,,,,,,,,,,,,,,,,,,,,,,,,,,,,,,,,,,,,,,,,,,,,,,,,,,,,,,,,,,,,,SD,Oral (Gavage),,,,,,,,,,,,,,,,,,,,,,Female,Main,"National Institute of Health Sciences, Japan",Blood cell (Platelet),RDT,Research Institute for Animal Science in Biochemistry & Toxicology,Hematological examination,1000,mg/kg bdwt/d,Administered dose(mass),30,mg/kg bdwt/d,Administered dose(mass),0,d,Time,,,,,,,,,,,,,,,,,,,,,,,,,,,,,,,,,,,,,,,,,,,,,,,,,,,,,,,,,,,,,,,28,d,Time,,,1000,,mg/kg bdwt/d,Administered dose(mass),,,1000,,mg/kg/d,Administered dose(mass),,
78-42-2,"Phosphoric acid, tris(2-ethylhexyl) ester;tris (2-ethylhexyl) phosphate;Tris(2-ethylhexyl) phosphate;tris(2-ethylhexyl)ester phosphoric acid;tris(2-ethylhexyl)ester_phosphoric_acid;tris(2-ethylhexyl)phosphate;Tris(2-ethylhexyl)phosphate (TEHP)",,,,,,,,,,,,,,,,,,,,,,,,,,,,,,,,,,,,,,,,,,,,,,,,,,,,,,,,,,,,,,,,,,,,,,,,,,,,,,,,,,,,,,,,,,,,,,,,,,,,,,,,,,,,,,,,,,,,,,,,,,,,,,,,Human Health Hazards#Repeated Dose Toxicity,Repeated Dose Toxicity HESS,1993,,NOEL,OECD TG 407,False,No qualifier,Equal,,,,,,,,,,,Rat,,,,,,,,,,,,,,,,,,,,,,,,,,,,,,,,,,,,,,PLT↓,,,,,,,,,,,,,,,,,,,,,,,,,,,,,,,,99.7,None,,,,,,,,,,,,,,,,,,,,,,,,,,,,,,,,,,,,,,,,,,,,,,,,,,,,,,,,,,,,,,,,SD,Oral (Gavage),,,,,,,,,,,,,,,,,,,,,,Male,Main,"National Institute of Health Sciences, Japan",Blood cell (Platelet),RDT,Research Institute for Animal Science in Biochemistry & Toxicology,Hematological examination,1000,mg/kg bdwt/d,Administered dose(mass),30,mg/kg bdwt/d,Administered dose(mass),0,d,Time,,,,,,,,,,,,,,,,,,,,,,,,,,,,,,,,,,,,,,,,,,,,,,,,,,,,,,,,,,,,,,,28,d,Time,,,1000,,mg/kg bdwt/d,Administered dose(mass),,,1000,,mg/kg/d,Administered dose(mass),,
78-42-2,"Phosphoric acid, tris(2-ethylhexyl) ester;tris (2-ethylhexyl) phosphate;Tris(2-ethylhexyl) phosphate;tris(2-ethylhexyl)ester phosphoric acid;tris(2-ethylhexyl)ester_phosphoric_acid;tris(2-ethylhexyl)phosphate;Tris(2-ethylhexyl)phosphate (TEHP)",,,,,,,,,,,,,,,,,,,,,,,,,,,,,,,,,,,,,,,,,,,,,,,,,,,,,,,,,,,,,,,,,,,,,,,,,,,,,,,,,,,,,,,,,,,,,,,,,,,,,,,,,,,,,,,,,,,,,,,,,,,,,,,,Human Health Hazards#Repeated Dose Toxicity,Repeated Dose Toxicity HESS,1993,,NOEL,OECD TG 407,False,No qualifier,Equal,,,,,,,,,,,Rat,,,,,,,,,,,,,,,,,,,,,,,,,,,,,,,,,,,,,,T. Bilirubin↑,,,,,,,,,,,,,,,,,,,,,,,,,,,,,,,,99.7,None,,,,,,,,,,,,,,,,,,,,,,,,,,,,,,,,,,,,,,,,,,,,,,,,,,,,,,,,,,,,,,,,SD,Oral (Gavage),,,,,,,,,,,,,,,,,,,,,,Female,Main,"National Institute of Health Sciences, Japan",Blood serum (Bilirubin),RDT,Research Institute for Animal Science in Biochemistry & Toxicology,Blood chemical examination,1000,mg/kg bdwt/d,Administered dose(mass),30,mg/kg bdwt/d,Administered dose(mass),0,d,Time,,,,,,,,,,,,,,,,,,,,,,,,,,,,,,,,,,,,,,,,,,,,,,,,,,,,,,,,,,,,,,,28,d,Time,,,1000,,mg/kg bdwt/d,Administered dose(mass),,,1000,,mg/kg/d,Administered dose(mass),,
78-42-2,"Phosphoric acid, tris(2-ethylhexyl) ester;tris (2-ethylhexyl) phosphate;Tris(2-ethylhexyl) phosphate;tris(2-ethylhexyl)ester phosphoric acid;tris(2-ethylhexyl)ester_phosphoric_acid;tris(2-ethylhexyl)phosphate;Tris(2-ethylhexyl)phosphate (TEHP)",,,,,,,,,,,,,,,,,,,,,,,,,,,,,,,,,,,,,,,,,,,,,,,,,,,,,,,,,,,,,,,,,,,,,,,,,,,,,,,,,,,,,,,,,,,,,,,,,,,,,,,,,,,,,,,,,,,,,,,,,,,,,,,,Human Health Hazards#Repeated Dose Toxicity,Repeated Dose Toxicity HESS,1993,,NOEL,OECD TG 407,False,No qualifier,Equal,,,,,,,,,,,Rat,,,,,,,,,,,,,,,,,,,,,,,,,,,,,,,,,,,,,,T. Bilirubin↑,,,,,,,,,,,,,,,,,,,,,,,,,,,,,,,,99.7,None,,,,,,,,,,,,,,,,,,,,,,,,,,,,,,,,,,,,,,,,,,,,,,,,,,,,,,,,,,,,,,,,SD,Oral (Gavage),,,,,,,,,,,,,,,,,,,,,,Male,Main,"National Institute of Health Sciences, Japan",Blood serum (Bilirubin),RDT,Research Institute for Animal Science in Biochemistry & Toxicology,Blood chemical examination,1000,mg/kg bdwt/d,Administered dose(mass),30,mg/kg bdwt/d,Administered dose(mass),0,d,Time,,,,,,,,,,,,,,,,,,,,,,,,,,,,,,,,,,,,,,,,,,,,,,,,,,,,,,,,,,,,,,,28,d,Time,,,1000,,mg/kg bdwt/d,Administered dose(mass),,,1000,,mg/kg/d,Administered dose(mass),,
78-42-2,"Phosphoric acid, tris(2-ethylhexyl) ester;tris (2-ethylhexyl) phosphate;Tris(2-ethylhexyl) phosphate;tris(2-ethylhexyl)ester phosphoric acid;tris(2-ethylhexyl)ester_phosphoric_acid;tris(2-ethylhexyl)phosphate;Tris(2-ethylhexyl)phosphate (TEHP)",,,,,,,,,,,,,,,,,,,,,,,,,,,,,,,,,,,,,,,,,,,,,,,,,,,,,,,,,,,,,,,,,,,,,,,,,,,,,,,,,,,,,,,,,,,,,,,,,,,,,,,,,,,,,,,,,,,,,,,,,,,,,,,,Human Health Hazards#Repeated Dose Toxicity,Repeated Dose Toxicity HESS,1993,,NOEL,OECD TG 407,False,No qualifier,Equal,,,,,,,,,,,Rat,,,,,,,,,,,,,,,,,,,,,,,,,,,,,,,,,,,,,,T. Bilirubin↓,,,,,,,,,,,,,,,,,,,,,,,,,,,,,,,,99.7,None,,,,,,,,,,,,,,,,,,,,,,,,,,,,,,,,,,,,,,,,,,,,,,,,,,,,,,,,,,,,,,,,SD,Oral (Gavage),,,,,,,,,,,,,,,,,,,,,,Female,Main,"National Institute of Health Sciences, Japan",Blood serum (Bilirubin),RDT,Research Institute for Animal Science in Biochemistry & Toxicology,Blood chemical examination,1000,mg/kg bdwt/d,Administered dose(mass),30,mg/kg bdwt/d,Administered dose(mass),0,d,Time,,,,,,,,,,,,,,,,,,,,,,,,,,,,,,,,,,,,,,,,,,,,,,,,,,,,,,,,,,,,,,,28,d,Time,,,1000,,mg/kg bdwt/d,Administered dose(mass),,,1000,,mg/kg/d,Administered dose(mass),,
78-42-2,"Phosphoric acid, tris(2-ethylhexyl) ester;tris (2-ethylhexyl) phosphate;Tris(2-ethylhexyl) phosphate;tris(2-ethylhexyl)ester phosphoric acid;tris(2-ethylhexyl)ester_phosphoric_acid;tris(2-ethylhexyl)phosphate;Tris(2-ethylhexyl)phosphate (TEHP)",,,,,,,,,,,,,,,,,,,,,,,,,,,,,,,,,,,,,,,,,,,,,,,,,,,,,,,,,,,,,,,,,,,,,,,,,,,,,,,,,,,,,,,,,,,,,,,,,,,,,,,,,,,,,,,,,,,,,,,,,,,,,,,,Human Health Hazards#Repeated Dose Toxicity,Repeated Dose Toxicity HESS,1993,,NOEL,OECD TG 407,False,No qualifier,Equal,,,,,,,,,,,Rat,,,,,,,,,,,,,,,,,,,,,,,,,,,,,,,,,,,,,,T. Bilirubin↓,,,,,,,,,,,,,,,,,,,,,,,,,,,,,,,,99.7,None,,,,,,,,,,,,,,,,,,,,,,,,,,,,,,,,,,,,,,,,,,,,,,,,,,,,,,,,,,,,,,,,SD,Oral (Gavage),,,,,,,,,,,,,,,,,,,,,,Male,Main,"National Institute of Health Sciences, Japan",Blood serum (Bilirubin),RDT,Research Institute for Animal Science in Biochemistry & Toxicology,Blood chemical examination,1000,mg/kg bdwt/d,Administered dose(mass),30,mg/kg bdwt/d,Administered dose(mass),0,d,Time,,,,,,,,,,,,,,,,,,,,,,,,,,,,,,,,,,,,,,,,,,,,,,,,,,,,,,,,,,,,,,,28,d,Time,,,1000,,mg/kg bdwt/d,Administered dose(mass),,,1000,,mg/kg/d,Administered dose(mass),,
78-42-2,"Phosphoric acid, tris(2-ethylhexyl) ester;tris (2-ethylhexyl) phosphate;Tris(2-ethylhexyl) phosphate;tris(2-ethylhexyl)ester phosphoric acid;tris(2-ethylhexyl)ester_phosphoric_acid;tris(2-ethylhexyl)phosphate;Tris(2-ethylhexyl)phosphate (TEHP)",,,,,,,,,,,,,,,,,,,,,,,,,,,,,,,,,,,,,,,,,,,,,,,,,,,,,,,,,,,,,,,,,,,,,,,,,,,,,,,,,,,,,,,,,,,,,,,,,,,,,,,,,,,,,,,,,,,,,,,,,,,,,,,,Human Health Hazards#Repeated Dose Toxicity,Repeated Dose Toxicity HESS,1993,,NOEL,OECD TG 407,False,No qualifier,Equal,,,,,,,,,,,Rat,,,,,,,,,,,,,,,,,,,,,,,,,,,,,,,,,,,,,,Calcium↑,,,,,,,,,,,,,,,,,,,,,,,,,,,,,,,,99.7,None,,,,,,,,,,,,,,,,,,,,,,,,,,,,,,,,,,,,,,,,,,,,,,,,,,,,,,,,,,,,,,,,SD,Oral (Gavage),,,,,,,,,,,,,,,,,,,,,,Female,Main,"National Institute of Health Sciences, Japan",Blood serum (Electrolyte),RDT,Research Institute for Animal Science in Biochemistry & Toxicology,Blood chemical examination,1000,mg/kg bdwt/d,Administered dose(mass),30,mg/kg bdwt/d,Administered dose(mass),0,d,Time,,,,,,,,,,,,,,,,,,,,,,,,,,,,,,,,,,,,,,,,,,,,,,,,,,,,,,,,,,,,,,,28,d,Time,,,1000,,mg/kg bdwt/d,Administered dose(mass),,,1000,,mg/kg/d,Administered dose(mass),,
78-42-2,"Phosphoric acid, tris(2-ethylhexyl) ester;tris (2-ethylhexyl) phosphate;Tris(2-ethylhexyl) phosphate;tris(2-ethylhexyl)ester phosphoric acid;tris(2-ethylhexyl)ester_phosphoric_acid;tris(2-ethylhexyl)phosphate;Tris(2-ethylhexyl)phosphate (TEHP)",,,,,,,,,,,,,,,,,,,,,,,,,,,,,,,,,,,,,,,,,,,,,,,,,,,,,,,,,,,,,,,,,,,,,,,,,,,,,,,,,,,,,,,,,,,,,,,,,,,,,,,,,,,,,,,,,,,,,,,,,,,,,,,,Human Health Hazards#Repeated Dose Toxicity,Repeated Dose Toxicity HESS,1993,,NOEL,OECD TG 407,False,No qualifier,Equal,,,,,,,,,,,Rat,,,,,,,,,,,,,,,,,,,,,,,,,,,,,,,,,,,,,,Calcium↑,,,,,,,,,,,,,,,,,,,,,,,,,,,,,,,,99.7,None,,,,,,,,,,,,,,,,,,,,,,,,,,,,,,,,,,,,,,,,,,,,,,,,,,,,,,,,,,,,,,,,SD,Oral (Gavage),,,,,,,,,,,,,,,,,,,,,,Male,Main,"National Institute of Health Sciences, Japan",Blood serum (Electrolyte),RDT,Research Institute for Animal Science in Biochemistry & Toxicology,Blood chemical examination,1000,mg/kg bdwt/d,Administered dose(mass),30,mg/kg bdwt/d,Administered dose(mass),0,d,Time,,,,,,,,,,,,,,,,,,,,,,,,,,,,,,,,,,,,,,,,,,,,,,,,,,,,,,,,,,,,,,,28,d,Time,,,1000,,mg/kg bdwt/d,Administered dose(mass),,,1000,,mg/kg/d,Administered dose(mass),,
78-42-2,"Phosphoric acid, tris(2-ethylhexyl) ester;tris (2-ethylhexyl) phosphate;Tris(2-ethylhexyl) phosphate;tris(2-ethylhexyl)ester phosphoric acid;tris(2-ethylhexyl)ester_phosphoric_acid;tris(2-ethylhexyl)phosphate;Tris(2-ethylhexyl)phosphate (TEHP)",,,,,,,,,,,,,,,,,,,,,,,,,,,,,,,,,,,,,,,,,,,,,,,,,,,,,,,,,,,,,,,,,,,,,,,,,,,,,,,,,,,,,,,,,,,,,,,,,,,,,,,,,,,,,,,,,,,,,,,,,,,,,,,,Human Health Hazards#Repeated Dose Toxicity,Repeated Dose Toxicity HESS,1993,,NOEL,OECD TG 407,False,No qualifier,Equal,,,,,,,,,,,Rat,,,,,,,,,,,,,,,,,,,,,,,,,,,,,,,,,,,,,,Calcium↓,,,,,,,,,,,,,,,,,,,,,,,,,,,,,,,,99.7,None,,,,,,,,,,,,,,,,,,,,,,,,,,,,,,,,,,,,,,,,,,,,,,,,,,,,,,,,,,,,,,,,SD,Oral (Gavage),,,,,,,,,,,,,,,,,,,,,,Female,Main,"National Institute of Health Sciences, Japan",Blood serum (Electrolyte),RDT,Research Institute for Animal Science in Biochemistry & Toxicology,Blood chemical examination,1000,mg/kg bdwt/d,Administered dose(mass),30,mg/kg bdwt/d,Administered dose(mass),0,d,Time,,,,,,,,,,,,,,,,,,,,,,,,,,,,,,,,,,,,,,,,,,,,,,,,,,,,,,,,,,,,,,,28,d,Time,,,1000,,mg/kg bdwt/d,Administered dose(mass),,,1000,,mg/kg/d,Administered dose(mass),,
78-42-2,"Phosphoric acid, tris(2-ethylhexyl) ester;tris (2-ethylhexyl) phosphate;Tris(2-ethylhexyl) phosphate;tris(2-ethylhexyl)ester phosphoric acid;tris(2-ethylhexyl)ester_phosphoric_acid;tris(2-ethylhexyl)phosphate;Tris(2-ethylhexyl)phosphate (TEHP)",,,,,,,,,,,,,,,,,,,,,,,,,,,,,,,,,,,,,,,,,,,,,,,,,,,,,,,,,,,,,,,,,,,,,,,,,,,,,,,,,,,,,,,,,,,,,,,,,,,,,,,,,,,,,,,,,,,,,,,,,,,,,,,,Human Health Hazards#Repeated Dose Toxicity,Repeated Dose Toxicity HESS,1993,,NOEL,OECD TG 407,False,No qualifier,Equal,,,,,,,,,,,Rat,,,,,,,,,,,,,,,,,,,,,,,,,,,,,,,,,,,,,,Calcium↓,,,,,,,,,,,,,,,,,,,,,,,,,,,,,,,,99.7,None,,,,,,,,,,,,,,,,,,,,,,,,,,,,,,,,,,,,,,,,,,,,,,,,,,,,,,,,,,,,,,,,SD,Oral (Gavage),,,,,,,,,,,,,,,,,,,,,,Male,Main,"National Institute of Health Sciences, Japan",Blood serum (Electrolyte),RDT,Research Institute for Animal Science in Biochemistry & Toxicology,Blood chemical examination,1000,mg/kg bdwt/d,Administered dose(mass),30,mg/kg bdwt/d,Administered dose(mass),0,d,Time,,,,,,,,,,,,,,,,,,,,,,,,,,,,,,,,,,,,,,,,,,,,,,,,,,,,,,,,,,,,,,,28,d,Time,,,1000,,mg/kg bdwt/d,Administered dose(mass),,,1000,,mg/kg/d,Administered dose(mass),,
78-42-2,"Phosphoric acid, tris(2-ethylhexyl) ester;tris (2-ethylhexyl) phosphate;Tris(2-ethylhexyl) phosphate;tris(2-ethylhexyl)ester phosphoric acid;tris(2-ethylhexyl)ester_phosphoric_acid;tris(2-ethylhexyl)phosphate;Tris(2-ethylhexyl)phosphate (TEHP)",,,,,,,,,,,,,,,,,,,,,,,,,,,,,,,,,,,,,,,,,,,,,,,,,,,,,,,,,,,,,,,,,,,,,,,,,,,,,,,,,,,,,,,,,,,,,,,,,,,,,,,,,,,,,,,,,,,,,,,,,,,,,,,,Human Health Hazards#Repeated Dose Toxicity,Repeated Dose Toxicity HESS,1993,,NOEL,OECD TG 407,False,No qualifier,Equal,,,,,,,,,,,Rat,,,,,,,,,,,,,,,,,,,,,,,,,,,,,,,,,,,,,,Chloride↑,,,,,,,,,,,,,,,,,,,,,,,,,,,,,,,,99.7,None,,,,,,,,,,,,,,,,,,,,,,,,,,,,,,,,,,,,,,,,,,,,,,,,,,,,,,,,,,,,,,,,SD,Oral (Gavage),,,,,,,,,,,,,,,,,,,,,,Female,Main,"National Institute of Health Sciences, Japan",Blood serum (Electrolyte),RDT,Research Institute for Animal Science in Biochemistry & Toxicology,Blood chemical examination,1000,mg/kg bdwt/d,Administered dose(mass),30,mg/kg bdwt/d,Administered dose(mass),0,d,Time,,,,,,,,,,,,,,,,,,,,,,,,,,,,,,,,,,,,,,,,,,,,,,,,,,,,,,,,,,,,,,,28,d,Time,,,1000,,mg/kg bdwt/d,Administered dose(mass),,,1000,,mg/kg/d,Administered dose(mass),,
78-42-2,"Phosphoric acid, tris(2-ethylhexyl) ester;tris (2-ethylhexyl) phosphate;Tris(2-ethylhexyl) phosphate;tris(2-ethylhexyl)ester phosphoric acid;tris(2-ethylhexyl)ester_phosphoric_acid;tris(2-ethylhexyl)phosphate;Tris(2-ethylhexyl)phosphate (TEHP)",,,,,,,,,,,,,,,,,,,,,,,,,,,,,,,,,,,,,,,,,,,,,,,,,,,,,,,,,,,,,,,,,,,,,,,,,,,,,,,,,,,,,,,,,,,,,,,,,,,,,,,,,,,,,,,,,,,,,,,,,,,,,,,,Human Health Hazards#Repeated Dose Toxicity,Repeated Dose Toxicity HESS,1993,,NOEL,OECD TG 407,False,No qualifier,Equal,,,,,,,,,,,Rat,,,,,,,,,,,,,,,,,,,,,,,,,,,,,,,,,,,,,,Chloride↑,,,,,,,,,,,,,,,,,,,,,,,,,,,,,,,,99.7,None,,,,,,,,,,,,,,,,,,,,,,,,,,,,,,,,,,,,,,,,,,,,,,,,,,,,,,,,,,,,,,,,SD,Oral (Gavage),,,,,,,,,,,,,,,,,,,,,,Male,Main,"National Institute of Health Sciences, Japan",Blood serum (Electrolyte),RDT,Research Institute for Animal Science in Biochemistry & Toxicology,Blood chemical examination,1000,mg/kg bdwt/d,Administered dose(mass),30,mg/kg bdwt/d,Administered dose(mass),0,d,Time,,,,,,,,,,,,,,,,,,,,,,,,,,,,,,,,,,,,,,,,,,,,,,,,,,,,,,,,,,,,,,,28,d,Time,,,1000,,mg/kg bdwt/d,Administered dose(mass),,,1000,,mg/kg/d,Administered dose(mass),,
78-42-2,"Phosphoric acid, tris(2-ethylhexyl) ester;tris (2-ethylhexyl) phosphate;Tris(2-ethylhexyl) phosphate;tris(2-ethylhexyl)ester phosphoric acid;tris(2-ethylhexyl)ester_phosphoric_acid;tris(2-ethylhexyl)phosphate;Tris(2-ethylhexyl)phosphate (TEHP)",,,,,,,,,,,,,,,,,,,,,,,,,,,,,,,,,,,,,,,,,,,,,,,,,,,,,,,,,,,,,,,,,,,,,,,,,,,,,,,,,,,,,,,,,,,,,,,,,,,,,,,,,,,,,,,,,,,,,,,,,,,,,,,,Human Health Hazards#Repeated Dose Toxicity,Repeated Dose Toxicity HESS,1993,,NOEL,OECD TG 407,False,No qualifier,Equal,,,,,,,,,,,Rat,,,,,,,,,,,,,,,,,,,,,,,,,,,,,,,,,,,,,,Chloride↓,,,,,,,,,,,,,,,,,,,,,,,,,,,,,,,,99.7,None,,,,,,,,,,,,,,,,,,,,,,,,,,,,,,,,,,,,,,,,,,,,,,,,,,,,,,,,,,,,,,,,SD,Oral (Gavage),,,,,,,,,,,,,,,,,,,,,,Female,Main,"National Institute of Health Sciences, Japan",Blood serum (Electrolyte),RDT,Research Institute for Animal Science in Biochemistry & Toxicology,Blood chemical examination,1000,mg/kg bdwt/d,Administered dose(mass),30,mg/kg bdwt/d,Administered dose(mass),0,d,Time,,,,,,,,,,,,,,,,,,,,,,,,,,,,,,,,,,,,,,,,,,,,,,,,,,,,,,,,,,,,,,,28,d,Time,,,1000,,mg/kg bdwt/d,Administered dose(mass),,,1000,,mg/kg/d,Administered dose(mass),,
78-42-2,"Phosphoric acid, tris(2-ethylhexyl) ester;tris (2-ethylhexyl) phosphate;Tris(2-ethylhexyl) phosphate;tris(2-ethylhexyl)ester phosphoric acid;tris(2-ethylhexyl)ester_phosphoric_acid;tris(2-ethylhexyl)phosphate;Tris(2-ethylhexyl)phosphate (TEHP)",,,,,,,,,,,,,,,,,,,,,,,,,,,,,,,,,,,,,,,,,,,,,,,,,,,,,,,,,,,,,,,,,,,,,,,,,,,,,,,,,,,,,,,,,,,,,,,,,,,,,,,,,,,,,,,,,,,,,,,,,,,,,,,,Human Health Hazards#Repeated Dose Toxicity,Repeated Dose Toxicity HESS,1993,,NOEL,OECD TG 407,False,No qualifier,Equal,,,,,,,,,,,Rat,,,,,,,,,,,,,,,,,,,,,,,,,,,,,,,,,,,,,,Chloride↓,,,,,,,,,,,,,,,,,,,,,,,,,,,,,,,,99.7,None,,,,,,,,,,,,,,,,,,,,,,,,,,,,,,,,,,,,,,,,,,,,,,,,,,,,,,,,,,,,,,,,SD,Oral (Gavage),,,,,,,,,,,,,,,,,,,,,,Male,Main,"National Institute of Health Sciences, Japan",Blood serum (Electrolyte),RDT,Research Institute for Animal Science in Biochemistry & Toxicology,Blood chemical examination,1000,mg/kg bdwt/d,Administered dose(mass),30,mg/kg bdwt/d,Administered dose(mass),0,d,Time,,,,,,,,,,,,,,,,,,,,,,,,,,,,,,,,,,,,,,,,,,,,,,,,,,,,,,,,,,,,,,,28,d,Time,,,1000,,mg/kg bdwt/d,Administered dose(mass),,,1000,,mg/kg/d,Administered dose(mass),,
78-42-2,"Phosphoric acid, tris(2-ethylhexyl) ester;tris (2-ethylhexyl) phosphate;Tris(2-ethylhexyl) phosphate;tris(2-ethylhexyl)ester phosphoric acid;tris(2-ethylhexyl)ester_phosphoric_acid;tris(2-ethylhexyl)phosphate;Tris(2-ethylhexyl)phosphate (TEHP)",,,,,,,,,,,,,,,,,,,,,,,,,,,,,,,,,,,,,,,,,,,,,,,,,,,,,,,,,,,,,,,,,,,,,,,,,,,,,,,,,,,,,,,,,,,,,,,,,,,,,,,,,,,,,,,,,,,,,,,,,,,,,,,,Human Health Hazards#Repeated Dose Toxicity,Repeated Dose Toxicity HESS,1993,,NOEL,OECD TG 407,False,No qualifier,Equal,,,,,,,,,,,Rat,,,,,,,,,,,,,,,,,,,,,,,,,,,,,,,,,,,,,,I. Phosphorus↑,,,,,,,,,,,,,,,,,,,,,,,,,,,,,,,,99.7,None,,,,,,,,,,,,,,,,,,,,,,,,,,,,,,,,,,,,,,,,,,,,,,,,,,,,,,,,,,,,,,,,SD,Oral (Gavage),,,,,,,,,,,,,,,,,,,,,,Female,Main,"National Institute of Health Sciences, Japan",Blood serum (Electrolyte),RDT,Research Institute for Animal Science in Biochemistry & Toxicology,Blood chemical examination,1000,mg/kg bdwt/d,Administered dose(mass),30,mg/kg bdwt/d,Administered dose(mass),0,d,Time,,,,,,,,,,,,,,,,,,,,,,,,,,,,,,,,,,,,,,,,,,,,,,,,,,,,,,,,,,,,,,,28,d,Time,,,1000,,mg/kg bdwt/d,Administered dose(mass),,,1000,,mg/kg/d,Administered dose(mass),,
78-42-2,"Phosphoric acid, tris(2-ethylhexyl) ester;tris (2-ethylhexyl) phosphate;Tris(2-ethylhexyl) phosphate;tris(2-ethylhexyl)ester phosphoric acid;tris(2-ethylhexyl)ester_phosphoric_acid;tris(2-ethylhexyl)phosphate;Tris(2-ethylhexyl)phosphate (TEHP)",,,,,,,,,,,,,,,,,,,,,,,,,,,,,,,,,,,,,,,,,,,,,,,,,,,,,,,,,,,,,,,,,,,,,,,,,,,,,,,,,,,,,,,,,,,,,,,,,,,,,,,,,,,,,,,,,,,,,,,,,,,,,,,,Human Health Hazards#Repeated Dose Toxicity,Repeated Dose Toxicity HESS,1993,,NOEL,OECD TG 407,False,No qualifier,Equal,,,,,,,,,,,Rat,,,,,,,,,,,,,,,,,,,,,,,,,,,,,,,,,,,,,,I. Phosphorus↑,,,,,,,,,,,,,,,,,,,,,,,,,,,,,,,,99.7,None,,,,,,,,,,,,,,,,,,,,,,,,,,,,,,,,,,,,,,,,,,,,,,,,,,,,,,,,,,,,,,,,SD,Oral (Gavage),,,,,,,,,,,,,,,,,,,,,,Male,Main,"National Institute of Health Sciences, Japan",Blood serum (Electrolyte),RDT,Research Institute for Animal Science in Biochemistry & Toxicology,Blood chemical examination,1000,mg/kg bdwt/d,Administered dose(mass),30,mg/kg bdwt/d,Administered dose(mass),0,d,Time,,,,,,,,,,,,,,,,,,,,,,,,,,,,,,,,,,,,,,,,,,,,,,,,,,,,,,,,,,,,,,,28,d,Time,,,1000,,mg/kg bdwt/d,Administered dose(mass),,,1000,,mg/kg/d,Administered dose(mass),,
78-42-2,"Phosphoric acid, tris(2-ethylhexyl) ester;tris (2-ethylhexyl) phosphate;Tris(2-ethylhexyl) phosphate;tris(2-ethylhexyl)ester phosphoric acid;tris(2-ethylhexyl)ester_phosphoric_acid;tris(2-ethylhexyl)phosphate;Tris(2-ethylhexyl)phosphate (TEHP)",,,,,,,,,,,,,,,,,,,,,,,,,,,,,,,,,,,,,,,,,,,,,,,,,,,,,,,,,,,,,,,,,,,,,,,,,,,,,,,,,,,,,,,,,,,,,,,,,,,,,,,,,,,,,,,,,,,,,,,,,,,,,,,,Human Health Hazards#Repeated Dose Toxicity,Repeated Dose Toxicity HESS,1993,,NOEL,OECD TG 407,False,No qualifier,Equal,,,,,,,,,,,Rat,,,,,,,,,,,,,,,,,,,,,,,,,,,,,,,,,,,,,,I. Phosphorus↓,,,,,,,,,,,,,,,,,,,,,,,,,,,,,,,,99.7,None,,,,,,,,,,,,,,,,,,,,,,,,,,,,,,,,,,,,,,,,,,,,,,,,,,,,,,,,,,,,,,,,SD,Oral (Gavage),,,,,,,,,,,,,,,,,,,,,,Female,Main,"National Institute of Health Sciences, Japan",Blood serum (Electrolyte),RDT,Research Institute for Animal Science in Biochemistry & Toxicology,Blood chemical examination,1000,mg/kg bdwt/d,Administered dose(mass),30,mg/kg bdwt/d,Administered dose(mass),0,d,Time,,,,,,,,,,,,,,,,,,,,,,,,,,,,,,,,,,,,,,,,,,,,,,,,,,,,,,,,,,,,,,,28,d,Time,,,1000,,mg/kg bdwt/d,Administered dose(mass),,,1000,,mg/kg/d,Administered dose(mass),,
78-42-2,"Phosphoric acid, tris(2-ethylhexyl) ester;tris (2-ethylhexyl) phosphate;Tris(2-ethylhexyl) phosphate;tris(2-ethylhexyl)ester phosphoric acid;tris(2-ethylhexyl)ester_phosphoric_acid;tris(2-ethylhexyl)phosphate;Tris(2-ethylhexyl)phosphate (TEHP)",,,,,,,,,,,,,,,,,,,,,,,,,,,,,,,,,,,,,,,,,,,,,,,,,,,,,,,,,,,,,,,,,,,,,,,,,,,,,,,,,,,,,,,,,,,,,,,,,,,,,,,,,,,,,,,,,,,,,,,,,,,,,,,,Human Health Hazards#Repeated Dose Toxicity,Repeated Dose Toxicity HESS,1993,,NOEL,OECD TG 407,False,No qualifier,Equal,,,,,,,,,,,Rat,,,,,,,,,,,,,,,,,,,,,,,,,,,,,,,,,,,,,,I. Phosphorus↓,,,,,,,,,,,,,,,,,,,,,,,,,,,,,,,,99.7,None,,,,,,,,,,,,,,,,,,,,,,,,,,,,,,,,,,,,,,,,,,,,,,,,,,,,,,,,,,,,,,,,SD,Oral (Gavage),,,,,,,,,,,,,,,,,,,,,,Male,Main,"National Institute of Health Sciences, Japan",Blood serum (Electrolyte),RDT,Research Institute for Animal Science in Biochemistry & Toxicology,Blood chemical examination,1000,mg/kg bdwt/d,Administered dose(mass),30,mg/kg bdwt/d,Administered dose(mass),0,d,Time,,,,,,,,,,,,,,,,,,,,,,,,,,,,,,,,,,,,,,,,,,,,,,,,,,,,,,,,,,,,,,,28,d,Time,,,1000,,mg/kg bdwt/d,Administered dose(mass),,,1000,,mg/kg/d,Administered dose(mass),,
78-42-2,"Phosphoric acid, tris(2-ethylhexyl) ester;tris (2-ethylhexyl) phosphate;Tris(2-ethylhexyl) phosphate;tris(2-ethylhexyl)ester phosphoric acid;tris(2-ethylhexyl)ester_phosphoric_acid;tris(2-ethylhexyl)phosphate;Tris(2-ethylhexyl)phosphate (TEHP)",,,,,,,,,,,,,,,,,,,,,,,,,,,,,,,,,,,,,,,,,,,,,,,,,,,,,,,,,,,,,,,,,,,,,,,,,,,,,,,,,,,,,,,,,,,,,,,,,,,,,,,,,,,,,,,,,,,,,,,,,,,,,,,,Human Health Hazards#Repeated Dose Toxicity,Repeated Dose Toxicity HESS,1993,,NOEL,OECD TG 407,False,No qualifier,Equal,,,,,,,,,,,Rat,,,,,,,,,,,,,,,,,,,,,,,,,,,,,,,,,,,,,,Potassium↑,,,,,,,,,,,,,,,,,,,,,,,,,,,,,,,,99.7,None,,,,,,,,,,,,,,,,,,,,,,,,,,,,,,,,,,,,,,,,,,,,,,,,,,,,,,,,,,,,,,,,SD,Oral (Gavage),,,,,,,,,,,,,,,,,,,,,,Female,Main,"National Institute of Health Sciences, Japan",Blood serum (Electrolyte),RDT,Research Institute for Animal Science in Biochemistry & Toxicology,Blood chemical examination,1000,mg/kg bdwt/d,Administered dose(mass),30,mg/kg bdwt/d,Administered dose(mass),0,d,Time,,,,,,,,,,,,,,,,,,,,,,,,,,,,,,,,,,,,,,,,,,,,,,,,,,,,,,,,,,,,,,,28,d,Time,,,1000,,mg/kg bdwt/d,Administered dose(mass),,,1000,,mg/kg/d,Administered dose(mass),,
78-42-2,"Phosphoric acid, tris(2-ethylhexyl) ester;tris (2-ethylhexyl) phosphate;Tris(2-ethylhexyl) phosphate;tris(2-ethylhexyl)ester phosphoric acid;tris(2-ethylhexyl)ester_phosphoric_acid;tris(2-ethylhexyl)phosphate;Tris(2-ethylhexyl)phosphate (TEHP)",,,,,,,,,,,,,,,,,,,,,,,,,,,,,,,,,,,,,,,,,,,,,,,,,,,,,,,,,,,,,,,,,,,,,,,,,,,,,,,,,,,,,,,,,,,,,,,,,,,,,,,,,,,,,,,,,,,,,,,,,,,,,,,,Human Health Hazards#Repeated Dose Toxicity,Repeated Dose Toxicity HESS,1993,,NOEL,OECD TG 407,False,No qualifier,Equal,,,,,,,,,,,Rat,,,,,,,,,,,,,,,,,,,,,,,,,,,,,,,,,,,,,,Potassium↑,,,,,,,,,,,,,,,,,,,,,,,,,,,,,,,,99.7,None,,,,,,,,,,,,,,,,,,,,,,,,,,,,,,,,,,,,,,,,,,,,,,,,,,,,,,,,,,,,,,,,SD,Oral (Gavage),,,,,,,,,,,,,,,,,,,,,,Male,Main,"National Institute of Health Sciences, Japan",Blood serum (Electrolyte),RDT,Research Institute for Animal Science in Biochemistry & Toxicology,Blood chemical examination,1000,mg/kg bdwt/d,Administered dose(mass),30,mg/kg bdwt/d,Administered dose(mass),0,d,Time,,,,,,,,,,,,,,,,,,,,,,,,,,,,,,,,,,,,,,,,,,,,,,,,,,,,,,,,,,,,,,,28,d,Time,,,1000,,mg/kg bdwt/d,Administered dose(mass),,,1000,,mg/kg/d,Administered dose(mass),,
78-42-2,"Phosphoric acid, tris(2-ethylhexyl) ester;tris (2-ethylhexyl) phosphate;Tris(2-ethylhexyl) phosphate;tris(2-ethylhexyl)ester phosphoric acid;tris(2-ethylhexyl)ester_phosphoric_acid;tris(2-ethylhexyl)phosphate;Tris(2-ethylhexyl)phosphate (TEHP)",,,,,,,,,,,,,,,,,,,,,,,,,,,,,,,,,,,,,,,,,,,,,,,,,,,,,,,,,,,,,,,,,,,,,,,,,,,,,,,,,,,,,,,,,,,,,,,,,,,,,,,,,,,,,,,,,,,,,,,,,,,,,,,,Human Health Hazards#Repeated Dose Toxicity,Repeated Dose Toxicity HESS,1993,,NOEL,OECD TG 407,False,No qualifier,Equal,,,,,,,,,,,Rat,,,,,,,,,,,,,,,,,,,,,,,,,,,,,,,,,,,,,,Potassium↓,,,,,,,,,,,,,,,,,,,,,,,,,,,,,,,,99.7,None,,,,,,,,,,,,,,,,,,,,,,,,,,,,,,,,,,,,,,,,,,,,,,,,,,,,,,,,,,,,,,,,SD,Oral (Gavage),,,,,,,,,,,,,,,,,,,,,,Female,Main,"National Institute of Health Sciences, Japan",Blood serum (Electrolyte),RDT,Research Institute for Animal Science in Biochemistry & Toxicology,Blood chemical examination,1000,mg/kg bdwt/d,Administered dose(mass),30,mg/kg bdwt/d,Administered dose(mass),0,d,Time,,,,,,,,,,,,,,,,,,,,,,,,,,,,,,,,,,,,,,,,,,,,,,,,,,,,,,,,,,,,,,,28,d,Time,,,1000,,mg/kg bdwt/d,Administered dose(mass),,,1000,,mg/kg/d,Administered dose(mass),,
78-42-2,"Phosphoric acid, tris(2-ethylhexyl) ester;tris (2-ethylhexyl) phosphate;Tris(2-ethylhexyl) phosphate;tris(2-ethylhexyl)ester phosphoric acid;tris(2-ethylhexyl)ester_phosphoric_acid;tris(2-ethylhexyl)phosphate;Tris(2-ethylhexyl)phosphate (TEHP)",,,,,,,,,,,,,,,,,,,,,,,,,,,,,,,,,,,,,,,,,,,,,,,,,,,,,,,,,,,,,,,,,,,,,,,,,,,,,,,,,,,,,,,,,,,,,,,,,,,,,,,,,,,,,,,,,,,,,,,,,,,,,,,,Human Health Hazards#Repeated Dose Toxicity,Repeated Dose Toxicity HESS,1993,,NOEL,OECD TG 407,False,No qualifier,Equal,,,,,,,,,,,Rat,,,,,,,,,,,,,,,,,,,,,,,,,,,,,,,,,,,,,,Potassium↓,,,,,,,,,,,,,,,,,,,,,,,,,,,,,,,,99.7,None,,,,,,,,,,,,,,,,,,,,,,,,,,,,,,,,,,,,,,,,,,,,,,,,,,,,,,,,,,,,,,,,SD,Oral (Gavage),,,,,,,,,,,,,,,,,,,,,,Male,Main,"National Institute of Health Sciences, Japan",Blood serum (Electrolyte),RDT,Research Institute for Animal Science in Biochemistry & Toxicology,Blood chemical examination,1000,mg/kg bdwt/d,Administered dose(mass),30,mg/kg bdwt/d,Administered dose(mass),0,d,Time,,,,,,,,,,,,,,,,,,,,,,,,,,,,,,,,,,,,,,,,,,,,,,,,,,,,,,,,,,,,,,,28,d,Time,,,1000,,mg/kg bdwt/d,Administered dose(mass),,,1000,,mg/kg/d,Administered dose(mass),,
78-42-2,"Phosphoric acid, tris(2-ethylhexyl) ester;tris (2-ethylhexyl) phosphate;Tris(2-ethylhexyl) phosphate;tris(2-ethylhexyl)ester phosphoric acid;tris(2-ethylhexyl)ester_phosphoric_acid;tris(2-ethylhexyl)phosphate;Tris(2-ethylhexyl)phosphate (TEHP)",,,,,,,,,,,,,,,,,,,,,,,,,,,,,,,,,,,,,,,,,,,,,,,,,,,,,,,,,,,,,,,,,,,,,,,,,,,,,,,,,,,,,,,,,,,,,,,,,,,,,,,,,,,,,,,,,,,,,,,,,,,,,,,,Human Health Hazards#Repeated Dose Toxicity,Repeated Dose Toxicity HESS,1993,,NOEL,OECD TG 407,False,No qualifier,Equal,,,,,,,,,,,Rat,,,,,,,,,,,,,,,,,,,,,,,,,,,,,,,,,,,,,,Sodium↑,,,,,,,,,,,,,,,,,,,,,,,,,,,,,,,,99.7,None,,,,,,,,,,,,,,,,,,,,,,,,,,,,,,,,,,,,,,,,,,,,,,,,,,,,,,,,,,,,,,,,SD,Oral (Gavage),,,,,,,,,,,,,,,,,,,,,,Female,Main,"National Institute of Health Sciences, Japan",Blood serum (Electrolyte),RDT,Research Institute for Animal Science in Biochemistry & Toxicology,Blood chemical examination,1000,mg/kg bdwt/d,Administered dose(mass),30,mg/kg bdwt/d,Administered dose(mass),0,d,Time,,,,,,,,,,,,,,,,,,,,,,,,,,,,,,,,,,,,,,,,,,,,,,,,,,,,,,,,,,,,,,,28,d,Time,,,1000,,mg/kg bdwt/d,Administered dose(mass),,,1000,,mg/kg/d,Administered dose(mass),,
78-42-2,"Phosphoric acid, tris(2-ethylhexyl) ester;tris (2-ethylhexyl) phosphate;Tris(2-ethylhexyl) phosphate;tris(2-ethylhexyl)ester phosphoric acid;tris(2-ethylhexyl)ester_phosphoric_acid;tris(2-ethylhexyl)phosphate;Tris(2-ethylhexyl)phosphate (TEHP)",,,,,,,,,,,,,,,,,,,,,,,,,,,,,,,,,,,,,,,,,,,,,,,,,,,,,,,,,,,,,,,,,,,,,,,,,,,,,,,,,,,,,,,,,,,,,,,,,,,,,,,,,,,,,,,,,,,,,,,,,,,,,,,,Human Health Hazards#Repeated Dose Toxicity,Repeated Dose Toxicity HESS,1993,,NOEL,OECD TG 407,False,No qualifier,Equal,,,,,,,,,,,Rat,,,,,,,,,,,,,,,,,,,,,,,,,,,,,,,,,,,,,,Sodium↑,,,,,,,,,,,,,,,,,,,,,,,,,,,,,,,,99.7,None,,,,,,,,,,,,,,,,,,,,,,,,,,,,,,,,,,,,,,,,,,,,,,,,,,,,,,,,,,,,,,,,SD,Oral (Gavage),,,,,,,,,,,,,,,,,,,,,,Male,Main,"National Institute of Health Sciences, Japan",Blood serum (Electrolyte),RDT,Research Institute for Animal Science in Biochemistry & Toxicology,Blood chemical examination,1000,mg/kg bdwt/d,Administered dose(mass),30,mg/kg bdwt/d,Administered dose(mass),0,d,Time,,,,,,,,,,,,,,,,,,,,,,,,,,,,,,,,,,,,,,,,,,,,,,,,,,,,,,,,,,,,,,,28,d,Time,,,1000,,mg/kg bdwt/d,Administered dose(mass),,,1000,,mg/kg/d,Administered dose(mass),,
78-42-2,"Phosphoric acid, tris(2-ethylhexyl) ester;tris (2-ethylhexyl) phosphate;Tris(2-ethylhexyl) phosphate;tris(2-ethylhexyl)ester phosphoric acid;tris(2-ethylhexyl)ester_phosphoric_acid;tris(2-ethylhexyl)phosphate;Tris(2-ethylhexyl)phosphate (TEHP)",,,,,,,,,,,,,,,,,,,,,,,,,,,,,,,,,,,,,,,,,,,,,,,,,,,,,,,,,,,,,,,,,,,,,,,,,,,,,,,,,,,,,,,,,,,,,,,,,,,,,,,,,,,,,,,,,,,,,,,,,,,,,,,,Human Health Hazards#Repeated Dose Toxicity,Repeated Dose Toxicity HESS,1993,,NOEL,OECD TG 407,False,No qualifier,Equal,,,,,,,,,,,Rat,,,,,,,,,,,,,,,,,,,,,,,,,,,,,,,,,,,,,,Sodium↓,,,,,,,,,,,,,,,,,,,,,,,,,,,,,,,,99.7,None,,,,,,,,,,,,,,,,,,,,,,,,,,,,,,,,,,,,,,,,,,,,,,,,,,,,,,,,,,,,,,,,SD,Oral (Gavage),,,,,,,,,,,,,,,,,,,,,,Female,Main,"National Institute of Health Sciences, Japan",Blood serum (Electrolyte),RDT,Research Institute for Animal Science in Biochemistry & Toxicology,Blood chemical examination,1000,mg/kg bdwt/d,Administered dose(mass),30,mg/kg bdwt/d,Administered dose(mass),0,d,Time,,,,,,,,,,,,,,,,,,,,,,,,,,,,,,,,,,,,,,,,,,,,,,,,,,,,,,,,,,,,,,,28,d,Time,,,1000,,mg/kg bdwt/d,Administered dose(mass),,,1000,,mg/kg/d,Administered dose(mass),,
78-42-2,"Phosphoric acid, tris(2-ethylhexyl) ester;tris (2-ethylhexyl) phosphate;Tris(2-ethylhexyl) phosphate;tris(2-ethylhexyl)ester phosphoric acid;tris(2-ethylhexyl)ester_phosphoric_acid;tris(2-ethylhexyl)phosphate;Tris(2-ethylhexyl)phosphate (TEHP)",,,,,,,,,,,,,,,,,,,,,,,,,,,,,,,,,,,,,,,,,,,,,,,,,,,,,,,,,,,,,,,,,,,,,,,,,,,,,,,,,,,,,,,,,,,,,,,,,,,,,,,,,,,,,,,,,,,,,,,,,,,,,,,,Human Health Hazards#Repeated Dose Toxicity,Repeated Dose Toxicity HESS,1993,,NOEL,OECD TG 407,False,No qualifier,Equal,,,,,,,,,,,Rat,,,,,,,,,,,,,,,,,,,,,,,,,,,,,,,,,,,,,,Sodium↓,,,,,,,,,,,,,,,,,,,,,,,,,,,,,,,,99.7,None,,,,,,,,,,,,,,,,,,,,,,,,,,,,,,,,,,,,,,,,,,,,,,,,,,,,,,,,,,,,,,,,SD,Oral (Gavage),,,,,,,,,,,,,,,,,,,,,,Male,Main,"National Institute of Health Sciences, Japan",Blood serum (Electrolyte),RDT,Research Institute for Animal Science in Biochemistry & Toxicology,Blood chemical examination,1000,mg/kg bdwt/d,Administered dose(mass),30,mg/kg bdwt/d,Administered dose(mass),0,d,Time,,,,,,,,,,,,,,,,,,,,,,,,,,,,,,,,,,,,,,,,,,,,,,,,,,,,,,,,,,,,,,,28,d,Time,,,1000,,mg/kg bdwt/d,Administered dose(mass),,,1000,,mg/kg/d,Administered dose(mass),,
78-42-2,"Phosphoric acid, tris(2-ethylhexyl) ester;tris (2-ethylhexyl) phosphate;Tris(2-ethylhexyl) phosphate;tris(2-ethylhexyl)ester phosphoric acid;tris(2-ethylhexyl)ester_phosphoric_acid;tris(2-ethylhexyl)phosphate;Tris(2-ethylhexyl)phosphate (TEHP)",,,,,,,,,,,,,,,,,,,,,,,,,,,,,,,,,,,,,,,,,,,,,,,,,,,,,,,,,,,,,,,,,,,,,,,,,,,,,,,,,,,,,,,,,,,,,,,,,,,,,,,,,,,,,,,,,,,,,,,,,,,,,,,,Human Health Hazards#Repeated Dose Toxicity,Repeated Dose Toxicity HESS,1993,,NOEL,OECD TG 407,False,No qualifier,Equal,,,,,,,,,,,Rat,,,,,,,,,,,,,,,,,,,,,,,,,,,,,,,,,,,,,,A/G↑,,,,,,,,,,,,,,,,,,,,,,,,,,,,,,,,99.7,None,,,,,,,,,,,,,,,,,,,,,,,,,,,,,,,,,,,,,,,,,,,,,,,,,,,,,,,,,,,,,,,,SD,Oral (Gavage),,,,,,,,,,,,,,,,,,,,,,Female,Main,"National Institute of Health Sciences, Japan",Blood serum (Enzyme),RDT,Research Institute for Animal Science in Biochemistry & Toxicology,Blood chemical examination,1000,mg/kg bdwt/d,Administered dose(mass),30,mg/kg bdwt/d,Administered dose(mass),0,d,Time,,,,,,,,,,,,,,,,,,,,,,,,,,,,,,,,,,,,,,,,,,,,,,,,,,,,,,,,,,,,,,,28,d,Time,,,1000,,mg/kg bdwt/d,Administered dose(mass),,,1000,,mg/kg/d,Administered dose(mass),,
78-42-2,"Phosphoric acid, tris(2-ethylhexyl) ester;tris (2-ethylhexyl) phosphate;Tris(2-ethylhexyl) phosphate;tris(2-ethylhexyl)ester phosphoric acid;tris(2-ethylhexyl)ester_phosphoric_acid;tris(2-ethylhexyl)phosphate;Tris(2-ethylhexyl)phosphate (TEHP)",,,,,,,,,,,,,,,,,,,,,,,,,,,,,,,,,,,,,,,,,,,,,,,,,,,,,,,,,,,,,,,,,,,,,,,,,,,,,,,,,,,,,,,,,,,,,,,,,,,,,,,,,,,,,,,,,,,,,,,,,,,,,,,,Human Health Hazards#Repeated Dose Toxicity,Repeated Dose Toxicity HESS,1993,,NOEL,OECD TG 407,False,No qualifier,Equal,,,,,,,,,,,Rat,,,,,,,,,,,,,,,,,,,,,,,,,,,,,,,,,,,,,,A/G↑,,,,,,,,,,,,,,,,,,,,,,,,,,,,,,,,99.7,None,,,,,,,,,,,,,,,,,,,,,,,,,,,,,,,,,,,,,,,,,,,,,,,,,,,,,,,,,,,,,,,,SD,Oral (Gavage),,,,,,,,,,,,,,,,,,,,,,Male,Main,"National Institute of Health Sciences, Japan",Blood serum (Enzyme),RDT,Research Institute for Animal Science in Biochemistry & Toxicology,Blood chemical examination,1000,mg/kg bdwt/d,Administered dose(mass),30,mg/kg bdwt/d,Administered dose(mass),0,d,Time,,,,,,,,,,,,,,,,,,,,,,,,,,,,,,,,,,,,,,,,,,,,,,,,,,,,,,,,,,,,,,,28,d,Time,,,1000,,mg/kg bdwt/d,Administered dose(mass),,,1000,,mg/kg/d,Administered dose(mass),,
78-42-2,"Phosphoric acid, tris(2-ethylhexyl) ester;tris (2-ethylhexyl) phosphate;Tris(2-ethylhexyl) phosphate;tris(2-ethylhexyl)ester phosphoric acid;tris(2-ethylhexyl)ester_phosphoric_acid;tris(2-ethylhexyl)phosphate;Tris(2-ethylhexyl)phosphate (TEHP)",,,,,,,,,,,,,,,,,,,,,,,,,,,,,,,,,,,,,,,,,,,,,,,,,,,,,,,,,,,,,,,,,,,,,,,,,,,,,,,,,,,,,,,,,,,,,,,,,,,,,,,,,,,,,,,,,,,,,,,,,,,,,,,,Human Health Hazards#Repeated Dose Toxicity,Repeated Dose Toxicity HESS,1993,,NOEL,OECD TG 407,False,No qualifier,Equal,,,,,,,,,,,Rat,,,,,,,,,,,,,,,,,,,,,,,,,,,,,,,,,,,,,,A/G↓,,,,,,,,,,,,,,,,,,,,,,,,,,,,,,,,99.7,None,,,,,,,,,,,,,,,,,,,,,,,,,,,,,,,,,,,,,,,,,,,,,,,,,,,,,,,,,,,,,,,,SD,Oral (Gavage),,,,,,,,,,,,,,,,,,,,,,Female,Main,"National Institute of Health Sciences, Japan",Blood serum (Enzyme),RDT,Research Institute for Animal Science in Biochemistry & Toxicology,Blood chemical examination,1000,mg/kg bdwt/d,Administered dose(mass),30,mg/kg bdwt/d,Administered dose(mass),0,d,Time,,,,,,,,,,,,,,,,,,,,,,,,,,,,,,,,,,,,,,,,,,,,,,,,,,,,,,,,,,,,,,,28,d,Time,,,1000,,mg/kg bdwt/d,Administered dose(mass),,,1000,,mg/kg/d,Administered dose(mass),,
78-42-2,"Phosphoric acid, tris(2-ethylhexyl) ester;tris (2-ethylhexyl) phosphate;Tris(2-ethylhexyl) phosphate;tris(2-ethylhexyl)ester phosphoric acid;tris(2-ethylhexyl)ester_phosphoric_acid;tris(2-ethylhexyl)phosphate;Tris(2-ethylhexyl)phosphate (TEHP)",,,,,,,,,,,,,,,,,,,,,,,,,,,,,,,,,,,,,,,,,,,,,,,,,,,,,,,,,,,,,,,,,,,,,,,,,,,,,,,,,,,,,,,,,,,,,,,,,,,,,,,,,,,,,,,,,,,,,,,,,,,,,,,,Human Health Hazards#Repeated Dose Toxicity,Repeated Dose Toxicity HESS,1993,,NOEL,OECD TG 407,False,No qualifier,Equal,,,,,,,,,,,Rat,,,,,,,,,,,,,,,,,,,,,,,,,,,,,,,,,,,,,,A/G↓,,,,,,,,,,,,,,,,,,,,,,,,,,,,,,,,99.7,None,,,,,,,,,,,,,,,,,,,,,,,,,,,,,,,,,,,,,,,,,,,,,,,,,,,,,,,,,,,,,,,,SD,Oral (Gavage),,,,,,,,,,,,,,,,,,,,,,Male,Main,"National Institute of Health Sciences, Japan",Blood serum (Enzyme),RDT,Research Institute for Animal Science in Biochemistry & Toxicology,Blood chemical examination,1000,mg/kg bdwt/d,Administered dose(mass),30,mg/kg bdwt/d,Administered dose(mass),0,d,Time,,,,,,,,,,,,,,,,,,,,,,,,,,,,,,,,,,,,,,,,,,,,,,,,,,,,,,,,,,,,,,,28,d,Time,,,1000,,mg/kg bdwt/d,Administered dose(mass),,,1000,,mg/kg/d,Administered dose(mass),,
78-42-2,"Phosphoric acid, tris(2-ethylhexyl) ester;tris (2-ethylhexyl) phosphate;Tris(2-ethylhexyl) phosphate;tris(2-ethylhexyl)ester phosphoric acid;tris(2-ethylhexyl)ester_phosphoric_acid;tris(2-ethylhexyl)phosphate;Tris(2-ethylhexyl)phosphate (TEHP)",,,,,,,,,,,,,,,,,,,,,,,,,,,,,,,,,,,,,,,,,,,,,,,,,,,,,,,,,,,,,,,,,,,,,,,,,,,,,,,,,,,,,,,,,,,,,,,,,,,,,,,,,,,,,,,,,,,,,,,,,,,,,,,,Human Health Hazards#Repeated Dose Toxicity,Repeated Dose Toxicity HESS,1993,,NOEL,OECD TG 407,False,No qualifier,Equal,,,,,,,,,,,Rat,,,,,,,,,,,,,,,,,,,,,,,,,,,,,,,,,,,,,,Alb↑,,,,,,,,,,,,,,,,,,,,,,,,,,,,,,,,99.7,None,,,,,,,,,,,,,,,,,,,,,,,,,,,,,,,,,,,,,,,,,,,,,,,,,,,,,,,,,,,,,,,,SD,Oral (Gavage),,,,,,,,,,,,,,,,,,,,,,Female,Main,"National Institute of Health Sciences, Japan",Blood serum (Enzyme),RDT,Research Institute for Animal Science in Biochemistry & Toxicology,Blood chemical examination,1000,mg/kg bdwt/d,Administered dose(mass),30,mg/kg bdwt/d,Administered dose(mass),0,d,Time,,,,,,,,,,,,,,,,,,,,,,,,,,,,,,,,,,,,,,,,,,,,,,,,,,,,,,,,,,,,,,,28,d,Time,,,1000,,mg/kg bdwt/d,Administered dose(mass),,,1000,,mg/kg/d,Administered dose(mass),,
78-42-2,"Phosphoric acid, tris(2-ethylhexyl) ester;tris (2-ethylhexyl) phosphate;Tris(2-ethylhexyl) phosphate;tris(2-ethylhexyl)ester phosphoric acid;tris(2-ethylhexyl)ester_phosphoric_acid;tris(2-ethylhexyl)phosphate;Tris(2-ethylhexyl)phosphate (TEHP)",,,,,,,,,,,,,,,,,,,,,,,,,,,,,,,,,,,,,,,,,,,,,,,,,,,,,,,,,,,,,,,,,,,,,,,,,,,,,,,,,,,,,,,,,,,,,,,,,,,,,,,,,,,,,,,,,,,,,,,,,,,,,,,,Human Health Hazards#Repeated Dose Toxicity,Repeated Dose Toxicity HESS,1993,,NOEL,OECD TG 407,False,No qualifier,Equal,,,,,,,,,,,Rat,,,,,,,,,,,,,,,,,,,,,,,,,,,,,,,,,,,,,,Alb↑,,,,,,,,,,,,,,,,,,,,,,,,,,,,,,,,99.7,None,,,,,,,,,,,,,,,,,,,,,,,,,,,,,,,,,,,,,,,,,,,,,,,,,,,,,,,,,,,,,,,,SD,Oral (Gavage),,,,,,,,,,,,,,,,,,,,,,Male,Main,"National Institute of Health Sciences, Japan",Blood serum (Enzyme),RDT,Research Institute for Animal Science in Biochemistry & Toxicology,Blood chemical examination,1000,mg/kg bdwt/d,Administered dose(mass),30,mg/kg bdwt/d,Administered dose(mass),0,d,Time,,,,,,,,,,,,,,,,,,,,,,,,,,,,,,,,,,,,,,,,,,,,,,,,,,,,,,,,,,,,,,,28,d,Time,,,1000,,mg/kg bdwt/d,Administered dose(mass),,,1000,,mg/kg/d,Administered dose(mass),,
78-42-2,"Phosphoric acid, tris(2-ethylhexyl) ester;tris (2-ethylhexyl) phosphate;Tris(2-ethylhexyl) phosphate;tris(2-ethylhexyl)ester phosphoric acid;tris(2-ethylhexyl)ester_phosphoric_acid;tris(2-ethylhexyl)phosphate;Tris(2-ethylhexyl)phosphate (TEHP)",,,,,,,,,,,,,,,,,,,,,,,,,,,,,,,,,,,,,,,,,,,,,,,,,,,,,,,,,,,,,,,,,,,,,,,,,,,,,,,,,,,,,,,,,,,,,,,,,,,,,,,,,,,,,,,,,,,,,,,,,,,,,,,,Human Health Hazards#Repeated Dose Toxicity,Repeated Dose Toxicity HESS,1993,,NOEL,OECD TG 407,False,No qualifier,Equal,,,,,,,,,,,Rat,,,,,,,,,,,,,,,,,,,,,,,,,,,,,,,,,,,,,,Alb↓,,,,,,,,,,,,,,,,,,,,,,,,,,,,,,,,99.7,None,,,,,,,,,,,,,,,,,,,,,,,,,,,,,,,,,,,,,,,,,,,,,,,,,,,,,,,,,,,,,,,,SD,Oral (Gavage),,,,,,,,,,,,,,,,,,,,,,Female,Main,"National Institute of Health Sciences, Japan",Blood serum (Enzyme),RDT,Research Institute for Animal Science in Biochemistry & Toxicology,Blood chemical examination,1000,mg/kg bdwt/d,Administered dose(mass),30,mg/kg bdwt/d,Administered dose(mass),0,d,Time,,,,,,,,,,,,,,,,,,,,,,,,,,,,,,,,,,,,,,,,,,,,,,,,,,,,,,,,,,,,,,,28,d,Time,,,1000,,mg/kg bdwt/d,Administered dose(mass),,,1000,,mg/kg/d,Administered dose(mass),,
78-42-2,"Phosphoric acid, tris(2-ethylhexyl) ester;tris (2-ethylhexyl) phosphate;Tris(2-ethylhexyl) phosphate;tris(2-ethylhexyl)ester phosphoric acid;tris(2-ethylhexyl)ester_phosphoric_acid;tris(2-ethylhexyl)phosphate;Tris(2-ethylhexyl)phosphate (TEHP)",,,,,,,,,,,,,,,,,,,,,,,,,,,,,,,,,,,,,,,,,,,,,,,,,,,,,,,,,,,,,,,,,,,,,,,,,,,,,,,,,,,,,,,,,,,,,,,,,,,,,,,,,,,,,,,,,,,,,,,,,,,,,,,,Human Health Hazards#Repeated Dose Toxicity,Repeated Dose Toxicity HESS,1993,,NOEL,OECD TG 407,False,No qualifier,Equal,,,,,,,,,,,Rat,,,,,,,,,,,,,,,,,,,,,,,,,,,,,,,,,,,,,,Alb↓,,,,,,,,,,,,,,,,,,,,,,,,,,,,,,,,99.7,None,,,,,,,,,,,,,,,,,,,,,,,,,,,,,,,,,,,,,,,,,,,,,,,,,,,,,,,,,,,,,,,,SD,Oral (Gavage),,,,,,,,,,,,,,,,,,,,,,Male,Main,"National Institute of Health Sciences, Japan",Blood serum (Enzyme),RDT,Research Institute for Animal Science in Biochemistry & Toxicology,Blood chemical examination,1000,mg/kg bdwt/d,Administered dose(mass),30,mg/kg bdwt/d,Administered dose(mass),0,d,Time,,,,,,,,,,,,,,,,,,,,,,,,,,,,,,,,,,,,,,,,,,,,,,,,,,,,,,,,,,,,,,,28,d,Time,,,1000,,mg/kg bdwt/d,Administered dose(mass),,,1000,,mg/kg/d,Administered dose(mass),,
78-42-2,"Phosphoric acid, tris(2-ethylhexyl) ester;tris (2-ethylhexyl) phosphate;Tris(2-ethylhexyl) phosphate;tris(2-ethylhexyl)ester phosphoric acid;tris(2-ethylhexyl)ester_phosphoric_acid;tris(2-ethylhexyl)phosphate;Tris(2-ethylhexyl)phosphate (TEHP)",,,,,,,,,,,,,,,,,,,,,,,,,,,,,,,,,,,,,,,,,,,,,,,,,,,,,,,,,,,,,,,,,,,,,,,,,,,,,,,,,,,,,,,,,,,,,,,,,,,,,,,,,,,,,,,,,,,,,,,,,,,,,,,,Human Health Hazards#Repeated Dose Toxicity,Repeated Dose Toxicity HESS,1993,,NOEL,OECD TG 407,False,No qualifier,Equal,,,,,,,,,,,Rat,,,,,,,,,,,,,,,,,,,,,,,,,,,,,,,,,,,,,,ALP↑,,,,,,,,,,,,,,,,,,,,,,,,,,,,,,,,99.7,None,,,,,,,,,,,,,,,,,,,,,,,,,,,,,,,,,,,,,,,,,,,,,,,,,,,,,,,,,,,,,,,,SD,Oral (Gavage),,,,,,,,,,,,,,,,,,,,,,Female,Main,"National Institute of Health Sciences, Japan",Blood serum (Enzyme),RDT,Research Institute for Animal Science in Biochemistry & Toxicology,Blood chemical examination,1000,mg/kg bdwt/d,Administered dose(mass),30,mg/kg bdwt/d,Administered dose(mass),0,d,Time,,,,,,,,,,,,,,,,,,,,,,,,,,,,,,,,,,,,,,,,,,,,,,,,,,,,,,,,,,,,,,,28,d,Time,,,1000,,mg/kg bdwt/d,Administered dose(mass),,,1000,,mg/kg/d,Administered dose(mass),,
78-42-2,"Phosphoric acid, tris(2-ethylhexyl) ester;tris (2-ethylhexyl) phosphate;Tris(2-ethylhexyl) phosphate;tris(2-ethylhexyl)ester phosphoric acid;tris(2-ethylhexyl)ester_phosphoric_acid;tris(2-ethylhexyl)phosphate;Tris(2-ethylhexyl)phosphate (TEHP)",,,,,,,,,,,,,,,,,,,,,,,,,,,,,,,,,,,,,,,,,,,,,,,,,,,,,,,,,,,,,,,,,,,,,,,,,,,,,,,,,,,,,,,,,,,,,,,,,,,,,,,,,,,,,,,,,,,,,,,,,,,,,,,,Human Health Hazards#Repeated Dose Toxicity,Repeated Dose Toxicity HESS,1993,,NOEL,OECD TG 407,False,No qualifier,Equal,,,,,,,,,,,Rat,,,,,,,,,,,,,,,,,,,,,,,,,,,,,,,,,,,,,,ALP↑,,,,,,,,,,,,,,,,,,,,,,,,,,,,,,,,99.7,None,,,,,,,,,,,,,,,,,,,,,,,,,,,,,,,,,,,,,,,,,,,,,,,,,,,,,,,,,,,,,,,,SD,Oral (Gavage),,,,,,,,,,,,,,,,,,,,,,Male,Main,"National Institute of Health Sciences, Japan",Blood serum (Enzyme),RDT,Research Institute for Animal Science in Biochemistry & Toxicology,Blood chemical examination,1000,mg/kg bdwt/d,Administered dose(mass),30,mg/kg bdwt/d,Administered dose(mass),0,d,Time,,,,,,,,,,,,,,,,,,,,,,,,,,,,,,,,,,,,,,,,,,,,,,,,,,,,,,,,,,,,,,,28,d,Time,,,1000,,mg/kg bdwt/d,Administered dose(mass),,,1000,,mg/kg/d,Administered dose(mass),,
78-42-2,"Phosphoric acid, tris(2-ethylhexyl) ester;tris (2-ethylhexyl) phosphate;Tris(2-ethylhexyl) phosphate;tris(2-ethylhexyl)ester phosphoric acid;tris(2-ethylhexyl)ester_phosphoric_acid;tris(2-ethylhexyl)phosphate;Tris(2-ethylhexyl)phosphate (TEHP)",,,,,,,,,,,,,,,,,,,,,,,,,,,,,,,,,,,,,,,,,,,,,,,,,,,,,,,,,,,,,,,,,,,,,,,,,,,,,,,,,,,,,,,,,,,,,,,,,,,,,,,,,,,,,,,,,,,,,,,,,,,,,,,,Human Health Hazards#Repeated Dose Toxicity,Repeated Dose Toxicity HESS,1993,,NOEL,OECD TG 407,False,No qualifier,Equal,,,,,,,,,,,Rat,,,,,,,,,,,,,,,,,,,,,,,,,,,,,,,,,,,,,,ALP↓,,,,,,,,,,,,,,,,,,,,,,,,,,,,,,,,99.7,None,,,,,,,,,,,,,,,,,,,,,,,,,,,,,,,,,,,,,,,,,,,,,,,,,,,,,,,,,,,,,,,,SD,Oral (Gavage),,,,,,,,,,,,,,,,,,,,,,Female,Main,"National Institute of Health Sciences, Japan",Blood serum (Enzyme),RDT,Research Institute for Animal Science in Biochemistry & Toxicology,Blood chemical examination,1000,mg/kg bdwt/d,Administered dose(mass),30,mg/kg bdwt/d,Administered dose(mass),0,d,Time,,,,,,,,,,,,,,,,,,,,,,,,,,,,,,,,,,,,,,,,,,,,,,,,,,,,,,,,,,,,,,,28,d,Time,,,1000,,mg/kg bdwt/d,Administered dose(mass),,,1000,,mg/kg/d,Administered dose(mass),,
78-42-2,"Phosphoric acid, tris(2-ethylhexyl) ester;tris (2-ethylhexyl) phosphate;Tris(2-ethylhexyl) phosphate;tris(2-ethylhexyl)ester phosphoric acid;tris(2-ethylhexyl)ester_phosphoric_acid;tris(2-ethylhexyl)phosphate;Tris(2-ethylhexyl)phosphate (TEHP)",,,,,,,,,,,,,,,,,,,,,,,,,,,,,,,,,,,,,,,,,,,,,,,,,,,,,,,,,,,,,,,,,,,,,,,,,,,,,,,,,,,,,,,,,,,,,,,,,,,,,,,,,,,,,,,,,,,,,,,,,,,,,,,,Human Health Hazards#Repeated Dose Toxicity,Repeated Dose Toxicity HESS,1993,,NOEL,OECD TG 407,False,No qualifier,Equal,,,,,,,,,,,Rat,,,,,,,,,,,,,,,,,,,,,,,,,,,,,,,,,,,,,,ALP↓,,,,,,,,,,,,,,,,,,,,,,,,,,,,,,,,99.7,None,,,,,,,,,,,,,,,,,,,,,,,,,,,,,,,,,,,,,,,,,,,,,,,,,,,,,,,,,,,,,,,,SD,Oral (Gavage),,,,,,,,,,,,,,,,,,,,,,Male,Main,"National Institute of Health Sciences, Japan",Blood serum (Enzyme),RDT,Research Institute for Animal Science in Biochemistry & Toxicology,Blood chemical examination,1000,mg/kg bdwt/d,Administered dose(mass),30,mg/kg bdwt/d,Administered dose(mass),0,d,Time,,,,,,,,,,,,,,,,,,,,,,,,,,,,,,,,,,,,,,,,,,,,,,,,,,,,,,,,,,,,,,,28,d,Time,,,1000,,mg/kg bdwt/d,Administered dose(mass),,,1000,,mg/kg/d,Administered dose(mass),,
78-42-2,"Phosphoric acid, tris(2-ethylhexyl) ester;tris (2-ethylhexyl) phosphate;Tris(2-ethylhexyl) phosphate;tris(2-ethylhexyl)ester phosphoric acid;tris(2-ethylhexyl)ester_phosphoric_acid;tris(2-ethylhexyl)phosphate;Tris(2-ethylhexyl)phosphate (TEHP)",,,,,,,,,,,,,,,,,,,,,,,,,,,,,,,,,,,,,,,,,,,,,,,,,,,,,,,,,,,,,,,,,,,,,,,,,,,,,,,,,,,,,,,,,,,,,,,,,,,,,,,,,,,,,,,,,,,,,,,,,,,,,,,,Human Health Hazards#Repeated Dose Toxicity,Repeated Dose Toxicity HESS,1993,,NOEL,OECD TG 407,False,No qualifier,Equal,,,,,,,,,,,Rat,,,,,,,,,,,,,,,,,,,,,,,,,,,,,,,,,,,,,,ALT(GPT)↑,,,,,,,,,,,,,,,,,,,,,,,,,,,,,,,,99.7,None,,,,,,,,,,,,,,,,,,,,,,,,,,,,,,,,,,,,,,,,,,,,,,,,,,,,,,,,,,,,,,,,SD,Oral (Gavage),,,,,,,,,,,,,,,,,,,,,,Female,Main,"National Institute of Health Sciences, Japan",Blood serum (Enzyme),RDT,Research Institute for Animal Science in Biochemistry & Toxicology,Blood chemical examination,1000,mg/kg bdwt/d,Administered dose(mass),30,mg/kg bdwt/d,Administered dose(mass),0,d,Time,,,,,,,,,,,,,,,,,,,,,,,,,,,,,,,,,,,,,,,,,,,,,,,,,,,,,,,,,,,,,,,28,d,Time,,,1000,,mg/kg bdwt/d,Administered dose(mass),,,1000,,mg/kg/d,Administered dose(mass),,
78-42-2,"Phosphoric acid, tris(2-ethylhexyl) ester;tris (2-ethylhexyl) phosphate;Tris(2-ethylhexyl) phosphate;tris(2-ethylhexyl)ester phosphoric acid;tris(2-ethylhexyl)ester_phosphoric_acid;tris(2-ethylhexyl)phosphate;Tris(2-ethylhexyl)phosphate (TEHP)",,,,,,,,,,,,,,,,,,,,,,,,,,,,,,,,,,,,,,,,,,,,,,,,,,,,,,,,,,,,,,,,,,,,,,,,,,,,,,,,,,,,,,,,,,,,,,,,,,,,,,,,,,,,,,,,,,,,,,,,,,,,,,,,Human Health Hazards#Repeated Dose Toxicity,Repeated Dose Toxicity HESS,1993,,NOEL,OECD TG 407,False,No qualifier,Equal,,,,,,,,,,,Rat,,,,,,,,,,,,,,,,,,,,,,,,,,,,,,,,,,,,,,ALT(GPT)↑,,,,,,,,,,,,,,,,,,,,,,,,,,,,,,,,99.7,None,,,,,,,,,,,,,,,,,,,,,,,,,,,,,,,,,,,,,,,,,,,,,,,,,,,,,,,,,,,,,,,,SD,Oral (Gavage),,,,,,,,,,,,,,,,,,,,,,Male,Main,"National Institute of Health Sciences, Japan",Blood serum (Enzyme),RDT,Research Institute for Animal Science in Biochemistry & Toxicology,Blood chemical examination,1000,mg/kg bdwt/d,Administered dose(mass),30,mg/kg bdwt/d,Administered dose(mass),0,d,Time,,,,,,,,,,,,,,,,,,,,,,,,,,,,,,,,,,,,,,,,,,,,,,,,,,,,,,,,,,,,,,,28,d,Time,,,1000,,mg/kg bdwt/d,Administered dose(mass),,,1000,,mg/kg/d,Administered dose(mass),,
78-42-2,"Phosphoric acid, tris(2-ethylhexyl) ester;tris (2-ethylhexyl) phosphate;Tris(2-ethylhexyl) phosphate;tris(2-ethylhexyl)ester phosphoric acid;tris(2-ethylhexyl)ester_phosphoric_acid;tris(2-ethylhexyl)phosphate;Tris(2-ethylhexyl)phosphate (TEHP)",,,,,,,,,,,,,,,,,,,,,,,,,,,,,,,,,,,,,,,,,,,,,,,,,,,,,,,,,,,,,,,,,,,,,,,,,,,,,,,,,,,,,,,,,,,,,,,,,,,,,,,,,,,,,,,,,,,,,,,,,,,,,,,,Human Health Hazards#Repeated Dose Toxicity,Repeated Dose Toxicity HESS,1993,,NOEL,OECD TG 407,False,No qualifier,Equal,,,,,,,,,,,Rat,,,,,,,,,,,,,,,,,,,,,,,,,,,,,,,,,,,,,,ALT(GPT)↓,,,,,,,,,,,,,,,,,,,,,,,,,,,,,,,,99.7,None,,,,,,,,,,,,,,,,,,,,,,,,,,,,,,,,,,,,,,,,,,,,,,,,,,,,,,,,,,,,,,,,SD,Oral (Gavage),,,,,,,,,,,,,,,,,,,,,,Female,Main,"National Institute of Health Sciences, Japan",Blood serum (Enzyme),RDT,Research Institute for Animal Science in Biochemistry & Toxicology,Blood chemical examination,1000,mg/kg bdwt/d,Administered dose(mass),30,mg/kg bdwt/d,Administered dose(mass),0,d,Time,,,,,,,,,,,,,,,,,,,,,,,,,,,,,,,,,,,,,,,,,,,,,,,,,,,,,,,,,,,,,,,28,d,Time,,,1000,,mg/kg bdwt/d,Administered dose(mass),,,1000,,mg/kg/d,Administered dose(mass),,
78-42-2,"Phosphoric acid, tris(2-ethylhexyl) ester;tris (2-ethylhexyl) phosphate;Tris(2-ethylhexyl) phosphate;tris(2-ethylhexyl)ester phosphoric acid;tris(2-ethylhexyl)ester_phosphoric_acid;tris(2-ethylhexyl)phosphate;Tris(2-ethylhexyl)phosphate (TEHP)",,,,,,,,,,,,,,,,,,,,,,,,,,,,,,,,,,,,,,,,,,,,,,,,,,,,,,,,,,,,,,,,,,,,,,,,,,,,,,,,,,,,,,,,,,,,,,,,,,,,,,,,,,,,,,,,,,,,,,,,,,,,,,,,Human Health Hazards#Repeated Dose Toxicity,Repeated Dose Toxicity HESS,1993,,NOEL,OECD TG 407,False,No qualifier,Equal,,,,,,,,,,,Rat,,,,,,,,,,,,,,,,,,,,,,,,,,,,,,,,,,,,,,ALT(GPT)↓,,,,,,,,,,,,,,,,,,,,,,,,,,,,,,,,99.7,None,,,,,,,,,,,,,,,,,,,,,,,,,,,,,,,,,,,,,,,,,,,,,,,,,,,,,,,,,,,,,,,,SD,Oral (Gavage),,,,,,,,,,,,,,,,,,,,,,Male,Main,"National Institute of Health Sciences, Japan",Blood serum (Enzyme),RDT,Research Institute for Animal Science in Biochemistry & Toxicology,Blood chemical examination,1000,mg/kg bdwt/d,Administered dose(mass),30,mg/kg bdwt/d,Administered dose(mass),0,d,Time,,,,,,,,,,,,,,,,,,,,,,,,,,,,,,,,,,,,,,,,,,,,,,,,,,,,,,,,,,,,,,,28,d,Time,,,1000,,mg/kg bdwt/d,Administered dose(mass),,,1000,,mg/kg/d,Administered dose(mass),,
78-42-2,"Phosphoric acid, tris(2-ethylhexyl) ester;tris (2-ethylhexyl) phosphate;Tris(2-ethylhexyl) phosphate;tris(2-ethylhexyl)ester phosphoric acid;tris(2-ethylhexyl)ester_phosphoric_acid;tris(2-ethylhexyl)phosphate;Tris(2-ethylhexyl)phosphate (TEHP)",,,,,,,,,,,,,,,,,,,,,,,,,,,,,,,,,,,,,,,,,,,,,,,,,,,,,,,,,,,,,,,,,,,,,,,,,,,,,,,,,,,,,,,,,,,,,,,,,,,,,,,,,,,,,,,,,,,,,,,,,,,,,,,,Human Health Hazards#Repeated Dose Toxicity,Repeated Dose Toxicity HESS,1993,,NOEL,OECD TG 407,False,No qualifier,Equal,,,,,,,,,,,Rat,,,,,,,,,,,,,,,,,,,,,,,,,,,,,,,,,,,,,,AST(GOT)↑,,,,,,,,,,,,,,,,,,,,,,,,,,,,,,,,99.7,None,,,,,,,,,,,,,,,,,,,,,,,,,,,,,,,,,,,,,,,,,,,,,,,,,,,,,,,,,,,,,,,,SD,Oral (Gavage),,,,,,,,,,,,,,,,,,,,,,Female,Main,"National Institute of Health Sciences, Japan",Blood serum (Enzyme),RDT,Research Institute for Animal Science in Biochemistry & Toxicology,Blood chemical examination,1000,mg/kg bdwt/d,Administered dose(mass),30,mg/kg bdwt/d,Administered dose(mass),0,d,Time,,,,,,,,,,,,,,,,,,,,,,,,,,,,,,,,,,,,,,,,,,,,,,,,,,,,,,,,,,,,,,,28,d,Time,,,1000,,mg/kg bdwt/d,Administered dose(mass),,,1000,,mg/kg/d,Administered dose(mass),,
78-42-2,"Phosphoric acid, tris(2-ethylhexyl) ester;tris (2-ethylhexyl) phosphate;Tris(2-ethylhexyl) phosphate;tris(2-ethylhexyl)ester phosphoric acid;tris(2-ethylhexyl)ester_phosphoric_acid;tris(2-ethylhexyl)phosphate;Tris(2-ethylhexyl)phosphate (TEHP)",,,,,,,,,,,,,,,,,,,,,,,,,,,,,,,,,,,,,,,,,,,,,,,,,,,,,,,,,,,,,,,,,,,,,,,,,,,,,,,,,,,,,,,,,,,,,,,,,,,,,,,,,,,,,,,,,,,,,,,,,,,,,,,,Human Health Hazards#Repeated Dose Toxicity,Repeated Dose Toxicity HESS,1993,,NOEL,OECD TG 407,False,No qualifier,Equal,,,,,,,,,,,Rat,,,,,,,,,,,,,,,,,,,,,,,,,,,,,,,,,,,,,,AST(GOT)↑,,,,,,,,,,,,,,,,,,,,,,,,,,,,,,,,99.7,None,,,,,,,,,,,,,,,,,,,,,,,,,,,,,,,,,,,,,,,,,,,,,,,,,,,,,,,,,,,,,,,,SD,Oral (Gavage),,,,,,,,,,,,,,,,,,,,,,Male,Main,"National Institute of Health Sciences, Japan",Blood serum (Enzyme),RDT,Research Institute for Animal Science in Biochemistry & Toxicology,Blood chemical examination,1000,mg/kg bdwt/d,Administered dose(mass),30,mg/kg bdwt/d,Administered dose(mass),0,d,Time,,,,,,,,,,,,,,,,,,,,,,,,,,,,,,,,,,,,,,,,,,,,,,,,,,,,,,,,,,,,,,,28,d,Time,,,1000,,mg/kg bdwt/d,Administered dose(mass),,,1000,,mg/kg/d,Administered dose(mass),,
78-42-2,"Phosphoric acid, tris(2-ethylhexyl) ester;tris (2-ethylhexyl) phosphate;Tris(2-ethylhexyl) phosphate;tris(2-ethylhexyl)ester phosphoric acid;tris(2-ethylhexyl)ester_phosphoric_acid;tris(2-ethylhexyl)phosphate;Tris(2-ethylhexyl)phosphate (TEHP)",,,,,,,,,,,,,,,,,,,,,,,,,,,,,,,,,,,,,,,,,,,,,,,,,,,,,,,,,,,,,,,,,,,,,,,,,,,,,,,,,,,,,,,,,,,,,,,,,,,,,,,,,,,,,,,,,,,,,,,,,,,,,,,,Human Health Hazards#Repeated Dose Toxicity,Repeated Dose Toxicity HESS,1993,,NOEL,OECD TG 407,False,No qualifier,Equal,,,,,,,,,,,Rat,,,,,,,,,,,,,,,,,,,,,,,,,,,,,,,,,,,,,,AST(GOT)↓,,,,,,,,,,,,,,,,,,,,,,,,,,,,,,,,99.7,None,,,,,,,,,,,,,,,,,,,,,,,,,,,,,,,,,,,,,,,,,,,,,,,,,,,,,,,,,,,,,,,,SD,Oral (Gavage),,,,,,,,,,,,,,,,,,,,,,Female,Main,"National Institute of Health Sciences, Japan",Blood serum (Enzyme),RDT,Research Institute for Animal Science in Biochemistry & Toxicology,Blood chemical examination,1000,mg/kg bdwt/d,Administered dose(mass),30,mg/kg bdwt/d,Administered dose(mass),0,d,Time,,,,,,,,,,,,,,,,,,,,,,,,,,,,,,,,,,,,,,,,,,,,,,,,,,,,,,,,,,,,,,,28,d,Time,,,1000,,mg/kg bdwt/d,Administered dose(mass),,,1000,,mg/kg/d,Administered dose(mass),,
78-42-2,"Phosphoric acid, tris(2-ethylhexyl) ester;tris (2-ethylhexyl) phosphate;Tris(2-ethylhexyl) phosphate;tris(2-ethylhexyl)ester phosphoric acid;tris(2-ethylhexyl)ester_phosphoric_acid;tris(2-ethylhexyl)phosphate;Tris(2-ethylhexyl)phosphate (TEHP)",,,,,,,,,,,,,,,,,,,,,,,,,,,,,,,,,,,,,,,,,,,,,,,,,,,,,,,,,,,,,,,,,,,,,,,,,,,,,,,,,,,,,,,,,,,,,,,,,,,,,,,,,,,,,,,,,,,,,,,,,,,,,,,,Human Health Hazards#Repeated Dose Toxicity,Repeated Dose Toxicity HESS,1993,,NOEL,OECD TG 407,False,No qualifier,Equal,,,,,,,,,,,Rat,,,,,,,,,,,,,,,,,,,,,,,,,,,,,,,,,,,,,,AST(GOT)↓,,,,,,,,,,,,,,,,,,,,,,,,,,,,,,,,99.7,None,,,,,,,,,,,,,,,,,,,,,,,,,,,,,,,,,,,,,,,,,,,,,,,,,,,,,,,,,,,,,,,,SD,Oral (Gavage),,,,,,,,,,,,,,,,,,,,,,Male,Main,"National Institute of Health Sciences, Japan",Blood serum (Enzyme),RDT,Research Institute for Animal Science in Biochemistry & Toxicology,Blood chemical examination,1000,mg/kg bdwt/d,Administered dose(mass),30,mg/kg bdwt/d,Administered dose(mass),0,d,Time,,,,,,,,,,,,,,,,,,,,,,,,,,,,,,,,,,,,,,,,,,,,,,,,,,,,,,,,,,,,,,,28,d,Time,,,1000,,mg/kg bdwt/d,Administered dose(mass),,,1000,,mg/kg/d,Administered dose(mass),,
78-42-2,"Phosphoric acid, tris(2-ethylhexyl) ester;tris (2-ethylhexyl) phosphate;Tris(2-ethylhexyl) phosphate;tris(2-ethylhexyl)ester phosphoric acid;tris(2-ethylhexyl)ester_phosphoric_acid;tris(2-ethylhexyl)phosphate;Tris(2-ethylhexyl)phosphate (TEHP)",,,,,,,,,,,,,,,,,,,,,,,,,,,,,,,,,,,,,,,,,,,,,,,,,,,,,,,,,,,,,,,,,,,,,,,,,,,,,,,,,,,,,,,,,,,,,,,,,,,,,,,,,,,,,,,,,,,,,,,,,,,,,,,,Human Health Hazards#Repeated Dose Toxicity,Repeated Dose Toxicity HESS,1993,,NOEL,OECD TG 407,False,No qualifier,Equal,,,,,,,,,,,Rat,,,,,,,,,,,,,,,,,,,,,,,,,,,,,,,,,,,,,,ChE↑(Plasma/Others)r,,,,,,,,,,,,,,,,,,,,,,,,,,,,,,,,99.7,None,,,,,,,,,,,,,,,,,,,,,,,,,,,,,,,,,,,,,,,,,,,,,,,,,,,,,,,,,,,,,,,,SD,Oral (Gavage),,,,,,,,,,,,,,,,,,,,,,Female,Main,"National Institute of Health Sciences, Japan",Blood serum (Enzyme),RDT,Research Institute for Animal Science in Biochemistry & Toxicology,Blood chemical examination,1000,mg/kg bdwt/d,Administered dose(mass),30,mg/kg bdwt/d,Administered dose(mass),0,d,Time,,,,,,,,,,,,,,,,,,,,,,,,,,,,,,,,,,,,,,,,,,,,,,,,,,,,,,,,,,,,,,,28,d,Time,,,1000,,mg/kg bdwt/d,Administered dose(mass),,,1000,,mg/kg/d,Administered dose(mass),,
78-42-2,"Phosphoric acid, tris(2-ethylhexyl) ester;tris (2-ethylhexyl) phosphate;Tris(2-ethylhexyl) phosphate;tris(2-ethylhexyl)ester phosphoric acid;tris(2-ethylhexyl)ester_phosphoric_acid;tris(2-ethylhexyl)phosphate;Tris(2-ethylhexyl)phosphate (TEHP)",,,,,,,,,,,,,,,,,,,,,,,,,,,,,,,,,,,,,,,,,,,,,,,,,,,,,,,,,,,,,,,,,,,,,,,,,,,,,,,,,,,,,,,,,,,,,,,,,,,,,,,,,,,,,,,,,,,,,,,,,,,,,,,,Human Health Hazards#Repeated Dose Toxicity,Repeated Dose Toxicity HESS,1993,,NOEL,OECD TG 407,False,No qualifier,Equal,,,,,,,,,,,Rat,,,,,,,,,,,,,,,,,,,,,,,,,,,,,,,,,,,,,,ChE↑(Plasma/Others)r,,,,,,,,,,,,,,,,,,,,,,,,,,,,,,,,99.7,None,,,,,,,,,,,,,,,,,,,,,,,,,,,,,,,,,,,,,,,,,,,,,,,,,,,,,,,,,,,,,,,,SD,Oral (Gavage),,,,,,,,,,,,,,,,,,,,,,Male,Main,"National Institute of Health Sciences, Japan",Blood serum (Enzyme),RDT,Research Institute for Animal Science in Biochemistry & Toxicology,Blood chemical examination,1000,mg/kg bdwt/d,Administered dose(mass),30,mg/kg bdwt/d,Administered dose(mass),0,d,Time,,,,,,,,,,,,,,,,,,,,,,,,,,,,,,,,,,,,,,,,,,,,,,,,,,,,,,,,,,,,,,,28,d,Time,,,1000,,mg/kg bdwt/d,Administered dose(mass),,,1000,,mg/kg/d,Administered dose(mass),,
78-42-2,"Phosphoric acid, tris(2-ethylhexyl) ester;tris (2-ethylhexyl) phosphate;Tris(2-ethylhexyl) phosphate;tris(2-ethylhexyl)ester phosphoric acid;tris(2-ethylhexyl)ester_phosphoric_acid;tris(2-ethylhexyl)phosphate;Tris(2-ethylhexyl)phosphate (TEHP)",,,,,,,,,,,,,,,,,,,,,,,,,,,,,,,,,,,,,,,,,,,,,,,,,,,,,,,,,,,,,,,,,,,,,,,,,,,,,,,,,,,,,,,,,,,,,,,,,,,,,,,,,,,,,,,,,,,,,,,,,,,,,,,,Human Health Hazards#Repeated Dose Toxicity,Repeated Dose Toxicity HESS,1993,,NOEL,OECD TG 407,False,No qualifier,Equal,,,,,,,,,,,Rat,,,,,,,,,,,,,,,,,,,,,,,,,,,,,,,,,,,,,,ChE↓(Plasma/Others),,,,,,,,,,,,,,,,,,,,,,,,,,,,,,,,99.7,None,,,,,,,,,,,,,,,,,,,,,,,,,,,,,,,,,,,,,,,,,,,,,,,,,,,,,,,,,,,,,,,,SD,Oral (Gavage),,,,,,,,,,,,,,,,,,,,,,Female,Main,"National Institute of Health Sciences, Japan",Blood serum (Enzyme),RDT,Research Institute for Animal Science in Biochemistry & Toxicology,Blood chemical examination,1000,mg/kg bdwt/d,Administered dose(mass),30,mg/kg bdwt/d,Administered dose(mass),0,d,Time,,,,,,,,,,,,,,,,,,,,,,,,,,,,,,,,,,,,,,,,,,,,,,,,,,,,,,,,,,,,,,,28,d,Time,,,1000,,mg/kg bdwt/d,Administered dose(mass),,,1000,,mg/kg/d,Administered dose(mass),,
78-42-2,"Phosphoric acid, tris(2-ethylhexyl) ester;tris (2-ethylhexyl) phosphate;Tris(2-ethylhexyl) phosphate;tris(2-ethylhexyl)ester phosphoric acid;tris(2-ethylhexyl)ester_phosphoric_acid;tris(2-ethylhexyl)phosphate;Tris(2-ethylhexyl)phosphate (TEHP)",,,,,,,,,,,,,,,,,,,,,,,,,,,,,,,,,,,,,,,,,,,,,,,,,,,,,,,,,,,,,,,,,,,,,,,,,,,,,,,,,,,,,,,,,,,,,,,,,,,,,,,,,,,,,,,,,,,,,,,,,,,,,,,,Human Health Hazards#Repeated Dose Toxicity,Repeated Dose Toxicity HESS,1993,,NOEL,OECD TG 407,False,No qualifier,Equal,,,,,,,,,,,Rat,,,,,,,,,,,,,,,,,,,,,,,,,,,,,,,,,,,,,,ChE↓(Plasma/Others),,,,,,,,,,,,,,,,,,,,,,,,,,,,,,,,99.7,None,,,,,,,,,,,,,,,,,,,,,,,,,,,,,,,,,,,,,,,,,,,,,,,,,,,,,,,,,,,,,,,,SD,Oral (Gavage),,,,,,,,,,,,,,,,,,,,,,Male,Main,"National Institute of Health Sciences, Japan",Blood serum (Enzyme),RDT,Research Institute for Animal Science in Biochemistry & Toxicology,Blood chemical examination,1000,mg/kg bdwt/d,Administered dose(mass),30,mg/kg bdwt/d,Administered dose(mass),0,d,Time,,,,,,,,,,,,,,,,,,,,,,,,,,,,,,,,,,,,,,,,,,,,,,,,,,,,,,,,,,,,,,,28,d,Time,,,1000,,mg/kg bdwt/d,Administered dose(mass),,,1000,,mg/kg/d,Administered dose(mass),,
78-42-2,"Phosphoric acid, tris(2-ethylhexyl) ester;tris (2-ethylhexyl) phosphate;Tris(2-ethylhexyl) phosphate;tris(2-ethylhexyl)ester phosphoric acid;tris(2-ethylhexyl)ester_phosphoric_acid;tris(2-ethylhexyl)phosphate;Tris(2-ethylhexyl)phosphate (TEHP)",,,,,,,,,,,,,,,,,,,,,,,,,,,,,,,,,,,,,,,,,,,,,,,,,,,,,,,,,,,,,,,,,,,,,,,,,,,,,,,,,,,,,,,,,,,,,,,,,,,,,,,,,,,,,,,,,,,,,,,,,,,,,,,,Human Health Hazards#Repeated Dose Toxicity,Repeated Dose Toxicity HESS,1993,,NOEL,OECD TG 407,False,No qualifier,Equal,,,,,,,,,,,Rat,,,,,,,,,,,,,,,,,,,,,,,,,,,,,,,,,,,,,,T. Protein↑,,,,,,,,,,,,,,,,,,,,,,,,,,,,,,,,99.7,None,,,,,,,,,,,,,,,,,,,,,,,,,,,,,,,,,,,,,,,,,,,,,,,,,,,,,,,,,,,,,,,,SD,Oral (Gavage),,,,,,,,,,,,,,,,,,,,,,Female,Main,"National Institute of Health Sciences, Japan",Blood serum (Enzyme),RDT,Research Institute for Animal Science in Biochemistry & Toxicology,Blood chemical examination,1000,mg/kg bdwt/d,Administered dose(mass),30,mg/kg bdwt/d,Administered dose(mass),0,d,Time,,,,,,,,,,,,,,,,,,,,,,,,,,,,,,,,,,,,,,,,,,,,,,,,,,,,,,,,,,,,,,,28,d,Time,,,1000,,mg/kg bdwt/d,Administered dose(mass),,,1000,,mg/kg/d,Administered dose(mass),,
78-42-2,"Phosphoric acid, tris(2-ethylhexyl) ester;tris (2-ethylhexyl) phosphate;Tris(2-ethylhexyl) phosphate;tris(2-ethylhexyl)ester phosphoric acid;tris(2-ethylhexyl)ester_phosphoric_acid;tris(2-ethylhexyl)phosphate;Tris(2-ethylhexyl)phosphate (TEHP)",,,,,,,,,,,,,,,,,,,,,,,,,,,,,,,,,,,,,,,,,,,,,,,,,,,,,,,,,,,,,,,,,,,,,,,,,,,,,,,,,,,,,,,,,,,,,,,,,,,,,,,,,,,,,,,,,,,,,,,,,,,,,,,,Human Health Hazards#Repeated Dose Toxicity,Repeated Dose Toxicity HESS,1993,,NOEL,OECD TG 407,False,No qualifier,Equal,,,,,,,,,,,Rat,,,,,,,,,,,,,,,,,,,,,,,,,,,,,,,,,,,,,,T. Protein↑,,,,,,,,,,,,,,,,,,,,,,,,,,,,,,,,99.7,None,,,,,,,,,,,,,,,,,,,,,,,,,,,,,,,,,,,,,,,,,,,,,,,,,,,,,,,,,,,,,,,,SD,Oral (Gavage),,,,,,,,,,,,,,,,,,,,,,Male,Main,"National Institute of Health Sciences, Japan",Blood serum (Enzyme),RDT,Research Institute for Animal Science in Biochemistry & Toxicology,Blood chemical examination,1000,mg/kg bdwt/d,Administered dose(mass),30,mg/kg bdwt/d,Administered dose(mass),0,d,Time,,,,,,,,,,,,,,,,,,,,,,,,,,,,,,,,,,,,,,,,,,,,,,,,,,,,,,,,,,,,,,,28,d,Time,,,1000,,mg/kg bdwt/d,Administered dose(mass),,,1000,,mg/kg/d,Administered dose(mass),,
78-42-2,"Phosphoric acid, tris(2-ethylhexyl) ester;tris (2-ethylhexyl) phosphate;Tris(2-ethylhexyl) phosphate;tris(2-ethylhexyl)ester phosphoric acid;tris(2-ethylhexyl)ester_phosphoric_acid;tris(2-ethylhexyl)phosphate;Tris(2-ethylhexyl)phosphate (TEHP)",,,,,,,,,,,,,,,,,,,,,,,,,,,,,,,,,,,,,,,,,,,,,,,,,,,,,,,,,,,,,,,,,,,,,,,,,,,,,,,,,,,,,,,,,,,,,,,,,,,,,,,,,,,,,,,,,,,,,,,,,,,,,,,,Human Health Hazards#Repeated Dose Toxicity,Repeated Dose Toxicity HESS,1993,,NOEL,OECD TG 407,False,No qualifier,Equal,,,,,,,,,,,Rat,,,,,,,,,,,,,,,,,,,,,,,,,,,,,,,,,,,,,,T. Protein↓,,,,,,,,,,,,,,,,,,,,,,,,,,,,,,,,99.7,None,,,,,,,,,,,,,,,,,,,,,,,,,,,,,,,,,,,,,,,,,,,,,,,,,,,,,,,,,,,,,,,,SD,Oral (Gavage),,,,,,,,,,,,,,,,,,,,,,Female,Main,"National Institute of Health Sciences, Japan",Blood serum (Enzyme),RDT,Research Institute for Animal Science in Biochemistry & Toxicology,Blood chemical examination,1000,mg/kg bdwt/d,Administered dose(mass),30,mg/kg bdwt/d,Administered dose(mass),0,d,Time,,,,,,,,,,,,,,,,,,,,,,,,,,,,,,,,,,,,,,,,,,,,,,,,,,,,,,,,,,,,,,,28,d,Time,,,1000,,mg/kg bdwt/d,Administered dose(mass),,,1000,,mg/kg/d,Administered dose(mass),,
78-42-2,"Phosphoric acid, tris(2-ethylhexyl) ester;tris (2-ethylhexyl) phosphate;Tris(2-ethylhexyl) phosphate;tris(2-ethylhexyl)ester phosphoric acid;tris(2-ethylhexyl)ester_phosphoric_acid;tris(2-ethylhexyl)phosphate;Tris(2-ethylhexyl)phosphate (TEHP)",,,,,,,,,,,,,,,,,,,,,,,,,,,,,,,,,,,,,,,,,,,,,,,,,,,,,,,,,,,,,,,,,,,,,,,,,,,,,,,,,,,,,,,,,,,,,,,,,,,,,,,,,,,,,,,,,,,,,,,,,,,,,,,,Human Health Hazards#Repeated Dose Toxicity,Repeated Dose Toxicity HESS,1993,,NOEL,OECD TG 407,False,No qualifier,Equal,,,,,,,,,,,Rat,,,,,,,,,,,,,,,,,,,,,,,,,,,,,,,,,,,,,,T. Protein↓,,,,,,,,,,,,,,,,,,,,,,,,,,,,,,,,99.7,None,,,,,,,,,,,,,,,,,,,,,,,,,,,,,,,,,,,,,,,,,,,,,,,,,,,,,,,,,,,,,,,,SD,Oral (Gavage),,,,,,,,,,,,,,,,,,,,,,Male,Main,"National Institute of Health Sciences, Japan",Blood serum (Enzyme),RDT,Research Institute for Animal Science in Biochemistry & Toxicology,Blood chemical examination,1000,mg/kg bdwt/d,Administered dose(mass),30,mg/kg bdwt/d,Administered dose(mass),0,d,Time,,,,,,,,,,,,,,,,,,,,,,,,,,,,,,,,,,,,,,,,,,,,,,,,,,,,,,,,,,,,,,,28,d,Time,,,1000,,mg/kg bdwt/d,Administered dose(mass),,,1000,,mg/kg/d,Administered dose(mass),,
78-42-2,"Phosphoric acid, tris(2-ethylhexyl) ester;tris (2-ethylhexyl) phosphate;Tris(2-ethylhexyl) phosphate;tris(2-ethylhexyl)ester phosphoric acid;tris(2-ethylhexyl)ester_phosphoric_acid;tris(2-ethylhexyl)phosphate;Tris(2-ethylhexyl)phosphate (TEHP)",,,,,,,,,,,,,,,,,,,,,,,,,,,,,,,,,,,,,,,,,,,,,,,,,,,,,,,,,,,,,,,,,,,,,,,,,,,,,,,,,,,,,,,,,,,,,,,,,,,,,,,,,,,,,,,,,,,,,,,,,,,,,,,,Human Health Hazards#Repeated Dose Toxicity,Repeated Dose Toxicity HESS,1993,,NOEL,OECD TG 407,False,No qualifier,Equal,,,,,,,,,,,Rat,,,,,,,,,,,,,,,,,,,,,,,,,,,,,,,,,,,,,,Γ-GTP↑,,,,,,,,,,,,,,,,,,,,,,,,,,,,,,,,99.7,None,,,,,,,,,,,,,,,,,,,,,,,,,,,,,,,,,,,,,,,,,,,,,,,,,,,,,,,,,,,,,,,,SD,Oral (Gavage),,,,,,,,,,,,,,,,,,,,,,Female,Main,"National Institute of Health Sciences, Japan",Blood serum (Enzyme),RDT,Research Institute for Animal Science in Biochemistry & Toxicology,Blood chemical examination,1000,mg/kg bdwt/d,Administered dose(mass),30,mg/kg bdwt/d,Administered dose(mass),0,d,Time,,,,,,,,,,,,,,,,,,,,,,,,,,,,,,,,,,,,,,,,,,,,,,,,,,,,,,,,,,,,,,,28,d,Time,,,1000,,mg/kg bdwt/d,Administered dose(mass),,,1000,,mg/kg/d,Administered dose(mass),,
78-42-2,"Phosphoric acid, tris(2-ethylhexyl) ester;tris (2-ethylhexyl) phosphate;Tris(2-ethylhexyl) phosphate;tris(2-ethylhexyl)ester phosphoric acid;tris(2-ethylhexyl)ester_phosphoric_acid;tris(2-ethylhexyl)phosphate;Tris(2-ethylhexyl)phosphate (TEHP)",,,,,,,,,,,,,,,,,,,,,,,,,,,,,,,,,,,,,,,,,,,,,,,,,,,,,,,,,,,,,,,,,,,,,,,,,,,,,,,,,,,,,,,,,,,,,,,,,,,,,,,,,,,,,,,,,,,,,,,,,,,,,,,,Human Health Hazards#Repeated Dose Toxicity,Repeated Dose Toxicity HESS,1993,,NOEL,OECD TG 407,False,No qualifier,Equal,,,,,,,,,,,Rat,,,,,,,,,,,,,,,,,,,,,,,,,,,,,,,,,,,,,,Γ-GTP↑,,,,,,,,,,,,,,,,,,,,,,,,,,,,,,,,99.7,None,,,,,,,,,,,,,,,,,,,,,,,,,,,,,,,,,,,,,,,,,,,,,,,,,,,,,,,,,,,,,,,,SD,Oral (Gavage),,,,,,,,,,,,,,,,,,,,,,Male,Main,"National Institute of Health Sciences, Japan",Blood serum (Enzyme),RDT,Research Institute for Animal Science in Biochemistry & Toxicology,Blood chemical examination,1000,mg/kg bdwt/d,Administered dose(mass),30,mg/kg bdwt/d,Administered dose(mass),0,d,Time,,,,,,,,,,,,,,,,,,,,,,,,,,,,,,,,,,,,,,,,,,,,,,,,,,,,,,,,,,,,,,,28,d,Time,,,1000,,mg/kg bdwt/d,Administered dose(mass),,,1000,,mg/kg/d,Administered dose(mass),,
78-42-2,"Phosphoric acid, tris(2-ethylhexyl) ester;tris (2-ethylhexyl) phosphate;Tris(2-ethylhexyl) phosphate;tris(2-ethylhexyl)ester phosphoric acid;tris(2-ethylhexyl)ester_phosphoric_acid;tris(2-ethylhexyl)phosphate;Tris(2-ethylhexyl)phosphate (TEHP)",,,,,,,,,,,,,,,,,,,,,,,,,,,,,,,,,,,,,,,,,,,,,,,,,,,,,,,,,,,,,,,,,,,,,,,,,,,,,,,,,,,,,,,,,,,,,,,,,,,,,,,,,,,,,,,,,,,,,,,,,,,,,,,,Human Health Hazards#Repeated Dose Toxicity,Repeated Dose Toxicity HESS,1993,,NOEL,OECD TG 407,False,No qualifier,Equal,,,,,,,,,,,Rat,,,,,,,,,,,,,,,,,,,,,,,,,,,,,,,,,,,,,,Γ-GTP↓,,,,,,,,,,,,,,,,,,,,,,,,,,,,,,,,99.7,None,,,,,,,,,,,,,,,,,,,,,,,,,,,,,,,,,,,,,,,,,,,,,,,,,,,,,,,,,,,,,,,,SD,Oral (Gavage),,,,,,,,,,,,,,,,,,,,,,Female,Main,"National Institute of Health Sciences, Japan",Blood serum (Enzyme),RDT,Research Institute for Animal Science in Biochemistry & Toxicology,Blood chemical examination,1000,mg/kg bdwt/d,Administered dose(mass),30,mg/kg bdwt/d,Administered dose(mass),0,d,Time,,,,,,,,,,,,,,,,,,,,,,,,,,,,,,,,,,,,,,,,,,,,,,,,,,,,,,,,,,,,,,,28,d,Time,,,1000,,mg/kg bdwt/d,Administered dose(mass),,,1000,,mg/kg/d,Administered dose(mass),,
78-42-2,"Phosphoric acid, tris(2-ethylhexyl) ester;tris (2-ethylhexyl) phosphate;Tris(2-ethylhexyl) phosphate;tris(2-ethylhexyl)ester phosphoric acid;tris(2-ethylhexyl)ester_phosphoric_acid;tris(2-ethylhexyl)phosphate;Tris(2-ethylhexyl)phosphate (TEHP)",,,,,,,,,,,,,,,,,,,,,,,,,,,,,,,,,,,,,,,,,,,,,,,,,,,,,,,,,,,,,,,,,,,,,,,,,,,,,,,,,,,,,,,,,,,,,,,,,,,,,,,,,,,,,,,,,,,,,,,,,,,,,,,,Human Health Hazards#Repeated Dose Toxicity,Repeated Dose Toxicity HESS,1993,,NOEL,OECD TG 407,False,No qualifier,Equal,,,,,,,,,,,Rat,,,,,,,,,,,,,,,,,,,,,,,,,,,,,,,,,,,,,,Γ-GTP↓,,,,,,,,,,,,,,,,,,,,,,,,,,,,,,,,99.7,None,,,,,,,,,,,,,,,,,,,,,,,,,,,,,,,,,,,,,,,,,,,,,,,,,,,,,,,,,,,,,,,,SD,Oral (Gavage),,,,,,,,,,,,,,,,,,,,,,Male,Main,"National Institute of Health Sciences, Japan",Blood serum (Enzyme),RDT,Research Institute for Animal Science in Biochemistry & Toxicology,Blood chemical examination,1000,mg/kg bdwt/d,Administered dose(mass),30,mg/kg bdwt/d,Administered dose(mass),0,d,Time,,,,,,,,,,,,,,,,,,,,,,,,,,,,,,,,,,,,,,,,,,,,,,,,,,,,,,,,,,,,,,,28,d,Time,,,1000,,mg/kg bdwt/d,Administered dose(mass),,,1000,,mg/kg/d,Administered dose(mass),,
78-42-2,"Phosphoric acid, tris(2-ethylhexyl) ester;tris (2-ethylhexyl) phosphate;Tris(2-ethylhexyl) phosphate;tris(2-ethylhexyl)ester phosphoric acid;tris(2-ethylhexyl)ester_phosphoric_acid;tris(2-ethylhexyl)phosphate;Tris(2-ethylhexyl)phosphate (TEHP)",,,,,,,,,,,,,,,,,,,,,,,,,,,,,,,,,,,,,,,,,,,,,,,,,,,,,,,,,,,,,,,,,,,,,,,,,,,,,,,,,,,,,,,,,,,,,,,,,,,,,,,,,,,,,,,,,,,,,,,,,,,,,,,,Human Health Hazards#Repeated Dose Toxicity,Repeated Dose Toxicity HESS,1993,,NOEL,OECD TG 407,False,No qualifier,Equal,,,,,,,,,,,Rat,,,,,,,,,,,,,,,,,,,,,,,,,,,,,,,,,,,,,,T. Cholesterol↑,,,,,,,,,,,,,,,,,,,,,,,,,,,,,,,,99.7,None,,,,,,,,,,,,,,,,,,,,,,,,,,,,,,,,,,,,,,,,,,,,,,,,,,,,,,,,,,,,,,,,SD,Oral (Gavage),,,,,,,,,,,,,,,,,,,,,,Female,Main,"National Institute of Health Sciences, Japan",Blood serum (Lipid),RDT,Research Institute for Animal Science in Biochemistry & Toxicology,Blood chemical examination,1000,mg/kg bdwt/d,Administered dose(mass),30,mg/kg bdwt/d,Administered dose(mass),0,d,Time,,,,,,,,,,,,,,,,,,,,,,,,,,,,,,,,,,,,,,,,,,,,,,,,,,,,,,,,,,,,,,,28,d,Time,,,1000,,mg/kg bdwt/d,Administered dose(mass),,,1000,,mg/kg/d,Administered dose(mass),,
78-42-2,"Phosphoric acid, tris(2-ethylhexyl) ester;tris (2-ethylhexyl) phosphate;Tris(2-ethylhexyl) phosphate;tris(2-ethylhexyl)ester phosphoric acid;tris(2-ethylhexyl)ester_phosphoric_acid;tris(2-ethylhexyl)phosphate;Tris(2-ethylhexyl)phosphate (TEHP)",,,,,,,,,,,,,,,,,,,,,,,,,,,,,,,,,,,,,,,,,,,,,,,,,,,,,,,,,,,,,,,,,,,,,,,,,,,,,,,,,,,,,,,,,,,,,,,,,,,,,,,,,,,,,,,,,,,,,,,,,,,,,,,,Human Health Hazards#Repeated Dose Toxicity,Repeated Dose Toxicity HESS,1993,,NOEL,OECD TG 407,False,No qualifier,Equal,,,,,,,,,,,Rat,,,,,,,,,,,,,,,,,,,,,,,,,,,,,,,,,,,,,,T. Cholesterol↑,,,,,,,,,,,,,,,,,,,,,,,,,,,,,,,,99.7,None,,,,,,,,,,,,,,,,,,,,,,,,,,,,,,,,,,,,,,,,,,,,,,,,,,,,,,,,,,,,,,,,SD,Oral (Gavage),,,,,,,,,,,,,,,,,,,,,,Male,Main,"National Institute of Health Sciences, Japan",Blood serum (Lipid),RDT,Research Institute for Animal Science in Biochemistry & Toxicology,Blood chemical examination,1000,mg/kg bdwt/d,Administered dose(mass),30,mg/kg bdwt/d,Administered dose(mass),0,d,Time,,,,,,,,,,,,,,,,,,,,,,,,,,,,,,,,,,,,,,,,,,,,,,,,,,,,,,,,,,,,,,,28,d,Time,,,1000,,mg/kg bdwt/d,Administered dose(mass),,,1000,,mg/kg/d,Administered dose(mass),,
78-42-2,"Phosphoric acid, tris(2-ethylhexyl) ester;tris (2-ethylhexyl) phosphate;Tris(2-ethylhexyl) phosphate;tris(2-ethylhexyl)ester phosphoric acid;tris(2-ethylhexyl)ester_phosphoric_acid;tris(2-ethylhexyl)phosphate;Tris(2-ethylhexyl)phosphate (TEHP)",,,,,,,,,,,,,,,,,,,,,,,,,,,,,,,,,,,,,,,,,,,,,,,,,,,,,,,,,,,,,,,,,,,,,,,,,,,,,,,,,,,,,,,,,,,,,,,,,,,,,,,,,,,,,,,,,,,,,,,,,,,,,,,,Human Health Hazards#Repeated Dose Toxicity,Repeated Dose Toxicity HESS,1993,,NOEL,OECD TG 407,False,No qualifier,Equal,,,,,,,,,,,Rat,,,,,,,,,,,,,,,,,,,,,,,,,,,,,,,,,,,,,,T. Cholesterol↓,,,,,,,,,,,,,,,,,,,,,,,,,,,,,,,,99.7,None,,,,,,,,,,,,,,,,,,,,,,,,,,,,,,,,,,,,,,,,,,,,,,,,,,,,,,,,,,,,,,,,SD,Oral (Gavage),,,,,,,,,,,,,,,,,,,,,,Female,Main,"National Institute of Health Sciences, Japan",Blood serum (Lipid),RDT,Research Institute for Animal Science in Biochemistry & Toxicology,Blood chemical examination,1000,mg/kg bdwt/d,Administered dose(mass),30,mg/kg bdwt/d,Administered dose(mass),0,d,Time,,,,,,,,,,,,,,,,,,,,,,,,,,,,,,,,,,,,,,,,,,,,,,,,,,,,,,,,,,,,,,,28,d,Time,,,1000,,mg/kg bdwt/d,Administered dose(mass),,,1000,,mg/kg/d,Administered dose(mass),,
78-42-2,"Phosphoric acid, tris(2-ethylhexyl) ester;tris (2-ethylhexyl) phosphate;Tris(2-ethylhexyl) phosphate;tris(2-ethylhexyl)ester phosphoric acid;tris(2-ethylhexyl)ester_phosphoric_acid;tris(2-ethylhexyl)phosphate;Tris(2-ethylhexyl)phosphate (TEHP)",,,,,,,,,,,,,,,,,,,,,,,,,,,,,,,,,,,,,,,,,,,,,,,,,,,,,,,,,,,,,,,,,,,,,,,,,,,,,,,,,,,,,,,,,,,,,,,,,,,,,,,,,,,,,,,,,,,,,,,,,,,,,,,,Human Health Hazards#Repeated Dose Toxicity,Repeated Dose Toxicity HESS,1993,,NOEL,OECD TG 407,False,No qualifier,Equal,,,,,,,,,,,Rat,,,,,,,,,,,,,,,,,,,,,,,,,,,,,,,,,,,,,,T. Cholesterol↓,,,,,,,,,,,,,,,,,,,,,,,,,,,,,,,,99.7,None,,,,,,,,,,,,,,,,,,,,,,,,,,,,,,,,,,,,,,,,,,,,,,,,,,,,,,,,,,,,,,,,SD,Oral (Gavage),,,,,,,,,,,,,,,,,,,,,,Male,Main,"National Institute of Health Sciences, Japan",Blood serum (Lipid),RDT,Research Institute for Animal Science in Biochemistry & Toxicology,Blood chemical examination,1000,mg/kg bdwt/d,Administered dose(mass),30,mg/kg bdwt/d,Administered dose(mass),0,d,Time,,,,,,,,,,,,,,,,,,,,,,,,,,,,,,,,,,,,,,,,,,,,,,,,,,,,,,,,,,,,,,,28,d,Time,,,1000,,mg/kg bdwt/d,Administered dose(mass),,,1000,,mg/kg/d,Administered dose(mass),,
78-42-2,"Phosphoric acid, tris(2-ethylhexyl) ester;tris (2-ethylhexyl) phosphate;Tris(2-ethylhexyl) phosphate;tris(2-ethylhexyl)ester phosphoric acid;tris(2-ethylhexyl)ester_phosphoric_acid;tris(2-ethylhexyl)phosphate;Tris(2-ethylhexyl)phosphate (TEHP)",,,,,,,,,,,,,,,,,,,,,,,,,,,,,,,,,,,,,,,,,,,,,,,,,,,,,,,,,,,,,,,,,,,,,,,,,,,,,,,,,,,,,,,,,,,,,,,,,,,,,,,,,,,,,,,,,,,,,,,,,,,,,,,,Human Health Hazards#Repeated Dose Toxicity,Repeated Dose Toxicity HESS,1993,,NOEL,OECD TG 407,False,No qualifier,Equal,,,,,,,,,,,Rat,,,,,,,,,,,,,,,,,,,,,,,,,,,,,,,,,,,,,,Triglyceride↑,,,,,,,,,,,,,,,,,,,,,,,,,,,,,,,,99.7,None,,,,,,,,,,,,,,,,,,,,,,,,,,,,,,,,,,,,,,,,,,,,,,,,,,,,,,,,,,,,,,,,SD,Oral (Gavage),,,,,,,,,,,,,,,,,,,,,,Female,Main,"National Institute of Health Sciences, Japan",Blood serum (Lipid),RDT,Research Institute for Animal Science in Biochemistry & Toxicology,Blood chemical examination,1000,mg/kg bdwt/d,Administered dose(mass),30,mg/kg bdwt/d,Administered dose(mass),0,d,Time,,,,,,,,,,,,,,,,,,,,,,,,,,,,,,,,,,,,,,,,,,,,,,,,,,,,,,,,,,,,,,,28,d,Time,,,1000,,mg/kg bdwt/d,Administered dose(mass),,,1000,,mg/kg/d,Administered dose(mass),,
78-42-2,"Phosphoric acid, tris(2-ethylhexyl) ester;tris (2-ethylhexyl) phosphate;Tris(2-ethylhexyl) phosphate;tris(2-ethylhexyl)ester phosphoric acid;tris(2-ethylhexyl)ester_phosphoric_acid;tris(2-ethylhexyl)phosphate;Tris(2-ethylhexyl)phosphate (TEHP)",,,,,,,,,,,,,,,,,,,,,,,,,,,,,,,,,,,,,,,,,,,,,,,,,,,,,,,,,,,,,,,,,,,,,,,,,,,,,,,,,,,,,,,,,,,,,,,,,,,,,,,,,,,,,,,,,,,,,,,,,,,,,,,,Human Health Hazards#Repeated Dose Toxicity,Repeated Dose Toxicity HESS,1993,,NOEL,OECD TG 407,False,No qualifier,Equal,,,,,,,,,,,Rat,,,,,,,,,,,,,,,,,,,,,,,,,,,,,,,,,,,,,,Triglyceride↑,,,,,,,,,,,,,,,,,,,,,,,,,,,,,,,,99.7,None,,,,,,,,,,,,,,,,,,,,,,,,,,,,,,,,,,,,,,,,,,,,,,,,,,,,,,,,,,,,,,,,SD,Oral (Gavage),,,,,,,,,,,,,,,,,,,,,,Male,Main,"National Institute of Health Sciences, Japan",Blood serum (Lipid),RDT,Research Institute for Animal Science in Biochemistry & Toxicology,Blood chemical examination,1000,mg/kg bdwt/d,Administered dose(mass),30,mg/kg bdwt/d,Administered dose(mass),0,d,Time,,,,,,,,,,,,,,,,,,,,,,,,,,,,,,,,,,,,,,,,,,,,,,,,,,,,,,,,,,,,,,,28,d,Time,,,1000,,mg/kg bdwt/d,Administered dose(mass),,,1000,,mg/kg/d,Administered dose(mass),,
78-42-2,"Phosphoric acid, tris(2-ethylhexyl) ester;tris (2-ethylhexyl) phosphate;Tris(2-ethylhexyl) phosphate;tris(2-ethylhexyl)ester phosphoric acid;tris(2-ethylhexyl)ester_phosphoric_acid;tris(2-ethylhexyl)phosphate;Tris(2-ethylhexyl)phosphate (TEHP)",,,,,,,,,,,,,,,,,,,,,,,,,,,,,,,,,,,,,,,,,,,,,,,,,,,,,,,,,,,,,,,,,,,,,,,,,,,,,,,,,,,,,,,,,,,,,,,,,,,,,,,,,,,,,,,,,,,,,,,,,,,,,,,,Human Health Hazards#Repeated Dose Toxicity,Repeated Dose Toxicity HESS,1993,,NOEL,OECD TG 407,False,No qualifier,Equal,,,,,,,,,,,Rat,,,,,,,,,,,,,,,,,,,,,,,,,,,,,,,,,,,,,,Triglyceride↓,,,,,,,,,,,,,,,,,,,,,,,,,,,,,,,,99.7,None,,,,,,,,,,,,,,,,,,,,,,,,,,,,,,,,,,,,,,,,,,,,,,,,,,,,,,,,,,,,,,,,SD,Oral (Gavage),,,,,,,,,,,,,,,,,,,,,,Female,Main,"National Institute of Health Sciences, Japan",Blood serum (Lipid),RDT,Research Institute for Animal Science in Biochemistry & Toxicology,Blood chemical examination,1000,mg/kg bdwt/d,Administered dose(mass),30,mg/kg bdwt/d,Administered dose(mass),0,d,Time,,,,,,,,,,,,,,,,,,,,,,,,,,,,,,,,,,,,,,,,,,,,,,,,,,,,,,,,,,,,,,,28,d,Time,,,1000,,mg/kg bdwt/d,Administered dose(mass),,,1000,,mg/kg/d,Administered dose(mass),,
78-42-2,"Phosphoric acid, tris(2-ethylhexyl) ester;tris (2-ethylhexyl) phosphate;Tris(2-ethylhexyl) phosphate;tris(2-ethylhexyl)ester phosphoric acid;tris(2-ethylhexyl)ester_phosphoric_acid;tris(2-ethylhexyl)phosphate;Tris(2-ethylhexyl)phosphate (TEHP)",,,,,,,,,,,,,,,,,,,,,,,,,,,,,,,,,,,,,,,,,,,,,,,,,,,,,,,,,,,,,,,,,,,,,,,,,,,,,,,,,,,,,,,,,,,,,,,,,,,,,,,,,,,,,,,,,,,,,,,,,,,,,,,,Human Health Hazards#Repeated Dose Toxicity,Repeated Dose Toxicity HESS,1993,,NOEL,OECD TG 407,False,No qualifier,Equal,,,,,,,,,,,Rat,,,,,,,,,,,,,,,,,,,,,,,,,,,,,,,,,,,,,,Triglyceride↓,,,,,,,,,,,,,,,,,,,,,,,,,,,,,,,,99.7,None,,,,,,,,,,,,,,,,,,,,,,,,,,,,,,,,,,,,,,,,,,,,,,,,,,,,,,,,,,,,,,,,SD,Oral (Gavage),,,,,,,,,,,,,,,,,,,,,,Male,Main,"National Institute of Health Sciences, Japan",Blood serum (Lipid),RDT,Research Institute for Animal Science in Biochemistry & Toxicology,Blood chemical examination,1000,mg/kg bdwt/d,Administered dose(mass),30,mg/kg bdwt/d,Administered dose(mass),0,d,Time,,,,,,,,,,,,,,,,,,,,,,,,,,,,,,,,,,,,,,,,,,,,,,,,,,,,,,,,,,,,,,,28,d,Time,,,1000,,mg/kg bdwt/d,Administered dose(mass),,,1000,,mg/kg/d,Administered dose(mass),,
78-42-2,"Phosphoric acid, tris(2-ethylhexyl) ester;tris (2-ethylhexyl) phosphate;Tris(2-ethylhexyl) phosphate;tris(2-ethylhexyl)ester phosphoric acid;tris(2-ethylhexyl)ester_phosphoric_acid;tris(2-ethylhexyl)phosphate;Tris(2-ethylhexyl)phosphate (TEHP)",,,,,,,,,,,,,,,,,,,,,,,,,,,,,,,,,,,,,,,,,,,,,,,,,,,,,,,,,,,,,,,,,,,,,,,,,,,,,,,,,,,,,,,,,,,,,,,,,,,,,,,,,,,,,,,,,,,,,,,,,,,,,,,,Human Health Hazards#Repeated Dose Toxicity,Repeated Dose Toxicity HESS,1993,,NOEL,OECD TG 407,False,No qualifier,Equal,,,,,,,,,,,Rat,,,,,,,,,,,,,,,,,,,,,,,,,,,,,,,,,,,,,,BUN↑,,,,,,,,,,,,,,,,,,,,,,,,,,,,,,,,99.7,None,,,,,,,,,,,,,,,,,,,,,,,,,,,,,,,,,,,,,,,,,,,,,,,,,,,,,,,,,,,,,,,,SD,Oral (Gavage),,,,,,,,,,,,,,,,,,,,,,Female,Main,"National Institute of Health Sciences, Japan",Blood serum (Nitrogen compound),RDT,Research Institute for Animal Science in Biochemistry & Toxicology,Blood chemical examination,1000,mg/kg bdwt/d,Administered dose(mass),30,mg/kg bdwt/d,Administered dose(mass),0,d,Time,,,,,,,,,,,,,,,,,,,,,,,,,,,,,,,,,,,,,,,,,,,,,,,,,,,,,,,,,,,,,,,28,d,Time,,,1000,,mg/kg bdwt/d,Administered dose(mass),,,1000,,mg/kg/d,Administered dose(mass),,
78-42-2,"Phosphoric acid, tris(2-ethylhexyl) ester;tris (2-ethylhexyl) phosphate;Tris(2-ethylhexyl) phosphate;tris(2-ethylhexyl)ester phosphoric acid;tris(2-ethylhexyl)ester_phosphoric_acid;tris(2-ethylhexyl)phosphate;Tris(2-ethylhexyl)phosphate (TEHP)",,,,,,,,,,,,,,,,,,,,,,,,,,,,,,,,,,,,,,,,,,,,,,,,,,,,,,,,,,,,,,,,,,,,,,,,,,,,,,,,,,,,,,,,,,,,,,,,,,,,,,,,,,,,,,,,,,,,,,,,,,,,,,,,Human Health Hazards#Repeated Dose Toxicity,Repeated Dose Toxicity HESS,1993,,NOEL,OECD TG 407,False,No qualifier,Equal,,,,,,,,,,,Rat,,,,,,,,,,,,,,,,,,,,,,,,,,,,,,,,,,,,,,BUN↑,,,,,,,,,,,,,,,,,,,,,,,,,,,,,,,,99.7,None,,,,,,,,,,,,,,,,,,,,,,,,,,,,,,,,,,,,,,,,,,,,,,,,,,,,,,,,,,,,,,,,SD,Oral (Gavage),,,,,,,,,,,,,,,,,,,,,,Male,Main,"National Institute of Health Sciences, Japan",Blood serum (Nitrogen compound),RDT,Research Institute for Animal Science in Biochemistry & Toxicology,Blood chemical examination,1000,mg/kg bdwt/d,Administered dose(mass),30,mg/kg bdwt/d,Administered dose(mass),0,d,Time,,,,,,,,,,,,,,,,,,,,,,,,,,,,,,,,,,,,,,,,,,,,,,,,,,,,,,,,,,,,,,,28,d,Time,,,1000,,mg/kg bdwt/d,Administered dose(mass),,,1000,,mg/kg/d,Administered dose(mass),,
78-42-2,"Phosphoric acid, tris(2-ethylhexyl) ester;tris (2-ethylhexyl) phosphate;Tris(2-ethylhexyl) phosphate;tris(2-ethylhexyl)ester phosphoric acid;tris(2-ethylhexyl)ester_phosphoric_acid;tris(2-ethylhexyl)phosphate;Tris(2-ethylhexyl)phosphate (TEHP)",,,,,,,,,,,,,,,,,,,,,,,,,,,,,,,,,,,,,,,,,,,,,,,,,,,,,,,,,,,,,,,,,,,,,,,,,,,,,,,,,,,,,,,,,,,,,,,,,,,,,,,,,,,,,,,,,,,,,,,,,,,,,,,,Human Health Hazards#Repeated Dose Toxicity,Repeated Dose Toxicity HESS,1993,,NOEL,OECD TG 407,False,No qualifier,Equal,,,,,,,,,,,Rat,,,,,,,,,,,,,,,,,,,,,,,,,,,,,,,,,,,,,,BUN↓,,,,,,,,,,,,,,,,,,,,,,,,,,,,,,,,99.7,None,,,,,,,,,,,,,,,,,,,,,,,,,,,,,,,,,,,,,,,,,,,,,,,,,,,,,,,,,,,,,,,,SD,Oral (Gavage),,,,,,,,,,,,,,,,,,,,,,Female,Main,"National Institute of Health Sciences, Japan",Blood serum (Nitrogen compound),RDT,Research Institute for Animal Science in Biochemistry & Toxicology,Blood chemical examination,1000,mg/kg bdwt/d,Administered dose(mass),30,mg/kg bdwt/d,Administered dose(mass),0,d,Time,,,,,,,,,,,,,,,,,,,,,,,,,,,,,,,,,,,,,,,,,,,,,,,,,,,,,,,,,,,,,,,28,d,Time,,,1000,,mg/kg bdwt/d,Administered dose(mass),,,1000,,mg/kg/d,Administered dose(mass),,
78-42-2,"Phosphoric acid, tris(2-ethylhexyl) ester;tris (2-ethylhexyl) phosphate;Tris(2-ethylhexyl) phosphate;tris(2-ethylhexyl)ester phosphoric acid;tris(2-ethylhexyl)ester_phosphoric_acid;tris(2-ethylhexyl)phosphate;Tris(2-ethylhexyl)phosphate (TEHP)",,,,,,,,,,,,,,,,,,,,,,,,,,,,,,,,,,,,,,,,,,,,,,,,,,,,,,,,,,,,,,,,,,,,,,,,,,,,,,,,,,,,,,,,,,,,,,,,,,,,,,,,,,,,,,,,,,,,,,,,,,,,,,,,Human Health Hazards#Repeated Dose Toxicity,Repeated Dose Toxicity HESS,1993,,NOEL,OECD TG 407,False,No qualifier,Equal,,,,,,,,,,,Rat,,,,,,,,,,,,,,,,,,,,,,,,,,,,,,,,,,,,,,BUN↓,,,,,,,,,,,,,,,,,,,,,,,,,,,,,,,,99.7,None,,,,,,,,,,,,,,,,,,,,,,,,,,,,,,,,,,,,,,,,,,,,,,,,,,,,,,,,,,,,,,,,SD,Oral (Gavage),,,,,,,,,,,,,,,,,,,,,,Male,Main,"National Institute of Health Sciences, Japan",Blood serum (Nitrogen compound),RDT,Research Institute for Animal Science in Biochemistry & Toxicology,Blood chemical examination,1000,mg/kg bdwt/d,Administered dose(mass),30,mg/kg bdwt/d,Administered dose(mass),0,d,Time,,,,,,,,,,,,,,,,,,,,,,,,,,,,,,,,,,,,,,,,,,,,,,,,,,,,,,,,,,,,,,,28,d,Time,,,1000,,mg/kg bdwt/d,Administered dose(mass),,,1000,,mg/kg/d,Administered dose(mass),,
78-42-2,"Phosphoric acid, tris(2-ethylhexyl) ester;tris (2-ethylhexyl) phosphate;Tris(2-ethylhexyl) phosphate;tris(2-ethylhexyl)ester phosphoric acid;tris(2-ethylhexyl)ester_phosphoric_acid;tris(2-ethylhexyl)phosphate;Tris(2-ethylhexyl)phosphate (TEHP)",,,,,,,,,,,,,,,,,,,,,,,,,,,,,,,,,,,,,,,,,,,,,,,,,,,,,,,,,,,,,,,,,,,,,,,,,,,,,,,,,,,,,,,,,,,,,,,,,,,,,,,,,,,,,,,,,,,,,,,,,,,,,,,,Human Health Hazards#Repeated Dose Toxicity,Repeated Dose Toxicity HESS,1993,,NOEL,OECD TG 407,False,No qualifier,Equal,,,,,,,,,,,Rat,,,,,,,,,,,,,,,,,,,,,,,,,,,,,,,,,,,,,,Creatinine↑,,,,,,,,,,,,,,,,,,,,,,,,,,,,,,,,99.7,None,,,,,,,,,,,,,,,,,,,,,,,,,,,,,,,,,,,,,,,,,,,,,,,,,,,,,,,,,,,,,,,,SD,Oral (Gavage),,,,,,,,,,,,,,,,,,,,,,Female,Main,"National Institute of Health Sciences, Japan",Blood serum (Nitrogen compound),RDT,Research Institute for Animal Science in Biochemistry & Toxicology,Blood chemical examination,1000,mg/kg bdwt/d,Administered dose(mass),30,mg/kg bdwt/d,Administered dose(mass),0,d,Time,,,,,,,,,,,,,,,,,,,,,,,,,,,,,,,,,,,,,,,,,,,,,,,,,,,,,,,,,,,,,,,28,d,Time,,,1000,,mg/kg bdwt/d,Administered dose(mass),,,1000,,mg/kg/d,Administered dose(mass),,
78-42-2,"Phosphoric acid, tris(2-ethylhexyl) ester;tris (2-ethylhexyl) phosphate;Tris(2-ethylhexyl) phosphate;tris(2-ethylhexyl)ester phosphoric acid;tris(2-ethylhexyl)ester_phosphoric_acid;tris(2-ethylhexyl)phosphate;Tris(2-ethylhexyl)phosphate (TEHP)",,,,,,,,,,,,,,,,,,,,,,,,,,,,,,,,,,,,,,,,,,,,,,,,,,,,,,,,,,,,,,,,,,,,,,,,,,,,,,,,,,,,,,,,,,,,,,,,,,,,,,,,,,,,,,,,,,,,,,,,,,,,,,,,Human Health Hazards#Repeated Dose Toxicity,Repeated Dose Toxicity HESS,1993,,NOEL,OECD TG 407,False,No qualifier,Equal,,,,,,,,,,,Rat,,,,,,,,,,,,,,,,,,,,,,,,,,,,,,,,,,,,,,Creatinine↑,,,,,,,,,,,,,,,,,,,,,,,,,,,,,,,,99.7,None,,,,,,,,,,,,,,,,,,,,,,,,,,,,,,,,,,,,,,,,,,,,,,,,,,,,,,,,,,,,,,,,SD,Oral (Gavage),,,,,,,,,,,,,,,,,,,,,,Male,Main,"National Institute of Health Sciences, Japan",Blood serum (Nitrogen compound),RDT,Research Institute for Animal Science in Biochemistry & Toxicology,Blood chemical examination,1000,mg/kg bdwt/d,Administered dose(mass),30,mg/kg bdwt/d,Administered dose(mass),0,d,Time,,,,,,,,,,,,,,,,,,,,,,,,,,,,,,,,,,,,,,,,,,,,,,,,,,,,,,,,,,,,,,,28,d,Time,,,1000,,mg/kg bdwt/d,Administered dose(mass),,,1000,,mg/kg/d,Administered dose(mass),,
78-42-2,"Phosphoric acid, tris(2-ethylhexyl) ester;tris (2-ethylhexyl) phosphate;Tris(2-ethylhexyl) phosphate;tris(2-ethylhexyl)ester phosphoric acid;tris(2-ethylhexyl)ester_phosphoric_acid;tris(2-ethylhexyl)phosphate;Tris(2-ethylhexyl)phosphate (TEHP)",,,,,,,,,,,,,,,,,,,,,,,,,,,,,,,,,,,,,,,,,,,,,,,,,,,,,,,,,,,,,,,,,,,,,,,,,,,,,,,,,,,,,,,,,,,,,,,,,,,,,,,,,,,,,,,,,,,,,,,,,,,,,,,,Human Health Hazards#Repeated Dose Toxicity,Repeated Dose Toxicity HESS,1993,,NOEL,OECD TG 407,False,No qualifier,Equal,,,,,,,,,,,Rat,,,,,,,,,,,,,,,,,,,,,,,,,,,,,,,,,,,,,,Glucose↑,,,,,,,,,,,,,,,,,,,,,,,,,,,,,,,,99.7,None,,,,,,,,,,,,,,,,,,,,,,,,,,,,,,,,,,,,,,,,,,,,,,,,,,,,,,,,,,,,,,,,SD,Oral (Gavage),,,,,,,,,,,,,,,,,,,,,,Female,Main,"National Institute of Health Sciences, Japan",Blood serum (Sugar),RDT,Research Institute for Animal Science in Biochemistry & Toxicology,Blood chemical examination,1000,mg/kg bdwt/d,Administered dose(mass),30,mg/kg bdwt/d,Administered dose(mass),0,d,Time,,,,,,,,,,,,,,,,,,,,,,,,,,,,,,,,,,,,,,,,,,,,,,,,,,,,,,,,,,,,,,,28,d,Time,,,1000,,mg/kg bdwt/d,Administered dose(mass),,,1000,,mg/kg/d,Administered dose(mass),,
78-42-2,"Phosphoric acid, tris(2-ethylhexyl) ester;tris (2-ethylhexyl) phosphate;Tris(2-ethylhexyl) phosphate;tris(2-ethylhexyl)ester phosphoric acid;tris(2-ethylhexyl)ester_phosphoric_acid;tris(2-ethylhexyl)phosphate;Tris(2-ethylhexyl)phosphate (TEHP)",,,,,,,,,,,,,,,,,,,,,,,,,,,,,,,,,,,,,,,,,,,,,,,,,,,,,,,,,,,,,,,,,,,,,,,,,,,,,,,,,,,,,,,,,,,,,,,,,,,,,,,,,,,,,,,,,,,,,,,,,,,,,,,,Human Health Hazards#Repeated Dose Toxicity,Repeated Dose Toxicity HESS,1993,,NOEL,OECD TG 407,False,No qualifier,Equal,,,,,,,,,,,Rat,,,,,,,,,,,,,,,,,,,,,,,,,,,,,,,,,,,,,,Glucose↑,,,,,,,,,,,,,,,,,,,,,,,,,,,,,,,,99.7,None,,,,,,,,,,,,,,,,,,,,,,,,,,,,,,,,,,,,,,,,,,,,,,,,,,,,,,,,,,,,,,,,SD,Oral (Gavage),,,,,,,,,,,,,,,,,,,,,,Male,Main,"National Institute of Health Sciences, Japan",Blood serum (Sugar),RDT,Research Institute for Animal Science in Biochemistry & Toxicology,Blood chemical examination,1000,mg/kg bdwt/d,Administered dose(mass),30,mg/kg bdwt/d,Administered dose(mass),0,d,Time,,,,,,,,,,,,,,,,,,,,,,,,,,,,,,,,,,,,,,,,,,,,,,,,,,,,,,,,,,,,,,,28,d,Time,,,1000,,mg/kg bdwt/d,Administered dose(mass),,,1000,,mg/kg/d,Administered dose(mass),,
78-42-2,"Phosphoric acid, tris(2-ethylhexyl) ester;tris (2-ethylhexyl) phosphate;Tris(2-ethylhexyl) phosphate;tris(2-ethylhexyl)ester phosphoric acid;tris(2-ethylhexyl)ester_phosphoric_acid;tris(2-ethylhexyl)phosphate;Tris(2-ethylhexyl)phosphate (TEHP)",,,,,,,,,,,,,,,,,,,,,,,,,,,,,,,,,,,,,,,,,,,,,,,,,,,,,,,,,,,,,,,,,,,,,,,,,,,,,,,,,,,,,,,,,,,,,,,,,,,,,,,,,,,,,,,,,,,,,,,,,,,,,,,,Human Health Hazards#Repeated Dose Toxicity,Repeated Dose Toxicity HESS,1993,,NOEL,OECD TG 407,False,No qualifier,Equal,,,,,,,,,,,Rat,,,,,,,,,,,,,,,,,,,,,,,,,,,,,,,,,,,,,,Glucose↓,,,,,,,,,,,,,,,,,,,,,,,,,,,,,,,,99.7,None,,,,,,,,,,,,,,,,,,,,,,,,,,,,,,,,,,,,,,,,,,,,,,,,,,,,,,,,,,,,,,,,SD,Oral (Gavage),,,,,,,,,,,,,,,,,,,,,,Female,Main,"National Institute of Health Sciences, Japan",Blood serum (Sugar),RDT,Research Institute for Animal Science in Biochemistry & Toxicology,Blood chemical examination,1000,mg/kg bdwt/d,Administered dose(mass),30,mg/kg bdwt/d,Administered dose(mass),0,d,Time,,,,,,,,,,,,,,,,,,,,,,,,,,,,,,,,,,,,,,,,,,,,,,,,,,,,,,,,,,,,,,,28,d,Time,,,1000,,mg/kg bdwt/d,Administered dose(mass),,,1000,,mg/kg/d,Administered dose(mass),,
78-42-2,"Phosphoric acid, tris(2-ethylhexyl) ester;tris (2-ethylhexyl) phosphate;Tris(2-ethylhexyl) phosphate;tris(2-ethylhexyl)ester phosphoric acid;tris(2-ethylhexyl)ester_phosphoric_acid;tris(2-ethylhexyl)phosphate;Tris(2-ethylhexyl)phosphate (TEHP)",,,,,,,,,,,,,,,,,,,,,,,,,,,,,,,,,,,,,,,,,,,,,,,,,,,,,,,,,,,,,,,,,,,,,,,,,,,,,,,,,,,,,,,,,,,,,,,,,,,,,,,,,,,,,,,,,,,,,,,,,,,,,,,,Human Health Hazards#Repeated Dose Toxicity,Repeated Dose Toxicity HESS,1993,,NOEL,OECD TG 407,False,No qualifier,Equal,,,,,,,,,,,Rat,,,,,,,,,,,,,,,,,,,,,,,,,,,,,,,,,,,,,,Glucose↓,,,,,,,,,,,,,,,,,,,,,,,,,,,,,,,,99.7,None,,,,,,,,,,,,,,,,,,,,,,,,,,,,,,,,,,,,,,,,,,,,,,,,,,,,,,,,,,,,,,,,SD,Oral (Gavage),,,,,,,,,,,,,,,,,,,,,,Male,Main,"National Institute of Health Sciences, Japan",Blood serum (Sugar),RDT,Research Institute for Animal Science in Biochemistry & Toxicology,Blood chemical examination,1000,mg/kg bdwt/d,Administered dose(mass),30,mg/kg bdwt/d,Administered dose(mass),0,d,Time,,,,,,,,,,,,,,,,,,,,,,,,,,,,,,,,,,,,,,,,,,,,,,,,,,,,,,,,,,,,,,,28,d,Time,,,1000,,mg/kg bdwt/d,Administered dose(mass),,,1000,,mg/kg/d,Administered dose(mass),,
78-42-2,"Phosphoric acid, tris(2-ethylhexyl) ester;tris (2-ethylhexyl) phosphate;Tris(2-ethylhexyl) phosphate;tris(2-ethylhexyl)ester phosphoric acid;tris(2-ethylhexyl)ester_phosphoric_acid;tris(2-ethylhexyl)phosphate;Tris(2-ethylhexyl)phosphate (TEHP)",,,,,,,,,,,,,,,,,,,,,,,,,,,,,,,,,,,,,,,,,,,,,,,,,,,,,,,,,,,,,,,,,,,,,,,,,,,,,,,,,,,,,,,,,,,,,,,,,,,,,,,,,,,,,,,,,,,,,,,,,,,,,,,,Human Health Hazards#Repeated Dose Toxicity,Repeated Dose Toxicity HESS,1993,,NOEL,OECD TG 407,False,No qualifier,Equal,,,,,,,,,,,Rat,,,,,,,,,,,,,,,,,,,,,,,,,,,,,,,,,,,,,,,,,,,,,,,,,,,,,,,,,,,,,,,,,,,,,,99.7,None,,,,,,,,,,,,,,,,,,,,,,,,,,,,,,,,,,,,,,,,,,,,,,,,,,,,,,,,,,,,,,,,SD,Oral (Gavage),,,,,,,,,,,,,,,,,,,,,,Female,Main,"National Institute of Health Sciences, Japan",Bone marrow,RDT,Research Institute for Animal Science in Biochemistry & Toxicology,Necropsy,1000,mg/kg bdwt/d,Administered dose(mass),30,mg/kg bdwt/d,Administered dose(mass),0,d,Time,,,,,,,,,,,,,,,,,,,,,,,,,,,,,,,,,,,,,,,,,,,,,,,,,,,,,,,,,,,,,,,28,d,Time,,,1000,,mg/kg bdwt/d,Administered dose(mass),,,1000,,mg/kg/d,Administered dose(mass),,
78-42-2,"Phosphoric acid, tris(2-ethylhexyl) ester;tris (2-ethylhexyl) phosphate;Tris(2-ethylhexyl) phosphate;tris(2-ethylhexyl)ester phosphoric acid;tris(2-ethylhexyl)ester_phosphoric_acid;tris(2-ethylhexyl)phosphate;Tris(2-ethylhexyl)phosphate (TEHP)",,,,,,,,,,,,,,,,,,,,,,,,,,,,,,,,,,,,,,,,,,,,,,,,,,,,,,,,,,,,,,,,,,,,,,,,,,,,,,,,,,,,,,,,,,,,,,,,,,,,,,,,,,,,,,,,,,,,,,,,,,,,,,,,Human Health Hazards#Repeated Dose Toxicity,Repeated Dose Toxicity HESS,1993,,NOEL,OECD TG 407,False,No qualifier,Equal,,,,,,,,,,,Rat,,,,,,,,,,,,,,,,,,,,,,,,,,,,,,,,,,,,,,,,,,,,,,,,,,,,,,,,,,,,,,,,,,,,,,99.7,None,,,,,,,,,,,,,,,,,,,,,,,,,,,,,,,,,,,,,,,,,,,,,,,,,,,,,,,,,,,,,,,,SD,Oral (Gavage),,,,,,,,,,,,,,,,,,,,,,Male,Main,"National Institute of Health Sciences, Japan",Bone marrow,RDT,Research Institute for Animal Science in Biochemistry & Toxicology,Necropsy,1000,mg/kg bdwt/d,Administered dose(mass),30,mg/kg bdwt/d,Administered dose(mass),0,d,Time,,,,,,,,,,,,,,,,,,,,,,,,,,,,,,,,,,,,,,,,,,,,,,,,,,,,,,,,,,,,,,,28,d,Time,,,1000,,mg/kg bdwt/d,Administered dose(mass),,,1000,,mg/kg/d,Administered dose(mass),,
78-42-2,"Phosphoric acid, tris(2-ethylhexyl) ester;tris (2-ethylhexyl) phosphate;Tris(2-ethylhexyl) phosphate;tris(2-ethylhexyl)ester phosphoric acid;tris(2-ethylhexyl)ester_phosphoric_acid;tris(2-ethylhexyl)phosphate;Tris(2-ethylhexyl)phosphate (TEHP)",,,,,,,,,,,,,,,,,,,,,,,,,,,,,,,,,,,,,,,,,,,,,,,,,,,,,,,,,,,,,,,,,,,,,,,,,,,,,,,,,,,,,,,,,,,,,,,,,,,,,,,,,,,,,,,,,,,,,,,,,,,,,,,,Human Health Hazards#Repeated Dose Toxicity,Repeated Dose Toxicity HESS,1993,,NOEL,OECD TG 407,False,No qualifier,Equal,,,,,,,,,,,Rat,,,,,,,,,,,,,,,,,,,,,,,,,,,,,,,,,,,,,,Absolute Organ Weight↑,,,,,,,,,,,,,,,,,,,,,,,,,,,,,,,,99.7,None,,,,,,,,,,,,,,,,,,,,,,,,,,,,,,,,,,,,,,,,,,,,,,,,,,,,,,,,,,,,,,,,SD,Oral (Gavage),,,,,,,,,,,,,,,,,,,,,,Female,Main,"National Institute of Health Sciences, Japan",Brain,RDT,Research Institute for Animal Science in Biochemistry & Toxicology,Organ weights,1000,mg/kg bdwt/d,Administered dose(mass),30,mg/kg bdwt/d,Administered dose(mass),0,d,Time,,,,,,,,,,,,,,,,,,,,,,,,,,,,,,,,,,,,,,,,,,,,,,,,,,,,,,,,,,,,,,,28,d,Time,,,1000,,mg/kg bdwt/d,Administered dose(mass),,,1000,,mg/kg/d,Administered dose(mass),,
78-42-2,"Phosphoric acid, tris(2-ethylhexyl) ester;tris (2-ethylhexyl) phosphate;Tris(2-ethylhexyl) phosphate;tris(2-ethylhexyl)ester phosphoric acid;tris(2-ethylhexyl)ester_phosphoric_acid;tris(2-ethylhexyl)phosphate;Tris(2-ethylhexyl)phosphate (TEHP)",,,,,,,,,,,,,,,,,,,,,,,,,,,,,,,,,,,,,,,,,,,,,,,,,,,,,,,,,,,,,,,,,,,,,,,,,,,,,,,,,,,,,,,,,,,,,,,,,,,,,,,,,,,,,,,,,,,,,,,,,,,,,,,,Human Health Hazards#Repeated Dose Toxicity,Repeated Dose Toxicity HESS,1993,,NOEL,OECD TG 407,False,No qualifier,Equal,,,,,,,,,,,Rat,,,,,,,,,,,,,,,,,,,,,,,,,,,,,,,,,,,,,,Absolute Organ Weight↑,,,,,,,,,,,,,,,,,,,,,,,,,,,,,,,,99.7,None,,,,,,,,,,,,,,,,,,,,,,,,,,,,,,,,,,,,,,,,,,,,,,,,,,,,,,,,,,,,,,,,SD,Oral (Gavage),,,,,,,,,,,,,,,,,,,,,,Male,Main,"National Institute of Health Sciences, Japan",Brain,RDT,Research Institute for Animal Science in Biochemistry & Toxicology,Organ weights,1000,mg/kg bdwt/d,Administered dose(mass),30,mg/kg bdwt/d,Administered dose(mass),0,d,Time,,,,,,,,,,,,,,,,,,,,,,,,,,,,,,,,,,,,,,,,,,,,,,,,,,,,,,,,,,,,,,,28,d,Time,,,1000,,mg/kg bdwt/d,Administered dose(mass),,,1000,,mg/kg/d,Administered dose(mass),,
78-42-2,"Phosphoric acid, tris(2-ethylhexyl) ester;tris (2-ethylhexyl) phosphate;Tris(2-ethylhexyl) phosphate;tris(2-ethylhexyl)ester phosphoric acid;tris(2-ethylhexyl)ester_phosphoric_acid;tris(2-ethylhexyl)phosphate;Tris(2-ethylhexyl)phosphate (TEHP)",,,,,,,,,,,,,,,,,,,,,,,,,,,,,,,,,,,,,,,,,,,,,,,,,,,,,,,,,,,,,,,,,,,,,,,,,,,,,,,,,,,,,,,,,,,,,,,,,,,,,,,,,,,,,,,,,,,,,,,,,,,,,,,,Human Health Hazards#Repeated Dose Toxicity,Repeated Dose Toxicity HESS,1993,,NOEL,OECD TG 407,False,No qualifier,Equal,,,,,,,,,,,Rat,,,,,,,,,,,,,,,,,,,,,,,,,,,,,,,,,,,,,,Absolute Organ Weight↓,,,,,,,,,,,,,,,,,,,,,,,,,,,,,,,,99.7,None,,,,,,,,,,,,,,,,,,,,,,,,,,,,,,,,,,,,,,,,,,,,,,,,,,,,,,,,,,,,,,,,SD,Oral (Gavage),,,,,,,,,,,,,,,,,,,,,,Female,Main,"National Institute of Health Sciences, Japan",Brain,RDT,Research Institute for Animal Science in Biochemistry & Toxicology,Organ weights,1000,mg/kg bdwt/d,Administered dose(mass),30,mg/kg bdwt/d,Administered dose(mass),0,d,Time,,,,,,,,,,,,,,,,,,,,,,,,,,,,,,,,,,,,,,,,,,,,,,,,,,,,,,,,,,,,,,,28,d,Time,,,1000,,mg/kg bdwt/d,Administered dose(mass),,,1000,,mg/kg/d,Administered dose(mass),,
78-42-2,"Phosphoric acid, tris(2-ethylhexyl) ester;tris (2-ethylhexyl) phosphate;Tris(2-ethylhexyl) phosphate;tris(2-ethylhexyl)ester phosphoric acid;tris(2-ethylhexyl)ester_phosphoric_acid;tris(2-ethylhexyl)phosphate;Tris(2-ethylhexyl)phosphate (TEHP)",,,,,,,,,,,,,,,,,,,,,,,,,,,,,,,,,,,,,,,,,,,,,,,,,,,,,,,,,,,,,,,,,,,,,,,,,,,,,,,,,,,,,,,,,,,,,,,,,,,,,,,,,,,,,,,,,,,,,,,,,,,,,,,,Human Health Hazards#Repeated Dose Toxicity,Repeated Dose Toxicity HESS,1993,,NOEL,OECD TG 407,False,No qualifier,Equal,,,,,,,,,,,Rat,,,,,,,,,,,,,,,,,,,,,,,,,,,,,,,,,,,,,,Absolute Organ Weight↓,,,,,,,,,,,,,,,,,,,,,,,,,,,,,,,,99.7,None,,,,,,,,,,,,,,,,,,,,,,,,,,,,,,,,,,,,,,,,,,,,,,,,,,,,,,,,,,,,,,,,SD,Oral (Gavage),,,,,,,,,,,,,,,,,,,,,,Male,Main,"National Institute of Health Sciences, Japan",Brain,RDT,Research Institute for Animal Science in Biochemistry & Toxicology,Organ weights,1000,mg/kg bdwt/d,Administered dose(mass),30,mg/kg bdwt/d,Administered dose(mass),0,d,Time,,,,,,,,,,,,,,,,,,,,,,,,,,,,,,,,,,,,,,,,,,,,,,,,,,,,,,,,,,,,,,,28,d,Time,,,1000,,mg/kg bdwt/d,Administered dose(mass),,,1000,,mg/kg/d,Administered dose(mass),,
78-42-2,"Phosphoric acid, tris(2-ethylhexyl) ester;tris (2-ethylhexyl) phosphate;Tris(2-ethylhexyl) phosphate;tris(2-ethylhexyl)ester phosphoric acid;tris(2-ethylhexyl)ester_phosphoric_acid;tris(2-ethylhexyl)phosphate;Tris(2-ethylhexyl)phosphate (TEHP)",,,,,,,,,,,,,,,,,,,,,,,,,,,,,,,,,,,,,,,,,,,,,,,,,,,,,,,,,,,,,,,,,,,,,,,,,,,,,,,,,,,,,,,,,,,,,,,,,,,,,,,,,,,,,,,,,,,,,,,,,,,,,,,,Human Health Hazards#Repeated Dose Toxicity,Repeated Dose Toxicity HESS,1993,,NOEL,OECD TG 407,False,No qualifier,Equal,,,,,,,,,,,Rat,,,,,,,,,,,,,,,,,,,,,,,,,,,,,,,,,,,,,,Relative Organ Weight↑,,,,,,,,,,,,,,,,,,,,,,,,,,,,,,,,99.7,None,,,,,,,,,,,,,,,,,,,,,,,,,,,,,,,,,,,,,,,,,,,,,,,,,,,,,,,,,,,,,,,,SD,Oral (Gavage),,,,,,,,,,,,,,,,,,,,,,Female,Main,"National Institute of Health Sciences, Japan",Brain,RDT,Research Institute for Animal Science in Biochemistry & Toxicology,Organ weights,1000,mg/kg bdwt/d,Administered dose(mass),30,mg/kg bdwt/d,Administered dose(mass),0,d,Time,,,,,,,,,,,,,,,,,,,,,,,,,,,,,,,,,,,,,,,,,,,,,,,,,,,,,,,,,,,,,,,28,d,Time,,,1000,,mg/kg bdwt/d,Administered dose(mass),,,1000,,mg/kg/d,Administered dose(mass),,
78-42-2,"Phosphoric acid, tris(2-ethylhexyl) ester;tris (2-ethylhexyl) phosphate;Tris(2-ethylhexyl) phosphate;tris(2-ethylhexyl)ester phosphoric acid;tris(2-ethylhexyl)ester_phosphoric_acid;tris(2-ethylhexyl)phosphate;Tris(2-ethylhexyl)phosphate (TEHP)",,,,,,,,,,,,,,,,,,,,,,,,,,,,,,,,,,,,,,,,,,,,,,,,,,,,,,,,,,,,,,,,,,,,,,,,,,,,,,,,,,,,,,,,,,,,,,,,,,,,,,,,,,,,,,,,,,,,,,,,,,,,,,,,Human Health Hazards#Repeated Dose Toxicity,Repeated Dose Toxicity HESS,1993,,NOEL,OECD TG 407,False,No qualifier,Equal,,,,,,,,,,,Rat,,,,,,,,,,,,,,,,,,,,,,,,,,,,,,,,,,,,,,Relative Organ Weight↑,,,,,,,,,,,,,,,,,,,,,,,,,,,,,,,,99.7,None,,,,,,,,,,,,,,,,,,,,,,,,,,,,,,,,,,,,,,,,,,,,,,,,,,,,,,,,,,,,,,,,SD,Oral (Gavage),,,,,,,,,,,,,,,,,,,,,,Male,Main,"National Institute of Health Sciences, Japan",Brain,RDT,Research Institute for Animal Science in Biochemistry & Toxicology,Organ weights,1000,mg/kg bdwt/d,Administered dose(mass),30,mg/kg bdwt/d,Administered dose(mass),0,d,Time,,,,,,,,,,,,,,,,,,,,,,,,,,,,,,,,,,,,,,,,,,,,,,,,,,,,,,,,,,,,,,,28,d,Time,,,1000,,mg/kg bdwt/d,Administered dose(mass),,,1000,,mg/kg/d,Administered dose(mass),,
78-42-2,"Phosphoric acid, tris(2-ethylhexyl) ester;tris (2-ethylhexyl) phosphate;Tris(2-ethylhexyl) phosphate;tris(2-ethylhexyl)ester phosphoric acid;tris(2-ethylhexyl)ester_phosphoric_acid;tris(2-ethylhexyl)phosphate;Tris(2-ethylhexyl)phosphate (TEHP)",,,,,,,,,,,,,,,,,,,,,,,,,,,,,,,,,,,,,,,,,,,,,,,,,,,,,,,,,,,,,,,,,,,,,,,,,,,,,,,,,,,,,,,,,,,,,,,,,,,,,,,,,,,,,,,,,,,,,,,,,,,,,,,,Human Health Hazards#Repeated Dose Toxicity,Repeated Dose Toxicity HESS,1993,,NOEL,OECD TG 407,False,No qualifier,Equal,,,,,,,,,,,Rat,,,,,,,,,,,,,,,,,,,,,,,,,,,,,,,,,,,,,,Relative Organ Weight↓,,,,,,,,,,,,,,,,,,,,,,,,,,,,,,,,99.7,None,,,,,,,,,,,,,,,,,,,,,,,,,,,,,,,,,,,,,,,,,,,,,,,,,,,,,,,,,,,,,,,,SD,Oral (Gavage),,,,,,,,,,,,,,,,,,,,,,Female,Main,"National Institute of Health Sciences, Japan",Brain,RDT,Research Institute for Animal Science in Biochemistry & Toxicology,Organ weights,1000,mg/kg bdwt/d,Administered dose(mass),30,mg/kg bdwt/d,Administered dose(mass),0,d,Time,,,,,,,,,,,,,,,,,,,,,,,,,,,,,,,,,,,,,,,,,,,,,,,,,,,,,,,,,,,,,,,28,d,Time,,,1000,,mg/kg bdwt/d,Administered dose(mass),,,1000,,mg/kg/d,Administered dose(mass),,
78-42-2,"Phosphoric acid, tris(2-ethylhexyl) ester;tris (2-ethylhexyl) phosphate;Tris(2-ethylhexyl) phosphate;tris(2-ethylhexyl)ester phosphoric acid;tris(2-ethylhexyl)ester_phosphoric_acid;tris(2-ethylhexyl)phosphate;Tris(2-ethylhexyl)phosphate (TEHP)",,,,,,,,,,,,,,,,,,,,,,,,,,,,,,,,,,,,,,,,,,,,,,,,,,,,,,,,,,,,,,,,,,,,,,,,,,,,,,,,,,,,,,,,,,,,,,,,,,,,,,,,,,,,,,,,,,,,,,,,,,,,,,,,Human Health Hazards#Repeated Dose Toxicity,Repeated Dose Toxicity HESS,1993,,NOEL,OECD TG 407,False,No qualifier,Equal,,,,,,,,,,,Rat,,,,,,,,,,,,,,,,,,,,,,,,,,,,,,,,,,,,,,Relative Organ Weight↓,,,,,,,,,,,,,,,,,,,,,,,,,,,,,,,,99.7,None,,,,,,,,,,,,,,,,,,,,,,,,,,,,,,,,,,,,,,,,,,,,,,,,,,,,,,,,,,,,,,,,SD,Oral (Gavage),,,,,,,,,,,,,,,,,,,,,,Male,Main,"National Institute of Health Sciences, Japan",Brain,RDT,Research Institute for Animal Science in Biochemistry & Toxicology,Organ weights,1000,mg/kg bdwt/d,Administered dose(mass),30,mg/kg bdwt/d,Administered dose(mass),0,d,Time,,,,,,,,,,,,,,,,,,,,,,,,,,,,,,,,,,,,,,,,,,,,,,,,,,,,,,,,,,,,,,,28,d,Time,,,1000,,mg/kg bdwt/d,Administered dose(mass),,,1000,,mg/kg/d,Administered dose(mass),,
78-42-2,"Phosphoric acid, tris(2-ethylhexyl) ester;tris (2-ethylhexyl) phosphate;Tris(2-ethylhexyl) phosphate;tris(2-ethylhexyl)ester phosphoric acid;tris(2-ethylhexyl)ester_phosphoric_acid;tris(2-ethylhexyl)phosphate;Tris(2-ethylhexyl)phosphate (TEHP)",,,,,,,,,,,,,,,,,,,,,,,,,,,,,,,,,,,,,,,,,,,,,,,,,,,,,,,,,,,,,,,,,,,,,,,,,,,,,,,,,,,,,,,,,,,,,,,,,,,,,,,,,,,,,,,,,,,,,,,,,,,,,,,,Human Health Hazards#Repeated Dose Toxicity,Repeated Dose Toxicity HESS,1993,,NOEL,OECD TG 407,False,No qualifier,Equal,,,,,,,,,,,Rat,,,,,,,,,,,,,,,,,,,,,,,,,,,,,,,,,,,,,,,,,,,,,,,,,,,,,,,,,,,,,,,,,,,,,,99.7,None,,,,,,,,,,,,,,,,,,,,,,,,,,,,,,,,,,,,,,,,,,,,,,,,,,,,,,,,,,,,,,,,SD,Oral (Gavage),,,,,,,,,,,,,,,,,,,,,,Female,Main,"National Institute of Health Sciences, Japan",Brain,RDT,Research Institute for Animal Science in Biochemistry & Toxicology,Necropsy,1000,mg/kg bdwt/d,Administered dose(mass),30,mg/kg bdwt/d,Administered dose(mass),0,d,Time,,,,,,,,,,,,,,,,,,,,,,,,,,,,,,,,,,,,,,,,,,,,,,,,,,,,,,,,,,,,,,,28,d,Time,,,1000,,mg/kg bdwt/d,Administered dose(mass),,,1000,,mg/kg/d,Administered dose(mass),,
78-42-2,"Phosphoric acid, tris(2-ethylhexyl) ester;tris (2-ethylhexyl) phosphate;Tris(2-ethylhexyl) phosphate;tris(2-ethylhexyl)ester phosphoric acid;tris(2-ethylhexyl)ester_phosphoric_acid;tris(2-ethylhexyl)phosphate;Tris(2-ethylhexyl)phosphate (TEHP)",,,,,,,,,,,,,,,,,,,,,,,,,,,,,,,,,,,,,,,,,,,,,,,,,,,,,,,,,,,,,,,,,,,,,,,,,,,,,,,,,,,,,,,,,,,,,,,,,,,,,,,,,,,,,,,,,,,,,,,,,,,,,,,,Human Health Hazards#Repeated Dose Toxicity,Repeated Dose Toxicity HESS,1993,,NOEL,OECD TG 407,False,No qualifier,Equal,,,,,,,,,,,Rat,,,,,,,,,,,,,,,,,,,,,,,,,,,,,,,,,,,,,,,,,,,,,,,,,,,,,,,,,,,,,,,,,,,,,,99.7,None,,,,,,,,,,,,,,,,,,,,,,,,,,,,,,,,,,,,,,,,,,,,,,,,,,,,,,,,,,,,,,,,SD,Oral (Gavage),,,,,,,,,,,,,,,,,,,,,,Male,Main,"National Institute of Health Sciences, Japan",Brain,RDT,Research Institute for Animal Science in Biochemistry & Toxicology,Necropsy,1000,mg/kg bdwt/d,Administered dose(mass),30,mg/kg bdwt/d,Administered dose(mass),0,d,Time,,,,,,,,,,,,,,,,,,,,,,,,,,,,,,,,,,,,,,,,,,,,,,,,,,,,,,,,,,,,,,,28,d,Time,,,1000,,mg/kg bdwt/d,Administered dose(mass),,,1000,,mg/kg/d,Administered dose(mass),,
78-42-2,"Phosphoric acid, tris(2-ethylhexyl) ester;tris (2-ethylhexyl) phosphate;Tris(2-ethylhexyl) phosphate;tris(2-ethylhexyl)ester phosphoric acid;tris(2-ethylhexyl)ester_phosphoric_acid;tris(2-ethylhexyl)phosphate;Tris(2-ethylhexyl)phosphate (TEHP)",,,,,,,,,,,,,,,,,,,,,,,,,,,,,,,,,,,,,,,,,,,,,,,,,,,,,,,,,,,,,,,,,,,,,,,,,,,,,,,,,,,,,,,,,,,,,,,,,,,,,,,,,,,,,,,,,,,,,,,,,,,,,,,,Human Health Hazards#Repeated Dose Toxicity,Repeated Dose Toxicity HESS,1993,,NOEL,OECD TG 407,False,No qualifier,Equal,,,,,,,,,,,Rat,,,,,,,,,,,,,,,,,,,,,,,,,,,,,,,,,,,,,,Atrophy (Necropsy),,,,,,,,,,,,,,,,,,,,,,,,,,,,,,,,99.7,None,,,,,,,,,,,,,,,,,,,,,,,,,,,,,,,,,,,,,,,,,,,,,,,,,,,,,,,,,,,,,,,,SD,Oral (Gavage),,,,,,,,,,,,,,,,,,,,,,Male,Main,"National Institute of Health Sciences, Japan",Epididymis,RDT,Research Institute for Animal Science in Biochemistry & Toxicology,Necropsy,1000,mg/kg bdwt/d,Administered dose(mass),30,mg/kg bdwt/d,Administered dose(mass),0,d,Time,,,,,,,,,,,,,,,,,,,,,,,,,,,,,,,,,,,,,,,,,,,,,,,,,,,,,,,,,,,,,,,28,d,Time,,,1000,,mg/kg bdwt/d,Administered dose(mass),,,1000,,mg/kg/d,Administered dose(mass),,
78-42-2,"Phosphoric acid, tris(2-ethylhexyl) ester;tris (2-ethylhexyl) phosphate;Tris(2-ethylhexyl) phosphate;tris(2-ethylhexyl)ester phosphoric acid;tris(2-ethylhexyl)ester_phosphoric_acid;tris(2-ethylhexyl)phosphate;Tris(2-ethylhexyl)phosphate (TEHP)",,,,,,,,,,,,,,,,,,,,,,,,,,,,,,,,,,,,,,,,,,,,,,,,,,,,,,,,,,,,,,,,,,,,,,,,,,,,,,,,,,,,,,,,,,,,,,,,,,,,,,,,,,,,,,,,,,,,,,,,,,,,,,,,Human Health Hazards#Repeated Dose Toxicity,Repeated Dose Toxicity HESS,1993,,NOEL,OECD TG 407,False,No qualifier,Equal,,,,,,,,,,,Rat,,,,,,,,,,,,,,,,,,,,,,,,,,,,,,,,,,,,,,Other Findings,,,,,,,,,,,,,,,,,,,,,,,,,,,,,,,,99.7,None,,,,,,,,,,,,,,,,,,,,,,,,,,,,,,,,,,,,,,,,,,,,,,,,,,,,,,,,,,,,,,,,SD,Oral (Gavage),,,,,,,,,,,,,,,,,,,,,,Male,Main,"National Institute of Health Sciences, Japan",Epididymis,RDT,Research Institute for Animal Science in Biochemistry & Toxicology,Necropsy,1000,mg/kg bdwt/d,Administered dose(mass),30,mg/kg bdwt/d,Administered dose(mass),0,d,Time,,,,,,,,,,,,,,,,,,,,,,,,,,,,,,,,,,,,,,,,,,,,,,,,,,,,,,,,,,,,,,,28,d,Time,,,1000,,mg/kg bdwt/d,Administered dose(mass),,,1000,,mg/kg/d,Administered dose(mass),,
78-42-2,"Phosphoric acid, tris(2-ethylhexyl) ester;tris (2-ethylhexyl) phosphate;Tris(2-ethylhexyl) phosphate;tris(2-ethylhexyl)ester phosphoric acid;tris(2-ethylhexyl)ester_phosphoric_acid;tris(2-ethylhexyl)phosphate;Tris(2-ethylhexyl)phosphate (TEHP)",,,,,,,,,,,,,,,,,,,,,,,,,,,,,,,,,,,,,,,,,,,,,,,,,,,,,,,,,,,,,,,,,,,,,,,,,,,,,,,,,,,,,,,,,,,,,,,,,,,,,,,,,,,,,,,,,,,,,,,,,,,,,,,,Human Health Hazards#Repeated Dose Toxicity,Repeated Dose Toxicity HESS,1993,,NOEL,OECD TG 407,False,No qualifier,Equal,,,,,,,,,,,Rat,,,,,,,,,,,,,,,,,,,,,,,,,,,,,,,,,,,,,,Cell Infiltration/Inflamation,,,,,,,,,,,,,,,,,,,,,,,,,,,,,,,,99.7,None,,,,,,,,,,,,,,,,,,,,,,,,,,,,,,,,,,,,,,,,,,,,,,,,,,,,,,,,,,,,,,,,SD,Oral (Gavage),,,,,,,,,,,,,,,,,,,,,,Female,Main,"National Institute of Health Sciences, Japan",Heart,RDT,Research Institute for Animal Science in Biochemistry & Toxicology,Histopathological findings,1000,mg/kg bdwt/d,Administered dose(mass),30,mg/kg bdwt/d,Administered dose(mass),0,d,Time,,,,,,,,,,,,,,,,,,,,,,,,,,,,,,,,,,,,,,,,,,,,,,,,,,,,,,,,,,,,,,,28,d,Time,,,1000,,mg/kg bdwt/d,Administered dose(mass),,,1000,,mg/kg/d,Administered dose(mass),,
78-42-2,"Phosphoric acid, tris(2-ethylhexyl) ester;tris (2-ethylhexyl) phosphate;Tris(2-ethylhexyl) phosphate;tris(2-ethylhexyl)ester phosphoric acid;tris(2-ethylhexyl)ester_phosphoric_acid;tris(2-ethylhexyl)phosphate;Tris(2-ethylhexyl)phosphate (TEHP)",,,,,,,,,,,,,,,,,,,,,,,,,,,,,,,,,,,,,,,,,,,,,,,,,,,,,,,,,,,,,,,,,,,,,,,,,,,,,,,,,,,,,,,,,,,,,,,,,,,,,,,,,,,,,,,,,,,,,,,,,,,,,,,,Human Health Hazards#Repeated Dose Toxicity,Repeated Dose Toxicity HESS,1993,,NOEL,OECD TG 407,False,No qualifier,Equal,,,,,,,,,,,Rat,,,,,,,,,,,,,,,,,,,,,,,,,,,,,,,,,,,,,,Cell Infiltration/Inflamation,,,,,,,,,,,,,,,,,,,,,,,,,,,,,,,,99.7,None,,,,,,,,,,,,,,,,,,,,,,,,,,,,,,,,,,,,,,,,,,,,,,,,,,,,,,,,,,,,,,,,SD,Oral (Gavage),,,,,,,,,,,,,,,,,,,,,,Male,Main,"National Institute of Health Sciences, Japan",Heart,RDT,Research Institute for Animal Science in Biochemistry & Toxicology,Histopathological findings,1000,mg/kg bdwt/d,Administered dose(mass),30,mg/kg bdwt/d,Administered dose(mass),0,d,Time,,,,,,,,,,,,,,,,,,,,,,,,,,,,,,,,,,,,,,,,,,,,,,,,,,,,,,,,,,,,,,,28,d,Time,,,1000,,mg/kg bdwt/d,Administered dose(mass),,,1000,,mg/kg/d,Administered dose(mass),,
78-42-2,"Phosphoric acid, tris(2-ethylhexyl) ester;tris (2-ethylhexyl) phosphate;Tris(2-ethylhexyl) phosphate;tris(2-ethylhexyl)ester phosphoric acid;tris(2-ethylhexyl)ester_phosphoric_acid;tris(2-ethylhexyl)phosphate;Tris(2-ethylhexyl)phosphate (TEHP)",,,,,,,,,,,,,,,,,,,,,,,,,,,,,,,,,,,,,,,,,,,,,,,,,,,,,,,,,,,,,,,,,,,,,,,,,,,,,,,,,,,,,,,,,,,,,,,,,,,,,,,,,,,,,,,,,,,,,,,,,,,,,,,,Human Health Hazards#Repeated Dose Toxicity,Repeated Dose Toxicity HESS,1993,,NOEL,OECD TG 407,False,No qualifier,Equal,,,,,,,,,,,Rat,,,,,,,,,,,,,,,,,,,,,,,,,,,,,,,,,,,,,,Myocardial Degeneration,,,,,,,,,,,,,,,,,,,,,,,,,,,,,,,,99.7,None,,,,,,,,,,,,,,,,,,,,,,,,,,,,,,,,,,,,,,,,,,,,,,,,,,,,,,,,,,,,,,,,SD,Oral (Gavage),,,,,,,,,,,,,,,,,,,,,,Female,Main,"National Institute of Health Sciences, Japan",Heart,RDT,Research Institute for Animal Science in Biochemistry & Toxicology,Histopathological findings,1000,mg/kg bdwt/d,Administered dose(mass),30,mg/kg bdwt/d,Administered dose(mass),0,d,Time,,,,,,,,,,,,,,,,,,,,,,,,,,,,,,,,,,,,,,,,,,,,,,,,,,,,,,,,,,,,,,,28,d,Time,,,1000,,mg/kg bdwt/d,Administered dose(mass),,,1000,,mg/kg/d,Administered dose(mass),,
78-42-2,"Phosphoric acid, tris(2-ethylhexyl) ester;tris (2-ethylhexyl) phosphate;Tris(2-ethylhexyl) phosphate;tris(2-ethylhexyl)ester phosphoric acid;tris(2-ethylhexyl)ester_phosphoric_acid;tris(2-ethylhexyl)phosphate;Tris(2-ethylhexyl)phosphate (TEHP)",,,,,,,,,,,,,,,,,,,,,,,,,,,,,,,,,,,,,,,,,,,,,,,,,,,,,,,,,,,,,,,,,,,,,,,,,,,,,,,,,,,,,,,,,,,,,,,,,,,,,,,,,,,,,,,,,,,,,,,,,,,,,,,,Human Health Hazards#Repeated Dose Toxicity,Repeated Dose Toxicity HESS,1993,,NOEL,OECD TG 407,False,No qualifier,Equal,,,,,,,,,,,Rat,,,,,,,,,,,,,,,,,,,,,,,,,,,,,,,,,,,,,,Myocardial Degeneration,,,,,,,,,,,,,,,,,,,,,,,,,,,,,,,,99.7,None,,,,,,,,,,,,,,,,,,,,,,,,,,,,,,,,,,,,,,,,,,,,,,,,,,,,,,,,,,,,,,,,SD,Oral (Gavage),,,,,,,,,,,,,,,,,,,,,,Male,Main,"National Institute of Health Sciences, Japan",Heart,RDT,Research Institute for Animal Science in Biochemistry & Toxicology,Histopathological findings,1000,mg/kg bdwt/d,Administered dose(mass),30,mg/kg bdwt/d,Administered dose(mass),0,d,Time,,,,,,,,,,,,,,,,,,,,,,,,,,,,,,,,,,,,,,,,,,,,,,,,,,,,,,,,,,,,,,,28,d,Time,,,1000,,mg/kg bdwt/d,Administered dose(mass),,,1000,,mg/kg/d,Administered dose(mass),,
78-42-2,"Phosphoric acid, tris(2-ethylhexyl) ester;tris (2-ethylhexyl) phosphate;Tris(2-ethylhexyl) phosphate;tris(2-ethylhexyl)ester phosphoric acid;tris(2-ethylhexyl)ester_phosphoric_acid;tris(2-ethylhexyl)phosphate;Tris(2-ethylhexyl)phosphate (TEHP)",,,,,,,,,,,,,,,,,,,,,,,,,,,,,,,,,,,,,,,,,,,,,,,,,,,,,,,,,,,,,,,,,,,,,,,,,,,,,,,,,,,,,,,,,,,,,,,,,,,,,,,,,,,,,,,,,,,,,,,,,,,,,,,,Human Health Hazards#Repeated Dose Toxicity,Repeated Dose Toxicity HESS,1993,,NOEL,OECD TG 407,False,No qualifier,Equal,,,,,,,,,,,Rat,,,,,,,,,,,,,,,,,,,,,,,,,,,,,,,,,,,,,,Myocardial Fibrosis,,,,,,,,,,,,,,,,,,,,,,,,,,,,,,,,99.7,None,,,,,,,,,,,,,,,,,,,,,,,,,,,,,,,,,,,,,,,,,,,,,,,,,,,,,,,,,,,,,,,,SD,Oral (Gavage),,,,,,,,,,,,,,,,,,,,,,Female,Main,"National Institute of Health Sciences, Japan",Heart,RDT,Research Institute for Animal Science in Biochemistry & Toxicology,Histopathological findings,1000,mg/kg bdwt/d,Administered dose(mass),30,mg/kg bdwt/d,Administered dose(mass),0,d,Time,,,,,,,,,,,,,,,,,,,,,,,,,,,,,,,,,,,,,,,,,,,,,,,,,,,,,,,,,,,,,,,28,d,Time,,,1000,,mg/kg bdwt/d,Administered dose(mass),,,1000,,mg/kg/d,Administered dose(mass),,
78-42-2,"Phosphoric acid, tris(2-ethylhexyl) ester;tris (2-ethylhexyl) phosphate;Tris(2-ethylhexyl) phosphate;tris(2-ethylhexyl)ester phosphoric acid;tris(2-ethylhexyl)ester_phosphoric_acid;tris(2-ethylhexyl)phosphate;Tris(2-ethylhexyl)phosphate (TEHP)",,,,,,,,,,,,,,,,,,,,,,,,,,,,,,,,,,,,,,,,,,,,,,,,,,,,,,,,,,,,,,,,,,,,,,,,,,,,,,,,,,,,,,,,,,,,,,,,,,,,,,,,,,,,,,,,,,,,,,,,,,,,,,,,Human Health Hazards#Repeated Dose Toxicity,Repeated Dose Toxicity HESS,1993,,NOEL,OECD TG 407,False,No qualifier,Equal,,,,,,,,,,,Rat,,,,,,,,,,,,,,,,,,,,,,,,,,,,,,,,,,,,,,Myocardial Fibrosis,,,,,,,,,,,,,,,,,,,,,,,,,,,,,,,,99.7,None,,,,,,,,,,,,,,,,,,,,,,,,,,,,,,,,,,,,,,,,,,,,,,,,,,,,,,,,,,,,,,,,SD,Oral (Gavage),,,,,,,,,,,,,,,,,,,,,,Male,Main,"National Institute of Health Sciences, Japan",Heart,RDT,Research Institute for Animal Science in Biochemistry & Toxicology,Histopathological findings,1000,mg/kg bdwt/d,Administered dose(mass),30,mg/kg bdwt/d,Administered dose(mass),0,d,Time,,,,,,,,,,,,,,,,,,,,,,,,,,,,,,,,,,,,,,,,,,,,,,,,,,,,,,,,,,,,,,,28,d,Time,,,1000,,mg/kg bdwt/d,Administered dose(mass),,,1000,,mg/kg/d,Administered dose(mass),,
78-42-2,"Phosphoric acid, tris(2-ethylhexyl) ester;tris (2-ethylhexyl) phosphate;Tris(2-ethylhexyl) phosphate;tris(2-ethylhexyl)ester phosphoric acid;tris(2-ethylhexyl)ester_phosphoric_acid;tris(2-ethylhexyl)phosphate;Tris(2-ethylhexyl)phosphate (TEHP)",,,,,,,,,,,,,,,,,,,,,,,,,,,,,,,,,,,,,,,,,,,,,,,,,,,,,,,,,,,,,,,,,,,,,,,,,,,,,,,,,,,,,,,,,,,,,,,,,,,,,,,,,,,,,,,,,,,,,,,,,,,,,,,,Human Health Hazards#Repeated Dose Toxicity,Repeated Dose Toxicity HESS,1993,,NOEL,OECD TG 407,False,No qualifier,Equal,,,,,,,,,,,Rat,,,,,,,,,,,,,,,,,,,,,,,,,,,,,,,,,,,,,,Myocardial Necrosis,,,,,,,,,,,,,,,,,,,,,,,,,,,,,,,,99.7,None,,,,,,,,,,,,,,,,,,,,,,,,,,,,,,,,,,,,,,,,,,,,,,,,,,,,,,,,,,,,,,,,SD,Oral (Gavage),,,,,,,,,,,,,,,,,,,,,,Female,Main,"National Institute of Health Sciences, Japan",Heart,RDT,Research Institute for Animal Science in Biochemistry & Toxicology,Histopathological findings,1000,mg/kg bdwt/d,Administered dose(mass),30,mg/kg bdwt/d,Administered dose(mass),0,d,Time,,,,,,,,,,,,,,,,,,,,,,,,,,,,,,,,,,,,,,,,,,,,,,,,,,,,,,,,,,,,,,,28,d,Time,,,1000,,mg/kg bdwt/d,Administered dose(mass),,,1000,,mg/kg/d,Administered dose(mass),,
78-42-2,"Phosphoric acid, tris(2-ethylhexyl) ester;tris (2-ethylhexyl) phosphate;Tris(2-ethylhexyl) phosphate;tris(2-ethylhexyl)ester phosphoric acid;tris(2-ethylhexyl)ester_phosphoric_acid;tris(2-ethylhexyl)phosphate;Tris(2-ethylhexyl)phosphate (TEHP)",,,,,,,,,,,,,,,,,,,,,,,,,,,,,,,,,,,,,,,,,,,,,,,,,,,,,,,,,,,,,,,,,,,,,,,,,,,,,,,,,,,,,,,,,,,,,,,,,,,,,,,,,,,,,,,,,,,,,,,,,,,,,,,,Human Health Hazards#Repeated Dose Toxicity,Repeated Dose Toxicity HESS,1993,,NOEL,OECD TG 407,False,No qualifier,Equal,,,,,,,,,,,Rat,,,,,,,,,,,,,,,,,,,,,,,,,,,,,,,,,,,,,,Myocardial Necrosis,,,,,,,,,,,,,,,,,,,,,,,,,,,,,,,,99.7,None,,,,,,,,,,,,,,,,,,,,,,,,,,,,,,,,,,,,,,,,,,,,,,,,,,,,,,,,,,,,,,,,SD,Oral (Gavage),,,,,,,,,,,,,,,,,,,,,,Male,Main,"National Institute of Health Sciences, Japan",Heart,RDT,Research Institute for Animal Science in Biochemistry & Toxicology,Histopathological findings,1000,mg/kg bdwt/d,Administered dose(mass),30,mg/kg bdwt/d,Administered dose(mass),0,d,Time,,,,,,,,,,,,,,,,,,,,,,,,,,,,,,,,,,,,,,,,,,,,,,,,,,,,,,,,,,,,,,,28,d,Time,,,1000,,mg/kg bdwt/d,Administered dose(mass),,,1000,,mg/kg/d,Administered dose(mass),,
78-42-2,"Phosphoric acid, tris(2-ethylhexyl) ester;tris (2-ethylhexyl) phosphate;Tris(2-ethylhexyl) phosphate;tris(2-ethylhexyl)ester phosphoric acid;tris(2-ethylhexyl)ester_phosphoric_acid;tris(2-ethylhexyl)phosphate;Tris(2-ethylhexyl)phosphate (TEHP)",,,,,,,,,,,,,,,,,,,,,,,,,,,,,,,,,,,,,,,,,,,,,,,,,,,,,,,,,,,,,,,,,,,,,,,,,,,,,,,,,,,,,,,,,,,,,,,,,,,,,,,,,,,,,,,,,,,,,,,,,,,,,,,,Human Health Hazards#Repeated Dose Toxicity,Repeated Dose Toxicity HESS,1993,,NOEL,OECD TG 407,False,No qualifier,Equal,,,,,,,,,,,Rat,,,,,,,,,,,,,,,,,,,,,,,,,,,,,,,,,,,,,,Other Findings,,,,,,,,,,,,,,,,,,,,,,,,,,,,,,,,99.7,None,,,,,,,,,,,,,,,,,,,,,,,,,,,,,,,,,,,,,,,,,,,,,,,,,,,,,,,,,,,,,,,,SD,Oral (Gavage),,,,,,,,,,,,,,,,,,,,,,Female,Main,"National Institute of Health Sciences, Japan",Heart,RDT,Research Institute for Animal Science in Biochemistry & Toxicology,Histopathological findings,1000,mg/kg bdwt/d,Administered dose(mass),30,mg/kg bdwt/d,Administered dose(mass),0,d,Time,,,,,,,,,,,,,,,,,,,,,,,,,,,,,,,,,,,,,,,,,,,,,,,,,,,,,,,,,,,,,,,28,d,Time,,,1000,,mg/kg bdwt/d,Administered dose(mass),,,1000,,mg/kg/d,Administered dose(mass),,
78-42-2,"Phosphoric acid, tris(2-ethylhexyl) ester;tris (2-ethylhexyl) phosphate;Tris(2-ethylhexyl) phosphate;tris(2-ethylhexyl)ester phosphoric acid;tris(2-ethylhexyl)ester_phosphoric_acid;tris(2-ethylhexyl)phosphate;Tris(2-ethylhexyl)phosphate (TEHP)",,,,,,,,,,,,,,,,,,,,,,,,,,,,,,,,,,,,,,,,,,,,,,,,,,,,,,,,,,,,,,,,,,,,,,,,,,,,,,,,,,,,,,,,,,,,,,,,,,,,,,,,,,,,,,,,,,,,,,,,,,,,,,,,Human Health Hazards#Repeated Dose Toxicity,Repeated Dose Toxicity HESS,1993,,NOEL,OECD TG 407,False,No qualifier,Equal,,,,,,,,,,,Rat,,,,,,,,,,,,,,,,,,,,,,,,,,,,,,,,,,,,,,Other Findings,,,,,,,,,,,,,,,,,,,,,,,,,,,,,,,,99.7,None,,,,,,,,,,,,,,,,,,,,,,,,,,,,,,,,,,,,,,,,,,,,,,,,,,,,,,,,,,,,,,,,SD,Oral (Gavage),,,,,,,,,,,,,,,,,,,,,,Male,Main,"National Institute of Health Sciences, Japan",Heart,RDT,Research Institute for Animal Science in Biochemistry & Toxicology,Histopathological findings,1000,mg/kg bdwt/d,Administered dose(mass),30,mg/kg bdwt/d,Administered dose(mass),0,d,Time,,,,,,,,,,,,,,,,,,,,,,,,,,,,,,,,,,,,,,,,,,,,,,,,,,,,,,,,,,,,,,,28,d,Time,,,1000,,mg/kg bdwt/d,Administered dose(mass),,,1000,,mg/kg/d,Administered dose(mass),,
78-42-2,"Phosphoric acid, tris(2-ethylhexyl) ester;tris (2-ethylhexyl) phosphate;Tris(2-ethylhexyl) phosphate;tris(2-ethylhexyl)ester phosphoric acid;tris(2-ethylhexyl)ester_phosphoric_acid;tris(2-ethylhexyl)phosphate;Tris(2-ethylhexyl)phosphate (TEHP)",,,,,,,,,,,,,,,,,,,,,,,,,,,,,,,,,,,,,,,,,,,,,,,,,,,,,,,,,,,,,,,,,,,,,,,,,,,,,,,,,,,,,,,,,,,,,,,,,,,,,,,,,,,,,,,,,,,,,,,,,,,,,,,,Human Health Hazards#Repeated Dose Toxicity,Repeated Dose Toxicity HESS,1993,,NOEL,OECD TG 407,False,No qualifier,Equal,,,,,,,,,,,Rat,,,,,,,,,,,,,,,,,,,,,,,,,,,,,,,,,,,,,,,,,,,,,,,,,,,,,,,,,,,,,,,,,,,,,,99.7,None,,,,,,,,,,,,,,,,,,,,,,,,,,,,,,,,,,,,,,,,,,,,,,,,,,,,,,,,,,,,,,,,SD,Oral (Gavage),,,,,,,,,,,,,,,,,,,,,,Female,Main,"National Institute of Health Sciences, Japan",Heart,RDT,Research Institute for Animal Science in Biochemistry & Toxicology,Necropsy,1000,mg/kg bdwt/d,Administered dose(mass),30,mg/kg bdwt/d,Administered dose(mass),0,d,Time,,,,,,,,,,,,,,,,,,,,,,,,,,,,,,,,,,,,,,,,,,,,,,,,,,,,,,,,,,,,,,,28,d,Time,,,1000,,mg/kg bdwt/d,Administered dose(mass),,,1000,,mg/kg/d,Administered dose(mass),,
78-42-2,"Phosphoric acid, tris(2-ethylhexyl) ester;tris (2-ethylhexyl) phosphate;Tris(2-ethylhexyl) phosphate;tris(2-ethylhexyl)ester phosphoric acid;tris(2-ethylhexyl)ester_phosphoric_acid;tris(2-ethylhexyl)phosphate;Tris(2-ethylhexyl)phosphate (TEHP)",,,,,,,,,,,,,,,,,,,,,,,,,,,,,,,,,,,,,,,,,,,,,,,,,,,,,,,,,,,,,,,,,,,,,,,,,,,,,,,,,,,,,,,,,,,,,,,,,,,,,,,,,,,,,,,,,,,,,,,,,,,,,,,,Human Health Hazards#Repeated Dose Toxicity,Repeated Dose Toxicity HESS,1993,,NOEL,OECD TG 407,False,No qualifier,Equal,,,,,,,,,,,Rat,,,,,,,,,,,,,,,,,,,,,,,,,,,,,,,,,,,,,,,,,,,,,,,,,,,,,,,,,,,,,,,,,,,,,,99.7,None,,,,,,,,,,,,,,,,,,,,,,,,,,,,,,,,,,,,,,,,,,,,,,,,,,,,,,,,,,,,,,,,SD,Oral (Gavage),,,,,,,,,,,,,,,,,,,,,,Male,Main,"National Institute of Health Sciences, Japan",Heart,RDT,Research Institute for Animal Science in Biochemistry & Toxicology,Necropsy,1000,mg/kg bdwt/d,Administered dose(mass),30,mg/kg bdwt/d,Administered dose(mass),0,d,Time,,,,,,,,,,,,,,,,,,,,,,,,,,,,,,,,,,,,,,,,,,,,,,,,,,,,,,,,,,,,,,,28,d,Time,,,1000,,mg/kg bdwt/d,Administered dose(mass),,,1000,,mg/kg/d,Administered dose(mass),,
78-42-2,"Phosphoric acid, tris(2-ethylhexyl) ester;tris (2-ethylhexyl) phosphate;Tris(2-ethylhexyl) phosphate;tris(2-ethylhexyl)ester phosphoric acid;tris(2-ethylhexyl)ester_phosphoric_acid;tris(2-ethylhexyl)phosphate;Tris(2-ethylhexyl)phosphate (TEHP)",,,,,,,,,,,,,,,,,,,,,,,,,,,,,,,,,,,,,,,,,,,,,,,,,,,,,,,,,,,,,,,,,,,,,,,,,,,,,,,,,,,,,,,,,,,,,,,,,,,,,,,,,,,,,,,,,,,,,,,,,,,,,,,,Human Health Hazards#Repeated Dose Toxicity,Repeated Dose Toxicity HESS,1993,,NOEL,OECD TG 407,False,No qualifier,Equal,,,,,,,,,,,Rat,,,,,,,,,,,,,,,,,,,,,,,,,,,,,,,,,,,,,,,,,,,,,,,,,,,,,,,,,,,,,,,,,,,,,,99.7,None,,,,,,,,,,,,,,,,,,,,,,,,,,,,,,,,,,,,,,,,,,,,,,,,,,,,,,,,,,,,,,,,SD,Oral (Gavage),,,,,,,,,,,,,,,,,,,,,,Female,Main,"National Institute of Health Sciences, Japan",Intestine,RDT,Research Institute for Animal Science in Biochemistry & Toxicology,Necropsy,1000,mg/kg bdwt/d,Administered dose(mass),30,mg/kg bdwt/d,Administered dose(mass),0,d,Time,,,,,,,,,,,,,,,,,,,,,,,,,,,,,,,,,,,,,,,,,,,,,,,,,,,,,,,,,,,,,,,28,d,Time,,,1000,,mg/kg bdwt/d,Administered dose(mass),,,1000,,mg/kg/d,Administered dose(mass),,
78-42-2,"Phosphoric acid, tris(2-ethylhexyl) ester;tris (2-ethylhexyl) phosphate;Tris(2-ethylhexyl) phosphate;tris(2-ethylhexyl)ester phosphoric acid;tris(2-ethylhexyl)ester_phosphoric_acid;tris(2-ethylhexyl)phosphate;Tris(2-ethylhexyl)phosphate (TEHP)",,,,,,,,,,,,,,,,,,,,,,,,,,,,,,,,,,,,,,,,,,,,,,,,,,,,,,,,,,,,,,,,,,,,,,,,,,,,,,,,,,,,,,,,,,,,,,,,,,,,,,,,,,,,,,,,,,,,,,,,,,,,,,,,Human Health Hazards#Repeated Dose Toxicity,Repeated Dose Toxicity HESS,1993,,NOEL,OECD TG 407,False,No qualifier,Equal,,,,,,,,,,,Rat,,,,,,,,,,,,,,,,,,,,,,,,,,,,,,,,,,,,,,,,,,,,,,,,,,,,,,,,,,,,,,,,,,,,,,99.7,None,,,,,,,,,,,,,,,,,,,,,,,,,,,,,,,,,,,,,,,,,,,,,,,,,,,,,,,,,,,,,,,,SD,Oral (Gavage),,,,,,,,,,,,,,,,,,,,,,Male,Main,"National Institute of Health Sciences, Japan",Intestine,RDT,Research Institute for Animal Science in Biochemistry & Toxicology,Necropsy,1000,mg/kg bdwt/d,Administered dose(mass),30,mg/kg bdwt/d,Administered dose(mass),0,d,Time,,,,,,,,,,,,,,,,,,,,,,,,,,,,,,,,,,,,,,,,,,,,,,,,,,,,,,,,,,,,,,,28,d,Time,,,1000,,mg/kg bdwt/d,Administered dose(mass),,,1000,,mg/kg/d,Administered dose(mass),,
78-42-2,"Phosphoric acid, tris(2-ethylhexyl) ester;tris (2-ethylhexyl) phosphate;Tris(2-ethylhexyl) phosphate;tris(2-ethylhexyl)ester phosphoric acid;tris(2-ethylhexyl)ester_phosphoric_acid;tris(2-ethylhexyl)phosphate;Tris(2-ethylhexyl)phosphate (TEHP)",,,,,,,,,,,,,,,,,,,,,,,,,,,,,,,,,,,,,,,,,,,,,,,,,,,,,,,,,,,,,,,,,,,,,,,,,,,,,,,,,,,,,,,,,,,,,,,,,,,,,,,,,,,,,,,,,,,,,,,,,,,,,,,,Human Health Hazards#Repeated Dose Toxicity,Repeated Dose Toxicity HESS,1993,,NOEL,OECD TG 407,False,No qualifier,Equal,,,,,,,,,,,Rat,,,,,,,,,,,,,,,,,,,,,,,,,,,,,,,,,,,,,,Absolute Organ Weight↑,,,,,,,,,,,,,,,,,,,,,,,,,,,,,,,,99.7,None,,,,,,,,,,,,,,,,,,,,,,,,,,,,,,,,,,,,,,,,,,,,,,,,,,,,,,,,,,,,,,,,SD,Oral (Gavage),,,,,,,,,,,,,,,,,,,,,,Female,Main,"National Institute of Health Sciences, Japan",Kidney,RDT,Research Institute for Animal Science in Biochemistry & Toxicology,Organ weights,1000,mg/kg bdwt/d,Administered dose(mass),30,mg/kg bdwt/d,Administered dose(mass),0,d,Time,,,,,,,,,,,,,,,,,,,,,,,,,,,,,,,,,,,,,,,,,,,,,,,,,,,,,,,,,,,,,,,28,d,Time,,,1000,,mg/kg bdwt/d,Administered dose(mass),,,1000,,mg/kg/d,Administered dose(mass),,
78-42-2,"Phosphoric acid, tris(2-ethylhexyl) ester;tris (2-ethylhexyl) phosphate;Tris(2-ethylhexyl) phosphate;tris(2-ethylhexyl)ester phosphoric acid;tris(2-ethylhexyl)ester_phosphoric_acid;tris(2-ethylhexyl)phosphate;Tris(2-ethylhexyl)phosphate (TEHP)",,,,,,,,,,,,,,,,,,,,,,,,,,,,,,,,,,,,,,,,,,,,,,,,,,,,,,,,,,,,,,,,,,,,,,,,,,,,,,,,,,,,,,,,,,,,,,,,,,,,,,,,,,,,,,,,,,,,,,,,,,,,,,,,Human Health Hazards#Repeated Dose Toxicity,Repeated Dose Toxicity HESS,1993,,NOEL,OECD TG 407,False,No qualifier,Equal,,,,,,,,,,,Rat,,,,,,,,,,,,,,,,,,,,,,,,,,,,,,,,,,,,,,Absolute Organ Weight↑,,,,,,,,,,,,,,,,,,,,,,,,,,,,,,,,99.7,None,,,,,,,,,,,,,,,,,,,,,,,,,,,,,,,,,,,,,,,,,,,,,,,,,,,,,,,,,,,,,,,,SD,Oral (Gavage),,,,,,,,,,,,,,,,,,,,,,Male,Main,"National Institute of Health Sciences, Japan",Kidney,RDT,Research Institute for Animal Science in Biochemistry & Toxicology,Organ weights,1000,mg/kg bdwt/d,Administered dose(mass),30,mg/kg bdwt/d,Administered dose(mass),0,d,Time,,,,,,,,,,,,,,,,,,,,,,,,,,,,,,,,,,,,,,,,,,,,,,,,,,,,,,,,,,,,,,,28,d,Time,,,1000,,mg/kg bdwt/d,Administered dose(mass),,,1000,,mg/kg/d,Administered dose(mass),,
78-42-2,"Phosphoric acid, tris(2-ethylhexyl) ester;tris (2-ethylhexyl) phosphate;Tris(2-ethylhexyl) phosphate;tris(2-ethylhexyl)ester phosphoric acid;tris(2-ethylhexyl)ester_phosphoric_acid;tris(2-ethylhexyl)phosphate;Tris(2-ethylhexyl)phosphate (TEHP)",,,,,,,,,,,,,,,,,,,,,,,,,,,,,,,,,,,,,,,,,,,,,,,,,,,,,,,,,,,,,,,,,,,,,,,,,,,,,,,,,,,,,,,,,,,,,,,,,,,,,,,,,,,,,,,,,,,,,,,,,,,,,,,,Human Health Hazards#Repeated Dose Toxicity,Repeated Dose Toxicity HESS,1993,,NOEL,OECD TG 407,False,No qualifier,Equal,,,,,,,,,,,Rat,,,,,,,,,,,,,,,,,,,,,,,,,,,,,,,,,,,,,,Absolute Organ Weight↓,,,,,,,,,,,,,,,,,,,,,,,,,,,,,,,,99.7,None,,,,,,,,,,,,,,,,,,,,,,,,,,,,,,,,,,,,,,,,,,,,,,,,,,,,,,,,,,,,,,,,SD,Oral (Gavage),,,,,,,,,,,,,,,,,,,,,,Female,Main,"National Institute of Health Sciences, Japan",Kidney,RDT,Research Institute for Animal Science in Biochemistry & Toxicology,Organ weights,1000,mg/kg bdwt/d,Administered dose(mass),30,mg/kg bdwt/d,Administered dose(mass),0,d,Time,,,,,,,,,,,,,,,,,,,,,,,,,,,,,,,,,,,,,,,,,,,,,,,,,,,,,,,,,,,,,,,28,d,Time,,,1000,,mg/kg bdwt/d,Administered dose(mass),,,1000,,mg/kg/d,Administered dose(mass),,
78-42-2,"Phosphoric acid, tris(2-ethylhexyl) ester;tris (2-ethylhexyl) phosphate;Tris(2-ethylhexyl) phosphate;tris(2-ethylhexyl)ester phosphoric acid;tris(2-ethylhexyl)ester_phosphoric_acid;tris(2-ethylhexyl)phosphate;Tris(2-ethylhexyl)phosphate (TEHP)",,,,,,,,,,,,,,,,,,,,,,,,,,,,,,,,,,,,,,,,,,,,,,,,,,,,,,,,,,,,,,,,,,,,,,,,,,,,,,,,,,,,,,,,,,,,,,,,,,,,,,,,,,,,,,,,,,,,,,,,,,,,,,,,Human Health Hazards#Repeated Dose Toxicity,Repeated Dose Toxicity HESS,1993,,NOEL,OECD TG 407,False,No qualifier,Equal,,,,,,,,,,,Rat,,,,,,,,,,,,,,,,,,,,,,,,,,,,,,,,,,,,,,Absolute Organ Weight↓,,,,,,,,,,,,,,,,,,,,,,,,,,,,,,,,99.7,None,,,,,,,,,,,,,,,,,,,,,,,,,,,,,,,,,,,,,,,,,,,,,,,,,,,,,,,,,,,,,,,,SD,Oral (Gavage),,,,,,,,,,,,,,,,,,,,,,Male,Main,"National Institute of Health Sciences, Japan",Kidney,RDT,Research Institute for Animal Science in Biochemistry & Toxicology,Organ weights,1000,mg/kg bdwt/d,Administered dose(mass),30,mg/kg bdwt/d,Administered dose(mass),0,d,Time,,,,,,,,,,,,,,,,,,,,,,,,,,,,,,,,,,,,,,,,,,,,,,,,,,,,,,,,,,,,,,,28,d,Time,,,1000,,mg/kg bdwt/d,Administered dose(mass),,,1000,,mg/kg/d,Administered dose(mass),,
78-42-2,"Phosphoric acid, tris(2-ethylhexyl) ester;tris (2-ethylhexyl) phosphate;Tris(2-ethylhexyl) phosphate;tris(2-ethylhexyl)ester phosphoric acid;tris(2-ethylhexyl)ester_phosphoric_acid;tris(2-ethylhexyl)phosphate;Tris(2-ethylhexyl)phosphate (TEHP)",,,,,,,,,,,,,,,,,,,,,,,,,,,,,,,,,,,,,,,,,,,,,,,,,,,,,,,,,,,,,,,,,,,,,,,,,,,,,,,,,,,,,,,,,,,,,,,,,,,,,,,,,,,,,,,,,,,,,,,,,,,,,,,,Human Health Hazards#Repeated Dose Toxicity,Repeated Dose Toxicity HESS,1993,,NOEL,OECD TG 407,False,No qualifier,Equal,,,,,,,,,,,Rat,,,,,,,,,,,,,,,,,,,,,,,,,,,,,,,,,,,,,,Atrophy,,,,,,,,,,,,,,,,,,,,,,,,,,,,,,,,99.7,None,,,,,,,,,,,,,,,,,,,,,,,,,,,,,,,,,,,,,,,,,,,,,,,,,,,,,,,,,,,,,,,,SD,Oral (Gavage),,,,,,,,,,,,,,,,Renal tubule (Other),,,,,,Female,Main,"National Institute of Health Sciences, Japan",Kidney,RDT,Research Institute for Animal Science in Biochemistry & Toxicology,Histopathological findings,1000,mg/kg bdwt/d,Administered dose(mass),30,mg/kg bdwt/d,Administered dose(mass),0,d,Time,,,,,,,,,,,,,,,,,,,,,,,,,,,,,,,,,,,,,,,,,,,,,,,,,,,,,,,,,,,,,,,28,d,Time,,,1000,,mg/kg bdwt/d,Administered dose(mass),,,1000,,mg/kg/d,Administered dose(mass),,
78-42-2,"Phosphoric acid, tris(2-ethylhexyl) ester;tris (2-ethylhexyl) phosphate;Tris(2-ethylhexyl) phosphate;tris(2-ethylhexyl)ester phosphoric acid;tris(2-ethylhexyl)ester_phosphoric_acid;tris(2-ethylhexyl)phosphate;Tris(2-ethylhexyl)phosphate (TEHP)",,,,,,,,,,,,,,,,,,,,,,,,,,,,,,,,,,,,,,,,,,,,,,,,,,,,,,,,,,,,,,,,,,,,,,,,,,,,,,,,,,,,,,,,,,,,,,,,,,,,,,,,,,,,,,,,,,,,,,,,,,,,,,,,Human Health Hazards#Repeated Dose Toxicity,Repeated Dose Toxicity HESS,1993,,NOEL,OECD TG 407,False,No qualifier,Equal,,,,,,,,,,,Rat,,,,,,,,,,,,,,,,,,,,,,,,,,,,,,,,,,,,,,Atrophy,,,,,,,,,,,,,,,,,,,,,,,,,,,,,,,,99.7,None,,,,,,,,,,,,,,,,,,,,,,,,,,,,,,,,,,,,,,,,,,,,,,,,,,,,,,,,,,,,,,,,SD,Oral (Gavage),,,,,,,,,,,,,,,,Renal tubule (Distal/Collecting duct),,,,,,Female,Main,"National Institute of Health Sciences, Japan",Kidney,RDT,Research Institute for Animal Science in Biochemistry & Toxicology,Histopathological findings,1000,mg/kg bdwt/d,Administered dose(mass),30,mg/kg bdwt/d,Administered dose(mass),0,d,Time,,,,,,,,,,,,,,,,,,,,,,,,,,,,,,,,,,,,,,,,,,,,,,,,,,,,,,,,,,,,,,,28,d,Time,,,1000,,mg/kg bdwt/d,Administered dose(mass),,,1000,,mg/kg/d,Administered dose(mass),,
78-42-2,"Phosphoric acid, tris(2-ethylhexyl) ester;tris (2-ethylhexyl) phosphate;Tris(2-ethylhexyl) phosphate;tris(2-ethylhexyl)ester phosphoric acid;tris(2-ethylhexyl)ester_phosphoric_acid;tris(2-ethylhexyl)phosphate;Tris(2-ethylhexyl)phosphate (TEHP)",,,,,,,,,,,,,,,,,,,,,,,,,,,,,,,,,,,,,,,,,,,,,,,,,,,,,,,,,,,,,,,,,,,,,,,,,,,,,,,,,,,,,,,,,,,,,,,,,,,,,,,,,,,,,,,,,,,,,,,,,,,,,,,,Human Health Hazards#Repeated Dose Toxicity,Repeated Dose Toxicity HESS,1993,,NOEL,OECD TG 407,False,No qualifier,Equal,,,,,,,,,,,Rat,,,,,,,,,,,,,,,,,,,,,,,,,,,,,,,,,,,,,,Atrophy,,,,,,,,,,,,,,,,,,,,,,,,,,,,,,,,99.7,None,,,,,,,,,,,,,,,,,,,,,,,,,,,,,,,,,,,,,,,,,,,,,,,,,,,,,,,,,,,,,,,,SD,Oral (Gavage),,,,,,,,,,,,,,,,Renal tubule (Proximal),,,,,,Female,Main,"National Institute of Health Sciences, Japan",Kidney,RDT,Research Institute for Animal Science in Biochemistry & Toxicology,Histopathological findings,1000,mg/kg bdwt/d,Administered dose(mass),30,mg/kg bdwt/d,Administered dose(mass),0,d,Time,,,,,,,,,,,,,,,,,,,,,,,,,,,,,,,,,,,,,,,,,,,,,,,,,,,,,,,,,,,,,,,28,d,Time,,,1000,,mg/kg bdwt/d,Administered dose(mass),,,1000,,mg/kg/d,Administered dose(mass),,
78-42-2,"Phosphoric acid, tris(2-ethylhexyl) ester;tris (2-ethylhexyl) phosphate;Tris(2-ethylhexyl) phosphate;tris(2-ethylhexyl)ester phosphoric acid;tris(2-ethylhexyl)ester_phosphoric_acid;tris(2-ethylhexyl)phosphate;Tris(2-ethylhexyl)phosphate (TEHP)",,,,,,,,,,,,,,,,,,,,,,,,,,,,,,,,,,,,,,,,,,,,,,,,,,,,,,,,,,,,,,,,,,,,,,,,,,,,,,,,,,,,,,,,,,,,,,,,,,,,,,,,,,,,,,,,,,,,,,,,,,,,,,,,Human Health Hazards#Repeated Dose Toxicity,Repeated Dose Toxicity HESS,1993,,NOEL,OECD TG 407,False,No qualifier,Equal,,,,,,,,,,,Rat,,,,,,,,,,,,,,,,,,,,,,,,,,,,,,,,,,,,,,Atrophy,,,,,,,,,,,,,,,,,,,,,,,,,,,,,,,,99.7,None,,,,,,,,,,,,,,,,,,,,,,,,,,,,,,,,,,,,,,,,,,,,,,,,,,,,,,,,,,,,,,,,SD,Oral (Gavage),,,,,,,,,,,,,,,,Renal tubule (Other),,,,,,Male,Main,"National Institute of Health Sciences, Japan",Kidney,RDT,Research Institute for Animal Science in Biochemistry & Toxicology,Histopathological findings,1000,mg/kg bdwt/d,Administered dose(mass),30,mg/kg bdwt/d,Administered dose(mass),0,d,Time,,,,,,,,,,,,,,,,,,,,,,,,,,,,,,,,,,,,,,,,,,,,,,,,,,,,,,,,,,,,,,,28,d,Time,,,1000,,mg/kg bdwt/d,Administered dose(mass),,,1000,,mg/kg/d,Administered dose(mass),,
78-42-2,"Phosphoric acid, tris(2-ethylhexyl) ester;tris (2-ethylhexyl) phosphate;Tris(2-ethylhexyl) phosphate;tris(2-ethylhexyl)ester phosphoric acid;tris(2-ethylhexyl)ester_phosphoric_acid;tris(2-ethylhexyl)phosphate;Tris(2-ethylhexyl)phosphate (TEHP)",,,,,,,,,,,,,,,,,,,,,,,,,,,,,,,,,,,,,,,,,,,,,,,,,,,,,,,,,,,,,,,,,,,,,,,,,,,,,,,,,,,,,,,,,,,,,,,,,,,,,,,,,,,,,,,,,,,,,,,,,,,,,,,,Human Health Hazards#Repeated Dose Toxicity,Repeated Dose Toxicity HESS,1993,,NOEL,OECD TG 407,False,No qualifier,Equal,,,,,,,,,,,Rat,,,,,,,,,,,,,,,,,,,,,,,,,,,,,,,,,,,,,,Atrophy,,,,,,,,,,,,,,,,,,,,,,,,,,,,,,,,99.7,None,,,,,,,,,,,,,,,,,,,,,,,,,,,,,,,,,,,,,,,,,,,,,,,,,,,,,,,,,,,,,,,,SD,Oral (Gavage),,,,,,,,,,,,,,,,Renal tubule (Distal/Collecting duct),,,,,,Male,Main,"National Institute of Health Sciences, Japan",Kidney,RDT,Research Institute for Animal Science in Biochemistry & Toxicology,Histopathological findings,1000,mg/kg bdwt/d,Administered dose(mass),30,mg/kg bdwt/d,Administered dose(mass),0,d,Time,,,,,,,,,,,,,,,,,,,,,,,,,,,,,,,,,,,,,,,,,,,,,,,,,,,,,,,,,,,,,,,28,d,Time,,,1000,,mg/kg bdwt/d,Administered dose(mass),,,1000,,mg/kg/d,Administered dose(mass),,
78-42-2,"Phosphoric acid, tris(2-ethylhexyl) ester;tris (2-ethylhexyl) phosphate;Tris(2-ethylhexyl) phosphate;tris(2-ethylhexyl)ester phosphoric acid;tris(2-ethylhexyl)ester_phosphoric_acid;tris(2-ethylhexyl)phosphate;Tris(2-ethylhexyl)phosphate (TEHP)",,,,,,,,,,,,,,,,,,,,,,,,,,,,,,,,,,,,,,,,,,,,,,,,,,,,,,,,,,,,,,,,,,,,,,,,,,,,,,,,,,,,,,,,,,,,,,,,,,,,,,,,,,,,,,,,,,,,,,,,,,,,,,,,Human Health Hazards#Repeated Dose Toxicity,Repeated Dose Toxicity HESS,1993,,NOEL,OECD TG 407,False,No qualifier,Equal,,,,,,,,,,,Rat,,,,,,,,,,,,,,,,,,,,,,,,,,,,,,,,,,,,,,Atrophy,,,,,,,,,,,,,,,,,,,,,,,,,,,,,,,,99.7,None,,,,,,,,,,,,,,,,,,,,,,,,,,,,,,,,,,,,,,,,,,,,,,,,,,,,,,,,,,,,,,,,SD,Oral (Gavage),,,,,,,,,,,,,,,,Renal tubule (Proximal),,,,,,Male,Main,"National Institute of Health Sciences, Japan",Kidney,RDT,Research Institute for Animal Science in Biochemistry & Toxicology,Histopathological findings,1000,mg/kg bdwt/d,Administered dose(mass),30,mg/kg bdwt/d,Administered dose(mass),0,d,Time,,,,,,,,,,,,,,,,,,,,,,,,,,,,,,,,,,,,,,,,,,,,,,,,,,,,,,,,,,,,,,,28,d,Time,,,1000,,mg/kg bdwt/d,Administered dose(mass),,,1000,,mg/kg/d,Administered dose(mass),,
78-42-2,"Phosphoric acid, tris(2-ethylhexyl) ester;tris (2-ethylhexyl) phosphate;Tris(2-ethylhexyl) phosphate;tris(2-ethylhexyl)ester phosphoric acid;tris(2-ethylhexyl)ester_phosphoric_acid;tris(2-ethylhexyl)phosphate;Tris(2-ethylhexyl)phosphate (TEHP)",,,,,,,,,,,,,,,,,,,,,,,,,,,,,,,,,,,,,,,,,,,,,,,,,,,,,,,,,,,,,,,,,,,,,,,,,,,,,,,,,,,,,,,,,,,,,,,,,,,,,,,,,,,,,,,,,,,,,,,,,,,,,,,,Human Health Hazards#Repeated Dose Toxicity,Repeated Dose Toxicity HESS,1993,,NOEL,OECD TG 407,False,No qualifier,Equal,,,,,,,,,,,Rat,,,,,,,,,,,,,,,,,,,,,,,,,,,,,,,,,,,,,,Atrophy Pelvis,,,,,,,,,,,,,,,,,,,,,,,,,,,,,,,,99.7,None,,,,,,,,,,,,,,,,,,,,,,,,,,,,,,,,,,,,,,,,,,,,,,,,,,,,,,,,,,,,,,,,SD,Oral (Gavage),,,,,,,,,,,,,,,,Pelvis/Papilla,,,,,,Female,Main,"National Institute of Health Sciences, Japan",Kidney,RDT,Research Institute for Animal Science in Biochemistry & Toxicology,Histopathological findings,1000,mg/kg bdwt/d,Administered dose(mass),30,mg/kg bdwt/d,Administered dose(mass),0,d,Time,,,,,,,,,,,,,,,,,,,,,,,,,,,,,,,,,,,,,,,,,,,,,,,,,,,,,,,,,,,,,,,28,d,Time,,,1000,,mg/kg bdwt/d,Administered dose(mass),,,1000,,mg/kg/d,Administered dose(mass),,
78-42-2,"Phosphoric acid, tris(2-ethylhexyl) ester;tris (2-ethylhexyl) phosphate;Tris(2-ethylhexyl) phosphate;tris(2-ethylhexyl)ester phosphoric acid;tris(2-ethylhexyl)ester_phosphoric_acid;tris(2-ethylhexyl)phosphate;Tris(2-ethylhexyl)phosphate (TEHP)",,,,,,,,,,,,,,,,,,,,,,,,,,,,,,,,,,,,,,,,,,,,,,,,,,,,,,,,,,,,,,,,,,,,,,,,,,,,,,,,,,,,,,,,,,,,,,,,,,,,,,,,,,,,,,,,,,,,,,,,,,,,,,,,Human Health Hazards#Repeated Dose Toxicity,Repeated Dose Toxicity HESS,1993,,NOEL,OECD TG 407,False,No qualifier,Equal,,,,,,,,,,,Rat,,,,,,,,,,,,,,,,,,,,,,,,,,,,,,,,,,,,,,Atrophy Pelvis,,,,,,,,,,,,,,,,,,,,,,,,,,,,,,,,99.7,None,,,,,,,,,,,,,,,,,,,,,,,,,,,,,,,,,,,,,,,,,,,,,,,,,,,,,,,,,,,,,,,,SD,Oral (Gavage),,,,,,,,,,,,,,,,Pelvis/Papilla,,,,,,Male,Main,"National Institute of Health Sciences, Japan",Kidney,RDT,Research Institute for Animal Science in Biochemistry & Toxicology,Histopathological findings,1000,mg/kg bdwt/d,Administered dose(mass),30,mg/kg bdwt/d,Administered dose(mass),0,d,Time,,,,,,,,,,,,,,,,,,,,,,,,,,,,,,,,,,,,,,,,,,,,,,,,,,,,,,,,,,,,,,,28,d,Time,,,1000,,mg/kg bdwt/d,Administered dose(mass),,,1000,,mg/kg/d,Administered dose(mass),,
78-42-2,"Phosphoric acid, tris(2-ethylhexyl) ester;tris (2-ethylhexyl) phosphate;Tris(2-ethylhexyl) phosphate;tris(2-ethylhexyl)ester phosphoric acid;tris(2-ethylhexyl)ester_phosphoric_acid;tris(2-ethylhexyl)phosphate;Tris(2-ethylhexyl)phosphate (TEHP)",,,,,,,,,,,,,,,,,,,,,,,,,,,,,,,,,,,,,,,,,,,,,,,,,,,,,,,,,,,,,,,,,,,,,,,,,,,,,,,,,,,,,,,,,,,,,,,,,,,,,,,,,,,,,,,,,,,,,,,,,,,,,,,,Human Health Hazards#Repeated Dose Toxicity,Repeated Dose Toxicity HESS,1993,,NOEL,OECD TG 407,False,No qualifier,Equal,,,,,,,,,,,Rat,,,,,,,,,,,,,,,,,,,,,,,,,,,,,,,,,,,,,,Basophilic Change/Regeneration/Degeneration,,,,,,,,,,,,,,,,,,,,,,,,,,,,,,,,99.7,None,,,,,,,,,,,,,,,,,,,,,,,,,,,,,,,,,,,,,,,,,,,,,,,,,,,,,,,,,,,,,,,,SD,Oral (Gavage),,,,,,,,,,,,,,,,Renal tubule (Other),,,,,,Female,Main,"National Institute of Health Sciences, Japan",Kidney,RDT,Research Institute for Animal Science in Biochemistry & Toxicology,Histopathological findings,1000,mg/kg bdwt/d,Administered dose(mass),30,mg/kg bdwt/d,Administered dose(mass),0,d,Time,,,,,,,,,,,,,,,,,,,,,,,,,,,,,,,,,,,,,,,,,,,,,,,,,,,,,,,,,,,,,,,28,d,Time,,,1000,,mg/kg bdwt/d,Administered dose(mass),,,1000,,mg/kg/d,Administered dose(mass),,
78-42-2,"Phosphoric acid, tris(2-ethylhexyl) ester;tris (2-ethylhexyl) phosphate;Tris(2-ethylhexyl) phosphate;tris(2-ethylhexyl)ester phosphoric acid;tris(2-ethylhexyl)ester_phosphoric_acid;tris(2-ethylhexyl)phosphate;Tris(2-ethylhexyl)phosphate (TEHP)",,,,,,,,,,,,,,,,,,,,,,,,,,,,,,,,,,,,,,,,,,,,,,,,,,,,,,,,,,,,,,,,,,,,,,,,,,,,,,,,,,,,,,,,,,,,,,,,,,,,,,,,,,,,,,,,,,,,,,,,,,,,,,,,Human Health Hazards#Repeated Dose Toxicity,Repeated Dose Toxicity HESS,1993,,NOEL,OECD TG 407,False,No qualifier,Equal,,,,,,,,,,,Rat,,,,,,,,,,,,,,,,,,,,,,,,,,,,,,,,,,,,,,Basophilic Change/Regeneration/Degeneration,,,,,,,,,,,,,,,,,,,,,,,,,,,,,,,,99.7,None,,,,,,,,,,,,,,,,,,,,,,,,,,,,,,,,,,,,,,,,,,,,,,,,,,,,,,,,,,,,,,,,SD,Oral (Gavage),,,,,,,,,,,,,,,,Renal tubule (Distal/Collecting duct),,,,,,Female,Main,"National Institute of Health Sciences, Japan",Kidney,RDT,Research Institute for Animal Science in Biochemistry & Toxicology,Histopathological findings,1000,mg/kg bdwt/d,Administered dose(mass),30,mg/kg bdwt/d,Administered dose(mass),0,d,Time,,,,,,,,,,,,,,,,,,,,,,,,,,,,,,,,,,,,,,,,,,,,,,,,,,,,,,,,,,,,,,,28,d,Time,,,1000,,mg/kg bdwt/d,Administered dose(mass),,,1000,,mg/kg/d,Administered dose(mass),,
78-42-2,"Phosphoric acid, tris(2-ethylhexyl) ester;tris (2-ethylhexyl) phosphate;Tris(2-ethylhexyl) phosphate;tris(2-ethylhexyl)ester phosphoric acid;tris(2-ethylhexyl)ester_phosphoric_acid;tris(2-ethylhexyl)phosphate;Tris(2-ethylhexyl)phosphate (TEHP)",,,,,,,,,,,,,,,,,,,,,,,,,,,,,,,,,,,,,,,,,,,,,,,,,,,,,,,,,,,,,,,,,,,,,,,,,,,,,,,,,,,,,,,,,,,,,,,,,,,,,,,,,,,,,,,,,,,,,,,,,,,,,,,,Human Health Hazards#Repeated Dose Toxicity,Repeated Dose Toxicity HESS,1993,,NOEL,OECD TG 407,False,No qualifier,Equal,,,,,,,,,,,Rat,,,,,,,,,,,,,,,,,,,,,,,,,,,,,,,,,,,,,,Basophilic Change/Regeneration/Degeneration,,,,,,,,,,,,,,,,,,,,,,,,,,,,,,,,99.7,None,,,,,,,,,,,,,,,,,,,,,,,,,,,,,,,,,,,,,,,,,,,,,,,,,,,,,,,,,,,,,,,,SD,Oral (Gavage),,,,,,,,,,,,,,,,Renal tubule (Proximal),,,,,,Female,Main,"National Institute of Health Sciences, Japan",Kidney,RDT,Research Institute for Animal Science in Biochemistry & Toxicology,Histopathological findings,1000,mg/kg bdwt/d,Administered dose(mass),30,mg/kg bdwt/d,Administered dose(mass),0,d,Time,,,,,,,,,,,,,,,,,,,,,,,,,,,,,,,,,,,,,,,,,,,,,,,,,,,,,,,,,,,,,,,28,d,Time,,,1000,,mg/kg bdwt/d,Administered dose(mass),,,1000,,mg/kg/d,Administered dose(mass),,
78-42-2,"Phosphoric acid, tris(2-ethylhexyl) ester;tris (2-ethylhexyl) phosphate;Tris(2-ethylhexyl) phosphate;tris(2-ethylhexyl)ester phosphoric acid;tris(2-ethylhexyl)ester_phosphoric_acid;tris(2-ethylhexyl)phosphate;Tris(2-ethylhexyl)phosphate (TEHP)",,,,,,,,,,,,,,,,,,,,,,,,,,,,,,,,,,,,,,,,,,,,,,,,,,,,,,,,,,,,,,,,,,,,,,,,,,,,,,,,,,,,,,,,,,,,,,,,,,,,,,,,,,,,,,,,,,,,,,,,,,,,,,,,Human Health Hazards#Repeated Dose Toxicity,Repeated Dose Toxicity HESS,1993,,NOEL,OECD TG 407,False,No qualifier,Equal,,,,,,,,,,,Rat,,,,,,,,,,,,,,,,,,,,,,,,,,,,,,,,,,,,,,Basophilic Change/Regeneration/Degeneration,,,,,,,,,,,,,,,,,,,,,,,,,,,,,,,,99.7,None,,,,,,,,,,,,,,,,,,,,,,,,,,,,,,,,,,,,,,,,,,,,,,,,,,,,,,,,,,,,,,,,SD,Oral (Gavage),,,,,,,,,,,,,,,,Renal tubule (Other),,,,,,Male,Main,"National Institute of Health Sciences, Japan",Kidney,RDT,Research Institute for Animal Science in Biochemistry & Toxicology,Histopathological findings,1000,mg/kg bdwt/d,Administered dose(mass),30,mg/kg bdwt/d,Administered dose(mass),0,d,Time,,,,,,,,,,,,,,,,,,,,,,,,,,,,,,,,,,,,,,,,,,,,,,,,,,,,,,,,,,,,,,,28,d,Time,,,1000,,mg/kg bdwt/d,Administered dose(mass),,,1000,,mg/kg/d,Administered dose(mass),,
78-42-2,"Phosphoric acid, tris(2-ethylhexyl) ester;tris (2-ethylhexyl) phosphate;Tris(2-ethylhexyl) phosphate;tris(2-ethylhexyl)ester phosphoric acid;tris(2-ethylhexyl)ester_phosphoric_acid;tris(2-ethylhexyl)phosphate;Tris(2-ethylhexyl)phosphate (TEHP)",,,,,,,,,,,,,,,,,,,,,,,,,,,,,,,,,,,,,,,,,,,,,,,,,,,,,,,,,,,,,,,,,,,,,,,,,,,,,,,,,,,,,,,,,,,,,,,,,,,,,,,,,,,,,,,,,,,,,,,,,,,,,,,,Human Health Hazards#Repeated Dose Toxicity,Repeated Dose Toxicity HESS,1993,,NOEL,OECD TG 407,False,No qualifier,Equal,,,,,,,,,,,Rat,,,,,,,,,,,,,,,,,,,,,,,,,,,,,,,,,,,,,,Basophilic Change/Regeneration/Degeneration,,,,,,,,,,,,,,,,,,,,,,,,,,,,,,,,99.7,None,,,,,,,,,,,,,,,,,,,,,,,,,,,,,,,,,,,,,,,,,,,,,,,,,,,,,,,,,,,,,,,,SD,Oral (Gavage),,,,,,,,,,,,,,,,Renal tubule (Distal/Collecting duct),,,,,,Male,Main,"National Institute of Health Sciences, Japan",Kidney,RDT,Research Institute for Animal Science in Biochemistry & Toxicology,Histopathological findings,1000,mg/kg bdwt/d,Administered dose(mass),30,mg/kg bdwt/d,Administered dose(mass),0,d,Time,,,,,,,,,,,,,,,,,,,,,,,,,,,,,,,,,,,,,,,,,,,,,,,,,,,,,,,,,,,,,,,28,d,Time,,,1000,,mg/kg bdwt/d,Administered dose(mass),,,1000,,mg/kg/d,Administered dose(mass),,
78-42-2,"Phosphoric acid, tris(2-ethylhexyl) ester;tris (2-ethylhexyl) phosphate;Tris(2-ethylhexyl) phosphate;tris(2-ethylhexyl)ester phosphoric acid;tris(2-ethylhexyl)ester_phosphoric_acid;tris(2-ethylhexyl)phosphate;Tris(2-ethylhexyl)phosphate (TEHP)",,,,,,,,,,,,,,,,,,,,,,,,,,,,,,,,,,,,,,,,,,,,,,,,,,,,,,,,,,,,,,,,,,,,,,,,,,,,,,,,,,,,,,,,,,,,,,,,,,,,,,,,,,,,,,,,,,,,,,,,,,,,,,,,Human Health Hazards#Repeated Dose Toxicity,Repeated Dose Toxicity HESS,1993,,NOEL,OECD TG 407,False,No qualifier,Equal,,,,,,,,,,,Rat,,,,,,,,,,,,,,,,,,,,,,,,,,,,,,,,,,,,,,Basophilic Change/Regeneration/Degeneration,,,,,,,,,,,,,,,,,,,,,,,,,,,,,,,,99.7,None,,,,,,,,,,,,,,,,,,,,,,,,,,,,,,,,,,,,,,,,,,,,,,,,,,,,,,,,,,,,,,,,SD,Oral (Gavage),,,,,,,,,,,,,,,,Renal tubule (Proximal),,,,,,Male,Main,"National Institute of Health Sciences, Japan",Kidney,RDT,Research Institute for Animal Science in Biochemistry & Toxicology,Histopathological findings,1000,mg/kg bdwt/d,Administered dose(mass),30,mg/kg bdwt/d,Administered dose(mass),0,d,Time,,,,,,,,,,,,,,,,,,,,,,,,,,,,,,,,,,,,,,,,,,,,,,,,,,,,,,,,,,,,,,,28,d,Time,,,1000,,mg/kg bdwt/d,Administered dose(mass),,,1000,,mg/kg/d,Administered dose(mass),,
78-42-2,"Phosphoric acid, tris(2-ethylhexyl) ester;tris (2-ethylhexyl) phosphate;Tris(2-ethylhexyl) phosphate;tris(2-ethylhexyl)ester phosphoric acid;tris(2-ethylhexyl)ester_phosphoric_acid;tris(2-ethylhexyl)phosphate;Tris(2-ethylhexyl)phosphate (TEHP)",,,,,,,,,,,,,,,,,,,,,,,,,,,,,,,,,,,,,,,,,,,,,,,,,,,,,,,,,,,,,,,,,,,,,,,,,,,,,,,,,,,,,,,,,,,,,,,,,,,,,,,,,,,,,,,,,,,,,,,,,,,,,,,,Human Health Hazards#Repeated Dose Toxicity,Repeated Dose Toxicity HESS,1993,,NOEL,OECD TG 407,False,No qualifier,Equal,,,,,,,,,,,Rat,,,,,,,,,,,,,,,,,,,,,,,,,,,,,,,,,,,,,,Casts,,,,,,,,,,,,,,,,,,,,,,,,,,,,,,,,99.7,None,,,,,,,,,,,,,,,,,,,,,,,,,,,,,,,,,,,,,,,,,,,,,,,,,,,,,,,,,,,,,,,,SD,Oral (Gavage),,,,,,,,,,,,,,,,Renal tubule (Other),,,,,,Female,Main,"National Institute of Health Sciences, Japan",Kidney,RDT,Research Institute for Animal Science in Biochemistry & Toxicology,Histopathological findings,1000,mg/kg bdwt/d,Administered dose(mass),30,mg/kg bdwt/d,Administered dose(mass),0,d,Time,,,,,,,,,,,,,,,,,,,,,,,,,,,,,,,,,,,,,,,,,,,,,,,,,,,,,,,,,,,,,,,28,d,Time,,,1000,,mg/kg bdwt/d,Administered dose(mass),,,1000,,mg/kg/d,Administered dose(mass),,
78-42-2,"Phosphoric acid, tris(2-ethylhexyl) ester;tris (2-ethylhexyl) phosphate;Tris(2-ethylhexyl) phosphate;tris(2-ethylhexyl)ester phosphoric acid;tris(2-ethylhexyl)ester_phosphoric_acid;tris(2-ethylhexyl)phosphate;Tris(2-ethylhexyl)phosphate (TEHP)",,,,,,,,,,,,,,,,,,,,,,,,,,,,,,,,,,,,,,,,,,,,,,,,,,,,,,,,,,,,,,,,,,,,,,,,,,,,,,,,,,,,,,,,,,,,,,,,,,,,,,,,,,,,,,,,,,,,,,,,,,,,,,,,Human Health Hazards#Repeated Dose Toxicity,Repeated Dose Toxicity HESS,1993,,NOEL,OECD TG 407,False,No qualifier,Equal,,,,,,,,,,,Rat,,,,,,,,,,,,,,,,,,,,,,,,,,,,,,,,,,,,,,Casts,,,,,,,,,,,,,,,,,,,,,,,,,,,,,,,,99.7,None,,,,,,,,,,,,,,,,,,,,,,,,,,,,,,,,,,,,,,,,,,,,,,,,,,,,,,,,,,,,,,,,SD,Oral (Gavage),,,,,,,,,,,,,,,,Renal tubule (Distal/Collecting duct),,,,,,Female,Main,"National Institute of Health Sciences, Japan",Kidney,RDT,Research Institute for Animal Science in Biochemistry & Toxicology,Histopathological findings,1000,mg/kg bdwt/d,Administered dose(mass),30,mg/kg bdwt/d,Administered dose(mass),0,d,Time,,,,,,,,,,,,,,,,,,,,,,,,,,,,,,,,,,,,,,,,,,,,,,,,,,,,,,,,,,,,,,,28,d,Time,,,1000,,mg/kg bdwt/d,Administered dose(mass),,,1000,,mg/kg/d,Administered dose(mass),,
78-42-2,"Phosphoric acid, tris(2-ethylhexyl) ester;tris (2-ethylhexyl) phosphate;Tris(2-ethylhexyl) phosphate;tris(2-ethylhexyl)ester phosphoric acid;tris(2-ethylhexyl)ester_phosphoric_acid;tris(2-ethylhexyl)phosphate;Tris(2-ethylhexyl)phosphate (TEHP)",,,,,,,,,,,,,,,,,,,,,,,,,,,,,,,,,,,,,,,,,,,,,,,,,,,,,,,,,,,,,,,,,,,,,,,,,,,,,,,,,,,,,,,,,,,,,,,,,,,,,,,,,,,,,,,,,,,,,,,,,,,,,,,,Human Health Hazards#Repeated Dose Toxicity,Repeated Dose Toxicity HESS,1993,,NOEL,OECD TG 407,False,No qualifier,Equal,,,,,,,,,,,Rat,,,,,,,,,,,,,,,,,,,,,,,,,,,,,,,,,,,,,,Casts,,,,,,,,,,,,,,,,,,,,,,,,,,,,,,,,99.7,None,,,,,,,,,,,,,,,,,,,,,,,,,,,,,,,,,,,,,,,,,,,,,,,,,,,,,,,,,,,,,,,,SD,Oral (Gavage),,,,,,,,,,,,,,,,Renal tubule (Proximal),,,,,,Female,Main,"National Institute of Health Sciences, Japan",Kidney,RDT,Research Institute for Animal Science in Biochemistry & Toxicology,Histopathological findings,1000,mg/kg bdwt/d,Administered dose(mass),30,mg/kg bdwt/d,Administered dose(mass),0,d,Time,,,,,,,,,,,,,,,,,,,,,,,,,,,,,,,,,,,,,,,,,,,,,,,,,,,,,,,,,,,,,,,28,d,Time,,,1000,,mg/kg bdwt/d,Administered dose(mass),,,1000,,mg/kg/d,Administered dose(mass),,
78-42-2,"Phosphoric acid, tris(2-ethylhexyl) ester;tris (2-ethylhexyl) phosphate;Tris(2-ethylhexyl) phosphate;tris(2-ethylhexyl)ester phosphoric acid;tris(2-ethylhexyl)ester_phosphoric_acid;tris(2-ethylhexyl)phosphate;Tris(2-ethylhexyl)phosphate (TEHP)",,,,,,,,,,,,,,,,,,,,,,,,,,,,,,,,,,,,,,,,,,,,,,,,,,,,,,,,,,,,,,,,,,,,,,,,,,,,,,,,,,,,,,,,,,,,,,,,,,,,,,,,,,,,,,,,,,,,,,,,,,,,,,,,Human Health Hazards#Repeated Dose Toxicity,Repeated Dose Toxicity HESS,1993,,NOEL,OECD TG 407,False,No qualifier,Equal,,,,,,,,,,,Rat,,,,,,,,,,,,,,,,,,,,,,,,,,,,,,,,,,,,,,Casts,,,,,,,,,,,,,,,,,,,,,,,,,,,,,,,,99.7,None,,,,,,,,,,,,,,,,,,,,,,,,,,,,,,,,,,,,,,,,,,,,,,,,,,,,,,,,,,,,,,,,SD,Oral (Gavage),,,,,,,,,,,,,,,,Renal tubule (Other),,,,,,Male,Main,"National Institute of Health Sciences, Japan",Kidney,RDT,Research Institute for Animal Science in Biochemistry & Toxicology,Histopathological findings,1000,mg/kg bdwt/d,Administered dose(mass),30,mg/kg bdwt/d,Administered dose(mass),0,d,Time,,,,,,,,,,,,,,,,,,,,,,,,,,,,,,,,,,,,,,,,,,,,,,,,,,,,,,,,,,,,,,,28,d,Time,,,1000,,mg/kg bdwt/d,Administered dose(mass),,,1000,,mg/kg/d,Administered dose(mass),,
78-42-2,"Phosphoric acid, tris(2-ethylhexyl) ester;tris (2-ethylhexyl) phosphate;Tris(2-ethylhexyl) phosphate;tris(2-ethylhexyl)ester phosphoric acid;tris(2-ethylhexyl)ester_phosphoric_acid;tris(2-ethylhexyl)phosphate;Tris(2-ethylhexyl)phosphate (TEHP)",,,,,,,,,,,,,,,,,,,,,,,,,,,,,,,,,,,,,,,,,,,,,,,,,,,,,,,,,,,,,,,,,,,,,,,,,,,,,,,,,,,,,,,,,,,,,,,,,,,,,,,,,,,,,,,,,,,,,,,,,,,,,,,,Human Health Hazards#Repeated Dose Toxicity,Repeated Dose Toxicity HESS,1993,,NOEL,OECD TG 407,False,No qualifier,Equal,,,,,,,,,,,Rat,,,,,,,,,,,,,,,,,,,,,,,,,,,,,,,,,,,,,,Casts,,,,,,,,,,,,,,,,,,,,,,,,,,,,,,,,99.7,None,,,,,,,,,,,,,,,,,,,,,,,,,,,,,,,,,,,,,,,,,,,,,,,,,,,,,,,,,,,,,,,,SD,Oral (Gavage),,,,,,,,,,,,,,,,Renal tubule (Distal/Collecting duct),,,,,,Male,Main,"National Institute of Health Sciences, Japan",Kidney,RDT,Research Institute for Animal Science in Biochemistry & Toxicology,Histopathological findings,1000,mg/kg bdwt/d,Administered dose(mass),30,mg/kg bdwt/d,Administered dose(mass),0,d,Time,,,,,,,,,,,,,,,,,,,,,,,,,,,,,,,,,,,,,,,,,,,,,,,,,,,,,,,,,,,,,,,28,d,Time,,,1000,,mg/kg bdwt/d,Administered dose(mass),,,1000,,mg/kg/d,Administered dose(mass),,
78-42-2,"Phosphoric acid, tris(2-ethylhexyl) ester;tris (2-ethylhexyl) phosphate;Tris(2-ethylhexyl) phosphate;tris(2-ethylhexyl)ester phosphoric acid;tris(2-ethylhexyl)ester_phosphoric_acid;tris(2-ethylhexyl)phosphate;Tris(2-ethylhexyl)phosphate (TEHP)",,,,,,,,,,,,,,,,,,,,,,,,,,,,,,,,,,,,,,,,,,,,,,,,,,,,,,,,,,,,,,,,,,,,,,,,,,,,,,,,,,,,,,,,,,,,,,,,,,,,,,,,,,,,,,,,,,,,,,,,,,,,,,,,Human Health Hazards#Repeated Dose Toxicity,Repeated Dose Toxicity HESS,1993,,NOEL,OECD TG 407,False,No qualifier,Equal,,,,,,,,,,,Rat,,,,,,,,,,,,,,,,,,,,,,,,,,,,,,,,,,,,,,Casts,,,,,,,,,,,,,,,,,,,,,,,,,,,,,,,,99.7,None,,,,,,,,,,,,,,,,,,,,,,,,,,,,,,,,,,,,,,,,,,,,,,,,,,,,,,,,,,,,,,,,SD,Oral (Gavage),,,,,,,,,,,,,,,,Renal tubule (Proximal),,,,,,Male,Main,"National Institute of Health Sciences, Japan",Kidney,RDT,Research Institute for Animal Science in Biochemistry & Toxicology,Histopathological findings,1000,mg/kg bdwt/d,Administered dose(mass),30,mg/kg bdwt/d,Administered dose(mass),0,d,Time,,,,,,,,,,,,,,,,,,,,,,,,,,,,,,,,,,,,,,,,,,,,,,,,,,,,,,,,,,,,,,,28,d,Time,,,1000,,mg/kg bdwt/d,Administered dose(mass),,,1000,,mg/kg/d,Administered dose(mass),,
78-42-2,"Phosphoric acid, tris(2-ethylhexyl) ester;tris (2-ethylhexyl) phosphate;Tris(2-ethylhexyl) phosphate;tris(2-ethylhexyl)ester phosphoric acid;tris(2-ethylhexyl)ester_phosphoric_acid;tris(2-ethylhexyl)phosphate;Tris(2-ethylhexyl)phosphate (TEHP)",,,,,,,,,,,,,,,,,,,,,,,,,,,,,,,,,,,,,,,,,,,,,,,,,,,,,,,,,,,,,,,,,,,,,,,,,,,,,,,,,,,,,,,,,,,,,,,,,,,,,,,,,,,,,,,,,,,,,,,,,,,,,,,,Human Health Hazards#Repeated Dose Toxicity,Repeated Dose Toxicity HESS,1993,,NOEL,OECD TG 407,False,No qualifier,Equal,,,,,,,,,,,Rat,,,,,,,,,,,,,,,,,,,,,,,,,,,,,,,,,,,,,,Cell Infiltration/Inflamation,,,,,,,,,,,,,,,,,,,,,,,,,,,,,,,,99.7,None,,,,,,,,,,,,,,,,,,,,,,,,,,,,,,,,,,,,,,,,,,,,,,,,,,,,,,,,,,,,,,,,SD,Oral (Gavage),,,,,,,,,,,,,,,,,,,,,,Female,Main,"National Institute of Health Sciences, Japan",Kidney,RDT,Research Institute for Animal Science in Biochemistry & Toxicology,Histopathological findings,1000,mg/kg bdwt/d,Administered dose(mass),30,mg/kg bdwt/d,Administered dose(mass),0,d,Time,,,,,,,,,,,,,,,,,,,,,,,,,,,,,,,,,,,,,,,,,,,,,,,,,,,,,,,,,,,,,,,28,d,Time,,,1000,,mg/kg bdwt/d,Administered dose(mass),,,1000,,mg/kg/d,Administered dose(mass),,
78-42-2,"Phosphoric acid, tris(2-ethylhexyl) ester;tris (2-ethylhexyl) phosphate;Tris(2-ethylhexyl) phosphate;tris(2-ethylhexyl)ester phosphoric acid;tris(2-ethylhexyl)ester_phosphoric_acid;tris(2-ethylhexyl)phosphate;Tris(2-ethylhexyl)phosphate (TEHP)",,,,,,,,,,,,,,,,,,,,,,,,,,,,,,,,,,,,,,,,,,,,,,,,,,,,,,,,,,,,,,,,,,,,,,,,,,,,,,,,,,,,,,,,,,,,,,,,,,,,,,,,,,,,,,,,,,,,,,,,,,,,,,,,Human Health Hazards#Repeated Dose Toxicity,Repeated Dose Toxicity HESS,1993,,NOEL,OECD TG 407,False,No qualifier,Equal,,,,,,,,,,,Rat,,,,,,,,,,,,,,,,,,,,,,,,,,,,,,,,,,,,,,Cell Infiltration/Inflamation,,,,,,,,,,,,,,,,,,,,,,,,,,,,,,,,99.7,None,,,,,,,,,,,,,,,,,,,,,,,,,,,,,,,,,,,,,,,,,,,,,,,,,,,,,,,,,,,,,,,,SD,Oral (Gavage),,,,,,,,,,,,,,,,,,,,,,Male,Main,"National Institute of Health Sciences, Japan",Kidney,RDT,Research Institute for Animal Science in Biochemistry & Toxicology,Histopathological findings,1000,mg/kg bdwt/d,Administered dose(mass),30,mg/kg bdwt/d,Administered dose(mass),0,d,Time,,,,,,,,,,,,,,,,,,,,,,,,,,,,,,,,,,,,,,,,,,,,,,,,,,,,,,,,,,,,,,,28,d,Time,,,1000,,mg/kg bdwt/d,Administered dose(mass),,,1000,,mg/kg/d,Administered dose(mass),,
78-42-2,"Phosphoric acid, tris(2-ethylhexyl) ester;tris (2-ethylhexyl) phosphate;Tris(2-ethylhexyl) phosphate;tris(2-ethylhexyl)ester phosphoric acid;tris(2-ethylhexyl)ester_phosphoric_acid;tris(2-ethylhexyl)phosphate;Tris(2-ethylhexyl)phosphate (TEHP)",,,,,,,,,,,,,,,,,,,,,,,,,,,,,,,,,,,,,,,,,,,,,,,,,,,,,,,,,,,,,,,,,,,,,,,,,,,,,,,,,,,,,,,,,,,,,,,,,,,,,,,,,,,,,,,,,,,,,,,,,,,,,,,,Human Health Hazards#Repeated Dose Toxicity,Repeated Dose Toxicity HESS,1993,,NOEL,OECD TG 407,False,No qualifier,Equal,,,,,,,,,,,Rat,,,,,,,,,,,,,,,,,,,,,,,,,,,,,,,,,,,,,,Desquamation Tubular Epithelium Cell,,,,,,,,,,,,,,,,,,,,,,,,,,,,,,,,99.7,None,,,,,,,,,,,,,,,,,,,,,,,,,,,,,,,,,,,,,,,,,,,,,,,,,,,,,,,,,,,,,,,,SD,Oral (Gavage),,,,,,,,,,,,,,,,Renal tubule (Other),,,,,,Female,Main,"National Institute of Health Sciences, Japan",Kidney,RDT,Research Institute for Animal Science in Biochemistry & Toxicology,Histopathological findings,1000,mg/kg bdwt/d,Administered dose(mass),30,mg/kg bdwt/d,Administered dose(mass),0,d,Time,,,,,,,,,,,,,,,,,,,,,,,,,,,,,,,,,,,,,,,,,,,,,,,,,,,,,,,,,,,,,,,28,d,Time,,,1000,,mg/kg bdwt/d,Administered dose(mass),,,1000,,mg/kg/d,Administered dose(mass),,
78-42-2,"Phosphoric acid, tris(2-ethylhexyl) ester;tris (2-ethylhexyl) phosphate;Tris(2-ethylhexyl) phosphate;tris(2-ethylhexyl)ester phosphoric acid;tris(2-ethylhexyl)ester_phosphoric_acid;tris(2-ethylhexyl)phosphate;Tris(2-ethylhexyl)phosphate (TEHP)",,,,,,,,,,,,,,,,,,,,,,,,,,,,,,,,,,,,,,,,,,,,,,,,,,,,,,,,,,,,,,,,,,,,,,,,,,,,,,,,,,,,,,,,,,,,,,,,,,,,,,,,,,,,,,,,,,,,,,,,,,,,,,,,Human Health Hazards#Repeated Dose Toxicity,Repeated Dose Toxicity HESS,1993,,NOEL,OECD TG 407,False,No qualifier,Equal,,,,,,,,,,,Rat,,,,,,,,,,,,,,,,,,,,,,,,,,,,,,,,,,,,,,Desquamation Tubular Epithelium Cell,,,,,,,,,,,,,,,,,,,,,,,,,,,,,,,,99.7,None,,,,,,,,,,,,,,,,,,,,,,,,,,,,,,,,,,,,,,,,,,,,,,,,,,,,,,,,,,,,,,,,SD,Oral (Gavage),,,,,,,,,,,,,,,,Renal tubule (Distal/Collecting duct),,,,,,Female,Main,"National Institute of Health Sciences, Japan",Kidney,RDT,Research Institute for Animal Science in Biochemistry & Toxicology,Histopathological findings,1000,mg/kg bdwt/d,Administered dose(mass),30,mg/kg bdwt/d,Administered dose(mass),0,d,Time,,,,,,,,,,,,,,,,,,,,,,,,,,,,,,,,,,,,,,,,,,,,,,,,,,,,,,,,,,,,,,,28,d,Time,,,1000,,mg/kg bdwt/d,Administered dose(mass),,,1000,,mg/kg/d,Administered dose(mass),,
78-42-2,"Phosphoric acid, tris(2-ethylhexyl) ester;tris (2-ethylhexyl) phosphate;Tris(2-ethylhexyl) phosphate;tris(2-ethylhexyl)ester phosphoric acid;tris(2-ethylhexyl)ester_phosphoric_acid;tris(2-ethylhexyl)phosphate;Tris(2-ethylhexyl)phosphate (TEHP)",,,,,,,,,,,,,,,,,,,,,,,,,,,,,,,,,,,,,,,,,,,,,,,,,,,,,,,,,,,,,,,,,,,,,,,,,,,,,,,,,,,,,,,,,,,,,,,,,,,,,,,,,,,,,,,,,,,,,,,,,,,,,,,,Human Health Hazards#Repeated Dose Toxicity,Repeated Dose Toxicity HESS,1993,,NOEL,OECD TG 407,False,No qualifier,Equal,,,,,,,,,,,Rat,,,,,,,,,,,,,,,,,,,,,,,,,,,,,,,,,,,,,,Desquamation Tubular Epithelium Cell,,,,,,,,,,,,,,,,,,,,,,,,,,,,,,,,99.7,None,,,,,,,,,,,,,,,,,,,,,,,,,,,,,,,,,,,,,,,,,,,,,,,,,,,,,,,,,,,,,,,,SD,Oral (Gavage),,,,,,,,,,,,,,,,Renal tubule (Proximal),,,,,,Female,Main,"National Institute of Health Sciences, Japan",Kidney,RDT,Research Institute for Animal Science in Biochemistry & Toxicology,Histopathological findings,1000,mg/kg bdwt/d,Administered dose(mass),30,mg/kg bdwt/d,Administered dose(mass),0,d,Time,,,,,,,,,,,,,,,,,,,,,,,,,,,,,,,,,,,,,,,,,,,,,,,,,,,,,,,,,,,,,,,28,d,Time,,,1000,,mg/kg bdwt/d,Administered dose(mass),,,1000,,mg/kg/d,Administered dose(mass),,
78-42-2,"Phosphoric acid, tris(2-ethylhexyl) ester;tris (2-ethylhexyl) phosphate;Tris(2-ethylhexyl) phosphate;tris(2-ethylhexyl)ester phosphoric acid;tris(2-ethylhexyl)ester_phosphoric_acid;tris(2-ethylhexyl)phosphate;Tris(2-ethylhexyl)phosphate (TEHP)",,,,,,,,,,,,,,,,,,,,,,,,,,,,,,,,,,,,,,,,,,,,,,,,,,,,,,,,,,,,,,,,,,,,,,,,,,,,,,,,,,,,,,,,,,,,,,,,,,,,,,,,,,,,,,,,,,,,,,,,,,,,,,,,Human Health Hazards#Repeated Dose Toxicity,Repeated Dose Toxicity HESS,1993,,NOEL,OECD TG 407,False,No qualifier,Equal,,,,,,,,,,,Rat,,,,,,,,,,,,,,,,,,,,,,,,,,,,,,,,,,,,,,Desquamation Tubular Epithelium Cell,,,,,,,,,,,,,,,,,,,,,,,,,,,,,,,,99.7,None,,,,,,,,,,,,,,,,,,,,,,,,,,,,,,,,,,,,,,,,,,,,,,,,,,,,,,,,,,,,,,,,SD,Oral (Gavage),,,,,,,,,,,,,,,,Renal tubule (Other),,,,,,Male,Main,"National Institute of Health Sciences, Japan",Kidney,RDT,Research Institute for Animal Science in Biochemistry & Toxicology,Histopathological findings,1000,mg/kg bdwt/d,Administered dose(mass),30,mg/kg bdwt/d,Administered dose(mass),0,d,Time,,,,,,,,,,,,,,,,,,,,,,,,,,,,,,,,,,,,,,,,,,,,,,,,,,,,,,,,,,,,,,,28,d,Time,,,1000,,mg/kg bdwt/d,Administered dose(mass),,,1000,,mg/kg/d,Administered dose(mass),,
78-42-2,"Phosphoric acid, tris(2-ethylhexyl) ester;tris (2-ethylhexyl) phosphate;Tris(2-ethylhexyl) phosphate;tris(2-ethylhexyl)ester phosphoric acid;tris(2-ethylhexyl)ester_phosphoric_acid;tris(2-ethylhexyl)phosphate;Tris(2-ethylhexyl)phosphate (TEHP)",,,,,,,,,,,,,,,,,,,,,,,,,,,,,,,,,,,,,,,,,,,,,,,,,,,,,,,,,,,,,,,,,,,,,,,,,,,,,,,,,,,,,,,,,,,,,,,,,,,,,,,,,,,,,,,,,,,,,,,,,,,,,,,,Human Health Hazards#Repeated Dose Toxicity,Repeated Dose Toxicity HESS,1993,,NOEL,OECD TG 407,False,No qualifier,Equal,,,,,,,,,,,Rat,,,,,,,,,,,,,,,,,,,,,,,,,,,,,,,,,,,,,,Desquamation Tubular Epithelium Cell,,,,,,,,,,,,,,,,,,,,,,,,,,,,,,,,99.7,None,,,,,,,,,,,,,,,,,,,,,,,,,,,,,,,,,,,,,,,,,,,,,,,,,,,,,,,,,,,,,,,,SD,Oral (Gavage),,,,,,,,,,,,,,,,Renal tubule (Distal/Collecting duct),,,,,,Male,Main,"National Institute of Health Sciences, Japan",Kidney,RDT,Research Institute for Animal Science in Biochemistry & Toxicology,Histopathological findings,1000,mg/kg bdwt/d,Administered dose(mass),30,mg/kg bdwt/d,Administered dose(mass),0,d,Time,,,,,,,,,,,,,,,,,,,,,,,,,,,,,,,,,,,,,,,,,,,,,,,,,,,,,,,,,,,,,,,28,d,Time,,,1000,,mg/kg bdwt/d,Administered dose(mass),,,1000,,mg/kg/d,Administered dose(mass),,
78-42-2,"Phosphoric acid, tris(2-ethylhexyl) ester;tris (2-ethylhexyl) phosphate;Tris(2-ethylhexyl) phosphate;tris(2-ethylhexyl)ester phosphoric acid;tris(2-ethylhexyl)ester_phosphoric_acid;tris(2-ethylhexyl)phosphate;Tris(2-ethylhexyl)phosphate (TEHP)",,,,,,,,,,,,,,,,,,,,,,,,,,,,,,,,,,,,,,,,,,,,,,,,,,,,,,,,,,,,,,,,,,,,,,,,,,,,,,,,,,,,,,,,,,,,,,,,,,,,,,,,,,,,,,,,,,,,,,,,,,,,,,,,Human Health Hazards#Repeated Dose Toxicity,Repeated Dose Toxicity HESS,1993,,NOEL,OECD TG 407,False,No qualifier,Equal,,,,,,,,,,,Rat,,,,,,,,,,,,,,,,,,,,,,,,,,,,,,,,,,,,,,Desquamation Tubular Epithelium Cell,,,,,,,,,,,,,,,,,,,,,,,,,,,,,,,,99.7,None,,,,,,,,,,,,,,,,,,,,,,,,,,,,,,,,,,,,,,,,,,,,,,,,,,,,,,,,,,,,,,,,SD,Oral (Gavage),,,,,,,,,,,,,,,,Renal tubule (Proximal),,,,,,Male,Main,"National Institute of Health Sciences, Japan",Kidney,RDT,Research Institute for Animal Science in Biochemistry & Toxicology,Histopathological findings,1000,mg/kg bdwt/d,Administered dose(mass),30,mg/kg bdwt/d,Administered dose(mass),0,d,Time,,,,,,,,,,,,,,,,,,,,,,,,,,,,,,,,,,,,,,,,,,,,,,,,,,,,,,,,,,,,,,,28,d,Time,,,1000,,mg/kg bdwt/d,Administered dose(mass),,,1000,,mg/kg/d,Administered dose(mass),,
78-42-2,"Phosphoric acid, tris(2-ethylhexyl) ester;tris (2-ethylhexyl) phosphate;Tris(2-ethylhexyl) phosphate;tris(2-ethylhexyl)ester phosphoric acid;tris(2-ethylhexyl)ester_phosphoric_acid;tris(2-ethylhexyl)phosphate;Tris(2-ethylhexyl)phosphate (TEHP)",,,,,,,,,,,,,,,,,,,,,,,,,,,,,,,,,,,,,,,,,,,,,,,,,,,,,,,,,,,,,,,,,,,,,,,,,,,,,,,,,,,,,,,,,,,,,,,,,,,,,,,,,,,,,,,,,,,,,,,,,,,,,,,,Human Health Hazards#Repeated Dose Toxicity,Repeated Dose Toxicity HESS,1993,,NOEL,OECD TG 407,False,No qualifier,Equal,,,,,,,,,,,Rat,,,,,,,,,,,,,,,,,,,,,,,,,,,,,,,,,,,,,,Dilatation,,,,,,,,,,,,,,,,,,,,,,,,,,,,,,,,99.7,None,,,,,,,,,,,,,,,,,,,,,,,,,,,,,,,,,,,,,,,,,,,,,,,,,,,,,,,,,,,,,,,,SD,Oral (Gavage),,,,,,,,,,,,,,,,Renal tubule (Distal/Collecting duct),,,,,,Female,Main,"National Institute of Health Sciences, Japan",Kidney,RDT,Research Institute for Animal Science in Biochemistry & Toxicology,Histopathological findings,1000,mg/kg bdwt/d,Administered dose(mass),30,mg/kg bdwt/d,Administered dose(mass),0,d,Time,,,,,,,,,,,,,,,,,,,,,,,,,,,,,,,,,,,,,,,,,,,,,,,,,,,,,,,,,,,,,,,28,d,Time,,,1000,,mg/kg bdwt/d,Administered dose(mass),,,1000,,mg/kg/d,Administered dose(mass),,
78-42-2,"Phosphoric acid, tris(2-ethylhexyl) ester;tris (2-ethylhexyl) phosphate;Tris(2-ethylhexyl) phosphate;tris(2-ethylhexyl)ester phosphoric acid;tris(2-ethylhexyl)ester_phosphoric_acid;tris(2-ethylhexyl)phosphate;Tris(2-ethylhexyl)phosphate (TEHP)",,,,,,,,,,,,,,,,,,,,,,,,,,,,,,,,,,,,,,,,,,,,,,,,,,,,,,,,,,,,,,,,,,,,,,,,,,,,,,,,,,,,,,,,,,,,,,,,,,,,,,,,,,,,,,,,,,,,,,,,,,,,,,,,Human Health Hazards#Repeated Dose Toxicity,Repeated Dose Toxicity HESS,1993,,NOEL,OECD TG 407,False,No qualifier,Equal,,,,,,,,,,,Rat,,,,,,,,,,,,,,,,,,,,,,,,,,,,,,,,,,,,,,Dilatation,,,,,,,,,,,,,,,,,,,,,,,,,,,,,,,,99.7,None,,,,,,,,,,,,,,,,,,,,,,,,,,,,,,,,,,,,,,,,,,,,,,,,,,,,,,,,,,,,,,,,SD,Oral (Gavage),,,,,,,,,,,,,,,,Renal tubule (Proximal),,,,,,Female,Main,"National Institute of Health Sciences, Japan",Kidney,RDT,Research Institute for Animal Science in Biochemistry & Toxicology,Histopathological findings,1000,mg/kg bdwt/d,Administered dose(mass),30,mg/kg bdwt/d,Administered dose(mass),0,d,Time,,,,,,,,,,,,,,,,,,,,,,,,,,,,,,,,,,,,,,,,,,,,,,,,,,,,,,,,,,,,,,,28,d,Time,,,1000,,mg/kg bdwt/d,Administered dose(mass),,,1000,,mg/kg/d,Administered dose(mass),,
78-42-2,"Phosphoric acid, tris(2-ethylhexyl) ester;tris (2-ethylhexyl) phosphate;Tris(2-ethylhexyl) phosphate;tris(2-ethylhexyl)ester phosphoric acid;tris(2-ethylhexyl)ester_phosphoric_acid;tris(2-ethylhexyl)phosphate;Tris(2-ethylhexyl)phosphate (TEHP)",,,,,,,,,,,,,,,,,,,,,,,,,,,,,,,,,,,,,,,,,,,,,,,,,,,,,,,,,,,,,,,,,,,,,,,,,,,,,,,,,,,,,,,,,,,,,,,,,,,,,,,,,,,,,,,,,,,,,,,,,,,,,,,,Human Health Hazards#Repeated Dose Toxicity,Repeated Dose Toxicity HESS,1993,,NOEL,OECD TG 407,False,No qualifier,Equal,,,,,,,,,,,Rat,,,,,,,,,,,,,,,,,,,,,,,,,,,,,,,,,,,,,,Dilatation,,,,,,,,,,,,,,,,,,,,,,,,,,,,,,,,99.7,None,,,,,,,,,,,,,,,,,,,,,,,,,,,,,,,,,,,,,,,,,,,,,,,,,,,,,,,,,,,,,,,,SD,Oral (Gavage),,,,,,,,,,,,,,,,Renal tubule (Other),,,,,,Female,Main,"National Institute of Health Sciences, Japan",Kidney,RDT,Research Institute for Animal Science in Biochemistry & Toxicology,Histopathological findings,1000,mg/kg bdwt/d,Administered dose(mass),30,mg/kg bdwt/d,Administered dose(mass),0,d,Time,,,,,,,,,,,,,,,,,,,,,,,,,,,,,,,,,,,,,,,,,,,,,,,,,,,,,,,,,,,,,,,28,d,Time,,,1000,,mg/kg bdwt/d,Administered dose(mass),,,1000,,mg/kg/d,Administered dose(mass),,
78-42-2,"Phosphoric acid, tris(2-ethylhexyl) ester;tris (2-ethylhexyl) phosphate;Tris(2-ethylhexyl) phosphate;tris(2-ethylhexyl)ester phosphoric acid;tris(2-ethylhexyl)ester_phosphoric_acid;tris(2-ethylhexyl)phosphate;Tris(2-ethylhexyl)phosphate (TEHP)",,,,,,,,,,,,,,,,,,,,,,,,,,,,,,,,,,,,,,,,,,,,,,,,,,,,,,,,,,,,,,,,,,,,,,,,,,,,,,,,,,,,,,,,,,,,,,,,,,,,,,,,,,,,,,,,,,,,,,,,,,,,,,,,Human Health Hazards#Repeated Dose Toxicity,Repeated Dose Toxicity HESS,1993,,NOEL,OECD TG 407,False,No qualifier,Equal,,,,,,,,,,,Rat,,,,,,,,,,,,,,,,,,,,,,,,,,,,,,,,,,,,,,Dilatation,,,,,,,,,,,,,,,,,,,,,,,,,,,,,,,,99.7,None,,,,,,,,,,,,,,,,,,,,,,,,,,,,,,,,,,,,,,,,,,,,,,,,,,,,,,,,,,,,,,,,SD,Oral (Gavage),,,,,,,,,,,,,,,,Renal tubule (Other),,,,,,Male,Main,"National Institute of Health Sciences, Japan",Kidney,RDT,Research Institute for Animal Science in Biochemistry & Toxicology,Histopathological findings,1000,mg/kg bdwt/d,Administered dose(mass),30,mg/kg bdwt/d,Administered dose(mass),0,d,Time,,,,,,,,,,,,,,,,,,,,,,,,,,,,,,,,,,,,,,,,,,,,,,,,,,,,,,,,,,,,,,,28,d,Time,,,1000,,mg/kg bdwt/d,Administered dose(mass),,,1000,,mg/kg/d,Administered dose(mass),,
78-42-2,"Phosphoric acid, tris(2-ethylhexyl) ester;tris (2-ethylhexyl) phosphate;Tris(2-ethylhexyl) phosphate;tris(2-ethylhexyl)ester phosphoric acid;tris(2-ethylhexyl)ester_phosphoric_acid;tris(2-ethylhexyl)phosphate;Tris(2-ethylhexyl)phosphate (TEHP)",,,,,,,,,,,,,,,,,,,,,,,,,,,,,,,,,,,,,,,,,,,,,,,,,,,,,,,,,,,,,,,,,,,,,,,,,,,,,,,,,,,,,,,,,,,,,,,,,,,,,,,,,,,,,,,,,,,,,,,,,,,,,,,,Human Health Hazards#Repeated Dose Toxicity,Repeated Dose Toxicity HESS,1993,,NOEL,OECD TG 407,False,No qualifier,Equal,,,,,,,,,,,Rat,,,,,,,,,,,,,,,,,,,,,,,,,,,,,,,,,,,,,,Dilatation,,,,,,,,,,,,,,,,,,,,,,,,,,,,,,,,99.7,None,,,,,,,,,,,,,,,,,,,,,,,,,,,,,,,,,,,,,,,,,,,,,,,,,,,,,,,,,,,,,,,,SD,Oral (Gavage),,,,,,,,,,,,,,,,Renal tubule (Distal/Collecting duct),,,,,,Male,Main,"National Institute of Health Sciences, Japan",Kidney,RDT,Research Institute for Animal Science in Biochemistry & Toxicology,Histopathological findings,1000,mg/kg bdwt/d,Administered dose(mass),30,mg/kg bdwt/d,Administered dose(mass),0,d,Time,,,,,,,,,,,,,,,,,,,,,,,,,,,,,,,,,,,,,,,,,,,,,,,,,,,,,,,,,,,,,,,28,d,Time,,,1000,,mg/kg bdwt/d,Administered dose(mass),,,1000,,mg/kg/d,Administered dose(mass),,
78-42-2,"Phosphoric acid, tris(2-ethylhexyl) ester;tris (2-ethylhexyl) phosphate;Tris(2-ethylhexyl) phosphate;tris(2-ethylhexyl)ester phosphoric acid;tris(2-ethylhexyl)ester_phosphoric_acid;tris(2-ethylhexyl)phosphate;Tris(2-ethylhexyl)phosphate (TEHP)",,,,,,,,,,,,,,,,,,,,,,,,,,,,,,,,,,,,,,,,,,,,,,,,,,,,,,,,,,,,,,,,,,,,,,,,,,,,,,,,,,,,,,,,,,,,,,,,,,,,,,,,,,,,,,,,,,,,,,,,,,,,,,,,Human Health Hazards#Repeated Dose Toxicity,Repeated Dose Toxicity HESS,1993,,NOEL,OECD TG 407,False,No qualifier,Equal,,,,,,,,,,,Rat,,,,,,,,,,,,,,,,,,,,,,,,,,,,,,,,,,,,,,Dilatation,,,,,,,,,,,,,,,,,,,,,,,,,,,,,,,,99.7,None,,,,,,,,,,,,,,,,,,,,,,,,,,,,,,,,,,,,,,,,,,,,,,,,,,,,,,,,,,,,,,,,SD,Oral (Gavage),,,,,,,,,,,,,,,,Renal tubule (Proximal),,,,,,Male,Main,"National Institute of Health Sciences, Japan",Kidney,RDT,Research Institute for Animal Science in Biochemistry & Toxicology,Histopathological findings,1000,mg/kg bdwt/d,Administered dose(mass),30,mg/kg bdwt/d,Administered dose(mass),0,d,Time,,,,,,,,,,,,,,,,,,,,,,,,,,,,,,,,,,,,,,,,,,,,,,,,,,,,,,,,,,,,,,,28,d,Time,,,1000,,mg/kg bdwt/d,Administered dose(mass),,,1000,,mg/kg/d,Administered dose(mass),,
78-42-2,"Phosphoric acid, tris(2-ethylhexyl) ester;tris (2-ethylhexyl) phosphate;Tris(2-ethylhexyl) phosphate;tris(2-ethylhexyl)ester phosphoric acid;tris(2-ethylhexyl)ester_phosphoric_acid;tris(2-ethylhexyl)phosphate;Tris(2-ethylhexyl)phosphate (TEHP)",,,,,,,,,,,,,,,,,,,,,,,,,,,,,,,,,,,,,,,,,,,,,,,,,,,,,,,,,,,,,,,,,,,,,,,,,,,,,,,,,,,,,,,,,,,,,,,,,,,,,,,,,,,,,,,,,,,,,,,,,,,,,,,,Human Health Hazards#Repeated Dose Toxicity,Repeated Dose Toxicity HESS,1993,,NOEL,OECD TG 407,False,No qualifier,Equal,,,,,,,,,,,Rat,,,,,,,,,,,,,,,,,,,,,,,,,,,,,,,,,,,,,,Enlarged,,,,,,,,,,,,,,,,,,,,,,,,,,,,,,,,99.7,None,,,,,,,,,,,,,,,,,,,,,,,,,,,,,,,,,,,,,,,,,,,,,,,,,,,,,,,,,,,,,,,,SD,Oral (Gavage),,,,,,,,,,,,,,,,Pelvis/Papilla,,,,,,Female,Main,"National Institute of Health Sciences, Japan",Kidney,RDT,Research Institute for Animal Science in Biochemistry & Toxicology,Histopathological findings,1000,mg/kg bdwt/d,Administered dose(mass),30,mg/kg bdwt/d,Administered dose(mass),0,d,Time,,,,,,,,,,,,,,,,,,,,,,,,,,,,,,,,,,,,,,,,,,,,,,,,,,,,,,,,,,,,,,,28,d,Time,,,1000,,mg/kg bdwt/d,Administered dose(mass),,,1000,,mg/kg/d,Administered dose(mass),,
78-42-2,"Phosphoric acid, tris(2-ethylhexyl) ester;tris (2-ethylhexyl) phosphate;Tris(2-ethylhexyl) phosphate;tris(2-ethylhexyl)ester phosphoric acid;tris(2-ethylhexyl)ester_phosphoric_acid;tris(2-ethylhexyl)phosphate;Tris(2-ethylhexyl)phosphate (TEHP)",,,,,,,,,,,,,,,,,,,,,,,,,,,,,,,,,,,,,,,,,,,,,,,,,,,,,,,,,,,,,,,,,,,,,,,,,,,,,,,,,,,,,,,,,,,,,,,,,,,,,,,,,,,,,,,,,,,,,,,,,,,,,,,,Human Health Hazards#Repeated Dose Toxicity,Repeated Dose Toxicity HESS,1993,,NOEL,OECD TG 407,False,No qualifier,Equal,,,,,,,,,,,Rat,,,,,,,,,,,,,,,,,,,,,,,,,,,,,,,,,,,,,,Enlarged,,,,,,,,,,,,,,,,,,,,,,,,,,,,,,,,99.7,None,,,,,,,,,,,,,,,,,,,,,,,,,,,,,,,,,,,,,,,,,,,,,,,,,,,,,,,,,,,,,,,,SD,Oral (Gavage),,,,,,,,,,,,,,,,Pelvis/Papilla,,,,,,Male,Main,"National Institute of Health Sciences, Japan",Kidney,RDT,Research Institute for Animal Science in Biochemistry & Toxicology,Histopathological findings,1000,mg/kg bdwt/d,Administered dose(mass),30,mg/kg bdwt/d,Administered dose(mass),0,d,Time,,,,,,,,,,,,,,,,,,,,,,,,,,,,,,,,,,,,,,,,,,,,,,,,,,,,,,,,,,,,,,,28,d,Time,,,1000,,mg/kg bdwt/d,Administered dose(mass),,,1000,,mg/kg/d,Administered dose(mass),,
78-42-2,"Phosphoric acid, tris(2-ethylhexyl) ester;tris (2-ethylhexyl) phosphate;Tris(2-ethylhexyl) phosphate;tris(2-ethylhexyl)ester phosphoric acid;tris(2-ethylhexyl)ester_phosphoric_acid;tris(2-ethylhexyl)phosphate;Tris(2-ethylhexyl)phosphate (TEHP)",,,,,,,,,,,,,,,,,,,,,,,,,,,,,,,,,,,,,,,,,,,,,,,,,,,,,,,,,,,,,,,,,,,,,,,,,,,,,,,,,,,,,,,,,,,,,,,,,,,,,,,,,,,,,,,,,,,,,,,,,,,,,,,,Human Health Hazards#Repeated Dose Toxicity,Repeated Dose Toxicity HESS,1993,,NOEL,OECD TG 407,False,No qualifier,Equal,,,,,,,,,,,Rat,,,,,,,,,,,,,,,,,,,,,,,,,,,,,,,,,,,,,,Enlarged (Necropsy),,,,,,,,,,,,,,,,,,,,,,,,,,,,,,,,99.7,None,,,,,,,,,,,,,,,,,,,,,,,,,,,,,,,,,,,,,,,,,,,,,,,,,,,,,,,,,,,,,,,,SD,Oral (Gavage),,,,,,,,,,,,,,,,,,,,,,Female,Main,"National Institute of Health Sciences, Japan",Kidney,RDT,Research Institute for Animal Science in Biochemistry & Toxicology,Necropsy,1000,mg/kg bdwt/d,Administered dose(mass),30,mg/kg bdwt/d,Administered dose(mass),0,d,Time,,,,,,,,,,,,,,,,,,,,,,,,,,,,,,,,,,,,,,,,,,,,,,,,,,,,,,,,,,,,,,,28,d,Time,,,1000,,mg/kg bdwt/d,Administered dose(mass),,,1000,,mg/kg/d,Administered dose(mass),,
78-42-2,"Phosphoric acid, tris(2-ethylhexyl) ester;tris (2-ethylhexyl) phosphate;Tris(2-ethylhexyl) phosphate;tris(2-ethylhexyl)ester phosphoric acid;tris(2-ethylhexyl)ester_phosphoric_acid;tris(2-ethylhexyl)phosphate;Tris(2-ethylhexyl)phosphate (TEHP)",,,,,,,,,,,,,,,,,,,,,,,,,,,,,,,,,,,,,,,,,,,,,,,,,,,,,,,,,,,,,,,,,,,,,,,,,,,,,,,,,,,,,,,,,,,,,,,,,,,,,,,,,,,,,,,,,,,,,,,,,,,,,,,,Human Health Hazards#Repeated Dose Toxicity,Repeated Dose Toxicity HESS,1993,,NOEL,OECD TG 407,False,No qualifier,Equal,,,,,,,,,,,Rat,,,,,,,,,,,,,,,,,,,,,,,,,,,,,,,,,,,,,,Enlarged (Necropsy),,,,,,,,,,,,,,,,,,,,,,,,,,,,,,,,99.7,None,,,,,,,,,,,,,,,,,,,,,,,,,,,,,,,,,,,,,,,,,,,,,,,,,,,,,,,,,,,,,,,,SD,Oral (Gavage),,,,,,,,,,,,,,,,,,,,,,Male,Main,"National Institute of Health Sciences, Japan",Kidney,RDT,Research Institute for Animal Science in Biochemistry & Toxicology,Necropsy,1000,mg/kg bdwt/d,Administered dose(mass),30,mg/kg bdwt/d,Administered dose(mass),0,d,Time,,,,,,,,,,,,,,,,,,,,,,,,,,,,,,,,,,,,,,,,,,,,,,,,,,,,,,,,,,,,,,,28,d,Time,,,1000,,mg/kg bdwt/d,Administered dose(mass),,,1000,,mg/kg/d,Administered dose(mass),,
78-42-2,"Phosphoric acid, tris(2-ethylhexyl) ester;tris (2-ethylhexyl) phosphate;Tris(2-ethylhexyl) phosphate;tris(2-ethylhexyl)ester phosphoric acid;tris(2-ethylhexyl)ester_phosphoric_acid;tris(2-ethylhexyl)phosphate;Tris(2-ethylhexyl)phosphate (TEHP)",,,,,,,,,,,,,,,,,,,,,,,,,,,,,,,,,,,,,,,,,,,,,,,,,,,,,,,,,,,,,,,,,,,,,,,,,,,,,,,,,,,,,,,,,,,,,,,,,,,,,,,,,,,,,,,,,,,,,,,,,,,,,,,,Human Health Hazards#Repeated Dose Toxicity,Repeated Dose Toxicity HESS,1993,,NOEL,OECD TG 407,False,No qualifier,Equal,,,,,,,,,,,Rat,,,,,,,,,,,,,,,,,,,,,,,,,,,,,,,,,,,,,,Eosinophilic Body/Hyaline Droplets,,,,,,,,,,,,,,,,,,,,,,,,,,,,,,,,99.7,None,,,,,,,,,,,,,,,,,,,,,,,,,,,,,,,,,,,,,,,,,,,,,,,,,,,,,,,,,,,,,,,,SD,Oral (Gavage),,,,,,,,,,,,,,,,Renal tubule (Other),,,,,,Female,Main,"National Institute of Health Sciences, Japan",Kidney,RDT,Research Institute for Animal Science in Biochemistry & Toxicology,Histopathological findings,1000,mg/kg bdwt/d,Administered dose(mass),30,mg/kg bdwt/d,Administered dose(mass),0,d,Time,,,,,,,,,,,,,,,,,,,,,,,,,,,,,,,,,,,,,,,,,,,,,,,,,,,,,,,,,,,,,,,28,d,Time,,,1000,,mg/kg bdwt/d,Administered dose(mass),,,1000,,mg/kg/d,Administered dose(mass),,
78-42-2,"Phosphoric acid, tris(2-ethylhexyl) ester;tris (2-ethylhexyl) phosphate;Tris(2-ethylhexyl) phosphate;tris(2-ethylhexyl)ester phosphoric acid;tris(2-ethylhexyl)ester_phosphoric_acid;tris(2-ethylhexyl)phosphate;Tris(2-ethylhexyl)phosphate (TEHP)",,,,,,,,,,,,,,,,,,,,,,,,,,,,,,,,,,,,,,,,,,,,,,,,,,,,,,,,,,,,,,,,,,,,,,,,,,,,,,,,,,,,,,,,,,,,,,,,,,,,,,,,,,,,,,,,,,,,,,,,,,,,,,,,Human Health Hazards#Repeated Dose Toxicity,Repeated Dose Toxicity HESS,1993,,NOEL,OECD TG 407,False,No qualifier,Equal,,,,,,,,,,,Rat,,,,,,,,,,,,,,,,,,,,,,,,,,,,,,,,,,,,,,Eosinophilic Body/Hyaline Droplets,,,,,,,,,,,,,,,,,,,,,,,,,,,,,,,,99.7,None,,,,,,,,,,,,,,,,,,,,,,,,,,,,,,,,,,,,,,,,,,,,,,,,,,,,,,,,,,,,,,,,SD,Oral (Gavage),,,,,,,,,,,,,,,,Renal tubule (Distal/Collecting duct),,,,,,Female,Main,"National Institute of Health Sciences, Japan",Kidney,RDT,Research Institute for Animal Science in Biochemistry & Toxicology,Histopathological findings,1000,mg/kg bdwt/d,Administered dose(mass),30,mg/kg bdwt/d,Administered dose(mass),0,d,Time,,,,,,,,,,,,,,,,,,,,,,,,,,,,,,,,,,,,,,,,,,,,,,,,,,,,,,,,,,,,,,,28,d,Time,,,1000,,mg/kg bdwt/d,Administered dose(mass),,,1000,,mg/kg/d,Administered dose(mass),,
78-42-2,"Phosphoric acid, tris(2-ethylhexyl) ester;tris (2-ethylhexyl) phosphate;Tris(2-ethylhexyl) phosphate;tris(2-ethylhexyl)ester phosphoric acid;tris(2-ethylhexyl)ester_phosphoric_acid;tris(2-ethylhexyl)phosphate;Tris(2-ethylhexyl)phosphate (TEHP)",,,,,,,,,,,,,,,,,,,,,,,,,,,,,,,,,,,,,,,,,,,,,,,,,,,,,,,,,,,,,,,,,,,,,,,,,,,,,,,,,,,,,,,,,,,,,,,,,,,,,,,,,,,,,,,,,,,,,,,,,,,,,,,,Human Health Hazards#Repeated Dose Toxicity,Repeated Dose Toxicity HESS,1993,,NOEL,OECD TG 407,False,No qualifier,Equal,,,,,,,,,,,Rat,,,,,,,,,,,,,,,,,,,,,,,,,,,,,,,,,,,,,,Eosinophilic Body/Hyaline Droplets,,,,,,,,,,,,,,,,,,,,,,,,,,,,,,,,99.7,None,,,,,,,,,,,,,,,,,,,,,,,,,,,,,,,,,,,,,,,,,,,,,,,,,,,,,,,,,,,,,,,,SD,Oral (Gavage),,,,,,,,,,,,,,,,Renal tubule (Proximal),,,,,,Female,Main,"National Institute of Health Sciences, Japan",Kidney,RDT,Research Institute for Animal Science in Biochemistry & Toxicology,Histopathological findings,1000,mg/kg bdwt/d,Administered dose(mass),30,mg/kg bdwt/d,Administered dose(mass),0,d,Time,,,,,,,,,,,,,,,,,,,,,,,,,,,,,,,,,,,,,,,,,,,,,,,,,,,,,,,,,,,,,,,28,d,Time,,,1000,,mg/kg bdwt/d,Administered dose(mass),,,1000,,mg/kg/d,Administered dose(mass),,
78-42-2,"Phosphoric acid, tris(2-ethylhexyl) ester;tris (2-ethylhexyl) phosphate;Tris(2-ethylhexyl) phosphate;tris(2-ethylhexyl)ester phosphoric acid;tris(2-ethylhexyl)ester_phosphoric_acid;tris(2-ethylhexyl)phosphate;Tris(2-ethylhexyl)phosphate (TEHP)",,,,,,,,,,,,,,,,,,,,,,,,,,,,,,,,,,,,,,,,,,,,,,,,,,,,,,,,,,,,,,,,,,,,,,,,,,,,,,,,,,,,,,,,,,,,,,,,,,,,,,,,,,,,,,,,,,,,,,,,,,,,,,,,Human Health Hazards#Repeated Dose Toxicity,Repeated Dose Toxicity HESS,1993,,NOEL,OECD TG 407,False,No qualifier,Equal,,,,,,,,,,,Rat,,,,,,,,,,,,,,,,,,,,,,,,,,,,,,,,,,,,,,Eosinophilic Body/Hyaline Droplets,,,,,,,,,,,,,,,,,,,,,,,,,,,,,,,,99.7,None,,,,,,,,,,,,,,,,,,,,,,,,,,,,,,,,,,,,,,,,,,,,,,,,,,,,,,,,,,,,,,,,SD,Oral (Gavage),,,,,,,,,,,,,,,,Renal tubule (Other),,,,,,Male,Main,"National Institute of Health Sciences, Japan",Kidney,RDT,Research Institute for Animal Science in Biochemistry & Toxicology,Histopathological findings,1000,mg/kg bdwt/d,Administered dose(mass),30,mg/kg bdwt/d,Administered dose(mass),0,d,Time,,,,,,,,,,,,,,,,,,,,,,,,,,,,,,,,,,,,,,,,,,,,,,,,,,,,,,,,,,,,,,,28,d,Time,,,1000,,mg/kg bdwt/d,Administered dose(mass),,,1000,,mg/kg/d,Administered dose(mass),,
78-42-2,"Phosphoric acid, tris(2-ethylhexyl) ester;tris (2-ethylhexyl) phosphate;Tris(2-ethylhexyl) phosphate;tris(2-ethylhexyl)ester phosphoric acid;tris(2-ethylhexyl)ester_phosphoric_acid;tris(2-ethylhexyl)phosphate;Tris(2-ethylhexyl)phosphate (TEHP)",,,,,,,,,,,,,,,,,,,,,,,,,,,,,,,,,,,,,,,,,,,,,,,,,,,,,,,,,,,,,,,,,,,,,,,,,,,,,,,,,,,,,,,,,,,,,,,,,,,,,,,,,,,,,,,,,,,,,,,,,,,,,,,,Human Health Hazards#Repeated Dose Toxicity,Repeated Dose Toxicity HESS,1993,,NOEL,OECD TG 407,False,No qualifier,Equal,,,,,,,,,,,Rat,,,,,,,,,,,,,,,,,,,,,,,,,,,,,,,,,,,,,,Eosinophilic Body/Hyaline Droplets,,,,,,,,,,,,,,,,,,,,,,,,,,,,,,,,99.7,None,,,,,,,,,,,,,,,,,,,,,,,,,,,,,,,,,,,,,,,,,,,,,,,,,,,,,,,,,,,,,,,,SD,Oral (Gavage),,,,,,,,,,,,,,,,Renal tubule (Distal/Collecting duct),,,,,,Male,Main,"National Institute of Health Sciences, Japan",Kidney,RDT,Research Institute for Animal Science in Biochemistry & Toxicology,Histopathological findings,1000,mg/kg bdwt/d,Administered dose(mass),30,mg/kg bdwt/d,Administered dose(mass),0,d,Time,,,,,,,,,,,,,,,,,,,,,,,,,,,,,,,,,,,,,,,,,,,,,,,,,,,,,,,,,,,,,,,28,d,Time,,,1000,,mg/kg bdwt/d,Administered dose(mass),,,1000,,mg/kg/d,Administered dose(mass),,
78-42-2,"Phosphoric acid, tris(2-ethylhexyl) ester;tris (2-ethylhexyl) phosphate;Tris(2-ethylhexyl) phosphate;tris(2-ethylhexyl)ester phosphoric acid;tris(2-ethylhexyl)ester_phosphoric_acid;tris(2-ethylhexyl)phosphate;Tris(2-ethylhexyl)phosphate (TEHP)",,,,,,,,,,,,,,,,,,,,,,,,,,,,,,,,,,,,,,,,,,,,,,,,,,,,,,,,,,,,,,,,,,,,,,,,,,,,,,,,,,,,,,,,,,,,,,,,,,,,,,,,,,,,,,,,,,,,,,,,,,,,,,,,Human Health Hazards#Repeated Dose Toxicity,Repeated Dose Toxicity HESS,1993,,NOEL,OECD TG 407,False,No qualifier,Equal,,,,,,,,,,,Rat,,,,,,,,,,,,,,,,,,,,,,,,,,,,,,,,,,,,,,Eosinophilic Body/Hyaline Droplets,,,,,,,,,,,,,,,,,,,,,,,,,,,,,,,,99.7,None,,,,,,,,,,,,,,,,,,,,,,,,,,,,,,,,,,,,,,,,,,,,,,,,,,,,,,,,,,,,,,,,SD,Oral (Gavage),,,,,,,,,,,,,,,,Renal tubule (Proximal),,,,,,Male,Main,"National Institute of Health Sciences, Japan",Kidney,RDT,Research Institute for Animal Science in Biochemistry & Toxicology,Histopathological findings,1000,mg/kg bdwt/d,Administered dose(mass),30,mg/kg bdwt/d,Administered dose(mass),0,d,Time,,,,,,,,,,,,,,,,,,,,,,,,,,,,,,,,,,,,,,,,,,,,,,,,,,,,,,,,,,,,,,,28,d,Time,,,1000,,mg/kg bdwt/d,Administered dose(mass),,,1000,,mg/kg/d,Administered dose(mass),,
78-42-2,"Phosphoric acid, tris(2-ethylhexyl) ester;tris (2-ethylhexyl) phosphate;Tris(2-ethylhexyl) phosphate;tris(2-ethylhexyl)ester phosphoric acid;tris(2-ethylhexyl)ester_phosphoric_acid;tris(2-ethylhexyl)phosphate;Tris(2-ethylhexyl)phosphate (TEHP)",,,,,,,,,,,,,,,,,,,,,,,,,,,,,,,,,,,,,,,,,,,,,,,,,,,,,,,,,,,,,,,,,,,,,,,,,,,,,,,,,,,,,,,,,,,,,,,,,,,,,,,,,,,,,,,,,,,,,,,,,,,,,,,,Human Health Hazards#Repeated Dose Toxicity,Repeated Dose Toxicity HESS,1993,,NOEL,OECD TG 407,False,No qualifier,Equal,,,,,,,,,,,Rat,,,,,,,,,,,,,,,,,,,,,,,,,,,,,,,,,,,,,,Fatty Change,,,,,,,,,,,,,,,,,,,,,,,,,,,,,,,,99.7,None,,,,,,,,,,,,,,,,,,,,,,,,,,,,,,,,,,,,,,,,,,,,,,,,,,,,,,,,,,,,,,,,SD,Oral (Gavage),,,,,,,,,,,,,,,,Pelvis/Papilla,,,,,,Female,Main,"National Institute of Health Sciences, Japan",Kidney,RDT,Research Institute for Animal Science in Biochemistry & Toxicology,Histopathological findings,1000,mg/kg bdwt/d,Administered dose(mass),30,mg/kg bdwt/d,Administered dose(mass),0,d,Time,,,,,,,,,,,,,,,,,,,,,,,,,,,,,,,,,,,,,,,,,,,,,,,,,,,,,,,,,,,,,,,28,d,Time,,,1000,,mg/kg bdwt/d,Administered dose(mass),,,1000,,mg/kg/d,Administered dose(mass),,
78-42-2,"Phosphoric acid, tris(2-ethylhexyl) ester;tris (2-ethylhexyl) phosphate;Tris(2-ethylhexyl) phosphate;tris(2-ethylhexyl)ester phosphoric acid;tris(2-ethylhexyl)ester_phosphoric_acid;tris(2-ethylhexyl)phosphate;Tris(2-ethylhexyl)phosphate (TEHP)",,,,,,,,,,,,,,,,,,,,,,,,,,,,,,,,,,,,,,,,,,,,,,,,,,,,,,,,,,,,,,,,,,,,,,,,,,,,,,,,,,,,,,,,,,,,,,,,,,,,,,,,,,,,,,,,,,,,,,,,,,,,,,,,Human Health Hazards#Repeated Dose Toxicity,Repeated Dose Toxicity HESS,1993,,NOEL,OECD TG 407,False,No qualifier,Equal,,,,,,,,,,,Rat,,,,,,,,,,,,,,,,,,,,,,,,,,,,,,,,,,,,,,Fatty Change,,,,,,,,,,,,,,,,,,,,,,,,,,,,,,,,99.7,None,,,,,,,,,,,,,,,,,,,,,,,,,,,,,,,,,,,,,,,,,,,,,,,,,,,,,,,,,,,,,,,,SD,Oral (Gavage),,,,,,,,,,,,,,,,Renal tubule (Other),,,,,,Female,Main,"National Institute of Health Sciences, Japan",Kidney,RDT,Research Institute for Animal Science in Biochemistry & Toxicology,Histopathological findings,1000,mg/kg bdwt/d,Administered dose(mass),30,mg/kg bdwt/d,Administered dose(mass),0,d,Time,,,,,,,,,,,,,,,,,,,,,,,,,,,,,,,,,,,,,,,,,,,,,,,,,,,,,,,,,,,,,,,28,d,Time,,,1000,,mg/kg bdwt/d,Administered dose(mass),,,1000,,mg/kg/d,Administered dose(mass),,
78-42-2,"Phosphoric acid, tris(2-ethylhexyl) ester;tris (2-ethylhexyl) phosphate;Tris(2-ethylhexyl) phosphate;tris(2-ethylhexyl)ester phosphoric acid;tris(2-ethylhexyl)ester_phosphoric_acid;tris(2-ethylhexyl)phosphate;Tris(2-ethylhexyl)phosphate (TEHP)",,,,,,,,,,,,,,,,,,,,,,,,,,,,,,,,,,,,,,,,,,,,,,,,,,,,,,,,,,,,,,,,,,,,,,,,,,,,,,,,,,,,,,,,,,,,,,,,,,,,,,,,,,,,,,,,,,,,,,,,,,,,,,,,Human Health Hazards#Repeated Dose Toxicity,Repeated Dose Toxicity HESS,1993,,NOEL,OECD TG 407,False,No qualifier,Equal,,,,,,,,,,,Rat,,,,,,,,,,,,,,,,,,,,,,,,,,,,,,,,,,,,,,Fatty Change,,,,,,,,,,,,,,,,,,,,,,,,,,,,,,,,99.7,None,,,,,,,,,,,,,,,,,,,,,,,,,,,,,,,,,,,,,,,,,,,,,,,,,,,,,,,,,,,,,,,,SD,Oral (Gavage),,,,,,,,,,,,,,,,Renal tubule (Distal/Collecting duct),,,,,,Female,Main,"National Institute of Health Sciences, Japan",Kidney,RDT,Research Institute for Animal Science in Biochemistry & Toxicology,Histopathological findings,1000,mg/kg bdwt/d,Administered dose(mass),30,mg/kg bdwt/d,Administered dose(mass),0,d,Time,,,,,,,,,,,,,,,,,,,,,,,,,,,,,,,,,,,,,,,,,,,,,,,,,,,,,,,,,,,,,,,28,d,Time,,,1000,,mg/kg bdwt/d,Administered dose(mass),,,1000,,mg/kg/d,Administered dose(mass),,
78-42-2,"Phosphoric acid, tris(2-ethylhexyl) ester;tris (2-ethylhexyl) phosphate;Tris(2-ethylhexyl) phosphate;tris(2-ethylhexyl)ester phosphoric acid;tris(2-ethylhexyl)ester_phosphoric_acid;tris(2-ethylhexyl)phosphate;Tris(2-ethylhexyl)phosphate (TEHP)",,,,,,,,,,,,,,,,,,,,,,,,,,,,,,,,,,,,,,,,,,,,,,,,,,,,,,,,,,,,,,,,,,,,,,,,,,,,,,,,,,,,,,,,,,,,,,,,,,,,,,,,,,,,,,,,,,,,,,,,,,,,,,,,Human Health Hazards#Repeated Dose Toxicity,Repeated Dose Toxicity HESS,1993,,NOEL,OECD TG 407,False,No qualifier,Equal,,,,,,,,,,,Rat,,,,,,,,,,,,,,,,,,,,,,,,,,,,,,,,,,,,,,Fatty Change,,,,,,,,,,,,,,,,,,,,,,,,,,,,,,,,99.7,None,,,,,,,,,,,,,,,,,,,,,,,,,,,,,,,,,,,,,,,,,,,,,,,,,,,,,,,,,,,,,,,,SD,Oral (Gavage),,,,,,,,,,,,,,,,Renal tubule (Proximal),,,,,,Female,Main,"National Institute of Health Sciences, Japan",Kidney,RDT,Research Institute for Animal Science in Biochemistry & Toxicology,Histopathological findings,1000,mg/kg bdwt/d,Administered dose(mass),30,mg/kg bdwt/d,Administered dose(mass),0,d,Time,,,,,,,,,,,,,,,,,,,,,,,,,,,,,,,,,,,,,,,,,,,,,,,,,,,,,,,,,,,,,,,28,d,Time,,,1000,,mg/kg bdwt/d,Administered dose(mass),,,1000,,mg/kg/d,Administered dose(mass),,
78-42-2,"Phosphoric acid, tris(2-ethylhexyl) ester;tris (2-ethylhexyl) phosphate;Tris(2-ethylhexyl) phosphate;tris(2-ethylhexyl)ester phosphoric acid;tris(2-ethylhexyl)ester_phosphoric_acid;tris(2-ethylhexyl)phosphate;Tris(2-ethylhexyl)phosphate (TEHP)",,,,,,,,,,,,,,,,,,,,,,,,,,,,,,,,,,,,,,,,,,,,,,,,,,,,,,,,,,,,,,,,,,,,,,,,,,,,,,,,,,,,,,,,,,,,,,,,,,,,,,,,,,,,,,,,,,,,,,,,,,,,,,,,Human Health Hazards#Repeated Dose Toxicity,Repeated Dose Toxicity HESS,1993,,NOEL,OECD TG 407,False,No qualifier,Equal,,,,,,,,,,,Rat,,,,,,,,,,,,,,,,,,,,,,,,,,,,,,,,,,,,,,Fatty Change,,,,,,,,,,,,,,,,,,,,,,,,,,,,,,,,99.7,None,,,,,,,,,,,,,,,,,,,,,,,,,,,,,,,,,,,,,,,,,,,,,,,,,,,,,,,,,,,,,,,,SD,Oral (Gavage),,,,,,,,,,,,,,,,Pelvis/Papilla,,,,,,Male,Main,"National Institute of Health Sciences, Japan",Kidney,RDT,Research Institute for Animal Science in Biochemistry & Toxicology,Histopathological findings,1000,mg/kg bdwt/d,Administered dose(mass),30,mg/kg bdwt/d,Administered dose(mass),0,d,Time,,,,,,,,,,,,,,,,,,,,,,,,,,,,,,,,,,,,,,,,,,,,,,,,,,,,,,,,,,,,,,,28,d,Time,,,1000,,mg/kg bdwt/d,Administered dose(mass),,,1000,,mg/kg/d,Administered dose(mass),,
78-42-2,"Phosphoric acid, tris(2-ethylhexyl) ester;tris (2-ethylhexyl) phosphate;Tris(2-ethylhexyl) phosphate;tris(2-ethylhexyl)ester phosphoric acid;tris(2-ethylhexyl)ester_phosphoric_acid;tris(2-ethylhexyl)phosphate;Tris(2-ethylhexyl)phosphate (TEHP)",,,,,,,,,,,,,,,,,,,,,,,,,,,,,,,,,,,,,,,,,,,,,,,,,,,,,,,,,,,,,,,,,,,,,,,,,,,,,,,,,,,,,,,,,,,,,,,,,,,,,,,,,,,,,,,,,,,,,,,,,,,,,,,,Human Health Hazards#Repeated Dose Toxicity,Repeated Dose Toxicity HESS,1993,,NOEL,OECD TG 407,False,No qualifier,Equal,,,,,,,,,,,Rat,,,,,,,,,,,,,,,,,,,,,,,,,,,,,,,,,,,,,,Fatty Change,,,,,,,,,,,,,,,,,,,,,,,,,,,,,,,,99.7,None,,,,,,,,,,,,,,,,,,,,,,,,,,,,,,,,,,,,,,,,,,,,,,,,,,,,,,,,,,,,,,,,SD,Oral (Gavage),,,,,,,,,,,,,,,,Renal tubule (Other),,,,,,Male,Main,"National Institute of Health Sciences, Japan",Kidney,RDT,Research Institute for Animal Science in Biochemistry & Toxicology,Histopathological findings,1000,mg/kg bdwt/d,Administered dose(mass),30,mg/kg bdwt/d,Administered dose(mass),0,d,Time,,,,,,,,,,,,,,,,,,,,,,,,,,,,,,,,,,,,,,,,,,,,,,,,,,,,,,,,,,,,,,,28,d,Time,,,1000,,mg/kg bdwt/d,Administered dose(mass),,,1000,,mg/kg/d,Administered dose(mass),,
78-42-2,"Phosphoric acid, tris(2-ethylhexyl) ester;tris (2-ethylhexyl) phosphate;Tris(2-ethylhexyl) phosphate;tris(2-ethylhexyl)ester phosphoric acid;tris(2-ethylhexyl)ester_phosphoric_acid;tris(2-ethylhexyl)phosphate;Tris(2-ethylhexyl)phosphate (TEHP)",,,,,,,,,,,,,,,,,,,,,,,,,,,,,,,,,,,,,,,,,,,,,,,,,,,,,,,,,,,,,,,,,,,,,,,,,,,,,,,,,,,,,,,,,,,,,,,,,,,,,,,,,,,,,,,,,,,,,,,,,,,,,,,,Human Health Hazards#Repeated Dose Toxicity,Repeated Dose Toxicity HESS,1993,,NOEL,OECD TG 407,False,No qualifier,Equal,,,,,,,,,,,Rat,,,,,,,,,,,,,,,,,,,,,,,,,,,,,,,,,,,,,,Fatty Change,,,,,,,,,,,,,,,,,,,,,,,,,,,,,,,,99.7,None,,,,,,,,,,,,,,,,,,,,,,,,,,,,,,,,,,,,,,,,,,,,,,,,,,,,,,,,,,,,,,,,SD,Oral (Gavage),,,,,,,,,,,,,,,,Renal tubule (Distal/Collecting duct),,,,,,Male,Main,"National Institute of Health Sciences, Japan",Kidney,RDT,Research Institute for Animal Science in Biochemistry & Toxicology,Histopathological findings,1000,mg/kg bdwt/d,Administered dose(mass),30,mg/kg bdwt/d,Administered dose(mass),0,d,Time,,,,,,,,,,,,,,,,,,,,,,,,,,,,,,,,,,,,,,,,,,,,,,,,,,,,,,,,,,,,,,,28,d,Time,,,1000,,mg/kg bdwt/d,Administered dose(mass),,,1000,,mg/kg/d,Administered dose(mass),,
78-42-2,"Phosphoric acid, tris(2-ethylhexyl) ester;tris (2-ethylhexyl) phosphate;Tris(2-ethylhexyl) phosphate;tris(2-ethylhexyl)ester phosphoric acid;tris(2-ethylhexyl)ester_phosphoric_acid;tris(2-ethylhexyl)phosphate;Tris(2-ethylhexyl)phosphate (TEHP)",,,,,,,,,,,,,,,,,,,,,,,,,,,,,,,,,,,,,,,,,,,,,,,,,,,,,,,,,,,,,,,,,,,,,,,,,,,,,,,,,,,,,,,,,,,,,,,,,,,,,,,,,,,,,,,,,,,,,,,,,,,,,,,,Human Health Hazards#Repeated Dose Toxicity,Repeated Dose Toxicity HESS,1993,,NOEL,OECD TG 407,False,No qualifier,Equal,,,,,,,,,,,Rat,,,,,,,,,,,,,,,,,,,,,,,,,,,,,,,,,,,,,,Fatty Change,,,,,,,,,,,,,,,,,,,,,,,,,,,,,,,,99.7,None,,,,,,,,,,,,,,,,,,,,,,,,,,,,,,,,,,,,,,,,,,,,,,,,,,,,,,,,,,,,,,,,SD,Oral (Gavage),,,,,,,,,,,,,,,,Renal tubule (Proximal),,,,,,Male,Main,"National Institute of Health Sciences, Japan",Kidney,RDT,Research Institute for Animal Science in Biochemistry & Toxicology,Histopathological findings,1000,mg/kg bdwt/d,Administered dose(mass),30,mg/kg bdwt/d,Administered dose(mass),0,d,Time,,,,,,,,,,,,,,,,,,,,,,,,,,,,,,,,,,,,,,,,,,,,,,,,,,,,,,,,,,,,,,,28,d,Time,,,1000,,mg/kg bdwt/d,Administered dose(mass),,,1000,,mg/kg/d,Administered dose(mass),,
78-42-2,"Phosphoric acid, tris(2-ethylhexyl) ester;tris (2-ethylhexyl) phosphate;Tris(2-ethylhexyl) phosphate;tris(2-ethylhexyl)ester phosphoric acid;tris(2-ethylhexyl)ester_phosphoric_acid;tris(2-ethylhexyl)phosphate;Tris(2-ethylhexyl)phosphate (TEHP)",,,,,,,,,,,,,,,,,,,,,,,,,,,,,,,,,,,,,,,,,,,,,,,,,,,,,,,,,,,,,,,,,,,,,,,,,,,,,,,,,,,,,,,,,,,,,,,,,,,,,,,,,,,,,,,,,,,,,,,,,,,,,,,,Human Health Hazards#Repeated Dose Toxicity,Repeated Dose Toxicity HESS,1993,,NOEL,OECD TG 407,False,No qualifier,Equal,,,,,,,,,,,Rat,,,,,,,,,,,,,,,,,,,,,,,,,,,,,,,,,,,,,,Hyperplasia Epithlium,,,,,,,,,,,,,,,,,,,,,,,,,,,,,,,,99.7,None,,,,,,,,,,,,,,,,,,,,,,,,,,,,,,,,,,,,,,,,,,,,,,,,,,,,,,,,,,,,,,,,SD,Oral (Gavage),,,,,,,,,,,,,,,,Pelvis/Papilla,,,,,,Female,Main,"National Institute of Health Sciences, Japan",Kidney,RDT,Research Institute for Animal Science in Biochemistry & Toxicology,Histopathological findings,1000,mg/kg bdwt/d,Administered dose(mass),30,mg/kg bdwt/d,Administered dose(mass),0,d,Time,,,,,,,,,,,,,,,,,,,,,,,,,,,,,,,,,,,,,,,,,,,,,,,,,,,,,,,,,,,,,,,28,d,Time,,,1000,,mg/kg bdwt/d,Administered dose(mass),,,1000,,mg/kg/d,Administered dose(mass),,
78-42-2,"Phosphoric acid, tris(2-ethylhexyl) ester;tris (2-ethylhexyl) phosphate;Tris(2-ethylhexyl) phosphate;tris(2-ethylhexyl)ester phosphoric acid;tris(2-ethylhexyl)ester_phosphoric_acid;tris(2-ethylhexyl)phosphate;Tris(2-ethylhexyl)phosphate (TEHP)",,,,,,,,,,,,,,,,,,,,,,,,,,,,,,,,,,,,,,,,,,,,,,,,,,,,,,,,,,,,,,,,,,,,,,,,,,,,,,,,,,,,,,,,,,,,,,,,,,,,,,,,,,,,,,,,,,,,,,,,,,,,,,,,Human Health Hazards#Repeated Dose Toxicity,Repeated Dose Toxicity HESS,1993,,NOEL,OECD TG 407,False,No qualifier,Equal,,,,,,,,,,,Rat,,,,,,,,,,,,,,,,,,,,,,,,,,,,,,,,,,,,,,Hyperplasia Epithlium,,,,,,,,,,,,,,,,,,,,,,,,,,,,,,,,99.7,None,,,,,,,,,,,,,,,,,,,,,,,,,,,,,,,,,,,,,,,,,,,,,,,,,,,,,,,,,,,,,,,,SD,Oral (Gavage),,,,,,,,,,,,,,,,Pelvis/Papilla,,,,,,Male,Main,"National Institute of Health Sciences, Japan",Kidney,RDT,Research Institute for Animal Science in Biochemistry & Toxicology,Histopathological findings,1000,mg/kg bdwt/d,Administered dose(mass),30,mg/kg bdwt/d,Administered dose(mass),0,d,Time,,,,,,,,,,,,,,,,,,,,,,,,,,,,,,,,,,,,,,,,,,,,,,,,,,,,,,,,,,,,,,,28,d,Time,,,1000,,mg/kg bdwt/d,Administered dose(mass),,,1000,,mg/kg/d,Administered dose(mass),,
78-42-2,"Phosphoric acid, tris(2-ethylhexyl) ester;tris (2-ethylhexyl) phosphate;Tris(2-ethylhexyl) phosphate;tris(2-ethylhexyl)ester phosphoric acid;tris(2-ethylhexyl)ester_phosphoric_acid;tris(2-ethylhexyl)phosphate;Tris(2-ethylhexyl)phosphate (TEHP)",,,,,,,,,,,,,,,,,,,,,,,,,,,,,,,,,,,,,,,,,,,,,,,,,,,,,,,,,,,,,,,,,,,,,,,,,,,,,,,,,,,,,,,,,,,,,,,,,,,,,,,,,,,,,,,,,,,,,,,,,,,,,,,,Human Health Hazards#Repeated Dose Toxicity,Repeated Dose Toxicity HESS,1993,,NOEL,OECD TG 407,False,No qualifier,Equal,,,,,,,,,,,Rat,,,,,,,,,,,,,,,,,,,,,,,,,,,,,,,,,,,,,,Hypertrophy Epithelium,,,,,,,,,,,,,,,,,,,,,,,,,,,,,,,,99.7,None,,,,,,,,,,,,,,,,,,,,,,,,,,,,,,,,,,,,,,,,,,,,,,,,,,,,,,,,,,,,,,,,SD,Oral (Gavage),,,,,,,,,,,,,,,,Renal tubule (Other),,,,,,Male,Main,"National Institute of Health Sciences, Japan",Kidney,RDT,Research Institute for Animal Science in Biochemistry & Toxicology,Histopathological findings,1000,mg/kg bdwt/d,Administered dose(mass),30,mg/kg bdwt/d,Administered dose(mass),0,d,Time,,,,,,,,,,,,,,,,,,,,,,,,,,,,,,,,,,,,,,,,,,,,,,,,,,,,,,,,,,,,,,,28,d,Time,,,1000,,mg/kg bdwt/d,Administered dose(mass),,,1000,,mg/kg/d,Administered dose(mass),,
78-42-2,"Phosphoric acid, tris(2-ethylhexyl) ester;tris (2-ethylhexyl) phosphate;Tris(2-ethylhexyl) phosphate;tris(2-ethylhexyl)ester phosphoric acid;tris(2-ethylhexyl)ester_phosphoric_acid;tris(2-ethylhexyl)phosphate;Tris(2-ethylhexyl)phosphate (TEHP)",,,,,,,,,,,,,,,,,,,,,,,,,,,,,,,,,,,,,,,,,,,,,,,,,,,,,,,,,,,,,,,,,,,,,,,,,,,,,,,,,,,,,,,,,,,,,,,,,,,,,,,,,,,,,,,,,,,,,,,,,,,,,,,,Human Health Hazards#Repeated Dose Toxicity,Repeated Dose Toxicity HESS,1993,,NOEL,OECD TG 407,False,No qualifier,Equal,,,,,,,,,,,Rat,,,,,,,,,,,,,,,,,,,,,,,,,,,,,,,,,,,,,,Hypertrophy Epithelium,,,,,,,,,,,,,,,,,,,,,,,,,,,,,,,,99.7,None,,,,,,,,,,,,,,,,,,,,,,,,,,,,,,,,,,,,,,,,,,,,,,,,,,,,,,,,,,,,,,,,SD,Oral (Gavage),,,,,,,,,,,,,,,,Renal tubule (Other),,,,,,Female,Main,"National Institute of Health Sciences, Japan",Kidney,RDT,Research Institute for Animal Science in Biochemistry & Toxicology,Histopathological findings,1000,mg/kg bdwt/d,Administered dose(mass),30,mg/kg bdwt/d,Administered dose(mass),0,d,Time,,,,,,,,,,,,,,,,,,,,,,,,,,,,,,,,,,,,,,,,,,,,,,,,,,,,,,,,,,,,,,,28,d,Time,,,1000,,mg/kg bdwt/d,Administered dose(mass),,,1000,,mg/kg/d,Administered dose(mass),,
78-42-2,"Phosphoric acid, tris(2-ethylhexyl) ester;tris (2-ethylhexyl) phosphate;Tris(2-ethylhexyl) phosphate;tris(2-ethylhexyl)ester phosphoric acid;tris(2-ethylhexyl)ester_phosphoric_acid;tris(2-ethylhexyl)phosphate;Tris(2-ethylhexyl)phosphate (TEHP)",,,,,,,,,,,,,,,,,,,,,,,,,,,,,,,,,,,,,,,,,,,,,,,,,,,,,,,,,,,,,,,,,,,,,,,,,,,,,,,,,,,,,,,,,,,,,,,,,,,,,,,,,,,,,,,,,,,,,,,,,,,,,,,,Human Health Hazards#Repeated Dose Toxicity,Repeated Dose Toxicity HESS,1993,,NOEL,OECD TG 407,False,No qualifier,Equal,,,,,,,,,,,Rat,,,,,,,,,,,,,,,,,,,,,,,,,,,,,,,,,,,,,,Hypertrophy Epithelium,,,,,,,,,,,,,,,,,,,,,,,,,,,,,,,,99.7,None,,,,,,,,,,,,,,,,,,,,,,,,,,,,,,,,,,,,,,,,,,,,,,,,,,,,,,,,,,,,,,,,SD,Oral (Gavage),,,,,,,,,,,,,,,,Renal tubule (Distal/Collecting duct),,,,,,Female,Main,"National Institute of Health Sciences, Japan",Kidney,RDT,Research Institute for Animal Science in Biochemistry & Toxicology,Histopathological findings,1000,mg/kg bdwt/d,Administered dose(mass),30,mg/kg bdwt/d,Administered dose(mass),0,d,Time,,,,,,,,,,,,,,,,,,,,,,,,,,,,,,,,,,,,,,,,,,,,,,,,,,,,,,,,,,,,,,,28,d,Time,,,1000,,mg/kg bdwt/d,Administered dose(mass),,,1000,,mg/kg/d,Administered dose(mass),,
78-42-2,"Phosphoric acid, tris(2-ethylhexyl) ester;tris (2-ethylhexyl) phosphate;Tris(2-ethylhexyl) phosphate;tris(2-ethylhexyl)ester phosphoric acid;tris(2-ethylhexyl)ester_phosphoric_acid;tris(2-ethylhexyl)phosphate;Tris(2-ethylhexyl)phosphate (TEHP)",,,,,,,,,,,,,,,,,,,,,,,,,,,,,,,,,,,,,,,,,,,,,,,,,,,,,,,,,,,,,,,,,,,,,,,,,,,,,,,,,,,,,,,,,,,,,,,,,,,,,,,,,,,,,,,,,,,,,,,,,,,,,,,,Human Health Hazards#Repeated Dose Toxicity,Repeated Dose Toxicity HESS,1993,,NOEL,OECD TG 407,False,No qualifier,Equal,,,,,,,,,,,Rat,,,,,,,,,,,,,,,,,,,,,,,,,,,,,,,,,,,,,,Hypertrophy Epithelium,,,,,,,,,,,,,,,,,,,,,,,,,,,,,,,,99.7,None,,,,,,,,,,,,,,,,,,,,,,,,,,,,,,,,,,,,,,,,,,,,,,,,,,,,,,,,,,,,,,,,SD,Oral (Gavage),,,,,,,,,,,,,,,,Renal tubule (Proximal),,,,,,Female,Main,"National Institute of Health Sciences, Japan",Kidney,RDT,Research Institute for Animal Science in Biochemistry & Toxicology,Histopathological findings,1000,mg/kg bdwt/d,Administered dose(mass),30,mg/kg bdwt/d,Administered dose(mass),0,d,Time,,,,,,,,,,,,,,,,,,,,,,,,,,,,,,,,,,,,,,,,,,,,,,,,,,,,,,,,,,,,,,,28,d,Time,,,1000,,mg/kg bdwt/d,Administered dose(mass),,,1000,,mg/kg/d,Administered dose(mass),,
78-42-2,"Phosphoric acid, tris(2-ethylhexyl) ester;tris (2-ethylhexyl) phosphate;Tris(2-ethylhexyl) phosphate;tris(2-ethylhexyl)ester phosphoric acid;tris(2-ethylhexyl)ester_phosphoric_acid;tris(2-ethylhexyl)phosphate;Tris(2-ethylhexyl)phosphate (TEHP)",,,,,,,,,,,,,,,,,,,,,,,,,,,,,,,,,,,,,,,,,,,,,,,,,,,,,,,,,,,,,,,,,,,,,,,,,,,,,,,,,,,,,,,,,,,,,,,,,,,,,,,,,,,,,,,,,,,,,,,,,,,,,,,,Human Health Hazards#Repeated Dose Toxicity,Repeated Dose Toxicity HESS,1993,,NOEL,OECD TG 407,False,No qualifier,Equal,,,,,,,,,,,Rat,,,,,,,,,,,,,,,,,,,,,,,,,,,,,,,,,,,,,,Hypertrophy Epithelium,,,,,,,,,,,,,,,,,,,,,,,,,,,,,,,,99.7,None,,,,,,,,,,,,,,,,,,,,,,,,,,,,,,,,,,,,,,,,,,,,,,,,,,,,,,,,,,,,,,,,SD,Oral (Gavage),,,,,,,,,,,,,,,,Renal tubule (Distal/Collecting duct),,,,,,Male,Main,"National Institute of Health Sciences, Japan",Kidney,RDT,Research Institute for Animal Science in Biochemistry & Toxicology,Histopathological findings,1000,mg/kg bdwt/d,Administered dose(mass),30,mg/kg bdwt/d,Administered dose(mass),0,d,Time,,,,,,,,,,,,,,,,,,,,,,,,,,,,,,,,,,,,,,,,,,,,,,,,,,,,,,,,,,,,,,,28,d,Time,,,1000,,mg/kg bdwt/d,Administered dose(mass),,,1000,,mg/kg/d,Administered dose(mass),,
78-42-2,"Phosphoric acid, tris(2-ethylhexyl) ester;tris (2-ethylhexyl) phosphate;Tris(2-ethylhexyl) phosphate;tris(2-ethylhexyl)ester phosphoric acid;tris(2-ethylhexyl)ester_phosphoric_acid;tris(2-ethylhexyl)phosphate;Tris(2-ethylhexyl)phosphate (TEHP)",,,,,,,,,,,,,,,,,,,,,,,,,,,,,,,,,,,,,,,,,,,,,,,,,,,,,,,,,,,,,,,,,,,,,,,,,,,,,,,,,,,,,,,,,,,,,,,,,,,,,,,,,,,,,,,,,,,,,,,,,,,,,,,,Human Health Hazards#Repeated Dose Toxicity,Repeated Dose Toxicity HESS,1993,,NOEL,OECD TG 407,False,No qualifier,Equal,,,,,,,,,,,Rat,,,,,,,,,,,,,,,,,,,,,,,,,,,,,,,,,,,,,,Hypertrophy Epithelium,,,,,,,,,,,,,,,,,,,,,,,,,,,,,,,,99.7,None,,,,,,,,,,,,,,,,,,,,,,,,,,,,,,,,,,,,,,,,,,,,,,,,,,,,,,,,,,,,,,,,SD,Oral (Gavage),,,,,,,,,,,,,,,,Renal tubule (Proximal),,,,,,Male,Main,"National Institute of Health Sciences, Japan",Kidney,RDT,Research Institute for Animal Science in Biochemistry & Toxicology,Histopathological findings,1000,mg/kg bdwt/d,Administered dose(mass),30,mg/kg bdwt/d,Administered dose(mass),0,d,Time,,,,,,,,,,,,,,,,,,,,,,,,,,,,,,,,,,,,,,,,,,,,,,,,,,,,,,,,,,,,,,,28,d,Time,,,1000,,mg/kg bdwt/d,Administered dose(mass),,,1000,,mg/kg/d,Administered dose(mass),,
78-42-2,"Phosphoric acid, tris(2-ethylhexyl) ester;tris (2-ethylhexyl) phosphate;Tris(2-ethylhexyl) phosphate;tris(2-ethylhexyl)ester phosphoric acid;tris(2-ethylhexyl)ester_phosphoric_acid;tris(2-ethylhexyl)phosphate;Tris(2-ethylhexyl)phosphate (TEHP)",,,,,,,,,,,,,,,,,,,,,,,,,,,,,,,,,,,,,,,,,,,,,,,,,,,,,,,,,,,,,,,,,,,,,,,,,,,,,,,,,,,,,,,,,,,,,,,,,,,,,,,,,,,,,,,,,,,,,,,,,,,,,,,,Human Health Hazards#Repeated Dose Toxicity,Repeated Dose Toxicity HESS,1993,,NOEL,OECD TG 407,False,No qualifier,Equal,,,,,,,,,,,Rat,,,,,,,,,,,,,,,,,,,,,,,,,,,,,,,,,,,,,,Mineralization,,,,,,,,,,,,,,,,,,,,,,,,,,,,,,,,99.7,None,,,,,,,,,,,,,,,,,,,,,,,,,,,,,,,,,,,,,,,,,,,,,,,,,,,,,,,,,,,,,,,,SD,Oral (Gavage),,,,,,,,,,,,,,,,Renal tubule (Other),,,,,,Female,Main,"National Institute of Health Sciences, Japan",Kidney,RDT,Research Institute for Animal Science in Biochemistry & Toxicology,Histopathological findings,1000,mg/kg bdwt/d,Administered dose(mass),30,mg/kg bdwt/d,Administered dose(mass),0,d,Time,,,,,,,,,,,,,,,,,,,,,,,,,,,,,,,,,,,,,,,,,,,,,,,,,,,,,,,,,,,,,,,28,d,Time,,,1000,,mg/kg bdwt/d,Administered dose(mass),,,1000,,mg/kg/d,Administered dose(mass),,
78-42-2,"Phosphoric acid, tris(2-ethylhexyl) ester;tris (2-ethylhexyl) phosphate;Tris(2-ethylhexyl) phosphate;tris(2-ethylhexyl)ester phosphoric acid;tris(2-ethylhexyl)ester_phosphoric_acid;tris(2-ethylhexyl)phosphate;Tris(2-ethylhexyl)phosphate (TEHP)",,,,,,,,,,,,,,,,,,,,,,,,,,,,,,,,,,,,,,,,,,,,,,,,,,,,,,,,,,,,,,,,,,,,,,,,,,,,,,,,,,,,,,,,,,,,,,,,,,,,,,,,,,,,,,,,,,,,,,,,,,,,,,,,Human Health Hazards#Repeated Dose Toxicity,Repeated Dose Toxicity HESS,1993,,NOEL,OECD TG 407,False,No qualifier,Equal,,,,,,,,,,,Rat,,,,,,,,,,,,,,,,,,,,,,,,,,,,,,,,,,,,,,Mineralization,,,,,,,,,,,,,,,,,,,,,,,,,,,,,,,,99.7,None,,,,,,,,,,,,,,,,,,,,,,,,,,,,,,,,,,,,,,,,,,,,,,,,,,,,,,,,,,,,,,,,SD,Oral (Gavage),,,,,,,,,,,,,,,,Renal tubule (Distal/Collecting duct),,,,,,Female,Main,"National Institute of Health Sciences, Japan",Kidney,RDT,Research Institute for Animal Science in Biochemistry & Toxicology,Histopathological findings,1000,mg/kg bdwt/d,Administered dose(mass),30,mg/kg bdwt/d,Administered dose(mass),0,d,Time,,,,,,,,,,,,,,,,,,,,,,,,,,,,,,,,,,,,,,,,,,,,,,,,,,,,,,,,,,,,,,,28,d,Time,,,1000,,mg/kg bdwt/d,Administered dose(mass),,,1000,,mg/kg/d,Administered dose(mass),,
78-42-2,"Phosphoric acid, tris(2-ethylhexyl) ester;tris (2-ethylhexyl) phosphate;Tris(2-ethylhexyl) phosphate;tris(2-ethylhexyl)ester phosphoric acid;tris(2-ethylhexyl)ester_phosphoric_acid;tris(2-ethylhexyl)phosphate;Tris(2-ethylhexyl)phosphate (TEHP)",,,,,,,,,,,,,,,,,,,,,,,,,,,,,,,,,,,,,,,,,,,,,,,,,,,,,,,,,,,,,,,,,,,,,,,,,,,,,,,,,,,,,,,,,,,,,,,,,,,,,,,,,,,,,,,,,,,,,,,,,,,,,,,,Human Health Hazards#Repeated Dose Toxicity,Repeated Dose Toxicity HESS,1993,,NOEL,OECD TG 407,False,No qualifier,Equal,,,,,,,,,,,Rat,,,,,,,,,,,,,,,,,,,,,,,,,,,,,,,,,,,,,,Mineralization,,,,,,,,,,,,,,,,,,,,,,,,,,,,,,,,99.7,None,,,,,,,,,,,,,,,,,,,,,,,,,,,,,,,,,,,,,,,,,,,,,,,,,,,,,,,,,,,,,,,,SD,Oral (Gavage),,,,,,,,,,,,,,,,Renal tubule (Proximal),,,,,,Female,Main,"National Institute of Health Sciences, Japan",Kidney,RDT,Research Institute for Animal Science in Biochemistry & Toxicology,Histopathological findings,1000,mg/kg bdwt/d,Administered dose(mass),30,mg/kg bdwt/d,Administered dose(mass),0,d,Time,,,,,,,,,,,,,,,,,,,,,,,,,,,,,,,,,,,,,,,,,,,,,,,,,,,,,,,,,,,,,,,28,d,Time,,,1000,,mg/kg bdwt/d,Administered dose(mass),,,1000,,mg/kg/d,Administered dose(mass),,
78-42-2,"Phosphoric acid, tris(2-ethylhexyl) ester;tris (2-ethylhexyl) phosphate;Tris(2-ethylhexyl) phosphate;tris(2-ethylhexyl)ester phosphoric acid;tris(2-ethylhexyl)ester_phosphoric_acid;tris(2-ethylhexyl)phosphate;Tris(2-ethylhexyl)phosphate (TEHP)",,,,,,,,,,,,,,,,,,,,,,,,,,,,,,,,,,,,,,,,,,,,,,,,,,,,,,,,,,,,,,,,,,,,,,,,,,,,,,,,,,,,,,,,,,,,,,,,,,,,,,,,,,,,,,,,,,,,,,,,,,,,,,,,Human Health Hazards#Repeated Dose Toxicity,Repeated Dose Toxicity HESS,1993,,NOEL,OECD TG 407,False,No qualifier,Equal,,,,,,,,,,,Rat,,,,,,,,,,,,,,,,,,,,,,,,,,,,,,,,,,,,,,Mineralization,,,,,,,,,,,,,,,,,,,,,,,,,,,,,,,,99.7,None,,,,,,,,,,,,,,,,,,,,,,,,,,,,,,,,,,,,,,,,,,,,,,,,,,,,,,,,,,,,,,,,SD,Oral (Gavage),,,,,,,,,,,,,,,,Renal tubule (Other),,,,,,Male,Main,"National Institute of Health Sciences, Japan",Kidney,RDT,Research Institute for Animal Science in Biochemistry & Toxicology,Histopathological findings,1000,mg/kg bdwt/d,Administered dose(mass),30,mg/kg bdwt/d,Administered dose(mass),0,d,Time,,,,,,,,,,,,,,,,,,,,,,,,,,,,,,,,,,,,,,,,,,,,,,,,,,,,,,,,,,,,,,,28,d,Time,,,1000,,mg/kg bdwt/d,Administered dose(mass),,,1000,,mg/kg/d,Administered dose(mass),,
78-42-2,"Phosphoric acid, tris(2-ethylhexyl) ester;tris (2-ethylhexyl) phosphate;Tris(2-ethylhexyl) phosphate;tris(2-ethylhexyl)ester phosphoric acid;tris(2-ethylhexyl)ester_phosphoric_acid;tris(2-ethylhexyl)phosphate;Tris(2-ethylhexyl)phosphate (TEHP)",,,,,,,,,,,,,,,,,,,,,,,,,,,,,,,,,,,,,,,,,,,,,,,,,,,,,,,,,,,,,,,,,,,,,,,,,,,,,,,,,,,,,,,,,,,,,,,,,,,,,,,,,,,,,,,,,,,,,,,,,,,,,,,,Human Health Hazards#Repeated Dose Toxicity,Repeated Dose Toxicity HESS,1993,,NOEL,OECD TG 407,False,No qualifier,Equal,,,,,,,,,,,Rat,,,,,,,,,,,,,,,,,,,,,,,,,,,,,,,,,,,,,,Mineralization,,,,,,,,,,,,,,,,,,,,,,,,,,,,,,,,99.7,None,,,,,,,,,,,,,,,,,,,,,,,,,,,,,,,,,,,,,,,,,,,,,,,,,,,,,,,,,,,,,,,,SD,Oral (Gavage),,,,,,,,,,,,,,,,Renal tubule (Distal/Collecting duct),,,,,,Male,Main,"National Institute of Health Sciences, Japan",Kidney,RDT,Research Institute for Animal Science in Biochemistry & Toxicology,Histopathological findings,1000,mg/kg bdwt/d,Administered dose(mass),30,mg/kg bdwt/d,Administered dose(mass),0,d,Time,,,,,,,,,,,,,,,,,,,,,,,,,,,,,,,,,,,,,,,,,,,,,,,,,,,,,,,,,,,,,,,28,d,Time,,,1000,,mg/kg bdwt/d,Administered dose(mass),,,1000,,mg/kg/d,Administered dose(mass),,
78-42-2,"Phosphoric acid, tris(2-ethylhexyl) ester;tris (2-ethylhexyl) phosphate;Tris(2-ethylhexyl) phosphate;tris(2-ethylhexyl)ester phosphoric acid;tris(2-ethylhexyl)ester_phosphoric_acid;tris(2-ethylhexyl)phosphate;Tris(2-ethylhexyl)phosphate (TEHP)",,,,,,,,,,,,,,,,,,,,,,,,,,,,,,,,,,,,,,,,,,,,,,,,,,,,,,,,,,,,,,,,,,,,,,,,,,,,,,,,,,,,,,,,,,,,,,,,,,,,,,,,,,,,,,,,,,,,,,,,,,,,,,,,Human Health Hazards#Repeated Dose Toxicity,Repeated Dose Toxicity HESS,1993,,NOEL,OECD TG 407,False,No qualifier,Equal,,,,,,,,,,,Rat,,,,,,,,,,,,,,,,,,,,,,,,,,,,,,,,,,,,,,Mineralization,,,,,,,,,,,,,,,,,,,,,,,,,,,,,,,,99.7,None,,,,,,,,,,,,,,,,,,,,,,,,,,,,,,,,,,,,,,,,,,,,,,,,,,,,,,,,,,,,,,,,SD,Oral (Gavage),,,,,,,,,,,,,,,,Renal tubule (Proximal),,,,,,Male,Main,"National Institute of Health Sciences, Japan",Kidney,RDT,Research Institute for Animal Science in Biochemistry & Toxicology,Histopathological findings,1000,mg/kg bdwt/d,Administered dose(mass),30,mg/kg bdwt/d,Administered dose(mass),0,d,Time,,,,,,,,,,,,,,,,,,,,,,,,,,,,,,,,,,,,,,,,,,,,,,,,,,,,,,,,,,,,,,,28,d,Time,,,1000,,mg/kg bdwt/d,Administered dose(mass),,,1000,,mg/kg/d,Administered dose(mass),,
78-42-2,"Phosphoric acid, tris(2-ethylhexyl) ester;tris (2-ethylhexyl) phosphate;Tris(2-ethylhexyl) phosphate;tris(2-ethylhexyl)ester phosphoric acid;tris(2-ethylhexyl)ester_phosphoric_acid;tris(2-ethylhexyl)phosphate;Tris(2-ethylhexyl)phosphate (TEHP)",,,,,,,,,,,,,,,,,,,,,,,,,,,,,,,,,,,,,,,,,,,,,,,,,,,,,,,,,,,,,,,,,,,,,,,,,,,,,,,,,,,,,,,,,,,,,,,,,,,,,,,,,,,,,,,,,,,,,,,,,,,,,,,,Human Health Hazards#Repeated Dose Toxicity,Repeated Dose Toxicity HESS,1993,,NOEL,OECD TG 407,False,No qualifier,Equal,,,,,,,,,,,Rat,,,,,,,,,,,,,,,,,,,,,,,,,,,,,,,,,,,,,,Necrosis,,,,,,,,,,,,,,,,,,,,,,,,,,,,,,,,99.7,None,,,,,,,,,,,,,,,,,,,,,,,,,,,,,,,,,,,,,,,,,,,,,,,,,,,,,,,,,,,,,,,,SD,Oral (Gavage),,,,,,,,,,,,,,,,Pelvis/Papilla,,,,,,Female,Main,"National Institute of Health Sciences, Japan",Kidney,RDT,Research Institute for Animal Science in Biochemistry & Toxicology,Histopathological findings,1000,mg/kg bdwt/d,Administered dose(mass),30,mg/kg bdwt/d,Administered dose(mass),0,d,Time,,,,,,,,,,,,,,,,,,,,,,,,,,,,,,,,,,,,,,,,,,,,,,,,,,,,,,,,,,,,,,,28,d,Time,,,1000,,mg/kg bdwt/d,Administered dose(mass),,,1000,,mg/kg/d,Administered dose(mass),,
78-42-2,"Phosphoric acid, tris(2-ethylhexyl) ester;tris (2-ethylhexyl) phosphate;Tris(2-ethylhexyl) phosphate;tris(2-ethylhexyl)ester phosphoric acid;tris(2-ethylhexyl)ester_phosphoric_acid;tris(2-ethylhexyl)phosphate;Tris(2-ethylhexyl)phosphate (TEHP)",,,,,,,,,,,,,,,,,,,,,,,,,,,,,,,,,,,,,,,,,,,,,,,,,,,,,,,,,,,,,,,,,,,,,,,,,,,,,,,,,,,,,,,,,,,,,,,,,,,,,,,,,,,,,,,,,,,,,,,,,,,,,,,,Human Health Hazards#Repeated Dose Toxicity,Repeated Dose Toxicity HESS,1993,,NOEL,OECD TG 407,False,No qualifier,Equal,,,,,,,,,,,Rat,,,,,,,,,,,,,,,,,,,,,,,,,,,,,,,,,,,,,,Necrosis,,,,,,,,,,,,,,,,,,,,,,,,,,,,,,,,99.7,None,,,,,,,,,,,,,,,,,,,,,,,,,,,,,,,,,,,,,,,,,,,,,,,,,,,,,,,,,,,,,,,,SD,Oral (Gavage),,,,,,,,,,,,,,,,Pelvis/Papilla,,,,,,Male,Main,"National Institute of Health Sciences, Japan",Kidney,RDT,Research Institute for Animal Science in Biochemistry & Toxicology,Histopathological findings,1000,mg/kg bdwt/d,Administered dose(mass),30,mg/kg bdwt/d,Administered dose(mass),0,d,Time,,,,,,,,,,,,,,,,,,,,,,,,,,,,,,,,,,,,,,,,,,,,,,,,,,,,,,,,,,,,,,,28,d,Time,,,1000,,mg/kg bdwt/d,Administered dose(mass),,,1000,,mg/kg/d,Administered dose(mass),,
78-42-2,"Phosphoric acid, tris(2-ethylhexyl) ester;tris (2-ethylhexyl) phosphate;Tris(2-ethylhexyl) phosphate;tris(2-ethylhexyl)ester phosphoric acid;tris(2-ethylhexyl)ester_phosphoric_acid;tris(2-ethylhexyl)phosphate;Tris(2-ethylhexyl)phosphate (TEHP)",,,,,,,,,,,,,,,,,,,,,,,,,,,,,,,,,,,,,,,,,,,,,,,,,,,,,,,,,,,,,,,,,,,,,,,,,,,,,,,,,,,,,,,,,,,,,,,,,,,,,,,,,,,,,,,,,,,,,,,,,,,,,,,,Human Health Hazards#Repeated Dose Toxicity,Repeated Dose Toxicity HESS,1993,,NOEL,OECD TG 407,False,No qualifier,Equal,,,,,,,,,,,Rat,,,,,,,,,,,,,,,,,,,,,,,,,,,,,,,,,,,,,,Necrosis,,,,,,,,,,,,,,,,,,,,,,,,,,,,,,,,99.7,None,,,,,,,,,,,,,,,,,,,,,,,,,,,,,,,,,,,,,,,,,,,,,,,,,,,,,,,,,,,,,,,,SD,Oral (Gavage),,,,,,,,,,,,,,,,Renal tubule (Other),,,,,,Female,Main,"National Institute of Health Sciences, Japan",Kidney,RDT,Research Institute for Animal Science in Biochemistry & Toxicology,Histopathological findings,1000,mg/kg bdwt/d,Administered dose(mass),30,mg/kg bdwt/d,Administered dose(mass),0,d,Time,,,,,,,,,,,,,,,,,,,,,,,,,,,,,,,,,,,,,,,,,,,,,,,,,,,,,,,,,,,,,,,28,d,Time,,,1000,,mg/kg bdwt/d,Administered dose(mass),,,1000,,mg/kg/d,Administered dose(mass),,
78-42-2,"Phosphoric acid, tris(2-ethylhexyl) ester;tris (2-ethylhexyl) phosphate;Tris(2-ethylhexyl) phosphate;tris(2-ethylhexyl)ester phosphoric acid;tris(2-ethylhexyl)ester_phosphoric_acid;tris(2-ethylhexyl)phosphate;Tris(2-ethylhexyl)phosphate (TEHP)",,,,,,,,,,,,,,,,,,,,,,,,,,,,,,,,,,,,,,,,,,,,,,,,,,,,,,,,,,,,,,,,,,,,,,,,,,,,,,,,,,,,,,,,,,,,,,,,,,,,,,,,,,,,,,,,,,,,,,,,,,,,,,,,Human Health Hazards#Repeated Dose Toxicity,Repeated Dose Toxicity HESS,1993,,NOEL,OECD TG 407,False,No qualifier,Equal,,,,,,,,,,,Rat,,,,,,,,,,,,,,,,,,,,,,,,,,,,,,,,,,,,,,Necrosis,,,,,,,,,,,,,,,,,,,,,,,,,,,,,,,,99.7,None,,,,,,,,,,,,,,,,,,,,,,,,,,,,,,,,,,,,,,,,,,,,,,,,,,,,,,,,,,,,,,,,SD,Oral (Gavage),,,,,,,,,,,,,,,,Renal tubule (Distal/Collecting duct),,,,,,Female,Main,"National Institute of Health Sciences, Japan",Kidney,RDT,Research Institute for Animal Science in Biochemistry & Toxicology,Histopathological findings,1000,mg/kg bdwt/d,Administered dose(mass),30,mg/kg bdwt/d,Administered dose(mass),0,d,Time,,,,,,,,,,,,,,,,,,,,,,,,,,,,,,,,,,,,,,,,,,,,,,,,,,,,,,,,,,,,,,,28,d,Time,,,1000,,mg/kg bdwt/d,Administered dose(mass),,,1000,,mg/kg/d,Administered dose(mass),,
78-42-2,"Phosphoric acid, tris(2-ethylhexyl) ester;tris (2-ethylhexyl) phosphate;Tris(2-ethylhexyl) phosphate;tris(2-ethylhexyl)ester phosphoric acid;tris(2-ethylhexyl)ester_phosphoric_acid;tris(2-ethylhexyl)phosphate;Tris(2-ethylhexyl)phosphate (TEHP)",,,,,,,,,,,,,,,,,,,,,,,,,,,,,,,,,,,,,,,,,,,,,,,,,,,,,,,,,,,,,,,,,,,,,,,,,,,,,,,,,,,,,,,,,,,,,,,,,,,,,,,,,,,,,,,,,,,,,,,,,,,,,,,,Human Health Hazards#Repeated Dose Toxicity,Repeated Dose Toxicity HESS,1993,,NOEL,OECD TG 407,False,No qualifier,Equal,,,,,,,,,,,Rat,,,,,,,,,,,,,,,,,,,,,,,,,,,,,,,,,,,,,,Necrosis,,,,,,,,,,,,,,,,,,,,,,,,,,,,,,,,99.7,None,,,,,,,,,,,,,,,,,,,,,,,,,,,,,,,,,,,,,,,,,,,,,,,,,,,,,,,,,,,,,,,,SD,Oral (Gavage),,,,,,,,,,,,,,,,Renal tubule (Proximal),,,,,,Female,Main,"National Institute of Health Sciences, Japan",Kidney,RDT,Research Institute for Animal Science in Biochemistry & Toxicology,Histopathological findings,1000,mg/kg bdwt/d,Administered dose(mass),30,mg/kg bdwt/d,Administered dose(mass),0,d,Time,,,,,,,,,,,,,,,,,,,,,,,,,,,,,,,,,,,,,,,,,,,,,,,,,,,,,,,,,,,,,,,28,d,Time,,,1000,,mg/kg bdwt/d,Administered dose(mass),,,1000,,mg/kg/d,Administered dose(mass),,
78-42-2,"Phosphoric acid, tris(2-ethylhexyl) ester;tris (2-ethylhexyl) phosphate;Tris(2-ethylhexyl) phosphate;tris(2-ethylhexyl)ester phosphoric acid;tris(2-ethylhexyl)ester_phosphoric_acid;tris(2-ethylhexyl)phosphate;Tris(2-ethylhexyl)phosphate (TEHP)",,,,,,,,,,,,,,,,,,,,,,,,,,,,,,,,,,,,,,,,,,,,,,,,,,,,,,,,,,,,,,,,,,,,,,,,,,,,,,,,,,,,,,,,,,,,,,,,,,,,,,,,,,,,,,,,,,,,,,,,,,,,,,,,Human Health Hazards#Repeated Dose Toxicity,Repeated Dose Toxicity HESS,1993,,NOEL,OECD TG 407,False,No qualifier,Equal,,,,,,,,,,,Rat,,,,,,,,,,,,,,,,,,,,,,,,,,,,,,,,,,,,,,Necrosis,,,,,,,,,,,,,,,,,,,,,,,,,,,,,,,,99.7,None,,,,,,,,,,,,,,,,,,,,,,,,,,,,,,,,,,,,,,,,,,,,,,,,,,,,,,,,,,,,,,,,SD,Oral (Gavage),,,,,,,,,,,,,,,,Renal tubule (Other),,,,,,Male,Main,"National Institute of Health Sciences, Japan",Kidney,RDT,Research Institute for Animal Science in Biochemistry & Toxicology,Histopathological findings,1000,mg/kg bdwt/d,Administered dose(mass),30,mg/kg bdwt/d,Administered dose(mass),0,d,Time,,,,,,,,,,,,,,,,,,,,,,,,,,,,,,,,,,,,,,,,,,,,,,,,,,,,,,,,,,,,,,,28,d,Time,,,1000,,mg/kg bdwt/d,Administered dose(mass),,,1000,,mg/kg/d,Administered dose(mass),,
78-42-2,"Phosphoric acid, tris(2-ethylhexyl) ester;tris (2-ethylhexyl) phosphate;Tris(2-ethylhexyl) phosphate;tris(2-ethylhexyl)ester phosphoric acid;tris(2-ethylhexyl)ester_phosphoric_acid;tris(2-ethylhexyl)phosphate;Tris(2-ethylhexyl)phosphate (TEHP)",,,,,,,,,,,,,,,,,,,,,,,,,,,,,,,,,,,,,,,,,,,,,,,,,,,,,,,,,,,,,,,,,,,,,,,,,,,,,,,,,,,,,,,,,,,,,,,,,,,,,,,,,,,,,,,,,,,,,,,,,,,,,,,,Human Health Hazards#Repeated Dose Toxicity,Repeated Dose Toxicity HESS,1993,,NOEL,OECD TG 407,False,No qualifier,Equal,,,,,,,,,,,Rat,,,,,,,,,,,,,,,,,,,,,,,,,,,,,,,,,,,,,,Necrosis,,,,,,,,,,,,,,,,,,,,,,,,,,,,,,,,99.7,None,,,,,,,,,,,,,,,,,,,,,,,,,,,,,,,,,,,,,,,,,,,,,,,,,,,,,,,,,,,,,,,,SD,Oral (Gavage),,,,,,,,,,,,,,,,Renal tubule (Distal/Collecting duct),,,,,,Male,Main,"National Institute of Health Sciences, Japan",Kidney,RDT,Research Institute for Animal Science in Biochemistry & Toxicology,Histopathological findings,1000,mg/kg bdwt/d,Administered dose(mass),30,mg/kg bdwt/d,Administered dose(mass),0,d,Time,,,,,,,,,,,,,,,,,,,,,,,,,,,,,,,,,,,,,,,,,,,,,,,,,,,,,,,,,,,,,,,28,d,Time,,,1000,,mg/kg bdwt/d,Administered dose(mass),,,1000,,mg/kg/d,Administered dose(mass),,
78-42-2,"Phosphoric acid, tris(2-ethylhexyl) ester;tris (2-ethylhexyl) phosphate;Tris(2-ethylhexyl) phosphate;tris(2-ethylhexyl)ester phosphoric acid;tris(2-ethylhexyl)ester_phosphoric_acid;tris(2-ethylhexyl)phosphate;Tris(2-ethylhexyl)phosphate (TEHP)",,,,,,,,,,,,,,,,,,,,,,,,,,,,,,,,,,,,,,,,,,,,,,,,,,,,,,,,,,,,,,,,,,,,,,,,,,,,,,,,,,,,,,,,,,,,,,,,,,,,,,,,,,,,,,,,,,,,,,,,,,,,,,,,Human Health Hazards#Repeated Dose Toxicity,Repeated Dose Toxicity HESS,1993,,NOEL,OECD TG 407,False,No qualifier,Equal,,,,,,,,,,,Rat,,,,,,,,,,,,,,,,,,,,,,,,,,,,,,,,,,,,,,Necrosis,,,,,,,,,,,,,,,,,,,,,,,,,,,,,,,,99.7,None,,,,,,,,,,,,,,,,,,,,,,,,,,,,,,,,,,,,,,,,,,,,,,,,,,,,,,,,,,,,,,,,SD,Oral (Gavage),,,,,,,,,,,,,,,,Renal tubule (Proximal),,,,,,Male,Main,"National Institute of Health Sciences, Japan",Kidney,RDT,Research Institute for Animal Science in Biochemistry & Toxicology,Histopathological findings,1000,mg/kg bdwt/d,Administered dose(mass),30,mg/kg bdwt/d,Administered dose(mass),0,d,Time,,,,,,,,,,,,,,,,,,,,,,,,,,,,,,,,,,,,,,,,,,,,,,,,,,,,,,,,,,,,,,,28,d,Time,,,1000,,mg/kg bdwt/d,Administered dose(mass),,,1000,,mg/kg/d,Administered dose(mass),,
78-42-2,"Phosphoric acid, tris(2-ethylhexyl) ester;tris (2-ethylhexyl) phosphate;Tris(2-ethylhexyl) phosphate;tris(2-ethylhexyl)ester phosphoric acid;tris(2-ethylhexyl)ester_phosphoric_acid;tris(2-ethylhexyl)phosphate;Tris(2-ethylhexyl)phosphate (TEHP)",,,,,,,,,,,,,,,,,,,,,,,,,,,,,,,,,,,,,,,,,,,,,,,,,,,,,,,,,,,,,,,,,,,,,,,,,,,,,,,,,,,,,,,,,,,,,,,,,,,,,,,,,,,,,,,,,,,,,,,,,,,,,,,,Human Health Hazards#Repeated Dose Toxicity,Repeated Dose Toxicity HESS,1993,,NOEL,OECD TG 407,False,No qualifier,Equal,,,,,,,,,,,Rat,,,,,,,,,,,,,,,,,,,,,,,,,,,,,,,,,,,,,,Nephropathy,,,,,,,,,,,,,,,,,,,,,,,,,,,,,,,,99.7,None,,,,,,,,,,,,,,,,,,,,,,,,,,,,,,,,,,,,,,,,,,,,,,,,,,,,,,,,,,,,,,,,SD,Oral (Gavage),,,,,,,,,,,,,,,,,,,,,,Female,Main,"National Institute of Health Sciences, Japan",Kidney,RDT,Research Institute for Animal Science in Biochemistry & Toxicology,Histopathological findings,1000,mg/kg bdwt/d,Administered dose(mass),30,mg/kg bdwt/d,Administered dose(mass),0,d,Time,,,,,,,,,,,,,,,,,,,,,,,,,,,,,,,,,,,,,,,,,,,,,,,,,,,,,,,,,,,,,,,28,d,Time,,,1000,,mg/kg bdwt/d,Administered dose(mass),,,1000,,mg/kg/d,Administered dose(mass),,
78-42-2,"Phosphoric acid, tris(2-ethylhexyl) ester;tris (2-ethylhexyl) phosphate;Tris(2-ethylhexyl) phosphate;tris(2-ethylhexyl)ester phosphoric acid;tris(2-ethylhexyl)ester_phosphoric_acid;tris(2-ethylhexyl)phosphate;Tris(2-ethylhexyl)phosphate (TEHP)",,,,,,,,,,,,,,,,,,,,,,,,,,,,,,,,,,,,,,,,,,,,,,,,,,,,,,,,,,,,,,,,,,,,,,,,,,,,,,,,,,,,,,,,,,,,,,,,,,,,,,,,,,,,,,,,,,,,,,,,,,,,,,,,Human Health Hazards#Repeated Dose Toxicity,Repeated Dose Toxicity HESS,1993,,NOEL,OECD TG 407,False,No qualifier,Equal,,,,,,,,,,,Rat,,,,,,,,,,,,,,,,,,,,,,,,,,,,,,,,,,,,,,Nephropathy,,,,,,,,,,,,,,,,,,,,,,,,,,,,,,,,99.7,None,,,,,,,,,,,,,,,,,,,,,,,,,,,,,,,,,,,,,,,,,,,,,,,,,,,,,,,,,,,,,,,,SD,Oral (Gavage),,,,,,,,,,,,,,,,,,,,,,Male,Main,"National Institute of Health Sciences, Japan",Kidney,RDT,Research Institute for Animal Science in Biochemistry & Toxicology,Histopathological findings,1000,mg/kg bdwt/d,Administered dose(mass),30,mg/kg bdwt/d,Administered dose(mass),0,d,Time,,,,,,,,,,,,,,,,,,,,,,,,,,,,,,,,,,,,,,,,,,,,,,,,,,,,,,,,,,,,,,,28,d,Time,,,1000,,mg/kg bdwt/d,Administered dose(mass),,,1000,,mg/kg/d,Administered dose(mass),,
78-42-2,"Phosphoric acid, tris(2-ethylhexyl) ester;tris (2-ethylhexyl) phosphate;Tris(2-ethylhexyl) phosphate;tris(2-ethylhexyl)ester phosphoric acid;tris(2-ethylhexyl)ester_phosphoric_acid;tris(2-ethylhexyl)phosphate;Tris(2-ethylhexyl)phosphate (TEHP)",,,,,,,,,,,,,,,,,,,,,,,,,,,,,,,,,,,,,,,,,,,,,,,,,,,,,,,,,,,,,,,,,,,,,,,,,,,,,,,,,,,,,,,,,,,,,,,,,,,,,,,,,,,,,,,,,,,,,,,,,,,,,,,,Human Health Hazards#Repeated Dose Toxicity,Repeated Dose Toxicity HESS,1993,,NOEL,OECD TG 407,False,No qualifier,Equal,,,,,,,,,,,Rat,,,,,,,,,,,,,,,,,,,,,,,,,,,,,,,,,,,,,,Other Findings,,,,,,,,,,,,,,,,,,,,,,,,,,,,,,,,99.7,None,,,,,,,,,,,,,,,,,,,,,,,,,,,,,,,,,,,,,,,,,,,,,,,,,,,,,,,,,,,,,,,,SD,Oral (Gavage),,,,,,,,,,,,,,,,Pelvis/Papilla,,,,,,Female,Main,"National Institute of Health Sciences, Japan",Kidney,RDT,Research Institute for Animal Science in Biochemistry & Toxicology,Histopathological findings,1000,mg/kg bdwt/d,Administered dose(mass),30,mg/kg bdwt/d,Administered dose(mass),0,d,Time,,,,,,,,,,,,,,,,,,,,,,,,,,,,,,,,,,,,,,,,,,,,,,,,,,,,,,,,,,,,,,,28,d,Time,,,1000,,mg/kg bdwt/d,Administered dose(mass),,,1000,,mg/kg/d,Administered dose(mass),,
78-42-2,"Phosphoric acid, tris(2-ethylhexyl) ester;tris (2-ethylhexyl) phosphate;Tris(2-ethylhexyl) phosphate;tris(2-ethylhexyl)ester phosphoric acid;tris(2-ethylhexyl)ester_phosphoric_acid;tris(2-ethylhexyl)phosphate;Tris(2-ethylhexyl)phosphate (TEHP)",,,,,,,,,,,,,,,,,,,,,,,,,,,,,,,,,,,,,,,,,,,,,,,,,,,,,,,,,,,,,,,,,,,,,,,,,,,,,,,,,,,,,,,,,,,,,,,,,,,,,,,,,,,,,,,,,,,,,,,,,,,,,,,,Human Health Hazards#Repeated Dose Toxicity,Repeated Dose Toxicity HESS,1993,,NOEL,OECD TG 407,False,No qualifier,Equal,,,,,,,,,,,Rat,,,,,,,,,,,,,,,,,,,,,,,,,,,,,,,,,,,,,,Other Findings,,,,,,,,,,,,,,,,,,,,,,,,,,,,,,,,99.7,None,,,,,,,,,,,,,,,,,,,,,,,,,,,,,,,,,,,,,,,,,,,,,,,,,,,,,,,,,,,,,,,,SD,Oral (Gavage),,,,,,,,,,,,,,,,Renal tubule (Other),,,,,,Female,Main,"National Institute of Health Sciences, Japan",Kidney,RDT,Research Institute for Animal Science in Biochemistry & Toxicology,Histopathological findings,1000,mg/kg bdwt/d,Administered dose(mass),30,mg/kg bdwt/d,Administered dose(mass),0,d,Time,,,,,,,,,,,,,,,,,,,,,,,,,,,,,,,,,,,,,,,,,,,,,,,,,,,,,,,,,,,,,,,28,d,Time,,,1000,,mg/kg bdwt/d,Administered dose(mass),,,1000,,mg/kg/d,Administered dose(mass),,
78-42-2,"Phosphoric acid, tris(2-ethylhexyl) ester;tris (2-ethylhexyl) phosphate;Tris(2-ethylhexyl) phosphate;tris(2-ethylhexyl)ester phosphoric acid;tris(2-ethylhexyl)ester_phosphoric_acid;tris(2-ethylhexyl)phosphate;Tris(2-ethylhexyl)phosphate (TEHP)",,,,,,,,,,,,,,,,,,,,,,,,,,,,,,,,,,,,,,,,,,,,,,,,,,,,,,,,,,,,,,,,,,,,,,,,,,,,,,,,,,,,,,,,,,,,,,,,,,,,,,,,,,,,,,,,,,,,,,,,,,,,,,,,Human Health Hazards#Repeated Dose Toxicity,Repeated Dose Toxicity HESS,1993,,NOEL,OECD TG 407,False,No qualifier,Equal,,,,,,,,,,,Rat,,,,,,,,,,,,,,,,,,,,,,,,,,,,,,,,,,,,,,Other Findings,,,,,,,,,,,,,,,,,,,,,,,,,,,,,,,,99.7,None,,,,,,,,,,,,,,,,,,,,,,,,,,,,,,,,,,,,,,,,,,,,,,,,,,,,,,,,,,,,,,,,SD,Oral (Gavage),,,,,,,,,,,,,,,,Renal tubule (Distal/Collecting duct),,,,,,Female,Main,"National Institute of Health Sciences, Japan",Kidney,RDT,Research Institute for Animal Science in Biochemistry & Toxicology,Histopathological findings,1000,mg/kg bdwt/d,Administered dose(mass),30,mg/kg bdwt/d,Administered dose(mass),0,d,Time,,,,,,,,,,,,,,,,,,,,,,,,,,,,,,,,,,,,,,,,,,,,,,,,,,,,,,,,,,,,,,,28,d,Time,,,1000,,mg/kg bdwt/d,Administered dose(mass),,,1000,,mg/kg/d,Administered dose(mass),,
78-42-2,"Phosphoric acid, tris(2-ethylhexyl) ester;tris (2-ethylhexyl) phosphate;Tris(2-ethylhexyl) phosphate;tris(2-ethylhexyl)ester phosphoric acid;tris(2-ethylhexyl)ester_phosphoric_acid;tris(2-ethylhexyl)phosphate;Tris(2-ethylhexyl)phosphate (TEHP)",,,,,,,,,,,,,,,,,,,,,,,,,,,,,,,,,,,,,,,,,,,,,,,,,,,,,,,,,,,,,,,,,,,,,,,,,,,,,,,,,,,,,,,,,,,,,,,,,,,,,,,,,,,,,,,,,,,,,,,,,,,,,,,,Human Health Hazards#Repeated Dose Toxicity,Repeated Dose Toxicity HESS,1993,,NOEL,OECD TG 407,False,No qualifier,Equal,,,,,,,,,,,Rat,,,,,,,,,,,,,,,,,,,,,,,,,,,,,,,,,,,,,,Other Findings,,,,,,,,,,,,,,,,,,,,,,,,,,,,,,,,99.7,None,,,,,,,,,,,,,,,,,,,,,,,,,,,,,,,,,,,,,,,,,,,,,,,,,,,,,,,,,,,,,,,,SD,Oral (Gavage),,,,,,,,,,,,,,,,Renal tubule (Proximal),,,,,,Female,Main,"National Institute of Health Sciences, Japan",Kidney,RDT,Research Institute for Animal Science in Biochemistry & Toxicology,Histopathological findings,1000,mg/kg bdwt/d,Administered dose(mass),30,mg/kg bdwt/d,Administered dose(mass),0,d,Time,,,,,,,,,,,,,,,,,,,,,,,,,,,,,,,,,,,,,,,,,,,,,,,,,,,,,,,,,,,,,,,28,d,Time,,,1000,,mg/kg bdwt/d,Administered dose(mass),,,1000,,mg/kg/d,Administered dose(mass),,
78-42-2,"Phosphoric acid, tris(2-ethylhexyl) ester;tris (2-ethylhexyl) phosphate;Tris(2-ethylhexyl) phosphate;tris(2-ethylhexyl)ester phosphoric acid;tris(2-ethylhexyl)ester_phosphoric_acid;tris(2-ethylhexyl)phosphate;Tris(2-ethylhexyl)phosphate (TEHP)",,,,,,,,,,,,,,,,,,,,,,,,,,,,,,,,,,,,,,,,,,,,,,,,,,,,,,,,,,,,,,,,,,,,,,,,,,,,,,,,,,,,,,,,,,,,,,,,,,,,,,,,,,,,,,,,,,,,,,,,,,,,,,,,Human Health Hazards#Repeated Dose Toxicity,Repeated Dose Toxicity HESS,1993,,NOEL,OECD TG 407,False,No qualifier,Equal,,,,,,,,,,,Rat,,,,,,,,,,,,,,,,,,,,,,,,,,,,,,,,,,,,,,Other Findings,,,,,,,,,,,,,,,,,,,,,,,,,,,,,,,,99.7,None,,,,,,,,,,,,,,,,,,,,,,,,,,,,,,,,,,,,,,,,,,,,,,,,,,,,,,,,,,,,,,,,SD,Oral (Gavage),,,,,,,,,,,,,,,,,,,,,,Female,Main,"National Institute of Health Sciences, Japan",Kidney,RDT,Research Institute for Animal Science in Biochemistry & Toxicology,Histopathological findings,1000,mg/kg bdwt/d,Administered dose(mass),30,mg/kg bdwt/d,Administered dose(mass),0,d,Time,,,,,,,,,,,,,,,,,,,,,,,,,,,,,,,,,,,,,,,,,,,,,,,,,,,,,,,,,,,,,,,28,d,Time,,,1000,,mg/kg bdwt/d,Administered dose(mass),,,1000,,mg/kg/d,Administered dose(mass),,
78-42-2,"Phosphoric acid, tris(2-ethylhexyl) ester;tris (2-ethylhexyl) phosphate;Tris(2-ethylhexyl) phosphate;tris(2-ethylhexyl)ester phosphoric acid;tris(2-ethylhexyl)ester_phosphoric_acid;tris(2-ethylhexyl)phosphate;Tris(2-ethylhexyl)phosphate (TEHP)",,,,,,,,,,,,,,,,,,,,,,,,,,,,,,,,,,,,,,,,,,,,,,,,,,,,,,,,,,,,,,,,,,,,,,,,,,,,,,,,,,,,,,,,,,,,,,,,,,,,,,,,,,,,,,,,,,,,,,,,,,,,,,,,Human Health Hazards#Repeated Dose Toxicity,Repeated Dose Toxicity HESS,1993,,NOEL,OECD TG 407,False,No qualifier,Equal,,,,,,,,,,,Rat,,,,,,,,,,,,,,,,,,,,,,,,,,,,,,,,,,,,,,Other Findings,,,,,,,,,,,,,,,,,,,,,,,,,,,,,,,,99.7,None,,,,,,,,,,,,,,,,,,,,,,,,,,,,,,,,,,,,,,,,,,,,,,,,,,,,,,,,,,,,,,,,SD,Oral (Gavage),,,,,,,,,,,,,,,,,,,,,,Male,Main,"National Institute of Health Sciences, Japan",Kidney,RDT,Research Institute for Animal Science in Biochemistry & Toxicology,Histopathological findings,1000,mg/kg bdwt/d,Administered dose(mass),30,mg/kg bdwt/d,Administered dose(mass),0,d,Time,,,,,,,,,,,,,,,,,,,,,,,,,,,,,,,,,,,,,,,,,,,,,,,,,,,,,,,,,,,,,,,28,d,Time,,,1000,,mg/kg bdwt/d,Administered dose(mass),,,1000,,mg/kg/d,Administered dose(mass),,
78-42-2,"Phosphoric acid, tris(2-ethylhexyl) ester;tris (2-ethylhexyl) phosphate;Tris(2-ethylhexyl) phosphate;tris(2-ethylhexyl)ester phosphoric acid;tris(2-ethylhexyl)ester_phosphoric_acid;tris(2-ethylhexyl)phosphate;Tris(2-ethylhexyl)phosphate (TEHP)",,,,,,,,,,,,,,,,,,,,,,,,,,,,,,,,,,,,,,,,,,,,,,,,,,,,,,,,,,,,,,,,,,,,,,,,,,,,,,,,,,,,,,,,,,,,,,,,,,,,,,,,,,,,,,,,,,,,,,,,,,,,,,,,Human Health Hazards#Repeated Dose Toxicity,Repeated Dose Toxicity HESS,1993,,NOEL,OECD TG 407,False,No qualifier,Equal,,,,,,,,,,,Rat,,,,,,,,,,,,,,,,,,,,,,,,,,,,,,,,,,,,,,Other Findings,,,,,,,,,,,,,,,,,,,,,,,,,,,,,,,,99.7,None,,,,,,,,,,,,,,,,,,,,,,,,,,,,,,,,,,,,,,,,,,,,,,,,,,,,,,,,,,,,,,,,SD,Oral (Gavage),,,,,,,,,,,,,,,,Pelvis/Papilla,,,,,,Male,Main,"National Institute of Health Sciences, Japan",Kidney,RDT,Research Institute for Animal Science in Biochemistry & Toxicology,Histopathological findings,1000,mg/kg bdwt/d,Administered dose(mass),30,mg/kg bdwt/d,Administered dose(mass),0,d,Time,,,,,,,,,,,,,,,,,,,,,,,,,,,,,,,,,,,,,,,,,,,,,,,,,,,,,,,,,,,,,,,28,d,Time,,,1000,,mg/kg bdwt/d,Administered dose(mass),,,1000,,mg/kg/d,Administered dose(mass),,
78-42-2,"Phosphoric acid, tris(2-ethylhexyl) ester;tris (2-ethylhexyl) phosphate;Tris(2-ethylhexyl) phosphate;tris(2-ethylhexyl)ester phosphoric acid;tris(2-ethylhexyl)ester_phosphoric_acid;tris(2-ethylhexyl)phosphate;Tris(2-ethylhexyl)phosphate (TEHP)",,,,,,,,,,,,,,,,,,,,,,,,,,,,,,,,,,,,,,,,,,,,,,,,,,,,,,,,,,,,,,,,,,,,,,,,,,,,,,,,,,,,,,,,,,,,,,,,,,,,,,,,,,,,,,,,,,,,,,,,,,,,,,,,Human Health Hazards#Repeated Dose Toxicity,Repeated Dose Toxicity HESS,1993,,NOEL,OECD TG 407,False,No qualifier,Equal,,,,,,,,,,,Rat,,,,,,,,,,,,,,,,,,,,,,,,,,,,,,,,,,,,,,Other Findings,,,,,,,,,,,,,,,,,,,,,,,,,,,,,,,,99.7,None,,,,,,,,,,,,,,,,,,,,,,,,,,,,,,,,,,,,,,,,,,,,,,,,,,,,,,,,,,,,,,,,SD,Oral (Gavage),,,,,,,,,,,,,,,,Renal tubule (Other),,,,,,Male,Main,"National Institute of Health Sciences, Japan",Kidney,RDT,Research Institute for Animal Science in Biochemistry & Toxicology,Histopathological findings,1000,mg/kg bdwt/d,Administered dose(mass),30,mg/kg bdwt/d,Administered dose(mass),0,d,Time,,,,,,,,,,,,,,,,,,,,,,,,,,,,,,,,,,,,,,,,,,,,,,,,,,,,,,,,,,,,,,,28,d,Time,,,1000,,mg/kg bdwt/d,Administered dose(mass),,,1000,,mg/kg/d,Administered dose(mass),,
78-42-2,"Phosphoric acid, tris(2-ethylhexyl) ester;tris (2-ethylhexyl) phosphate;Tris(2-ethylhexyl) phosphate;tris(2-ethylhexyl)ester phosphoric acid;tris(2-ethylhexyl)ester_phosphoric_acid;tris(2-ethylhexyl)phosphate;Tris(2-ethylhexyl)phosphate (TEHP)",,,,,,,,,,,,,,,,,,,,,,,,,,,,,,,,,,,,,,,,,,,,,,,,,,,,,,,,,,,,,,,,,,,,,,,,,,,,,,,,,,,,,,,,,,,,,,,,,,,,,,,,,,,,,,,,,,,,,,,,,,,,,,,,Human Health Hazards#Repeated Dose Toxicity,Repeated Dose Toxicity HESS,1993,,NOEL,OECD TG 407,False,No qualifier,Equal,,,,,,,,,,,Rat,,,,,,,,,,,,,,,,,,,,,,,,,,,,,,,,,,,,,,Other Findings,,,,,,,,,,,,,,,,,,,,,,,,,,,,,,,,99.7,None,,,,,,,,,,,,,,,,,,,,,,,,,,,,,,,,,,,,,,,,,,,,,,,,,,,,,,,,,,,,,,,,SD,Oral (Gavage),,,,,,,,,,,,,,,,Renal tubule (Distal/Collecting duct),,,,,,Male,Main,"National Institute of Health Sciences, Japan",Kidney,RDT,Research Institute for Animal Science in Biochemistry & Toxicology,Histopathological findings,1000,mg/kg bdwt/d,Administered dose(mass),30,mg/kg bdwt/d,Administered dose(mass),0,d,Time,,,,,,,,,,,,,,,,,,,,,,,,,,,,,,,,,,,,,,,,,,,,,,,,,,,,,,,,,,,,,,,28,d,Time,,,1000,,mg/kg bdwt/d,Administered dose(mass),,,1000,,mg/kg/d,Administered dose(mass),,
78-42-2,"Phosphoric acid, tris(2-ethylhexyl) ester;tris (2-ethylhexyl) phosphate;Tris(2-ethylhexyl) phosphate;tris(2-ethylhexyl)ester phosphoric acid;tris(2-ethylhexyl)ester_phosphoric_acid;tris(2-ethylhexyl)phosphate;Tris(2-ethylhexyl)phosphate (TEHP)",,,,,,,,,,,,,,,,,,,,,,,,,,,,,,,,,,,,,,,,,,,,,,,,,,,,,,,,,,,,,,,,,,,,,,,,,,,,,,,,,,,,,,,,,,,,,,,,,,,,,,,,,,,,,,,,,,,,,,,,,,,,,,,,Human Health Hazards#Repeated Dose Toxicity,Repeated Dose Toxicity HESS,1993,,NOEL,OECD TG 407,False,No qualifier,Equal,,,,,,,,,,,Rat,,,,,,,,,,,,,,,,,,,,,,,,,,,,,,,,,,,,,,Other Findings,,,,,,,,,,,,,,,,,,,,,,,,,,,,,,,,99.7,None,,,,,,,,,,,,,,,,,,,,,,,,,,,,,,,,,,,,,,,,,,,,,,,,,,,,,,,,,,,,,,,,SD,Oral (Gavage),,,,,,,,,,,,,,,,Renal tubule (Proximal),,,,,,Male,Main,"National Institute of Health Sciences, Japan",Kidney,RDT,Research Institute for Animal Science in Biochemistry & Toxicology,Histopathological findings,1000,mg/kg bdwt/d,Administered dose(mass),30,mg/kg bdwt/d,Administered dose(mass),0,d,Time,,,,,,,,,,,,,,,,,,,,,,,,,,,,,,,,,,,,,,,,,,,,,,,,,,,,,,,,,,,,,,,28,d,Time,,,1000,,mg/kg bdwt/d,Administered dose(mass),,,1000,,mg/kg/d,Administered dose(mass),,
78-42-2,"Phosphoric acid, tris(2-ethylhexyl) ester;tris (2-ethylhexyl) phosphate;Tris(2-ethylhexyl) phosphate;tris(2-ethylhexyl)ester phosphoric acid;tris(2-ethylhexyl)ester_phosphoric_acid;tris(2-ethylhexyl)phosphate;Tris(2-ethylhexyl)phosphate (TEHP)",,,,,,,,,,,,,,,,,,,,,,,,,,,,,,,,,,,,,,,,,,,,,,,,,,,,,,,,,,,,,,,,,,,,,,,,,,,,,,,,,,,,,,,,,,,,,,,,,,,,,,,,,,,,,,,,,,,,,,,,,,,,,,,,Human Health Hazards#Repeated Dose Toxicity,Repeated Dose Toxicity HESS,1993,,NOEL,OECD TG 407,False,No qualifier,Equal,,,,,,,,,,,Rat,,,,,,,,,,,,,,,,,,,,,,,,,,,,,,,,,,,,,,Pigmentation (Hemosiderin),,,,,,,,,,,,,,,,,,,,,,,,,,,,,,,,99.7,None,,,,,,,,,,,,,,,,,,,,,,,,,,,,,,,,,,,,,,,,,,,,,,,,,,,,,,,,,,,,,,,,SD,Oral (Gavage),,,,,,,,,,,,,,,,Renal tubule (Other),,,,,,Female,Main,"National Institute of Health Sciences, Japan",Kidney,RDT,Research Institute for Animal Science in Biochemistry & Toxicology,Histopathological findings,1000,mg/kg bdwt/d,Administered dose(mass),30,mg/kg bdwt/d,Administered dose(mass),0,d,Time,,,,,,,,,,,,,,,,,,,,,,,,,,,,,,,,,,,,,,,,,,,,,,,,,,,,,,,,,,,,,,,28,d,Time,,,1000,,mg/kg bdwt/d,Administered dose(mass),,,1000,,mg/kg/d,Administered dose(mass),,
78-42-2,"Phosphoric acid, tris(2-ethylhexyl) ester;tris (2-ethylhexyl) phosphate;Tris(2-ethylhexyl) phosphate;tris(2-ethylhexyl)ester phosphoric acid;tris(2-ethylhexyl)ester_phosphoric_acid;tris(2-ethylhexyl)phosphate;Tris(2-ethylhexyl)phosphate (TEHP)",,,,,,,,,,,,,,,,,,,,,,,,,,,,,,,,,,,,,,,,,,,,,,,,,,,,,,,,,,,,,,,,,,,,,,,,,,,,,,,,,,,,,,,,,,,,,,,,,,,,,,,,,,,,,,,,,,,,,,,,,,,,,,,,Human Health Hazards#Repeated Dose Toxicity,Repeated Dose Toxicity HESS,1993,,NOEL,OECD TG 407,False,No qualifier,Equal,,,,,,,,,,,Rat,,,,,,,,,,,,,,,,,,,,,,,,,,,,,,,,,,,,,,Pigmentation (Hemosiderin),,,,,,,,,,,,,,,,,,,,,,,,,,,,,,,,99.7,None,,,,,,,,,,,,,,,,,,,,,,,,,,,,,,,,,,,,,,,,,,,,,,,,,,,,,,,,,,,,,,,,SD,Oral (Gavage),,,,,,,,,,,,,,,,Renal tubule (Distal/Collecting duct),,,,,,Female,Main,"National Institute of Health Sciences, Japan",Kidney,RDT,Research Institute for Animal Science in Biochemistry & Toxicology,Histopathological findings,1000,mg/kg bdwt/d,Administered dose(mass),30,mg/kg bdwt/d,Administered dose(mass),0,d,Time,,,,,,,,,,,,,,,,,,,,,,,,,,,,,,,,,,,,,,,,,,,,,,,,,,,,,,,,,,,,,,,28,d,Time,,,1000,,mg/kg bdwt/d,Administered dose(mass),,,1000,,mg/kg/d,Administered dose(mass),,
78-42-2,"Phosphoric acid, tris(2-ethylhexyl) ester;tris (2-ethylhexyl) phosphate;Tris(2-ethylhexyl) phosphate;tris(2-ethylhexyl)ester phosphoric acid;tris(2-ethylhexyl)ester_phosphoric_acid;tris(2-ethylhexyl)phosphate;Tris(2-ethylhexyl)phosphate (TEHP)",,,,,,,,,,,,,,,,,,,,,,,,,,,,,,,,,,,,,,,,,,,,,,,,,,,,,,,,,,,,,,,,,,,,,,,,,,,,,,,,,,,,,,,,,,,,,,,,,,,,,,,,,,,,,,,,,,,,,,,,,,,,,,,,Human Health Hazards#Repeated Dose Toxicity,Repeated Dose Toxicity HESS,1993,,NOEL,OECD TG 407,False,No qualifier,Equal,,,,,,,,,,,Rat,,,,,,,,,,,,,,,,,,,,,,,,,,,,,,,,,,,,,,Pigmentation (Hemosiderin),,,,,,,,,,,,,,,,,,,,,,,,,,,,,,,,99.7,None,,,,,,,,,,,,,,,,,,,,,,,,,,,,,,,,,,,,,,,,,,,,,,,,,,,,,,,,,,,,,,,,SD,Oral (Gavage),,,,,,,,,,,,,,,,Renal tubule (Proximal),,,,,,Female,Main,"National Institute of Health Sciences, Japan",Kidney,RDT,Research Institute for Animal Science in Biochemistry & Toxicology,Histopathological findings,1000,mg/kg bdwt/d,Administered dose(mass),30,mg/kg bdwt/d,Administered dose(mass),0,d,Time,,,,,,,,,,,,,,,,,,,,,,,,,,,,,,,,,,,,,,,,,,,,,,,,,,,,,,,,,,,,,,,28,d,Time,,,1000,,mg/kg bdwt/d,Administered dose(mass),,,1000,,mg/kg/d,Administered dose(mass),,
78-42-2,"Phosphoric acid, tris(2-ethylhexyl) ester;tris (2-ethylhexyl) phosphate;Tris(2-ethylhexyl) phosphate;tris(2-ethylhexyl)ester phosphoric acid;tris(2-ethylhexyl)ester_phosphoric_acid;tris(2-ethylhexyl)phosphate;Tris(2-ethylhexyl)phosphate (TEHP)",,,,,,,,,,,,,,,,,,,,,,,,,,,,,,,,,,,,,,,,,,,,,,,,,,,,,,,,,,,,,,,,,,,,,,,,,,,,,,,,,,,,,,,,,,,,,,,,,,,,,,,,,,,,,,,,,,,,,,,,,,,,,,,,Human Health Hazards#Repeated Dose Toxicity,Repeated Dose Toxicity HESS,1993,,NOEL,OECD TG 407,False,No qualifier,Equal,,,,,,,,,,,Rat,,,,,,,,,,,,,,,,,,,,,,,,,,,,,,,,,,,,,,Pigmentation (Hemosiderin),,,,,,,,,,,,,,,,,,,,,,,,,,,,,,,,99.7,None,,,,,,,,,,,,,,,,,,,,,,,,,,,,,,,,,,,,,,,,,,,,,,,,,,,,,,,,,,,,,,,,SD,Oral (Gavage),,,,,,,,,,,,,,,,Renal tubule (Other),,,,,,Male,Main,"National Institute of Health Sciences, Japan",Kidney,RDT,Research Institute for Animal Science in Biochemistry & Toxicology,Histopathological findings,1000,mg/kg bdwt/d,Administered dose(mass),30,mg/kg bdwt/d,Administered dose(mass),0,d,Time,,,,,,,,,,,,,,,,,,,,,,,,,,,,,,,,,,,,,,,,,,,,,,,,,,,,,,,,,,,,,,,28,d,Time,,,1000,,mg/kg bdwt/d,Administered dose(mass),,,1000,,mg/kg/d,Administered dose(mass),,
78-42-2,"Phosphoric acid, tris(2-ethylhexyl) ester;tris (2-ethylhexyl) phosphate;Tris(2-ethylhexyl) phosphate;tris(2-ethylhexyl)ester phosphoric acid;tris(2-ethylhexyl)ester_phosphoric_acid;tris(2-ethylhexyl)phosphate;Tris(2-ethylhexyl)phosphate (TEHP)",,,,,,,,,,,,,,,,,,,,,,,,,,,,,,,,,,,,,,,,,,,,,,,,,,,,,,,,,,,,,,,,,,,,,,,,,,,,,,,,,,,,,,,,,,,,,,,,,,,,,,,,,,,,,,,,,,,,,,,,,,,,,,,,Human Health Hazards#Repeated Dose Toxicity,Repeated Dose Toxicity HESS,1993,,NOEL,OECD TG 407,False,No qualifier,Equal,,,,,,,,,,,Rat,,,,,,,,,,,,,,,,,,,,,,,,,,,,,,,,,,,,,,Pigmentation (Hemosiderin),,,,,,,,,,,,,,,,,,,,,,,,,,,,,,,,99.7,None,,,,,,,,,,,,,,,,,,,,,,,,,,,,,,,,,,,,,,,,,,,,,,,,,,,,,,,,,,,,,,,,SD,Oral (Gavage),,,,,,,,,,,,,,,,Renal tubule (Distal/Collecting duct),,,,,,Male,Main,"National Institute of Health Sciences, Japan",Kidney,RDT,Research Institute for Animal Science in Biochemistry & Toxicology,Histopathological findings,1000,mg/kg bdwt/d,Administered dose(mass),30,mg/kg bdwt/d,Administered dose(mass),0,d,Time,,,,,,,,,,,,,,,,,,,,,,,,,,,,,,,,,,,,,,,,,,,,,,,,,,,,,,,,,,,,,,,28,d,Time,,,1000,,mg/kg bdwt/d,Administered dose(mass),,,1000,,mg/kg/d,Administered dose(mass),,
78-42-2,"Phosphoric acid, tris(2-ethylhexyl) ester;tris (2-ethylhexyl) phosphate;Tris(2-ethylhexyl) phosphate;tris(2-ethylhexyl)ester phosphoric acid;tris(2-ethylhexyl)ester_phosphoric_acid;tris(2-ethylhexyl)phosphate;Tris(2-ethylhexyl)phosphate (TEHP)",,,,,,,,,,,,,,,,,,,,,,,,,,,,,,,,,,,,,,,,,,,,,,,,,,,,,,,,,,,,,,,,,,,,,,,,,,,,,,,,,,,,,,,,,,,,,,,,,,,,,,,,,,,,,,,,,,,,,,,,,,,,,,,,Human Health Hazards#Repeated Dose Toxicity,Repeated Dose Toxicity HESS,1993,,NOEL,OECD TG 407,False,No qualifier,Equal,,,,,,,,,,,Rat,,,,,,,,,,,,,,,,,,,,,,,,,,,,,,,,,,,,,,Pigmentation (Hemosiderin),,,,,,,,,,,,,,,,,,,,,,,,,,,,,,,,99.7,None,,,,,,,,,,,,,,,,,,,,,,,,,,,,,,,,,,,,,,,,,,,,,,,,,,,,,,,,,,,,,,,,SD,Oral (Gavage),,,,,,,,,,,,,,,,Renal tubule (Proximal),,,,,,Male,Main,"National Institute of Health Sciences, Japan",Kidney,RDT,Research Institute for Animal Science in Biochemistry & Toxicology,Histopathological findings,1000,mg/kg bdwt/d,Administered dose(mass),30,mg/kg bdwt/d,Administered dose(mass),0,d,Time,,,,,,,,,,,,,,,,,,,,,,,,,,,,,,,,,,,,,,,,,,,,,,,,,,,,,,,,,,,,,,,28,d,Time,,,1000,,mg/kg bdwt/d,Administered dose(mass),,,1000,,mg/kg/d,Administered dose(mass),,
78-42-2,"Phosphoric acid, tris(2-ethylhexyl) ester;tris (2-ethylhexyl) phosphate;Tris(2-ethylhexyl) phosphate;tris(2-ethylhexyl)ester phosphoric acid;tris(2-ethylhexyl)ester_phosphoric_acid;tris(2-ethylhexyl)phosphate;Tris(2-ethylhexyl)phosphate (TEHP)",,,,,,,,,,,,,,,,,,,,,,,,,,,,,,,,,,,,,,,,,,,,,,,,,,,,,,,,,,,,,,,,,,,,,,,,,,,,,,,,,,,,,,,,,,,,,,,,,,,,,,,,,,,,,,,,,,,,,,,,,,,,,,,,Human Health Hazards#Repeated Dose Toxicity,Repeated Dose Toxicity HESS,1993,,NOEL,OECD TG 407,False,No qualifier,Equal,,,,,,,,,,,Rat,,,,,,,,,,,,,,,,,,,,,,,,,,,,,,,,,,,,,,Pigmentation (Other),,,,,,,,,,,,,,,,,,,,,,,,,,,,,,,,99.7,None,,,,,,,,,,,,,,,,,,,,,,,,,,,,,,,,,,,,,,,,,,,,,,,,,,,,,,,,,,,,,,,,SD,Oral (Gavage),,,,,,,,,,,,,,,,Renal tubule (Other),,,,,,Female,Main,"National Institute of Health Sciences, Japan",Kidney,RDT,Research Institute for Animal Science in Biochemistry & Toxicology,Histopathological findings,1000,mg/kg bdwt/d,Administered dose(mass),30,mg/kg bdwt/d,Administered dose(mass),0,d,Time,,,,,,,,,,,,,,,,,,,,,,,,,,,,,,,,,,,,,,,,,,,,,,,,,,,,,,,,,,,,,,,28,d,Time,,,1000,,mg/kg bdwt/d,Administered dose(mass),,,1000,,mg/kg/d,Administered dose(mass),,
78-42-2,"Phosphoric acid, tris(2-ethylhexyl) ester;tris (2-ethylhexyl) phosphate;Tris(2-ethylhexyl) phosphate;tris(2-ethylhexyl)ester phosphoric acid;tris(2-ethylhexyl)ester_phosphoric_acid;tris(2-ethylhexyl)phosphate;Tris(2-ethylhexyl)phosphate (TEHP)",,,,,,,,,,,,,,,,,,,,,,,,,,,,,,,,,,,,,,,,,,,,,,,,,,,,,,,,,,,,,,,,,,,,,,,,,,,,,,,,,,,,,,,,,,,,,,,,,,,,,,,,,,,,,,,,,,,,,,,,,,,,,,,,Human Health Hazards#Repeated Dose Toxicity,Repeated Dose Toxicity HESS,1993,,NOEL,OECD TG 407,False,No qualifier,Equal,,,,,,,,,,,Rat,,,,,,,,,,,,,,,,,,,,,,,,,,,,,,,,,,,,,,Pigmentation (Other),,,,,,,,,,,,,,,,,,,,,,,,,,,,,,,,99.7,None,,,,,,,,,,,,,,,,,,,,,,,,,,,,,,,,,,,,,,,,,,,,,,,,,,,,,,,,,,,,,,,,SD,Oral (Gavage),,,,,,,,,,,,,,,,Renal tubule (Distal/Collecting duct),,,,,,Female,Main,"National Institute of Health Sciences, Japan",Kidney,RDT,Research Institute for Animal Science in Biochemistry & Toxicology,Histopathological findings,1000,mg/kg bdwt/d,Administered dose(mass),30,mg/kg bdwt/d,Administered dose(mass),0,d,Time,,,,,,,,,,,,,,,,,,,,,,,,,,,,,,,,,,,,,,,,,,,,,,,,,,,,,,,,,,,,,,,28,d,Time,,,1000,,mg/kg bdwt/d,Administered dose(mass),,,1000,,mg/kg/d,Administered dose(mass),,
78-42-2,"Phosphoric acid, tris(2-ethylhexyl) ester;tris (2-ethylhexyl) phosphate;Tris(2-ethylhexyl) phosphate;tris(2-ethylhexyl)ester phosphoric acid;tris(2-ethylhexyl)ester_phosphoric_acid;tris(2-ethylhexyl)phosphate;Tris(2-ethylhexyl)phosphate (TEHP)",,,,,,,,,,,,,,,,,,,,,,,,,,,,,,,,,,,,,,,,,,,,,,,,,,,,,,,,,,,,,,,,,,,,,,,,,,,,,,,,,,,,,,,,,,,,,,,,,,,,,,,,,,,,,,,,,,,,,,,,,,,,,,,,Human Health Hazards#Repeated Dose Toxicity,Repeated Dose Toxicity HESS,1993,,NOEL,OECD TG 407,False,No qualifier,Equal,,,,,,,,,,,Rat,,,,,,,,,,,,,,,,,,,,,,,,,,,,,,,,,,,,,,Pigmentation (Other),,,,,,,,,,,,,,,,,,,,,,,,,,,,,,,,99.7,None,,,,,,,,,,,,,,,,,,,,,,,,,,,,,,,,,,,,,,,,,,,,,,,,,,,,,,,,,,,,,,,,SD,Oral (Gavage),,,,,,,,,,,,,,,,Renal tubule (Proximal),,,,,,Female,Main,"National Institute of Health Sciences, Japan",Kidney,RDT,Research Institute for Animal Science in Biochemistry & Toxicology,Histopathological findings,1000,mg/kg bdwt/d,Administered dose(mass),30,mg/kg bdwt/d,Administered dose(mass),0,d,Time,,,,,,,,,,,,,,,,,,,,,,,,,,,,,,,,,,,,,,,,,,,,,,,,,,,,,,,,,,,,,,,28,d,Time,,,1000,,mg/kg bdwt/d,Administered dose(mass),,,1000,,mg/kg/d,Administered dose(mass),,
78-42-2,"Phosphoric acid, tris(2-ethylhexyl) ester;tris (2-ethylhexyl) phosphate;Tris(2-ethylhexyl) phosphate;tris(2-ethylhexyl)ester phosphoric acid;tris(2-ethylhexyl)ester_phosphoric_acid;tris(2-ethylhexyl)phosphate;Tris(2-ethylhexyl)phosphate (TEHP)",,,,,,,,,,,,,,,,,,,,,,,,,,,,,,,,,,,,,,,,,,,,,,,,,,,,,,,,,,,,,,,,,,,,,,,,,,,,,,,,,,,,,,,,,,,,,,,,,,,,,,,,,,,,,,,,,,,,,,,,,,,,,,,,Human Health Hazards#Repeated Dose Toxicity,Repeated Dose Toxicity HESS,1993,,NOEL,OECD TG 407,False,No qualifier,Equal,,,,,,,,,,,Rat,,,,,,,,,,,,,,,,,,,,,,,,,,,,,,,,,,,,,,Pigmentation (Other),,,,,,,,,,,,,,,,,,,,,,,,,,,,,,,,99.7,None,,,,,,,,,,,,,,,,,,,,,,,,,,,,,,,,,,,,,,,,,,,,,,,,,,,,,,,,,,,,,,,,SD,Oral (Gavage),,,,,,,,,,,,,,,,Renal tubule (Other),,,,,,Male,Main,"National Institute of Health Sciences, Japan",Kidney,RDT,Research Institute for Animal Science in Biochemistry & Toxicology,Histopathological findings,1000,mg/kg bdwt/d,Administered dose(mass),30,mg/kg bdwt/d,Administered dose(mass),0,d,Time,,,,,,,,,,,,,,,,,,,,,,,,,,,,,,,,,,,,,,,,,,,,,,,,,,,,,,,,,,,,,,,28,d,Time,,,1000,,mg/kg bdwt/d,Administered dose(mass),,,1000,,mg/kg/d,Administered dose(mass),,
78-42-2,"Phosphoric acid, tris(2-ethylhexyl) ester;tris (2-ethylhexyl) phosphate;Tris(2-ethylhexyl) phosphate;tris(2-ethylhexyl)ester phosphoric acid;tris(2-ethylhexyl)ester_phosphoric_acid;tris(2-ethylhexyl)phosphate;Tris(2-ethylhexyl)phosphate (TEHP)",,,,,,,,,,,,,,,,,,,,,,,,,,,,,,,,,,,,,,,,,,,,,,,,,,,,,,,,,,,,,,,,,,,,,,,,,,,,,,,,,,,,,,,,,,,,,,,,,,,,,,,,,,,,,,,,,,,,,,,,,,,,,,,,Human Health Hazards#Repeated Dose Toxicity,Repeated Dose Toxicity HESS,1993,,NOEL,OECD TG 407,False,No qualifier,Equal,,,,,,,,,,,Rat,,,,,,,,,,,,,,,,,,,,,,,,,,,,,,,,,,,,,,Pigmentation (Other),,,,,,,,,,,,,,,,,,,,,,,,,,,,,,,,99.7,None,,,,,,,,,,,,,,,,,,,,,,,,,,,,,,,,,,,,,,,,,,,,,,,,,,,,,,,,,,,,,,,,SD,Oral (Gavage),,,,,,,,,,,,,,,,Renal tubule (Distal/Collecting duct),,,,,,Male,Main,"National Institute of Health Sciences, Japan",Kidney,RDT,Research Institute for Animal Science in Biochemistry & Toxicology,Histopathological findings,1000,mg/kg bdwt/d,Administered dose(mass),30,mg/kg bdwt/d,Administered dose(mass),0,d,Time,,,,,,,,,,,,,,,,,,,,,,,,,,,,,,,,,,,,,,,,,,,,,,,,,,,,,,,,,,,,,,,28,d,Time,,,1000,,mg/kg bdwt/d,Administered dose(mass),,,1000,,mg/kg/d,Administered dose(mass),,
78-42-2,"Phosphoric acid, tris(2-ethylhexyl) ester;tris (2-ethylhexyl) phosphate;Tris(2-ethylhexyl) phosphate;tris(2-ethylhexyl)ester phosphoric acid;tris(2-ethylhexyl)ester_phosphoric_acid;tris(2-ethylhexyl)phosphate;Tris(2-ethylhexyl)phosphate (TEHP)",,,,,,,,,,,,,,,,,,,,,,,,,,,,,,,,,,,,,,,,,,,,,,,,,,,,,,,,,,,,,,,,,,,,,,,,,,,,,,,,,,,,,,,,,,,,,,,,,,,,,,,,,,,,,,,,,,,,,,,,,,,,,,,,Human Health Hazards#Repeated Dose Toxicity,Repeated Dose Toxicity HESS,1993,,NOEL,OECD TG 407,False,No qualifier,Equal,,,,,,,,,,,Rat,,,,,,,,,,,,,,,,,,,,,,,,,,,,,,,,,,,,,,Pigmentation (Other),,,,,,,,,,,,,,,,,,,,,,,,,,,,,,,,99.7,None,,,,,,,,,,,,,,,,,,,,,,,,,,,,,,,,,,,,,,,,,,,,,,,,,,,,,,,,,,,,,,,,SD,Oral (Gavage),,,,,,,,,,,,,,,,Renal tubule (Proximal),,,,,,Male,Main,"National Institute of Health Sciences, Japan",Kidney,RDT,Research Institute for Animal Science in Biochemistry & Toxicology,Histopathological findings,1000,mg/kg bdwt/d,Administered dose(mass),30,mg/kg bdwt/d,Administered dose(mass),0,d,Time,,,,,,,,,,,,,,,,,,,,,,,,,,,,,,,,,,,,,,,,,,,,,,,,,,,,,,,,,,,,,,,28,d,Time,,,1000,,mg/kg bdwt/d,Administered dose(mass),,,1000,,mg/kg/d,Administered dose(mass),,
78-42-2,"Phosphoric acid, tris(2-ethylhexyl) ester;tris (2-ethylhexyl) phosphate;Tris(2-ethylhexyl) phosphate;tris(2-ethylhexyl)ester phosphoric acid;tris(2-ethylhexyl)ester_phosphoric_acid;tris(2-ethylhexyl)phosphate;Tris(2-ethylhexyl)phosphate (TEHP)",,,,,,,,,,,,,,,,,,,,,,,,,,,,,,,,,,,,,,,,,,,,,,,,,,,,,,,,,,,,,,,,,,,,,,,,,,,,,,,,,,,,,,,,,,,,,,,,,,,,,,,,,,,,,,,,,,,,,,,,,,,,,,,,Human Health Hazards#Repeated Dose Toxicity,Repeated Dose Toxicity HESS,1993,,NOEL,OECD TG 407,False,No qualifier,Equal,,,,,,,,,,,Rat,,,,,,,,,,,,,,,,,,,,,,,,,,,,,,,,,,,,,,Relative Organ Weight↑,,,,,,,,,,,,,,,,,,,,,,,,,,,,,,,,99.7,None,,,,,,,,,,,,,,,,,,,,,,,,,,,,,,,,,,,,,,,,,,,,,,,,,,,,,,,,,,,,,,,,SD,Oral (Gavage),,,,,,,,,,,,,,,,,,,,,,Female,Main,"National Institute of Health Sciences, Japan",Kidney,RDT,Research Institute for Animal Science in Biochemistry & Toxicology,Organ weights,1000,mg/kg bdwt/d,Administered dose(mass),30,mg/kg bdwt/d,Administered dose(mass),0,d,Time,,,,,,,,,,,,,,,,,,,,,,,,,,,,,,,,,,,,,,,,,,,,,,,,,,,,,,,,,,,,,,,28,d,Time,,,1000,,mg/kg bdwt/d,Administered dose(mass),,,1000,,mg/kg/d,Administered dose(mass),,
78-42-2,"Phosphoric acid, tris(2-ethylhexyl) ester;tris (2-ethylhexyl) phosphate;Tris(2-ethylhexyl) phosphate;tris(2-ethylhexyl)ester phosphoric acid;tris(2-ethylhexyl)ester_phosphoric_acid;tris(2-ethylhexyl)phosphate;Tris(2-ethylhexyl)phosphate (TEHP)",,,,,,,,,,,,,,,,,,,,,,,,,,,,,,,,,,,,,,,,,,,,,,,,,,,,,,,,,,,,,,,,,,,,,,,,,,,,,,,,,,,,,,,,,,,,,,,,,,,,,,,,,,,,,,,,,,,,,,,,,,,,,,,,Human Health Hazards#Repeated Dose Toxicity,Repeated Dose Toxicity HESS,1993,,NOEL,OECD TG 407,False,No qualifier,Equal,,,,,,,,,,,Rat,,,,,,,,,,,,,,,,,,,,,,,,,,,,,,,,,,,,,,Relative Organ Weight↑,,,,,,,,,,,,,,,,,,,,,,,,,,,,,,,,99.7,None,,,,,,,,,,,,,,,,,,,,,,,,,,,,,,,,,,,,,,,,,,,,,,,,,,,,,,,,,,,,,,,,SD,Oral (Gavage),,,,,,,,,,,,,,,,,,,,,,Male,Main,"National Institute of Health Sciences, Japan",Kidney,RDT,Research Institute for Animal Science in Biochemistry & Toxicology,Organ weights,1000,mg/kg bdwt/d,Administered dose(mass),30,mg/kg bdwt/d,Administered dose(mass),0,d,Time,,,,,,,,,,,,,,,,,,,,,,,,,,,,,,,,,,,,,,,,,,,,,,,,,,,,,,,,,,,,,,,28,d,Time,,,1000,,mg/kg bdwt/d,Administered dose(mass),,,1000,,mg/kg/d,Administered dose(mass),,
78-42-2,"Phosphoric acid, tris(2-ethylhexyl) ester;tris (2-ethylhexyl) phosphate;Tris(2-ethylhexyl) phosphate;tris(2-ethylhexyl)ester phosphoric acid;tris(2-ethylhexyl)ester_phosphoric_acid;tris(2-ethylhexyl)phosphate;Tris(2-ethylhexyl)phosphate (TEHP)",,,,,,,,,,,,,,,,,,,,,,,,,,,,,,,,,,,,,,,,,,,,,,,,,,,,,,,,,,,,,,,,,,,,,,,,,,,,,,,,,,,,,,,,,,,,,,,,,,,,,,,,,,,,,,,,,,,,,,,,,,,,,,,,Human Health Hazards#Repeated Dose Toxicity,Repeated Dose Toxicity HESS,1993,,NOEL,OECD TG 407,False,No qualifier,Equal,,,,,,,,,,,Rat,,,,,,,,,,,,,,,,,,,,,,,,,,,,,,,,,,,,,,Relative Organ Weight↓,,,,,,,,,,,,,,,,,,,,,,,,,,,,,,,,99.7,None,,,,,,,,,,,,,,,,,,,,,,,,,,,,,,,,,,,,,,,,,,,,,,,,,,,,,,,,,,,,,,,,SD,Oral (Gavage),,,,,,,,,,,,,,,,,,,,,,Female,Main,"National Institute of Health Sciences, Japan",Kidney,RDT,Research Institute for Animal Science in Biochemistry & Toxicology,Organ weights,1000,mg/kg bdwt/d,Administered dose(mass),30,mg/kg bdwt/d,Administered dose(mass),0,d,Time,,,,,,,,,,,,,,,,,,,,,,,,,,,,,,,,,,,,,,,,,,,,,,,,,,,,,,,,,,,,,,,28,d,Time,,,1000,,mg/kg bdwt/d,Administered dose(mass),,,1000,,mg/kg/d,Administered dose(mass),,
78-42-2,"Phosphoric acid, tris(2-ethylhexyl) ester;tris (2-ethylhexyl) phosphate;Tris(2-ethylhexyl) phosphate;tris(2-ethylhexyl)ester phosphoric acid;tris(2-ethylhexyl)ester_phosphoric_acid;tris(2-ethylhexyl)phosphate;Tris(2-ethylhexyl)phosphate (TEHP)",,,,,,,,,,,,,,,,,,,,,,,,,,,,,,,,,,,,,,,,,,,,,,,,,,,,,,,,,,,,,,,,,,,,,,,,,,,,,,,,,,,,,,,,,,,,,,,,,,,,,,,,,,,,,,,,,,,,,,,,,,,,,,,,Human Health Hazards#Repeated Dose Toxicity,Repeated Dose Toxicity HESS,1993,,NOEL,OECD TG 407,False,No qualifier,Equal,,,,,,,,,,,Rat,,,,,,,,,,,,,,,,,,,,,,,,,,,,,,,,,,,,,,Relative Organ Weight↓,,,,,,,,,,,,,,,,,,,,,,,,,,,,,,,,99.7,None,,,,,,,,,,,,,,,,,,,,,,,,,,,,,,,,,,,,,,,,,,,,,,,,,,,,,,,,,,,,,,,,SD,Oral (Gavage),,,,,,,,,,,,,,,,,,,,,,Male,Main,"National Institute of Health Sciences, Japan",Kidney,RDT,Research Institute for Animal Science in Biochemistry & Toxicology,Organ weights,1000,mg/kg bdwt/d,Administered dose(mass),30,mg/kg bdwt/d,Administered dose(mass),0,d,Time,,,,,,,,,,,,,,,,,,,,,,,,,,,,,,,,,,,,,,,,,,,,,,,,,,,,,,,,,,,,,,,28,d,Time,,,1000,,mg/kg bdwt/d,Administered dose(mass),,,1000,,mg/kg/d,Administered dose(mass),,
78-42-2,"Phosphoric acid, tris(2-ethylhexyl) ester;tris (2-ethylhexyl) phosphate;Tris(2-ethylhexyl) phosphate;tris(2-ethylhexyl)ester phosphoric acid;tris(2-ethylhexyl)ester_phosphoric_acid;tris(2-ethylhexyl)phosphate;Tris(2-ethylhexyl)phosphate (TEHP)",,,,,,,,,,,,,,,,,,,,,,,,,,,,,,,,,,,,,,,,,,,,,,,,,,,,,,,,,,,,,,,,,,,,,,,,,,,,,,,,,,,,,,,,,,,,,,,,,,,,,,,,,,,,,,,,,,,,,,,,,,,,,,,,Human Health Hazards#Repeated Dose Toxicity,Repeated Dose Toxicity HESS,1993,,NOEL,OECD TG 407,False,No qualifier,Equal,,,,,,,,,,,Rat,,,,,,,,,,,,,,,,,,,,,,,,,,,,,,,,,,,,,,,,,,,,,,,,,,,,,,,,,,,,,,,,,,,,,,99.7,None,,,,,,,,,,,,,,,,,,,,,,,,,,,,,,,,,,,,,,,,,,,,,,,,,,,,,,,,,,,,,,,,SD,Oral (Gavage),,,,,,,,,,,,,,,,Glomerulus,,,,,,Female,Main,"National Institute of Health Sciences, Japan",Kidney,RDT,Research Institute for Animal Science in Biochemistry & Toxicology,Histopathological findings,1000,mg/kg bdwt/d,Administered dose(mass),30,mg/kg bdwt/d,Administered dose(mass),0,d,Time,,,,,,,,,,,,,,,,,,,,,,,,,,,,,,,,,,,,,,,,,,,,,,,,,,,,,,,,,,,,,,,28,d,Time,,,1000,,mg/kg bdwt/d,Administered dose(mass),,,1000,,mg/kg/d,Administered dose(mass),,
78-42-2,"Phosphoric acid, tris(2-ethylhexyl) ester;tris (2-ethylhexyl) phosphate;Tris(2-ethylhexyl) phosphate;tris(2-ethylhexyl)ester phosphoric acid;tris(2-ethylhexyl)ester_phosphoric_acid;tris(2-ethylhexyl)phosphate;Tris(2-ethylhexyl)phosphate (TEHP)",,,,,,,,,,,,,,,,,,,,,,,,,,,,,,,,,,,,,,,,,,,,,,,,,,,,,,,,,,,,,,,,,,,,,,,,,,,,,,,,,,,,,,,,,,,,,,,,,,,,,,,,,,,,,,,,,,,,,,,,,,,,,,,,Human Health Hazards#Repeated Dose Toxicity,Repeated Dose Toxicity HESS,1993,,NOEL,OECD TG 407,False,No qualifier,Equal,,,,,,,,,,,Rat,,,,,,,,,,,,,,,,,,,,,,,,,,,,,,,,,,,,,,,,,,,,,,,,,,,,,,,,,,,,,,,,,,,,,,99.7,None,,,,,,,,,,,,,,,,,,,,,,,,,,,,,,,,,,,,,,,,,,,,,,,,,,,,,,,,,,,,,,,,SD,Oral (Gavage),,,,,,,,,,,,,,,,,,,,,,Female,Main,"National Institute of Health Sciences, Japan",Kidney,RDT,Research Institute for Animal Science in Biochemistry & Toxicology,Necropsy,1000,mg/kg bdwt/d,Administered dose(mass),30,mg/kg bdwt/d,Administered dose(mass),0,d,Time,,,,,,,,,,,,,,,,,,,,,,,,,,,,,,,,,,,,,,,,,,,,,,,,,,,,,,,,,,,,,,,28,d,Time,,,1000,,mg/kg bdwt/d,Administered dose(mass),,,1000,,mg/kg/d,Administered dose(mass),,
78-42-2,"Phosphoric acid, tris(2-ethylhexyl) ester;tris (2-ethylhexyl) phosphate;Tris(2-ethylhexyl) phosphate;tris(2-ethylhexyl)ester phosphoric acid;tris(2-ethylhexyl)ester_phosphoric_acid;tris(2-ethylhexyl)phosphate;Tris(2-ethylhexyl)phosphate (TEHP)",,,,,,,,,,,,,,,,,,,,,,,,,,,,,,,,,,,,,,,,,,,,,,,,,,,,,,,,,,,,,,,,,,,,,,,,,,,,,,,,,,,,,,,,,,,,,,,,,,,,,,,,,,,,,,,,,,,,,,,,,,,,,,,,Human Health Hazards#Repeated Dose Toxicity,Repeated Dose Toxicity HESS,1993,,NOEL,OECD TG 407,False,No qualifier,Equal,,,,,,,,,,,Rat,,,,,,,,,,,,,,,,,,,,,,,,,,,,,,,,,,,,,,,,,,,,,,,,,,,,,,,,,,,,,,,,,,,,,,99.7,None,,,,,,,,,,,,,,,,,,,,,,,,,,,,,,,,,,,,,,,,,,,,,,,,,,,,,,,,,,,,,,,,SD,Oral (Gavage),,,,,,,,,,,,,,,,Glomerulus,,,,,,Male,Main,"National Institute of Health Sciences, Japan",Kidney,RDT,Research Institute for Animal Science in Biochemistry & Toxicology,Histopathological findings,1000,mg/kg bdwt/d,Administered dose(mass),30,mg/kg bdwt/d,Administered dose(mass),0,d,Time,,,,,,,,,,,,,,,,,,,,,,,,,,,,,,,,,,,,,,,,,,,,,,,,,,,,,,,,,,,,,,,28,d,Time,,,1000,,mg/kg bdwt/d,Administered dose(mass),,,1000,,mg/kg/d,Administered dose(mass),,
78-42-2,"Phosphoric acid, tris(2-ethylhexyl) ester;tris (2-ethylhexyl) phosphate;Tris(2-ethylhexyl) phosphate;tris(2-ethylhexyl)ester phosphoric acid;tris(2-ethylhexyl)ester_phosphoric_acid;tris(2-ethylhexyl)phosphate;Tris(2-ethylhexyl)phosphate (TEHP)",,,,,,,,,,,,,,,,,,,,,,,,,,,,,,,,,,,,,,,,,,,,,,,,,,,,,,,,,,,,,,,,,,,,,,,,,,,,,,,,,,,,,,,,,,,,,,,,,,,,,,,,,,,,,,,,,,,,,,,,,,,,,,,,Human Health Hazards#Repeated Dose Toxicity,Repeated Dose Toxicity HESS,1993,,NOEL,OECD TG 407,False,No qualifier,Equal,,,,,,,,,,,Rat,,,,,,,,,,,,,,,,,,,,,,,,,,,,,,,,,,,,,,,,,,,,,,,,,,,,,,,,,,,,,,,,,,,,,,99.7,None,,,,,,,,,,,,,,,,,,,,,,,,,,,,,,,,,,,,,,,,,,,,,,,,,,,,,,,,,,,,,,,,SD,Oral (Gavage),,,,,,,,,,,,,,,,,,,,,,Male,Main,"National Institute of Health Sciences, Japan",Kidney,RDT,Research Institute for Animal Science in Biochemistry & Toxicology,Necropsy,1000,mg/kg bdwt/d,Administered dose(mass),30,mg/kg bdwt/d,Administered dose(mass),0,d,Time,,,,,,,,,,,,,,,,,,,,,,,,,,,,,,,,,,,,,,,,,,,,,,,,,,,,,,,,,,,,,,,28,d,Time,,,1000,,mg/kg bdwt/d,Administered dose(mass),,,1000,,mg/kg/d,Administered dose(mass),,
78-42-2,"Phosphoric acid, tris(2-ethylhexyl) ester;tris (2-ethylhexyl) phosphate;Tris(2-ethylhexyl) phosphate;tris(2-ethylhexyl)ester phosphoric acid;tris(2-ethylhexyl)ester_phosphoric_acid;tris(2-ethylhexyl)phosphate;Tris(2-ethylhexyl)phosphate (TEHP)",,,,,,,,,,,,,,,,,,,,,,,,,,,,,,,,,,,,,,,,,,,,,,,,,,,,,,,,,,,,,,,,,,,,,,,,,,,,,,,,,,,,,,,,,,,,,,,,,,,,,,,,,,,,,,,,,,,,,,,,,,,,,,,,Human Health Hazards#Repeated Dose Toxicity,Repeated Dose Toxicity HESS,1993,,NOEL,OECD TG 407,False,No qualifier,Equal,,,,,,,,,,,Rat,,,,,,,,,,,,,,,,,,,,,,,,,,,,,,,,,,,,,,Vacuolization,,,,,,,,,,,,,,,,,,,,,,,,,,,,,,,,99.7,None,,,,,,,,,,,,,,,,,,,,,,,,,,,,,,,,,,,,,,,,,,,,,,,,,,,,,,,,,,,,,,,,SD,Oral (Gavage),,,,,,,,,,,,,,,,Renal tubule (Other),,,,,,Female,Main,"National Institute of Health Sciences, Japan",Kidney,RDT,Research Institute for Animal Science in Biochemistry & Toxicology,Histopathological findings,1000,mg/kg bdwt/d,Administered dose(mass),30,mg/kg bdwt/d,Administered dose(mass),0,d,Time,,,,,,,,,,,,,,,,,,,,,,,,,,,,,,,,,,,,,,,,,,,,,,,,,,,,,,,,,,,,,,,28,d,Time,,,1000,,mg/kg bdwt/d,Administered dose(mass),,,1000,,mg/kg/d,Administered dose(mass),,
78-42-2,"Phosphoric acid, tris(2-ethylhexyl) ester;tris (2-ethylhexyl) phosphate;Tris(2-ethylhexyl) phosphate;tris(2-ethylhexyl)ester phosphoric acid;tris(2-ethylhexyl)ester_phosphoric_acid;tris(2-ethylhexyl)phosphate;Tris(2-ethylhexyl)phosphate (TEHP)",,,,,,,,,,,,,,,,,,,,,,,,,,,,,,,,,,,,,,,,,,,,,,,,,,,,,,,,,,,,,,,,,,,,,,,,,,,,,,,,,,,,,,,,,,,,,,,,,,,,,,,,,,,,,,,,,,,,,,,,,,,,,,,,Human Health Hazards#Repeated Dose Toxicity,Repeated Dose Toxicity HESS,1993,,NOEL,OECD TG 407,False,No qualifier,Equal,,,,,,,,,,,Rat,,,,,,,,,,,,,,,,,,,,,,,,,,,,,,,,,,,,,,Vacuolization,,,,,,,,,,,,,,,,,,,,,,,,,,,,,,,,99.7,None,,,,,,,,,,,,,,,,,,,,,,,,,,,,,,,,,,,,,,,,,,,,,,,,,,,,,,,,,,,,,,,,SD,Oral (Gavage),,,,,,,,,,,,,,,,Renal tubule (Distal/Collecting duct),,,,,,Female,Main,"National Institute of Health Sciences, Japan",Kidney,RDT,Research Institute for Animal Science in Biochemistry & Toxicology,Histopathological findings,1000,mg/kg bdwt/d,Administered dose(mass),30,mg/kg bdwt/d,Administered dose(mass),0,d,Time,,,,,,,,,,,,,,,,,,,,,,,,,,,,,,,,,,,,,,,,,,,,,,,,,,,,,,,,,,,,,,,28,d,Time,,,1000,,mg/kg bdwt/d,Administered dose(mass),,,1000,,mg/kg/d,Administered dose(mass),,
78-42-2,"Phosphoric acid, tris(2-ethylhexyl) ester;tris (2-ethylhexyl) phosphate;Tris(2-ethylhexyl) phosphate;tris(2-ethylhexyl)ester phosphoric acid;tris(2-ethylhexyl)ester_phosphoric_acid;tris(2-ethylhexyl)phosphate;Tris(2-ethylhexyl)phosphate (TEHP)",,,,,,,,,,,,,,,,,,,,,,,,,,,,,,,,,,,,,,,,,,,,,,,,,,,,,,,,,,,,,,,,,,,,,,,,,,,,,,,,,,,,,,,,,,,,,,,,,,,,,,,,,,,,,,,,,,,,,,,,,,,,,,,,Human Health Hazards#Repeated Dose Toxicity,Repeated Dose Toxicity HESS,1993,,NOEL,OECD TG 407,False,No qualifier,Equal,,,,,,,,,,,Rat,,,,,,,,,,,,,,,,,,,,,,,,,,,,,,,,,,,,,,Vacuolization,,,,,,,,,,,,,,,,,,,,,,,,,,,,,,,,99.7,None,,,,,,,,,,,,,,,,,,,,,,,,,,,,,,,,,,,,,,,,,,,,,,,,,,,,,,,,,,,,,,,,SD,Oral (Gavage),,,,,,,,,,,,,,,,Renal tubule (Proximal),,,,,,Female,Main,"National Institute of Health Sciences, Japan",Kidney,RDT,Research Institute for Animal Science in Biochemistry & Toxicology,Histopathological findings,1000,mg/kg bdwt/d,Administered dose(mass),30,mg/kg bdwt/d,Administered dose(mass),0,d,Time,,,,,,,,,,,,,,,,,,,,,,,,,,,,,,,,,,,,,,,,,,,,,,,,,,,,,,,,,,,,,,,28,d,Time,,,1000,,mg/kg bdwt/d,Administered dose(mass),,,1000,,mg/kg/d,Administered dose(mass),,
78-42-2,"Phosphoric acid, tris(2-ethylhexyl) ester;tris (2-ethylhexyl) phosphate;Tris(2-ethylhexyl) phosphate;tris(2-ethylhexyl)ester phosphoric acid;tris(2-ethylhexyl)ester_phosphoric_acid;tris(2-ethylhexyl)phosphate;Tris(2-ethylhexyl)phosphate (TEHP)",,,,,,,,,,,,,,,,,,,,,,,,,,,,,,,,,,,,,,,,,,,,,,,,,,,,,,,,,,,,,,,,,,,,,,,,,,,,,,,,,,,,,,,,,,,,,,,,,,,,,,,,,,,,,,,,,,,,,,,,,,,,,,,,Human Health Hazards#Repeated Dose Toxicity,Repeated Dose Toxicity HESS,1993,,NOEL,OECD TG 407,False,No qualifier,Equal,,,,,,,,,,,Rat,,,,,,,,,,,,,,,,,,,,,,,,,,,,,,,,,,,,,,Vacuolization,,,,,,,,,,,,,,,,,,,,,,,,,,,,,,,,99.7,None,,,,,,,,,,,,,,,,,,,,,,,,,,,,,,,,,,,,,,,,,,,,,,,,,,,,,,,,,,,,,,,,SD,Oral (Gavage),,,,,,,,,,,,,,,,Pelvis/Papilla,,,,,,Male,Main,"National Institute of Health Sciences, Japan",Kidney,RDT,Research Institute for Animal Science in Biochemistry & Toxicology,Histopathological findings,1000,mg/kg bdwt/d,Administered dose(mass),30,mg/kg bdwt/d,Administered dose(mass),0,d,Time,,,,,,,,,,,,,,,,,,,,,,,,,,,,,,,,,,,,,,,,,,,,,,,,,,,,,,,,,,,,,,,28,d,Time,,,1000,,mg/kg bdwt/d,Administered dose(mass),,,1000,,mg/kg/d,Administered dose(mass),,
78-42-2,"Phosphoric acid, tris(2-ethylhexyl) ester;tris (2-ethylhexyl) phosphate;Tris(2-ethylhexyl) phosphate;tris(2-ethylhexyl)ester phosphoric acid;tris(2-ethylhexyl)ester_phosphoric_acid;tris(2-ethylhexyl)phosphate;Tris(2-ethylhexyl)phosphate (TEHP)",,,,,,,,,,,,,,,,,,,,,,,,,,,,,,,,,,,,,,,,,,,,,,,,,,,,,,,,,,,,,,,,,,,,,,,,,,,,,,,,,,,,,,,,,,,,,,,,,,,,,,,,,,,,,,,,,,,,,,,,,,,,,,,,Human Health Hazards#Repeated Dose Toxicity,Repeated Dose Toxicity HESS,1993,,NOEL,OECD TG 407,False,No qualifier,Equal,,,,,,,,,,,Rat,,,,,,,,,,,,,,,,,,,,,,,,,,,,,,,,,,,,,,Vacuolization,,,,,,,,,,,,,,,,,,,,,,,,,,,,,,,,99.7,None,,,,,,,,,,,,,,,,,,,,,,,,,,,,,,,,,,,,,,,,,,,,,,,,,,,,,,,,,,,,,,,,SD,Oral (Gavage),,,,,,,,,,,,,,,,Pelvis/Papilla,,,,,,Female,Main,"National Institute of Health Sciences, Japan",Kidney,RDT,Research Institute for Animal Science in Biochemistry & Toxicology,Histopathological findings,1000,mg/kg bdwt/d,Administered dose(mass),30,mg/kg bdwt/d,Administered dose(mass),0,d,Time,,,,,,,,,,,,,,,,,,,,,,,,,,,,,,,,,,,,,,,,,,,,,,,,,,,,,,,,,,,,,,,28,d,Time,,,1000,,mg/kg bdwt/d,Administered dose(mass),,,1000,,mg/kg/d,Administered dose(mass),,
78-42-2,"Phosphoric acid, tris(2-ethylhexyl) ester;tris (2-ethylhexyl) phosphate;Tris(2-ethylhexyl) phosphate;tris(2-ethylhexyl)ester phosphoric acid;tris(2-ethylhexyl)ester_phosphoric_acid;tris(2-ethylhexyl)phosphate;Tris(2-ethylhexyl)phosphate (TEHP)",,,,,,,,,,,,,,,,,,,,,,,,,,,,,,,,,,,,,,,,,,,,,,,,,,,,,,,,,,,,,,,,,,,,,,,,,,,,,,,,,,,,,,,,,,,,,,,,,,,,,,,,,,,,,,,,,,,,,,,,,,,,,,,,Human Health Hazards#Repeated Dose Toxicity,Repeated Dose Toxicity HESS,1993,,NOEL,OECD TG 407,False,No qualifier,Equal,,,,,,,,,,,Rat,,,,,,,,,,,,,,,,,,,,,,,,,,,,,,,,,,,,,,Vacuolization,,,,,,,,,,,,,,,,,,,,,,,,,,,,,,,,99.7,None,,,,,,,,,,,,,,,,,,,,,,,,,,,,,,,,,,,,,,,,,,,,,,,,,,,,,,,,,,,,,,,,SD,Oral (Gavage),,,,,,,,,,,,,,,,Renal tubule (Other),,,,,,Male,Main,"National Institute of Health Sciences, Japan",Kidney,RDT,Research Institute for Animal Science in Biochemistry & Toxicology,Histopathological findings,1000,mg/kg bdwt/d,Administered dose(mass),30,mg/kg bdwt/d,Administered dose(mass),0,d,Time,,,,,,,,,,,,,,,,,,,,,,,,,,,,,,,,,,,,,,,,,,,,,,,,,,,,,,,,,,,,,,,28,d,Time,,,1000,,mg/kg bdwt/d,Administered dose(mass),,,1000,,mg/kg/d,Administered dose(mass),,
78-42-2,"Phosphoric acid, tris(2-ethylhexyl) ester;tris (2-ethylhexyl) phosphate;Tris(2-ethylhexyl) phosphate;tris(2-ethylhexyl)ester phosphoric acid;tris(2-ethylhexyl)ester_phosphoric_acid;tris(2-ethylhexyl)phosphate;Tris(2-ethylhexyl)phosphate (TEHP)",,,,,,,,,,,,,,,,,,,,,,,,,,,,,,,,,,,,,,,,,,,,,,,,,,,,,,,,,,,,,,,,,,,,,,,,,,,,,,,,,,,,,,,,,,,,,,,,,,,,,,,,,,,,,,,,,,,,,,,,,,,,,,,,Human Health Hazards#Repeated Dose Toxicity,Repeated Dose Toxicity HESS,1993,,NOEL,OECD TG 407,False,No qualifier,Equal,,,,,,,,,,,Rat,,,,,,,,,,,,,,,,,,,,,,,,,,,,,,,,,,,,,,Vacuolization,,,,,,,,,,,,,,,,,,,,,,,,,,,,,,,,99.7,None,,,,,,,,,,,,,,,,,,,,,,,,,,,,,,,,,,,,,,,,,,,,,,,,,,,,,,,,,,,,,,,,SD,Oral (Gavage),,,,,,,,,,,,,,,,Renal tubule (Distal/Collecting duct),,,,,,Male,Main,"National Institute of Health Sciences, Japan",Kidney,RDT,Research Institute for Animal Science in Biochemistry & Toxicology,Histopathological findings,1000,mg/kg bdwt/d,Administered dose(mass),30,mg/kg bdwt/d,Administered dose(mass),0,d,Time,,,,,,,,,,,,,,,,,,,,,,,,,,,,,,,,,,,,,,,,,,,,,,,,,,,,,,,,,,,,,,,28,d,Time,,,1000,,mg/kg bdwt/d,Administered dose(mass),,,1000,,mg/kg/d,Administered dose(mass),,
78-42-2,"Phosphoric acid, tris(2-ethylhexyl) ester;tris (2-ethylhexyl) phosphate;Tris(2-ethylhexyl) phosphate;tris(2-ethylhexyl)ester phosphoric acid;tris(2-ethylhexyl)ester_phosphoric_acid;tris(2-ethylhexyl)phosphate;Tris(2-ethylhexyl)phosphate (TEHP)",,,,,,,,,,,,,,,,,,,,,,,,,,,,,,,,,,,,,,,,,,,,,,,,,,,,,,,,,,,,,,,,,,,,,,,,,,,,,,,,,,,,,,,,,,,,,,,,,,,,,,,,,,,,,,,,,,,,,,,,,,,,,,,,Human Health Hazards#Repeated Dose Toxicity,Repeated Dose Toxicity HESS,1993,,NOEL,OECD TG 407,False,No qualifier,Equal,,,,,,,,,,,Rat,,,,,,,,,,,,,,,,,,,,,,,,,,,,,,,,,,,,,,Vacuolization,,,,,,,,,,,,,,,,,,,,,,,,,,,,,,,,99.7,None,,,,,,,,,,,,,,,,,,,,,,,,,,,,,,,,,,,,,,,,,,,,,,,,,,,,,,,,,,,,,,,,SD,Oral (Gavage),,,,,,,,,,,,,,,,Renal tubule (Proximal),,,,,,Male,Main,"National Institute of Health Sciences, Japan",Kidney,RDT,Research Institute for Animal Science in Biochemistry & Toxicology,Histopathological findings,1000,mg/kg bdwt/d,Administered dose(mass),30,mg/kg bdwt/d,Administered dose(mass),0,d,Time,,,,,,,,,,,,,,,,,,,,,,,,,,,,,,,,,,,,,,,,,,,,,,,,,,,,,,,,,,,,,,,28,d,Time,,,1000,,mg/kg bdwt/d,Administered dose(mass),,,1000,,mg/kg/d,Administered dose(mass),,
78-42-2,"Phosphoric acid, tris(2-ethylhexyl) ester;tris (2-ethylhexyl) phosphate;Tris(2-ethylhexyl) phosphate;tris(2-ethylhexyl)ester phosphoric acid;tris(2-ethylhexyl)ester_phosphoric_acid;tris(2-ethylhexyl)phosphate;Tris(2-ethylhexyl)phosphate (TEHP)",,,,,,,,,,,,,,,,,,,,,,,,,,,,,,,,,,,,,,,,,,,,,,,,,,,,,,,,,,,,,,,,,,,,,,,,,,,,,,,,,,,,,,,,,,,,,,,,,,,,,,,,,,,,,,,,,,,,,,,,,,,,,,,,Human Health Hazards#Repeated Dose Toxicity,Repeated Dose Toxicity HESS,1993,,NOEL,OECD TG 407,False,No qualifier,Equal,,,,,,,,,,,Rat,,,,,,,,,,,,,,,,,,,,,,,,,,,,,,,,,,,,,,Dilatation (Necropsy),,,,,,,,,,,,,,,,,,,,,,,,,,,,,,,,99.7,None,,,,,,,,,,,,,,,,,,,,,,,,,,,,,,,,,,,,,,,,,,,,,,,,,,,,,,,,,,,,,,,,SD,Oral (Gavage),,,,,,,,,,,,,,,,,,,,,,Female,Main,"National Institute of Health Sciences, Japan",Large intestine (Cecum),RDT,Research Institute for Animal Science in Biochemistry & Toxicology,Necropsy,1000,mg/kg bdwt/d,Administered dose(mass),30,mg/kg bdwt/d,Administered dose(mass),0,d,Time,,,,,,,,,,,,,,,,,,,,,,,,,,,,,,,,,,,,,,,,,,,,,,,,,,,,,,,,,,,,,,,28,d,Time,,,1000,,mg/kg bdwt/d,Administered dose(mass),,,1000,,mg/kg/d,Administered dose(mass),,
78-42-2,"Phosphoric acid, tris(2-ethylhexyl) ester;tris (2-ethylhexyl) phosphate;Tris(2-ethylhexyl) phosphate;tris(2-ethylhexyl)ester phosphoric acid;tris(2-ethylhexyl)ester_phosphoric_acid;tris(2-ethylhexyl)phosphate;Tris(2-ethylhexyl)phosphate (TEHP)",,,,,,,,,,,,,,,,,,,,,,,,,,,,,,,,,,,,,,,,,,,,,,,,,,,,,,,,,,,,,,,,,,,,,,,,,,,,,,,,,,,,,,,,,,,,,,,,,,,,,,,,,,,,,,,,,,,,,,,,,,,,,,,,Human Health Hazards#Repeated Dose Toxicity,Repeated Dose Toxicity HESS,1993,,NOEL,OECD TG 407,False,No qualifier,Equal,,,,,,,,,,,Rat,,,,,,,,,,,,,,,,,,,,,,,,,,,,,,,,,,,,,,Dilatation (Necropsy),,,,,,,,,,,,,,,,,,,,,,,,,,,,,,,,99.7,None,,,,,,,,,,,,,,,,,,,,,,,,,,,,,,,,,,,,,,,,,,,,,,,,,,,,,,,,,,,,,,,,SD,Oral (Gavage),,,,,,,,,,,,,,,,,,,,,,Male,Main,"National Institute of Health Sciences, Japan",Large intestine (Cecum),RDT,Research Institute for Animal Science in Biochemistry & Toxicology,Necropsy,1000,mg/kg bdwt/d,Administered dose(mass),30,mg/kg bdwt/d,Administered dose(mass),0,d,Time,,,,,,,,,,,,,,,,,,,,,,,,,,,,,,,,,,,,,,,,,,,,,,,,,,,,,,,,,,,,,,,28,d,Time,,,1000,,mg/kg bdwt/d,Administered dose(mass),,,1000,,mg/kg/d,Administered dose(mass),,
78-42-2,"Phosphoric acid, tris(2-ethylhexyl) ester;tris (2-ethylhexyl) phosphate;Tris(2-ethylhexyl) phosphate;tris(2-ethylhexyl)ester phosphoric acid;tris(2-ethylhexyl)ester_phosphoric_acid;tris(2-ethylhexyl)phosphate;Tris(2-ethylhexyl)phosphate (TEHP)",,,,,,,,,,,,,,,,,,,,,,,,,,,,,,,,,,,,,,,,,,,,,,,,,,,,,,,,,,,,,,,,,,,,,,,,,,,,,,,,,,,,,,,,,,,,,,,,,,,,,,,,,,,,,,,,,,,,,,,,,,,,,,,,Human Health Hazards#Repeated Dose Toxicity,Repeated Dose Toxicity HESS,1993,,NOEL,OECD TG 407,False,No qualifier,Equal,,,,,,,,,,,Rat,,,,,,,,,,,,,,,,,,,,,,,,,,,,,,,,,,,,,,Other Findings,,,,,,,,,,,,,,,,,,,,,,,,,,,,,,,,99.7,None,,,,,,,,,,,,,,,,,,,,,,,,,,,,,,,,,,,,,,,,,,,,,,,,,,,,,,,,,,,,,,,,SD,Oral (Gavage),,,,,,,,,,,,,,,,,,,,,,Female,Main,"National Institute of Health Sciences, Japan",Large intestine (Cecum),RDT,Research Institute for Animal Science in Biochemistry & Toxicology,Necropsy,1000,mg/kg bdwt/d,Administered dose(mass),30,mg/kg bdwt/d,Administered dose(mass),0,d,Time,,,,,,,,,,,,,,,,,,,,,,,,,,,,,,,,,,,,,,,,,,,,,,,,,,,,,,,,,,,,,,,28,d,Time,,,1000,,mg/kg bdwt/d,Administered dose(mass),,,1000,,mg/kg/d,Administered dose(mass),,
78-42-2,"Phosphoric acid, tris(2-ethylhexyl) ester;tris (2-ethylhexyl) phosphate;Tris(2-ethylhexyl) phosphate;tris(2-ethylhexyl)ester phosphoric acid;tris(2-ethylhexyl)ester_phosphoric_acid;tris(2-ethylhexyl)phosphate;Tris(2-ethylhexyl)phosphate (TEHP)",,,,,,,,,,,,,,,,,,,,,,,,,,,,,,,,,,,,,,,,,,,,,,,,,,,,,,,,,,,,,,,,,,,,,,,,,,,,,,,,,,,,,,,,,,,,,,,,,,,,,,,,,,,,,,,,,,,,,,,,,,,,,,,,Human Health Hazards#Repeated Dose Toxicity,Repeated Dose Toxicity HESS,1993,,NOEL,OECD TG 407,False,No qualifier,Equal,,,,,,,,,,,Rat,,,,,,,,,,,,,,,,,,,,,,,,,,,,,,,,,,,,,,Other Findings,,,,,,,,,,,,,,,,,,,,,,,,,,,,,,,,99.7,None,,,,,,,,,,,,,,,,,,,,,,,,,,,,,,,,,,,,,,,,,,,,,,,,,,,,,,,,,,,,,,,,SD,Oral (Gavage),,,,,,,,,,,,,,,,,,,,,,Male,Main,"National Institute of Health Sciences, Japan",Large intestine (Cecum),RDT,Research Institute for Animal Science in Biochemistry & Toxicology,Necropsy,1000,mg/kg bdwt/d,Administered dose(mass),30,mg/kg bdwt/d,Administered dose(mass),0,d,Time,,,,,,,,,,,,,,,,,,,,,,,,,,,,,,,,,,,,,,,,,,,,,,,,,,,,,,,,,,,,,,,28,d,Time,,,1000,,mg/kg bdwt/d,Administered dose(mass),,,1000,,mg/kg/d,Administered dose(mass),,
78-42-2,"Phosphoric acid, tris(2-ethylhexyl) ester;tris (2-ethylhexyl) phosphate;Tris(2-ethylhexyl) phosphate;tris(2-ethylhexyl)ester phosphoric acid;tris(2-ethylhexyl)ester_phosphoric_acid;tris(2-ethylhexyl)phosphate;Tris(2-ethylhexyl)phosphate (TEHP)",,,,,,,,,,,,,,,,,,,,,,,,,,,,,,,,,,,,,,,,,,,,,,,,,,,,,,,,,,,,,,,,,,,,,,,,,,,,,,,,,,,,,,,,,,,,,,,,,,,,,,,,,,,,,,,,,,,,,,,,,,,,,,,,Human Health Hazards#Repeated Dose Toxicity,Repeated Dose Toxicity HESS,1993,,NOEL,OECD TG 407,False,No qualifier,Equal,,,,,,,,,,,Rat,,,,,,,,,,,,,,,,,,,,,,,,,,,,,,,,,,,,,,,,,,,,,,,,,,,,,,,,,,,,,,,,,,,,,,99.7,None,,,,,,,,,,,,,,,,,,,,,,,,,,,,,,,,,,,,,,,,,,,,,,,,,,,,,,,,,,,,,,,,SD,Oral (Gavage),,,,,,,,,,,,,,,,,,,,,,Female,Main,"National Institute of Health Sciences, Japan",Large intestine (Colon),RDT,Research Institute for Animal Science in Biochemistry & Toxicology,Necropsy,1000,mg/kg bdwt/d,Administered dose(mass),30,mg/kg bdwt/d,Administered dose(mass),0,d,Time,,,,,,,,,,,,,,,,,,,,,,,,,,,,,,,,,,,,,,,,,,,,,,,,,,,,,,,,,,,,,,,28,d,Time,,,1000,,mg/kg bdwt/d,Administered dose(mass),,,1000,,mg/kg/d,Administered dose(mass),,
78-42-2,"Phosphoric acid, tris(2-ethylhexyl) ester;tris (2-ethylhexyl) phosphate;Tris(2-ethylhexyl) phosphate;tris(2-ethylhexyl)ester phosphoric acid;tris(2-ethylhexyl)ester_phosphoric_acid;tris(2-ethylhexyl)phosphate;Tris(2-ethylhexyl)phosphate (TEHP)",,,,,,,,,,,,,,,,,,,,,,,,,,,,,,,,,,,,,,,,,,,,,,,,,,,,,,,,,,,,,,,,,,,,,,,,,,,,,,,,,,,,,,,,,,,,,,,,,,,,,,,,,,,,,,,,,,,,,,,,,,,,,,,,Human Health Hazards#Repeated Dose Toxicity,Repeated Dose Toxicity HESS,1993,,NOEL,OECD TG 407,False,No qualifier,Equal,,,,,,,,,,,Rat,,,,,,,,,,,,,,,,,,,,,,,,,,,,,,,,,,,,,,,,,,,,,,,,,,,,,,,,,,,,,,,,,,,,,,99.7,None,,,,,,,,,,,,,,,,,,,,,,,,,,,,,,,,,,,,,,,,,,,,,,,,,,,,,,,,,,,,,,,,SD,Oral (Gavage),,,,,,,,,,,,,,,,,,,,,,Male,Main,"National Institute of Health Sciences, Japan",Large intestine (Colon),RDT,Research Institute for Animal Science in Biochemistry & Toxicology,Necropsy,1000,mg/kg bdwt/d,Administered dose(mass),30,mg/kg bdwt/d,Administered dose(mass),0,d,Time,,,,,,,,,,,,,,,,,,,,,,,,,,,,,,,,,,,,,,,,,,,,,,,,,,,,,,,,,,,,,,,28,d,Time,,,1000,,mg/kg bdwt/d,Administered dose(mass),,,1000,,mg/kg/d,Administered dose(mass),,
78-42-2,"Phosphoric acid, tris(2-ethylhexyl) ester;tris (2-ethylhexyl) phosphate;Tris(2-ethylhexyl) phosphate;tris(2-ethylhexyl)ester phosphoric acid;tris(2-ethylhexyl)ester_phosphoric_acid;tris(2-ethylhexyl)phosphate;Tris(2-ethylhexyl)phosphate (TEHP)",,,,,,,,,,,,,,,,,,,,,,,,,,,,,,,,,,,,,,,,,,,,,,,,,,,,,,,,,,,,,,,,,,,,,,,,,,,,,,,,,,,,,,,,,,,,,,,,,,,,,,,,,,,,,,,,,,,,,,,,,,,,,,,,Human Health Hazards#Repeated Dose Toxicity,Repeated Dose Toxicity HESS,1993,,NOEL,OECD TG 407,False,No qualifier,Equal,,,,,,,,,,,Rat,,,,,,,,,,,,,,,,,,,,,,,,,,,,,,,,,,,,,,,,,,,,,,,,,,,,,,,,,,,,,,,,,,,,,,99.7,None,,,,,,,,,,,,,,,,,,,,,,,,,,,,,,,,,,,,,,,,,,,,,,,,,,,,,,,,,,,,,,,,SD,Oral (Gavage),,,,,,,,,,,,,,,,,,,,,,Female,Main,"National Institute of Health Sciences, Japan",Large intestine (Rectum),RDT,Research Institute for Animal Science in Biochemistry & Toxicology,Necropsy,1000,mg/kg bdwt/d,Administered dose(mass),30,mg/kg bdwt/d,Administered dose(mass),0,d,Time,,,,,,,,,,,,,,,,,,,,,,,,,,,,,,,,,,,,,,,,,,,,,,,,,,,,,,,,,,,,,,,28,d,Time,,,1000,,mg/kg bdwt/d,Administered dose(mass),,,1000,,mg/kg/d,Administered dose(mass),,
78-42-2,"Phosphoric acid, tris(2-ethylhexyl) ester;tris (2-ethylhexyl) phosphate;Tris(2-ethylhexyl) phosphate;tris(2-ethylhexyl)ester phosphoric acid;tris(2-ethylhexyl)ester_phosphoric_acid;tris(2-ethylhexyl)phosphate;Tris(2-ethylhexyl)phosphate (TEHP)",,,,,,,,,,,,,,,,,,,,,,,,,,,,,,,,,,,,,,,,,,,,,,,,,,,,,,,,,,,,,,,,,,,,,,,,,,,,,,,,,,,,,,,,,,,,,,,,,,,,,,,,,,,,,,,,,,,,,,,,,,,,,,,,Human Health Hazards#Repeated Dose Toxicity,Repeated Dose Toxicity HESS,1993,,NOEL,OECD TG 407,False,No qualifier,Equal,,,,,,,,,,,Rat,,,,,,,,,,,,,,,,,,,,,,,,,,,,,,,,,,,,,,,,,,,,,,,,,,,,,,,,,,,,,,,,,,,,,,99.7,None,,,,,,,,,,,,,,,,,,,,,,,,,,,,,,,,,,,,,,,,,,,,,,,,,,,,,,,,,,,,,,,,SD,Oral (Gavage),,,,,,,,,,,,,,,,,,,,,,Male,Main,"National Institute of Health Sciences, Japan",Large intestine (Rectum),RDT,Research Institute for Animal Science in Biochemistry & Toxicology,Necropsy,1000,mg/kg bdwt/d,Administered dose(mass),30,mg/kg bdwt/d,Administered dose(mass),0,d,Time,,,,,,,,,,,,,,,,,,,,,,,,,,,,,,,,,,,,,,,,,,,,,,,,,,,,,,,,,,,,,,,28,d,Time,,,1000,,mg/kg bdwt/d,Administered dose(mass),,,1000,,mg/kg/d,Administered dose(mass),,
78-42-2,"Phosphoric acid, tris(2-ethylhexyl) ester;tris (2-ethylhexyl) phosphate;Tris(2-ethylhexyl) phosphate;tris(2-ethylhexyl)ester phosphoric acid;tris(2-ethylhexyl)ester_phosphoric_acid;tris(2-ethylhexyl)phosphate;Tris(2-ethylhexyl)phosphate (TEHP)",,,,,,,,,,,,,,,,,,,,,,,,,,,,,,,,,,,,,,,,,,,,,,,,,,,,,,,,,,,,,,,,,,,,,,,,,,,,,,,,,,,,,,,,,,,,,,,,,,,,,,,,,,,,,,,,,,,,,,,,,,,,,,,,Human Health Hazards#Repeated Dose Toxicity,Repeated Dose Toxicity HESS,1993,,NOEL,OECD TG 407,False,No qualifier,Equal,,,,,,,,,,,Rat,,,,,,,,,,,,,,,,,,,,,,,,,,,,,,,,,,,,,,Absolute Organ Weight↑,,,,,,,,,,,,,,,,,,,,,,,,,,,,,,,,99.7,None,,,,,,,,,,,,,,,,,,,,,,,,,,,,,,,,,,,,,,,,,,,,,,,,,,,,,,,,,,,,,,,,SD,Oral (Gavage),,,,,,,,,,,,,,,,,,,,,,Female,Main,"National Institute of Health Sciences, Japan",Liver,RDT,Research Institute for Animal Science in Biochemistry & Toxicology,Organ weights,1000,mg/kg bdwt/d,Administered dose(mass),30,mg/kg bdwt/d,Administered dose(mass),0,d,Time,,,,,,,,,,,,,,,,,,,,,,,,,,,,,,,,,,,,,,,,,,,,,,,,,,,,,,,,,,,,,,,28,d,Time,,,1000,,mg/kg bdwt/d,Administered dose(mass),,,1000,,mg/kg/d,Administered dose(mass),,
78-42-2,"Phosphoric acid, tris(2-ethylhexyl) ester;tris (2-ethylhexyl) phosphate;Tris(2-ethylhexyl) phosphate;tris(2-ethylhexyl)ester phosphoric acid;tris(2-ethylhexyl)ester_phosphoric_acid;tris(2-ethylhexyl)phosphate;Tris(2-ethylhexyl)phosphate (TEHP)",,,,,,,,,,,,,,,,,,,,,,,,,,,,,,,,,,,,,,,,,,,,,,,,,,,,,,,,,,,,,,,,,,,,,,,,,,,,,,,,,,,,,,,,,,,,,,,,,,,,,,,,,,,,,,,,,,,,,,,,,,,,,,,,Human Health Hazards#Repeated Dose Toxicity,Repeated Dose Toxicity HESS,1993,,NOEL,OECD TG 407,False,No qualifier,Equal,,,,,,,,,,,Rat,,,,,,,,,,,,,,,,,,,,,,,,,,,,,,,,,,,,,,Absolute Organ Weight↑,,,,,,,,,,,,,,,,,,,,,,,,,,,,,,,,99.7,None,,,,,,,,,,,,,,,,,,,,,,,,,,,,,,,,,,,,,,,,,,,,,,,,,,,,,,,,,,,,,,,,SD,Oral (Gavage),,,,,,,,,,,,,,,,,,,,,,Male,Main,"National Institute of Health Sciences, Japan",Liver,RDT,Research Institute for Animal Science in Biochemistry & Toxicology,Organ weights,1000,mg/kg bdwt/d,Administered dose(mass),30,mg/kg bdwt/d,Administered dose(mass),0,d,Time,,,,,,,,,,,,,,,,,,,,,,,,,,,,,,,,,,,,,,,,,,,,,,,,,,,,,,,,,,,,,,,28,d,Time,,,1000,,mg/kg bdwt/d,Administered dose(mass),,,1000,,mg/kg/d,Administered dose(mass),,
78-42-2,"Phosphoric acid, tris(2-ethylhexyl) ester;tris (2-ethylhexyl) phosphate;Tris(2-ethylhexyl) phosphate;tris(2-ethylhexyl)ester phosphoric acid;tris(2-ethylhexyl)ester_phosphoric_acid;tris(2-ethylhexyl)phosphate;Tris(2-ethylhexyl)phosphate (TEHP)",,,,,,,,,,,,,,,,,,,,,,,,,,,,,,,,,,,,,,,,,,,,,,,,,,,,,,,,,,,,,,,,,,,,,,,,,,,,,,,,,,,,,,,,,,,,,,,,,,,,,,,,,,,,,,,,,,,,,,,,,,,,,,,,Human Health Hazards#Repeated Dose Toxicity,Repeated Dose Toxicity HESS,1993,,NOEL,OECD TG 407,False,No qualifier,Equal,,,,,,,,,,,Rat,,,,,,,,,,,,,,,,,,,,,,,,,,,,,,,,,,,,,,Absolute Organ Weight↓,,,,,,,,,,,,,,,,,,,,,,,,,,,,,,,,99.7,None,,,,,,,,,,,,,,,,,,,,,,,,,,,,,,,,,,,,,,,,,,,,,,,,,,,,,,,,,,,,,,,,SD,Oral (Gavage),,,,,,,,,,,,,,,,,,,,,,Female,Main,"National Institute of Health Sciences, Japan",Liver,RDT,Research Institute for Animal Science in Biochemistry & Toxicology,Organ weights,1000,mg/kg bdwt/d,Administered dose(mass),30,mg/kg bdwt/d,Administered dose(mass),0,d,Time,,,,,,,,,,,,,,,,,,,,,,,,,,,,,,,,,,,,,,,,,,,,,,,,,,,,,,,,,,,,,,,28,d,Time,,,1000,,mg/kg bdwt/d,Administered dose(mass),,,1000,,mg/kg/d,Administered dose(mass),,
78-42-2,"Phosphoric acid, tris(2-ethylhexyl) ester;tris (2-ethylhexyl) phosphate;Tris(2-ethylhexyl) phosphate;tris(2-ethylhexyl)ester phosphoric acid;tris(2-ethylhexyl)ester_phosphoric_acid;tris(2-ethylhexyl)phosphate;Tris(2-ethylhexyl)phosphate (TEHP)",,,,,,,,,,,,,,,,,,,,,,,,,,,,,,,,,,,,,,,,,,,,,,,,,,,,,,,,,,,,,,,,,,,,,,,,,,,,,,,,,,,,,,,,,,,,,,,,,,,,,,,,,,,,,,,,,,,,,,,,,,,,,,,,Human Health Hazards#Repeated Dose Toxicity,Repeated Dose Toxicity HESS,1993,,NOEL,OECD TG 407,False,No qualifier,Equal,,,,,,,,,,,Rat,,,,,,,,,,,,,,,,,,,,,,,,,,,,,,,,,,,,,,Absolute Organ Weight↓,,,,,,,,,,,,,,,,,,,,,,,,,,,,,,,,99.7,None,,,,,,,,,,,,,,,,,,,,,,,,,,,,,,,,,,,,,,,,,,,,,,,,,,,,,,,,,,,,,,,,SD,Oral (Gavage),,,,,,,,,,,,,,,,,,,,,,Male,Main,"National Institute of Health Sciences, Japan",Liver,RDT,Research Institute for Animal Science in Biochemistry & Toxicology,Organ weights,1000,mg/kg bdwt/d,Administered dose(mass),30,mg/kg bdwt/d,Administered dose(mass),0,d,Time,,,,,,,,,,,,,,,,,,,,,,,,,,,,,,,,,,,,,,,,,,,,,,,,,,,,,,,,,,,,,,,28,d,Time,,,1000,,mg/kg bdwt/d,Administered dose(mass),,,1000,,mg/kg/d,Administered dose(mass),,
78-42-2,"Phosphoric acid, tris(2-ethylhexyl) ester;tris (2-ethylhexyl) phosphate;Tris(2-ethylhexyl) phosphate;tris(2-ethylhexyl)ester phosphoric acid;tris(2-ethylhexyl)ester_phosphoric_acid;tris(2-ethylhexyl)phosphate;Tris(2-ethylhexyl)phosphate (TEHP)",,,,,,,,,,,,,,,,,,,,,,,,,,,,,,,,,,,,,,,,,,,,,,,,,,,,,,,,,,,,,,,,,,,,,,,,,,,,,,,,,,,,,,,,,,,,,,,,,,,,,,,,,,,,,,,,,,,,,,,,,,,,,,,,Human Health Hazards#Repeated Dose Toxicity,Repeated Dose Toxicity HESS,1993,,NOEL,OECD TG 407,False,No qualifier,Equal,,,,,,,,,,,Rat,,,,,,,,,,,,,,,,,,,,,,,,,,,,,,,,,,,,,,Anisonucleosis/Mitosis,,,,,,,,,,,,,,,,,,,,,,,,,,,,,,,,99.7,None,,,,,,,,,,,,,,,,,,,,,,,,,,,,,,,,,,,,,,,,,,,,,,,,,,,,,,,,,,,,,,,,SD,Oral (Gavage),,,,,,,,,,,,,,,,Hepatocyte,,,,,,Female,Main,"National Institute of Health Sciences, Japan",Liver,RDT,Research Institute for Animal Science in Biochemistry & Toxicology,Histopathological findings,1000,mg/kg bdwt/d,Administered dose(mass),30,mg/kg bdwt/d,Administered dose(mass),0,d,Time,,,,,,,,,,,,,,,,,,,,,,,,,,,,,,,,,,,,,,,,,,,,,,,,,,,,,,,,,,,,,,,28,d,Time,,,1000,,mg/kg bdwt/d,Administered dose(mass),,,1000,,mg/kg/d,Administered dose(mass),,
78-42-2,"Phosphoric acid, tris(2-ethylhexyl) ester;tris (2-ethylhexyl) phosphate;Tris(2-ethylhexyl) phosphate;tris(2-ethylhexyl)ester phosphoric acid;tris(2-ethylhexyl)ester_phosphoric_acid;tris(2-ethylhexyl)phosphate;Tris(2-ethylhexyl)phosphate (TEHP)",,,,,,,,,,,,,,,,,,,,,,,,,,,,,,,,,,,,,,,,,,,,,,,,,,,,,,,,,,,,,,,,,,,,,,,,,,,,,,,,,,,,,,,,,,,,,,,,,,,,,,,,,,,,,,,,,,,,,,,,,,,,,,,,Human Health Hazards#Repeated Dose Toxicity,Repeated Dose Toxicity HESS,1993,,NOEL,OECD TG 407,False,No qualifier,Equal,,,,,,,,,,,Rat,,,,,,,,,,,,,,,,,,,,,,,,,,,,,,,,,,,,,,Anisonucleosis/Mitosis,,,,,,,,,,,,,,,,,,,,,,,,,,,,,,,,99.7,None,,,,,,,,,,,,,,,,,,,,,,,,,,,,,,,,,,,,,,,,,,,,,,,,,,,,,,,,,,,,,,,,SD,Oral (Gavage),,,,,,,,,,,,,,,,Hepatocyte,,,,,,Male,Main,"National Institute of Health Sciences, Japan",Liver,RDT,Research Institute for Animal Science in Biochemistry & Toxicology,Histopathological findings,1000,mg/kg bdwt/d,Administered dose(mass),30,mg/kg bdwt/d,Administered dose(mass),0,d,Time,,,,,,,,,,,,,,,,,,,,,,,,,,,,,,,,,,,,,,,,,,,,,,,,,,,,,,,,,,,,,,,28,d,Time,,,1000,,mg/kg bdwt/d,Administered dose(mass),,,1000,,mg/kg/d,Administered dose(mass),,
78-42-2,"Phosphoric acid, tris(2-ethylhexyl) ester;tris (2-ethylhexyl) phosphate;Tris(2-ethylhexyl) phosphate;tris(2-ethylhexyl)ester phosphoric acid;tris(2-ethylhexyl)ester_phosphoric_acid;tris(2-ethylhexyl)phosphate;Tris(2-ethylhexyl)phosphate (TEHP)",,,,,,,,,,,,,,,,,,,,,,,,,,,,,,,,,,,,,,,,,,,,,,,,,,,,,,,,,,,,,,,,,,,,,,,,,,,,,,,,,,,,,,,,,,,,,,,,,,,,,,,,,,,,,,,,,,,,,,,,,,,,,,,,Human Health Hazards#Repeated Dose Toxicity,Repeated Dose Toxicity HESS,1993,,NOEL,OECD TG 407,False,No qualifier,Equal,,,,,,,,,,,Rat,,,,,,,,,,,,,,,,,,,,,,,,,,,,,,,,,,,,,,Bile Thrombus,,,,,,,,,,,,,,,,,,,,,,,,,,,,,,,,99.7,None,,,,,,,,,,,,,,,,,,,,,,,,,,,,,,,,,,,,,,,,,,,,,,,,,,,,,,,,,,,,,,,,SD,Oral (Gavage),,,,,,,,,,,,,,,,Bile duct,,,,,,Female,Main,"National Institute of Health Sciences, Japan",Liver,RDT,Research Institute for Animal Science in Biochemistry & Toxicology,Histopathological findings,1000,mg/kg bdwt/d,Administered dose(mass),30,mg/kg bdwt/d,Administered dose(mass),0,d,Time,,,,,,,,,,,,,,,,,,,,,,,,,,,,,,,,,,,,,,,,,,,,,,,,,,,,,,,,,,,,,,,28,d,Time,,,1000,,mg/kg bdwt/d,Administered dose(mass),,,1000,,mg/kg/d,Administered dose(mass),,
78-42-2,"Phosphoric acid, tris(2-ethylhexyl) ester;tris (2-ethylhexyl) phosphate;Tris(2-ethylhexyl) phosphate;tris(2-ethylhexyl)ester phosphoric acid;tris(2-ethylhexyl)ester_phosphoric_acid;tris(2-ethylhexyl)phosphate;Tris(2-ethylhexyl)phosphate (TEHP)",,,,,,,,,,,,,,,,,,,,,,,,,,,,,,,,,,,,,,,,,,,,,,,,,,,,,,,,,,,,,,,,,,,,,,,,,,,,,,,,,,,,,,,,,,,,,,,,,,,,,,,,,,,,,,,,,,,,,,,,,,,,,,,,Human Health Hazards#Repeated Dose Toxicity,Repeated Dose Toxicity HESS,1993,,NOEL,OECD TG 407,False,No qualifier,Equal,,,,,,,,,,,Rat,,,,,,,,,,,,,,,,,,,,,,,,,,,,,,,,,,,,,,Bile Thrombus,,,,,,,,,,,,,,,,,,,,,,,,,,,,,,,,99.7,None,,,,,,,,,,,,,,,,,,,,,,,,,,,,,,,,,,,,,,,,,,,,,,,,,,,,,,,,,,,,,,,,SD,Oral (Gavage),,,,,,,,,,,,,,,,Bile duct,,,,,,Male,Main,"National Institute of Health Sciences, Japan",Liver,RDT,Research Institute for Animal Science in Biochemistry & Toxicology,Histopathological findings,1000,mg/kg bdwt/d,Administered dose(mass),30,mg/kg bdwt/d,Administered dose(mass),0,d,Time,,,,,,,,,,,,,,,,,,,,,,,,,,,,,,,,,,,,,,,,,,,,,,,,,,,,,,,,,,,,,,,28,d,Time,,,1000,,mg/kg bdwt/d,Administered dose(mass),,,1000,,mg/kg/d,Administered dose(mass),,
78-42-2,"Phosphoric acid, tris(2-ethylhexyl) ester;tris (2-ethylhexyl) phosphate;Tris(2-ethylhexyl) phosphate;tris(2-ethylhexyl)ester phosphoric acid;tris(2-ethylhexyl)ester_phosphoric_acid;tris(2-ethylhexyl)phosphate;Tris(2-ethylhexyl)phosphate (TEHP)",,,,,,,,,,,,,,,,,,,,,,,,,,,,,,,,,,,,,,,,,,,,,,,,,,,,,,,,,,,,,,,,,,,,,,,,,,,,,,,,,,,,,,,,,,,,,,,,,,,,,,,,,,,,,,,,,,,,,,,,,,,,,,,,Human Health Hazards#Repeated Dose Toxicity,Repeated Dose Toxicity HESS,1993,,NOEL,OECD TG 407,False,No qualifier,Equal,,,,,,,,,,,Rat,,,,,,,,,,,,,,,,,,,,,,,,,,,,,,,,,,,,,,Cell Infiltration/Inflamation,,,,,,,,,,,,,,,,,,,,,,,,,,,,,,,,99.7,None,,,,,,,,,,,,,,,,,,,,,,,,,,,,,,,,,,,,,,,,,,,,,,,,,,,,,,,,,,,,,,,,SD,Oral (Gavage),,,,,,,,,,,,,,,,,,,,,,Female,Main,"National Institute of Health Sciences, Japan",Liver,RDT,Research Institute for Animal Science in Biochemistry & Toxicology,Histopathological findings,1000,mg/kg bdwt/d,Administered dose(mass),30,mg/kg bdwt/d,Administered dose(mass),0,d,Time,,,,,,,,,,,,,,,,,,,,,,,,,,,,,,,,,,,,,,,,,,,,,,,,,,,,,,,,,,,,,,,28,d,Time,,,1000,,mg/kg bdwt/d,Administered dose(mass),,,1000,,mg/kg/d,Administered dose(mass),,
78-42-2,"Phosphoric acid, tris(2-ethylhexyl) ester;tris (2-ethylhexyl) phosphate;Tris(2-ethylhexyl) phosphate;tris(2-ethylhexyl)ester phosphoric acid;tris(2-ethylhexyl)ester_phosphoric_acid;tris(2-ethylhexyl)phosphate;Tris(2-ethylhexyl)phosphate (TEHP)",,,,,,,,,,,,,,,,,,,,,,,,,,,,,,,,,,,,,,,,,,,,,,,,,,,,,,,,,,,,,,,,,,,,,,,,,,,,,,,,,,,,,,,,,,,,,,,,,,,,,,,,,,,,,,,,,,,,,,,,,,,,,,,,Human Health Hazards#Repeated Dose Toxicity,Repeated Dose Toxicity HESS,1993,,NOEL,OECD TG 407,False,No qualifier,Equal,,,,,,,,,,,Rat,,,,,,,,,,,,,,,,,,,,,,,,,,,,,,,,,,,,,,Cell Infiltration/Inflamation,,,,,,,,,,,,,,,,,,,,,,,,,,,,,,,,99.7,None,,,,,,,,,,,,,,,,,,,,,,,,,,,,,,,,,,,,,,,,,,,,,,,,,,,,,,,,,,,,,,,,SD,Oral (Gavage),,,,,,,,,,,,,,,,,,,,,,Male,Main,"National Institute of Health Sciences, Japan",Liver,RDT,Research Institute for Animal Science in Biochemistry & Toxicology,Histopathological findings,1000,mg/kg bdwt/d,Administered dose(mass),30,mg/kg bdwt/d,Administered dose(mass),0,d,Time,,,,,,,,,,,,,,,,,,,,,,,,,,,,,,,,,,,,,,,,,,,,,,,,,,,,,,,,,,,,,,,28,d,Time,,,1000,,mg/kg bdwt/d,Administered dose(mass),,,1000,,mg/kg/d,Administered dose(mass),,
78-42-2,"Phosphoric acid, tris(2-ethylhexyl) ester;tris (2-ethylhexyl) phosphate;Tris(2-ethylhexyl) phosphate;tris(2-ethylhexyl)ester phosphoric acid;tris(2-ethylhexyl)ester_phosphoric_acid;tris(2-ethylhexyl)phosphate;Tris(2-ethylhexyl)phosphate (TEHP)",,,,,,,,,,,,,,,,,,,,,,,,,,,,,,,,,,,,,,,,,,,,,,,,,,,,,,,,,,,,,,,,,,,,,,,,,,,,,,,,,,,,,,,,,,,,,,,,,,,,,,,,,,,,,,,,,,,,,,,,,,,,,,,,Human Health Hazards#Repeated Dose Toxicity,Repeated Dose Toxicity HESS,1993,,NOEL,OECD TG 407,False,No qualifier,Equal,,,,,,,,,,,Rat,,,,,,,,,,,,,,,,,,,,,,,,,,,,,,,,,,,,,,Congestion,,,,,,,,,,,,,,,,,,,,,,,,,,,,,,,,99.7,None,,,,,,,,,,,,,,,,,,,,,,,,,,,,,,,,,,,,,,,,,,,,,,,,,,,,,,,,,,,,,,,,SD,Oral (Gavage),,,,,,,,,,,,,,,,,,,,,,Female,Main,"National Institute of Health Sciences, Japan",Liver,RDT,Research Institute for Animal Science in Biochemistry & Toxicology,Histopathological findings,1000,mg/kg bdwt/d,Administered dose(mass),30,mg/kg bdwt/d,Administered dose(mass),0,d,Time,,,,,,,,,,,,,,,,,,,,,,,,,,,,,,,,,,,,,,,,,,,,,,,,,,,,,,,,,,,,,,,28,d,Time,,,1000,,mg/kg bdwt/d,Administered dose(mass),,,1000,,mg/kg/d,Administered dose(mass),,
78-42-2,"Phosphoric acid, tris(2-ethylhexyl) ester;tris (2-ethylhexyl) phosphate;Tris(2-ethylhexyl) phosphate;tris(2-ethylhexyl)ester phosphoric acid;tris(2-ethylhexyl)ester_phosphoric_acid;tris(2-ethylhexyl)phosphate;Tris(2-ethylhexyl)phosphate (TEHP)",,,,,,,,,,,,,,,,,,,,,,,,,,,,,,,,,,,,,,,,,,,,,,,,,,,,,,,,,,,,,,,,,,,,,,,,,,,,,,,,,,,,,,,,,,,,,,,,,,,,,,,,,,,,,,,,,,,,,,,,,,,,,,,,Human Health Hazards#Repeated Dose Toxicity,Repeated Dose Toxicity HESS,1993,,NOEL,OECD TG 407,False,No qualifier,Equal,,,,,,,,,,,Rat,,,,,,,,,,,,,,,,,,,,,,,,,,,,,,,,,,,,,,Congestion,,,,,,,,,,,,,,,,,,,,,,,,,,,,,,,,99.7,None,,,,,,,,,,,,,,,,,,,,,,,,,,,,,,,,,,,,,,,,,,,,,,,,,,,,,,,,,,,,,,,,SD,Oral (Gavage),,,,,,,,,,,,,,,,,,,,,,Male,Main,"National Institute of Health Sciences, Japan",Liver,RDT,Research Institute for Animal Science in Biochemistry & Toxicology,Histopathological findings,1000,mg/kg bdwt/d,Administered dose(mass),30,mg/kg bdwt/d,Administered dose(mass),0,d,Time,,,,,,,,,,,,,,,,,,,,,,,,,,,,,,,,,,,,,,,,,,,,,,,,,,,,,,,,,,,,,,,28,d,Time,,,1000,,mg/kg bdwt/d,Administered dose(mass),,,1000,,mg/kg/d,Administered dose(mass),,
78-42-2,"Phosphoric acid, tris(2-ethylhexyl) ester;tris (2-ethylhexyl) phosphate;Tris(2-ethylhexyl) phosphate;tris(2-ethylhexyl)ester phosphoric acid;tris(2-ethylhexyl)ester_phosphoric_acid;tris(2-ethylhexyl)phosphate;Tris(2-ethylhexyl)phosphate (TEHP)",,,,,,,,,,,,,,,,,,,,,,,,,,,,,,,,,,,,,,,,,,,,,,,,,,,,,,,,,,,,,,,,,,,,,,,,,,,,,,,,,,,,,,,,,,,,,,,,,,,,,,,,,,,,,,,,,,,,,,,,,,,,,,,,Human Health Hazards#Repeated Dose Toxicity,Repeated Dose Toxicity HESS,1993,,NOEL,OECD TG 407,False,No qualifier,Equal,,,,,,,,,,,Rat,,,,,,,,,,,,,,,,,,,,,,,,,,,,,,,,,,,,,,Enlarged (Necropsy),,,,,,,,,,,,,,,,,,,,,,,,,,,,,,,,99.7,None,,,,,,,,,,,,,,,,,,,,,,,,,,,,,,,,,,,,,,,,,,,,,,,,,,,,,,,,,,,,,,,,SD,Oral (Gavage),,,,,,,,,,,,,,,,,,,,,,Female,Main,"National Institute of Health Sciences, Japan",Liver,RDT,Research Institute for Animal Science in Biochemistry & Toxicology,Necropsy,1000,mg/kg bdwt/d,Administered dose(mass),30,mg/kg bdwt/d,Administered dose(mass),0,d,Time,,,,,,,,,,,,,,,,,,,,,,,,,,,,,,,,,,,,,,,,,,,,,,,,,,,,,,,,,,,,,,,28,d,Time,,,1000,,mg/kg bdwt/d,Administered dose(mass),,,1000,,mg/kg/d,Administered dose(mass),,
78-42-2,"Phosphoric acid, tris(2-ethylhexyl) ester;tris (2-ethylhexyl) phosphate;Tris(2-ethylhexyl) phosphate;tris(2-ethylhexyl)ester phosphoric acid;tris(2-ethylhexyl)ester_phosphoric_acid;tris(2-ethylhexyl)phosphate;Tris(2-ethylhexyl)phosphate (TEHP)",,,,,,,,,,,,,,,,,,,,,,,,,,,,,,,,,,,,,,,,,,,,,,,,,,,,,,,,,,,,,,,,,,,,,,,,,,,,,,,,,,,,,,,,,,,,,,,,,,,,,,,,,,,,,,,,,,,,,,,,,,,,,,,,Human Health Hazards#Repeated Dose Toxicity,Repeated Dose Toxicity HESS,1993,,NOEL,OECD TG 407,False,No qualifier,Equal,,,,,,,,,,,Rat,,,,,,,,,,,,,,,,,,,,,,,,,,,,,,,,,,,,,,Enlarged (Necropsy),,,,,,,,,,,,,,,,,,,,,,,,,,,,,,,,99.7,None,,,,,,,,,,,,,,,,,,,,,,,,,,,,,,,,,,,,,,,,,,,,,,,,,,,,,,,,,,,,,,,,SD,Oral (Gavage),,,,,,,,,,,,,,,,,,,,,,Male,Main,"National Institute of Health Sciences, Japan",Liver,RDT,Research Institute for Animal Science in Biochemistry & Toxicology,Necropsy,1000,mg/kg bdwt/d,Administered dose(mass),30,mg/kg bdwt/d,Administered dose(mass),0,d,Time,,,,,,,,,,,,,,,,,,,,,,,,,,,,,,,,,,,,,,,,,,,,,,,,,,,,,,,,,,,,,,,28,d,Time,,,1000,,mg/kg bdwt/d,Administered dose(mass),,,1000,,mg/kg/d,Administered dose(mass),,
78-42-2,"Phosphoric acid, tris(2-ethylhexyl) ester;tris (2-ethylhexyl) phosphate;Tris(2-ethylhexyl) phosphate;tris(2-ethylhexyl)ester phosphoric acid;tris(2-ethylhexyl)ester_phosphoric_acid;tris(2-ethylhexyl)phosphate;Tris(2-ethylhexyl)phosphate (TEHP)",,,,,,,,,,,,,,,,,,,,,,,,,,,,,,,,,,,,,,,,,,,,,,,,,,,,,,,,,,,,,,,,,,,,,,,,,,,,,,,,,,,,,,,,,,,,,,,,,,,,,,,,,,,,,,,,,,,,,,,,,,,,,,,,Human Health Hazards#Repeated Dose Toxicity,Repeated Dose Toxicity HESS,1993,,NOEL,OECD TG 407,False,No qualifier,Equal,,,,,,,,,,,Rat,,,,,,,,,,,,,,,,,,,,,,,,,,,,,,,,,,,,,,Eosinophilic Hepatocyte (Centrilobular),,,,,,,,,,,,,,,,,,,,,,,,,,,,,,,,99.7,None,,,,,,,,,,,,,,,,,,,,,,,,,,,,,,,,,,,,,,,,,,,,,,,,,,,,,,,,,,,,,,,,SD,Oral (Gavage),,,,,,,,,,,,,,,,Hepatocyte,,,,,,Female,Main,"National Institute of Health Sciences, Japan",Liver,RDT,Research Institute for Animal Science in Biochemistry & Toxicology,Histopathological findings,1000,mg/kg bdwt/d,Administered dose(mass),30,mg/kg bdwt/d,Administered dose(mass),0,d,Time,,,,,,,,,,,,,,,,,,,,,,,,,,,,,,,,,,,,,,,,,,,,,,,,,,,,,,,,,,,,,,,28,d,Time,,,1000,,mg/kg bdwt/d,Administered dose(mass),,,1000,,mg/kg/d,Administered dose(mass),,
78-42-2,"Phosphoric acid, tris(2-ethylhexyl) ester;tris (2-ethylhexyl) phosphate;Tris(2-ethylhexyl) phosphate;tris(2-ethylhexyl)ester phosphoric acid;tris(2-ethylhexyl)ester_phosphoric_acid;tris(2-ethylhexyl)phosphate;Tris(2-ethylhexyl)phosphate (TEHP)",,,,,,,,,,,,,,,,,,,,,,,,,,,,,,,,,,,,,,,,,,,,,,,,,,,,,,,,,,,,,,,,,,,,,,,,,,,,,,,,,,,,,,,,,,,,,,,,,,,,,,,,,,,,,,,,,,,,,,,,,,,,,,,,Human Health Hazards#Repeated Dose Toxicity,Repeated Dose Toxicity HESS,1993,,NOEL,OECD TG 407,False,No qualifier,Equal,,,,,,,,,,,Rat,,,,,,,,,,,,,,,,,,,,,,,,,,,,,,,,,,,,,,Eosinophilic Hepatocyte (Centrilobular),,,,,,,,,,,,,,,,,,,,,,,,,,,,,,,,99.7,None,,,,,,,,,,,,,,,,,,,,,,,,,,,,,,,,,,,,,,,,,,,,,,,,,,,,,,,,,,,,,,,,SD,Oral (Gavage),,,,,,,,,,,,,,,,Hepatocyte,,,,,,Male,Main,"National Institute of Health Sciences, Japan",Liver,RDT,Research Institute for Animal Science in Biochemistry & Toxicology,Histopathological findings,1000,mg/kg bdwt/d,Administered dose(mass),30,mg/kg bdwt/d,Administered dose(mass),0,d,Time,,,,,,,,,,,,,,,,,,,,,,,,,,,,,,,,,,,,,,,,,,,,,,,,,,,,,,,,,,,,,,,28,d,Time,,,1000,,mg/kg bdwt/d,Administered dose(mass),,,1000,,mg/kg/d,Administered dose(mass),,
78-42-2,"Phosphoric acid, tris(2-ethylhexyl) ester;tris (2-ethylhexyl) phosphate;Tris(2-ethylhexyl) phosphate;tris(2-ethylhexyl)ester phosphoric acid;tris(2-ethylhexyl)ester_phosphoric_acid;tris(2-ethylhexyl)phosphate;Tris(2-ethylhexyl)phosphate (TEHP)",,,,,,,,,,,,,,,,,,,,,,,,,,,,,,,,,,,,,,,,,,,,,,,,,,,,,,,,,,,,,,,,,,,,,,,,,,,,,,,,,,,,,,,,,,,,,,,,,,,,,,,,,,,,,,,,,,,,,,,,,,,,,,,,Human Health Hazards#Repeated Dose Toxicity,Repeated Dose Toxicity HESS,1993,,NOEL,OECD TG 407,False,No qualifier,Equal,,,,,,,,,,,Rat,,,,,,,,,,,,,,,,,,,,,,,,,,,,,,,,,,,,,,Eosinophilic Hepatocyte (Other),,,,,,,,,,,,,,,,,,,,,,,,,,,,,,,,99.7,None,,,,,,,,,,,,,,,,,,,,,,,,,,,,,,,,,,,,,,,,,,,,,,,,,,,,,,,,,,,,,,,,SD,Oral (Gavage),,,,,,,,,,,,,,,,Hepatocyte,,,,,,Female,Main,"National Institute of Health Sciences, Japan",Liver,RDT,Research Institute for Animal Science in Biochemistry & Toxicology,Histopathological findings,1000,mg/kg bdwt/d,Administered dose(mass),30,mg/kg bdwt/d,Administered dose(mass),0,d,Time,,,,,,,,,,,,,,,,,,,,,,,,,,,,,,,,,,,,,,,,,,,,,,,,,,,,,,,,,,,,,,,28,d,Time,,,1000,,mg/kg bdwt/d,Administered dose(mass),,,1000,,mg/kg/d,Administered dose(mass),,
78-42-2,"Phosphoric acid, tris(2-ethylhexyl) ester;tris (2-ethylhexyl) phosphate;Tris(2-ethylhexyl) phosphate;tris(2-ethylhexyl)ester phosphoric acid;tris(2-ethylhexyl)ester_phosphoric_acid;tris(2-ethylhexyl)phosphate;Tris(2-ethylhexyl)phosphate (TEHP)",,,,,,,,,,,,,,,,,,,,,,,,,,,,,,,,,,,,,,,,,,,,,,,,,,,,,,,,,,,,,,,,,,,,,,,,,,,,,,,,,,,,,,,,,,,,,,,,,,,,,,,,,,,,,,,,,,,,,,,,,,,,,,,,Human Health Hazards#Repeated Dose Toxicity,Repeated Dose Toxicity HESS,1993,,NOEL,OECD TG 407,False,No qualifier,Equal,,,,,,,,,,,Rat,,,,,,,,,,,,,,,,,,,,,,,,,,,,,,,,,,,,,,Eosinophilic Hepatocyte (Other),,,,,,,,,,,,,,,,,,,,,,,,,,,,,,,,99.7,None,,,,,,,,,,,,,,,,,,,,,,,,,,,,,,,,,,,,,,,,,,,,,,,,,,,,,,,,,,,,,,,,SD,Oral (Gavage),,,,,,,,,,,,,,,,Hepatocyte,,,,,,Male,Main,"National Institute of Health Sciences, Japan",Liver,RDT,Research Institute for Animal Science in Biochemistry & Toxicology,Histopathological findings,1000,mg/kg bdwt/d,Administered dose(mass),30,mg/kg bdwt/d,Administered dose(mass),0,d,Time,,,,,,,,,,,,,,,,,,,,,,,,,,,,,,,,,,,,,,,,,,,,,,,,,,,,,,,,,,,,,,,28,d,Time,,,1000,,mg/kg bdwt/d,Administered dose(mass),,,1000,,mg/kg/d,Administered dose(mass),,
78-42-2,"Phosphoric acid, tris(2-ethylhexyl) ester;tris (2-ethylhexyl) phosphate;Tris(2-ethylhexyl) phosphate;tris(2-ethylhexyl)ester phosphoric acid;tris(2-ethylhexyl)ester_phosphoric_acid;tris(2-ethylhexyl)phosphate;Tris(2-ethylhexyl)phosphate (TEHP)",,,,,,,,,,,,,,,,,,,,,,,,,,,,,,,,,,,,,,,,,,,,,,,,,,,,,,,,,,,,,,,,,,,,,,,,,,,,,,,,,,,,,,,,,,,,,,,,,,,,,,,,,,,,,,,,,,,,,,,,,,,,,,,,Human Health Hazards#Repeated Dose Toxicity,Repeated Dose Toxicity HESS,1993,,NOEL,OECD TG 407,False,No qualifier,Equal,,,,,,,,,,,Rat,,,,,,,,,,,,,,,,,,,,,,,,,,,,,,,,,,,,,,Eosinophilic Hepatocyte (Periportal),,,,,,,,,,,,,,,,,,,,,,,,,,,,,,,,99.7,None,,,,,,,,,,,,,,,,,,,,,,,,,,,,,,,,,,,,,,,,,,,,,,,,,,,,,,,,,,,,,,,,SD,Oral (Gavage),,,,,,,,,,,,,,,,Hepatocyte,,,,,,Female,Main,"National Institute of Health Sciences, Japan",Liver,RDT,Research Institute for Animal Science in Biochemistry & Toxicology,Histopathological findings,1000,mg/kg bdwt/d,Administered dose(mass),30,mg/kg bdwt/d,Administered dose(mass),0,d,Time,,,,,,,,,,,,,,,,,,,,,,,,,,,,,,,,,,,,,,,,,,,,,,,,,,,,,,,,,,,,,,,28,d,Time,,,1000,,mg/kg bdwt/d,Administered dose(mass),,,1000,,mg/kg/d,Administered dose(mass),,
78-42-2,"Phosphoric acid, tris(2-ethylhexyl) ester;tris (2-ethylhexyl) phosphate;Tris(2-ethylhexyl) phosphate;tris(2-ethylhexyl)ester phosphoric acid;tris(2-ethylhexyl)ester_phosphoric_acid;tris(2-ethylhexyl)phosphate;Tris(2-ethylhexyl)phosphate (TEHP)",,,,,,,,,,,,,,,,,,,,,,,,,,,,,,,,,,,,,,,,,,,,,,,,,,,,,,,,,,,,,,,,,,,,,,,,,,,,,,,,,,,,,,,,,,,,,,,,,,,,,,,,,,,,,,,,,,,,,,,,,,,,,,,,Human Health Hazards#Repeated Dose Toxicity,Repeated Dose Toxicity HESS,1993,,NOEL,OECD TG 407,False,No qualifier,Equal,,,,,,,,,,,Rat,,,,,,,,,,,,,,,,,,,,,,,,,,,,,,,,,,,,,,Eosinophilic Hepatocyte (Periportal),,,,,,,,,,,,,,,,,,,,,,,,,,,,,,,,99.7,None,,,,,,,,,,,,,,,,,,,,,,,,,,,,,,,,,,,,,,,,,,,,,,,,,,,,,,,,,,,,,,,,SD,Oral (Gavage),,,,,,,,,,,,,,,,Hepatocyte,,,,,,Male,Main,"National Institute of Health Sciences, Japan",Liver,RDT,Research Institute for Animal Science in Biochemistry & Toxicology,Histopathological findings,1000,mg/kg bdwt/d,Administered dose(mass),30,mg/kg bdwt/d,Administered dose(mass),0,d,Time,,,,,,,,,,,,,,,,,,,,,,,,,,,,,,,,,,,,,,,,,,,,,,,,,,,,,,,,,,,,,,,28,d,Time,,,1000,,mg/kg bdwt/d,Administered dose(mass),,,1000,,mg/kg/d,Administered dose(mass),,
78-42-2,"Phosphoric acid, tris(2-ethylhexyl) ester;tris (2-ethylhexyl) phosphate;Tris(2-ethylhexyl) phosphate;tris(2-ethylhexyl)ester phosphoric acid;tris(2-ethylhexyl)ester_phosphoric_acid;tris(2-ethylhexyl)phosphate;Tris(2-ethylhexyl)phosphate (TEHP)",,,,,,,,,,,,,,,,,,,,,,,,,,,,,,,,,,,,,,,,,,,,,,,,,,,,,,,,,,,,,,,,,,,,,,,,,,,,,,,,,,,,,,,,,,,,,,,,,,,,,,,,,,,,,,,,,,,,,,,,,,,,,,,,Human Health Hazards#Repeated Dose Toxicity,Repeated Dose Toxicity HESS,1993,,NOEL,OECD TG 407,False,No qualifier,Equal,,,,,,,,,,,Rat,,,,,,,,,,,,,,,,,,,,,,,,,,,,,,,,,,,,,,Extramedullary Hematopoiesis,,,,,,,,,,,,,,,,,,,,,,,,,,,,,,,,99.7,None,,,,,,,,,,,,,,,,,,,,,,,,,,,,,,,,,,,,,,,,,,,,,,,,,,,,,,,,,,,,,,,,SD,Oral (Gavage),,,,,,,,,,,,,,,,,,,,,,Female,Main,"National Institute of Health Sciences, Japan",Liver,RDT,Research Institute for Animal Science in Biochemistry & Toxicology,Histopathological findings,1000,mg/kg bdwt/d,Administered dose(mass),30,mg/kg bdwt/d,Administered dose(mass),0,d,Time,,,,,,,,,,,,,,,,,,,,,,,,,,,,,,,,,,,,,,,,,,,,,,,,,,,,,,,,,,,,,,,28,d,Time,,,1000,,mg/kg bdwt/d,Administered dose(mass),,,1000,,mg/kg/d,Administered dose(mass),,
78-42-2,"Phosphoric acid, tris(2-ethylhexyl) ester;tris (2-ethylhexyl) phosphate;Tris(2-ethylhexyl) phosphate;tris(2-ethylhexyl)ester phosphoric acid;tris(2-ethylhexyl)ester_phosphoric_acid;tris(2-ethylhexyl)phosphate;Tris(2-ethylhexyl)phosphate (TEHP)",,,,,,,,,,,,,,,,,,,,,,,,,,,,,,,,,,,,,,,,,,,,,,,,,,,,,,,,,,,,,,,,,,,,,,,,,,,,,,,,,,,,,,,,,,,,,,,,,,,,,,,,,,,,,,,,,,,,,,,,,,,,,,,,Human Health Hazards#Repeated Dose Toxicity,Repeated Dose Toxicity HESS,1993,,NOEL,OECD TG 407,False,No qualifier,Equal,,,,,,,,,,,Rat,,,,,,,,,,,,,,,,,,,,,,,,,,,,,,,,,,,,,,Extramedullary Hematopoiesis,,,,,,,,,,,,,,,,,,,,,,,,,,,,,,,,99.7,None,,,,,,,,,,,,,,,,,,,,,,,,,,,,,,,,,,,,,,,,,,,,,,,,,,,,,,,,,,,,,,,,SD,Oral (Gavage),,,,,,,,,,,,,,,,,,,,,,Male,Main,"National Institute of Health Sciences, Japan",Liver,RDT,Research Institute for Animal Science in Biochemistry & Toxicology,Histopathological findings,1000,mg/kg bdwt/d,Administered dose(mass),30,mg/kg bdwt/d,Administered dose(mass),0,d,Time,,,,,,,,,,,,,,,,,,,,,,,,,,,,,,,,,,,,,,,,,,,,,,,,,,,,,,,,,,,,,,,28,d,Time,,,1000,,mg/kg bdwt/d,Administered dose(mass),,,1000,,mg/kg/d,Administered dose(mass),,
78-42-2,"Phosphoric acid, tris(2-ethylhexyl) ester;tris (2-ethylhexyl) phosphate;Tris(2-ethylhexyl) phosphate;tris(2-ethylhexyl)ester phosphoric acid;tris(2-ethylhexyl)ester_phosphoric_acid;tris(2-ethylhexyl)phosphate;Tris(2-ethylhexyl)phosphate (TEHP)",,,,,,,,,,,,,,,,,,,,,,,,,,,,,,,,,,,,,,,,,,,,,,,,,,,,,,,,,,,,,,,,,,,,,,,,,,,,,,,,,,,,,,,,,,,,,,,,,,,,,,,,,,,,,,,,,,,,,,,,,,,,,,,,Human Health Hazards#Repeated Dose Toxicity,Repeated Dose Toxicity HESS,1993,,NOEL,OECD TG 407,False,No qualifier,Equal,,,,,,,,,,,Rat,,,,,,,,,,,,,,,,,,,,,,,,,,,,,,,,,,,,,,Fatty Change/Vacuolization↑(Centrilobular),,,,,,,,,,,,,,,,,,,,,,,,,,,,,,,,99.7,None,,,,,,,,,,,,,,,,,,,,,,,,,,,,,,,,,,,,,,,,,,,,,,,,,,,,,,,,,,,,,,,,SD,Oral (Gavage),,,,,,,,,,,,,,,,Hepatocyte,,,,,,Female,Main,"National Institute of Health Sciences, Japan",Liver,RDT,Research Institute for Animal Science in Biochemistry & Toxicology,Histopathological findings,1000,mg/kg bdwt/d,Administered dose(mass),30,mg/kg bdwt/d,Administered dose(mass),0,d,Time,,,,,,,,,,,,,,,,,,,,,,,,,,,,,,,,,,,,,,,,,,,,,,,,,,,,,,,,,,,,,,,28,d,Time,,,1000,,mg/kg bdwt/d,Administered dose(mass),,,1000,,mg/kg/d,Administered dose(mass),,
78-42-2,"Phosphoric acid, tris(2-ethylhexyl) ester;tris (2-ethylhexyl) phosphate;Tris(2-ethylhexyl) phosphate;tris(2-ethylhexyl)ester phosphoric acid;tris(2-ethylhexyl)ester_phosphoric_acid;tris(2-ethylhexyl)phosphate;Tris(2-ethylhexyl)phosphate (TEHP)",,,,,,,,,,,,,,,,,,,,,,,,,,,,,,,,,,,,,,,,,,,,,,,,,,,,,,,,,,,,,,,,,,,,,,,,,,,,,,,,,,,,,,,,,,,,,,,,,,,,,,,,,,,,,,,,,,,,,,,,,,,,,,,,Human Health Hazards#Repeated Dose Toxicity,Repeated Dose Toxicity HESS,1993,,NOEL,OECD TG 407,False,No qualifier,Equal,,,,,,,,,,,Rat,,,,,,,,,,,,,,,,,,,,,,,,,,,,,,,,,,,,,,Fatty Change/Vacuolization↑(Centrilobular),,,,,,,,,,,,,,,,,,,,,,,,,,,,,,,,99.7,None,,,,,,,,,,,,,,,,,,,,,,,,,,,,,,,,,,,,,,,,,,,,,,,,,,,,,,,,,,,,,,,,SD,Oral (Gavage),,,,,,,,,,,,,,,,Hepatocyte,,,,,,Male,Main,"National Institute of Health Sciences, Japan",Liver,RDT,Research Institute for Animal Science in Biochemistry & Toxicology,Histopathological findings,1000,mg/kg bdwt/d,Administered dose(mass),30,mg/kg bdwt/d,Administered dose(mass),0,d,Time,,,,,,,,,,,,,,,,,,,,,,,,,,,,,,,,,,,,,,,,,,,,,,,,,,,,,,,,,,,,,,,28,d,Time,,,1000,,mg/kg bdwt/d,Administered dose(mass),,,1000,,mg/kg/d,Administered dose(mass),,
78-42-2,"Phosphoric acid, tris(2-ethylhexyl) ester;tris (2-ethylhexyl) phosphate;Tris(2-ethylhexyl) phosphate;tris(2-ethylhexyl)ester phosphoric acid;tris(2-ethylhexyl)ester_phosphoric_acid;tris(2-ethylhexyl)phosphate;Tris(2-ethylhexyl)phosphate (TEHP)",,,,,,,,,,,,,,,,,,,,,,,,,,,,,,,,,,,,,,,,,,,,,,,,,,,,,,,,,,,,,,,,,,,,,,,,,,,,,,,,,,,,,,,,,,,,,,,,,,,,,,,,,,,,,,,,,,,,,,,,,,,,,,,,Human Health Hazards#Repeated Dose Toxicity,Repeated Dose Toxicity HESS,1993,,NOEL,OECD TG 407,False,No qualifier,Equal,,,,,,,,,,,Rat,,,,,,,,,,,,,,,,,,,,,,,,,,,,,,,,,,,,,,Fatty Change/Vacuolization↑(Other),,,,,,,,,,,,,,,,,,,,,,,,,,,,,,,,99.7,None,,,,,,,,,,,,,,,,,,,,,,,,,,,,,,,,,,,,,,,,,,,,,,,,,,,,,,,,,,,,,,,,SD,Oral (Gavage),,,,,,,,,,,,,,,,Hepatocyte,,,,,,Female,Main,"National Institute of Health Sciences, Japan",Liver,RDT,Research Institute for Animal Science in Biochemistry & Toxicology,Histopathological findings,1000,mg/kg bdwt/d,Administered dose(mass),30,mg/kg bdwt/d,Administered dose(mass),0,d,Time,,,,,,,,,,,,,,,,,,,,,,,,,,,,,,,,,,,,,,,,,,,,,,,,,,,,,,,,,,,,,,,28,d,Time,,,1000,,mg/kg bdwt/d,Administered dose(mass),,,1000,,mg/kg/d,Administered dose(mass),,
78-42-2,"Phosphoric acid, tris(2-ethylhexyl) ester;tris (2-ethylhexyl) phosphate;Tris(2-ethylhexyl) phosphate;tris(2-ethylhexyl)ester phosphoric acid;tris(2-ethylhexyl)ester_phosphoric_acid;tris(2-ethylhexyl)phosphate;Tris(2-ethylhexyl)phosphate (TEHP)",,,,,,,,,,,,,,,,,,,,,,,,,,,,,,,,,,,,,,,,,,,,,,,,,,,,,,,,,,,,,,,,,,,,,,,,,,,,,,,,,,,,,,,,,,,,,,,,,,,,,,,,,,,,,,,,,,,,,,,,,,,,,,,,Human Health Hazards#Repeated Dose Toxicity,Repeated Dose Toxicity HESS,1993,,NOEL,OECD TG 407,False,No qualifier,Equal,,,,,,,,,,,Rat,,,,,,,,,,,,,,,,,,,,,,,,,,,,,,,,,,,,,,Fatty Change/Vacuolization↑(Other),,,,,,,,,,,,,,,,,,,,,,,,,,,,,,,,99.7,None,,,,,,,,,,,,,,,,,,,,,,,,,,,,,,,,,,,,,,,,,,,,,,,,,,,,,,,,,,,,,,,,SD,Oral (Gavage),,,,,,,,,,,,,,,,Hepatocyte,,,,,,Male,Main,"National Institute of Health Sciences, Japan",Liver,RDT,Research Institute for Animal Science in Biochemistry & Toxicology,Histopathological findings,1000,mg/kg bdwt/d,Administered dose(mass),30,mg/kg bdwt/d,Administered dose(mass),0,d,Time,,,,,,,,,,,,,,,,,,,,,,,,,,,,,,,,,,,,,,,,,,,,,,,,,,,,,,,,,,,,,,,28,d,Time,,,1000,,mg/kg bdwt/d,Administered dose(mass),,,1000,,mg/kg/d,Administered dose(mass),,
78-42-2,"Phosphoric acid, tris(2-ethylhexyl) ester;tris (2-ethylhexyl) phosphate;Tris(2-ethylhexyl) phosphate;tris(2-ethylhexyl)ester phosphoric acid;tris(2-ethylhexyl)ester_phosphoric_acid;tris(2-ethylhexyl)phosphate;Tris(2-ethylhexyl)phosphate (TEHP)",,,,,,,,,,,,,,,,,,,,,,,,,,,,,,,,,,,,,,,,,,,,,,,,,,,,,,,,,,,,,,,,,,,,,,,,,,,,,,,,,,,,,,,,,,,,,,,,,,,,,,,,,,,,,,,,,,,,,,,,,,,,,,,,Human Health Hazards#Repeated Dose Toxicity,Repeated Dose Toxicity HESS,1993,,NOEL,OECD TG 407,False,No qualifier,Equal,,,,,,,,,,,Rat,,,,,,,,,,,,,,,,,,,,,,,,,,,,,,,,,,,,,,Fatty Change/Vacuolization↑(Periportal),,,,,,,,,,,,,,,,,,,,,,,,,,,,,,,,99.7,None,,,,,,,,,,,,,,,,,,,,,,,,,,,,,,,,,,,,,,,,,,,,,,,,,,,,,,,,,,,,,,,,SD,Oral (Gavage),,,,,,,,,,,,,,,,Hepatocyte,,,,,,Female,Main,"National Institute of Health Sciences, Japan",Liver,RDT,Research Institute for Animal Science in Biochemistry & Toxicology,Histopathological findings,1000,mg/kg bdwt/d,Administered dose(mass),30,mg/kg bdwt/d,Administered dose(mass),0,d,Time,,,,,,,,,,,,,,,,,,,,,,,,,,,,,,,,,,,,,,,,,,,,,,,,,,,,,,,,,,,,,,,28,d,Time,,,1000,,mg/kg bdwt/d,Administered dose(mass),,,1000,,mg/kg/d,Administered dose(mass),,
78-42-2,"Phosphoric acid, tris(2-ethylhexyl) ester;tris (2-ethylhexyl) phosphate;Tris(2-ethylhexyl) phosphate;tris(2-ethylhexyl)ester phosphoric acid;tris(2-ethylhexyl)ester_phosphoric_acid;tris(2-ethylhexyl)phosphate;Tris(2-ethylhexyl)phosphate (TEHP)",,,,,,,,,,,,,,,,,,,,,,,,,,,,,,,,,,,,,,,,,,,,,,,,,,,,,,,,,,,,,,,,,,,,,,,,,,,,,,,,,,,,,,,,,,,,,,,,,,,,,,,,,,,,,,,,,,,,,,,,,,,,,,,,Human Health Hazards#Repeated Dose Toxicity,Repeated Dose Toxicity HESS,1993,,NOEL,OECD TG 407,False,No qualifier,Equal,,,,,,,,,,,Rat,,,,,,,,,,,,,,,,,,,,,,,,,,,,,,,,,,,,,,Fatty Change/Vacuolization↑(Periportal),,,,,,,,,,,,,,,,,,,,,,,,,,,,,,,,99.7,None,,,,,,,,,,,,,,,,,,,,,,,,,,,,,,,,,,,,,,,,,,,,,,,,,,,,,,,,,,,,,,,,SD,Oral (Gavage),,,,,,,,,,,,,,,,Hepatocyte,,,,,,Male,Main,"National Institute of Health Sciences, Japan",Liver,RDT,Research Institute for Animal Science in Biochemistry & Toxicology,Histopathological findings,1000,mg/kg bdwt/d,Administered dose(mass),30,mg/kg bdwt/d,Administered dose(mass),0,d,Time,,,,,,,,,,,,,,,,,,,,,,,,,,,,,,,,,,,,,,,,,,,,,,,,,,,,,,,,,,,,,,,28,d,Time,,,1000,,mg/kg bdwt/d,Administered dose(mass),,,1000,,mg/kg/d,Administered dose(mass),,
78-42-2,"Phosphoric acid, tris(2-ethylhexyl) ester;tris (2-ethylhexyl) phosphate;Tris(2-ethylhexyl) phosphate;tris(2-ethylhexyl)ester phosphoric acid;tris(2-ethylhexyl)ester_phosphoric_acid;tris(2-ethylhexyl)phosphate;Tris(2-ethylhexyl)phosphate (TEHP)",,,,,,,,,,,,,,,,,,,,,,,,,,,,,,,,,,,,,,,,,,,,,,,,,,,,,,,,,,,,,,,,,,,,,,,,,,,,,,,,,,,,,,,,,,,,,,,,,,,,,,,,,,,,,,,,,,,,,,,,,,,,,,,,Human Health Hazards#Repeated Dose Toxicity,Repeated Dose Toxicity HESS,1993,,NOEL,OECD TG 407,False,No qualifier,Equal,,,,,,,,,,,Rat,,,,,,,,,,,,,,,,,,,,,,,,,,,,,,,,,,,,,,Fatty Change/Vacuolization↓(Centrilobular),,,,,,,,,,,,,,,,,,,,,,,,,,,,,,,,99.7,None,,,,,,,,,,,,,,,,,,,,,,,,,,,,,,,,,,,,,,,,,,,,,,,,,,,,,,,,,,,,,,,,SD,Oral (Gavage),,,,,,,,,,,,,,,,Hepatocyte,,,,,,Female,Main,"National Institute of Health Sciences, Japan",Liver,RDT,Research Institute for Animal Science in Biochemistry & Toxicology,Histopathological findings,1000,mg/kg bdwt/d,Administered dose(mass),30,mg/kg bdwt/d,Administered dose(mass),0,d,Time,,,,,,,,,,,,,,,,,,,,,,,,,,,,,,,,,,,,,,,,,,,,,,,,,,,,,,,,,,,,,,,28,d,Time,,,1000,,mg/kg bdwt/d,Administered dose(mass),,,1000,,mg/kg/d,Administered dose(mass),,
78-42-2,"Phosphoric acid, tris(2-ethylhexyl) ester;tris (2-ethylhexyl) phosphate;Tris(2-ethylhexyl) phosphate;tris(2-ethylhexyl)ester phosphoric acid;tris(2-ethylhexyl)ester_phosphoric_acid;tris(2-ethylhexyl)phosphate;Tris(2-ethylhexyl)phosphate (TEHP)",,,,,,,,,,,,,,,,,,,,,,,,,,,,,,,,,,,,,,,,,,,,,,,,,,,,,,,,,,,,,,,,,,,,,,,,,,,,,,,,,,,,,,,,,,,,,,,,,,,,,,,,,,,,,,,,,,,,,,,,,,,,,,,,Human Health Hazards#Repeated Dose Toxicity,Repeated Dose Toxicity HESS,1993,,NOEL,OECD TG 407,False,No qualifier,Equal,,,,,,,,,,,Rat,,,,,,,,,,,,,,,,,,,,,,,,,,,,,,,,,,,,,,Fatty Change/Vacuolization↓(Centrilobular),,,,,,,,,,,,,,,,,,,,,,,,,,,,,,,,99.7,None,,,,,,,,,,,,,,,,,,,,,,,,,,,,,,,,,,,,,,,,,,,,,,,,,,,,,,,,,,,,,,,,SD,Oral (Gavage),,,,,,,,,,,,,,,,Hepatocyte,,,,,,Male,Main,"National Institute of Health Sciences, Japan",Liver,RDT,Research Institute for Animal Science in Biochemistry & Toxicology,Histopathological findings,1000,mg/kg bdwt/d,Administered dose(mass),30,mg/kg bdwt/d,Administered dose(mass),0,d,Time,,,,,,,,,,,,,,,,,,,,,,,,,,,,,,,,,,,,,,,,,,,,,,,,,,,,,,,,,,,,,,,28,d,Time,,,1000,,mg/kg bdwt/d,Administered dose(mass),,,1000,,mg/kg/d,Administered dose(mass),,
78-42-2,"Phosphoric acid, tris(2-ethylhexyl) ester;tris (2-ethylhexyl) phosphate;Tris(2-ethylhexyl) phosphate;tris(2-ethylhexyl)ester phosphoric acid;tris(2-ethylhexyl)ester_phosphoric_acid;tris(2-ethylhexyl)phosphate;Tris(2-ethylhexyl)phosphate (TEHP)",,,,,,,,,,,,,,,,,,,,,,,,,,,,,,,,,,,,,,,,,,,,,,,,,,,,,,,,,,,,,,,,,,,,,,,,,,,,,,,,,,,,,,,,,,,,,,,,,,,,,,,,,,,,,,,,,,,,,,,,,,,,,,,,Human Health Hazards#Repeated Dose Toxicity,Repeated Dose Toxicity HESS,1993,,NOEL,OECD TG 407,False,No qualifier,Equal,,,,,,,,,,,Rat,,,,,,,,,,,,,,,,,,,,,,,,,,,,,,,,,,,,,,Fatty Change/Vacuolization↓(Other),,,,,,,,,,,,,,,,,,,,,,,,,,,,,,,,99.7,None,,,,,,,,,,,,,,,,,,,,,,,,,,,,,,,,,,,,,,,,,,,,,,,,,,,,,,,,,,,,,,,,SD,Oral (Gavage),,,,,,,,,,,,,,,,Hepatocyte,,,,,,Female,Main,"National Institute of Health Sciences, Japan",Liver,RDT,Research Institute for Animal Science in Biochemistry & Toxicology,Histopathological findings,1000,mg/kg bdwt/d,Administered dose(mass),30,mg/kg bdwt/d,Administered dose(mass),0,d,Time,,,,,,,,,,,,,,,,,,,,,,,,,,,,,,,,,,,,,,,,,,,,,,,,,,,,,,,,,,,,,,,28,d,Time,,,1000,,mg/kg bdwt/d,Administered dose(mass),,,1000,,mg/kg/d,Administered dose(mass),,
78-42-2,"Phosphoric acid, tris(2-ethylhexyl) ester;tris (2-ethylhexyl) phosphate;Tris(2-ethylhexyl) phosphate;tris(2-ethylhexyl)ester phosphoric acid;tris(2-ethylhexyl)ester_phosphoric_acid;tris(2-ethylhexyl)phosphate;Tris(2-ethylhexyl)phosphate (TEHP)",,,,,,,,,,,,,,,,,,,,,,,,,,,,,,,,,,,,,,,,,,,,,,,,,,,,,,,,,,,,,,,,,,,,,,,,,,,,,,,,,,,,,,,,,,,,,,,,,,,,,,,,,,,,,,,,,,,,,,,,,,,,,,,,Human Health Hazards#Repeated Dose Toxicity,Repeated Dose Toxicity HESS,1993,,NOEL,OECD TG 407,False,No qualifier,Equal,,,,,,,,,,,Rat,,,,,,,,,,,,,,,,,,,,,,,,,,,,,,,,,,,,,,Fatty Change/Vacuolization↓(Other),,,,,,,,,,,,,,,,,,,,,,,,,,,,,,,,99.7,None,,,,,,,,,,,,,,,,,,,,,,,,,,,,,,,,,,,,,,,,,,,,,,,,,,,,,,,,,,,,,,,,SD,Oral (Gavage),,,,,,,,,,,,,,,,Hepatocyte,,,,,,Male,Main,"National Institute of Health Sciences, Japan",Liver,RDT,Research Institute for Animal Science in Biochemistry & Toxicology,Histopathological findings,1000,mg/kg bdwt/d,Administered dose(mass),30,mg/kg bdwt/d,Administered dose(mass),0,d,Time,,,,,,,,,,,,,,,,,,,,,,,,,,,,,,,,,,,,,,,,,,,,,,,,,,,,,,,,,,,,,,,28,d,Time,,,1000,,mg/kg bdwt/d,Administered dose(mass),,,1000,,mg/kg/d,Administered dose(mass),,
78-42-2,"Phosphoric acid, tris(2-ethylhexyl) ester;tris (2-ethylhexyl) phosphate;Tris(2-ethylhexyl) phosphate;tris(2-ethylhexyl)ester phosphoric acid;tris(2-ethylhexyl)ester_phosphoric_acid;tris(2-ethylhexyl)phosphate;Tris(2-ethylhexyl)phosphate (TEHP)",,,,,,,,,,,,,,,,,,,,,,,,,,,,,,,,,,,,,,,,,,,,,,,,,,,,,,,,,,,,,,,,,,,,,,,,,,,,,,,,,,,,,,,,,,,,,,,,,,,,,,,,,,,,,,,,,,,,,,,,,,,,,,,,Human Health Hazards#Repeated Dose Toxicity,Repeated Dose Toxicity HESS,1993,,NOEL,OECD TG 407,False,No qualifier,Equal,,,,,,,,,,,Rat,,,,,,,,,,,,,,,,,,,,,,,,,,,,,,,,,,,,,,Fatty Change/Vacuolization↓(Periportal),,,,,,,,,,,,,,,,,,,,,,,,,,,,,,,,99.7,None,,,,,,,,,,,,,,,,,,,,,,,,,,,,,,,,,,,,,,,,,,,,,,,,,,,,,,,,,,,,,,,,SD,Oral (Gavage),,,,,,,,,,,,,,,,Hepatocyte,,,,,,Female,Main,"National Institute of Health Sciences, Japan",Liver,RDT,Research Institute for Animal Science in Biochemistry & Toxicology,Histopathological findings,1000,mg/kg bdwt/d,Administered dose(mass),30,mg/kg bdwt/d,Administered dose(mass),0,d,Time,,,,,,,,,,,,,,,,,,,,,,,,,,,,,,,,,,,,,,,,,,,,,,,,,,,,,,,,,,,,,,,28,d,Time,,,1000,,mg/kg bdwt/d,Administered dose(mass),,,1000,,mg/kg/d,Administered dose(mass),,
78-42-2,"Phosphoric acid, tris(2-ethylhexyl) ester;tris (2-ethylhexyl) phosphate;Tris(2-ethylhexyl) phosphate;tris(2-ethylhexyl)ester phosphoric acid;tris(2-ethylhexyl)ester_phosphoric_acid;tris(2-ethylhexyl)phosphate;Tris(2-ethylhexyl)phosphate (TEHP)",,,,,,,,,,,,,,,,,,,,,,,,,,,,,,,,,,,,,,,,,,,,,,,,,,,,,,,,,,,,,,,,,,,,,,,,,,,,,,,,,,,,,,,,,,,,,,,,,,,,,,,,,,,,,,,,,,,,,,,,,,,,,,,,Human Health Hazards#Repeated Dose Toxicity,Repeated Dose Toxicity HESS,1993,,NOEL,OECD TG 407,False,No qualifier,Equal,,,,,,,,,,,Rat,,,,,,,,,,,,,,,,,,,,,,,,,,,,,,,,,,,,,,Fatty Change/Vacuolization↓(Periportal),,,,,,,,,,,,,,,,,,,,,,,,,,,,,,,,99.7,None,,,,,,,,,,,,,,,,,,,,,,,,,,,,,,,,,,,,,,,,,,,,,,,,,,,,,,,,,,,,,,,,SD,Oral (Gavage),,,,,,,,,,,,,,,,Hepatocyte,,,,,,Male,Main,"National Institute of Health Sciences, Japan",Liver,RDT,Research Institute for Animal Science in Biochemistry & Toxicology,Histopathological findings,1000,mg/kg bdwt/d,Administered dose(mass),30,mg/kg bdwt/d,Administered dose(mass),0,d,Time,,,,,,,,,,,,,,,,,,,,,,,,,,,,,,,,,,,,,,,,,,,,,,,,,,,,,,,,,,,,,,,28,d,Time,,,1000,,mg/kg bdwt/d,Administered dose(mass),,,1000,,mg/kg/d,Administered dose(mass),,
78-42-2,"Phosphoric acid, tris(2-ethylhexyl) ester;tris (2-ethylhexyl) phosphate;Tris(2-ethylhexyl) phosphate;tris(2-ethylhexyl)ester phosphoric acid;tris(2-ethylhexyl)ester_phosphoric_acid;tris(2-ethylhexyl)phosphate;Tris(2-ethylhexyl)phosphate (TEHP)",,,,,,,,,,,,,,,,,,,,,,,,,,,,,,,,,,,,,,,,,,,,,,,,,,,,,,,,,,,,,,,,,,,,,,,,,,,,,,,,,,,,,,,,,,,,,,,,,,,,,,,,,,,,,,,,,,,,,,,,,,,,,,,,Human Health Hazards#Repeated Dose Toxicity,Repeated Dose Toxicity HESS,1993,,NOEL,OECD TG 407,False,No qualifier,Equal,,,,,,,,,,,Rat,,,,,,,,,,,,,,,,,,,,,,,,,,,,,,,,,,,,,,Hyperplasia,,,,,,,,,,,,,,,,,,,,,,,,,,,,,,,,99.7,None,,,,,,,,,,,,,,,,,,,,,,,,,,,,,,,,,,,,,,,,,,,,,,,,,,,,,,,,,,,,,,,,SD,Oral (Gavage),,,,,,,,,,,,,,,,Bile duct,,,,,,Female,Main,"National Institute of Health Sciences, Japan",Liver,RDT,Research Institute for Animal Science in Biochemistry & Toxicology,Histopathological findings,1000,mg/kg bdwt/d,Administered dose(mass),30,mg/kg bdwt/d,Administered dose(mass),0,d,Time,,,,,,,,,,,,,,,,,,,,,,,,,,,,,,,,,,,,,,,,,,,,,,,,,,,,,,,,,,,,,,,28,d,Time,,,1000,,mg/kg bdwt/d,Administered dose(mass),,,1000,,mg/kg/d,Administered dose(mass),,
78-42-2,"Phosphoric acid, tris(2-ethylhexyl) ester;tris (2-ethylhexyl) phosphate;Tris(2-ethylhexyl) phosphate;tris(2-ethylhexyl)ester phosphoric acid;tris(2-ethylhexyl)ester_phosphoric_acid;tris(2-ethylhexyl)phosphate;Tris(2-ethylhexyl)phosphate (TEHP)",,,,,,,,,,,,,,,,,,,,,,,,,,,,,,,,,,,,,,,,,,,,,,,,,,,,,,,,,,,,,,,,,,,,,,,,,,,,,,,,,,,,,,,,,,,,,,,,,,,,,,,,,,,,,,,,,,,,,,,,,,,,,,,,Human Health Hazards#Repeated Dose Toxicity,Repeated Dose Toxicity HESS,1993,,NOEL,OECD TG 407,False,No qualifier,Equal,,,,,,,,,,,Rat,,,,,,,,,,,,,,,,,,,,,,,,,,,,,,,,,,,,,,Hyperplasia,,,,,,,,,,,,,,,,,,,,,,,,,,,,,,,,99.7,None,,,,,,,,,,,,,,,,,,,,,,,,,,,,,,,,,,,,,,,,,,,,,,,,,,,,,,,,,,,,,,,,SD,Oral (Gavage),,,,,,,,,,,,,,,,Bile duct,,,,,,Male,Main,"National Institute of Health Sciences, Japan",Liver,RDT,Research Institute for Animal Science in Biochemistry & Toxicology,Histopathological findings,1000,mg/kg bdwt/d,Administered dose(mass),30,mg/kg bdwt/d,Administered dose(mass),0,d,Time,,,,,,,,,,,,,,,,,,,,,,,,,,,,,,,,,,,,,,,,,,,,,,,,,,,,,,,,,,,,,,,28,d,Time,,,1000,,mg/kg bdwt/d,Administered dose(mass),,,1000,,mg/kg/d,Administered dose(mass),,
78-42-2,"Phosphoric acid, tris(2-ethylhexyl) ester;tris (2-ethylhexyl) phosphate;Tris(2-ethylhexyl) phosphate;tris(2-ethylhexyl)ester phosphoric acid;tris(2-ethylhexyl)ester_phosphoric_acid;tris(2-ethylhexyl)phosphate;Tris(2-ethylhexyl)phosphate (TEHP)",,,,,,,,,,,,,,,,,,,,,,,,,,,,,,,,,,,,,,,,,,,,,,,,,,,,,,,,,,,,,,,,,,,,,,,,,,,,,,,,,,,,,,,,,,,,,,,,,,,,,,,,,,,,,,,,,,,,,,,,,,,,,,,,Human Health Hazards#Repeated Dose Toxicity,Repeated Dose Toxicity HESS,1993,,NOEL,OECD TG 407,False,No qualifier,Equal,,,,,,,,,,,Rat,,,,,,,,,,,,,,,,,,,,,,,,,,,,,,,,,,,,,,Hypertrophy/Swelling Hepatocyte (Centrilobular),,,,,,,,,,,,,,,,,,,,,,,,,,,,,,,,99.7,None,,,,,,,,,,,,,,,,,,,,,,,,,,,,,,,,,,,,,,,,,,,,,,,,,,,,,,,,,,,,,,,,SD,Oral (Gavage),,,,,,,,,,,,,,,,Hepatocyte,,,,,,Female,Main,"National Institute of Health Sciences, Japan",Liver,RDT,Research Institute for Animal Science in Biochemistry & Toxicology,Histopathological findings,1000,mg/kg bdwt/d,Administered dose(mass),30,mg/kg bdwt/d,Administered dose(mass),0,d,Time,,,,,,,,,,,,,,,,,,,,,,,,,,,,,,,,,,,,,,,,,,,,,,,,,,,,,,,,,,,,,,,28,d,Time,,,1000,,mg/kg bdwt/d,Administered dose(mass),,,1000,,mg/kg/d,Administered dose(mass),,
78-42-2,"Phosphoric acid, tris(2-ethylhexyl) ester;tris (2-ethylhexyl) phosphate;Tris(2-ethylhexyl) phosphate;tris(2-ethylhexyl)ester phosphoric acid;tris(2-ethylhexyl)ester_phosphoric_acid;tris(2-ethylhexyl)phosphate;Tris(2-ethylhexyl)phosphate (TEHP)",,,,,,,,,,,,,,,,,,,,,,,,,,,,,,,,,,,,,,,,,,,,,,,,,,,,,,,,,,,,,,,,,,,,,,,,,,,,,,,,,,,,,,,,,,,,,,,,,,,,,,,,,,,,,,,,,,,,,,,,,,,,,,,,Human Health Hazards#Repeated Dose Toxicity,Repeated Dose Toxicity HESS,1993,,NOEL,OECD TG 407,False,No qualifier,Equal,,,,,,,,,,,Rat,,,,,,,,,,,,,,,,,,,,,,,,,,,,,,,,,,,,,,Hypertrophy/Swelling Hepatocyte (Centrilobular),,,,,,,,,,,,,,,,,,,,,,,,,,,,,,,,99.7,None,,,,,,,,,,,,,,,,,,,,,,,,,,,,,,,,,,,,,,,,,,,,,,,,,,,,,,,,,,,,,,,,SD,Oral (Gavage),,,,,,,,,,,,,,,,Hepatocyte,,,,,,Male,Main,"National Institute of Health Sciences, Japan",Liver,RDT,Research Institute for Animal Science in Biochemistry & Toxicology,Histopathological findings,1000,mg/kg bdwt/d,Administered dose(mass),30,mg/kg bdwt/d,Administered dose(mass),0,d,Time,,,,,,,,,,,,,,,,,,,,,,,,,,,,,,,,,,,,,,,,,,,,,,,,,,,,,,,,,,,,,,,28,d,Time,,,1000,,mg/kg bdwt/d,Administered dose(mass),,,1000,,mg/kg/d,Administered dose(mass),,
78-42-2,"Phosphoric acid, tris(2-ethylhexyl) ester;tris (2-ethylhexyl) phosphate;Tris(2-ethylhexyl) phosphate;tris(2-ethylhexyl)ester phosphoric acid;tris(2-ethylhexyl)ester_phosphoric_acid;tris(2-ethylhexyl)phosphate;Tris(2-ethylhexyl)phosphate (TEHP)",,,,,,,,,,,,,,,,,,,,,,,,,,,,,,,,,,,,,,,,,,,,,,,,,,,,,,,,,,,,,,,,,,,,,,,,,,,,,,,,,,,,,,,,,,,,,,,,,,,,,,,,,,,,,,,,,,,,,,,,,,,,,,,,Human Health Hazards#Repeated Dose Toxicity,Repeated Dose Toxicity HESS,1993,,NOEL,OECD TG 407,False,No qualifier,Equal,,,,,,,,,,,Rat,,,,,,,,,,,,,,,,,,,,,,,,,,,,,,,,,,,,,,Hypertrophy/Swelling Hepatocyte (Other),,,,,,,,,,,,,,,,,,,,,,,,,,,,,,,,99.7,None,,,,,,,,,,,,,,,,,,,,,,,,,,,,,,,,,,,,,,,,,,,,,,,,,,,,,,,,,,,,,,,,SD,Oral (Gavage),,,,,,,,,,,,,,,,Hepatocyte,,,,,,Female,Main,"National Institute of Health Sciences, Japan",Liver,RDT,Research Institute for Animal Science in Biochemistry & Toxicology,Histopathological findings,1000,mg/kg bdwt/d,Administered dose(mass),30,mg/kg bdwt/d,Administered dose(mass),0,d,Time,,,,,,,,,,,,,,,,,,,,,,,,,,,,,,,,,,,,,,,,,,,,,,,,,,,,,,,,,,,,,,,28,d,Time,,,1000,,mg/kg bdwt/d,Administered dose(mass),,,1000,,mg/kg/d,Administered dose(mass),,
78-42-2,"Phosphoric acid, tris(2-ethylhexyl) ester;tris (2-ethylhexyl) phosphate;Tris(2-ethylhexyl) phosphate;tris(2-ethylhexyl)ester phosphoric acid;tris(2-ethylhexyl)ester_phosphoric_acid;tris(2-ethylhexyl)phosphate;Tris(2-ethylhexyl)phosphate (TEHP)",,,,,,,,,,,,,,,,,,,,,,,,,,,,,,,,,,,,,,,,,,,,,,,,,,,,,,,,,,,,,,,,,,,,,,,,,,,,,,,,,,,,,,,,,,,,,,,,,,,,,,,,,,,,,,,,,,,,,,,,,,,,,,,,Human Health Hazards#Repeated Dose Toxicity,Repeated Dose Toxicity HESS,1993,,NOEL,OECD TG 407,False,No qualifier,Equal,,,,,,,,,,,Rat,,,,,,,,,,,,,,,,,,,,,,,,,,,,,,,,,,,,,,Hypertrophy/Swelling Hepatocyte (Other),,,,,,,,,,,,,,,,,,,,,,,,,,,,,,,,99.7,None,,,,,,,,,,,,,,,,,,,,,,,,,,,,,,,,,,,,,,,,,,,,,,,,,,,,,,,,,,,,,,,,SD,Oral (Gavage),,,,,,,,,,,,,,,,Hepatocyte,,,,,,Male,Main,"National Institute of Health Sciences, Japan",Liver,RDT,Research Institute for Animal Science in Biochemistry & Toxicology,Histopathological findings,1000,mg/kg bdwt/d,Administered dose(mass),30,mg/kg bdwt/d,Administered dose(mass),0,d,Time,,,,,,,,,,,,,,,,,,,,,,,,,,,,,,,,,,,,,,,,,,,,,,,,,,,,,,,,,,,,,,,28,d,Time,,,1000,,mg/kg bdwt/d,Administered dose(mass),,,1000,,mg/kg/d,Administered dose(mass),,
78-42-2,"Phosphoric acid, tris(2-ethylhexyl) ester;tris (2-ethylhexyl) phosphate;Tris(2-ethylhexyl) phosphate;tris(2-ethylhexyl)ester phosphoric acid;tris(2-ethylhexyl)ester_phosphoric_acid;tris(2-ethylhexyl)phosphate;Tris(2-ethylhexyl)phosphate (TEHP)",,,,,,,,,,,,,,,,,,,,,,,,,,,,,,,,,,,,,,,,,,,,,,,,,,,,,,,,,,,,,,,,,,,,,,,,,,,,,,,,,,,,,,,,,,,,,,,,,,,,,,,,,,,,,,,,,,,,,,,,,,,,,,,,Human Health Hazards#Repeated Dose Toxicity,Repeated Dose Toxicity HESS,1993,,NOEL,OECD TG 407,False,No qualifier,Equal,,,,,,,,,,,Rat,,,,,,,,,,,,,,,,,,,,,,,,,,,,,,,,,,,,,,Hypertrophy/Swelling Hepatocyte (Periportal),,,,,,,,,,,,,,,,,,,,,,,,,,,,,,,,99.7,None,,,,,,,,,,,,,,,,,,,,,,,,,,,,,,,,,,,,,,,,,,,,,,,,,,,,,,,,,,,,,,,,SD,Oral (Gavage),,,,,,,,,,,,,,,,Hepatocyte,,,,,,Female,Main,"National Institute of Health Sciences, Japan",Liver,RDT,Research Institute for Animal Science in Biochemistry & Toxicology,Histopathological findings,1000,mg/kg bdwt/d,Administered dose(mass),30,mg/kg bdwt/d,Administered dose(mass),0,d,Time,,,,,,,,,,,,,,,,,,,,,,,,,,,,,,,,,,,,,,,,,,,,,,,,,,,,,,,,,,,,,,,28,d,Time,,,1000,,mg/kg bdwt/d,Administered dose(mass),,,1000,,mg/kg/d,Administered dose(mass),,
78-42-2,"Phosphoric acid, tris(2-ethylhexyl) ester;tris (2-ethylhexyl) phosphate;Tris(2-ethylhexyl) phosphate;tris(2-ethylhexyl)ester phosphoric acid;tris(2-ethylhexyl)ester_phosphoric_acid;tris(2-ethylhexyl)phosphate;Tris(2-ethylhexyl)phosphate (TEHP)",,,,,,,,,,,,,,,,,,,,,,,,,,,,,,,,,,,,,,,,,,,,,,,,,,,,,,,,,,,,,,,,,,,,,,,,,,,,,,,,,,,,,,,,,,,,,,,,,,,,,,,,,,,,,,,,,,,,,,,,,,,,,,,,Human Health Hazards#Repeated Dose Toxicity,Repeated Dose Toxicity HESS,1993,,NOEL,OECD TG 407,False,No qualifier,Equal,,,,,,,,,,,Rat,,,,,,,,,,,,,,,,,,,,,,,,,,,,,,,,,,,,,,Hypertrophy/Swelling Hepatocyte (Periportal),,,,,,,,,,,,,,,,,,,,,,,,,,,,,,,,99.7,None,,,,,,,,,,,,,,,,,,,,,,,,,,,,,,,,,,,,,,,,,,,,,,,,,,,,,,,,,,,,,,,,SD,Oral (Gavage),,,,,,,,,,,,,,,,Hepatocyte,,,,,,Male,Main,"National Institute of Health Sciences, Japan",Liver,RDT,Research Institute for Animal Science in Biochemistry & Toxicology,Histopathological findings,1000,mg/kg bdwt/d,Administered dose(mass),30,mg/kg bdwt/d,Administered dose(mass),0,d,Time,,,,,,,,,,,,,,,,,,,,,,,,,,,,,,,,,,,,,,,,,,,,,,,,,,,,,,,,,,,,,,,28,d,Time,,,1000,,mg/kg bdwt/d,Administered dose(mass),,,1000,,mg/kg/d,Administered dose(mass),,
78-42-2,"Phosphoric acid, tris(2-ethylhexyl) ester;tris (2-ethylhexyl) phosphate;Tris(2-ethylhexyl) phosphate;tris(2-ethylhexyl)ester phosphoric acid;tris(2-ethylhexyl)ester_phosphoric_acid;tris(2-ethylhexyl)phosphate;Tris(2-ethylhexyl)phosphate (TEHP)",,,,,,,,,,,,,,,,,,,,,,,,,,,,,,,,,,,,,,,,,,,,,,,,,,,,,,,,,,,,,,,,,,,,,,,,,,,,,,,,,,,,,,,,,,,,,,,,,,,,,,,,,,,,,,,,,,,,,,,,,,,,,,,,Human Health Hazards#Repeated Dose Toxicity,Repeated Dose Toxicity HESS,1993,,NOEL,OECD TG 407,False,No qualifier,Equal,,,,,,,,,,,Rat,,,,,,,,,,,,,,,,,,,,,,,,,,,,,,,,,,,,,,Necrosis Hepatocyte (Centrilobular),,,,,,,,,,,,,,,,,,,,,,,,,,,,,,,,99.7,None,,,,,,,,,,,,,,,,,,,,,,,,,,,,,,,,,,,,,,,,,,,,,,,,,,,,,,,,,,,,,,,,SD,Oral (Gavage),,,,,,,,,,,,,,,,Hepatocyte,,,,,,Female,Main,"National Institute of Health Sciences, Japan",Liver,RDT,Research Institute for Animal Science in Biochemistry & Toxicology,Histopathological findings,1000,mg/kg bdwt/d,Administered dose(mass),30,mg/kg bdwt/d,Administered dose(mass),0,d,Time,,,,,,,,,,,,,,,,,,,,,,,,,,,,,,,,,,,,,,,,,,,,,,,,,,,,,,,,,,,,,,,28,d,Time,,,1000,,mg/kg bdwt/d,Administered dose(mass),,,1000,,mg/kg/d,Administered dose(mass),,
78-42-2,"Phosphoric acid, tris(2-ethylhexyl) ester;tris (2-ethylhexyl) phosphate;Tris(2-ethylhexyl) phosphate;tris(2-ethylhexyl)ester phosphoric acid;tris(2-ethylhexyl)ester_phosphoric_acid;tris(2-ethylhexyl)phosphate;Tris(2-ethylhexyl)phosphate (TEHP)",,,,,,,,,,,,,,,,,,,,,,,,,,,,,,,,,,,,,,,,,,,,,,,,,,,,,,,,,,,,,,,,,,,,,,,,,,,,,,,,,,,,,,,,,,,,,,,,,,,,,,,,,,,,,,,,,,,,,,,,,,,,,,,,Human Health Hazards#Repeated Dose Toxicity,Repeated Dose Toxicity HESS,1993,,NOEL,OECD TG 407,False,No qualifier,Equal,,,,,,,,,,,Rat,,,,,,,,,,,,,,,,,,,,,,,,,,,,,,,,,,,,,,Necrosis Hepatocyte (Centrilobular),,,,,,,,,,,,,,,,,,,,,,,,,,,,,,,,99.7,None,,,,,,,,,,,,,,,,,,,,,,,,,,,,,,,,,,,,,,,,,,,,,,,,,,,,,,,,,,,,,,,,SD,Oral (Gavage),,,,,,,,,,,,,,,,Hepatocyte,,,,,,Male,Main,"National Institute of Health Sciences, Japan",Liver,RDT,Research Institute for Animal Science in Biochemistry & Toxicology,Histopathological findings,1000,mg/kg bdwt/d,Administered dose(mass),30,mg/kg bdwt/d,Administered dose(mass),0,d,Time,,,,,,,,,,,,,,,,,,,,,,,,,,,,,,,,,,,,,,,,,,,,,,,,,,,,,,,,,,,,,,,28,d,Time,,,1000,,mg/kg bdwt/d,Administered dose(mass),,,1000,,mg/kg/d,Administered dose(mass),,
78-42-2,"Phosphoric acid, tris(2-ethylhexyl) ester;tris (2-ethylhexyl) phosphate;Tris(2-ethylhexyl) phosphate;tris(2-ethylhexyl)ester phosphoric acid;tris(2-ethylhexyl)ester_phosphoric_acid;tris(2-ethylhexyl)phosphate;Tris(2-ethylhexyl)phosphate (TEHP)",,,,,,,,,,,,,,,,,,,,,,,,,,,,,,,,,,,,,,,,,,,,,,,,,,,,,,,,,,,,,,,,,,,,,,,,,,,,,,,,,,,,,,,,,,,,,,,,,,,,,,,,,,,,,,,,,,,,,,,,,,,,,,,,Human Health Hazards#Repeated Dose Toxicity,Repeated Dose Toxicity HESS,1993,,NOEL,OECD TG 407,False,No qualifier,Equal,,,,,,,,,,,Rat,,,,,,,,,,,,,,,,,,,,,,,,,,,,,,,,,,,,,,Necrosis Hepatocyte (Other),,,,,,,,,,,,,,,,,,,,,,,,,,,,,,,,99.7,None,,,,,,,,,,,,,,,,,,,,,,,,,,,,,,,,,,,,,,,,,,,,,,,,,,,,,,,,,,,,,,,,SD,Oral (Gavage),,,,,,,,,,,,,,,,Hepatocyte,,,,,,Female,Main,"National Institute of Health Sciences, Japan",Liver,RDT,Research Institute for Animal Science in Biochemistry & Toxicology,Histopathological findings,1000,mg/kg bdwt/d,Administered dose(mass),30,mg/kg bdwt/d,Administered dose(mass),0,d,Time,,,,,,,,,,,,,,,,,,,,,,,,,,,,,,,,,,,,,,,,,,,,,,,,,,,,,,,,,,,,,,,28,d,Time,,,1000,,mg/kg bdwt/d,Administered dose(mass),,,1000,,mg/kg/d,Administered dose(mass),,
78-42-2,"Phosphoric acid, tris(2-ethylhexyl) ester;tris (2-ethylhexyl) phosphate;Tris(2-ethylhexyl) phosphate;tris(2-ethylhexyl)ester phosphoric acid;tris(2-ethylhexyl)ester_phosphoric_acid;tris(2-ethylhexyl)phosphate;Tris(2-ethylhexyl)phosphate (TEHP)",,,,,,,,,,,,,,,,,,,,,,,,,,,,,,,,,,,,,,,,,,,,,,,,,,,,,,,,,,,,,,,,,,,,,,,,,,,,,,,,,,,,,,,,,,,,,,,,,,,,,,,,,,,,,,,,,,,,,,,,,,,,,,,,Human Health Hazards#Repeated Dose Toxicity,Repeated Dose Toxicity HESS,1993,,NOEL,OECD TG 407,False,No qualifier,Equal,,,,,,,,,,,Rat,,,,,,,,,,,,,,,,,,,,,,,,,,,,,,,,,,,,,,Necrosis Hepatocyte (Other),,,,,,,,,,,,,,,,,,,,,,,,,,,,,,,,99.7,None,,,,,,,,,,,,,,,,,,,,,,,,,,,,,,,,,,,,,,,,,,,,,,,,,,,,,,,,,,,,,,,,SD,Oral (Gavage),,,,,,,,,,,,,,,,Hepatocyte,,,,,,Male,Main,"National Institute of Health Sciences, Japan",Liver,RDT,Research Institute for Animal Science in Biochemistry & Toxicology,Histopathological findings,1000,mg/kg bdwt/d,Administered dose(mass),30,mg/kg bdwt/d,Administered dose(mass),0,d,Time,,,,,,,,,,,,,,,,,,,,,,,,,,,,,,,,,,,,,,,,,,,,,,,,,,,,,,,,,,,,,,,28,d,Time,,,1000,,mg/kg bdwt/d,Administered dose(mass),,,1000,,mg/kg/d,Administered dose(mass),,
78-42-2,"Phosphoric acid, tris(2-ethylhexyl) ester;tris (2-ethylhexyl) phosphate;Tris(2-ethylhexyl) phosphate;tris(2-ethylhexyl)ester phosphoric acid;tris(2-ethylhexyl)ester_phosphoric_acid;tris(2-ethylhexyl)phosphate;Tris(2-ethylhexyl)phosphate (TEHP)",,,,,,,,,,,,,,,,,,,,,,,,,,,,,,,,,,,,,,,,,,,,,,,,,,,,,,,,,,,,,,,,,,,,,,,,,,,,,,,,,,,,,,,,,,,,,,,,,,,,,,,,,,,,,,,,,,,,,,,,,,,,,,,,Human Health Hazards#Repeated Dose Toxicity,Repeated Dose Toxicity HESS,1993,,NOEL,OECD TG 407,False,No qualifier,Equal,,,,,,,,,,,Rat,,,,,,,,,,,,,,,,,,,,,,,,,,,,,,,,,,,,,,Necrosis Hepatocyte (Periportal),,,,,,,,,,,,,,,,,,,,,,,,,,,,,,,,99.7,None,,,,,,,,,,,,,,,,,,,,,,,,,,,,,,,,,,,,,,,,,,,,,,,,,,,,,,,,,,,,,,,,SD,Oral (Gavage),,,,,,,,,,,,,,,,Hepatocyte,,,,,,Female,Main,"National Institute of Health Sciences, Japan",Liver,RDT,Research Institute for Animal Science in Biochemistry & Toxicology,Histopathological findings,1000,mg/kg bdwt/d,Administered dose(mass),30,mg/kg bdwt/d,Administered dose(mass),0,d,Time,,,,,,,,,,,,,,,,,,,,,,,,,,,,,,,,,,,,,,,,,,,,,,,,,,,,,,,,,,,,,,,28,d,Time,,,1000,,mg/kg bdwt/d,Administered dose(mass),,,1000,,mg/kg/d,Administered dose(mass),,
78-42-2,"Phosphoric acid, tris(2-ethylhexyl) ester;tris (2-ethylhexyl) phosphate;Tris(2-ethylhexyl) phosphate;tris(2-ethylhexyl)ester phosphoric acid;tris(2-ethylhexyl)ester_phosphoric_acid;tris(2-ethylhexyl)phosphate;Tris(2-ethylhexyl)phosphate (TEHP)",,,,,,,,,,,,,,,,,,,,,,,,,,,,,,,,,,,,,,,,,,,,,,,,,,,,,,,,,,,,,,,,,,,,,,,,,,,,,,,,,,,,,,,,,,,,,,,,,,,,,,,,,,,,,,,,,,,,,,,,,,,,,,,,Human Health Hazards#Repeated Dose Toxicity,Repeated Dose Toxicity HESS,1993,,NOEL,OECD TG 407,False,No qualifier,Equal,,,,,,,,,,,Rat,,,,,,,,,,,,,,,,,,,,,,,,,,,,,,,,,,,,,,Necrosis Hepatocyte (Periportal),,,,,,,,,,,,,,,,,,,,,,,,,,,,,,,,99.7,None,,,,,,,,,,,,,,,,,,,,,,,,,,,,,,,,,,,,,,,,,,,,,,,,,,,,,,,,,,,,,,,,SD,Oral (Gavage),,,,,,,,,,,,,,,,Hepatocyte,,,,,,Male,Main,"National Institute of Health Sciences, Japan",Liver,RDT,Research Institute for Animal Science in Biochemistry & Toxicology,Histopathological findings,1000,mg/kg bdwt/d,Administered dose(mass),30,mg/kg bdwt/d,Administered dose(mass),0,d,Time,,,,,,,,,,,,,,,,,,,,,,,,,,,,,,,,,,,,,,,,,,,,,,,,,,,,,,,,,,,,,,,28,d,Time,,,1000,,mg/kg bdwt/d,Administered dose(mass),,,1000,,mg/kg/d,Administered dose(mass),,
78-42-2,"Phosphoric acid, tris(2-ethylhexyl) ester;tris (2-ethylhexyl) phosphate;Tris(2-ethylhexyl) phosphate;tris(2-ethylhexyl)ester phosphoric acid;tris(2-ethylhexyl)ester_phosphoric_acid;tris(2-ethylhexyl)phosphate;Tris(2-ethylhexyl)phosphate (TEHP)",,,,,,,,,,,,,,,,,,,,,,,,,,,,,,,,,,,,,,,,,,,,,,,,,,,,,,,,,,,,,,,,,,,,,,,,,,,,,,,,,,,,,,,,,,,,,,,,,,,,,,,,,,,,,,,,,,,,,,,,,,,,,,,,Human Health Hazards#Repeated Dose Toxicity,Repeated Dose Toxicity HESS,1993,,NOEL,OECD TG 407,False,No qualifier,Equal,,,,,,,,,,,Rat,,,,,,,,,,,,,,,,,,,,,,,,,,,,,,,,,,,,,,Other Findings,,,,,,,,,,,,,,,,,,,,,,,,,,,,,,,,99.7,None,,,,,,,,,,,,,,,,,,,,,,,,,,,,,,,,,,,,,,,,,,,,,,,,,,,,,,,,,,,,,,,,SD,Oral (Gavage),,,,,,,,,,,,,,,,,,,,,,Female,Main,"National Institute of Health Sciences, Japan",Liver,RDT,Research Institute for Animal Science in Biochemistry & Toxicology,Histopathological findings,1000,mg/kg bdwt/d,Administered dose(mass),30,mg/kg bdwt/d,Administered dose(mass),0,d,Time,,,,,,,,,,,,,,,,,,,,,,,,,,,,,,,,,,,,,,,,,,,,,,,,,,,,,,,,,,,,,,,28,d,Time,,,1000,,mg/kg bdwt/d,Administered dose(mass),,,1000,,mg/kg/d,Administered dose(mass),,
78-42-2,"Phosphoric acid, tris(2-ethylhexyl) ester;tris (2-ethylhexyl) phosphate;Tris(2-ethylhexyl) phosphate;tris(2-ethylhexyl)ester phosphoric acid;tris(2-ethylhexyl)ester_phosphoric_acid;tris(2-ethylhexyl)phosphate;Tris(2-ethylhexyl)phosphate (TEHP)",,,,,,,,,,,,,,,,,,,,,,,,,,,,,,,,,,,,,,,,,,,,,,,,,,,,,,,,,,,,,,,,,,,,,,,,,,,,,,,,,,,,,,,,,,,,,,,,,,,,,,,,,,,,,,,,,,,,,,,,,,,,,,,,Human Health Hazards#Repeated Dose Toxicity,Repeated Dose Toxicity HESS,1993,,NOEL,OECD TG 407,False,No qualifier,Equal,,,,,,,,,,,Rat,,,,,,,,,,,,,,,,,,,,,,,,,,,,,,,,,,,,,,Other Findings,,,,,,,,,,,,,,,,,,,,,,,,,,,,,,,,99.7,None,,,,,,,,,,,,,,,,,,,,,,,,,,,,,,,,,,,,,,,,,,,,,,,,,,,,,,,,,,,,,,,,SD,Oral (Gavage),,,,,,,,,,,,,,,,Bile duct,,,,,,Female,Main,"National Institute of Health Sciences, Japan",Liver,RDT,Research Institute for Animal Science in Biochemistry & Toxicology,Histopathological findings,1000,mg/kg bdwt/d,Administered dose(mass),30,mg/kg bdwt/d,Administered dose(mass),0,d,Time,,,,,,,,,,,,,,,,,,,,,,,,,,,,,,,,,,,,,,,,,,,,,,,,,,,,,,,,,,,,,,,28,d,Time,,,1000,,mg/kg bdwt/d,Administered dose(mass),,,1000,,mg/kg/d,Administered dose(mass),,
78-42-2,"Phosphoric acid, tris(2-ethylhexyl) ester;tris (2-ethylhexyl) phosphate;Tris(2-ethylhexyl) phosphate;tris(2-ethylhexyl)ester phosphoric acid;tris(2-ethylhexyl)ester_phosphoric_acid;tris(2-ethylhexyl)phosphate;Tris(2-ethylhexyl)phosphate (TEHP)",,,,,,,,,,,,,,,,,,,,,,,,,,,,,,,,,,,,,,,,,,,,,,,,,,,,,,,,,,,,,,,,,,,,,,,,,,,,,,,,,,,,,,,,,,,,,,,,,,,,,,,,,,,,,,,,,,,,,,,,,,,,,,,,Human Health Hazards#Repeated Dose Toxicity,Repeated Dose Toxicity HESS,1993,,NOEL,OECD TG 407,False,No qualifier,Equal,,,,,,,,,,,Rat,,,,,,,,,,,,,,,,,,,,,,,,,,,,,,,,,,,,,,Other Findings,,,,,,,,,,,,,,,,,,,,,,,,,,,,,,,,99.7,None,,,,,,,,,,,,,,,,,,,,,,,,,,,,,,,,,,,,,,,,,,,,,,,,,,,,,,,,,,,,,,,,SD,Oral (Gavage),,,,,,,,,,,,,,,,Kupffer cell,,,,,,Female,Main,"National Institute of Health Sciences, Japan",Liver,RDT,Research Institute for Animal Science in Biochemistry & Toxicology,Histopathological findings,1000,mg/kg bdwt/d,Administered dose(mass),30,mg/kg bdwt/d,Administered dose(mass),0,d,Time,,,,,,,,,,,,,,,,,,,,,,,,,,,,,,,,,,,,,,,,,,,,,,,,,,,,,,,,,,,,,,,28,d,Time,,,1000,,mg/kg bdwt/d,Administered dose(mass),,,1000,,mg/kg/d,Administered dose(mass),,
78-42-2,"Phosphoric acid, tris(2-ethylhexyl) ester;tris (2-ethylhexyl) phosphate;Tris(2-ethylhexyl) phosphate;tris(2-ethylhexyl)ester phosphoric acid;tris(2-ethylhexyl)ester_phosphoric_acid;tris(2-ethylhexyl)phosphate;Tris(2-ethylhexyl)phosphate (TEHP)",,,,,,,,,,,,,,,,,,,,,,,,,,,,,,,,,,,,,,,,,,,,,,,,,,,,,,,,,,,,,,,,,,,,,,,,,,,,,,,,,,,,,,,,,,,,,,,,,,,,,,,,,,,,,,,,,,,,,,,,,,,,,,,,Human Health Hazards#Repeated Dose Toxicity,Repeated Dose Toxicity HESS,1993,,NOEL,OECD TG 407,False,No qualifier,Equal,,,,,,,,,,,Rat,,,,,,,,,,,,,,,,,,,,,,,,,,,,,,,,,,,,,,Other Findings,,,,,,,,,,,,,,,,,,,,,,,,,,,,,,,,99.7,None,,,,,,,,,,,,,,,,,,,,,,,,,,,,,,,,,,,,,,,,,,,,,,,,,,,,,,,,,,,,,,,,SD,Oral (Gavage),,,,,,,,,,,,,,,,Hepatocyte,,,,,,Female,Main,"National Institute of Health Sciences, Japan",Liver,RDT,Research Institute for Animal Science in Biochemistry & Toxicology,Histopathological findings,1000,mg/kg bdwt/d,Administered dose(mass),30,mg/kg bdwt/d,Administered dose(mass),0,d,Time,,,,,,,,,,,,,,,,,,,,,,,,,,,,,,,,,,,,,,,,,,,,,,,,,,,,,,,,,,,,,,,28,d,Time,,,1000,,mg/kg bdwt/d,Administered dose(mass),,,1000,,mg/kg/d,Administered dose(mass),,
78-42-2,"Phosphoric acid, tris(2-ethylhexyl) ester;tris (2-ethylhexyl) phosphate;Tris(2-ethylhexyl) phosphate;tris(2-ethylhexyl)ester phosphoric acid;tris(2-ethylhexyl)ester_phosphoric_acid;tris(2-ethylhexyl)phosphate;Tris(2-ethylhexyl)phosphate (TEHP)",,,,,,,,,,,,,,,,,,,,,,,,,,,,,,,,,,,,,,,,,,,,,,,,,,,,,,,,,,,,,,,,,,,,,,,,,,,,,,,,,,,,,,,,,,,,,,,,,,,,,,,,,,,,,,,,,,,,,,,,,,,,,,,,Human Health Hazards#Repeated Dose Toxicity,Repeated Dose Toxicity HESS,1993,,NOEL,OECD TG 407,False,No qualifier,Equal,,,,,,,,,,,Rat,,,,,,,,,,,,,,,,,,,,,,,,,,,,,,,,,,,,,,Other Findings,,,,,,,,,,,,,,,,,,,,,,,,,,,,,,,,99.7,None,,,,,,,,,,,,,,,,,,,,,,,,,,,,,,,,,,,,,,,,,,,,,,,,,,,,,,,,,,,,,,,,SD,Oral (Gavage),,,,,,,,,,,,,,,,,,,,,,Female,Main,"National Institute of Health Sciences, Japan",Liver,RDT,Research Institute for Animal Science in Biochemistry & Toxicology,Necropsy,1000,mg/kg bdwt/d,Administered dose(mass),30,mg/kg bdwt/d,Administered dose(mass),0,d,Time,,,,,,,,,,,,,,,,,,,,,,,,,,,,,,,,,,,,,,,,,,,,,,,,,,,,,,,,,,,,,,,28,d,Time,,,1000,,mg/kg bdwt/d,Administered dose(mass),,,1000,,mg/kg/d,Administered dose(mass),,
78-42-2,"Phosphoric acid, tris(2-ethylhexyl) ester;tris (2-ethylhexyl) phosphate;Tris(2-ethylhexyl) phosphate;tris(2-ethylhexyl)ester phosphoric acid;tris(2-ethylhexyl)ester_phosphoric_acid;tris(2-ethylhexyl)phosphate;Tris(2-ethylhexyl)phosphate (TEHP)",,,,,,,,,,,,,,,,,,,,,,,,,,,,,,,,,,,,,,,,,,,,,,,,,,,,,,,,,,,,,,,,,,,,,,,,,,,,,,,,,,,,,,,,,,,,,,,,,,,,,,,,,,,,,,,,,,,,,,,,,,,,,,,,Human Health Hazards#Repeated Dose Toxicity,Repeated Dose Toxicity HESS,1993,,NOEL,OECD TG 407,False,No qualifier,Equal,,,,,,,,,,,Rat,,,,,,,,,,,,,,,,,,,,,,,,,,,,,,,,,,,,,,Other Findings,,,,,,,,,,,,,,,,,,,,,,,,,,,,,,,,99.7,None,,,,,,,,,,,,,,,,,,,,,,,,,,,,,,,,,,,,,,,,,,,,,,,,,,,,,,,,,,,,,,,,SD,Oral (Gavage),,,,,,,,,,,,,,,,,,,,,,Male,Main,"National Institute of Health Sciences, Japan",Liver,RDT,Research Institute for Animal Science in Biochemistry & Toxicology,Histopathological findings,1000,mg/kg bdwt/d,Administered dose(mass),30,mg/kg bdwt/d,Administered dose(mass),0,d,Time,,,,,,,,,,,,,,,,,,,,,,,,,,,,,,,,,,,,,,,,,,,,,,,,,,,,,,,,,,,,,,,28,d,Time,,,1000,,mg/kg bdwt/d,Administered dose(mass),,,1000,,mg/kg/d,Administered dose(mass),,
78-42-2,"Phosphoric acid, tris(2-ethylhexyl) ester;tris (2-ethylhexyl) phosphate;Tris(2-ethylhexyl) phosphate;tris(2-ethylhexyl)ester phosphoric acid;tris(2-ethylhexyl)ester_phosphoric_acid;tris(2-ethylhexyl)phosphate;Tris(2-ethylhexyl)phosphate (TEHP)",,,,,,,,,,,,,,,,,,,,,,,,,,,,,,,,,,,,,,,,,,,,,,,,,,,,,,,,,,,,,,,,,,,,,,,,,,,,,,,,,,,,,,,,,,,,,,,,,,,,,,,,,,,,,,,,,,,,,,,,,,,,,,,,Human Health Hazards#Repeated Dose Toxicity,Repeated Dose Toxicity HESS,1993,,NOEL,OECD TG 407,False,No qualifier,Equal,,,,,,,,,,,Rat,,,,,,,,,,,,,,,,,,,,,,,,,,,,,,,,,,,,,,Other Findings,,,,,,,,,,,,,,,,,,,,,,,,,,,,,,,,99.7,None,,,,,,,,,,,,,,,,,,,,,,,,,,,,,,,,,,,,,,,,,,,,,,,,,,,,,,,,,,,,,,,,SD,Oral (Gavage),,,,,,,,,,,,,,,,Bile duct,,,,,,Male,Main,"National Institute of Health Sciences, Japan",Liver,RDT,Research Institute for Animal Science in Biochemistry & Toxicology,Histopathological findings,1000,mg/kg bdwt/d,Administered dose(mass),30,mg/kg bdwt/d,Administered dose(mass),0,d,Time,,,,,,,,,,,,,,,,,,,,,,,,,,,,,,,,,,,,,,,,,,,,,,,,,,,,,,,,,,,,,,,28,d,Time,,,1000,,mg/kg bdwt/d,Administered dose(mass),,,1000,,mg/kg/d,Administered dose(mass),,
78-42-2,"Phosphoric acid, tris(2-ethylhexyl) ester;tris (2-ethylhexyl) phosphate;Tris(2-ethylhexyl) phosphate;tris(2-ethylhexyl)ester phosphoric acid;tris(2-ethylhexyl)ester_phosphoric_acid;tris(2-ethylhexyl)phosphate;Tris(2-ethylhexyl)phosphate (TEHP)",,,,,,,,,,,,,,,,,,,,,,,,,,,,,,,,,,,,,,,,,,,,,,,,,,,,,,,,,,,,,,,,,,,,,,,,,,,,,,,,,,,,,,,,,,,,,,,,,,,,,,,,,,,,,,,,,,,,,,,,,,,,,,,,Human Health Hazards#Repeated Dose Toxicity,Repeated Dose Toxicity HESS,1993,,NOEL,OECD TG 407,False,No qualifier,Equal,,,,,,,,,,,Rat,,,,,,,,,,,,,,,,,,,,,,,,,,,,,,,,,,,,,,Other Findings,,,,,,,,,,,,,,,,,,,,,,,,,,,,,,,,99.7,None,,,,,,,,,,,,,,,,,,,,,,,,,,,,,,,,,,,,,,,,,,,,,,,,,,,,,,,,,,,,,,,,SD,Oral (Gavage),,,,,,,,,,,,,,,,Kupffer cell,,,,,,Male,Main,"National Institute of Health Sciences, Japan",Liver,RDT,Research Institute for Animal Science in Biochemistry & Toxicology,Histopathological findings,1000,mg/kg bdwt/d,Administered dose(mass),30,mg/kg bdwt/d,Administered dose(mass),0,d,Time,,,,,,,,,,,,,,,,,,,,,,,,,,,,,,,,,,,,,,,,,,,,,,,,,,,,,,,,,,,,,,,28,d,Time,,,1000,,mg/kg bdwt/d,Administered dose(mass),,,1000,,mg/kg/d,Administered dose(mass),,
78-42-2,"Phosphoric acid, tris(2-ethylhexyl) ester;tris (2-ethylhexyl) phosphate;Tris(2-ethylhexyl) phosphate;tris(2-ethylhexyl)ester phosphoric acid;tris(2-ethylhexyl)ester_phosphoric_acid;tris(2-ethylhexyl)phosphate;Tris(2-ethylhexyl)phosphate (TEHP)",,,,,,,,,,,,,,,,,,,,,,,,,,,,,,,,,,,,,,,,,,,,,,,,,,,,,,,,,,,,,,,,,,,,,,,,,,,,,,,,,,,,,,,,,,,,,,,,,,,,,,,,,,,,,,,,,,,,,,,,,,,,,,,,Human Health Hazards#Repeated Dose Toxicity,Repeated Dose Toxicity HESS,1993,,NOEL,OECD TG 407,False,No qualifier,Equal,,,,,,,,,,,Rat,,,,,,,,,,,,,,,,,,,,,,,,,,,,,,,,,,,,,,Other Findings,,,,,,,,,,,,,,,,,,,,,,,,,,,,,,,,99.7,None,,,,,,,,,,,,,,,,,,,,,,,,,,,,,,,,,,,,,,,,,,,,,,,,,,,,,,,,,,,,,,,,SD,Oral (Gavage),,,,,,,,,,,,,,,,Hepatocyte,,,,,,Male,Main,"National Institute of Health Sciences, Japan",Liver,RDT,Research Institute for Animal Science in Biochemistry & Toxicology,Histopathological findings,1000,mg/kg bdwt/d,Administered dose(mass),30,mg/kg bdwt/d,Administered dose(mass),0,d,Time,,,,,,,,,,,,,,,,,,,,,,,,,,,,,,,,,,,,,,,,,,,,,,,,,,,,,,,,,,,,,,,28,d,Time,,,1000,,mg/kg bdwt/d,Administered dose(mass),,,1000,,mg/kg/d,Administered dose(mass),,
78-42-2,"Phosphoric acid, tris(2-ethylhexyl) ester;tris (2-ethylhexyl) phosphate;Tris(2-ethylhexyl) phosphate;tris(2-ethylhexyl)ester phosphoric acid;tris(2-ethylhexyl)ester_phosphoric_acid;tris(2-ethylhexyl)phosphate;Tris(2-ethylhexyl)phosphate (TEHP)",,,,,,,,,,,,,,,,,,,,,,,,,,,,,,,,,,,,,,,,,,,,,,,,,,,,,,,,,,,,,,,,,,,,,,,,,,,,,,,,,,,,,,,,,,,,,,,,,,,,,,,,,,,,,,,,,,,,,,,,,,,,,,,,Human Health Hazards#Repeated Dose Toxicity,Repeated Dose Toxicity HESS,1993,,NOEL,OECD TG 407,False,No qualifier,Equal,,,,,,,,,,,Rat,,,,,,,,,,,,,,,,,,,,,,,,,,,,,,,,,,,,,,Other Findings,,,,,,,,,,,,,,,,,,,,,,,,,,,,,,,,99.7,None,,,,,,,,,,,,,,,,,,,,,,,,,,,,,,,,,,,,,,,,,,,,,,,,,,,,,,,,,,,,,,,,SD,Oral (Gavage),,,,,,,,,,,,,,,,,,,,,,Male,Main,"National Institute of Health Sciences, Japan",Liver,RDT,Research Institute for Animal Science in Biochemistry & Toxicology,Necropsy,1000,mg/kg bdwt/d,Administered dose(mass),30,mg/kg bdwt/d,Administered dose(mass),0,d,Time,,,,,,,,,,,,,,,,,,,,,,,,,,,,,,,,,,,,,,,,,,,,,,,,,,,,,,,,,,,,,,,28,d,Time,,,1000,,mg/kg bdwt/d,Administered dose(mass),,,1000,,mg/kg/d,Administered dose(mass),,
78-42-2,"Phosphoric acid, tris(2-ethylhexyl) ester;tris (2-ethylhexyl) phosphate;Tris(2-ethylhexyl) phosphate;tris(2-ethylhexyl)ester phosphoric acid;tris(2-ethylhexyl)ester_phosphoric_acid;tris(2-ethylhexyl)phosphate;Tris(2-ethylhexyl)phosphate (TEHP)",,,,,,,,,,,,,,,,,,,,,,,,,,,,,,,,,,,,,,,,,,,,,,,,,,,,,,,,,,,,,,,,,,,,,,,,,,,,,,,,,,,,,,,,,,,,,,,,,,,,,,,,,,,,,,,,,,,,,,,,,,,,,,,,Human Health Hazards#Repeated Dose Toxicity,Repeated Dose Toxicity HESS,1993,,NOEL,OECD TG 407,False,No qualifier,Equal,,,,,,,,,,,Rat,,,,,,,,,,,,,,,,,,,,,,,,,,,,,,,,,,,,,,Pigmentation (Hemosiderin),,,,,,,,,,,,,,,,,,,,,,,,,,,,,,,,99.7,None,,,,,,,,,,,,,,,,,,,,,,,,,,,,,,,,,,,,,,,,,,,,,,,,,,,,,,,,,,,,,,,,SD,Oral (Gavage),,,,,,,,,,,,,,,,Kupffer cell,,,,,,Female,Main,"National Institute of Health Sciences, Japan",Liver,RDT,Research Institute for Animal Science in Biochemistry & Toxicology,Histopathological findings,1000,mg/kg bdwt/d,Administered dose(mass),30,mg/kg bdwt/d,Administered dose(mass),0,d,Time,,,,,,,,,,,,,,,,,,,,,,,,,,,,,,,,,,,,,,,,,,,,,,,,,,,,,,,,,,,,,,,28,d,Time,,,1000,,mg/kg bdwt/d,Administered dose(mass),,,1000,,mg/kg/d,Administered dose(mass),,
78-42-2,"Phosphoric acid, tris(2-ethylhexyl) ester;tris (2-ethylhexyl) phosphate;Tris(2-ethylhexyl) phosphate;tris(2-ethylhexyl)ester phosphoric acid;tris(2-ethylhexyl)ester_phosphoric_acid;tris(2-ethylhexyl)phosphate;Tris(2-ethylhexyl)phosphate (TEHP)",,,,,,,,,,,,,,,,,,,,,,,,,,,,,,,,,,,,,,,,,,,,,,,,,,,,,,,,,,,,,,,,,,,,,,,,,,,,,,,,,,,,,,,,,,,,,,,,,,,,,,,,,,,,,,,,,,,,,,,,,,,,,,,,Human Health Hazards#Repeated Dose Toxicity,Repeated Dose Toxicity HESS,1993,,NOEL,OECD TG 407,False,No qualifier,Equal,,,,,,,,,,,Rat,,,,,,,,,,,,,,,,,,,,,,,,,,,,,,,,,,,,,,Pigmentation (Hemosiderin),,,,,,,,,,,,,,,,,,,,,,,,,,,,,,,,99.7,None,,,,,,,,,,,,,,,,,,,,,,,,,,,,,,,,,,,,,,,,,,,,,,,,,,,,,,,,,,,,,,,,SD,Oral (Gavage),,,,,,,,,,,,,,,,Kupffer cell,,,,,,Male,Main,"National Institute of Health Sciences, Japan",Liver,RDT,Research Institute for Animal Science in Biochemistry & Toxicology,Histopathological findings,1000,mg/kg bdwt/d,Administered dose(mass),30,mg/kg bdwt/d,Administered dose(mass),0,d,Time,,,,,,,,,,,,,,,,,,,,,,,,,,,,,,,,,,,,,,,,,,,,,,,,,,,,,,,,,,,,,,,28,d,Time,,,1000,,mg/kg bdwt/d,Administered dose(mass),,,1000,,mg/kg/d,Administered dose(mass),,
78-42-2,"Phosphoric acid, tris(2-ethylhexyl) ester;tris (2-ethylhexyl) phosphate;Tris(2-ethylhexyl) phosphate;tris(2-ethylhexyl)ester phosphoric acid;tris(2-ethylhexyl)ester_phosphoric_acid;tris(2-ethylhexyl)phosphate;Tris(2-ethylhexyl)phosphate (TEHP)",,,,,,,,,,,,,,,,,,,,,,,,,,,,,,,,,,,,,,,,,,,,,,,,,,,,,,,,,,,,,,,,,,,,,,,,,,,,,,,,,,,,,,,,,,,,,,,,,,,,,,,,,,,,,,,,,,,,,,,,,,,,,,,,Human Health Hazards#Repeated Dose Toxicity,Repeated Dose Toxicity HESS,1993,,NOEL,OECD TG 407,False,No qualifier,Equal,,,,,,,,,,,Rat,,,,,,,,,,,,,,,,,,,,,,,,,,,,,,,,,,,,,,Pigmentation (Other),,,,,,,,,,,,,,,,,,,,,,,,,,,,,,,,99.7,None,,,,,,,,,,,,,,,,,,,,,,,,,,,,,,,,,,,,,,,,,,,,,,,,,,,,,,,,,,,,,,,,SD,Oral (Gavage),,,,,,,,,,,,,,,,Kupffer cell,,,,,,Female,Main,"National Institute of Health Sciences, Japan",Liver,RDT,Research Institute for Animal Science in Biochemistry & Toxicology,Histopathological findings,1000,mg/kg bdwt/d,Administered dose(mass),30,mg/kg bdwt/d,Administered dose(mass),0,d,Time,,,,,,,,,,,,,,,,,,,,,,,,,,,,,,,,,,,,,,,,,,,,,,,,,,,,,,,,,,,,,,,28,d,Time,,,1000,,mg/kg bdwt/d,Administered dose(mass),,,1000,,mg/kg/d,Administered dose(mass),,
78-42-2,"Phosphoric acid, tris(2-ethylhexyl) ester;tris (2-ethylhexyl) phosphate;Tris(2-ethylhexyl) phosphate;tris(2-ethylhexyl)ester phosphoric acid;tris(2-ethylhexyl)ester_phosphoric_acid;tris(2-ethylhexyl)phosphate;Tris(2-ethylhexyl)phosphate (TEHP)",,,,,,,,,,,,,,,,,,,,,,,,,,,,,,,,,,,,,,,,,,,,,,,,,,,,,,,,,,,,,,,,,,,,,,,,,,,,,,,,,,,,,,,,,,,,,,,,,,,,,,,,,,,,,,,,,,,,,,,,,,,,,,,,Human Health Hazards#Repeated Dose Toxicity,Repeated Dose Toxicity HESS,1993,,NOEL,OECD TG 407,False,No qualifier,Equal,,,,,,,,,,,Rat,,,,,,,,,,,,,,,,,,,,,,,,,,,,,,,,,,,,,,Pigmentation (Other),,,,,,,,,,,,,,,,,,,,,,,,,,,,,,,,99.7,None,,,,,,,,,,,,,,,,,,,,,,,,,,,,,,,,,,,,,,,,,,,,,,,,,,,,,,,,,,,,,,,,SD,Oral (Gavage),,,,,,,,,,,,,,,,Kupffer cell,,,,,,Male,Main,"National Institute of Health Sciences, Japan",Liver,RDT,Research Institute for Animal Science in Biochemistry & Toxicology,Histopathological findings,1000,mg/kg bdwt/d,Administered dose(mass),30,mg/kg bdwt/d,Administered dose(mass),0,d,Time,,,,,,,,,,,,,,,,,,,,,,,,,,,,,,,,,,,,,,,,,,,,,,,,,,,,,,,,,,,,,,,28,d,Time,,,1000,,mg/kg bdwt/d,Administered dose(mass),,,1000,,mg/kg/d,Administered dose(mass),,
78-42-2,"Phosphoric acid, tris(2-ethylhexyl) ester;tris (2-ethylhexyl) phosphate;Tris(2-ethylhexyl) phosphate;tris(2-ethylhexyl)ester phosphoric acid;tris(2-ethylhexyl)ester_phosphoric_acid;tris(2-ethylhexyl)phosphate;Tris(2-ethylhexyl)phosphate (TEHP)",,,,,,,,,,,,,,,,,,,,,,,,,,,,,,,,,,,,,,,,,,,,,,,,,,,,,,,,,,,,,,,,,,,,,,,,,,,,,,,,,,,,,,,,,,,,,,,,,,,,,,,,,,,,,,,,,,,,,,,,,,,,,,,,Human Health Hazards#Repeated Dose Toxicity,Repeated Dose Toxicity HESS,1993,,NOEL,OECD TG 407,False,No qualifier,Equal,,,,,,,,,,,Rat,,,,,,,,,,,,,,,,,,,,,,,,,,,,,,,,,,,,,,Proliferation,,,,,,,,,,,,,,,,,,,,,,,,,,,,,,,,99.7,None,,,,,,,,,,,,,,,,,,,,,,,,,,,,,,,,,,,,,,,,,,,,,,,,,,,,,,,,,,,,,,,,SD,Oral (Gavage),,,,,,,,,,,,,,,,Bile duct,,,,,,Female,Main,"National Institute of Health Sciences, Japan",Liver,RDT,Research Institute for Animal Science in Biochemistry & Toxicology,Histopathological findings,1000,mg/kg bdwt/d,Administered dose(mass),30,mg/kg bdwt/d,Administered dose(mass),0,d,Time,,,,,,,,,,,,,,,,,,,,,,,,,,,,,,,,,,,,,,,,,,,,,,,,,,,,,,,,,,,,,,,28,d,Time,,,1000,,mg/kg bdwt/d,Administered dose(mass),,,1000,,mg/kg/d,Administered dose(mass),,
78-42-2,"Phosphoric acid, tris(2-ethylhexyl) ester;tris (2-ethylhexyl) phosphate;Tris(2-ethylhexyl) phosphate;tris(2-ethylhexyl)ester phosphoric acid;tris(2-ethylhexyl)ester_phosphoric_acid;tris(2-ethylhexyl)phosphate;Tris(2-ethylhexyl)phosphate (TEHP)",,,,,,,,,,,,,,,,,,,,,,,,,,,,,,,,,,,,,,,,,,,,,,,,,,,,,,,,,,,,,,,,,,,,,,,,,,,,,,,,,,,,,,,,,,,,,,,,,,,,,,,,,,,,,,,,,,,,,,,,,,,,,,,,Human Health Hazards#Repeated Dose Toxicity,Repeated Dose Toxicity HESS,1993,,NOEL,OECD TG 407,False,No qualifier,Equal,,,,,,,,,,,Rat,,,,,,,,,,,,,,,,,,,,,,,,,,,,,,,,,,,,,,Proliferation,,,,,,,,,,,,,,,,,,,,,,,,,,,,,,,,99.7,None,,,,,,,,,,,,,,,,,,,,,,,,,,,,,,,,,,,,,,,,,,,,,,,,,,,,,,,,,,,,,,,,SD,Oral (Gavage),,,,,,,,,,,,,,,,Bile duct,,,,,,Male,Main,"National Institute of Health Sciences, Japan",Liver,RDT,Research Institute for Animal Science in Biochemistry & Toxicology,Histopathological findings,1000,mg/kg bdwt/d,Administered dose(mass),30,mg/kg bdwt/d,Administered dose(mass),0,d,Time,,,,,,,,,,,,,,,,,,,,,,,,,,,,,,,,,,,,,,,,,,,,,,,,,,,,,,,,,,,,,,,28,d,Time,,,1000,,mg/kg bdwt/d,Administered dose(mass),,,1000,,mg/kg/d,Administered dose(mass),,
78-42-2,"Phosphoric acid, tris(2-ethylhexyl) ester;tris (2-ethylhexyl) phosphate;Tris(2-ethylhexyl) phosphate;tris(2-ethylhexyl)ester phosphoric acid;tris(2-ethylhexyl)ester_phosphoric_acid;tris(2-ethylhexyl)phosphate;Tris(2-ethylhexyl)phosphate (TEHP)",,,,,,,,,,,,,,,,,,,,,,,,,,,,,,,,,,,,,,,,,,,,,,,,,,,,,,,,,,,,,,,,,,,,,,,,,,,,,,,,,,,,,,,,,,,,,,,,,,,,,,,,,,,,,,,,,,,,,,,,,,,,,,,,Human Health Hazards#Repeated Dose Toxicity,Repeated Dose Toxicity HESS,1993,,NOEL,OECD TG 407,False,No qualifier,Equal,,,,,,,,,,,Rat,,,,,,,,,,,,,,,,,,,,,,,,,,,,,,,,,,,,,,Relative Organ Weight↑,,,,,,,,,,,,,,,,,,,,,,,,,,,,,,,,99.7,None,,,,,,,,,,,,,,,,,,,,,,,,,,,,,,,,,,,,,,,,,,,,,,,,,,,,,,,,,,,,,,,,SD,Oral (Gavage),,,,,,,,,,,,,,,,,,,,,,Female,Main,"National Institute of Health Sciences, Japan",Liver,RDT,Research Institute for Animal Science in Biochemistry & Toxicology,Organ weights,1000,mg/kg bdwt/d,Administered dose(mass),30,mg/kg bdwt/d,Administered dose(mass),0,d,Time,,,,,,,,,,,,,,,,,,,,,,,,,,,,,,,,,,,,,,,,,,,,,,,,,,,,,,,,,,,,,,,28,d,Time,,,1000,,mg/kg bdwt/d,Administered dose(mass),,,1000,,mg/kg/d,Administered dose(mass),,
78-42-2,"Phosphoric acid, tris(2-ethylhexyl) ester;tris (2-ethylhexyl) phosphate;Tris(2-ethylhexyl) phosphate;tris(2-ethylhexyl)ester phosphoric acid;tris(2-ethylhexyl)ester_phosphoric_acid;tris(2-ethylhexyl)phosphate;Tris(2-ethylhexyl)phosphate (TEHP)",,,,,,,,,,,,,,,,,,,,,,,,,,,,,,,,,,,,,,,,,,,,,,,,,,,,,,,,,,,,,,,,,,,,,,,,,,,,,,,,,,,,,,,,,,,,,,,,,,,,,,,,,,,,,,,,,,,,,,,,,,,,,,,,Human Health Hazards#Repeated Dose Toxicity,Repeated Dose Toxicity HESS,1993,,NOEL,OECD TG 407,False,No qualifier,Equal,,,,,,,,,,,Rat,,,,,,,,,,,,,,,,,,,,,,,,,,,,,,,,,,,,,,Relative Organ Weight↑,,,,,,,,,,,,,,,,,,,,,,,,,,,,,,,,99.7,None,,,,,,,,,,,,,,,,,,,,,,,,,,,,,,,,,,,,,,,,,,,,,,,,,,,,,,,,,,,,,,,,SD,Oral (Gavage),,,,,,,,,,,,,,,,,,,,,,Male,Main,"National Institute of Health Sciences, Japan",Liver,RDT,Research Institute for Animal Science in Biochemistry & Toxicology,Organ weights,1000,mg/kg bdwt/d,Administered dose(mass),30,mg/kg bdwt/d,Administered dose(mass),0,d,Time,,,,,,,,,,,,,,,,,,,,,,,,,,,,,,,,,,,,,,,,,,,,,,,,,,,,,,,,,,,,,,,28,d,Time,,,1000,,mg/kg bdwt/d,Administered dose(mass),,,1000,,mg/kg/d,Administered dose(mass),,
78-42-2,"Phosphoric acid, tris(2-ethylhexyl) ester;tris (2-ethylhexyl) phosphate;Tris(2-ethylhexyl) phosphate;tris(2-ethylhexyl)ester phosphoric acid;tris(2-ethylhexyl)ester_phosphoric_acid;tris(2-ethylhexyl)phosphate;Tris(2-ethylhexyl)phosphate (TEHP)",,,,,,,,,,,,,,,,,,,,,,,,,,,,,,,,,,,,,,,,,,,,,,,,,,,,,,,,,,,,,,,,,,,,,,,,,,,,,,,,,,,,,,,,,,,,,,,,,,,,,,,,,,,,,,,,,,,,,,,,,,,,,,,,Human Health Hazards#Repeated Dose Toxicity,Repeated Dose Toxicity HESS,1993,,NOEL,OECD TG 407,False,No qualifier,Equal,,,,,,,,,,,Rat,,,,,,,,,,,,,,,,,,,,,,,,,,,,,,,,,,,,,,Relative Organ Weight↓,,,,,,,,,,,,,,,,,,,,,,,,,,,,,,,,99.7,None,,,,,,,,,,,,,,,,,,,,,,,,,,,,,,,,,,,,,,,,,,,,,,,,,,,,,,,,,,,,,,,,SD,Oral (Gavage),,,,,,,,,,,,,,,,,,,,,,Female,Main,"National Institute of Health Sciences, Japan",Liver,RDT,Research Institute for Animal Science in Biochemistry & Toxicology,Organ weights,1000,mg/kg bdwt/d,Administered dose(mass),30,mg/kg bdwt/d,Administered dose(mass),0,d,Time,,,,,,,,,,,,,,,,,,,,,,,,,,,,,,,,,,,,,,,,,,,,,,,,,,,,,,,,,,,,,,,28,d,Time,,,1000,,mg/kg bdwt/d,Administered dose(mass),,,1000,,mg/kg/d,Administered dose(mass),,
78-42-2,"Phosphoric acid, tris(2-ethylhexyl) ester;tris (2-ethylhexyl) phosphate;Tris(2-ethylhexyl) phosphate;tris(2-ethylhexyl)ester phosphoric acid;tris(2-ethylhexyl)ester_phosphoric_acid;tris(2-ethylhexyl)phosphate;Tris(2-ethylhexyl)phosphate (TEHP)",,,,,,,,,,,,,,,,,,,,,,,,,,,,,,,,,,,,,,,,,,,,,,,,,,,,,,,,,,,,,,,,,,,,,,,,,,,,,,,,,,,,,,,,,,,,,,,,,,,,,,,,,,,,,,,,,,,,,,,,,,,,,,,,Human Health Hazards#Repeated Dose Toxicity,Repeated Dose Toxicity HESS,1993,,NOEL,OECD TG 407,False,No qualifier,Equal,,,,,,,,,,,Rat,,,,,,,,,,,,,,,,,,,,,,,,,,,,,,,,,,,,,,Relative Organ Weight↓,,,,,,,,,,,,,,,,,,,,,,,,,,,,,,,,99.7,None,,,,,,,,,,,,,,,,,,,,,,,,,,,,,,,,,,,,,,,,,,,,,,,,,,,,,,,,,,,,,,,,SD,Oral (Gavage),,,,,,,,,,,,,,,,,,,,,,Male,Main,"National Institute of Health Sciences, Japan",Liver,RDT,Research Institute for Animal Science in Biochemistry & Toxicology,Organ weights,1000,mg/kg bdwt/d,Administered dose(mass),30,mg/kg bdwt/d,Administered dose(mass),0,d,Time,,,,,,,,,,,,,,,,,,,,,,,,,,,,,,,,,,,,,,,,,,,,,,,,,,,,,,,,,,,,,,,28,d,Time,,,1000,,mg/kg bdwt/d,Administered dose(mass),,,1000,,mg/kg/d,Administered dose(mass),,
78-42-2,"Phosphoric acid, tris(2-ethylhexyl) ester;tris (2-ethylhexyl) phosphate;Tris(2-ethylhexyl) phosphate;tris(2-ethylhexyl)ester phosphoric acid;tris(2-ethylhexyl)ester_phosphoric_acid;tris(2-ethylhexyl)phosphate;Tris(2-ethylhexyl)phosphate (TEHP)",,,,,,,,,,,,,,,,,,,,,,,,,,,,,,,,,,,,,,,,,,,,,,,,,,,,,,,,,,,,,,,,,,,,,,,,,,,,,,,,,,,,,,,,,,,,,,,,,,,,,,,,,,,,,,,,,,,,,,,,,,,,,,,,Human Health Hazards#Repeated Dose Toxicity,Repeated Dose Toxicity HESS,1993,,NOEL,OECD TG 407,False,No qualifier,Equal,,,,,,,,,,,Rat,,,,,,,,,,,,,,,,,,,,,,,,,,,,,,,,,,,,,,,,,,,,,,,,,,,,,,,,,,,,,,,,,,,,,,99.7,None,,,,,,,,,,,,,,,,,,,,,,,,,,,,,,,,,,,,,,,,,,,,,,,,,,,,,,,,,,,,,,,,SD,Oral (Gavage),,,,,,,,,,,,,,,,,,,,,,Female,Main,"National Institute of Health Sciences, Japan",Lung,RDT,Research Institute for Animal Science in Biochemistry & Toxicology,Necropsy,1000,mg/kg bdwt/d,Administered dose(mass),30,mg/kg bdwt/d,Administered dose(mass),0,d,Time,,,,,,,,,,,,,,,,,,,,,,,,,,,,,,,,,,,,,,,,,,,,,,,,,,,,,,,,,,,,,,,28,d,Time,,,1000,,mg/kg bdwt/d,Administered dose(mass),,,1000,,mg/kg/d,Administered dose(mass),,
78-42-2,"Phosphoric acid, tris(2-ethylhexyl) ester;tris (2-ethylhexyl) phosphate;Tris(2-ethylhexyl) phosphate;tris(2-ethylhexyl)ester phosphoric acid;tris(2-ethylhexyl)ester_phosphoric_acid;tris(2-ethylhexyl)phosphate;Tris(2-ethylhexyl)phosphate (TEHP)",,,,,,,,,,,,,,,,,,,,,,,,,,,,,,,,,,,,,,,,,,,,,,,,,,,,,,,,,,,,,,,,,,,,,,,,,,,,,,,,,,,,,,,,,,,,,,,,,,,,,,,,,,,,,,,,,,,,,,,,,,,,,,,,Human Health Hazards#Repeated Dose Toxicity,Repeated Dose Toxicity HESS,1993,,NOEL,OECD TG 407,False,No qualifier,Equal,,,,,,,,,,,Rat,,,,,,,,,,,,,,,,,,,,,,,,,,,,,,,,,,,,,,,,,,,,,,,,,,,,,,,,,,,,,,,,,,,,,,99.7,None,,,,,,,,,,,,,,,,,,,,,,,,,,,,,,,,,,,,,,,,,,,,,,,,,,,,,,,,,,,,,,,,SD,Oral (Gavage),,,,,,,,,,,,,,,,,,,,,,Male,Main,"National Institute of Health Sciences, Japan",Lung,RDT,Research Institute for Animal Science in Biochemistry & Toxicology,Necropsy,1000,mg/kg bdwt/d,Administered dose(mass),30,mg/kg bdwt/d,Administered dose(mass),0,d,Time,,,,,,,,,,,,,,,,,,,,,,,,,,,,,,,,,,,,,,,,,,,,,,,,,,,,,,,,,,,,,,,28,d,Time,,,1000,,mg/kg bdwt/d,Administered dose(mass),,,1000,,mg/kg/d,Administered dose(mass),,
78-42-2,"Phosphoric acid, tris(2-ethylhexyl) ester;tris (2-ethylhexyl) phosphate;Tris(2-ethylhexyl) phosphate;tris(2-ethylhexyl)ester phosphoric acid;tris(2-ethylhexyl)ester_phosphoric_acid;tris(2-ethylhexyl)phosphate;Tris(2-ethylhexyl)phosphate (TEHP)",,,,,,,,,,,,,,,,,,,,,,,,,,,,,,,,,,,,,,,,,,,,,,,,,,,,,,,,,,,,,,,,,,,,,,,,,,,,,,,,,,,,,,,,,,,,,,,,,,,,,,,,,,,,,,,,,,,,,,,,,,,,,,,,Human Health Hazards#Repeated Dose Toxicity,Repeated Dose Toxicity HESS,1993,,NOEL,OECD TG 407,False,No qualifier,Equal,,,,,,,,,,,Rat,,,,,,,,,,,,,,,,,,,,,,,,,,,,,,,,,,,,,,,,,,,,,,,,,,,,,,,,,,,,,,,,,,,,,,99.7,None,,,,,,,,,,,,,,,,,,,,,,,,,,,,,,,,,,,,,,,,,,,,,,,,,,,,,,,,,,,,,,,,SD,Oral (Gavage),,,,,,,,,,,,,,,,,,,,,,Female,Main,"National Institute of Health Sciences, Japan",Lymph node,RDT,Research Institute for Animal Science in Biochemistry & Toxicology,Necropsy,1000,mg/kg bdwt/d,Administered dose(mass),30,mg/kg bdwt/d,Administered dose(mass),0,d,Time,,,,,,,,,,,,,,,,,,,,,,,,,,,,,,,,,,,,,,,,,,,,,,,,,,,,,,,,,,,,,,,28,d,Time,,,1000,,mg/kg bdwt/d,Administered dose(mass),,,1000,,mg/kg/d,Administered dose(mass),,
78-42-2,"Phosphoric acid, tris(2-ethylhexyl) ester;tris (2-ethylhexyl) phosphate;Tris(2-ethylhexyl) phosphate;tris(2-ethylhexyl)ester phosphoric acid;tris(2-ethylhexyl)ester_phosphoric_acid;tris(2-ethylhexyl)phosphate;Tris(2-ethylhexyl)phosphate (TEHP)",,,,,,,,,,,,,,,,,,,,,,,,,,,,,,,,,,,,,,,,,,,,,,,,,,,,,,,,,,,,,,,,,,,,,,,,,,,,,,,,,,,,,,,,,,,,,,,,,,,,,,,,,,,,,,,,,,,,,,,,,,,,,,,,Human Health Hazards#Repeated Dose Toxicity,Repeated Dose Toxicity HESS,1993,,NOEL,OECD TG 407,False,No qualifier,Equal,,,,,,,,,,,Rat,,,,,,,,,,,,,,,,,,,,,,,,,,,,,,,,,,,,,,,,,,,,,,,,,,,,,,,,,,,,,,,,,,,,,,99.7,None,,,,,,,,,,,,,,,,,,,,,,,,,,,,,,,,,,,,,,,,,,,,,,,,,,,,,,,,,,,,,,,,SD,Oral (Gavage),,,,,,,,,,,,,,,,,,,,,,Male,Main,"National Institute of Health Sciences, Japan",Lymph node,RDT,Research Institute for Animal Science in Biochemistry & Toxicology,Necropsy,1000,mg/kg bdwt/d,Administered dose(mass),30,mg/kg bdwt/d,Administered dose(mass),0,d,Time,,,,,,,,,,,,,,,,,,,,,,,,,,,,,,,,,,,,,,,,,,,,,,,,,,,,,,,,,,,,,,,28,d,Time,,,1000,,mg/kg bdwt/d,Administered dose(mass),,,1000,,mg/kg/d,Administered dose(mass),,
78-42-2,"Phosphoric acid, tris(2-ethylhexyl) ester;tris (2-ethylhexyl) phosphate;Tris(2-ethylhexyl) phosphate;tris(2-ethylhexyl)ester phosphoric acid;tris(2-ethylhexyl)ester_phosphoric_acid;tris(2-ethylhexyl)phosphate;Tris(2-ethylhexyl)phosphate (TEHP)",,,,,,,,,,,,,,,,,,,,,,,,,,,,,,,,,,,,,,,,,,,,,,,,,,,,,,,,,,,,,,,,,,,,,,,,,,,,,,,,,,,,,,,,,,,,,,,,,,,,,,,,,,,,,,,,,,,,,,,,,,,,,,,,Human Health Hazards#Repeated Dose Toxicity,Repeated Dose Toxicity HESS,1993,,NOEL,OECD TG 407,False,No qualifier,Equal,,,,,,,,,,,Rat,,,,,,,,,,,,,,,,,,,,,,,,,,,,,,,,,,,,,,,,,,,,,,,,,,,,,,,,,,,,,,,,,,,,,,99.7,None,,,,,,,,,,,,,,,,,,,,,,,,,,,,,,,,,,,,,,,,,,,,,,,,,,,,,,,,,,,,,,,,SD,Oral (Gavage),,,,,,,,,,,,,,,,,,,,,,Female,Main,"National Institute of Health Sciences, Japan",Other organs,RDT,Research Institute for Animal Science in Biochemistry & Toxicology,Necropsy,1000,mg/kg bdwt/d,Administered dose(mass),30,mg/kg bdwt/d,Administered dose(mass),0,d,Time,,,,,,,,,,,,,,,,,,,,,,,,,,,,,,,,,,,,,,,,,,,,,,,,,,,,,,,,,,,,,,,28,d,Time,,,1000,,mg/kg bdwt/d,Administered dose(mass),,,1000,,mg/kg/d,Administered dose(mass),,
78-42-2,"Phosphoric acid, tris(2-ethylhexyl) ester;tris (2-ethylhexyl) phosphate;Tris(2-ethylhexyl) phosphate;tris(2-ethylhexyl)ester phosphoric acid;tris(2-ethylhexyl)ester_phosphoric_acid;tris(2-ethylhexyl)phosphate;Tris(2-ethylhexyl)phosphate (TEHP)",,,,,,,,,,,,,,,,,,,,,,,,,,,,,,,,,,,,,,,,,,,,,,,,,,,,,,,,,,,,,,,,,,,,,,,,,,,,,,,,,,,,,,,,,,,,,,,,,,,,,,,,,,,,,,,,,,,,,,,,,,,,,,,,Human Health Hazards#Repeated Dose Toxicity,Repeated Dose Toxicity HESS,1993,,NOEL,OECD TG 407,False,No qualifier,Equal,,,,,,,,,,,Rat,,,,,,,,,,,,,,,,,,,,,,,,,,,,,,,,,,,,,,,,,,,,,,,,,,,,,,,,,,,,,,,,,,,,,,99.7,None,,,,,,,,,,,,,,,,,,,,,,,,,,,,,,,,,,,,,,,,,,,,,,,,,,,,,,,,,,,,,,,,SD,Oral (Gavage),,,,,,,,,,,,,,,,,,,,,,Male,Main,"National Institute of Health Sciences, Japan",Other organs,RDT,Research Institute for Animal Science in Biochemistry & Toxicology,Necropsy,1000,mg/kg bdwt/d,Administered dose(mass),30,mg/kg bdwt/d,Administered dose(mass),0,d,Time,,,,,,,,,,,,,,,,,,,,,,,,,,,,,,,,,,,,,,,,,,,,,,,,,,,,,,,,,,,,,,,28,d,Time,,,1000,,mg/kg bdwt/d,Administered dose(mass),,,1000,,mg/kg/d,Administered dose(mass),,
78-42-2,"Phosphoric acid, tris(2-ethylhexyl) ester;tris (2-ethylhexyl) phosphate;Tris(2-ethylhexyl) phosphate;tris(2-ethylhexyl)ester phosphoric acid;tris(2-ethylhexyl)ester_phosphoric_acid;tris(2-ethylhexyl)phosphate;Tris(2-ethylhexyl)phosphate (TEHP)",,,,,,,,,,,,,,,,,,,,,,,,,,,,,,,,,,,,,,,,,,,,,,,,,,,,,,,,,,,,,,,,,,,,,,,,,,,,,,,,,,,,,,,,,,,,,,,,,,,,,,,,,,,,,,,,,,,,,,,,,,,,,,,,Human Health Hazards#Repeated Dose Toxicity,Repeated Dose Toxicity HESS,1993,,NOEL,OECD TG 407,False,No qualifier,Equal,,,,,,,,,,,Rat,,,,,,,,,,,,,,,,,,,,,,,,,,,,,,,,,,,,,,Absolute Organ Weight↑,,,,,,,,,,,,,,,,,,,,,,,,,,,,,,,,99.7,None,,,,,,,,,,,,,,,,,,,,,,,,,,,,,,,,,,,,,,,,,,,,,,,,,,,,,,,,,,,,,,,,SD,Oral (Gavage),,,,,,,,,,,,,,,,,,,,,,Female,Main,"National Institute of Health Sciences, Japan",Ovary,RDT,Research Institute for Animal Science in Biochemistry & Toxicology,Organ weights,1000,mg/kg bdwt/d,Administered dose(mass),30,mg/kg bdwt/d,Administered dose(mass),0,d,Time,,,,,,,,,,,,,,,,,,,,,,,,,,,,,,,,,,,,,,,,,,,,,,,,,,,,,,,,,,,,,,,28,d,Time,,,1000,,mg/kg bdwt/d,Administered dose(mass),,,1000,,mg/kg/d,Administered dose(mass),,
78-42-2,"Phosphoric acid, tris(2-ethylhexyl) ester;tris (2-ethylhexyl) phosphate;Tris(2-ethylhexyl) phosphate;tris(2-ethylhexyl)ester phosphoric acid;tris(2-ethylhexyl)ester_phosphoric_acid;tris(2-ethylhexyl)phosphate;Tris(2-ethylhexyl)phosphate (TEHP)",,,,,,,,,,,,,,,,,,,,,,,,,,,,,,,,,,,,,,,,,,,,,,,,,,,,,,,,,,,,,,,,,,,,,,,,,,,,,,,,,,,,,,,,,,,,,,,,,,,,,,,,,,,,,,,,,,,,,,,,,,,,,,,,Human Health Hazards#Repeated Dose Toxicity,Repeated Dose Toxicity HESS,1993,,NOEL,OECD TG 407,False,No qualifier,Equal,,,,,,,,,,,Rat,,,,,,,,,,,,,,,,,,,,,,,,,,,,,,,,,,,,,,Absolute Organ Weight↓,,,,,,,,,,,,,,,,,,,,,,,,,,,,,,,,99.7,None,,,,,,,,,,,,,,,,,,,,,,,,,,,,,,,,,,,,,,,,,,,,,,,,,,,,,,,,,,,,,,,,SD,Oral (Gavage),,,,,,,,,,,,,,,,,,,,,,Female,Main,"National Institute of Health Sciences, Japan",Ovary,RDT,Research Institute for Animal Science in Biochemistry & Toxicology,Organ weights,1000,mg/kg bdwt/d,Administered dose(mass),30,mg/kg bdwt/d,Administered dose(mass),0,d,Time,,,,,,,,,,,,,,,,,,,,,,,,,,,,,,,,,,,,,,,,,,,,,,,,,,,,,,,,,,,,,,,28,d,Time,,,1000,,mg/kg bdwt/d,Administered dose(mass),,,1000,,mg/kg/d,Administered dose(mass),,
78-42-2,"Phosphoric acid, tris(2-ethylhexyl) ester;tris (2-ethylhexyl) phosphate;Tris(2-ethylhexyl) phosphate;tris(2-ethylhexyl)ester phosphoric acid;tris(2-ethylhexyl)ester_phosphoric_acid;tris(2-ethylhexyl)phosphate;Tris(2-ethylhexyl)phosphate (TEHP)",,,,,,,,,,,,,,,,,,,,,,,,,,,,,,,,,,,,,,,,,,,,,,,,,,,,,,,,,,,,,,,,,,,,,,,,,,,,,,,,,,,,,,,,,,,,,,,,,,,,,,,,,,,,,,,,,,,,,,,,,,,,,,,,Human Health Hazards#Repeated Dose Toxicity,Repeated Dose Toxicity HESS,1993,,NOEL,OECD TG 407,False,No qualifier,Equal,,,,,,,,,,,Rat,,,,,,,,,,,,,,,,,,,,,,,,,,,,,,,,,,,,,,Relative Organ Weight↑,,,,,,,,,,,,,,,,,,,,,,,,,,,,,,,,99.7,None,,,,,,,,,,,,,,,,,,,,,,,,,,,,,,,,,,,,,,,,,,,,,,,,,,,,,,,,,,,,,,,,SD,Oral (Gavage),,,,,,,,,,,,,,,,,,,,,,Female,Main,"National Institute of Health Sciences, Japan",Ovary,RDT,Research Institute for Animal Science in Biochemistry & Toxicology,Organ weights,1000,mg/kg bdwt/d,Administered dose(mass),30,mg/kg bdwt/d,Administered dose(mass),0,d,Time,,,,,,,,,,,,,,,,,,,,,,,,,,,,,,,,,,,,,,,,,,,,,,,,,,,,,,,,,,,,,,,28,d,Time,,,1000,,mg/kg bdwt/d,Administered dose(mass),,,1000,,mg/kg/d,Administered dose(mass),,
78-42-2,"Phosphoric acid, tris(2-ethylhexyl) ester;tris (2-ethylhexyl) phosphate;Tris(2-ethylhexyl) phosphate;tris(2-ethylhexyl)ester phosphoric acid;tris(2-ethylhexyl)ester_phosphoric_acid;tris(2-ethylhexyl)phosphate;Tris(2-ethylhexyl)phosphate (TEHP)",,,,,,,,,,,,,,,,,,,,,,,,,,,,,,,,,,,,,,,,,,,,,,,,,,,,,,,,,,,,,,,,,,,,,,,,,,,,,,,,,,,,,,,,,,,,,,,,,,,,,,,,,,,,,,,,,,,,,,,,,,,,,,,,Human Health Hazards#Repeated Dose Toxicity,Repeated Dose Toxicity HESS,1993,,NOEL,OECD TG 407,False,No qualifier,Equal,,,,,,,,,,,Rat,,,,,,,,,,,,,,,,,,,,,,,,,,,,,,,,,,,,,,Relative Organ Weight↓,,,,,,,,,,,,,,,,,,,,,,,,,,,,,,,,99.7,None,,,,,,,,,,,,,,,,,,,,,,,,,,,,,,,,,,,,,,,,,,,,,,,,,,,,,,,,,,,,,,,,SD,Oral (Gavage),,,,,,,,,,,,,,,,,,,,,,Female,Main,"National Institute of Health Sciences, Japan",Ovary,RDT,Research Institute for Animal Science in Biochemistry & Toxicology,Organ weights,1000,mg/kg bdwt/d,Administered dose(mass),30,mg/kg bdwt/d,Administered dose(mass),0,d,Time,,,,,,,,,,,,,,,,,,,,,,,,,,,,,,,,,,,,,,,,,,,,,,,,,,,,,,,,,,,,,,,28,d,Time,,,1000,,mg/kg bdwt/d,Administered dose(mass),,,1000,,mg/kg/d,Administered dose(mass),,
78-42-2,"Phosphoric acid, tris(2-ethylhexyl) ester;tris (2-ethylhexyl) phosphate;Tris(2-ethylhexyl) phosphate;tris(2-ethylhexyl)ester phosphoric acid;tris(2-ethylhexyl)ester_phosphoric_acid;tris(2-ethylhexyl)phosphate;Tris(2-ethylhexyl)phosphate (TEHP)",,,,,,,,,,,,,,,,,,,,,,,,,,,,,,,,,,,,,,,,,,,,,,,,,,,,,,,,,,,,,,,,,,,,,,,,,,,,,,,,,,,,,,,,,,,,,,,,,,,,,,,,,,,,,,,,,,,,,,,,,,,,,,,,Human Health Hazards#Repeated Dose Toxicity,Repeated Dose Toxicity HESS,1993,,NOEL,OECD TG 407,False,No qualifier,Equal,,,,,,,,,,,Rat,,,,,,,,,,,,,,,,,,,,,,,,,,,,,,,,,,,,,,,,,,,,,,,,,,,,,,,,,,,,,,,,,,,,,,99.7,None,,,,,,,,,,,,,,,,,,,,,,,,,,,,,,,,,,,,,,,,,,,,,,,,,,,,,,,,,,,,,,,,SD,Oral (Gavage),,,,,,,,,,,,,,,,,,,,,,Female,Main,"National Institute of Health Sciences, Japan",Ovary,RDT,Research Institute for Animal Science in Biochemistry & Toxicology,Necropsy,1000,mg/kg bdwt/d,Administered dose(mass),30,mg/kg bdwt/d,Administered dose(mass),0,d,Time,,,,,,,,,,,,,,,,,,,,,,,,,,,,,,,,,,,,,,,,,,,,,,,,,,,,,,,,,,,,,,,28,d,Time,,,1000,,mg/kg bdwt/d,Administered dose(mass),,,1000,,mg/kg/d,Administered dose(mass),,
78-42-2,"Phosphoric acid, tris(2-ethylhexyl) ester;tris (2-ethylhexyl) phosphate;Tris(2-ethylhexyl) phosphate;tris(2-ethylhexyl)ester phosphoric acid;tris(2-ethylhexyl)ester_phosphoric_acid;tris(2-ethylhexyl)phosphate;Tris(2-ethylhexyl)phosphate (TEHP)",,,,,,,,,,,,,,,,,,,,,,,,,,,,,,,,,,,,,,,,,,,,,,,,,,,,,,,,,,,,,,,,,,,,,,,,,,,,,,,,,,,,,,,,,,,,,,,,,,,,,,,,,,,,,,,,,,,,,,,,,,,,,,,,Human Health Hazards#Repeated Dose Toxicity,Repeated Dose Toxicity HESS,1993,,NOEL,OECD TG 407,False,No qualifier,Equal,,,,,,,,,,,Rat,,,,,,,,,,,,,,,,,,,,,,,,,,,,,,,,,,,,,,,,,,,,,,,,,,,,,,,,,,,,,,,,,,,,,,99.7,None,,,,,,,,,,,,,,,,,,,,,,,,,,,,,,,,,,,,,,,,,,,,,,,,,,,,,,,,,,,,,,,,SD,Oral (Gavage),,,,,,,,,,,,,,,,,,,,,,Female,Main,"National Institute of Health Sciences, Japan",Pancreas,RDT,Research Institute for Animal Science in Biochemistry & Toxicology,Necropsy,1000,mg/kg bdwt/d,Administered dose(mass),30,mg/kg bdwt/d,Administered dose(mass),0,d,Time,,,,,,,,,,,,,,,,,,,,,,,,,,,,,,,,,,,,,,,,,,,,,,,,,,,,,,,,,,,,,,,28,d,Time,,,1000,,mg/kg bdwt/d,Administered dose(mass),,,1000,,mg/kg/d,Administered dose(mass),,
78-42-2,"Phosphoric acid, tris(2-ethylhexyl) ester;tris (2-ethylhexyl) phosphate;Tris(2-ethylhexyl) phosphate;tris(2-ethylhexyl)ester phosphoric acid;tris(2-ethylhexyl)ester_phosphoric_acid;tris(2-ethylhexyl)phosphate;Tris(2-ethylhexyl)phosphate (TEHP)",,,,,,,,,,,,,,,,,,,,,,,,,,,,,,,,,,,,,,,,,,,,,,,,,,,,,,,,,,,,,,,,,,,,,,,,,,,,,,,,,,,,,,,,,,,,,,,,,,,,,,,,,,,,,,,,,,,,,,,,,,,,,,,,Human Health Hazards#Repeated Dose Toxicity,Repeated Dose Toxicity HESS,1993,,NOEL,OECD TG 407,False,No qualifier,Equal,,,,,,,,,,,Rat,,,,,,,,,,,,,,,,,,,,,,,,,,,,,,,,,,,,,,,,,,,,,,,,,,,,,,,,,,,,,,,,,,,,,,99.7,None,,,,,,,,,,,,,,,,,,,,,,,,,,,,,,,,,,,,,,,,,,,,,,,,,,,,,,,,,,,,,,,,SD,Oral (Gavage),,,,,,,,,,,,,,,,,,,,,,Male,Main,"National Institute of Health Sciences, Japan",Pancreas,RDT,Research Institute for Animal Science in Biochemistry & Toxicology,Necropsy,1000,mg/kg bdwt/d,Administered dose(mass),30,mg/kg bdwt/d,Administered dose(mass),0,d,Time,,,,,,,,,,,,,,,,,,,,,,,,,,,,,,,,,,,,,,,,,,,,,,,,,,,,,,,,,,,,,,,28,d,Time,,,1000,,mg/kg bdwt/d,Administered dose(mass),,,1000,,mg/kg/d,Administered dose(mass),,
78-42-2,"Phosphoric acid, tris(2-ethylhexyl) ester;tris (2-ethylhexyl) phosphate;Tris(2-ethylhexyl) phosphate;tris(2-ethylhexyl)ester phosphoric acid;tris(2-ethylhexyl)ester_phosphoric_acid;tris(2-ethylhexyl)phosphate;Tris(2-ethylhexyl)phosphate (TEHP)",,,,,,,,,,,,,,,,,,,,,,,,,,,,,,,,,,,,,,,,,,,,,,,,,,,,,,,,,,,,,,,,,,,,,,,,,,,,,,,,,,,,,,,,,,,,,,,,,,,,,,,,,,,,,,,,,,,,,,,,,,,,,,,,Human Health Hazards#Repeated Dose Toxicity,Repeated Dose Toxicity HESS,1993,,NOEL,OECD TG 407,False,No qualifier,Equal,,,,,,,,,,,Rat,,,,,,,,,,,,,,,,,,,,,,,,,,,,,,,,,,,,,,Atrophy (Necropsy),,,,,,,,,,,,,,,,,,,,,,,,,,,,,,,,99.7,None,,,,,,,,,,,,,,,,,,,,,,,,,,,,,,,,,,,,,,,,,,,,,,,,,,,,,,,,,,,,,,,,SD,Oral (Gavage),,,,,,,,,,,,,,,,,,,,,,Female,Main,"National Institute of Health Sciences, Japan",Pituitary,RDT,Research Institute for Animal Science in Biochemistry & Toxicology,Necropsy,1000,mg/kg bdwt/d,Administered dose(mass),30,mg/kg bdwt/d,Administered dose(mass),0,d,Time,,,,,,,,,,,,,,,,,,,,,,,,,,,,,,,,,,,,,,,,,,,,,,,,,,,,,,,,,,,,,,,28,d,Time,,,1000,,mg/kg bdwt/d,Administered dose(mass),,,1000,,mg/kg/d,Administered dose(mass),,
78-42-2,"Phosphoric acid, tris(2-ethylhexyl) ester;tris (2-ethylhexyl) phosphate;Tris(2-ethylhexyl) phosphate;tris(2-ethylhexyl)ester phosphoric acid;tris(2-ethylhexyl)ester_phosphoric_acid;tris(2-ethylhexyl)phosphate;Tris(2-ethylhexyl)phosphate (TEHP)",,,,,,,,,,,,,,,,,,,,,,,,,,,,,,,,,,,,,,,,,,,,,,,,,,,,,,,,,,,,,,,,,,,,,,,,,,,,,,,,,,,,,,,,,,,,,,,,,,,,,,,,,,,,,,,,,,,,,,,,,,,,,,,,Human Health Hazards#Repeated Dose Toxicity,Repeated Dose Toxicity HESS,1993,,NOEL,OECD TG 407,False,No qualifier,Equal,,,,,,,,,,,Rat,,,,,,,,,,,,,,,,,,,,,,,,,,,,,,,,,,,,,,Atrophy (Necropsy),,,,,,,,,,,,,,,,,,,,,,,,,,,,,,,,99.7,None,,,,,,,,,,,,,,,,,,,,,,,,,,,,,,,,,,,,,,,,,,,,,,,,,,,,,,,,,,,,,,,,SD,Oral (Gavage),,,,,,,,,,,,,,,,,,,,,,Male,Main,"National Institute of Health Sciences, Japan",Pituitary,RDT,Research Institute for Animal Science in Biochemistry & Toxicology,Necropsy,1000,mg/kg bdwt/d,Administered dose(mass),30,mg/kg bdwt/d,Administered dose(mass),0,d,Time,,,,,,,,,,,,,,,,,,,,,,,,,,,,,,,,,,,,,,,,,,,,,,,,,,,,,,,,,,,,,,,28,d,Time,,,1000,,mg/kg bdwt/d,Administered dose(mass),,,1000,,mg/kg/d,Administered dose(mass),,
78-42-2,"Phosphoric acid, tris(2-ethylhexyl) ester;tris (2-ethylhexyl) phosphate;Tris(2-ethylhexyl) phosphate;tris(2-ethylhexyl)ester phosphoric acid;tris(2-ethylhexyl)ester_phosphoric_acid;tris(2-ethylhexyl)phosphate;Tris(2-ethylhexyl)phosphate (TEHP)",,,,,,,,,,,,,,,,,,,,,,,,,,,,,,,,,,,,,,,,,,,,,,,,,,,,,,,,,,,,,,,,,,,,,,,,,,,,,,,,,,,,,,,,,,,,,,,,,,,,,,,,,,,,,,,,,,,,,,,,,,,,,,,,Human Health Hazards#Repeated Dose Toxicity,Repeated Dose Toxicity HESS,1993,,NOEL,OECD TG 407,False,No qualifier,Equal,,,,,,,,,,,Rat,,,,,,,,,,,,,,,,,,,,,,,,,,,,,,,,,,,,,,Enlarged (Necropsy),,,,,,,,,,,,,,,,,,,,,,,,,,,,,,,,99.7,None,,,,,,,,,,,,,,,,,,,,,,,,,,,,,,,,,,,,,,,,,,,,,,,,,,,,,,,,,,,,,,,,SD,Oral (Gavage),,,,,,,,,,,,,,,,,,,,,,Female,Main,"National Institute of Health Sciences, Japan",Pituitary,RDT,Research Institute for Animal Science in Biochemistry & Toxicology,Necropsy,1000,mg/kg bdwt/d,Administered dose(mass),30,mg/kg bdwt/d,Administered dose(mass),0,d,Time,,,,,,,,,,,,,,,,,,,,,,,,,,,,,,,,,,,,,,,,,,,,,,,,,,,,,,,,,,,,,,,28,d,Time,,,1000,,mg/kg bdwt/d,Administered dose(mass),,,1000,,mg/kg/d,Administered dose(mass),,
78-42-2,"Phosphoric acid, tris(2-ethylhexyl) ester;tris (2-ethylhexyl) phosphate;Tris(2-ethylhexyl) phosphate;tris(2-ethylhexyl)ester phosphoric acid;tris(2-ethylhexyl)ester_phosphoric_acid;tris(2-ethylhexyl)phosphate;Tris(2-ethylhexyl)phosphate (TEHP)",,,,,,,,,,,,,,,,,,,,,,,,,,,,,,,,,,,,,,,,,,,,,,,,,,,,,,,,,,,,,,,,,,,,,,,,,,,,,,,,,,,,,,,,,,,,,,,,,,,,,,,,,,,,,,,,,,,,,,,,,,,,,,,,Human Health Hazards#Repeated Dose Toxicity,Repeated Dose Toxicity HESS,1993,,NOEL,OECD TG 407,False,No qualifier,Equal,,,,,,,,,,,Rat,,,,,,,,,,,,,,,,,,,,,,,,,,,,,,,,,,,,,,Enlarged (Necropsy),,,,,,,,,,,,,,,,,,,,,,,,,,,,,,,,99.7,None,,,,,,,,,,,,,,,,,,,,,,,,,,,,,,,,,,,,,,,,,,,,,,,,,,,,,,,,,,,,,,,,SD,Oral (Gavage),,,,,,,,,,,,,,,,,,,,,,Male,Main,"National Institute of Health Sciences, Japan",Pituitary,RDT,Research Institute for Animal Science in Biochemistry & Toxicology,Necropsy,1000,mg/kg bdwt/d,Administered dose(mass),30,mg/kg bdwt/d,Administered dose(mass),0,d,Time,,,,,,,,,,,,,,,,,,,,,,,,,,,,,,,,,,,,,,,,,,,,,,,,,,,,,,,,,,,,,,,28,d,Time,,,1000,,mg/kg bdwt/d,Administered dose(mass),,,1000,,mg/kg/d,Administered dose(mass),,
78-42-2,"Phosphoric acid, tris(2-ethylhexyl) ester;tris (2-ethylhexyl) phosphate;Tris(2-ethylhexyl) phosphate;tris(2-ethylhexyl)ester phosphoric acid;tris(2-ethylhexyl)ester_phosphoric_acid;tris(2-ethylhexyl)phosphate;Tris(2-ethylhexyl)phosphate (TEHP)",,,,,,,,,,,,,,,,,,,,,,,,,,,,,,,,,,,,,,,,,,,,,,,,,,,,,,,,,,,,,,,,,,,,,,,,,,,,,,,,,,,,,,,,,,,,,,,,,,,,,,,,,,,,,,,,,,,,,,,,,,,,,,,,Human Health Hazards#Repeated Dose Toxicity,Repeated Dose Toxicity HESS,1993,,NOEL,OECD TG 407,False,No qualifier,Equal,,,,,,,,,,,Rat,,,,,,,,,,,,,,,,,,,,,,,,,,,,,,,,,,,,,,Other Findings,,,,,,,,,,,,,,,,,,,,,,,,,,,,,,,,99.7,None,,,,,,,,,,,,,,,,,,,,,,,,,,,,,,,,,,,,,,,,,,,,,,,,,,,,,,,,,,,,,,,,SD,Oral (Gavage),,,,,,,,,,,,,,,,,,,,,,Female,Main,"National Institute of Health Sciences, Japan",Pituitary,RDT,Research Institute for Animal Science in Biochemistry & Toxicology,Necropsy,1000,mg/kg bdwt/d,Administered dose(mass),30,mg/kg bdwt/d,Administered dose(mass),0,d,Time,,,,,,,,,,,,,,,,,,,,,,,,,,,,,,,,,,,,,,,,,,,,,,,,,,,,,,,,,,,,,,,28,d,Time,,,1000,,mg/kg bdwt/d,Administered dose(mass),,,1000,,mg/kg/d,Administered dose(mass),,
78-42-2,"Phosphoric acid, tris(2-ethylhexyl) ester;tris (2-ethylhexyl) phosphate;Tris(2-ethylhexyl) phosphate;tris(2-ethylhexyl)ester phosphoric acid;tris(2-ethylhexyl)ester_phosphoric_acid;tris(2-ethylhexyl)phosphate;Tris(2-ethylhexyl)phosphate (TEHP)",,,,,,,,,,,,,,,,,,,,,,,,,,,,,,,,,,,,,,,,,,,,,,,,,,,,,,,,,,,,,,,,,,,,,,,,,,,,,,,,,,,,,,,,,,,,,,,,,,,,,,,,,,,,,,,,,,,,,,,,,,,,,,,,Human Health Hazards#Repeated Dose Toxicity,Repeated Dose Toxicity HESS,1993,,NOEL,OECD TG 407,False,No qualifier,Equal,,,,,,,,,,,Rat,,,,,,,,,,,,,,,,,,,,,,,,,,,,,,,,,,,,,,Other Findings,,,,,,,,,,,,,,,,,,,,,,,,,,,,,,,,99.7,None,,,,,,,,,,,,,,,,,,,,,,,,,,,,,,,,,,,,,,,,,,,,,,,,,,,,,,,,,,,,,,,,SD,Oral (Gavage),,,,,,,,,,,,,,,,,,,,,,Male,Main,"National Institute of Health Sciences, Japan",Pituitary,RDT,Research Institute for Animal Science in Biochemistry & Toxicology,Necropsy,1000,mg/kg bdwt/d,Administered dose(mass),30,mg/kg bdwt/d,Administered dose(mass),0,d,Time,,,,,,,,,,,,,,,,,,,,,,,,,,,,,,,,,,,,,,,,,,,,,,,,,,,,,,,,,,,,,,,28,d,Time,,,1000,,mg/kg bdwt/d,Administered dose(mass),,,1000,,mg/kg/d,Administered dose(mass),,
78-42-2,"Phosphoric acid, tris(2-ethylhexyl) ester;tris (2-ethylhexyl) phosphate;Tris(2-ethylhexyl) phosphate;tris(2-ethylhexyl)ester phosphoric acid;tris(2-ethylhexyl)ester_phosphoric_acid;tris(2-ethylhexyl)phosphate;Tris(2-ethylhexyl)phosphate (TEHP)",,,,,,,,,,,,,,,,,,,,,,,,,,,,,,,,,,,,,,,,,,,,,,,,,,,,,,,,,,,,,,,,,,,,,,,,,,,,,,,,,,,,,,,,,,,,,,,,,,,,,,,,,,,,,,,,,,,,,,,,,,,,,,,,Human Health Hazards#Repeated Dose Toxicity,Repeated Dose Toxicity HESS,1993,,NOEL,OECD TG 407,False,No qualifier,Equal,,,,,,,,,,,Rat,,,,,,,,,,,,,,,,,,,,,,,,,,,,,,,,,,,,,,,,,,,,,,,,,,,,,,,,,,,,,,,,,,,,,,99.7,None,,,,,,,,,,,,,,,,,,,,,,,,,,,,,,,,,,,,,,,,,,,,,,,,,,,,,,,,,,,,,,,,SD,Oral (Gavage),,,,,,,,,,,,,,,,,,,,,,Male,Main,"National Institute of Health Sciences, Japan",Prostate,RDT,Research Institute for Animal Science in Biochemistry & Toxicology,Necropsy,1000,mg/kg bdwt/d,Administered dose(mass),30,mg/kg bdwt/d,Administered dose(mass),0,d,Time,,,,,,,,,,,,,,,,,,,,,,,,,,,,,,,,,,,,,,,,,,,,,,,,,,,,,,,,,,,,,,,28,d,Time,,,1000,,mg/kg bdwt/d,Administered dose(mass),,,1000,,mg/kg/d,Administered dose(mass),,
78-42-2,"Phosphoric acid, tris(2-ethylhexyl) ester;tris (2-ethylhexyl) phosphate;Tris(2-ethylhexyl) phosphate;tris(2-ethylhexyl)ester phosphoric acid;tris(2-ethylhexyl)ester_phosphoric_acid;tris(2-ethylhexyl)phosphate;Tris(2-ethylhexyl)phosphate (TEHP)",,,,,,,,,,,,,,,,,,,,,,,,,,,,,,,,,,,,,,,,,,,,,,,,,,,,,,,,,,,,,,,,,,,,,,,,,,,,,,,,,,,,,,,,,,,,,,,,,,,,,,,,,,,,,,,,,,,,,,,,,,,,,,,,Human Health Hazards#Repeated Dose Toxicity,Repeated Dose Toxicity HESS,1993,,NOEL,OECD TG 407,False,No qualifier,Equal,,,,,,,,,,,Rat,,,,,,,,,,,,,,,,,,,,,,,,,,,,,,,,,,,,,,,,,,,,,,,,,,,,,,,,,,,,,,,,,,,,,,99.7,None,,,,,,,,,,,,,,,,,,,,,,,,,,,,,,,,,,,,,,,,,,,,,,,,,,,,,,,,,,,,,,,,SD,Oral (Gavage),,,,,,,,,,,,,,,,,,,,,,Female,Main,"National Institute of Health Sciences, Japan",Salivary gland,RDT,Research Institute for Animal Science in Biochemistry & Toxicology,Necropsy,1000,mg/kg bdwt/d,Administered dose(mass),30,mg/kg bdwt/d,Administered dose(mass),0,d,Time,,,,,,,,,,,,,,,,,,,,,,,,,,,,,,,,,,,,,,,,,,,,,,,,,,,,,,,,,,,,,,,28,d,Time,,,1000,,mg/kg bdwt/d,Administered dose(mass),,,1000,,mg/kg/d,Administered dose(mass),,
78-42-2,"Phosphoric acid, tris(2-ethylhexyl) ester;tris (2-ethylhexyl) phosphate;Tris(2-ethylhexyl) phosphate;tris(2-ethylhexyl)ester phosphoric acid;tris(2-ethylhexyl)ester_phosphoric_acid;tris(2-ethylhexyl)phosphate;Tris(2-ethylhexyl)phosphate (TEHP)",,,,,,,,,,,,,,,,,,,,,,,,,,,,,,,,,,,,,,,,,,,,,,,,,,,,,,,,,,,,,,,,,,,,,,,,,,,,,,,,,,,,,,,,,,,,,,,,,,,,,,,,,,,,,,,,,,,,,,,,,,,,,,,,Human Health Hazards#Repeated Dose Toxicity,Repeated Dose Toxicity HESS,1993,,NOEL,OECD TG 407,False,No qualifier,Equal,,,,,,,,,,,Rat,,,,,,,,,,,,,,,,,,,,,,,,,,,,,,,,,,,,,,,,,,,,,,,,,,,,,,,,,,,,,,,,,,,,,,99.7,None,,,,,,,,,,,,,,,,,,,,,,,,,,,,,,,,,,,,,,,,,,,,,,,,,,,,,,,,,,,,,,,,SD,Oral (Gavage),,,,,,,,,,,,,,,,,,,,,,Male,Main,"National Institute of Health Sciences, Japan",Salivary gland,RDT,Research Institute for Animal Science in Biochemistry & Toxicology,Necropsy,1000,mg/kg bdwt/d,Administered dose(mass),30,mg/kg bdwt/d,Administered dose(mass),0,d,Time,,,,,,,,,,,,,,,,,,,,,,,,,,,,,,,,,,,,,,,,,,,,,,,,,,,,,,,,,,,,,,,28,d,Time,,,1000,,mg/kg bdwt/d,Administered dose(mass),,,1000,,mg/kg/d,Administered dose(mass),,
78-42-2,"Phosphoric acid, tris(2-ethylhexyl) ester;tris (2-ethylhexyl) phosphate;Tris(2-ethylhexyl) phosphate;tris(2-ethylhexyl)ester phosphoric acid;tris(2-ethylhexyl)ester_phosphoric_acid;tris(2-ethylhexyl)phosphate;Tris(2-ethylhexyl)phosphate (TEHP)",,,,,,,,,,,,,,,,,,,,,,,,,,,,,,,,,,,,,,,,,,,,,,,,,,,,,,,,,,,,,,,,,,,,,,,,,,,,,,,,,,,,,,,,,,,,,,,,,,,,,,,,,,,,,,,,,,,,,,,,,,,,,,,,Human Health Hazards#Repeated Dose Toxicity,Repeated Dose Toxicity HESS,1993,,NOEL,OECD TG 407,False,No qualifier,Equal,,,,,,,,,,,Rat,,,,,,,,,,,,,,,,,,,,,,,,,,,,,,,,,,,,,,,,,,,,,,,,,,,,,,,,,,,,,,,,,,,,,,99.7,None,,,,,,,,,,,,,,,,,,,,,,,,,,,,,,,,,,,,,,,,,,,,,,,,,,,,,,,,,,,,,,,,SD,Oral (Gavage),,,,,,,,,,,,,,,,,,,,,,Female,Main,"National Institute of Health Sciences, Japan",Sciatic nerve,RDT,Research Institute for Animal Science in Biochemistry & Toxicology,Necropsy,1000,mg/kg bdwt/d,Administered dose(mass),30,mg/kg bdwt/d,Administered dose(mass),0,d,Time,,,,,,,,,,,,,,,,,,,,,,,,,,,,,,,,,,,,,,,,,,,,,,,,,,,,,,,,,,,,,,,28,d,Time,,,1000,,mg/kg bdwt/d,Administered dose(mass),,,1000,,mg/kg/d,Administered dose(mass),,
78-42-2,"Phosphoric acid, tris(2-ethylhexyl) ester;tris (2-ethylhexyl) phosphate;Tris(2-ethylhexyl) phosphate;tris(2-ethylhexyl)ester phosphoric acid;tris(2-ethylhexyl)ester_phosphoric_acid;tris(2-ethylhexyl)phosphate;Tris(2-ethylhexyl)phosphate (TEHP)",,,,,,,,,,,,,,,,,,,,,,,,,,,,,,,,,,,,,,,,,,,,,,,,,,,,,,,,,,,,,,,,,,,,,,,,,,,,,,,,,,,,,,,,,,,,,,,,,,,,,,,,,,,,,,,,,,,,,,,,,,,,,,,,Human Health Hazards#Repeated Dose Toxicity,Repeated Dose Toxicity HESS,1993,,NOEL,OECD TG 407,False,No qualifier,Equal,,,,,,,,,,,Rat,,,,,,,,,,,,,,,,,,,,,,,,,,,,,,,,,,,,,,,,,,,,,,,,,,,,,,,,,,,,,,,,,,,,,,99.7,None,,,,,,,,,,,,,,,,,,,,,,,,,,,,,,,,,,,,,,,,,,,,,,,,,,,,,,,,,,,,,,,,SD,Oral (Gavage),,,,,,,,,,,,,,,,,,,,,,Male,Main,"National Institute of Health Sciences, Japan",Sciatic nerve,RDT,Research Institute for Animal Science in Biochemistry & Toxicology,Necropsy,1000,mg/kg bdwt/d,Administered dose(mass),30,mg/kg bdwt/d,Administered dose(mass),0,d,Time,,,,,,,,,,,,,,,,,,,,,,,,,,,,,,,,,,,,,,,,,,,,,,,,,,,,,,,,,,,,,,,28,d,Time,,,1000,,mg/kg bdwt/d,Administered dose(mass),,,1000,,mg/kg/d,Administered dose(mass),,
78-42-2,"Phosphoric acid, tris(2-ethylhexyl) ester;tris (2-ethylhexyl) phosphate;Tris(2-ethylhexyl) phosphate;tris(2-ethylhexyl)ester phosphoric acid;tris(2-ethylhexyl)ester_phosphoric_acid;tris(2-ethylhexyl)phosphate;Tris(2-ethylhexyl)phosphate (TEHP)",,,,,,,,,,,,,,,,,,,,,,,,,,,,,,,,,,,,,,,,,,,,,,,,,,,,,,,,,,,,,,,,,,,,,,,,,,,,,,,,,,,,,,,,,,,,,,,,,,,,,,,,,,,,,,,,,,,,,,,,,,,,,,,,Human Health Hazards#Repeated Dose Toxicity,Repeated Dose Toxicity HESS,1993,,NOEL,OECD TG 407,False,No qualifier,Equal,,,,,,,,,,,Rat,,,,,,,,,,,,,,,,,,,,,,,,,,,,,,,,,,,,,,,,,,,,,,,,,,,,,,,,,,,,,,,,,,,,,,99.7,None,,,,,,,,,,,,,,,,,,,,,,,,,,,,,,,,,,,,,,,,,,,,,,,,,,,,,,,,,,,,,,,,SD,Oral (Gavage),,,,,,,,,,,,,,,,,,,,,,Female,Main,"National Institute of Health Sciences, Japan",Small intestine (Duodenum),RDT,Research Institute for Animal Science in Biochemistry & Toxicology,Necropsy,1000,mg/kg bdwt/d,Administered dose(mass),30,mg/kg bdwt/d,Administered dose(mass),0,d,Time,,,,,,,,,,,,,,,,,,,,,,,,,,,,,,,,,,,,,,,,,,,,,,,,,,,,,,,,,,,,,,,28,d,Time,,,1000,,mg/kg bdwt/d,Administered dose(mass),,,1000,,mg/kg/d,Administered dose(mass),,
78-42-2,"Phosphoric acid, tris(2-ethylhexyl) ester;tris (2-ethylhexyl) phosphate;Tris(2-ethylhexyl) phosphate;tris(2-ethylhexyl)ester phosphoric acid;tris(2-ethylhexyl)ester_phosphoric_acid;tris(2-ethylhexyl)phosphate;Tris(2-ethylhexyl)phosphate (TEHP)",,,,,,,,,,,,,,,,,,,,,,,,,,,,,,,,,,,,,,,,,,,,,,,,,,,,,,,,,,,,,,,,,,,,,,,,,,,,,,,,,,,,,,,,,,,,,,,,,,,,,,,,,,,,,,,,,,,,,,,,,,,,,,,,Human Health Hazards#Repeated Dose Toxicity,Repeated Dose Toxicity HESS,1993,,NOEL,OECD TG 407,False,No qualifier,Equal,,,,,,,,,,,Rat,,,,,,,,,,,,,,,,,,,,,,,,,,,,,,,,,,,,,,,,,,,,,,,,,,,,,,,,,,,,,,,,,,,,,,99.7,None,,,,,,,,,,,,,,,,,,,,,,,,,,,,,,,,,,,,,,,,,,,,,,,,,,,,,,,,,,,,,,,,SD,Oral (Gavage),,,,,,,,,,,,,,,,,,,,,,Male,Main,"National Institute of Health Sciences, Japan",Small intestine (Duodenum),RDT,Research Institute for Animal Science in Biochemistry & Toxicology,Necropsy,1000,mg/kg bdwt/d,Administered dose(mass),30,mg/kg bdwt/d,Administered dose(mass),0,d,Time,,,,,,,,,,,,,,,,,,,,,,,,,,,,,,,,,,,,,,,,,,,,,,,,,,,,,,,,,,,,,,,28,d,Time,,,1000,,mg/kg bdwt/d,Administered dose(mass),,,1000,,mg/kg/d,Administered dose(mass),,
78-42-2,"Phosphoric acid, tris(2-ethylhexyl) ester;tris (2-ethylhexyl) phosphate;Tris(2-ethylhexyl) phosphate;tris(2-ethylhexyl)ester phosphoric acid;tris(2-ethylhexyl)ester_phosphoric_acid;tris(2-ethylhexyl)phosphate;Tris(2-ethylhexyl)phosphate (TEHP)",,,,,,,,,,,,,,,,,,,,,,,,,,,,,,,,,,,,,,,,,,,,,,,,,,,,,,,,,,,,,,,,,,,,,,,,,,,,,,,,,,,,,,,,,,,,,,,,,,,,,,,,,,,,,,,,,,,,,,,,,,,,,,,,Human Health Hazards#Repeated Dose Toxicity,Repeated Dose Toxicity HESS,1993,,NOEL,OECD TG 407,False,No qualifier,Equal,,,,,,,,,,,Rat,,,,,,,,,,,,,,,,,,,,,,,,,,,,,,,,,,,,,,,,,,,,,,,,,,,,,,,,,,,,,,,,,,,,,,99.7,None,,,,,,,,,,,,,,,,,,,,,,,,,,,,,,,,,,,,,,,,,,,,,,,,,,,,,,,,,,,,,,,,SD,Oral (Gavage),,,,,,,,,,,,,,,,,,,,,,Female,Main,"National Institute of Health Sciences, Japan",Small intestine (Ileum),RDT,Research Institute for Animal Science in Biochemistry & Toxicology,Necropsy,1000,mg/kg bdwt/d,Administered dose(mass),30,mg/kg bdwt/d,Administered dose(mass),0,d,Time,,,,,,,,,,,,,,,,,,,,,,,,,,,,,,,,,,,,,,,,,,,,,,,,,,,,,,,,,,,,,,,28,d,Time,,,1000,,mg/kg bdwt/d,Administered dose(mass),,,1000,,mg/kg/d,Administered dose(mass),,
78-42-2,"Phosphoric acid, tris(2-ethylhexyl) ester;tris (2-ethylhexyl) phosphate;Tris(2-ethylhexyl) phosphate;tris(2-ethylhexyl)ester phosphoric acid;tris(2-ethylhexyl)ester_phosphoric_acid;tris(2-ethylhexyl)phosphate;Tris(2-ethylhexyl)phosphate (TEHP)",,,,,,,,,,,,,,,,,,,,,,,,,,,,,,,,,,,,,,,,,,,,,,,,,,,,,,,,,,,,,,,,,,,,,,,,,,,,,,,,,,,,,,,,,,,,,,,,,,,,,,,,,,,,,,,,,,,,,,,,,,,,,,,,Human Health Hazards#Repeated Dose Toxicity,Repeated Dose Toxicity HESS,1993,,NOEL,OECD TG 407,False,No qualifier,Equal,,,,,,,,,,,Rat,,,,,,,,,,,,,,,,,,,,,,,,,,,,,,,,,,,,,,,,,,,,,,,,,,,,,,,,,,,,,,,,,,,,,,99.7,None,,,,,,,,,,,,,,,,,,,,,,,,,,,,,,,,,,,,,,,,,,,,,,,,,,,,,,,,,,,,,,,,SD,Oral (Gavage),,,,,,,,,,,,,,,,,,,,,,Male,Main,"National Institute of Health Sciences, Japan",Small intestine (Ileum),RDT,Research Institute for Animal Science in Biochemistry & Toxicology,Necropsy,1000,mg/kg bdwt/d,Administered dose(mass),30,mg/kg bdwt/d,Administered dose(mass),0,d,Time,,,,,,,,,,,,,,,,,,,,,,,,,,,,,,,,,,,,,,,,,,,,,,,,,,,,,,,,,,,,,,,28,d,Time,,,1000,,mg/kg bdwt/d,Administered dose(mass),,,1000,,mg/kg/d,Administered dose(mass),,
78-42-2,"Phosphoric acid, tris(2-ethylhexyl) ester;tris (2-ethylhexyl) phosphate;Tris(2-ethylhexyl) phosphate;tris(2-ethylhexyl)ester phosphoric acid;tris(2-ethylhexyl)ester_phosphoric_acid;tris(2-ethylhexyl)phosphate;Tris(2-ethylhexyl)phosphate (TEHP)",,,,,,,,,,,,,,,,,,,,,,,,,,,,,,,,,,,,,,,,,,,,,,,,,,,,,,,,,,,,,,,,,,,,,,,,,,,,,,,,,,,,,,,,,,,,,,,,,,,,,,,,,,,,,,,,,,,,,,,,,,,,,,,,Human Health Hazards#Repeated Dose Toxicity,Repeated Dose Toxicity HESS,1993,,NOEL,OECD TG 407,False,No qualifier,Equal,,,,,,,,,,,Rat,,,,,,,,,,,,,,,,,,,,,,,,,,,,,,,,,,,,,,,,,,,,,,,,,,,,,,,,,,,,,,,,,,,,,,99.7,None,,,,,,,,,,,,,,,,,,,,,,,,,,,,,,,,,,,,,,,,,,,,,,,,,,,,,,,,,,,,,,,,SD,Oral (Gavage),,,,,,,,,,,,,,,,,,,,,,Female,Main,"National Institute of Health Sciences, Japan",Small intestine (Jejunum),RDT,Research Institute for Animal Science in Biochemistry & Toxicology,Necropsy,1000,mg/kg bdwt/d,Administered dose(mass),30,mg/kg bdwt/d,Administered dose(mass),0,d,Time,,,,,,,,,,,,,,,,,,,,,,,,,,,,,,,,,,,,,,,,,,,,,,,,,,,,,,,,,,,,,,,28,d,Time,,,1000,,mg/kg bdwt/d,Administered dose(mass),,,1000,,mg/kg/d,Administered dose(mass),,
78-42-2,"Phosphoric acid, tris(2-ethylhexyl) ester;tris (2-ethylhexyl) phosphate;Tris(2-ethylhexyl) phosphate;tris(2-ethylhexyl)ester phosphoric acid;tris(2-ethylhexyl)ester_phosphoric_acid;tris(2-ethylhexyl)phosphate;Tris(2-ethylhexyl)phosphate (TEHP)",,,,,,,,,,,,,,,,,,,,,,,,,,,,,,,,,,,,,,,,,,,,,,,,,,,,,,,,,,,,,,,,,,,,,,,,,,,,,,,,,,,,,,,,,,,,,,,,,,,,,,,,,,,,,,,,,,,,,,,,,,,,,,,,Human Health Hazards#Repeated Dose Toxicity,Repeated Dose Toxicity HESS,1993,,NOEL,OECD TG 407,False,No qualifier,Equal,,,,,,,,,,,Rat,,,,,,,,,,,,,,,,,,,,,,,,,,,,,,,,,,,,,,,,,,,,,,,,,,,,,,,,,,,,,,,,,,,,,,99.7,None,,,,,,,,,,,,,,,,,,,,,,,,,,,,,,,,,,,,,,,,,,,,,,,,,,,,,,,,,,,,,,,,SD,Oral (Gavage),,,,,,,,,,,,,,,,,,,,,,Male,Main,"National Institute of Health Sciences, Japan",Small intestine (Jejunum),RDT,Research Institute for Animal Science in Biochemistry & Toxicology,Necropsy,1000,mg/kg bdwt/d,Administered dose(mass),30,mg/kg bdwt/d,Administered dose(mass),0,d,Time,,,,,,,,,,,,,,,,,,,,,,,,,,,,,,,,,,,,,,,,,,,,,,,,,,,,,,,,,,,,,,,28,d,Time,,,1000,,mg/kg bdwt/d,Administered dose(mass),,,1000,,mg/kg/d,Administered dose(mass),,
78-42-2,"Phosphoric acid, tris(2-ethylhexyl) ester;tris (2-ethylhexyl) phosphate;Tris(2-ethylhexyl) phosphate;tris(2-ethylhexyl)ester phosphoric acid;tris(2-ethylhexyl)ester_phosphoric_acid;tris(2-ethylhexyl)phosphate;Tris(2-ethylhexyl)phosphate (TEHP)",,,,,,,,,,,,,,,,,,,,,,,,,,,,,,,,,,,,,,,,,,,,,,,,,,,,,,,,,,,,,,,,,,,,,,,,,,,,,,,,,,,,,,,,,,,,,,,,,,,,,,,,,,,,,,,,,,,,,,,,,,,,,,,,Human Health Hazards#Repeated Dose Toxicity,Repeated Dose Toxicity HESS,1993,,NOEL,OECD TG 407,False,No qualifier,Equal,,,,,,,,,,,Rat,,,,,,,,,,,,,,,,,,,,,,,,,,,,,,,,,,,,,,,,,,,,,,,,,,,,,,,,,,,,,,,,,,,,,,99.7,None,,,,,,,,,,,,,,,,,,,,,,,,,,,,,,,,,,,,,,,,,,,,,,,,,,,,,,,,,,,,,,,,SD,Oral (Gavage),,,,,,,,,,,,,,,,,,,,,,Female,Main,"National Institute of Health Sciences, Japan",Spinal Cord,RDT,Research Institute for Animal Science in Biochemistry & Toxicology,Necropsy,1000,mg/kg bdwt/d,Administered dose(mass),30,mg/kg bdwt/d,Administered dose(mass),0,d,Time,,,,,,,,,,,,,,,,,,,,,,,,,,,,,,,,,,,,,,,,,,,,,,,,,,,,,,,,,,,,,,,28,d,Time,,,1000,,mg/kg bdwt/d,Administered dose(mass),,,1000,,mg/kg/d,Administered dose(mass),,
78-42-2,"Phosphoric acid, tris(2-ethylhexyl) ester;tris (2-ethylhexyl) phosphate;Tris(2-ethylhexyl) phosphate;tris(2-ethylhexyl)ester phosphoric acid;tris(2-ethylhexyl)ester_phosphoric_acid;tris(2-ethylhexyl)phosphate;Tris(2-ethylhexyl)phosphate (TEHP)",,,,,,,,,,,,,,,,,,,,,,,,,,,,,,,,,,,,,,,,,,,,,,,,,,,,,,,,,,,,,,,,,,,,,,,,,,,,,,,,,,,,,,,,,,,,,,,,,,,,,,,,,,,,,,,,,,,,,,,,,,,,,,,,Human Health Hazards#Repeated Dose Toxicity,Repeated Dose Toxicity HESS,1993,,NOEL,OECD TG 407,False,No qualifier,Equal,,,,,,,,,,,Rat,,,,,,,,,,,,,,,,,,,,,,,,,,,,,,,,,,,,,,,,,,,,,,,,,,,,,,,,,,,,,,,,,,,,,,99.7,None,,,,,,,,,,,,,,,,,,,,,,,,,,,,,,,,,,,,,,,,,,,,,,,,,,,,,,,,,,,,,,,,SD,Oral (Gavage),,,,,,,,,,,,,,,,,,,,,,Male,Main,"National Institute of Health Sciences, Japan",Spinal Cord,RDT,Research Institute for Animal Science in Biochemistry & Toxicology,Necropsy,1000,mg/kg bdwt/d,Administered dose(mass),30,mg/kg bdwt/d,Administered dose(mass),0,d,Time,,,,,,,,,,,,,,,,,,,,,,,,,,,,,,,,,,,,,,,,,,,,,,,,,,,,,,,,,,,,,,,28,d,Time,,,1000,,mg/kg bdwt/d,Administered dose(mass),,,1000,,mg/kg/d,Administered dose(mass),,
78-42-2,"Phosphoric acid, tris(2-ethylhexyl) ester;tris (2-ethylhexyl) phosphate;Tris(2-ethylhexyl) phosphate;tris(2-ethylhexyl)ester phosphoric acid;tris(2-ethylhexyl)ester_phosphoric_acid;tris(2-ethylhexyl)phosphate;Tris(2-ethylhexyl)phosphate (TEHP)",,,,,,,,,,,,,,,,,,,,,,,,,,,,,,,,,,,,,,,,,,,,,,,,,,,,,,,,,,,,,,,,,,,,,,,,,,,,,,,,,,,,,,,,,,,,,,,,,,,,,,,,,,,,,,,,,,,,,,,,,,,,,,,,Human Health Hazards#Repeated Dose Toxicity,Repeated Dose Toxicity HESS,1993,,NOEL,OECD TG 407,False,No qualifier,Equal,,,,,,,,,,,Rat,,,,,,,,,,,,,,,,,,,,,,,,,,,,,,,,,,,,,,Atrophy,,,,,,,,,,,,,,,,,,,,,,,,,,,,,,,,99.7,None,,,,,,,,,,,,,,,,,,,,,,,,,,,,,,,,,,,,,,,,,,,,,,,,,,,,,,,,,,,,,,,,SD,Oral (Gavage),,,,,,,,,,,,,,,,Lymph follicle,,,,,,Female,Main,"National Institute of Health Sciences, Japan",Spleen,RDT,Research Institute for Animal Science in Biochemistry & Toxicology,Histopathological findings,1000,mg/kg bdwt/d,Administered dose(mass),30,mg/kg bdwt/d,Administered dose(mass),0,d,Time,,,,,,,,,,,,,,,,,,,,,,,,,,,,,,,,,,,,,,,,,,,,,,,,,,,,,,,,,,,,,,,28,d,Time,,,1000,,mg/kg bdwt/d,Administered dose(mass),,,1000,,mg/kg/d,Administered dose(mass),,
78-42-2,"Phosphoric acid, tris(2-ethylhexyl) ester;tris (2-ethylhexyl) phosphate;Tris(2-ethylhexyl) phosphate;tris(2-ethylhexyl)ester phosphoric acid;tris(2-ethylhexyl)ester_phosphoric_acid;tris(2-ethylhexyl)phosphate;Tris(2-ethylhexyl)phosphate (TEHP)",,,,,,,,,,,,,,,,,,,,,,,,,,,,,,,,,,,,,,,,,,,,,,,,,,,,,,,,,,,,,,,,,,,,,,,,,,,,,,,,,,,,,,,,,,,,,,,,,,,,,,,,,,,,,,,,,,,,,,,,,,,,,,,,Human Health Hazards#Repeated Dose Toxicity,Repeated Dose Toxicity HESS,1993,,NOEL,OECD TG 407,False,No qualifier,Equal,,,,,,,,,,,Rat,,,,,,,,,,,,,,,,,,,,,,,,,,,,,,,,,,,,,,Atrophy,,,,,,,,,,,,,,,,,,,,,,,,,,,,,,,,99.7,None,,,,,,,,,,,,,,,,,,,,,,,,,,,,,,,,,,,,,,,,,,,,,,,,,,,,,,,,,,,,,,,,SD,Oral (Gavage),,,,,,,,,,,,,,,,Lymph follicle,,,,,,Male,Main,"National Institute of Health Sciences, Japan",Spleen,RDT,Research Institute for Animal Science in Biochemistry & Toxicology,Histopathological findings,1000,mg/kg bdwt/d,Administered dose(mass),30,mg/kg bdwt/d,Administered dose(mass),0,d,Time,,,,,,,,,,,,,,,,,,,,,,,,,,,,,,,,,,,,,,,,,,,,,,,,,,,,,,,,,,,,,,,28,d,Time,,,1000,,mg/kg bdwt/d,Administered dose(mass),,,1000,,mg/kg/d,Administered dose(mass),,
78-42-2,"Phosphoric acid, tris(2-ethylhexyl) ester;tris (2-ethylhexyl) phosphate;Tris(2-ethylhexyl) phosphate;tris(2-ethylhexyl)ester phosphoric acid;tris(2-ethylhexyl)ester_phosphoric_acid;tris(2-ethylhexyl)phosphate;Tris(2-ethylhexyl)phosphate (TEHP)",,,,,,,,,,,,,,,,,,,,,,,,,,,,,,,,,,,,,,,,,,,,,,,,,,,,,,,,,,,,,,,,,,,,,,,,,,,,,,,,,,,,,,,,,,,,,,,,,,,,,,,,,,,,,,,,,,,,,,,,,,,,,,,,Human Health Hazards#Repeated Dose Toxicity,Repeated Dose Toxicity HESS,1993,,NOEL,OECD TG 407,False,No qualifier,Equal,,,,,,,,,,,Rat,,,,,,,,,,,,,,,,,,,,,,,,,,,,,,,,,,,,,,Atrophy (Necropsy),,,,,,,,,,,,,,,,,,,,,,,,,,,,,,,,99.7,None,,,,,,,,,,,,,,,,,,,,,,,,,,,,,,,,,,,,,,,,,,,,,,,,,,,,,,,,,,,,,,,,SD,Oral (Gavage),,,,,,,,,,,,,,,,,,,,,,Female,Main,"National Institute of Health Sciences, Japan",Spleen,RDT,Research Institute for Animal Science in Biochemistry & Toxicology,Necropsy,1000,mg/kg bdwt/d,Administered dose(mass),30,mg/kg bdwt/d,Administered dose(mass),0,d,Time,,,,,,,,,,,,,,,,,,,,,,,,,,,,,,,,,,,,,,,,,,,,,,,,,,,,,,,,,,,,,,,28,d,Time,,,1000,,mg/kg bdwt/d,Administered dose(mass),,,1000,,mg/kg/d,Administered dose(mass),,
78-42-2,"Phosphoric acid, tris(2-ethylhexyl) ester;tris (2-ethylhexyl) phosphate;Tris(2-ethylhexyl) phosphate;tris(2-ethylhexyl)ester phosphoric acid;tris(2-ethylhexyl)ester_phosphoric_acid;tris(2-ethylhexyl)phosphate;Tris(2-ethylhexyl)phosphate (TEHP)",,,,,,,,,,,,,,,,,,,,,,,,,,,,,,,,,,,,,,,,,,,,,,,,,,,,,,,,,,,,,,,,,,,,,,,,,,,,,,,,,,,,,,,,,,,,,,,,,,,,,,,,,,,,,,,,,,,,,,,,,,,,,,,,Human Health Hazards#Repeated Dose Toxicity,Repeated Dose Toxicity HESS,1993,,NOEL,OECD TG 407,False,No qualifier,Equal,,,,,,,,,,,Rat,,,,,,,,,,,,,,,,,,,,,,,,,,,,,,,,,,,,,,Atrophy (Necropsy),,,,,,,,,,,,,,,,,,,,,,,,,,,,,,,,99.7,None,,,,,,,,,,,,,,,,,,,,,,,,,,,,,,,,,,,,,,,,,,,,,,,,,,,,,,,,,,,,,,,,SD,Oral (Gavage),,,,,,,,,,,,,,,,,,,,,,Male,Main,"National Institute of Health Sciences, Japan",Spleen,RDT,Research Institute for Animal Science in Biochemistry & Toxicology,Necropsy,1000,mg/kg bdwt/d,Administered dose(mass),30,mg/kg bdwt/d,Administered dose(mass),0,d,Time,,,,,,,,,,,,,,,,,,,,,,,,,,,,,,,,,,,,,,,,,,,,,,,,,,,,,,,,,,,,,,,28,d,Time,,,1000,,mg/kg bdwt/d,Administered dose(mass),,,1000,,mg/kg/d,Administered dose(mass),,
78-42-2,"Phosphoric acid, tris(2-ethylhexyl) ester;tris (2-ethylhexyl) phosphate;Tris(2-ethylhexyl) phosphate;tris(2-ethylhexyl)ester phosphoric acid;tris(2-ethylhexyl)ester_phosphoric_acid;tris(2-ethylhexyl)phosphate;Tris(2-ethylhexyl)phosphate (TEHP)",,,,,,,,,,,,,,,,,,,,,,,,,,,,,,,,,,,,,,,,,,,,,,,,,,,,,,,,,,,,,,,,,,,,,,,,,,,,,,,,,,,,,,,,,,,,,,,,,,,,,,,,,,,,,,,,,,,,,,,,,,,,,,,,Human Health Hazards#Repeated Dose Toxicity,Repeated Dose Toxicity HESS,1993,,NOEL,OECD TG 407,False,No qualifier,Equal,,,,,,,,,,,Rat,,,,,,,,,,,,,,,,,,,,,,,,,,,,,,,,,,,,,,Congestion,,,,,,,,,,,,,,,,,,,,,,,,,,,,,,,,99.7,None,,,,,,,,,,,,,,,,,,,,,,,,,,,,,,,,,,,,,,,,,,,,,,,,,,,,,,,,,,,,,,,,SD,Oral (Gavage),,,,,,,,,,,,,,,,,,,,,,Female,Main,"National Institute of Health Sciences, Japan",Spleen,RDT,Research Institute for Animal Science in Biochemistry & Toxicology,Histopathological findings,1000,mg/kg bdwt/d,Administered dose(mass),30,mg/kg bdwt/d,Administered dose(mass),0,d,Time,,,,,,,,,,,,,,,,,,,,,,,,,,,,,,,,,,,,,,,,,,,,,,,,,,,,,,,,,,,,,,,28,d,Time,,,1000,,mg/kg bdwt/d,Administered dose(mass),,,1000,,mg/kg/d,Administered dose(mass),,
78-42-2,"Phosphoric acid, tris(2-ethylhexyl) ester;tris (2-ethylhexyl) phosphate;Tris(2-ethylhexyl) phosphate;tris(2-ethylhexyl)ester phosphoric acid;tris(2-ethylhexyl)ester_phosphoric_acid;tris(2-ethylhexyl)phosphate;Tris(2-ethylhexyl)phosphate (TEHP)",,,,,,,,,,,,,,,,,,,,,,,,,,,,,,,,,,,,,,,,,,,,,,,,,,,,,,,,,,,,,,,,,,,,,,,,,,,,,,,,,,,,,,,,,,,,,,,,,,,,,,,,,,,,,,,,,,,,,,,,,,,,,,,,Human Health Hazards#Repeated Dose Toxicity,Repeated Dose Toxicity HESS,1993,,NOEL,OECD TG 407,False,No qualifier,Equal,,,,,,,,,,,Rat,,,,,,,,,,,,,,,,,,,,,,,,,,,,,,,,,,,,,,Congestion,,,,,,,,,,,,,,,,,,,,,,,,,,,,,,,,99.7,None,,,,,,,,,,,,,,,,,,,,,,,,,,,,,,,,,,,,,,,,,,,,,,,,,,,,,,,,,,,,,,,,SD,Oral (Gavage),,,,,,,,,,,,,,,,,,,,,,Male,Main,"National Institute of Health Sciences, Japan",Spleen,RDT,Research Institute for Animal Science in Biochemistry & Toxicology,Histopathological findings,1000,mg/kg bdwt/d,Administered dose(mass),30,mg/kg bdwt/d,Administered dose(mass),0,d,Time,,,,,,,,,,,,,,,,,,,,,,,,,,,,,,,,,,,,,,,,,,,,,,,,,,,,,,,,,,,,,,,28,d,Time,,,1000,,mg/kg bdwt/d,Administered dose(mass),,,1000,,mg/kg/d,Administered dose(mass),,
78-42-2,"Phosphoric acid, tris(2-ethylhexyl) ester;tris (2-ethylhexyl) phosphate;Tris(2-ethylhexyl) phosphate;tris(2-ethylhexyl)ester phosphoric acid;tris(2-ethylhexyl)ester_phosphoric_acid;tris(2-ethylhexyl)phosphate;Tris(2-ethylhexyl)phosphate (TEHP)",,,,,,,,,,,,,,,,,,,,,,,,,,,,,,,,,,,,,,,,,,,,,,,,,,,,,,,,,,,,,,,,,,,,,,,,,,,,,,,,,,,,,,,,,,,,,,,,,,,,,,,,,,,,,,,,,,,,,,,,,,,,,,,,Human Health Hazards#Repeated Dose Toxicity,Repeated Dose Toxicity HESS,1993,,NOEL,OECD TG 407,False,No qualifier,Equal,,,,,,,,,,,Rat,,,,,,,,,,,,,,,,,,,,,,,,,,,,,,,,,,,,,,Enlarged (Necropsy),,,,,,,,,,,,,,,,,,,,,,,,,,,,,,,,99.7,None,,,,,,,,,,,,,,,,,,,,,,,,,,,,,,,,,,,,,,,,,,,,,,,,,,,,,,,,,,,,,,,,SD,Oral (Gavage),,,,,,,,,,,,,,,,,,,,,,Female,Main,"National Institute of Health Sciences, Japan",Spleen,RDT,Research Institute for Animal Science in Biochemistry & Toxicology,Necropsy,1000,mg/kg bdwt/d,Administered dose(mass),30,mg/kg bdwt/d,Administered dose(mass),0,d,Time,,,,,,,,,,,,,,,,,,,,,,,,,,,,,,,,,,,,,,,,,,,,,,,,,,,,,,,,,,,,,,,28,d,Time,,,1000,,mg/kg bdwt/d,Administered dose(mass),,,1000,,mg/kg/d,Administered dose(mass),,
78-42-2,"Phosphoric acid, tris(2-ethylhexyl) ester;tris (2-ethylhexyl) phosphate;Tris(2-ethylhexyl) phosphate;tris(2-ethylhexyl)ester phosphoric acid;tris(2-ethylhexyl)ester_phosphoric_acid;tris(2-ethylhexyl)phosphate;Tris(2-ethylhexyl)phosphate (TEHP)",,,,,,,,,,,,,,,,,,,,,,,,,,,,,,,,,,,,,,,,,,,,,,,,,,,,,,,,,,,,,,,,,,,,,,,,,,,,,,,,,,,,,,,,,,,,,,,,,,,,,,,,,,,,,,,,,,,,,,,,,,,,,,,,Human Health Hazards#Repeated Dose Toxicity,Repeated Dose Toxicity HESS,1993,,NOEL,OECD TG 407,False,No qualifier,Equal,,,,,,,,,,,Rat,,,,,,,,,,,,,,,,,,,,,,,,,,,,,,,,,,,,,,Enlarged (Necropsy),,,,,,,,,,,,,,,,,,,,,,,,,,,,,,,,99.7,None,,,,,,,,,,,,,,,,,,,,,,,,,,,,,,,,,,,,,,,,,,,,,,,,,,,,,,,,,,,,,,,,SD,Oral (Gavage),,,,,,,,,,,,,,,,,,,,,,Male,Main,"National Institute of Health Sciences, Japan",Spleen,RDT,Research Institute for Animal Science in Biochemistry & Toxicology,Necropsy,1000,mg/kg bdwt/d,Administered dose(mass),30,mg/kg bdwt/d,Administered dose(mass),0,d,Time,,,,,,,,,,,,,,,,,,,,,,,,,,,,,,,,,,,,,,,,,,,,,,,,,,,,,,,,,,,,,,,28,d,Time,,,1000,,mg/kg bdwt/d,Administered dose(mass),,,1000,,mg/kg/d,Administered dose(mass),,
78-42-2,"Phosphoric acid, tris(2-ethylhexyl) ester;tris (2-ethylhexyl) phosphate;Tris(2-ethylhexyl) phosphate;tris(2-ethylhexyl)ester phosphoric acid;tris(2-ethylhexyl)ester_phosphoric_acid;tris(2-ethylhexyl)phosphate;Tris(2-ethylhexyl)phosphate (TEHP)",,,,,,,,,,,,,,,,,,,,,,,,,,,,,,,,,,,,,,,,,,,,,,,,,,,,,,,,,,,,,,,,,,,,,,,,,,,,,,,,,,,,,,,,,,,,,,,,,,,,,,,,,,,,,,,,,,,,,,,,,,,,,,,,Human Health Hazards#Repeated Dose Toxicity,Repeated Dose Toxicity HESS,1993,,NOEL,OECD TG 407,False,No qualifier,Equal,,,,,,,,,,,Rat,,,,,,,,,,,,,,,,,,,,,,,,,,,,,,,,,,,,,,Extramedullary Hematopoiesis,,,,,,,,,,,,,,,,,,,,,,,,,,,,,,,,99.7,None,,,,,,,,,,,,,,,,,,,,,,,,,,,,,,,,,,,,,,,,,,,,,,,,,,,,,,,,,,,,,,,,SD,Oral (Gavage),,,,,,,,,,,,,,,,,,,,,,Female,Main,"National Institute of Health Sciences, Japan",Spleen,RDT,Research Institute for Animal Science in Biochemistry & Toxicology,Histopathological findings,1000,mg/kg bdwt/d,Administered dose(mass),30,mg/kg bdwt/d,Administered dose(mass),0,d,Time,,,,,,,,,,,,,,,,,,,,,,,,,,,,,,,,,,,,,,,,,,,,,,,,,,,,,,,,,,,,,,,28,d,Time,,,1000,,mg/kg bdwt/d,Administered dose(mass),,,1000,,mg/kg/d,Administered dose(mass),,
78-42-2,"Phosphoric acid, tris(2-ethylhexyl) ester;tris (2-ethylhexyl) phosphate;Tris(2-ethylhexyl) phosphate;tris(2-ethylhexyl)ester phosphoric acid;tris(2-ethylhexyl)ester_phosphoric_acid;tris(2-ethylhexyl)phosphate;Tris(2-ethylhexyl)phosphate (TEHP)",,,,,,,,,,,,,,,,,,,,,,,,,,,,,,,,,,,,,,,,,,,,,,,,,,,,,,,,,,,,,,,,,,,,,,,,,,,,,,,,,,,,,,,,,,,,,,,,,,,,,,,,,,,,,,,,,,,,,,,,,,,,,,,,Human Health Hazards#Repeated Dose Toxicity,Repeated Dose Toxicity HESS,1993,,NOEL,OECD TG 407,False,No qualifier,Equal,,,,,,,,,,,Rat,,,,,,,,,,,,,,,,,,,,,,,,,,,,,,,,,,,,,,Extramedullary Hematopoiesis,,,,,,,,,,,,,,,,,,,,,,,,,,,,,,,,99.7,None,,,,,,,,,,,,,,,,,,,,,,,,,,,,,,,,,,,,,,,,,,,,,,,,,,,,,,,,,,,,,,,,SD,Oral (Gavage),,,,,,,,,,,,,,,,,,,,,,Male,Main,"National Institute of Health Sciences, Japan",Spleen,RDT,Research Institute for Animal Science in Biochemistry & Toxicology,Histopathological findings,1000,mg/kg bdwt/d,Administered dose(mass),30,mg/kg bdwt/d,Administered dose(mass),0,d,Time,,,,,,,,,,,,,,,,,,,,,,,,,,,,,,,,,,,,,,,,,,,,,,,,,,,,,,,,,,,,,,,28,d,Time,,,1000,,mg/kg bdwt/d,Administered dose(mass),,,1000,,mg/kg/d,Administered dose(mass),,
78-42-2,"Phosphoric acid, tris(2-ethylhexyl) ester;tris (2-ethylhexyl) phosphate;Tris(2-ethylhexyl) phosphate;tris(2-ethylhexyl)ester phosphoric acid;tris(2-ethylhexyl)ester_phosphoric_acid;tris(2-ethylhexyl)phosphate;Tris(2-ethylhexyl)phosphate (TEHP)",,,,,,,,,,,,,,,,,,,,,,,,,,,,,,,,,,,,,,,,,,,,,,,,,,,,,,,,,,,,,,,,,,,,,,,,,,,,,,,,,,,,,,,,,,,,,,,,,,,,,,,,,,,,,,,,,,,,,,,,,,,,,,,,Human Health Hazards#Repeated Dose Toxicity,Repeated Dose Toxicity HESS,1993,,NOEL,OECD TG 407,False,No qualifier,Equal,,,,,,,,,,,Rat,,,,,,,,,,,,,,,,,,,,,,,,,,,,,,,,,,,,,,Fibrosis,,,,,,,,,,,,,,,,,,,,,,,,,,,,,,,,99.7,None,,,,,,,,,,,,,,,,,,,,,,,,,,,,,,,,,,,,,,,,,,,,,,,,,,,,,,,,,,,,,,,,SD,Oral (Gavage),,,,,,,,,,,,,,,,,,,,,,Female,Main,"National Institute of Health Sciences, Japan",Spleen,RDT,Research Institute for Animal Science in Biochemistry & Toxicology,Histopathological findings,1000,mg/kg bdwt/d,Administered dose(mass),30,mg/kg bdwt/d,Administered dose(mass),0,d,Time,,,,,,,,,,,,,,,,,,,,,,,,,,,,,,,,,,,,,,,,,,,,,,,,,,,,,,,,,,,,,,,28,d,Time,,,1000,,mg/kg bdwt/d,Administered dose(mass),,,1000,,mg/kg/d,Administered dose(mass),,
78-42-2,"Phosphoric acid, tris(2-ethylhexyl) ester;tris (2-ethylhexyl) phosphate;Tris(2-ethylhexyl) phosphate;tris(2-ethylhexyl)ester phosphoric acid;tris(2-ethylhexyl)ester_phosphoric_acid;tris(2-ethylhexyl)phosphate;Tris(2-ethylhexyl)phosphate (TEHP)",,,,,,,,,,,,,,,,,,,,,,,,,,,,,,,,,,,,,,,,,,,,,,,,,,,,,,,,,,,,,,,,,,,,,,,,,,,,,,,,,,,,,,,,,,,,,,,,,,,,,,,,,,,,,,,,,,,,,,,,,,,,,,,,Human Health Hazards#Repeated Dose Toxicity,Repeated Dose Toxicity HESS,1993,,NOEL,OECD TG 407,False,No qualifier,Equal,,,,,,,,,,,Rat,,,,,,,,,,,,,,,,,,,,,,,,,,,,,,,,,,,,,,Fibrosis,,,,,,,,,,,,,,,,,,,,,,,,,,,,,,,,99.7,None,,,,,,,,,,,,,,,,,,,,,,,,,,,,,,,,,,,,,,,,,,,,,,,,,,,,,,,,,,,,,,,,SD,Oral (Gavage),,,,,,,,,,,,,,,,,,,,,,Male,Main,"National Institute of Health Sciences, Japan",Spleen,RDT,Research Institute for Animal Science in Biochemistry & Toxicology,Histopathological findings,1000,mg/kg bdwt/d,Administered dose(mass),30,mg/kg bdwt/d,Administered dose(mass),0,d,Time,,,,,,,,,,,,,,,,,,,,,,,,,,,,,,,,,,,,,,,,,,,,,,,,,,,,,,,,,,,,,,,28,d,Time,,,1000,,mg/kg bdwt/d,Administered dose(mass),,,1000,,mg/kg/d,Administered dose(mass),,
78-42-2,"Phosphoric acid, tris(2-ethylhexyl) ester;tris (2-ethylhexyl) phosphate;Tris(2-ethylhexyl) phosphate;tris(2-ethylhexyl)ester phosphoric acid;tris(2-ethylhexyl)ester_phosphoric_acid;tris(2-ethylhexyl)phosphate;Tris(2-ethylhexyl)phosphate (TEHP)",,,,,,,,,,,,,,,,,,,,,,,,,,,,,,,,,,,,,,,,,,,,,,,,,,,,,,,,,,,,,,,,,,,,,,,,,,,,,,,,,,,,,,,,,,,,,,,,,,,,,,,,,,,,,,,,,,,,,,,,,,,,,,,,Human Health Hazards#Repeated Dose Toxicity,Repeated Dose Toxicity HESS,1993,,NOEL,OECD TG 407,False,No qualifier,Equal,,,,,,,,,,,Rat,,,,,,,,,,,,,,,,,,,,,,,,,,,,,,,,,,,,,,Hemorrhage,,,,,,,,,,,,,,,,,,,,,,,,,,,,,,,,99.7,None,,,,,,,,,,,,,,,,,,,,,,,,,,,,,,,,,,,,,,,,,,,,,,,,,,,,,,,,,,,,,,,,SD,Oral (Gavage),,,,,,,,,,,,,,,,,,,,,,Female,Main,"National Institute of Health Sciences, Japan",Spleen,RDT,Research Institute for Animal Science in Biochemistry & Toxicology,Histopathological findings,1000,mg/kg bdwt/d,Administered dose(mass),30,mg/kg bdwt/d,Administered dose(mass),0,d,Time,,,,,,,,,,,,,,,,,,,,,,,,,,,,,,,,,,,,,,,,,,,,,,,,,,,,,,,,,,,,,,,28,d,Time,,,1000,,mg/kg bdwt/d,Administered dose(mass),,,1000,,mg/kg/d,Administered dose(mass),,
78-42-2,"Phosphoric acid, tris(2-ethylhexyl) ester;tris (2-ethylhexyl) phosphate;Tris(2-ethylhexyl) phosphate;tris(2-ethylhexyl)ester phosphoric acid;tris(2-ethylhexyl)ester_phosphoric_acid;tris(2-ethylhexyl)phosphate;Tris(2-ethylhexyl)phosphate (TEHP)",,,,,,,,,,,,,,,,,,,,,,,,,,,,,,,,,,,,,,,,,,,,,,,,,,,,,,,,,,,,,,,,,,,,,,,,,,,,,,,,,,,,,,,,,,,,,,,,,,,,,,,,,,,,,,,,,,,,,,,,,,,,,,,,Human Health Hazards#Repeated Dose Toxicity,Repeated Dose Toxicity HESS,1993,,NOEL,OECD TG 407,False,No qualifier,Equal,,,,,,,,,,,Rat,,,,,,,,,,,,,,,,,,,,,,,,,,,,,,,,,,,,,,Hemorrhage,,,,,,,,,,,,,,,,,,,,,,,,,,,,,,,,99.7,None,,,,,,,,,,,,,,,,,,,,,,,,,,,,,,,,,,,,,,,,,,,,,,,,,,,,,,,,,,,,,,,,SD,Oral (Gavage),,,,,,,,,,,,,,,,,,,,,,Male,Main,"National Institute of Health Sciences, Japan",Spleen,RDT,Research Institute for Animal Science in Biochemistry & Toxicology,Histopathological findings,1000,mg/kg bdwt/d,Administered dose(mass),30,mg/kg bdwt/d,Administered dose(mass),0,d,Time,,,,,,,,,,,,,,,,,,,,,,,,,,,,,,,,,,,,,,,,,,,,,,,,,,,,,,,,,,,,,,,28,d,Time,,,1000,,mg/kg bdwt/d,Administered dose(mass),,,1000,,mg/kg/d,Administered dose(mass),,
78-42-2,"Phosphoric acid, tris(2-ethylhexyl) ester;tris (2-ethylhexyl) phosphate;Tris(2-ethylhexyl) phosphate;tris(2-ethylhexyl)ester phosphoric acid;tris(2-ethylhexyl)ester_phosphoric_acid;tris(2-ethylhexyl)phosphate;Tris(2-ethylhexyl)phosphate (TEHP)",,,,,,,,,,,,,,,,,,,,,,,,,,,,,,,,,,,,,,,,,,,,,,,,,,,,,,,,,,,,,,,,,,,,,,,,,,,,,,,,,,,,,,,,,,,,,,,,,,,,,,,,,,,,,,,,,,,,,,,,,,,,,,,,Human Health Hazards#Repeated Dose Toxicity,Repeated Dose Toxicity HESS,1993,,NOEL,OECD TG 407,False,No qualifier,Equal,,,,,,,,,,,Rat,,,,,,,,,,,,,,,,,,,,,,,,,,,,,,,,,,,,,,Hyperplasia,,,,,,,,,,,,,,,,,,,,,,,,,,,,,,,,99.7,None,,,,,,,,,,,,,,,,,,,,,,,,,,,,,,,,,,,,,,,,,,,,,,,,,,,,,,,,,,,,,,,,SD,Oral (Gavage),,,,,,,,,,,,,,,,Lymph follicle,,,,,,Female,Main,"National Institute of Health Sciences, Japan",Spleen,RDT,Research Institute for Animal Science in Biochemistry & Toxicology,Histopathological findings,1000,mg/kg bdwt/d,Administered dose(mass),30,mg/kg bdwt/d,Administered dose(mass),0,d,Time,,,,,,,,,,,,,,,,,,,,,,,,,,,,,,,,,,,,,,,,,,,,,,,,,,,,,,,,,,,,,,,28,d,Time,,,1000,,mg/kg bdwt/d,Administered dose(mass),,,1000,,mg/kg/d,Administered dose(mass),,
78-42-2,"Phosphoric acid, tris(2-ethylhexyl) ester;tris (2-ethylhexyl) phosphate;Tris(2-ethylhexyl) phosphate;tris(2-ethylhexyl)ester phosphoric acid;tris(2-ethylhexyl)ester_phosphoric_acid;tris(2-ethylhexyl)phosphate;Tris(2-ethylhexyl)phosphate (TEHP)",,,,,,,,,,,,,,,,,,,,,,,,,,,,,,,,,,,,,,,,,,,,,,,,,,,,,,,,,,,,,,,,,,,,,,,,,,,,,,,,,,,,,,,,,,,,,,,,,,,,,,,,,,,,,,,,,,,,,,,,,,,,,,,,Human Health Hazards#Repeated Dose Toxicity,Repeated Dose Toxicity HESS,1993,,NOEL,OECD TG 407,False,No qualifier,Equal,,,,,,,,,,,Rat,,,,,,,,,,,,,,,,,,,,,,,,,,,,,,,,,,,,,,Hyperplasia,,,,,,,,,,,,,,,,,,,,,,,,,,,,,,,,99.7,None,,,,,,,,,,,,,,,,,,,,,,,,,,,,,,,,,,,,,,,,,,,,,,,,,,,,,,,,,,,,,,,,SD,Oral (Gavage),,,,,,,,,,,,,,,,Lymph follicle,,,,,,Male,Main,"National Institute of Health Sciences, Japan",Spleen,RDT,Research Institute for Animal Science in Biochemistry & Toxicology,Histopathological findings,1000,mg/kg bdwt/d,Administered dose(mass),30,mg/kg bdwt/d,Administered dose(mass),0,d,Time,,,,,,,,,,,,,,,,,,,,,,,,,,,,,,,,,,,,,,,,,,,,,,,,,,,,,,,,,,,,,,,28,d,Time,,,1000,,mg/kg bdwt/d,Administered dose(mass),,,1000,,mg/kg/d,Administered dose(mass),,
78-42-2,"Phosphoric acid, tris(2-ethylhexyl) ester;tris (2-ethylhexyl) phosphate;Tris(2-ethylhexyl) phosphate;tris(2-ethylhexyl)ester phosphoric acid;tris(2-ethylhexyl)ester_phosphoric_acid;tris(2-ethylhexyl)phosphate;Tris(2-ethylhexyl)phosphate (TEHP)",,,,,,,,,,,,,,,,,,,,,,,,,,,,,,,,,,,,,,,,,,,,,,,,,,,,,,,,,,,,,,,,,,,,,,,,,,,,,,,,,,,,,,,,,,,,,,,,,,,,,,,,,,,,,,,,,,,,,,,,,,,,,,,,Human Health Hazards#Repeated Dose Toxicity,Repeated Dose Toxicity HESS,1993,,NOEL,OECD TG 407,False,No qualifier,Equal,,,,,,,,,,,Rat,,,,,,,,,,,,,,,,,,,,,,,,,,,,,,,,,,,,,,Other Findings,,,,,,,,,,,,,,,,,,,,,,,,,,,,,,,,99.7,None,,,,,,,,,,,,,,,,,,,,,,,,,,,,,,,,,,,,,,,,,,,,,,,,,,,,,,,,,,,,,,,,SD,Oral (Gavage),,,,,,,,,,,,,,,,,,,,,,Female,Main,"National Institute of Health Sciences, Japan",Spleen,RDT,Research Institute for Animal Science in Biochemistry & Toxicology,Histopathological findings,1000,mg/kg bdwt/d,Administered dose(mass),30,mg/kg bdwt/d,Administered dose(mass),0,d,Time,,,,,,,,,,,,,,,,,,,,,,,,,,,,,,,,,,,,,,,,,,,,,,,,,,,,,,,,,,,,,,,28,d,Time,,,1000,,mg/kg bdwt/d,Administered dose(mass),,,1000,,mg/kg/d,Administered dose(mass),,
78-42-2,"Phosphoric acid, tris(2-ethylhexyl) ester;tris (2-ethylhexyl) phosphate;Tris(2-ethylhexyl) phosphate;tris(2-ethylhexyl)ester phosphoric acid;tris(2-ethylhexyl)ester_phosphoric_acid;tris(2-ethylhexyl)phosphate;Tris(2-ethylhexyl)phosphate (TEHP)",,,,,,,,,,,,,,,,,,,,,,,,,,,,,,,,,,,,,,,,,,,,,,,,,,,,,,,,,,,,,,,,,,,,,,,,,,,,,,,,,,,,,,,,,,,,,,,,,,,,,,,,,,,,,,,,,,,,,,,,,,,,,,,,Human Health Hazards#Repeated Dose Toxicity,Repeated Dose Toxicity HESS,1993,,NOEL,OECD TG 407,False,No qualifier,Equal,,,,,,,,,,,Rat,,,,,,,,,,,,,,,,,,,,,,,,,,,,,,,,,,,,,,Other Findings,,,,,,,,,,,,,,,,,,,,,,,,,,,,,,,,99.7,None,,,,,,,,,,,,,,,,,,,,,,,,,,,,,,,,,,,,,,,,,,,,,,,,,,,,,,,,,,,,,,,,SD,Oral (Gavage),,,,,,,,,,,,,,,,,,,,,,Female,Main,"National Institute of Health Sciences, Japan",Spleen,RDT,Research Institute for Animal Science in Biochemistry & Toxicology,Necropsy,1000,mg/kg bdwt/d,Administered dose(mass),30,mg/kg bdwt/d,Administered dose(mass),0,d,Time,,,,,,,,,,,,,,,,,,,,,,,,,,,,,,,,,,,,,,,,,,,,,,,,,,,,,,,,,,,,,,,28,d,Time,,,1000,,mg/kg bdwt/d,Administered dose(mass),,,1000,,mg/kg/d,Administered dose(mass),,
78-42-2,"Phosphoric acid, tris(2-ethylhexyl) ester;tris (2-ethylhexyl) phosphate;Tris(2-ethylhexyl) phosphate;tris(2-ethylhexyl)ester phosphoric acid;tris(2-ethylhexyl)ester_phosphoric_acid;tris(2-ethylhexyl)phosphate;Tris(2-ethylhexyl)phosphate (TEHP)",,,,,,,,,,,,,,,,,,,,,,,,,,,,,,,,,,,,,,,,,,,,,,,,,,,,,,,,,,,,,,,,,,,,,,,,,,,,,,,,,,,,,,,,,,,,,,,,,,,,,,,,,,,,,,,,,,,,,,,,,,,,,,,,Human Health Hazards#Repeated Dose Toxicity,Repeated Dose Toxicity HESS,1993,,NOEL,OECD TG 407,False,No qualifier,Equal,,,,,,,,,,,Rat,,,,,,,,,,,,,,,,,,,,,,,,,,,,,,,,,,,,,,Other Findings,,,,,,,,,,,,,,,,,,,,,,,,,,,,,,,,99.7,None,,,,,,,,,,,,,,,,,,,,,,,,,,,,,,,,,,,,,,,,,,,,,,,,,,,,,,,,,,,,,,,,SD,Oral (Gavage),,,,,,,,,,,,,,,,,,,,,,Male,Main,"National Institute of Health Sciences, Japan",Spleen,RDT,Research Institute for Animal Science in Biochemistry & Toxicology,Histopathological findings,1000,mg/kg bdwt/d,Administered dose(mass),30,mg/kg bdwt/d,Administered dose(mass),0,d,Time,,,,,,,,,,,,,,,,,,,,,,,,,,,,,,,,,,,,,,,,,,,,,,,,,,,,,,,,,,,,,,,28,d,Time,,,1000,,mg/kg bdwt/d,Administered dose(mass),,,1000,,mg/kg/d,Administered dose(mass),,
78-42-2,"Phosphoric acid, tris(2-ethylhexyl) ester;tris (2-ethylhexyl) phosphate;Tris(2-ethylhexyl) phosphate;tris(2-ethylhexyl)ester phosphoric acid;tris(2-ethylhexyl)ester_phosphoric_acid;tris(2-ethylhexyl)phosphate;Tris(2-ethylhexyl)phosphate (TEHP)",,,,,,,,,,,,,,,,,,,,,,,,,,,,,,,,,,,,,,,,,,,,,,,,,,,,,,,,,,,,,,,,,,,,,,,,,,,,,,,,,,,,,,,,,,,,,,,,,,,,,,,,,,,,,,,,,,,,,,,,,,,,,,,,Human Health Hazards#Repeated Dose Toxicity,Repeated Dose Toxicity HESS,1993,,NOEL,OECD TG 407,False,No qualifier,Equal,,,,,,,,,,,Rat,,,,,,,,,,,,,,,,,,,,,,,,,,,,,,,,,,,,,,Other Findings,,,,,,,,,,,,,,,,,,,,,,,,,,,,,,,,99.7,None,,,,,,,,,,,,,,,,,,,,,,,,,,,,,,,,,,,,,,,,,,,,,,,,,,,,,,,,,,,,,,,,SD,Oral (Gavage),,,,,,,,,,,,,,,,,,,,,,Male,Main,"National Institute of Health Sciences, Japan",Spleen,RDT,Research Institute for Animal Science in Biochemistry & Toxicology,Necropsy,1000,mg/kg bdwt/d,Administered dose(mass),30,mg/kg bdwt/d,Administered dose(mass),0,d,Time,,,,,,,,,,,,,,,,,,,,,,,,,,,,,,,,,,,,,,,,,,,,,,,,,,,,,,,,,,,,,,,28,d,Time,,,1000,,mg/kg bdwt/d,Administered dose(mass),,,1000,,mg/kg/d,Administered dose(mass),,
78-42-2,"Phosphoric acid, tris(2-ethylhexyl) ester;tris (2-ethylhexyl) phosphate;Tris(2-ethylhexyl) phosphate;tris(2-ethylhexyl)ester phosphoric acid;tris(2-ethylhexyl)ester_phosphoric_acid;tris(2-ethylhexyl)phosphate;Tris(2-ethylhexyl)phosphate (TEHP)",,,,,,,,,,,,,,,,,,,,,,,,,,,,,,,,,,,,,,,,,,,,,,,,,,,,,,,,,,,,,,,,,,,,,,,,,,,,,,,,,,,,,,,,,,,,,,,,,,,,,,,,,,,,,,,,,,,,,,,,,,,,,,,,Human Health Hazards#Repeated Dose Toxicity,Repeated Dose Toxicity HESS,1993,,NOEL,OECD TG 407,False,No qualifier,Equal,,,,,,,,,,,Rat,,,,,,,,,,,,,,,,,,,,,,,,,,,,,,,,,,,,,,Pigmentation (Hemosiderin),,,,,,,,,,,,,,,,,,,,,,,,,,,,,,,,99.7,None,,,,,,,,,,,,,,,,,,,,,,,,,,,,,,,,,,,,,,,,,,,,,,,,,,,,,,,,,,,,,,,,SD,Oral (Gavage),,,,,,,,,,,,,,,,,,,,,,Female,Main,"National Institute of Health Sciences, Japan",Spleen,RDT,Research Institute for Animal Science in Biochemistry & Toxicology,Histopathological findings,1000,mg/kg bdwt/d,Administered dose(mass),30,mg/kg bdwt/d,Administered dose(mass),0,d,Time,,,,,,,,,,,,,,,,,,,,,,,,,,,,,,,,,,,,,,,,,,,,,,,,,,,,,,,,,,,,,,,28,d,Time,,,1000,,mg/kg bdwt/d,Administered dose(mass),,,1000,,mg/kg/d,Administered dose(mass),,
78-42-2,"Phosphoric acid, tris(2-ethylhexyl) ester;tris (2-ethylhexyl) phosphate;Tris(2-ethylhexyl) phosphate;tris(2-ethylhexyl)ester phosphoric acid;tris(2-ethylhexyl)ester_phosphoric_acid;tris(2-ethylhexyl)phosphate;Tris(2-ethylhexyl)phosphate (TEHP)",,,,,,,,,,,,,,,,,,,,,,,,,,,,,,,,,,,,,,,,,,,,,,,,,,,,,,,,,,,,,,,,,,,,,,,,,,,,,,,,,,,,,,,,,,,,,,,,,,,,,,,,,,,,,,,,,,,,,,,,,,,,,,,,Human Health Hazards#Repeated Dose Toxicity,Repeated Dose Toxicity HESS,1993,,NOEL,OECD TG 407,False,No qualifier,Equal,,,,,,,,,,,Rat,,,,,,,,,,,,,,,,,,,,,,,,,,,,,,,,,,,,,,Pigmentation (Hemosiderin),,,,,,,,,,,,,,,,,,,,,,,,,,,,,,,,99.7,None,,,,,,,,,,,,,,,,,,,,,,,,,,,,,,,,,,,,,,,,,,,,,,,,,,,,,,,,,,,,,,,,SD,Oral (Gavage),,,,,,,,,,,,,,,,,,,,,,Male,Main,"National Institute of Health Sciences, Japan",Spleen,RDT,Research Institute for Animal Science in Biochemistry & Toxicology,Histopathological findings,1000,mg/kg bdwt/d,Administered dose(mass),30,mg/kg bdwt/d,Administered dose(mass),0,d,Time,,,,,,,,,,,,,,,,,,,,,,,,,,,,,,,,,,,,,,,,,,,,,,,,,,,,,,,,,,,,,,,28,d,Time,,,1000,,mg/kg bdwt/d,Administered dose(mass),,,1000,,mg/kg/d,Administered dose(mass),,
78-42-2,"Phosphoric acid, tris(2-ethylhexyl) ester;tris (2-ethylhexyl) phosphate;Tris(2-ethylhexyl) phosphate;tris(2-ethylhexyl)ester phosphoric acid;tris(2-ethylhexyl)ester_phosphoric_acid;tris(2-ethylhexyl)phosphate;Tris(2-ethylhexyl)phosphate (TEHP)",,,,,,,,,,,,,,,,,,,,,,,,,,,,,,,,,,,,,,,,,,,,,,,,,,,,,,,,,,,,,,,,,,,,,,,,,,,,,,,,,,,,,,,,,,,,,,,,,,,,,,,,,,,,,,,,,,,,,,,,,,,,,,,,Human Health Hazards#Repeated Dose Toxicity,Repeated Dose Toxicity HESS,1993,,NOEL,OECD TG 407,False,No qualifier,Equal,,,,,,,,,,,Rat,,,,,,,,,,,,,,,,,,,,,,,,,,,,,,,,,,,,,,Pigmentation (Other),,,,,,,,,,,,,,,,,,,,,,,,,,,,,,,,99.7,None,,,,,,,,,,,,,,,,,,,,,,,,,,,,,,,,,,,,,,,,,,,,,,,,,,,,,,,,,,,,,,,,SD,Oral (Gavage),,,,,,,,,,,,,,,,,,,,,,Female,Main,"National Institute of Health Sciences, Japan",Spleen,RDT,Research Institute for Animal Science in Biochemistry & Toxicology,Histopathological findings,1000,mg/kg bdwt/d,Administered dose(mass),30,mg/kg bdwt/d,Administered dose(mass),0,d,Time,,,,,,,,,,,,,,,,,,,,,,,,,,,,,,,,,,,,,,,,,,,,,,,,,,,,,,,,,,,,,,,28,d,Time,,,1000,,mg/kg bdwt/d,Administered dose(mass),,,1000,,mg/kg/d,Administered dose(mass),,
78-42-2,"Phosphoric acid, tris(2-ethylhexyl) ester;tris (2-ethylhexyl) phosphate;Tris(2-ethylhexyl) phosphate;tris(2-ethylhexyl)ester phosphoric acid;tris(2-ethylhexyl)ester_phosphoric_acid;tris(2-ethylhexyl)phosphate;Tris(2-ethylhexyl)phosphate (TEHP)",,,,,,,,,,,,,,,,,,,,,,,,,,,,,,,,,,,,,,,,,,,,,,,,,,,,,,,,,,,,,,,,,,,,,,,,,,,,,,,,,,,,,,,,,,,,,,,,,,,,,,,,,,,,,,,,,,,,,,,,,,,,,,,,Human Health Hazards#Repeated Dose Toxicity,Repeated Dose Toxicity HESS,1993,,NOEL,OECD TG 407,False,No qualifier,Equal,,,,,,,,,,,Rat,,,,,,,,,,,,,,,,,,,,,,,,,,,,,,,,,,,,,,Pigmentation (Other),,,,,,,,,,,,,,,,,,,,,,,,,,,,,,,,99.7,None,,,,,,,,,,,,,,,,,,,,,,,,,,,,,,,,,,,,,,,,,,,,,,,,,,,,,,,,,,,,,,,,SD,Oral (Gavage),,,,,,,,,,,,,,,,,,,,,,Male,Main,"National Institute of Health Sciences, Japan",Spleen,RDT,Research Institute for Animal Science in Biochemistry & Toxicology,Histopathological findings,1000,mg/kg bdwt/d,Administered dose(mass),30,mg/kg bdwt/d,Administered dose(mass),0,d,Time,,,,,,,,,,,,,,,,,,,,,,,,,,,,,,,,,,,,,,,,,,,,,,,,,,,,,,,,,,,,,,,28,d,Time,,,1000,,mg/kg bdwt/d,Administered dose(mass),,,1000,,mg/kg/d,Administered dose(mass),,
78-42-2,"Phosphoric acid, tris(2-ethylhexyl) ester;tris (2-ethylhexyl) phosphate;Tris(2-ethylhexyl) phosphate;tris(2-ethylhexyl)ester phosphoric acid;tris(2-ethylhexyl)ester_phosphoric_acid;tris(2-ethylhexyl)phosphate;Tris(2-ethylhexyl)phosphate (TEHP)",,,,,,,,,,,,,,,,,,,,,,,,,,,,,,,,,,,,,,,,,,,,,,,,,,,,,,,,,,,,,,,,,,,,,,,,,,,,,,,,,,,,,,,,,,,,,,,,,,,,,,,,,,,,,,,,,,,,,,,,,,,,,,,,Human Health Hazards#Repeated Dose Toxicity,Repeated Dose Toxicity HESS,1993,,NOEL,OECD TG 407,False,No qualifier,Equal,,,,,,,,,,,Rat,,,,,,,,,,,,,,,,,,,,,,,,,,,,,,,,,,,,,,Hyperplasia/Thickneing Epithelium,,,,,,,,,,,,,,,,,,,,,,,,,,,,,,,,99.7,None,,,,,,,,,,,,,,,,,,,,,,,,,,,,,,,,,,,,,,,,,,,,,,,,,,,,,,,,,,,,,,,,SD,Oral (Gavage),,,,,,,,,,,,,,,,,,,,,,Female,Main,"National Institute of Health Sciences, Japan",Stomach (Forestomach/Limiting ridge),RDT,Research Institute for Animal Science in Biochemistry & Toxicology,Necropsy,1000,mg/kg bdwt/d,Administered dose(mass),30,mg/kg bdwt/d,Administered dose(mass),0,d,Time,,,,,,,,,,,,,,,,,,,,,,,,,,,,,,,,,,,,,,,,,,,,,,,,,,,,,,,,,,,,,,,28,d,Time,,,1000,,mg/kg bdwt/d,Administered dose(mass),,,1000,,mg/kg/d,Administered dose(mass),,
78-42-2,"Phosphoric acid, tris(2-ethylhexyl) ester;tris (2-ethylhexyl) phosphate;Tris(2-ethylhexyl) phosphate;tris(2-ethylhexyl)ester phosphoric acid;tris(2-ethylhexyl)ester_phosphoric_acid;tris(2-ethylhexyl)phosphate;Tris(2-ethylhexyl)phosphate (TEHP)",,,,,,,,,,,,,,,,,,,,,,,,,,,,,,,,,,,,,,,,,,,,,,,,,,,,,,,,,,,,,,,,,,,,,,,,,,,,,,,,,,,,,,,,,,,,,,,,,,,,,,,,,,,,,,,,,,,,,,,,,,,,,,,,Human Health Hazards#Repeated Dose Toxicity,Repeated Dose Toxicity HESS,1993,,NOEL,OECD TG 407,False,No qualifier,Equal,,,,,,,,,,,Rat,,,,,,,,,,,,,,,,,,,,,,,,,,,,,,,,,,,,,,Hyperplasia/Thickneing Epithelium,,,,,,,,,,,,,,,,,,,,,,,,,,,,,,,,99.7,None,,,,,,,,,,,,,,,,,,,,,,,,,,,,,,,,,,,,,,,,,,,,,,,,,,,,,,,,,,,,,,,,SD,Oral (Gavage),,,,,,,,,,,,,,,,,,,,,,Male,Main,"National Institute of Health Sciences, Japan",Stomach (Forestomach/Limiting ridge),RDT,Research Institute for Animal Science in Biochemistry & Toxicology,Necropsy,1000,mg/kg bdwt/d,Administered dose(mass),30,mg/kg bdwt/d,Administered dose(mass),0,d,Time,,,,,,,,,,,,,,,,,,,,,,,,,,,,,,,,,,,,,,,,,,,,,,,,,,,,,,,,,,,,,,,28,d,Time,,,1000,,mg/kg bdwt/d,Administered dose(mass),,,1000,,mg/kg/d,Administered dose(mass),,
78-42-2,"Phosphoric acid, tris(2-ethylhexyl) ester;tris (2-ethylhexyl) phosphate;Tris(2-ethylhexyl) phosphate;tris(2-ethylhexyl)ester phosphoric acid;tris(2-ethylhexyl)ester_phosphoric_acid;tris(2-ethylhexyl)phosphate;Tris(2-ethylhexyl)phosphate (TEHP)",,,,,,,,,,,,,,,,,,,,,,,,,,,,,,,,,,,,,,,,,,,,,,,,,,,,,,,,,,,,,,,,,,,,,,,,,,,,,,,,,,,,,,,,,,,,,,,,,,,,,,,,,,,,,,,,,,,,,,,,,,,,,,,,Human Health Hazards#Repeated Dose Toxicity,Repeated Dose Toxicity HESS,1993,,NOEL,OECD TG 407,False,No qualifier,Equal,,,,,,,,,,,Rat,,,,,,,,,,,,,,,,,,,,,,,,,,,,,,,,,,,,,,Other Findings,,,,,,,,,,,,,,,,,,,,,,,,,,,,,,,,99.7,None,,,,,,,,,,,,,,,,,,,,,,,,,,,,,,,,,,,,,,,,,,,,,,,,,,,,,,,,,,,,,,,,SD,Oral (Gavage),,,,,,,,,,,,,,,,,,,,,,Female,Main,"National Institute of Health Sciences, Japan",Stomach (Forestomach/Limiting ridge),RDT,Research Institute for Animal Science in Biochemistry & Toxicology,Necropsy,1000,mg/kg bdwt/d,Administered dose(mass),30,mg/kg bdwt/d,Administered dose(mass),0,d,Time,,,,,,,,,,,,,,,,,,,,,,,,,,,,,,,,,,,,,,,,,,,,,,,,,,,,,,,,,,,,,,,28,d,Time,,,1000,,mg/kg bdwt/d,Administered dose(mass),,,1000,,mg/kg/d,Administered dose(mass),,
78-42-2,"Phosphoric acid, tris(2-ethylhexyl) ester;tris (2-ethylhexyl) phosphate;Tris(2-ethylhexyl) phosphate;tris(2-ethylhexyl)ester phosphoric acid;tris(2-ethylhexyl)ester_phosphoric_acid;tris(2-ethylhexyl)phosphate;Tris(2-ethylhexyl)phosphate (TEHP)",,,,,,,,,,,,,,,,,,,,,,,,,,,,,,,,,,,,,,,,,,,,,,,,,,,,,,,,,,,,,,,,,,,,,,,,,,,,,,,,,,,,,,,,,,,,,,,,,,,,,,,,,,,,,,,,,,,,,,,,,,,,,,,,Human Health Hazards#Repeated Dose Toxicity,Repeated Dose Toxicity HESS,1993,,NOEL,OECD TG 407,False,No qualifier,Equal,,,,,,,,,,,Rat,,,,,,,,,,,,,,,,,,,,,,,,,,,,,,,,,,,,,,Other Findings,,,,,,,,,,,,,,,,,,,,,,,,,,,,,,,,99.7,None,,,,,,,,,,,,,,,,,,,,,,,,,,,,,,,,,,,,,,,,,,,,,,,,,,,,,,,,,,,,,,,,SD,Oral (Gavage),,,,,,,,,,,,,,,,,,,,,,Male,Main,"National Institute of Health Sciences, Japan",Stomach (Forestomach/Limiting ridge),RDT,Research Institute for Animal Science in Biochemistry & Toxicology,Necropsy,1000,mg/kg bdwt/d,Administered dose(mass),30,mg/kg bdwt/d,Administered dose(mass),0,d,Time,,,,,,,,,,,,,,,,,,,,,,,,,,,,,,,,,,,,,,,,,,,,,,,,,,,,,,,,,,,,,,,28,d,Time,,,1000,,mg/kg bdwt/d,Administered dose(mass),,,1000,,mg/kg/d,Administered dose(mass),,
78-42-2,"Phosphoric acid, tris(2-ethylhexyl) ester;tris (2-ethylhexyl) phosphate;Tris(2-ethylhexyl) phosphate;tris(2-ethylhexyl)ester phosphoric acid;tris(2-ethylhexyl)ester_phosphoric_acid;tris(2-ethylhexyl)phosphate;Tris(2-ethylhexyl)phosphate (TEHP)",,,,,,,,,,,,,,,,,,,,,,,,,,,,,,,,,,,,,,,,,,,,,,,,,,,,,,,,,,,,,,,,,,,,,,,,,,,,,,,,,,,,,,,,,,,,,,,,,,,,,,,,,,,,,,,,,,,,,,,,,,,,,,,,Human Health Hazards#Repeated Dose Toxicity,Repeated Dose Toxicity HESS,1993,,NOEL,OECD TG 407,False,No qualifier,Equal,,,,,,,,,,,Rat,,,,,,,,,,,,,,,,,,,,,,,,,,,,,,,,,,,,,,Hyperplasia/Thickneing Epithelium,,,,,,,,,,,,,,,,,,,,,,,,,,,,,,,,99.7,None,,,,,,,,,,,,,,,,,,,,,,,,,,,,,,,,,,,,,,,,,,,,,,,,,,,,,,,,,,,,,,,,SD,Oral (Gavage),,,,,,,,,,,,,,,,,,,,,,Female,Main,"National Institute of Health Sciences, Japan",Stomach (Glandular stomach),RDT,Research Institute for Animal Science in Biochemistry & Toxicology,Necropsy,1000,mg/kg bdwt/d,Administered dose(mass),30,mg/kg bdwt/d,Administered dose(mass),0,d,Time,,,,,,,,,,,,,,,,,,,,,,,,,,,,,,,,,,,,,,,,,,,,,,,,,,,,,,,,,,,,,,,28,d,Time,,,1000,,mg/kg bdwt/d,Administered dose(mass),,,1000,,mg/kg/d,Administered dose(mass),,
78-42-2,"Phosphoric acid, tris(2-ethylhexyl) ester;tris (2-ethylhexyl) phosphate;Tris(2-ethylhexyl) phosphate;tris(2-ethylhexyl)ester phosphoric acid;tris(2-ethylhexyl)ester_phosphoric_acid;tris(2-ethylhexyl)phosphate;Tris(2-ethylhexyl)phosphate (TEHP)",,,,,,,,,,,,,,,,,,,,,,,,,,,,,,,,,,,,,,,,,,,,,,,,,,,,,,,,,,,,,,,,,,,,,,,,,,,,,,,,,,,,,,,,,,,,,,,,,,,,,,,,,,,,,,,,,,,,,,,,,,,,,,,,Human Health Hazards#Repeated Dose Toxicity,Repeated Dose Toxicity HESS,1993,,NOEL,OECD TG 407,False,No qualifier,Equal,,,,,,,,,,,Rat,,,,,,,,,,,,,,,,,,,,,,,,,,,,,,,,,,,,,,Hyperplasia/Thickneing Epithelium,,,,,,,,,,,,,,,,,,,,,,,,,,,,,,,,99.7,None,,,,,,,,,,,,,,,,,,,,,,,,,,,,,,,,,,,,,,,,,,,,,,,,,,,,,,,,,,,,,,,,SD,Oral (Gavage),,,,,,,,,,,,,,,,,,,,,,Male,Main,"National Institute of Health Sciences, Japan",Stomach (Glandular stomach),RDT,Research Institute for Animal Science in Biochemistry & Toxicology,Necropsy,1000,mg/kg bdwt/d,Administered dose(mass),30,mg/kg bdwt/d,Administered dose(mass),0,d,Time,,,,,,,,,,,,,,,,,,,,,,,,,,,,,,,,,,,,,,,,,,,,,,,,,,,,,,,,,,,,,,,28,d,Time,,,1000,,mg/kg bdwt/d,Administered dose(mass),,,1000,,mg/kg/d,Administered dose(mass),,
78-42-2,"Phosphoric acid, tris(2-ethylhexyl) ester;tris (2-ethylhexyl) phosphate;Tris(2-ethylhexyl) phosphate;tris(2-ethylhexyl)ester phosphoric acid;tris(2-ethylhexyl)ester_phosphoric_acid;tris(2-ethylhexyl)phosphate;Tris(2-ethylhexyl)phosphate (TEHP)",,,,,,,,,,,,,,,,,,,,,,,,,,,,,,,,,,,,,,,,,,,,,,,,,,,,,,,,,,,,,,,,,,,,,,,,,,,,,,,,,,,,,,,,,,,,,,,,,,,,,,,,,,,,,,,,,,,,,,,,,,,,,,,,Human Health Hazards#Repeated Dose Toxicity,Repeated Dose Toxicity HESS,1993,,NOEL,OECD TG 407,False,No qualifier,Equal,,,,,,,,,,,Rat,,,,,,,,,,,,,,,,,,,,,,,,,,,,,,,,,,,,,,Other Findings,,,,,,,,,,,,,,,,,,,,,,,,,,,,,,,,99.7,None,,,,,,,,,,,,,,,,,,,,,,,,,,,,,,,,,,,,,,,,,,,,,,,,,,,,,,,,,,,,,,,,SD,Oral (Gavage),,,,,,,,,,,,,,,,,,,,,,Female,Main,"National Institute of Health Sciences, Japan",Stomach (Glandular stomach),RDT,Research Institute for Animal Science in Biochemistry & Toxicology,Necropsy,1000,mg/kg bdwt/d,Administered dose(mass),30,mg/kg bdwt/d,Administered dose(mass),0,d,Time,,,,,,,,,,,,,,,,,,,,,,,,,,,,,,,,,,,,,,,,,,,,,,,,,,,,,,,,,,,,,,,28,d,Time,,,1000,,mg/kg bdwt/d,Administered dose(mass),,,1000,,mg/kg/d,Administered dose(mass),,
78-42-2,"Phosphoric acid, tris(2-ethylhexyl) ester;tris (2-ethylhexyl) phosphate;Tris(2-ethylhexyl) phosphate;tris(2-ethylhexyl)ester phosphoric acid;tris(2-ethylhexyl)ester_phosphoric_acid;tris(2-ethylhexyl)phosphate;Tris(2-ethylhexyl)phosphate (TEHP)",,,,,,,,,,,,,,,,,,,,,,,,,,,,,,,,,,,,,,,,,,,,,,,,,,,,,,,,,,,,,,,,,,,,,,,,,,,,,,,,,,,,,,,,,,,,,,,,,,,,,,,,,,,,,,,,,,,,,,,,,,,,,,,,Human Health Hazards#Repeated Dose Toxicity,Repeated Dose Toxicity HESS,1993,,NOEL,OECD TG 407,False,No qualifier,Equal,,,,,,,,,,,Rat,,,,,,,,,,,,,,,,,,,,,,,,,,,,,,,,,,,,,,Other Findings,,,,,,,,,,,,,,,,,,,,,,,,,,,,,,,,99.7,None,,,,,,,,,,,,,,,,,,,,,,,,,,,,,,,,,,,,,,,,,,,,,,,,,,,,,,,,,,,,,,,,SD,Oral (Gavage),,,,,,,,,,,,,,,,,,,,,,Male,Main,"National Institute of Health Sciences, Japan",Stomach (Glandular stomach),RDT,Research Institute for Animal Science in Biochemistry & Toxicology,Necropsy,1000,mg/kg bdwt/d,Administered dose(mass),30,mg/kg bdwt/d,Administered dose(mass),0,d,Time,,,,,,,,,,,,,,,,,,,,,,,,,,,,,,,,,,,,,,,,,,,,,,,,,,,,,,,,,,,,,,,28,d,Time,,,1000,,mg/kg bdwt/d,Administered dose(mass),,,1000,,mg/kg/d,Administered dose(mass),,
78-42-2,"Phosphoric acid, tris(2-ethylhexyl) ester;tris (2-ethylhexyl) phosphate;Tris(2-ethylhexyl) phosphate;tris(2-ethylhexyl)ester phosphoric acid;tris(2-ethylhexyl)ester_phosphoric_acid;tris(2-ethylhexyl)phosphate;Tris(2-ethylhexyl)phosphate (TEHP)",,,,,,,,,,,,,,,,,,,,,,,,,,,,,,,,,,,,,,,,,,,,,,,,,,,,,,,,,,,,,,,,,,,,,,,,,,,,,,,,,,,,,,,,,,,,,,,,,,,,,,,,,,,,,,,,,,,,,,,,,,,,,,,,Human Health Hazards#Repeated Dose Toxicity,Repeated Dose Toxicity HESS,1993,,NOEL,OECD TG 407,False,No qualifier,Equal,,,,,,,,,,,Rat,,,,,,,,,,,,,,,,,,,,,,,,,,,,,,,,,,,,,,Absolute Organ Weight↑,,,,,,,,,,,,,,,,,,,,,,,,,,,,,,,,99.7,None,,,,,,,,,,,,,,,,,,,,,,,,,,,,,,,,,,,,,,,,,,,,,,,,,,,,,,,,,,,,,,,,SD,Oral (Gavage),,,,,,,,,,,,,,,,,,,,,,Male,Main,"National Institute of Health Sciences, Japan",Testis,RDT,Research Institute for Animal Science in Biochemistry & Toxicology,Organ weights,1000,mg/kg bdwt/d,Administered dose(mass),30,mg/kg bdwt/d,Administered dose(mass),0,d,Time,,,,,,,,,,,,,,,,,,,,,,,,,,,,,,,,,,,,,,,,,,,,,,,,,,,,,,,,,,,,,,,28,d,Time,,,1000,,mg/kg bdwt/d,Administered dose(mass),,,1000,,mg/kg/d,Administered dose(mass),,
78-42-2,"Phosphoric acid, tris(2-ethylhexyl) ester;tris (2-ethylhexyl) phosphate;Tris(2-ethylhexyl) phosphate;tris(2-ethylhexyl)ester phosphoric acid;tris(2-ethylhexyl)ester_phosphoric_acid;tris(2-ethylhexyl)phosphate;Tris(2-ethylhexyl)phosphate (TEHP)",,,,,,,,,,,,,,,,,,,,,,,,,,,,,,,,,,,,,,,,,,,,,,,,,,,,,,,,,,,,,,,,,,,,,,,,,,,,,,,,,,,,,,,,,,,,,,,,,,,,,,,,,,,,,,,,,,,,,,,,,,,,,,,,Human Health Hazards#Repeated Dose Toxicity,Repeated Dose Toxicity HESS,1993,,NOEL,OECD TG 407,False,No qualifier,Equal,,,,,,,,,,,Rat,,,,,,,,,,,,,,,,,,,,,,,,,,,,,,,,,,,,,,Absolute Organ Weight↓,,,,,,,,,,,,,,,,,,,,,,,,,,,,,,,,99.7,None,,,,,,,,,,,,,,,,,,,,,,,,,,,,,,,,,,,,,,,,,,,,,,,,,,,,,,,,,,,,,,,,SD,Oral (Gavage),,,,,,,,,,,,,,,,,,,,,,Male,Main,"National Institute of Health Sciences, Japan",Testis,RDT,Research Institute for Animal Science in Biochemistry & Toxicology,Organ weights,1000,mg/kg bdwt/d,Administered dose(mass),30,mg/kg bdwt/d,Administered dose(mass),0,d,Time,,,,,,,,,,,,,,,,,,,,,,,,,,,,,,,,,,,,,,,,,,,,,,,,,,,,,,,,,,,,,,,28,d,Time,,,1000,,mg/kg bdwt/d,Administered dose(mass),,,1000,,mg/kg/d,Administered dose(mass),,
78-42-2,"Phosphoric acid, tris(2-ethylhexyl) ester;tris (2-ethylhexyl) phosphate;Tris(2-ethylhexyl) phosphate;tris(2-ethylhexyl)ester phosphoric acid;tris(2-ethylhexyl)ester_phosphoric_acid;tris(2-ethylhexyl)phosphate;Tris(2-ethylhexyl)phosphate (TEHP)",,,,,,,,,,,,,,,,,,,,,,,,,,,,,,,,,,,,,,,,,,,,,,,,,,,,,,,,,,,,,,,,,,,,,,,,,,,,,,,,,,,,,,,,,,,,,,,,,,,,,,,,,,,,,,,,,,,,,,,,,,,,,,,,Human Health Hazards#Repeated Dose Toxicity,Repeated Dose Toxicity HESS,1993,,NOEL,OECD TG 407,False,No qualifier,Equal,,,,,,,,,,,Rat,,,,,,,,,,,,,,,,,,,,,,,,,,,,,,,,,,,,,,Atrophy (Necropsy),,,,,,,,,,,,,,,,,,,,,,,,,,,,,,,,99.7,None,,,,,,,,,,,,,,,,,,,,,,,,,,,,,,,,,,,,,,,,,,,,,,,,,,,,,,,,,,,,,,,,SD,Oral (Gavage),,,,,,,,,,,,,,,,,,,,,,Male,Main,"National Institute of Health Sciences, Japan",Testis,RDT,Research Institute for Animal Science in Biochemistry & Toxicology,Necropsy,1000,mg/kg bdwt/d,Administered dose(mass),30,mg/kg bdwt/d,Administered dose(mass),0,d,Time,,,,,,,,,,,,,,,,,,,,,,,,,,,,,,,,,,,,,,,,,,,,,,,,,,,,,,,,,,,,,,,28,d,Time,,,1000,,mg/kg bdwt/d,Administered dose(mass),,,1000,,mg/kg/d,Administered dose(mass),,
78-42-2,"Phosphoric acid, tris(2-ethylhexyl) ester;tris (2-ethylhexyl) phosphate;Tris(2-ethylhexyl) phosphate;tris(2-ethylhexyl)ester phosphoric acid;tris(2-ethylhexyl)ester_phosphoric_acid;tris(2-ethylhexyl)phosphate;Tris(2-ethylhexyl)phosphate (TEHP)",,,,,,,,,,,,,,,,,,,,,,,,,,,,,,,,,,,,,,,,,,,,,,,,,,,,,,,,,,,,,,,,,,,,,,,,,,,,,,,,,,,,,,,,,,,,,,,,,,,,,,,,,,,,,,,,,,,,,,,,,,,,,,,,Human Health Hazards#Repeated Dose Toxicity,Repeated Dose Toxicity HESS,1993,,NOEL,OECD TG 407,False,No qualifier,Equal,,,,,,,,,,,Rat,,,,,,,,,,,,,,,,,,,,,,,,,,,,,,,,,,,,,,Other Findings,,,,,,,,,,,,,,,,,,,,,,,,,,,,,,,,99.7,None,,,,,,,,,,,,,,,,,,,,,,,,,,,,,,,,,,,,,,,,,,,,,,,,,,,,,,,,,,,,,,,,SD,Oral (Gavage),,,,,,,,,,,,,,,,,,,,,,Male,Main,"National Institute of Health Sciences, Japan",Testis,RDT,Research Institute for Animal Science in Biochemistry & Toxicology,Necropsy,1000,mg/kg bdwt/d,Administered dose(mass),30,mg/kg bdwt/d,Administered dose(mass),0,d,Time,,,,,,,,,,,,,,,,,,,,,,,,,,,,,,,,,,,,,,,,,,,,,,,,,,,,,,,,,,,,,,,28,d,Time,,,1000,,mg/kg bdwt/d,Administered dose(mass),,,1000,,mg/kg/d,Administered dose(mass),,
78-42-2,"Phosphoric acid, tris(2-ethylhexyl) ester;tris (2-ethylhexyl) phosphate;Tris(2-ethylhexyl) phosphate;tris(2-ethylhexyl)ester phosphoric acid;tris(2-ethylhexyl)ester_phosphoric_acid;tris(2-ethylhexyl)phosphate;Tris(2-ethylhexyl)phosphate (TEHP)",,,,,,,,,,,,,,,,,,,,,,,,,,,,,,,,,,,,,,,,,,,,,,,,,,,,,,,,,,,,,,,,,,,,,,,,,,,,,,,,,,,,,,,,,,,,,,,,,,,,,,,,,,,,,,,,,,,,,,,,,,,,,,,,Human Health Hazards#Repeated Dose Toxicity,Repeated Dose Toxicity HESS,1993,,NOEL,OECD TG 407,False,No qualifier,Equal,,,,,,,,,,,Rat,,,,,,,,,,,,,,,,,,,,,,,,,,,,,,,,,,,,,,Relative Organ Weight↑,,,,,,,,,,,,,,,,,,,,,,,,,,,,,,,,99.7,None,,,,,,,,,,,,,,,,,,,,,,,,,,,,,,,,,,,,,,,,,,,,,,,,,,,,,,,,,,,,,,,,SD,Oral (Gavage),,,,,,,,,,,,,,,,,,,,,,Male,Main,"National Institute of Health Sciences, Japan",Testis,RDT,Research Institute for Animal Science in Biochemistry & Toxicology,Organ weights,1000,mg/kg bdwt/d,Administered dose(mass),30,mg/kg bdwt/d,Administered dose(mass),0,d,Time,,,,,,,,,,,,,,,,,,,,,,,,,,,,,,,,,,,,,,,,,,,,,,,,,,,,,,,,,,,,,,,28,d,Time,,,1000,,mg/kg bdwt/d,Administered dose(mass),,,1000,,mg/kg/d,Administered dose(mass),,
78-42-2,"Phosphoric acid, tris(2-ethylhexyl) ester;tris (2-ethylhexyl) phosphate;Tris(2-ethylhexyl) phosphate;tris(2-ethylhexyl)ester phosphoric acid;tris(2-ethylhexyl)ester_phosphoric_acid;tris(2-ethylhexyl)phosphate;Tris(2-ethylhexyl)phosphate (TEHP)",,,,,,,,,,,,,,,,,,,,,,,,,,,,,,,,,,,,,,,,,,,,,,,,,,,,,,,,,,,,,,,,,,,,,,,,,,,,,,,,,,,,,,,,,,,,,,,,,,,,,,,,,,,,,,,,,,,,,,,,,,,,,,,,Human Health Hazards#Repeated Dose Toxicity,Repeated Dose Toxicity HESS,1993,,NOEL,OECD TG 407,False,No qualifier,Equal,,,,,,,,,,,Rat,,,,,,,,,,,,,,,,,,,,,,,,,,,,,,,,,,,,,,Relative Organ Weight↓,,,,,,,,,,,,,,,,,,,,,,,,,,,,,,,,99.7,None,,,,,,,,,,,,,,,,,,,,,,,,,,,,,,,,,,,,,,,,,,,,,,,,,,,,,,,,,,,,,,,,SD,Oral (Gavage),,,,,,,,,,,,,,,,,,,,,,Male,Main,"National Institute of Health Sciences, Japan",Testis,RDT,Research Institute for Animal Science in Biochemistry & Toxicology,Organ weights,1000,mg/kg bdwt/d,Administered dose(mass),30,mg/kg bdwt/d,Administered dose(mass),0,d,Time,,,,,,,,,,,,,,,,,,,,,,,,,,,,,,,,,,,,,,,,,,,,,,,,,,,,,,,,,,,,,,,28,d,Time,,,1000,,mg/kg bdwt/d,Administered dose(mass),,,1000,,mg/kg/d,Administered dose(mass),,
78-42-2,"Phosphoric acid, tris(2-ethylhexyl) ester;tris (2-ethylhexyl) phosphate;Tris(2-ethylhexyl) phosphate;tris(2-ethylhexyl)ester phosphoric acid;tris(2-ethylhexyl)ester_phosphoric_acid;tris(2-ethylhexyl)phosphate;Tris(2-ethylhexyl)phosphate (TEHP)",,,,,,,,,,,,,,,,,,,,,,,,,,,,,,,,,,,,,,,,,,,,,,,,,,,,,,,,,,,,,,,,,,,,,,,,,,,,,,,,,,,,,,,,,,,,,,,,,,,,,,,,,,,,,,,,,,,,,,,,,,,,,,,,Human Health Hazards#Repeated Dose Toxicity,Repeated Dose Toxicity HESS,1993,,NOEL,OECD TG 407,False,No qualifier,Equal,,,,,,,,,,,Rat,,,,,,,,,,,,,,,,,,,,,,,,,,,,,,,,,,,,,,Atrophy (Necropsy),,,,,,,,,,,,,,,,,,,,,,,,,,,,,,,,99.7,None,,,,,,,,,,,,,,,,,,,,,,,,,,,,,,,,,,,,,,,,,,,,,,,,,,,,,,,,,,,,,,,,SD,Oral (Gavage),,,,,,,,,,,,,,,,,,,,,,Female,Main,"National Institute of Health Sciences, Japan",Thymus,RDT,Research Institute for Animal Science in Biochemistry & Toxicology,Necropsy,1000,mg/kg bdwt/d,Administered dose(mass),30,mg/kg bdwt/d,Administered dose(mass),0,d,Time,,,,,,,,,,,,,,,,,,,,,,,,,,,,,,,,,,,,,,,,,,,,,,,,,,,,,,,,,,,,,,,28,d,Time,,,1000,,mg/kg bdwt/d,Administered dose(mass),,,1000,,mg/kg/d,Administered dose(mass),,
78-42-2,"Phosphoric acid, tris(2-ethylhexyl) ester;tris (2-ethylhexyl) phosphate;Tris(2-ethylhexyl) phosphate;tris(2-ethylhexyl)ester phosphoric acid;tris(2-ethylhexyl)ester_phosphoric_acid;tris(2-ethylhexyl)phosphate;Tris(2-ethylhexyl)phosphate (TEHP)",,,,,,,,,,,,,,,,,,,,,,,,,,,,,,,,,,,,,,,,,,,,,,,,,,,,,,,,,,,,,,,,,,,,,,,,,,,,,,,,,,,,,,,,,,,,,,,,,,,,,,,,,,,,,,,,,,,,,,,,,,,,,,,,Human Health Hazards#Repeated Dose Toxicity,Repeated Dose Toxicity HESS,1993,,NOEL,OECD TG 407,False,No qualifier,Equal,,,,,,,,,,,Rat,,,,,,,,,,,,,,,,,,,,,,,,,,,,,,,,,,,,,,Atrophy (Necropsy),,,,,,,,,,,,,,,,,,,,,,,,,,,,,,,,99.7,None,,,,,,,,,,,,,,,,,,,,,,,,,,,,,,,,,,,,,,,,,,,,,,,,,,,,,,,,,,,,,,,,SD,Oral (Gavage),,,,,,,,,,,,,,,,,,,,,,Male,Main,"National Institute of Health Sciences, Japan",Thymus,RDT,Research Institute for Animal Science in Biochemistry & Toxicology,Necropsy,1000,mg/kg bdwt/d,Administered dose(mass),30,mg/kg bdwt/d,Administered dose(mass),0,d,Time,,,,,,,,,,,,,,,,,,,,,,,,,,,,,,,,,,,,,,,,,,,,,,,,,,,,,,,,,,,,,,,28,d,Time,,,1000,,mg/kg bdwt/d,Administered dose(mass),,,1000,,mg/kg/d,Administered dose(mass),,
78-42-2,"Phosphoric acid, tris(2-ethylhexyl) ester;tris (2-ethylhexyl) phosphate;Tris(2-ethylhexyl) phosphate;tris(2-ethylhexyl)ester phosphoric acid;tris(2-ethylhexyl)ester_phosphoric_acid;tris(2-ethylhexyl)phosphate;Tris(2-ethylhexyl)phosphate (TEHP)",,,,,,,,,,,,,,,,,,,,,,,,,,,,,,,,,,,,,,,,,,,,,,,,,,,,,,,,,,,,,,,,,,,,,,,,,,,,,,,,,,,,,,,,,,,,,,,,,,,,,,,,,,,,,,,,,,,,,,,,,,,,,,,,Human Health Hazards#Repeated Dose Toxicity,Repeated Dose Toxicity HESS,1993,,NOEL,OECD TG 407,False,No qualifier,Equal,,,,,,,,,,,Rat,,,,,,,,,,,,,,,,,,,,,,,,,,,,,,,,,,,,,,Other Findings,,,,,,,,,,,,,,,,,,,,,,,,,,,,,,,,99.7,None,,,,,,,,,,,,,,,,,,,,,,,,,,,,,,,,,,,,,,,,,,,,,,,,,,,,,,,,,,,,,,,,SD,Oral (Gavage),,,,,,,,,,,,,,,,,,,,,,Female,Main,"National Institute of Health Sciences, Japan",Thymus,RDT,Research Institute for Animal Science in Biochemistry & Toxicology,Necropsy,1000,mg/kg bdwt/d,Administered dose(mass),30,mg/kg bdwt/d,Administered dose(mass),0,d,Time,,,,,,,,,,,,,,,,,,,,,,,,,,,,,,,,,,,,,,,,,,,,,,,,,,,,,,,,,,,,,,,28,d,Time,,,1000,,mg/kg bdwt/d,Administered dose(mass),,,1000,,mg/kg/d,Administered dose(mass),,
78-42-2,"Phosphoric acid, tris(2-ethylhexyl) ester;tris (2-ethylhexyl) phosphate;Tris(2-ethylhexyl) phosphate;tris(2-ethylhexyl)ester phosphoric acid;tris(2-ethylhexyl)ester_phosphoric_acid;tris(2-ethylhexyl)phosphate;Tris(2-ethylhexyl)phosphate (TEHP)",,,,,,,,,,,,,,,,,,,,,,,,,,,,,,,,,,,,,,,,,,,,,,,,,,,,,,,,,,,,,,,,,,,,,,,,,,,,,,,,,,,,,,,,,,,,,,,,,,,,,,,,,,,,,,,,,,,,,,,,,,,,,,,,Human Health Hazards#Repeated Dose Toxicity,Repeated Dose Toxicity HESS,1993,,NOEL,OECD TG 407,False,No qualifier,Equal,,,,,,,,,,,Rat,,,,,,,,,,,,,,,,,,,,,,,,,,,,,,,,,,,,,,Other Findings,,,,,,,,,,,,,,,,,,,,,,,,,,,,,,,,99.7,None,,,,,,,,,,,,,,,,,,,,,,,,,,,,,,,,,,,,,,,,,,,,,,,,,,,,,,,,,,,,,,,,SD,Oral (Gavage),,,,,,,,,,,,,,,,,,,,,,Male,Main,"National Institute of Health Sciences, Japan",Thymus,RDT,Research Institute for Animal Science in Biochemistry & Toxicology,Necropsy,1000,mg/kg bdwt/d,Administered dose(mass),30,mg/kg bdwt/d,Administered dose(mass),0,d,Time,,,,,,,,,,,,,,,,,,,,,,,,,,,,,,,,,,,,,,,,,,,,,,,,,,,,,,,,,,,,,,,28,d,Time,,,1000,,mg/kg bdwt/d,Administered dose(mass),,,1000,,mg/kg/d,Administered dose(mass),,
78-42-2,"Phosphoric acid, tris(2-ethylhexyl) ester;tris (2-ethylhexyl) phosphate;Tris(2-ethylhexyl) phosphate;tris(2-ethylhexyl)ester phosphoric acid;tris(2-ethylhexyl)ester_phosphoric_acid;tris(2-ethylhexyl)phosphate;Tris(2-ethylhexyl)phosphate (TEHP)",,,,,,,,,,,,,,,,,,,,,,,,,,,,,,,,,,,,,,,,,,,,,,,,,,,,,,,,,,,,,,,,,,,,,,,,,,,,,,,,,,,,,,,,,,,,,,,,,,,,,,,,,,,,,,,,,,,,,,,,,,,,,,,,Human Health Hazards#Repeated Dose Toxicity,Repeated Dose Toxicity HESS,1993,,NOEL,OECD TG 407,False,No qualifier,Equal,,,,,,,,,,,Rat,,,,,,,,,,,,,,,,,,,,,,,,,,,,,,,,,,,,,,Atrophy (Necropsy),,,,,,,,,,,,,,,,,,,,,,,,,,,,,,,,99.7,None,,,,,,,,,,,,,,,,,,,,,,,,,,,,,,,,,,,,,,,,,,,,,,,,,,,,,,,,,,,,,,,,SD,Oral (Gavage),,,,,,,,,,,,,,,,,,,,,,Female,Main,"National Institute of Health Sciences, Japan",Thyroid　Gland,RDT,Research Institute for Animal Science in Biochemistry & Toxicology,Necropsy,1000,mg/kg bdwt/d,Administered dose(mass),30,mg/kg bdwt/d,Administered dose(mass),0,d,Time,,,,,,,,,,,,,,,,,,,,,,,,,,,,,,,,,,,,,,,,,,,,,,,,,,,,,,,,,,,,,,,28,d,Time,,,1000,,mg/kg bdwt/d,Administered dose(mass),,,1000,,mg/kg/d,Administered dose(mass),,
78-42-2,"Phosphoric acid, tris(2-ethylhexyl) ester;tris (2-ethylhexyl) phosphate;Tris(2-ethylhexyl) phosphate;tris(2-ethylhexyl)ester phosphoric acid;tris(2-ethylhexyl)ester_phosphoric_acid;tris(2-ethylhexyl)phosphate;Tris(2-ethylhexyl)phosphate (TEHP)",,,,,,,,,,,,,,,,,,,,,,,,,,,,,,,,,,,,,,,,,,,,,,,,,,,,,,,,,,,,,,,,,,,,,,,,,,,,,,,,,,,,,,,,,,,,,,,,,,,,,,,,,,,,,,,,,,,,,,,,,,,,,,,,Human Health Hazards#Repeated Dose Toxicity,Repeated Dose Toxicity HESS,1993,,NOEL,OECD TG 407,False,No qualifier,Equal,,,,,,,,,,,Rat,,,,,,,,,,,,,,,,,,,,,,,,,,,,,,,,,,,,,,Atrophy (Necropsy),,,,,,,,,,,,,,,,,,,,,,,,,,,,,,,,99.7,None,,,,,,,,,,,,,,,,,,,,,,,,,,,,,,,,,,,,,,,,,,,,,,,,,,,,,,,,,,,,,,,,SD,Oral (Gavage),,,,,,,,,,,,,,,,,,,,,,Male,Main,"National Institute of Health Sciences, Japan",Thyroid　Gland,RDT,Research Institute for Animal Science in Biochemistry & Toxicology,Necropsy,1000,mg/kg bdwt/d,Administered dose(mass),30,mg/kg bdwt/d,Administered dose(mass),0,d,Time,,,,,,,,,,,,,,,,,,,,,,,,,,,,,,,,,,,,,,,,,,,,,,,,,,,,,,,,,,,,,,,28,d,Time,,,1000,,mg/kg bdwt/d,Administered dose(mass),,,1000,,mg/kg/d,Administered dose(mass),,
78-42-2,"Phosphoric acid, tris(2-ethylhexyl) ester;tris (2-ethylhexyl) phosphate;Tris(2-ethylhexyl) phosphate;tris(2-ethylhexyl)ester phosphoric acid;tris(2-ethylhexyl)ester_phosphoric_acid;tris(2-ethylhexyl)phosphate;Tris(2-ethylhexyl)phosphate (TEHP)",,,,,,,,,,,,,,,,,,,,,,,,,,,,,,,,,,,,,,,,,,,,,,,,,,,,,,,,,,,,,,,,,,,,,,,,,,,,,,,,,,,,,,,,,,,,,,,,,,,,,,,,,,,,,,,,,,,,,,,,,,,,,,,,Human Health Hazards#Repeated Dose Toxicity,Repeated Dose Toxicity HESS,1993,,NOEL,OECD TG 407,False,No qualifier,Equal,,,,,,,,,,,Rat,,,,,,,,,,,,,,,,,,,,,,,,,,,,,,,,,,,,,,Enlarged (Necropsy),,,,,,,,,,,,,,,,,,,,,,,,,,,,,,,,99.7,None,,,,,,,,,,,,,,,,,,,,,,,,,,,,,,,,,,,,,,,,,,,,,,,,,,,,,,,,,,,,,,,,SD,Oral (Gavage),,,,,,,,,,,,,,,,,,,,,,Female,Main,"National Institute of Health Sciences, Japan",Thyroid　Gland,RDT,Research Institute for Animal Science in Biochemistry & Toxicology,Necropsy,1000,mg/kg bdwt/d,Administered dose(mass),30,mg/kg bdwt/d,Administered dose(mass),0,d,Time,,,,,,,,,,,,,,,,,,,,,,,,,,,,,,,,,,,,,,,,,,,,,,,,,,,,,,,,,,,,,,,28,d,Time,,,1000,,mg/kg bdwt/d,Administered dose(mass),,,1000,,mg/kg/d,Administered dose(mass),,
78-42-2,"Phosphoric acid, tris(2-ethylhexyl) ester;tris (2-ethylhexyl) phosphate;Tris(2-ethylhexyl) phosphate;tris(2-ethylhexyl)ester phosphoric acid;tris(2-ethylhexyl)ester_phosphoric_acid;tris(2-ethylhexyl)phosphate;Tris(2-ethylhexyl)phosphate (TEHP)",,,,,,,,,,,,,,,,,,,,,,,,,,,,,,,,,,,,,,,,,,,,,,,,,,,,,,,,,,,,,,,,,,,,,,,,,,,,,,,,,,,,,,,,,,,,,,,,,,,,,,,,,,,,,,,,,,,,,,,,,,,,,,,,Human Health Hazards#Repeated Dose Toxicity,Repeated Dose Toxicity HESS,1993,,NOEL,OECD TG 407,False,No qualifier,Equal,,,,,,,,,,,Rat,,,,,,,,,,,,,,,,,,,,,,,,,,,,,,,,,,,,,,Enlarged (Necropsy),,,,,,,,,,,,,,,,,,,,,,,,,,,,,,,,99.7,None,,,,,,,,,,,,,,,,,,,,,,,,,,,,,,,,,,,,,,,,,,,,,,,,,,,,,,,,,,,,,,,,SD,Oral (Gavage),,,,,,,,,,,,,,,,,,,,,,Male,Main,"National Institute of Health Sciences, Japan",Thyroid　Gland,RDT,Research Institute for Animal Science in Biochemistry & Toxicology,Necropsy,1000,mg/kg bdwt/d,Administered dose(mass),30,mg/kg bdwt/d,Administered dose(mass),0,d,Time,,,,,,,,,,,,,,,,,,,,,,,,,,,,,,,,,,,,,,,,,,,,,,,,,,,,,,,,,,,,,,,28,d,Time,,,1000,,mg/kg bdwt/d,Administered dose(mass),,,1000,,mg/kg/d,Administered dose(mass),,
78-42-2,"Phosphoric acid, tris(2-ethylhexyl) ester;tris (2-ethylhexyl) phosphate;Tris(2-ethylhexyl) phosphate;tris(2-ethylhexyl)ester phosphoric acid;tris(2-ethylhexyl)ester_phosphoric_acid;tris(2-ethylhexyl)phosphate;Tris(2-ethylhexyl)phosphate (TEHP)",,,,,,,,,,,,,,,,,,,,,,,,,,,,,,,,,,,,,,,,,,,,,,,,,,,,,,,,,,,,,,,,,,,,,,,,,,,,,,,,,,,,,,,,,,,,,,,,,,,,,,,,,,,,,,,,,,,,,,,,,,,,,,,,Human Health Hazards#Repeated Dose Toxicity,Repeated Dose Toxicity HESS,1993,,NOEL,OECD TG 407,False,No qualifier,Equal,,,,,,,,,,,Rat,,,,,,,,,,,,,,,,,,,,,,,,,,,,,,,,,,,,,,Other Findings,,,,,,,,,,,,,,,,,,,,,,,,,,,,,,,,99.7,None,,,,,,,,,,,,,,,,,,,,,,,,,,,,,,,,,,,,,,,,,,,,,,,,,,,,,,,,,,,,,,,,SD,Oral (Gavage),,,,,,,,,,,,,,,,,,,,,,Female,Main,"National Institute of Health Sciences, Japan",Thyroid　Gland,RDT,Research Institute for Animal Science in Biochemistry & Toxicology,Necropsy,1000,mg/kg bdwt/d,Administered dose(mass),30,mg/kg bdwt/d,Administered dose(mass),0,d,Time,,,,,,,,,,,,,,,,,,,,,,,,,,,,,,,,,,,,,,,,,,,,,,,,,,,,,,,,,,,,,,,28,d,Time,,,1000,,mg/kg bdwt/d,Administered dose(mass),,,1000,,mg/kg/d,Administered dose(mass),,
78-42-2,"Phosphoric acid, tris(2-ethylhexyl) ester;tris (2-ethylhexyl) phosphate;Tris(2-ethylhexyl) phosphate;tris(2-ethylhexyl)ester phosphoric acid;tris(2-ethylhexyl)ester_phosphoric_acid;tris(2-ethylhexyl)phosphate;Tris(2-ethylhexyl)phosphate (TEHP)",,,,,,,,,,,,,,,,,,,,,,,,,,,,,,,,,,,,,,,,,,,,,,,,,,,,,,,,,,,,,,,,,,,,,,,,,,,,,,,,,,,,,,,,,,,,,,,,,,,,,,,,,,,,,,,,,,,,,,,,,,,,,,,,Human Health Hazards#Repeated Dose Toxicity,Repeated Dose Toxicity HESS,1993,,NOEL,OECD TG 407,False,No qualifier,Equal,,,,,,,,,,,Rat,,,,,,,,,,,,,,,,,,,,,,,,,,,,,,,,,,,,,,Other Findings,,,,,,,,,,,,,,,,,,,,,,,,,,,,,,,,99.7,None,,,,,,,,,,,,,,,,,,,,,,,,,,,,,,,,,,,,,,,,,,,,,,,,,,,,,,,,,,,,,,,,SD,Oral (Gavage),,,,,,,,,,,,,,,,,,,,,,Male,Main,"National Institute of Health Sciences, Japan",Thyroid　Gland,RDT,Research Institute for Animal Science in Biochemistry & Toxicology,Necropsy,1000,mg/kg bdwt/d,Administered dose(mass),30,mg/kg bdwt/d,Administered dose(mass),0,d,Time,,,,,,,,,,,,,,,,,,,,,,,,,,,,,,,,,,,,,,,,,,,,,,,,,,,,,,,,,,,,,,,28,d,Time,,,1000,,mg/kg bdwt/d,Administered dose(mass),,,1000,,mg/kg/d,Administered dose(mass),,
78-42-2,"Phosphoric acid, tris(2-ethylhexyl) ester;tris (2-ethylhexyl) phosphate;Tris(2-ethylhexyl) phosphate;tris(2-ethylhexyl)ester phosphoric acid;tris(2-ethylhexyl)ester_phosphoric_acid;tris(2-ethylhexyl)phosphate;Tris(2-ethylhexyl)phosphate (TEHP)",,,,,,,,,,,,,,,,,,,,,,,,,,,,,,,,,,,,,,,,,,,,,,,,,,,,,,,,,,,,,,,,,,,,,,,,,,,,,,,,,,,,,,,,,,,,,,,,,,,,,,,,,,,,,,,,,,,,,,,,,,,,,,,,Human Health Hazards#Repeated Dose Toxicity,Repeated Dose Toxicity HESS,1993,,NOEL,OECD TG 407,False,No qualifier,Equal,,,,,,,,,,,Rat,,,,,,,,,,,,,,,,,,,,,,,,,,,,,,,,,,,,,,,,,,,,,,,,,,,,,,,,,,,,,,,,,,,,,,99.7,None,,,,,,,,,,,,,,,,,,,,,,,,,,,,,,,,,,,,,,,,,,,,,,,,,,,,,,,,,,,,,,,,SD,Oral (Gavage),,,,,,,,,,,,,,,,,,,,,,Female,Main,"National Institute of Health Sciences, Japan",Trachea,RDT,Research Institute for Animal Science in Biochemistry & Toxicology,Necropsy,1000,mg/kg bdwt/d,Administered dose(mass),30,mg/kg bdwt/d,Administered dose(mass),0,d,Time,,,,,,,,,,,,,,,,,,,,,,,,,,,,,,,,,,,,,,,,,,,,,,,,,,,,,,,,,,,,,,,28,d,Time,,,1000,,mg/kg bdwt/d,Administered dose(mass),,,1000,,mg/kg/d,Administered dose(mass),,
78-42-2,"Phosphoric acid, tris(2-ethylhexyl) ester;tris (2-ethylhexyl) phosphate;Tris(2-ethylhexyl) phosphate;tris(2-ethylhexyl)ester phosphoric acid;tris(2-ethylhexyl)ester_phosphoric_acid;tris(2-ethylhexyl)phosphate;Tris(2-ethylhexyl)phosphate (TEHP)",,,,,,,,,,,,,,,,,,,,,,,,,,,,,,,,,,,,,,,,,,,,,,,,,,,,,,,,,,,,,,,,,,,,,,,,,,,,,,,,,,,,,,,,,,,,,,,,,,,,,,,,,,,,,,,,,,,,,,,,,,,,,,,,Human Health Hazards#Repeated Dose Toxicity,Repeated Dose Toxicity HESS,1993,,NOEL,OECD TG 407,False,No qualifier,Equal,,,,,,,,,,,Rat,,,,,,,,,,,,,,,,,,,,,,,,,,,,,,,,,,,,,,,,,,,,,,,,,,,,,,,,,,,,,,,,,,,,,,99.7,None,,,,,,,,,,,,,,,,,,,,,,,,,,,,,,,,,,,,,,,,,,,,,,,,,,,,,,,,,,,,,,,,SD,Oral (Gavage),,,,,,,,,,,,,,,,,,,,,,Male,Main,"National Institute of Health Sciences, Japan",Trachea,RDT,Research Institute for Animal Science in Biochemistry & Toxicology,Necropsy,1000,mg/kg bdwt/d,Administered dose(mass),30,mg/kg bdwt/d,Administered dose(mass),0,d,Time,,,,,,,,,,,,,,,,,,,,,,,,,,,,,,,,,,,,,,,,,,,,,,,,,,,,,,,,,,,,,,,28,d,Time,,,1000,,mg/kg bdwt/d,Administered dose(mass),,,1000,,mg/kg/d,Administered dose(mass),,
78-42-2,"Phosphoric acid, tris(2-ethylhexyl) ester;tris (2-ethylhexyl) phosphate;Tris(2-ethylhexyl) phosphate;tris(2-ethylhexyl)ester phosphoric acid;tris(2-ethylhexyl)ester_phosphoric_acid;tris(2-ethylhexyl)phosphate;Tris(2-ethylhexyl)phosphate (TEHP)",,,,,,,,,,,,,,,,,,,,,,,,,,,,,,,,,,,,,,,,,,,,,,,,,,,,,,,,,,,,,,,,,,,,,,,,,,,,,,,,,,,,,,,,,,,,,,,,,,,,,,,,,,,,,,,,,,,,,,,,,,,,,,,,Human Health Hazards#Repeated Dose Toxicity,Repeated Dose Toxicity HESS,1993,,NOEL,OECD TG 407,False,No qualifier,Equal,,,,,,,,,,,Rat,,,,,,,,,,,,,,,,,,,,,,,,,,,,,,,,,,,,,,Other Findings,,,,,,,,,,,,,,,,,,,,,,,,,,,,,,,,99.7,None,,,,,,,,,,,,,,,,,,,,,,,,,,,,,,,,,,,,,,,,,,,,,,,,,,,,,,,,,,,,,,,,SD,Oral (Gavage),,,,,,,,,,,,,,,,,,,,,,Female,Main,"National Institute of Health Sciences, Japan",,RDT,Research Institute for Animal Science in Biochemistry & Toxicology,Urinalysis,1000,mg/kg bdwt/d,Administered dose(mass),30,mg/kg bdwt/d,Administered dose(mass),0,d,Time,,,,,,,,,,,,,,,,,,,,,,,,,,,,,,,,,,,,,,,,,,,,,,,,,,,,,,,,,,,,,,,28,d,Time,,,1000,,mg/kg bdwt/d,Administered dose(mass),,,1000,,mg/kg/d,Administered dose(mass),,
78-42-2,"Phosphoric acid, tris(2-ethylhexyl) ester;tris (2-ethylhexyl) phosphate;Tris(2-ethylhexyl) phosphate;tris(2-ethylhexyl)ester phosphoric acid;tris(2-ethylhexyl)ester_phosphoric_acid;tris(2-ethylhexyl)phosphate;Tris(2-ethylhexyl)phosphate (TEHP)",,,,,,,,,,,,,,,,,,,,,,,,,,,,,,,,,,,,,,,,,,,,,,,,,,,,,,,,,,,,,,,,,,,,,,,,,,,,,,,,,,,,,,,,,,,,,,,,,,,,,,,,,,,,,,,,,,,,,,,,,,,,,,,,Human Health Hazards#Repeated Dose Toxicity,Repeated Dose Toxicity HESS,1993,,NOEL,OECD TG 407,False,No qualifier,Equal,,,,,,,,,,,Rat,,,,,,,,,,,,,,,,,,,,,,,,,,,,,,,,,,,,,,Other Findings,,,,,,,,,,,,,,,,,,,,,,,,,,,,,,,,99.7,None,,,,,,,,,,,,,,,,,,,,,,,,,,,,,,,,,,,,,,,,,,,,,,,,,,,,,,,,,,,,,,,,SD,Oral (Gavage),,,,,,,,,,,,,,,,,,,,,,Male,Main,"National Institute of Health Sciences, Japan",,RDT,Research Institute for Animal Science in Biochemistry & Toxicology,Urinalysis,1000,mg/kg bdwt/d,Administered dose(mass),30,mg/kg bdwt/d,Administered dose(mass),0,d,Time,,,,,,,,,,,,,,,,,,,,,,,,,,,,,,,,,,,,,,,,,,,,,,,,,,,,,,,,,,,,,,,28,d,Time,,,1000,,mg/kg bdwt/d,Administered dose(mass),,,1000,,mg/kg/d,Administered dose(mass),,
78-42-2,"Phosphoric acid, tris(2-ethylhexyl) ester;tris (2-ethylhexyl) phosphate;Tris(2-ethylhexyl) phosphate;tris(2-ethylhexyl)ester phosphoric acid;tris(2-ethylhexyl)ester_phosphoric_acid;tris(2-ethylhexyl)phosphate;Tris(2-ethylhexyl)phosphate (TEHP)",,,,,,,,,,,,,,,,,,,,,,,,,,,,,,,,,,,,,,,,,,,,,,,,,,,,,,,,,,,,,,,,,,,,,,,,,,,,,,,,,,,,,,,,,,,,,,,,,,,,,,,,,,,,,,,,,,,,,,,,,,,,,,,,Human Health Hazards#Repeated Dose Toxicity,Repeated Dose Toxicity HESS,1993,,NOEL,OECD TG 407,False,No qualifier,Equal,,,,,,,,,,,Rat,,,,,,,,,,,,,,,,,,,,,,,,,,,,,,,,,,,,,,,,,,,,,,,,,,,,,,,,,,,,,,,,,,,,,,99.7,None,,,,,,,,,,,,,,,,,,,,,,,,,,,,,,,,,,,,,,,,,,,,,,,,,,,,,,,,,,,,,,,,SD,Oral (Gavage),,,,,,,,,,,,,,,,,,,,,,Female,Main,"National Institute of Health Sciences, Japan",Urinary bladder,RDT,Research Institute for Animal Science in Biochemistry & Toxicology,Necropsy,1000,mg/kg bdwt/d,Administered dose(mass),30,mg/kg bdwt/d,Administered dose(mass),0,d,Time,,,,,,,,,,,,,,,,,,,,,,,,,,,,,,,,,,,,,,,,,,,,,,,,,,,,,,,,,,,,,,,28,d,Time,,,1000,,mg/kg bdwt/d,Administered dose(mass),,,1000,,mg/kg/d,Administered dose(mass),,
78-42-2,"Phosphoric acid, tris(2-ethylhexyl) ester;tris (2-ethylhexyl) phosphate;Tris(2-ethylhexyl) phosphate;tris(2-ethylhexyl)ester phosphoric acid;tris(2-ethylhexyl)ester_phosphoric_acid;tris(2-ethylhexyl)phosphate;Tris(2-ethylhexyl)phosphate (TEHP)",,,,,,,,,,,,,,,,,,,,,,,,,,,,,,,,,,,,,,,,,,,,,,,,,,,,,,,,,,,,,,,,,,,,,,,,,,,,,,,,,,,,,,,,,,,,,,,,,,,,,,,,,,,,,,,,,,,,,,,,,,,,,,,,Human Health Hazards#Repeated Dose Toxicity,Repeated Dose Toxicity HESS,1993,,NOEL,OECD TG 407,False,No qualifier,Equal,,,,,,,,,,,Rat,,,,,,,,,,,,,,,,,,,,,,,,,,,,,,,,,,,,,,,,,,,,,,,,,,,,,,,,,,,,,,,,,,,,,,99.7,None,,,,,,,,,,,,,,,,,,,,,,,,,,,,,,,,,,,,,,,,,,,,,,,,,,,,,,,,,,,,,,,,SD,Oral (Gavage),,,,,,,,,,,,,,,,,,,,,,Male,Main,"National Institute of Health Sciences, Japan",Urinary bladder,RDT,Research Institute for Animal Science in Biochemistry & Toxicology,Necropsy,1000,mg/kg bdwt/d,Administered dose(mass),30,mg/kg bdwt/d,Administered dose(mass),0,d,Time,,,,,,,,,,,,,,,,,,,,,,,,,,,,,,,,,,,,,,,,,,,,,,,,,,,,,,,,,,,,,,,28,d,Time,,,1000,,mg/kg bdwt/d,Administered dose(mass),,,1000,,mg/kg/d,Administered dose(mass),,
78-42-2,"Phosphoric acid, tris(2-ethylhexyl) ester;tris (2-ethylhexyl) phosphate;Tris(2-ethylhexyl) phosphate;tris(2-ethylhexyl)ester phosphoric acid;tris(2-ethylhexyl)ester_phosphoric_acid;tris(2-ethylhexyl)phosphate;Tris(2-ethylhexyl)phosphate (TEHP)",,,,,,,,,,,,,,,,,,,,,,,,,,,,,,,,,,,,,,,,,,,,,,,,,,,,,,,,,,,,,,,,,,,,,,,,,,,,,,,,,,,,,,,,,,,,,,,,,,,,,,,,,,,,,,,,,,,,,,,,,,,,,,,,Human Health Hazards#Repeated Dose Toxicity,Repeated Dose Toxicity HESS,1993,,NOEL,OECD TG 407,False,No qualifier,Equal,,,,,,,,,,,Rat,,,,,,,,,,,,,,,,,,,,,,,,,,,,,,,,,,,,,,Bilirubin↑,,,,,,,,,,,,,,,,,,,,,,,,,,,,,,,,99.7,None,,,,,,,,,,,,,,,,,,,,,,,,,,,,,,,,,,,,,,,,,,,,,,,,,,,,,,,,,,,,,,,,SD,Oral (Gavage),,,,,,,,,,,,,,,,,,,,,,Female,Main,"National Institute of Health Sciences, Japan",Urine,RDT,Research Institute for Animal Science in Biochemistry & Toxicology,Urinalysis,1000,mg/kg bdwt/d,Administered dose(mass),30,mg/kg bdwt/d,Administered dose(mass),0,d,Time,,,,,,,,,,,,,,,,,,,,,,,,,,,,,,,,,,,,,,,,,,,,,,,,,,,,,,,,,,,,,,,28,d,Time,,,1000,,mg/kg bdwt/d,Administered dose(mass),,,1000,,mg/kg/d,Administered dose(mass),,
78-42-2,"Phosphoric acid, tris(2-ethylhexyl) ester;tris (2-ethylhexyl) phosphate;Tris(2-ethylhexyl) phosphate;tris(2-ethylhexyl)ester phosphoric acid;tris(2-ethylhexyl)ester_phosphoric_acid;tris(2-ethylhexyl)phosphate;Tris(2-ethylhexyl)phosphate (TEHP)",,,,,,,,,,,,,,,,,,,,,,,,,,,,,,,,,,,,,,,,,,,,,,,,,,,,,,,,,,,,,,,,,,,,,,,,,,,,,,,,,,,,,,,,,,,,,,,,,,,,,,,,,,,,,,,,,,,,,,,,,,,,,,,,Human Health Hazards#Repeated Dose Toxicity,Repeated Dose Toxicity HESS,1993,,NOEL,OECD TG 407,False,No qualifier,Equal,,,,,,,,,,,Rat,,,,,,,,,,,,,,,,,,,,,,,,,,,,,,,,,,,,,,Bilirubin↑,,,,,,,,,,,,,,,,,,,,,,,,,,,,,,,,99.7,None,,,,,,,,,,,,,,,,,,,,,,,,,,,,,,,,,,,,,,,,,,,,,,,,,,,,,,,,,,,,,,,,SD,Oral (Gavage),,,,,,,,,,,,,,,,,,,,,,Male,Main,"National Institute of Health Sciences, Japan",Urine,RDT,Research Institute for Animal Science in Biochemistry & Toxicology,Urinalysis,1000,mg/kg bdwt/d,Administered dose(mass),30,mg/kg bdwt/d,Administered dose(mass),0,d,Time,,,,,,,,,,,,,,,,,,,,,,,,,,,,,,,,,,,,,,,,,,,,,,,,,,,,,,,,,,,,,,,28,d,Time,,,1000,,mg/kg bdwt/d,Administered dose(mass),,,1000,,mg/kg/d,Administered dose(mass),,
78-42-2,"Phosphoric acid, tris(2-ethylhexyl) ester;tris (2-ethylhexyl) phosphate;Tris(2-ethylhexyl) phosphate;tris(2-ethylhexyl)ester phosphoric acid;tris(2-ethylhexyl)ester_phosphoric_acid;tris(2-ethylhexyl)phosphate;Tris(2-ethylhexyl)phosphate (TEHP)",,,,,,,,,,,,,,,,,,,,,,,,,,,,,,,,,,,,,,,,,,,,,,,,,,,,,,,,,,,,,,,,,,,,,,,,,,,,,,,,,,,,,,,,,,,,,,,,,,,,,,,,,,,,,,,,,,,,,,,,,,,,,,,,Human Health Hazards#Repeated Dose Toxicity,Repeated Dose Toxicity HESS,1993,,NOEL,OECD TG 407,False,No qualifier,Equal,,,,,,,,,,,Rat,,,,,,,,,,,,,,,,,,,,,,,,,,,,,,,,,,,,,,Bilirubin↓,,,,,,,,,,,,,,,,,,,,,,,,,,,,,,,,99.7,None,,,,,,,,,,,,,,,,,,,,,,,,,,,,,,,,,,,,,,,,,,,,,,,,,,,,,,,,,,,,,,,,SD,Oral (Gavage),,,,,,,,,,,,,,,,,,,,,,Female,Main,"National Institute of Health Sciences, Japan",Urine,RDT,Research Institute for Animal Science in Biochemistry & Toxicology,Urinalysis,1000,mg/kg bdwt/d,Administered dose(mass),30,mg/kg bdwt/d,Administered dose(mass),0,d,Time,,,,,,,,,,,,,,,,,,,,,,,,,,,,,,,,,,,,,,,,,,,,,,,,,,,,,,,,,,,,,,,28,d,Time,,,1000,,mg/kg bdwt/d,Administered dose(mass),,,1000,,mg/kg/d,Administered dose(mass),,
78-42-2,"Phosphoric acid, tris(2-ethylhexyl) ester;tris (2-ethylhexyl) phosphate;Tris(2-ethylhexyl) phosphate;tris(2-ethylhexyl)ester phosphoric acid;tris(2-ethylhexyl)ester_phosphoric_acid;tris(2-ethylhexyl)phosphate;Tris(2-ethylhexyl)phosphate (TEHP)",,,,,,,,,,,,,,,,,,,,,,,,,,,,,,,,,,,,,,,,,,,,,,,,,,,,,,,,,,,,,,,,,,,,,,,,,,,,,,,,,,,,,,,,,,,,,,,,,,,,,,,,,,,,,,,,,,,,,,,,,,,,,,,,Human Health Hazards#Repeated Dose Toxicity,Repeated Dose Toxicity HESS,1993,,NOEL,OECD TG 407,False,No qualifier,Equal,,,,,,,,,,,Rat,,,,,,,,,,,,,,,,,,,,,,,,,,,,,,,,,,,,,,Bilirubin↓,,,,,,,,,,,,,,,,,,,,,,,,,,,,,,,,99.7,None,,,,,,,,,,,,,,,,,,,,,,,,,,,,,,,,,,,,,,,,,,,,,,,,,,,,,,,,,,,,,,,,SD,Oral (Gavage),,,,,,,,,,,,,,,,,,,,,,Male,Main,"National Institute of Health Sciences, Japan",Urine,RDT,Research Institute for Animal Science in Biochemistry & Toxicology,Urinalysis,1000,mg/kg bdwt/d,Administered dose(mass),30,mg/kg bdwt/d,Administered dose(mass),0,d,Time,,,,,,,,,,,,,,,,,,,,,,,,,,,,,,,,,,,,,,,,,,,,,,,,,,,,,,,,,,,,,,,28,d,Time,,,1000,,mg/kg bdwt/d,Administered dose(mass),,,1000,,mg/kg/d,Administered dose(mass),,
78-42-2,"Phosphoric acid, tris(2-ethylhexyl) ester;tris (2-ethylhexyl) phosphate;Tris(2-ethylhexyl) phosphate;tris(2-ethylhexyl)ester phosphoric acid;tris(2-ethylhexyl)ester_phosphoric_acid;tris(2-ethylhexyl)phosphate;Tris(2-ethylhexyl)phosphate (TEHP)",,,,,,,,,,,,,,,,,,,,,,,,,,,,,,,,,,,,,,,,,,,,,,,,,,,,,,,,,,,,,,,,,,,,,,,,,,,,,,,,,,,,,,,,,,,,,,,,,,,,,,,,,,,,,,,,,,,,,,,,,,,,,,,,Human Health Hazards#Repeated Dose Toxicity,Repeated Dose Toxicity HESS,1993,,NOEL,OECD TG 407,False,No qualifier,Equal,,,,,,,,,,,Rat,,,,,,,,,,,,,,,,,,,,,,,,,,,,,,,,,,,,,,Discoloration,,,,,,,,,,,,,,,,,,,,,,,,,,,,,,,,99.7,None,,,,,,,,,,,,,,,,,,,,,,,,,,,,,,,,,,,,,,,,,,,,,,,,,,,,,,,,,,,,,,,,SD,Oral (Gavage),,,,,,,,,,,,,,,,,,,,,,Female,Main,"National Institute of Health Sciences, Japan",Urine,RDT,Research Institute for Animal Science in Biochemistry & Toxicology,Urinalysis,1000,mg/kg bdwt/d,Administered dose(mass),30,mg/kg bdwt/d,Administered dose(mass),0,d,Time,,,,,,,,,,,,,,,,,,,,,,,,,,,,,,,,,,,,,,,,,,,,,,,,,,,,,,,,,,,,,,,28,d,Time,,,1000,,mg/kg bdwt/d,Administered dose(mass),,,1000,,mg/kg/d,Administered dose(mass),,
78-42-2,"Phosphoric acid, tris(2-ethylhexyl) ester;tris (2-ethylhexyl) phosphate;Tris(2-ethylhexyl) phosphate;tris(2-ethylhexyl)ester phosphoric acid;tris(2-ethylhexyl)ester_phosphoric_acid;tris(2-ethylhexyl)phosphate;Tris(2-ethylhexyl)phosphate (TEHP)",,,,,,,,,,,,,,,,,,,,,,,,,,,,,,,,,,,,,,,,,,,,,,,,,,,,,,,,,,,,,,,,,,,,,,,,,,,,,,,,,,,,,,,,,,,,,,,,,,,,,,,,,,,,,,,,,,,,,,,,,,,,,,,,Human Health Hazards#Repeated Dose Toxicity,Repeated Dose Toxicity HESS,1993,,NOEL,OECD TG 407,False,No qualifier,Equal,,,,,,,,,,,Rat,,,,,,,,,,,,,,,,,,,,,,,,,,,,,,,,,,,,,,Discoloration,,,,,,,,,,,,,,,,,,,,,,,,,,,,,,,,99.7,None,,,,,,,,,,,,,,,,,,,,,,,,,,,,,,,,,,,,,,,,,,,,,,,,,,,,,,,,,,,,,,,,SD,Oral (Gavage),,,,,,,,,,,,,,,,,,,,,,Male,Main,"National Institute of Health Sciences, Japan",Urine,RDT,Research Institute for Animal Science in Biochemistry & Toxicology,Urinalysis,1000,mg/kg bdwt/d,Administered dose(mass),30,mg/kg bdwt/d,Administered dose(mass),0,d,Time,,,,,,,,,,,,,,,,,,,,,,,,,,,,,,,,,,,,,,,,,,,,,,,,,,,,,,,,,,,,,,,28,d,Time,,,1000,,mg/kg bdwt/d,Administered dose(mass),,,1000,,mg/kg/d,Administered dose(mass),,
78-42-2,"Phosphoric acid, tris(2-ethylhexyl) ester;tris (2-ethylhexyl) phosphate;Tris(2-ethylhexyl) phosphate;tris(2-ethylhexyl)ester phosphoric acid;tris(2-ethylhexyl)ester_phosphoric_acid;tris(2-ethylhexyl)phosphate;Tris(2-ethylhexyl)phosphate (TEHP)",,,,,,,,,,,,,,,,,,,,,,,,,,,,,,,,,,,,,,,,,,,,,,,,,,,,,,,,,,,,,,,,,,,,,,,,,,,,,,,,,,,,,,,,,,,,,,,,,,,,,,,,,,,,,,,,,,,,,,,,,,,,,,,,Human Health Hazards#Repeated Dose Toxicity,Repeated Dose Toxicity HESS,1993,,NOEL,OECD TG 407,False,No qualifier,Equal,,,,,,,,,,,Rat,,,,,,,,,,,,,,,,,,,,,,,,,,,,,,,,,,,,,,Glucose↑,,,,,,,,,,,,,,,,,,,,,,,,,,,,,,,,99.7,None,,,,,,,,,,,,,,,,,,,,,,,,,,,,,,,,,,,,,,,,,,,,,,,,,,,,,,,,,,,,,,,,SD,Oral (Gavage),,,,,,,,,,,,,,,,,,,,,,Female,Main,"National Institute of Health Sciences, Japan",Urine,RDT,Research Institute for Animal Science in Biochemistry & Toxicology,Urinalysis,1000,mg/kg bdwt/d,Administered dose(mass),30,mg/kg bdwt/d,Administered dose(mass),0,d,Time,,,,,,,,,,,,,,,,,,,,,,,,,,,,,,,,,,,,,,,,,,,,,,,,,,,,,,,,,,,,,,,28,d,Time,,,1000,,mg/kg bdwt/d,Administered dose(mass),,,1000,,mg/kg/d,Administered dose(mass),,
78-42-2,"Phosphoric acid, tris(2-ethylhexyl) ester;tris (2-ethylhexyl) phosphate;Tris(2-ethylhexyl) phosphate;tris(2-ethylhexyl)ester phosphoric acid;tris(2-ethylhexyl)ester_phosphoric_acid;tris(2-ethylhexyl)phosphate;Tris(2-ethylhexyl)phosphate (TEHP)",,,,,,,,,,,,,,,,,,,,,,,,,,,,,,,,,,,,,,,,,,,,,,,,,,,,,,,,,,,,,,,,,,,,,,,,,,,,,,,,,,,,,,,,,,,,,,,,,,,,,,,,,,,,,,,,,,,,,,,,,,,,,,,,Human Health Hazards#Repeated Dose Toxicity,Repeated Dose Toxicity HESS,1993,,NOEL,OECD TG 407,False,No qualifier,Equal,,,,,,,,,,,Rat,,,,,,,,,,,,,,,,,,,,,,,,,,,,,,,,,,,,,,Glucose↑,,,,,,,,,,,,,,,,,,,,,,,,,,,,,,,,99.7,None,,,,,,,,,,,,,,,,,,,,,,,,,,,,,,,,,,,,,,,,,,,,,,,,,,,,,,,,,,,,,,,,SD,Oral (Gavage),,,,,,,,,,,,,,,,,,,,,,Male,Main,"National Institute of Health Sciences, Japan",Urine,RDT,Research Institute for Animal Science in Biochemistry & Toxicology,Urinalysis,1000,mg/kg bdwt/d,Administered dose(mass),30,mg/kg bdwt/d,Administered dose(mass),0,d,Time,,,,,,,,,,,,,,,,,,,,,,,,,,,,,,,,,,,,,,,,,,,,,,,,,,,,,,,,,,,,,,,28,d,Time,,,1000,,mg/kg bdwt/d,Administered dose(mass),,,1000,,mg/kg/d,Administered dose(mass),,
78-42-2,"Phosphoric acid, tris(2-ethylhexyl) ester;tris (2-ethylhexyl) phosphate;Tris(2-ethylhexyl) phosphate;tris(2-ethylhexyl)ester phosphoric acid;tris(2-ethylhexyl)ester_phosphoric_acid;tris(2-ethylhexyl)phosphate;Tris(2-ethylhexyl)phosphate (TEHP)",,,,,,,,,,,,,,,,,,,,,,,,,,,,,,,,,,,,,,,,,,,,,,,,,,,,,,,,,,,,,,,,,,,,,,,,,,,,,,,,,,,,,,,,,,,,,,,,,,,,,,,,,,,,,,,,,,,,,,,,,,,,,,,,Human Health Hazards#Repeated Dose Toxicity,Repeated Dose Toxicity HESS,1993,,NOEL,OECD TG 407,False,No qualifier,Equal,,,,,,,,,,,Rat,,,,,,,,,,,,,,,,,,,,,,,,,,,,,,,,,,,,,,Glucose↓,,,,,,,,,,,,,,,,,,,,,,,,,,,,,,,,99.7,None,,,,,,,,,,,,,,,,,,,,,,,,,,,,,,,,,,,,,,,,,,,,,,,,,,,,,,,,,,,,,,,,SD,Oral (Gavage),,,,,,,,,,,,,,,,,,,,,,Female,Main,"National Institute of Health Sciences, Japan",Urine,RDT,Research Institute for Animal Science in Biochemistry & Toxicology,Urinalysis,1000,mg/kg bdwt/d,Administered dose(mass),30,mg/kg bdwt/d,Administered dose(mass),0,d,Time,,,,,,,,,,,,,,,,,,,,,,,,,,,,,,,,,,,,,,,,,,,,,,,,,,,,,,,,,,,,,,,28,d,Time,,,1000,,mg/kg bdwt/d,Administered dose(mass),,,1000,,mg/kg/d,Administered dose(mass),,
78-42-2,"Phosphoric acid, tris(2-ethylhexyl) ester;tris (2-ethylhexyl) phosphate;Tris(2-ethylhexyl) phosphate;tris(2-ethylhexyl)ester phosphoric acid;tris(2-ethylhexyl)ester_phosphoric_acid;tris(2-ethylhexyl)phosphate;Tris(2-ethylhexyl)phosphate (TEHP)",,,,,,,,,,,,,,,,,,,,,,,,,,,,,,,,,,,,,,,,,,,,,,,,,,,,,,,,,,,,,,,,,,,,,,,,,,,,,,,,,,,,,,,,,,,,,,,,,,,,,,,,,,,,,,,,,,,,,,,,,,,,,,,,Human Health Hazards#Repeated Dose Toxicity,Repeated Dose Toxicity HESS,1993,,NOEL,OECD TG 407,False,No qualifier,Equal,,,,,,,,,,,Rat,,,,,,,,,,,,,,,,,,,,,,,,,,,,,,,,,,,,,,Glucose↓,,,,,,,,,,,,,,,,,,,,,,,,,,,,,,,,99.7,None,,,,,,,,,,,,,,,,,,,,,,,,,,,,,,,,,,,,,,,,,,,,,,,,,,,,,,,,,,,,,,,,SD,Oral (Gavage),,,,,,,,,,,,,,,,,,,,,,Male,Main,"National Institute of Health Sciences, Japan",Urine,RDT,Research Institute for Animal Science in Biochemistry & Toxicology,Urinalysis,1000,mg/kg bdwt/d,Administered dose(mass),30,mg/kg bdwt/d,Administered dose(mass),0,d,Time,,,,,,,,,,,,,,,,,,,,,,,,,,,,,,,,,,,,,,,,,,,,,,,,,,,,,,,,,,,,,,,28,d,Time,,,1000,,mg/kg bdwt/d,Administered dose(mass),,,1000,,mg/kg/d,Administered dose(mass),,
78-42-2,"Phosphoric acid, tris(2-ethylhexyl) ester;tris (2-ethylhexyl) phosphate;Tris(2-ethylhexyl) phosphate;tris(2-ethylhexyl)ester phosphoric acid;tris(2-ethylhexyl)ester_phosphoric_acid;tris(2-ethylhexyl)phosphate;Tris(2-ethylhexyl)phosphate (TEHP)",,,,,,,,,,,,,,,,,,,,,,,,,,,,,,,,,,,,,,,,,,,,,,,,,,,,,,,,,,,,,,,,,,,,,,,,,,,,,,,,,,,,,,,,,,,,,,,,,,,,,,,,,,,,,,,,,,,,,,,,,,,,,,,,Human Health Hazards#Repeated Dose Toxicity,Repeated Dose Toxicity HESS,1993,,NOEL,OECD TG 407,False,No qualifier,Equal,,,,,,,,,,,Rat,,,,,,,,,,,,,,,,,,,,,,,,,,,,,,,,,,,,,,Ketone Body↑,,,,,,,,,,,,,,,,,,,,,,,,,,,,,,,,99.7,None,,,,,,,,,,,,,,,,,,,,,,,,,,,,,,,,,,,,,,,,,,,,,,,,,,,,,,,,,,,,,,,,SD,Oral (Gavage),,,,,,,,,,,,,,,,,,,,,,Female,Main,"National Institute of Health Sciences, Japan",Urine,RDT,Research Institute for Animal Science in Biochemistry & Toxicology,Urinalysis,1000,mg/kg bdwt/d,Administered dose(mass),30,mg/kg bdwt/d,Administered dose(mass),0,d,Time,,,,,,,,,,,,,,,,,,,,,,,,,,,,,,,,,,,,,,,,,,,,,,,,,,,,,,,,,,,,,,,28,d,Time,,,1000,,mg/kg bdwt/d,Administered dose(mass),,,1000,,mg/kg/d,Administered dose(mass),,
78-42-2,"Phosphoric acid, tris(2-ethylhexyl) ester;tris (2-ethylhexyl) phosphate;Tris(2-ethylhexyl) phosphate;tris(2-ethylhexyl)ester phosphoric acid;tris(2-ethylhexyl)ester_phosphoric_acid;tris(2-ethylhexyl)phosphate;Tris(2-ethylhexyl)phosphate (TEHP)",,,,,,,,,,,,,,,,,,,,,,,,,,,,,,,,,,,,,,,,,,,,,,,,,,,,,,,,,,,,,,,,,,,,,,,,,,,,,,,,,,,,,,,,,,,,,,,,,,,,,,,,,,,,,,,,,,,,,,,,,,,,,,,,Human Health Hazards#Repeated Dose Toxicity,Repeated Dose Toxicity HESS,1993,,NOEL,OECD TG 407,False,No qualifier,Equal,,,,,,,,,,,Rat,,,,,,,,,,,,,,,,,,,,,,,,,,,,,,,,,,,,,,Ketone Body↑,,,,,,,,,,,,,,,,,,,,,,,,,,,,,,,,99.7,None,,,,,,,,,,,,,,,,,,,,,,,,,,,,,,,,,,,,,,,,,,,,,,,,,,,,,,,,,,,,,,,,SD,Oral (Gavage),,,,,,,,,,,,,,,,,,,,,,Male,Main,"National Institute of Health Sciences, Japan",Urine,RDT,Research Institute for Animal Science in Biochemistry & Toxicology,Urinalysis,1000,mg/kg bdwt/d,Administered dose(mass),30,mg/kg bdwt/d,Administered dose(mass),0,d,Time,,,,,,,,,,,,,,,,,,,,,,,,,,,,,,,,,,,,,,,,,,,,,,,,,,,,,,,,,,,,,,,28,d,Time,,,1000,,mg/kg bdwt/d,Administered dose(mass),,,1000,,mg/kg/d,Administered dose(mass),,
78-42-2,"Phosphoric acid, tris(2-ethylhexyl) ester;tris (2-ethylhexyl) phosphate;Tris(2-ethylhexyl) phosphate;tris(2-ethylhexyl)ester phosphoric acid;tris(2-ethylhexyl)ester_phosphoric_acid;tris(2-ethylhexyl)phosphate;Tris(2-ethylhexyl)phosphate (TEHP)",,,,,,,,,,,,,,,,,,,,,,,,,,,,,,,,,,,,,,,,,,,,,,,,,,,,,,,,,,,,,,,,,,,,,,,,,,,,,,,,,,,,,,,,,,,,,,,,,,,,,,,,,,,,,,,,,,,,,,,,,,,,,,,,Human Health Hazards#Repeated Dose Toxicity,Repeated Dose Toxicity HESS,1993,,NOEL,OECD TG 407,False,No qualifier,Equal,,,,,,,,,,,Rat,,,,,,,,,,,,,,,,,,,,,,,,,,,,,,,,,,,,,,Ketone Body↓,,,,,,,,,,,,,,,,,,,,,,,,,,,,,,,,99.7,None,,,,,,,,,,,,,,,,,,,,,,,,,,,,,,,,,,,,,,,,,,,,,,,,,,,,,,,,,,,,,,,,SD,Oral (Gavage),,,,,,,,,,,,,,,,,,,,,,Female,Main,"National Institute of Health Sciences, Japan",Urine,RDT,Research Institute for Animal Science in Biochemistry & Toxicology,Urinalysis,1000,mg/kg bdwt/d,Administered dose(mass),30,mg/kg bdwt/d,Administered dose(mass),0,d,Time,,,,,,,,,,,,,,,,,,,,,,,,,,,,,,,,,,,,,,,,,,,,,,,,,,,,,,,,,,,,,,,28,d,Time,,,1000,,mg/kg bdwt/d,Administered dose(mass),,,1000,,mg/kg/d,Administered dose(mass),,
78-42-2,"Phosphoric acid, tris(2-ethylhexyl) ester;tris (2-ethylhexyl) phosphate;Tris(2-ethylhexyl) phosphate;tris(2-ethylhexyl)ester phosphoric acid;tris(2-ethylhexyl)ester_phosphoric_acid;tris(2-ethylhexyl)phosphate;Tris(2-ethylhexyl)phosphate (TEHP)",,,,,,,,,,,,,,,,,,,,,,,,,,,,,,,,,,,,,,,,,,,,,,,,,,,,,,,,,,,,,,,,,,,,,,,,,,,,,,,,,,,,,,,,,,,,,,,,,,,,,,,,,,,,,,,,,,,,,,,,,,,,,,,,Human Health Hazards#Repeated Dose Toxicity,Repeated Dose Toxicity HESS,1993,,NOEL,OECD TG 407,False,No qualifier,Equal,,,,,,,,,,,Rat,,,,,,,,,,,,,,,,,,,,,,,,,,,,,,,,,,,,,,Ketone Body↓,,,,,,,,,,,,,,,,,,,,,,,,,,,,,,,,99.7,None,,,,,,,,,,,,,,,,,,,,,,,,,,,,,,,,,,,,,,,,,,,,,,,,,,,,,,,,,,,,,,,,SD,Oral (Gavage),,,,,,,,,,,,,,,,,,,,,,Male,Main,"National Institute of Health Sciences, Japan",Urine,RDT,Research Institute for Animal Science in Biochemistry & Toxicology,Urinalysis,1000,mg/kg bdwt/d,Administered dose(mass),30,mg/kg bdwt/d,Administered dose(mass),0,d,Time,,,,,,,,,,,,,,,,,,,,,,,,,,,,,,,,,,,,,,,,,,,,,,,,,,,,,,,,,,,,,,,28,d,Time,,,1000,,mg/kg bdwt/d,Administered dose(mass),,,1000,,mg/kg/d,Administered dose(mass),,
78-42-2,"Phosphoric acid, tris(2-ethylhexyl) ester;tris (2-ethylhexyl) phosphate;Tris(2-ethylhexyl) phosphate;tris(2-ethylhexyl)ester phosphoric acid;tris(2-ethylhexyl)ester_phosphoric_acid;tris(2-ethylhexyl)phosphate;Tris(2-ethylhexyl)phosphate (TEHP)",,,,,,,,,,,,,,,,,,,,,,,,,,,,,,,,,,,,,,,,,,,,,,,,,,,,,,,,,,,,,,,,,,,,,,,,,,,,,,,,,,,,,,,,,,,,,,,,,,,,,,,,,,,,,,,,,,,,,,,,,,,,,,,,Human Health Hazards#Repeated Dose Toxicity,Repeated Dose Toxicity HESS,1993,,NOEL,OECD TG 407,False,No qualifier,Equal,,,,,,,,,,,Rat,,,,,,,,,,,,,,,,,,,,,,,,,,,,,,,,,,,,,,Occult Blood,,,,,,,,,,,,,,,,,,,,,,,,,,,,,,,,99.7,None,,,,,,,,,,,,,,,,,,,,,,,,,,,,,,,,,,,,,,,,,,,,,,,,,,,,,,,,,,,,,,,,SD,Oral (Gavage),,,,,,,,,,,,,,,,,,,,,,Female,Main,"National Institute of Health Sciences, Japan",Urine,RDT,Research Institute for Animal Science in Biochemistry & Toxicology,Urinalysis,1000,mg/kg bdwt/d,Administered dose(mass),30,mg/kg bdwt/d,Administered dose(mass),0,d,Time,,,,,,,,,,,,,,,,,,,,,,,,,,,,,,,,,,,,,,,,,,,,,,,,,,,,,,,,,,,,,,,28,d,Time,,,1000,,mg/kg bdwt/d,Administered dose(mass),,,1000,,mg/kg/d,Administered dose(mass),,
78-42-2,"Phosphoric acid, tris(2-ethylhexyl) ester;tris (2-ethylhexyl) phosphate;Tris(2-ethylhexyl) phosphate;tris(2-ethylhexyl)ester phosphoric acid;tris(2-ethylhexyl)ester_phosphoric_acid;tris(2-ethylhexyl)phosphate;Tris(2-ethylhexyl)phosphate (TEHP)",,,,,,,,,,,,,,,,,,,,,,,,,,,,,,,,,,,,,,,,,,,,,,,,,,,,,,,,,,,,,,,,,,,,,,,,,,,,,,,,,,,,,,,,,,,,,,,,,,,,,,,,,,,,,,,,,,,,,,,,,,,,,,,,Human Health Hazards#Repeated Dose Toxicity,Repeated Dose Toxicity HESS,1993,,NOEL,OECD TG 407,False,No qualifier,Equal,,,,,,,,,,,Rat,,,,,,,,,,,,,,,,,,,,,,,,,,,,,,,,,,,,,,Occult Blood,,,,,,,,,,,,,,,,,,,,,,,,,,,,,,,,99.7,None,,,,,,,,,,,,,,,,,,,,,,,,,,,,,,,,,,,,,,,,,,,,,,,,,,,,,,,,,,,,,,,,SD,Oral (Gavage),,,,,,,,,,,,,,,,,,,,,,Male,Main,"National Institute of Health Sciences, Japan",Urine,RDT,Research Institute for Animal Science in Biochemistry & Toxicology,Urinalysis,1000,mg/kg bdwt/d,Administered dose(mass),30,mg/kg bdwt/d,Administered dose(mass),0,d,Time,,,,,,,,,,,,,,,,,,,,,,,,,,,,,,,,,,,,,,,,,,,,,,,,,,,,,,,,,,,,,,,28,d,Time,,,1000,,mg/kg bdwt/d,Administered dose(mass),,,1000,,mg/kg/d,Administered dose(mass),,
78-42-2,"Phosphoric acid, tris(2-ethylhexyl) ester;tris (2-ethylhexyl) phosphate;Tris(2-ethylhexyl) phosphate;tris(2-ethylhexyl)ester phosphoric acid;tris(2-ethylhexyl)ester_phosphoric_acid;tris(2-ethylhexyl)phosphate;Tris(2-ethylhexyl)phosphate (TEHP)",,,,,,,,,,,,,,,,,,,,,,,,,,,,,,,,,,,,,,,,,,,,,,,,,,,,,,,,,,,,,,,,,,,,,,,,,,,,,,,,,,,,,,,,,,,,,,,,,,,,,,,,,,,,,,,,,,,,,,,,,,,,,,,,Human Health Hazards#Repeated Dose Toxicity,Repeated Dose Toxicity HESS,1993,,NOEL,OECD TG 407,False,No qualifier,Equal,,,,,,,,,,,Rat,,,,,,,,,,,,,,,,,,,,,,,,,,,,,,,,,,,,,,PH↑,,,,,,,,,,,,,,,,,,,,,,,,,,,,,,,,99.7,None,,,,,,,,,,,,,,,,,,,,,,,,,,,,,,,,,,,,,,,,,,,,,,,,,,,,,,,,,,,,,,,,SD,Oral (Gavage),,,,,,,,,,,,,,,,,,,,,,Female,Main,"National Institute of Health Sciences, Japan",Urine,RDT,Research Institute for Animal Science in Biochemistry & Toxicology,Urinalysis,1000,mg/kg bdwt/d,Administered dose(mass),30,mg/kg bdwt/d,Administered dose(mass),0,d,Time,,,,,,,,,,,,,,,,,,,,,,,,,,,,,,,,,,,,,,,,,,,,,,,,,,,,,,,,,,,,,,,28,d,Time,,,1000,,mg/kg bdwt/d,Administered dose(mass),,,1000,,mg/kg/d,Administered dose(mass),,
78-42-2,"Phosphoric acid, tris(2-ethylhexyl) ester;tris (2-ethylhexyl) phosphate;Tris(2-ethylhexyl) phosphate;tris(2-ethylhexyl)ester phosphoric acid;tris(2-ethylhexyl)ester_phosphoric_acid;tris(2-ethylhexyl)phosphate;Tris(2-ethylhexyl)phosphate (TEHP)",,,,,,,,,,,,,,,,,,,,,,,,,,,,,,,,,,,,,,,,,,,,,,,,,,,,,,,,,,,,,,,,,,,,,,,,,,,,,,,,,,,,,,,,,,,,,,,,,,,,,,,,,,,,,,,,,,,,,,,,,,,,,,,,Human Health Hazards#Repeated Dose Toxicity,Repeated Dose Toxicity HESS,1993,,NOEL,OECD TG 407,False,No qualifier,Equal,,,,,,,,,,,Rat,,,,,,,,,,,,,,,,,,,,,,,,,,,,,,,,,,,,,,PH↑,,,,,,,,,,,,,,,,,,,,,,,,,,,,,,,,99.7,None,,,,,,,,,,,,,,,,,,,,,,,,,,,,,,,,,,,,,,,,,,,,,,,,,,,,,,,,,,,,,,,,SD,Oral (Gavage),,,,,,,,,,,,,,,,,,,,,,Male,Main,"National Institute of Health Sciences, Japan",Urine,RDT,Research Institute for Animal Science in Biochemistry & Toxicology,Urinalysis,1000,mg/kg bdwt/d,Administered dose(mass),30,mg/kg bdwt/d,Administered dose(mass),0,d,Time,,,,,,,,,,,,,,,,,,,,,,,,,,,,,,,,,,,,,,,,,,,,,,,,,,,,,,,,,,,,,,,28,d,Time,,,1000,,mg/kg bdwt/d,Administered dose(mass),,,1000,,mg/kg/d,Administered dose(mass),,
78-42-2,"Phosphoric acid, tris(2-ethylhexyl) ester;tris (2-ethylhexyl) phosphate;Tris(2-ethylhexyl) phosphate;tris(2-ethylhexyl)ester phosphoric acid;tris(2-ethylhexyl)ester_phosphoric_acid;tris(2-ethylhexyl)phosphate;Tris(2-ethylhexyl)phosphate (TEHP)",,,,,,,,,,,,,,,,,,,,,,,,,,,,,,,,,,,,,,,,,,,,,,,,,,,,,,,,,,,,,,,,,,,,,,,,,,,,,,,,,,,,,,,,,,,,,,,,,,,,,,,,,,,,,,,,,,,,,,,,,,,,,,,,Human Health Hazards#Repeated Dose Toxicity,Repeated Dose Toxicity HESS,1993,,NOEL,OECD TG 407,False,No qualifier,Equal,,,,,,,,,,,Rat,,,,,,,,,,,,,,,,,,,,,,,,,,,,,,,,,,,,,,PH↓,,,,,,,,,,,,,,,,,,,,,,,,,,,,,,,,99.7,None,,,,,,,,,,,,,,,,,,,,,,,,,,,,,,,,,,,,,,,,,,,,,,,,,,,,,,,,,,,,,,,,SD,Oral (Gavage),,,,,,,,,,,,,,,,,,,,,,Female,Main,"National Institute of Health Sciences, Japan",Urine,RDT,Research Institute for Animal Science in Biochemistry & Toxicology,Urinalysis,1000,mg/kg bdwt/d,Administered dose(mass),30,mg/kg bdwt/d,Administered dose(mass),0,d,Time,,,,,,,,,,,,,,,,,,,,,,,,,,,,,,,,,,,,,,,,,,,,,,,,,,,,,,,,,,,,,,,28,d,Time,,,1000,,mg/kg bdwt/d,Administered dose(mass),,,1000,,mg/kg/d,Administered dose(mass),,
78-42-2,"Phosphoric acid, tris(2-ethylhexyl) ester;tris (2-ethylhexyl) phosphate;Tris(2-ethylhexyl) phosphate;tris(2-ethylhexyl)ester phosphoric acid;tris(2-ethylhexyl)ester_phosphoric_acid;tris(2-ethylhexyl)phosphate;Tris(2-ethylhexyl)phosphate (TEHP)",,,,,,,,,,,,,,,,,,,,,,,,,,,,,,,,,,,,,,,,,,,,,,,,,,,,,,,,,,,,,,,,,,,,,,,,,,,,,,,,,,,,,,,,,,,,,,,,,,,,,,,,,,,,,,,,,,,,,,,,,,,,,,,,Human Health Hazards#Repeated Dose Toxicity,Repeated Dose Toxicity HESS,1993,,NOEL,OECD TG 407,False,No qualifier,Equal,,,,,,,,,,,Rat,,,,,,,,,,,,,,,,,,,,,,,,,,,,,,,,,,,,,,PH↓,,,,,,,,,,,,,,,,,,,,,,,,,,,,,,,,99.7,None,,,,,,,,,,,,,,,,,,,,,,,,,,,,,,,,,,,,,,,,,,,,,,,,,,,,,,,,,,,,,,,,SD,Oral (Gavage),,,,,,,,,,,,,,,,,,,,,,Male,Main,"National Institute of Health Sciences, Japan",Urine,RDT,Research Institute for Animal Science in Biochemistry & Toxicology,Urinalysis,1000,mg/kg bdwt/d,Administered dose(mass),30,mg/kg bdwt/d,Administered dose(mass),0,d,Time,,,,,,,,,,,,,,,,,,,,,,,,,,,,,,,,,,,,,,,,,,,,,,,,,,,,,,,,,,,,,,,28,d,Time,,,1000,,mg/kg bdwt/d,Administered dose(mass),,,1000,,mg/kg/d,Administered dose(mass),,
78-42-2,"Phosphoric acid, tris(2-ethylhexyl) ester;tris (2-ethylhexyl) phosphate;Tris(2-ethylhexyl) phosphate;tris(2-ethylhexyl)ester phosphoric acid;tris(2-ethylhexyl)ester_phosphoric_acid;tris(2-ethylhexyl)phosphate;Tris(2-ethylhexyl)phosphate (TEHP)",,,,,,,,,,,,,,,,,,,,,,,,,,,,,,,,,,,,,,,,,,,,,,,,,,,,,,,,,,,,,,,,,,,,,,,,,,,,,,,,,,,,,,,,,,,,,,,,,,,,,,,,,,,,,,,,,,,,,,,,,,,,,,,,Human Health Hazards#Repeated Dose Toxicity,Repeated Dose Toxicity HESS,1993,,NOEL,OECD TG 407,False,No qualifier,Equal,,,,,,,,,,,Rat,,,,,,,,,,,,,,,,,,,,,,,,,,,,,,,,,,,,,,Protein↑,,,,,,,,,,,,,,,,,,,,,,,,,,,,,,,,99.7,None,,,,,,,,,,,,,,,,,,,,,,,,,,,,,,,,,,,,,,,,,,,,,,,,,,,,,,,,,,,,,,,,SD,Oral (Gavage),,,,,,,,,,,,,,,,,,,,,,Female,Main,"National Institute of Health Sciences, Japan",Urine,RDT,Research Institute for Animal Science in Biochemistry & Toxicology,Urinalysis,1000,mg/kg bdwt/d,Administered dose(mass),30,mg/kg bdwt/d,Administered dose(mass),0,d,Time,,,,,,,,,,,,,,,,,,,,,,,,,,,,,,,,,,,,,,,,,,,,,,,,,,,,,,,,,,,,,,,28,d,Time,,,1000,,mg/kg bdwt/d,Administered dose(mass),,,1000,,mg/kg/d,Administered dose(mass),,
78-42-2,"Phosphoric acid, tris(2-ethylhexyl) ester;tris (2-ethylhexyl) phosphate;Tris(2-ethylhexyl) phosphate;tris(2-ethylhexyl)ester phosphoric acid;tris(2-ethylhexyl)ester_phosphoric_acid;tris(2-ethylhexyl)phosphate;Tris(2-ethylhexyl)phosphate (TEHP)",,,,,,,,,,,,,,,,,,,,,,,,,,,,,,,,,,,,,,,,,,,,,,,,,,,,,,,,,,,,,,,,,,,,,,,,,,,,,,,,,,,,,,,,,,,,,,,,,,,,,,,,,,,,,,,,,,,,,,,,,,,,,,,,Human Health Hazards#Repeated Dose Toxicity,Repeated Dose Toxicity HESS,1993,,NOEL,OECD TG 407,False,No qualifier,Equal,,,,,,,,,,,Rat,,,,,,,,,,,,,,,,,,,,,,,,,,,,,,,,,,,,,,Protein↑,,,,,,,,,,,,,,,,,,,,,,,,,,,,,,,,99.7,None,,,,,,,,,,,,,,,,,,,,,,,,,,,,,,,,,,,,,,,,,,,,,,,,,,,,,,,,,,,,,,,,SD,Oral (Gavage),,,,,,,,,,,,,,,,,,,,,,Male,Main,"National Institute of Health Sciences, Japan",Urine,RDT,Research Institute for Animal Science in Biochemistry & Toxicology,Urinalysis,1000,mg/kg bdwt/d,Administered dose(mass),30,mg/kg bdwt/d,Administered dose(mass),0,d,Time,,,,,,,,,,,,,,,,,,,,,,,,,,,,,,,,,,,,,,,,,,,,,,,,,,,,,,,,,,,,,,,28,d,Time,,,1000,,mg/kg bdwt/d,Administered dose(mass),,,1000,,mg/kg/d,Administered dose(mass),,
78-42-2,"Phosphoric acid, tris(2-ethylhexyl) ester;tris (2-ethylhexyl) phosphate;Tris(2-ethylhexyl) phosphate;tris(2-ethylhexyl)ester phosphoric acid;tris(2-ethylhexyl)ester_phosphoric_acid;tris(2-ethylhexyl)phosphate;Tris(2-ethylhexyl)phosphate (TEHP)",,,,,,,,,,,,,,,,,,,,,,,,,,,,,,,,,,,,,,,,,,,,,,,,,,,,,,,,,,,,,,,,,,,,,,,,,,,,,,,,,,,,,,,,,,,,,,,,,,,,,,,,,,,,,,,,,,,,,,,,,,,,,,,,Human Health Hazards#Repeated Dose Toxicity,Repeated Dose Toxicity HESS,1993,,NOEL,OECD TG 407,False,No qualifier,Equal,,,,,,,,,,,Rat,,,,,,,,,,,,,,,,,,,,,,,,,,,,,,,,,,,,,,Protein↓,,,,,,,,,,,,,,,,,,,,,,,,,,,,,,,,99.7,None,,,,,,,,,,,,,,,,,,,,,,,,,,,,,,,,,,,,,,,,,,,,,,,,,,,,,,,,,,,,,,,,SD,Oral (Gavage),,,,,,,,,,,,,,,,,,,,,,Female,Main,"National Institute of Health Sciences, Japan",Urine,RDT,Research Institute for Animal Science in Biochemistry & Toxicology,Urinalysis,1000,mg/kg bdwt/d,Administered dose(mass),30,mg/kg bdwt/d,Administered dose(mass),0,d,Time,,,,,,,,,,,,,,,,,,,,,,,,,,,,,,,,,,,,,,,,,,,,,,,,,,,,,,,,,,,,,,,28,d,Time,,,1000,,mg/kg bdwt/d,Administered dose(mass),,,1000,,mg/kg/d,Administered dose(mass),,
78-42-2,"Phosphoric acid, tris(2-ethylhexyl) ester;tris (2-ethylhexyl) phosphate;Tris(2-ethylhexyl) phosphate;tris(2-ethylhexyl)ester phosphoric acid;tris(2-ethylhexyl)ester_phosphoric_acid;tris(2-ethylhexyl)phosphate;Tris(2-ethylhexyl)phosphate (TEHP)",,,,,,,,,,,,,,,,,,,,,,,,,,,,,,,,,,,,,,,,,,,,,,,,,,,,,,,,,,,,,,,,,,,,,,,,,,,,,,,,,,,,,,,,,,,,,,,,,,,,,,,,,,,,,,,,,,,,,,,,,,,,,,,,Human Health Hazards#Repeated Dose Toxicity,Repeated Dose Toxicity HESS,1993,,NOEL,OECD TG 407,False,No qualifier,Equal,,,,,,,,,,,Rat,,,,,,,,,,,,,,,,,,,,,,,,,,,,,,,,,,,,,,Protein↓,,,,,,,,,,,,,,,,,,,,,,,,,,,,,,,,99.7,None,,,,,,,,,,,,,,,,,,,,,,,,,,,,,,,,,,,,,,,,,,,,,,,,,,,,,,,,,,,,,,,,SD,Oral (Gavage),,,,,,,,,,,,,,,,,,,,,,Male,Main,"National Institute of Health Sciences, Japan",Urine,RDT,Research Institute for Animal Science in Biochemistry & Toxicology,Urinalysis,1000,mg/kg bdwt/d,Administered dose(mass),30,mg/kg bdwt/d,Administered dose(mass),0,d,Time,,,,,,,,,,,,,,,,,,,,,,,,,,,,,,,,,,,,,,,,,,,,,,,,,,,,,,,,,,,,,,,28,d,Time,,,1000,,mg/kg bdwt/d,Administered dose(mass),,,1000,,mg/kg/d,Administered dose(mass),,
78-42-2,"Phosphoric acid, tris(2-ethylhexyl) ester;tris (2-ethylhexyl) phosphate;Tris(2-ethylhexyl) phosphate;tris(2-ethylhexyl)ester phosphoric acid;tris(2-ethylhexyl)ester_phosphoric_acid;tris(2-ethylhexyl)phosphate;Tris(2-ethylhexyl)phosphate (TEHP)",,,,,,,,,,,,,,,,,,,,,,,,,,,,,,,,,,,,,,,,,,,,,,,,,,,,,,,,,,,,,,,,,,,,,,,,,,,,,,,,,,,,,,,,,,,,,,,,,,,,,,,,,,,,,,,,,,,,,,,,,,,,,,,,Human Health Hazards#Repeated Dose Toxicity,Repeated Dose Toxicity HESS,1993,,NOEL,OECD TG 407,False,No qualifier,Equal,,,,,,,,,,,Rat,,,,,,,,,,,,,,,,,,,,,,,,,,,,,,,,,,,,,,Urinary Sediment,,,,,,,,,,,,,,,,,,,,,,,,,,,,,,,,99.7,None,,,,,,,,,,,,,,,,,,,,,,,,,,,,,,,,,,,,,,,,,,,,,,,,,,,,,,,,,,,,,,,,SD,Oral (Gavage),,,,,,,,,,,,,,,,,,,,,,Female,Main,"National Institute of Health Sciences, Japan",Urine,RDT,Research Institute for Animal Science in Biochemistry & Toxicology,Urinalysis,1000,mg/kg bdwt/d,Administered dose(mass),30,mg/kg bdwt/d,Administered dose(mass),0,d,Time,,,,,,,,,,,,,,,,,,,,,,,,,,,,,,,,,,,,,,,,,,,,,,,,,,,,,,,,,,,,,,,28,d,Time,,,1000,,mg/kg bdwt/d,Administered dose(mass),,,1000,,mg/kg/d,Administered dose(mass),,
78-42-2,"Phosphoric acid, tris(2-ethylhexyl) ester;tris (2-ethylhexyl) phosphate;Tris(2-ethylhexyl) phosphate;tris(2-ethylhexyl)ester phosphoric acid;tris(2-ethylhexyl)ester_phosphoric_acid;tris(2-ethylhexyl)phosphate;Tris(2-ethylhexyl)phosphate (TEHP)",,,,,,,,,,,,,,,,,,,,,,,,,,,,,,,,,,,,,,,,,,,,,,,,,,,,,,,,,,,,,,,,,,,,,,,,,,,,,,,,,,,,,,,,,,,,,,,,,,,,,,,,,,,,,,,,,,,,,,,,,,,,,,,,Human Health Hazards#Repeated Dose Toxicity,Repeated Dose Toxicity HESS,1993,,NOEL,OECD TG 407,False,No qualifier,Equal,,,,,,,,,,,Rat,,,,,,,,,,,,,,,,,,,,,,,,,,,,,,,,,,,,,,Urinary Sediment,,,,,,,,,,,,,,,,,,,,,,,,,,,,,,,,99.7,None,,,,,,,,,,,,,,,,,,,,,,,,,,,,,,,,,,,,,,,,,,,,,,,,,,,,,,,,,,,,,,,,SD,Oral (Gavage),,,,,,,,,,,,,,,,,,,,,,Male,Main,"National Institute of Health Sciences, Japan",Urine,RDT,Research Institute for Animal Science in Biochemistry & Toxicology,Urinalysis,1000,mg/kg bdwt/d,Administered dose(mass),30,mg/kg bdwt/d,Administered dose(mass),0,d,Time,,,,,,,,,,,,,,,,,,,,,,,,,,,,,,,,,,,,,,,,,,,,,,,,,,,,,,,,,,,,,,,28,d,Time,,,1000,,mg/kg bdwt/d,Administered dose(mass),,,1000,,mg/kg/d,Administered dose(mass),,
78-42-2,"Phosphoric acid, tris(2-ethylhexyl) ester;tris (2-ethylhexyl) phosphate;Tris(2-ethylhexyl) phosphate;tris(2-ethylhexyl)ester phosphoric acid;tris(2-ethylhexyl)ester_phosphoric_acid;tris(2-ethylhexyl)phosphate;Tris(2-ethylhexyl)phosphate (TEHP)",,,,,,,,,,,,,,,,,,,,,,,,,,,,,,,,,,,,,,,,,,,,,,,,,,,,,,,,,,,,,,,,,,,,,,,,,,,,,,,,,,,,,,,,,,,,,,,,,,,,,,,,,,,,,,,,,,,,,,,,,,,,,,,,Human Health Hazards#Repeated Dose Toxicity,Repeated Dose Toxicity HESS,1993,,NOEL,OECD TG 407,False,No qualifier,Equal,,,,,,,,,,,Rat,,,,,,,,,,,,,,,,,,,,,,,,,,,,,,,,,,,,,,Urobilinogen↑,,,,,,,,,,,,,,,,,,,,,,,,,,,,,,,,99.7,None,,,,,,,,,,,,,,,,,,,,,,,,,,,,,,,,,,,,,,,,,,,,,,,,,,,,,,,,,,,,,,,,SD,Oral (Gavage),,,,,,,,,,,,,,,,,,,,,,Female,Main,"National Institute of Health Sciences, Japan",Urine,RDT,Research Institute for Animal Science in Biochemistry & Toxicology,Urinalysis,1000,mg/kg bdwt/d,Administered dose(mass),30,mg/kg bdwt/d,Administered dose(mass),0,d,Time,,,,,,,,,,,,,,,,,,,,,,,,,,,,,,,,,,,,,,,,,,,,,,,,,,,,,,,,,,,,,,,28,d,Time,,,1000,,mg/kg bdwt/d,Administered dose(mass),,,1000,,mg/kg/d,Administered dose(mass),,
78-42-2,"Phosphoric acid, tris(2-ethylhexyl) ester;tris (2-ethylhexyl) phosphate;Tris(2-ethylhexyl) phosphate;tris(2-ethylhexyl)ester phosphoric acid;tris(2-ethylhexyl)ester_phosphoric_acid;tris(2-ethylhexyl)phosphate;Tris(2-ethylhexyl)phosphate (TEHP)",,,,,,,,,,,,,,,,,,,,,,,,,,,,,,,,,,,,,,,,,,,,,,,,,,,,,,,,,,,,,,,,,,,,,,,,,,,,,,,,,,,,,,,,,,,,,,,,,,,,,,,,,,,,,,,,,,,,,,,,,,,,,,,,Human Health Hazards#Repeated Dose Toxicity,Repeated Dose Toxicity HESS,1993,,NOEL,OECD TG 407,False,No qualifier,Equal,,,,,,,,,,,Rat,,,,,,,,,,,,,,,,,,,,,,,,,,,,,,,,,,,,,,Urobilinogen↑,,,,,,,,,,,,,,,,,,,,,,,,,,,,,,,,99.7,None,,,,,,,,,,,,,,,,,,,,,,,,,,,,,,,,,,,,,,,,,,,,,,,,,,,,,,,,,,,,,,,,SD,Oral (Gavage),,,,,,,,,,,,,,,,,,,,,,Male,Main,"National Institute of Health Sciences, Japan",Urine,RDT,Research Institute for Animal Science in Biochemistry & Toxicology,Urinalysis,1000,mg/kg bdwt/d,Administered dose(mass),30,mg/kg bdwt/d,Administered dose(mass),0,d,Time,,,,,,,,,,,,,,,,,,,,,,,,,,,,,,,,,,,,,,,,,,,,,,,,,,,,,,,,,,,,,,,28,d,Time,,,1000,,mg/kg bdwt/d,Administered dose(mass),,,1000,,mg/kg/d,Administered dose(mass),,
78-42-2,"Phosphoric acid, tris(2-ethylhexyl) ester;tris (2-ethylhexyl) phosphate;Tris(2-ethylhexyl) phosphate;tris(2-ethylhexyl)ester phosphoric acid;tris(2-ethylhexyl)ester_phosphoric_acid;tris(2-ethylhexyl)phosphate;Tris(2-ethylhexyl)phosphate (TEHP)",,,,,,,,,,,,,,,,,,,,,,,,,,,,,,,,,,,,,,,,,,,,,,,,,,,,,,,,,,,,,,,,,,,,,,,,,,,,,,,,,,,,,,,,,,,,,,,,,,,,,,,,,,,,,,,,,,,,,,,,,,,,,,,,Human Health Hazards#Repeated Dose Toxicity,Repeated Dose Toxicity HESS,1993,,NOEL,OECD TG 407,False,No qualifier,Equal,,,,,,,,,,,Rat,,,,,,,,,,,,,,,,,,,,,,,,,,,,,,,,,,,,,,Urobilinogen↓,,,,,,,,,,,,,,,,,,,,,,,,,,,,,,,,99.7,None,,,,,,,,,,,,,,,,,,,,,,,,,,,,,,,,,,,,,,,,,,,,,,,,,,,,,,,,,,,,,,,,SD,Oral (Gavage),,,,,,,,,,,,,,,,,,,,,,Female,Main,"National Institute of Health Sciences, Japan",Urine,RDT,Research Institute for Animal Science in Biochemistry & Toxicology,Urinalysis,1000,mg/kg bdwt/d,Administered dose(mass),30,mg/kg bdwt/d,Administered dose(mass),0,d,Time,,,,,,,,,,,,,,,,,,,,,,,,,,,,,,,,,,,,,,,,,,,,,,,,,,,,,,,,,,,,,,,28,d,Time,,,1000,,mg/kg bdwt/d,Administered dose(mass),,,1000,,mg/kg/d,Administered dose(mass),,
78-42-2,"Phosphoric acid, tris(2-ethylhexyl) ester;tris (2-ethylhexyl) phosphate;Tris(2-ethylhexyl) phosphate;tris(2-ethylhexyl)ester phosphoric acid;tris(2-ethylhexyl)ester_phosphoric_acid;tris(2-ethylhexyl)phosphate;Tris(2-ethylhexyl)phosphate (TEHP)",,,,,,,,,,,,,,,,,,,,,,,,,,,,,,,,,,,,,,,,,,,,,,,,,,,,,,,,,,,,,,,,,,,,,,,,,,,,,,,,,,,,,,,,,,,,,,,,,,,,,,,,,,,,,,,,,,,,,,,,,,,,,,,,Human Health Hazards#Repeated Dose Toxicity,Repeated Dose Toxicity HESS,1993,,NOEL,OECD TG 407,False,No qualifier,Equal,,,,,,,,,,,Rat,,,,,,,,,,,,,,,,,,,,,,,,,,,,,,,,,,,,,,Urobilinogen↓,,,,,,,,,,,,,,,,,,,,,,,,,,,,,,,,99.7,None,,,,,,,,,,,,,,,,,,,,,,,,,,,,,,,,,,,,,,,,,,,,,,,,,,,,,,,,,,,,,,,,SD,Oral (Gavage),,,,,,,,,,,,,,,,,,,,,,Male,Main,"National Institute of Health Sciences, Japan",Urine,RDT,Research Institute for Animal Science in Biochemistry & Toxicology,Urinalysis,1000,mg/kg bdwt/d,Administered dose(mass),30,mg/kg bdwt/d,Administered dose(mass),0,d,Time,,,,,,,,,,,,,,,,,,,,,,,,,,,,,,,,,,,,,,,,,,,,,,,,,,,,,,,,,,,,,,,28,d,Time,,,1000,,mg/kg bdwt/d,Administered dose(mass),,,1000,,mg/kg/d,Administered dose(mass),,
78-42-2,"Phosphoric acid, tris(2-ethylhexyl) ester;tris (2-ethylhexyl) phosphate;Tris(2-ethylhexyl) phosphate;tris(2-ethylhexyl)ester phosphoric acid;tris(2-ethylhexyl)ester_phosphoric_acid;tris(2-ethylhexyl)phosphate;Tris(2-ethylhexyl)phosphate (TEHP)",,,,,,,,,,,,,,,,,,,,,,,,,,,,,,,,,,,,,,,,,,,,,,,,,,,,,,,,,,,,,,,,,,,,,,,,,,,,,,,,,,,,,,,,,,,,,,,,,,,,,,,,,,,,,,,,,,,,,,,,,,,,,,,,Human Health Hazards#Repeated Dose Toxicity,Repeated Dose Toxicity HESS,1993,,NOEL,OECD TG 407,False,No qualifier,Equal,,,,,,,,,,,Rat,,,,,,,,,,,,,,,,,,,,,,,,,,,,,,,,,,,,,,,,,,,,,,,,,,,,,,,,,,,,,,,,,,,,,,99.7,None,,,,,,,,,,,,,,,,,,,,,,,,,,,,,,,,,,,,,,,,,,,,,,,,,,,,,,,,,,,,,,,,SD,Oral (Gavage),,,,,,,,,,,,,,,,,,,,,,Female,Main,"National Institute of Health Sciences, Japan",Uterus,RDT,Research Institute for Animal Science in Biochemistry & Toxicology,Necropsy,1000,mg/kg bdwt/d,Administered dose(mass),30,mg/kg bdwt/d,Administered dose(mass),0,d,Time,,,,,,,,,,,,,,,,,,,,,,,,,,,,,,,,,,,,,,,,,,,,,,,,,,,,,,,,,,,,,,,28,d,Time,,,1000,,mg/kg bdwt/d,Administered dose(mass),,,1000,,mg/kg/d,Administered dose(mass),,
78-42-2,"Phosphoric acid, tris(2-ethylhexyl) ester;tris (2-ethylhexyl) phosphate;Tris(2-ethylhexyl) phosphate;tris(2-ethylhexyl)ester phosphoric acid;tris(2-ethylhexyl)ester_phosphoric_acid;tris(2-ethylhexyl)phosphate;Tris(2-ethylhexyl)phosphate (TEHP)",,,,,,,,,,,,,,,,,,,,,,,,,,,,,,,,,,,,,,,,,,,,,,,,,,,,,,,,,,,,,,,,,,,,,,,,,,,,,,,,,,,,,,,,,,,,,,,,,,,,,,,,,,,,,,,,,,,,,,,,,,,,,,,,Human Health Hazards#Repeated Dose Toxicity,Repeated Dose Toxicity HESS,1993,,NOEL,OECD TG 407,False,No qualifier,Equal,,,,,,,,,,,Rat,,,,,,,,,,,,,,,,,,,,,,,,,,,,,,,,,,,,,,Abnormal Appearance,,,,,,,,,,,,,,,,,,,,,,,,,,,,,,,,99.7,None,,,,,,,,,,,,,,,,,,,,,,,,,,,,,,,,,,,,,,,,,,,,,,,,,,,,,,,,,,,,,,,,SD,Oral (Gavage),,,,,,,,,,,,,,,,,,,,,,Female,Main,"National Institute of Health Sciences, Japan",Whole body,RDT,Research Institute for Animal Science in Biochemistry & Toxicology,General signs,1000,mg/kg bdwt/d,Administered dose(mass),30,mg/kg bdwt/d,Administered dose(mass),0,d,Time,,,,,,,,,,,,,,,,,,,,,,,,,,,,,,,,,,,,,,,,,,,,,,,,,,,,,,,,,,,,,,,28,d,Time,,,1000,,mg/kg bdwt/d,Administered dose(mass),,,1000,,mg/kg/d,Administered dose(mass),,
78-42-2,"Phosphoric acid, tris(2-ethylhexyl) ester;tris (2-ethylhexyl) phosphate;Tris(2-ethylhexyl) phosphate;tris(2-ethylhexyl)ester phosphoric acid;tris(2-ethylhexyl)ester_phosphoric_acid;tris(2-ethylhexyl)phosphate;Tris(2-ethylhexyl)phosphate (TEHP)",,,,,,,,,,,,,,,,,,,,,,,,,,,,,,,,,,,,,,,,,,,,,,,,,,,,,,,,,,,,,,,,,,,,,,,,,,,,,,,,,,,,,,,,,,,,,,,,,,,,,,,,,,,,,,,,,,,,,,,,,,,,,,,,Human Health Hazards#Repeated Dose Toxicity,Repeated Dose Toxicity HESS,1993,,NOEL,OECD TG 407,False,No qualifier,Equal,,,,,,,,,,,Rat,,,,,,,,,,,,,,,,,,,,,,,,,,,,,,,,,,,,,,Abnormal Appearance,,,,,,,,,,,,,,,,,,,,,,,,,,,,,,,,99.7,None,,,,,,,,,,,,,,,,,,,,,,,,,,,,,,,,,,,,,,,,,,,,,,,,,,,,,,,,,,,,,,,,SD,Oral (Gavage),,,,,,,,,,,,,,,,,,,,,,Male,Main,"National Institute of Health Sciences, Japan",Whole body,RDT,Research Institute for Animal Science in Biochemistry & Toxicology,General signs,1000,mg/kg bdwt/d,Administered dose(mass),30,mg/kg bdwt/d,Administered dose(mass),0,d,Time,,,,,,,,,,,,,,,,,,,,,,,,,,,,,,,,,,,,,,,,,,,,,,,,,,,,,,,,,,,,,,,28,d,Time,,,1000,,mg/kg bdwt/d,Administered dose(mass),,,1000,,mg/kg/d,Administered dose(mass),,
78-42-2,"Phosphoric acid, tris(2-ethylhexyl) ester;tris (2-ethylhexyl) phosphate;Tris(2-ethylhexyl) phosphate;tris(2-ethylhexyl)ester phosphoric acid;tris(2-ethylhexyl)ester_phosphoric_acid;tris(2-ethylhexyl)phosphate;Tris(2-ethylhexyl)phosphate (TEHP)",,,,,,,,,,,,,,,,,,,,,,,,,,,,,,,,,,,,,,,,,,,,,,,,,,,,,,,,,,,,,,,,,,,,,,,,,,,,,,,,,,,,,,,,,,,,,,,,,,,,,,,,,,,,,,,,,,,,,,,,,,,,,,,,Human Health Hazards#Repeated Dose Toxicity,Repeated Dose Toxicity HESS,1993,,NOEL,OECD TG 407,False,No qualifier,Equal,,,,,,,,,,,Rat,,,,,,,,,,,,,,,,,,,,,,,,,,,,,,,,,,,,,,Abnormal Behavior,,,,,,,,,,,,,,,,,,,,,,,,,,,,,,,,99.7,None,,,,,,,,,,,,,,,,,,,,,,,,,,,,,,,,,,,,,,,,,,,,,,,,,,,,,,,,,,,,,,,,SD,Oral (Gavage),,,,,,,,,,,,,,,,,,,,,,Female,Main,"National Institute of Health Sciences, Japan",Whole body,RDT,Research Institute for Animal Science in Biochemistry & Toxicology,General signs,1000,mg/kg bdwt/d,Administered dose(mass),30,mg/kg bdwt/d,Administered dose(mass),0,d,Time,,,,,,,,,,,,,,,,,,,,,,,,,,,,,,,,,,,,,,,,,,,,,,,,,,,,,,,,,,,,,,,28,d,Time,,,1000,,mg/kg bdwt/d,Administered dose(mass),,,1000,,mg/kg/d,Administered dose(mass),,
78-42-2,"Phosphoric acid, tris(2-ethylhexyl) ester;tris (2-ethylhexyl) phosphate;Tris(2-ethylhexyl) phosphate;tris(2-ethylhexyl)ester phosphoric acid;tris(2-ethylhexyl)ester_phosphoric_acid;tris(2-ethylhexyl)phosphate;Tris(2-ethylhexyl)phosphate (TEHP)",,,,,,,,,,,,,,,,,,,,,,,,,,,,,,,,,,,,,,,,,,,,,,,,,,,,,,,,,,,,,,,,,,,,,,,,,,,,,,,,,,,,,,,,,,,,,,,,,,,,,,,,,,,,,,,,,,,,,,,,,,,,,,,,Human Health Hazards#Repeated Dose Toxicity,Repeated Dose Toxicity HESS,1993,,NOEL,OECD TG 407,False,No qualifier,Equal,,,,,,,,,,,Rat,,,,,,,,,,,,,,,,,,,,,,,,,,,,,,,,,,,,,,Abnormal Behavior,,,,,,,,,,,,,,,,,,,,,,,,,,,,,,,,99.7,None,,,,,,,,,,,,,,,,,,,,,,,,,,,,,,,,,,,,,,,,,,,,,,,,,,,,,,,,,,,,,,,,SD,Oral (Gavage),,,,,,,,,,,,,,,,,,,,,,Male,Main,"National Institute of Health Sciences, Japan",Whole body,RDT,Research Institute for Animal Science in Biochemistry & Toxicology,General signs,1000,mg/kg bdwt/d,Administered dose(mass),30,mg/kg bdwt/d,Administered dose(mass),0,d,Time,,,,,,,,,,,,,,,,,,,,,,,,,,,,,,,,,,,,,,,,,,,,,,,,,,,,,,,,,,,,,,,28,d,Time,,,1000,,mg/kg bdwt/d,Administered dose(mass),,,1000,,mg/kg/d,Administered dose(mass),,
78-42-2,"Phosphoric acid, tris(2-ethylhexyl) ester;tris (2-ethylhexyl) phosphate;Tris(2-ethylhexyl) phosphate;tris(2-ethylhexyl)ester phosphoric acid;tris(2-ethylhexyl)ester_phosphoric_acid;tris(2-ethylhexyl)phosphate;Tris(2-ethylhexyl)phosphate (TEHP)",,,,,,,,,,,,,,,,,,,,,,,,,,,,,,,,,,,,,,,,,,,,,,,,,,,,,,,,,,,,,,,,,,,,,,,,,,,,,,,,,,,,,,,,,,,,,,,,,,,,,,,,,,,,,,,,,,,,,,,,,,,,,,,,Human Health Hazards#Repeated Dose Toxicity,Repeated Dose Toxicity HESS,1993,,NOEL,OECD TG 407,False,No qualifier,Equal,,,,,,,,,,,Rat,,,,,,,,,,,,,,,,,,,,,,,,,,,,,,,,,,,,,,Abnormal Body Position,,,,,,,,,,,,,,,,,,,,,,,,,,,,,,,,99.7,None,,,,,,,,,,,,,,,,,,,,,,,,,,,,,,,,,,,,,,,,,,,,,,,,,,,,,,,,,,,,,,,,SD,Oral (Gavage),,,,,,,,,,,,,,,,,,,,,,Female,Main,"National Institute of Health Sciences, Japan",Whole body,RDT,Research Institute for Animal Science in Biochemistry & Toxicology,General signs,1000,mg/kg bdwt/d,Administered dose(mass),30,mg/kg bdwt/d,Administered dose(mass),0,d,Time,,,,,,,,,,,,,,,,,,,,,,,,,,,,,,,,,,,,,,,,,,,,,,,,,,,,,,,,,,,,,,,28,d,Time,,,1000,,mg/kg bdwt/d,Administered dose(mass),,,1000,,mg/kg/d,Administered dose(mass),,
78-42-2,"Phosphoric acid, tris(2-ethylhexyl) ester;tris (2-ethylhexyl) phosphate;Tris(2-ethylhexyl) phosphate;tris(2-ethylhexyl)ester phosphoric acid;tris(2-ethylhexyl)ester_phosphoric_acid;tris(2-ethylhexyl)phosphate;Tris(2-ethylhexyl)phosphate (TEHP)",,,,,,,,,,,,,,,,,,,,,,,,,,,,,,,,,,,,,,,,,,,,,,,,,,,,,,,,,,,,,,,,,,,,,,,,,,,,,,,,,,,,,,,,,,,,,,,,,,,,,,,,,,,,,,,,,,,,,,,,,,,,,,,,Human Health Hazards#Repeated Dose Toxicity,Repeated Dose Toxicity HESS,1993,,NOEL,OECD TG 407,False,No qualifier,Equal,,,,,,,,,,,Rat,,,,,,,,,,,,,,,,,,,,,,,,,,,,,,,,,,,,,,Abnormal Body Position,,,,,,,,,,,,,,,,,,,,,,,,,,,,,,,,99.7,None,,,,,,,,,,,,,,,,,,,,,,,,,,,,,,,,,,,,,,,,,,,,,,,,,,,,,,,,,,,,,,,,SD,Oral (Gavage),,,,,,,,,,,,,,,,,,,,,,Male,Main,"National Institute of Health Sciences, Japan",Whole body,RDT,Research Institute for Animal Science in Biochemistry & Toxicology,General signs,1000,mg/kg bdwt/d,Administered dose(mass),30,mg/kg bdwt/d,Administered dose(mass),0,d,Time,,,,,,,,,,,,,,,,,,,,,,,,,,,,,,,,,,,,,,,,,,,,,,,,,,,,,,,,,,,,,,,28,d,Time,,,1000,,mg/kg bdwt/d,Administered dose(mass),,,1000,,mg/kg/d,Administered dose(mass),,
78-42-2,"Phosphoric acid, tris(2-ethylhexyl) ester;tris (2-ethylhexyl) phosphate;Tris(2-ethylhexyl) phosphate;tris(2-ethylhexyl)ester phosphoric acid;tris(2-ethylhexyl)ester_phosphoric_acid;tris(2-ethylhexyl)phosphate;Tris(2-ethylhexyl)phosphate (TEHP)",,,,,,,,,,,,,,,,,,,,,,,,,,,,,,,,,,,,,,,,,,,,,,,,,,,,,,,,,,,,,,,,,,,,,,,,,,,,,,,,,,,,,,,,,,,,,,,,,,,,,,,,,,,,,,,,,,,,,,,,,,,,,,,,Human Health Hazards#Repeated Dose Toxicity,Repeated Dose Toxicity HESS,1993,,NOEL,OECD TG 407,False,No qualifier,Equal,,,,,,,,,,,Rat,,,,,,,,,,,,,,,,,,,,,,,,,,,,,,,,,,,,,,Abnormal Breathing,,,,,,,,,,,,,,,,,,,,,,,,,,,,,,,,99.7,None,,,,,,,,,,,,,,,,,,,,,,,,,,,,,,,,,,,,,,,,,,,,,,,,,,,,,,,,,,,,,,,,SD,Oral (Gavage),,,,,,,,,,,,,,,,,,,,,,Female,Main,"National Institute of Health Sciences, Japan",Whole body,RDT,Research Institute for Animal Science in Biochemistry & Toxicology,General signs,1000,mg/kg bdwt/d,Administered dose(mass),30,mg/kg bdwt/d,Administered dose(mass),0,d,Time,,,,,,,,,,,,,,,,,,,,,,,,,,,,,,,,,,,,,,,,,,,,,,,,,,,,,,,,,,,,,,,28,d,Time,,,1000,,mg/kg bdwt/d,Administered dose(mass),,,1000,,mg/kg/d,Administered dose(mass),,
78-42-2,"Phosphoric acid, tris(2-ethylhexyl) ester;tris (2-ethylhexyl) phosphate;Tris(2-ethylhexyl) phosphate;tris(2-ethylhexyl)ester phosphoric acid;tris(2-ethylhexyl)ester_phosphoric_acid;tris(2-ethylhexyl)phosphate;Tris(2-ethylhexyl)phosphate (TEHP)",,,,,,,,,,,,,,,,,,,,,,,,,,,,,,,,,,,,,,,,,,,,,,,,,,,,,,,,,,,,,,,,,,,,,,,,,,,,,,,,,,,,,,,,,,,,,,,,,,,,,,,,,,,,,,,,,,,,,,,,,,,,,,,,Human Health Hazards#Repeated Dose Toxicity,Repeated Dose Toxicity HESS,1993,,NOEL,OECD TG 407,False,No qualifier,Equal,,,,,,,,,,,Rat,,,,,,,,,,,,,,,,,,,,,,,,,,,,,,,,,,,,,,Abnormal Breathing,,,,,,,,,,,,,,,,,,,,,,,,,,,,,,,,99.7,None,,,,,,,,,,,,,,,,,,,,,,,,,,,,,,,,,,,,,,,,,,,,,,,,,,,,,,,,,,,,,,,,SD,Oral (Gavage),,,,,,,,,,,,,,,,,,,,,,Male,Main,"National Institute of Health Sciences, Japan",Whole body,RDT,Research Institute for Animal Science in Biochemistry & Toxicology,General signs,1000,mg/kg bdwt/d,Administered dose(mass),30,mg/kg bdwt/d,Administered dose(mass),0,d,Time,,,,,,,,,,,,,,,,,,,,,,,,,,,,,,,,,,,,,,,,,,,,,,,,,,,,,,,,,,,,,,,28,d,Time,,,1000,,mg/kg bdwt/d,Administered dose(mass),,,1000,,mg/kg/d,Administered dose(mass),,
78-42-2,"Phosphoric acid, tris(2-ethylhexyl) ester;tris (2-ethylhexyl) phosphate;Tris(2-ethylhexyl) phosphate;tris(2-ethylhexyl)ester phosphoric acid;tris(2-ethylhexyl)ester_phosphoric_acid;tris(2-ethylhexyl)phosphate;Tris(2-ethylhexyl)phosphate (TEHP)",,,,,,,,,,,,,,,,,,,,,,,,,,,,,,,,,,,,,,,,,,,,,,,,,,,,,,,,,,,,,,,,,,,,,,,,,,,,,,,,,,,,,,,,,,,,,,,,,,,,,,,,,,,,,,,,,,,,,,,,,,,,,,,,Human Health Hazards#Repeated Dose Toxicity,Repeated Dose Toxicity HESS,1993,,NOEL,OECD TG 407,False,No qualifier,Equal,,,,,,,,,,,Rat,,,,,,,,,,,,,,,,,,,,,,,,,,,,,,,,,,,,,,Abnormal Fur,,,,,,,,,,,,,,,,,,,,,,,,,,,,,,,,99.7,None,,,,,,,,,,,,,,,,,,,,,,,,,,,,,,,,,,,,,,,,,,,,,,,,,,,,,,,,,,,,,,,,SD,Oral (Gavage),,,,,,,,,,,,,,,,,,,,,,Female,Main,"National Institute of Health Sciences, Japan",Whole body,RDT,Research Institute for Animal Science in Biochemistry & Toxicology,General signs,1000,mg/kg bdwt/d,Administered dose(mass),30,mg/kg bdwt/d,Administered dose(mass),0,d,Time,,,,,,,,,,,,,,,,,,,,,,,,,,,,,,,,,,,,,,,,,,,,,,,,,,,,,,,,,,,,,,,28,d,Time,,,1000,,mg/kg bdwt/d,Administered dose(mass),,,1000,,mg/kg/d,Administered dose(mass),,
78-42-2,"Phosphoric acid, tris(2-ethylhexyl) ester;tris (2-ethylhexyl) phosphate;Tris(2-ethylhexyl) phosphate;tris(2-ethylhexyl)ester phosphoric acid;tris(2-ethylhexyl)ester_phosphoric_acid;tris(2-ethylhexyl)phosphate;Tris(2-ethylhexyl)phosphate (TEHP)",,,,,,,,,,,,,,,,,,,,,,,,,,,,,,,,,,,,,,,,,,,,,,,,,,,,,,,,,,,,,,,,,,,,,,,,,,,,,,,,,,,,,,,,,,,,,,,,,,,,,,,,,,,,,,,,,,,,,,,,,,,,,,,,Human Health Hazards#Repeated Dose Toxicity,Repeated Dose Toxicity HESS,1993,,NOEL,OECD TG 407,False,No qualifier,Equal,,,,,,,,,,,Rat,,,,,,,,,,,,,,,,,,,,,,,,,,,,,,,,,,,,,,Abnormal Fur,,,,,,,,,,,,,,,,,,,,,,,,,,,,,,,,99.7,None,,,,,,,,,,,,,,,,,,,,,,,,,,,,,,,,,,,,,,,,,,,,,,,,,,,,,,,,,,,,,,,,SD,Oral (Gavage),,,,,,,,,,,,,,,,,,,,,,Male,Main,"National Institute of Health Sciences, Japan",Whole body,RDT,Research Institute for Animal Science in Biochemistry & Toxicology,General signs,1000,mg/kg bdwt/d,Administered dose(mass),30,mg/kg bdwt/d,Administered dose(mass),0,d,Time,,,,,,,,,,,,,,,,,,,,,,,,,,,,,,,,,,,,,,,,,,,,,,,,,,,,,,,,,,,,,,,28,d,Time,,,1000,,mg/kg bdwt/d,Administered dose(mass),,,1000,,mg/kg/d,Administered dose(mass),,
78-42-2,"Phosphoric acid, tris(2-ethylhexyl) ester;tris (2-ethylhexyl) phosphate;Tris(2-ethylhexyl) phosphate;tris(2-ethylhexyl)ester phosphoric acid;tris(2-ethylhexyl)ester_phosphoric_acid;tris(2-ethylhexyl)phosphate;Tris(2-ethylhexyl)phosphate (TEHP)",,,,,,,,,,,,,,,,,,,,,,,,,,,,,,,,,,,,,,,,,,,,,,,,,,,,,,,,,,,,,,,,,,,,,,,,,,,,,,,,,,,,,,,,,,,,,,,,,,,,,,,,,,,,,,,,,,,,,,,,,,,,,,,,Human Health Hazards#Repeated Dose Toxicity,Repeated Dose Toxicity HESS,1993,,NOEL,OECD TG 407,False,No qualifier,Equal,,,,,,,,,,,Rat,,,,,,,,,,,,,,,,,,,,,,,,,,,,,,,,,,,,,,Abnormal Gait,,,,,,,,,,,,,,,,,,,,,,,,,,,,,,,,99.7,None,,,,,,,,,,,,,,,,,,,,,,,,,,,,,,,,,,,,,,,,,,,,,,,,,,,,,,,,,,,,,,,,SD,Oral (Gavage),,,,,,,,,,,,,,,,,,,,,,Female,Main,"National Institute of Health Sciences, Japan",Whole body,RDT,Research Institute for Animal Science in Biochemistry & Toxicology,General signs,1000,mg/kg bdwt/d,Administered dose(mass),30,mg/kg bdwt/d,Administered dose(mass),0,d,Time,,,,,,,,,,,,,,,,,,,,,,,,,,,,,,,,,,,,,,,,,,,,,,,,,,,,,,,,,,,,,,,28,d,Time,,,1000,,mg/kg bdwt/d,Administered dose(mass),,,1000,,mg/kg/d,Administered dose(mass),,
78-42-2,"Phosphoric acid, tris(2-ethylhexyl) ester;tris (2-ethylhexyl) phosphate;Tris(2-ethylhexyl) phosphate;tris(2-ethylhexyl)ester phosphoric acid;tris(2-ethylhexyl)ester_phosphoric_acid;tris(2-ethylhexyl)phosphate;Tris(2-ethylhexyl)phosphate (TEHP)",,,,,,,,,,,,,,,,,,,,,,,,,,,,,,,,,,,,,,,,,,,,,,,,,,,,,,,,,,,,,,,,,,,,,,,,,,,,,,,,,,,,,,,,,,,,,,,,,,,,,,,,,,,,,,,,,,,,,,,,,,,,,,,,Human Health Hazards#Repeated Dose Toxicity,Repeated Dose Toxicity HESS,1993,,NOEL,OECD TG 407,False,No qualifier,Equal,,,,,,,,,,,Rat,,,,,,,,,,,,,,,,,,,,,,,,,,,,,,,,,,,,,,Abnormal Gait,,,,,,,,,,,,,,,,,,,,,,,,,,,,,,,,99.7,None,,,,,,,,,,,,,,,,,,,,,,,,,,,,,,,,,,,,,,,,,,,,,,,,,,,,,,,,,,,,,,,,SD,Oral (Gavage),,,,,,,,,,,,,,,,,,,,,,Male,Main,"National Institute of Health Sciences, Japan",Whole body,RDT,Research Institute for Animal Science in Biochemistry & Toxicology,General signs,1000,mg/kg bdwt/d,Administered dose(mass),30,mg/kg bdwt/d,Administered dose(mass),0,d,Time,,,,,,,,,,,,,,,,,,,,,,,,,,,,,,,,,,,,,,,,,,,,,,,,,,,,,,,,,,,,,,,28,d,Time,,,1000,,mg/kg bdwt/d,Administered dose(mass),,,1000,,mg/kg/d,Administered dose(mass),,
78-42-2,"Phosphoric acid, tris(2-ethylhexyl) ester;tris (2-ethylhexyl) phosphate;Tris(2-ethylhexyl) phosphate;tris(2-ethylhexyl)ester phosphoric acid;tris(2-ethylhexyl)ester_phosphoric_acid;tris(2-ethylhexyl)phosphate;Tris(2-ethylhexyl)phosphate (TEHP)",,,,,,,,,,,,,,,,,,,,,,,,,,,,,,,,,,,,,,,,,,,,,,,,,,,,,,,,,,,,,,,,,,,,,,,,,,,,,,,,,,,,,,,,,,,,,,,,,,,,,,,,,,,,,,,,,,,,,,,,,,,,,,,,Human Health Hazards#Repeated Dose Toxicity,Repeated Dose Toxicity HESS,1993,,NOEL,OECD TG 407,False,No qualifier,Equal,,,,,,,,,,,Rat,,,,,,,,,,,,,,,,,,,,,,,,,,,,,,,,,,,,,,Abnormal Response in Handling,,,,,,,,,,,,,,,,,,,,,,,,,,,,,,,,99.7,None,,,,,,,,,,,,,,,,,,,,,,,,,,,,,,,,,,,,,,,,,,,,,,,,,,,,,,,,,,,,,,,,SD,Oral (Gavage),,,,,,,,,,,,,,,,,,,,,,Female,Main,"National Institute of Health Sciences, Japan",Whole body,RDT,Research Institute for Animal Science in Biochemistry & Toxicology,General signs,1000,mg/kg bdwt/d,Administered dose(mass),30,mg/kg bdwt/d,Administered dose(mass),0,d,Time,,,,,,,,,,,,,,,,,,,,,,,,,,,,,,,,,,,,,,,,,,,,,,,,,,,,,,,,,,,,,,,28,d,Time,,,1000,,mg/kg bdwt/d,Administered dose(mass),,,1000,,mg/kg/d,Administered dose(mass),,
78-42-2,"Phosphoric acid, tris(2-ethylhexyl) ester;tris (2-ethylhexyl) phosphate;Tris(2-ethylhexyl) phosphate;tris(2-ethylhexyl)ester phosphoric acid;tris(2-ethylhexyl)ester_phosphoric_acid;tris(2-ethylhexyl)phosphate;Tris(2-ethylhexyl)phosphate (TEHP)",,,,,,,,,,,,,,,,,,,,,,,,,,,,,,,,,,,,,,,,,,,,,,,,,,,,,,,,,,,,,,,,,,,,,,,,,,,,,,,,,,,,,,,,,,,,,,,,,,,,,,,,,,,,,,,,,,,,,,,,,,,,,,,,Human Health Hazards#Repeated Dose Toxicity,Repeated Dose Toxicity HESS,1993,,NOEL,OECD TG 407,False,No qualifier,Equal,,,,,,,,,,,Rat,,,,,,,,,,,,,,,,,,,,,,,,,,,,,,,,,,,,,,Abnormal Response in Handling,,,,,,,,,,,,,,,,,,,,,,,,,,,,,,,,99.7,None,,,,,,,,,,,,,,,,,,,,,,,,,,,,,,,,,,,,,,,,,,,,,,,,,,,,,,,,,,,,,,,,SD,Oral (Gavage),,,,,,,,,,,,,,,,,,,,,,Male,Main,"National Institute of Health Sciences, Japan",Whole body,RDT,Research Institute for Animal Science in Biochemistry & Toxicology,General signs,1000,mg/kg bdwt/d,Administered dose(mass),30,mg/kg bdwt/d,Administered dose(mass),0,d,Time,,,,,,,,,,,,,,,,,,,,,,,,,,,,,,,,,,,,,,,,,,,,,,,,,,,,,,,,,,,,,,,28,d,Time,,,1000,,mg/kg bdwt/d,Administered dose(mass),,,1000,,mg/kg/d,Administered dose(mass),,
78-42-2,"Phosphoric acid, tris(2-ethylhexyl) ester;tris (2-ethylhexyl) phosphate;Tris(2-ethylhexyl) phosphate;tris(2-ethylhexyl)ester phosphoric acid;tris(2-ethylhexyl)ester_phosphoric_acid;tris(2-ethylhexyl)phosphate;Tris(2-ethylhexyl)phosphate (TEHP)",,,,,,,,,,,,,,,,,,,,,,,,,,,,,,,,,,,,,,,,,,,,,,,,,,,,,,,,,,,,,,,,,,,,,,,,,,,,,,,,,,,,,,,,,,,,,,,,,,,,,,,,,,,,,,,,,,,,,,,,,,,,,,,,Human Health Hazards#Repeated Dose Toxicity,Repeated Dose Toxicity HESS,1993,,NOEL,OECD TG 407,False,No qualifier,Equal,,,,,,,,,,,Rat,,,,,,,,,,,,,,,,,,,,,,,,,,,,,,,,,,,,,,Abnormal Sensory Response,,,,,,,,,,,,,,,,,,,,,,,,,,,,,,,,99.7,None,,,,,,,,,,,,,,,,,,,,,,,,,,,,,,,,,,,,,,,,,,,,,,,,,,,,,,,,,,,,,,,,SD,Oral (Gavage),,,,,,,,,,,,,,,,,,,,,,Female,Main,"National Institute of Health Sciences, Japan",Whole body,RDT,Research Institute for Animal Science in Biochemistry & Toxicology,General signs,1000,mg/kg bdwt/d,Administered dose(mass),30,mg/kg bdwt/d,Administered dose(mass),0,d,Time,,,,,,,,,,,,,,,,,,,,,,,,,,,,,,,,,,,,,,,,,,,,,,,,,,,,,,,,,,,,,,,28,d,Time,,,1000,,mg/kg bdwt/d,Administered dose(mass),,,1000,,mg/kg/d,Administered dose(mass),,
78-42-2,"Phosphoric acid, tris(2-ethylhexyl) ester;tris (2-ethylhexyl) phosphate;Tris(2-ethylhexyl) phosphate;tris(2-ethylhexyl)ester phosphoric acid;tris(2-ethylhexyl)ester_phosphoric_acid;tris(2-ethylhexyl)phosphate;Tris(2-ethylhexyl)phosphate (TEHP)",,,,,,,,,,,,,,,,,,,,,,,,,,,,,,,,,,,,,,,,,,,,,,,,,,,,,,,,,,,,,,,,,,,,,,,,,,,,,,,,,,,,,,,,,,,,,,,,,,,,,,,,,,,,,,,,,,,,,,,,,,,,,,,,Human Health Hazards#Repeated Dose Toxicity,Repeated Dose Toxicity HESS,1993,,NOEL,OECD TG 407,False,No qualifier,Equal,,,,,,,,,,,Rat,,,,,,,,,,,,,,,,,,,,,,,,,,,,,,,,,,,,,,Abnormal Sensory Response,,,,,,,,,,,,,,,,,,,,,,,,,,,,,,,,99.7,None,,,,,,,,,,,,,,,,,,,,,,,,,,,,,,,,,,,,,,,,,,,,,,,,,,,,,,,,,,,,,,,,SD,Oral (Gavage),,,,,,,,,,,,,,,,,,,,,,Male,Main,"National Institute of Health Sciences, Japan",Whole body,RDT,Research Institute for Animal Science in Biochemistry & Toxicology,General signs,1000,mg/kg bdwt/d,Administered dose(mass),30,mg/kg bdwt/d,Administered dose(mass),0,d,Time,,,,,,,,,,,,,,,,,,,,,,,,,,,,,,,,,,,,,,,,,,,,,,,,,,,,,,,,,,,,,,,28,d,Time,,,1000,,mg/kg bdwt/d,Administered dose(mass),,,1000,,mg/kg/d,Administered dose(mass),,
78-42-2,"Phosphoric acid, tris(2-ethylhexyl) ester;tris (2-ethylhexyl) phosphate;Tris(2-ethylhexyl) phosphate;tris(2-ethylhexyl)ester phosphoric acid;tris(2-ethylhexyl)ester_phosphoric_acid;tris(2-ethylhexyl)phosphate;Tris(2-ethylhexyl)phosphate (TEHP)",,,,,,,,,,,,,,,,,,,,,,,,,,,,,,,,,,,,,,,,,,,,,,,,,,,,,,,,,,,,,,,,,,,,,,,,,,,,,,,,,,,,,,,,,,,,,,,,,,,,,,,,,,,,,,,,,,,,,,,,,,,,,,,,Human Health Hazards#Repeated Dose Toxicity,Repeated Dose Toxicity HESS,1993,,NOEL,OECD TG 407,False,No qualifier,Equal,,,,,,,,,,,Rat,,,,,,,,,,,,,,,,,,,,,,,,,,,,,,,,,,,,,,Body Weight↑,,,,,,,,,,,,,,,,,,,,,,,,,,,,,,,,99.7,None,,,,,,,,,,,,,,,,,,,,,,,,,,,,,,,,,,,,,,,,,,,,,,,,,,,,,,,,,,,,,,,,SD,Oral (Gavage),,,,,,,,,,,,,,,,,,,,,,Female,Main,"National Institute of Health Sciences, Japan",Whole body,RDT,Research Institute for Animal Science in Biochemistry & Toxicology,General signs,1000,mg/kg bdwt/d,Administered dose(mass),30,mg/kg bdwt/d,Administered dose(mass),0,d,Time,,,,,,,,,,,,,,,,,,,,,,,,,,,,,,,,,,,,,,,,,,,,,,,,,,,,,,,,,,,,,,,28,d,Time,,,1000,,mg/kg bdwt/d,Administered dose(mass),,,1000,,mg/kg/d,Administered dose(mass),,
78-42-2,"Phosphoric acid, tris(2-ethylhexyl) ester;tris (2-ethylhexyl) phosphate;Tris(2-ethylhexyl) phosphate;tris(2-ethylhexyl)ester phosphoric acid;tris(2-ethylhexyl)ester_phosphoric_acid;tris(2-ethylhexyl)phosphate;Tris(2-ethylhexyl)phosphate (TEHP)",,,,,,,,,,,,,,,,,,,,,,,,,,,,,,,,,,,,,,,,,,,,,,,,,,,,,,,,,,,,,,,,,,,,,,,,,,,,,,,,,,,,,,,,,,,,,,,,,,,,,,,,,,,,,,,,,,,,,,,,,,,,,,,,Human Health Hazards#Repeated Dose Toxicity,Repeated Dose Toxicity HESS,1993,,NOEL,OECD TG 407,False,No qualifier,Equal,,,,,,,,,,,Rat,,,,,,,,,,,,,,,,,,,,,,,,,,,,,,,,,,,,,,Body Weight↑,,,,,,,,,,,,,,,,,,,,,,,,,,,,,,,,99.7,None,,,,,,,,,,,,,,,,,,,,,,,,,,,,,,,,,,,,,,,,,,,,,,,,,,,,,,,,,,,,,,,,SD,Oral (Gavage),,,,,,,,,,,,,,,,,,,,,,Male,Main,"National Institute of Health Sciences, Japan",Whole body,RDT,Research Institute for Animal Science in Biochemistry & Toxicology,General signs,1000,mg/kg bdwt/d,Administered dose(mass),30,mg/kg bdwt/d,Administered dose(mass),0,d,Time,,,,,,,,,,,,,,,,,,,,,,,,,,,,,,,,,,,,,,,,,,,,,,,,,,,,,,,,,,,,,,,28,d,Time,,,1000,,mg/kg bdwt/d,Administered dose(mass),,,1000,,mg/kg/d,Administered dose(mass),,
78-42-2,"Phosphoric acid, tris(2-ethylhexyl) ester;tris (2-ethylhexyl) phosphate;Tris(2-ethylhexyl) phosphate;tris(2-ethylhexyl)ester phosphoric acid;tris(2-ethylhexyl)ester_phosphoric_acid;tris(2-ethylhexyl)phosphate;Tris(2-ethylhexyl)phosphate (TEHP)",,,,,,,,,,,,,,,,,,,,,,,,,,,,,,,,,,,,,,,,,,,,,,,,,,,,,,,,,,,,,,,,,,,,,,,,,,,,,,,,,,,,,,,,,,,,,,,,,,,,,,,,,,,,,,,,,,,,,,,,,,,,,,,,Human Health Hazards#Repeated Dose Toxicity,Repeated Dose Toxicity HESS,1993,,NOEL,OECD TG 407,False,No qualifier,Equal,,,,,,,,,,,Rat,,,,,,,,,,,,,,,,,,,,,,,,,,,,,,,,,,,,,,Body Weight↓,,,,,,,,,,,,,,,,,,,,,,,,,,,,,,,,99.7,None,,,,,,,,,,,,,,,,,,,,,,,,,,,,,,,,,,,,,,,,,,,,,,,,,,,,,,,,,,,,,,,,SD,Oral (Gavage),,,,,,,,,,,,,,,,,,,,,,Female,Main,"National Institute of Health Sciences, Japan",Whole body,RDT,Research Institute for Animal Science in Biochemistry & Toxicology,General signs,1000,mg/kg bdwt/d,Administered dose(mass),30,mg/kg bdwt/d,Administered dose(mass),0,d,Time,,,,,,,,,,,,,,,,,,,,,,,,,,,,,,,,,,,,,,,,,,,,,,,,,,,,,,,,,,,,,,,28,d,Time,,,1000,,mg/kg bdwt/d,Administered dose(mass),,,1000,,mg/kg/d,Administered dose(mass),,
78-42-2,"Phosphoric acid, tris(2-ethylhexyl) ester;tris (2-ethylhexyl) phosphate;Tris(2-ethylhexyl) phosphate;tris(2-ethylhexyl)ester phosphoric acid;tris(2-ethylhexyl)ester_phosphoric_acid;tris(2-ethylhexyl)phosphate;Tris(2-ethylhexyl)phosphate (TEHP)",,,,,,,,,,,,,,,,,,,,,,,,,,,,,,,,,,,,,,,,,,,,,,,,,,,,,,,,,,,,,,,,,,,,,,,,,,,,,,,,,,,,,,,,,,,,,,,,,,,,,,,,,,,,,,,,,,,,,,,,,,,,,,,,Human Health Hazards#Repeated Dose Toxicity,Repeated Dose Toxicity HESS,1993,,NOEL,OECD TG 407,False,No qualifier,Equal,,,,,,,,,,,Rat,,,,,,,,,,,,,,,,,,,,,,,,,,,,,,,,,,,,,,Body Weight↓,,,,,,,,,,,,,,,,,,,,,,,,,,,,,,,,99.7,None,,,,,,,,,,,,,,,,,,,,,,,,,,,,,,,,,,,,,,,,,,,,,,,,,,,,,,,,,,,,,,,,SD,Oral (Gavage),,,,,,,,,,,,,,,,,,,,,,Male,Main,"National Institute of Health Sciences, Japan",Whole body,RDT,Research Institute for Animal Science in Biochemistry & Toxicology,General signs,1000,mg/kg bdwt/d,Administered dose(mass),30,mg/kg bdwt/d,Administered dose(mass),0,d,Time,,,,,,,,,,,,,,,,,,,,,,,,,,,,,,,,,,,,,,,,,,,,,,,,,,,,,,,,,,,,,,,28,d,Time,,,1000,,mg/kg bdwt/d,Administered dose(mass),,,1000,,mg/kg/d,Administered dose(mass),,
78-42-2,"Phosphoric acid, tris(2-ethylhexyl) ester;tris (2-ethylhexyl) phosphate;Tris(2-ethylhexyl) phosphate;tris(2-ethylhexyl)ester phosphoric acid;tris(2-ethylhexyl)ester_phosphoric_acid;tris(2-ethylhexyl)phosphate;Tris(2-ethylhexyl)phosphate (TEHP)",,,,,,,,,,,,,,,,,,,,,,,,,,,,,,,,,,,,,,,,,,,,,,,,,,,,,,,,,,,,,,,,,,,,,,,,,,,,,,,,,,,,,,,,,,,,,,,,,,,,,,,,,,,,,,,,,,,,,,,,,,,,,,,,Human Health Hazards#Repeated Dose Toxicity,Repeated Dose Toxicity HESS,1993,,NOEL,OECD TG 407,False,No qualifier,Equal,,,,,,,,,,,Rat,,,,,,,,,,,,,,,,,,,,,,,,,,,,,,,,,,,,,,Coma,,,,,,,,,,,,,,,,,,,,,,,,,,,,,,,,99.7,None,,,,,,,,,,,,,,,,,,,,,,,,,,,,,,,,,,,,,,,,,,,,,,,,,,,,,,,,,,,,,,,,SD,Oral (Gavage),,,,,,,,,,,,,,,,,,,,,,Female,Main,"National Institute of Health Sciences, Japan",Whole body,RDT,Research Institute for Animal Science in Biochemistry & Toxicology,General signs,1000,mg/kg bdwt/d,Administered dose(mass),30,mg/kg bdwt/d,Administered dose(mass),0,d,Time,,,,,,,,,,,,,,,,,,,,,,,,,,,,,,,,,,,,,,,,,,,,,,,,,,,,,,,,,,,,,,,28,d,Time,,,1000,,mg/kg bdwt/d,Administered dose(mass),,,1000,,mg/kg/d,Administered dose(mass),,
78-42-2,"Phosphoric acid, tris(2-ethylhexyl) ester;tris (2-ethylhexyl) phosphate;Tris(2-ethylhexyl) phosphate;tris(2-ethylhexyl)ester phosphoric acid;tris(2-ethylhexyl)ester_phosphoric_acid;tris(2-ethylhexyl)phosphate;Tris(2-ethylhexyl)phosphate (TEHP)",,,,,,,,,,,,,,,,,,,,,,,,,,,,,,,,,,,,,,,,,,,,,,,,,,,,,,,,,,,,,,,,,,,,,,,,,,,,,,,,,,,,,,,,,,,,,,,,,,,,,,,,,,,,,,,,,,,,,,,,,,,,,,,,Human Health Hazards#Repeated Dose Toxicity,Repeated Dose Toxicity HESS,1993,,NOEL,OECD TG 407,False,No qualifier,Equal,,,,,,,,,,,Rat,,,,,,,,,,,,,,,,,,,,,,,,,,,,,,,,,,,,,,Coma,,,,,,,,,,,,,,,,,,,,,,,,,,,,,,,,99.7,None,,,,,,,,,,,,,,,,,,,,,,,,,,,,,,,,,,,,,,,,,,,,,,,,,,,,,,,,,,,,,,,,SD,Oral (Gavage),,,,,,,,,,,,,,,,,,,,,,Male,Main,"National Institute of Health Sciences, Japan",Whole body,RDT,Research Institute for Animal Science in Biochemistry & Toxicology,General signs,1000,mg/kg bdwt/d,Administered dose(mass),30,mg/kg bdwt/d,Administered dose(mass),0,d,Time,,,,,,,,,,,,,,,,,,,,,,,,,,,,,,,,,,,,,,,,,,,,,,,,,,,,,,,,,,,,,,,28,d,Time,,,1000,,mg/kg bdwt/d,Administered dose(mass),,,1000,,mg/kg/d,Administered dose(mass),,
78-42-2,"Phosphoric acid, tris(2-ethylhexyl) ester;tris (2-ethylhexyl) phosphate;Tris(2-ethylhexyl) phosphate;tris(2-ethylhexyl)ester phosphoric acid;tris(2-ethylhexyl)ester_phosphoric_acid;tris(2-ethylhexyl)phosphate;Tris(2-ethylhexyl)phosphate (TEHP)",,,,,,,,,,,,,,,,,,,,,,,,,,,,,,,,,,,,,,,,,,,,,,,,,,,,,,,,,,,,,,,,,,,,,,,,,,,,,,,,,,,,,,,,,,,,,,,,,,,,,,,,,,,,,,,,,,,,,,,,,,,,,,,,Human Health Hazards#Repeated Dose Toxicity,Repeated Dose Toxicity HESS,1993,,NOEL,OECD TG 407,False,No qualifier,Equal,,,,,,,,,,,Rat,,,,,,,,,,,,,,,,,,,,,,,,,,,,,,,,,,,,,,Cyanosis or Pale Skin,,,,,,,,,,,,,,,,,,,,,,,,,,,,,,,,99.7,None,,,,,,,,,,,,,,,,,,,,,,,,,,,,,,,,,,,,,,,,,,,,,,,,,,,,,,,,,,,,,,,,SD,Oral (Gavage),,,,,,,,,,,,,,,,,,,,,,Female,Main,"National Institute of Health Sciences, Japan",Whole body,RDT,Research Institute for Animal Science in Biochemistry & Toxicology,General signs,1000,mg/kg bdwt/d,Administered dose(mass),30,mg/kg bdwt/d,Administered dose(mass),0,d,Time,,,,,,,,,,,,,,,,,,,,,,,,,,,,,,,,,,,,,,,,,,,,,,,,,,,,,,,,,,,,,,,28,d,Time,,,1000,,mg/kg bdwt/d,Administered dose(mass),,,1000,,mg/kg/d,Administered dose(mass),,
78-42-2,"Phosphoric acid, tris(2-ethylhexyl) ester;tris (2-ethylhexyl) phosphate;Tris(2-ethylhexyl) phosphate;tris(2-ethylhexyl)ester phosphoric acid;tris(2-ethylhexyl)ester_phosphoric_acid;tris(2-ethylhexyl)phosphate;Tris(2-ethylhexyl)phosphate (TEHP)",,,,,,,,,,,,,,,,,,,,,,,,,,,,,,,,,,,,,,,,,,,,,,,,,,,,,,,,,,,,,,,,,,,,,,,,,,,,,,,,,,,,,,,,,,,,,,,,,,,,,,,,,,,,,,,,,,,,,,,,,,,,,,,,Human Health Hazards#Repeated Dose Toxicity,Repeated Dose Toxicity HESS,1993,,NOEL,OECD TG 407,False,No qualifier,Equal,,,,,,,,,,,Rat,,,,,,,,,,,,,,,,,,,,,,,,,,,,,,,,,,,,,,Cyanosis or Pale Skin,,,,,,,,,,,,,,,,,,,,,,,,,,,,,,,,99.7,None,,,,,,,,,,,,,,,,,,,,,,,,,,,,,,,,,,,,,,,,,,,,,,,,,,,,,,,,,,,,,,,,SD,Oral (Gavage),,,,,,,,,,,,,,,,,,,,,,Male,Main,"National Institute of Health Sciences, Japan",Whole body,RDT,Research Institute for Animal Science in Biochemistry & Toxicology,General signs,1000,mg/kg bdwt/d,Administered dose(mass),30,mg/kg bdwt/d,Administered dose(mass),0,d,Time,,,,,,,,,,,,,,,,,,,,,,,,,,,,,,,,,,,,,,,,,,,,,,,,,,,,,,,,,,,,,,,28,d,Time,,,1000,,mg/kg bdwt/d,Administered dose(mass),,,1000,,mg/kg/d,Administered dose(mass),,
78-42-2,"Phosphoric acid, tris(2-ethylhexyl) ester;tris (2-ethylhexyl) phosphate;Tris(2-ethylhexyl) phosphate;tris(2-ethylhexyl)ester phosphoric acid;tris(2-ethylhexyl)ester_phosphoric_acid;tris(2-ethylhexyl)phosphate;Tris(2-ethylhexyl)phosphate (TEHP)",,,,,,,,,,,,,,,,,,,,,,,,,,,,,,,,,,,,,,,,,,,,,,,,,,,,,,,,,,,,,,,,,,,,,,,,,,,,,,,,,,,,,,,,,,,,,,,,,,,,,,,,,,,,,,,,,,,,,,,,,,,,,,,,Human Health Hazards#Repeated Dose Toxicity,Repeated Dose Toxicity HESS,1993,,NOEL,OECD TG 407,False,No qualifier,Equal,,,,,,,,,,,Rat,,,,,,,,,,,,,,,,,,,,,,,,,,,,,,,,,,,,,,Death,,,,,,,,,,,,,,,,,,,,,,,,,,,,,,,,99.7,None,,,,,,,,,,,,,,,,,,,,,,,,,,,,,,,,,,,,,,,,,,,,,,,,,,,,,,,,,,,,,,,,SD,Oral (Gavage),,,,,,,,,,,,,,,,,,,,,,Female,Main,"National Institute of Health Sciences, Japan",Whole body,RDT,Research Institute for Animal Science in Biochemistry & Toxicology,General signs,1000,mg/kg bdwt/d,Administered dose(mass),30,mg/kg bdwt/d,Administered dose(mass),0,d,Time,,,,,,,,,,,,,,,,,,,,,,,,,,,,,,,,,,,,,,,,,,,,,,,,,,,,,,,,,,,,,,,28,d,Time,,,1000,,mg/kg bdwt/d,Administered dose(mass),,,1000,,mg/kg/d,Administered dose(mass),,
78-42-2,"Phosphoric acid, tris(2-ethylhexyl) ester;tris (2-ethylhexyl) phosphate;Tris(2-ethylhexyl) phosphate;tris(2-ethylhexyl)ester phosphoric acid;tris(2-ethylhexyl)ester_phosphoric_acid;tris(2-ethylhexyl)phosphate;Tris(2-ethylhexyl)phosphate (TEHP)",,,,,,,,,,,,,,,,,,,,,,,,,,,,,,,,,,,,,,,,,,,,,,,,,,,,,,,,,,,,,,,,,,,,,,,,,,,,,,,,,,,,,,,,,,,,,,,,,,,,,,,,,,,,,,,,,,,,,,,,,,,,,,,,Human Health Hazards#Repeated Dose Toxicity,Repeated Dose Toxicity HESS,1993,,NOEL,OECD TG 407,False,No qualifier,Equal,,,,,,,,,,,Rat,,,,,,,,,,,,,,,,,,,,,,,,,,,,,,,,,,,,,,Death,,,,,,,,,,,,,,,,,,,,,,,,,,,,,,,,99.7,None,,,,,,,,,,,,,,,,,,,,,,,,,,,,,,,,,,,,,,,,,,,,,,,,,,,,,,,,,,,,,,,,SD,Oral (Gavage),,,,,,,,,,,,,,,,,,,,,,Male,Main,"National Institute of Health Sciences, Japan",Whole body,RDT,Research Institute for Animal Science in Biochemistry & Toxicology,General signs,1000,mg/kg bdwt/d,Administered dose(mass),30,mg/kg bdwt/d,Administered dose(mass),0,d,Time,,,,,,,,,,,,,,,,,,,,,,,,,,,,,,,,,,,,,,,,,,,,,,,,,,,,,,,,,,,,,,,28,d,Time,,,1000,,mg/kg bdwt/d,Administered dose(mass),,,1000,,mg/kg/d,Administered dose(mass),,
78-42-2,"Phosphoric acid, tris(2-ethylhexyl) ester;tris (2-ethylhexyl) phosphate;Tris(2-ethylhexyl) phosphate;tris(2-ethylhexyl)ester phosphoric acid;tris(2-ethylhexyl)ester_phosphoric_acid;tris(2-ethylhexyl)phosphate;Tris(2-ethylhexyl)phosphate (TEHP)",,,,,,,,,,,,,,,,,,,,,,,,,,,,,,,,,,,,,,,,,,,,,,,,,,,,,,,,,,,,,,,,,,,,,,,,,,,,,,,,,,,,,,,,,,,,,,,,,,,,,,,,,,,,,,,,,,,,,,,,,,,,,,,,Human Health Hazards#Repeated Dose Toxicity,Repeated Dose Toxicity HESS,1993,,NOEL,OECD TG 407,False,No qualifier,Equal,,,,,,,,,,,Rat,,,,,,,,,,,,,,,,,,,,,,,,,,,,,,,,,,,,,,Diarrhea/Loose Stool/Bloody Stool,,,,,,,,,,,,,,,,,,,,,,,,,,,,,,,,99.7,None,,,,,,,,,,,,,,,,,,,,,,,,,,,,,,,,,,,,,,,,,,,,,,,,,,,,,,,,,,,,,,,,SD,Oral (Gavage),,,,,,,,,,,,,,,,,,,,,,Female,Main,"National Institute of Health Sciences, Japan",Whole body,RDT,Research Institute for Animal Science in Biochemistry & Toxicology,General signs,1000,mg/kg bdwt/d,Administered dose(mass),30,mg/kg bdwt/d,Administered dose(mass),0,d,Time,,,,,,,,,,,,,,,,,,,,,,,,,,,,,,,,,,,,,,,,,,,,,,,,,,,,,,,,,,,,,,,28,d,Time,,,1000,,mg/kg bdwt/d,Administered dose(mass),,,1000,,mg/kg/d,Administered dose(mass),,
78-42-2,"Phosphoric acid, tris(2-ethylhexyl) ester;tris (2-ethylhexyl) phosphate;Tris(2-ethylhexyl) phosphate;tris(2-ethylhexyl)ester phosphoric acid;tris(2-ethylhexyl)ester_phosphoric_acid;tris(2-ethylhexyl)phosphate;Tris(2-ethylhexyl)phosphate (TEHP)",,,,,,,,,,,,,,,,,,,,,,,,,,,,,,,,,,,,,,,,,,,,,,,,,,,,,,,,,,,,,,,,,,,,,,,,,,,,,,,,,,,,,,,,,,,,,,,,,,,,,,,,,,,,,,,,,,,,,,,,,,,,,,,,Human Health Hazards#Repeated Dose Toxicity,Repeated Dose Toxicity HESS,1993,,NOEL,OECD TG 407,False,No qualifier,Equal,,,,,,,,,,,Rat,,,,,,,,,,,,,,,,,,,,,,,,,,,,,,,,,,,,,,Diarrhea/Loose Stool/Bloody Stool,,,,,,,,,,,,,,,,,,,,,,,,,,,,,,,,99.7,None,,,,,,,,,,,,,,,,,,,,,,,,,,,,,,,,,,,,,,,,,,,,,,,,,,,,,,,,,,,,,,,,SD,Oral (Gavage),,,,,,,,,,,,,,,,,,,,,,Male,Main,"National Institute of Health Sciences, Japan",Whole body,RDT,Research Institute for Animal Science in Biochemistry & Toxicology,General signs,1000,mg/kg bdwt/d,Administered dose(mass),30,mg/kg bdwt/d,Administered dose(mass),0,d,Time,,,,,,,,,,,,,,,,,,,,,,,,,,,,,,,,,,,,,,,,,,,,,,,,,,,,,,,,,,,,,,,28,d,Time,,,1000,,mg/kg bdwt/d,Administered dose(mass),,,1000,,mg/kg/d,Administered dose(mass),,
78-42-2,"Phosphoric acid, tris(2-ethylhexyl) ester;tris (2-ethylhexyl) phosphate;Tris(2-ethylhexyl) phosphate;tris(2-ethylhexyl)ester phosphoric acid;tris(2-ethylhexyl)ester_phosphoric_acid;tris(2-ethylhexyl)phosphate;Tris(2-ethylhexyl)phosphate (TEHP)",,,,,,,,,,,,,,,,,,,,,,,,,,,,,,,,,,,,,,,,,,,,,,,,,,,,,,,,,,,,,,,,,,,,,,,,,,,,,,,,,,,,,,,,,,,,,,,,,,,,,,,,,,,,,,,,,,,,,,,,,,,,,,,,Human Health Hazards#Repeated Dose Toxicity,Repeated Dose Toxicity HESS,1993,,NOEL,OECD TG 407,False,No qualifier,Equal,,,,,,,,,,,Rat,,,,,,,,,,,,,,,,,,,,,,,,,,,,,,,,,,,,,,Emaciation,,,,,,,,,,,,,,,,,,,,,,,,,,,,,,,,99.7,None,,,,,,,,,,,,,,,,,,,,,,,,,,,,,,,,,,,,,,,,,,,,,,,,,,,,,,,,,,,,,,,,SD,Oral (Gavage),,,,,,,,,,,,,,,,,,,,,,Female,Main,"National Institute of Health Sciences, Japan",Whole body,RDT,Research Institute for Animal Science in Biochemistry & Toxicology,General signs,1000,mg/kg bdwt/d,Administered dose(mass),30,mg/kg bdwt/d,Administered dose(mass),0,d,Time,,,,,,,,,,,,,,,,,,,,,,,,,,,,,,,,,,,,,,,,,,,,,,,,,,,,,,,,,,,,,,,28,d,Time,,,1000,,mg/kg bdwt/d,Administered dose(mass),,,1000,,mg/kg/d,Administered dose(mass),,
78-42-2,"Phosphoric acid, tris(2-ethylhexyl) ester;tris (2-ethylhexyl) phosphate;Tris(2-ethylhexyl) phosphate;tris(2-ethylhexyl)ester phosphoric acid;tris(2-ethylhexyl)ester_phosphoric_acid;tris(2-ethylhexyl)phosphate;Tris(2-ethylhexyl)phosphate (TEHP)",,,,,,,,,,,,,,,,,,,,,,,,,,,,,,,,,,,,,,,,,,,,,,,,,,,,,,,,,,,,,,,,,,,,,,,,,,,,,,,,,,,,,,,,,,,,,,,,,,,,,,,,,,,,,,,,,,,,,,,,,,,,,,,,Human Health Hazards#Repeated Dose Toxicity,Repeated Dose Toxicity HESS,1993,,NOEL,OECD TG 407,False,No qualifier,Equal,,,,,,,,,,,Rat,,,,,,,,,,,,,,,,,,,,,,,,,,,,,,,,,,,,,,Emaciation,,,,,,,,,,,,,,,,,,,,,,,,,,,,,,,,99.7,None,,,,,,,,,,,,,,,,,,,,,,,,,,,,,,,,,,,,,,,,,,,,,,,,,,,,,,,,,,,,,,,,SD,Oral (Gavage),,,,,,,,,,,,,,,,,,,,,,Male,Main,"National Institute of Health Sciences, Japan",Whole body,RDT,Research Institute for Animal Science in Biochemistry & Toxicology,General signs,1000,mg/kg bdwt/d,Administered dose(mass),30,mg/kg bdwt/d,Administered dose(mass),0,d,Time,,,,,,,,,,,,,,,,,,,,,,,,,,,,,,,,,,,,,,,,,,,,,,,,,,,,,,,,,,,,,,,28,d,Time,,,1000,,mg/kg bdwt/d,Administered dose(mass),,,1000,,mg/kg/d,Administered dose(mass),,
78-42-2,"Phosphoric acid, tris(2-ethylhexyl) ester;tris (2-ethylhexyl) phosphate;Tris(2-ethylhexyl) phosphate;tris(2-ethylhexyl)ester phosphoric acid;tris(2-ethylhexyl)ester_phosphoric_acid;tris(2-ethylhexyl)phosphate;Tris(2-ethylhexyl)phosphate (TEHP)",,,,,,,,,,,,,,,,,,,,,,,,,,,,,,,,,,,,,,,,,,,,,,,,,,,,,,,,,,,,,,,,,,,,,,,,,,,,,,,,,,,,,,,,,,,,,,,,,,,,,,,,,,,,,,,,,,,,,,,,,,,,,,,,Human Health Hazards#Repeated Dose Toxicity,Repeated Dose Toxicity HESS,1993,,NOEL,OECD TG 407,False,No qualifier,Equal,,,,,,,,,,,Rat,,,,,,,,,,,,,,,,,,,,,,,,,,,,,,,,,,,,,,Food Consumption↑,,,,,,,,,,,,,,,,,,,,,,,,,,,,,,,,99.7,None,,,,,,,,,,,,,,,,,,,,,,,,,,,,,,,,,,,,,,,,,,,,,,,,,,,,,,,,,,,,,,,,SD,Oral (Gavage),,,,,,,,,,,,,,,,,,,,,,Female,Main,"National Institute of Health Sciences, Japan",Whole body,RDT,Research Institute for Animal Science in Biochemistry & Toxicology,General signs,1000,mg/kg bdwt/d,Administered dose(mass),30,mg/kg bdwt/d,Administered dose(mass),0,d,Time,,,,,,,,,,,,,,,,,,,,,,,,,,,,,,,,,,,,,,,,,,,,,,,,,,,,,,,,,,,,,,,28,d,Time,,,1000,,mg/kg bdwt/d,Administered dose(mass),,,1000,,mg/kg/d,Administered dose(mass),,
78-42-2,"Phosphoric acid, tris(2-ethylhexyl) ester;tris (2-ethylhexyl) phosphate;Tris(2-ethylhexyl) phosphate;tris(2-ethylhexyl)ester phosphoric acid;tris(2-ethylhexyl)ester_phosphoric_acid;tris(2-ethylhexyl)phosphate;Tris(2-ethylhexyl)phosphate (TEHP)",,,,,,,,,,,,,,,,,,,,,,,,,,,,,,,,,,,,,,,,,,,,,,,,,,,,,,,,,,,,,,,,,,,,,,,,,,,,,,,,,,,,,,,,,,,,,,,,,,,,,,,,,,,,,,,,,,,,,,,,,,,,,,,,Human Health Hazards#Repeated Dose Toxicity,Repeated Dose Toxicity HESS,1993,,NOEL,OECD TG 407,False,No qualifier,Equal,,,,,,,,,,,Rat,,,,,,,,,,,,,,,,,,,,,,,,,,,,,,,,,,,,,,Food Consumption↑,,,,,,,,,,,,,,,,,,,,,,,,,,,,,,,,99.7,None,,,,,,,,,,,,,,,,,,,,,,,,,,,,,,,,,,,,,,,,,,,,,,,,,,,,,,,,,,,,,,,,SD,Oral (Gavage),,,,,,,,,,,,,,,,,,,,,,Male,Main,"National Institute of Health Sciences, Japan",Whole body,RDT,Research Institute for Animal Science in Biochemistry & Toxicology,General signs,1000,mg/kg bdwt/d,Administered dose(mass),30,mg/kg bdwt/d,Administered dose(mass),0,d,Time,,,,,,,,,,,,,,,,,,,,,,,,,,,,,,,,,,,,,,,,,,,,,,,,,,,,,,,,,,,,,,,28,d,Time,,,1000,,mg/kg bdwt/d,Administered dose(mass),,,1000,,mg/kg/d,Administered dose(mass),,
78-42-2,"Phosphoric acid, tris(2-ethylhexyl) ester;tris (2-ethylhexyl) phosphate;Tris(2-ethylhexyl) phosphate;tris(2-ethylhexyl)ester phosphoric acid;tris(2-ethylhexyl)ester_phosphoric_acid;tris(2-ethylhexyl)phosphate;Tris(2-ethylhexyl)phosphate (TEHP)",,,,,,,,,,,,,,,,,,,,,,,,,,,,,,,,,,,,,,,,,,,,,,,,,,,,,,,,,,,,,,,,,,,,,,,,,,,,,,,,,,,,,,,,,,,,,,,,,,,,,,,,,,,,,,,,,,,,,,,,,,,,,,,,Human Health Hazards#Repeated Dose Toxicity,Repeated Dose Toxicity HESS,1993,,NOEL,OECD TG 407,False,No qualifier,Equal,,,,,,,,,,,Rat,,,,,,,,,,,,,,,,,,,,,,,,,,,,,,,,,,,,,,Food Consumption↓,,,,,,,,,,,,,,,,,,,,,,,,,,,,,,,,99.7,None,,,,,,,,,,,,,,,,,,,,,,,,,,,,,,,,,,,,,,,,,,,,,,,,,,,,,,,,,,,,,,,,SD,Oral (Gavage),,,,,,,,,,,,,,,,,,,,,,Female,Main,"National Institute of Health Sciences, Japan",Whole body,RDT,Research Institute for Animal Science in Biochemistry & Toxicology,General signs,1000,mg/kg bdwt/d,Administered dose(mass),30,mg/kg bdwt/d,Administered dose(mass),0,d,Time,,,,,,,,,,,,,,,,,,,,,,,,,,,,,,,,,,,,,,,,,,,,,,,,,,,,,,,,,,,,,,,28,d,Time,,,1000,,mg/kg bdwt/d,Administered dose(mass),,,1000,,mg/kg/d,Administered dose(mass),,
78-42-2,"Phosphoric acid, tris(2-ethylhexyl) ester;tris (2-ethylhexyl) phosphate;Tris(2-ethylhexyl) phosphate;tris(2-ethylhexyl)ester phosphoric acid;tris(2-ethylhexyl)ester_phosphoric_acid;tris(2-ethylhexyl)phosphate;Tris(2-ethylhexyl)phosphate (TEHP)",,,,,,,,,,,,,,,,,,,,,,,,,,,,,,,,,,,,,,,,,,,,,,,,,,,,,,,,,,,,,,,,,,,,,,,,,,,,,,,,,,,,,,,,,,,,,,,,,,,,,,,,,,,,,,,,,,,,,,,,,,,,,,,,Human Health Hazards#Repeated Dose Toxicity,Repeated Dose Toxicity HESS,1993,,NOEL,OECD TG 407,False,No qualifier,Equal,,,,,,,,,,,Rat,,,,,,,,,,,,,,,,,,,,,,,,,,,,,,,,,,,,,,Food Consumption↓,,,,,,,,,,,,,,,,,,,,,,,,,,,,,,,,99.7,None,,,,,,,,,,,,,,,,,,,,,,,,,,,,,,,,,,,,,,,,,,,,,,,,,,,,,,,,,,,,,,,,SD,Oral (Gavage),,,,,,,,,,,,,,,,,,,,,,Male,Main,"National Institute of Health Sciences, Japan",Whole body,RDT,Research Institute for Animal Science in Biochemistry & Toxicology,General signs,1000,mg/kg bdwt/d,Administered dose(mass),30,mg/kg bdwt/d,Administered dose(mass),0,d,Time,,,,,,,,,,,,,,,,,,,,,,,,,,,,,,,,,,,,,,,,,,,,,,,,,,,,,,,,,,,,,,,28,d,Time,,,1000,,mg/kg bdwt/d,Administered dose(mass),,,1000,,mg/kg/d,Administered dose(mass),,
78-42-2,"Phosphoric acid, tris(2-ethylhexyl) ester;tris (2-ethylhexyl) phosphate;Tris(2-ethylhexyl) phosphate;tris(2-ethylhexyl)ester phosphoric acid;tris(2-ethylhexyl)ester_phosphoric_acid;tris(2-ethylhexyl)phosphate;Tris(2-ethylhexyl)phosphate (TEHP)",,,,,,,,,,,,,,,,,,,,,,,,,,,,,,,,,,,,,,,,,,,,,,,,,,,,,,,,,,,,,,,,,,,,,,,,,,,,,,,,,,,,,,,,,,,,,,,,,,,,,,,,,,,,,,,,,,,,,,,,,,,,,,,,Human Health Hazards#Repeated Dose Toxicity,Repeated Dose Toxicity HESS,1993,,NOEL,OECD TG 407,False,No qualifier,Equal,,,,,,,,,,,Rat,,,,,,,,,,,,,,,,,,,,,,,,,,,,,,,,,,,,,,Hyperthermia,,,,,,,,,,,,,,,,,,,,,,,,,,,,,,,,99.7,None,,,,,,,,,,,,,,,,,,,,,,,,,,,,,,,,,,,,,,,,,,,,,,,,,,,,,,,,,,,,,,,,SD,Oral (Gavage),,,,,,,,,,,,,,,,,,,,,,Female,Main,"National Institute of Health Sciences, Japan",Whole body,RDT,Research Institute for Animal Science in Biochemistry & Toxicology,General signs,1000,mg/kg bdwt/d,Administered dose(mass),30,mg/kg bdwt/d,Administered dose(mass),0,d,Time,,,,,,,,,,,,,,,,,,,,,,,,,,,,,,,,,,,,,,,,,,,,,,,,,,,,,,,,,,,,,,,28,d,Time,,,1000,,mg/kg bdwt/d,Administered dose(mass),,,1000,,mg/kg/d,Administered dose(mass),,
78-42-2,"Phosphoric acid, tris(2-ethylhexyl) ester;tris (2-ethylhexyl) phosphate;Tris(2-ethylhexyl) phosphate;tris(2-ethylhexyl)ester phosphoric acid;tris(2-ethylhexyl)ester_phosphoric_acid;tris(2-ethylhexyl)phosphate;Tris(2-ethylhexyl)phosphate (TEHP)",,,,,,,,,,,,,,,,,,,,,,,,,,,,,,,,,,,,,,,,,,,,,,,,,,,,,,,,,,,,,,,,,,,,,,,,,,,,,,,,,,,,,,,,,,,,,,,,,,,,,,,,,,,,,,,,,,,,,,,,,,,,,,,,Human Health Hazards#Repeated Dose Toxicity,Repeated Dose Toxicity HESS,1993,,NOEL,OECD TG 407,False,No qualifier,Equal,,,,,,,,,,,Rat,,,,,,,,,,,,,,,,,,,,,,,,,,,,,,,,,,,,,,Hyperthermia,,,,,,,,,,,,,,,,,,,,,,,,,,,,,,,,99.7,None,,,,,,,,,,,,,,,,,,,,,,,,,,,,,,,,,,,,,,,,,,,,,,,,,,,,,,,,,,,,,,,,SD,Oral (Gavage),,,,,,,,,,,,,,,,,,,,,,Male,Main,"National Institute of Health Sciences, Japan",Whole body,RDT,Research Institute for Animal Science in Biochemistry & Toxicology,General signs,1000,mg/kg bdwt/d,Administered dose(mass),30,mg/kg bdwt/d,Administered dose(mass),0,d,Time,,,,,,,,,,,,,,,,,,,,,,,,,,,,,,,,,,,,,,,,,,,,,,,,,,,,,,,,,,,,,,,28,d,Time,,,1000,,mg/kg bdwt/d,Administered dose(mass),,,1000,,mg/kg/d,Administered dose(mass),,
78-42-2,"Phosphoric acid, tris(2-ethylhexyl) ester;tris (2-ethylhexyl) phosphate;Tris(2-ethylhexyl) phosphate;tris(2-ethylhexyl)ester phosphoric acid;tris(2-ethylhexyl)ester_phosphoric_acid;tris(2-ethylhexyl)phosphate;Tris(2-ethylhexyl)phosphate (TEHP)",,,,,,,,,,,,,,,,,,,,,,,,,,,,,,,,,,,,,,,,,,,,,,,,,,,,,,,,,,,,,,,,,,,,,,,,,,,,,,,,,,,,,,,,,,,,,,,,,,,,,,,,,,,,,,,,,,,,,,,,,,,,,,,,Human Health Hazards#Repeated Dose Toxicity,Repeated Dose Toxicity HESS,1993,,NOEL,OECD TG 407,False,No qualifier,Equal,,,,,,,,,,,Rat,,,,,,,,,,,,,,,,,,,,,,,,,,,,,,,,,,,,,,Hypothermia,,,,,,,,,,,,,,,,,,,,,,,,,,,,,,,,99.7,None,,,,,,,,,,,,,,,,,,,,,,,,,,,,,,,,,,,,,,,,,,,,,,,,,,,,,,,,,,,,,,,,SD,Oral (Gavage),,,,,,,,,,,,,,,,,,,,,,Female,Main,"National Institute of Health Sciences, Japan",Whole body,RDT,Research Institute for Animal Science in Biochemistry & Toxicology,General signs,1000,mg/kg bdwt/d,Administered dose(mass),30,mg/kg bdwt/d,Administered dose(mass),0,d,Time,,,,,,,,,,,,,,,,,,,,,,,,,,,,,,,,,,,,,,,,,,,,,,,,,,,,,,,,,,,,,,,28,d,Time,,,1000,,mg/kg bdwt/d,Administered dose(mass),,,1000,,mg/kg/d,Administered dose(mass),,
78-42-2,"Phosphoric acid, tris(2-ethylhexyl) ester;tris (2-ethylhexyl) phosphate;Tris(2-ethylhexyl) phosphate;tris(2-ethylhexyl)ester phosphoric acid;tris(2-ethylhexyl)ester_phosphoric_acid;tris(2-ethylhexyl)phosphate;Tris(2-ethylhexyl)phosphate (TEHP)",,,,,,,,,,,,,,,,,,,,,,,,,,,,,,,,,,,,,,,,,,,,,,,,,,,,,,,,,,,,,,,,,,,,,,,,,,,,,,,,,,,,,,,,,,,,,,,,,,,,,,,,,,,,,,,,,,,,,,,,,,,,,,,,Human Health Hazards#Repeated Dose Toxicity,Repeated Dose Toxicity HESS,1993,,NOEL,OECD TG 407,False,No qualifier,Equal,,,,,,,,,,,Rat,,,,,,,,,,,,,,,,,,,,,,,,,,,,,,,,,,,,,,Hypothermia,,,,,,,,,,,,,,,,,,,,,,,,,,,,,,,,99.7,None,,,,,,,,,,,,,,,,,,,,,,,,,,,,,,,,,,,,,,,,,,,,,,,,,,,,,,,,,,,,,,,,SD,Oral (Gavage),,,,,,,,,,,,,,,,,,,,,,Male,Main,"National Institute of Health Sciences, Japan",Whole body,RDT,Research Institute for Animal Science in Biochemistry & Toxicology,General signs,1000,mg/kg bdwt/d,Administered dose(mass),30,mg/kg bdwt/d,Administered dose(mass),0,d,Time,,,,,,,,,,,,,,,,,,,,,,,,,,,,,,,,,,,,,,,,,,,,,,,,,,,,,,,,,,,,,,,28,d,Time,,,1000,,mg/kg bdwt/d,Administered dose(mass),,,1000,,mg/kg/d,Administered dose(mass),,
78-42-2,"Phosphoric acid, tris(2-ethylhexyl) ester;tris (2-ethylhexyl) phosphate;Tris(2-ethylhexyl) phosphate;tris(2-ethylhexyl)ester phosphoric acid;tris(2-ethylhexyl)ester_phosphoric_acid;tris(2-ethylhexyl)phosphate;Tris(2-ethylhexyl)phosphate (TEHP)",,,,,,,,,,,,,,,,,,,,,,,,,,,,,,,,,,,,,,,,,,,,,,,,,,,,,,,,,,,,,,,,,,,,,,,,,,,,,,,,,,,,,,,,,,,,,,,,,,,,,,,,,,,,,,,,,,,,,,,,,,,,,,,,Human Health Hazards#Repeated Dose Toxicity,Repeated Dose Toxicity HESS,1993,,NOEL,OECD TG 407,False,No qualifier,Equal,,,,,,,,,,,Rat,,,,,,,,,,,,,,,,,,,,,,,,,,,,,,,,,,,,,,Lacrimation,,,,,,,,,,,,,,,,,,,,,,,,,,,,,,,,99.7,None,,,,,,,,,,,,,,,,,,,,,,,,,,,,,,,,,,,,,,,,,,,,,,,,,,,,,,,,,,,,,,,,SD,Oral (Gavage),,,,,,,,,,,,,,,,,,,,,,Female,Main,"National Institute of Health Sciences, Japan",Whole body,RDT,Research Institute for Animal Science in Biochemistry & Toxicology,General signs,1000,mg/kg bdwt/d,Administered dose(mass),30,mg/kg bdwt/d,Administered dose(mass),0,d,Time,,,,,,,,,,,,,,,,,,,,,,,,,,,,,,,,,,,,,,,,,,,,,,,,,,,,,,,,,,,,,,,28,d,Time,,,1000,,mg/kg bdwt/d,Administered dose(mass),,,1000,,mg/kg/d,Administered dose(mass),,
78-42-2,"Phosphoric acid, tris(2-ethylhexyl) ester;tris (2-ethylhexyl) phosphate;Tris(2-ethylhexyl) phosphate;tris(2-ethylhexyl)ester phosphoric acid;tris(2-ethylhexyl)ester_phosphoric_acid;tris(2-ethylhexyl)phosphate;Tris(2-ethylhexyl)phosphate (TEHP)",,,,,,,,,,,,,,,,,,,,,,,,,,,,,,,,,,,,,,,,,,,,,,,,,,,,,,,,,,,,,,,,,,,,,,,,,,,,,,,,,,,,,,,,,,,,,,,,,,,,,,,,,,,,,,,,,,,,,,,,,,,,,,,,Human Health Hazards#Repeated Dose Toxicity,Repeated Dose Toxicity HESS,1993,,NOEL,OECD TG 407,False,No qualifier,Equal,,,,,,,,,,,Rat,,,,,,,,,,,,,,,,,,,,,,,,,,,,,,,,,,,,,,Lacrimation,,,,,,,,,,,,,,,,,,,,,,,,,,,,,,,,99.7,None,,,,,,,,,,,,,,,,,,,,,,,,,,,,,,,,,,,,,,,,,,,,,,,,,,,,,,,,,,,,,,,,SD,Oral (Gavage),,,,,,,,,,,,,,,,,,,,,,Male,Main,"National Institute of Health Sciences, Japan",Whole body,RDT,Research Institute for Animal Science in Biochemistry & Toxicology,General signs,1000,mg/kg bdwt/d,Administered dose(mass),30,mg/kg bdwt/d,Administered dose(mass),0,d,Time,,,,,,,,,,,,,,,,,,,,,,,,,,,,,,,,,,,,,,,,,,,,,,,,,,,,,,,,,,,,,,,28,d,Time,,,1000,,mg/kg bdwt/d,Administered dose(mass),,,1000,,mg/kg/d,Administered dose(mass),,
78-42-2,"Phosphoric acid, tris(2-ethylhexyl) ester;tris (2-ethylhexyl) phosphate;Tris(2-ethylhexyl) phosphate;tris(2-ethylhexyl)ester phosphoric acid;tris(2-ethylhexyl)ester_phosphoric_acid;tris(2-ethylhexyl)phosphate;Tris(2-ethylhexyl)phosphate (TEHP)",,,,,,,,,,,,,,,,,,,,,,,,,,,,,,,,,,,,,,,,,,,,,,,,,,,,,,,,,,,,,,,,,,,,,,,,,,,,,,,,,,,,,,,,,,,,,,,,,,,,,,,,,,,,,,,,,,,,,,,,,,,,,,,,Human Health Hazards#Repeated Dose Toxicity,Repeated Dose Toxicity HESS,1993,,NOEL,OECD TG 407,False,No qualifier,Equal,,,,,,,,,,,Rat,,,,,,,,,,,,,,,,,,,,,,,,,,,,,,,,,,,,,,Locomotor Activity↑,,,,,,,,,,,,,,,,,,,,,,,,,,,,,,,,99.7,None,,,,,,,,,,,,,,,,,,,,,,,,,,,,,,,,,,,,,,,,,,,,,,,,,,,,,,,,,,,,,,,,SD,Oral (Gavage),,,,,,,,,,,,,,,,,,,,,,Female,Main,"National Institute of Health Sciences, Japan",Whole body,RDT,Research Institute for Animal Science in Biochemistry & Toxicology,General signs,1000,mg/kg bdwt/d,Administered dose(mass),30,mg/kg bdwt/d,Administered dose(mass),0,d,Time,,,,,,,,,,,,,,,,,,,,,,,,,,,,,,,,,,,,,,,,,,,,,,,,,,,,,,,,,,,,,,,28,d,Time,,,1000,,mg/kg bdwt/d,Administered dose(mass),,,1000,,mg/kg/d,Administered dose(mass),,
78-42-2,"Phosphoric acid, tris(2-ethylhexyl) ester;tris (2-ethylhexyl) phosphate;Tris(2-ethylhexyl) phosphate;tris(2-ethylhexyl)ester phosphoric acid;tris(2-ethylhexyl)ester_phosphoric_acid;tris(2-ethylhexyl)phosphate;Tris(2-ethylhexyl)phosphate (TEHP)",,,,,,,,,,,,,,,,,,,,,,,,,,,,,,,,,,,,,,,,,,,,,,,,,,,,,,,,,,,,,,,,,,,,,,,,,,,,,,,,,,,,,,,,,,,,,,,,,,,,,,,,,,,,,,,,,,,,,,,,,,,,,,,,Human Health Hazards#Repeated Dose Toxicity,Repeated Dose Toxicity HESS,1993,,NOEL,OECD TG 407,False,No qualifier,Equal,,,,,,,,,,,Rat,,,,,,,,,,,,,,,,,,,,,,,,,,,,,,,,,,,,,,Locomotor Activity↑,,,,,,,,,,,,,,,,,,,,,,,,,,,,,,,,99.7,None,,,,,,,,,,,,,,,,,,,,,,,,,,,,,,,,,,,,,,,,,,,,,,,,,,,,,,,,,,,,,,,,SD,Oral (Gavage),,,,,,,,,,,,,,,,,,,,,,Male,Main,"National Institute of Health Sciences, Japan",Whole body,RDT,Research Institute for Animal Science in Biochemistry & Toxicology,General signs,1000,mg/kg bdwt/d,Administered dose(mass),30,mg/kg bdwt/d,Administered dose(mass),0,d,Time,,,,,,,,,,,,,,,,,,,,,,,,,,,,,,,,,,,,,,,,,,,,,,,,,,,,,,,,,,,,,,,28,d,Time,,,1000,,mg/kg bdwt/d,Administered dose(mass),,,1000,,mg/kg/d,Administered dose(mass),,
78-42-2,"Phosphoric acid, tris(2-ethylhexyl) ester;tris (2-ethylhexyl) phosphate;Tris(2-ethylhexyl) phosphate;tris(2-ethylhexyl)ester phosphoric acid;tris(2-ethylhexyl)ester_phosphoric_acid;tris(2-ethylhexyl)phosphate;Tris(2-ethylhexyl)phosphate (TEHP)",,,,,,,,,,,,,,,,,,,,,,,,,,,,,,,,,,,,,,,,,,,,,,,,,,,,,,,,,,,,,,,,,,,,,,,,,,,,,,,,,,,,,,,,,,,,,,,,,,,,,,,,,,,,,,,,,,,,,,,,,,,,,,,,Human Health Hazards#Repeated Dose Toxicity,Repeated Dose Toxicity HESS,1993,,NOEL,OECD TG 407,False,No qualifier,Equal,,,,,,,,,,,Rat,,,,,,,,,,,,,,,,,,,,,,,,,,,,,,,,,,,,,,Locomotor Activity↓,,,,,,,,,,,,,,,,,,,,,,,,,,,,,,,,99.7,None,,,,,,,,,,,,,,,,,,,,,,,,,,,,,,,,,,,,,,,,,,,,,,,,,,,,,,,,,,,,,,,,SD,Oral (Gavage),,,,,,,,,,,,,,,,,,,,,,Female,Main,"National Institute of Health Sciences, Japan",Whole body,RDT,Research Institute for Animal Science in Biochemistry & Toxicology,General signs,1000,mg/kg bdwt/d,Administered dose(mass),30,mg/kg bdwt/d,Administered dose(mass),0,d,Time,,,,,,,,,,,,,,,,,,,,,,,,,,,,,,,,,,,,,,,,,,,,,,,,,,,,,,,,,,,,,,,28,d,Time,,,1000,,mg/kg bdwt/d,Administered dose(mass),,,1000,,mg/kg/d,Administered dose(mass),,
78-42-2,"Phosphoric acid, tris(2-ethylhexyl) ester;tris (2-ethylhexyl) phosphate;Tris(2-ethylhexyl) phosphate;tris(2-ethylhexyl)ester phosphoric acid;tris(2-ethylhexyl)ester_phosphoric_acid;tris(2-ethylhexyl)phosphate;Tris(2-ethylhexyl)phosphate (TEHP)",,,,,,,,,,,,,,,,,,,,,,,,,,,,,,,,,,,,,,,,,,,,,,,,,,,,,,,,,,,,,,,,,,,,,,,,,,,,,,,,,,,,,,,,,,,,,,,,,,,,,,,,,,,,,,,,,,,,,,,,,,,,,,,,Human Health Hazards#Repeated Dose Toxicity,Repeated Dose Toxicity HESS,1993,,NOEL,OECD TG 407,False,No qualifier,Equal,,,,,,,,,,,Rat,,,,,,,,,,,,,,,,,,,,,,,,,,,,,,,,,,,,,,Locomotor Activity↓,,,,,,,,,,,,,,,,,,,,,,,,,,,,,,,,99.7,None,,,,,,,,,,,,,,,,,,,,,,,,,,,,,,,,,,,,,,,,,,,,,,,,,,,,,,,,,,,,,,,,SD,Oral (Gavage),,,,,,,,,,,,,,,,,,,,,,Male,Main,"National Institute of Health Sciences, Japan",Whole body,RDT,Research Institute for Animal Science in Biochemistry & Toxicology,General signs,1000,mg/kg bdwt/d,Administered dose(mass),30,mg/kg bdwt/d,Administered dose(mass),0,d,Time,,,,,,,,,,,,,,,,,,,,,,,,,,,,,,,,,,,,,,,,,,,,,,,,,,,,,,,,,,,,,,,28,d,Time,,,1000,,mg/kg bdwt/d,Administered dose(mass),,,1000,,mg/kg/d,Administered dose(mass),,
78-42-2,"Phosphoric acid, tris(2-ethylhexyl) ester;tris (2-ethylhexyl) phosphate;Tris(2-ethylhexyl) phosphate;tris(2-ethylhexyl)ester phosphoric acid;tris(2-ethylhexyl)ester_phosphoric_acid;tris(2-ethylhexyl)phosphate;Tris(2-ethylhexyl)phosphate (TEHP)",,,,,,,,,,,,,,,,,,,,,,,,,,,,,,,,,,,,,,,,,,,,,,,,,,,,,,,,,,,,,,,,,,,,,,,,,,,,,,,,,,,,,,,,,,,,,,,,,,,,,,,,,,,,,,,,,,,,,,,,,,,,,,,,Human Health Hazards#Repeated Dose Toxicity,Repeated Dose Toxicity HESS,1993,,NOEL,OECD TG 407,False,No qualifier,Equal,,,,,,,,,,,Rat,,,,,,,,,,,,,,,,,,,,,,,,,,,,,,,,,,,,,,Miosis,,,,,,,,,,,,,,,,,,,,,,,,,,,,,,,,99.7,None,,,,,,,,,,,,,,,,,,,,,,,,,,,,,,,,,,,,,,,,,,,,,,,,,,,,,,,,,,,,,,,,SD,Oral (Gavage),,,,,,,,,,,,,,,,,,,,,,Female,Main,"National Institute of Health Sciences, Japan",Whole body,RDT,Research Institute for Animal Science in Biochemistry & Toxicology,General signs,1000,mg/kg bdwt/d,Administered dose(mass),30,mg/kg bdwt/d,Administered dose(mass),0,d,Time,,,,,,,,,,,,,,,,,,,,,,,,,,,,,,,,,,,,,,,,,,,,,,,,,,,,,,,,,,,,,,,28,d,Time,,,1000,,mg/kg bdwt/d,Administered dose(mass),,,1000,,mg/kg/d,Administered dose(mass),,
78-42-2,"Phosphoric acid, tris(2-ethylhexyl) ester;tris (2-ethylhexyl) phosphate;Tris(2-ethylhexyl) phosphate;tris(2-ethylhexyl)ester phosphoric acid;tris(2-ethylhexyl)ester_phosphoric_acid;tris(2-ethylhexyl)phosphate;Tris(2-ethylhexyl)phosphate (TEHP)",,,,,,,,,,,,,,,,,,,,,,,,,,,,,,,,,,,,,,,,,,,,,,,,,,,,,,,,,,,,,,,,,,,,,,,,,,,,,,,,,,,,,,,,,,,,,,,,,,,,,,,,,,,,,,,,,,,,,,,,,,,,,,,,Human Health Hazards#Repeated Dose Toxicity,Repeated Dose Toxicity HESS,1993,,NOEL,OECD TG 407,False,No qualifier,Equal,,,,,,,,,,,Rat,,,,,,,,,,,,,,,,,,,,,,,,,,,,,,,,,,,,,,Miosis,,,,,,,,,,,,,,,,,,,,,,,,,,,,,,,,99.7,None,,,,,,,,,,,,,,,,,,,,,,,,,,,,,,,,,,,,,,,,,,,,,,,,,,,,,,,,,,,,,,,,SD,Oral (Gavage),,,,,,,,,,,,,,,,,,,,,,Male,Main,"National Institute of Health Sciences, Japan",Whole body,RDT,Research Institute for Animal Science in Biochemistry & Toxicology,General signs,1000,mg/kg bdwt/d,Administered dose(mass),30,mg/kg bdwt/d,Administered dose(mass),0,d,Time,,,,,,,,,,,,,,,,,,,,,,,,,,,,,,,,,,,,,,,,,,,,,,,,,,,,,,,,,,,,,,,28,d,Time,,,1000,,mg/kg bdwt/d,Administered dose(mass),,,1000,,mg/kg/d,Administered dose(mass),,
78-42-2,"Phosphoric acid, tris(2-ethylhexyl) ester;tris (2-ethylhexyl) phosphate;Tris(2-ethylhexyl) phosphate;tris(2-ethylhexyl)ester phosphoric acid;tris(2-ethylhexyl)ester_phosphoric_acid;tris(2-ethylhexyl)phosphate;Tris(2-ethylhexyl)phosphate (TEHP)",,,,,,,,,,,,,,,,,,,,,,,,,,,,,,,,,,,,,,,,,,,,,,,,,,,,,,,,,,,,,,,,,,,,,,,,,,,,,,,,,,,,,,,,,,,,,,,,,,,,,,,,,,,,,,,,,,,,,,,,,,,,,,,,Human Health Hazards#Repeated Dose Toxicity,Repeated Dose Toxicity HESS,1993,,NOEL,OECD TG 407,False,No qualifier,Equal,,,,,,,,,,,Rat,,,,,,,,,,,,,,,,,,,,,,,,,,,,,,,,,,,,,,Muscle Tone↓,,,,,,,,,,,,,,,,,,,,,,,,,,,,,,,,99.7,None,,,,,,,,,,,,,,,,,,,,,,,,,,,,,,,,,,,,,,,,,,,,,,,,,,,,,,,,,,,,,,,,SD,Oral (Gavage),,,,,,,,,,,,,,,,,,,,,,Female,Main,"National Institute of Health Sciences, Japan",Whole body,RDT,Research Institute for Animal Science in Biochemistry & Toxicology,General signs,1000,mg/kg bdwt/d,Administered dose(mass),30,mg/kg bdwt/d,Administered dose(mass),0,d,Time,,,,,,,,,,,,,,,,,,,,,,,,,,,,,,,,,,,,,,,,,,,,,,,,,,,,,,,,,,,,,,,28,d,Time,,,1000,,mg/kg bdwt/d,Administered dose(mass),,,1000,,mg/kg/d,Administered dose(mass),,
78-42-2,"Phosphoric acid, tris(2-ethylhexyl) ester;tris (2-ethylhexyl) phosphate;Tris(2-ethylhexyl) phosphate;tris(2-ethylhexyl)ester phosphoric acid;tris(2-ethylhexyl)ester_phosphoric_acid;tris(2-ethylhexyl)phosphate;Tris(2-ethylhexyl)phosphate (TEHP)",,,,,,,,,,,,,,,,,,,,,,,,,,,,,,,,,,,,,,,,,,,,,,,,,,,,,,,,,,,,,,,,,,,,,,,,,,,,,,,,,,,,,,,,,,,,,,,,,,,,,,,,,,,,,,,,,,,,,,,,,,,,,,,,Human Health Hazards#Repeated Dose Toxicity,Repeated Dose Toxicity HESS,1993,,NOEL,OECD TG 407,False,No qualifier,Equal,,,,,,,,,,,Rat,,,,,,,,,,,,,,,,,,,,,,,,,,,,,,,,,,,,,,Muscle Tone↓,,,,,,,,,,,,,,,,,,,,,,,,,,,,,,,,99.7,None,,,,,,,,,,,,,,,,,,,,,,,,,,,,,,,,,,,,,,,,,,,,,,,,,,,,,,,,,,,,,,,,SD,Oral (Gavage),,,,,,,,,,,,,,,,,,,,,,Male,Main,"National Institute of Health Sciences, Japan",Whole body,RDT,Research Institute for Animal Science in Biochemistry & Toxicology,General signs,1000,mg/kg bdwt/d,Administered dose(mass),30,mg/kg bdwt/d,Administered dose(mass),0,d,Time,,,,,,,,,,,,,,,,,,,,,,,,,,,,,,,,,,,,,,,,,,,,,,,,,,,,,,,,,,,,,,,28,d,Time,,,1000,,mg/kg bdwt/d,Administered dose(mass),,,1000,,mg/kg/d,Administered dose(mass),,
78-42-2,"Phosphoric acid, tris(2-ethylhexyl) ester;tris (2-ethylhexyl) phosphate;Tris(2-ethylhexyl) phosphate;tris(2-ethylhexyl)ester phosphoric acid;tris(2-ethylhexyl)ester_phosphoric_acid;tris(2-ethylhexyl)phosphate;Tris(2-ethylhexyl)phosphate (TEHP)",,,,,,,,,,,,,,,,,,,,,,,,,,,,,,,,,,,,,,,,,,,,,,,,,,,,,,,,,,,,,,,,,,,,,,,,,,,,,,,,,,,,,,,,,,,,,,,,,,,,,,,,,,,,,,,,,,,,,,,,,,,,,,,,Human Health Hazards#Repeated Dose Toxicity,Repeated Dose Toxicity HESS,1993,,NOEL,OECD TG 407,False,No qualifier,Equal,,,,,,,,,,,Rat,,,,,,,,,,,,,,,,,,,,,,,,,,,,,,,,,,,,,,Mydriasis,,,,,,,,,,,,,,,,,,,,,,,,,,,,,,,,99.7,None,,,,,,,,,,,,,,,,,,,,,,,,,,,,,,,,,,,,,,,,,,,,,,,,,,,,,,,,,,,,,,,,SD,Oral (Gavage),,,,,,,,,,,,,,,,,,,,,,Female,Main,"National Institute of Health Sciences, Japan",Whole body,RDT,Research Institute for Animal Science in Biochemistry & Toxicology,General signs,1000,mg/kg bdwt/d,Administered dose(mass),30,mg/kg bdwt/d,Administered dose(mass),0,d,Time,,,,,,,,,,,,,,,,,,,,,,,,,,,,,,,,,,,,,,,,,,,,,,,,,,,,,,,,,,,,,,,28,d,Time,,,1000,,mg/kg bdwt/d,Administered dose(mass),,,1000,,mg/kg/d,Administered dose(mass),,
78-42-2,"Phosphoric acid, tris(2-ethylhexyl) ester;tris (2-ethylhexyl) phosphate;Tris(2-ethylhexyl) phosphate;tris(2-ethylhexyl)ester phosphoric acid;tris(2-ethylhexyl)ester_phosphoric_acid;tris(2-ethylhexyl)phosphate;Tris(2-ethylhexyl)phosphate (TEHP)",,,,,,,,,,,,,,,,,,,,,,,,,,,,,,,,,,,,,,,,,,,,,,,,,,,,,,,,,,,,,,,,,,,,,,,,,,,,,,,,,,,,,,,,,,,,,,,,,,,,,,,,,,,,,,,,,,,,,,,,,,,,,,,,Human Health Hazards#Repeated Dose Toxicity,Repeated Dose Toxicity HESS,1993,,NOEL,OECD TG 407,False,No qualifier,Equal,,,,,,,,,,,Rat,,,,,,,,,,,,,,,,,,,,,,,,,,,,,,,,,,,,,,Mydriasis,,,,,,,,,,,,,,,,,,,,,,,,,,,,,,,,99.7,None,,,,,,,,,,,,,,,,,,,,,,,,,,,,,,,,,,,,,,,,,,,,,,,,,,,,,,,,,,,,,,,,SD,Oral (Gavage),,,,,,,,,,,,,,,,,,,,,,Male,Main,"National Institute of Health Sciences, Japan",Whole body,RDT,Research Institute for Animal Science in Biochemistry & Toxicology,General signs,1000,mg/kg bdwt/d,Administered dose(mass),30,mg/kg bdwt/d,Administered dose(mass),0,d,Time,,,,,,,,,,,,,,,,,,,,,,,,,,,,,,,,,,,,,,,,,,,,,,,,,,,,,,,,,,,,,,,28,d,Time,,,1000,,mg/kg bdwt/d,Administered dose(mass),,,1000,,mg/kg/d,Administered dose(mass),,
78-42-2,"Phosphoric acid, tris(2-ethylhexyl) ester;tris (2-ethylhexyl) phosphate;Tris(2-ethylhexyl) phosphate;tris(2-ethylhexyl)ester phosphoric acid;tris(2-ethylhexyl)ester_phosphoric_acid;tris(2-ethylhexyl)phosphate;Tris(2-ethylhexyl)phosphate (TEHP)",,,,,,,,,,,,,,,,,,,,,,,,,,,,,,,,,,,,,,,,,,,,,,,,,,,,,,,,,,,,,,,,,,,,,,,,,,,,,,,,,,,,,,,,,,,,,,,,,,,,,,,,,,,,,,,,,,,,,,,,,,,,,,,,Human Health Hazards#Repeated Dose Toxicity,Repeated Dose Toxicity HESS,1993,,NOEL,OECD TG 407,False,No qualifier,Equal,,,,,,,,,,,Rat,,,,,,,,,,,,,,,,,,,,,,,,,,,,,,,,,,,,,,Other Findings,,,,,,,,,,,,,,,,,,,,,,,,,,,,,,,,99.7,None,,,,,,,,,,,,,,,,,,,,,,,,,,,,,,,,,,,,,,,,,,,,,,,,,,,,,,,,,,,,,,,,SD,Oral (Gavage),,,,,,,,,,,,,,,,,,,,,,Female,Main,"National Institute of Health Sciences, Japan",Whole body,RDT,Research Institute for Animal Science in Biochemistry & Toxicology,General signs,1000,mg/kg bdwt/d,Administered dose(mass),30,mg/kg bdwt/d,Administered dose(mass),0,d,Time,,,,,,,,,,,,,,,,,,,,,,,,,,,,,,,,,,,,,,,,,,,,,,,,,,,,,,,,,,,,,,,28,d,Time,,,1000,,mg/kg bdwt/d,Administered dose(mass),,,1000,,mg/kg/d,Administered dose(mass),,
78-42-2,"Phosphoric acid, tris(2-ethylhexyl) ester;tris (2-ethylhexyl) phosphate;Tris(2-ethylhexyl) phosphate;tris(2-ethylhexyl)ester phosphoric acid;tris(2-ethylhexyl)ester_phosphoric_acid;tris(2-ethylhexyl)phosphate;Tris(2-ethylhexyl)phosphate (TEHP)",,,,,,,,,,,,,,,,,,,,,,,,,,,,,,,,,,,,,,,,,,,,,,,,,,,,,,,,,,,,,,,,,,,,,,,,,,,,,,,,,,,,,,,,,,,,,,,,,,,,,,,,,,,,,,,,,,,,,,,,,,,,,,,,Human Health Hazards#Repeated Dose Toxicity,Repeated Dose Toxicity HESS,1993,,NOEL,OECD TG 407,False,No qualifier,Equal,,,,,,,,,,,Rat,,,,,,,,,,,,,,,,,,,,,,,,,,,,,,,,,,,,,,Other Findings,,,,,,,,,,,,,,,,,,,,,,,,,,,,,,,,99.7,None,,,,,,,,,,,,,,,,,,,,,,,,,,,,,,,,,,,,,,,,,,,,,,,,,,,,,,,,,,,,,,,,SD,Oral (Gavage),,,,,,,,,,,,,,,,,,,,,,Male,Main,"National Institute of Health Sciences, Japan",Whole body,RDT,Research Institute for Animal Science in Biochemistry & Toxicology,General signs,1000,mg/kg bdwt/d,Administered dose(mass),30,mg/kg bdwt/d,Administered dose(mass),0,d,Time,,,,,,,,,,,,,,,,,,,,,,,,,,,,,,,,,,,,,,,,,,,,,,,,,,,,,,,,,,,,,,,28,d,Time,,,1000,,mg/kg bdwt/d,Administered dose(mass),,,1000,,mg/kg/d,Administered dose(mass),,
78-42-2,"Phosphoric acid, tris(2-ethylhexyl) ester;tris (2-ethylhexyl) phosphate;Tris(2-ethylhexyl) phosphate;tris(2-ethylhexyl)ester phosphoric acid;tris(2-ethylhexyl)ester_phosphoric_acid;tris(2-ethylhexyl)phosphate;Tris(2-ethylhexyl)phosphate (TEHP)",,,,,,,,,,,,,,,,,,,,,,,,,,,,,,,,,,,,,,,,,,,,,,,,,,,,,,,,,,,,,,,,,,,,,,,,,,,,,,,,,,,,,,,,,,,,,,,,,,,,,,,,,,,,,,,,,,,,,,,,,,,,,,,,Human Health Hazards#Repeated Dose Toxicity,Repeated Dose Toxicity HESS,1993,,NOEL,OECD TG 407,False,No qualifier,Equal,,,,,,,,,,,Rat,,,,,,,,,,,,,,,,,,,,,,,,,,,,,,,,,,,,,,Piloerection,,,,,,,,,,,,,,,,,,,,,,,,,,,,,,,,99.7,None,,,,,,,,,,,,,,,,,,,,,,,,,,,,,,,,,,,,,,,,,,,,,,,,,,,,,,,,,,,,,,,,SD,Oral (Gavage),,,,,,,,,,,,,,,,,,,,,,Female,Main,"National Institute of Health Sciences, Japan",Whole body,RDT,Research Institute for Animal Science in Biochemistry & Toxicology,General signs,1000,mg/kg bdwt/d,Administered dose(mass),30,mg/kg bdwt/d,Administered dose(mass),0,d,Time,,,,,,,,,,,,,,,,,,,,,,,,,,,,,,,,,,,,,,,,,,,,,,,,,,,,,,,,,,,,,,,28,d,Time,,,1000,,mg/kg bdwt/d,Administered dose(mass),,,1000,,mg/kg/d,Administered dose(mass),,
78-42-2,"Phosphoric acid, tris(2-ethylhexyl) ester;tris (2-ethylhexyl) phosphate;Tris(2-ethylhexyl) phosphate;tris(2-ethylhexyl)ester phosphoric acid;tris(2-ethylhexyl)ester_phosphoric_acid;tris(2-ethylhexyl)phosphate;Tris(2-ethylhexyl)phosphate (TEHP)",,,,,,,,,,,,,,,,,,,,,,,,,,,,,,,,,,,,,,,,,,,,,,,,,,,,,,,,,,,,,,,,,,,,,,,,,,,,,,,,,,,,,,,,,,,,,,,,,,,,,,,,,,,,,,,,,,,,,,,,,,,,,,,,Human Health Hazards#Repeated Dose Toxicity,Repeated Dose Toxicity HESS,1993,,NOEL,OECD TG 407,False,No qualifier,Equal,,,,,,,,,,,Rat,,,,,,,,,,,,,,,,,,,,,,,,,,,,,,,,,,,,,,Piloerection,,,,,,,,,,,,,,,,,,,,,,,,,,,,,,,,99.7,None,,,,,,,,,,,,,,,,,,,,,,,,,,,,,,,,,,,,,,,,,,,,,,,,,,,,,,,,,,,,,,,,SD,Oral (Gavage),,,,,,,,,,,,,,,,,,,,,,Male,Main,"National Institute of Health Sciences, Japan",Whole body,RDT,Research Institute for Animal Science in Biochemistry & Toxicology,General signs,1000,mg/kg bdwt/d,Administered dose(mass),30,mg/kg bdwt/d,Administered dose(mass),0,d,Time,,,,,,,,,,,,,,,,,,,,,,,,,,,,,,,,,,,,,,,,,,,,,,,,,,,,,,,,,,,,,,,28,d,Time,,,1000,,mg/kg bdwt/d,Administered dose(mass),,,1000,,mg/kg/d,Administered dose(mass),,
78-42-2,"Phosphoric acid, tris(2-ethylhexyl) ester;tris (2-ethylhexyl) phosphate;Tris(2-ethylhexyl) phosphate;tris(2-ethylhexyl)ester phosphoric acid;tris(2-ethylhexyl)ester_phosphoric_acid;tris(2-ethylhexyl)phosphate;Tris(2-ethylhexyl)phosphate (TEHP)",,,,,,,,,,,,,,,,,,,,,,,,,,,,,,,,,,,,,,,,,,,,,,,,,,,,,,,,,,,,,,,,,,,,,,,,,,,,,,,,,,,,,,,,,,,,,,,,,,,,,,,,,,,,,,,,,,,,,,,,,,,,,,,,Human Health Hazards#Repeated Dose Toxicity,Repeated Dose Toxicity HESS,1993,,NOEL,OECD TG 407,False,No qualifier,Equal,,,,,,,,,,,Rat,,,,,,,,,,,,,,,,,,,,,,,,,,,,,,,,,,,,,,Ptosis/Palpebral Closure,,,,,,,,,,,,,,,,,,,,,,,,,,,,,,,,99.7,None,,,,,,,,,,,,,,,,,,,,,,,,,,,,,,,,,,,,,,,,,,,,,,,,,,,,,,,,,,,,,,,,SD,Oral (Gavage),,,,,,,,,,,,,,,,,,,,,,Female,Main,"National Institute of Health Sciences, Japan",Whole body,RDT,Research Institute for Animal Science in Biochemistry & Toxicology,General signs,1000,mg/kg bdwt/d,Administered dose(mass),30,mg/kg bdwt/d,Administered dose(mass),0,d,Time,,,,,,,,,,,,,,,,,,,,,,,,,,,,,,,,,,,,,,,,,,,,,,,,,,,,,,,,,,,,,,,28,d,Time,,,1000,,mg/kg bdwt/d,Administered dose(mass),,,1000,,mg/kg/d,Administered dose(mass),,
78-42-2,"Phosphoric acid, tris(2-ethylhexyl) ester;tris (2-ethylhexyl) phosphate;Tris(2-ethylhexyl) phosphate;tris(2-ethylhexyl)ester phosphoric acid;tris(2-ethylhexyl)ester_phosphoric_acid;tris(2-ethylhexyl)phosphate;Tris(2-ethylhexyl)phosphate (TEHP)",,,,,,,,,,,,,,,,,,,,,,,,,,,,,,,,,,,,,,,,,,,,,,,,,,,,,,,,,,,,,,,,,,,,,,,,,,,,,,,,,,,,,,,,,,,,,,,,,,,,,,,,,,,,,,,,,,,,,,,,,,,,,,,,Human Health Hazards#Repeated Dose Toxicity,Repeated Dose Toxicity HESS,1993,,NOEL,OECD TG 407,False,No qualifier,Equal,,,,,,,,,,,Rat,,,,,,,,,,,,,,,,,,,,,,,,,,,,,,,,,,,,,,Ptosis/Palpebral Closure,,,,,,,,,,,,,,,,,,,,,,,,,,,,,,,,99.7,None,,,,,,,,,,,,,,,,,,,,,,,,,,,,,,,,,,,,,,,,,,,,,,,,,,,,,,,,,,,,,,,,SD,Oral (Gavage),,,,,,,,,,,,,,,,,,,,,,Male,Main,"National Institute of Health Sciences, Japan",Whole body,RDT,Research Institute for Animal Science in Biochemistry & Toxicology,General signs,1000,mg/kg bdwt/d,Administered dose(mass),30,mg/kg bdwt/d,Administered dose(mass),0,d,Time,,,,,,,,,,,,,,,,,,,,,,,,,,,,,,,,,,,,,,,,,,,,,,,,,,,,,,,,,,,,,,,28,d,Time,,,1000,,mg/kg bdwt/d,Administered dose(mass),,,1000,,mg/kg/d,Administered dose(mass),,
78-42-2,"Phosphoric acid, tris(2-ethylhexyl) ester;tris (2-ethylhexyl) phosphate;Tris(2-ethylhexyl) phosphate;tris(2-ethylhexyl)ester phosphoric acid;tris(2-ethylhexyl)ester_phosphoric_acid;tris(2-ethylhexyl)phosphate;Tris(2-ethylhexyl)phosphate (TEHP)",,,,,,,,,,,,,,,,,,,,,,,,,,,,,,,,,,,,,,,,,,,,,,,,,,,,,,,,,,,,,,,,,,,,,,,,,,,,,,,,,,,,,,,,,,,,,,,,,,,,,,,,,,,,,,,,,,,,,,,,,,,,,,,,Human Health Hazards#Repeated Dose Toxicity,Repeated Dose Toxicity HESS,1993,,NOEL,OECD TG 407,False,No qualifier,Equal,,,,,,,,,,,Rat,,,,,,,,,,,,,,,,,,,,,,,,,,,,,,,,,,,,,,Salivation,,,,,,,,,,,,,,,,,,,,,,,,,,,,,,,,99.7,None,,,,,,,,,,,,,,,,,,,,,,,,,,,,,,,,,,,,,,,,,,,,,,,,,,,,,,,,,,,,,,,,SD,Oral (Gavage),,,,,,,,,,,,,,,,,,,,,,Female,Main,"National Institute of Health Sciences, Japan",Whole body,RDT,Research Institute for Animal Science in Biochemistry & Toxicology,General signs,1000,mg/kg bdwt/d,Administered dose(mass),30,mg/kg bdwt/d,Administered dose(mass),0,d,Time,,,,,,,,,,,,,,,,,,,,,,,,,,,,,,,,,,,,,,,,,,,,,,,,,,,,,,,,,,,,,,,28,d,Time,,,1000,,mg/kg bdwt/d,Administered dose(mass),,,1000,,mg/kg/d,Administered dose(mass),,
78-42-2,"Phosphoric acid, tris(2-ethylhexyl) ester;tris (2-ethylhexyl) phosphate;Tris(2-ethylhexyl) phosphate;tris(2-ethylhexyl)ester phosphoric acid;tris(2-ethylhexyl)ester_phosphoric_acid;tris(2-ethylhexyl)phosphate;Tris(2-ethylhexyl)phosphate (TEHP)",,,,,,,,,,,,,,,,,,,,,,,,,,,,,,,,,,,,,,,,,,,,,,,,,,,,,,,,,,,,,,,,,,,,,,,,,,,,,,,,,,,,,,,,,,,,,,,,,,,,,,,,,,,,,,,,,,,,,,,,,,,,,,,,Human Health Hazards#Repeated Dose Toxicity,Repeated Dose Toxicity HESS,1993,,NOEL,OECD TG 407,False,No qualifier,Equal,,,,,,,,,,,Rat,,,,,,,,,,,,,,,,,,,,,,,,,,,,,,,,,,,,,,Salivation,,,,,,,,,,,,,,,,,,,,,,,,,,,,,,,,99.7,None,,,,,,,,,,,,,,,,,,,,,,,,,,,,,,,,,,,,,,,,,,,,,,,,,,,,,,,,,,,,,,,,SD,Oral (Gavage),,,,,,,,,,,,,,,,,,,,,,Male,Main,"National Institute of Health Sciences, Japan",Whole body,RDT,Research Institute for Animal Science in Biochemistry & Toxicology,General signs,1000,mg/kg bdwt/d,Administered dose(mass),30,mg/kg bdwt/d,Administered dose(mass),0,d,Time,,,,,,,,,,,,,,,,,,,,,,,,,,,,,,,,,,,,,,,,,,,,,,,,,,,,,,,,,,,,,,,28,d,Time,,,1000,,mg/kg bdwt/d,Administered dose(mass),,,1000,,mg/kg/d,Administered dose(mass),,
78-42-2,"Phosphoric acid, tris(2-ethylhexyl) ester;tris (2-ethylhexyl) phosphate;Tris(2-ethylhexyl) phosphate;tris(2-ethylhexyl)ester phosphoric acid;tris(2-ethylhexyl)ester_phosphoric_acid;tris(2-ethylhexyl)phosphate;Tris(2-ethylhexyl)phosphate (TEHP)",,,,,,,,,,,,,,,,,,,,,,,,,,,,,,,,,,,,,,,,,,,,,,,,,,,,,,,,,,,,,,,,,,,,,,,,,,,,,,,,,,,,,,,,,,,,,,,,,,,,,,,,,,,,,,,,,,,,,,,,,,,,,,,,Human Health Hazards#Repeated Dose Toxicity,Repeated Dose Toxicity HESS,1993,,NOEL,OECD TG 407,False,No qualifier,Equal,,,,,,,,,,,Rat,,,,,,,,,,,,,,,,,,,,,,,,,,,,,,,,,,,,,,Straub Tail,,,,,,,,,,,,,,,,,,,,,,,,,,,,,,,,99.7,None,,,,,,,,,,,,,,,,,,,,,,,,,,,,,,,,,,,,,,,,,,,,,,,,,,,,,,,,,,,,,,,,SD,Oral (Gavage),,,,,,,,,,,,,,,,,,,,,,Female,Main,"National Institute of Health Sciences, Japan",Whole body,RDT,Research Institute for Animal Science in Biochemistry & Toxicology,General signs,1000,mg/kg bdwt/d,Administered dose(mass),30,mg/kg bdwt/d,Administered dose(mass),0,d,Time,,,,,,,,,,,,,,,,,,,,,,,,,,,,,,,,,,,,,,,,,,,,,,,,,,,,,,,,,,,,,,,28,d,Time,,,1000,,mg/kg bdwt/d,Administered dose(mass),,,1000,,mg/kg/d,Administered dose(mass),,
78-42-2,"Phosphoric acid, tris(2-ethylhexyl) ester;tris (2-ethylhexyl) phosphate;Tris(2-ethylhexyl) phosphate;tris(2-ethylhexyl)ester phosphoric acid;tris(2-ethylhexyl)ester_phosphoric_acid;tris(2-ethylhexyl)phosphate;Tris(2-ethylhexyl)phosphate (TEHP)",,,,,,,,,,,,,,,,,,,,,,,,,,,,,,,,,,,,,,,,,,,,,,,,,,,,,,,,,,,,,,,,,,,,,,,,,,,,,,,,,,,,,,,,,,,,,,,,,,,,,,,,,,,,,,,,,,,,,,,,,,,,,,,,Human Health Hazards#Repeated Dose Toxicity,Repeated Dose Toxicity HESS,1993,,NOEL,OECD TG 407,False,No qualifier,Equal,,,,,,,,,,,Rat,,,,,,,,,,,,,,,,,,,,,,,,,,,,,,,,,,,,,,Straub Tail,,,,,,,,,,,,,,,,,,,,,,,,,,,,,,,,99.7,None,,,,,,,,,,,,,,,,,,,,,,,,,,,,,,,,,,,,,,,,,,,,,,,,,,,,,,,,,,,,,,,,SD,Oral (Gavage),,,,,,,,,,,,,,,,,,,,,,Male,Main,"National Institute of Health Sciences, Japan",Whole body,RDT,Research Institute for Animal Science in Biochemistry & Toxicology,General signs,1000,mg/kg bdwt/d,Administered dose(mass),30,mg/kg bdwt/d,Administered dose(mass),0,d,Time,,,,,,,,,,,,,,,,,,,,,,,,,,,,,,,,,,,,,,,,,,,,,,,,,,,,,,,,,,,,,,,28,d,Time,,,1000,,mg/kg bdwt/d,Administered dose(mass),,,1000,,mg/kg/d,Administered dose(mass),,
78-42-2,"Phosphoric acid, tris(2-ethylhexyl) ester;tris (2-ethylhexyl) phosphate;Tris(2-ethylhexyl) phosphate;tris(2-ethylhexyl)ester phosphoric acid;tris(2-ethylhexyl)ester_phosphoric_acid;tris(2-ethylhexyl)phosphate;Tris(2-ethylhexyl)phosphate (TEHP)",,,,,,,,,,,,,,,,,,,,,,,,,,,,,,,,,,,,,,,,,,,,,,,,,,,,,,,,,,,,,,,,,,,,,,,,,,,,,,,,,,,,,,,,,,,,,,,,,,,,,,,,,,,,,,,,,,,,,,,,,,,,,,,,Human Health Hazards#Repeated Dose Toxicity,Repeated Dose Toxicity HESS,1993,,NOEL,OECD TG 407,False,No qualifier,Equal,,,,,,,,,,,Rat,,,,,,,,,,,,,,,,,,,,,,,,,,,,,,,,,,,,,,Total,,,,,,,,,,,,,,,,,,,,,,,,,,,,,,,,99.7,None,,,,,,,,,,,,,,,,,,,,,,,,,,,,,,,,,,,,,,,,,,,,,,,,,,,,,,,,,,,,,,,,SD,Oral (Gavage),,,,,,,,,,,,,,,,,,,,,,Female,Main,"National Institute of Health Sciences, Japan",Whole body,RDT,Research Institute for Animal Science in Biochemistry & Toxicology,NOEL/LOEL,1000,mg/kg bdwt/d,Administered dose(mass),30,mg/kg bdwt/d,Administered dose(mass),0,d,Time,,,,,,,,,,,,,,,,,,,,,,,,,,,,,,,,,,,,,,,,,,,,,,,,,,,,,,,,,,,,,,,28,d,Time,,,300,,mg/kg bdwt/d,Administered dose(mass),,,300,,mg/kg/d,Administered dose(mass),,
78-42-2,"Phosphoric acid, tris(2-ethylhexyl) ester;tris (2-ethylhexyl) phosphate;Tris(2-ethylhexyl) phosphate;tris(2-ethylhexyl)ester phosphoric acid;tris(2-ethylhexyl)ester_phosphoric_acid;tris(2-ethylhexyl)phosphate;Tris(2-ethylhexyl)phosphate (TEHP)",,,,,,,,,,,,,,,,,,,,,,,,,,,,,,,,,,,,,,,,,,,,,,,,,,,,,,,,,,,,,,,,,,,,,,,,,,,,,,,,,,,,,,,,,,,,,,,,,,,,,,,,,,,,,,,,,,,,,,,,,,,,,,,,Human Health Hazards#Repeated Dose Toxicity,Repeated Dose Toxicity HESS,1993,,NOEL,OECD TG 407,False,No qualifier,Equal,,,,,,,,,,,Rat,,,,,,,,,,,,,,,,,,,,,,,,,,,,,,,,,,,,,,Total,,,,,,,,,,,,,,,,,,,,,,,,,,,,,,,,99.7,None,,,,,,,,,,,,,,,,,,,,,,,,,,,,,,,,,,,,,,,,,,,,,,,,,,,,,,,,,,,,,,,,SD,Oral (Gavage),,,,,,,,,,,,,,,,,,,,,,Male,Main,"National Institute of Health Sciences, Japan",Whole body,RDT,Research Institute for Animal Science in Biochemistry & Toxicology,NOEL/LOEL,1000,mg/kg bdwt/d,Administered dose(mass),30,mg/kg bdwt/d,Administered dose(mass),0,d,Time,,,,,,,,,,,,,,,,,,,,,,,,,,,,,,,,,,,,,,,,,,,,,,,,,,,,,,,,,,,,,,,28,d,Time,,,300,,mg/kg bdwt/d,Administered dose(mass),,,300,,mg/kg/d,Administered dose(mass),,
78-42-2,"Phosphoric acid, tris(2-ethylhexyl) ester;tris (2-ethylhexyl) phosphate;Tris(2-ethylhexyl) phosphate;tris(2-ethylhexyl)ester phosphoric acid;tris(2-ethylhexyl)ester_phosphoric_acid;tris(2-ethylhexyl)phosphate;Tris(2-ethylhexyl)phosphate (TEHP)",,,,,,,,,,,,,,,,,,,,,,,,,,,,,,,,,,,,,,,,,,,,,,,,,,,,,,,,,,,,,,,,,,,,,,,,,,,,,,,,,,,,,,,,,,,,,,,,,,,,,,,,,,,,,,,,,,,,,,,,,,,,,,,,Human Health Hazards#Repeated Dose Toxicity,Repeated Dose Toxicity HESS,1993,,NOEL,OECD TG 407,False,No qualifier,Equal,,,,,,,,,,,Rat,,,,,,,,,,,,,,,,,,,,,,,,,,,,,,,,,,,,,,Tremor/Convulsion,,,,,,,,,,,,,,,,,,,,,,,,,,,,,,,,99.7,None,,,,,,,,,,,,,,,,,,,,,,,,,,,,,,,,,,,,,,,,,,,,,,,,,,,,,,,,,,,,,,,,SD,Oral (Gavage),,,,,,,,,,,,,,,,,,,,,,Female,Main,"National Institute of Health Sciences, Japan",Whole body,RDT,Research Institute for Animal Science in Biochemistry & Toxicology,General signs,1000,mg/kg bdwt/d,Administered dose(mass),30,mg/kg bdwt/d,Administered dose(mass),0,d,Time,,,,,,,,,,,,,,,,,,,,,,,,,,,,,,,,,,,,,,,,,,,,,,,,,,,,,,,,,,,,,,,28,d,Time,,,1000,,mg/kg bdwt/d,Administered dose(mass),,,1000,,mg/kg/d,Administered dose(mass),,
78-42-2,"Phosphoric acid, tris(2-ethylhexyl) ester;tris (2-ethylhexyl) phosphate;Tris(2-ethylhexyl) phosphate;tris(2-ethylhexyl)ester phosphoric acid;tris(2-ethylhexyl)ester_phosphoric_acid;tris(2-ethylhexyl)phosphate;Tris(2-ethylhexyl)phosphate (TEHP)",,,,,,,,,,,,,,,,,,,,,,,,,,,,,,,,,,,,,,,,,,,,,,,,,,,,,,,,,,,,,,,,,,,,,,,,,,,,,,,,,,,,,,,,,,,,,,,,,,,,,,,,,,,,,,,,,,,,,,,,,,,,,,,,Human Health Hazards#Repeated Dose Toxicity,Repeated Dose Toxicity HESS,1993,,NOEL,OECD TG 407,False,No qualifier,Equal,,,,,,,,,,,Rat,,,,,,,,,,,,,,,,,,,,,,,,,,,,,,,,,,,,,,Tremor/Convulsion,,,,,,,,,,,,,,,,,,,,,,,,,,,,,,,,99.7,None,,,,,,,,,,,,,,,,,,,,,,,,,,,,,,,,,,,,,,,,,,,,,,,,,,,,,,,,,,,,,,,,SD,Oral (Gavage),,,,,,,,,,,,,,,,,,,,,,Male,Main,"National Institute of Health Sciences, Japan",Whole body,RDT,Research Institute for Animal Science in Biochemistry & Toxicology,General signs,1000,mg/kg bdwt/d,Administered dose(mass),30,mg/kg bdwt/d,Administered dose(mass),0,d,Time,,,,,,,,,,,,,,,,,,,,,,,,,,,,,,,,,,,,,,,,,,,,,,,,,,,,,,,,,,,,,,,28,d,Time,,,1000,,mg/kg bdwt/d,Administered dose(mass),,,1000,,mg/kg/d,Administered dose(mass),,
78-42-2,"Phosphoric acid, tris(2-ethylhexyl) ester;tris (2-ethylhexyl) phosphate;Tris(2-ethylhexyl) phosphate;tris(2-ethylhexyl)ester phosphoric acid;tris(2-ethylhexyl)ester_phosphoric_acid;tris(2-ethylhexyl)phosphate;Tris(2-ethylhexyl)phosphate (TEHP)",,,,,,,,,,,,,,,,,,,,,,,,,,,,,,,,,,,,,,,,,,,,,,,,,,,,,,,,,,,,,,,,,,,,,,,,,,,,,,,,,,,,,,,,,,,,,,,,,,,,,,,,,,,,,,,,,,,,,,,,,,,,,,,,Human Health Hazards#Repeated Dose Toxicity,Repeated Dose Toxicity HESS,1993,,NOEL,OECD TG 407,False,No qualifier,Equal,,,,,,,,,,,Rat,,,,,,,,,,,,,,,,,,,,,,,,,,,,,,,,,,,,,,Vocalization,,,,,,,,,,,,,,,,,,,,,,,,,,,,,,,,99.7,None,,,,,,,,,,,,,,,,,,,,,,,,,,,,,,,,,,,,,,,,,,,,,,,,,,,,,,,,,,,,,,,,SD,Oral (Gavage),,,,,,,,,,,,,,,,,,,,,,Female,Main,"National Institute of Health Sciences, Japan",Whole body,RDT,Research Institute for Animal Science in Biochemistry & Toxicology,General signs,1000,mg/kg bdwt/d,Administered dose(mass),30,mg/kg bdwt/d,Administered dose(mass),0,d,Time,,,,,,,,,,,,,,,,,,,,,,,,,,,,,,,,,,,,,,,,,,,,,,,,,,,,,,,,,,,,,,,28,d,Time,,,1000,,mg/kg bdwt/d,Administered dose(mass),,,1000,,mg/kg/d,Administered dose(mass),,
78-42-2,"Phosphoric acid, tris(2-ethylhexyl) ester;tris (2-ethylhexyl) phosphate;Tris(2-ethylhexyl) phosphate;tris(2-ethylhexyl)ester phosphoric acid;tris(2-ethylhexyl)ester_phosphoric_acid;tris(2-ethylhexyl)phosphate;Tris(2-ethylhexyl)phosphate (TEHP)",,,,,,,,,,,,,,,,,,,,,,,,,,,,,,,,,,,,,,,,,,,,,,,,,,,,,,,,,,,,,,,,,,,,,,,,,,,,,,,,,,,,,,,,,,,,,,,,,,,,,,,,,,,,,,,,,,,,,,,,,,,,,,,,Human Health Hazards#Repeated Dose Toxicity,Repeated Dose Toxicity HESS,1993,,NOEL,OECD TG 407,False,No qualifier,Equal,,,,,,,,,,,Rat,,,,,,,,,,,,,,,,,,,,,,,,,,,,,,,,,,,,,,Vocalization,,,,,,,,,,,,,,,,,,,,,,,,,,,,,,,,99.7,None,,,,,,,,,,,,,,,,,,,,,,,,,,,,,,,,,,,,,,,,,,,,,,,,,,,,,,,,,,,,,,,,SD,Oral (Gavage),,,,,,,,,,,,,,,,,,,,,,Male,Main,"National Institute of Health Sciences, Japan",Whole body,RDT,Research Institute for Animal Science in Biochemistry & Toxicology,General signs,1000,mg/kg bdwt/d,Administered dose(mass),30,mg/kg bdwt/d,Administered dose(mass),0,d,Time,,,,,,,,,,,,,,,,,,,,,,,,,,,,,,,,,,,,,,,,,,,,,,,,,,,,,,,,,,,,,,,28,d,Time,,,1000,,mg/kg bdwt/d,Administered dose(mass),,,1000,,mg/kg/d,Administered dose(mass),,
78-42-2,"Phosphoric acid, tris(2-ethylhexyl) ester;tris (2-ethylhexyl) phosphate;Tris(2-ethylhexyl) phosphate;tris(2-ethylhexyl)ester phosphoric acid;tris(2-ethylhexyl)ester_phosphoric_acid;tris(2-ethylhexyl)phosphate;Tris(2-ethylhexyl)phosphate (TEHP)",,,,,,,,,,,,,,,,,,,,,,,,,,,,,,,,,,,,,,,,,,,,,,,,,,,,,,,,,,,,,,,,,,,,,,,,,,,,,,,,,,,,,,,,,,,,,,,,,,,,,,,,,,,,,,,,,,,,,,,,,,,,,,,,Human Health Hazards#ToxCast,ToxCastDB,,,AC50,,False,No qualifier,Equal,,,,,,,,,,,Homo sapiens,Animalia (animals),Bilateria,Chordata (chordates),Vertebrata (vertebrates),Tetrapoda,Mammalia (mammals),,Primates (primates),Hominoidea,"Hominidae (man-like primates,Great Apes)",Homo (hominoids),Deuterostomia,Gnathostomata,,,,,,,,,,,,,,,,,,,,,,,,,,,,,,,,,,,,,,,,,,,,,,,,,,,,,,,,,,,,,,,,,,,,,,,,,,,,,,,,,,,,,,,,,,,,,,,,,,,,,Theria,Haplorrhini,Simiiformes,,Homininae (African apes),,,,,,,,,,,,,,Eutheria,,,,,,,,,,,,,ACEA_T47D_80hr_Positive,,,,,,,breast,,,,,,,,,,,,,,,,,,,,,,http://www.aceabio.com,Fold Change,cell line,ESR1,In vitro (Cellular),ACEA,microplate: 96-well plate,Change in cell growth kinetics,T47D,RT-CES,adherent,DMSO,Real-Time Growth Kinetics in T47D cells,growth reporter,cell-based,"ACEA Biosciences, Inc. (ACEA) is a privately owned biotechnology company that developed a real-time, label-free cell-based assaysystem based on a microelectronic readout called xCELLigence.",ACEA,positive,signaling,single,RT-CES,pathway,percent_activity,real-time cell-growth kinetics,DMSO,cell-based,17b-Estradiol,ACEA Biosciences,nuclear receptor,2099,17b-Estradiol,pathway-specified,cell proliferation,Label Free Technology,gain,cellular,0,0,steroidal,17b-estradiol,"ACEA_T47D_80hr_Positive was designed to target nuclear receptor (steroidal) activity at the pathway (pathway-specified) level, specifically mapping to ESR1 gene(s) using a positive control of 17b-estradiol",ESR1,0,0.5,0,Electrical Sensor: Impedance,cellular,2099,80,h,Time,,,,,,,,,,,,,,,,,29.814584220830216,,mg/L,Mass concentration,,,68.5999984741211,,µM,Molar concentration,,
78-42-2,"Phosphoric acid, tris(2-ethylhexyl) ester;tris (2-ethylhexyl) phosphate;Tris(2-ethylhexyl) phosphate;tris(2-ethylhexyl)ester phosphoric acid;tris(2-ethylhexyl)ester_phosphoric_acid;tris(2-ethylhexyl)phosphate;Tris(2-ethylhexyl)phosphate (TEHP)",,,,,,,,,,,,,,,,,,,,,,,,,,,,,,,,,,,,,,,,,,,,,,,,,,,,,,,,,,,,,,,,,,,,,,,,,,,,,,,,,,,,,,,,,,,,,,,,,,,,,,,,,,,,,,,,,,,,,,,,,,,,,,,,Human Health Hazards#ToxCast,ToxCastDB,,,AC50,,False,No qualifier,Equal,,,,,,,,,,,Homo sapiens,Animalia (animals),Bilateria,Chordata (chordates),Vertebrata (vertebrates),Tetrapoda,Mammalia (mammals),,Primates (primates),Hominoidea,"Hominidae (man-like primates,Great Apes)",Homo (hominoids),Deuterostomia,Gnathostomata,,,,,,,,,,,,,,,,,,,,,,,,,,,,,,,,,,,,,,,,,,,,,,,,,,,,,,,,,,,,,,,,,,,,,,,,,,,,,,,,,,,,,,,,,,,,,,,,,,,,,Theria,Haplorrhini,Simiiformes,,Homininae (African apes),,,,,,,,,,,,,,Eutheria,,,,,,,,,,,,,Apredica A-tubulin,,,,,,,liver,,,,,,,,,,,,,,,,,,,,,,http://www.Apredica.com/,,cell line,TUBA1A,In vitro (Cellular),Apredica,microplate: 384-well plate,,HepG2,Fluorescence,adherent,DMSO,HCS Microtubule CSK a-tubulin staining,conformation reporter,cell-based,Apredica is a preclinical Contract Research Organization (CRO) that provides services including the CellCiphr High Content Screening system.,APR,positive,signaling,multiplexed,HCS Fluorescent Imaging,cellular,percent_activity,protein,,cell-based,Paclitaxel,Apredica,cell morphology,0,,cellular,protein stabilization,Fluorescence,both,protein,0,0,cell conformation,Camptothecin;Anisomycin,"APR_MicrotubuleCSK_72h was designed to target cell morphology (cell conformation) activity at the protein (protein-specified) level, specifically mapping to NA gene(s) using a positive control of Paclitaxel",,0,0,7846,Fluorescence intensity,protein-specified,7846,72,h,Time,1 hr represents acute effects,a-tubulin,"tubulin, alpha 1a",anti-a-tubulin antibody,Other,Cell line,antibody,HepG2,TUBA1A,,,,,,,,46.50379857999997,,mg/L,Mass concentration,,,107,,µM,Molar concentration,,
78-42-2,"Phosphoric acid, tris(2-ethylhexyl) ester;tris (2-ethylhexyl) phosphate;Tris(2-ethylhexyl) phosphate;tris(2-ethylhexyl)ester phosphoric acid;tris(2-ethylhexyl)ester_phosphoric_acid;tris(2-ethylhexyl)phosphate;Tris(2-ethylhexyl)phosphate (TEHP)",,,,,,,,,,,,,,,,,,,,,,,,,,,,,,,,,,,,,,,,,,,,,,,,,,,,,,,,,,,,,,,,,,,,,,,,,,,,,,,,,,,,,,,,,,,,,,,,,,,,,,,,,,,,,,,,,,,,,,,,,,,,,,,,Human Health Hazards#ToxCast,ToxCastDB,,,AC50,,False,No qualifier,Equal,,,,,,,,,,,Homo sapiens,Animalia (animals),Bilateria,Chordata (chordates),Vertebrata (vertebrates),Tetrapoda,Mammalia (mammals),,Primates (primates),Hominoidea,"Hominidae (man-like primates,Great Apes)",Homo (hominoids),Deuterostomia,Gnathostomata,,,,,,,,,,,,,,,,,,,,,,,,,,,,,,,,,,,,,,,,,,,,,,,,,,,,,,,,,,,,,,,,,,,,,,,,,,,,,,,,,,,,,,,,,,,,,,,,,,,,,Theria,Haplorrhini,Simiiformes,,Homininae (African apes),,,,,,,,,,,,,,Eutheria,,,,,,,,,,,,,Apredica Cell Number,,,,,,,liver,,,,,,,,,,,,,,,,,,,,,,http://www.Apredica.com/,,cell line,,In vitro (Cellular),Apredica,microplate: 384-well plate,,HepG2,Fluorescence,adherent,DMSO,HCS Cell Loss Hoescht-33342,viability reporter,cell-based,Apredica is a preclinical Contract Research Organization (CRO) that provides services including the CellCiphr High Content Screening system.,APR,negative,viability,multiplexed,HCS Fluorescent Imaging,cellular,percent_activity,cell number,,cell-based,Camptothecin,Apredica,cell cycle,0,,cellular,cell death,Fluorescence,both,dna,0,0,cytotoxicity,Camptothecin;Anisomycin;Paclitaxel;CCCP,"APR_CellLoss_72h was designed to target cell cycle (cytotoxicity) activity at the cellular (cellular) level, specifically mapping to NA gene(s) using a positive control of Camptothecin",,0,0,0,Fluorescence intensity,dna-unspecified,,72,h,Time,1 hr represents acute effects,Nucleus,,Hoechst-33342 dye,Other,Cell line,stain,HepG2,,,,,,,,,19.644595619584873,,mg/L,Mass concentration,,,45.20000076293945,,µM,Molar concentration,,
78-42-2,"Phosphoric acid, tris(2-ethylhexyl) ester;tris (2-ethylhexyl) phosphate;Tris(2-ethylhexyl) phosphate;tris(2-ethylhexyl)ester phosphoric acid;tris(2-ethylhexyl)ester_phosphoric_acid;tris(2-ethylhexyl)phosphate;Tris(2-ethylhexyl)phosphate (TEHP)",,,,,,,,,,,,,,,,,,,,,,,,,,,,,,,,,,,,,,,,,,,,,,,,,,,,,,,,,,,,,,,,,,,,,,,,,,,,,,,,,,,,,,,,,,,,,,,,,,,,,,,,,,,,,,,,,,,,,,,,,,,,,,,,Human Health Hazards#ToxCast,ToxCastDB,,,AC50,,False,No qualifier,Equal,,,,,,,,,,,Homo sapiens,Animalia (animals),Bilateria,Chordata (chordates),Vertebrata (vertebrates),Tetrapoda,Mammalia (mammals),,Primates (primates),Hominoidea,"Hominidae (man-like primates,Great Apes)",Homo (hominoids),Deuterostomia,Gnathostomata,,,,,,,,,,,,,,,,,,,,,,,,,,,,,,,,,,,,,,,,,,,,,,,,,,,,,,,,,,,,,,,,,,,,,,,,,,,,,,,,,,,,,,,,,,,,,,,,,,,,,Theria,Haplorrhini,Simiiformes,,Homininae (African apes),,,,,,,,,,,,,,Eutheria,,,,,,,,,,,,,Apredica P53,,,,,,,liver,,,,,,,,,,,,,,,,,,,,,,http://www.Apredica.com/,,cell line,TP53,In vitro (Cellular),Apredica,microplate: 384-well plate,,HepG2,Fluorescence,adherent,DMSO,HCS DNA Damage p53 activation,viability reporter,cell-based,Apredica is a preclinical Contract Research Organization (CRO) that provides services including the CellCiphr High Content Screening system.,APR,positive,signaling,multiplexed,HCS Fluorescent Imaging,pathway,percent_activity,dna content,,cell-based,Camptothecin,Apredica,dna binding,7157,,pathway-specified,cell death,Fluorescence,both,protein,0,0,tumor suppressor,Camptothecin;Anisomycin,"APR_p53Act_72h was designed to target dna binding (tumor suppressor) activity at the pathway (pathway-specified) level, specifically mapping to TP53 gene(s) using a positive control of Camptothecin",TP53,0,0,7157,Fluorescence intensity,protein-specified,7157,72,h,Time,1 hr represents acute effects,DNA damage,tumor protein p53,anti-p53 antibody,Other,Cell line,antibody,HepG2,TP53,,,,,,,,23.425745929169757,,mg/L,Mass concentration,,,53.900001525878906,,µM,Molar concentration,,
78-42-2,"Phosphoric acid, tris(2-ethylhexyl) ester;tris (2-ethylhexyl) phosphate;Tris(2-ethylhexyl) phosphate;tris(2-ethylhexyl)ester phosphoric acid;tris(2-ethylhexyl)ester_phosphoric_acid;tris(2-ethylhexyl)phosphate;Tris(2-ethylhexyl)phosphate (TEHP)",,,,,,,,,,,,,,,,,,,,,,,,,,,,,,,,,,,,,,,,,,,,,,,,,,,,,,,,,,,,,,,,,,,,,,,,,,,,,,,,,,,,,,,,,,,,,,,,,,,,,,,,,,,,,,,,,,,,,,,,,,,,,,,,Human Health Hazards#ToxCast,ToxCastDB,,,AC50,,False,No qualifier,Equal,,,,,,,,,,,Homo sapiens,Animalia (animals),Bilateria,Chordata (chordates),Vertebrata (vertebrates),Tetrapoda,Mammalia (mammals),,Primates (primates),Hominoidea,"Hominidae (man-like primates,Great Apes)",Homo (hominoids),Deuterostomia,Gnathostomata,,,,,,,,,,,,,,,,,,,,,,,,,,,,,,,,,,,,,,,,,,,,,,,,,,,,,,,,,,,,,,,,,,,,,,,,,,,,,,,,,,,,,,,,,,,,,,,,,,,,,Theria,Haplorrhini,Simiiformes,,Homininae (African apes),,,,,,,,,,,,,,Eutheria,,,,,,,,,,,,,Apredica Phospho-H2AX,,,,,,,liver,,,,,,,,,,,,,,,,,,,,,,http://www.Apredica.com/,,cell line,H2AFX,In vitro (Cellular),Apredica,microplate: 384-well plate,,HepG2,Fluorescence,adherent,DMSO,HCS Oxidative Stress H2AX phosphorylation,viability reporter,cell-based,Apredica is a preclinical Contract Research Organization (CRO) that provides services including the CellCiphr High Content Screening system.,APR,positive,signaling,multiplexed,HCS Fluorescent Imaging,pathway,percent_activity,dna content,,cell-based,Camptothecin,Apredica,cell cycle,0,,pathway-specified,oxidative phosphorylation,Fluorescence,both,protein,0,0,stress response,Camptothecin;Anisomycin,"APR_OxidativeStress_72h was designed to target cell cycle (stress response) activity at the pathway (pathway-specified) level, specifically mapping to NA gene(s) using a positive control of Anisomycin",,0,0,3014,Fluorescence intensity,protein-specified,3014,72,h,Time,1 hr represents acute effects,Cell stress,"H2A histone family, member X",anti-phospho-histone-H2AX antibody,Other,Cell line,antibody,HepG2,H2AX,,,,,,,,29.858045051660447,,mg/L,Mass concentration,,,68.69999694824219,,µM,Molar concentration,,
78-42-2,"Phosphoric acid, tris(2-ethylhexyl) ester;tris (2-ethylhexyl) phosphate;Tris(2-ethylhexyl) phosphate;tris(2-ethylhexyl)ester phosphoric acid;tris(2-ethylhexyl)ester_phosphoric_acid;tris(2-ethylhexyl)phosphate;Tris(2-ethylhexyl)phosphate (TEHP)",,,,,,,,,,,,,,,,,,,,,,,,,,,,,,,,,,,,,,,,,,,,,,,,,,,,,,,,,,,,,,,,,,,,,,,,,,,,,,,,,,,,,,,,,,,,,,,,,,,,,,,,,,,,,,,,,,,,,,,,,,,,,,,,Human Health Hazards#ToxCast,ToxCastDB,,,AC50,,False,No qualifier,Equal,,,,,,,,,,,Homo sapiens,Animalia (animals),Bilateria,Chordata (chordates),Vertebrata (vertebrates),Tetrapoda,Mammalia (mammals),,Primates (primates),Hominoidea,"Hominidae (man-like primates,Great Apes)",Homo (hominoids),Deuterostomia,Gnathostomata,,,,,,,,,,,,,,,,,,,,,,,,,,,,,,,,,,,,,,,,,,,,,,,,,,,,,,,,,,,,,,,,,,,,,,,,,,,,,,,,,,,,,,,,,,,,,,,,,,,,,Theria,Haplorrhini,Simiiformes,,Homininae (African apes),,,,,,,,,,,,,,Eutheria,,,,,,,,,,,,,Apredica Phospho-H3,,,,,,,liver,,,,,,,,,,,,,,,,,,,,,,http://www.Apredica.com/,,cell line,,In vitro (Cellular),Apredica,microplate: 384-well plate,,HepG2,Fluorescence,adherent,DMSO,HCS Mitotic Arrest H3 phosporylation,morphology reporter,cell-based,Apredica is a preclinical Contract Research Organization (CRO) that provides services including the CellCiphr High Content Screening system.,APR,positive,signaling,multiplexed,HCS Fluorescent Imaging,pathway,percent_activity,cell phenotype,,cell-based,Paclitaxel,Apredica,cell cycle,0,,pathway-specified,cell cycle,Fluorescence,both,protein,0,0,arrest,Paclitaxel;CCCP,"APR_MitoticArrest_72h was designed to target cell cycle (arrest) activity at the pathway (pathway-specified) level, specifically mapping to NA gene(s) using a positive control of Paclitaxel",,0,0,3020,Fluorescence intensity,protein-specified,,72,h,Time,1 hr represents acute effects,Cell growth,,anti-phospho-histone-H3 antibody,Other,Cell line,antibody,HepG2,H3F3A,,,,,,,,12.908064049584878,,mg/L,Mass concentration,,,29.700000762939453,,µM,Molar concentration,,
78-42-2,"Phosphoric acid, tris(2-ethylhexyl) ester;tris (2-ethylhexyl) phosphate;Tris(2-ethylhexyl) phosphate;tris(2-ethylhexyl)ester phosphoric acid;tris(2-ethylhexyl)ester_phosphoric_acid;tris(2-ethylhexyl)phosphate;Tris(2-ethylhexyl)phosphate (TEHP)",,,,,,,,,,,,,,,,,,,,,,,,,,,,,,,,,,,,,,,,,,,,,,,,,,,,,,,,,,,,,,,,,,,,,,,,,,,,,,,,,,,,,,,,,,,,,,,,,,,,,,,,,,,,,,,,,,,,,,,,,,,,,,,,Human Health Hazards#ToxCast,ToxCastDB,,,AC50,,False,No qualifier,Equal,,,,,,,,,,,Homo sapiens,Animalia (animals),Bilateria,Chordata (chordates),Vertebrata (vertebrates),Tetrapoda,Mammalia (mammals),,Primates (primates),Hominoidea,"Hominidae (man-like primates,Great Apes)",Homo (hominoids),Deuterostomia,Gnathostomata,,,,,,,,,,,,,,,,,,,,,,,,,,,,,,,,,,,,,,,,,,,,,,,,,,,,,,,,,,,,,,,,,,,,,,,,,,,,,,,,,,,,,,,,,,,,,,,,,,,,,Theria,Haplorrhini,Simiiformes,,Homininae (African apes),,,,,,,,,,,,,,Eutheria,,,,,,,,,,,,,Apredica Phospho-H3,,,,,,,liver,,,,,,,,,,,,,,,,,,,,,,http://www.Apredica.com/,,cell line,,In vitro (Cellular),Apredica,microplate: 384-well plate,,HepG2,Fluorescence,adherent,DMSO,HCS Mitotic Arrest H3 phosporylation,morphology reporter,cell-based,Apredica is a preclinical Contract Research Organization (CRO) that provides services including the CellCiphr High Content Screening system.,APR,positive,signaling,multiplexed,HCS Fluorescent Imaging,pathway,percent_activity,cell phenotype,,cell-based,Paclitaxel,Apredica,cell cycle,0,,pathway-specified,cell cycle,Fluorescence,both,protein,0,0,arrest,Paclitaxel;CCCP,"APR_MitoticArrest_24h was designed to target cell cycle (arrest) activity at the pathway (pathway-specified) level, specifically mapping to NA gene(s) using a positive control of Paclitaxel",,0,0,3020,Fluorescence intensity,protein-specified,,24,h,Time,1 hr represents acute effects,Cell growth,,anti-phospho-histone-H3 antibody,Other,Cell line,antibody,HepG2,H3F3A,,,,,,,,52.15379279999997,,mg/L,Mass concentration,,,120,,µM,Molar concentration,,
78-42-2,"Phosphoric acid, tris(2-ethylhexyl) ester;tris (2-ethylhexyl) phosphate;Tris(2-ethylhexyl) phosphate;tris(2-ethylhexyl)ester phosphoric acid;tris(2-ethylhexyl)ester_phosphoric_acid;tris(2-ethylhexyl)phosphate;Tris(2-ethylhexyl)phosphate (TEHP)",,,,,,,,,,,,,,,,,,,,,,,,,,,,,,,,,,,,,,,,,,,,,,,,,,,,,,,,,,,,,,,,,,,,,,,,,,,,,,,,,,,,,,,,,,,,,,,,,,,,,,,,,,,,,,,,,,,,,,,,,,,,,,,,Human Health Hazards#ToxCast,ToxCastDB,,,AC50,,False,No qualifier,Equal,,,,,,,,,,,Homo sapiens,Animalia (animals),Bilateria,Chordata (chordates),Vertebrata (vertebrates),Tetrapoda,Mammalia (mammals),,Primates (primates),Hominoidea,"Hominidae (man-like primates,Great Apes)",Homo (hominoids),Deuterostomia,Gnathostomata,,,,,,,,,,,,,,,,,,,,,,,,,,,,,,,,,,,,,,,,,,,,,,,,,,,,,,,,,,,,,,,,,,,,,,,,,,,,,,,,,,,,,,,,,,,,,,,,,,,,,Theria,Haplorrhini,Simiiformes,,Homininae (African apes),,,,,,,,,,,,,,Eutheria,,,,,,,,,,,,,Attagene Factorial Cis PXRE,,,,,,,liver,,,,,,,,,,,,,,,,,,,,,,http://www.attagene.com/services.php,DNA sequencer,cell line,NR1I2,In vitro (Cellular),Attagene,microplate: 24-well plate,,HepG2,Reporter gene assay,adherent,DMSO,Factorial reporter gene assay,inducible reporter,cell-based,"Attagene Inc. is a CRO offering a unique screening service using its proprietary multiplexed pathway profiling platform, the FACTORIAL.",ATG,positive,reporter gene,multiplexed,RT-PCR and Capillary electrophoresis,protein,fold_induction,mRNA induction,,cell-based,,Attagene,nuclear receptor,8856,Rifampicin,transcription factor,regulation of transcription factor activity,Fluorescence,gain,rna,0,0,non-steroidal,Rifampicin,"ATG_PXRE_CIS was designed to target nuclear receptor (non-steroidal) activity at the protein (transcription factor) level, specifically mapping to NR1I2 gene(s) using a positive control of Rifampicin",NR1I2,0,0,8856,Fluorescence intensity,mRNA,8856,24,h,Time,Multiplexed reporter gene assay; Nuclear receptor pathway,PXR Response Element,"nuclear receptor subfamily 1, group I, member 2",PXRE RTU,Transcription Factor,Cell line,inducer,HepG2,NR1I2,,,,,,,,0.27989201866587265,,mg/L,Mass concentration,,,0.6439999938011169,,µM,Molar concentration,,
78-42-2,"Phosphoric acid, tris(2-ethylhexyl) ester;tris (2-ethylhexyl) phosphate;Tris(2-ethylhexyl) phosphate;tris(2-ethylhexyl)ester phosphoric acid;tris(2-ethylhexyl)ester_phosphoric_acid;tris(2-ethylhexyl)phosphate;Tris(2-ethylhexyl)phosphate (TEHP)",,,,,,,,,,,,,,,,,,,,,,,,,,,,,,,,,,,,,,,,,,,,,,,,,,,,,,,,,,,,,,,,,,,,,,,,,,,,,,,,,,,,,,,,,,,,,,,,,,,,,,,,,,,,,,,,,,,,,,,,,,,,,,,,Human Health Hazards#ToxCast,ToxCastDB,,,AC50,,False,No qualifier,Equal,,,,,,,,,,,Homo sapiens,Animalia (animals),Bilateria,Chordata (chordates),Vertebrata (vertebrates),Tetrapoda,Mammalia (mammals),,Primates (primates),Hominoidea,"Hominidae (man-like primates,Great Apes)",Homo (hominoids),Deuterostomia,Gnathostomata,,,,,,,,,,,,,,,,,,,,,,,,,,,,,,,,,,,,,,,,,,,,,,,,,,,,,,,,,,,,,,,,,,,,,,,,,,,,,,,,,,,,,,,,,,,,,,,,,,,,,Theria,Haplorrhini,Simiiformes,,Homininae (African apes),,,,,,,,,,,,,,Eutheria,,,,,,,,,,,,,Attagene Factorial Cis PXRE,,,,,,,,,,,,,,,,,,,,,,,,,,,,,http://www.attagene.com/services.php,DNA sequencer,,NR1I2,In vitro (Cellular),Attagene,,,,Reporter gene assay,,,Factorial reporter gene assay,,,,,,,,,,,,,,,,,,Rifampicin,,,,,,,,,,,,,,,,,8856,,,,Multiplexed reporter gene assay; Nuclear receptor pathway,PXR Response Element,"nuclear receptor subfamily 1, group I, member 2",,Transcription Factor,Cell line,,HepG2,,,,,,,,,0.27989201866587265,,mg/L,Mass concentration,,,0.6439999938011169,,µM,Molar concentration,,
78-42-2,"Phosphoric acid, tris(2-ethylhexyl) ester;tris (2-ethylhexyl) phosphate;Tris(2-ethylhexyl) phosphate;tris(2-ethylhexyl)ester phosphoric acid;tris(2-ethylhexyl)ester_phosphoric_acid;tris(2-ethylhexyl)phosphate;Tris(2-ethylhexyl)phosphate (TEHP)",,,,,,,,,,,,,,,,,,,,,,,,,,,,,,,,,,,,,,,,,,,,,,,,,,,,,,,,,,,,,,,,,,,,,,,,,,,,,,,,,,,,,,,,,,,,,,,,,,,,,,,,,,,,,,,,,,,,,,,,,,,,,,,,Human Health Hazards#ToxCast,ToxCastDB,,,AC50,,False,No qualifier,Equal,,,,,,,,,,,Homo sapiens,Animalia (animals),Bilateria,Chordata (chordates),Vertebrata (vertebrates),Tetrapoda,Mammalia (mammals),,Primates (primates),Hominoidea,"Hominidae (man-like primates,Great Apes)",Homo (hominoids),Deuterostomia,Gnathostomata,,,,,,,,,,,,,,,,,,,,,,,,,,,,,,,,,,,,,,,,,,,,,,,,,,,,,,,,,,,,,,,,,,,,,,,,,,,,,,,,,,,,,,,,,,,,,,,,,,,,,Theria,Haplorrhini,Simiiformes,,Homininae (African apes),,,,,,,,,,,,,,Eutheria,,,,,,,,,,,,,Attagene Factorial Trans PPARg,,,,,,,,,,,,,,,,,,,,,,,,,,,,,http://www.attagene.com/services.php,DNA sequencer,,PPARG,In vitro (Cellular),Attagene,,,,Reporter gene assay,,,Factorial reporter gene assay,,,,,,,,,,,,,,,,,,Rosiglitazone,,,,,,,,,,,,,,,,,5468,,,,Multiplexed reporter gene assay; nuclear receptor pathway,PPARg,peroxisome proliferator-activated receptor gamma,,Transcription Factor,Cell line,,HepG2,,,,,,,,,5.25884093979244,,mg/L,Mass concentration,,,12.100000381469727,,µM,Molar concentration,,
78-42-2,"Phosphoric acid, tris(2-ethylhexyl) ester;tris (2-ethylhexyl) phosphate;Tris(2-ethylhexyl) phosphate;tris(2-ethylhexyl)ester phosphoric acid;tris(2-ethylhexyl)ester_phosphoric_acid;tris(2-ethylhexyl)phosphate;Tris(2-ethylhexyl)phosphate (TEHP)",,,,,,,,,,,,,,,,,,,,,,,,,,,,,,,,,,,,,,,,,,,,,,,,,,,,,,,,,,,,,,,,,,,,,,,,,,,,,,,,,,,,,,,,,,,,,,,,,,,,,,,,,,,,,,,,,,,,,,,,,,,,,,,,Human Health Hazards#ToxCast,ToxCastDB,,,AC50,,False,No qualifier,Equal,,,,,,,,,,,Homo sapiens,Animalia (animals),Bilateria,Chordata (chordates),Vertebrata (vertebrates),Tetrapoda,Mammalia (mammals),,Primates (primates),Hominoidea,"Hominidae (man-like primates,Great Apes)",Homo (hominoids),Deuterostomia,Gnathostomata,,,,,,,,,,,,,,,,,,,,,,,,,,,,,,,,,,,,,,,,,,,,,,,,,,,,,,,,,,,,,,,,,,,,,,,,,,,,,,,,,,,,,,,,,,,,,,,,,,,,,Theria,Haplorrhini,Simiiformes,,Homininae (African apes),,,,,,,,,,,,,,Eutheria,,,,,,,,,,,,,Attagene Factorial Trans PPARg,,,,,,,liver,,,,,,,,,,,,,,,,,,,,,,http://www.attagene.com/services.php,DNA sequencer,cell line,PPARG,In vitro (Cellular),Attagene,microplate: 24-well plate,,HepG2,Reporter gene assay,adherent,DMSO,Factorial reporter gene assay,inducible reporter,cell-based,"Attagene Inc. is a CRO offering a unique screening service using its proprietary multiplexed pathway profiling platform, the FACTORIAL.",ATG,positive,reporter gene,multiplexed,RT-PCR and Capillary electrophoresis,protein,fold_induction,mRNA induction,,cell-based,,Attagene,nuclear receptor,5468,Rosiglitazone,transcription factor,regulation of transcription factor activity,Fluorescence,gain,rna,0,0,non-steroidal,GW7647,"ATG_PPARg_TRANS was designed to target nuclear receptor (non-steroidal) activity at the protein (transcription factor) level, specifically mapping to PPARG gene(s) using a positive control of GW7647",PPARG,0,0,5468,Fluorescence intensity,mRNA,5468,24,h,Time,Multiplexed reporter gene assay; nuclear receptor pathway,PPARg,peroxisome proliferator-activated receptor gamma,gal4-PPARg RTU,Transcription Factor,Cell line,inducer,HepG2,PPARG,,,,,,,,5.25884093979244,,mg/L,Mass concentration,,,12.100000381469727,,µM,Molar concentration,,
78-42-2,"Phosphoric acid, tris(2-ethylhexyl) ester;tris (2-ethylhexyl) phosphate;Tris(2-ethylhexyl) phosphate;tris(2-ethylhexyl)ester phosphoric acid;tris(2-ethylhexyl)ester_phosphoric_acid;tris(2-ethylhexyl)phosphate;Tris(2-ethylhexyl)phosphate (TEHP)",,,,,,,,,,,,,,,,,,,,,,,,,,,,,,,,,,,,,,,,,,,,,,,,,,,,,,,,,,,,,,,,,,,,,,,,,,,,,,,,,,,,,,,,,,,,,,,,,,,,,,,,,,,,,,,,,,,,,,,,,,,,,,,,Human Health Hazards#ToxCast,ToxCastDB,,,AC50,,False,No qualifier,Equal,,,,,,,,,,,Homo sapiens,Animalia (animals),Bilateria,Chordata (chordates),Vertebrata (vertebrates),Tetrapoda,Mammalia (mammals),,Primates (primates),Hominoidea,"Hominidae (man-like primates,Great Apes)",Homo (hominoids),Deuterostomia,Gnathostomata,,,,,,,,,,,,,,,,,,,,,,,,,,,,,,,,,,,,,,,,,,,,,,,,,,,,,,,,,,,,,,,,,,,,,,,,,,,,,,,,,,,,,,,,,,,,,,,,,,,,,Theria,Haplorrhini,Simiiformes,,Homininae (African apes),,,,,,,,,,,,,,Eutheria,,,,,,,,,,,,,Attagene Factorial Trans PXR,,,,,,,,,,,,,,,,,,,,,,,,,,,,,http://www.attagene.com/services.php,DNA sequencer,,NR1I2,In vitro (Cellular),Attagene,,,,Reporter gene assay,,,Factorial reporter gene assay,,,,,,,,,,,,,,,,,,Rifampicin,,,,,,,,,,,,,,,,,8856,,,,Multiplexed reporter gene assay; Nuclear receptor pathway,PXR,"nuclear receptor subfamily 1, group I, member 2",,Transcription Factor,Cell line,,HepG2,,,,,,,,,0.14038063162997597,,mg/L,Mass concentration,,,0.3230000138282776,,µM,Molar concentration,,
78-42-2,"Phosphoric acid, tris(2-ethylhexyl) ester;tris (2-ethylhexyl) phosphate;Tris(2-ethylhexyl) phosphate;tris(2-ethylhexyl)ester phosphoric acid;tris(2-ethylhexyl)ester_phosphoric_acid;tris(2-ethylhexyl)phosphate;Tris(2-ethylhexyl)phosphate (TEHP)",,,,,,,,,,,,,,,,,,,,,,,,,,,,,,,,,,,,,,,,,,,,,,,,,,,,,,,,,,,,,,,,,,,,,,,,,,,,,,,,,,,,,,,,,,,,,,,,,,,,,,,,,,,,,,,,,,,,,,,,,,,,,,,,Human Health Hazards#ToxCast,ToxCastDB,,,AC50,,False,No qualifier,Equal,,,,,,,,,,,Homo sapiens,Animalia (animals),Bilateria,Chordata (chordates),Vertebrata (vertebrates),Tetrapoda,Mammalia (mammals),,Primates (primates),Hominoidea,"Hominidae (man-like primates,Great Apes)",Homo (hominoids),Deuterostomia,Gnathostomata,,,,,,,,,,,,,,,,,,,,,,,,,,,,,,,,,,,,,,,,,,,,,,,,,,,,,,,,,,,,,,,,,,,,,,,,,,,,,,,,,,,,,,,,,,,,,,,,,,,,,Theria,Haplorrhini,Simiiformes,,Homininae (African apes),,,,,,,,,,,,,,Eutheria,,,,,,,,,,,,,Attagene Factorial Trans PXR,,,,,,,liver,,,,,,,,,,,,,,,,,,,,,,http://www.attagene.com/services.php,DNA sequencer,cell line,NR1I2,In vitro (Cellular),Attagene,microplate: 24-well plate,,HepG2,Reporter gene assay,adherent,DMSO,Factorial reporter gene assay,inducible reporter,cell-based,"Attagene Inc. is a CRO offering a unique screening service using its proprietary multiplexed pathway profiling platform, the FACTORIAL.",ATG,positive,reporter gene,multiplexed,RT-PCR and Capillary electrophoresis,protein,fold_induction,mRNA induction,,cell-based,,Attagene,nuclear receptor,8856,Rifampicin,transcription factor,regulation of transcription factor activity,Fluorescence,gain,rna,0,0,non-steroidal,,"ATG_PXR_TRANS was designed to target nuclear receptor (non-steroidal) activity at the protein (transcription factor) level, specifically mapping to NR1I2 gene(s) using a positive control of NA",NR1I2,0,0,8856,Fluorescence intensity,mRNA,8856,24,h,Time,Multiplexed reporter gene assay; Nuclear receptor pathway,PXR,"nuclear receptor subfamily 1, group I, member 2",gal4-PXR RTU,Transcription Factor,Cell line,inducer,HepG2,NR1I2,,,,,,,,0.14038063162997597,,mg/L,Mass concentration,,,0.3230000138282776,,µM,Molar concentration,,
78-42-2,"Phosphoric acid, tris(2-ethylhexyl) ester;tris (2-ethylhexyl) phosphate;Tris(2-ethylhexyl) phosphate;tris(2-ethylhexyl)ester phosphoric acid;tris(2-ethylhexyl)ester_phosphoric_acid;tris(2-ethylhexyl)phosphate;Tris(2-ethylhexyl)phosphate (TEHP)",,,,,,,,,,,,,,,,,,,,,,,,,,,,,,,,,,,,,,,,,,,,,,,,,,,,,,,,,,,,,,,,,,,,,,,,,,,,,,,,,,,,,,,,,,,,,,,,,,,,,,,,,,,,,,,,,,,,,,,,,,,,,,,,Human Health Hazards#ToxCast,ToxCastDB,,,AC50,,False,No qualifier,Equal,,,,,,,,,,,Homo sapiens,Animalia (animals),Bilateria,Chordata (chordates),Vertebrata (vertebrates),Tetrapoda,Mammalia (mammals),,Primates (primates),Hominoidea,"Hominidae (man-like primates,Great Apes)",Homo (hominoids),Deuterostomia,Gnathostomata,,,,,,,,,,,,,,,,,,,,,,,,,,,,,,,,,,,,,,,,,,,,,,,,,,,,,,,,,,,,,,,,,,,,,,,,,,,,,,,,,,,,,,,,,,,,,,,,,,,,,Theria,Haplorrhini,Simiiformes,,Homininae (African apes),,,,,,,,,,,,,,Eutheria,,,,,,,,,,,,,Attagene Factorial Trans RORb,,,,,,,,,,,,,,,,,,,,,,,,,,,,,http://www.attagene.com/services.php,DNA sequencer,,RORB,In vitro (Cellular),Attagene,,,,Reporter gene assay,,,Factorial reporter gene assay,,,,,,,,,,,,,,,,,,orphan,,,,,,,,,,,,,,,,,6096,,,,Multiplexed reporter gene assay; Nuclear receptor pathway,RORb,RAR-related orphan receptor B,,Transcription Factor,Cell line,,HepG2,,,,,,,,,0.8214222303827831,,mg/L,Mass concentration,,,1.8899999856948853,,µM,Molar concentration,,
78-42-2,"Phosphoric acid, tris(2-ethylhexyl) ester;tris (2-ethylhexyl) phosphate;Tris(2-ethylhexyl) phosphate;tris(2-ethylhexyl)ester phosphoric acid;tris(2-ethylhexyl)ester_phosphoric_acid;tris(2-ethylhexyl)phosphate;Tris(2-ethylhexyl)phosphate (TEHP)",,,,,,,,,,,,,,,,,,,,,,,,,,,,,,,,,,,,,,,,,,,,,,,,,,,,,,,,,,,,,,,,,,,,,,,,,,,,,,,,,,,,,,,,,,,,,,,,,,,,,,,,,,,,,,,,,,,,,,,,,,,,,,,,Human Health Hazards#ToxCast,ToxCastDB,,,AC50,,False,No qualifier,Equal,,,,,,,,,,,Homo sapiens,Animalia (animals),Bilateria,Chordata (chordates),Vertebrata (vertebrates),Tetrapoda,Mammalia (mammals),,Primates (primates),Hominoidea,"Hominidae (man-like primates,Great Apes)",Homo (hominoids),Deuterostomia,Gnathostomata,,,,,,,,,,,,,,,,,,,,,,,,,,,,,,,,,,,,,,,,,,,,,,,,,,,,,,,,,,,,,,,,,,,,,,,,,,,,,,,,,,,,,,,,,,,,,,,,,,,,,Theria,Haplorrhini,Simiiformes,,Homininae (African apes),,,,,,,,,,,,,,Eutheria,,,,,,,,,,,,,Attagene Factorial Trans RORb,,,,,,,liver,,,,,,,,,,,,,,,,,,,,,,http://www.attagene.com/services.php,DNA sequencer,cell line,RORB,In vitro (Cellular),Attagene,microplate: 24-well plate,,HepG2,Reporter gene assay,adherent,DMSO,Factorial reporter gene assay,inducible reporter,cell-based,"Attagene Inc. is a CRO offering a unique screening service using its proprietary multiplexed pathway profiling platform, the FACTORIAL.",ATG,positive,reporter gene,multiplexed,RT-PCR and Capillary electrophoresis,protein,fold_induction,mRNA induction,,cell-based,,Attagene,nuclear receptor,6096,orphan,transcription factor,regulation of transcription factor activity,Fluorescence,gain,rna,0,0,non-steroidal,,"ATG_RORb_TRANS was designed to target nuclear receptor (non-steroidal) activity at the protein (transcription factor) level, specifically mapping to RORB gene(s) using a positive control of NA",RORB,0,0,6096,Fluorescence intensity,mRNA,6096,24,h,Time,Multiplexed reporter gene assay; Nuclear receptor pathway,RORb,RAR-related orphan receptor B,gal4-RORb RTU,Transcription Factor,Cell line,inducer,HepG2,RORB,,,,,,,,0.8214222303827831,,mg/L,Mass concentration,,,1.8899999856948853,,µM,Molar concentration,,
78-42-2,"Phosphoric acid, tris(2-ethylhexyl) ester;tris (2-ethylhexyl) phosphate;Tris(2-ethylhexyl) phosphate;tris(2-ethylhexyl)ester phosphoric acid;tris(2-ethylhexyl)ester_phosphoric_acid;tris(2-ethylhexyl)phosphate;Tris(2-ethylhexyl)phosphate (TEHP)",,,,,,,,,,,,,,,,,,,,,,,,,,,,,,,,,,,,,,,,,,,,,,,,,,,,,,,,,,,,,,,,,,,,,,,,,,,,,,,,,,,,,,,,,,,,,,,,,,,,,,,,,,,,,,,,,,,,,,,,,,,,,,,,Human Health Hazards#ToxCast,ToxCastDB,,,AC50,,False,No qualifier,Equal,,,,,,,,,,,Homo sapiens,Animalia (animals),Bilateria,Chordata (chordates),Vertebrata (vertebrates),Tetrapoda,Mammalia (mammals),,Primates (primates),Hominoidea,"Hominidae (man-like primates,Great Apes)",Homo (hominoids),Deuterostomia,Gnathostomata,,,,,,,,,,,,,,,,,,,,,,,,,,,,,,,,,,,,,,,,,,,,,,,,,,,,,,,,,,,,,,,,,,,,,,,,,,,,,,,,,,,,,,,,,,,,,,,,,,,,,Theria,Haplorrhini,Simiiformes,,Homininae (African apes),,,,,,,,,,,,,,Eutheria,,,,,,,,,,,,,BrEPI_IL_1b_TNF_a_IFN_g_24_MMP_1_up,,,,,,,lung,,,,,,,,,,,,,,,,,,,,,,http://www.bioseekinc.com/,Fold-Change,primary cell,MMP1,In vitro (Cellular),BioSeek,microplate: 96-well plate,,HBEC,ELISA,,DMSO,Primary Human Brochial Epithelial Cells (IL-1b+TNF-a+IFN-g): MMP-1,binding reporter,cell-based,Bioseek is a division of DiscoveRx Corporation and developed the BioMAP® system providing uniquely informative biological activity profiles.,BSK,positive,signaling,multiplexed,ELISA,protein,fold_induction,immunoassay: elisa,DMSO,cell-based,Colchicine,Bioseek,protease,4312,,protein-specified,regulation of gene expression,Fluorescence,both,protein,450,650,matrix metalloproteinase,colchicine,"BSK_BE3C_MMP1 was designed to target protease (matrix metalloproteinase) activity at the protein (protein-specified) level, specifically mapping to MMP1 gene(s) using a positive control of colchicine",MMP1,0,0.2,4312,Fluorescence intensity,protein-specified,4312,24,h,Time,,MMP-1,matrix metallopeptidase 1 (interstitial collagenase),MMP-1 antibody,Protease,Primary Cell,antibody,Primary Human Bronchial Epithelial Cells,MMP1,,,,,,,,3.928919041020754,,mg/L,Mass concentration,,,9.039999961853027,,µM,Molar concentration,,
78-42-2,"Phosphoric acid, tris(2-ethylhexyl) ester;tris (2-ethylhexyl) phosphate;Tris(2-ethylhexyl) phosphate;tris(2-ethylhexyl)ester phosphoric acid;tris(2-ethylhexyl)ester_phosphoric_acid;tris(2-ethylhexyl)phosphate;Tris(2-ethylhexyl)phosphate (TEHP)",,,,,,,,,,,,,,,,,,,,,,,,,,,,,,,,,,,,,,,,,,,,,,,,,,,,,,,,,,,,,,,,,,,,,,,,,,,,,,,,,,,,,,,,,,,,,,,,,,,,,,,,,,,,,,,,,,,,,,,,,,,,,,,,Human Health Hazards#ToxCast,ToxCastDB,,,AC50,,False,No qualifier,Equal,,,,,,,,,,,Homo sapiens,Animalia (animals),Bilateria,Chordata (chordates),Vertebrata (vertebrates),Tetrapoda,Mammalia (mammals),,Primates (primates),Hominoidea,"Hominidae (man-like primates,Great Apes)",Homo (hominoids),Deuterostomia,Gnathostomata,,,,,,,,,,,,,,,,,,,,,,,,,,,,,,,,,,,,,,,,,,,,,,,,,,,,,,,,,,,,,,,,,,,,,,,,,,,,,,,,,,,,,,,,,,,,,,,,,,,,,Theria,Haplorrhini,Simiiformes,,Homininae (African apes),,,,,,,,,,,,,,Eutheria,,,,,,,,,,,,,HDFn_IL_1b_TNF_a_IFN_g_EGF_FGF_PDGFbb_24_Proliferation_72hr_down,,,,,,,skin,,,,,,,,,,,,,,,,,,,,,,http://www.bioseekinc.com/,,primary cell,,In vitro (Cellular),BioSeek,microplate: 96-well plate,,HDF,Alamar Blue Reduction,,DMSO,Primary Human Dermal Fibroblasts (IL-1b+TNF-a+IFN-g+bFGF+EGF+PDGF-BB): Proliferation,viability reporter,cell-based,Bioseek is a division of DiscoveRx Corporation and developed the BioMAP® system providing uniquely informative biological activity profiles.,BSK,negative,viability,multiplexed,Sulforhodamine staining,cellular,fold_induction,protein content,DMSO,cell-based,Colchicine,Bioseek,cell cycle,0,,cellular,cell proliferation,Spectrophotometry,both,cellular,560,0,proliferation,colchicine,"BSK_hDFCGF_Proliferation was designed to target cell cycle (proliferation) activity at the cellular (cellular) level, specifically mapping to NA gene(s) using a positive control of colchicine",,0,0.2,0,Absorbance,cellular,,24,h,Time,,Proliferation,,0.1% sulforhodamine,N/A,Primary Cell,stain,Primary Human Dermal Fibroblasts,,,,,,,,,2.1861132393858425,,mg/L,Mass concentration,,,5.03000020980835,,µM,Molar concentration,,
78-42-2,"Phosphoric acid, tris(2-ethylhexyl) ester;tris (2-ethylhexyl) phosphate;Tris(2-ethylhexyl) phosphate;tris(2-ethylhexyl)ester phosphoric acid;tris(2-ethylhexyl)ester_phosphoric_acid;tris(2-ethylhexyl)phosphate;Tris(2-ethylhexyl)phosphate (TEHP)",,,,,,,,,,,,,,,,,,,,,,,,,,,,,,,,,,,,,,,,,,,,,,,,,,,,,,,,,,,,,,,,,,,,,,,,,,,,,,,,,,,,,,,,,,,,,,,,,,,,,,,,,,,,,,,,,,,,,,,,,,,,,,,,Human Health Hazards#ToxCast,ToxCastDB,,,AC50,,False,No qualifier,Equal,,,,,,,,,,,Homo sapiens,Animalia (animals),Bilateria,Chordata (chordates),Vertebrata (vertebrates),Tetrapoda,Mammalia (mammals),,Primates (primates),Hominoidea,"Hominidae (man-like primates,Great Apes)",Homo (hominoids),Deuterostomia,Gnathostomata,,,,,,,,,,,,,,,,,,,,,,,,,,,,,,,,,,,,,,,,,,,,,,,,,,,,,,,,,,,,,,,,,,,,,,,,,,,,,,,,,,,,,,,,,,,,,,,,,,,,,Theria,Haplorrhini,Simiiformes,,Homininae (African apes),,,,,,,,,,,,,,Eutheria,,,,,,,,,,,,,HUVEC_IL_1b_TNF_a_IFN_g_24_CCL2_MCP_1_down,,,,,,,vascular,,,,,,,,,,,,,,,,,,,,,,http://www.bioseekinc.com/,Fold-Change,primary cell,CCL2,In vitro (Cellular),BioSeek,microplate: 96-well plate,,HUVEC,ELISA,,DMSO,HUVEC (IL-1b+TNFa+IFN-g): MCP-1,binding reporter,cell-based,Bioseek is a division of DiscoveRx Corporation and developed the BioMAP® system providing uniquely informative biological activity profiles.,BSK,negative,signaling,multiplexed,ELISA,protein,fold_induction,immunoassay: elisa,DMSO,cell-based,Colchicine,Bioseek,cytokine,6347,,protein-specified,regulation of gene expression,Fluorescence,both,protein,450,650,chemotactic factor,colchicine,"BSK_3C_MCP1 was designed to target cytokine (chemotactic factor) activity at the protein (protein-specified) level, specifically mapping to CCL2 gene(s) using a positive control of colchicine",CCL2,0,0.2,6347,Fluorescence intensity,protein-specified,6347,24,h,Time,,MCP-1,chemokine (C-C motif) ligand 2,MCP-1 antibody,Cytokine,Primary Cell,antibody,HUVEC,CCL2,,,,,,,,7.562299790207554,,mg/L,Mass concentration,,,17.399999618530273,,µM,Molar concentration,,
78-42-2,"Phosphoric acid, tris(2-ethylhexyl) ester;tris (2-ethylhexyl) phosphate;Tris(2-ethylhexyl) phosphate;tris(2-ethylhexyl)ester phosphoric acid;tris(2-ethylhexyl)ester_phosphoric_acid;tris(2-ethylhexyl)phosphate;Tris(2-ethylhexyl)phosphate (TEHP)",,,,,,,,,,,,,,,,,,,,,,,,,,,,,,,,,,,,,,,,,,,,,,,,,,,,,,,,,,,,,,,,,,,,,,,,,,,,,,,,,,,,,,,,,,,,,,,,,,,,,,,,,,,,,,,,,,,,,,,,,,,,,,,,Human Health Hazards#ToxCast,ToxCastDB,,,AC50,,False,No qualifier,Equal,,,,,,,,,,,Homo sapiens,Animalia (animals),Bilateria,Chordata (chordates),Vertebrata (vertebrates),Tetrapoda,Mammalia (mammals),,Primates (primates),Hominoidea,"Hominidae (man-like primates,Great Apes)",Homo (hominoids),Deuterostomia,Gnathostomata,,,,,,,,,,,,,,,,,,,,,,,,,,,,,,,,,,,,,,,,,,,,,,,,,,,,,,,,,,,,,,,,,,,,,,,,,,,,,,,,,,,,,,,,,,,,,,,,,,,,,Theria,Haplorrhini,Simiiformes,,Homininae (African apes),,,,,,,,,,,,,,Eutheria,,,,,,,,,,,,,HUVEC_IL_1b_TNF_a_IFN_g_24_CD106_VCAM_1_down,,,,,,,vascular,,,,,,,,,,,,,,,,,,,,,,http://www.bioseekinc.com/,Fold-Change,primary cell,VCAM1,In vitro (Cellular),BioSeek,microplate: 96-well plate,,HUVEC,ELISA,,DMSO,HUVEC (IL-1b+TNFa+IFN-g): VCAM-1,binding reporter,cell-based,Bioseek is a division of DiscoveRx Corporation and developed the BioMAP® system providing uniquely informative biological activity profiles.,BSK,negative,signaling,multiplexed,ELISA,protein,fold_induction,immunoassay: elisa,DMSO,cell-based,Colchicine,Bioseek,cell adhesion molecules,7412,,protein-specified,regulation of gene expression,Fluorescence,both,protein,450,650,Immunoglobulin CAM,colchicine,"BSK_3C_VCAM1 was designed to target cell adhesion molecules (Immunoglobulin CAM) activity at the protein (protein-specified) level, specifically mapping to VCAM1 gene(s) using a positive control of colchicine",VCAM1,0,0.2,7412,Fluorescence intensity,protein-specified,7412,24,h,Time,,VCAM-1,vascular cell adhesion molecule 1,VCAM-1 antibody,Cell Adhesion Molecule,Primary Cell,antibody,HUVEC,VCAM1,,,,,,,,6.432301194896218,,mg/L,Mass concentration,,,14.800000190734863,,µM,Molar concentration,,
78-42-2,"Phosphoric acid, tris(2-ethylhexyl) ester;tris (2-ethylhexyl) phosphate;Tris(2-ethylhexyl) phosphate;tris(2-ethylhexyl)ester phosphoric acid;tris(2-ethylhexyl)ester_phosphoric_acid;tris(2-ethylhexyl)phosphate;Tris(2-ethylhexyl)phosphate (TEHP)",,,,,,,,,,,,,,,,,,,,,,,,,,,,,,,,,,,,,,,,,,,,,,,,,,,,,,,,,,,,,,,,,,,,,,,,,,,,,,,,,,,,,,,,,,,,,,,,,,,,,,,,,,,,,,,,,,,,,,,,,,,,,,,,Human Health Hazards#ToxCast,ToxCastDB,,,AC50,,False,No qualifier,Equal,,,,,,,,,,,Homo sapiens,Animalia (animals),Bilateria,Chordata (chordates),Vertebrata (vertebrates),Tetrapoda,Mammalia (mammals),,Primates (primates),Hominoidea,"Hominidae (man-like primates,Great Apes)",Homo (hominoids),Deuterostomia,Gnathostomata,,,,,,,,,,,,,,,,,,,,,,,,,,,,,,,,,,,,,,,,,,,,,,,,,,,,,,,,,,,,,,,,,,,,,,,,,,,,,,,,,,,,,,,,,,,,,,,,,,,,,Theria,Haplorrhini,Simiiformes,,Homininae (African apes),,,,,,,,,,,,,,Eutheria,,,,,,,,,,,,,HUVEC_IL_1b_TNF_a_IFN_g_24_CD142_Tissue_Factor_down,,,,,,,vascular,,,,,,,,,,,,,,,,,,,,,,http://www.bioseekinc.com/,Fold-Change,primary cell,F3,In vitro (Cellular),BioSeek,microplate: 96-well plate,,HUVEC,ELISA,,DMSO,HUVEC (IL-1b+TNFa+IFN-g): Tissue Factor,binding reporter,cell-based,Bioseek is a division of DiscoveRx Corporation and developed the BioMAP® system providing uniquely informative biological activity profiles.,BSK,negative,signaling,multiplexed,ELISA,protein,fold_induction,immunoassay: elisa,DMSO,cell-based,Colchicine,Bioseek,cytokine,2152,,protein-specified,regulation of gene expression,Fluorescence,both,protein,450,650,coagulation factor,colchicine,"BSK_3C_TissueFactor was designed to target cytokine (coagulation factor) activity at the protein (protein-specified) level, specifically mapping to F3 gene(s) using a positive control of colchicine",F3,0,0.2,2152,Fluorescence intensity,protein-specified,2152,24,h,Time,,Tissue Factor,"coagulation factor III (thromboplastin, tissue factor)",Tissue Factor antibody,Coagulation Factor,Primary Cell,antibody,HUVEC,F3,,,,,,,,11.126142629792437,,mg/L,Mass concentration,,,25.600000381469727,,µM,Molar concentration,,
78-42-2,"Phosphoric acid, tris(2-ethylhexyl) ester;tris (2-ethylhexyl) phosphate;Tris(2-ethylhexyl) phosphate;tris(2-ethylhexyl)ester phosphoric acid;tris(2-ethylhexyl)ester_phosphoric_acid;tris(2-ethylhexyl)phosphate;Tris(2-ethylhexyl)phosphate (TEHP)",,,,,,,,,,,,,,,,,,,,,,,,,,,,,,,,,,,,,,,,,,,,,,,,,,,,,,,,,,,,,,,,,,,,,,,,,,,,,,,,,,,,,,,,,,,,,,,,,,,,,,,,,,,,,,,,,,,,,,,,,,,,,,,,Human Health Hazards#ToxCast,ToxCastDB,,,AC50,,False,No qualifier,Equal,,,,,,,,,,,Homo sapiens,Animalia (animals),Bilateria,Chordata (chordates),Vertebrata (vertebrates),Tetrapoda,Mammalia (mammals),,Primates (primates),Hominoidea,"Hominidae (man-like primates,Great Apes)",Homo (hominoids),Deuterostomia,Gnathostomata,,,,,,,,,,,,,,,,,,,,,,,,,,,,,,,,,,,,,,,,,,,,,,,,,,,,,,,,,,,,,,,,,,,,,,,,,,,,,,,,,,,,,,,,,,,,,,,,,,,,,Theria,Haplorrhini,Simiiformes,,Homininae (African apes),,,,,,,,,,,,,,Eutheria,,,,,,,,,,,,,HUVEC_IL_1b_TNF_a_IFN_g_24_CD54_ICAM_1_up,,,,,,,vascular,,,,,,,,,,,,,,,,,,,,,,http://www.bioseekinc.com/,Fold-Change,primary cell,ICAM1,In vitro (Cellular),BioSeek,microplate: 96-well plate,,HUVEC,ELISA,,DMSO,HUVEC (IL-1b+TNFa+IFN-g): ICAM-1,binding reporter,cell-based,Bioseek is a division of DiscoveRx Corporation and developed the BioMAP® system providing uniquely informative biological activity profiles.,BSK,positive,signaling,multiplexed,ELISA,protein,fold_induction,immunoassay: elisa,DMSO,cell-based,Colchicine,Bioseek,cell adhesion molecules,3383,,protein-specified,regulation of gene expression,Fluorescence,both,protein,450,650,Immunoglobulin CAM,colchicine,"BSK_3C_ICAM1 was designed to target cell adhesion molecules (Immunoglobulin CAM) activity at the protein (protein-specified) level, specifically mapping to ICAM1 gene(s) using a positive control of colchicine",ICAM1,0,0.2,3383,Fluorescence intensity,protein-specified,3383,24,h,Time,,ICAM-1,intercellular adhesion molecule 1,ICAM-1 antibody,Cell Adhesion Molecule,Primary Cell,antibody,HUVEC,ICAM1,,,,,,,,1.9296903584688652,,mg/L,Mass concentration,,,4.440000057220459,,µM,Molar concentration,,
78-42-2,"Phosphoric acid, tris(2-ethylhexyl) ester;tris (2-ethylhexyl) phosphate;Tris(2-ethylhexyl) phosphate;tris(2-ethylhexyl)ester phosphoric acid;tris(2-ethylhexyl)ester_phosphoric_acid;tris(2-ethylhexyl)phosphate;Tris(2-ethylhexyl)phosphate (TEHP)",,,,,,,,,,,,,,,,,,,,,,,,,,,,,,,,,,,,,,,,,,,,,,,,,,,,,,,,,,,,,,,,,,,,,,,,,,,,,,,,,,,,,,,,,,,,,,,,,,,,,,,,,,,,,,,,,,,,,,,,,,,,,,,,Human Health Hazards#ToxCast,ToxCastDB,,,AC50,,False,No qualifier,Equal,,,,,,,,,,,Homo sapiens,Animalia (animals),Bilateria,Chordata (chordates),Vertebrata (vertebrates),Tetrapoda,Mammalia (mammals),,Primates (primates),Hominoidea,"Hominidae (man-like primates,Great Apes)",Homo (hominoids),Deuterostomia,Gnathostomata,,,,,,,,,,,,,,,,,,,,,,,,,,,,,,,,,,,,,,,,,,,,,,,,,,,,,,,,,,,,,,,,,,,,,,,,,,,,,,,,,,,,,,,,,,,,,,,,,,,,,Theria,Haplorrhini,Simiiformes,,Homininae (African apes),,,,,,,,,,,,,,Eutheria,,,,,,,,,,,,,HUVEC_IL_1b_TNF_a_IFN_g_24_CD87_uPAR_down,,,,,,,vascular,,,,,,,,,,,,,,,,,,,,,,http://www.bioseekinc.com/,Fold-Change,primary cell,PLAUR,In vitro (Cellular),BioSeek,microplate: 96-well plate,,HUVEC,ELISA,,DMSO,HUVEC (IL-1b+TNFa+IFN-g): uPAR,binding reporter,cell-based,Bioseek is a division of DiscoveRx Corporation and developed the BioMAP® system providing uniquely informative biological activity profiles.,BSK,negative,signaling,multiplexed,ELISA,protein,fold_induction,immunoassay: elisa,DMSO,cell-based,Colchicine,Bioseek,misc protein,5329,,protein-specified,regulation of gene expression,Fluorescence,both,protein,450,650,plasmogen activator,colchicine,"BSK_3C_uPAR was designed to target misc protein (plasmogen activator) activity at the protein (protein-specified) level, specifically mapping to PLAUR gene(s) using a positive control of colchicine",PLAUR,0,0.2,5329,Fluorescence intensity,protein-specified,5329,24,h,Time,,uPAR,"plasminogen activator, urokinase receptor",uPAR antibody,GPCR,Primary Cell,antibody,HUVEC,PLAUR,,,,,,,,6.475762440207554,,mg/L,Mass concentration,,,14.899999618530273,,µM,Molar concentration,,
78-42-2,"Phosphoric acid, tris(2-ethylhexyl) ester;tris (2-ethylhexyl) phosphate;Tris(2-ethylhexyl) phosphate;tris(2-ethylhexyl)ester phosphoric acid;tris(2-ethylhexyl)ester_phosphoric_acid;tris(2-ethylhexyl)phosphate;Tris(2-ethylhexyl)phosphate (TEHP)",,,,,,,,,,,,,,,,,,,,,,,,,,,,,,,,,,,,,,,,,,,,,,,,,,,,,,,,,,,,,,,,,,,,,,,,,,,,,,,,,,,,,,,,,,,,,,,,,,,,,,,,,,,,,,,,,,,,,,,,,,,,,,,,Human Health Hazards#ToxCast,ToxCastDB,,,AC50,,False,No qualifier,Equal,,,,,,,,,,,Homo sapiens,Animalia (animals),Bilateria,Chordata (chordates),Vertebrata (vertebrates),Tetrapoda,Mammalia (mammals),,Primates (primates),Hominoidea,"Hominidae (man-like primates,Great Apes)",Homo (hominoids),Deuterostomia,Gnathostomata,,,,,,,,,,,,,,,,,,,,,,,,,,,,,,,,,,,,,,,,,,,,,,,,,,,,,,,,,,,,,,,,,,,,,,,,,,,,,,,,,,,,,,,,,,,,,,,,,,,,,Theria,Haplorrhini,Simiiformes,,Homininae (African apes),,,,,,,,,,,,,,Eutheria,,,,,,,,,,,,,HUVEC_IL_1b_TNF_a_IFN_g_24_CXCL8_IL_8_down,,,,,,,vascular,,,,,,,,,,,,,,,,,,,,,,http://www.bioseekinc.com/,Fold-Change,primary cell,IL8,In vitro (Cellular),BioSeek,microplate: 96-well plate,,HUVEC,ELISA,,DMSO,HUVEC (IL-1b+TNFa+IFN-g): IL-8,binding reporter,cell-based,Bioseek is a division of DiscoveRx Corporation and developed the BioMAP® system providing uniquely informative biological activity profiles.,BSK,negative,signaling,multiplexed,ELISA,protein,fold_induction,immunoassay: elisa,DMSO,cell-based,Colchicine,Bioseek,cytokine,3576,,protein-specified,regulation of gene expression,Fluorescence,both,protein,450,650,interleukins,colchicine,"BSK_3C_IL8 was designed to target cytokine (interleukins) activity at the protein (protein-specified) level, specifically mapping to IL8 gene(s) using a positive control of colchicine",IL8,0,0.2,3576,Fluorescence intensity,protein-specified,3576,24,h,Time,,IL-8,interleukin 8,IL-8 antibody,Cytokine,Primary Cell,antibody,HUVEC,IL8,,,,,,,,7.692684769584881,,mg/L,Mass concentration,,,17.700000762939453,,µM,Molar concentration,,
78-42-2,"Phosphoric acid, tris(2-ethylhexyl) ester;tris (2-ethylhexyl) phosphate;Tris(2-ethylhexyl) phosphate;tris(2-ethylhexyl)ester phosphoric acid;tris(2-ethylhexyl)ester_phosphoric_acid;tris(2-ethylhexyl)phosphate;Tris(2-ethylhexyl)phosphate (TEHP)",,,,,,,,,,,,,,,,,,,,,,,,,,,,,,,,,,,,,,,,,,,,,,,,,,,,,,,,,,,,,,,,,,,,,,,,,,,,,,,,,,,,,,,,,,,,,,,,,,,,,,,,,,,,,,,,,,,,,,,,,,,,,,,,Human Health Hazards#ToxCast,ToxCastDB,,,AC50,,False,No qualifier,Equal,,,,,,,,,,,Homo sapiens,Animalia (animals),Bilateria,Chordata (chordates),Vertebrata (vertebrates),Tetrapoda,Mammalia (mammals),,Primates (primates),Hominoidea,"Hominidae (man-like primates,Great Apes)",Homo (hominoids),Deuterostomia,Gnathostomata,,,,,,,,,,,,,,,,,,,,,,,,,,,,,,,,,,,,,,,,,,,,,,,,,,,,,,,,,,,,,,,,,,,,,,,,,,,,,,,,,,,,,,,,,,,,,,,,,,,,,Theria,Haplorrhini,Simiiformes,,Homininae (African apes),,,,,,,,,,,,,,Eutheria,,,,,,,,,,,,,HUVEC_IL_1b_TNF_a_IFN_g_24_HLA_DR_down,,,,,,,vascular,,,,,,,,,,,,,,,,,,,,,,http://www.bioseekinc.com/,Fold-Change,primary cell,HLA-DRA,In vitro (Cellular),BioSeek,microplate: 96-well plate,,HUVEC,ELISA,,DMSO,HUVEC (IL-1b+TNFa+IFN-g): HLA-DR,binding reporter,cell-based,Bioseek is a division of DiscoveRx Corporation and developed the BioMAP® system providing uniquely informative biological activity profiles.,BSK,negative,signaling,multiplexed,ELISA,protein,fold_induction,immunoassay: elisa,DMSO,cell-based,Colchicine,Bioseek,cell adhesion molecules,3122,,protein-specified,regulation of gene expression,Fluorescence,both,protein,450,650,MHC Class II,colchicine,"BSK_3C_hLADR was designed to target cell adhesion molecules (antigen-peptide binding) activity at the protein (protein-specified) level, specifically mapping to HLA-DRA gene(s) using a positive control of colchicine",HLA-DRA,0,0.2,3122,Fluorescence intensity,protein-specified,3122,24,h,Time,,HLA-DR,"major histocompatibility complex, class II, DR alpha",HLA-DR antibody,MHC,Primary Cell,antibody,HUVEC,HLA-DRA,,,,,,,,8.77922211958488,,mg/L,Mass concentration,,,20.200000762939453,,µM,Molar concentration,,
78-42-2,"Phosphoric acid, tris(2-ethylhexyl) ester;tris (2-ethylhexyl) phosphate;Tris(2-ethylhexyl) phosphate;tris(2-ethylhexyl)ester phosphoric acid;tris(2-ethylhexyl)ester_phosphoric_acid;tris(2-ethylhexyl)phosphate;Tris(2-ethylhexyl)phosphate (TEHP)",,,,,,,,,,,,,,,,,,,,,,,,,,,,,,,,,,,,,,,,,,,,,,,,,,,,,,,,,,,,,,,,,,,,,,,,,,,,,,,,,,,,,,,,,,,,,,,,,,,,,,,,,,,,,,,,,,,,,,,,,,,,,,,,Human Health Hazards#ToxCast,ToxCastDB,,,AC50,,False,No qualifier,Equal,,,,,,,,,,,Homo sapiens,Animalia (animals),Bilateria,Chordata (chordates),Vertebrata (vertebrates),Tetrapoda,Mammalia (mammals),,Primates (primates),Hominoidea,"Hominidae (man-like primates,Great Apes)",Homo (hominoids),Deuterostomia,Gnathostomata,,,,,,,,,,,,,,,,,,,,,,,,,,,,,,,,,,,,,,,,,,,,,,,,,,,,,,,,,,,,,,,,,,,,,,,,,,,,,,,,,,,,,,,,,,,,,,,,,,,,,Theria,Haplorrhini,Simiiformes,,Homininae (African apes),,,,,,,,,,,,,,Eutheria,,,,,,,,,,,,,HUVEC_IL_1b_TNF_a_IFN_g_24_Proliferation_down,,,,,,,vascular,,,,,,,,,,,,,,,,,,,,,,http://www.bioseekinc.com/,,primary cell,,In vitro (Cellular),BioSeek,microplate: 96-well plate,,HUVEC,Alamar Blue Reduction,,DMSO,HUVEC (IL-1b+TNFa+IFN-g): Proliferation,viability reporter,cell-based,Bioseek is a division of DiscoveRx Corporation and developed the BioMAP® system providing uniquely informative biological activity profiles.,BSK,negative,viability,multiplexed,Sulforhodamine staining,cellular,fold_induction,protein content,DMSO,cell-based,Colchicine,Bioseek,cell cycle,0,,cellular,cell proliferation,Spectrophotometry,both,cellular,560,0,proliferation,colchicine,"BSK_3C_Proliferation was designed to target cell cycle (proliferation) activity at the cellular (cellular) level, specifically mapping to NA gene(s) using a positive control of colchicine",,0,0.2,0,Absorbance,cellular,,24,h,Time,,Proliferation,,0.1% sulforhodamine,N/A,Primary Cell,stain,HUVEC,,,,,,,,,9.257297890415112,,mg/L,Mass concentration,,,21.299999237060547,,µM,Molar concentration,,
78-42-2,"Phosphoric acid, tris(2-ethylhexyl) ester;tris (2-ethylhexyl) phosphate;Tris(2-ethylhexyl) phosphate;tris(2-ethylhexyl)ester phosphoric acid;tris(2-ethylhexyl)ester_phosphoric_acid;tris(2-ethylhexyl)phosphate;Tris(2-ethylhexyl)phosphate (TEHP)",,,,,,,,,,,,,,,,,,,,,,,,,,,,,,,,,,,,,,,,,,,,,,,,,,,,,,,,,,,,,,,,,,,,,,,,,,,,,,,,,,,,,,,,,,,,,,,,,,,,,,,,,,,,,,,,,,,,,,,,,,,,,,,,Human Health Hazards#ToxCast,ToxCastDB,,,AC50,,False,No qualifier,Equal,,,,,,,,,,,Homo sapiens,Animalia (animals),Bilateria,Chordata (chordates),Vertebrata (vertebrates),Tetrapoda,Mammalia (mammals),,Primates (primates),Hominoidea,"Hominidae (man-like primates,Great Apes)",Homo (hominoids),Deuterostomia,Gnathostomata,,,,,,,,,,,,,,,,,,,,,,,,,,,,,,,,,,,,,,,,,,,,,,,,,,,,,,,,,,,,,,,,,,,,,,,,,,,,,,,,,,,,,,,,,,,,,,,,,,,,,Theria,Haplorrhini,Simiiformes,,Homininae (African apes),,,,,,,,,,,,,,Eutheria,,,,,,,,,,,,,HUVEC_IL_1b_TNF_a_IFN_g_24_SRB_down,,,,,,,vascular,,,,,,,,,,,,,,,,,,,,,,http://www.bioseekinc.com/,,primary cell,,In vitro (Cellular),BioSeek,microplate: 96-well plate,,HUVEC,Fluorescence,,DMSO,HUVEC (IL-1b+TNFa+IFN-g): SRB,viability reporter,cell-based,Bioseek is a division of DiscoveRx Corporation and developed the BioMAP® system providing uniquely informative biological activity profiles.,BSK,negative,viability,multiplexed,Sulforhodamine staining,cellular,fold_induction,protein content,DMSO,cell-based,Colchicine,Bioseek,cell cycle,0,,cellular,,Spectrophotometry,both,protein,560,0,cytotoxicity,colchicine,"BSK_3C_SRB was designed to target cell cycle (cytotoxicity) activity at the cellular (cellular) level, specifically mapping to NA gene(s) using a positive control of colchicine",,0,0.2,0,Absorbance,protein-unspecified,,24,h,Time,,SRB,,0.1% sulforhodamine,N/A,Primary Cell,stain,HUVEC,,,,,,,,,8.56191464958488,,mg/L,Mass concentration,,,19.700000762939453,,µM,Molar concentration,,
78-42-2,"Phosphoric acid, tris(2-ethylhexyl) ester;tris (2-ethylhexyl) phosphate;Tris(2-ethylhexyl) phosphate;tris(2-ethylhexyl)ester phosphoric acid;tris(2-ethylhexyl)ester_phosphoric_acid;tris(2-ethylhexyl)phosphate;Tris(2-ethylhexyl)phosphate (TEHP)",,,,,,,,,,,,,,,,,,,,,,,,,,,,,,,,,,,,,,,,,,,,,,,,,,,,,,,,,,,,,,,,,,,,,,,,,,,,,,,,,,,,,,,,,,,,,,,,,,,,,,,,,,,,,,,,,,,,,,,,,,,,,,,,Human Health Hazards#ToxCast,ToxCastDB,,,AC50,,False,No qualifier,Equal,,,,,,,,,,,Homo sapiens,Animalia (animals),Bilateria,Chordata (chordates),Vertebrata (vertebrates),Tetrapoda,Mammalia (mammals),,Primates (primates),Hominoidea,"Hominidae (man-like primates,Great Apes)",Homo (hominoids),Deuterostomia,Gnathostomata,,,,,,,,,,,,,,,,,,,,,,,,,,,,,,,,,,,,,,,,,,,,,,,,,,,,,,,,,,,,,,,,,,,,,,,,,,,,,,,,,,,,,,,,,,,,,,,,,,,,,Theria,Haplorrhini,Simiiformes,,Homininae (African apes),,,,,,,,,,,,,,Eutheria,,,,,,,,,,,,,HUVEC_IL_1b_TNF_a_IFN_g_24_Visual_down,,,,,,,vascular,,,,,,,,,,,,,,,,,,,,,,http://www.bioseekinc.com/,,primary cell,,In vitro (Cellular),BioSeek,microplate: 96-well plate,,HUVEC,Microscopy,,DMSO,HUVEC (IL-1b+TNFa+IFN-g): Visual,morphology reporter,cell-based,Bioseek is a division of DiscoveRx Corporation and developed the BioMAP® system providing uniquely informative biological activity profiles.,BSK,negative,signaling,multiplexed,light microscopy,cellular,fold_induction,cell phenotype,DMSO,cell-based,Colchicine,Bioseek,cell morphology,0,,cellular,cell morphology,Microscopy,both,cellular,560,0,cell conformation,colchicine,"BSK_3C_Vis was designed to target cell morphology (cell conformation) activity at the cellular (cellular) level, specifically mapping to NA gene(s) using a positive control of colchicine",,0,0.2,0,Optical microsopy: Fluorescence microscopy,cellular,,24,h,Time,,Visual,,,N/A,Primary Cell,,HUVEC,,,,,,,,,6.3019166299999965,,mg/L,Mass concentration,,,14.5,,µM,Molar concentration,,
78-42-2,"Phosphoric acid, tris(2-ethylhexyl) ester;tris (2-ethylhexyl) phosphate;Tris(2-ethylhexyl) phosphate;tris(2-ethylhexyl)ester phosphoric acid;tris(2-ethylhexyl)ester_phosphoric_acid;tris(2-ethylhexyl)phosphate;Tris(2-ethylhexyl)phosphate (TEHP)",,,,,,,,,,,,,,,,,,,,,,,,,,,,,,,,,,,,,,,,,,,,,,,,,,,,,,,,,,,,,,,,,,,,,,,,,,,,,,,,,,,,,,,,,,,,,,,,,,,,,,,,,,,,,,,,,,,,,,,,,,,,,,,,Human Health Hazards#ToxCast,ToxCastDB,,,AC50,,False,No qualifier,Equal,,,,,,,,,,,Homo sapiens,Animalia (animals),Bilateria,Chordata (chordates),Vertebrata (vertebrates),Tetrapoda,Mammalia (mammals),,Primates (primates),Hominoidea,"Hominidae (man-like primates,Great Apes)",Homo (hominoids),Deuterostomia,Gnathostomata,,,,,,,,,,,,,,,,,,,,,,,,,,,,,,,,,,,,,,,,,,,,,,,,,,,,,,,,,,,,,,,,,,,,,,,,,,,,,,,,,,,,,,,,,,,,,,,,,,,,,Theria,Haplorrhini,Simiiformes,,Homininae (African apes),,,,,,,,,,,,,,Eutheria,,,,,,,,,,,,,HUVEC_IL_4_Histamine_24_CCL2_MCP_1_down,,,,,,,vascular,,,,,,,,,,,,,,,,,,,,,,http://www.bioseekinc.com/,Fold-Change,primary cell,CCL2,In vitro (Cellular),BioSeek,microplate: 96-well plate,,HUVEC,ELISA,,DMSO,HUVEC (IL-4+histamine): MCP-1,binding reporter,cell-based,Bioseek is a division of DiscoveRx Corporation and developed the BioMAP® system providing uniquely informative biological activity profiles.,BSK,negative,signaling,multiplexed,ELISA,protein,fold_induction,immunoassay: elisa,DMSO,cell-based,Colchicine,Bioseek,cytokine,6347,,protein-specified,regulation of gene expression,Fluorescence,both,protein,450,650,chemotactic factor,colchicine,"BSK_4H_MCP1 was designed to target cytokine (chemotactic factor) activity at the protein (protein-specified) level, specifically mapping to CCL2 gene(s) using a positive control of colchicine",CCL2,0,0.2,6347,Fluorescence intensity,protein-specified,6347,24,h,Time,,MCP-1,chemokine (C-C motif) ligand 2,MCP-1 antibody,Cytokine,Primary Cell,antibody,HUVEC,CCL2,,,,,,,,7.171146509999996,,mg/L,Mass concentration,,,16.5,,µM,Molar concentration,,
78-42-2,"Phosphoric acid, tris(2-ethylhexyl) ester;tris (2-ethylhexyl) phosphate;Tris(2-ethylhexyl) phosphate;tris(2-ethylhexyl)ester phosphoric acid;tris(2-ethylhexyl)ester_phosphoric_acid;tris(2-ethylhexyl)phosphate;Tris(2-ethylhexyl)phosphate (TEHP)",,,,,,,,,,,,,,,,,,,,,,,,,,,,,,,,,,,,,,,,,,,,,,,,,,,,,,,,,,,,,,,,,,,,,,,,,,,,,,,,,,,,,,,,,,,,,,,,,,,,,,,,,,,,,,,,,,,,,,,,,,,,,,,,Human Health Hazards#ToxCast,ToxCastDB,,,AC50,,False,No qualifier,Equal,,,,,,,,,,,Homo sapiens,Animalia (animals),Bilateria,Chordata (chordates),Vertebrata (vertebrates),Tetrapoda,Mammalia (mammals),,Primates (primates),Hominoidea,"Hominidae (man-like primates,Great Apes)",Homo (hominoids),Deuterostomia,Gnathostomata,,,,,,,,,,,,,,,,,,,,,,,,,,,,,,,,,,,,,,,,,,,,,,,,,,,,,,,,,,,,,,,,,,,,,,,,,,,,,,,,,,,,,,,,,,,,,,,,,,,,,Theria,Haplorrhini,Simiiformes,,Homininae (African apes),,,,,,,,,,,,,,Eutheria,,,,,,,,,,,,,HUVEC_IL_4_Histamine_24_CCL26_Eotaxin_3_down,,,,,,,vascular,,,,,,,,,,,,,,,,,,,,,,http://www.bioseekinc.com/,Fold-Change,primary cell,CCL26,In vitro (Cellular),BioSeek,microplate: 96-well plate,,HUVEC,ELISA,,DMSO,HUVEC (IL-4+histamine): Eotaxin-3,binding reporter,cell-based,Bioseek is a division of DiscoveRx Corporation and developed the BioMAP® system providing uniquely informative biological activity profiles.,BSK,negative,signaling,multiplexed,ELISA,protein,fold_induction,immunoassay: elisa,DMSO,cell-based,Colchicine,Bioseek,cytokine,10344,,protein-specified,regulation of gene expression,Fluorescence,both,protein,450,650,chemotactic factor,colchicine,"BSK_4H_Eotaxin3 was designed to target cytokine (chemotactic factor) activity at the protein (protein-specified) level, specifically mapping to CCL26 gene(s) using a positive control of colchicine",CCL26,0,0.2,10344,Fluorescence intensity,protein-specified,10344,24,h,Time,,Eotaxin-3,chemokine (C-C motif) ligand 26,Eotaxin-3 antibody,Cytokine,Primary Cell,antibody,HUVEC,CCL26,,,,,,,,8.301145519792438,,mg/L,Mass concentration,,,19.100000381469727,,µM,Molar concentration,,
78-42-2,"Phosphoric acid, tris(2-ethylhexyl) ester;tris (2-ethylhexyl) phosphate;Tris(2-ethylhexyl) phosphate;tris(2-ethylhexyl)ester phosphoric acid;tris(2-ethylhexyl)ester_phosphoric_acid;tris(2-ethylhexyl)phosphate;Tris(2-ethylhexyl)phosphate (TEHP)",,,,,,,,,,,,,,,,,,,,,,,,,,,,,,,,,,,,,,,,,,,,,,,,,,,,,,,,,,,,,,,,,,,,,,,,,,,,,,,,,,,,,,,,,,,,,,,,,,,,,,,,,,,,,,,,,,,,,,,,,,,,,,,,Human Health Hazards#ToxCast,ToxCastDB,,,AC50,,False,No qualifier,Equal,,,,,,,,,,,Homo sapiens,Animalia (animals),Bilateria,Chordata (chordates),Vertebrata (vertebrates),Tetrapoda,Mammalia (mammals),,Primates (primates),Hominoidea,"Hominidae (man-like primates,Great Apes)",Homo (hominoids),Deuterostomia,Gnathostomata,,,,,,,,,,,,,,,,,,,,,,,,,,,,,,,,,,,,,,,,,,,,,,,,,,,,,,,,,,,,,,,,,,,,,,,,,,,,,,,,,,,,,,,,,,,,,,,,,,,,,Theria,Haplorrhini,Simiiformes,,Homininae (African apes),,,,,,,,,,,,,,Eutheria,,,,,,,,,,,,,HUVEC_IL_4_Histamine_24_CD106_VCAM_1_down,,,,,,,vascular,,,,,,,,,,,,,,,,,,,,,,http://www.bioseekinc.com/,Fold-Change,primary cell,VCAM1,In vitro (Cellular),BioSeek,microplate: 96-well plate,,HUVEC,ELISA,,DMSO,HUVEC (IL-4+histamine): VCAM-1,binding reporter,cell-based,Bioseek is a division of DiscoveRx Corporation and developed the BioMAP® system providing uniquely informative biological activity profiles.,BSK,negative,signaling,multiplexed,ELISA,protein,fold_induction,immunoassay: elisa,DMSO,cell-based,Colchicine,Bioseek,cell adhesion molecules,7412,,protein-specified,regulation of gene expression,Fluorescence,both,protein,450,650,Immunoglobulin CAM,colchicine,"BSK_4H_VCAM1 was designed to target cell adhesion molecules (Immunoglobulin CAM) activity at the protein (protein-specified) level, specifically mapping to VCAM1 gene(s) using a positive control of colchicine",VCAM1,0,0.2,7412,Fluorescence intensity,protein-specified,7412,24,h,Time,,VCAM-1,vascular cell adhesion molecule 1,VCAM-1 antibody,Cell Adhesion Molecule,Primary Cell,antibody,HUVEC,VCAM1,,,,,,,,3.51168868204151,,mg/L,Mass concentration,,,8.079999923706055,,µM,Molar concentration,,
78-42-2,"Phosphoric acid, tris(2-ethylhexyl) ester;tris (2-ethylhexyl) phosphate;Tris(2-ethylhexyl) phosphate;tris(2-ethylhexyl)ester phosphoric acid;tris(2-ethylhexyl)ester_phosphoric_acid;tris(2-ethylhexyl)phosphate;Tris(2-ethylhexyl)phosphate (TEHP)",,,,,,,,,,,,,,,,,,,,,,,,,,,,,,,,,,,,,,,,,,,,,,,,,,,,,,,,,,,,,,,,,,,,,,,,,,,,,,,,,,,,,,,,,,,,,,,,,,,,,,,,,,,,,,,,,,,,,,,,,,,,,,,,Human Health Hazards#ToxCast,ToxCastDB,,,AC50,,False,No qualifier,Equal,,,,,,,,,,,Homo sapiens,Animalia (animals),Bilateria,Chordata (chordates),Vertebrata (vertebrates),Tetrapoda,Mammalia (mammals),,Primates (primates),Hominoidea,"Hominidae (man-like primates,Great Apes)",Homo (hominoids),Deuterostomia,Gnathostomata,,,,,,,,,,,,,,,,,,,,,,,,,,,,,,,,,,,,,,,,,,,,,,,,,,,,,,,,,,,,,,,,,,,,,,,,,,,,,,,,,,,,,,,,,,,,,,,,,,,,,Theria,Haplorrhini,Simiiformes,,Homininae (African apes),,,,,,,,,,,,,,Eutheria,,,,,,,,,,,,,HUVEC_IL_4_Histamine_24_CD62P_P_selectin_down,,,,,,,vascular,,,,,,,,,,,,,,,,,,,,,,http://www.bioseekinc.com/,Fold-Change,primary cell,SELP,In vitro (Cellular),BioSeek,microplate: 96-well plate,,HUVEC,ELISA,,DMSO,HUVEC (IL-4+histamine): P-Selectin,binding reporter,cell-based,Bioseek is a division of DiscoveRx Corporation and developed the BioMAP® system providing uniquely informative biological activity profiles.,BSK,negative,signaling,multiplexed,ELISA,protein,fold_induction,immunoassay: elisa,DMSO,cell-based,Colchicine,Bioseek,cell adhesion molecules,6403,,protein-specified,regulation of gene expression,Fluorescence,both,protein,450,650,selectins,colchicine,"BSK_4H_Pselectin was designed to target cell adhesion molecules (selectins) activity at the protein (protein-specified) level, specifically mapping to SELP gene(s) using a positive control of colchicine",SELP,0,0.2,6403,Fluorescence intensity,protein-specified,6403,24,h,Time,,P-selectin,"selectin P (granule membrane protein 140kDa, antigen CD62)",P-Selectin antibody,Cell Adhesion Molecule,Primary Cell,antibody,HUVEC,SELP,,,,,,,,6.3888395351037754,,mg/L,Mass concentration,,,14.699999809265137,,µM,Molar concentration,,
78-42-2,"Phosphoric acid, tris(2-ethylhexyl) ester;tris (2-ethylhexyl) phosphate;Tris(2-ethylhexyl) phosphate;tris(2-ethylhexyl)ester phosphoric acid;tris(2-ethylhexyl)ester_phosphoric_acid;tris(2-ethylhexyl)phosphate;Tris(2-ethylhexyl)phosphate (TEHP)",,,,,,,,,,,,,,,,,,,,,,,,,,,,,,,,,,,,,,,,,,,,,,,,,,,,,,,,,,,,,,,,,,,,,,,,,,,,,,,,,,,,,,,,,,,,,,,,,,,,,,,,,,,,,,,,,,,,,,,,,,,,,,,,Human Health Hazards#ToxCast,ToxCastDB,,,AC50,,False,No qualifier,Equal,,,,,,,,,,,Homo sapiens,Animalia (animals),Bilateria,Chordata (chordates),Vertebrata (vertebrates),Tetrapoda,Mammalia (mammals),,Primates (primates),Hominoidea,"Hominidae (man-like primates,Great Apes)",Homo (hominoids),Deuterostomia,Gnathostomata,,,,,,,,,,,,,,,,,,,,,,,,,,,,,,,,,,,,,,,,,,,,,,,,,,,,,,,,,,,,,,,,,,,,,,,,,,,,,,,,,,,,,,,,,,,,,,,,,,,,,Theria,Haplorrhini,Simiiformes,,Homininae (African apes),,,,,,,,,,,,,,Eutheria,,,,,,,,,,,,,HUVEC_IL_4_Histamine_24_CD87_uPAR_down,,,,,,,vascular,,,,,,,,,,,,,,,,,,,,,,http://www.bioseekinc.com/,Fold-Change,primary cell,PLAUR,In vitro (Cellular),BioSeek,microplate: 96-well plate,,HUVEC,ELISA,,DMSO,HUVEC (IL-4+histamine): uPAR,binding reporter,cell-based,Bioseek is a division of DiscoveRx Corporation and developed the BioMAP® system providing uniquely informative biological activity profiles.,BSK,negative,signaling,multiplexed,ELISA,protein,fold_induction,immunoassay: elisa,DMSO,cell-based,Colchicine,Bioseek,misc protein,5329,,protein-specified,regulation of gene expression,Fluorescence,both,protein,450,650,plasmogen activator,colchicine,"BSK_4H_uPAR was designed to target misc protein (plasmogen activator) activity at the protein (protein-specified) level, specifically mapping to PLAUR gene(s) using a positive control of colchicine",PLAUR,0,0.2,5329,Fluorescence intensity,protein-specified,5329,24,h,Time,,uPAR,"plasminogen activator, urokinase receptor",uPAR antibody,GPCR,Primary Cell,antibody,HUVEC,PLAUR,,,,,,,,5.867301689999997,,mg/L,Mass concentration,,,13.5,,µM,Molar concentration,,
78-42-2,"Phosphoric acid, tris(2-ethylhexyl) ester;tris (2-ethylhexyl) phosphate;Tris(2-ethylhexyl) phosphate;tris(2-ethylhexyl)ester phosphoric acid;tris(2-ethylhexyl)ester_phosphoric_acid;tris(2-ethylhexyl)phosphate;Tris(2-ethylhexyl)phosphate (TEHP)",,,,,,,,,,,,,,,,,,,,,,,,,,,,,,,,,,,,,,,,,,,,,,,,,,,,,,,,,,,,,,,,,,,,,,,,,,,,,,,,,,,,,,,,,,,,,,,,,,,,,,,,,,,,,,,,,,,,,,,,,,,,,,,,Human Health Hazards#ToxCast,ToxCastDB,,,AC50,,False,No qualifier,Equal,,,,,,,,,,,Homo sapiens,Animalia (animals),Bilateria,Chordata (chordates),Vertebrata (vertebrates),Tetrapoda,Mammalia (mammals),,Primates (primates),Hominoidea,"Hominidae (man-like primates,Great Apes)",Homo (hominoids),Deuterostomia,Gnathostomata,,,,,,,,,,,,,,,,,,,,,,,,,,,,,,,,,,,,,,,,,,,,,,,,,,,,,,,,,,,,,,,,,,,,,,,,,,,,,,,,,,,,,,,,,,,,,,,,,,,,,Theria,Haplorrhini,Simiiformes,,Homininae (African apes),,,,,,,,,,,,,,Eutheria,,,,,,,,,,,,,HUVEC_IL_4_Histamine_24_SRB_down,,,,,,,vascular,,,,,,,,,,,,,,,,,,,,,,http://www.bioseekinc.com/,,primary cell,,In vitro (Cellular),BioSeek,microplate: 96-well plate,,HUVEC,Fluorescence,,DMSO,HUVEC (IL-4+histamine): SRB,viability reporter,cell-based,Bioseek is a division of DiscoveRx Corporation and developed the BioMAP® system providing uniquely informative biological activity profiles.,BSK,negative,viability,multiplexed,Sulforhodamine staining,cellular,fold_induction,protein content,DMSO,cell-based,Colchicine,Bioseek,cell cycle,0,,cellular,,Spectrophotometry,both,protein,560,0,cytotoxicity,colchicine,"BSK_4H_SRB was designed to target cell cycle (cytotoxicity) activity at the cellular (cellular) level, specifically mapping to NA gene(s) using a positive control of colchicine",,0,0.2,0,Absorbance,protein-unspecified,,24,h,Time,,SRB,,0.1% sulforhodamine,N/A,Primary Cell,stain,HUVEC,,,,,,,,,8.474991329999995,,mg/L,Mass concentration,,,19.5,,µM,Molar concentration,,
78-42-2,"Phosphoric acid, tris(2-ethylhexyl) ester;tris (2-ethylhexyl) phosphate;Tris(2-ethylhexyl) phosphate;tris(2-ethylhexyl)ester phosphoric acid;tris(2-ethylhexyl)ester_phosphoric_acid;tris(2-ethylhexyl)phosphate;Tris(2-ethylhexyl)phosphate (TEHP)",,,,,,,,,,,,,,,,,,,,,,,,,,,,,,,,,,,,,,,,,,,,,,,,,,,,,,,,,,,,,,,,,,,,,,,,,,,,,,,,,,,,,,,,,,,,,,,,,,,,,,,,,,,,,,,,,,,,,,,,,,,,,,,,Human Health Hazards#ToxCast,ToxCastDB,,,AC50,,False,No qualifier,Equal,,,,,,,,,,,Homo sapiens,Animalia (animals),Bilateria,Chordata (chordates),Vertebrata (vertebrates),Tetrapoda,Mammalia (mammals),,Primates (primates),Hominoidea,"Hominidae (man-like primates,Great Apes)",Homo (hominoids),Deuterostomia,Gnathostomata,,,,,,,,,,,,,,,,,,,,,,,,,,,,,,,,,,,,,,,,,,,,,,,,,,,,,,,,,,,,,,,,,,,,,,,,,,,,,,,,,,,,,,,,,,,,,,,,,,,,,Theria,Haplorrhini,Simiiformes,,Homininae (African apes),,,,,,,,,,,,,,Eutheria,,,,,,,,,,,,,HUVEC_IL_4_Histamine_24_VEGFR2_down,,,,,,,vascular,,,,,,,,,,,,,,,,,,,,,,http://www.bioseekinc.com/,Fold-Change,primary cell,KDR,In vitro (Cellular),BioSeek,microplate: 96-well plate,,HUVEC,ELISA,,DMSO,HUVEC (IL-4+histamine): VEGFRII,binding reporter,cell-based,Bioseek is a division of DiscoveRx Corporation and developed the BioMAP® system providing uniquely informative biological activity profiles.,BSK,negative,signaling,multiplexed,ELISA,protein,fold_induction,immunoassay: elisa,DMSO,cell-based,Colchicine,Bioseek,kinase,3791,,receptor,regulation of gene expression,Fluorescence,both,protein,450,650,receptor tyrosine kinase,colchicine,"BSK_4H_VEGFRII was designed to target kinase (receptor tyrosine kinase) activity at the protein (enzyme) level, specifically mapping to KDR gene(s) using a positive control of colchicine",KDR,0,0.2,3791,Fluorescence intensity,receptor,3791,24,h,Time,,VEGFRII,kinase insert domain receptor (a type III receptor tyrosine kinase),VEGFRII antibody,Kinase,Primary Cell,antibody,HUVEC,KDR,,,,,,,,8.474991329999995,,mg/L,Mass concentration,,,19.5,,µM,Molar concentration,,
78-42-2,"Phosphoric acid, tris(2-ethylhexyl) ester;tris (2-ethylhexyl) phosphate;Tris(2-ethylhexyl) phosphate;tris(2-ethylhexyl)ester phosphoric acid;tris(2-ethylhexyl)ester_phosphoric_acid;tris(2-ethylhexyl)phosphate;Tris(2-ethylhexyl)phosphate (TEHP)",,,,,,,,,,,,,,,,,,,,,,,,,,,,,,,,,,,,,,,,,,,,,,,,,,,,,,,,,,,,,,,,,,,,,,,,,,,,,,,,,,,,,,,,,,,,,,,,,,,,,,,,,,,,,,,,,,,,,,,,,,,,,,,,Human Health Hazards#ToxCast,ToxCastDB,,,AC50,,False,No qualifier,Equal,,,,,,,,,,,Homo sapiens,Animalia (animals),Bilateria,Chordata (chordates),Vertebrata (vertebrates),Tetrapoda,Mammalia (mammals),,Primates (primates),Hominoidea,"Hominidae (man-like primates,Great Apes)",Homo (hominoids),Deuterostomia,Gnathostomata,,,,,,,,,,,,,,,,,,,,,,,,,,,,,,,,,,,,,,,,,,,,,,,,,,,,,,,,,,,,,,,,,,,,,,,,,,,,,,,,,,,,,,,,,,,,,,,,,,,,,Theria,Haplorrhini,Simiiformes,,Homininae (African apes),,,,,,,,,,,,,,Eutheria,,,,,,,,,,,,,HUVEC_PBMC_LPS_24_CCL2_MCP_1_down,,,,,,,vascular,,,,,,,,,,,,,,,,,,,,,,http://www.bioseekinc.com/,Fold-Change,primary cell co-culture,CCL2,In vitro (Cellular),BioSeek,microplate: 96-well plate,,"HUVEC, PBMC",ELISA,,DMSO,HUVEC/PBMC (TLR4): MCP-1,binding reporter,cell-based,Bioseek is a division of DiscoveRx Corporation and developed the BioMAP® system providing uniquely informative biological activity profiles.,BSK,negative,signaling,multiplexed,ELISA,protein,fold_induction,immunoassay: elisa,DMSO,cell-based,Colchicine,Bioseek,cytokine,6347,,protein-specified,regulation of gene expression,Fluorescence,both,protein,450,650,chemotactic factor,colchicine,"BSK_LPS_MCP1 was designed to target cytokine (chemotactic factor) activity at the protein (protein-specified) level, specifically mapping to CCL2 gene(s) using a positive control of colchicine",CCL2,0,0.2,6347,Fluorescence intensity,protein-specified,6347,24,h,Time,,MCP-1,chemokine (C-C motif) ligand 2,MCP-1 antibody,Cytokine,Primary Cell,antibody,"HUVEC, PBMC",CCL2,,,,,,,,2.8163048194896207,,mg/L,Mass concentration,,,6.480000019073486,,µM,Molar concentration,,
78-42-2,"Phosphoric acid, tris(2-ethylhexyl) ester;tris (2-ethylhexyl) phosphate;Tris(2-ethylhexyl) phosphate;tris(2-ethylhexyl)ester phosphoric acid;tris(2-ethylhexyl)ester_phosphoric_acid;tris(2-ethylhexyl)phosphate;Tris(2-ethylhexyl)phosphate (TEHP)",,,,,,,,,,,,,,,,,,,,,,,,,,,,,,,,,,,,,,,,,,,,,,,,,,,,,,,,,,,,,,,,,,,,,,,,,,,,,,,,,,,,,,,,,,,,,,,,,,,,,,,,,,,,,,,,,,,,,,,,,,,,,,,,Human Health Hazards#ToxCast,ToxCastDB,,,AC50,,False,No qualifier,Equal,,,,,,,,,,,Homo sapiens,Animalia (animals),Bilateria,Chordata (chordates),Vertebrata (vertebrates),Tetrapoda,Mammalia (mammals),,Primates (primates),Hominoidea,"Hominidae (man-like primates,Great Apes)",Homo (hominoids),Deuterostomia,Gnathostomata,,,,,,,,,,,,,,,,,,,,,,,,,,,,,,,,,,,,,,,,,,,,,,,,,,,,,,,,,,,,,,,,,,,,,,,,,,,,,,,,,,,,,,,,,,,,,,,,,,,,,Theria,Haplorrhini,Simiiformes,,Homininae (African apes),,,,,,,,,,,,,,Eutheria,,,,,,,,,,,,,HUVEC_PBMC_LPS_24_CXCL8_IL_8_down,,,,,,,vascular,,,,,,,,,,,,,,,,,,,,,,http://www.bioseekinc.com/,Fold-Change,primary cell co-culture,IL8,In vitro (Cellular),BioSeek,microplate: 96-well plate,,"HUVEC, PBMC",ELISA,,DMSO,HUVEC/PBMC (TLR4): IL-8,binding reporter,cell-based,Bioseek is a division of DiscoveRx Corporation and developed the BioMAP® system providing uniquely informative biological activity profiles.,BSK,negative,signaling,multiplexed,ELISA,protein,fold_induction,immunoassay: elisa,DMSO,cell-based,Colchicine,Bioseek,cytokine,3576,,protein-specified,regulation of gene expression,Fluorescence,both,protein,450,650,interleukins,colchicine,"BSK_LPS_IL8 was designed to target cytokine (interleukins) activity at the protein (protein-specified) level, specifically mapping to IL8 gene(s) using a positive control of colchicine",IL8,0,0.2,3576,Fluorescence intensity,protein-specified,3576,24,h,Time,,IL-8,interleukin 8,IL-8 antibody,Cytokine,Primary Cell,antibody,"HUVEC, PBMC",IL8,,,,,,,,1.907959528572644,,mg/L,Mass concentration,,,4.389999866485596,,µM,Molar concentration,,
78-42-2,"Phosphoric acid, tris(2-ethylhexyl) ester;tris (2-ethylhexyl) phosphate;Tris(2-ethylhexyl) phosphate;tris(2-ethylhexyl)ester phosphoric acid;tris(2-ethylhexyl)ester_phosphoric_acid;tris(2-ethylhexyl)phosphate;Tris(2-ethylhexyl)phosphate (TEHP)",,,,,,,,,,,,,,,,,,,,,,,,,,,,,,,,,,,,,,,,,,,,,,,,,,,,,,,,,,,,,,,,,,,,,,,,,,,,,,,,,,,,,,,,,,,,,,,,,,,,,,,,,,,,,,,,,,,,,,,,,,,,,,,,Human Health Hazards#ToxCast,ToxCastDB,,,AC50,,False,No qualifier,Equal,,,,,,,,,,,Homo sapiens,Animalia (animals),Bilateria,Chordata (chordates),Vertebrata (vertebrates),Tetrapoda,Mammalia (mammals),,Primates (primates),Hominoidea,"Hominidae (man-like primates,Great Apes)",Homo (hominoids),Deuterostomia,Gnathostomata,,,,,,,,,,,,,,,,,,,,,,,,,,,,,,,,,,,,,,,,,,,,,,,,,,,,,,,,,,,,,,,,,,,,,,,,,,,,,,,,,,,,,,,,,,,,,,,,,,,,,Theria,Haplorrhini,Simiiformes,,Homininae (African apes),,,,,,,,,,,,,,Eutheria,,,,,,,,,,,,,HUVEC_PBMC_LPS_24_PGE2_down,,,,,,,vascular,,,,,,,,,,,,,,,,,,,,,,http://www.bioseekinc.com/,Fold-Change,primary cell co-culture,PTGER2,In vitro (Cellular),BioSeek,microplate: 96-well plate,,"HUVEC, PBMC",ELISA,,DMSO,HUVEC/PBMC (TLR4): PGE2,binding reporter,cell-based,Bioseek is a division of DiscoveRx Corporation and developed the BioMAP® system providing uniquely informative biological activity profiles.,BSK,negative,signaling,multiplexed,ELISA,protein,fold_induction,immunoassay: elisa,DMSO,cell-based,Colchicine,Bioseek,gpcr,5732,,protein-specified,regulation of gene expression,Fluorescence,both,protein,450,650,rhodopsin-like receptor,colchicine,"BSK_LPS_PGE2 was designed to target misc protein (prostanoid receptor) activity at the protein (protein-specified) level, specifically mapping to PTGER2 gene(s) using a positive control of colchicine",PTGER2,0,0.2,5732,Fluorescence intensity,protein-specified,5732,24,h,Time,,PGE2,"prostaglandin E receptor 2 (subtype EP2), 53kDa",PGE2 antibody,Hormone,Primary Cell,antibody,"HUVEC, PBMC",PTGER2,,,,,,,,2.0339978445934,,mg/L,Mass concentration,,,4.679999828338623,,µM,Molar concentration,,
78-42-2,"Phosphoric acid, tris(2-ethylhexyl) ester;tris (2-ethylhexyl) phosphate;Tris(2-ethylhexyl) phosphate;tris(2-ethylhexyl)ester phosphoric acid;tris(2-ethylhexyl)ester_phosphoric_acid;tris(2-ethylhexyl)phosphate;Tris(2-ethylhexyl)phosphate (TEHP)",,,,,,,,,,,,,,,,,,,,,,,,,,,,,,,,,,,,,,,,,,,,,,,,,,,,,,,,,,,,,,,,,,,,,,,,,,,,,,,,,,,,,,,,,,,,,,,,,,,,,,,,,,,,,,,,,,,,,,,,,,,,,,,,Human Health Hazards#ToxCast,ToxCastDB,,,AC50,,False,No qualifier,Equal,,,,,,,,,,,Homo sapiens,Animalia (animals),Bilateria,Chordata (chordates),Vertebrata (vertebrates),Tetrapoda,Mammalia (mammals),,Primates (primates),Hominoidea,"Hominidae (man-like primates,Great Apes)",Homo (hominoids),Deuterostomia,Gnathostomata,,,,,,,,,,,,,,,,,,,,,,,,,,,,,,,,,,,,,,,,,,,,,,,,,,,,,,,,,,,,,,,,,,,,,,,,,,,,,,,,,,,,,,,,,,,,,,,,,,,,,Theria,Haplorrhini,Simiiformes,,Homininae (African apes),,,,,,,,,,,,,,Eutheria,,,,,,,,,,,,,HUVEC_PBMC_LPS_24_TNF_alpha_down,,,,,,,vascular,,,,,,,,,,,,,,,,,,,,,,http://www.bioseekinc.com/,Fold-Change,primary cell co-culture,TNF,In vitro (Cellular),BioSeek,microplate: 96-well plate,,"HUVEC, PBMC",ELISA,,DMSO,HUVEC/PBMC (TLR4): TNF-a,binding reporter,cell-based,Bioseek is a division of DiscoveRx Corporation and developed the BioMAP® system providing uniquely informative biological activity profiles.,BSK,negative,signaling,multiplexed,ELISA,protein,fold_induction,immunoassay: elisa,DMSO,cell-based,Colchicine,Bioseek,cytokine,7124,,protein-specified,regulation of gene expression,Fluorescence,both,protein,450,650,inflammatory factor,colchicine,"BSK_LPS_TNFa was designed to target cytokine (inflammatory factor) activity at the protein (protein-specified) level, specifically mapping to TNF gene(s) using a positive control of colchicine",TNF,0,0.2,7124,Fluorescence intensity,protein-specified,7124,24,h,Time,,TNF-a,"tumor necrosis factor (TNF superfamily, member 2)",TNF-a antibody,Cytokine,Primary Cell,antibody,"HUVEC, PBMC",TNF,,,,,,,,2.368651340103778,,mg/L,Mass concentration,,,5.449999809265137,,µM,Molar concentration,,
78-42-2,"Phosphoric acid, tris(2-ethylhexyl) ester;tris (2-ethylhexyl) phosphate;Tris(2-ethylhexyl) phosphate;tris(2-ethylhexyl)ester phosphoric acid;tris(2-ethylhexyl)ester_phosphoric_acid;tris(2-ethylhexyl)phosphate;Tris(2-ethylhexyl)phosphate (TEHP)",,,,,,,,,,,,,,,,,,,,,,,,,,,,,,,,,,,,,,,,,,,,,,,,,,,,,,,,,,,,,,,,,,,,,,,,,,,,,,,,,,,,,,,,,,,,,,,,,,,,,,,,,,,,,,,,,,,,,,,,,,,,,,,,Human Health Hazards#ToxCast,ToxCastDB,,,AC50,,False,No qualifier,Equal,,,,,,,,,,,Homo sapiens,Animalia (animals),Bilateria,Chordata (chordates),Vertebrata (vertebrates),Tetrapoda,Mammalia (mammals),,Primates (primates),Hominoidea,"Hominidae (man-like primates,Great Apes)",Homo (hominoids),Deuterostomia,Gnathostomata,,,,,,,,,,,,,,,,,,,,,,,,,,,,,,,,,,,,,,,,,,,,,,,,,,,,,,,,,,,,,,,,,,,,,,,,,,,,,,,,,,,,,,,,,,,,,,,,,,,,,Theria,Haplorrhini,Simiiformes,,Homininae (African apes),,,,,,,,,,,,,,Eutheria,,,,,,,,,,,,,HUVEC_PBMC_SEB_TSST_24_CD40_down,,,,,,,vascular,,,,,,,,,,,,,,,,,,,,,,http://www.bioseekinc.com/,Fold-Change,primary cell co-culture,CD40,In vitro (Cellular),BioSeek,microplate: 96-well plate,,"HUVEC, PBMC",ELISA,,DMSO,HUVEC/PBMC (TCR): CD40,binding reporter,cell-based,Bioseek is a division of DiscoveRx Corporation and developed the BioMAP® system providing uniquely informative biological activity profiles.,BSK,negative,signaling,multiplexed,ELISA,protein,fold_induction,immunoassay: elisa,DMSO,cell-based,Colchicine,Bioseek,cytokine,958,,protein-specified,regulation of gene expression,Fluorescence,both,protein,450,650,inflammatory factor,colchicine,"BSK_SAg_CD40 was designed to target cytokine (inflammatory factor) activity at the protein (protein-specified) level, specifically mapping to CD40 gene(s) using a positive control of colchicine",CD40,0,0.2,958,Fluorescence intensity,protein-specified,958,24,h,Time,,CD40,"CD40 molecule, TNF receptor superfamily member 5",CD40 antibody,Cytokine Receptor,Primary Cell,antibody,"HUVEC, PBMC",CD40,,,,,,,,2.4859973656141556,,mg/L,Mass concentration,,,5.71999979019165,,µM,Molar concentration,,
78-42-2,"Phosphoric acid, tris(2-ethylhexyl) ester;tris (2-ethylhexyl) phosphate;Tris(2-ethylhexyl) phosphate;tris(2-ethylhexyl)ester phosphoric acid;tris(2-ethylhexyl)ester_phosphoric_acid;tris(2-ethylhexyl)phosphate;Tris(2-ethylhexyl)phosphate (TEHP)",,,,,,,,,,,,,,,,,,,,,,,,,,,,,,,,,,,,,,,,,,,,,,,,,,,,,,,,,,,,,,,,,,,,,,,,,,,,,,,,,,,,,,,,,,,,,,,,,,,,,,,,,,,,,,,,,,,,,,,,,,,,,,,,Human Health Hazards#ToxCast,ToxCastDB,,,AC50,,False,No qualifier,Equal,,,,,,,,,,,Homo sapiens,Animalia (animals),Bilateria,Chordata (chordates),Vertebrata (vertebrates),Tetrapoda,Mammalia (mammals),,Primates (primates),Hominoidea,"Hominidae (man-like primates,Great Apes)",Homo (hominoids),Deuterostomia,Gnathostomata,,,,,,,,,,,,,,,,,,,,,,,,,,,,,,,,,,,,,,,,,,,,,,,,,,,,,,,,,,,,,,,,,,,,,,,,,,,,,,,,,,,,,,,,,,,,,,,,,,,,,Theria,Haplorrhini,Simiiformes,,Homininae (African apes),,,,,,,,,,,,,,Eutheria,,,,,,,,,,,,,HUVEC_PBMC_SEB_TSST_24_CD62E_E_Selectin_up,,,,,,,vascular,,,,,,,,,,,,,,,,,,,,,,http://www.bioseekinc.com/,Fold-Change,primary cell co-culture,SELE,In vitro (Cellular),BioSeek,microplate: 96-well plate,,"HUVEC, PBMC",ELISA,,DMSO,HUVEC/PBMC (TCR): E-selectin,binding reporter,cell-based,Bioseek is a division of DiscoveRx Corporation and developed the BioMAP® system providing uniquely informative biological activity profiles.,BSK,positive,signaling,multiplexed,ELISA,protein,fold_induction,immunoassay: elisa,DMSO,cell-based,Colchicine,Bioseek,cell adhesion molecules,6401,,protein-specified,regulation of gene expression,Fluorescence,both,protein,450,650,selectins,colchicine,"BSK_SAg_Eselectin was designed to target cell adhesion molecules (selectins) activity at the protein (protein-specified) level, specifically mapping to SELE gene(s) using a positive control of colchicine",SELE,0,0.2,6401,Fluorescence intensity,protein-specified,6401,24,h,Time,,E-Selectin,selectin E,E-selectin antibody,Cell Adhesion Molecule,Primary Cell,antibody,"HUVEC, PBMC",SELE,,,,,,,,0.5867301793620274,,mg/L,Mass concentration,,,1.350000023841858,,µM,Molar concentration,,
78-42-2,"Phosphoric acid, tris(2-ethylhexyl) ester;tris (2-ethylhexyl) phosphate;Tris(2-ethylhexyl) phosphate;tris(2-ethylhexyl)ester phosphoric acid;tris(2-ethylhexyl)ester_phosphoric_acid;tris(2-ethylhexyl)phosphate;Tris(2-ethylhexyl)phosphate (TEHP)",,,,,,,,,,,,,,,,,,,,,,,,,,,,,,,,,,,,,,,,,,,,,,,,,,,,,,,,,,,,,,,,,,,,,,,,,,,,,,,,,,,,,,,,,,,,,,,,,,,,,,,,,,,,,,,,,,,,,,,,,,,,,,,,Human Health Hazards#ToxCast,ToxCastDB,,,AC50,,False,No qualifier,Equal,,,,,,,,,,,Homo sapiens,Animalia (animals),Bilateria,Chordata (chordates),Vertebrata (vertebrates),Tetrapoda,Mammalia (mammals),,Primates (primates),Hominoidea,"Hominidae (man-like primates,Great Apes)",Homo (hominoids),Deuterostomia,Gnathostomata,,,,,,,,,,,,,,,,,,,,,,,,,,,,,,,,,,,,,,,,,,,,,,,,,,,,,,,,,,,,,,,,,,,,,,,,,,,,,,,,,,,,,,,,,,,,,,,,,,,,,Theria,Haplorrhini,Simiiformes,,Homininae (African apes),,,,,,,,,,,,,,Eutheria,,,,,,,,,,,,,HUVEC_PBMC_SEB_TSST_24_PBMC_Cytotoxicity_down,,,,,,,vascular,,,,,,,,,,,,,,,,,,,,,,http://www.bioseekinc.com/,,primary cell co-culture,,In vitro (Cellular),BioSeek,microplate: 96-well plate,,"HUVEC, PBMC","SRB, Alamar Blue Reduction, Microscopy",,DMSO,HUVEC/PBMC (TCR): Cytotoxicity,binding reporter,cell-based,Bioseek is a division of DiscoveRx Corporation and developed the BioMAP® system providing uniquely informative biological activity profiles.,BSK,negative,viability,multiplexed,Alamar Blue Reduction,cellular,fold_induction,immunoassay: elisa,DMSO,cell-based,Colchicine,Bioseek,cell cycle,0,,cellular,cell death,Fluorescence,both,cellular,590,0,cytotoxicity,colchicine,"BSK_SAg_PBMCCytotoxicity was designed to target cell cycle (cytotoxicity) activity at the cellular (cellular) level, specifically mapping to NA gene(s) using a positive control of colchicine",,560,0.2,0,Fluorescence intensity,cellular,,24,h,Time,,PBMC Cytotoxicity,,Alamar blue,N/A,Primary Cell,stain,"HUVEC, PBMC",,,,,,,,,3.1118429040830216,,mg/L,Mass concentration,,,7.159999847412109,,µM,Molar concentration,,
78-42-2,"Phosphoric acid, tris(2-ethylhexyl) ester;tris (2-ethylhexyl) phosphate;Tris(2-ethylhexyl) phosphate;tris(2-ethylhexyl)ester phosphoric acid;tris(2-ethylhexyl)ester_phosphoric_acid;tris(2-ethylhexyl)phosphate;Tris(2-ethylhexyl)phosphate (TEHP)",,,,,,,,,,,,,,,,,,,,,,,,,,,,,,,,,,,,,,,,,,,,,,,,,,,,,,,,,,,,,,,,,,,,,,,,,,,,,,,,,,,,,,,,,,,,,,,,,,,,,,,,,,,,,,,,,,,,,,,,,,,,,,,,Human Health Hazards#ToxCast,ToxCastDB,,,AC50,,False,No qualifier,Equal,,,,,,,,,,,Homo sapiens,Animalia (animals),Bilateria,Chordata (chordates),Vertebrata (vertebrates),Tetrapoda,Mammalia (mammals),,Primates (primates),Hominoidea,"Hominidae (man-like primates,Great Apes)",Homo (hominoids),Deuterostomia,Gnathostomata,,,,,,,,,,,,,,,,,,,,,,,,,,,,,,,,,,,,,,,,,,,,,,,,,,,,,,,,,,,,,,,,,,,,,,,,,,,,,,,,,,,,,,,,,,,,,,,,,,,,,Theria,Haplorrhini,Simiiformes,,Homininae (African apes),,,,,,,,,,,,,,Eutheria,,,,,,,,,,,,,HUVEC_PBMC_SEB_TSST_24_PBMC_Cytotoxicity_up,,,,,,,vascular,,,,,,,,,,,,,,,,,,,,,,http://www.bioseekinc.com/,,primary cell co-culture,,In vitro (Cellular),BioSeek,microplate: 96-well plate,,"HUVEC, PBMC","SRB, Alamar Blue Reduction, Microscopy",,DMSO,HUVEC/PBMC (TCR): Cytotoxicity,binding reporter,cell-based,Bioseek is a division of DiscoveRx Corporation and developed the BioMAP® system providing uniquely informative biological activity profiles.,BSK,positive,viability,multiplexed,Alamar Blue Reduction,cellular,fold_induction,immunoassay: elisa,DMSO,cell-based,Colchicine,Bioseek,cell cycle,0,,cellular,cell death,Fluorescence,both,cellular,590,0,cytotoxicity,colchicine,"BSK_SAg_PBMCCytotoxicity was designed to target cell cycle (cytotoxicity) activity at the cellular (cellular) level, specifically mapping to NA gene(s) using a positive control of colchicine",,560,0.2,0,Fluorescence intensity,cellular,,24,h,Time,,PBMC Cytotoxicity,,Alamar blue,N/A,Primary Cell,stain,"HUVEC, PBMC",,,,,,,,,3.2335351784688644,,mg/L,Mass concentration,,,7.440000057220459,,µM,Molar concentration,,
78-42-2,"Phosphoric acid, tris(2-ethylhexyl) ester;tris (2-ethylhexyl) phosphate;Tris(2-ethylhexyl) phosphate;tris(2-ethylhexyl)ester phosphoric acid;tris(2-ethylhexyl)ester_phosphoric_acid;tris(2-ethylhexyl)phosphate;Tris(2-ethylhexyl)phosphate (TEHP)",,,,,,,,,,,,,,,,,,,,,,,,,,,,,,,,,,,,,,,,,,,,,,,,,,,,,,,,,,,,,,,,,,,,,,,,,,,,,,,,,,,,,,,,,,,,,,,,,,,,,,,,,,,,,,,,,,,,,,,,,,,,,,,,Human Health Hazards#ToxCast,ToxCastDB,,,AC50,,False,No qualifier,Equal,,,,,,,,,,,Homo sapiens,Animalia (animals),Bilateria,Chordata (chordates),Vertebrata (vertebrates),Tetrapoda,Mammalia (mammals),,Primates (primates),Hominoidea,"Hominidae (man-like primates,Great Apes)",Homo (hominoids),Deuterostomia,Gnathostomata,,,,,,,,,,,,,,,,,,,,,,,,,,,,,,,,,,,,,,,,,,,,,,,,,,,,,,,,,,,,,,,,,,,,,,,,,,,,,,,,,,,,,,,,,,,,,,,,,,,,,Theria,Haplorrhini,Simiiformes,,Homininae (African apes),,,,,,,,,,,,,,Eutheria,,,,,,,,,,,,,HUVEC_PBMC_SEB_TSST_24_Proliferation_down,,,,,,,vascular,,,,,,,,,,,,,,,,,,,,,,http://www.bioseekinc.com/,,primary cell co-culture,,In vitro (Cellular),BioSeek,microplate: 96-well plate,,"HUVEC, PBMC",Alamar Blue Reduction,,DMSO,HUVEC/PBMC (TCR): Proliferation,viability reporter,cell-based,Bioseek is a division of DiscoveRx Corporation and developed the BioMAP® system providing uniquely informative biological activity profiles.,BSK,negative,viability,multiplexed,Sulforhodamine staining,cellular,fold_induction,protein content,DMSO,cell-based,Colchicine,Bioseek,cell cycle,0,,cellular,cell proliferation,Spectrophotometry,both,cellular,560,0,proliferation,colchicine,"BSK_SAg_Proliferation was designed to target cell cycle (proliferation) activity at the cellular (cellular) level, specifically mapping to NA gene(s) using a positive control of colchicine",,0,0.2,0,Absorbance,cellular,,24,h,Time,,Proliferation,,0.1% sulforhodamine,N/A,Primary Cell,stain,"HUVEC, PBMC",,,,,,,,,2.820650861124533,,mg/L,Mass concentration,,,6.489999771118164,,µM,Molar concentration,,
78-42-2,"Phosphoric acid, tris(2-ethylhexyl) ester;tris (2-ethylhexyl) phosphate;Tris(2-ethylhexyl) phosphate;tris(2-ethylhexyl)ester phosphoric acid;tris(2-ethylhexyl)ester_phosphoric_acid;tris(2-ethylhexyl)phosphate;Tris(2-ethylhexyl)phosphate (TEHP)",,,,,,,,,,,,,,,,,,,,,,,,,,,,,,,,,,,,,,,,,,,,,,,,,,,,,,,,,,,,,,,,,,,,,,,,,,,,,,,,,,,,,,,,,,,,,,,,,,,,,,,,,,,,,,,,,,,,,,,,,,,,,,,,Human Health Hazards#ToxCast,ToxCastDB,,,AC50,,False,No qualifier,Equal,,,,,,,,,,,Homo sapiens,Animalia (animals),Bilateria,Chordata (chordates),Vertebrata (vertebrates),Tetrapoda,Mammalia (mammals),,Primates (primates),Hominoidea,"Hominidae (man-like primates,Great Apes)",Homo (hominoids),Deuterostomia,Gnathostomata,,,,,,,,,,,,,,,,,,,,,,,,,,,,,,,,,,,,,,,,,,,,,,,,,,,,,,,,,,,,,,,,,,,,,,,,,,,,,,,,,,,,,,,,,,,,,,,,,,,,,Theria,Haplorrhini,Simiiformes,,Homininae (African apes),,,,,,,,,,,,,,Eutheria,,,,,,,,,,,,,HUVEC_PBMC_SEB_TSST_24_SRB_down,,,,,,,vascular,,,,,,,,,,,,,,,,,,,,,,http://www.bioseekinc.com/,,primary cell co-culture,,In vitro (Cellular),BioSeek,microplate: 96-well plate,,"HUVEC, PBMC",Fluorescence,,DMSO,HUVEC/PBMC (TCR): SRB,viability reporter,cell-based,Bioseek is a division of DiscoveRx Corporation and developed the BioMAP® system providing uniquely informative biological activity profiles.,BSK,negative,viability,multiplexed,Sulforhodamine staining,cellular,fold_induction,protein content,DMSO,cell-based,Colchicine,Bioseek,cell cycle,0,,cellular,,Spectrophotometry,both,protein,560,0,cytotoxicity,colchicine,"BSK_SAg_SRB was designed to target cell cycle (cytotoxicity) activity at the cellular (cellular) level, specifically mapping to NA gene(s) using a positive control of colchicine",,0,0.2,0,Absorbance,protein-unspecified,,24,h,Time,,SRB,,0.1% sulforhodamine,N/A,Primary Cell,stain,"HUVEC, PBMC",,,,,,,,,2.842381691020754,,mg/L,Mass concentration,,,6.539999961853027,,µM,Molar concentration,,
78-42-2,"Phosphoric acid, tris(2-ethylhexyl) ester;tris (2-ethylhexyl) phosphate;Tris(2-ethylhexyl) phosphate;tris(2-ethylhexyl)ester phosphoric acid;tris(2-ethylhexyl)ester_phosphoric_acid;tris(2-ethylhexyl)phosphate;Tris(2-ethylhexyl)phosphate (TEHP)",,,,,,,,,,,,,,,,,,,,,,,,,,,,,,,,,,,,,,,,,,,,,,,,,,,,,,,,,,,,,,,,,,,,,,,,,,,,,,,,,,,,,,,,,,,,,,,,,,,,,,,,,,,,,,,,,,,,,,,,,,,,,,,,Human Health Hazards#ToxCast,ToxCastDB,,,AC50,,False,No qualifier,Equal,,,,,,,,,,,Homo sapiens,Animalia (animals),Bilateria,Chordata (chordates),Vertebrata (vertebrates),Tetrapoda,Mammalia (mammals),,Primates (primates),Hominoidea,"Hominidae (man-like primates,Great Apes)",Homo (hominoids),Deuterostomia,Gnathostomata,,,,,,,,,,,,,,,,,,,,,,,,,,,,,,,,,,,,,,,,,,,,,,,,,,,,,,,,,,,,,,,,,,,,,,,,,,,,,,,,,,,,,,,,,,,,,,,,,,,,,Theria,Haplorrhini,Simiiformes,,Homininae (African apes),,,,,,,,,,,,,,Eutheria,,,,,,,,,,,,,SMC_IL_1b_TNF_a_IFN_g_24_CD141_Thrombomodulin_up,,,,,,,vascular,,,,,,,,,,,,,,,,,,,,,,http://www.bioseekinc.com/,Fold-Change,primary cell,THBD,In vitro (Cellular),BioSeek,microplate: 96-well plate,,HCAVSC,ELISA,,DMSO,HUVEC/Primary Human Vascular Smooth Muscle Cells (IL-1b+TNF-a+IFN-g): Thrombomodulin,binding reporter,cell-based,Bioseek is a division of DiscoveRx Corporation and developed the BioMAP® system providing uniquely informative biological activity profiles.,BSK,positive,signaling,multiplexed,ELISA,protein,fold_induction,immunoassay: elisa,DMSO,cell-based,Colchicine,Bioseek,gpcr,7056,,protein-specified,regulation of gene expression,Fluorescence,both,protein,450,650,rhodopsin-like receptor,colchicine,"BSK_CASM3C_Thrombomodulin was designed to target misc protein (thrombin receptor) activity at the protein (protein-specified) level, specifically mapping to THBD gene(s) using a positive control of colchicine",THBD,0,0.2,7056,Fluorescence intensity,protein-specified,7056,24,h,Time,,Thrombomodulin,thrombomodulin,Thrombomodulin antibody,Cytokine Receptor,Primary Cell,antibody,Primary Human Coronary Artery Vascular Smooth Muscle Cells,THBD,,,,,,,,3.6811886578547077,,mg/L,Mass concentration,,,8.470000267028809,,µM,Molar concentration,,
78-42-2,"Phosphoric acid, tris(2-ethylhexyl) ester;tris (2-ethylhexyl) phosphate;Tris(2-ethylhexyl) phosphate;tris(2-ethylhexyl)ester phosphoric acid;tris(2-ethylhexyl)ester_phosphoric_acid;tris(2-ethylhexyl)phosphate;Tris(2-ethylhexyl)phosphate (TEHP)",,,,,,,,,,,,,,,,,,,,,,,,,,,,,,,,,,,,,,,,,,,,,,,,,,,,,,,,,,,,,,,,,,,,,,,,,,,,,,,,,,,,,,,,,,,,,,,,,,,,,,,,,,,,,,,,,,,,,,,,,,,,,,,,Human Health Hazards#ToxCast,ToxCastDB,,,AC50,,False,No qualifier,Equal,,,,,,,,,,,Homo sapiens,Animalia (animals),Bilateria,Chordata (chordates),Vertebrata (vertebrates),Tetrapoda,Mammalia (mammals),,Primates (primates),Hominoidea,"Hominidae (man-like primates,Great Apes)",Homo (hominoids),Deuterostomia,Gnathostomata,,,,,,,,,,,,,,,,,,,,,,,,,,,,,,,,,,,,,,,,,,,,,,,,,,,,,,,,,,,,,,,,,,,,,,,,,,,,,,,,,,,,,,,,,,,,,,,,,,,,,Theria,Haplorrhini,Simiiformes,,Homininae (African apes),,,,,,,,,,,,,,Eutheria,,,,,,,,,,,,,SMC_IL_1b_TNF_a_IFN_g_24_Proliferation_down,,,,,,,vascular,,,,,,,,,,,,,,,,,,,,,,http://www.bioseekinc.com/,,primary cell,,In vitro (Cellular),BioSeek,microplate: 96-well plate,,HCAVSC,Alamar Blue Reduction,,DMSO,HUVEC/Primary Human Vascular Smooth Muscle Cells (IL-1b+TNF-a+IFN-g): Proliferation,viability reporter,cell-based,Bioseek is a division of DiscoveRx Corporation and developed the BioMAP® system providing uniquely informative biological activity profiles.,BSK,negative,viability,multiplexed,Sulforhodamine staining,cellular,fold_induction,protein content,DMSO,cell-based,Colchicine,Bioseek,cell cycle,0,,cellular,cell proliferation,Spectrophotometry,both,cellular,560,0,proliferation,colchicine,"BSK_CASM3C_Proliferation was designed to target cell cycle (proliferation) activity at the cellular (cellular) level, specifically mapping to NA gene(s) using a positive control of colchicine",,0,0.2,0,Absorbance,cellular,,24,h,Time,,Proliferation,,0.1% sulforhodamine,N/A,Primary Cell,stain,Primary Human Coronary Artery Vascular Smooth Muscle Cells,,,,,,,,,10.604604370207552,,mg/L,Mass concentration,,,24.399999618530273,,µM,Molar concentration,,
78-42-2,"Phosphoric acid, tris(2-ethylhexyl) ester;tris (2-ethylhexyl) phosphate;Tris(2-ethylhexyl) phosphate;tris(2-ethylhexyl)ester phosphoric acid;tris(2-ethylhexyl)ester_phosphoric_acid;tris(2-ethylhexyl)phosphate;Tris(2-ethylhexyl)phosphate (TEHP)",,,,,,,,,,,,,,,,,,,,,,,,,,,,,,,,,,,,,,,,,,,,,,,,,,,,,,,,,,,,,,,,,,,,,,,,,,,,,,,,,,,,,,,,,,,,,,,,,,,,,,,,,,,,,,,,,,,,,,,,,,,,,,,,Human Health Hazards#ToxCast,ToxCastDB,,,AC50,,False,No qualifier,Equal,,,,,,,,,,,Homo sapiens,Animalia (animals),Bilateria,Chordata (chordates),Vertebrata (vertebrates),Tetrapoda,Mammalia (mammals),,Primates (primates),Hominoidea,"Hominidae (man-like primates,Great Apes)",Homo (hominoids),Deuterostomia,Gnathostomata,,,,,,,,,,,,,,,,,,,,,,,,,,,,,,,,,,,,,,,,,,,,,,,,,,,,,,,,,,,,,,,,,,,,,,,,,,,,,,,,,,,,,,,,,,,,,,,,,,,,,Theria,Haplorrhini,Simiiformes,,Homininae (African apes),,,,,,,,,,,,,,Eutheria,,,,,,,,,,,,,SMC_IL_1b_TNF_a_IFN_g_24_Serum_Amyloid_A_down,,,,,,,vascular,,,,,,,,,,,,,,,,,,,,,,http://www.bioseekinc.com/,Fold-Change,primary cell,SAA1,In vitro (Cellular),BioSeek,microplate: 96-well plate,,HCAVSC,ELISA,,DMSO,HUVEC/Primary Human Vascular Smooth Muscle Cells (IL-1b+TNF-a+IFN-g): SAA,binding reporter,cell-based,Bioseek is a division of DiscoveRx Corporation and developed the BioMAP® system providing uniquely informative biological activity profiles.,BSK,negative,signaling,multiplexed,ELISA,protein,fold_induction,immunoassay: elisa,DMSO,cell-based,Colchicine,Bioseek,cell adhesion molecules,6288,,protein-specified,regulation of gene expression,Fluorescence,both,protein,450,650,apolipoproteins,colchicine,"BSK_CASM3C_SAA was designed to target cell adhesion molecules (apolipoproteins) activity at the protein (protein-specified) level, specifically mapping to SAA1 gene(s) using a positive control of colchicine",SAA1,0,0.2,6288,Fluorescence intensity,protein-specified,6288,24,h,Time,,SAA,serum amyloid A1,SAA antibody,Apolipoprotein,Primary Cell,antibody,Primary Human Coronary Artery Vascular Smooth Muscle Cells,SAA1,,,,,,,,15.254983730830224,,mg/L,Mass concentration,,,35.099998474121094,,µM,Molar concentration,,
78-42-2,"Phosphoric acid, tris(2-ethylhexyl) ester;tris (2-ethylhexyl) phosphate;Tris(2-ethylhexyl) phosphate;tris(2-ethylhexyl)ester phosphoric acid;tris(2-ethylhexyl)ester_phosphoric_acid;tris(2-ethylhexyl)phosphate;Tris(2-ethylhexyl)phosphate (TEHP)",,,,,,,,,,,,,,,,,,,,,,,,,,,,,,,,,,,,,,,,,,,,,,,,,,,,,,,,,,,,,,,,,,,,,,,,,,,,,,,,,,,,,,,,,,,,,,,,,,,,,,,,,,,,,,,,,,,,,,,,,,,,,,,,Human Health Hazards#ToxCast,ToxCastDB,,,AC50,,False,No qualifier,Equal,,,,,,,,,,,Homo sapiens,Animalia (animals),Bilateria,Chordata (chordates),Vertebrata (vertebrates),Tetrapoda,Mammalia (mammals),,Primates (primates),Hominoidea,"Hominidae (man-like primates,Great Apes)",Homo (hominoids),Deuterostomia,Gnathostomata,,,,,,,,,,,,,,,,,,,,,,,,,,,,,,,,,,,,,,,,,,,,,,,,,,,,,,,,,,,,,,,,,,,,,,,,,,,,,,,,,,,,,,,,,,,,,,,,,,,,,Theria,Haplorrhini,Simiiformes,,Homininae (African apes),,,,,,,,,,,,,,Eutheria,,,,,,,,,,,,,Tox21_AR_BLA_Agonist_ch2,,,,,,,,,,,,,,,,,,,,,,,,,,,,,http://www.ncgc.nih.gov/,Agonist,,,In vitro (Cellular),NCGC,,,,Reporter gene assay,,,Tox21_AR_BLA_Agonist_ch2,,,,,,,,,,,,,,,,,,,,,,,,,,,,,,,,,,,,,,,,,,,Nuclear Receptor,Cell line,,Tox21_AR_BLA_Agonist_ch2,,,,,,,,,2.30345926489622,,mg/L,Mass concentration,,,5.300000190734863,,µM,Molar concentration,,
78-42-2,"Phosphoric acid, tris(2-ethylhexyl) ester;tris (2-ethylhexyl) phosphate;Tris(2-ethylhexyl) phosphate;tris(2-ethylhexyl)ester phosphoric acid;tris(2-ethylhexyl)ester_phosphoric_acid;tris(2-ethylhexyl)phosphate;Tris(2-ethylhexyl)phosphate (TEHP)",,,,,,,,,,,,,,,,,,,,,,,,,,,,,,,,,,,,,,,,,,,,,,,,,,,,,,,,,,,,,,,,,,,,,,,,,,,,,,,,,,,,,,,,,,,,,,,,,,,,,,,,,,,,,,,,,,,,,,,,,,,,,,,,Human Health Hazards#ToxCast,ToxCastDB,,,AC50,,False,No qualifier,Equal,,,,,,,,,,,Homo sapiens,Animalia (animals),Bilateria,Chordata (chordates),Vertebrata (vertebrates),Tetrapoda,Mammalia (mammals),,Primates (primates),Hominoidea,"Hominidae (man-like primates,Great Apes)",Homo (hominoids),Deuterostomia,Gnathostomata,,,,,,,,,,,,,,,,,,,,,,,,,,,,,,,,,,,,,,,,,,,,,,,,,,,,,,,,,,,,,,,,,,,,,,,,,,,,,,,,,,,,,,,,,,,,,,,,,,,,,Theria,Haplorrhini,Simiiformes,,Homininae (African apes),,,,,,,,,,,,,,Eutheria,,,,,,,,,,,,,Tox21_AR_BLA_Agonist_ratio,,,,,,,kidney,,,,,,,,,,,,,,,,,,,,,,http://www.ncgc.nih.gov/,Agonist,cell line,AR,In vitro (Cellular),NCGC,microplate: 1536-well plate,,HEK293T,Reporter gene assay,adherent,DMSO,Tox21_AR_BLA_Agonist_ratio,inducible reporter,cell-based,"Tox21 is an interagency agreement between the NIH, NTP, FDA and EPA. NIH Chemical Genomics Center (NCGC) is the primary screening facility running ultra high throughput screening assays across a large interagency-developed chemical library.",Tox21,positive,reporter gene,single,GAL4 b-lactamase reporter gene,protein,percent_activity,beta lactamase induction,,cell-based,,Tox21/NCGC,nuclear receptor,367,,receptor,regulation of gene expression,Fluorescence,gain,protein,460,530,steroidal,R1881,"Tox21_AR_BLA_Agonist_ratio was designed to target nuclear receptor (steroidal) activity at the protein (receptor) level, specifically mapping to AR gene(s) using a positive control of R1881",AR,0,0,367,Fluorescence intensity,receptor,,24,h,Time,Invitrogen GeneGLAzer: SKU# 1393,AR,androgen receptor,GAL4,Nuclear Receptor,Cell line,substrate,HEK293H,AR,,,,,,,,2.6554973414273535,,mg/L,Mass concentration,,,6.110000133514404,,µM,Molar concentration,,
78-42-2,"Phosphoric acid, tris(2-ethylhexyl) ester;tris (2-ethylhexyl) phosphate;Tris(2-ethylhexyl) phosphate;tris(2-ethylhexyl)ester phosphoric acid;tris(2-ethylhexyl)ester_phosphoric_acid;tris(2-ethylhexyl)phosphate;Tris(2-ethylhexyl)phosphate (TEHP)",,,,,,,,,,,,,,,,,,,,,,,,,,,,,,,,,,,,,,,,,,,,,,,,,,,,,,,,,,,,,,,,,,,,,,,,,,,,,,,,,,,,,,,,,,,,,,,,,,,,,,,,,,,,,,,,,,,,,,,,,,,,,,,,Human Health Hazards#ToxCast,ToxCastDB,,,AC50,,False,No qualifier,Equal,,,,,,,,,,,Homo sapiens,Animalia (animals),Bilateria,Chordata (chordates),Vertebrata (vertebrates),Tetrapoda,Mammalia (mammals),,Primates (primates),Hominoidea,"Hominidae (man-like primates,Great Apes)",Homo (hominoids),Deuterostomia,Gnathostomata,,,,,,,,,,,,,,,,,,,,,,,,,,,,,,,,,,,,,,,,,,,,,,,,,,,,,,,,,,,,,,,,,,,,,,,,,,,,,,,,,,,,,,,,,,,,,,,,,,,,,Theria,Haplorrhini,Simiiformes,,Homininae (African apes),,,,,,,,,,,,,,Eutheria,,,,,,,,,,,,,Tox21_AR_LUC_MDAKB2_Agonist,,,,,,,breast,,,,,,,,,,,,,,,,,,,,,,http://www.ncgc.nih.gov/,Agonist,cell line,,In vitro (Cellular),NCGC,microplate: 1536-well plate,,MDA-kb2,Reporter gene assay,adherent,DMSO,Tox21_AR_LUC_MDAKB2_Agonist,inducible reporter,cell-based,"Tox21 is an interagency agreement between the NIH, NTP, FDA and EPA. NIH Chemical Genomics Center (NCGC) is the primary screening facility running ultra high throughput screening assays across a large interagency-developed chemical library.",Tox21,positive,reporter gene,single,Luciferase-coupled ATP quantitation,protein,percent_activity,fluorescent protein induction,,cell-based,,Tox21/NCGC,nuclear receptor,367,,receptor,regulation of gene expression,Luminescence,gain,protein,0,0,steroidal,R1881,"Tox21_AR_LUC_MDAKB2_Agonist was designed to target nuclear receptor (steroidal) activity at the protein (receptor) level, specifically mapping to AR gene(s) using a positive control of R1881",AR,0,0,367,Bioluminescence,receptor,,24,h,Time,,,,One-Glo,Nuclear Receptor,Cell line,substrate,Tox21_AR_LUC_MDAKB2_Agonist,AR,,,,,,,,1.0039604865311331,,mg/L,Mass concentration,,,2.309999942779541,,µM,Molar concentration,,
78-42-2,"Phosphoric acid, tris(2-ethylhexyl) ester;tris (2-ethylhexyl) phosphate;Tris(2-ethylhexyl) phosphate;tris(2-ethylhexyl)ester phosphoric acid;tris(2-ethylhexyl)ester_phosphoric_acid;tris(2-ethylhexyl)phosphate;Tris(2-ethylhexyl)phosphate (TEHP)",,,,,,,,,,,,,,,,,,,,,,,,,,,,,,,,,,,,,,,,,,,,,,,,,,,,,,,,,,,,,,,,,,,,,,,,,,,,,,,,,,,,,,,,,,,,,,,,,,,,,,,,,,,,,,,,,,,,,,,,,,,,,,,,Human Health Hazards#ToxCast,ToxCastDB,,,AC50,,False,No qualifier,Equal,,,,,,,,,,,Homo sapiens,Animalia (animals),Bilateria,Chordata (chordates),Vertebrata (vertebrates),Tetrapoda,Mammalia (mammals),,Primates (primates),Hominoidea,"Hominidae (man-like primates,Great Apes)",Homo (hominoids),Deuterostomia,Gnathostomata,,,,,,,,,,,,,,,,,,,,,,,,,,,,,,,,,,,,,,,,,,,,,,,,,,,,,,,,,,,,,,,,,,,,,,,,,,,,,,,,,,,,,,,,,,,,,,,,,,,,,Theria,Haplorrhini,Simiiformes,,Homininae (African apes),,,,,,,,,,,,,,Eutheria,,,,,,,,,,,,,OT_AR_ARSRC1_0960,,,,,,,kidney,,,,,,,,,,,,,,,,,,,,,,,,cell line,"AR, SRC-1",Cell Based,Odyssey Thera,microplate: 384-well plate,Fluorescence intensity,HEK293T,Protein-fragment Complementation Assay,adherent,DMSO,OT_AR_ARSRC1_0960,binding reporter,cell-based,Odyssey Thera is a drug discovery company focusing on high throughput screening with a particular focus on developing novel protein-fragment complementation assays.,OT,positive,binding,single,Protein-fragment Complementation,pathway,percent_activity,protein fragment complementation assay,DMSO,cell-based,,Odyssey Thera,nuclear receptor,367,,pathway-specified,protein stabilization,Fluorescence,gain,protein,488,635,steroidal,"4,5-alpha-Dihydrotestosterone","OT_AR_ARSRC1_0960 was designed to target nuclear receptor (steroidal) activity at the pathway (pathway-specified) level, specifically mapping to AR & AR gene(s) using a positive control of 4,5 alpha Dihydrotestosterone",AR,0,0.5,6714,Fluorescence intensity,enzyme,367,16,h,Time,384-well plate,AR.SRC-1,,,AR ligand binding,Cell line,,HEK293T,SRC,,,,,,,,10.387296900207552,,mg/L,Mass concentration,,,23.899999618530273,,µM,Molar concentration,,
78-42-2,"Phosphoric acid, tris(2-ethylhexyl) ester;tris (2-ethylhexyl) phosphate;Tris(2-ethylhexyl) phosphate;tris(2-ethylhexyl)ester phosphoric acid;tris(2-ethylhexyl)ester_phosphoric_acid;tris(2-ethylhexyl)phosphate;Tris(2-ethylhexyl)phosphate (TEHP)",,,,,,,,,,,,,,,,,,,,,,,,,,,,,,,,,,,,,,,,,,,,,,,,,,,,,,,,,,,,,,,,,,,,,,,,,,,,,,,,,,,,,,,,,,,,,,,,,,,,,,,,,,,,,,,,,,,,,,,,,,,,,,,,Human Health Hazards#ToxCast,ToxCastDB,,,AC50,,False,No qualifier,Equal,,,,,,,,,,,Homo sapiens,Animalia (animals),Bilateria,Chordata (chordates),Vertebrata (vertebrates),Tetrapoda,Mammalia (mammals),,Primates (primates),Hominoidea,"Hominidae (man-like primates,Great Apes)",Homo (hominoids),Deuterostomia,Gnathostomata,,,,,,,,,,,,,,,,,,,,,,,,,,,,,,,,,,,,,,,,,,,,,,,,,,,,,,,,,,,,,,,,,,,,,,,,,,,,,,,,,,,,,,,,,,,,,,,,,,,,,Theria,Haplorrhini,Simiiformes,,Homininae (African apes),,,,,,,,,,,,,,Eutheria,,,,,,,,,,,,,OT_SRC1_SRC1FXR_0480,,,,,,,kidney,,,,,,,,,,,,,,,,,,,,,,,,cell line,"FXR, SRC-1",Cell Based,Odyssey Thera,microplate: 384-well plate,Fluorescence intensity,HEK293T,Protein-fragment Complementation Assay,adherent,DMSO,OT_SRC1_SRC1FXR_0480,binding reporter,cell-based,Odyssey Thera is a drug discovery company focusing on high throughput screening with a particular focus on developing novel protein-fragment complementation assays.,OT,positive,binding,single,Protein-fragment Complementation,pathway,percent_activity,protein fragment complementation assay,DMSO,cell-based,,Odyssey Thera,nuclear receptor,30614,,pathway-specified,protein stabilization,Fluorescence,gain,protein,488,635,non-steroidal,GW4064,"OT_FXR_FXRSRC1_0480 was designed to target nuclear receptor (non-steroidal) activity at the pathway (pathway-specified) level, specifically mapping to FXR & SRC1 gene(s) using a positive control of GW4064",FXR,0,0.5,30614,Fluorescence intensity,receptor,,8,h,Time,384-well plate,FXR.SRC-1,,,FXR/SRC-1 heterodimerization,Cell line,,HEK293T,FXR,,,,,,,,6.606147005103775,,mg/L,Mass concentration,,,15.199999809265137,,µM,Molar concentration,,
78-42-2,"Phosphoric acid, tris(2-ethylhexyl) ester;tris (2-ethylhexyl) phosphate;Tris(2-ethylhexyl) phosphate;tris(2-ethylhexyl)ester phosphoric acid;tris(2-ethylhexyl)ester_phosphoric_acid;tris(2-ethylhexyl)phosphate;Tris(2-ethylhexyl)phosphate (TEHP)",,,,,,,,,,,,,,,,,,,,,,,,,,,,,,,,,,,,,,,,,,,,,,,,,,,,,,,,,,,,,,,,,,,,,,,,,,,,,,,,,,,,,,,,,,,,,,,,,,,,,,,,,,,,,,,,,,,,,,,,,,,,,,,,Human Health Hazards#Toxicity to Reproduction,Receptor Mediated Effects,2015,,Relative ARBA,,True,No qualifier,Equal,METI/CERI-Japan,,,,,,,,,,Recombinant human androgen receptor,,,,,,,,,,,,,,,1782,,,,,,,,,,,,,,,,,,,,,,,,,,,,,,,,,,,,,,,,,,,,,,,,,,,,,,,,,,,,,,,,,,,,,,,,,,,,,,,,,,,,,,,,,,,,,,,,,,,,,,,,,,,,,,,,,,,,,,,,,,in Vitro,,,,,,,,,,,,,,,,,,,,,,,,,,,,,,,,,,,,,,,,,,,,,,,,,,,,,,,,,,,,,,,,,,,,,,,,,,,,,,,,,,,,,,,,,,,,,,,,,1993,1-190,,,,,,0,,%,Relative binding affinity (ratio),,,0,,%,Relative binding affinity (ratio),,
78-42-2,"Phosphoric acid, tris(2-ethylhexyl) ester;tris (2-ethylhexyl) phosphate;Tris(2-ethylhexyl) phosphate;tris(2-ethylhexyl)ester phosphoric acid;tris(2-ethylhexyl)ester_phosphoric_acid;tris(2-ethylhexyl)phosphate;Tris(2-ethylhexyl)phosphate (TEHP)",,,,,,,,,,,,,,,,,,,,,,,,,,,,,,,,,,,,,,,,,,,,,,,,,,,,,,,,,,,,,,,,,,,,,,,,,,,,,,,,,,,,,,,,,,,,,,,,,,,,,,,,,,,,,,,,,,,,,,,,,,,,,,,,Human Health Hazards#Toxicity to Reproduction,Receptor Mediated Effects,2015,,Relative ERBA,,True,No qualifier,Equal,METI/CERI-Japan,,,,,,,,,,Recombinant human estrogen receptor,,,,,,,,,,,,,,,130,,,,,,,,,,,,,,,,,,,,,,,,,,,,,,,,,,,,,,,,,,,,,,,,,,,,,,,,,,,,,,,,,,,,,,,,,,,,,,,,,,,,,,,,,,,,,,,,,,,,,,,,,,,,,,,,,,,,,,,,,,in Vitro,,,,,,,,,,,,,,,,,,,,,,,,,,,,,,,,,,,,,,,,,,,,,,,,,,,,,,,,,,,,,,,,,,,,,,,,,,,,,,,,,,,,,,,,,,,,,,,,,1993,1-190,,,,,,0,,%,Relative binding affinity (ratio),,,0,,%,Relative binding affinity (ratio),,







