CAS Number,Chemical name(s),SMILES,Molecular formula,Predefined substance type,Additional Ids,Identity,CAS-SMILES relation,Log Koa (Air-water partition coefficient model),Water Solubility (fragments),Water Solubility,Vapor Pressure (Modified Grain Method),Vapor Pressure (Mackay method),log Kow,Log Koa (Henry's law constant model),Lipid Solubility,Kp (Octanol/air (Koa) model),Kp (Mackay method),FM reaction soil,FM fugacity air,Vapor Pressure (Antoine method),Ultimate biodeg (Biowin 3),Total Kb,Surface Tension,Subcooled liquid Vapor Pressure,STP FM (Total removal),STP FM (Total biodegradation),Similarity,Selected Vapor Pressure,Selected Melting Point,Relative number of N atoms,Ready Biodegradability Prediction,Primary biodeg (Biowin 4),phi (Octanol/air (Koa) model),phi (Mackay model),phi (Junge-Pankow model),OVERALL OZONE rate constant,OVERALL OZONE Half-life,OVERALL OH rate constant,OVERALL OH Half-life,Number of single bonds (with H),Number of single bonds,Number of rings,Number of nitro groups,Number of heavy atoms,Number of double bonds,Number of cyclic bonds,Number of aromatic bonds,Molecular Weight,Melting point (Gold and Ogle method),Melting Point (Adapted Joback Method),Mean Melting Point,Koc (MCI),Koc (Log Kow),kM,Kb half-life (pH 8),Kb half-life (pH 7),Ka Half-Life (pH 8),Ka Half-Life (pH 7),Hydrolysis half-life (pH 6.5-7.4),Henrys law Constant (Group Method),Henrys Law Constant (Bond Method),Half-Life (Observed metabolism),Half-Life (Model River),Half-Life (Model Lake),GSH Reactivity,FM reaction water,FM reaction time,FM reaction sediment,FM reaction air,FM persistence time,FM percent reacted,FM percent advected,FM mass amount water,FM mass amount soil,FM mass amount sediment,FM mass amount air,FM half-life water,FM half-life soil,FM half-life sediment,FM half-life air,FM fugacity water,FM fugacity soil,FM fugacity sediment,FM emissions water,FM emissions soil,FM emissions sedmient,FM emissions air,FM advection water,FM advection time,FM advection soil,FM advection sediment,FM advection air,Exp Water Solubility,Exp Vapor Pressure,Exp Ozone rate constant,Exp OH rate constant,Exp NO3 rate constant,Exp Melting Point,Exp Log P,Exp Henrys Law Constant,Exp Boiling Point,Boiling point,Biotransformation Half-Life,BioHC Half-Life,Biodeg probability (Biowin 7),Biodeg probability (Biowin 6),Biodeg probability (Biowin 5),Biodeg probability (Biowin 2),Biodeg probability (Biowin 1),Bio Half-Life,BCF (upper trophic),"BCF (upper trophic, biotransformation rate is zero)",BCF (mid trophic),BCF (lower trophic),BCF,Basic pKa (OASIS Regression),BAF (upper trophic),"BAF (upper trophic, biotransformation rate is zero)",BAF (mid trophic),BAF (lower trophic),BAF,Amino acids pKa (OASIS Regression),Acidic pKa (OASIS Regression),Acidic pKa (OASIS Electric),Acidic pKa (OASIS Consensus),Acidic pKa (OASIS composite calculator),(Q) Basic pKa (Chemaxon),(Q) Acidic pKa (Chemaxon),EndpointPath,Database,Year,Title,Endpoint,Test guideline,Assigned SMILES,Qualifier,Substance/Test material equality,Reference source,Experimental condition.Unit,Experimental condition.Scale,Experimental condition.MinValue,Comments,Test type,Metadata,Record ID,Test organisms (species),Trend,Author,Effect,Test ID,Result ID,Conc1 type,Media type,Measurement,Test method,Control type,Created date,Reference db,Companion tag,Exposure Type,Modified date,Response site,Test location,Published date,Organism source,Publication year,Endpoint assigned,Significance code,Significance type,Organism lifestage,Experimental design,Media type comments,Chem analysis method,Measurement comments,Test characteristics,Test method comments,Control type comments,Other effect comments,Test additional comments,Kingdom,Subkingdom,Phylum,Subphylum,Superclass,Class,Order,Family,Genus,Infrakingdom,Infraphylum,Media ph.MeanValue,Media ph.Scale,Media ph.MinValue,Media ph.MaxValue,Num doses.MeanValue,Num doses.Scale,Test purity.MeanValue,Test purity.Qualifier,Test purity.Scale,Organism age.Unit,Organism age.Scale,Organism age.MinValue,Organism age.MaxValue,Study duration.MeanValue,Study duration.Unit,Study duration.Scale,Exposure duration.MeanValue,Exposure duration.Unit,Exposure duration.Scale,Media temperature.MeanValue,Media temperature.Unit,Media temperature.Scale,Media temperature.MinValue,Media temperature.MaxValue,Significance level.MeanValue,Significance level.Qualifier,Significance level.Scale,Identity in file,Subclass,Suborder,Infraorder,Superphylum,Superorder,Subfamily,Division,Conc1 comments,Additional comments,Organism source comments,Superfamily,Sample size.MeanValue,Sample size.Unit,Sample size.Scale,Application freq.MeanValue,Application freq.Unit,Application freq.Scale,Organism init wt.MeanValue,Organism init wt.Unit,Organism init wt.Scale,Effect pct comments,Organism characteristics,Effect %.MeanValue,Effect %.Scale,Effect %.MinValue,Effect %.MinQualifier,Effect %.MaxValue,Effect %.MaxQualifier,Media hardness.MeanValue,Media hardness.Unit,Media hardness.Scale,Dissolved oxygen.MeanValue,Dissolved oxygen.Unit,Dissolved oxygen.Scale,Media conductivity.MeanValue,Media conductivity.Unit,Media conductivity.Scale,Response site comments,Soil type,Strain,Route of administration,Type of method,Metabolic activation,Type of genotoxicity,Source of methabolic system,OVERALL,Substance ID,Assay,Assay URL,Assay mode,Assay note,Gene symbol,Assay target,Assay category,Assay provider,Assay technology,Entrez gene name,Assay description,Assay target family,Assay target source,Assay reference compound,Assay target source type,Entrez gene ID(s) corresponding to the assay readout,Infraclass,Tissue,Cell format,Assay footprint,Cell short name,Cell growth mode,Dilution solvent,Assay design type,Assay format type,Assay source desc,Assay source name,Key assay reagent,Analysis direction,Assay function type,Content readout type,Detection technology,Intended target type,Normalized Data Type,Assay design sub-type,Assay sub-format type,Assay source long name,Intended target family,Key assay reagent type,Intended target gene ID,Intended target sub-type,Biological process target,Detection technology type,Intended signal direction,Technological target type,Wavelength emission1 (nm),Wavelength emission2 (nm),Intended target sub-family,Key assay positive control,Assay component target desc,Intended target gene symbol,Wavelength excitation1 (nm),Dilution solvent percent max,Technological target gene ID,Detection technology sub-type,Technological target sub-type,Technological target gene symbol,Timepoint.MeanValue,Timepoint.Unit,Timepoint.Scale,Assay substrate name,Assay positive control,Contractor catalog number,Cell free component source,Assay ATP concentration (M),Assay phenotype,Assay solvent control,Link,Tissue analyzed,HTS No,TestSub ID,Database affiliations,Duration.MeanValue,Duration.Unit,Duration.Scale,Value.MeanValue,Value.Qualifier,Value.Unit,Value.Scale,Value.MinValue,Value.MaxValue,Original value.MeanValue,Original value.Qualifier,Original value.Unit,Original value.Scale,Original value.MinValue,Original value.MaxValue
84-61-7,"1,2-Benzenedicarboxylic acid, 1,2-dicyclohexyl ester;1,2-Benzenedicarboxylic acid, dicyclohexyl ester;1,2-dicyclohexyl benzene-1,2-dicarboxylate;dicyclohexyl benzene-1,2-dicarboxylate;Dicyclohexyl phthalate;dicyclohexyl phthalate (1,2-benzenedicarboxylic acid, dicyclohexyl ester);Dicyclohexyl phthalate [DCHP];Dicyclohexyl_Phthalate;Phthalic acid, dicyclohexyl ester",O=C(OC1CCCCC1)c1ccccc1C(=O)OC1CCCCC1,C20H26O4,Mono constituent,EC Number:2015459,Sources:21,High,Not calculated,Not calculated,Not calculated,Not calculated,Not calculated,Not calculated,Not calculated,Not calculated,Not calculated,Not calculated,Not calculated,Not calculated,Not calculated,Not calculated,Not calculated,Not calculated,Not calculated,Not calculated,Not calculated,Not calculated,Not calculated,Not calculated,Not calculated,Not calculated,Not calculated,Not calculated,Not calculated,Not calculated,Not calculated,Not calculated,Not calculated,Not calculated,Not calculated,Not calculated,Not calculated,Not calculated,Not calculated,Not calculated,Not calculated,Not calculated,Not calculated,Not calculated,Not calculated,Not calculated,Not calculated,Not calculated,Not calculated,Not calculated,Not calculated,Not calculated,Not calculated,Not calculated,Not calculated,Not calculated,Not calculated,Not calculated,Not calculated,Not calculated,Not calculated,Not calculated,Not calculated,Not calculated,Not calculated,Not calculated,Not calculated,Not calculated,Not calculated,Not calculated,Not calculated,Not calculated,Not calculated,Not calculated,Not calculated,Not calculated,Not calculated,Not calculated,Not calculated,Not calculated,Not calculated,Not calculated,Not calculated,Not calculated,Not calculated,Not calculated,Not calculated,Not calculated,Not calculated,Not calculated,Not calculated,Not calculated,Not calculated,Not calculated,Not calculated,Not calculated,Not calculated,Not calculated,Not calculated,Not calculated,Not calculated,Not calculated,Not calculated,Not calculated,Not calculated,Not calculated,Not calculated,Not calculated,Not calculated,Not calculated,Not calculated,Not calculated,Not calculated,Not calculated,Not calculated,Not calculated,Not calculated,Not calculated,Not calculated,Not calculated,Not calculated,Not calculated,Not calculated,Physical Chemical Properties#Boiling point,Phys-chem EPISUITE,,,Boiling point,,False,No qualifier,Equal,SRC,mm Hg,Pressure,4.5,,,,,,,,,,,,,,,,,,,,,,,,,,,,,,,,,,,,,,,,,,,,,,,,,,,,,,,,,,,,,,,,,,,,,,,,,,,,,,,,,,,,,,,,,,,,,,,,,,,,,,,,,,,,,,,,,,,,,,,,,,,,,,,,,,,,,,,,,,,,,,,,,,,,,,,,,,,,,,,,,,,,,,,,,,,,,,,,,,,,,,,,,,,,,,,,,,,,,,,,218,,°C,Temperature,,,218,,°C,Temperature,,
84-61-7,"1,2-Benzenedicarboxylic acid, 1,2-dicyclohexyl ester;1,2-Benzenedicarboxylic acid, dicyclohexyl ester;1,2-dicyclohexyl benzene-1,2-dicarboxylate;dicyclohexyl benzene-1,2-dicarboxylate;Dicyclohexyl phthalate;dicyclohexyl phthalate (1,2-benzenedicarboxylic acid, dicyclohexyl ester);Dicyclohexyl phthalate [DCHP];Dicyclohexyl_Phthalate;Phthalic acid, dicyclohexyl ester",,,,,,,,,,,,,,,,,,,,,,,,,,,,,,,,,,,,,,,,,,,,,,,,,,,,,,,,,,,,,,,,,,,,,,,,,,,,,,,,,,,,,,,,,,,,,,,,,,,,,,,,,,,,,,,,,,,,,,,,,,,,,,,,Physical Chemical Properties#Melting / freezing point,Phys-chem EPISUITE,,,Melting point,,False,No qualifier,Equal,SRC,,,,,,,,,,,,,,,,,,,,,,,,,,,,,,,,,,,,,,,,,,,,,,,,,,,,,,,,,,,,,,,,,,,,,,,,,,,,,,,,,,,,,,,,,,,,,,,,,,,,,,,,,,,,,,,,,,,,,,,,,,,,,,,,,,,,,,,,,,,,,,,,,,,,,,,,,,,,,,,,,,,,,,,,,,,,,,,,,,,,,,,,,,,,,,,,,,,,,,,,,,,66,,°C,Temperature,,,66,,°C,Temperature,,
84-61-7,"1,2-Benzenedicarboxylic acid, 1,2-dicyclohexyl ester;1,2-Benzenedicarboxylic acid, dicyclohexyl ester;1,2-dicyclohexyl benzene-1,2-dicarboxylate;dicyclohexyl benzene-1,2-dicarboxylate;Dicyclohexyl phthalate;dicyclohexyl phthalate (1,2-benzenedicarboxylic acid, dicyclohexyl ester);Dicyclohexyl phthalate [DCHP];Dicyclohexyl_Phthalate;Phthalic acid, dicyclohexyl ester",,,,,,,,,,,,,,,,,,,,,,,,,,,,,,,,,,,,,,,,,,,,,,,,,,,,,,,,,,,,,,,,,,,,,,,,,,,,,,,,,,,,,,,,,,,,,,,,,,,,,,,,,,,,,,,,,,,,,,,,,,,,,,,,Physical Chemical Properties#Vapour pressure,Phys-chem EPISUITE,,,Vapor Pressure,,False,No qualifier,Equal,SRC,°C,Temperature,25,Extrapolated experimental data,,,,,,,,,,,,,,,,,,,,,,,,,,,,,,,,,,,,,,,,,,,,,,,,,,,,,,,,,,,,,,,,,,,,,,,,,,,,,,,,,,,,,,,,,,,,,,,,,,,,,,,,,,,,,,,,,,,,,,,,,,,,,,,,,,,,,,,,,,,,,,,,,,,,,,,,,,,,,,,,,,,,,,,,,,,,,,,,,,,,,,,,,,,,,,,,,,,,,,,8.690000186106772E-07,,mm Hg,Pressure,,,8.690000186106772E-07,,mm Hg,Pressure,,
84-61-7,"1,2-Benzenedicarboxylic acid, 1,2-dicyclohexyl ester;1,2-Benzenedicarboxylic acid, dicyclohexyl ester;1,2-dicyclohexyl benzene-1,2-dicarboxylate;dicyclohexyl benzene-1,2-dicarboxylate;Dicyclohexyl phthalate;dicyclohexyl phthalate (1,2-benzenedicarboxylic acid, dicyclohexyl ester);Dicyclohexyl phthalate [DCHP];Dicyclohexyl_Phthalate;Phthalic acid, dicyclohexyl ester",,,,,,,,,,,,,,,,,,,,,,,,,,,,,,,,,,,,,,,,,,,,,,,,,,,,,,,,,,,,,,,,,,,,,,,,,,,,,,,,,,,,,,,,,,,,,,,,,,,,,,,,,,,,,,,,,,,,,,,,,,,,,,,,Physical Chemical Properties#Water solubility,Phys-chem EPISUITE,,,Water solubility,,False,No qualifier,Equal,SRC,°C,Temperature,24,,,,,,,,,,,,,,,,,,,,,,,,,,,,,,,,,,,,,,,,,,,,,,,,,,,,,,,,,,,,,,,,,,,,,,,,,,,,,,,,,,,,,,,,,,,,,,,,,,,,,,,,,,,,,,,,,,,,,,,,,,,,,,,,,,,,,,,,,,,,,,,,,,,,,,,,,,,,,,,,,,,,,,,,,,,,,,,,,,,,,,,,,,,,,,,,,,,,,,,,4,,mg/L,Mass concentration,,,4,,mg/L,Mass concentration,,
84-61-7,"1,2-Benzenedicarboxylic acid, 1,2-dicyclohexyl ester;1,2-Benzenedicarboxylic acid, dicyclohexyl ester;1,2-dicyclohexyl benzene-1,2-dicarboxylate;dicyclohexyl benzene-1,2-dicarboxylate;Dicyclohexyl phthalate;dicyclohexyl phthalate (1,2-benzenedicarboxylic acid, dicyclohexyl ester);Dicyclohexyl phthalate [DCHP];Dicyclohexyl_Phthalate;Phthalic acid, dicyclohexyl ester",,,,,,,,,,,,,,,,,,,,,,,,,,,,,,,,,,,,,,,,,,,,,,,,,,,,,,,,,,,,,,,,,,,,,,,,,,,,,,,,,,,,,,,,,,,,,,,,,,,,,,,,,,,,,,,,,,,,,,,,,,,,,,,,Environmental Fate and Transport#Biodegradation#Biodegradation in Water: Screening Tests#Ready Biodegradability,Biodegradation NITE,1977,,BOD,OECD 301C,False,No qualifier,Equal,http://www.safe.nite.go.jp/japan/db.html,,,,,,Biodegradation Data of Existing Chemicals Based on the CSCL Japan,229,Microorganisms,,,,,,,,,,,,,,,,,,,,,,,,,,,,,,,,,,,,,,,,,,,,,,,,,,,,,,,,,,,,,,,,,,,,,,,,,,,,,,,,,,,,,,,,,,,,,,,,,,,,,,,,,,,,,,,,,,,,,,,,,,,,,,,,,,,,,,,,,,,,,,,,,,,,,,,,,,,,,,,,,,,,,,,,,,,,,,,,,,,,,,,,,,,,,,,,28,d,Time,68.5,,%,Biodegradability (%),,,68.5,,%,Biodegradability (%),,
84-61-7,"1,2-Benzenedicarboxylic acid, 1,2-dicyclohexyl ester;1,2-Benzenedicarboxylic acid, dicyclohexyl ester;1,2-dicyclohexyl benzene-1,2-dicarboxylate;dicyclohexyl benzene-1,2-dicarboxylate;Dicyclohexyl phthalate;dicyclohexyl phthalate (1,2-benzenedicarboxylic acid, dicyclohexyl ester);Dicyclohexyl phthalate [DCHP];Dicyclohexyl_Phthalate;Phthalic acid, dicyclohexyl ester",,,,,,,,,,,,,,,,,,,,,,,,,,,,,,,,,,,,,,,,,,,,,,,,,,,,,,,,,,,,,,,,,,,,,,,,,,,,,,,,,,,,,,,,,,,,,,,,,,,,,,,,,,,,,,,,,,,,,,,,,,,,,,,,Environmental Fate and Transport#Transport and Distribution Between Environmental Compartments#Henry's Law constant (H),Phys-chem EPISUITE,,,Henry's Law constant,,False,No qualifier,Equal,SRC,°C,Temperature,25,Extrapolated Experimental dataerimental data,,,,,,,,,,,,,,,,,,,,,,,,,,,,,,,,,,,,,,,,,,,,,,,,,,,,,,,,,,,,,,,,,,,,,,,,,,,,,,,,,,,,,,,,,,,,,,,,,,,,,,,,,,,,,,,,,,,,,,,,,,,,,,,,,,,,,,,,,,,,,,,,,,,,,,,,,,,,,,,,,,,,,,,,,,,,,,,,,,,,,,,,,,,,,,,,,,,,,,,1.0000000116860974E-07,,atm-m3/mole,Pressure per mole,,,1.0000000116860974E-07,,atm-m3/mole,Pressure per mole,,
84-61-7,"1,2-Benzenedicarboxylic acid, 1,2-dicyclohexyl ester;1,2-Benzenedicarboxylic acid, dicyclohexyl ester;1,2-dicyclohexyl benzene-1,2-dicarboxylate;dicyclohexyl benzene-1,2-dicarboxylate;Dicyclohexyl phthalate;dicyclohexyl phthalate (1,2-benzenedicarboxylic acid, dicyclohexyl ester);Dicyclohexyl phthalate [DCHP];Dicyclohexyl_Phthalate;Phthalic acid, dicyclohexyl ester",,,,,,,,,,,,,,,,,,,,,,,,,,,,,,,,,,,,,,,,,,,,,,,,,,,,,,,,,,,,,,,,,,,,,,,,,,,,,,,,,,,,,,,,,,,,,,,,,,,,,,,,,,,,,,,,,,,,,,,,,,,,,,,,Ecotoxicological Information#Aquatic Toxicity,ECOTOX,,Lethal and Sublethal Effects of Phthalate Diesters in Silurana tropicalis Larvae,LOEC,,True,No qualifier,Equal,Environ. Toxicol. Chem.35(10): 2511-2522,,,,,Acute,,,Xenopus tropicalis,Increasing,"Mathieu-Denoncourt,J., C.J. Martyniuk, J.R. Loughery, V. Yargeau, S.R. De Solla, and V.S. Langlois",Accumulation,2224165,2469003,Active ingredient,Culture,Residue,American Society for Testing and Materials,Multiple types of controls were reported by the author,07/26/2019,A,82395,Renewal,07/29/2019,Whole organism,Lab,09/12/2019,Laboratory,2016,Reviewer assigned endpoint,Significant,P,Larva,4 - 17 REPLICATES,FETAX SOLUTION,Measured,STATS FROM V CONTROL,Dicyclohexyl phthalate,"FETAX, 2004","CONTR/C,V/",SUBNETWORK ENRICHMENT ANALYSIS,"CONTR/C,V//TMETH/FETAX, 2004//MEDIA/FETAX SOLUTION//",Animalia (animals),Bilateria,Chordata (chordates),Vertebrata (vertebrates),Tetrapoda,Amphibia (Amphibians),"Anura (Frogs,Toads)",Pipidae (Tongueless Frogs),Xenopus (Clawed Frogs),Deuterostomia,Gnathostomata,,None,7.2,8.4,7,None,99,,None,Nieuwkoop-faber-stage,Unknown,11,12,72,h,Time,72,h,Time,26,°C,Temperature,,,0.05,<,None,,,,,,,,,,,,,,,,,,,,,,,,,,,,,,,,,,,,,,,,,,,,,,,,,,,,,,,,,,,,,,,,,,,,,,,,,,,,,,,,,,,,,,,,,,,,,,,,,,,,,,,,,,,,,,,,,,,,,,,,,72,h,Time,99.30000305175781,,mg/L,Mass concentration,,,99.30000305175781,,mg/L,Mass concentration,,
84-61-7,"1,2-Benzenedicarboxylic acid, 1,2-dicyclohexyl ester;1,2-Benzenedicarboxylic acid, dicyclohexyl ester;1,2-dicyclohexyl benzene-1,2-dicarboxylate;dicyclohexyl benzene-1,2-dicarboxylate;Dicyclohexyl phthalate;dicyclohexyl phthalate (1,2-benzenedicarboxylic acid, dicyclohexyl ester);Dicyclohexyl phthalate [DCHP];Dicyclohexyl_Phthalate;Phthalic acid, dicyclohexyl ester",,,,,,,,,,,,,,,,,,,,,,,,,,,,,,,,,,,,,,,,,,,,,,,,,,,,,,,,,,,,,,,,,,,,,,,,,,,,,,,,,,,,,,,,,,,,,,,,,,,,,,,,,,,,,,,,,,,,,,,,,,,,,,,,Ecotoxicological Information#Aquatic Toxicity,ECOTOX,,Lethal and Sublethal Effects of Phthalate Diesters in Silurana tropicalis Larvae,NOEC,,True,No qualifier,Equal,Environ. Toxicol. Chem.35(10): 2511-2522,,,,,Acute,,,Xenopus tropicalis,Increasing,"Mathieu-Denoncourt,J., C.J. Martyniuk, J.R. Loughery, V. Yargeau, S.R. De Solla, and V.S. Langlois",Accumulation,2224165,2469002,Active ingredient,Culture,Residue,American Society for Testing and Materials,Multiple types of controls were reported by the author,07/26/2019,A,82395,Renewal,07/29/2019,Whole organism,Lab,09/12/2019,Laboratory,2016,Reviewer assigned endpoint,No significance,P,Larva,4 - 17 REPLICATES,FETAX SOLUTION,Measured,STATS FROM V CONTROL,Dicyclohexyl phthalate,"FETAX, 2004","CONTR/C,V/",SUBNETWORK ENRICHMENT ANALYSIS,"CONTR/C,V//TMETH/FETAX, 2004//MEDIA/FETAX SOLUTION//",Animalia (animals),Bilateria,Chordata (chordates),Vertebrata (vertebrates),Tetrapoda,Amphibia (Amphibians),"Anura (Frogs,Toads)",Pipidae (Tongueless Frogs),Xenopus (Clawed Frogs),Deuterostomia,Gnathostomata,,None,7.2,8.4,7,None,99,,None,Nieuwkoop-faber-stage,Unknown,11,12,72,h,Time,72,h,Time,26,°C,Temperature,,,0.05,<,None,,,,,,,,,,,,,,,,,,,,,,,,,,,,,,,,,,,,,,,,,,,,,,,,,,,,,,,,,,,,,,,,,,,,,,,,,,,,,,,,,,,,,,,,,,,,,,,,,,,,,,,,,,,,,,,,,,,,,,,,,72,h,Time,19,,mg/L,Mass concentration,,,19,,mg/L,Mass concentration,,
84-61-7,"1,2-Benzenedicarboxylic acid, 1,2-dicyclohexyl ester;1,2-Benzenedicarboxylic acid, dicyclohexyl ester;1,2-dicyclohexyl benzene-1,2-dicarboxylate;dicyclohexyl benzene-1,2-dicarboxylate;Dicyclohexyl phthalate;dicyclohexyl phthalate (1,2-benzenedicarboxylic acid, dicyclohexyl ester);Dicyclohexyl phthalate [DCHP];Dicyclohexyl_Phthalate;Phthalic acid, dicyclohexyl ester",,,,,,,,,,,,,,,,,,,,,,,,,,,,,,,,,,,,,,,,,,,,,,,,,,,,,,,,,,,,,,,,,,,,,,,,,,,,,,,,,,,,,,,,,,,,,,,,,,,,,,,,,,,,,,,,,,,,,,,,,,,,,,,,Ecotoxicological Information#Aquatic Toxicity,Aquatic Japan MoE,1999,,EC50,OECD TG 211,True,>,Equal,,,,,,,,,Daphnia magna,,,Acute,,,,,,Daphnids Acute Immobilisation Test,,,,,,,,,,,,,,,,,,,,,,,,,Animalia (animals),Bilateria,Arthropoda (arthropods),Crustacea (crustaceans),,Branchiopoda (branchiopods),Diplostraca,Daphniidae,Daphnia,Protostomia,,,,,,,,,,,,,,,,,,,,,,,,,,,,,2849,Phyllopoda,Cladocera (water fleas),Anomopoda,Ecdysozoa,,,,,,,,,,,,,,,,,,,,,,,,,,,,,,,,,,,,,,,,,,,,,,,,,,,,,,,,,,,,,,,,,,,,,,,,,,,,,,,,,,,,,,,,,,,,,,,,,,,,,,,,,,,,,,,,,,,,48,h,Time,2,>,mg/L,Mass concentration,,,2,>,mg/L,Mass concentration,,
84-61-7,"1,2-Benzenedicarboxylic acid, 1,2-dicyclohexyl ester;1,2-Benzenedicarboxylic acid, dicyclohexyl ester;1,2-dicyclohexyl benzene-1,2-dicarboxylate;dicyclohexyl benzene-1,2-dicarboxylate;Dicyclohexyl phthalate;dicyclohexyl phthalate (1,2-benzenedicarboxylic acid, dicyclohexyl ester);Dicyclohexyl phthalate [DCHP];Dicyclohexyl_Phthalate;Phthalic acid, dicyclohexyl ester",,,,,,,,,,,,,,,,,,,,,,,,,,,,,,,,,,,,,,,,,,,,,,,,,,,,,,,,,,,,,,,,,,,,,,,,,,,,,,,,,,,,,,,,,,,,,,,,,,,,,,,,,,,,,,,,,,,,,,,,,,,,,,,,Ecotoxicological Information#Aquatic Toxicity,Aquatic Japan MoE,1999,,LC50,OECD TG 203,True,>,Equal,,,,,,,,,Oryzias latipes,,,Acute,,,,,,Fish Acute toxicity test,,,,,,,,,,,,,,,,,,,,,,,,,Animalia (animals),Bilateria,Chordata (chordates),Vertebrata (vertebrates),"Actinopterygii (ray-finned fishes,spiny rayed fishes)",Teleostei,Beloniformes (needlefishes),"Adrianichthyidae (adrianichthyids,ricefishes)",Oryzias,Deuterostomia,Gnathostomata,,,,,,,,,,,,,,,,,,,,,,,,,,,,4928,,Adrianichthyoidei,,,Acanthopterygii,Oryziinae,,,,,,,,,,,,,,,,,,,,,,,,,,,,,,,,,,,,,,,,,,,,,,,,,,,,,,,,,,,,,,,,,,,,,,,,,,,,,,,,,,,,,,,,,,,,,,,,,,,,,,,,,,,,,,,,,,96,h,Time,2,>,mg/L,Mass concentration,,,2,>,mg/L,Mass concentration,,
84-61-7,"1,2-Benzenedicarboxylic acid, 1,2-dicyclohexyl ester;1,2-Benzenedicarboxylic acid, dicyclohexyl ester;1,2-dicyclohexyl benzene-1,2-dicarboxylate;dicyclohexyl benzene-1,2-dicarboxylate;Dicyclohexyl phthalate;dicyclohexyl phthalate (1,2-benzenedicarboxylic acid, dicyclohexyl ester);Dicyclohexyl phthalate [DCHP];Dicyclohexyl_Phthalate;Phthalic acid, dicyclohexyl ester",,,,,,,,,,,,,,,,,,,,,,,,,,,,,,,,,,,,,,,,,,,,,,,,,,,,,,,,,,,,,,,,,,,,,,,,,,,,,,,,,,,,,,,,,,,,,,,,,,,,,,,,,,,,,,,,,,,,,,,,,,,,,,,,Ecotoxicological Information#Aquatic Toxicity,Aquatic Japan MoE,1999,,EC50,OECD TG 201,True,>,Equal,,,,,,,,,Pseudokirchneriella subcapitata,,,Area Under Growth Curve,,,,,,Algal growth inhibition test,,,,,,,,,,,,,,,,,,,,,,,,,Plantae (plants),,,,,Chlorophyceae,,,,,,,,,,,,,,,,,,,,,,,,,,,,,,,,,1463,,,,,,,Chlorophyta (green algae),,,,,,,,,,,,,,,,,,,,,,,,,,,,,,,,,,,,,,,,,,,,,,,,,,,,,,,,,,,,,,,,,,,,,,,,,,,,,,,,,,,,,,,,,,,,,,,,,,,,,,,,,,,,,,,,,72,h,Time,2,>,mg/L,Mass concentration,,,2,>,mg/L,Mass concentration,,
84-61-7,"1,2-Benzenedicarboxylic acid, 1,2-dicyclohexyl ester;1,2-Benzenedicarboxylic acid, dicyclohexyl ester;1,2-dicyclohexyl benzene-1,2-dicarboxylate;dicyclohexyl benzene-1,2-dicarboxylate;Dicyclohexyl phthalate;dicyclohexyl phthalate (1,2-benzenedicarboxylic acid, dicyclohexyl ester);Dicyclohexyl phthalate [DCHP];Dicyclohexyl_Phthalate;Phthalic acid, dicyclohexyl ester",,,,,,,,,,,,,,,,,,,,,,,,,,,,,,,,,,,,,,,,,,,,,,,,,,,,,,,,,,,,,,,,,,,,,,,,,,,,,,,,,,,,,,,,,,,,,,,,,,,,,,,,,,,,,,,,,,,,,,,,,,,,,,,,Ecotoxicological Information#Aquatic Toxicity,Aquatic Japan MoE,1999,,NOEC,OECD TG 201,True,>,Equal,,,,,,,,,Pseudokirchneriella subcapitata,,,Area Under Growth Curve,,,,,,Algal growth inhibition test,,,,,,,,,,,,,,,,,,,,,,,,,Plantae (plants),,,,,Chlorophyceae,,,,,,,,,,,,,,,,,,,,,,,,,,,,,,,,,2156,,,,,,,Chlorophyta (green algae),,,,,,,,,,,,,,,,,,,,,,,,,,,,,,,,,,,,,,,,,,,,,,,,,,,,,,,,,,,,,,,,,,,,,,,,,,,,,,,,,,,,,,,,,,,,,,,,,,,,,,,,,,,,,,,,,72,h,Time,2,>,mg/L,Mass concentration,,,2,>,mg/L,Mass concentration,,
84-61-7,"1,2-Benzenedicarboxylic acid, 1,2-dicyclohexyl ester;1,2-Benzenedicarboxylic acid, dicyclohexyl ester;1,2-dicyclohexyl benzene-1,2-dicarboxylate;dicyclohexyl benzene-1,2-dicarboxylate;Dicyclohexyl phthalate;dicyclohexyl phthalate (1,2-benzenedicarboxylic acid, dicyclohexyl ester);Dicyclohexyl phthalate [DCHP];Dicyclohexyl_Phthalate;Phthalic acid, dicyclohexyl ester",,,,,,,,,,,,,,,,,,,,,,,,,,,,,,,,,,,,,,,,,,,,,,,,,,,,,,,,,,,,,,,,,,,,,,,,,,,,,,,,,,,,,,,,,,,,,,,,,,,,,,,,,,,,,,,,,,,,,,,,,,,,,,,,Ecotoxicological Information#Aquatic Toxicity,ECOTOX,,A Comparative Study on Antioxidant Status Combined with Integrated Biomarker Response in Carassius auratus Fish Exposed to Nine Phthalates,LOEC,,True,No qualifier,Equal,Environ. Toxicol.30(10): 1125-1134,,,,,,,,Carassius auratus,Decreasing,"Qu,R., M. Feng, P. Sun, and Z. Wang",Biochemistry,2224144,2468805,Formulation,Fresh water,Malondialdehyde,,Carrier or solvent,07/25/2019,A,,Intraperitoneal,07/25/2019,Liver,Lab,09/12/2019,Laboratory,2014,Reviewer assigned endpoint,Significant at all concentrations,P,,,DECHLORINATED AND AERATED WATER,Unmeasured,bdwt,Dicyclohexyl phthalate,,,INTEGRATED BIOMARKER RESPONSE,SOURCE/LOCAL AQUATIC BREEDER//MEDIA/DECHLORINATED AND AERATED WATER//,Animalia (animals),Bilateria,Chordata (chordates),Vertebrata (vertebrates),"Actinopterygii (ray-finned fishes,spiny rayed fishes)",Teleostei,"Cypriniformes (minnows,suckers)","Cyprinidae (carps,minnows,carps and minnows)",Carassius (Crucian carps),Deuterostomia,Gnathostomata,,,,,2,None,,,,,,,,15,d,Time,15,d,Time,,°C,Temperature,20,22,0.05,<,None,,,,,,Ostariophysi,,,ONLY CONC TESTED,CONC1/ONLY CONC TESTED//,LOCAL AQUATIC BREEDER,Cyprinoidea,5,Organism,Unknown,1,Dosed x time(s) per study period,Unknown,25.78,g,Mass,,,,,,,,,,,,,,,,,,,,,,,,,,,,,,,,,,,,,,,,,,,,,,,,,,,,,,,,,,,,,,,,,,,,,,,,,,,,,,,,,,,,,,,,,,,,,,,,,,,,1,d,Time,10,,mg/kg,Mass fraction,,,10,,mg/kg,Mass fraction,,
84-61-7,"1,2-Benzenedicarboxylic acid, 1,2-dicyclohexyl ester;1,2-Benzenedicarboxylic acid, dicyclohexyl ester;1,2-dicyclohexyl benzene-1,2-dicarboxylate;dicyclohexyl benzene-1,2-dicarboxylate;Dicyclohexyl phthalate;dicyclohexyl phthalate (1,2-benzenedicarboxylic acid, dicyclohexyl ester);Dicyclohexyl phthalate [DCHP];Dicyclohexyl_Phthalate;Phthalic acid, dicyclohexyl ester",,,,,,,,,,,,,,,,,,,,,,,,,,,,,,,,,,,,,,,,,,,,,,,,,,,,,,,,,,,,,,,,,,,,,,,,,,,,,,,,,,,,,,,,,,,,,,,,,,,,,,,,,,,,,,,,,,,,,,,,,,,,,,,,Ecotoxicological Information#Aquatic Toxicity,ECOTOX,,A Comparative Study on Antioxidant Status Combined with Integrated Biomarker Response in Carassius auratus Fish Exposed to Nine Phthalates,NOEC,,True,No qualifier,Equal,Environ. Toxicol.30(10): 1125-1134,,,,,,,,Carassius auratus,Decreasing,"Qu,R., M. Feng, P. Sun, and Z. Wang",Biochemistry,2224144,2468802,Formulation,Fresh water,Malondialdehyde,,Carrier or solvent,07/25/2019,A,,Intraperitoneal,07/25/2019,Liver,Lab,09/12/2019,Laboratory,2014,Reviewer assigned endpoint,Not significant at all concentrations,P,,,DECHLORINATED AND AERATED WATER,Unmeasured,bdwt,Dicyclohexyl phthalate,,,INTEGRATED BIOMARKER RESPONSE,SOURCE/LOCAL AQUATIC BREEDER//MEDIA/DECHLORINATED AND AERATED WATER//,Animalia (animals),Bilateria,Chordata (chordates),Vertebrata (vertebrates),"Actinopterygii (ray-finned fishes,spiny rayed fishes)",Teleostei,"Cypriniformes (minnows,suckers)","Cyprinidae (carps,minnows,carps and minnows)",Carassius (Crucian carps),Deuterostomia,Gnathostomata,,,,,2,None,,,,,,,,15,d,Time,15,d,Time,,°C,Temperature,20,22,0.05,<,None,,,,,,Ostariophysi,,,ONLY CONC TESTED,CONC1/ONLY CONC TESTED//,LOCAL AQUATIC BREEDER,Cyprinoidea,5,Organism,Unknown,1,Dosed x time(s) per study period,Unknown,25.78,g,Mass,,,,,,,,,,,,,,,,,,,,,,,,,,,,,,,,,,,,,,,,,,,,,,,,,,,,,,,,,,,,,,,,,,,,,,,,,,,,,,,,,,,,,,,,,,,,,,,,,,,,15,d,Time,10,,mg/kg,Mass fraction,,,10,,mg/kg,Mass fraction,,
84-61-7,"1,2-Benzenedicarboxylic acid, 1,2-dicyclohexyl ester;1,2-Benzenedicarboxylic acid, dicyclohexyl ester;1,2-dicyclohexyl benzene-1,2-dicarboxylate;dicyclohexyl benzene-1,2-dicarboxylate;Dicyclohexyl phthalate;dicyclohexyl phthalate (1,2-benzenedicarboxylic acid, dicyclohexyl ester);Dicyclohexyl phthalate [DCHP];Dicyclohexyl_Phthalate;Phthalic acid, dicyclohexyl ester",,,,,,,,,,,,,,,,,,,,,,,,,,,,,,,,,,,,,,,,,,,,,,,,,,,,,,,,,,,,,,,,,,,,,,,,,,,,,,,,,,,,,,,,,,,,,,,,,,,,,,,,,,,,,,,,,,,,,,,,,,,,,,,,Ecotoxicological Information#Aquatic Toxicity,ECOTOX,,A Comparative Study on Antioxidant Status Combined with Integrated Biomarker Response in Carassius auratus Fish Exposed to Nine Phthalates,NOEC,,True,No qualifier,Equal,Environ. Toxicol.30(10): 1125-1134,,,,,,,,Carassius auratus,Decreasing,"Qu,R., M. Feng, P. Sun, and Z. Wang",Biochemistry,2224144,2468803,Formulation,Fresh water,Malondialdehyde,,Carrier or solvent,07/25/2019,A,,Intraperitoneal,07/25/2019,Liver,Lab,09/12/2019,Laboratory,2014,Reviewer assigned endpoint,Not significant at all concentrations,P,,,DECHLORINATED AND AERATED WATER,Unmeasured,bdwt,Dicyclohexyl phthalate,,,INTEGRATED BIOMARKER RESPONSE,SOURCE/LOCAL AQUATIC BREEDER//MEDIA/DECHLORINATED AND AERATED WATER//,Animalia (animals),Bilateria,Chordata (chordates),Vertebrata (vertebrates),"Actinopterygii (ray-finned fishes,spiny rayed fishes)",Teleostei,"Cypriniformes (minnows,suckers)","Cyprinidae (carps,minnows,carps and minnows)",Carassius (Crucian carps),Deuterostomia,Gnathostomata,,,,,2,None,,,,,,,,15,d,Time,15,d,Time,,°C,Temperature,20,22,0.05,<,None,,,,,,Ostariophysi,,,ONLY CONC TESTED,CONC1/ONLY CONC TESTED//,LOCAL AQUATIC BREEDER,Cyprinoidea,5,Organism,Unknown,1,Dosed x time(s) per study period,Unknown,25.78,g,Mass,,,,,,,,,,,,,,,,,,,,,,,,,,,,,,,,,,,,,,,,,,,,,,,,,,,,,,,,,,,,,,,,,,,,,,,,,,,,,,,,,,,,,,,,,,,,,,,,,,,,8,d,Time,10,,mg/kg,Mass fraction,,,10,,mg/kg,Mass fraction,,
84-61-7,"1,2-Benzenedicarboxylic acid, 1,2-dicyclohexyl ester;1,2-Benzenedicarboxylic acid, dicyclohexyl ester;1,2-dicyclohexyl benzene-1,2-dicarboxylate;dicyclohexyl benzene-1,2-dicarboxylate;Dicyclohexyl phthalate;dicyclohexyl phthalate (1,2-benzenedicarboxylic acid, dicyclohexyl ester);Dicyclohexyl phthalate [DCHP];Dicyclohexyl_Phthalate;Phthalic acid, dicyclohexyl ester",,,,,,,,,,,,,,,,,,,,,,,,,,,,,,,,,,,,,,,,,,,,,,,,,,,,,,,,,,,,,,,,,,,,,,,,,,,,,,,,,,,,,,,,,,,,,,,,,,,,,,,,,,,,,,,,,,,,,,,,,,,,,,,,Ecotoxicological Information#Aquatic Toxicity,ECOTOX,,A Comparative Study on Antioxidant Status Combined with Integrated Biomarker Response in Carassius auratus Fish Exposed to Nine Phthalates,NOEC,,True,No qualifier,Equal,Environ. Toxicol.30(10): 1125-1134,,,,,,,,Carassius auratus,Increasing,"Qu,R., M. Feng, P. Sun, and Z. Wang",Biochemistry,2224144,2468804,Formulation,Fresh water,Malondialdehyde,,Carrier or solvent,07/25/2019,A,,Intraperitoneal,07/25/2019,Liver,Lab,09/12/2019,Laboratory,2014,Reviewer assigned endpoint,Not significant at all concentrations,P,,,DECHLORINATED AND AERATED WATER,Unmeasured,bdwt,Dicyclohexyl phthalate,,,INTEGRATED BIOMARKER RESPONSE,SOURCE/LOCAL AQUATIC BREEDER//MEDIA/DECHLORINATED AND AERATED WATER//,Animalia (animals),Bilateria,Chordata (chordates),Vertebrata (vertebrates),"Actinopterygii (ray-finned fishes,spiny rayed fishes)",Teleostei,"Cypriniformes (minnows,suckers)","Cyprinidae (carps,minnows,carps and minnows)",Carassius (Crucian carps),Deuterostomia,Gnathostomata,,,,,2,None,,,,,,,,15,d,Time,15,d,Time,,°C,Temperature,20,22,0.05,<,None,,,,,,Ostariophysi,,,ONLY CONC TESTED,CONC1/ONLY CONC TESTED//,LOCAL AQUATIC BREEDER,Cyprinoidea,5,Organism,Unknown,1,Dosed x time(s) per study period,Unknown,25.78,g,Mass,,,,,,,,,,,,,,,,,,,,,,,,,,,,,,,,,,,,,,,,,,,,,,,,,,,,,,,,,,,,,,,,,,,,,,,,,,,,,,,,,,,,,,,,,,,,,,,,,,,,4,d,Time,10,,mg/kg,Mass fraction,,,10,,mg/kg,Mass fraction,,
84-61-7,"1,2-Benzenedicarboxylic acid, 1,2-dicyclohexyl ester;1,2-Benzenedicarboxylic acid, dicyclohexyl ester;1,2-dicyclohexyl benzene-1,2-dicarboxylate;dicyclohexyl benzene-1,2-dicarboxylate;Dicyclohexyl phthalate;dicyclohexyl phthalate (1,2-benzenedicarboxylic acid, dicyclohexyl ester);Dicyclohexyl phthalate [DCHP];Dicyclohexyl_Phthalate;Phthalic acid, dicyclohexyl ester",,,,,,,,,,,,,,,,,,,,,,,,,,,,,,,,,,,,,,,,,,,,,,,,,,,,,,,,,,,,,,,,,,,,,,,,,,,,,,,,,,,,,,,,,,,,,,,,,,,,,,,,,,,,,,,,,,,,,,,,,,,,,,,,Ecotoxicological Information#Aquatic Toxicity,ECOTOX,,"Effects and Toxicity of Phthalate Esters to Hemocytes of Giant Freshwater Prawn, Macrobrachium rosenbergii",NOEC,,True,No qualifier,Equal,Aquat. Toxicol.64:25-37,,,,,,,,Macrobrachium rosenbergii,Decreasing,"Sung,H.H., W.Y. Kao, and Y.J. Su",Cell(s),2224198,2469137,Formulation,Culture,Aggregation/adhesion,,Carrier or solvent,07/28/2019,A,,Aquatic - not reported,07/29/2019,Hemocyte,Lab,09/12/2019,Laboratory,2003,Reviewer assigned endpoint,Not significant at all concentrations,P,Not intact,"3 REPLICATES, ADHESION STUDY",M-199 MEDIUM,Unmeasured,,Dicyclohexyl phthalate,,,,SOURCE/LOCAL PRAWN FARM//MEDIA/M-199 MEDIUM//,Animalia (animals),Bilateria,Arthropoda (arthropods),Crustacea (crustaceans),,Malacostraca,"Decapoda (crabs,crayfishes,lobsters,prawns,shrimp)",Palaemonidae,Macrobrachium,Protostomia,,,,,,2,None,,,,,,,,10,min,Time,10,min,Time,25,°C,Temperature,,,0.05,<,None,,Eumalacostraca,Pleocyemata,Caridea,Ecdysozoa,Eucarida,Palaemoninae,,ONLY CONC TESTED,"EFCT%/FROM GRAPH, OF CONTROL//CONC1/ONLY CONC TESTED//",LOCAL PRAWN FARM,Palaemonoidea,,,,1,Dosed x time(s) per study period,Unknown,,,,"FROM GRAPH, OF CONTROL","HEMOCYTES, 1000000 CELLS/ML",,None,80,>,100,<,,,,,,,,,,,,,,,,,,,,,,,,,,,,,,,,,,,,,,,,,,,,,,,,,,,,,,,,,,,,,,,,,,,,,,,,,,,,,,,,,,,,,,,,,,,,10,min,Time,100,,mg/L,Mass concentration,,,100,,µg/mL,Mass concentration,,
84-61-7,"1,2-Benzenedicarboxylic acid, 1,2-dicyclohexyl ester;1,2-Benzenedicarboxylic acid, dicyclohexyl ester;1,2-dicyclohexyl benzene-1,2-dicarboxylate;dicyclohexyl benzene-1,2-dicarboxylate;Dicyclohexyl phthalate;dicyclohexyl phthalate (1,2-benzenedicarboxylic acid, dicyclohexyl ester);Dicyclohexyl phthalate [DCHP];Dicyclohexyl_Phthalate;Phthalic acid, dicyclohexyl ester",,,,,,,,,,,,,,,,,,,,,,,,,,,,,,,,,,,,,,,,,,,,,,,,,,,,,,,,,,,,,,,,,,,,,,,,,,,,,,,,,,,,,,,,,,,,,,,,,,,,,,,,,,,,,,,,,,,,,,,,,,,,,,,,Ecotoxicological Information#Aquatic Toxicity,Aquatic Japan MoE,1999,,EC50,OECD TG 211,True,No qualifier,Equal,,,,,,,,,Daphnia magna,,,Chronic,,,,,,Daphnia magna Reproduction test,,,,,,,,,,,,,,,,,,,,,,,,,Animalia (animals),Bilateria,Arthropoda (arthropods),Crustacea (crustaceans),,Branchiopoda (branchiopods),Diplostraca,Daphniidae,Daphnia,Protostomia,,,,,,,,,,,,,,,,,,,,,,,,,,,,,3542,Phyllopoda,Cladocera (water fleas),Anomopoda,Ecdysozoa,,,,,,,,,,,,,,,,,,,,,,,,,,,,,,,,,,,,,,,,,,,,,,,,,,,,,,,,,,,,,,,,,,,,,,,,,,,,,,,,,,,,,,,,,,,,,,,,,,,,,,,,,,,,,,,,,,,,21,d,Time,0.6800000071525574,,mg/L,Mass concentration,,,0.6800000071525574,,mg/L,Mass concentration,,
84-61-7,"1,2-Benzenedicarboxylic acid, 1,2-dicyclohexyl ester;1,2-Benzenedicarboxylic acid, dicyclohexyl ester;1,2-dicyclohexyl benzene-1,2-dicarboxylate;dicyclohexyl benzene-1,2-dicarboxylate;Dicyclohexyl phthalate;dicyclohexyl phthalate (1,2-benzenedicarboxylic acid, dicyclohexyl ester);Dicyclohexyl phthalate [DCHP];Dicyclohexyl_Phthalate;Phthalic acid, dicyclohexyl ester",,,,,,,,,,,,,,,,,,,,,,,,,,,,,,,,,,,,,,,,,,,,,,,,,,,,,,,,,,,,,,,,,,,,,,,,,,,,,,,,,,,,,,,,,,,,,,,,,,,,,,,,,,,,,,,,,,,,,,,,,,,,,,,,Ecotoxicological Information#Aquatic Toxicity,Aquatic Japan MoE,1999,,NOEC,OECD TG 211,True,No qualifier,Equal,,,,,,,,,Daphnia magna,,,Chronic,,,,,,Daphnia magna Reproduction test,,,,,,,,,,,,,,,,,,,,,,,,,Animalia (animals),Bilateria,Arthropoda (arthropods),Crustacea (crustaceans),,Branchiopoda (branchiopods),Diplostraca,Daphniidae,Daphnia,Protostomia,,,,,,,,,,,,,,,,,,,,,,,,,,,,,4235,Phyllopoda,Cladocera (water fleas),Anomopoda,Ecdysozoa,,,,,,,,,,,,,,,,,,,,,,,,,,,,,,,,,,,,,,,,,,,,,,,,,,,,,,,,,,,,,,,,,,,,,,,,,,,,,,,,,,,,,,,,,,,,,,,,,,,,,,,,,,,,,,,,,,,,21,d,Time,0.18000000715255737,,mg/L,Mass concentration,,,0.18000000715255737,,mg/L,Mass concentration,,
84-61-7,"1,2-Benzenedicarboxylic acid, 1,2-dicyclohexyl ester;1,2-Benzenedicarboxylic acid, dicyclohexyl ester;1,2-dicyclohexyl benzene-1,2-dicarboxylate;dicyclohexyl benzene-1,2-dicarboxylate;Dicyclohexyl phthalate;dicyclohexyl phthalate (1,2-benzenedicarboxylic acid, dicyclohexyl ester);Dicyclohexyl phthalate [DCHP];Dicyclohexyl_Phthalate;Phthalic acid, dicyclohexyl ester",,,,,,,,,,,,,,,,,,,,,,,,,,,,,,,,,,,,,,,,,,,,,,,,,,,,,,,,,,,,,,,,,,,,,,,,,,,,,,,,,,,,,,,,,,,,,,,,,,,,,,,,,,,,,,,,,,,,,,,,,,,,,,,,Ecotoxicological Information#Aquatic Toxicity,ECOTOX,,Toxicity and Endocrine Disruption of Phthalates in Fish and Amphibians,LOEC,,True,No qualifier,Equal,SRAD Progress Report 2013-14:20 p.,,,,,Acute,,,Xenopus tropicalis,Increasing,"De Solla,S.R., and V.S. Langlois",Development,2233950,2498555,Active ingredient,Fresh water,"Slowed, Retarded, Delayed or Non-development",American Society for Testing and Materials,Multiple types of controls were reported by the author,11/22/2019,A,,,11/23/2019,,Lab,12/12/2019,,2014,Reviewer assigned endpoint,Significant at all concentrations,P,Embryo,6-10 REPLICATES,SPIKED WATER,Measured,INDIVIDUALS; STATS TO C CONTROL,Dicyclohexyl phthalate,"ASTM 1998, E1439-98","CONTR/C,V/",,"CONTR/C,V//TMETH/ASTM 1998, E1439-98//MEDIA/SPIKED WATER//",Animalia (animals),Bilateria,Chordata (chordates),Vertebrata (vertebrates),Tetrapoda,Amphibia (Amphibians),"Anura (Frogs,Toads)",Pipidae (Tongueless Frogs),Xenopus (Clawed Frogs),Deuterostomia,Gnathostomata,6.5,None,,,7,None,,,,,,,,72,h,Time,72,h,Time,,,,,,0.05,<,None,,,,,,,,,,,,,,,,,,,,,,,,,,,,,,,,,,,,,,,,,,,,,,,,,,,,,,,,,,,,,,,,,,,,,,,,,,,,,,,,,,,,,,,,,,,,,,,,,,,,,,,,,,,,,,,,,,,,,,,,,72,h,Time,0.30000001192092896,,mg/L,Mass concentration,0.10000000149011612,0.5,0.30000001192092896,,mg/L,Mass concentration,0.10000000149011612,0.5
84-61-7,"1,2-Benzenedicarboxylic acid, 1,2-dicyclohexyl ester;1,2-Benzenedicarboxylic acid, dicyclohexyl ester;1,2-dicyclohexyl benzene-1,2-dicarboxylate;dicyclohexyl benzene-1,2-dicarboxylate;Dicyclohexyl phthalate;dicyclohexyl phthalate (1,2-benzenedicarboxylic acid, dicyclohexyl ester);Dicyclohexyl phthalate [DCHP];Dicyclohexyl_Phthalate;Phthalic acid, dicyclohexyl ester",,,,,,,,,,,,,,,,,,,,,,,,,,,,,,,,,,,,,,,,,,,,,,,,,,,,,,,,,,,,,,,,,,,,,,,,,,,,,,,,,,,,,,,,,,,,,,,,,,,,,,,,,,,,,,,,,,,,,,,,,,,,,,,,Ecotoxicological Information#Aquatic Toxicity,ECOTOX,,Toxicity and Endocrine Disruption of Phthalates in Fish and Amphibians,LOEC,,True,No qualifier,Equal,SRAD Progress Report 2013-14:20 p.,,,,,Acute,,,Xenopus tropicalis,Increasing,"De Solla,S.R., and V.S. Langlois",Development,2233950,2498559,Active ingredient,Fresh water,"Slowed, Retarded, Delayed or Non-development",American Society for Testing and Materials,Multiple types of controls were reported by the author,11/22/2019,A,,,11/23/2019,,Lab,12/12/2019,,2014,Reviewer assigned endpoint,Significant at all concentrations,P,Embryo,6-10 REPLICATES,SPIKED WATER,Measured,GUT; STATS TO C CONTROL,Dicyclohexyl phthalate,"ASTM 1998, E1439-98","CONTR/C,V/",,"CONTR/C,V//TMETH/ASTM 1998, E1439-98//MEDIA/SPIKED WATER//",Animalia (animals),Bilateria,Chordata (chordates),Vertebrata (vertebrates),Tetrapoda,Amphibia (Amphibians),"Anura (Frogs,Toads)",Pipidae (Tongueless Frogs),Xenopus (Clawed Frogs),Deuterostomia,Gnathostomata,6.5,None,,,7,None,,,,,,,,72,h,Time,72,h,Time,,,,,,0.05,<,None,,,,,,,,,,,,,,,,,,,,,,,,,,,,,,,,,,,,,,,,,,,,,,,,,,,,,,,,,,,,,,,,,,,,,,,,,,,,,,,,,,,,,,,,,,,,,,,,,,,,,,,,,,,,,,,,,,,,,,,,,72,h,Time,0.30000001192092896,,mg/L,Mass concentration,0.10000000149011612,0.5,0.30000001192092896,,mg/L,Mass concentration,0.10000000149011612,0.5
84-61-7,"1,2-Benzenedicarboxylic acid, 1,2-dicyclohexyl ester;1,2-Benzenedicarboxylic acid, dicyclohexyl ester;1,2-dicyclohexyl benzene-1,2-dicarboxylate;dicyclohexyl benzene-1,2-dicarboxylate;Dicyclohexyl phthalate;dicyclohexyl phthalate (1,2-benzenedicarboxylic acid, dicyclohexyl ester);Dicyclohexyl phthalate [DCHP];Dicyclohexyl_Phthalate;Phthalic acid, dicyclohexyl ester",,,,,,,,,,,,,,,,,,,,,,,,,,,,,,,,,,,,,,,,,,,,,,,,,,,,,,,,,,,,,,,,,,,,,,,,,,,,,,,,,,,,,,,,,,,,,,,,,,,,,,,,,,,,,,,,,,,,,,,,,,,,,,,,Ecotoxicological Information#Aquatic Toxicity,ECOTOX,,Toxicity and Endocrine Disruption of Phthalates in Fish and Amphibians,LOEC,,True,No qualifier,Equal,SRAD Progress Report 2013-14:20 p.,,,,,Acute,,,Xenopus tropicalis,Increasing,"De Solla,S.R., and V.S. Langlois",Development,2233950,2498557,Active ingredient,Fresh water,"Slowed, Retarded, Delayed or Non-development",American Society for Testing and Materials,Multiple types of controls were reported by the author,11/22/2019,A,85963,,11/23/2019,,Lab,12/12/2019,,2014,Reviewer assigned endpoint,Significant,P,Embryo,6-10 REPLICATES,SPIKED WATER,Measured,EYE; STATS TO C CONTROL,Dicyclohexyl phthalate,"ASTM 1998, E1439-98","CONTR/C,V/",,"CONTR/C,V//TMETH/ASTM 1998, E1439-98//MEDIA/SPIKED WATER//",Animalia (animals),Bilateria,Chordata (chordates),Vertebrata (vertebrates),Tetrapoda,Amphibia (Amphibians),"Anura (Frogs,Toads)",Pipidae (Tongueless Frogs),Xenopus (Clawed Frogs),Deuterostomia,Gnathostomata,6.5,None,,,7,None,,,,,,,,72,h,Time,72,h,Time,,,,,,0.05,<,None,,,,,,,,,,,,,,,,,,,,,,,,,,,,,,,,,,,,,,,,,,,,,,,,,,,,,,,,,,,,,,,,,,,,,,,,,,,,,,,,,,,,,,,,,,,,,,,,,,,,,,,,,,,,,,,,,,,,,,,,,72,h,Time,4.099999904632568,,mg/L,Mass concentration,1.2000000476837158,7,4.099999904632568,,mg/L,Mass concentration,1.2000000476837158,7
84-61-7,"1,2-Benzenedicarboxylic acid, 1,2-dicyclohexyl ester;1,2-Benzenedicarboxylic acid, dicyclohexyl ester;1,2-dicyclohexyl benzene-1,2-dicarboxylate;dicyclohexyl benzene-1,2-dicarboxylate;Dicyclohexyl phthalate;dicyclohexyl phthalate (1,2-benzenedicarboxylic acid, dicyclohexyl ester);Dicyclohexyl phthalate [DCHP];Dicyclohexyl_Phthalate;Phthalic acid, dicyclohexyl ester",,,,,,,,,,,,,,,,,,,,,,,,,,,,,,,,,,,,,,,,,,,,,,,,,,,,,,,,,,,,,,,,,,,,,,,,,,,,,,,,,,,,,,,,,,,,,,,,,,,,,,,,,,,,,,,,,,,,,,,,,,,,,,,,Ecotoxicological Information#Aquatic Toxicity,ECOTOX,,Lethal and Sublethal Effects of Phthalate Diesters in Silurana tropicalis Larvae,LOEC,,True,No qualifier,Equal,Environ. Toxicol. Chem.35(10): 2511-2522,,,,,Acute,,,Xenopus tropicalis,Decreasing,"Mathieu-Denoncourt,J., C.J. Martyniuk, J.R. Loughery, V. Yargeau, S.R. De Solla, and V.S. Langlois",Development,2224165,2469005,Active ingredient,Culture,"Slowed, Retarded, Delayed or Non-development",American Society for Testing and Materials,Multiple types of controls were reported by the author,07/26/2019,A,82396,Renewal,07/29/2019,,Lab,09/12/2019,Laboratory,2016,Reviewer assigned endpoint,Significant,P,Larva,4 - 17 REPLICATES,FETAX SOLUTION,Measured,STATS FROM V CONTROL,Dicyclohexyl phthalate,"FETAX, 2004","CONTR/C,V/",SUBNETWORK ENRICHMENT ANALYSIS,"CONTR/C,V//TMETH/FETAX, 2004//MEDIA/FETAX SOLUTION//",Animalia (animals),Bilateria,Chordata (chordates),Vertebrata (vertebrates),Tetrapoda,Amphibia (Amphibians),"Anura (Frogs,Toads)",Pipidae (Tongueless Frogs),Xenopus (Clawed Frogs),Deuterostomia,Gnathostomata,,None,7.2,8.4,7,None,99,,None,Nieuwkoop-faber-stage,Unknown,11,12,72,h,Time,72,h,Time,26,°C,Temperature,,,0.05,<,None,,,,,,,,,,,,,216,Organism,Unknown,,,,,,,,,47.2,None,,,,,,,,,,,,,,,,,,,,,,,,,,,,,,,,,,,,,,,,,,,,,,,,,,,,,,,,,,,,,,,,,,,,,,,,,,,,,,,,,,,,,,,,,,,,,,,,72,h,Time,4.099999904632568,,mg/L,Mass concentration,,,4.099999904632568,,mg/L,Mass concentration,,
84-61-7,"1,2-Benzenedicarboxylic acid, 1,2-dicyclohexyl ester;1,2-Benzenedicarboxylic acid, dicyclohexyl ester;1,2-dicyclohexyl benzene-1,2-dicarboxylate;dicyclohexyl benzene-1,2-dicarboxylate;Dicyclohexyl phthalate;dicyclohexyl phthalate (1,2-benzenedicarboxylic acid, dicyclohexyl ester);Dicyclohexyl phthalate [DCHP];Dicyclohexyl_Phthalate;Phthalic acid, dicyclohexyl ester",,,,,,,,,,,,,,,,,,,,,,,,,,,,,,,,,,,,,,,,,,,,,,,,,,,,,,,,,,,,,,,,,,,,,,,,,,,,,,,,,,,,,,,,,,,,,,,,,,,,,,,,,,,,,,,,,,,,,,,,,,,,,,,,Ecotoxicological Information#Aquatic Toxicity,ECOTOX,,Toxicity and Endocrine Disruption of Phthalates in Fish and Amphibians,NOEC,,True,No qualifier,Equal,SRAD Progress Report 2013-14:20 p.,,,,,Acute,,,Xenopus tropicalis,Increasing,"De Solla,S.R., and V.S. Langlois",Development,2233950,2498556,Active ingredient,Fresh water,"Slowed, Retarded, Delayed or Non-development",American Society for Testing and Materials,Multiple types of controls were reported by the author,11/22/2019,A,85963,,11/23/2019,,Lab,12/12/2019,,2014,Reviewer assigned endpoint,No significance,P,Embryo,6-10 REPLICATES,SPIKED WATER,Measured,EYE; STATS TO C CONTROL,Dicyclohexyl phthalate,"ASTM 1998, E1439-98","CONTR/C,V/",,"CONTR/C,V//TMETH/ASTM 1998, E1439-98//MEDIA/SPIKED WATER//",Animalia (animals),Bilateria,Chordata (chordates),Vertebrata (vertebrates),Tetrapoda,Amphibia (Amphibians),"Anura (Frogs,Toads)",Pipidae (Tongueless Frogs),Xenopus (Clawed Frogs),Deuterostomia,Gnathostomata,6.5,None,,,7,None,,,,,,,,72,h,Time,72,h,Time,,,,,,0.05,<,None,,,,,,,,,,,,,,,,,,,,,,,,,,,,,,,,,,,,,,,,,,,,,,,,,,,,,,,,,,,,,,,,,,,,,,,,,,,,,,,,,,,,,,,,,,,,,,,,,,,,,,,,,,,,,,,,,,,,,,,,,72,h,Time,1.5,,mg/L,Mass concentration,0.20000000298023224,2.700000047683716,1.5,,mg/L,Mass concentration,0.20000000298023224,2.700000047683716
84-61-7,"1,2-Benzenedicarboxylic acid, 1,2-dicyclohexyl ester;1,2-Benzenedicarboxylic acid, dicyclohexyl ester;1,2-dicyclohexyl benzene-1,2-dicarboxylate;dicyclohexyl benzene-1,2-dicarboxylate;Dicyclohexyl phthalate;dicyclohexyl phthalate (1,2-benzenedicarboxylic acid, dicyclohexyl ester);Dicyclohexyl phthalate [DCHP];Dicyclohexyl_Phthalate;Phthalic acid, dicyclohexyl ester",,,,,,,,,,,,,,,,,,,,,,,,,,,,,,,,,,,,,,,,,,,,,,,,,,,,,,,,,,,,,,,,,,,,,,,,,,,,,,,,,,,,,,,,,,,,,,,,,,,,,,,,,,,,,,,,,,,,,,,,,,,,,,,,Ecotoxicological Information#Aquatic Toxicity,ECOTOX,,Lethal and Sublethal Effects of Phthalate Diesters in Silurana tropicalis Larvae,NOEC,,True,No qualifier,Equal,Environ. Toxicol. Chem.35(10): 2511-2522,,,,,Acute,,,Xenopus tropicalis,Decreasing,"Mathieu-Denoncourt,J., C.J. Martyniuk, J.R. Loughery, V. Yargeau, S.R. De Solla, and V.S. Langlois",Development,2224165,2469004,Active ingredient,Culture,"Slowed, Retarded, Delayed or Non-development",American Society for Testing and Materials,Multiple types of controls were reported by the author,07/26/2019,A,82396,Renewal,07/29/2019,,Lab,09/12/2019,Laboratory,2016,Reviewer assigned endpoint,No significance,P,Larva,4 - 17 REPLICATES,FETAX SOLUTION,Measured,STATS FROM V CONTROL,Dicyclohexyl phthalate,"FETAX, 2004","CONTR/C,V/",SUBNETWORK ENRICHMENT ANALYSIS,"CONTR/C,V//TMETH/FETAX, 2004//MEDIA/FETAX SOLUTION//",Animalia (animals),Bilateria,Chordata (chordates),Vertebrata (vertebrates),Tetrapoda,Amphibia (Amphibians),"Anura (Frogs,Toads)",Pipidae (Tongueless Frogs),Xenopus (Clawed Frogs),Deuterostomia,Gnathostomata,,None,7.2,8.4,7,None,99,,None,Nieuwkoop-faber-stage,Unknown,11,12,72,h,Time,72,h,Time,26,°C,Temperature,,,0.05,<,None,,,,,,,,,,,,,150,Organism,Unknown,,,,,,,,,34.7,None,,,,,,,,,,,,,,,,,,,,,,,,,,,,,,,,,,,,,,,,,,,,,,,,,,,,,,,,,,,,,,,,,,,,,,,,,,,,,,,,,,,,,,,,,,,,,,,,72,h,Time,1.5,,mg/L,Mass concentration,,,1.5,,mg/L,Mass concentration,,
84-61-7,"1,2-Benzenedicarboxylic acid, 1,2-dicyclohexyl ester;1,2-Benzenedicarboxylic acid, dicyclohexyl ester;1,2-dicyclohexyl benzene-1,2-dicarboxylate;dicyclohexyl benzene-1,2-dicarboxylate;Dicyclohexyl phthalate;dicyclohexyl phthalate (1,2-benzenedicarboxylic acid, dicyclohexyl ester);Dicyclohexyl phthalate [DCHP];Dicyclohexyl_Phthalate;Phthalic acid, dicyclohexyl ester",,,,,,,,,,,,,,,,,,,,,,,,,,,,,,,,,,,,,,,,,,,,,,,,,,,,,,,,,,,,,,,,,,,,,,,,,,,,,,,,,,,,,,,,,,,,,,,,,,,,,,,,,,,,,,,,,,,,,,,,,,,,,,,,Ecotoxicological Information#Aquatic Toxicity,ECOTOX,,Toxicity and Endocrine Disruption of Phthalates in Fish and Amphibians,,,True,Data in range,Equal,SRAD Progress Report 2013-14:20 p.,,,,,Acute,,,Xenopus tropicalis,Change,"De Solla,S.R., and V.S. Langlois",Development,2233950,2498558,Active ingredient,Fresh water,"Slowed, Retarded, Delayed or Non-development",American Society for Testing and Materials,Multiple types of controls were reported by the author,11/22/2019,A,,,11/23/2019,,Lab,12/12/2019,,2014,,Multiple significance,P,Embryo,6-10 REPLICATES,SPIKED WATER,Measured,CEMENT GLAND; STATS TO C AND V CONTROL,Dicyclohexyl phthalate,"ASTM 1998, E1439-98","CONTR/C,V/",,"CONTR/C,V//TMETH/ASTM 1998, E1439-98//MEDIA/SPIKED WATER//",Animalia (animals),Bilateria,Chordata (chordates),Vertebrata (vertebrates),Tetrapoda,Amphibia (Amphibians),"Anura (Frogs,Toads)",Pipidae (Tongueless Frogs),Xenopus (Clawed Frogs),Deuterostomia,Gnathostomata,6.5,None,,,7,None,,,,,,,,72,h,Time,72,h,Time,,,,,,0.05,<,None,,,,,,,,,,,,,,,,,,,,,,,,,,,,,,,,,,,,,,,,,,,,,,,,,,,,,,,,,,,,,,,,,,,,,,,,,,,,,,,,,,,,,,,,,,,,,,,,,,,,,,,,,,,,,,,,,,,,,,,,,72,h,Time,,,mg/L,Mass concentration,0.10000000149011612,132.1999969482422,,,mg/L,Mass concentration,0.10000000149011612,132.1999969482422
84-61-7,"1,2-Benzenedicarboxylic acid, 1,2-dicyclohexyl ester;1,2-Benzenedicarboxylic acid, dicyclohexyl ester;1,2-dicyclohexyl benzene-1,2-dicarboxylate;dicyclohexyl benzene-1,2-dicarboxylate;Dicyclohexyl phthalate;dicyclohexyl phthalate (1,2-benzenedicarboxylic acid, dicyclohexyl ester);Dicyclohexyl phthalate [DCHP];Dicyclohexyl_Phthalate;Phthalic acid, dicyclohexyl ester",,,,,,,,,,,,,,,,,,,,,,,,,,,,,,,,,,,,,,,,,,,,,,,,,,,,,,,,,,,,,,,,,,,,,,,,,,,,,,,,,,,,,,,,,,,,,,,,,,,,,,,,,,,,,,,,,,,,,,,,,,,,,,,,Ecotoxicological Information#Aquatic Toxicity,ECOTOX,,Comparative Antioxidant Responses in Liver of Carassius auratus Exposed to Phthalates: An Integrated Biomarker Approach,LOEC,,True,No qualifier,Equal,Environ. Toxicol. Pharmacol.36:741-749,,,,,,,,Carassius auratus,Decreasing,"Zheng,Q., M. Feng, and Y. Dai",Enzyme(s),2224026,2468051,Formulation,Fresh water,Superoxide dismutase (SOD) enzyme activity,,Carrier or solvent,07/23/2019,A,,Intraperitoneal,07/23/2019,Liver,Lab,09/12/2019,Laboratory,2013,Reviewer assigned endpoint,Significant at all concentrations,P,,,DECHLORINATED AND AERATED FRESHWATER,Unmeasured,bdwt,Dicyclohexyl phthalate,,,INTEGRATED BIOMARKER RESPONSE ALSO REPORTED,SOURCE/LOCAL AQUATIC BREEDING BASE//MEDIA/DECHLORINATED AND AERATED FRESHWATER//,Animalia (animals),Bilateria,Chordata (chordates),Vertebrata (vertebrates),"Actinopterygii (ray-finned fishes,spiny rayed fishes)",Teleostei,"Cypriniformes (minnows,suckers)","Cyprinidae (carps,minnows,carps and minnows)",Carassius (Crucian carps),Deuterostomia,Gnathostomata,7.6,None,,,2,None,,,,,,,,10,d,Time,10,d,Time,25,°C,Temperature,,,0.05,<,None,,,,,,Ostariophysi,,,ONLY CONC TESTED,CONC1/ONLY CONC TESTED//,LOCAL AQUATIC BREEDING BASE,Cyprinoidea,,,,1,Dosed x time(s) per study period,Unknown,25.43,g,Mass,,,,,,,,,195.1,milligrams per liter Calcium carbonate,Unknown,6.7,mg/L,Mass concentration,0.249,milli Siemens per centimeter,Unknown,,,,,,,,,,,,,,,,,,,,,,,,,,,,,,,,,,,,,,,,,,,,,,,,,,,,,,,,,,,,,,,,,,,,,,,,,,,,,,,,,,,10,d,Time,10,,mg/kg,Mass fraction,,,10,,mg/kg,Mass fraction,,
84-61-7,"1,2-Benzenedicarboxylic acid, 1,2-dicyclohexyl ester;1,2-Benzenedicarboxylic acid, dicyclohexyl ester;1,2-dicyclohexyl benzene-1,2-dicarboxylate;dicyclohexyl benzene-1,2-dicarboxylate;Dicyclohexyl phthalate;dicyclohexyl phthalate (1,2-benzenedicarboxylic acid, dicyclohexyl ester);Dicyclohexyl phthalate [DCHP];Dicyclohexyl_Phthalate;Phthalic acid, dicyclohexyl ester",,,,,,,,,,,,,,,,,,,,,,,,,,,,,,,,,,,,,,,,,,,,,,,,,,,,,,,,,,,,,,,,,,,,,,,,,,,,,,,,,,,,,,,,,,,,,,,,,,,,,,,,,,,,,,,,,,,,,,,,,,,,,,,,Ecotoxicological Information#Aquatic Toxicity,ECOTOX,,Comparative Antioxidant Responses in Liver of Carassius auratus Exposed to Phthalates: An Integrated Biomarker Approach,LOEC,,True,No qualifier,Equal,Environ. Toxicol. Pharmacol.36:741-749,,,,,,,,Carassius auratus,Decreasing,"Zheng,Q., M. Feng, and Y. Dai",Enzyme(s),2224026,2468053,Formulation,Fresh water,Glutathione peroxidase,,Carrier or solvent,07/23/2019,A,,Intraperitoneal,07/23/2019,Liver,Lab,09/12/2019,Laboratory,2013,Reviewer assigned endpoint,Significant at all concentrations,P,,,DECHLORINATED AND AERATED FRESHWATER,Unmeasured,bdwt,Dicyclohexyl phthalate,,,INTEGRATED BIOMARKER RESPONSE ALSO REPORTED,SOURCE/LOCAL AQUATIC BREEDING BASE//MEDIA/DECHLORINATED AND AERATED FRESHWATER//,Animalia (animals),Bilateria,Chordata (chordates),Vertebrata (vertebrates),"Actinopterygii (ray-finned fishes,spiny rayed fishes)",Teleostei,"Cypriniformes (minnows,suckers)","Cyprinidae (carps,minnows,carps and minnows)",Carassius (Crucian carps),Deuterostomia,Gnathostomata,7.6,None,,,2,None,,,,,,,,10,d,Time,10,d,Time,25,°C,Temperature,,,0.01,<,None,,,,,,Ostariophysi,,,ONLY CONC TESTED,CONC1/ONLY CONC TESTED//,LOCAL AQUATIC BREEDING BASE,Cyprinoidea,,,,1,Dosed x time(s) per study period,Unknown,25.43,g,Mass,,,,,,,,,195.1,milligrams per liter Calcium carbonate,Unknown,6.7,mg/L,Mass concentration,0.249,milli Siemens per centimeter,Unknown,,,,,,,,,,,,,,,,,,,,,,,,,,,,,,,,,,,,,,,,,,,,,,,,,,,,,,,,,,,,,,,,,,,,,,,,,,,,,,,,,,,10,d,Time,10,,mg/kg,Mass fraction,,,10,,mg/kg,Mass fraction,,
84-61-7,"1,2-Benzenedicarboxylic acid, 1,2-dicyclohexyl ester;1,2-Benzenedicarboxylic acid, dicyclohexyl ester;1,2-dicyclohexyl benzene-1,2-dicarboxylate;dicyclohexyl benzene-1,2-dicarboxylate;Dicyclohexyl phthalate;dicyclohexyl phthalate (1,2-benzenedicarboxylic acid, dicyclohexyl ester);Dicyclohexyl phthalate [DCHP];Dicyclohexyl_Phthalate;Phthalic acid, dicyclohexyl ester",,,,,,,,,,,,,,,,,,,,,,,,,,,,,,,,,,,,,,,,,,,,,,,,,,,,,,,,,,,,,,,,,,,,,,,,,,,,,,,,,,,,,,,,,,,,,,,,,,,,,,,,,,,,,,,,,,,,,,,,,,,,,,,,Ecotoxicological Information#Aquatic Toxicity,ECOTOX,,Comparative Antioxidant Responses in Liver of Carassius auratus Exposed to Phthalates: An Integrated Biomarker Approach,LOEC,,True,No qualifier,Equal,Environ. Toxicol. Pharmacol.36:741-749,,,,,,,,Carassius auratus,Decreasing,"Zheng,Q., M. Feng, and Y. Dai",Enzyme(s),2224026,2468052,Formulation,Fresh water,Catalase,,Carrier or solvent,07/23/2019,A,,Intraperitoneal,07/23/2019,Liver,Lab,09/12/2019,Laboratory,2013,Reviewer assigned endpoint,Significant at all concentrations,P,,,DECHLORINATED AND AERATED FRESHWATER,Unmeasured,bdwt,Dicyclohexyl phthalate,,,INTEGRATED BIOMARKER RESPONSE ALSO REPORTED,SOURCE/LOCAL AQUATIC BREEDING BASE//MEDIA/DECHLORINATED AND AERATED FRESHWATER//,Animalia (animals),Bilateria,Chordata (chordates),Vertebrata (vertebrates),"Actinopterygii (ray-finned fishes,spiny rayed fishes)",Teleostei,"Cypriniformes (minnows,suckers)","Cyprinidae (carps,minnows,carps and minnows)",Carassius (Crucian carps),Deuterostomia,Gnathostomata,7.6,None,,,2,None,,,,,,,,10,d,Time,10,d,Time,25,°C,Temperature,,,0.01,<,None,,,,,,Ostariophysi,,,ONLY CONC TESTED,CONC1/ONLY CONC TESTED//,LOCAL AQUATIC BREEDING BASE,Cyprinoidea,,,,1,Dosed x time(s) per study period,Unknown,25.43,g,Mass,,,,,,,,,195.1,milligrams per liter Calcium carbonate,Unknown,6.7,mg/L,Mass concentration,0.249,milli Siemens per centimeter,Unknown,,,,,,,,,,,,,,,,,,,,,,,,,,,,,,,,,,,,,,,,,,,,,,,,,,,,,,,,,,,,,,,,,,,,,,,,,,,,,,,,,,,10,d,Time,10,,mg/kg,Mass fraction,,,10,,mg/kg,Mass fraction,,
84-61-7,"1,2-Benzenedicarboxylic acid, 1,2-dicyclohexyl ester;1,2-Benzenedicarboxylic acid, dicyclohexyl ester;1,2-dicyclohexyl benzene-1,2-dicarboxylate;dicyclohexyl benzene-1,2-dicarboxylate;Dicyclohexyl phthalate;dicyclohexyl phthalate (1,2-benzenedicarboxylic acid, dicyclohexyl ester);Dicyclohexyl phthalate [DCHP];Dicyclohexyl_Phthalate;Phthalic acid, dicyclohexyl ester",,,,,,,,,,,,,,,,,,,,,,,,,,,,,,,,,,,,,,,,,,,,,,,,,,,,,,,,,,,,,,,,,,,,,,,,,,,,,,,,,,,,,,,,,,,,,,,,,,,,,,,,,,,,,,,,,,,,,,,,,,,,,,,,Ecotoxicological Information#Aquatic Toxicity,ECOTOX,,"Effects and Toxicity of Phthalate Esters to Hemocytes of Giant Freshwater Prawn, Macrobrachium rosenbergii",NOEC,,True,No qualifier,Equal,Aquat. Toxicol.64:25-37,,,,,,,,Macrobrachium rosenbergii,Increasing,"Sung,H.H., W.Y. Kao, and Y.J. Su",Enzyme(s),2224205,2469150,Formulation,Culture,Phenoloxidase,,Carrier or solvent,07/28/2019,A,,Aquatic - not reported,07/28/2019,Hemocyte,Lab,09/12/2019,Laboratory,2003,Reviewer assigned endpoint,Not significant at all concentrations,P,Not intact,"3 REPLICATES, PHENOLOXIDASE ASSAY",M-199 MEDIUM,Unmeasured,,Dicyclohexyl phthalate,,,,SOURCE/LOCAL PRAWN FARM//MEDIA/M-199 MEDIUM//,Animalia (animals),Bilateria,Arthropoda (arthropods),Crustacea (crustaceans),,Malacostraca,"Decapoda (crabs,crayfishes,lobsters,prawns,shrimp)",Palaemonidae,Macrobrachium,Protostomia,,,,,,2,None,,,,,,,,10,min,Time,10,min,Time,25,°C,Temperature,,,0.05,<,None,,Eumalacostraca,Pleocyemata,Caridea,Ecdysozoa,Eucarida,Palaemoninae,,ONLY CONC TESTED,CONC1/ONLY CONC TESTED//,LOCAL PRAWN FARM,Palaemonoidea,,,,1,Dosed x time(s) per study period,Unknown,,,,,"HEMOCYTES, 1000000 CELLS/ML",,,,,,,,,,,,,,,,,,,,,,,,,,,,,,,,,,,,,,,,,,,,,,,,,,,,,,,,,,,,,,,,,,,,,,,,,,,,,,,,,,,,,,,,,,,,,,,,,,10,min,Time,100,,mg/L,Mass concentration,,,100,,µg/mL,Mass concentration,,
84-61-7,"1,2-Benzenedicarboxylic acid, 1,2-dicyclohexyl ester;1,2-Benzenedicarboxylic acid, dicyclohexyl ester;1,2-dicyclohexyl benzene-1,2-dicarboxylate;dicyclohexyl benzene-1,2-dicarboxylate;Dicyclohexyl phthalate;dicyclohexyl phthalate (1,2-benzenedicarboxylic acid, dicyclohexyl ester);Dicyclohexyl phthalate [DCHP];Dicyclohexyl_Phthalate;Phthalic acid, dicyclohexyl ester",,,,,,,,,,,,,,,,,,,,,,,,,,,,,,,,,,,,,,,,,,,,,,,,,,,,,,,,,,,,,,,,,,,,,,,,,,,,,,,,,,,,,,,,,,,,,,,,,,,,,,,,,,,,,,,,,,,,,,,,,,,,,,,,Ecotoxicological Information#Aquatic Toxicity,ECOTOX,,A Comparative Study on Antioxidant Status Combined with Integrated Biomarker Response in Carassius auratus Fish Exposed to Nine Phthalates,NOEC,,True,No qualifier,Equal,Environ. Toxicol.30(10): 1125-1134,,,,,,,,Carassius auratus,Decreasing,"Qu,R., M. Feng, P. Sun, and Z. Wang",Enzyme(s),2224144,2468794,Formulation,Fresh water,Catalase,,Carrier or solvent,07/25/2019,A,,Intraperitoneal,07/25/2019,Liver,Lab,09/12/2019,Laboratory,2014,Reviewer assigned endpoint,Not significant at all concentrations,P,,,DECHLORINATED AND AERATED WATER,Unmeasured,bdwt,Dicyclohexyl phthalate,,,INTEGRATED BIOMARKER RESPONSE,SOURCE/LOCAL AQUATIC BREEDER//MEDIA/DECHLORINATED AND AERATED WATER//,Animalia (animals),Bilateria,Chordata (chordates),Vertebrata (vertebrates),"Actinopterygii (ray-finned fishes,spiny rayed fishes)",Teleostei,"Cypriniformes (minnows,suckers)","Cyprinidae (carps,minnows,carps and minnows)",Carassius (Crucian carps),Deuterostomia,Gnathostomata,,,,,2,None,,,,,,,,15,d,Time,15,d,Time,,°C,Temperature,20,22,0.05,<,None,,,,,,Ostariophysi,,,ONLY CONC TESTED,CONC1/ONLY CONC TESTED//,LOCAL AQUATIC BREEDER,Cyprinoidea,5,Organism,Unknown,1,Dosed x time(s) per study period,Unknown,25.78,g,Mass,,,,,,,,,,,,,,,,,,,,,,,,,,,,,,,,,,,,,,,,,,,,,,,,,,,,,,,,,,,,,,,,,,,,,,,,,,,,,,,,,,,,,,,,,,,,,,,,,,,,15,d,Time,10,,mg/kg,Mass fraction,,,10,,mg/kg,Mass fraction,,
84-61-7,"1,2-Benzenedicarboxylic acid, 1,2-dicyclohexyl ester;1,2-Benzenedicarboxylic acid, dicyclohexyl ester;1,2-dicyclohexyl benzene-1,2-dicarboxylate;dicyclohexyl benzene-1,2-dicarboxylate;Dicyclohexyl phthalate;dicyclohexyl phthalate (1,2-benzenedicarboxylic acid, dicyclohexyl ester);Dicyclohexyl phthalate [DCHP];Dicyclohexyl_Phthalate;Phthalic acid, dicyclohexyl ester",,,,,,,,,,,,,,,,,,,,,,,,,,,,,,,,,,,,,,,,,,,,,,,,,,,,,,,,,,,,,,,,,,,,,,,,,,,,,,,,,,,,,,,,,,,,,,,,,,,,,,,,,,,,,,,,,,,,,,,,,,,,,,,,Ecotoxicological Information#Aquatic Toxicity,ECOTOX,,A Comparative Study on Antioxidant Status Combined with Integrated Biomarker Response in Carassius auratus Fish Exposed to Nine Phthalates,NOEC,,True,No qualifier,Equal,Environ. Toxicol.30(10): 1125-1134,,,,,,,,Carassius auratus,Decreasing,"Qu,R., M. Feng, P. Sun, and Z. Wang",Enzyme(s),2224144,2468793,Formulation,Fresh water,Superoxide dismutase (SOD) enzyme activity,,Carrier or solvent,07/25/2019,A,,Intraperitoneal,07/25/2019,Liver,Lab,09/12/2019,Laboratory,2014,Reviewer assigned endpoint,Not significant at all concentrations,P,,,DECHLORINATED AND AERATED WATER,Unmeasured,bdwt,Dicyclohexyl phthalate,,,INTEGRATED BIOMARKER RESPONSE,SOURCE/LOCAL AQUATIC BREEDER//MEDIA/DECHLORINATED AND AERATED WATER//,Animalia (animals),Bilateria,Chordata (chordates),Vertebrata (vertebrates),"Actinopterygii (ray-finned fishes,spiny rayed fishes)",Teleostei,"Cypriniformes (minnows,suckers)","Cyprinidae (carps,minnows,carps and minnows)",Carassius (Crucian carps),Deuterostomia,Gnathostomata,,,,,2,None,,,,,,,,15,d,Time,15,d,Time,,°C,Temperature,20,22,0.05,<,None,,,,,,Ostariophysi,,,ONLY CONC TESTED,CONC1/ONLY CONC TESTED//,LOCAL AQUATIC BREEDER,Cyprinoidea,5,Organism,Unknown,1,Dosed x time(s) per study period,Unknown,25.78,g,Mass,,,,,,,,,,,,,,,,,,,,,,,,,,,,,,,,,,,,,,,,,,,,,,,,,,,,,,,,,,,,,,,,,,,,,,,,,,,,,,,,,,,,,,,,,,,,,,,,,,,,15,d,Time,10,,mg/kg,Mass fraction,,,10,,mg/kg,Mass fraction,,
84-61-7,"1,2-Benzenedicarboxylic acid, 1,2-dicyclohexyl ester;1,2-Benzenedicarboxylic acid, dicyclohexyl ester;1,2-dicyclohexyl benzene-1,2-dicarboxylate;dicyclohexyl benzene-1,2-dicarboxylate;Dicyclohexyl phthalate;dicyclohexyl phthalate (1,2-benzenedicarboxylic acid, dicyclohexyl ester);Dicyclohexyl phthalate [DCHP];Dicyclohexyl_Phthalate;Phthalic acid, dicyclohexyl ester",,,,,,,,,,,,,,,,,,,,,,,,,,,,,,,,,,,,,,,,,,,,,,,,,,,,,,,,,,,,,,,,,,,,,,,,,,,,,,,,,,,,,,,,,,,,,,,,,,,,,,,,,,,,,,,,,,,,,,,,,,,,,,,,Ecotoxicological Information#Aquatic Toxicity,ECOTOX,,A Comparative Study on Antioxidant Status Combined with Integrated Biomarker Response in Carassius auratus Fish Exposed to Nine Phthalates,NOEC,,True,No qualifier,Equal,Environ. Toxicol.30(10): 1125-1134,,,,,,,,Carassius auratus,Decreasing,"Qu,R., M. Feng, P. Sun, and Z. Wang",Enzyme(s),2224144,2468801,Formulation,Fresh water,Glutathione peroxidase,,Carrier or solvent,07/25/2019,A,,Intraperitoneal,07/25/2019,Liver,Lab,09/12/2019,Laboratory,2014,Reviewer assigned endpoint,Not significant at all concentrations,P,,,DECHLORINATED AND AERATED WATER,Unmeasured,bdwt,Dicyclohexyl phthalate,,,INTEGRATED BIOMARKER RESPONSE,SOURCE/LOCAL AQUATIC BREEDER//MEDIA/DECHLORINATED AND AERATED WATER//,Animalia (animals),Bilateria,Chordata (chordates),Vertebrata (vertebrates),"Actinopterygii (ray-finned fishes,spiny rayed fishes)",Teleostei,"Cypriniformes (minnows,suckers)","Cyprinidae (carps,minnows,carps and minnows)",Carassius (Crucian carps),Deuterostomia,Gnathostomata,,,,,2,None,,,,,,,,15,d,Time,15,d,Time,,°C,Temperature,20,22,0.05,<,None,,,,,,Ostariophysi,,,ONLY CONC TESTED,CONC1/ONLY CONC TESTED//,LOCAL AQUATIC BREEDER,Cyprinoidea,5,Organism,Unknown,1,Dosed x time(s) per study period,Unknown,25.78,g,Mass,,,,,,,,,,,,,,,,,,,,,,,,,,,,,,,,,,,,,,,,,,,,,,,,,,,,,,,,,,,,,,,,,,,,,,,,,,,,,,,,,,,,,,,,,,,,,,,,,,,,15,d,Time,10,,mg/kg,Mass fraction,,,10,,mg/kg,Mass fraction,,
84-61-7,"1,2-Benzenedicarboxylic acid, 1,2-dicyclohexyl ester;1,2-Benzenedicarboxylic acid, dicyclohexyl ester;1,2-dicyclohexyl benzene-1,2-dicarboxylate;dicyclohexyl benzene-1,2-dicarboxylate;Dicyclohexyl phthalate;dicyclohexyl phthalate (1,2-benzenedicarboxylic acid, dicyclohexyl ester);Dicyclohexyl phthalate [DCHP];Dicyclohexyl_Phthalate;Phthalic acid, dicyclohexyl ester",,,,,,,,,,,,,,,,,,,,,,,,,,,,,,,,,,,,,,,,,,,,,,,,,,,,,,,,,,,,,,,,,,,,,,,,,,,,,,,,,,,,,,,,,,,,,,,,,,,,,,,,,,,,,,,,,,,,,,,,,,,,,,,,Ecotoxicological Information#Aquatic Toxicity,ECOTOX,,A Comparative Study on Antioxidant Status Combined with Integrated Biomarker Response in Carassius auratus Fish Exposed to Nine Phthalates,NOEC,,True,No qualifier,Equal,Environ. Toxicol.30(10): 1125-1134,,,,,,,,Carassius auratus,Increasing,"Qu,R., M. Feng, P. Sun, and Z. Wang",Enzyme(s),2224144,2468797,Formulation,Fresh water,Catalase,,Carrier or solvent,07/25/2019,A,,Intraperitoneal,07/25/2019,Liver,Lab,09/12/2019,Laboratory,2014,Reviewer assigned endpoint,Not significant at all concentrations,P,,,DECHLORINATED AND AERATED WATER,Unmeasured,bdwt,Dicyclohexyl phthalate,,,INTEGRATED BIOMARKER RESPONSE,SOURCE/LOCAL AQUATIC BREEDER//MEDIA/DECHLORINATED AND AERATED WATER//,Animalia (animals),Bilateria,Chordata (chordates),Vertebrata (vertebrates),"Actinopterygii (ray-finned fishes,spiny rayed fishes)",Teleostei,"Cypriniformes (minnows,suckers)","Cyprinidae (carps,minnows,carps and minnows)",Carassius (Crucian carps),Deuterostomia,Gnathostomata,,,,,2,None,,,,,,,,15,d,Time,15,d,Time,,°C,Temperature,20,22,0.05,<,None,,,,,,Ostariophysi,,,ONLY CONC TESTED,CONC1/ONLY CONC TESTED//,LOCAL AQUATIC BREEDER,Cyprinoidea,5,Organism,Unknown,1,Dosed x time(s) per study period,Unknown,25.78,g,Mass,,,,,,,,,,,,,,,,,,,,,,,,,,,,,,,,,,,,,,,,,,,,,,,,,,,,,,,,,,,,,,,,,,,,,,,,,,,,,,,,,,,,,,,,,,,,,,,,,,,,1,d,Time,10,,mg/kg,Mass fraction,,,10,,mg/kg,Mass fraction,,
84-61-7,"1,2-Benzenedicarboxylic acid, 1,2-dicyclohexyl ester;1,2-Benzenedicarboxylic acid, dicyclohexyl ester;1,2-dicyclohexyl benzene-1,2-dicarboxylate;dicyclohexyl benzene-1,2-dicarboxylate;Dicyclohexyl phthalate;dicyclohexyl phthalate (1,2-benzenedicarboxylic acid, dicyclohexyl ester);Dicyclohexyl phthalate [DCHP];Dicyclohexyl_Phthalate;Phthalic acid, dicyclohexyl ester",,,,,,,,,,,,,,,,,,,,,,,,,,,,,,,,,,,,,,,,,,,,,,,,,,,,,,,,,,,,,,,,,,,,,,,,,,,,,,,,,,,,,,,,,,,,,,,,,,,,,,,,,,,,,,,,,,,,,,,,,,,,,,,,Ecotoxicological Information#Aquatic Toxicity,ECOTOX,,A Comparative Study on Antioxidant Status Combined with Integrated Biomarker Response in Carassius auratus Fish Exposed to Nine Phthalates,NOEC,,True,No qualifier,Equal,Environ. Toxicol.30(10): 1125-1134,,,,,,,,Carassius auratus,Decreasing,"Qu,R., M. Feng, P. Sun, and Z. Wang",Enzyme(s),2224144,2468790,Formulation,Fresh water,Superoxide dismutase (SOD) enzyme activity,,Carrier or solvent,07/25/2019,A,,Intraperitoneal,07/25/2019,Liver,Lab,09/12/2019,Laboratory,2014,Reviewer assigned endpoint,Not significant at all concentrations,P,,,DECHLORINATED AND AERATED WATER,Unmeasured,bdwt,Dicyclohexyl phthalate,,,INTEGRATED BIOMARKER RESPONSE,SOURCE/LOCAL AQUATIC BREEDER//MEDIA/DECHLORINATED AND AERATED WATER//,Animalia (animals),Bilateria,Chordata (chordates),Vertebrata (vertebrates),"Actinopterygii (ray-finned fishes,spiny rayed fishes)",Teleostei,"Cypriniformes (minnows,suckers)","Cyprinidae (carps,minnows,carps and minnows)",Carassius (Crucian carps),Deuterostomia,Gnathostomata,,,,,2,None,,,,,,,,15,d,Time,15,d,Time,,°C,Temperature,20,22,0.05,<,None,,,,,,Ostariophysi,,,ONLY CONC TESTED,CONC1/ONLY CONC TESTED//,LOCAL AQUATIC BREEDER,Cyprinoidea,5,Organism,Unknown,1,Dosed x time(s) per study period,Unknown,25.78,g,Mass,,,,,,,,,,,,,,,,,,,,,,,,,,,,,,,,,,,,,,,,,,,,,,,,,,,,,,,,,,,,,,,,,,,,,,,,,,,,,,,,,,,,,,,,,,,,,,,,,,,,1,d,Time,10,,mg/kg,Mass fraction,,,10,,mg/kg,Mass fraction,,
84-61-7,"1,2-Benzenedicarboxylic acid, 1,2-dicyclohexyl ester;1,2-Benzenedicarboxylic acid, dicyclohexyl ester;1,2-dicyclohexyl benzene-1,2-dicarboxylate;dicyclohexyl benzene-1,2-dicarboxylate;Dicyclohexyl phthalate;dicyclohexyl phthalate (1,2-benzenedicarboxylic acid, dicyclohexyl ester);Dicyclohexyl phthalate [DCHP];Dicyclohexyl_Phthalate;Phthalic acid, dicyclohexyl ester",,,,,,,,,,,,,,,,,,,,,,,,,,,,,,,,,,,,,,,,,,,,,,,,,,,,,,,,,,,,,,,,,,,,,,,,,,,,,,,,,,,,,,,,,,,,,,,,,,,,,,,,,,,,,,,,,,,,,,,,,,,,,,,,Ecotoxicological Information#Aquatic Toxicity,ECOTOX,,A Comparative Study on Antioxidant Status Combined with Integrated Biomarker Response in Carassius auratus Fish Exposed to Nine Phthalates,NOEC,,True,No qualifier,Equal,Environ. Toxicol.30(10): 1125-1134,,,,,,,,Carassius auratus,Decreasing,"Qu,R., M. Feng, P. Sun, and Z. Wang",Enzyme(s),2224144,2468798,Formulation,Fresh water,Glutathione peroxidase,,Carrier or solvent,07/25/2019,A,,Intraperitoneal,07/25/2019,Liver,Lab,09/12/2019,Laboratory,2014,Reviewer assigned endpoint,Not significant at all concentrations,P,,,DECHLORINATED AND AERATED WATER,Unmeasured,bdwt,Dicyclohexyl phthalate,,,INTEGRATED BIOMARKER RESPONSE,SOURCE/LOCAL AQUATIC BREEDER//MEDIA/DECHLORINATED AND AERATED WATER//,Animalia (animals),Bilateria,Chordata (chordates),Vertebrata (vertebrates),"Actinopterygii (ray-finned fishes,spiny rayed fishes)",Teleostei,"Cypriniformes (minnows,suckers)","Cyprinidae (carps,minnows,carps and minnows)",Carassius (Crucian carps),Deuterostomia,Gnathostomata,,,,,2,None,,,,,,,,15,d,Time,15,d,Time,,°C,Temperature,20,22,0.05,<,None,,,,,,Ostariophysi,,,ONLY CONC TESTED,CONC1/ONLY CONC TESTED//,LOCAL AQUATIC BREEDER,Cyprinoidea,5,Organism,Unknown,1,Dosed x time(s) per study period,Unknown,25.78,g,Mass,,,,,,,,,,,,,,,,,,,,,,,,,,,,,,,,,,,,,,,,,,,,,,,,,,,,,,,,,,,,,,,,,,,,,,,,,,,,,,,,,,,,,,,,,,,,,,,,,,,,1,d,Time,10,,mg/kg,Mass fraction,,,10,,mg/kg,Mass fraction,,
84-61-7,"1,2-Benzenedicarboxylic acid, 1,2-dicyclohexyl ester;1,2-Benzenedicarboxylic acid, dicyclohexyl ester;1,2-dicyclohexyl benzene-1,2-dicarboxylate;dicyclohexyl benzene-1,2-dicarboxylate;Dicyclohexyl phthalate;dicyclohexyl phthalate (1,2-benzenedicarboxylic acid, dicyclohexyl ester);Dicyclohexyl phthalate [DCHP];Dicyclohexyl_Phthalate;Phthalic acid, dicyclohexyl ester",,,,,,,,,,,,,,,,,,,,,,,,,,,,,,,,,,,,,,,,,,,,,,,,,,,,,,,,,,,,,,,,,,,,,,,,,,,,,,,,,,,,,,,,,,,,,,,,,,,,,,,,,,,,,,,,,,,,,,,,,,,,,,,,Ecotoxicological Information#Aquatic Toxicity,ECOTOX,,A Comparative Study on Antioxidant Status Combined with Integrated Biomarker Response in Carassius auratus Fish Exposed to Nine Phthalates,NOEC,,True,No qualifier,Equal,Environ. Toxicol.30(10): 1125-1134,,,,,,,,Carassius auratus,Decreasing,"Qu,R., M. Feng, P. Sun, and Z. Wang",Enzyme(s),2224144,2468795,Formulation,Fresh water,Catalase,,Carrier or solvent,07/25/2019,A,,Intraperitoneal,07/25/2019,Liver,Lab,09/12/2019,Laboratory,2014,Reviewer assigned endpoint,Not significant at all concentrations,P,,,DECHLORINATED AND AERATED WATER,Unmeasured,bdwt,Dicyclohexyl phthalate,,,INTEGRATED BIOMARKER RESPONSE,SOURCE/LOCAL AQUATIC BREEDER//MEDIA/DECHLORINATED AND AERATED WATER//,Animalia (animals),Bilateria,Chordata (chordates),Vertebrata (vertebrates),"Actinopterygii (ray-finned fishes,spiny rayed fishes)",Teleostei,"Cypriniformes (minnows,suckers)","Cyprinidae (carps,minnows,carps and minnows)",Carassius (Crucian carps),Deuterostomia,Gnathostomata,,,,,2,None,,,,,,,,15,d,Time,15,d,Time,,°C,Temperature,20,22,0.05,<,None,,,,,,Ostariophysi,,,ONLY CONC TESTED,CONC1/ONLY CONC TESTED//,LOCAL AQUATIC BREEDER,Cyprinoidea,5,Organism,Unknown,1,Dosed x time(s) per study period,Unknown,25.78,g,Mass,,,,,,,,,,,,,,,,,,,,,,,,,,,,,,,,,,,,,,,,,,,,,,,,,,,,,,,,,,,,,,,,,,,,,,,,,,,,,,,,,,,,,,,,,,,,,,,,,,,,8,d,Time,10,,mg/kg,Mass fraction,,,10,,mg/kg,Mass fraction,,
84-61-7,"1,2-Benzenedicarboxylic acid, 1,2-dicyclohexyl ester;1,2-Benzenedicarboxylic acid, dicyclohexyl ester;1,2-dicyclohexyl benzene-1,2-dicarboxylate;dicyclohexyl benzene-1,2-dicarboxylate;Dicyclohexyl phthalate;dicyclohexyl phthalate (1,2-benzenedicarboxylic acid, dicyclohexyl ester);Dicyclohexyl phthalate [DCHP];Dicyclohexyl_Phthalate;Phthalic acid, dicyclohexyl ester",,,,,,,,,,,,,,,,,,,,,,,,,,,,,,,,,,,,,,,,,,,,,,,,,,,,,,,,,,,,,,,,,,,,,,,,,,,,,,,,,,,,,,,,,,,,,,,,,,,,,,,,,,,,,,,,,,,,,,,,,,,,,,,,Ecotoxicological Information#Aquatic Toxicity,ECOTOX,,A Comparative Study on Antioxidant Status Combined with Integrated Biomarker Response in Carassius auratus Fish Exposed to Nine Phthalates,NOEC,,True,No qualifier,Equal,Environ. Toxicol.30(10): 1125-1134,,,,,,,,Carassius auratus,Decreasing,"Qu,R., M. Feng, P. Sun, and Z. Wang",Enzyme(s),2224144,2468792,Formulation,Fresh water,Superoxide dismutase (SOD) enzyme activity,,Carrier or solvent,07/25/2019,A,,Intraperitoneal,07/25/2019,Liver,Lab,09/12/2019,Laboratory,2014,Reviewer assigned endpoint,Not significant at all concentrations,P,,,DECHLORINATED AND AERATED WATER,Unmeasured,bdwt,Dicyclohexyl phthalate,,,INTEGRATED BIOMARKER RESPONSE,SOURCE/LOCAL AQUATIC BREEDER//MEDIA/DECHLORINATED AND AERATED WATER//,Animalia (animals),Bilateria,Chordata (chordates),Vertebrata (vertebrates),"Actinopterygii (ray-finned fishes,spiny rayed fishes)",Teleostei,"Cypriniformes (minnows,suckers)","Cyprinidae (carps,minnows,carps and minnows)",Carassius (Crucian carps),Deuterostomia,Gnathostomata,,,,,2,None,,,,,,,,15,d,Time,15,d,Time,,°C,Temperature,20,22,0.05,<,None,,,,,,Ostariophysi,,,ONLY CONC TESTED,CONC1/ONLY CONC TESTED//,LOCAL AQUATIC BREEDER,Cyprinoidea,5,Organism,Unknown,1,Dosed x time(s) per study period,Unknown,25.78,g,Mass,,,,,,,,,,,,,,,,,,,,,,,,,,,,,,,,,,,,,,,,,,,,,,,,,,,,,,,,,,,,,,,,,,,,,,,,,,,,,,,,,,,,,,,,,,,,,,,,,,,,8,d,Time,10,,mg/kg,Mass fraction,,,10,,mg/kg,Mass fraction,,
84-61-7,"1,2-Benzenedicarboxylic acid, 1,2-dicyclohexyl ester;1,2-Benzenedicarboxylic acid, dicyclohexyl ester;1,2-dicyclohexyl benzene-1,2-dicarboxylate;dicyclohexyl benzene-1,2-dicarboxylate;Dicyclohexyl phthalate;dicyclohexyl phthalate (1,2-benzenedicarboxylic acid, dicyclohexyl ester);Dicyclohexyl phthalate [DCHP];Dicyclohexyl_Phthalate;Phthalic acid, dicyclohexyl ester",,,,,,,,,,,,,,,,,,,,,,,,,,,,,,,,,,,,,,,,,,,,,,,,,,,,,,,,,,,,,,,,,,,,,,,,,,,,,,,,,,,,,,,,,,,,,,,,,,,,,,,,,,,,,,,,,,,,,,,,,,,,,,,,Ecotoxicological Information#Aquatic Toxicity,ECOTOX,,A Comparative Study on Antioxidant Status Combined with Integrated Biomarker Response in Carassius auratus Fish Exposed to Nine Phthalates,NOEC,,True,No qualifier,Equal,Environ. Toxicol.30(10): 1125-1134,,,,,,,,Carassius auratus,Decreasing,"Qu,R., M. Feng, P. Sun, and Z. Wang",Enzyme(s),2224144,2468800,Formulation,Fresh water,Glutathione peroxidase,,Carrier or solvent,07/25/2019,A,,Intraperitoneal,07/25/2019,Liver,Lab,09/12/2019,Laboratory,2014,Reviewer assigned endpoint,Not significant at all concentrations,P,,,DECHLORINATED AND AERATED WATER,Unmeasured,bdwt,Dicyclohexyl phthalate,,,INTEGRATED BIOMARKER RESPONSE,SOURCE/LOCAL AQUATIC BREEDER//MEDIA/DECHLORINATED AND AERATED WATER//,Animalia (animals),Bilateria,Chordata (chordates),Vertebrata (vertebrates),"Actinopterygii (ray-finned fishes,spiny rayed fishes)",Teleostei,"Cypriniformes (minnows,suckers)","Cyprinidae (carps,minnows,carps and minnows)",Carassius (Crucian carps),Deuterostomia,Gnathostomata,,,,,2,None,,,,,,,,15,d,Time,15,d,Time,,°C,Temperature,20,22,0.05,<,None,,,,,,Ostariophysi,,,ONLY CONC TESTED,CONC1/ONLY CONC TESTED//,LOCAL AQUATIC BREEDER,Cyprinoidea,5,Organism,Unknown,1,Dosed x time(s) per study period,Unknown,25.78,g,Mass,,,,,,,,,,,,,,,,,,,,,,,,,,,,,,,,,,,,,,,,,,,,,,,,,,,,,,,,,,,,,,,,,,,,,,,,,,,,,,,,,,,,,,,,,,,,,,,,,,,,8,d,Time,10,,mg/kg,Mass fraction,,,10,,mg/kg,Mass fraction,,
84-61-7,"1,2-Benzenedicarboxylic acid, 1,2-dicyclohexyl ester;1,2-Benzenedicarboxylic acid, dicyclohexyl ester;1,2-dicyclohexyl benzene-1,2-dicarboxylate;dicyclohexyl benzene-1,2-dicarboxylate;Dicyclohexyl phthalate;dicyclohexyl phthalate (1,2-benzenedicarboxylic acid, dicyclohexyl ester);Dicyclohexyl phthalate [DCHP];Dicyclohexyl_Phthalate;Phthalic acid, dicyclohexyl ester",,,,,,,,,,,,,,,,,,,,,,,,,,,,,,,,,,,,,,,,,,,,,,,,,,,,,,,,,,,,,,,,,,,,,,,,,,,,,,,,,,,,,,,,,,,,,,,,,,,,,,,,,,,,,,,,,,,,,,,,,,,,,,,,Ecotoxicological Information#Aquatic Toxicity,ECOTOX,,A Comparative Study on Antioxidant Status Combined with Integrated Biomarker Response in Carassius auratus Fish Exposed to Nine Phthalates,NOEC,,True,No qualifier,Equal,Environ. Toxicol.30(10): 1125-1134,,,,,,,,Carassius auratus,Increasing,"Qu,R., M. Feng, P. Sun, and Z. Wang",Enzyme(s),2224144,2468796,Formulation,Fresh water,Catalase,,Carrier or solvent,07/25/2019,A,,Intraperitoneal,07/25/2019,Liver,Lab,09/12/2019,Laboratory,2014,Reviewer assigned endpoint,Not significant at all concentrations,P,,,DECHLORINATED AND AERATED WATER,Unmeasured,bdwt,Dicyclohexyl phthalate,,,INTEGRATED BIOMARKER RESPONSE,SOURCE/LOCAL AQUATIC BREEDER//MEDIA/DECHLORINATED AND AERATED WATER//,Animalia (animals),Bilateria,Chordata (chordates),Vertebrata (vertebrates),"Actinopterygii (ray-finned fishes,spiny rayed fishes)",Teleostei,"Cypriniformes (minnows,suckers)","Cyprinidae (carps,minnows,carps and minnows)",Carassius (Crucian carps),Deuterostomia,Gnathostomata,,,,,2,None,,,,,,,,15,d,Time,15,d,Time,,°C,Temperature,20,22,0.05,<,None,,,,,,Ostariophysi,,,ONLY CONC TESTED,CONC1/ONLY CONC TESTED//,LOCAL AQUATIC BREEDER,Cyprinoidea,5,Organism,Unknown,1,Dosed x time(s) per study period,Unknown,25.78,g,Mass,,,,,,,,,,,,,,,,,,,,,,,,,,,,,,,,,,,,,,,,,,,,,,,,,,,,,,,,,,,,,,,,,,,,,,,,,,,,,,,,,,,,,,,,,,,,,,,,,,,,4,d,Time,10,,mg/kg,Mass fraction,,,10,,mg/kg,Mass fraction,,
84-61-7,"1,2-Benzenedicarboxylic acid, 1,2-dicyclohexyl ester;1,2-Benzenedicarboxylic acid, dicyclohexyl ester;1,2-dicyclohexyl benzene-1,2-dicarboxylate;dicyclohexyl benzene-1,2-dicarboxylate;Dicyclohexyl phthalate;dicyclohexyl phthalate (1,2-benzenedicarboxylic acid, dicyclohexyl ester);Dicyclohexyl phthalate [DCHP];Dicyclohexyl_Phthalate;Phthalic acid, dicyclohexyl ester",,,,,,,,,,,,,,,,,,,,,,,,,,,,,,,,,,,,,,,,,,,,,,,,,,,,,,,,,,,,,,,,,,,,,,,,,,,,,,,,,,,,,,,,,,,,,,,,,,,,,,,,,,,,,,,,,,,,,,,,,,,,,,,,Ecotoxicological Information#Aquatic Toxicity,ECOTOX,,A Comparative Study on Antioxidant Status Combined with Integrated Biomarker Response in Carassius auratus Fish Exposed to Nine Phthalates,NOEC,,True,No qualifier,Equal,Environ. Toxicol.30(10): 1125-1134,,,,,,,,Carassius auratus,Decreasing,"Qu,R., M. Feng, P. Sun, and Z. Wang",Enzyme(s),2224144,2468791,Formulation,Fresh water,Superoxide dismutase (SOD) enzyme activity,,Carrier or solvent,07/25/2019,A,,Intraperitoneal,07/25/2019,Liver,Lab,09/12/2019,Laboratory,2014,Reviewer assigned endpoint,Not significant at all concentrations,P,,,DECHLORINATED AND AERATED WATER,Unmeasured,bdwt,Dicyclohexyl phthalate,,,INTEGRATED BIOMARKER RESPONSE,SOURCE/LOCAL AQUATIC BREEDER//MEDIA/DECHLORINATED AND AERATED WATER//,Animalia (animals),Bilateria,Chordata (chordates),Vertebrata (vertebrates),"Actinopterygii (ray-finned fishes,spiny rayed fishes)",Teleostei,"Cypriniformes (minnows,suckers)","Cyprinidae (carps,minnows,carps and minnows)",Carassius (Crucian carps),Deuterostomia,Gnathostomata,,,,,2,None,,,,,,,,15,d,Time,15,d,Time,,°C,Temperature,20,22,0.05,<,None,,,,,,Ostariophysi,,,ONLY CONC TESTED,CONC1/ONLY CONC TESTED//,LOCAL AQUATIC BREEDER,Cyprinoidea,5,Organism,Unknown,1,Dosed x time(s) per study period,Unknown,25.78,g,Mass,,,,,,,,,,,,,,,,,,,,,,,,,,,,,,,,,,,,,,,,,,,,,,,,,,,,,,,,,,,,,,,,,,,,,,,,,,,,,,,,,,,,,,,,,,,,,,,,,,,,4,d,Time,10,,mg/kg,Mass fraction,,,10,,mg/kg,Mass fraction,,
84-61-7,"1,2-Benzenedicarboxylic acid, 1,2-dicyclohexyl ester;1,2-Benzenedicarboxylic acid, dicyclohexyl ester;1,2-dicyclohexyl benzene-1,2-dicarboxylate;dicyclohexyl benzene-1,2-dicarboxylate;Dicyclohexyl phthalate;dicyclohexyl phthalate (1,2-benzenedicarboxylic acid, dicyclohexyl ester);Dicyclohexyl phthalate [DCHP];Dicyclohexyl_Phthalate;Phthalic acid, dicyclohexyl ester",,,,,,,,,,,,,,,,,,,,,,,,,,,,,,,,,,,,,,,,,,,,,,,,,,,,,,,,,,,,,,,,,,,,,,,,,,,,,,,,,,,,,,,,,,,,,,,,,,,,,,,,,,,,,,,,,,,,,,,,,,,,,,,,Ecotoxicological Information#Aquatic Toxicity,ECOTOX,,A Comparative Study on Antioxidant Status Combined with Integrated Biomarker Response in Carassius auratus Fish Exposed to Nine Phthalates,NOEC,,True,No qualifier,Equal,Environ. Toxicol.30(10): 1125-1134,,,,,,,,Carassius auratus,Decreasing,"Qu,R., M. Feng, P. Sun, and Z. Wang",Enzyme(s),2224144,2468799,Formulation,Fresh water,Glutathione peroxidase,,Carrier or solvent,07/25/2019,A,,Intraperitoneal,07/25/2019,Liver,Lab,09/12/2019,Laboratory,2014,Reviewer assigned endpoint,Not significant at all concentrations,P,,,DECHLORINATED AND AERATED WATER,Unmeasured,bdwt,Dicyclohexyl phthalate,,,INTEGRATED BIOMARKER RESPONSE,SOURCE/LOCAL AQUATIC BREEDER//MEDIA/DECHLORINATED AND AERATED WATER//,Animalia (animals),Bilateria,Chordata (chordates),Vertebrata (vertebrates),"Actinopterygii (ray-finned fishes,spiny rayed fishes)",Teleostei,"Cypriniformes (minnows,suckers)","Cyprinidae (carps,minnows,carps and minnows)",Carassius (Crucian carps),Deuterostomia,Gnathostomata,,,,,2,None,,,,,,,,15,d,Time,15,d,Time,,°C,Temperature,20,22,0.05,<,None,,,,,,Ostariophysi,,,ONLY CONC TESTED,CONC1/ONLY CONC TESTED//,LOCAL AQUATIC BREEDER,Cyprinoidea,5,Organism,Unknown,1,Dosed x time(s) per study period,Unknown,25.78,g,Mass,,,,,,,,,,,,,,,,,,,,,,,,,,,,,,,,,,,,,,,,,,,,,,,,,,,,,,,,,,,,,,,,,,,,,,,,,,,,,,,,,,,,,,,,,,,,,,,,,,,,4,d,Time,10,,mg/kg,Mass fraction,,,10,,mg/kg,Mass fraction,,
84-61-7,"1,2-Benzenedicarboxylic acid, 1,2-dicyclohexyl ester;1,2-Benzenedicarboxylic acid, dicyclohexyl ester;1,2-dicyclohexyl benzene-1,2-dicarboxylate;dicyclohexyl benzene-1,2-dicarboxylate;Dicyclohexyl phthalate;dicyclohexyl phthalate (1,2-benzenedicarboxylic acid, dicyclohexyl ester);Dicyclohexyl phthalate [DCHP];Dicyclohexyl_Phthalate;Phthalic acid, dicyclohexyl ester",,,,,,,,,,,,,,,,,,,,,,,,,,,,,,,,,,,,,,,,,,,,,,,,,,,,,,,,,,,,,,,,,,,,,,,,,,,,,,,,,,,,,,,,,,,,,,,,,,,,,,,,,,,,,,,,,,,,,,,,,,,,,,,,Ecotoxicological Information#Aquatic Toxicity,ECOTOX,,Lethal and Sublethal Effects of Phthalates in Western Clawed Frog,LOEC,,True,No qualifier,Equal,"M.S. Thesis, Department of Chemistry and Chemical Engineering, Royal Military College of Canada, Kingston, ON, Canada:149 p.",,,,,Acute,,,Xenopus tropicalis,Increasing,"Mathieu-Denoncourt,J.",Genetics,2240668,2532635,Active ingredient,Fresh water,Heat shock protein 90 mRNA,American Society for Testing and Materials,Multiple types of controls were reported by the author,02/28/2020,A,89842,Renewal,05/12/2020,,Lab,06/11/2020,Laboratory,2014,Reviewer assigned endpoint,Significant,P,Gastrula,6-10 REPLICATES,DECHLORINATED AND AERATED WATER FROM THE QUEENS UNIVERSITY ANIMAL CARE FACILITY,Measured,PRIMER USED,Dicyclohexyl phthalate,ASTM FETAX (1998),"CONTR/P,V/","TERATOGENIC INDEX, MINIMUM CONCENTRATIONS TO INHIBIT GROWTH (MCIG)","CONTR/P,V//TMETH/ASTM FETAX (1998)//MEDIA/DECHLORINATED AND AERATED WATER FROM THE QUEENS UNIVERSITY ANIMAL CARE FACILITY//",Animalia (animals),Bilateria,Chordata (chordates),Vertebrata (vertebrates),Tetrapoda,Amphibia (Amphibians),"Anura (Frogs,Toads)",Pipidae (Tongueless Frogs),Xenopus (Clawed Frogs),Deuterostomia,Gnathostomata,,None,6.4,8.4,6,None,99,,None,Nieuwkoop-faber-stage,Unknown,11,12,72,h,Time,72,h,Time,,°C,Temperature,23.8,27,0.05,<,None,,,,,,,,,HIGHER CONCENTRATIONS NOT REPORTED,CONC1/HIGHER CONCENTRATIONS NOT REPORTED//,,,,,,,,,,,,,,,,,,,,,,,,,,,,,,,,,,,,,,,,,,,,,,,,,,,,,,,,,,,,,,,,,,,,,,,,,,,,,,,,,,,,,,,,,,,,,,,,,,,,,,,,,,,,,,,72,h,Time,1.5,,mg/L,Mass concentration,0.20000000298023224,2.700000047683716,1.5,,mg/L,Mass concentration,0.20000000298023224,2.700000047683716
84-61-7,"1,2-Benzenedicarboxylic acid, 1,2-dicyclohexyl ester;1,2-Benzenedicarboxylic acid, dicyclohexyl ester;1,2-dicyclohexyl benzene-1,2-dicarboxylate;dicyclohexyl benzene-1,2-dicarboxylate;Dicyclohexyl phthalate;dicyclohexyl phthalate (1,2-benzenedicarboxylic acid, dicyclohexyl ester);Dicyclohexyl phthalate [DCHP];Dicyclohexyl_Phthalate;Phthalic acid, dicyclohexyl ester",,,,,,,,,,,,,,,,,,,,,,,,,,,,,,,,,,,,,,,,,,,,,,,,,,,,,,,,,,,,,,,,,,,,,,,,,,,,,,,,,,,,,,,,,,,,,,,,,,,,,,,,,,,,,,,,,,,,,,,,,,,,,,,,Ecotoxicological Information#Aquatic Toxicity,ECOTOX,,Toxicity and Endocrine Disruption of Phthalates in Fish and Amphibians,LOEC,,True,No qualifier,Equal,SRAD Progress Report 2013-14:20 p.,,,,,Acute,,,Xenopus tropicalis,Increasing,"De Solla,S.R., and V.S. Langlois",Genetics,2233950,2498573,Active ingredient,Fresh water,HSP70 mRNA,American Society for Testing and Materials,Multiple types of controls were reported by the author,11/22/2019,A,85966,,11/23/2019,,Lab,12/12/2019,,2014,Reviewer assigned endpoint,Significant,P,Embryo,6-10 REPLICATES,SPIKED WATER,Measured,PRIMER USED; STATS TO C CONTROL,Dicyclohexyl phthalate,"ASTM 1998, E1439-98","CONTR/C,V/",,"CONTR/C,V//TMETH/ASTM 1998, E1439-98//MEDIA/SPIKED WATER//",Animalia (animals),Bilateria,Chordata (chordates),Vertebrata (vertebrates),Tetrapoda,Amphibia (Amphibians),"Anura (Frogs,Toads)",Pipidae (Tongueless Frogs),Xenopus (Clawed Frogs),Deuterostomia,Gnathostomata,6.5,None,,,7,None,,,,,,,,72,h,Time,72,h,Time,,,,,,0.05,<,None,,,,,,,,,,,,,,,,,,,,,,,,,,,,,,,,,,,,,,,,,,,,,,,,,,,,,,,,,,,,,,,,,,,,,,,,,,,,,,,,,,,,,,,,,,,,,,,,,,,,,,,,,,,,,,,,,,,,,,,,,72,h,Time,4.099999904632568,,mg/L,Mass concentration,1.2000000476837158,7,4.099999904632568,,mg/L,Mass concentration,1.2000000476837158,7
84-61-7,"1,2-Benzenedicarboxylic acid, 1,2-dicyclohexyl ester;1,2-Benzenedicarboxylic acid, dicyclohexyl ester;1,2-dicyclohexyl benzene-1,2-dicarboxylate;dicyclohexyl benzene-1,2-dicarboxylate;Dicyclohexyl phthalate;dicyclohexyl phthalate (1,2-benzenedicarboxylic acid, dicyclohexyl ester);Dicyclohexyl phthalate [DCHP];Dicyclohexyl_Phthalate;Phthalic acid, dicyclohexyl ester",,,,,,,,,,,,,,,,,,,,,,,,,,,,,,,,,,,,,,,,,,,,,,,,,,,,,,,,,,,,,,,,,,,,,,,,,,,,,,,,,,,,,,,,,,,,,,,,,,,,,,,,,,,,,,,,,,,,,,,,,,,,,,,,Ecotoxicological Information#Aquatic Toxicity,ECOTOX,,Lethal and Sublethal Effects of Phthalate Diesters in Silurana tropicalis Larvae,LOEC,,True,No qualifier,Equal,Environ. Toxicol. Chem.35(10): 2511-2522,,,,,Acute,,,Xenopus tropicalis,Increasing,"Mathieu-Denoncourt,J., C.J. Martyniuk, J.R. Loughery, V. Yargeau, S.R. De Solla, and V.S. Langlois",Genetics,2224165,2469026,Active ingredient,Culture,Steroidogenic Acute Regulatory protein mRNA,American Society for Testing and Materials,Multiple types of controls were reported by the author,07/26/2019,A,82402,Renewal,07/29/2019,Whole organism,Lab,09/12/2019,Laboratory,2016,Reviewer assigned endpoint,Significant,P,Larva,4 - 17 REPLICATES,FETAX SOLUTION,Measured,STATS FROM V CONTROL,Dicyclohexyl phthalate,"FETAX, 2004","CONTR/C,V/",SUBNETWORK ENRICHMENT ANALYSIS,"CONTR/C,V//TMETH/FETAX, 2004//MEDIA/FETAX SOLUTION//",Animalia (animals),Bilateria,Chordata (chordates),Vertebrata (vertebrates),Tetrapoda,Amphibia (Amphibians),"Anura (Frogs,Toads)",Pipidae (Tongueless Frogs),Xenopus (Clawed Frogs),Deuterostomia,Gnathostomata,,None,7.2,8.4,7,None,99,,None,Nieuwkoop-faber-stage,Unknown,11,12,72,h,Time,72,h,Time,26,°C,Temperature,,,0.05,<,None,,,,,,,,,,,,,,,,,,,,,,,,,,,,,,,,,,,,,,,,,,,,,,,,,,,,,,,,,,,,,,,,,,,,,,,,,,,,,,,,,,,,,,,,,,,,,,,,,,,,,,,,,,,,,,,,,,,,,,,,,72,h,Time,1.5,,mg/L,Mass concentration,,,1.5,,mg/L,Mass concentration,,
84-61-7,"1,2-Benzenedicarboxylic acid, 1,2-dicyclohexyl ester;1,2-Benzenedicarboxylic acid, dicyclohexyl ester;1,2-dicyclohexyl benzene-1,2-dicarboxylate;dicyclohexyl benzene-1,2-dicarboxylate;Dicyclohexyl phthalate;dicyclohexyl phthalate (1,2-benzenedicarboxylic acid, dicyclohexyl ester);Dicyclohexyl phthalate [DCHP];Dicyclohexyl_Phthalate;Phthalic acid, dicyclohexyl ester",,,,,,,,,,,,,,,,,,,,,,,,,,,,,,,,,,,,,,,,,,,,,,,,,,,,,,,,,,,,,,,,,,,,,,,,,,,,,,,,,,,,,,,,,,,,,,,,,,,,,,,,,,,,,,,,,,,,,,,,,,,,,,,,Ecotoxicological Information#Aquatic Toxicity,ECOTOX,,Lethal and Sublethal Effects of Phthalates in Western Clawed Frog,LOEC,,True,No qualifier,Equal,"M.S. Thesis, Department of Chemistry and Chemical Engineering, Royal Military College of Canada, Kingston, ON, Canada:149 p.",,,,,Acute,,,Xenopus tropicalis,Increasing,"Mathieu-Denoncourt,J.",Genetics,2240668,2532636,Active ingredient,Fresh water,Peroxisome proliferator-activated receptor alpha mRNA,American Society for Testing and Materials,Multiple types of controls were reported by the author,02/28/2020,A,89843,Renewal,05/12/2020,,Lab,06/11/2020,Laboratory,2014,Reviewer assigned endpoint,Significant,P,Gastrula,6-10 REPLICATES,DECHLORINATED AND AERATED WATER FROM THE QUEENS UNIVERSITY ANIMAL CARE FACILITY,Measured,PRIMER USED,Dicyclohexyl phthalate,ASTM FETAX (1998),"CONTR/P,V/","TERATOGENIC INDEX, MINIMUM CONCENTRATIONS TO INHIBIT GROWTH (MCIG)","CONTR/P,V//TMETH/ASTM FETAX (1998)//MEDIA/DECHLORINATED AND AERATED WATER FROM THE QUEENS UNIVERSITY ANIMAL CARE FACILITY//",Animalia (animals),Bilateria,Chordata (chordates),Vertebrata (vertebrates),Tetrapoda,Amphibia (Amphibians),"Anura (Frogs,Toads)",Pipidae (Tongueless Frogs),Xenopus (Clawed Frogs),Deuterostomia,Gnathostomata,,None,6.4,8.4,6,None,99,,None,Nieuwkoop-faber-stage,Unknown,11,12,72,h,Time,72,h,Time,,°C,Temperature,23.8,27,0.05,<,None,,,,,,,,,HIGHER CONCENTRATIONS NOT REPORTED,CONC1/HIGHER CONCENTRATIONS NOT REPORTED//,,,,,,,,,,,,,,,,,,,,,,,,,,,,,,,,,,,,,,,,,,,,,,,,,,,,,,,,,,,,,,,,,,,,,,,,,,,,,,,,,,,,,,,,,,,,,,,,,,,,,,,,,,,,,,,72,h,Time,1.5,,mg/L,Mass concentration,0.20000000298023224,2.700000047683716,1.5,,mg/L,Mass concentration,0.20000000298023224,2.700000047683716
84-61-7,"1,2-Benzenedicarboxylic acid, 1,2-dicyclohexyl ester;1,2-Benzenedicarboxylic acid, dicyclohexyl ester;1,2-dicyclohexyl benzene-1,2-dicarboxylate;dicyclohexyl benzene-1,2-dicarboxylate;Dicyclohexyl phthalate;dicyclohexyl phthalate (1,2-benzenedicarboxylic acid, dicyclohexyl ester);Dicyclohexyl phthalate [DCHP];Dicyclohexyl_Phthalate;Phthalic acid, dicyclohexyl ester",,,,,,,,,,,,,,,,,,,,,,,,,,,,,,,,,,,,,,,,,,,,,,,,,,,,,,,,,,,,,,,,,,,,,,,,,,,,,,,,,,,,,,,,,,,,,,,,,,,,,,,,,,,,,,,,,,,,,,,,,,,,,,,,Ecotoxicological Information#Aquatic Toxicity,ECOTOX,,Toxicity and Endocrine Disruption of Phthalates in Fish and Amphibians,LOEC,,True,No qualifier,Equal,SRAD Progress Report 2013-14:20 p.,,,,,Acute,,,Xenopus tropicalis,Increasing,"De Solla,S.R., and V.S. Langlois",Genetics,2233950,2498570,Active ingredient,Fresh water,Steroidogenic Acute Regulatory protein mRNA,American Society for Testing and Materials,Multiple types of controls were reported by the author,11/22/2019,A,85965,,11/23/2019,,Lab,12/12/2019,,2014,Reviewer assigned endpoint,Significant,P,Embryo,6-10 REPLICATES,SPIKED WATER,Measured,PRIMER USED; STATS TO C CONTROL,Dicyclohexyl phthalate,"ASTM 1998, E1439-98","CONTR/C,V/",,"CONTR/C,V//TMETH/ASTM 1998, E1439-98//MEDIA/SPIKED WATER//",Animalia (animals),Bilateria,Chordata (chordates),Vertebrata (vertebrates),Tetrapoda,Amphibia (Amphibians),"Anura (Frogs,Toads)",Pipidae (Tongueless Frogs),Xenopus (Clawed Frogs),Deuterostomia,Gnathostomata,6.5,None,,,7,None,,,,,,,,72,h,Time,72,h,Time,,,,,,0.05,<,None,,,,,,,,,,,,,,,,,,,,,,,,,,,,,,,,,,,,,,,,,,,,,,,,,,,,,,,,,,,,,,,,,,,,,,,,,,,,,,,,,,,,,,,,,,,,,,,,,,,,,,,,,,,,,,,,,,,,,,,,,72,h,Time,1.5,,mg/L,Mass concentration,0.20000000298023224,2.700000047683716,1.5,,mg/L,Mass concentration,0.20000000298023224,2.700000047683716
84-61-7,"1,2-Benzenedicarboxylic acid, 1,2-dicyclohexyl ester;1,2-Benzenedicarboxylic acid, dicyclohexyl ester;1,2-dicyclohexyl benzene-1,2-dicarboxylate;dicyclohexyl benzene-1,2-dicarboxylate;Dicyclohexyl phthalate;dicyclohexyl phthalate (1,2-benzenedicarboxylic acid, dicyclohexyl ester);Dicyclohexyl phthalate [DCHP];Dicyclohexyl_Phthalate;Phthalic acid, dicyclohexyl ester",,,,,,,,,,,,,,,,,,,,,,,,,,,,,,,,,,,,,,,,,,,,,,,,,,,,,,,,,,,,,,,,,,,,,,,,,,,,,,,,,,,,,,,,,,,,,,,,,,,,,,,,,,,,,,,,,,,,,,,,,,,,,,,,Ecotoxicological Information#Aquatic Toxicity,ECOTOX,,Lethal and Sublethal Effects of Phthalate Diesters in Silurana tropicalis Larvae,LOEC,,True,No qualifier,Equal,Environ. Toxicol. Chem.35(10): 2511-2522,,,,,Acute,,,Xenopus tropicalis,Increasing,"Mathieu-Denoncourt,J., C.J. Martyniuk, J.R. Loughery, V. Yargeau, S.R. De Solla, and V.S. Langlois",Genetics,2224165,2469021,Active ingredient,Culture,Type I iodothyronine deiodinase mRNA,American Society for Testing and Materials,Multiple types of controls were reported by the author,07/26/2019,A,82400,Renewal,07/29/2019,Whole organism,Lab,09/12/2019,Laboratory,2016,Reviewer assigned endpoint,Significant,P,Larva,4 - 17 REPLICATES,FETAX SOLUTION,Measured,STATS FROM V CONTROL,Dicyclohexyl phthalate,"FETAX, 2004","CONTR/C,V/",SUBNETWORK ENRICHMENT ANALYSIS,"CONTR/C,V//TMETH/FETAX, 2004//MEDIA/FETAX SOLUTION//",Animalia (animals),Bilateria,Chordata (chordates),Vertebrata (vertebrates),Tetrapoda,Amphibia (Amphibians),"Anura (Frogs,Toads)",Pipidae (Tongueless Frogs),Xenopus (Clawed Frogs),Deuterostomia,Gnathostomata,,None,7.2,8.4,7,None,99,,None,Nieuwkoop-faber-stage,Unknown,11,12,72,h,Time,72,h,Time,26,°C,Temperature,,,0.05,<,None,,,,,,,,,,,,,,,,,,,,,,,,,,,,,,,,,,,,,,,,,,,,,,,,,,,,,,,,,,,,,,,,,,,,,,,,,,,,,,,,,,,,,,,,,,,,,,,,,,,,,,,,,,,,,,,,,,,,,,,,,72,h,Time,1.5,,mg/L,Mass concentration,,,1.5,,mg/L,Mass concentration,,
84-61-7,"1,2-Benzenedicarboxylic acid, 1,2-dicyclohexyl ester;1,2-Benzenedicarboxylic acid, dicyclohexyl ester;1,2-dicyclohexyl benzene-1,2-dicarboxylate;dicyclohexyl benzene-1,2-dicarboxylate;Dicyclohexyl phthalate;dicyclohexyl phthalate (1,2-benzenedicarboxylic acid, dicyclohexyl ester);Dicyclohexyl phthalate [DCHP];Dicyclohexyl_Phthalate;Phthalic acid, dicyclohexyl ester",,,,,,,,,,,,,,,,,,,,,,,,,,,,,,,,,,,,,,,,,,,,,,,,,,,,,,,,,,,,,,,,,,,,,,,,,,,,,,,,,,,,,,,,,,,,,,,,,,,,,,,,,,,,,,,,,,,,,,,,,,,,,,,,Ecotoxicological Information#Aquatic Toxicity,ECOTOX,,Lethal and Sublethal Effects of Phthalate Diesters in Silurana tropicalis Larvae,LOEC,,True,No qualifier,Equal,Environ. Toxicol. Chem.35(10): 2511-2522,,,,,Acute,,,Xenopus tropicalis,Increasing,"Mathieu-Denoncourt,J., C.J. Martyniuk, J.R. Loughery, V. Yargeau, S.R. De Solla, and V.S. Langlois",Genetics,2224165,2469022,Active ingredient,Culture,HSP70 mRNA,American Society for Testing and Materials,Multiple types of controls were reported by the author,07/26/2019,A,82401,Renewal,07/29/2019,Whole organism,Lab,09/12/2019,Laboratory,2016,Reviewer assigned endpoint,Significant,P,Larva,4 - 17 REPLICATES,FETAX SOLUTION,Measured,STATS FROM V CONTROL,Dicyclohexyl phthalate,"FETAX, 2004","CONTR/C,V/",SUBNETWORK ENRICHMENT ANALYSIS,"CONTR/C,V//TMETH/FETAX, 2004//MEDIA/FETAX SOLUTION//",Animalia (animals),Bilateria,Chordata (chordates),Vertebrata (vertebrates),Tetrapoda,Amphibia (Amphibians),"Anura (Frogs,Toads)",Pipidae (Tongueless Frogs),Xenopus (Clawed Frogs),Deuterostomia,Gnathostomata,,None,7.2,8.4,7,None,99,,None,Nieuwkoop-faber-stage,Unknown,11,12,72,h,Time,72,h,Time,26,°C,Temperature,,,0.05,<,None,,,,,,,,,,,,,,,,,,,,,,,,,,,,,,,,,,,,,,,,,,,,,,,,,,,,,,,,,,,,,,,,,,,,,,,,,,,,,,,,,,,,,,,,,,,,,,,,,,,,,,,,,,,,,,,,,,,,,,,,,72,h,Time,4.099999904632568,,mg/L,Mass concentration,,,4.099999904632568,,mg/L,Mass concentration,,
84-61-7,"1,2-Benzenedicarboxylic acid, 1,2-dicyclohexyl ester;1,2-Benzenedicarboxylic acid, dicyclohexyl ester;1,2-dicyclohexyl benzene-1,2-dicarboxylate;dicyclohexyl benzene-1,2-dicarboxylate;Dicyclohexyl phthalate;dicyclohexyl phthalate (1,2-benzenedicarboxylic acid, dicyclohexyl ester);Dicyclohexyl phthalate [DCHP];Dicyclohexyl_Phthalate;Phthalic acid, dicyclohexyl ester",,,,,,,,,,,,,,,,,,,,,,,,,,,,,,,,,,,,,,,,,,,,,,,,,,,,,,,,,,,,,,,,,,,,,,,,,,,,,,,,,,,,,,,,,,,,,,,,,,,,,,,,,,,,,,,,,,,,,,,,,,,,,,,,Ecotoxicological Information#Aquatic Toxicity,ECOTOX,,Toxicity and Endocrine Disruption of Phthalates in Fish and Amphibians,LOEC,,True,No qualifier,Equal,SRAD Progress Report 2013-14:20 p.,,,,,Acute,,,Xenopus tropicalis,Increasing,"De Solla,S.R., and V.S. Langlois",Genetics,2233950,2498564,Active ingredient,Fresh water,Type I iodothyronine deiodinase mRNA,American Society for Testing and Materials,Multiple types of controls were reported by the author,11/22/2019,A,85964,,11/23/2019,,Lab,12/12/2019,,2014,Reviewer assigned endpoint,Significant,P,Embryo,6-10 REPLICATES,SPIKED WATER,Measured,PRIMER USED; STATS TO C CONTROL,Dicyclohexyl phthalate,"ASTM 1998, E1439-98","CONTR/C,V/",,"CONTR/C,V//TMETH/ASTM 1998, E1439-98//MEDIA/SPIKED WATER//",Animalia (animals),Bilateria,Chordata (chordates),Vertebrata (vertebrates),Tetrapoda,Amphibia (Amphibians),"Anura (Frogs,Toads)",Pipidae (Tongueless Frogs),Xenopus (Clawed Frogs),Deuterostomia,Gnathostomata,6.5,None,,,7,None,,,,,,,,72,h,Time,72,h,Time,,,,,,0.05,<,None,,,,,,,,,,,,,,,,,,,,,,,,,,,,,,,,,,,,,,,,,,,,,,,,,,,,,,,,,,,,,,,,,,,,,,,,,,,,,,,,,,,,,,,,,,,,,,,,,,,,,,,,,,,,,,,,,,,,,,,,,72,h,Time,1.5,,mg/L,Mass concentration,0.20000000298023224,2.700000047683716,1.5,,mg/L,Mass concentration,0.20000000298023224,2.700000047683716
84-61-7,"1,2-Benzenedicarboxylic acid, 1,2-dicyclohexyl ester;1,2-Benzenedicarboxylic acid, dicyclohexyl ester;1,2-dicyclohexyl benzene-1,2-dicarboxylate;dicyclohexyl benzene-1,2-dicarboxylate;Dicyclohexyl phthalate;dicyclohexyl phthalate (1,2-benzenedicarboxylic acid, dicyclohexyl ester);Dicyclohexyl phthalate [DCHP];Dicyclohexyl_Phthalate;Phthalic acid, dicyclohexyl ester",,,,,,,,,,,,,,,,,,,,,,,,,,,,,,,,,,,,,,,,,,,,,,,,,,,,,,,,,,,,,,,,,,,,,,,,,,,,,,,,,,,,,,,,,,,,,,,,,,,,,,,,,,,,,,,,,,,,,,,,,,,,,,,,Ecotoxicological Information#Aquatic Toxicity,ECOTOX,,"Effects and Toxicity of Phthalate Esters to Hemocytes of Giant Freshwater Prawn, Macrobrachium rosenbergii",NOEC,,True,No qualifier,Equal,Aquat. Toxicol.64:25-37,,,,,,,,Macrobrachium rosenbergii,Increasing,"Sung,H.H., W.Y. Kao, and Y.J. Su",Genetics,2224219,2469168,Formulation,Culture,"Apoptosis, programmed cell death, DNA fragmentation",,Carrier or solvent,07/28/2019,A,,Aquatic - not reported,07/28/2019,Hemocyte,Lab,09/12/2019,Laboratory,2003,Reviewer assigned endpoint,Not significant at all concentrations,P,Not intact,"3 REPLICATES, TOXICITY STUDY",M-199 MEDIUM,Unmeasured,,Dicyclohexyl phthalate,,,,SOURCE/LOCAL PRAWN FARM//MEDIA/M-199 MEDIUM//,Animalia (animals),Bilateria,Arthropoda (arthropods),Crustacea (crustaceans),,Malacostraca,"Decapoda (crabs,crayfishes,lobsters,prawns,shrimp)",Palaemonidae,Macrobrachium,Protostomia,,,,,,2,None,,,,,,,,40,min,Time,40,min,Time,25,°C,Temperature,,,0.05,<,None,,Eumalacostraca,Pleocyemata,Caridea,Ecdysozoa,Eucarida,Palaemoninae,,ONLY CONC TESTED,CONC1/ONLY CONC TESTED//,LOCAL PRAWN FARM,Palaemonoidea,,,,1,Dosed x time(s) per study period,Unknown,,,,,"HEMOCYTES, 1000000 CELLS/ML",,,,,,,,,,,,,,,,,,,,,,,,,,,,,,,,,,,,,,,,,,,,,,,,,,,,,,,,,,,,,,,,,,,,,,,,,,,,,,,,,,,,,,,,,,,,,,,,,,10,min,Time,100,,mg/L,Mass concentration,,,100,,µg/mL,Mass concentration,,
84-61-7,"1,2-Benzenedicarboxylic acid, 1,2-dicyclohexyl ester;1,2-Benzenedicarboxylic acid, dicyclohexyl ester;1,2-dicyclohexyl benzene-1,2-dicarboxylate;dicyclohexyl benzene-1,2-dicarboxylate;Dicyclohexyl phthalate;dicyclohexyl phthalate (1,2-benzenedicarboxylic acid, dicyclohexyl ester);Dicyclohexyl phthalate [DCHP];Dicyclohexyl_Phthalate;Phthalic acid, dicyclohexyl ester",,,,,,,,,,,,,,,,,,,,,,,,,,,,,,,,,,,,,,,,,,,,,,,,,,,,,,,,,,,,,,,,,,,,,,,,,,,,,,,,,,,,,,,,,,,,,,,,,,,,,,,,,,,,,,,,,,,,,,,,,,,,,,,,Ecotoxicological Information#Aquatic Toxicity,ECOTOX,,"Effects and Toxicity of Phthalate Esters to Hemocytes of Giant Freshwater Prawn, Macrobrachium rosenbergii",NOEC,,True,No qualifier,Equal,Aquat. Toxicol.64:25-37,,,,,,,,Macrobrachium rosenbergii,Increasing,"Sung,H.H., W.Y. Kao, and Y.J. Su",Genetics,2224219,2469169,Formulation,Culture,"Apoptosis, programmed cell death, DNA fragmentation",,Carrier or solvent,07/28/2019,A,,Aquatic - not reported,07/28/2019,Hemocyte,Lab,09/12/2019,Laboratory,2003,Reviewer assigned endpoint,Not significant at all concentrations,P,Not intact,"3 REPLICATES, TOXICITY STUDY",M-199 MEDIUM,Unmeasured,,Dicyclohexyl phthalate,,,,SOURCE/LOCAL PRAWN FARM//MEDIA/M-199 MEDIUM//,Animalia (animals),Bilateria,Arthropoda (arthropods),Crustacea (crustaceans),,Malacostraca,"Decapoda (crabs,crayfishes,lobsters,prawns,shrimp)",Palaemonidae,Macrobrachium,Protostomia,,,,,,2,None,,,,,,,,40,min,Time,40,min,Time,25,°C,Temperature,,,0.05,<,None,,Eumalacostraca,Pleocyemata,Caridea,Ecdysozoa,Eucarida,Palaemoninae,,ONLY CONC TESTED,CONC1/ONLY CONC TESTED//,LOCAL PRAWN FARM,Palaemonoidea,,,,1,Dosed x time(s) per study period,Unknown,,,,,"HEMOCYTES, 1000000 CELLS/ML",,,,,,,,,,,,,,,,,,,,,,,,,,,,,,,,,,,,,,,,,,,,,,,,,,,,,,,,,,,,,,,,,,,,,,,,,,,,,,,,,,,,,,,,,,,,,,,,,,40,min,Time,100,,mg/L,Mass concentration,,,100,,µg/mL,Mass concentration,,
84-61-7,"1,2-Benzenedicarboxylic acid, 1,2-dicyclohexyl ester;1,2-Benzenedicarboxylic acid, dicyclohexyl ester;1,2-dicyclohexyl benzene-1,2-dicarboxylate;dicyclohexyl benzene-1,2-dicarboxylate;Dicyclohexyl phthalate;dicyclohexyl phthalate (1,2-benzenedicarboxylic acid, dicyclohexyl ester);Dicyclohexyl phthalate [DCHP];Dicyclohexyl_Phthalate;Phthalic acid, dicyclohexyl ester",,,,,,,,,,,,,,,,,,,,,,,,,,,,,,,,,,,,,,,,,,,,,,,,,,,,,,,,,,,,,,,,,,,,,,,,,,,,,,,,,,,,,,,,,,,,,,,,,,,,,,,,,,,,,,,,,,,,,,,,,,,,,,,,Ecotoxicological Information#Aquatic Toxicity,ECOTOX,,Lethal and Sublethal Effects of Phthalate Diesters in Silurana tropicalis Larvae,NOEC,,True,No qualifier,Equal,Environ. Toxicol. Chem.35(10): 2511-2522,,,,,Acute,,,Xenopus tropicalis,Increasing,"Mathieu-Denoncourt,J., C.J. Martyniuk, J.R. Loughery, V. Yargeau, S.R. De Solla, and V.S. Langlois",Genetics,2224165,2469024,Active ingredient,Culture,Steroidogenic Acute Regulatory protein mRNA,American Society for Testing and Materials,Multiple types of controls were reported by the author,07/26/2019,A,82402,Renewal,07/29/2019,Whole organism,Lab,09/12/2019,Laboratory,2016,Reviewer assigned endpoint,No significance,P,Larva,4 - 17 REPLICATES,FETAX SOLUTION,Measured,STATS FROM V CONTROL,Dicyclohexyl phthalate,"FETAX, 2004","CONTR/C,V/",SUBNETWORK ENRICHMENT ANALYSIS,"CONTR/C,V//TMETH/FETAX, 2004//MEDIA/FETAX SOLUTION//",Animalia (animals),Bilateria,Chordata (chordates),Vertebrata (vertebrates),Tetrapoda,Amphibia (Amphibians),"Anura (Frogs,Toads)",Pipidae (Tongueless Frogs),Xenopus (Clawed Frogs),Deuterostomia,Gnathostomata,,None,7.2,8.4,7,None,99,,None,Nieuwkoop-faber-stage,Unknown,11,12,72,h,Time,72,h,Time,26,°C,Temperature,,,0.05,<,None,,,,,,,,,,,,,,,,,,,,,,,,,,,,,,,,,,,,,,,,,,,,,,,,,,,,,,,,,,,,,,,,,,,,,,,,,,,,,,,,,,,,,,,,,,,,,,,,,,,,,,,,,,,,,,,,,,,,,,,,,72,h,Time,0.30000001192092896,,mg/L,Mass concentration,,,0.30000001192092896,,mg/L,Mass concentration,,
84-61-7,"1,2-Benzenedicarboxylic acid, 1,2-dicyclohexyl ester;1,2-Benzenedicarboxylic acid, dicyclohexyl ester;1,2-dicyclohexyl benzene-1,2-dicarboxylate;dicyclohexyl benzene-1,2-dicarboxylate;Dicyclohexyl phthalate;dicyclohexyl phthalate (1,2-benzenedicarboxylic acid, dicyclohexyl ester);Dicyclohexyl phthalate [DCHP];Dicyclohexyl_Phthalate;Phthalic acid, dicyclohexyl ester",,,,,,,,,,,,,,,,,,,,,,,,,,,,,,,,,,,,,,,,,,,,,,,,,,,,,,,,,,,,,,,,,,,,,,,,,,,,,,,,,,,,,,,,,,,,,,,,,,,,,,,,,,,,,,,,,,,,,,,,,,,,,,,,Ecotoxicological Information#Aquatic Toxicity,ECOTOX,,Toxicity and Endocrine Disruption of Phthalates in Fish and Amphibians,NOEC,,True,No qualifier,Equal,SRAD Progress Report 2013-14:20 p.,,,,,Acute,,,Xenopus tropicalis,Increasing,"De Solla,S.R., and V.S. Langlois",Genetics,2233950,2498563,Active ingredient,Fresh water,Type I iodothyronine deiodinase mRNA,American Society for Testing and Materials,Multiple types of controls were reported by the author,11/22/2019,A,85964,,11/23/2019,,Lab,12/12/2019,,2014,Reviewer assigned endpoint,No significance,P,Embryo,6-10 REPLICATES,SPIKED WATER,Measured,PRIMER USED; STATS TO C CONTROL,Dicyclohexyl phthalate,"ASTM 1998, E1439-98","CONTR/C,V/",,"CONTR/C,V//TMETH/ASTM 1998, E1439-98//MEDIA/SPIKED WATER//",Animalia (animals),Bilateria,Chordata (chordates),Vertebrata (vertebrates),Tetrapoda,Amphibia (Amphibians),"Anura (Frogs,Toads)",Pipidae (Tongueless Frogs),Xenopus (Clawed Frogs),Deuterostomia,Gnathostomata,6.5,None,,,7,None,,,,,,,,72,h,Time,72,h,Time,,,,,,0.05,<,None,,,,,,,,,,,,,,,,,,,,,,,,,,,,,,,,,,,,,,,,,,,,,,,,,,,,,,,,,,,,,,,,,,,,,,,,,,,,,,,,,,,,,,,,,,,,,,,,,,,,,,,,,,,,,,,,,,,,,,,,,72,h,Time,0.30000001192092896,,mg/L,Mass concentration,0.10000000149011612,0.5,0.30000001192092896,,mg/L,Mass concentration,0.10000000149011612,0.5
84-61-7,"1,2-Benzenedicarboxylic acid, 1,2-dicyclohexyl ester;1,2-Benzenedicarboxylic acid, dicyclohexyl ester;1,2-dicyclohexyl benzene-1,2-dicarboxylate;dicyclohexyl benzene-1,2-dicarboxylate;Dicyclohexyl phthalate;dicyclohexyl phthalate (1,2-benzenedicarboxylic acid, dicyclohexyl ester);Dicyclohexyl phthalate [DCHP];Dicyclohexyl_Phthalate;Phthalic acid, dicyclohexyl ester",,,,,,,,,,,,,,,,,,,,,,,,,,,,,,,,,,,,,,,,,,,,,,,,,,,,,,,,,,,,,,,,,,,,,,,,,,,,,,,,,,,,,,,,,,,,,,,,,,,,,,,,,,,,,,,,,,,,,,,,,,,,,,,,Ecotoxicological Information#Aquatic Toxicity,ECOTOX,,Lethal and Sublethal Effects of Phthalate Diesters in Silurana tropicalis Larvae,NOEC,,True,No qualifier,Equal,Environ. Toxicol. Chem.35(10): 2511-2522,,,,,Acute,,,Xenopus tropicalis,Increasing,"Mathieu-Denoncourt,J., C.J. Martyniuk, J.R. Loughery, V. Yargeau, S.R. De Solla, and V.S. Langlois",Genetics,2224165,2469010,Active ingredient,Culture,Type I iodothyronine deiodinase mRNA,American Society for Testing and Materials,Multiple types of controls were reported by the author,07/26/2019,A,82400,Renewal,07/29/2019,Whole organism,Lab,09/12/2019,Laboratory,2016,Reviewer assigned endpoint,No significance,P,Larva,4 - 17 REPLICATES,FETAX SOLUTION,Measured,STATS FROM V CONTROL,Dicyclohexyl phthalate,"FETAX, 2004","CONTR/C,V/",SUBNETWORK ENRICHMENT ANALYSIS,"CONTR/C,V//TMETH/FETAX, 2004//MEDIA/FETAX SOLUTION//",Animalia (animals),Bilateria,Chordata (chordates),Vertebrata (vertebrates),Tetrapoda,Amphibia (Amphibians),"Anura (Frogs,Toads)",Pipidae (Tongueless Frogs),Xenopus (Clawed Frogs),Deuterostomia,Gnathostomata,,None,7.2,8.4,7,None,99,,None,Nieuwkoop-faber-stage,Unknown,11,12,72,h,Time,72,h,Time,26,°C,Temperature,,,0.05,<,None,,,,,,,,,,,,,,,,,,,,,,,,,,,,,,,,,,,,,,,,,,,,,,,,,,,,,,,,,,,,,,,,,,,,,,,,,,,,,,,,,,,,,,,,,,,,,,,,,,,,,,,,,,,,,,,,,,,,,,,,,72,h,Time,0.30000001192092896,,mg/L,Mass concentration,,,0.30000001192092896,,mg/L,Mass concentration,,
84-61-7,"1,2-Benzenedicarboxylic acid, 1,2-dicyclohexyl ester;1,2-Benzenedicarboxylic acid, dicyclohexyl ester;1,2-dicyclohexyl benzene-1,2-dicarboxylate;dicyclohexyl benzene-1,2-dicarboxylate;Dicyclohexyl phthalate;dicyclohexyl phthalate (1,2-benzenedicarboxylic acid, dicyclohexyl ester);Dicyclohexyl phthalate [DCHP];Dicyclohexyl_Phthalate;Phthalic acid, dicyclohexyl ester",,,,,,,,,,,,,,,,,,,,,,,,,,,,,,,,,,,,,,,,,,,,,,,,,,,,,,,,,,,,,,,,,,,,,,,,,,,,,,,,,,,,,,,,,,,,,,,,,,,,,,,,,,,,,,,,,,,,,,,,,,,,,,,,Ecotoxicological Information#Aquatic Toxicity,ECOTOX,,Toxicity and Endocrine Disruption of Phthalates in Fish and Amphibians,NOEC,,True,No qualifier,Equal,SRAD Progress Report 2013-14:20 p.,,,,,Acute,,,Xenopus tropicalis,Increasing,"De Solla,S.R., and V.S. Langlois",Genetics,2233950,2498572,Active ingredient,Fresh water,HSP70 mRNA,American Society for Testing and Materials,Multiple types of controls were reported by the author,11/22/2019,A,85966,,11/23/2019,,Lab,12/12/2019,,2014,Reviewer assigned endpoint,No significance,P,Embryo,6-10 REPLICATES,SPIKED WATER,Measured,PRIMER USED; STATS TO C CONTROL,Dicyclohexyl phthalate,"ASTM 1998, E1439-98","CONTR/C,V/",,"CONTR/C,V//TMETH/ASTM 1998, E1439-98//MEDIA/SPIKED WATER//",Animalia (animals),Bilateria,Chordata (chordates),Vertebrata (vertebrates),Tetrapoda,Amphibia (Amphibians),"Anura (Frogs,Toads)",Pipidae (Tongueless Frogs),Xenopus (Clawed Frogs),Deuterostomia,Gnathostomata,6.5,None,,,7,None,,,,,,,,72,h,Time,72,h,Time,,,,,,0.05,<,None,,,,,,,,,,,,,,,,,,,,,,,,,,,,,,,,,,,,,,,,,,,,,,,,,,,,,,,,,,,,,,,,,,,,,,,,,,,,,,,,,,,,,,,,,,,,,,,,,,,,,,,,,,,,,,,,,,,,,,,,,72,h,Time,1.5,,mg/L,Mass concentration,0.20000000298023224,2.700000047683716,1.5,,mg/L,Mass concentration,0.20000000298023224,2.700000047683716
84-61-7,"1,2-Benzenedicarboxylic acid, 1,2-dicyclohexyl ester;1,2-Benzenedicarboxylic acid, dicyclohexyl ester;1,2-dicyclohexyl benzene-1,2-dicarboxylate;dicyclohexyl benzene-1,2-dicarboxylate;Dicyclohexyl phthalate;dicyclohexyl phthalate (1,2-benzenedicarboxylic acid, dicyclohexyl ester);Dicyclohexyl phthalate [DCHP];Dicyclohexyl_Phthalate;Phthalic acid, dicyclohexyl ester",,,,,,,,,,,,,,,,,,,,,,,,,,,,,,,,,,,,,,,,,,,,,,,,,,,,,,,,,,,,,,,,,,,,,,,,,,,,,,,,,,,,,,,,,,,,,,,,,,,,,,,,,,,,,,,,,,,,,,,,,,,,,,,,Ecotoxicological Information#Aquatic Toxicity,ECOTOX,,Lethal and Sublethal Effects of Phthalates in Western Clawed Frog,NOEC,,True,No qualifier,Equal,"M.S. Thesis, Department of Chemistry and Chemical Engineering, Royal Military College of Canada, Kingston, ON, Canada:149 p.",,,,,Acute,,,Xenopus tropicalis,Decreasing,"Mathieu-Denoncourt,J.",Genetics,2240668,2519160,Active ingredient,Fresh water,p53 mRNA,American Society for Testing and Materials,Multiple types of controls were reported by the author,02/28/2020,A,,Renewal,05/12/2020,,Lab,06/11/2020,Laboratory,2014,Reviewer assigned endpoint,Not significant at all concentrations,P,Gastrula,6-10 REPLICATES,DECHLORINATED AND AERATED WATER FROM THE QUEENS UNIVERSITY ANIMAL CARE FACILITY,Measured,PRIMER USED,Dicyclohexyl phthalate,ASTM FETAX (1998),"CONTR/P,V/","TERATOGENIC INDEX, MINIMUM CONCENTRATIONS TO INHIBIT GROWTH (MCIG)","CONTR/P,V//TMETH/ASTM FETAX (1998)//MEDIA/DECHLORINATED AND AERATED WATER FROM THE QUEENS UNIVERSITY ANIMAL CARE FACILITY//",Animalia (animals),Bilateria,Chordata (chordates),Vertebrata (vertebrates),Tetrapoda,Amphibia (Amphibians),"Anura (Frogs,Toads)",Pipidae (Tongueless Frogs),Xenopus (Clawed Frogs),Deuterostomia,Gnathostomata,,None,6.4,8.4,6,None,99,,None,Nieuwkoop-faber-stage,Unknown,11,12,72,h,Time,72,h,Time,,°C,Temperature,23.8,27,0.05,<,None,,,,,,,,,HIGHER CONCENTRATIONS NOT REPORTED,CONC1/HIGHER CONCENTRATIONS NOT REPORTED//,,,,,,,,,,,,,,,,,,,,,,,,,,,,,,,,,,,,,,,,,,,,,,,,,,,,,,,,,,,,,,,,,,,,,,,,,,,,,,,,,,,,,,,,,,,,,,,,,,,,,,,,,,,,,,,72,h,Time,4.099999904632568,,mg/L,Mass concentration,1.2000000476837158,7,4.099999904632568,,mg/L,Mass concentration,1.2000000476837158,7
84-61-7,"1,2-Benzenedicarboxylic acid, 1,2-dicyclohexyl ester;1,2-Benzenedicarboxylic acid, dicyclohexyl ester;1,2-dicyclohexyl benzene-1,2-dicarboxylate;dicyclohexyl benzene-1,2-dicarboxylate;Dicyclohexyl phthalate;dicyclohexyl phthalate (1,2-benzenedicarboxylic acid, dicyclohexyl ester);Dicyclohexyl phthalate [DCHP];Dicyclohexyl_Phthalate;Phthalic acid, dicyclohexyl ester",,,,,,,,,,,,,,,,,,,,,,,,,,,,,,,,,,,,,,,,,,,,,,,,,,,,,,,,,,,,,,,,,,,,,,,,,,,,,,,,,,,,,,,,,,,,,,,,,,,,,,,,,,,,,,,,,,,,,,,,,,,,,,,,Ecotoxicological Information#Aquatic Toxicity,ECOTOX,,Toxicity and Endocrine Disruption of Phthalates in Fish and Amphibians,NOEC,,True,No qualifier,Equal,SRAD Progress Report 2013-14:20 p.,,,,,Acute,,,Xenopus tropicalis,Increasing,"De Solla,S.R., and V.S. Langlois",Genetics,2233950,2498569,Active ingredient,Fresh water,Steroidogenic Acute Regulatory protein mRNA,American Society for Testing and Materials,Multiple types of controls were reported by the author,11/22/2019,A,85965,,11/23/2019,,Lab,12/12/2019,,2014,Reviewer assigned endpoint,No significance,P,Embryo,6-10 REPLICATES,SPIKED WATER,Measured,PRIMER USED; STATS TO C CONTROL,Dicyclohexyl phthalate,"ASTM 1998, E1439-98","CONTR/C,V/",,"CONTR/C,V//TMETH/ASTM 1998, E1439-98//MEDIA/SPIKED WATER//",Animalia (animals),Bilateria,Chordata (chordates),Vertebrata (vertebrates),Tetrapoda,Amphibia (Amphibians),"Anura (Frogs,Toads)",Pipidae (Tongueless Frogs),Xenopus (Clawed Frogs),Deuterostomia,Gnathostomata,6.5,None,,,7,None,,,,,,,,72,h,Time,72,h,Time,,,,,,0.05,<,None,,,,,,,,,,,,,,,,,,,,,,,,,,,,,,,,,,,,,,,,,,,,,,,,,,,,,,,,,,,,,,,,,,,,,,,,,,,,,,,,,,,,,,,,,,,,,,,,,,,,,,,,,,,,,,,,,,,,,,,,,72,h,Time,0.30000001192092896,,mg/L,Mass concentration,0.10000000149011612,0.5,0.30000001192092896,,mg/L,Mass concentration,0.10000000149011612,0.5
84-61-7,"1,2-Benzenedicarboxylic acid, 1,2-dicyclohexyl ester;1,2-Benzenedicarboxylic acid, dicyclohexyl ester;1,2-dicyclohexyl benzene-1,2-dicarboxylate;dicyclohexyl benzene-1,2-dicarboxylate;Dicyclohexyl phthalate;dicyclohexyl phthalate (1,2-benzenedicarboxylic acid, dicyclohexyl ester);Dicyclohexyl phthalate [DCHP];Dicyclohexyl_Phthalate;Phthalic acid, dicyclohexyl ester",,,,,,,,,,,,,,,,,,,,,,,,,,,,,,,,,,,,,,,,,,,,,,,,,,,,,,,,,,,,,,,,,,,,,,,,,,,,,,,,,,,,,,,,,,,,,,,,,,,,,,,,,,,,,,,,,,,,,,,,,,,,,,,,Ecotoxicological Information#Aquatic Toxicity,ECOTOX,,Lethal and Sublethal Effects of Phthalates in Western Clawed Frog,NOEC,,True,No qualifier,Equal,"M.S. Thesis, Department of Chemistry and Chemical Engineering, Royal Military College of Canada, Kingston, ON, Canada:149 p.",,,,,Acute,,,Xenopus tropicalis,Decreasing,"Mathieu-Denoncourt,J.",Genetics,2240668,2519161,Active ingredient,Fresh water,Peroxisome proliferator-activated receptor alpha mRNA,American Society for Testing and Materials,Multiple types of controls were reported by the author,02/28/2020,A,89843,Renewal,05/12/2020,,Lab,06/11/2020,Laboratory,2014,Reviewer assigned endpoint,No significance,P,Gastrula,6-10 REPLICATES,DECHLORINATED AND AERATED WATER FROM THE QUEENS UNIVERSITY ANIMAL CARE FACILITY,Measured,PRIMER USED,Dicyclohexyl phthalate,ASTM FETAX (1998),"CONTR/P,V/","TERATOGENIC INDEX, MINIMUM CONCENTRATIONS TO INHIBIT GROWTH (MCIG)","CONTR/P,V//TMETH/ASTM FETAX (1998)//MEDIA/DECHLORINATED AND AERATED WATER FROM THE QUEENS UNIVERSITY ANIMAL CARE FACILITY//",Animalia (animals),Bilateria,Chordata (chordates),Vertebrata (vertebrates),Tetrapoda,Amphibia (Amphibians),"Anura (Frogs,Toads)",Pipidae (Tongueless Frogs),Xenopus (Clawed Frogs),Deuterostomia,Gnathostomata,,None,6.4,8.4,6,None,99,,None,Nieuwkoop-faber-stage,Unknown,11,12,72,h,Time,72,h,Time,,°C,Temperature,23.8,27,0.05,<,None,,,,,,,,,HIGHER CONCENTRATIONS NOT REPORTED,CONC1/HIGHER CONCENTRATIONS NOT REPORTED//,,,,,,,,,,,,,,,,,,,,,,,,,,,,,,,,,,,,,,,,,,,,,,,,,,,,,,,,,,,,,,,,,,,,,,,,,,,,,,,,,,,,,,,,,,,,,,,,,,,,,,,,,,,,,,,72,h,Time,0.30000001192092896,,mg/L,Mass concentration,0.10000000149011612,0.5,0.30000001192092896,,mg/L,Mass concentration,0.10000000149011612,0.5
84-61-7,"1,2-Benzenedicarboxylic acid, 1,2-dicyclohexyl ester;1,2-Benzenedicarboxylic acid, dicyclohexyl ester;1,2-dicyclohexyl benzene-1,2-dicarboxylate;dicyclohexyl benzene-1,2-dicarboxylate;Dicyclohexyl phthalate;dicyclohexyl phthalate (1,2-benzenedicarboxylic acid, dicyclohexyl ester);Dicyclohexyl phthalate [DCHP];Dicyclohexyl_Phthalate;Phthalic acid, dicyclohexyl ester",,,,,,,,,,,,,,,,,,,,,,,,,,,,,,,,,,,,,,,,,,,,,,,,,,,,,,,,,,,,,,,,,,,,,,,,,,,,,,,,,,,,,,,,,,,,,,,,,,,,,,,,,,,,,,,,,,,,,,,,,,,,,,,,Ecotoxicological Information#Aquatic Toxicity,ECOTOX,,Lethal and Sublethal Effects of Phthalate Diesters in Silurana tropicalis Larvae,NOEC,,True,No qualifier,Equal,Environ. Toxicol. Chem.35(10): 2511-2522,,,,,Acute,,,Xenopus tropicalis,Increasing,"Mathieu-Denoncourt,J., C.J. Martyniuk, J.R. Loughery, V. Yargeau, S.R. De Solla, and V.S. Langlois",Genetics,2224165,2469023,Active ingredient,Culture,HSP70 mRNA,American Society for Testing and Materials,Multiple types of controls were reported by the author,07/26/2019,A,82401,Renewal,07/29/2019,Whole organism,Lab,09/12/2019,Laboratory,2016,Reviewer assigned endpoint,No significance,P,Larva,4 - 17 REPLICATES,FETAX SOLUTION,Measured,STATS FROM V CONTROL,Dicyclohexyl phthalate,"FETAX, 2004","CONTR/C,V/",SUBNETWORK ENRICHMENT ANALYSIS,"CONTR/C,V//TMETH/FETAX, 2004//MEDIA/FETAX SOLUTION//",Animalia (animals),Bilateria,Chordata (chordates),Vertebrata (vertebrates),Tetrapoda,Amphibia (Amphibians),"Anura (Frogs,Toads)",Pipidae (Tongueless Frogs),Xenopus (Clawed Frogs),Deuterostomia,Gnathostomata,,None,7.2,8.4,7,None,99,,None,Nieuwkoop-faber-stage,Unknown,11,12,72,h,Time,72,h,Time,26,°C,Temperature,,,0.05,<,None,,,,,,,,,,,,,,,,,,,,,,,,,,,,,,,,,,,,,,,,,,,,,,,,,,,,,,,,,,,,,,,,,,,,,,,,,,,,,,,,,,,,,,,,,,,,,,,,,,,,,,,,,,,,,,,,,,,,,,,,,72,h,Time,1.5,,mg/L,Mass concentration,,,1.5,,mg/L,Mass concentration,,
84-61-7,"1,2-Benzenedicarboxylic acid, 1,2-dicyclohexyl ester;1,2-Benzenedicarboxylic acid, dicyclohexyl ester;1,2-dicyclohexyl benzene-1,2-dicarboxylate;dicyclohexyl benzene-1,2-dicarboxylate;Dicyclohexyl phthalate;dicyclohexyl phthalate (1,2-benzenedicarboxylic acid, dicyclohexyl ester);Dicyclohexyl phthalate [DCHP];Dicyclohexyl_Phthalate;Phthalic acid, dicyclohexyl ester",,,,,,,,,,,,,,,,,,,,,,,,,,,,,,,,,,,,,,,,,,,,,,,,,,,,,,,,,,,,,,,,,,,,,,,,,,,,,,,,,,,,,,,,,,,,,,,,,,,,,,,,,,,,,,,,,,,,,,,,,,,,,,,,Ecotoxicological Information#Aquatic Toxicity,ECOTOX,,Toxicity and Endocrine Disruption of Phthalates in Fish and Amphibians,NOEC,,True,No qualifier,Equal,SRAD Progress Report 2013-14:20 p.,,,,,Acute,,,Xenopus tropicalis,,"De Solla,S.R., and V.S. Langlois",Genetics,2233950,2498561,Active ingredient,Fresh water,Thyroid Hormone Receptor beta mRNA,American Society for Testing and Materials,Multiple types of controls were reported by the author,11/22/2019,A,,,11/23/2019,,Lab,12/12/2019,,2014,Reviewer assigned endpoint,Not significant at all concentrations,P,Embryo,6-10 REPLICATES,SPIKED WATER,Measured,PRIMER USED; STATS TO C CONTROL,Dicyclohexyl phthalate,"ASTM 1998, E1439-98","CONTR/C,V/",,"CONTR/C,V//TMETH/ASTM 1998, E1439-98//MEDIA/SPIKED WATER//",Animalia (animals),Bilateria,Chordata (chordates),Vertebrata (vertebrates),Tetrapoda,Amphibia (Amphibians),"Anura (Frogs,Toads)",Pipidae (Tongueless Frogs),Xenopus (Clawed Frogs),Deuterostomia,Gnathostomata,6.5,None,,,7,None,,,,,,,,72,h,Time,72,h,Time,,,,,,0.05,<,None,,,,,,,,,,,,,,,,,,,,,,,,,,,,,,,,,,,,,,,,,,,,,,,,,,,,,,,,,,,,,,,,,,,,,,,,,,,,,,,,,,,,,,,,,,,,,,,,,,,,,,,,,,,,,,,,,,,,,,,,,72,h,Time,0.30000001192092896,,mg/L,Mass concentration,0.10000000149011612,0.5,0.30000001192092896,,mg/L,Mass concentration,0.10000000149011612,0.5
84-61-7,"1,2-Benzenedicarboxylic acid, 1,2-dicyclohexyl ester;1,2-Benzenedicarboxylic acid, dicyclohexyl ester;1,2-dicyclohexyl benzene-1,2-dicarboxylate;dicyclohexyl benzene-1,2-dicarboxylate;Dicyclohexyl phthalate;dicyclohexyl phthalate (1,2-benzenedicarboxylic acid, dicyclohexyl ester);Dicyclohexyl phthalate [DCHP];Dicyclohexyl_Phthalate;Phthalic acid, dicyclohexyl ester",,,,,,,,,,,,,,,,,,,,,,,,,,,,,,,,,,,,,,,,,,,,,,,,,,,,,,,,,,,,,,,,,,,,,,,,,,,,,,,,,,,,,,,,,,,,,,,,,,,,,,,,,,,,,,,,,,,,,,,,,,,,,,,,Ecotoxicological Information#Aquatic Toxicity,ECOTOX,,Lethal and Sublethal Effects of Phthalates in Western Clawed Frog,NOEC,,True,No qualifier,Equal,"M.S. Thesis, Department of Chemistry and Chemical Engineering, Royal Military College of Canada, Kingston, ON, Canada:149 p.",,,,,Acute,,,Xenopus tropicalis,Increasing,"Mathieu-Denoncourt,J.",Genetics,2240668,2519153,Active ingredient,Fresh water,beta-Actin mRNA,American Society for Testing and Materials,Multiple types of controls were reported by the author,02/28/2020,A,,Renewal,05/12/2020,,Lab,06/11/2020,Laboratory,2014,Reviewer assigned endpoint,Not significant at all concentrations,P,Gastrula,6-10 REPLICATES,DECHLORINATED AND AERATED WATER FROM THE QUEENS UNIVERSITY ANIMAL CARE FACILITY,Measured,PRIMER USED,Dicyclohexyl phthalate,ASTM FETAX (1998),"CONTR/P,V/","TERATOGENIC INDEX, MINIMUM CONCENTRATIONS TO INHIBIT GROWTH (MCIG)","CONTR/P,V//TMETH/ASTM FETAX (1998)//MEDIA/DECHLORINATED AND AERATED WATER FROM THE QUEENS UNIVERSITY ANIMAL CARE FACILITY//",Animalia (animals),Bilateria,Chordata (chordates),Vertebrata (vertebrates),Tetrapoda,Amphibia (Amphibians),"Anura (Frogs,Toads)",Pipidae (Tongueless Frogs),Xenopus (Clawed Frogs),Deuterostomia,Gnathostomata,,None,6.4,8.4,6,None,99,,None,Nieuwkoop-faber-stage,Unknown,11,12,72,h,Time,72,h,Time,,°C,Temperature,23.8,27,0.05,<,None,,,,,,,,,HIGHER CONCENTRATIONS NOT REPORTED,CONC1/HIGHER CONCENTRATIONS NOT REPORTED//,,,,,,,,,,,,,,,,,,,,,,,,,,,,,,,,,,,,,,,,,,,,,,,,,,,,,,,,,,,,,,,,,,,,,,,,,,,,,,,,,,,,,,,,,,,,,,,,,,,,,,,,,,,,,,,72,h,Time,4.099999904632568,,mg/L,Mass concentration,1.2000000476837158,7,4.099999904632568,,mg/L,Mass concentration,1.2000000476837158,7
84-61-7,"1,2-Benzenedicarboxylic acid, 1,2-dicyclohexyl ester;1,2-Benzenedicarboxylic acid, dicyclohexyl ester;1,2-dicyclohexyl benzene-1,2-dicarboxylate;dicyclohexyl benzene-1,2-dicarboxylate;Dicyclohexyl phthalate;dicyclohexyl phthalate (1,2-benzenedicarboxylic acid, dicyclohexyl ester);Dicyclohexyl phthalate [DCHP];Dicyclohexyl_Phthalate;Phthalic acid, dicyclohexyl ester",,,,,,,,,,,,,,,,,,,,,,,,,,,,,,,,,,,,,,,,,,,,,,,,,,,,,,,,,,,,,,,,,,,,,,,,,,,,,,,,,,,,,,,,,,,,,,,,,,,,,,,,,,,,,,,,,,,,,,,,,,,,,,,,Ecotoxicological Information#Aquatic Toxicity,ECOTOX,,Lethal and Sublethal Effects of Phthalates in Western Clawed Frog,NOEC,,True,No qualifier,Equal,"M.S. Thesis, Department of Chemistry and Chemical Engineering, Royal Military College of Canada, Kingston, ON, Canada:149 p.",,,,,Acute,,,Xenopus tropicalis,Decreasing,"Mathieu-Denoncourt,J.",Genetics,2240668,2519155,Active ingredient,Fresh water,Thyroid Hormone Receptor beta mRNA,American Society for Testing and Materials,Multiple types of controls were reported by the author,02/28/2020,A,,Renewal,05/12/2020,,Lab,06/11/2020,Laboratory,2014,Reviewer assigned endpoint,Not significant at all concentrations,P,Gastrula,6-10 REPLICATES,DECHLORINATED AND AERATED WATER FROM THE QUEENS UNIVERSITY ANIMAL CARE FACILITY,Measured,PRIMER USED,Dicyclohexyl phthalate,ASTM FETAX (1998),"CONTR/P,V/","TERATOGENIC INDEX, MINIMUM CONCENTRATIONS TO INHIBIT GROWTH (MCIG)","CONTR/P,V//TMETH/ASTM FETAX (1998)//MEDIA/DECHLORINATED AND AERATED WATER FROM THE QUEENS UNIVERSITY ANIMAL CARE FACILITY//",Animalia (animals),Bilateria,Chordata (chordates),Vertebrata (vertebrates),Tetrapoda,Amphibia (Amphibians),"Anura (Frogs,Toads)",Pipidae (Tongueless Frogs),Xenopus (Clawed Frogs),Deuterostomia,Gnathostomata,,None,6.4,8.4,6,None,99,,None,Nieuwkoop-faber-stage,Unknown,11,12,72,h,Time,72,h,Time,,°C,Temperature,23.8,27,0.05,<,None,,,,,,,,,HIGHER CONCENTRATIONS NOT REPORTED,CONC1/HIGHER CONCENTRATIONS NOT REPORTED//,,,,,,,,,,,,,,,,,,,,,,,,,,,,,,,,,,,,,,,,,,,,,,,,,,,,,,,,,,,,,,,,,,,,,,,,,,,,,,,,,,,,,,,,,,,,,,,,,,,,,,,,,,,,,,,72,h,Time,4.099999904632568,,mg/L,Mass concentration,1.2000000476837158,7,4.099999904632568,,mg/L,Mass concentration,1.2000000476837158,7
84-61-7,"1,2-Benzenedicarboxylic acid, 1,2-dicyclohexyl ester;1,2-Benzenedicarboxylic acid, dicyclohexyl ester;1,2-dicyclohexyl benzene-1,2-dicarboxylate;dicyclohexyl benzene-1,2-dicarboxylate;Dicyclohexyl phthalate;dicyclohexyl phthalate (1,2-benzenedicarboxylic acid, dicyclohexyl ester);Dicyclohexyl phthalate [DCHP];Dicyclohexyl_Phthalate;Phthalic acid, dicyclohexyl ester",,,,,,,,,,,,,,,,,,,,,,,,,,,,,,,,,,,,,,,,,,,,,,,,,,,,,,,,,,,,,,,,,,,,,,,,,,,,,,,,,,,,,,,,,,,,,,,,,,,,,,,,,,,,,,,,,,,,,,,,,,,,,,,,Ecotoxicological Information#Aquatic Toxicity,ECOTOX,,Lethal and Sublethal Effects of Phthalates in Western Clawed Frog,NOEC,,True,No qualifier,Equal,"M.S. Thesis, Department of Chemistry and Chemical Engineering, Royal Military College of Canada, Kingston, ON, Canada:149 p.",,,,,Acute,,,Xenopus tropicalis,Decreasing,"Mathieu-Denoncourt,J.",Genetics,2240668,2519159,Active ingredient,Fresh water,Heat shock protein 90 mRNA,American Society for Testing and Materials,Multiple types of controls were reported by the author,02/28/2020,A,89842,Renewal,05/12/2020,,Lab,06/11/2020,Laboratory,2014,Reviewer assigned endpoint,No significance,P,Gastrula,6-10 REPLICATES,DECHLORINATED AND AERATED WATER FROM THE QUEENS UNIVERSITY ANIMAL CARE FACILITY,Measured,PRIMER USED,Dicyclohexyl phthalate,ASTM FETAX (1998),"CONTR/P,V/","TERATOGENIC INDEX, MINIMUM CONCENTRATIONS TO INHIBIT GROWTH (MCIG)","CONTR/P,V//TMETH/ASTM FETAX (1998)//MEDIA/DECHLORINATED AND AERATED WATER FROM THE QUEENS UNIVERSITY ANIMAL CARE FACILITY//",Animalia (animals),Bilateria,Chordata (chordates),Vertebrata (vertebrates),Tetrapoda,Amphibia (Amphibians),"Anura (Frogs,Toads)",Pipidae (Tongueless Frogs),Xenopus (Clawed Frogs),Deuterostomia,Gnathostomata,,None,6.4,8.4,6,None,99,,None,Nieuwkoop-faber-stage,Unknown,11,12,72,h,Time,72,h,Time,,°C,Temperature,23.8,27,0.05,<,None,,,,,,,,,HIGHER CONCENTRATIONS NOT REPORTED,CONC1/HIGHER CONCENTRATIONS NOT REPORTED//,,,,,,,,,,,,,,,,,,,,,,,,,,,,,,,,,,,,,,,,,,,,,,,,,,,,,,,,,,,,,,,,,,,,,,,,,,,,,,,,,,,,,,,,,,,,,,,,,,,,,,,,,,,,,,,72,h,Time,0.30000001192092896,,mg/L,Mass concentration,,,0.30000001192092896,,mg/L,Mass concentration,,
84-61-7,"1,2-Benzenedicarboxylic acid, 1,2-dicyclohexyl ester;1,2-Benzenedicarboxylic acid, dicyclohexyl ester;1,2-dicyclohexyl benzene-1,2-dicarboxylate;dicyclohexyl benzene-1,2-dicarboxylate;Dicyclohexyl phthalate;dicyclohexyl phthalate (1,2-benzenedicarboxylic acid, dicyclohexyl ester);Dicyclohexyl phthalate [DCHP];Dicyclohexyl_Phthalate;Phthalic acid, dicyclohexyl ester",,,,,,,,,,,,,,,,,,,,,,,,,,,,,,,,,,,,,,,,,,,,,,,,,,,,,,,,,,,,,,,,,,,,,,,,,,,,,,,,,,,,,,,,,,,,,,,,,,,,,,,,,,,,,,,,,,,,,,,,,,,,,,,,Ecotoxicological Information#Aquatic Toxicity,ECOTOX,,Toxicity and Endocrine Disruption of Phthalates in Fish and Amphibians,,,True,Data in range,Equal,SRAD Progress Report 2013-14:20 p.,,,,,Acute,,,Xenopus tropicalis,Change,"De Solla,S.R., and V.S. Langlois",Genetics,2233950,2498576,Active ingredient,Fresh water,Type III iodothyronine deiodinase mRNA,American Society for Testing and Materials,Multiple types of controls were reported by the author,11/22/2019,A,,,11/23/2019,,Lab,12/12/2019,,2014,,Multiple significance,P,Embryo,6-10 REPLICATES,SPIKED WATER,Measured,PRIMER USED; STATS TO C CONTROL,Dicyclohexyl phthalate,"ASTM 1998, E1439-98","CONTR/C,V/",,"CONTR/C,V//TMETH/ASTM 1998, E1439-98//MEDIA/SPIKED WATER//",Animalia (animals),Bilateria,Chordata (chordates),Vertebrata (vertebrates),Tetrapoda,Amphibia (Amphibians),"Anura (Frogs,Toads)",Pipidae (Tongueless Frogs),Xenopus (Clawed Frogs),Deuterostomia,Gnathostomata,6.5,None,,,7,None,,,,,,,,72,h,Time,72,h,Time,,,,,,0.05,<,None,,,,,,,,,,,,,,,,,,,,,,,,,,,,,,,,,,,,,,,,,,,,,,,,,,,,,,,,,,,,,,,,,,,,,,,,,,,,,,,,,,,,,,,,,,,,,,,,,,,,,,,,,,,,,,,,,,,,,,,,,72,h,Time,,,mg/L,Mass concentration,0.10000000149011612,132.1999969482422,,,mg/L,Mass concentration,0.10000000149011612,132.1999969482422
84-61-7,"1,2-Benzenedicarboxylic acid, 1,2-dicyclohexyl ester;1,2-Benzenedicarboxylic acid, dicyclohexyl ester;1,2-dicyclohexyl benzene-1,2-dicarboxylate;dicyclohexyl benzene-1,2-dicarboxylate;Dicyclohexyl phthalate;dicyclohexyl phthalate (1,2-benzenedicarboxylic acid, dicyclohexyl ester);Dicyclohexyl phthalate [DCHP];Dicyclohexyl_Phthalate;Phthalic acid, dicyclohexyl ester",,,,,,,,,,,,,,,,,,,,,,,,,,,,,,,,,,,,,,,,,,,,,,,,,,,,,,,,,,,,,,,,,,,,,,,,,,,,,,,,,,,,,,,,,,,,,,,,,,,,,,,,,,,,,,,,,,,,,,,,,,,,,,,,Ecotoxicological Information#Aquatic Toxicity,ECOTOX,,Lethal and Sublethal Effects of Phthalates in Western Clawed Frog,,,True,Data in range,Equal,"M.S. Thesis, Department of Chemistry and Chemical Engineering, Royal Military College of Canada, Kingston, ON, Canada:149 p.",,,,,Acute,,,Xenopus tropicalis,Change,"Mathieu-Denoncourt,J.",Genetics,2240668,2519158,Active ingredient,Fresh water,Steroid 5 alpha reductase type 2 mRNA,American Society for Testing and Materials,Multiple types of controls were reported by the author,02/28/2020,A,,Renewal,05/12/2020,,Lab,06/11/2020,Laboratory,2014,,Multiple significance,P,Gastrula,6-10 REPLICATES,DECHLORINATED AND AERATED WATER FROM THE QUEENS UNIVERSITY ANIMAL CARE FACILITY,Measured,PRIMER USED,Dicyclohexyl phthalate,ASTM FETAX (1998),"CONTR/P,V/","TERATOGENIC INDEX, MINIMUM CONCENTRATIONS TO INHIBIT GROWTH (MCIG)","CONTR/P,V//TMETH/ASTM FETAX (1998)//MEDIA/DECHLORINATED AND AERATED WATER FROM THE QUEENS UNIVERSITY ANIMAL CARE FACILITY//",Animalia (animals),Bilateria,Chordata (chordates),Vertebrata (vertebrates),Tetrapoda,Amphibia (Amphibians),"Anura (Frogs,Toads)",Pipidae (Tongueless Frogs),Xenopus (Clawed Frogs),Deuterostomia,Gnathostomata,,None,6.4,8.4,6,None,99,,None,Nieuwkoop-faber-stage,Unknown,11,12,72,h,Time,72,h,Time,,°C,Temperature,23.8,27,0.05,<,None,,,,,,,,,HIGHER CONCENTRATIONS NOT REPORTED,CONC1/HIGHER CONCENTRATIONS NOT REPORTED//,,,,,,,,,,,,,,,,,,,,,,,,,,,,,,,,,,,,,,,,,,,,,,,,,,,,,,,,,,,,,,,,,,,,,,,,,,,,,,,,,,,,,,,,,,,,,,,,,,,,,,,,,,,,,,,72,h,Time,,,mg/L,Mass concentration,0.30000001192092896,4.099999904632568,,,mg/L,Mass concentration,0.30000001192092896,4.099999904632568
84-61-7,"1,2-Benzenedicarboxylic acid, 1,2-dicyclohexyl ester;1,2-Benzenedicarboxylic acid, dicyclohexyl ester;1,2-dicyclohexyl benzene-1,2-dicarboxylate;dicyclohexyl benzene-1,2-dicarboxylate;Dicyclohexyl phthalate;dicyclohexyl phthalate (1,2-benzenedicarboxylic acid, dicyclohexyl ester);Dicyclohexyl phthalate [DCHP];Dicyclohexyl_Phthalate;Phthalic acid, dicyclohexyl ester",,,,,,,,,,,,,,,,,,,,,,,,,,,,,,,,,,,,,,,,,,,,,,,,,,,,,,,,,,,,,,,,,,,,,,,,,,,,,,,,,,,,,,,,,,,,,,,,,,,,,,,,,,,,,,,,,,,,,,,,,,,,,,,,Ecotoxicological Information#Aquatic Toxicity,ECOTOX,,Toxicity and Endocrine Disruption of Phthalates in Fish and Amphibians,,,True,Data in range,Equal,SRAD Progress Report 2013-14:20 p.,,,,,Acute,,,Xenopus tropicalis,Change,"De Solla,S.R., and V.S. Langlois",Genetics,2233950,2498567,Active ingredient,Fresh water,Androgen receptor mRNA,American Society for Testing and Materials,Multiple types of controls were reported by the author,11/22/2019,A,,,11/23/2019,,Lab,12/12/2019,,2014,,Multiple significance,P,Embryo,6-10 REPLICATES,SPIKED WATER,Measured,PRIMER USED; STATS TO C CONTROL,Dicyclohexyl phthalate,"ASTM 1998, E1439-98","CONTR/C,V/",,"CONTR/C,V//TMETH/ASTM 1998, E1439-98//MEDIA/SPIKED WATER//",Animalia (animals),Bilateria,Chordata (chordates),Vertebrata (vertebrates),Tetrapoda,Amphibia (Amphibians),"Anura (Frogs,Toads)",Pipidae (Tongueless Frogs),Xenopus (Clawed Frogs),Deuterostomia,Gnathostomata,6.5,None,,,7,None,,,,,,,,72,h,Time,72,h,Time,,,,,,0.05,<,None,,,,,,,,,,,,,,,,,,,,,,,,,,,,,,,,,,,,,,,,,,,,,,,,,,,,,,,,,,,,,,,,,,,,,,,,,,,,,,,,,,,,,,,,,,,,,,,,,,,,,,,,,,,,,,,,,,,,,,,,,72,h,Time,,,mg/L,Mass concentration,0.10000000149011612,132.1999969482422,,,mg/L,Mass concentration,0.10000000149011612,132.1999969482422
84-61-7,"1,2-Benzenedicarboxylic acid, 1,2-dicyclohexyl ester;1,2-Benzenedicarboxylic acid, dicyclohexyl ester;1,2-dicyclohexyl benzene-1,2-dicarboxylate;dicyclohexyl benzene-1,2-dicarboxylate;Dicyclohexyl phthalate;dicyclohexyl phthalate (1,2-benzenedicarboxylic acid, dicyclohexyl ester);Dicyclohexyl phthalate [DCHP];Dicyclohexyl_Phthalate;Phthalic acid, dicyclohexyl ester",,,,,,,,,,,,,,,,,,,,,,,,,,,,,,,,,,,,,,,,,,,,,,,,,,,,,,,,,,,,,,,,,,,,,,,,,,,,,,,,,,,,,,,,,,,,,,,,,,,,,,,,,,,,,,,,,,,,,,,,,,,,,,,,Ecotoxicological Information#Aquatic Toxicity,ECOTOX,,Toxicity and Endocrine Disruption of Phthalates in Fish and Amphibians,,,True,Data in range,Equal,SRAD Progress Report 2013-14:20 p.,,,,,Acute,,,Xenopus tropicalis,Change,"De Solla,S.R., and V.S. Langlois",Genetics,2233950,2498575,Active ingredient,Fresh water,p53 mRNA,American Society for Testing and Materials,Multiple types of controls were reported by the author,11/22/2019,A,,,11/23/2019,,Lab,12/12/2019,,2014,,Multiple significance,P,Embryo,6-10 REPLICATES,SPIKED WATER,Measured,PRIMER USED; STATS TO C CONTROL,Dicyclohexyl phthalate,"ASTM 1998, E1439-98","CONTR/C,V/",,"CONTR/C,V//TMETH/ASTM 1998, E1439-98//MEDIA/SPIKED WATER//",Animalia (animals),Bilateria,Chordata (chordates),Vertebrata (vertebrates),Tetrapoda,Amphibia (Amphibians),"Anura (Frogs,Toads)",Pipidae (Tongueless Frogs),Xenopus (Clawed Frogs),Deuterostomia,Gnathostomata,6.5,None,,,7,None,,,,,,,,72,h,Time,72,h,Time,,,,,,0.05,<,None,,,,,,,,,,,,,,,,,,,,,,,,,,,,,,,,,,,,,,,,,,,,,,,,,,,,,,,,,,,,,,,,,,,,,,,,,,,,,,,,,,,,,,,,,,,,,,,,,,,,,,,,,,,,,,,,,,,,,,,,,72,h,Time,,,mg/L,Mass concentration,0.10000000149011612,132.1999969482422,,,mg/L,Mass concentration,0.10000000149011612,132.1999969482422
84-61-7,"1,2-Benzenedicarboxylic acid, 1,2-dicyclohexyl ester;1,2-Benzenedicarboxylic acid, dicyclohexyl ester;1,2-dicyclohexyl benzene-1,2-dicarboxylate;dicyclohexyl benzene-1,2-dicarboxylate;Dicyclohexyl phthalate;dicyclohexyl phthalate (1,2-benzenedicarboxylic acid, dicyclohexyl ester);Dicyclohexyl phthalate [DCHP];Dicyclohexyl_Phthalate;Phthalic acid, dicyclohexyl ester",,,,,,,,,,,,,,,,,,,,,,,,,,,,,,,,,,,,,,,,,,,,,,,,,,,,,,,,,,,,,,,,,,,,,,,,,,,,,,,,,,,,,,,,,,,,,,,,,,,,,,,,,,,,,,,,,,,,,,,,,,,,,,,,Ecotoxicological Information#Aquatic Toxicity,ECOTOX,,Toxicity and Endocrine Disruption of Phthalates in Fish and Amphibians,,,True,Data in range,Equal,SRAD Progress Report 2013-14:20 p.,,,,,Acute,,,Xenopus tropicalis,Change,"De Solla,S.R., and V.S. Langlois",Genetics,2233950,2498565,Active ingredient,Fresh water,Type II iodothyronine deiodinase mRNA,American Society for Testing and Materials,Multiple types of controls were reported by the author,11/22/2019,A,,,11/23/2019,,Lab,12/12/2019,,2014,,Multiple significance,P,Embryo,6-10 REPLICATES,SPIKED WATER,Measured,PRIMER USED; STATS TO C CONTROL,Dicyclohexyl phthalate,"ASTM 1998, E1439-98","CONTR/C,V/",,"CONTR/C,V//TMETH/ASTM 1998, E1439-98//MEDIA/SPIKED WATER//",Animalia (animals),Bilateria,Chordata (chordates),Vertebrata (vertebrates),Tetrapoda,Amphibia (Amphibians),"Anura (Frogs,Toads)",Pipidae (Tongueless Frogs),Xenopus (Clawed Frogs),Deuterostomia,Gnathostomata,6.5,None,,,7,None,,,,,,,,72,h,Time,72,h,Time,,,,,,0.05,<,None,,,,,,,,,,,,,,,,,,,,,,,,,,,,,,,,,,,,,,,,,,,,,,,,,,,,,,,,,,,,,,,,,,,,,,,,,,,,,,,,,,,,,,,,,,,,,,,,,,,,,,,,,,,,,,,,,,,,,,,,,72,h,Time,,,mg/L,Mass concentration,0.10000000149011612,132.1999969482422,,,mg/L,Mass concentration,0.10000000149011612,132.1999969482422
84-61-7,"1,2-Benzenedicarboxylic acid, 1,2-dicyclohexyl ester;1,2-Benzenedicarboxylic acid, dicyclohexyl ester;1,2-dicyclohexyl benzene-1,2-dicarboxylate;dicyclohexyl benzene-1,2-dicarboxylate;Dicyclohexyl phthalate;dicyclohexyl phthalate (1,2-benzenedicarboxylic acid, dicyclohexyl ester);Dicyclohexyl phthalate [DCHP];Dicyclohexyl_Phthalate;Phthalic acid, dicyclohexyl ester",,,,,,,,,,,,,,,,,,,,,,,,,,,,,,,,,,,,,,,,,,,,,,,,,,,,,,,,,,,,,,,,,,,,,,,,,,,,,,,,,,,,,,,,,,,,,,,,,,,,,,,,,,,,,,,,,,,,,,,,,,,,,,,,Ecotoxicological Information#Aquatic Toxicity,ECOTOX,,Lethal and Sublethal Effects of Phthalate Diesters in Silurana tropicalis Larvae,,,True,Data in range,Equal,Environ. Toxicol. Chem.35(10): 2511-2522,,,,,Acute,,,Xenopus tropicalis,Increasing,"Mathieu-Denoncourt,J., C.J. Martyniuk, J.R. Loughery, V. Yargeau, S.R. De Solla, and V.S. Langlois",Genetics,2224165,2469027,Active ingredient,Culture,CYP19 mRNA,American Society for Testing and Materials,Multiple types of controls were reported by the author,07/26/2019,A,,Renewal,07/29/2019,Whole organism,Lab,09/12/2019,Laboratory,2016,,Multiple significance,P,Larva,4 - 17 REPLICATES,FETAX SOLUTION,Measured,STATS FROM V CONTROL,Dicyclohexyl phthalate,"FETAX, 2004","CONTR/C,V/",SUBNETWORK ENRICHMENT ANALYSIS,"CONTR/C,V//TMETH/FETAX, 2004//MEDIA/FETAX SOLUTION//",Animalia (animals),Bilateria,Chordata (chordates),Vertebrata (vertebrates),Tetrapoda,Amphibia (Amphibians),"Anura (Frogs,Toads)",Pipidae (Tongueless Frogs),Xenopus (Clawed Frogs),Deuterostomia,Gnathostomata,,None,7.2,8.4,7,None,99,,None,Nieuwkoop-faber-stage,Unknown,11,12,72,h,Time,72,h,Time,26,°C,Temperature,,,0.05,<,None,,,,,,,,,,,,,,,,,,,,,,,,,,,,,,,,,,,,,,,,,,,,,,,,,,,,,,,,,,,,,,,,,,,,,,,,,,,,,,,,,,,,,,,,,,,,,,,,,,,,,,,,,,,,,,,,,,,,,,,,,72,h,Time,,,mg/L,Mass concentration,0.30000001192092896,4.099999904632568,,,mg/L,Mass concentration,0.30000001192092896,4.099999904632568
84-61-7,"1,2-Benzenedicarboxylic acid, 1,2-dicyclohexyl ester;1,2-Benzenedicarboxylic acid, dicyclohexyl ester;1,2-dicyclohexyl benzene-1,2-dicarboxylate;dicyclohexyl benzene-1,2-dicarboxylate;Dicyclohexyl phthalate;dicyclohexyl phthalate (1,2-benzenedicarboxylic acid, dicyclohexyl ester);Dicyclohexyl phthalate [DCHP];Dicyclohexyl_Phthalate;Phthalic acid, dicyclohexyl ester",,,,,,,,,,,,,,,,,,,,,,,,,,,,,,,,,,,,,,,,,,,,,,,,,,,,,,,,,,,,,,,,,,,,,,,,,,,,,,,,,,,,,,,,,,,,,,,,,,,,,,,,,,,,,,,,,,,,,,,,,,,,,,,,Ecotoxicological Information#Aquatic Toxicity,ECOTOX,,Toxicity and Endocrine Disruption of Phthalates in Fish and Amphibians,,,True,Data in range,Equal,SRAD Progress Report 2013-14:20 p.,,,,,Acute,,,Xenopus tropicalis,Change,"De Solla,S.R., and V.S. Langlois",Genetics,2233950,2498568,Active ingredient,Fresh water,CYP19 mRNA,American Society for Testing and Materials,Multiple types of controls were reported by the author,11/22/2019,A,,,11/23/2019,,Lab,12/12/2019,,2014,,Multiple significance,P,Embryo,6-10 REPLICATES,SPIKED WATER,Measured,PRIMER USED; STATS TO C CONTROL,Dicyclohexyl phthalate,"ASTM 1998, E1439-98","CONTR/C,V/",,"CONTR/C,V//TMETH/ASTM 1998, E1439-98//MEDIA/SPIKED WATER//",Animalia (animals),Bilateria,Chordata (chordates),Vertebrata (vertebrates),Tetrapoda,Amphibia (Amphibians),"Anura (Frogs,Toads)",Pipidae (Tongueless Frogs),Xenopus (Clawed Frogs),Deuterostomia,Gnathostomata,6.5,None,,,7,None,,,,,,,,72,h,Time,72,h,Time,,,,,,0.05,<,None,,,,,,,,,,,,,,,,,,,,,,,,,,,,,,,,,,,,,,,,,,,,,,,,,,,,,,,,,,,,,,,,,,,,,,,,,,,,,,,,,,,,,,,,,,,,,,,,,,,,,,,,,,,,,,,,,,,,,,,,,72,h,Time,,,mg/L,Mass concentration,0.10000000149011612,132.1999969482422,,,mg/L,Mass concentration,0.10000000149011612,132.1999969482422
84-61-7,"1,2-Benzenedicarboxylic acid, 1,2-dicyclohexyl ester;1,2-Benzenedicarboxylic acid, dicyclohexyl ester;1,2-dicyclohexyl benzene-1,2-dicarboxylate;dicyclohexyl benzene-1,2-dicarboxylate;Dicyclohexyl phthalate;dicyclohexyl phthalate (1,2-benzenedicarboxylic acid, dicyclohexyl ester);Dicyclohexyl phthalate [DCHP];Dicyclohexyl_Phthalate;Phthalic acid, dicyclohexyl ester",,,,,,,,,,,,,,,,,,,,,,,,,,,,,,,,,,,,,,,,,,,,,,,,,,,,,,,,,,,,,,,,,,,,,,,,,,,,,,,,,,,,,,,,,,,,,,,,,,,,,,,,,,,,,,,,,,,,,,,,,,,,,,,,Ecotoxicological Information#Aquatic Toxicity,ECOTOX,,Lethal and Sublethal Effects of Phthalates in Western Clawed Frog,,,True,Data in range,Equal,"M.S. Thesis, Department of Chemistry and Chemical Engineering, Royal Military College of Canada, Kingston, ON, Canada:149 p.",,,,,Acute,,,Xenopus tropicalis,Change,"Mathieu-Denoncourt,J.",Genetics,2240668,2519154,Active ingredient,Fresh water,Type III iodothyronine deiodinase mRNA,American Society for Testing and Materials,Multiple types of controls were reported by the author,02/28/2020,A,,Renewal,05/12/2020,,Lab,06/11/2020,Laboratory,2014,,Multiple significance,P,Gastrula,6-10 REPLICATES,DECHLORINATED AND AERATED WATER FROM THE QUEENS UNIVERSITY ANIMAL CARE FACILITY,Measured,PRIMER USED,Dicyclohexyl phthalate,ASTM FETAX (1998),"CONTR/P,V/","TERATOGENIC INDEX, MINIMUM CONCENTRATIONS TO INHIBIT GROWTH (MCIG)","CONTR/P,V//TMETH/ASTM FETAX (1998)//MEDIA/DECHLORINATED AND AERATED WATER FROM THE QUEENS UNIVERSITY ANIMAL CARE FACILITY//",Animalia (animals),Bilateria,Chordata (chordates),Vertebrata (vertebrates),Tetrapoda,Amphibia (Amphibians),"Anura (Frogs,Toads)",Pipidae (Tongueless Frogs),Xenopus (Clawed Frogs),Deuterostomia,Gnathostomata,,None,6.4,8.4,6,None,99,,None,Nieuwkoop-faber-stage,Unknown,11,12,72,h,Time,72,h,Time,,°C,Temperature,23.8,27,0.05,<,None,,,,,,,,,HIGHER CONCENTRATIONS NOT REPORTED,CONC1/HIGHER CONCENTRATIONS NOT REPORTED//,,,,,,,,,,,,,,,,,,,,,,,,,,,,,,,,,,,,,,,,,,,,,,,,,,,,,,,,,,,,,,,,,,,,,,,,,,,,,,,,,,,,,,,,,,,,,,,,,,,,,,,,,,,,,,,72,h,Time,,,mg/L,Mass concentration,0.30000001192092896,4.099999904632568,,,mg/L,Mass concentration,0.30000001192092896,4.099999904632568
84-61-7,"1,2-Benzenedicarboxylic acid, 1,2-dicyclohexyl ester;1,2-Benzenedicarboxylic acid, dicyclohexyl ester;1,2-dicyclohexyl benzene-1,2-dicarboxylate;dicyclohexyl benzene-1,2-dicarboxylate;Dicyclohexyl phthalate;dicyclohexyl phthalate (1,2-benzenedicarboxylic acid, dicyclohexyl ester);Dicyclohexyl phthalate [DCHP];Dicyclohexyl_Phthalate;Phthalic acid, dicyclohexyl ester",,,,,,,,,,,,,,,,,,,,,,,,,,,,,,,,,,,,,,,,,,,,,,,,,,,,,,,,,,,,,,,,,,,,,,,,,,,,,,,,,,,,,,,,,,,,,,,,,,,,,,,,,,,,,,,,,,,,,,,,,,,,,,,,Ecotoxicological Information#Aquatic Toxicity,ECOTOX,,Toxicity and Endocrine Disruption of Phthalates in Fish and Amphibians,,,True,Data in range,Equal,SRAD Progress Report 2013-14:20 p.,,,,,Acute,,,Xenopus tropicalis,Change,"De Solla,S.R., and V.S. Langlois",Genetics,2233950,2498571,Active ingredient,Fresh water,Steroid 5 alpha reductase type 2 mRNA,American Society for Testing and Materials,Multiple types of controls were reported by the author,11/22/2019,A,,,11/23/2019,,Lab,12/12/2019,,2014,,Multiple significance,P,Embryo,6-10 REPLICATES,SPIKED WATER,Measured,PRIMER USED; STATS TO C CONTROL,Dicyclohexyl phthalate,"ASTM 1998, E1439-98","CONTR/C,V/",,"CONTR/C,V//TMETH/ASTM 1998, E1439-98//MEDIA/SPIKED WATER//",Animalia (animals),Bilateria,Chordata (chordates),Vertebrata (vertebrates),Tetrapoda,Amphibia (Amphibians),"Anura (Frogs,Toads)",Pipidae (Tongueless Frogs),Xenopus (Clawed Frogs),Deuterostomia,Gnathostomata,6.5,None,,,7,None,,,,,,,,72,h,Time,72,h,Time,,,,,,0.05,<,None,,,,,,,,,,,,,,,,,,,,,,,,,,,,,,,,,,,,,,,,,,,,,,,,,,,,,,,,,,,,,,,,,,,,,,,,,,,,,,,,,,,,,,,,,,,,,,,,,,,,,,,,,,,,,,,,,,,,,,,,,72,h,Time,,,mg/L,Mass concentration,0.10000000149011612,132.1999969482422,,,mg/L,Mass concentration,0.10000000149011612,132.1999969482422
84-61-7,"1,2-Benzenedicarboxylic acid, 1,2-dicyclohexyl ester;1,2-Benzenedicarboxylic acid, dicyclohexyl ester;1,2-dicyclohexyl benzene-1,2-dicarboxylate;dicyclohexyl benzene-1,2-dicarboxylate;Dicyclohexyl phthalate;dicyclohexyl phthalate (1,2-benzenedicarboxylic acid, dicyclohexyl ester);Dicyclohexyl phthalate [DCHP];Dicyclohexyl_Phthalate;Phthalic acid, dicyclohexyl ester",,,,,,,,,,,,,,,,,,,,,,,,,,,,,,,,,,,,,,,,,,,,,,,,,,,,,,,,,,,,,,,,,,,,,,,,,,,,,,,,,,,,,,,,,,,,,,,,,,,,,,,,,,,,,,,,,,,,,,,,,,,,,,,,Ecotoxicological Information#Aquatic Toxicity,ECOTOX,,Lethal and Sublethal Effects of Phthalates in Western Clawed Frog,,,True,Data in range,Equal,"M.S. Thesis, Department of Chemistry and Chemical Engineering, Royal Military College of Canada, Kingston, ON, Canada:149 p.",,,,,Acute,,,Xenopus tropicalis,Change,"Mathieu-Denoncourt,J.",Genetics,2240668,2519157,Active ingredient,Fresh water,Type II iodothyronine deiodinase mRNA,American Society for Testing and Materials,Multiple types of controls were reported by the author,02/28/2020,A,,Renewal,05/12/2020,,Lab,06/11/2020,Laboratory,2014,,Multiple significance,P,Gastrula,6-10 REPLICATES,DECHLORINATED AND AERATED WATER FROM THE QUEENS UNIVERSITY ANIMAL CARE FACILITY,Measured,PRIMER USED,Dicyclohexyl phthalate,ASTM FETAX (1998),"CONTR/P,V/","TERATOGENIC INDEX, MINIMUM CONCENTRATIONS TO INHIBIT GROWTH (MCIG)","CONTR/P,V//TMETH/ASTM FETAX (1998)//MEDIA/DECHLORINATED AND AERATED WATER FROM THE QUEENS UNIVERSITY ANIMAL CARE FACILITY//",Animalia (animals),Bilateria,Chordata (chordates),Vertebrata (vertebrates),Tetrapoda,Amphibia (Amphibians),"Anura (Frogs,Toads)",Pipidae (Tongueless Frogs),Xenopus (Clawed Frogs),Deuterostomia,Gnathostomata,,None,6.4,8.4,6,None,99,,None,Nieuwkoop-faber-stage,Unknown,11,12,72,h,Time,72,h,Time,,°C,Temperature,23.8,27,0.05,<,None,,,,,,,,,HIGHER CONCENTRATIONS NOT REPORTED,CONC1/HIGHER CONCENTRATIONS NOT REPORTED//,,,,,,,,,,,,,,,,,,,,,,,,,,,,,,,,,,,,,,,,,,,,,,,,,,,,,,,,,,,,,,,,,,,,,,,,,,,,,,,,,,,,,,,,,,,,,,,,,,,,,,,,,,,,,,,72,h,Time,,,mg/L,Mass concentration,0.30000001192092896,4.099999904632568,,,mg/L,Mass concentration,0.30000001192092896,4.099999904632568
84-61-7,"1,2-Benzenedicarboxylic acid, 1,2-dicyclohexyl ester;1,2-Benzenedicarboxylic acid, dicyclohexyl ester;1,2-dicyclohexyl benzene-1,2-dicarboxylate;dicyclohexyl benzene-1,2-dicarboxylate;Dicyclohexyl phthalate;dicyclohexyl phthalate (1,2-benzenedicarboxylic acid, dicyclohexyl ester);Dicyclohexyl phthalate [DCHP];Dicyclohexyl_Phthalate;Phthalic acid, dicyclohexyl ester",,,,,,,,,,,,,,,,,,,,,,,,,,,,,,,,,,,,,,,,,,,,,,,,,,,,,,,,,,,,,,,,,,,,,,,,,,,,,,,,,,,,,,,,,,,,,,,,,,,,,,,,,,,,,,,,,,,,,,,,,,,,,,,,Ecotoxicological Information#Aquatic Toxicity,ECOTOX,,Toxicity and Endocrine Disruption of Phthalates in Fish and Amphibians,,,True,Data in range,Equal,SRAD Progress Report 2013-14:20 p.,,,,,Acute,,,Xenopus tropicalis,Change,"De Solla,S.R., and V.S. Langlois",Genetics,2233950,2498574,Active ingredient,Fresh water,Heat shock protein 90 mRNA,American Society for Testing and Materials,Multiple types of controls were reported by the author,11/22/2019,A,,,11/23/2019,,Lab,12/12/2019,,2014,,Multiple significance,P,Embryo,6-10 REPLICATES,SPIKED WATER,Measured,PRIMER USED; STATS TO C CONTROL,Dicyclohexyl phthalate,"ASTM 1998, E1439-98","CONTR/C,V/",,"CONTR/C,V//TMETH/ASTM 1998, E1439-98//MEDIA/SPIKED WATER//",Animalia (animals),Bilateria,Chordata (chordates),Vertebrata (vertebrates),Tetrapoda,Amphibia (Amphibians),"Anura (Frogs,Toads)",Pipidae (Tongueless Frogs),Xenopus (Clawed Frogs),Deuterostomia,Gnathostomata,6.5,None,,,7,None,,,,,,,,72,h,Time,72,h,Time,,,,,,0.05,<,None,,,,,,,,,,,,,,,,,,,,,,,,,,,,,,,,,,,,,,,,,,,,,,,,,,,,,,,,,,,,,,,,,,,,,,,,,,,,,,,,,,,,,,,,,,,,,,,,,,,,,,,,,,,,,,,,,,,,,,,,,72,h,Time,,,mg/L,Mass concentration,0.10000000149011612,132.1999969482422,,,mg/L,Mass concentration,0.10000000149011612,132.1999969482422
84-61-7,"1,2-Benzenedicarboxylic acid, 1,2-dicyclohexyl ester;1,2-Benzenedicarboxylic acid, dicyclohexyl ester;1,2-dicyclohexyl benzene-1,2-dicarboxylate;dicyclohexyl benzene-1,2-dicarboxylate;Dicyclohexyl phthalate;dicyclohexyl phthalate (1,2-benzenedicarboxylic acid, dicyclohexyl ester);Dicyclohexyl phthalate [DCHP];Dicyclohexyl_Phthalate;Phthalic acid, dicyclohexyl ester",,,,,,,,,,,,,,,,,,,,,,,,,,,,,,,,,,,,,,,,,,,,,,,,,,,,,,,,,,,,,,,,,,,,,,,,,,,,,,,,,,,,,,,,,,,,,,,,,,,,,,,,,,,,,,,,,,,,,,,,,,,,,,,,Ecotoxicological Information#Aquatic Toxicity,ECOTOX,,Lethal and Sublethal Effects of Phthalate Diesters in Silurana tropicalis Larvae,,,True,Data in range,Equal,Environ. Toxicol. Chem.35(10): 2511-2522,,,,,Acute,,,Xenopus tropicalis,Increasing,"Mathieu-Denoncourt,J., C.J. Martyniuk, J.R. Loughery, V. Yargeau, S.R. De Solla, and V.S. Langlois",Genetics,2224165,2469028,Active ingredient,Culture,Peroxisome proliferator-activated receptor gamma mRNA,American Society for Testing and Materials,Multiple types of controls were reported by the author,07/26/2019,A,,Renewal,07/29/2019,Whole organism,Lab,09/12/2019,Laboratory,2016,,Multiple significance,P,Larva,4 - 17 REPLICATES,FETAX SOLUTION,Measured,STATS FROM V CONTROL,Dicyclohexyl phthalate,"FETAX, 2004","CONTR/C,V/",SUBNETWORK ENRICHMENT ANALYSIS,"CONTR/C,V//TMETH/FETAX, 2004//MEDIA/FETAX SOLUTION//",Animalia (animals),Bilateria,Chordata (chordates),Vertebrata (vertebrates),Tetrapoda,Amphibia (Amphibians),"Anura (Frogs,Toads)",Pipidae (Tongueless Frogs),Xenopus (Clawed Frogs),Deuterostomia,Gnathostomata,,None,7.2,8.4,7,None,99,,None,Nieuwkoop-faber-stage,Unknown,11,12,72,h,Time,72,h,Time,26,°C,Temperature,,,0.05,<,None,,,,,,,,,,,,,,,,,,,,,,,,,,,,,,,,,,,,,,,,,,,,,,,,,,,,,,,,,,,,,,,,,,,,,,,,,,,,,,,,,,,,,,,,,,,,,,,,,,,,,,,,,,,,,,,,,,,,,,,,,72,h,Time,,,mg/L,Mass concentration,0.30000001192092896,4.099999904632568,,,mg/L,Mass concentration,0.30000001192092896,4.099999904632568
84-61-7,"1,2-Benzenedicarboxylic acid, 1,2-dicyclohexyl ester;1,2-Benzenedicarboxylic acid, dicyclohexyl ester;1,2-dicyclohexyl benzene-1,2-dicarboxylate;dicyclohexyl benzene-1,2-dicarboxylate;Dicyclohexyl phthalate;dicyclohexyl phthalate (1,2-benzenedicarboxylic acid, dicyclohexyl ester);Dicyclohexyl phthalate [DCHP];Dicyclohexyl_Phthalate;Phthalic acid, dicyclohexyl ester",,,,,,,,,,,,,,,,,,,,,,,,,,,,,,,,,,,,,,,,,,,,,,,,,,,,,,,,,,,,,,,,,,,,,,,,,,,,,,,,,,,,,,,,,,,,,,,,,,,,,,,,,,,,,,,,,,,,,,,,,,,,,,,,Ecotoxicological Information#Aquatic Toxicity,ECOTOX,,Lethal and Sublethal Effects of Phthalates in Western Clawed Frog,,,True,Data in range,Equal,"M.S. Thesis, Department of Chemistry and Chemical Engineering, Royal Military College of Canada, Kingston, ON, Canada:149 p.",,,,,Acute,,,Xenopus tropicalis,Change,"Mathieu-Denoncourt,J.",Genetics,2240668,2519156,Active ingredient,Fresh water,Androgen receptor mRNA,American Society for Testing and Materials,Multiple types of controls were reported by the author,02/28/2020,A,,Renewal,05/12/2020,,Lab,06/11/2020,Laboratory,2014,,Multiple significance,P,Gastrula,6-10 REPLICATES,DECHLORINATED AND AERATED WATER FROM THE QUEENS UNIVERSITY ANIMAL CARE FACILITY,Measured,PRIMER USED,Dicyclohexyl phthalate,ASTM FETAX (1998),"CONTR/P,V/","TERATOGENIC INDEX, MINIMUM CONCENTRATIONS TO INHIBIT GROWTH (MCIG)","CONTR/P,V//TMETH/ASTM FETAX (1998)//MEDIA/DECHLORINATED AND AERATED WATER FROM THE QUEENS UNIVERSITY ANIMAL CARE FACILITY//",Animalia (animals),Bilateria,Chordata (chordates),Vertebrata (vertebrates),Tetrapoda,Amphibia (Amphibians),"Anura (Frogs,Toads)",Pipidae (Tongueless Frogs),Xenopus (Clawed Frogs),Deuterostomia,Gnathostomata,,None,6.4,8.4,6,None,99,,None,Nieuwkoop-faber-stage,Unknown,11,12,72,h,Time,72,h,Time,,°C,Temperature,23.8,27,0.05,<,None,,,,,,,,,HIGHER CONCENTRATIONS NOT REPORTED,CONC1/HIGHER CONCENTRATIONS NOT REPORTED//,,,,,,,,,,,,,,,,,,,,,,,,,,,,,,,,,,,,,,,,,,,,,,,,,,,,,,,,,,,,,,,,,,,,,,,,,,,,,,,,,,,,,,,,,,,,,,,,,,,,,,,,,,,,,,,72,h,Time,,,mg/L,Mass concentration,0.30000001192092896,4.099999904632568,,,mg/L,Mass concentration,0.30000001192092896,4.099999904632568
84-61-7,"1,2-Benzenedicarboxylic acid, 1,2-dicyclohexyl ester;1,2-Benzenedicarboxylic acid, dicyclohexyl ester;1,2-dicyclohexyl benzene-1,2-dicarboxylate;dicyclohexyl benzene-1,2-dicarboxylate;Dicyclohexyl phthalate;dicyclohexyl phthalate (1,2-benzenedicarboxylic acid, dicyclohexyl ester);Dicyclohexyl phthalate [DCHP];Dicyclohexyl_Phthalate;Phthalic acid, dicyclohexyl ester",,,,,,,,,,,,,,,,,,,,,,,,,,,,,,,,,,,,,,,,,,,,,,,,,,,,,,,,,,,,,,,,,,,,,,,,,,,,,,,,,,,,,,,,,,,,,,,,,,,,,,,,,,,,,,,,,,,,,,,,,,,,,,,,Ecotoxicological Information#Aquatic Toxicity,ECOTOX,,Lethal and Sublethal Effects of Phthalate Diesters in Silurana tropicalis Larvae,LOEC,,True,No qualifier,Equal,Environ. Toxicol. Chem.35(10): 2511-2522,,,,,Acute,,,Xenopus tropicalis,Decreasing,"Mathieu-Denoncourt,J., C.J. Martyniuk, J.R. Loughery, V. Yargeau, S.R. De Solla, and V.S. Langlois",Growth,2224165,2469019,Active ingredient,Culture,Length,American Society for Testing and Materials,Multiple types of controls were reported by the author,07/26/2019,A,82399,Renewal,07/29/2019,Whole organism,Lab,09/12/2019,Laboratory,2016,Reviewer assigned endpoint,Significant,P,Larva,4 - 17 REPLICATES,FETAX SOLUTION,Measured,STATS FROM V CONTROL,Dicyclohexyl phthalate,"FETAX, 2004","CONTR/C,V/",SUBNETWORK ENRICHMENT ANALYSIS,"CONTR/C,V//TMETH/FETAX, 2004//MEDIA/FETAX SOLUTION//",Animalia (animals),Bilateria,Chordata (chordates),Vertebrata (vertebrates),Tetrapoda,Amphibia (Amphibians),"Anura (Frogs,Toads)",Pipidae (Tongueless Frogs),Xenopus (Clawed Frogs),Deuterostomia,Gnathostomata,,None,7.2,8.4,7,None,99,,None,Nieuwkoop-faber-stage,Unknown,11,12,72,h,Time,72,h,Time,26,°C,Temperature,,,0.05,<,None,,,,,,,,,,,,,,,,,,,,,,,,,,,,,,,,,,,,,,,,,,,,,,,,,,,,,,,,,,,,,,,,,,,,,,,,,,,,,,,,,,,,,,,,,,,,,,,,,,,,,,,,,,,,,,,,,,,,,,,,,72,h,Time,4.099999904632568,,mg/L,Mass concentration,,,4.099999904632568,,mg/L,Mass concentration,,
84-61-7,"1,2-Benzenedicarboxylic acid, 1,2-dicyclohexyl ester;1,2-Benzenedicarboxylic acid, dicyclohexyl ester;1,2-dicyclohexyl benzene-1,2-dicarboxylate;dicyclohexyl benzene-1,2-dicarboxylate;Dicyclohexyl phthalate;dicyclohexyl phthalate (1,2-benzenedicarboxylic acid, dicyclohexyl ester);Dicyclohexyl phthalate [DCHP];Dicyclohexyl_Phthalate;Phthalic acid, dicyclohexyl ester",,,,,,,,,,,,,,,,,,,,,,,,,,,,,,,,,,,,,,,,,,,,,,,,,,,,,,,,,,,,,,,,,,,,,,,,,,,,,,,,,,,,,,,,,,,,,,,,,,,,,,,,,,,,,,,,,,,,,,,,,,,,,,,,Ecotoxicological Information#Aquatic Toxicity,ECOTOX,,Toxicity and Endocrine Disruption of Phthalates in Fish and Amphibians,LOEC,,True,No qualifier,Equal,SRAD Progress Report 2013-14:20 p.,,,,,Acute,,,Xenopus tropicalis,Decreasing,"De Solla,S.R., and V.S. Langlois",Growth,2233950,2498560,Active ingredient,Fresh water,Length,American Society for Testing and Materials,Multiple types of controls were reported by the author,11/22/2019,A,,,11/23/2019,Whole organism,Lab,12/12/2019,,2014,Reviewer assigned endpoint,Significant at all concentrations,P,Embryo,6-10 REPLICATES,SPIKED WATER,Measured,STATS TO C CONTROL,Dicyclohexyl phthalate,"ASTM 1998, E1439-98","CONTR/C,V/",,"CONTR/C,V//TMETH/ASTM 1998, E1439-98//MEDIA/SPIKED WATER//",Animalia (animals),Bilateria,Chordata (chordates),Vertebrata (vertebrates),Tetrapoda,Amphibia (Amphibians),"Anura (Frogs,Toads)",Pipidae (Tongueless Frogs),Xenopus (Clawed Frogs),Deuterostomia,Gnathostomata,6.5,None,,,7,None,,,,,,,,72,h,Time,72,h,Time,,,,,,0.05,<,None,,,,,,,,,,,,,,,,,,,,,,,,,,,,,,,,,,,,,,,,,,,,,,,,,,,,,,,,,,,,,,,,,,,,,,,,,,,,,,,,,,,,,,,,,,,,,,,,,,,,,,,,,,,,,,,,,,,,,,,,,72,h,Time,0.30000001192092896,,mg/L,Mass concentration,0.10000000149011612,0.5,0.30000001192092896,,mg/L,Mass concentration,0.10000000149011612,0.5
84-61-7,"1,2-Benzenedicarboxylic acid, 1,2-dicyclohexyl ester;1,2-Benzenedicarboxylic acid, dicyclohexyl ester;1,2-dicyclohexyl benzene-1,2-dicarboxylate;dicyclohexyl benzene-1,2-dicarboxylate;Dicyclohexyl phthalate;dicyclohexyl phthalate (1,2-benzenedicarboxylic acid, dicyclohexyl ester);Dicyclohexyl phthalate [DCHP];Dicyclohexyl_Phthalate;Phthalic acid, dicyclohexyl ester",,,,,,,,,,,,,,,,,,,,,,,,,,,,,,,,,,,,,,,,,,,,,,,,,,,,,,,,,,,,,,,,,,,,,,,,,,,,,,,,,,,,,,,,,,,,,,,,,,,,,,,,,,,,,,,,,,,,,,,,,,,,,,,,Ecotoxicological Information#Aquatic Toxicity,ECOTOX,,Lethal and Sublethal Effects of Phthalate Diesters in Silurana tropicalis Larvae,NOEC,,True,No qualifier,Equal,Environ. Toxicol. Chem.35(10): 2511-2522,,,,,Acute,,,Xenopus tropicalis,Decreasing,"Mathieu-Denoncourt,J., C.J. Martyniuk, J.R. Loughery, V. Yargeau, S.R. De Solla, and V.S. Langlois",Growth,2224165,2469009,Active ingredient,Culture,Length,American Society for Testing and Materials,Multiple types of controls were reported by the author,07/26/2019,A,82399,Renewal,07/29/2019,Whole organism,Lab,09/12/2019,Laboratory,2016,Reviewer assigned endpoint,No significance,P,Larva,4 - 17 REPLICATES,FETAX SOLUTION,Measured,STATS FROM V CONTROL,Dicyclohexyl phthalate,"FETAX, 2004","CONTR/C,V/",SUBNETWORK ENRICHMENT ANALYSIS,"CONTR/C,V//TMETH/FETAX, 2004//MEDIA/FETAX SOLUTION//",Animalia (animals),Bilateria,Chordata (chordates),Vertebrata (vertebrates),Tetrapoda,Amphibia (Amphibians),"Anura (Frogs,Toads)",Pipidae (Tongueless Frogs),Xenopus (Clawed Frogs),Deuterostomia,Gnathostomata,,None,7.2,8.4,7,None,99,,None,Nieuwkoop-faber-stage,Unknown,11,12,72,h,Time,72,h,Time,26,°C,Temperature,,,0.05,<,None,,,,,,,,,,,,,,,,,,,,,,,,,,,,,,,,,,,,,,,,,,,,,,,,,,,,,,,,,,,,,,,,,,,,,,,,,,,,,,,,,,,,,,,,,,,,,,,,,,,,,,,,,,,,,,,,,,,,,,,,,72,h,Time,1.5,,mg/L,Mass concentration,,,1.5,,mg/L,Mass concentration,,
84-61-7,"1,2-Benzenedicarboxylic acid, 1,2-dicyclohexyl ester;1,2-Benzenedicarboxylic acid, dicyclohexyl ester;1,2-dicyclohexyl benzene-1,2-dicarboxylate;dicyclohexyl benzene-1,2-dicarboxylate;Dicyclohexyl phthalate;dicyclohexyl phthalate (1,2-benzenedicarboxylic acid, dicyclohexyl ester);Dicyclohexyl phthalate [DCHP];Dicyclohexyl_Phthalate;Phthalic acid, dicyclohexyl ester",,,,,,,,,,,,,,,,,,,,,,,,,,,,,,,,,,,,,,,,,,,,,,,,,,,,,,,,,,,,,,,,,,,,,,,,,,,,,,,,,,,,,,,,,,,,,,,,,,,,,,,,,,,,,,,,,,,,,,,,,,,,,,,,Ecotoxicological Information#Aquatic Toxicity,Aquatic Japan MoE,1999,,EC50,OECD TG 201,True,>,Equal,,,,,,,,,Pseudokirchneriella subcapitata,,,Growth Rate,,,,,,Algal growth inhibition test,,,,,,,,,,,,,,,,,,,,,,,,,Plantae (plants),,,,,Chlorophyceae,,,,,,,,,,,,,,,,,,,,,,,,,,,,,,,,,77,,,,,,,Chlorophyta (green algae),,,,,,,,,,,,,,,,,,,,,,,,,,,,,,,,,,,,,,,,,,,,,,,,,,,,,,,,,,,,,,,,,,,,,,,,,,,,,,,,,,,,,,,,,,,,,,,,,,,,,,,,,,,,,,,,,72,h,Time,2,>,mg/L,Mass concentration,,,2,>,mg/L,Mass concentration,,
84-61-7,"1,2-Benzenedicarboxylic acid, 1,2-dicyclohexyl ester;1,2-Benzenedicarboxylic acid, dicyclohexyl ester;1,2-dicyclohexyl benzene-1,2-dicarboxylate;dicyclohexyl benzene-1,2-dicarboxylate;Dicyclohexyl phthalate;dicyclohexyl phthalate (1,2-benzenedicarboxylic acid, dicyclohexyl ester);Dicyclohexyl phthalate [DCHP];Dicyclohexyl_Phthalate;Phthalic acid, dicyclohexyl ester",,,,,,,,,,,,,,,,,,,,,,,,,,,,,,,,,,,,,,,,,,,,,,,,,,,,,,,,,,,,,,,,,,,,,,,,,,,,,,,,,,,,,,,,,,,,,,,,,,,,,,,,,,,,,,,,,,,,,,,,,,,,,,,,Ecotoxicological Information#Aquatic Toxicity,Aquatic Japan MoE,1999,,NOEC,OECD TG 201,True,No qualifier,Equal,,,,,,,,,Pseudokirchneriella subcapitata,,,Growth Rate,,,,,,Algal growth inhibition test,,,,,,,,,,,,,,,,,,,,,,,,,Plantae (plants),,,,,Chlorophyceae,,,,,,,,,,,,,,,,,,,,,,,,,,,,,,,,,770,,,,,,,Chlorophyta (green algae),,,,,,,,,,,,,,,,,,,,,,,,,,,,,,,,,,,,,,,,,,,,,,,,,,,,,,,,,,,,,,,,,,,,,,,,,,,,,,,,,,,,,,,,,,,,,,,,,,,,,,,,,,,,,,,,,72,h,Time,2,,mg/L,Mass concentration,,,2,,mg/L,Mass concentration,,
84-61-7,"1,2-Benzenedicarboxylic acid, 1,2-dicyclohexyl ester;1,2-Benzenedicarboxylic acid, dicyclohexyl ester;1,2-dicyclohexyl benzene-1,2-dicarboxylate;dicyclohexyl benzene-1,2-dicarboxylate;Dicyclohexyl phthalate;dicyclohexyl phthalate (1,2-benzenedicarboxylic acid, dicyclohexyl ester);Dicyclohexyl phthalate [DCHP];Dicyclohexyl_Phthalate;Phthalic acid, dicyclohexyl ester",,,,,,,,,,,,,,,,,,,,,,,,,,,,,,,,,,,,,,,,,,,,,,,,,,,,,,,,,,,,,,,,,,,,,,,,,,,,,,,,,,,,,,,,,,,,,,,,,,,,,,,,,,,,,,,,,,,,,,,,,,,,,,,,Ecotoxicological Information#Aquatic Toxicity,ECOTOX,,"Effects and Toxicity of Phthalate Esters to Hemocytes of Giant Freshwater Prawn, Macrobrachium rosenbergii",LOEC,,True,No qualifier,Equal,Aquat. Toxicol.64:25-37,,,,,,,,Macrobrachium rosenbergii,Increasing,"Sung,H.H., W.Y. Kao, and Y.J. Su",Histology,2224219,2469170,Formulation,Culture,Necrosis,,Carrier or solvent,07/28/2019,A,,Aquatic - not reported,07/28/2019,Hemocyte,Lab,09/12/2019,Laboratory,2003,Reviewer assigned endpoint,Significant at all concentrations,P,Not intact,"3 REPLICATES, TOXICITY STUDY",M-199 MEDIUM,Unmeasured,,Dicyclohexyl phthalate,,,,SOURCE/LOCAL PRAWN FARM//MEDIA/M-199 MEDIUM//,Animalia (animals),Bilateria,Arthropoda (arthropods),Crustacea (crustaceans),,Malacostraca,"Decapoda (crabs,crayfishes,lobsters,prawns,shrimp)",Palaemonidae,Macrobrachium,Protostomia,,,,,,2,None,,,,,,,,40,min,Time,40,min,Time,25,°C,Temperature,,,0.05,<,None,,Eumalacostraca,Pleocyemata,Caridea,Ecdysozoa,Eucarida,Palaemoninae,,ONLY CONC TESTED,CONC1/ONLY CONC TESTED//,LOCAL PRAWN FARM,Palaemonoidea,,,,1,Dosed x time(s) per study period,Unknown,,,,,"HEMOCYTES, 1000000 CELLS/ML",,,,,,,,,,,,,,,,,,,,,,,,,,,,,,,,,,,,,,,,,,,,,,,,,,,,,,,,,,,,,,,,,,,,,,,,,,,,,,,,,,,,,,,,,,,,,,,,,,40,min,Time,100,,mg/L,Mass concentration,,,100,,µg/mL,Mass concentration,,
84-61-7,"1,2-Benzenedicarboxylic acid, 1,2-dicyclohexyl ester;1,2-Benzenedicarboxylic acid, dicyclohexyl ester;1,2-dicyclohexyl benzene-1,2-dicarboxylate;dicyclohexyl benzene-1,2-dicarboxylate;Dicyclohexyl phthalate;dicyclohexyl phthalate (1,2-benzenedicarboxylic acid, dicyclohexyl ester);Dicyclohexyl phthalate [DCHP];Dicyclohexyl_Phthalate;Phthalic acid, dicyclohexyl ester",,,,,,,,,,,,,,,,,,,,,,,,,,,,,,,,,,,,,,,,,,,,,,,,,,,,,,,,,,,,,,,,,,,,,,,,,,,,,,,,,,,,,,,,,,,,,,,,,,,,,,,,,,,,,,,,,,,,,,,,,,,,,,,,Ecotoxicological Information#Aquatic Toxicity,ECOTOX,,Toxicity and Endocrine Disruption of Phthalates in Fish and Amphibians,LOEC,,True,No qualifier,Equal,SRAD Progress Report 2013-14:20 p.,,,,,Acute,,,Xenopus tropicalis,Increasing,"De Solla,S.R., and V.S. Langlois",Histology,2233950,2498554,Active ingredient,Fresh water,Edema,American Society for Testing and Materials,Multiple types of controls were reported by the author,11/22/2019,A,85962,,11/23/2019,,Lab,12/12/2019,,2014,Reviewer assigned endpoint,Significant,P,Embryo,6-10 REPLICATES,SPIKED WATER,Measured,STATS TO C CONTROL,Dicyclohexyl phthalate,"ASTM 1998, E1439-98","CONTR/C,V/",,"CONTR/C,V//TMETH/ASTM 1998, E1439-98//MEDIA/SPIKED WATER//",Animalia (animals),Bilateria,Chordata (chordates),Vertebrata (vertebrates),Tetrapoda,Amphibia (Amphibians),"Anura (Frogs,Toads)",Pipidae (Tongueless Frogs),Xenopus (Clawed Frogs),Deuterostomia,Gnathostomata,6.5,None,,,7,None,,,,,,,,72,h,Time,72,h,Time,,,,,,0.05,<,None,,,,,,,,,,,,,,,,,,,,,,,,,,,,,,,,,,,,,,,,,,,,,,,,,,,,,,,,,,,,,,,,,,,,,,,,,,,,,,,,,,,,,,,,,,,,,,,,,,,,,,,,,,,,,,,,,,,,,,,,,72,h,Time,1.5,,mg/L,Mass concentration,0.20000000298023224,2.700000047683716,1.5,,mg/L,Mass concentration,0.20000000298023224,2.700000047683716
84-61-7,"1,2-Benzenedicarboxylic acid, 1,2-dicyclohexyl ester;1,2-Benzenedicarboxylic acid, dicyclohexyl ester;1,2-dicyclohexyl benzene-1,2-dicarboxylate;dicyclohexyl benzene-1,2-dicarboxylate;Dicyclohexyl phthalate;dicyclohexyl phthalate (1,2-benzenedicarboxylic acid, dicyclohexyl ester);Dicyclohexyl phthalate [DCHP];Dicyclohexyl_Phthalate;Phthalic acid, dicyclohexyl ester",,,,,,,,,,,,,,,,,,,,,,,,,,,,,,,,,,,,,,,,,,,,,,,,,,,,,,,,,,,,,,,,,,,,,,,,,,,,,,,,,,,,,,,,,,,,,,,,,,,,,,,,,,,,,,,,,,,,,,,,,,,,,,,,Ecotoxicological Information#Aquatic Toxicity,ECOTOX,,Lethal and Sublethal Effects of Phthalate Diesters in Silurana tropicalis Larvae,LOEC,,True,No qualifier,Equal,Environ. Toxicol. Chem.35(10): 2511-2522,,,,,Acute,,,Xenopus tropicalis,Increasing,"Mathieu-Denoncourt,J., C.J. Martyniuk, J.R. Loughery, V. Yargeau, S.R. De Solla, and V.S. Langlois",Histology,2224165,2469015,Active ingredient,Culture,Edema,American Society for Testing and Materials,Multiple types of controls were reported by the author,07/26/2019,A,82394,Renewal,07/29/2019,Whole organism,Lab,09/12/2019,Laboratory,2016,Reviewer assigned endpoint,Significant,P,Larva,4 - 17 REPLICATES,FETAX SOLUTION,Measured,STATS FROM V CONTROL,Dicyclohexyl phthalate,"FETAX, 2004","CONTR/C,V/",SUBNETWORK ENRICHMENT ANALYSIS,"CONTR/C,V//TMETH/FETAX, 2004//MEDIA/FETAX SOLUTION//",Animalia (animals),Bilateria,Chordata (chordates),Vertebrata (vertebrates),Tetrapoda,Amphibia (Amphibians),"Anura (Frogs,Toads)",Pipidae (Tongueless Frogs),Xenopus (Clawed Frogs),Deuterostomia,Gnathostomata,,None,7.2,8.4,7,None,99,,None,Nieuwkoop-faber-stage,Unknown,11,12,72,h,Time,72,h,Time,26,°C,Temperature,,,0.05,<,None,,,,,,,,,,,,,150,Organism,Unknown,,,,,,,,,33.3,None,,,,,,,,,,,,,,,,,,,,,,,,,,,,,,,,,,,,,,,,,,,,,,,,,,,,,,,,,,,,,,,,,,,,,,,,,,,,,,,,,,,,,,,,,,,,,,,,72,h,Time,1.5,,mg/L,Mass concentration,,,1.5,,mg/L,Mass concentration,,
84-61-7,"1,2-Benzenedicarboxylic acid, 1,2-dicyclohexyl ester;1,2-Benzenedicarboxylic acid, dicyclohexyl ester;1,2-dicyclohexyl benzene-1,2-dicarboxylate;dicyclohexyl benzene-1,2-dicarboxylate;Dicyclohexyl phthalate;dicyclohexyl phthalate (1,2-benzenedicarboxylic acid, dicyclohexyl ester);Dicyclohexyl phthalate [DCHP];Dicyclohexyl_Phthalate;Phthalic acid, dicyclohexyl ester",,,,,,,,,,,,,,,,,,,,,,,,,,,,,,,,,,,,,,,,,,,,,,,,,,,,,,,,,,,,,,,,,,,,,,,,,,,,,,,,,,,,,,,,,,,,,,,,,,,,,,,,,,,,,,,,,,,,,,,,,,,,,,,,Ecotoxicological Information#Aquatic Toxicity,ECOTOX,,"Effects and Toxicity of Phthalate Esters to Hemocytes of Giant Freshwater Prawn, Macrobrachium rosenbergii",NOEC,,True,No qualifier,Equal,Aquat. Toxicol.64:25-37,,,,,,,,Macrobrachium rosenbergii,Increasing,"Sung,H.H., W.Y. Kao, and Y.J. Su",Histology,2224219,2469167,Formulation,Culture,Necrosis,,Carrier or solvent,07/28/2019,A,,Aquatic - not reported,07/28/2019,Hemocyte,Lab,09/12/2019,Laboratory,2003,Reviewer assigned endpoint,Not significant at all concentrations,P,Not intact,"3 REPLICATES, TOXICITY STUDY",M-199 MEDIUM,Unmeasured,,Dicyclohexyl phthalate,,,,SOURCE/LOCAL PRAWN FARM//MEDIA/M-199 MEDIUM//,Animalia (animals),Bilateria,Arthropoda (arthropods),Crustacea (crustaceans),,Malacostraca,"Decapoda (crabs,crayfishes,lobsters,prawns,shrimp)",Palaemonidae,Macrobrachium,Protostomia,,,,,,2,None,,,,,,,,40,min,Time,40,min,Time,25,°C,Temperature,,,0.05,<,None,,Eumalacostraca,Pleocyemata,Caridea,Ecdysozoa,Eucarida,Palaemoninae,,ONLY CONC TESTED,CONC1/ONLY CONC TESTED//,LOCAL PRAWN FARM,Palaemonoidea,,,,1,Dosed x time(s) per study period,Unknown,,,,,"HEMOCYTES, 1000000 CELLS/ML",,,,,,,,,,,,,,,,,,,,,,,,,,,,,,,,,,,,,,,,,,,,,,,,,,,,,,,,,,,,,,,,,,,,,,,,,,,,,,,,,,,,,,,,,,,,,,,,,,10,min,Time,100,,mg/L,Mass concentration,,,100,,µg/mL,Mass concentration,,
84-61-7,"1,2-Benzenedicarboxylic acid, 1,2-dicyclohexyl ester;1,2-Benzenedicarboxylic acid, dicyclohexyl ester;1,2-dicyclohexyl benzene-1,2-dicarboxylate;dicyclohexyl benzene-1,2-dicarboxylate;Dicyclohexyl phthalate;dicyclohexyl phthalate (1,2-benzenedicarboxylic acid, dicyclohexyl ester);Dicyclohexyl phthalate [DCHP];Dicyclohexyl_Phthalate;Phthalic acid, dicyclohexyl ester",,,,,,,,,,,,,,,,,,,,,,,,,,,,,,,,,,,,,,,,,,,,,,,,,,,,,,,,,,,,,,,,,,,,,,,,,,,,,,,,,,,,,,,,,,,,,,,,,,,,,,,,,,,,,,,,,,,,,,,,,,,,,,,,Ecotoxicological Information#Aquatic Toxicity,ECOTOX,,Lethal and Sublethal Effects of Phthalate Diesters in Silurana tropicalis Larvae,NOEC,,True,No qualifier,Equal,Environ. Toxicol. Chem.35(10): 2511-2522,,,,,Acute,,,Xenopus tropicalis,Increasing,"Mathieu-Denoncourt,J., C.J. Martyniuk, J.R. Loughery, V. Yargeau, S.R. De Solla, and V.S. Langlois",Histology,2224165,2469001,Active ingredient,Culture,Edema,American Society for Testing and Materials,Multiple types of controls were reported by the author,07/26/2019,A,82394,Renewal,07/29/2019,Whole organism,Lab,09/12/2019,Laboratory,2016,Reviewer assigned endpoint,No significance,P,Larva,4 - 17 REPLICATES,FETAX SOLUTION,Measured,STATS FROM V CONTROL,Dicyclohexyl phthalate,"FETAX, 2004","CONTR/C,V/",SUBNETWORK ENRICHMENT ANALYSIS,"CONTR/C,V//TMETH/FETAX, 2004//MEDIA/FETAX SOLUTION//",Animalia (animals),Bilateria,Chordata (chordates),Vertebrata (vertebrates),Tetrapoda,Amphibia (Amphibians),"Anura (Frogs,Toads)",Pipidae (Tongueless Frogs),Xenopus (Clawed Frogs),Deuterostomia,Gnathostomata,,None,7.2,8.4,7,None,99,,None,Nieuwkoop-faber-stage,Unknown,11,12,72,h,Time,72,h,Time,26,°C,Temperature,,,0.05,<,None,,,,,,,,,,,,,147,Organism,Unknown,,,,,,,,,3.4,None,,,,,,,,,,,,,,,,,,,,,,,,,,,,,,,,,,,,,,,,,,,,,,,,,,,,,,,,,,,,,,,,,,,,,,,,,,,,,,,,,,,,,,,,,,,,,,,,72,h,Time,0.30000001192092896,,mg/L,Mass concentration,,,0.30000001192092896,,mg/L,Mass concentration,,
84-61-7,"1,2-Benzenedicarboxylic acid, 1,2-dicyclohexyl ester;1,2-Benzenedicarboxylic acid, dicyclohexyl ester;1,2-dicyclohexyl benzene-1,2-dicarboxylate;dicyclohexyl benzene-1,2-dicarboxylate;Dicyclohexyl phthalate;dicyclohexyl phthalate (1,2-benzenedicarboxylic acid, dicyclohexyl ester);Dicyclohexyl phthalate [DCHP];Dicyclohexyl_Phthalate;Phthalic acid, dicyclohexyl ester",,,,,,,,,,,,,,,,,,,,,,,,,,,,,,,,,,,,,,,,,,,,,,,,,,,,,,,,,,,,,,,,,,,,,,,,,,,,,,,,,,,,,,,,,,,,,,,,,,,,,,,,,,,,,,,,,,,,,,,,,,,,,,,,Ecotoxicological Information#Aquatic Toxicity,ECOTOX,,Toxicity and Endocrine Disruption of Phthalates in Fish and Amphibians,NOEC,,True,No qualifier,Equal,SRAD Progress Report 2013-14:20 p.,,,,,Acute,,,Xenopus tropicalis,Increasing,"De Solla,S.R., and V.S. Langlois",Histology,2233950,2498553,Active ingredient,Fresh water,Edema,American Society for Testing and Materials,Multiple types of controls were reported by the author,11/22/2019,A,85962,,11/23/2019,,Lab,12/12/2019,,2014,Reviewer assigned endpoint,No significance,P,Embryo,6-10 REPLICATES,SPIKED WATER,Measured,STATS TO C CONTROL,Dicyclohexyl phthalate,"ASTM 1998, E1439-98","CONTR/C,V/",,"CONTR/C,V//TMETH/ASTM 1998, E1439-98//MEDIA/SPIKED WATER//",Animalia (animals),Bilateria,Chordata (chordates),Vertebrata (vertebrates),Tetrapoda,Amphibia (Amphibians),"Anura (Frogs,Toads)",Pipidae (Tongueless Frogs),Xenopus (Clawed Frogs),Deuterostomia,Gnathostomata,6.5,None,,,7,None,,,,,,,,72,h,Time,72,h,Time,,,,,,0.05,<,None,,,,,,,,,,,,,,,,,,,,,,,,,,,,,,,,,,,,,,,,,,,,,,,,,,,,,,,,,,,,,,,,,,,,,,,,,,,,,,,,,,,,,,,,,,,,,,,,,,,,,,,,,,,,,,,,,,,,,,,,,72,h,Time,0.30000001192092896,,mg/L,Mass concentration,0.10000000149011612,0.5,0.30000001192092896,,mg/L,Mass concentration,0.10000000149011612,0.5
84-61-7,"1,2-Benzenedicarboxylic acid, 1,2-dicyclohexyl ester;1,2-Benzenedicarboxylic acid, dicyclohexyl ester;1,2-dicyclohexyl benzene-1,2-dicarboxylate;dicyclohexyl benzene-1,2-dicarboxylate;Dicyclohexyl phthalate;dicyclohexyl phthalate (1,2-benzenedicarboxylic acid, dicyclohexyl ester);Dicyclohexyl phthalate [DCHP];Dicyclohexyl_Phthalate;Phthalic acid, dicyclohexyl ester",,,,,,,,,,,,,,,,,,,,,,,,,,,,,,,,,,,,,,,,,,,,,,,,,,,,,,,,,,,,,,,,,,,,,,,,,,,,,,,,,,,,,,,,,,,,,,,,,,,,,,,,,,,,,,,,,,,,,,,,,,,,,,,,Ecotoxicological Information#Aquatic Toxicity,ECOTOX,,"Effects and Toxicity of Phthalate Esters to Hemocytes of Giant Freshwater Prawn, Macrobrachium rosenbergii",NOEC,,True,No qualifier,Equal,Aquat. Toxicol.64:25-37,,,,,,,,Macrobrachium rosenbergii,Increasing,"Sung,H.H., W.Y. Kao, and Y.J. Su",Immunological,2224198,2469138,Formulation,Culture,Pseudopodia formation,,Carrier or solvent,07/28/2019,A,,Aquatic - not reported,07/29/2019,Hemocyte,Lab,09/12/2019,Laboratory,2003,Reviewer assigned endpoint,Not significant at all concentrations,P,Not intact,"3 REPLICATES, ADHESION STUDY",M-199 MEDIUM,Unmeasured,,Dicyclohexyl phthalate,,,,SOURCE/LOCAL PRAWN FARM//MEDIA/M-199 MEDIUM//,Animalia (animals),Bilateria,Arthropoda (arthropods),Crustacea (crustaceans),,Malacostraca,"Decapoda (crabs,crayfishes,lobsters,prawns,shrimp)",Palaemonidae,Macrobrachium,Protostomia,,,,,,2,None,,,,,,,,10,min,Time,10,min,Time,25,°C,Temperature,,,0.05,<,None,,Eumalacostraca,Pleocyemata,Caridea,Ecdysozoa,Eucarida,Palaemoninae,,ONLY CONC TESTED,EFCT%/FROM GRAPH//CONC1/ONLY CONC TESTED//,LOCAL PRAWN FARM,Palaemonoidea,,,,1,Dosed x time(s) per study period,Unknown,,,,FROM GRAPH,"HEMOCYTES, 1000000 CELLS/ML",,None,40,>,60,<,,,,,,,,,,,,,,,,,,,,,,,,,,,,,,,,,,,,,,,,,,,,,,,,,,,,,,,,,,,,,,,,,,,,,,,,,,,,,,,,,,,,,,,,,,,,10,min,Time,100,,mg/L,Mass concentration,,,100,,µg/mL,Mass concentration,,
84-61-7,"1,2-Benzenedicarboxylic acid, 1,2-dicyclohexyl ester;1,2-Benzenedicarboxylic acid, dicyclohexyl ester;1,2-dicyclohexyl benzene-1,2-dicarboxylate;dicyclohexyl benzene-1,2-dicarboxylate;Dicyclohexyl phthalate;dicyclohexyl phthalate (1,2-benzenedicarboxylic acid, dicyclohexyl ester);Dicyclohexyl phthalate [DCHP];Dicyclohexyl_Phthalate;Phthalic acid, dicyclohexyl ester",,,,,,,,,,,,,,,,,,,,,,,,,,,,,,,,,,,,,,,,,,,,,,,,,,,,,,,,,,,,,,,,,,,,,,,,,,,,,,,,,,,,,,,,,,,,,,,,,,,,,,,,,,,,,,,,,,,,,,,,,,,,,,,,Ecotoxicological Information#Aquatic Toxicity,ECOTOX,,Lethal and Sublethal Effects of Phthalates in Western Clawed Frog,EC50,,True,No qualifier,Equal,"M.S. Thesis, Department of Chemistry and Chemical Engineering, Royal Military College of Canada, Kingston, ON, Canada:149 p.",,,,,Acute,,,Xenopus tropicalis,Increasing,"Mathieu-Denoncourt,J.",Morphology,2240668,2519152,Active ingredient,Fresh water,Abnormal,American Society for Testing and Materials,Multiple types of controls were reported by the author,02/28/2020,A,,Renewal,05/12/2020,,Lab,06/11/2020,Laboratory,2014,Publication reported endpoint,,,Gastrula,6-10 REPLICATES,DECHLORINATED AND AERATED WATER FROM THE QUEENS UNIVERSITY ANIMAL CARE FACILITY,Measured,,Dicyclohexyl phthalate,ASTM FETAX (1998),"CONTR/P,V/","TERATOGENIC INDEX, MINIMUM CONCENTRATIONS TO INHIBIT GROWTH (MCIG)","CONTR/P,V//TMETH/ASTM FETAX (1998)//MEDIA/DECHLORINATED AND AERATED WATER FROM THE QUEENS UNIVERSITY ANIMAL CARE FACILITY//",Animalia (animals),Bilateria,Chordata (chordates),Vertebrata (vertebrates),Tetrapoda,Amphibia (Amphibians),"Anura (Frogs,Toads)",Pipidae (Tongueless Frogs),Xenopus (Clawed Frogs),Deuterostomia,Gnathostomata,,None,6.4,8.4,6,None,99,,None,Nieuwkoop-faber-stage,Unknown,11,12,72,h,Time,72,h,Time,,°C,Temperature,23.8,27,,,,,,,,,,,,,,,,,,,,,,,,,,,,,,,,,,,,,,,,,,,,,,,,,,,,,,,,,,,,,,,,,,,,,,,,,,,,,,,,,,,,,,,,,,,,,,,,,,,,,,,,,,,,,,,,,,,,,,,,,,,,72,h,Time,0.5,,mg/L,Mass concentration,,,0.5,,mg/L,Mass concentration,,
84-61-7,"1,2-Benzenedicarboxylic acid, 1,2-dicyclohexyl ester;1,2-Benzenedicarboxylic acid, dicyclohexyl ester;1,2-dicyclohexyl benzene-1,2-dicarboxylate;dicyclohexyl benzene-1,2-dicarboxylate;Dicyclohexyl phthalate;dicyclohexyl phthalate (1,2-benzenedicarboxylic acid, dicyclohexyl ester);Dicyclohexyl phthalate [DCHP];Dicyclohexyl_Phthalate;Phthalic acid, dicyclohexyl ester",,,,,,,,,,,,,,,,,,,,,,,,,,,,,,,,,,,,,,,,,,,,,,,,,,,,,,,,,,,,,,,,,,,,,,,,,,,,,,,,,,,,,,,,,,,,,,,,,,,,,,,,,,,,,,,,,,,,,,,,,,,,,,,,Ecotoxicological Information#Aquatic Toxicity,ECOTOX,,Lethal and Sublethal Effects of Phthalate Diesters in Silurana tropicalis Larvae,LOEC,,True,No qualifier,Equal,Environ. Toxicol. Chem.35(10): 2511-2522,,,,,Acute,,,Xenopus tropicalis,Increasing,"Mathieu-Denoncourt,J., C.J. Martyniuk, J.R. Loughery, V. Yargeau, S.R. De Solla, and V.S. Langlois",Morphology,2224165,2469018,Active ingredient,Culture,Abnormal,American Society for Testing and Materials,Multiple types of controls were reported by the author,07/26/2019,A,82425,Renewal,07/29/2019,Gut,Lab,09/12/2019,Laboratory,2016,Reviewer assigned endpoint,Significant,P,Larva,4 - 17 REPLICATES,FETAX SOLUTION,Measured,"SIGN OF DEVELOPMENTAL DELAY, STATS FROM V CONTROL",Dicyclohexyl phthalate,"FETAX, 2004","CONTR/C,V/",SUBNETWORK ENRICHMENT ANALYSIS,"CONTR/C,V//TMETH/FETAX, 2004//MEDIA/FETAX SOLUTION//",Animalia (animals),Bilateria,Chordata (chordates),Vertebrata (vertebrates),Tetrapoda,Amphibia (Amphibians),"Anura (Frogs,Toads)",Pipidae (Tongueless Frogs),Xenopus (Clawed Frogs),Deuterostomia,Gnathostomata,,None,7.2,8.4,7,None,99,,None,Nieuwkoop-faber-stage,Unknown,11,12,72,h,Time,72,h,Time,26,°C,Temperature,,,0.05,<,None,,,,,,,,,,,,,216,Organism,Unknown,,,,,,,,,100,None,,,,,,,,,,,,,,,,,,,,,,,,,,,,,,,,,,,,,,,,,,,,,,,,,,,,,,,,,,,,,,,,,,,,,,,,,,,,,,,,,,,,,,,,,,,,,,,,72,h,Time,19,,mg/L,Mass concentration,,,19,,mg/L,Mass concentration,,
84-61-7,"1,2-Benzenedicarboxylic acid, 1,2-dicyclohexyl ester;1,2-Benzenedicarboxylic acid, dicyclohexyl ester;1,2-dicyclohexyl benzene-1,2-dicarboxylate;dicyclohexyl benzene-1,2-dicarboxylate;Dicyclohexyl phthalate;dicyclohexyl phthalate (1,2-benzenedicarboxylic acid, dicyclohexyl ester);Dicyclohexyl phthalate [DCHP];Dicyclohexyl_Phthalate;Phthalic acid, dicyclohexyl ester",,,,,,,,,,,,,,,,,,,,,,,,,,,,,,,,,,,,,,,,,,,,,,,,,,,,,,,,,,,,,,,,,,,,,,,,,,,,,,,,,,,,,,,,,,,,,,,,,,,,,,,,,,,,,,,,,,,,,,,,,,,,,,,,Ecotoxicological Information#Aquatic Toxicity,ECOTOX,,Toxicity and Endocrine Disruption of Phthalates in Fish and Amphibians,LOEC,,True,No qualifier,Equal,SRAD Progress Report 2013-14:20 p.,,,,,Acute,,,Xenopus tropicalis,Increasing,"De Solla,S.R., and V.S. Langlois",Morphology,2233950,2498548,Active ingredient,Fresh water,Abnormal,American Society for Testing and Materials,Multiple types of controls were reported by the author,11/22/2019,A,,,11/23/2019,Heart,Lab,12/12/2019,,2014,Reviewer assigned endpoint,Significant at all concentrations,P,Embryo,6-10 REPLICATES,SPIKED WATER,Measured,STATS TO C CONTROL,Dicyclohexyl phthalate,"ASTM 1998, E1439-98","CONTR/C,V/",,"CONTR/C,V//TMETH/ASTM 1998, E1439-98//MEDIA/SPIKED WATER//",Animalia (animals),Bilateria,Chordata (chordates),Vertebrata (vertebrates),Tetrapoda,Amphibia (Amphibians),"Anura (Frogs,Toads)",Pipidae (Tongueless Frogs),Xenopus (Clawed Frogs),Deuterostomia,Gnathostomata,6.5,None,,,7,None,,,,,,,,72,h,Time,72,h,Time,,,,,,0.05,<,None,,,,,,,,,,,,,,,,,,,,,,,,,,,,,,,,,,,,,,,,,,,,,,,,,,,,,,,,,,,,,,,,,,,,,,,,,,,,,,,,,,,,,,,,,,,,,,,,,,,,,,,,,,,,,,,,,,,,,,,,,72,h,Time,0.30000001192092896,,mg/L,Mass concentration,0.10000000149011612,0.5,0.30000001192092896,,mg/L,Mass concentration,0.10000000149011612,0.5
84-61-7,"1,2-Benzenedicarboxylic acid, 1,2-dicyclohexyl ester;1,2-Benzenedicarboxylic acid, dicyclohexyl ester;1,2-dicyclohexyl benzene-1,2-dicarboxylate;dicyclohexyl benzene-1,2-dicarboxylate;Dicyclohexyl phthalate;dicyclohexyl phthalate (1,2-benzenedicarboxylic acid, dicyclohexyl ester);Dicyclohexyl phthalate [DCHP];Dicyclohexyl_Phthalate;Phthalic acid, dicyclohexyl ester",,,,,,,,,,,,,,,,,,,,,,,,,,,,,,,,,,,,,,,,,,,,,,,,,,,,,,,,,,,,,,,,,,,,,,,,,,,,,,,,,,,,,,,,,,,,,,,,,,,,,,,,,,,,,,,,,,,,,,,,,,,,,,,,Ecotoxicological Information#Aquatic Toxicity,ECOTOX,,Lethal and Sublethal Effects of Phthalates in Western Clawed Frog,LOEC,,True,No qualifier,Equal,"M.S. Thesis, Department of Chemistry and Chemical Engineering, Royal Military College of Canada, Kingston, ON, Canada:149 p.",,,,,Acute,,,Xenopus tropicalis,Increasing,"Mathieu-Denoncourt,J.",Morphology,2240668,2519150,Active ingredient,Fresh water,Abnormal,American Society for Testing and Materials,Multiple types of controls were reported by the author,02/28/2020,A,88443,Renewal,05/12/2020,,Lab,06/11/2020,Laboratory,2014,Publication reported endpoint,Significant,P,Gastrula,6-10 REPLICATES,DECHLORINATED AND AERATED WATER FROM THE QUEENS UNIVERSITY ANIMAL CARE FACILITY,Measured,,Dicyclohexyl phthalate,ASTM FETAX (1998),"CONTR/P,V/","TERATOGENIC INDEX, MINIMUM CONCENTRATIONS TO INHIBIT GROWTH (MCIG)","CONTR/P,V//TMETH/ASTM FETAX (1998)//MEDIA/DECHLORINATED AND AERATED WATER FROM THE QUEENS UNIVERSITY ANIMAL CARE FACILITY//",Animalia (animals),Bilateria,Chordata (chordates),Vertebrata (vertebrates),Tetrapoda,Amphibia (Amphibians),"Anura (Frogs,Toads)",Pipidae (Tongueless Frogs),Xenopus (Clawed Frogs),Deuterostomia,Gnathostomata,,None,6.4,8.4,6,None,99,,None,Nieuwkoop-faber-stage,Unknown,11,12,72,h,Time,72,h,Time,,°C,Temperature,23.8,27,0.05,<,None,,,,,,,,,,,,,,,,,,,,,,,,,,,,,,,,,,,,,,,,,,,,,,,,,,,,,,,,,,,,,,,,,,,,,,,,,,,,,,,,,,,,,,,,,,,,,,,,,,,,,,,,,,,,,,,,,,,,,,,,,72,h,Time,1.5,,mg/L,Mass concentration,0.20000000298023224,2.700000047683716,1.5,,mg/L,Mass concentration,0.20000000298023224,2.700000047683716
84-61-7,"1,2-Benzenedicarboxylic acid, 1,2-dicyclohexyl ester;1,2-Benzenedicarboxylic acid, dicyclohexyl ester;1,2-dicyclohexyl benzene-1,2-dicarboxylate;dicyclohexyl benzene-1,2-dicarboxylate;Dicyclohexyl phthalate;dicyclohexyl phthalate (1,2-benzenedicarboxylic acid, dicyclohexyl ester);Dicyclohexyl phthalate [DCHP];Dicyclohexyl_Phthalate;Phthalic acid, dicyclohexyl ester",,,,,,,,,,,,,,,,,,,,,,,,,,,,,,,,,,,,,,,,,,,,,,,,,,,,,,,,,,,,,,,,,,,,,,,,,,,,,,,,,,,,,,,,,,,,,,,,,,,,,,,,,,,,,,,,,,,,,,,,,,,,,,,,Ecotoxicological Information#Aquatic Toxicity,ECOTOX,,Lethal and Sublethal Effects of Phthalate Diesters in Silurana tropicalis Larvae,LOEC,,True,No qualifier,Equal,Environ. Toxicol. Chem.35(10): 2511-2522,,,,,Acute,,,Xenopus tropicalis,Decreasing,"Mathieu-Denoncourt,J., C.J. Martyniuk, J.R. Loughery, V. Yargeau, S.R. De Solla, and V.S. Langlois",Morphology,2224165,2469013,Active ingredient,Culture,Abnormal,American Society for Testing and Materials,Multiple types of controls were reported by the author,07/26/2019,A,82392,Renewal,07/29/2019,Heart,Lab,09/12/2019,Laboratory,2016,Reviewer assigned endpoint,Significant,P,Larva,4 - 17 REPLICATES,FETAX SOLUTION,Measured,STATS FROM V CONTROL,Dicyclohexyl phthalate,"FETAX, 2004","CONTR/C,V/",SUBNETWORK ENRICHMENT ANALYSIS,"CONTR/C,V//TMETH/FETAX, 2004//MEDIA/FETAX SOLUTION//",Animalia (animals),Bilateria,Chordata (chordates),Vertebrata (vertebrates),Tetrapoda,Amphibia (Amphibians),"Anura (Frogs,Toads)",Pipidae (Tongueless Frogs),Xenopus (Clawed Frogs),Deuterostomia,Gnathostomata,,None,7.2,8.4,7,None,99,,None,Nieuwkoop-faber-stage,Unknown,11,12,72,h,Time,72,h,Time,26,°C,Temperature,,,0.05,<,None,,,,,,,,,,,,,17,Organism,Unknown,,,,,,,,,94.1,None,,,,,,,,,,,,,,,,,,,,,,,,,,,,,,,,,,,,,,,,,,,,,,,,,,,,,,,,,,,,,,,,,,,,,,,,,,,,,,,,,,,,,,,,,,,,,,,,72,h,Time,19,,mg/L,Mass concentration,,,19,,mg/L,Mass concentration,,
84-61-7,"1,2-Benzenedicarboxylic acid, 1,2-dicyclohexyl ester;1,2-Benzenedicarboxylic acid, dicyclohexyl ester;1,2-dicyclohexyl benzene-1,2-dicarboxylate;dicyclohexyl benzene-1,2-dicarboxylate;Dicyclohexyl phthalate;dicyclohexyl phthalate (1,2-benzenedicarboxylic acid, dicyclohexyl ester);Dicyclohexyl phthalate [DCHP];Dicyclohexyl_Phthalate;Phthalic acid, dicyclohexyl ester",,,,,,,,,,,,,,,,,,,,,,,,,,,,,,,,,,,,,,,,,,,,,,,,,,,,,,,,,,,,,,,,,,,,,,,,,,,,,,,,,,,,,,,,,,,,,,,,,,,,,,,,,,,,,,,,,,,,,,,,,,,,,,,,Ecotoxicological Information#Aquatic Toxicity,ECOTOX,,Lethal and Sublethal Effects of Phthalate Diesters in Silurana tropicalis Larvae,LOEC,,True,No qualifier,Equal,Environ. Toxicol. Chem.35(10): 2511-2522,,,,,Acute,,,Xenopus tropicalis,Decreasing,"Mathieu-Denoncourt,J., C.J. Martyniuk, J.R. Loughery, V. Yargeau, S.R. De Solla, and V.S. Langlois",Morphology,2224165,2469012,Active ingredient,Culture,Abnormal,American Society for Testing and Materials,Multiple types of controls were reported by the author,07/26/2019,A,82391,Renewal,07/29/2019,Tail,Lab,09/12/2019,Laboratory,2016,Reviewer assigned endpoint,Significant,P,Larva,4 - 17 REPLICATES,FETAX SOLUTION,Measured,STATS FROM V CONTROL,Dicyclohexyl phthalate,"FETAX, 2004","CONTR/C,V/",SUBNETWORK ENRICHMENT ANALYSIS,"CONTR/C,V//TMETH/FETAX, 2004//MEDIA/FETAX SOLUTION//",Animalia (animals),Bilateria,Chordata (chordates),Vertebrata (vertebrates),Tetrapoda,Amphibia (Amphibians),"Anura (Frogs,Toads)",Pipidae (Tongueless Frogs),Xenopus (Clawed Frogs),Deuterostomia,Gnathostomata,,None,7.2,8.4,7,None,99,,None,Nieuwkoop-faber-stage,Unknown,11,12,72,h,Time,72,h,Time,26,°C,Temperature,,,0.05,<,None,,,,,,,,,,,,,150,Organism,Unknown,,,,,,,,,4.7,None,,,,,,,,,,,,,,,,,,,,,,,,,,,,,,,,,,,,,,,,,,,,,,,,,,,,,,,,,,,,,,,,,,,,,,,,,,,,,,,,,,,,,,,,,,,,,,,,72,h,Time,1.5,,mg/L,Mass concentration,,,1.5,,mg/L,Mass concentration,,
84-61-7,"1,2-Benzenedicarboxylic acid, 1,2-dicyclohexyl ester;1,2-Benzenedicarboxylic acid, dicyclohexyl ester;1,2-dicyclohexyl benzene-1,2-dicarboxylate;dicyclohexyl benzene-1,2-dicarboxylate;Dicyclohexyl phthalate;dicyclohexyl phthalate (1,2-benzenedicarboxylic acid, dicyclohexyl ester);Dicyclohexyl phthalate [DCHP];Dicyclohexyl_Phthalate;Phthalic acid, dicyclohexyl ester",,,,,,,,,,,,,,,,,,,,,,,,,,,,,,,,,,,,,,,,,,,,,,,,,,,,,,,,,,,,,,,,,,,,,,,,,,,,,,,,,,,,,,,,,,,,,,,,,,,,,,,,,,,,,,,,,,,,,,,,,,,,,,,,Ecotoxicological Information#Aquatic Toxicity,ECOTOX,,Toxicity and Endocrine Disruption of Phthalates in Fish and Amphibians,LOEC,,True,No qualifier,Equal,SRAD Progress Report 2013-14:20 p.,,,,,Acute,,,Xenopus tropicalis,Increasing,"De Solla,S.R., and V.S. Langlois",Morphology,2233950,2498551,Active ingredient,Fresh water,Abnormal,American Society for Testing and Materials,Multiple types of controls were reported by the author,11/22/2019,A,85981,,11/23/2019,Gill(s),Lab,12/12/2019,,2014,Reviewer assigned endpoint,Significant,P,Embryo,6-10 REPLICATES,SPIKED WATER,Measured,STATS TO C CONTROL,Dicyclohexyl phthalate,"ASTM 1998, E1439-98","CONTR/C,V/",,"CONTR/C,V//TMETH/ASTM 1998, E1439-98//MEDIA/SPIKED WATER//",Animalia (animals),Bilateria,Chordata (chordates),Vertebrata (vertebrates),Tetrapoda,Amphibia (Amphibians),"Anura (Frogs,Toads)",Pipidae (Tongueless Frogs),Xenopus (Clawed Frogs),Deuterostomia,Gnathostomata,6.5,None,,,7,None,,,,,,,,72,h,Time,72,h,Time,,,,,,0.05,<,None,,,,,,,,,,,,,,,,,,,,,,,,,,,,,,,,,,,,,,,,,,,,,,,,,,,,,,,,,,,,,,,,,,,,,,,,,,,,,,,,,,,,,,,,,,,,,,,,,,,,,,,,,,,,,,,,,,,,,,,,,72,h,Time,1.5,,mg/L,Mass concentration,0.20000000298023224,2.700000047683716,1.5,,mg/L,Mass concentration,0.20000000298023224,2.700000047683716
84-61-7,"1,2-Benzenedicarboxylic acid, 1,2-dicyclohexyl ester;1,2-Benzenedicarboxylic acid, dicyclohexyl ester;1,2-dicyclohexyl benzene-1,2-dicarboxylate;dicyclohexyl benzene-1,2-dicarboxylate;Dicyclohexyl phthalate;dicyclohexyl phthalate (1,2-benzenedicarboxylic acid, dicyclohexyl ester);Dicyclohexyl phthalate [DCHP];Dicyclohexyl_Phthalate;Phthalic acid, dicyclohexyl ester",,,,,,,,,,,,,,,,,,,,,,,,,,,,,,,,,,,,,,,,,,,,,,,,,,,,,,,,,,,,,,,,,,,,,,,,,,,,,,,,,,,,,,,,,,,,,,,,,,,,,,,,,,,,,,,,,,,,,,,,,,,,,,,,Ecotoxicological Information#Aquatic Toxicity,ECOTOX,,Lethal and Sublethal Effects of Phthalate Diesters in Silurana tropicalis Larvae,LOEC,,True,No qualifier,Equal,Environ. Toxicol. Chem.35(10): 2511-2522,,,,,Acute,,,Xenopus tropicalis,Increasing,"Mathieu-Denoncourt,J., C.J. Martyniuk, J.R. Loughery, V. Yargeau, S.R. De Solla, and V.S. Langlois",Morphology,2224165,2469014,Active ingredient,Culture,Abnormal,American Society for Testing and Materials,Multiple types of controls were reported by the author,07/26/2019,A,82393,Renewal,07/29/2019,Gill(s),Lab,09/12/2019,Laboratory,2016,Reviewer assigned endpoint,Significant,P,Larva,4 - 17 REPLICATES,FETAX SOLUTION,Measured,STATS FROM V CONTROL,Dicyclohexyl phthalate,"FETAX, 2004","CONTR/C,V/",SUBNETWORK ENRICHMENT ANALYSIS,"CONTR/C,V//TMETH/FETAX, 2004//MEDIA/FETAX SOLUTION//",Animalia (animals),Bilateria,Chordata (chordates),Vertebrata (vertebrates),Tetrapoda,Amphibia (Amphibians),"Anura (Frogs,Toads)",Pipidae (Tongueless Frogs),Xenopus (Clawed Frogs),Deuterostomia,Gnathostomata,,None,7.2,8.4,7,None,99,,None,Nieuwkoop-faber-stage,Unknown,11,12,72,h,Time,72,h,Time,26,°C,Temperature,,,0.05,<,None,,,,,,,,,,,,,17,Organism,Unknown,,,,,,,,,94.1,None,,,,,,,,,,,,,,,,,,,,,,,,,,,,,,,,,,,,,,,,,,,,,,,,,,,,,,,,,,,,,,,,,,,,,,,,,,,,,,,,,,,,,,,,,,,,,,,,72,h,Time,19,,mg/L,Mass concentration,,,19,,mg/L,Mass concentration,,
84-61-7,"1,2-Benzenedicarboxylic acid, 1,2-dicyclohexyl ester;1,2-Benzenedicarboxylic acid, dicyclohexyl ester;1,2-dicyclohexyl benzene-1,2-dicarboxylate;dicyclohexyl benzene-1,2-dicarboxylate;Dicyclohexyl phthalate;dicyclohexyl phthalate (1,2-benzenedicarboxylic acid, dicyclohexyl ester);Dicyclohexyl phthalate [DCHP];Dicyclohexyl_Phthalate;Phthalic acid, dicyclohexyl ester",,,,,,,,,,,,,,,,,,,,,,,,,,,,,,,,,,,,,,,,,,,,,,,,,,,,,,,,,,,,,,,,,,,,,,,,,,,,,,,,,,,,,,,,,,,,,,,,,,,,,,,,,,,,,,,,,,,,,,,,,,,,,,,,Ecotoxicological Information#Aquatic Toxicity,ECOTOX,,Lethal and Sublethal Effects of Phthalate Diesters in Silurana tropicalis Larvae,LOEC,,True,No qualifier,Equal,Environ. Toxicol. Chem.35(10): 2511-2522,,,,,Acute,,,Xenopus tropicalis,Decreasing,"Mathieu-Denoncourt,J., C.J. Martyniuk, J.R. Loughery, V. Yargeau, S.R. De Solla, and V.S. Langlois",Morphology,2224165,2469017,Active ingredient,Culture,Abnormal,American Society for Testing and Materials,Multiple types of controls were reported by the author,07/26/2019,A,82424,Renewal,07/29/2019,Cement gland,Lab,09/12/2019,Laboratory,2016,Reviewer assigned endpoint,Significant,P,Larva,4 - 17 REPLICATES,FETAX SOLUTION,Measured,"SIGN OF DEVELOPMENTAL DELAY, STATS FROM V CONTROL",Dicyclohexyl phthalate,"FETAX, 2004","CONTR/C,V/",SUBNETWORK ENRICHMENT ANALYSIS,"CONTR/C,V//TMETH/FETAX, 2004//MEDIA/FETAX SOLUTION//",Animalia (animals),Bilateria,Chordata (chordates),Vertebrata (vertebrates),Tetrapoda,Amphibia (Amphibians),"Anura (Frogs,Toads)",Pipidae (Tongueless Frogs),Xenopus (Clawed Frogs),Deuterostomia,Gnathostomata,,None,7.2,8.4,7,None,99,,None,Nieuwkoop-faber-stage,Unknown,11,12,72,h,Time,72,h,Time,26,°C,Temperature,,,0.05,<,None,,,,,,,,,,,,,216,Organism,Unknown,,,,,,,,,33.3,None,,,,,,,,,,,,,,,,,,,,,,,,,,,,,,,,,,,,,,,,,,,,,,,,,,,,,,,,,,,,,,,,,,,,,,,,,,,,,,,,,,,,,,,,,,,,,,,,72,h,Time,4.099999904632568,,mg/L,Mass concentration,,,4.099999904632568,,mg/L,Mass concentration,,
84-61-7,"1,2-Benzenedicarboxylic acid, 1,2-dicyclohexyl ester;1,2-Benzenedicarboxylic acid, dicyclohexyl ester;1,2-dicyclohexyl benzene-1,2-dicarboxylate;dicyclohexyl benzene-1,2-dicarboxylate;Dicyclohexyl phthalate;dicyclohexyl phthalate (1,2-benzenedicarboxylic acid, dicyclohexyl ester);Dicyclohexyl phthalate [DCHP];Dicyclohexyl_Phthalate;Phthalic acid, dicyclohexyl ester",,,,,,,,,,,,,,,,,,,,,,,,,,,,,,,,,,,,,,,,,,,,,,,,,,,,,,,,,,,,,,,,,,,,,,,,,,,,,,,,,,,,,,,,,,,,,,,,,,,,,,,,,,,,,,,,,,,,,,,,,,,,,,,,Ecotoxicological Information#Aquatic Toxicity,ECOTOX,,Lethal and Sublethal Effects of Phthalate Diesters in Silurana tropicalis Larvae,NOEC,,True,No qualifier,Equal,Environ. Toxicol. Chem.35(10): 2511-2522,,,,,Acute,,,Xenopus tropicalis,Decreasing,"Mathieu-Denoncourt,J., C.J. Martyniuk, J.R. Loughery, V. Yargeau, S.R. De Solla, and V.S. Langlois",Morphology,2224165,2468996,Active ingredient,Culture,Abnormal,American Society for Testing and Materials,Multiple types of controls were reported by the author,07/26/2019,A,82391,Renewal,07/29/2019,Tail,Lab,09/12/2019,Laboratory,2016,Reviewer assigned endpoint,No significance,P,Larva,4 - 17 REPLICATES,FETAX SOLUTION,Measured,STATS FROM V CONTROL,Dicyclohexyl phthalate,"FETAX, 2004","CONTR/C,V/",SUBNETWORK ENRICHMENT ANALYSIS,"CONTR/C,V//TMETH/FETAX, 2004//MEDIA/FETAX SOLUTION//",Animalia (animals),Bilateria,Chordata (chordates),Vertebrata (vertebrates),Tetrapoda,Amphibia (Amphibians),"Anura (Frogs,Toads)",Pipidae (Tongueless Frogs),Xenopus (Clawed Frogs),Deuterostomia,Gnathostomata,,None,7.2,8.4,7,None,99,,None,Nieuwkoop-faber-stage,Unknown,11,12,72,h,Time,72,h,Time,26,°C,Temperature,,,0.05,<,None,,,,,,,,,,,,,147,Organism,Unknown,,,,,,,,,15,None,,,,,,,,,,,,,,,,,,,,,,,,,,,,,,,,,,,,,,,,,,,,,,,,,,,,,,,,,,,,,,,,,,,,,,,,,,,,,,,,,,,,,,,,,,,,,,,,72,h,Time,0.30000001192092896,,mg/L,Mass concentration,,,0.30000001192092896,,mg/L,Mass concentration,,
84-61-7,"1,2-Benzenedicarboxylic acid, 1,2-dicyclohexyl ester;1,2-Benzenedicarboxylic acid, dicyclohexyl ester;1,2-dicyclohexyl benzene-1,2-dicarboxylate;dicyclohexyl benzene-1,2-dicarboxylate;Dicyclohexyl phthalate;dicyclohexyl phthalate (1,2-benzenedicarboxylic acid, dicyclohexyl ester);Dicyclohexyl phthalate [DCHP];Dicyclohexyl_Phthalate;Phthalic acid, dicyclohexyl ester",,,,,,,,,,,,,,,,,,,,,,,,,,,,,,,,,,,,,,,,,,,,,,,,,,,,,,,,,,,,,,,,,,,,,,,,,,,,,,,,,,,,,,,,,,,,,,,,,,,,,,,,,,,,,,,,,,,,,,,,,,,,,,,,Ecotoxicological Information#Aquatic Toxicity,ECOTOX,,Lethal and Sublethal Effects of Phthalate Diesters in Silurana tropicalis Larvae,NOEC,,True,No qualifier,Equal,Environ. Toxicol. Chem.35(10): 2511-2522,,,,,Acute,,,Xenopus tropicalis,Increasing,"Mathieu-Denoncourt,J., C.J. Martyniuk, J.R. Loughery, V. Yargeau, S.R. De Solla, and V.S. Langlois",Morphology,2224165,2468999,Active ingredient,Culture,Abnormal,American Society for Testing and Materials,Multiple types of controls were reported by the author,07/26/2019,A,82393,Renewal,07/29/2019,Gill(s),Lab,09/12/2019,Laboratory,2016,Reviewer assigned endpoint,No significance,P,Larva,4 - 17 REPLICATES,FETAX SOLUTION,Measured,STATS FROM V CONTROL,Dicyclohexyl phthalate,"FETAX, 2004","CONTR/C,V/",SUBNETWORK ENRICHMENT ANALYSIS,"CONTR/C,V//TMETH/FETAX, 2004//MEDIA/FETAX SOLUTION//",Animalia (animals),Bilateria,Chordata (chordates),Vertebrata (vertebrates),Tetrapoda,Amphibia (Amphibians),"Anura (Frogs,Toads)",Pipidae (Tongueless Frogs),Xenopus (Clawed Frogs),Deuterostomia,Gnathostomata,,None,7.2,8.4,7,None,99,,None,Nieuwkoop-faber-stage,Unknown,11,12,72,h,Time,72,h,Time,26,°C,Temperature,,,0.05,<,None,,,,,,,,,,,,,216,Organism,Unknown,,,,,,,,,5.1,None,,,,,,,,,,,,,,,,,,,,,,,,,,,,,,,,,,,,,,,,,,,,,,,,,,,,,,,,,,,,,,,,,,,,,,,,,,,,,,,,,,,,,,,,,,,,,,,,72,h,Time,4.099999904632568,,mg/L,Mass concentration,,,4.099999904632568,,mg/L,Mass concentration,,
84-61-7,"1,2-Benzenedicarboxylic acid, 1,2-dicyclohexyl ester;1,2-Benzenedicarboxylic acid, dicyclohexyl ester;1,2-dicyclohexyl benzene-1,2-dicarboxylate;dicyclohexyl benzene-1,2-dicarboxylate;Dicyclohexyl phthalate;dicyclohexyl phthalate (1,2-benzenedicarboxylic acid, dicyclohexyl ester);Dicyclohexyl phthalate [DCHP];Dicyclohexyl_Phthalate;Phthalic acid, dicyclohexyl ester",,,,,,,,,,,,,,,,,,,,,,,,,,,,,,,,,,,,,,,,,,,,,,,,,,,,,,,,,,,,,,,,,,,,,,,,,,,,,,,,,,,,,,,,,,,,,,,,,,,,,,,,,,,,,,,,,,,,,,,,,,,,,,,,Ecotoxicological Information#Aquatic Toxicity,ECOTOX,,Lethal and Sublethal Effects of Phthalate Diesters in Silurana tropicalis Larvae,NOEC,,True,No qualifier,Equal,Environ. Toxicol. Chem.35(10): 2511-2522,,,,,Acute,,,Xenopus tropicalis,Increasing,"Mathieu-Denoncourt,J., C.J. Martyniuk, J.R. Loughery, V. Yargeau, S.R. De Solla, and V.S. Langlois",Morphology,2224165,2469000,Active ingredient,Culture,Abnormal,American Society for Testing and Materials,Multiple types of controls were reported by the author,07/26/2019,A,,Renewal,07/29/2019,Head,Lab,09/12/2019,Laboratory,2016,Reviewer assigned endpoint,Not significant at all concentrations,P,Larva,4 - 17 REPLICATES,FETAX SOLUTION,Measured,STATS FROM V CONTROL,Dicyclohexyl phthalate,"FETAX, 2004","CONTR/C,V/",SUBNETWORK ENRICHMENT ANALYSIS,"CONTR/C,V//TMETH/FETAX, 2004//MEDIA/FETAX SOLUTION//",Animalia (animals),Bilateria,Chordata (chordates),Vertebrata (vertebrates),Tetrapoda,Amphibia (Amphibians),"Anura (Frogs,Toads)",Pipidae (Tongueless Frogs),Xenopus (Clawed Frogs),Deuterostomia,Gnathostomata,,None,7.2,8.4,7,None,99,,None,Nieuwkoop-faber-stage,Unknown,11,12,72,h,Time,72,h,Time,26,°C,Temperature,,,0.05,<,None,,,,,,,,,,SITE/INCLUDING FACE//,,,17,Organism,Unknown,,,,,,,,,5.9,None,,,,,,,,,,,,,,INCLUDING FACE,,,,,,,,,,,,,,,,,,,,,,,,,,,,,,,,,,,,,,,,,,,,,,,,,,,,,,,,,,,,,,,,,,,,,,,,,,,,,,,,,,72,h,Time,19,,mg/L,Mass concentration,,,19,,mg/L,Mass concentration,,
84-61-7,"1,2-Benzenedicarboxylic acid, 1,2-dicyclohexyl ester;1,2-Benzenedicarboxylic acid, dicyclohexyl ester;1,2-dicyclohexyl benzene-1,2-dicarboxylate;dicyclohexyl benzene-1,2-dicarboxylate;Dicyclohexyl phthalate;dicyclohexyl phthalate (1,2-benzenedicarboxylic acid, dicyclohexyl ester);Dicyclohexyl phthalate [DCHP];Dicyclohexyl_Phthalate;Phthalic acid, dicyclohexyl ester",,,,,,,,,,,,,,,,,,,,,,,,,,,,,,,,,,,,,,,,,,,,,,,,,,,,,,,,,,,,,,,,,,,,,,,,,,,,,,,,,,,,,,,,,,,,,,,,,,,,,,,,,,,,,,,,,,,,,,,,,,,,,,,,Ecotoxicological Information#Aquatic Toxicity,ECOTOX,,Toxicity and Endocrine Disruption of Phthalates in Fish and Amphibians,NOEC,,True,No qualifier,Equal,SRAD Progress Report 2013-14:20 p.,,,,,Acute,,,Xenopus tropicalis,Increasing,"De Solla,S.R., and V.S. Langlois",Morphology,2233950,2498550,Active ingredient,Fresh water,Abnormal,American Society for Testing and Materials,Multiple types of controls were reported by the author,11/22/2019,A,85981,,11/23/2019,Gill(s),Lab,12/12/2019,,2014,Reviewer assigned endpoint,No significance,P,Embryo,6-10 REPLICATES,SPIKED WATER,Measured,STATS TO C CONTROL,Dicyclohexyl phthalate,"ASTM 1998, E1439-98","CONTR/C,V/",,"CONTR/C,V//TMETH/ASTM 1998, E1439-98//MEDIA/SPIKED WATER//",Animalia (animals),Bilateria,Chordata (chordates),Vertebrata (vertebrates),Tetrapoda,Amphibia (Amphibians),"Anura (Frogs,Toads)",Pipidae (Tongueless Frogs),Xenopus (Clawed Frogs),Deuterostomia,Gnathostomata,6.5,None,,,7,None,,,,,,,,72,h,Time,72,h,Time,,,,,,0.05,<,None,,,,,,,,,,,,,,,,,,,,,,,,,,,,,,,,,,,,,,,,,,,,,,,,,,,,,,,,,,,,,,,,,,,,,,,,,,,,,,,,,,,,,,,,,,,,,,,,,,,,,,,,,,,,,,,,,,,,,,,,,72,h,Time,0.30000001192092896,,mg/L,Mass concentration,0.10000000149011612,0.5,0.30000001192092896,,mg/L,Mass concentration,0.10000000149011612,0.5
84-61-7,"1,2-Benzenedicarboxylic acid, 1,2-dicyclohexyl ester;1,2-Benzenedicarboxylic acid, dicyclohexyl ester;1,2-dicyclohexyl benzene-1,2-dicarboxylate;dicyclohexyl benzene-1,2-dicarboxylate;Dicyclohexyl phthalate;dicyclohexyl phthalate (1,2-benzenedicarboxylic acid, dicyclohexyl ester);Dicyclohexyl phthalate [DCHP];Dicyclohexyl_Phthalate;Phthalic acid, dicyclohexyl ester",,,,,,,,,,,,,,,,,,,,,,,,,,,,,,,,,,,,,,,,,,,,,,,,,,,,,,,,,,,,,,,,,,,,,,,,,,,,,,,,,,,,,,,,,,,,,,,,,,,,,,,,,,,,,,,,,,,,,,,,,,,,,,,,Ecotoxicological Information#Aquatic Toxicity,ECOTOX,,Lethal and Sublethal Effects of Phthalate Diesters in Silurana tropicalis Larvae,NOEC,,True,No qualifier,Equal,Environ. Toxicol. Chem.35(10): 2511-2522,,,,,Acute,,,Xenopus tropicalis,Increasing,"Mathieu-Denoncourt,J., C.J. Martyniuk, J.R. Loughery, V. Yargeau, S.R. De Solla, and V.S. Langlois",Morphology,2224165,2469008,Active ingredient,Culture,Abnormal,American Society for Testing and Materials,Multiple types of controls were reported by the author,07/26/2019,A,82425,Renewal,07/29/2019,Gut,Lab,09/12/2019,Laboratory,2016,Reviewer assigned endpoint,No significance,P,Larva,4 - 17 REPLICATES,FETAX SOLUTION,Measured,"SIGN OF DEVELOPMENTAL DELAY, STATS FROM V CONTROL",Dicyclohexyl phthalate,"FETAX, 2004","CONTR/C,V/",SUBNETWORK ENRICHMENT ANALYSIS,"CONTR/C,V//TMETH/FETAX, 2004//MEDIA/FETAX SOLUTION//",Animalia (animals),Bilateria,Chordata (chordates),Vertebrata (vertebrates),Tetrapoda,Amphibia (Amphibians),"Anura (Frogs,Toads)",Pipidae (Tongueless Frogs),Xenopus (Clawed Frogs),Deuterostomia,Gnathostomata,,None,7.2,8.4,7,None,99,,None,Nieuwkoop-faber-stage,Unknown,11,12,72,h,Time,72,h,Time,26,°C,Temperature,,,0.05,<,None,,,,,,,,,,,,,216,Organism,Unknown,,,,,,,,,18.1,None,,,,,,,,,,,,,,,,,,,,,,,,,,,,,,,,,,,,,,,,,,,,,,,,,,,,,,,,,,,,,,,,,,,,,,,,,,,,,,,,,,,,,,,,,,,,,,,,72,h,Time,4.099999904632568,,mg/L,Mass concentration,,,4.099999904632568,,mg/L,Mass concentration,,
84-61-7,"1,2-Benzenedicarboxylic acid, 1,2-dicyclohexyl ester;1,2-Benzenedicarboxylic acid, dicyclohexyl ester;1,2-dicyclohexyl benzene-1,2-dicarboxylate;dicyclohexyl benzene-1,2-dicarboxylate;Dicyclohexyl phthalate;dicyclohexyl phthalate (1,2-benzenedicarboxylic acid, dicyclohexyl ester);Dicyclohexyl phthalate [DCHP];Dicyclohexyl_Phthalate;Phthalic acid, dicyclohexyl ester",,,,,,,,,,,,,,,,,,,,,,,,,,,,,,,,,,,,,,,,,,,,,,,,,,,,,,,,,,,,,,,,,,,,,,,,,,,,,,,,,,,,,,,,,,,,,,,,,,,,,,,,,,,,,,,,,,,,,,,,,,,,,,,,Ecotoxicological Information#Aquatic Toxicity,ECOTOX,,Lethal and Sublethal Effects of Phthalate Diesters in Silurana tropicalis Larvae,NOEC,,True,No qualifier,Equal,Environ. Toxicol. Chem.35(10): 2511-2522,,,,,Acute,,,Xenopus tropicalis,Decreasing,"Mathieu-Denoncourt,J., C.J. Martyniuk, J.R. Loughery, V. Yargeau, S.R. De Solla, and V.S. Langlois",Morphology,2224165,2469007,Active ingredient,Culture,Abnormal,American Society for Testing and Materials,Multiple types of controls were reported by the author,07/26/2019,A,82424,Renewal,07/29/2019,Cement gland,Lab,09/12/2019,Laboratory,2016,Reviewer assigned endpoint,No significance,P,Larva,4 - 17 REPLICATES,FETAX SOLUTION,Measured,"SIGN OF DEVELOPMENTAL DELAY, STATS FROM V CONTROL",Dicyclohexyl phthalate,"FETAX, 2004","CONTR/C,V/",SUBNETWORK ENRICHMENT ANALYSIS,"CONTR/C,V//TMETH/FETAX, 2004//MEDIA/FETAX SOLUTION//",Animalia (animals),Bilateria,Chordata (chordates),Vertebrata (vertebrates),Tetrapoda,Amphibia (Amphibians),"Anura (Frogs,Toads)",Pipidae (Tongueless Frogs),Xenopus (Clawed Frogs),Deuterostomia,Gnathostomata,,None,7.2,8.4,7,None,99,,None,Nieuwkoop-faber-stage,Unknown,11,12,72,h,Time,72,h,Time,26,°C,Temperature,,,0.05,<,None,,,,,,,,,,,,,150,Organism,Unknown,,,,,,,,,23.3,None,,,,,,,,,,,,,,,,,,,,,,,,,,,,,,,,,,,,,,,,,,,,,,,,,,,,,,,,,,,,,,,,,,,,,,,,,,,,,,,,,,,,,,,,,,,,,,,,72,h,Time,1.5,,mg/L,Mass concentration,,,1.5,,mg/L,Mass concentration,,
84-61-7,"1,2-Benzenedicarboxylic acid, 1,2-dicyclohexyl ester;1,2-Benzenedicarboxylic acid, dicyclohexyl ester;1,2-dicyclohexyl benzene-1,2-dicarboxylate;dicyclohexyl benzene-1,2-dicarboxylate;Dicyclohexyl phthalate;dicyclohexyl phthalate (1,2-benzenedicarboxylic acid, dicyclohexyl ester);Dicyclohexyl phthalate [DCHP];Dicyclohexyl_Phthalate;Phthalic acid, dicyclohexyl ester",,,,,,,,,,,,,,,,,,,,,,,,,,,,,,,,,,,,,,,,,,,,,,,,,,,,,,,,,,,,,,,,,,,,,,,,,,,,,,,,,,,,,,,,,,,,,,,,,,,,,,,,,,,,,,,,,,,,,,,,,,,,,,,,Ecotoxicological Information#Aquatic Toxicity,ECOTOX,,Lethal and Sublethal Effects of Phthalate Diesters in Silurana tropicalis Larvae,NOEC,,True,No qualifier,Equal,Environ. Toxicol. Chem.35(10): 2511-2522,,,,,Acute,,,Xenopus tropicalis,Decreasing,"Mathieu-Denoncourt,J., C.J. Martyniuk, J.R. Loughery, V. Yargeau, S.R. De Solla, and V.S. Langlois",Morphology,2224165,2468997,Active ingredient,Culture,Abnormal,American Society for Testing and Materials,Multiple types of controls were reported by the author,07/26/2019,A,82392,Renewal,07/29/2019,Heart,Lab,09/12/2019,Laboratory,2016,Reviewer assigned endpoint,No significance,P,Larva,4 - 17 REPLICATES,FETAX SOLUTION,Measured,STATS FROM V CONTROL,Dicyclohexyl phthalate,"FETAX, 2004","CONTR/C,V/",SUBNETWORK ENRICHMENT ANALYSIS,"CONTR/C,V//TMETH/FETAX, 2004//MEDIA/FETAX SOLUTION//",Animalia (animals),Bilateria,Chordata (chordates),Vertebrata (vertebrates),Tetrapoda,Amphibia (Amphibians),"Anura (Frogs,Toads)",Pipidae (Tongueless Frogs),Xenopus (Clawed Frogs),Deuterostomia,Gnathostomata,,None,7.2,8.4,7,None,99,,None,Nieuwkoop-faber-stage,Unknown,11,12,72,h,Time,72,h,Time,26,°C,Temperature,,,0.05,<,None,,,,,,,,,,,,,216,Organism,Unknown,,,,,,,,,7.9,None,,,,,,,,,,,,,,,,,,,,,,,,,,,,,,,,,,,,,,,,,,,,,,,,,,,,,,,,,,,,,,,,,,,,,,,,,,,,,,,,,,,,,,,,,,,,,,,,72,h,Time,4.099999904632568,,mg/L,Mass concentration,,,4.099999904632568,,mg/L,Mass concentration,,
84-61-7,"1,2-Benzenedicarboxylic acid, 1,2-dicyclohexyl ester;1,2-Benzenedicarboxylic acid, dicyclohexyl ester;1,2-dicyclohexyl benzene-1,2-dicarboxylate;dicyclohexyl benzene-1,2-dicarboxylate;Dicyclohexyl phthalate;dicyclohexyl phthalate (1,2-benzenedicarboxylic acid, dicyclohexyl ester);Dicyclohexyl phthalate [DCHP];Dicyclohexyl_Phthalate;Phthalic acid, dicyclohexyl ester",,,,,,,,,,,,,,,,,,,,,,,,,,,,,,,,,,,,,,,,,,,,,,,,,,,,,,,,,,,,,,,,,,,,,,,,,,,,,,,,,,,,,,,,,,,,,,,,,,,,,,,,,,,,,,,,,,,,,,,,,,,,,,,,Ecotoxicological Information#Aquatic Toxicity,ECOTOX,,Lethal and Sublethal Effects of Phthalates in Western Clawed Frog,NOEC,,True,No qualifier,Equal,"M.S. Thesis, Department of Chemistry and Chemical Engineering, Royal Military College of Canada, Kingston, ON, Canada:149 p.",,,,,Acute,,,Xenopus tropicalis,Increasing,"Mathieu-Denoncourt,J.",Morphology,2240668,2519148,Active ingredient,Fresh water,Abnormal,American Society for Testing and Materials,Multiple types of controls were reported by the author,02/28/2020,A,88443,Renewal,05/12/2020,,Lab,06/11/2020,Laboratory,2014,Reviewer assigned endpoint,No significance,P,Gastrula,6-10 REPLICATES,DECHLORINATED AND AERATED WATER FROM THE QUEENS UNIVERSITY ANIMAL CARE FACILITY,Measured,,Dicyclohexyl phthalate,ASTM FETAX (1998),"CONTR/P,V/","TERATOGENIC INDEX, MINIMUM CONCENTRATIONS TO INHIBIT GROWTH (MCIG)","CONTR/P,V//TMETH/ASTM FETAX (1998)//MEDIA/DECHLORINATED AND AERATED WATER FROM THE QUEENS UNIVERSITY ANIMAL CARE FACILITY//",Animalia (animals),Bilateria,Chordata (chordates),Vertebrata (vertebrates),Tetrapoda,Amphibia (Amphibians),"Anura (Frogs,Toads)",Pipidae (Tongueless Frogs),Xenopus (Clawed Frogs),Deuterostomia,Gnathostomata,,None,6.4,8.4,6,None,99,,None,Nieuwkoop-faber-stage,Unknown,11,12,72,h,Time,72,h,Time,,°C,Temperature,23.8,27,0.05,<,None,,,,,,,,,,,,,,,,,,,,,,,,,,,,,,,,,,,,,,,,,,,,,,,,,,,,,,,,,,,,,,,,,,,,,,,,,,,,,,,,,,,,,,,,,,,,,,,,,,,,,,,,,,,,,,,,,,,,,,,,,72,h,Time,0.30000001192092896,,mg/L,Mass concentration,0.10000000149011612,0.5,0.30000001192092896,,mg/L,Mass concentration,0.10000000149011612,0.5
84-61-7,"1,2-Benzenedicarboxylic acid, 1,2-dicyclohexyl ester;1,2-Benzenedicarboxylic acid, dicyclohexyl ester;1,2-dicyclohexyl benzene-1,2-dicarboxylate;dicyclohexyl benzene-1,2-dicarboxylate;Dicyclohexyl phthalate;dicyclohexyl phthalate (1,2-benzenedicarboxylic acid, dicyclohexyl ester);Dicyclohexyl phthalate [DCHP];Dicyclohexyl_Phthalate;Phthalic acid, dicyclohexyl ester",,,,,,,,,,,,,,,,,,,,,,,,,,,,,,,,,,,,,,,,,,,,,,,,,,,,,,,,,,,,,,,,,,,,,,,,,,,,,,,,,,,,,,,,,,,,,,,,,,,,,,,,,,,,,,,,,,,,,,,,,,,,,,,,Ecotoxicological Information#Aquatic Toxicity,ECOTOX,,Toxicity and Endocrine Disruption of Phthalates in Fish and Amphibians,,,True,Data in range,Equal,SRAD Progress Report 2013-14:20 p.,,,,,Acute,,,Xenopus tropicalis,Change,"De Solla,S.R., and V.S. Langlois",Morphology,2233950,2498546,Active ingredient,Fresh water,Abnormal,American Society for Testing and Materials,Multiple types of controls were reported by the author,11/22/2019,A,,,11/23/2019,Eye,Lab,12/12/2019,,2014,,Multiple significance,P,Embryo,6-10 REPLICATES,SPIKED WATER,Measured,STATS TO C AND V CONTROL,Dicyclohexyl phthalate,"ASTM 1998, E1439-98","CONTR/C,V/",,"CONTR/C,V//TMETH/ASTM 1998, E1439-98//MEDIA/SPIKED WATER//",Animalia (animals),Bilateria,Chordata (chordates),Vertebrata (vertebrates),Tetrapoda,Amphibia (Amphibians),"Anura (Frogs,Toads)",Pipidae (Tongueless Frogs),Xenopus (Clawed Frogs),Deuterostomia,Gnathostomata,6.5,None,,,7,None,,,,,,,,72,h,Time,72,h,Time,,,,,,0.05,<,None,,,,,,,,,,,,,,,,,,,,,,,,,,,,,,,,,,,,,,,,,,,,,,,,,,,,,,,,,,,,,,,,,,,,,,,,,,,,,,,,,,,,,,,,,,,,,,,,,,,,,,,,,,,,,,,,,,,,,,,,,72,h,Time,,,mg/L,Mass concentration,0.10000000149011612,132.1999969482422,,,mg/L,Mass concentration,0.10000000149011612,132.1999969482422
84-61-7,"1,2-Benzenedicarboxylic acid, 1,2-dicyclohexyl ester;1,2-Benzenedicarboxylic acid, dicyclohexyl ester;1,2-dicyclohexyl benzene-1,2-dicarboxylate;dicyclohexyl benzene-1,2-dicarboxylate;Dicyclohexyl phthalate;dicyclohexyl phthalate (1,2-benzenedicarboxylic acid, dicyclohexyl ester);Dicyclohexyl phthalate [DCHP];Dicyclohexyl_Phthalate;Phthalic acid, dicyclohexyl ester",,,,,,,,,,,,,,,,,,,,,,,,,,,,,,,,,,,,,,,,,,,,,,,,,,,,,,,,,,,,,,,,,,,,,,,,,,,,,,,,,,,,,,,,,,,,,,,,,,,,,,,,,,,,,,,,,,,,,,,,,,,,,,,,Ecotoxicological Information#Aquatic Toxicity,ECOTOX,,Lethal and Sublethal Effects of Phthalate Diesters in Silurana tropicalis Larvae,,,True,Data in range,Equal,Environ. Toxicol. Chem.35(10): 2511-2522,,,,,Acute,,,Xenopus tropicalis,Decreasing,"Mathieu-Denoncourt,J., C.J. Martyniuk, J.R. Loughery, V. Yargeau, S.R. De Solla, and V.S. Langlois",Morphology,2224165,2468995,Active ingredient,Culture,Abnormal,American Society for Testing and Materials,Multiple types of controls were reported by the author,07/26/2019,A,,Renewal,07/29/2019,Eye,Lab,09/12/2019,Laboratory,2016,,Multiple significance,P,Larva,4 - 17 REPLICATES,FETAX SOLUTION,Measured,STATS FROM V CONTROL,Dicyclohexyl phthalate,"FETAX, 2004","CONTR/C,V/",SUBNETWORK ENRICHMENT ANALYSIS,"CONTR/C,V//TMETH/FETAX, 2004//MEDIA/FETAX SOLUTION//",Animalia (animals),Bilateria,Chordata (chordates),Vertebrata (vertebrates),Tetrapoda,Amphibia (Amphibians),"Anura (Frogs,Toads)",Pipidae (Tongueless Frogs),Xenopus (Clawed Frogs),Deuterostomia,Gnathostomata,,None,7.2,8.4,7,None,99,,None,Nieuwkoop-faber-stage,Unknown,11,12,72,h,Time,72,h,Time,26,°C,Temperature,,,0.05,<,None,,,,,,,,,,,,,51,Organism,Unknown,,,,,,,,,,None,6.5,,23.5,,,,,,,,,,,,,,,,,,,,,,,,,,,,,,,,,,,,,,,,,,,,,,,,,,,,,,,,,,,,,,,,,,,,,,,,,,,,,,,,,,,,,,,,,,,,,72,h,Time,,,mg/L,Mass concentration,0.30000001192092896,99.30000305175781,,,mg/L,Mass concentration,0.30000001192092896,99.30000305175781
84-61-7,"1,2-Benzenedicarboxylic acid, 1,2-dicyclohexyl ester;1,2-Benzenedicarboxylic acid, dicyclohexyl ester;1,2-dicyclohexyl benzene-1,2-dicarboxylate;dicyclohexyl benzene-1,2-dicarboxylate;Dicyclohexyl phthalate;dicyclohexyl phthalate (1,2-benzenedicarboxylic acid, dicyclohexyl ester);Dicyclohexyl phthalate [DCHP];Dicyclohexyl_Phthalate;Phthalic acid, dicyclohexyl ester",,,,,,,,,,,,,,,,,,,,,,,,,,,,,,,,,,,,,,,,,,,,,,,,,,,,,,,,,,,,,,,,,,,,,,,,,,,,,,,,,,,,,,,,,,,,,,,,,,,,,,,,,,,,,,,,,,,,,,,,,,,,,,,,Ecotoxicological Information#Aquatic Toxicity,ECOTOX,,Toxicity and Endocrine Disruption of Phthalates in Fish and Amphibians,,,True,Data in range,Equal,SRAD Progress Report 2013-14:20 p.,,,,,Acute,,,Xenopus tropicalis,Change,"De Solla,S.R., and V.S. Langlois",Morphology,2233950,2498549,Active ingredient,Fresh water,Abnormal,American Society for Testing and Materials,Multiple types of controls were reported by the author,11/22/2019,A,,,11/23/2019,Gut,Lab,12/12/2019,,2014,,Multiple significance,P,Embryo,6-10 REPLICATES,SPIKED WATER,Measured,STATS TO C AND V CONTROL,Dicyclohexyl phthalate,"ASTM 1998, E1439-98","CONTR/C,V/",,"CONTR/C,V//TMETH/ASTM 1998, E1439-98//MEDIA/SPIKED WATER//",Animalia (animals),Bilateria,Chordata (chordates),Vertebrata (vertebrates),Tetrapoda,Amphibia (Amphibians),"Anura (Frogs,Toads)",Pipidae (Tongueless Frogs),Xenopus (Clawed Frogs),Deuterostomia,Gnathostomata,6.5,None,,,7,None,,,,,,,,72,h,Time,72,h,Time,,,,,,0.05,<,None,,,,,,,,,,,,,,,,,,,,,,,,,,,,,,,,,,,,,,,,,,,,,,,,,,,,,,,,,,,,,,,,,,,,,,,,,,,,,,,,,,,,,,,,,,,,,,,,,,,,,,,,,,,,,,,,,,,,,,,,,72,h,Time,,,mg/L,Mass concentration,0.10000000149011612,132.1999969482422,,,mg/L,Mass concentration,0.10000000149011612,132.1999969482422
84-61-7,"1,2-Benzenedicarboxylic acid, 1,2-dicyclohexyl ester;1,2-Benzenedicarboxylic acid, dicyclohexyl ester;1,2-dicyclohexyl benzene-1,2-dicarboxylate;dicyclohexyl benzene-1,2-dicarboxylate;Dicyclohexyl phthalate;dicyclohexyl phthalate (1,2-benzenedicarboxylic acid, dicyclohexyl ester);Dicyclohexyl phthalate [DCHP];Dicyclohexyl_Phthalate;Phthalic acid, dicyclohexyl ester",,,,,,,,,,,,,,,,,,,,,,,,,,,,,,,,,,,,,,,,,,,,,,,,,,,,,,,,,,,,,,,,,,,,,,,,,,,,,,,,,,,,,,,,,,,,,,,,,,,,,,,,,,,,,,,,,,,,,,,,,,,,,,,,Ecotoxicological Information#Aquatic Toxicity,ECOTOX,,Toxicity and Endocrine Disruption of Phthalates in Fish and Amphibians,,,True,Data in range,Equal,SRAD Progress Report 2013-14:20 p.,,,,,Acute,,,Xenopus tropicalis,Change,"De Solla,S.R., and V.S. Langlois",Morphology,2233950,2498552,Active ingredient,Fresh water,Abnormal,American Society for Testing and Materials,Multiple types of controls were reported by the author,11/22/2019,A,,,11/23/2019,,Lab,12/12/2019,,2014,,Multiple significance,P,Embryo,6-10 REPLICATES,SPIKED WATER,Measured,STATS TO C AND V CONTROL,Dicyclohexyl phthalate,"ASTM 1998, E1439-98","CONTR/C,V/",,"CONTR/C,V//TMETH/ASTM 1998, E1439-98//MEDIA/SPIKED WATER//",Animalia (animals),Bilateria,Chordata (chordates),Vertebrata (vertebrates),Tetrapoda,Amphibia (Amphibians),"Anura (Frogs,Toads)",Pipidae (Tongueless Frogs),Xenopus (Clawed Frogs),Deuterostomia,Gnathostomata,6.5,None,,,7,None,,,,,,,,72,h,Time,72,h,Time,,,,,,0.05,<,None,,,,,,,,,,,,,,,,,,,,,,,,,,,,,,,,,,,,,,,"SITE/FAC,HD/",,,,,,,,,,,,,,,,,,,,,,,,,,,,,,,,,,,,,,,,,,,,,,,,,,,,,,,,,,,,,,,,,,,,,,,,,,,,,,,,,,72,h,Time,,,mg/L,Mass concentration,0.10000000149011612,132.1999969482422,,,mg/L,Mass concentration,0.10000000149011612,132.1999969482422
84-61-7,"1,2-Benzenedicarboxylic acid, 1,2-dicyclohexyl ester;1,2-Benzenedicarboxylic acid, dicyclohexyl ester;1,2-dicyclohexyl benzene-1,2-dicarboxylate;dicyclohexyl benzene-1,2-dicarboxylate;Dicyclohexyl phthalate;dicyclohexyl phthalate (1,2-benzenedicarboxylic acid, dicyclohexyl ester);Dicyclohexyl phthalate [DCHP];Dicyclohexyl_Phthalate;Phthalic acid, dicyclohexyl ester",,,,,,,,,,,,,,,,,,,,,,,,,,,,,,,,,,,,,,,,,,,,,,,,,,,,,,,,,,,,,,,,,,,,,,,,,,,,,,,,,,,,,,,,,,,,,,,,,,,,,,,,,,,,,,,,,,,,,,,,,,,,,,,,Ecotoxicological Information#Aquatic Toxicity,ECOTOX,,Toxicity and Endocrine Disruption of Phthalates in Fish and Amphibians,,,True,Data in range,Equal,SRAD Progress Report 2013-14:20 p.,,,,,Acute,,,Xenopus tropicalis,Change,"De Solla,S.R., and V.S. Langlois",Morphology,2233950,2498545,Active ingredient,Fresh water,Abnormal,American Society for Testing and Materials,Multiple types of controls were reported by the author,11/22/2019,A,,,11/23/2019,Whole organism,Lab,12/12/2019,,2014,,Multiple significance,P,Embryo,6-10 REPLICATES,SPIKED WATER,Measured,STATS TO C AND V CONTROL,Dicyclohexyl phthalate,"ASTM 1998, E1439-98","CONTR/C,V/",,"CONTR/C,V//TMETH/ASTM 1998, E1439-98//MEDIA/SPIKED WATER//",Animalia (animals),Bilateria,Chordata (chordates),Vertebrata (vertebrates),Tetrapoda,Amphibia (Amphibians),"Anura (Frogs,Toads)",Pipidae (Tongueless Frogs),Xenopus (Clawed Frogs),Deuterostomia,Gnathostomata,6.5,None,,,7,None,,,,,,,,72,h,Time,72,h,Time,,,,,,0.05,<,None,,,,,,,,,,,,,,,,,,,,,,,,,,,,,,,,,,,,,,,,,,,,,,,,,,,,,,,,,,,,,,,,,,,,,,,,,,,,,,,,,,,,,,,,,,,,,,,,,,,,,,,,,,,,,,,,,,,,,,,,,72,h,Time,,,mg/L,Mass concentration,0.10000000149011612,132.1999969482422,,,mg/L,Mass concentration,0.10000000149011612,132.1999969482422
84-61-7,"1,2-Benzenedicarboxylic acid, 1,2-dicyclohexyl ester;1,2-Benzenedicarboxylic acid, dicyclohexyl ester;1,2-dicyclohexyl benzene-1,2-dicarboxylate;dicyclohexyl benzene-1,2-dicarboxylate;Dicyclohexyl phthalate;dicyclohexyl phthalate (1,2-benzenedicarboxylic acid, dicyclohexyl ester);Dicyclohexyl phthalate [DCHP];Dicyclohexyl_Phthalate;Phthalic acid, dicyclohexyl ester",,,,,,,,,,,,,,,,,,,,,,,,,,,,,,,,,,,,,,,,,,,,,,,,,,,,,,,,,,,,,,,,,,,,,,,,,,,,,,,,,,,,,,,,,,,,,,,,,,,,,,,,,,,,,,,,,,,,,,,,,,,,,,,,Ecotoxicological Information#Aquatic Toxicity,ECOTOX,,Toxicity and Endocrine Disruption of Phthalates in Fish and Amphibians,,,True,Data in range,Equal,SRAD Progress Report 2013-14:20 p.,,,,,Acute,,,Xenopus tropicalis,Change,"De Solla,S.R., and V.S. Langlois",Morphology,2233950,2498547,Active ingredient,Fresh water,Abnormal,American Society for Testing and Materials,Multiple types of controls were reported by the author,11/22/2019,A,,,11/23/2019,Tail,Lab,12/12/2019,,2014,,Multiple significance,P,Embryo,6-10 REPLICATES,SPIKED WATER,Measured,STATS TO C AND V CONTROL,Dicyclohexyl phthalate,"ASTM 1998, E1439-98","CONTR/C,V/",,"CONTR/C,V//TMETH/ASTM 1998, E1439-98//MEDIA/SPIKED WATER//",Animalia (animals),Bilateria,Chordata (chordates),Vertebrata (vertebrates),Tetrapoda,Amphibia (Amphibians),"Anura (Frogs,Toads)",Pipidae (Tongueless Frogs),Xenopus (Clawed Frogs),Deuterostomia,Gnathostomata,6.5,None,,,7,None,,,,,,,,72,h,Time,72,h,Time,,,,,,0.05,<,None,,,,,,,,,,,,,,,,,,,,,,,,,,,,,,,,,,,,,,,,,,,,,,,,,,,,,,,,,,,,,,,,,,,,,,,,,,,,,,,,,,,,,,,,,,,,,,,,,,,,,,,,,,,,,,,,,,,,,,,,,72,h,Time,,,mg/L,Mass concentration,0.10000000149011612,132.1999969482422,,,mg/L,Mass concentration,0.10000000149011612,132.1999969482422
84-61-7,"1,2-Benzenedicarboxylic acid, 1,2-dicyclohexyl ester;1,2-Benzenedicarboxylic acid, dicyclohexyl ester;1,2-dicyclohexyl benzene-1,2-dicarboxylate;dicyclohexyl benzene-1,2-dicarboxylate;Dicyclohexyl phthalate;dicyclohexyl phthalate (1,2-benzenedicarboxylic acid, dicyclohexyl ester);Dicyclohexyl phthalate [DCHP];Dicyclohexyl_Phthalate;Phthalic acid, dicyclohexyl ester",,,,,,,,,,,,,,,,,,,,,,,,,,,,,,,,,,,,,,,,,,,,,,,,,,,,,,,,,,,,,,,,,,,,,,,,,,,,,,,,,,,,,,,,,,,,,,,,,,,,,,,,,,,,,,,,,,,,,,,,,,,,,,,,Ecotoxicological Information#Aquatic Toxicity,ECOTOX,,Lethal and Sublethal Effects of Phthalate Diesters in Silurana tropicalis Larvae,,,True,Data in range,Equal,Environ. Toxicol. Chem.35(10): 2511-2522,,,,,Acute,,,Xenopus tropicalis,Change,"Mathieu-Denoncourt,J., C.J. Martyniuk, J.R. Loughery, V. Yargeau, S.R. De Solla, and V.S. Langlois",Morphology,2224165,2468994,Active ingredient,Culture,Abnormal,American Society for Testing and Materials,Multiple types of controls were reported by the author,07/26/2019,A,,Renewal,07/29/2019,Whole organism,Lab,09/12/2019,Laboratory,2016,,Multiple significance,P,Larva,4 - 17 REPLICATES,FETAX SOLUTION,Measured,STATS FROM V CONTROL,Dicyclohexyl phthalate,"FETAX, 2004","CONTR/C,V/",SUBNETWORK ENRICHMENT ANALYSIS,"CONTR/C,V//TMETH/FETAX, 2004//MEDIA/FETAX SOLUTION//",Animalia (animals),Bilateria,Chordata (chordates),Vertebrata (vertebrates),Tetrapoda,Amphibia (Amphibians),"Anura (Frogs,Toads)",Pipidae (Tongueless Frogs),Xenopus (Clawed Frogs),Deuterostomia,Gnathostomata,,None,7.2,8.4,7,None,99,,None,Nieuwkoop-faber-stage,Unknown,11,12,72,h,Time,72,h,Time,26,°C,Temperature,,,0.05,<,None,,,,,,,,,,,,,,,,,,,,,,,,,None,21.8,,100,,,,,,,,,,,,,,,,,,,,,,,,,,,,,,,,,,,,,,,,,,,,,,,,,,,,,,,,,,,,,,,,,,,,,,,,,,,,,,,,,,,,,,,,,,,,,72,h,Time,,,mg/L,Mass concentration,0.30000001192092896,99.30000305175781,,,mg/L,Mass concentration,0.30000001192092896,99.30000305175781
84-61-7,"1,2-Benzenedicarboxylic acid, 1,2-dicyclohexyl ester;1,2-Benzenedicarboxylic acid, dicyclohexyl ester;1,2-dicyclohexyl benzene-1,2-dicarboxylate;dicyclohexyl benzene-1,2-dicarboxylate;Dicyclohexyl phthalate;dicyclohexyl phthalate (1,2-benzenedicarboxylic acid, dicyclohexyl ester);Dicyclohexyl phthalate [DCHP];Dicyclohexyl_Phthalate;Phthalic acid, dicyclohexyl ester",,,,,,,,,,,,,,,,,,,,,,,,,,,,,,,,,,,,,,,,,,,,,,,,,,,,,,,,,,,,,,,,,,,,,,,,,,,,,,,,,,,,,,,,,,,,,,,,,,,,,,,,,,,,,,,,,,,,,,,,,,,,,,,,Ecotoxicological Information#Aquatic Toxicity,ECOTOX,,Lethal and Sublethal Effects of Phthalate Diesters in Silurana tropicalis Larvae,,,True,Data in range,Equal,Environ. Toxicol. Chem.35(10): 2511-2522,,,,,Acute,,,Xenopus tropicalis,Change,"Mathieu-Denoncourt,J., C.J. Martyniuk, J.R. Loughery, V. Yargeau, S.R. De Solla, and V.S. Langlois",Morphology,2224165,2468998,Active ingredient,Culture,Abnormal,American Society for Testing and Materials,Multiple types of controls were reported by the author,07/26/2019,A,,Renewal,07/29/2019,Gut,Lab,09/12/2019,Laboratory,2016,,Multiple significance,P,Larva,4 - 17 REPLICATES,FETAX SOLUTION,Measured,STATS FROM V CONTROL,Dicyclohexyl phthalate,"FETAX, 2004","CONTR/C,V/",SUBNETWORK ENRICHMENT ANALYSIS,"CONTR/C,V//TMETH/FETAX, 2004//MEDIA/FETAX SOLUTION//",Animalia (animals),Bilateria,Chordata (chordates),Vertebrata (vertebrates),Tetrapoda,Amphibia (Amphibians),"Anura (Frogs,Toads)",Pipidae (Tongueless Frogs),Xenopus (Clawed Frogs),Deuterostomia,Gnathostomata,,None,7.2,8.4,7,None,99,,None,Nieuwkoop-faber-stage,Unknown,11,12,72,h,Time,72,h,Time,26,°C,Temperature,,,0.05,<,None,,,,,,,,,,,,,,,,,,,,,,,,,None,0,,79.6,,,,,,,,,,,,,,,,,,,,,,,,,,,,,,,,,,,,,,,,,,,,,,,,,,,,,,,,,,,,,,,,,,,,,,,,,,,,,,,,,,,,,,,,,,,,,72,h,Time,,,mg/L,Mass concentration,0.30000001192092896,99.30000305175781,,,mg/L,Mass concentration,0.30000001192092896,99.30000305175781
84-61-7,"1,2-Benzenedicarboxylic acid, 1,2-dicyclohexyl ester;1,2-Benzenedicarboxylic acid, dicyclohexyl ester;1,2-dicyclohexyl benzene-1,2-dicarboxylate;dicyclohexyl benzene-1,2-dicarboxylate;Dicyclohexyl phthalate;dicyclohexyl phthalate (1,2-benzenedicarboxylic acid, dicyclohexyl ester);Dicyclohexyl phthalate [DCHP];Dicyclohexyl_Phthalate;Phthalic acid, dicyclohexyl ester",,,,,,,,,,,,,,,,,,,,,,,,,,,,,,,,,,,,,,,,,,,,,,,,,,,,,,,,,,,,,,,,,,,,,,,,,,,,,,,,,,,,,,,,,,,,,,,,,,,,,,,,,,,,,,,,,,,,,,,,,,,,,,,,Ecotoxicological Information#Aquatic Toxicity,ECOTOX,,Lethal and Sublethal Effects of Phthalate Diesters in Silurana tropicalis Larvae,,,True,Data in range,Equal,Environ. Toxicol. Chem.35(10): 2511-2522,,,,,Acute,,,Xenopus tropicalis,Decreasing,"Mathieu-Denoncourt,J., C.J. Martyniuk, J.R. Loughery, V. Yargeau, S.R. De Solla, and V.S. Langlois",Morphology,2224165,2469006,Active ingredient,Culture,Abnormal,American Society for Testing and Materials,Multiple types of controls were reported by the author,07/26/2019,A,,Renewal,07/29/2019,Eye,Lab,09/12/2019,Laboratory,2016,,Multiple significance,P,Larva,4 - 17 REPLICATES,FETAX SOLUTION,Measured,SIGN OF DEVELOPMENTAL DELAY,Dicyclohexyl phthalate,"FETAX, 2004","CONTR/C,V/",SUBNETWORK ENRICHMENT ANALYSIS,"CONTR/C,V//TMETH/FETAX, 2004//MEDIA/FETAX SOLUTION//",Animalia (animals),Bilateria,Chordata (chordates),Vertebrata (vertebrates),Tetrapoda,Amphibia (Amphibians),"Anura (Frogs,Toads)",Pipidae (Tongueless Frogs),Xenopus (Clawed Frogs),Deuterostomia,Gnathostomata,,None,7.2,8.4,7,None,99,,None,Nieuwkoop-faber-stage,Unknown,11,12,72,h,Time,72,h,Time,26,°C,Temperature,,,0.05,<,None,,,,,,,,,,,,,,,,,,,,,,,,0,None,,,,,,,,,,,,,,,,,,,,,,,,,,,,,,,,,,,,,,,,,,,,,,,,,,,,,,,,,,,,,,,,,,,,,,,,,,,,,,,,,,,,,,,,,,,,,,,,72,h,Time,,,mg/L,Mass concentration,0.30000001192092896,19,,,mg/L,Mass concentration,0.30000001192092896,19
84-61-7,"1,2-Benzenedicarboxylic acid, 1,2-dicyclohexyl ester;1,2-Benzenedicarboxylic acid, dicyclohexyl ester;1,2-dicyclohexyl benzene-1,2-dicarboxylate;dicyclohexyl benzene-1,2-dicarboxylate;Dicyclohexyl phthalate;dicyclohexyl phthalate (1,2-benzenedicarboxylic acid, dicyclohexyl ester);Dicyclohexyl phthalate [DCHP];Dicyclohexyl_Phthalate;Phthalic acid, dicyclohexyl ester",,,,,,,,,,,,,,,,,,,,,,,,,,,,,,,,,,,,,,,,,,,,,,,,,,,,,,,,,,,,,,,,,,,,,,,,,,,,,,,,,,,,,,,,,,,,,,,,,,,,,,,,,,,,,,,,,,,,,,,,,,,,,,,,Ecotoxicological Information#Aquatic Toxicity,ECOTOX,,Lethal and Sublethal Effects of Phthalates in Western Clawed Frog,LC50,,True,No qualifier,Equal,"M.S. Thesis, Department of Chemistry and Chemical Engineering, Royal Military College of Canada, Kingston, ON, Canada:149 p.",,,,,Acute,,,Xenopus tropicalis,Increasing,"Mathieu-Denoncourt,J.",Mortality,2240668,2519151,Active ingredient,Fresh water,Mortality,American Society for Testing and Materials,Multiple types of controls were reported by the author,02/28/2020,A,,Renewal,05/12/2020,,Lab,06/11/2020,Laboratory,2014,Publication reported endpoint,,,Gastrula,6-10 REPLICATES,DECHLORINATED AND AERATED WATER FROM THE QUEENS UNIVERSITY ANIMAL CARE FACILITY,Measured,,Dicyclohexyl phthalate,ASTM FETAX (1998),"CONTR/P,V/","TERATOGENIC INDEX, MINIMUM CONCENTRATIONS TO INHIBIT GROWTH (MCIG)","CONTR/P,V//TMETH/ASTM FETAX (1998)//MEDIA/DECHLORINATED AND AERATED WATER FROM THE QUEENS UNIVERSITY ANIMAL CARE FACILITY//",Animalia (animals),Bilateria,Chordata (chordates),Vertebrata (vertebrates),Tetrapoda,Amphibia (Amphibians),"Anura (Frogs,Toads)",Pipidae (Tongueless Frogs),Xenopus (Clawed Frogs),Deuterostomia,Gnathostomata,,None,6.4,8.4,6,None,99,,None,Nieuwkoop-faber-stage,Unknown,11,12,72,h,Time,72,h,Time,,°C,Temperature,23.8,27,,,,,,,,,,,,,,,,,,,,,,,,,,,,,,,,,,,,,,,,,,,,,,,,,,,,,,,,,,,,,,,,,,,,,,,,,,,,,,,,,,,,,,,,,,,,,,,,,,,,,,,,,,,,,,,,,,,,,,,,,,,,72,h,Time,5.5,,mg/L,Mass concentration,,,5.5,,mg/L,Mass concentration,,
84-61-7,"1,2-Benzenedicarboxylic acid, 1,2-dicyclohexyl ester;1,2-Benzenedicarboxylic acid, dicyclohexyl ester;1,2-dicyclohexyl benzene-1,2-dicarboxylate;dicyclohexyl benzene-1,2-dicarboxylate;Dicyclohexyl phthalate;dicyclohexyl phthalate (1,2-benzenedicarboxylic acid, dicyclohexyl ester);Dicyclohexyl phthalate [DCHP];Dicyclohexyl_Phthalate;Phthalic acid, dicyclohexyl ester",,,,,,,,,,,,,,,,,,,,,,,,,,,,,,,,,,,,,,,,,,,,,,,,,,,,,,,,,,,,,,,,,,,,,,,,,,,,,,,,,,,,,,,,,,,,,,,,,,,,,,,,,,,,,,,,,,,,,,,,,,,,,,,,Ecotoxicological Information#Aquatic Toxicity,ECOTOX,,Lethal and Sublethal Effects of Phthalate Diesters in Silurana tropicalis Larvae,LOEC,,True,No qualifier,Equal,Environ. Toxicol. Chem.35(10): 2511-2522,,,,,Acute,,,Xenopus tropicalis,Increasing,"Mathieu-Denoncourt,J., C.J. Martyniuk, J.R. Loughery, V. Yargeau, S.R. De Solla, and V.S. Langlois",Mortality,2224165,2469011,Active ingredient,Culture,Mortality,American Society for Testing and Materials,Multiple types of controls were reported by the author,07/26/2019,A,82390,Renewal,07/29/2019,,Lab,09/12/2019,Laboratory,2016,Reviewer assigned endpoint,Significant,P,Larva,4 - 17 REPLICATES,FETAX SOLUTION,Measured,STATS FROM V CONTROL,Dicyclohexyl phthalate,"FETAX, 2004","CONTR/C,V/",SUBNETWORK ENRICHMENT ANALYSIS,"CONTR/C,V//TMETH/FETAX, 2004//MEDIA/FETAX SOLUTION//",Animalia (animals),Bilateria,Chordata (chordates),Vertebrata (vertebrates),Tetrapoda,Amphibia (Amphibians),"Anura (Frogs,Toads)",Pipidae (Tongueless Frogs),Xenopus (Clawed Frogs),Deuterostomia,Gnathostomata,,None,7.2,8.4,7,None,99,,None,Nieuwkoop-faber-stage,Unknown,11,12,72,h,Time,72,h,Time,26,°C,Temperature,,,0.05,<,None,,,,,,,,,,,,,400,Organism,Unknown,,,,,,,,,5.5,None,,,,,,,,,,,,,,,,,,,,,,,,,,,,,,,,,,,,,,,,,,,,,,,,,,,,,,,,,,,,,,,,,,,,,,,,,,,,,,,,,,,,,,,,,,,,,,,,72,h,Time,4.099999904632568,,mg/L,Mass concentration,,,4.099999904632568,,mg/L,Mass concentration,,
84-61-7,"1,2-Benzenedicarboxylic acid, 1,2-dicyclohexyl ester;1,2-Benzenedicarboxylic acid, dicyclohexyl ester;1,2-dicyclohexyl benzene-1,2-dicarboxylate;dicyclohexyl benzene-1,2-dicarboxylate;Dicyclohexyl phthalate;dicyclohexyl phthalate (1,2-benzenedicarboxylic acid, dicyclohexyl ester);Dicyclohexyl phthalate [DCHP];Dicyclohexyl_Phthalate;Phthalic acid, dicyclohexyl ester",,,,,,,,,,,,,,,,,,,,,,,,,,,,,,,,,,,,,,,,,,,,,,,,,,,,,,,,,,,,,,,,,,,,,,,,,,,,,,,,,,,,,,,,,,,,,,,,,,,,,,,,,,,,,,,,,,,,,,,,,,,,,,,,Ecotoxicological Information#Aquatic Toxicity,ECOTOX,,Toxicity and Endocrine Disruption of Phthalates in Fish and Amphibians,LOEC,,True,No qualifier,Equal,SRAD Progress Report 2013-14:20 p.,,,,,Acute,,,Xenopus tropicalis,Increasing,"De Solla,S.R., and V.S. Langlois",Mortality,2233950,2498544,Active ingredient,Fresh water,Mortality,American Society for Testing and Materials,Multiple types of controls were reported by the author,11/22/2019,A,85960,,11/23/2019,,Lab,12/12/2019,,2014,Reviewer assigned endpoint,Significant,P,Embryo,6-10 REPLICATES,SPIKED WATER,Measured,STATS TO C AND V CONTROL,Dicyclohexyl phthalate,"ASTM 1998, E1439-98","CONTR/C,V/",,"CONTR/C,V//TMETH/ASTM 1998, E1439-98//MEDIA/SPIKED WATER//",Animalia (animals),Bilateria,Chordata (chordates),Vertebrata (vertebrates),Tetrapoda,Amphibia (Amphibians),"Anura (Frogs,Toads)",Pipidae (Tongueless Frogs),Xenopus (Clawed Frogs),Deuterostomia,Gnathostomata,6.5,None,,,7,None,,,,,,,,72,h,Time,72,h,Time,,,,,,0.05,<,None,,,,,,,,,,,,,,,,,,,,,,,,,,,,,,,,,,,,,,,,,,,,,,,,,,,,,,,,,,,,,,,,,,,,,,,,,,,,,,,,,,,,,,,,,,,,,,,,,,,,,,,,,,,,,,,,,,,,,,,,,72,h,Time,4.099999904632568,,mg/L,Mass concentration,1.2000000476837158,7,4.099999904632568,,mg/L,Mass concentration,1.2000000476837158,7
84-61-7,"1,2-Benzenedicarboxylic acid, 1,2-dicyclohexyl ester;1,2-Benzenedicarboxylic acid, dicyclohexyl ester;1,2-dicyclohexyl benzene-1,2-dicarboxylate;dicyclohexyl benzene-1,2-dicarboxylate;Dicyclohexyl phthalate;dicyclohexyl phthalate (1,2-benzenedicarboxylic acid, dicyclohexyl ester);Dicyclohexyl phthalate [DCHP];Dicyclohexyl_Phthalate;Phthalic acid, dicyclohexyl ester",,,,,,,,,,,,,,,,,,,,,,,,,,,,,,,,,,,,,,,,,,,,,,,,,,,,,,,,,,,,,,,,,,,,,,,,,,,,,,,,,,,,,,,,,,,,,,,,,,,,,,,,,,,,,,,,,,,,,,,,,,,,,,,,Ecotoxicological Information#Aquatic Toxicity,ECOTOX,,Lethal and Sublethal Effects of Phthalate Diesters in Silurana tropicalis Larvae,NOEC,,True,No qualifier,Equal,Environ. Toxicol. Chem.35(10): 2511-2522,,,,,Acute,,,Xenopus tropicalis,Decreasing,"Mathieu-Denoncourt,J., C.J. Martyniuk, J.R. Loughery, V. Yargeau, S.R. De Solla, and V.S. Langlois",Mortality,2224165,2468993,Active ingredient,Culture,Mortality,American Society for Testing and Materials,Multiple types of controls were reported by the author,07/26/2019,A,82390,Renewal,07/29/2019,,Lab,09/12/2019,Laboratory,2016,Reviewer assigned endpoint,No significance,P,Larva,4 - 17 REPLICATES,FETAX SOLUTION,Measured,STATS FROM V CONTROL,Dicyclohexyl phthalate,"FETAX, 2004","CONTR/C,V/",SUBNETWORK ENRICHMENT ANALYSIS,"CONTR/C,V//TMETH/FETAX, 2004//MEDIA/FETAX SOLUTION//",Animalia (animals),Bilateria,Chordata (chordates),Vertebrata (vertebrates),Tetrapoda,Amphibia (Amphibians),"Anura (Frogs,Toads)",Pipidae (Tongueless Frogs),Xenopus (Clawed Frogs),Deuterostomia,Gnathostomata,,None,7.2,8.4,7,None,99,,None,Nieuwkoop-faber-stage,Unknown,11,12,72,h,Time,72,h,Time,26,°C,Temperature,,,0.05,<,None,,,,,,,,,,,,,320,Organism,Unknown,,,,,,,,,2.8,None,,,,,,,,,,,,,,,,,,,,,,,,,,,,,,,,,,,,,,,,,,,,,,,,,,,,,,,,,,,,,,,,,,,,,,,,,,,,,,,,,,,,,,,,,,,,,,,,72,h,Time,1.5,,mg/L,Mass concentration,,,1.5,,mg/L,Mass concentration,,
84-61-7,"1,2-Benzenedicarboxylic acid, 1,2-dicyclohexyl ester;1,2-Benzenedicarboxylic acid, dicyclohexyl ester;1,2-dicyclohexyl benzene-1,2-dicarboxylate;dicyclohexyl benzene-1,2-dicarboxylate;Dicyclohexyl phthalate;dicyclohexyl phthalate (1,2-benzenedicarboxylic acid, dicyclohexyl ester);Dicyclohexyl phthalate [DCHP];Dicyclohexyl_Phthalate;Phthalic acid, dicyclohexyl ester",,,,,,,,,,,,,,,,,,,,,,,,,,,,,,,,,,,,,,,,,,,,,,,,,,,,,,,,,,,,,,,,,,,,,,,,,,,,,,,,,,,,,,,,,,,,,,,,,,,,,,,,,,,,,,,,,,,,,,,,,,,,,,,,Ecotoxicological Information#Aquatic Toxicity,ECOTOX,,Toxicity and Endocrine Disruption of Phthalates in Fish and Amphibians,NOEC,,True,No qualifier,Equal,SRAD Progress Report 2013-14:20 p.,,,,,Acute,,,Xenopus tropicalis,Increasing,"De Solla,S.R., and V.S. Langlois",Mortality,2233950,2498529,Active ingredient,Fresh water,Mortality,American Society for Testing and Materials,Multiple types of controls were reported by the author,11/22/2019,A,85960,,11/23/2019,,Lab,12/12/2019,,2014,Reviewer assigned endpoint,No significance,P,Embryo,6-10 REPLICATES,SPIKED WATER,Measured,STATS TO C AND V CONTROL,Dicyclohexyl phthalate,"ASTM 1998, E1439-98","CONTR/C,V/",,"CONTR/C,V//TMETH/ASTM 1998, E1439-98//MEDIA/SPIKED WATER//",Animalia (animals),Bilateria,Chordata (chordates),Vertebrata (vertebrates),Tetrapoda,Amphibia (Amphibians),"Anura (Frogs,Toads)",Pipidae (Tongueless Frogs),Xenopus (Clawed Frogs),Deuterostomia,Gnathostomata,6.5,None,,,7,None,,,,,,,,72,h,Time,72,h,Time,,,,,,0.05,<,None,,,,,,,,,,,,,,,,,,,,,,,,,,,,,,,,,,,,,,,,,,,,,,,,,,,,,,,,,,,,,,,,,,,,,,,,,,,,,,,,,,,,,,,,,,,,,,,,,,,,,,,,,,,,,,,,,,,,,,,,,72,h,Time,1.5,,mg/L,Mass concentration,0.20000000298023224,2.700000047683716,1.5,,mg/L,Mass concentration,0.20000000298023224,2.700000047683716
84-61-7,"1,2-Benzenedicarboxylic acid, 1,2-dicyclohexyl ester;1,2-Benzenedicarboxylic acid, dicyclohexyl ester;1,2-dicyclohexyl benzene-1,2-dicarboxylate;dicyclohexyl benzene-1,2-dicarboxylate;Dicyclohexyl phthalate;dicyclohexyl phthalate (1,2-benzenedicarboxylic acid, dicyclohexyl ester);Dicyclohexyl phthalate [DCHP];Dicyclohexyl_Phthalate;Phthalic acid, dicyclohexyl ester",,,,,,,,,,,,,,,,,,,,,,,,,,,,,,,,,,,,,,,,,,,,,,,,,,,,,,,,,,,,,,,,,,,,,,,,,,,,,,,,,,,,,,,,,,,,,,,,,,,,,,,,,,,,,,,,,,,,,,,,,,,,,,,,Ecotoxicological Information#Aquatic Toxicity,ECOTOX,,"Characteristics of 3,5,3'-Triiodothyronine (T3)-Uptake System of Tadpole Red Blood Cells: Effect of Endocrine-Disrupting Chemicals on Cellular T3 Response",LOEC,,True,No qualifier,Equal,J. Endocrinol.183(3): 627-637,,,,,,,,Rana catesbeiana,Decreasing,"Shimada,N., and K. Yamauchi",Physiology,2225271,2474293,Formulation,Culture,Triiodothyronine uptake,,Carrier or solvent,08/20/2019,A,,In Vitro,08/21/2019,Erythrocyte,Lab,09/12/2019,Wild,2004,Reviewer assigned endpoint,Significant at all concentrations,P,Not intact,"4 REPLICATES, UPTAKE WAS INITIATED BY MIXING THE RBC SUSPENSION WITH [125I]T3 SOLUTION AT THE SAME TEMPERATURE, ADJUSTING THE FINAL CONCENTRATION OF [125I]T3 TO 0?1 NM IN THE PRESENCE OR ABSENCE OF 5 UM UNLABELED T3",LEIBOVITZ?S L-15 MEDIUM,Unmeasured,,Dicyclohexyl phthalate,,,,"SOURCE/FROM PONDS IN SAITAMA PREFECTURE AND SHIZUOKA PREFECTURE, JAPAN//MEDIA/LEIBOVITZ?S L-15 MEDIUM//",,,,,,,,,,,,,,,,2,None,,,,,,,,2,min,Time,2,min,Time,23,°C,Temperature,,,0.001,<,None,,,,,,,,,ONLY CONC TESTED,CONC1/ONLY CONC TESTED//,"FROM PONDS IN SAITAMA PREFECTURE AND SHIZUOKA PREFECTURE, JAPAN",,,,,1,Dosed x time(s) per study period,Unknown,,,,,"RED BLOOD CELLS, 1E+6 CELLS/ML",,,,,,,,,,,,,,,,,,,,,,,,,,,,,,,,,,,,,,,,,,,,,,,,,,,,,,,,,,,,,,,,,,,,,,,,,,,,,,,,,,,,,,,,,,,,,,,,,,2,min,Time,2.6432515199999984,,mg/L,Mass concentration,,,8,,µM,Molar concentration,,
84-61-7,"1,2-Benzenedicarboxylic acid, 1,2-dicyclohexyl ester;1,2-Benzenedicarboxylic acid, dicyclohexyl ester;1,2-dicyclohexyl benzene-1,2-dicarboxylate;dicyclohexyl benzene-1,2-dicarboxylate;Dicyclohexyl phthalate;dicyclohexyl phthalate (1,2-benzenedicarboxylic acid, dicyclohexyl ester);Dicyclohexyl phthalate [DCHP];Dicyclohexyl_Phthalate;Phthalic acid, dicyclohexyl ester",,,,,,,,,,,,,,,,,,,,,,,,,,,,,,,,,,,,,,,,,,,,,,,,,,,,,,,,,,,,,,,,,,,,,,,,,,,,,,,,,,,,,,,,,,,,,,,,,,,,,,,,,,,,,,,,,,,,,,,,,,,,,,,,Ecotoxicological Information#Aquatic Toxicity,ECOTOX,,"Effects and Toxicity of Phthalate Esters to Hemocytes of Giant Freshwater Prawn, Macrobrachium rosenbergii",NOEC,,True,No qualifier,Equal,Aquat. Toxicol.64:25-37,,,,,,,,Macrobrachium rosenbergii,Increasing,"Sung,H.H., W.Y. Kao, and Y.J. Su",Physiology,2224212,2469157,Formulation,Culture,Superoxide generation,,Carrier or solvent,07/28/2019,A,,Aquatic - not reported,07/28/2019,Hemocyte,Lab,09/12/2019,Laboratory,2003,Reviewer assigned endpoint,Not significant at all concentrations,P,Not intact,"3 REPLICATES, NBT ASSAY",M-199 MEDIUM,Unmeasured,,Dicyclohexyl phthalate,,,,SOURCE/LOCAL PRAWN FARM//MEDIA/M-199 MEDIUM//,Animalia (animals),Bilateria,Arthropoda (arthropods),Crustacea (crustaceans),,Malacostraca,"Decapoda (crabs,crayfishes,lobsters,prawns,shrimp)",Palaemonidae,Macrobrachium,Protostomia,,,,,,2,None,,,,,,,,10,min,Time,10,min,Time,25,°C,Temperature,,,0.05,<,None,,Eumalacostraca,Pleocyemata,Caridea,Ecdysozoa,Eucarida,Palaemoninae,,ONLY CONC TESTED,CONC1/ONLY CONC TESTED//,LOCAL PRAWN FARM,Palaemonoidea,,,,1,Dosed x time(s) per study period,Unknown,,,,,"HEMOCYTES, 1000000 CELLS/ML",,,,,,,,,,,,,,,,,,,,,,,,,,,,,,,,,,,,,,,,,,,,,,,,,,,,,,,,,,,,,,,,,,,,,,,,,,,,,,,,,,,,,,,,,,,,,,,,,,10,min,Time,100,,mg/L,Mass concentration,,,100,,µg/mL,Mass concentration,,
84-61-7,"1,2-Benzenedicarboxylic acid, 1,2-dicyclohexyl ester;1,2-Benzenedicarboxylic acid, dicyclohexyl ester;1,2-dicyclohexyl benzene-1,2-dicarboxylate;dicyclohexyl benzene-1,2-dicarboxylate;Dicyclohexyl phthalate;dicyclohexyl phthalate (1,2-benzenedicarboxylic acid, dicyclohexyl ester);Dicyclohexyl phthalate [DCHP];Dicyclohexyl_Phthalate;Phthalic acid, dicyclohexyl ester",,,,,,,,,,,,,,,,,,,,,,,,,,,,,,,,,,,,,,,,,,,,,,,,,,,,,,,,,,,,,,,,,,,,,,,,,,,,,,,,,,,,,,,,,,,,,,,,,,,,,,,,,,,,,,,,,,,,,,,,,,,,,,,,Ecotoxicological Information#Terrestrial Toxicity,ECOTOX,,The Effect of Endocrine Disrupting Chemicals on Thyroid Hormone Binding to Japanese Quail Transthyretin and Thyroid Hormone Receptor,,,True,No qualifier,Equal,Gen. Comp. Endocrinol.134(1): 36-43,,,,,,,,Coturnix japonica,Increasing,"Ishihara,A., N. Nishiyama, S.I. Sugiyama, and K. Yamauchi",Physiology,2233835,2498278,Active ingredient,Culture,Thyroid hormone binding ratio,,Carrier or solvent,11/21/2019,T,,In Vitro,11/22/2019,Serum,Lab,12/12/2019,Laboratory,2003,,,,Not intact,INCUBATED WITH 0.1 NM 125 LABELED T3.,"PURIFIED TTR IN TRIS-HCL, NACL, AND CACAL2",Unmeasured,,Dicyclohexyl phthalate,,,,SOURCE/OBTAINED FROM A LOCAL ABATTOIR IN SHIZUOKA//,Animalia (animals),Bilateria,Chordata (chordates),Vertebrata (vertebrates),Tetrapoda,Aves (Birds),"Galliformes (Fowls,Gallinaceous Birds)","Phasianidae (Partridges,Turkeys,Grouse,Pheasants,Quail)",Coturnix (Asian Quails),Deuterostomia,Gnathostomata,,,,,2,None,99,>,None,,,,,1,h,Time,1,h,Time,4,°C,Temperature,,,,,,,,,,,,"Perdicinae (Partridges,Francolins)",,ONLY CONC TESTED,CONC1/ONLY CONC TESTED//,OBTAINED FROM A LOCAL ABATTOIR IN SHIZUOKA,,,,,1,Dosed x time(s) per study period,Unknown,,,,,PURIFIED TRANSTHYRETIN,,,,,,,,,,,,,,,,,"PURIFIED TTR IN TRIS-HCL, NACL, AND CACAL2",,,,,,,,,,,,,,,,,,,,,,,,,,,,,,,,,,,,,,,,,,,,,,,,,,,,,,,,,,,,,,,,,,,,,,,,,,,,,,,,,1,h,Time,2.6432515199999984,,mg/L,Mass concentration,,,8,,µM,Molar concentration,,
84-61-7,"1,2-Benzenedicarboxylic acid, 1,2-dicyclohexyl ester;1,2-Benzenedicarboxylic acid, dicyclohexyl ester;1,2-dicyclohexyl benzene-1,2-dicarboxylate;dicyclohexyl benzene-1,2-dicarboxylate;Dicyclohexyl phthalate;dicyclohexyl phthalate (1,2-benzenedicarboxylic acid, dicyclohexyl ester);Dicyclohexyl phthalate [DCHP];Dicyclohexyl_Phthalate;Phthalic acid, dicyclohexyl ester",,,,,,,,,,,,,,,,,,,,,,,,,,,,,,,,,,,,,,,,,,,,,,,,,,,,,,,,,,,,,,,,,,,,,,,,,,,,,,,,,,,,,,,,,,,,,,,,,,,,,,,,,,,,,,,,,,,,,,,,,,,,,,,,Ecotoxicological Information#Terrestrial Toxicity,ECOTOX,,The Effect of Endocrine Disrupting Chemicals on Thyroid Hormone Binding to Japanese Quail Transthyretin and Thyroid Hormone Receptor,,,True,No qualifier,Equal,Gen. Comp. Endocrinol.134(1): 36-43,,,,,,,,Coturnix japonica,Increasing,"Ishihara,A., N. Nishiyama, S.I. Sugiyama, and K. Yamauchi",Physiology,2233928,2498469,Active ingredient,Culture,Thyroid hormone binding ratio,,Carrier or solvent,11/22/2019,T,,In Vitro,11/22/2019,Serum,Lab,12/12/2019,Laboratory,2003,,,,Not intact,INCUBATED WITH 0.1 NM 125 LABELED T3.,"GST-TR LBD INCUBATED WITH TRIS-HCL, EDTA, DITHIOTHREITOL, AND GLYCEROL",Unmeasured,,Dicyclohexyl phthalate,,,,SOURCE/OBTAINED FROM A LOCAL ABATTOIR IN SHIZUOKA//,Animalia (animals),Bilateria,Chordata (chordates),Vertebrata (vertebrates),Tetrapoda,Aves (Birds),"Galliformes (Fowls,Gallinaceous Birds)","Phasianidae (Partridges,Turkeys,Grouse,Pheasants,Quail)",Coturnix (Asian Quails),Deuterostomia,Gnathostomata,,,,,2,None,99,>,None,,,,,1.5,h,Time,1.5,h,Time,4,°C,Temperature,,,,,,,,,,,,"Perdicinae (Partridges,Francolins)",,ONLY CONC TESTED,CONC1/ONLY CONC TESTED//,OBTAINED FROM A LOCAL ABATTOIR IN SHIZUOKA,,,,,1,Dosed x time(s) per study period,Unknown,,,,,LIGAND-BINDING DOMAIN OF THYROID HORMONE RECEPTOR BETA,,,,,,,,,,,,,,,,,"GST-TR LBD INCUBATED WITH TRIS-HCL, EDTA, DITHIOTHREITOL, AND GLYCEROL",,,,,,,,,,,,,,,,,,,,,,,,,,,,,,,,,,,,,,,,,,,,,,,,,,,,,,,,,,,,,,,,,,,,,,,,,,,,,,,,,1.5,h,Time,2.6432515199999984,,mg/L,Mass concentration,,,8,,µM,Molar concentration,,
84-61-7,"1,2-Benzenedicarboxylic acid, 1,2-dicyclohexyl ester;1,2-Benzenedicarboxylic acid, dicyclohexyl ester;1,2-dicyclohexyl benzene-1,2-dicarboxylate;dicyclohexyl benzene-1,2-dicarboxylate;Dicyclohexyl phthalate;dicyclohexyl phthalate (1,2-benzenedicarboxylic acid, dicyclohexyl ester);Dicyclohexyl phthalate [DCHP];Dicyclohexyl_Phthalate;Phthalic acid, dicyclohexyl ester",,,,,,,,,,,,,,,,,,,,,,,,,,,,,,,,,,,,,,,,,,,,,,,,,,,,,,,,,,,,,,,,,,,,,,,,,,,,,,,,,,,,,,,,,,,,,,,,,,,,,,,,,,,,,,,,,,,,,,,,,,,,,,,,Human Health Hazards#Acute Toxicity,Acute Oral toxicity DB,2012,,LD50,,False,No qualifier,Equal,http://chem.sis.nlm.nih.gov/chemidplus/rn/84-61-7,,,,,,,,Rat,,,,,,,,,,,,,,,,,,,,,,,,,,,,,,,,,,,,,,,,,,,,,,,,,,,,,,,,,,,,,,,,,,,,,,,,,,,,,,,,,,,,,,,,,,,,,,,,,,,,,,,,,,,,,,,,,Oral (Gavage),in Vivo,,,,,,,,,,,,,,,,,,,,,,,,,,,,,,,,,,,,,,,,,,,,,,,,,,,,,,,,,,,,,,,,,,,,,,,,,,,,,,24,h,Time,34438.83980197547,,mg/kg,Mass fraction,,,0.10423174500465393,,mol/kg,Molality,,
84-61-7,"1,2-Benzenedicarboxylic acid, 1,2-dicyclohexyl ester;1,2-Benzenedicarboxylic acid, dicyclohexyl ester;1,2-dicyclohexyl benzene-1,2-dicarboxylate;dicyclohexyl benzene-1,2-dicarboxylate;Dicyclohexyl phthalate;dicyclohexyl phthalate (1,2-benzenedicarboxylic acid, dicyclohexyl ester);Dicyclohexyl phthalate [DCHP];Dicyclohexyl_Phthalate;Phthalic acid, dicyclohexyl ester",,,,,,,,,,,,,,,,,,,,,,,,,,,,,,,,,,,,,,,,,,,,,,,,,,,,,,,,,,,,,,,,,,,,,,,,,,,,,,,,,,,,,,,,,,,,,,,,,,,,,,,,,,,,,,,,,,,,,,,,,,,,,,,,Human Health Hazards#Genetic Toxicity,Genotoxicity OASIS,,,Gene mutation,,False,Categorical data,Equal,"ECHA, Registration dossier",,,,"Last visited: December, 2019",Bacterial Reverse Mutation Assay (e.g. Ames Test),,31060,E. coli WP2 uvrA,,,,,,,,,,,,,,,,,,,,,,,,,,,,,,,,,,,,,,,,,,,,,,,,,,,,,,,,,,,,,,,,,,,,,,,,,,,,,,,,,,,,,,,,,,,,,,,,,,,,,,,,,,,,,,,,E. Coli WP2 UvrA,,in Vitro,With S9,Gene Mutation,,,,,,,,,,,,,,,,,,,,,,,,,,,,,,,,,,,,,,,,,,,,,,,,,,,,,,,,,,,,,,,,,,,,,,,,,,,,,,,Negative,,,Gene mutation I,,,Negative,,,Gene mutation I,,
84-61-7,"1,2-Benzenedicarboxylic acid, 1,2-dicyclohexyl ester;1,2-Benzenedicarboxylic acid, dicyclohexyl ester;1,2-dicyclohexyl benzene-1,2-dicarboxylate;dicyclohexyl benzene-1,2-dicarboxylate;Dicyclohexyl phthalate;dicyclohexyl phthalate (1,2-benzenedicarboxylic acid, dicyclohexyl ester);Dicyclohexyl phthalate [DCHP];Dicyclohexyl_Phthalate;Phthalic acid, dicyclohexyl ester",,,,,,,,,,,,,,,,,,,,,,,,,,,,,,,,,,,,,,,,,,,,,,,,,,,,,,,,,,,,,,,,,,,,,,,,,,,,,,,,,,,,,,,,,,,,,,,,,,,,,,,,,,,,,,,,,,,,,,,,,,,,,,,,Human Health Hazards#Genetic Toxicity,Genotoxicity OASIS,,,Gene mutation,,False,Categorical data,Equal,"ECHA, Registration dossier",,,,"Last visited: December, 2019",Bacterial Reverse Mutation Assay (e.g. Ames Test),,31059,E. coli WP2 uvrA,,,,,,,,,,,,,,,,,,,,,,,,,,,,,,,,,,,,,,,,,,,,,,,,,,,,,,,,,,,,,,,,,,,,,,,,,,,,,,,,,,,,,,,,,,,,,,,,,,,,,,,,,,,,,,,,E. Coli WP2 UvrA,,in Vitro,Without S9,Gene Mutation,,,,,,,,,,,,,,,,,,,,,,,,,,,,,,,,,,,,,,,,,,,,,,,,,,,,,,,,,,,,,,,,,,,,,,,,,,,,,,,Negative,,,Gene mutation I,,,Negative,,,Gene mutation I,,
84-61-7,"1,2-Benzenedicarboxylic acid, 1,2-dicyclohexyl ester;1,2-Benzenedicarboxylic acid, dicyclohexyl ester;1,2-dicyclohexyl benzene-1,2-dicarboxylate;dicyclohexyl benzene-1,2-dicarboxylate;Dicyclohexyl phthalate;dicyclohexyl phthalate (1,2-benzenedicarboxylic acid, dicyclohexyl ester);Dicyclohexyl phthalate [DCHP];Dicyclohexyl_Phthalate;Phthalic acid, dicyclohexyl ester",,,,,,,,,,,,,,,,,,,,,,,,,,,,,,,,,,,,,,,,,,,,,,,,,,,,,,,,,,,,,,,,,,,,,,,,,,,,,,,,,,,,,,,,,,,,,,,,,,,,,,,,,,,,,,,,,,,,,,,,,,,,,,,,Human Health Hazards#Genetic Toxicity,Genotoxicity OASIS,,,Gene mutation,,False,Categorical data,Equal,"Journal of Medicinal Chemistry 48 (1), pp. 312-32, 25",,,,,Bacterial Reverse Mutation Assay (e.g. Ames Test),,4388,Salmonella typhimurium,,"Kazius J, McGuire R., Bursi R",,,,,,,,,,,,,,,,,,,,,,,,,,,,,,,,,,,,,,,,,,,,,,,,,,,,,,,,,,,,,,,,,,,,,,,,,,,,,,,,,,,,,,,,,,,,,,,,,,,,,,,,,,,,,,No Strain Information,,in Vitro,No S9 Info,Gene Mutation,,,,,,,,,,,,,,,,,,,,,,,,,,,,,,,,,,,,,,,,,,,,,,,,,,,,,,,,,,,,,,,,,,,,,,,,,,,,,,,Negative,,,Gene mutation I,,,Negative,,,Gene mutation I,,
84-61-7,"1,2-Benzenedicarboxylic acid, 1,2-dicyclohexyl ester;1,2-Benzenedicarboxylic acid, dicyclohexyl ester;1,2-dicyclohexyl benzene-1,2-dicarboxylate;dicyclohexyl benzene-1,2-dicarboxylate;Dicyclohexyl phthalate;dicyclohexyl phthalate (1,2-benzenedicarboxylic acid, dicyclohexyl ester);Dicyclohexyl phthalate [DCHP];Dicyclohexyl_Phthalate;Phthalic acid, dicyclohexyl ester",,,,,,,,,,,,,,,,,,,,,,,,,,,,,,,,,,,,,,,,,,,,,,,,,,,,,,,,,,,,,,,,,,,,,,,,,,,,,,,,,,,,,,,,,,,,,,,,,,,,,,,,,,,,,,,,,,,,,,,,,,,,,,,,Human Health Hazards#Genetic Toxicity,Genotoxicity OASIS,,,Gene mutation,,False,Categorical data,Equal,,,,,,Bacterial Reverse Mutation Assay (e.g. Ames Test),,4385,Salmonella typhimurium,,P&G,,,,,,,,,,,,,,,,,,,,,,,,,,,,,,,,,,,,,,,,,,,,,,,,,,,,,,,,,,,,,,,,,,,,,,,,,,,,,,,,,,,,,,,,,,,,,,,,,,,,,,,,,,,,,,TA 100,,in Vitro,With S9,Gene Mutation,rat,,,,,,,,,,,,,,,,,,,,,,,,,,,,,,,,,,,,,,,,,,,,,,,,,,,,,,,,,,,,,,,,,,,,,,,,,,,,,,Negative,,,Gene mutation I,,,Negative,,,Gene mutation I,,
84-61-7,"1,2-Benzenedicarboxylic acid, 1,2-dicyclohexyl ester;1,2-Benzenedicarboxylic acid, dicyclohexyl ester;1,2-dicyclohexyl benzene-1,2-dicarboxylate;dicyclohexyl benzene-1,2-dicarboxylate;Dicyclohexyl phthalate;dicyclohexyl phthalate (1,2-benzenedicarboxylic acid, dicyclohexyl ester);Dicyclohexyl phthalate [DCHP];Dicyclohexyl_Phthalate;Phthalic acid, dicyclohexyl ester",,,,,,,,,,,,,,,,,,,,,,,,,,,,,,,,,,,,,,,,,,,,,,,,,,,,,,,,,,,,,,,,,,,,,,,,,,,,,,,,,,,,,,,,,,,,,,,,,,,,,,,,,,,,,,,,,,,,,,,,,,,,,,,,Human Health Hazards#Genetic Toxicity,Bacterial mutagenicity ISSSTY,02.5.2011,,Gene mutation,,False,Categorical data,Equal,"CCRIS database,Toxnet databases",,,,,Bacterial Reverse Mutation Assay (e.g. Ames Test),,3665,Salmonella typhimurium,,Romualdo Benigni,,,,,,,,,,,,,,,,,,,,,,,,,,,,,,,,,,,,,,,,,,,,,,,,,,,,,,,,,,,,,,,,,,,,,,,,,,,,,,,,,,,,,,,,,,,,,,,,,,,,,,,,,,,,,,TA 100,,in Vitro,With S9,Gene Mutation,,Negative,1644,,,,,,,,,,,,,,,,,,,,,,,,,,,,,,,,,,,,,,,,,,,,,,,,,,,,,,,,,,,,,,,,,,,,,,,,,,,,Negative,,,Gene mutation I,,,Negative,,,Gene mutation I,,
84-61-7,"1,2-Benzenedicarboxylic acid, 1,2-dicyclohexyl ester;1,2-Benzenedicarboxylic acid, dicyclohexyl ester;1,2-dicyclohexyl benzene-1,2-dicarboxylate;dicyclohexyl benzene-1,2-dicarboxylate;Dicyclohexyl phthalate;dicyclohexyl phthalate (1,2-benzenedicarboxylic acid, dicyclohexyl ester);Dicyclohexyl phthalate [DCHP];Dicyclohexyl_Phthalate;Phthalic acid, dicyclohexyl ester",,,,,,,,,,,,,,,,,,,,,,,,,,,,,,,,,,,,,,,,,,,,,,,,,,,,,,,,,,,,,,,,,,,,,,,,,,,,,,,,,,,,,,,,,,,,,,,,,,,,,,,,,,,,,,,,,,,,,,,,,,,,,,,,Human Health Hazards#Genetic Toxicity,Genotoxicity OASIS,,,Gene mutation,,False,Categorical data,Equal,,,,,,Bacterial Reverse Mutation Assay (e.g. Ames Test),,4386,Salmonella typhimurium,,P&G,,,,,,,,,,,,,,,,,,,,,,,,,,,,,,,,,,,,,,,,,,,,,,,,,,,,,,,,,,,,,,,,,,,,,,,,,,,,,,,,,,,,,,,,,,,,,,,,,,,,,,,,,,,,,,TA 1535,,in Vitro,With S9,Gene Mutation,rat,,,,,,,,,,,,,,,,,,,,,,,,,,,,,,,,,,,,,,,,,,,,,,,,,,,,,,,,,,,,,,,,,,,,,,,,,,,,,,Negative,,,Gene mutation I,,,Negative,,,Gene mutation I,,
84-61-7,"1,2-Benzenedicarboxylic acid, 1,2-dicyclohexyl ester;1,2-Benzenedicarboxylic acid, dicyclohexyl ester;1,2-dicyclohexyl benzene-1,2-dicarboxylate;dicyclohexyl benzene-1,2-dicarboxylate;Dicyclohexyl phthalate;dicyclohexyl phthalate (1,2-benzenedicarboxylic acid, dicyclohexyl ester);Dicyclohexyl phthalate [DCHP];Dicyclohexyl_Phthalate;Phthalic acid, dicyclohexyl ester",,,,,,,,,,,,,,,,,,,,,,,,,,,,,,,,,,,,,,,,,,,,,,,,,,,,,,,,,,,,,,,,,,,,,,,,,,,,,,,,,,,,,,,,,,,,,,,,,,,,,,,,,,,,,,,,,,,,,,,,,,,,,,,,Human Health Hazards#Genetic Toxicity,Bacterial mutagenicity ISSSTY,02.5.2011,,Gene mutation,,False,Categorical data,Equal,"CCRIS database,Toxnet databases",,,,,Bacterial Reverse Mutation Assay (e.g. Ames Test),,3666,Salmonella typhimurium,,Romualdo Benigni,,,,,,,,,,,,,,,,,,,,,,,,,,,,,,,,,,,,,,,,,,,,,,,,,,,,,,,,,,,,,,,,,,,,,,,,,,,,,,,,,,,,,,,,,,,,,,,,,,,,,,,,,,,,,,TA 1535,,in Vitro,With S9,Gene Mutation,,Negative,1644,,,,,,,,,,,,,,,,,,,,,,,,,,,,,,,,,,,,,,,,,,,,,,,,,,,,,,,,,,,,,,,,,,,,,,,,,,,,Negative,,,Gene mutation I,,,Negative,,,Gene mutation I,,
84-61-7,"1,2-Benzenedicarboxylic acid, 1,2-dicyclohexyl ester;1,2-Benzenedicarboxylic acid, dicyclohexyl ester;1,2-dicyclohexyl benzene-1,2-dicarboxylate;dicyclohexyl benzene-1,2-dicarboxylate;Dicyclohexyl phthalate;dicyclohexyl phthalate (1,2-benzenedicarboxylic acid, dicyclohexyl ester);Dicyclohexyl phthalate [DCHP];Dicyclohexyl_Phthalate;Phthalic acid, dicyclohexyl ester",,,,,,,,,,,,,,,,,,,,,,,,,,,,,,,,,,,,,,,,,,,,,,,,,,,,,,,,,,,,,,,,,,,,,,,,,,,,,,,,,,,,,,,,,,,,,,,,,,,,,,,,,,,,,,,,,,,,,,,,,,,,,,,,Human Health Hazards#Genetic Toxicity,Genotoxicity OASIS,,,Gene mutation,,False,Categorical data,Equal,,,,,,Bacterial Reverse Mutation Assay (e.g. Ames Test),,4387,Salmonella typhimurium,,P&G,,,,,,,,,,,,,,,,,,,,,,,,,,,,,,,,,,,,,,,,,,,,,,,,,,,,,,,,,,,,,,,,,,,,,,,,,,,,,,,,,,,,,,,,,,,,,,,,,,,,,,,,,,,,,,TA 1537,,in Vitro,With S9,Gene Mutation,rat,,,,,,,,,,,,,,,,,,,,,,,,,,,,,,,,,,,,,,,,,,,,,,,,,,,,,,,,,,,,,,,,,,,,,,,,,,,,,,Negative,,,Gene mutation I,,,Negative,,,Gene mutation I,,
84-61-7,"1,2-Benzenedicarboxylic acid, 1,2-dicyclohexyl ester;1,2-Benzenedicarboxylic acid, dicyclohexyl ester;1,2-dicyclohexyl benzene-1,2-dicarboxylate;dicyclohexyl benzene-1,2-dicarboxylate;Dicyclohexyl phthalate;dicyclohexyl phthalate (1,2-benzenedicarboxylic acid, dicyclohexyl ester);Dicyclohexyl phthalate [DCHP];Dicyclohexyl_Phthalate;Phthalic acid, dicyclohexyl ester",,,,,,,,,,,,,,,,,,,,,,,,,,,,,,,,,,,,,,,,,,,,,,,,,,,,,,,,,,,,,,,,,,,,,,,,,,,,,,,,,,,,,,,,,,,,,,,,,,,,,,,,,,,,,,,,,,,,,,,,,,,,,,,,Human Health Hazards#Genetic Toxicity,Bacterial mutagenicity ISSSTY,02.5.2011,,Gene mutation,,False,Categorical data,Equal,"CCRIS database,Toxnet databases",,,,,Bacterial Reverse Mutation Assay (e.g. Ames Test),,3667,Salmonella typhimurium,,Romualdo Benigni,,,,,,,,,,,,,,,,,,,,,,,,,,,,,,,,,,,,,,,,,,,,,,,,,,,,,,,,,,,,,,,,,,,,,,,,,,,,,,,,,,,,,,,,,,,,,,,,,,,,,,,,,,,,,,TA 1537,,in Vitro,With S9,Gene Mutation,,Negative,1644,,,,,,,,,,,,,,,,,,,,,,,,,,,,,,,,,,,,,,,,,,,,,,,,,,,,,,,,,,,,,,,,,,,,,,,,,,,,Negative,,,Gene mutation I,,,Negative,,,Gene mutation I,,
84-61-7,"1,2-Benzenedicarboxylic acid, 1,2-dicyclohexyl ester;1,2-Benzenedicarboxylic acid, dicyclohexyl ester;1,2-dicyclohexyl benzene-1,2-dicarboxylate;dicyclohexyl benzene-1,2-dicarboxylate;Dicyclohexyl phthalate;dicyclohexyl phthalate (1,2-benzenedicarboxylic acid, dicyclohexyl ester);Dicyclohexyl phthalate [DCHP];Dicyclohexyl_Phthalate;Phthalic acid, dicyclohexyl ester",,,,,,,,,,,,,,,,,,,,,,,,,,,,,,,,,,,,,,,,,,,,,,,,,,,,,,,,,,,,,,,,,,,,,,,,,,,,,,,,,,,,,,,,,,,,,,,,,,,,,,,,,,,,,,,,,,,,,,,,,,,,,,,,Human Health Hazards#Genetic Toxicity,Genotoxicity OASIS,,,Gene mutation,,False,Categorical data,Equal,,,,,,Bacterial Reverse Mutation Assay (e.g. Ames Test),,4389,Salmonella typhimurium,,P&G,,,,,,,,,,,,,,,,,,,,,,,,,,,,,,,,,,,,,,,,,,,,,,,,,,,,,,,,,,,,,,,,,,,,,,,,,,,,,,,,,,,,,,,,,,,,,,,,,,,,,,,,,,,,,,TA 1538,,in Vitro,With S9,Gene Mutation,rat,,,,,,,,,,,,,,,,,,,,,,,,,,,,,,,,,,,,,,,,,,,,,,,,,,,,,,,,,,,,,,,,,,,,,,,,,,,,,,Negative,,,Gene mutation I,,,Negative,,,Gene mutation I,,
84-61-7,"1,2-Benzenedicarboxylic acid, 1,2-dicyclohexyl ester;1,2-Benzenedicarboxylic acid, dicyclohexyl ester;1,2-dicyclohexyl benzene-1,2-dicarboxylate;dicyclohexyl benzene-1,2-dicarboxylate;Dicyclohexyl phthalate;dicyclohexyl phthalate (1,2-benzenedicarboxylic acid, dicyclohexyl ester);Dicyclohexyl phthalate [DCHP];Dicyclohexyl_Phthalate;Phthalic acid, dicyclohexyl ester",,,,,,,,,,,,,,,,,,,,,,,,,,,,,,,,,,,,,,,,,,,,,,,,,,,,,,,,,,,,,,,,,,,,,,,,,,,,,,,,,,,,,,,,,,,,,,,,,,,,,,,,,,,,,,,,,,,,,,,,,,,,,,,,Human Health Hazards#Genetic Toxicity,Genotoxicity OASIS,,,Gene mutation,,False,Categorical data,Equal,,,,,,Bacterial Reverse Mutation Assay (e.g. Ames Test),,4396,Salmonella typhimurium,,P&G,,,,,,,,,,,,,,,,,,,,,,,,,,,,,,,,,,,,,,,,,,,,,,,,,,,,,,,,,,,,,,,,,,,,,,,,,,,,,,,,,,,,,,,,,,,,,,,,,,,,,,,,,,,,,,TA 97,,in Vitro,With S9,Gene Mutation,rat,,,,,,,,,,,,,,,,,,,,,,,,,,,,,,,,,,,,,,,,,,,,,,,,,,,,,,,,,,,,,,,,,,,,,,,,,,,,,,Negative,,,Gene mutation I,,,Negative,,,Gene mutation I,,
84-61-7,"1,2-Benzenedicarboxylic acid, 1,2-dicyclohexyl ester;1,2-Benzenedicarboxylic acid, dicyclohexyl ester;1,2-dicyclohexyl benzene-1,2-dicarboxylate;dicyclohexyl benzene-1,2-dicarboxylate;Dicyclohexyl phthalate;dicyclohexyl phthalate (1,2-benzenedicarboxylic acid, dicyclohexyl ester);Dicyclohexyl phthalate [DCHP];Dicyclohexyl_Phthalate;Phthalic acid, dicyclohexyl ester",,,,,,,,,,,,,,,,,,,,,,,,,,,,,,,,,,,,,,,,,,,,,,,,,,,,,,,,,,,,,,,,,,,,,,,,,,,,,,,,,,,,,,,,,,,,,,,,,,,,,,,,,,,,,,,,,,,,,,,,,,,,,,,,Human Health Hazards#Genetic Toxicity,Genotoxicity OASIS,,,Gene mutation,,False,Categorical data,Equal,,,,,,Bacterial Reverse Mutation Assay (e.g. Ames Test),,4384,Salmonella typhimurium,,P&G,,,,,,,,,,,,,,,,,,,,,,,,,,,,,,,,,,,,,,,,,,,,,,,,,,,,,,,,,,,,,,,,,,,,,,,,,,,,,,,,,,,,,,,,,,,,,,,,,,,,,,,,,,,,,,TA 98,,in Vitro,With S9,Gene Mutation,rat,,,,,,,,,,,,,,,,,,,,,,,,,,,,,,,,,,,,,,,,,,,,,,,,,,,,,,,,,,,,,,,,,,,,,,,,,,,,,,Negative,,,Gene mutation I,,,Negative,,,Gene mutation I,,
84-61-7,"1,2-Benzenedicarboxylic acid, 1,2-dicyclohexyl ester;1,2-Benzenedicarboxylic acid, dicyclohexyl ester;1,2-dicyclohexyl benzene-1,2-dicarboxylate;dicyclohexyl benzene-1,2-dicarboxylate;Dicyclohexyl phthalate;dicyclohexyl phthalate (1,2-benzenedicarboxylic acid, dicyclohexyl ester);Dicyclohexyl phthalate [DCHP];Dicyclohexyl_Phthalate;Phthalic acid, dicyclohexyl ester",,,,,,,,,,,,,,,,,,,,,,,,,,,,,,,,,,,,,,,,,,,,,,,,,,,,,,,,,,,,,,,,,,,,,,,,,,,,,,,,,,,,,,,,,,,,,,,,,,,,,,,,,,,,,,,,,,,,,,,,,,,,,,,,Human Health Hazards#Genetic Toxicity,Bacterial mutagenicity ISSSTY,02.5.2011,,Gene mutation,,False,Categorical data,Equal,"CCRIS database,Toxnet databases",,,,,Bacterial Reverse Mutation Assay (e.g. Ames Test),,3668,Salmonella typhimurium,,Romualdo Benigni,,,,,,,,,,,,,,,,,,,,,,,,,,,,,,,,,,,,,,,,,,,,,,,,,,,,,,,,,,,,,,,,,,,,,,,,,,,,,,,,,,,,,,,,,,,,,,,,,,,,,,,,,,,,,,TA 98,,in Vitro,With S9,Gene Mutation,,Negative,1644,,,,,,,,,,,,,,,,,,,,,,,,,,,,,,,,,,,,,,,,,,,,,,,,,,,,,,,,,,,,,,,,,,,,,,,,,,,,Negative,,,Gene mutation I,,,Negative,,,Gene mutation I,,
84-61-7,"1,2-Benzenedicarboxylic acid, 1,2-dicyclohexyl ester;1,2-Benzenedicarboxylic acid, dicyclohexyl ester;1,2-dicyclohexyl benzene-1,2-dicarboxylate;dicyclohexyl benzene-1,2-dicarboxylate;Dicyclohexyl phthalate;dicyclohexyl phthalate (1,2-benzenedicarboxylic acid, dicyclohexyl ester);Dicyclohexyl phthalate [DCHP];Dicyclohexyl_Phthalate;Phthalic acid, dicyclohexyl ester",,,,,,,,,,,,,,,,,,,,,,,,,,,,,,,,,,,,,,,,,,,,,,,,,,,,,,,,,,,,,,,,,,,,,,,,,,,,,,,,,,,,,,,,,,,,,,,,,,,,,,,,,,,,,,,,,,,,,,,,,,,,,,,,Human Health Hazards#Genetic Toxicity,Genotoxicity OASIS,,,Gene mutation,,False,Categorical data,Equal,,,,,,Bacterial Reverse Mutation Assay (e.g. Ames Test),,4392,Salmonella typhimurium,,P&G,,,,,,,,,,,,,,,,,,,,,,,,,,,,,,,,,,,,,,,,,,,,,,,,,,,,,,,,,,,,,,,,,,,,,,,,,,,,,,,,,,,,,,,,,,,,,,,,,,,,,,,,,,,,,,TA 100,,in Vitro,Without S9,Gene Mutation,,,,,,,,,,,,,,,,,,,,,,,,,,,,,,,,,,,,,,,,,,,,,,,,,,,,,,,,,,,,,,,,,,,,,,,,,,,,,,,Negative,,,Gene mutation I,,,Negative,,,Gene mutation I,,
84-61-7,"1,2-Benzenedicarboxylic acid, 1,2-dicyclohexyl ester;1,2-Benzenedicarboxylic acid, dicyclohexyl ester;1,2-dicyclohexyl benzene-1,2-dicarboxylate;dicyclohexyl benzene-1,2-dicarboxylate;Dicyclohexyl phthalate;dicyclohexyl phthalate (1,2-benzenedicarboxylic acid, dicyclohexyl ester);Dicyclohexyl phthalate [DCHP];Dicyclohexyl_Phthalate;Phthalic acid, dicyclohexyl ester",,,,,,,,,,,,,,,,,,,,,,,,,,,,,,,,,,,,,,,,,,,,,,,,,,,,,,,,,,,,,,,,,,,,,,,,,,,,,,,,,,,,,,,,,,,,,,,,,,,,,,,,,,,,,,,,,,,,,,,,,,,,,,,,Human Health Hazards#Genetic Toxicity,Bacterial mutagenicity ISSSTY,02.5.2011,,Gene mutation,,False,Categorical data,Equal,"CCRIS database,Toxnet databases",,,,,Bacterial Reverse Mutation Assay (e.g. Ames Test),,3669,Salmonella typhimurium,,Romualdo Benigni,,,,,,,,,,,,,,,,,,,,,,,,,,,,,,,,,,,,,,,,,,,,,,,,,,,,,,,,,,,,,,,,,,,,,,,,,,,,,,,,,,,,,,,,,,,,,,,,,,,,,,,,,,,,,,TA 100,,in Vitro,Without S9,Gene Mutation,,Negative,1644,,,,,,,,,,,,,,,,,,,,,,,,,,,,,,,,,,,,,,,,,,,,,,,,,,,,,,,,,,,,,,,,,,,,,,,,,,,,Negative,,,Gene mutation I,,,Negative,,,Gene mutation I,,
84-61-7,"1,2-Benzenedicarboxylic acid, 1,2-dicyclohexyl ester;1,2-Benzenedicarboxylic acid, dicyclohexyl ester;1,2-dicyclohexyl benzene-1,2-dicarboxylate;dicyclohexyl benzene-1,2-dicarboxylate;Dicyclohexyl phthalate;dicyclohexyl phthalate (1,2-benzenedicarboxylic acid, dicyclohexyl ester);Dicyclohexyl phthalate [DCHP];Dicyclohexyl_Phthalate;Phthalic acid, dicyclohexyl ester",,,,,,,,,,,,,,,,,,,,,,,,,,,,,,,,,,,,,,,,,,,,,,,,,,,,,,,,,,,,,,,,,,,,,,,,,,,,,,,,,,,,,,,,,,,,,,,,,,,,,,,,,,,,,,,,,,,,,,,,,,,,,,,,Human Health Hazards#Genetic Toxicity,Genotoxicity OASIS,,,Gene mutation,,False,Categorical data,Equal,,,,,,Bacterial Reverse Mutation Assay (e.g. Ames Test),,4393,Salmonella typhimurium,,P&G,,,,,,,,,,,,,,,,,,,,,,,,,,,,,,,,,,,,,,,,,,,,,,,,,,,,,,,,,,,,,,,,,,,,,,,,,,,,,,,,,,,,,,,,,,,,,,,,,,,,,,,,,,,,,,TA 1535,,in Vitro,Without S9,Gene Mutation,,,,,,,,,,,,,,,,,,,,,,,,,,,,,,,,,,,,,,,,,,,,,,,,,,,,,,,,,,,,,,,,,,,,,,,,,,,,,,,Negative,,,Gene mutation I,,,Negative,,,Gene mutation I,,
84-61-7,"1,2-Benzenedicarboxylic acid, 1,2-dicyclohexyl ester;1,2-Benzenedicarboxylic acid, dicyclohexyl ester;1,2-dicyclohexyl benzene-1,2-dicarboxylate;dicyclohexyl benzene-1,2-dicarboxylate;Dicyclohexyl phthalate;dicyclohexyl phthalate (1,2-benzenedicarboxylic acid, dicyclohexyl ester);Dicyclohexyl phthalate [DCHP];Dicyclohexyl_Phthalate;Phthalic acid, dicyclohexyl ester",,,,,,,,,,,,,,,,,,,,,,,,,,,,,,,,,,,,,,,,,,,,,,,,,,,,,,,,,,,,,,,,,,,,,,,,,,,,,,,,,,,,,,,,,,,,,,,,,,,,,,,,,,,,,,,,,,,,,,,,,,,,,,,,Human Health Hazards#Genetic Toxicity,Bacterial mutagenicity ISSSTY,02.5.2011,,Gene mutation,,False,Categorical data,Equal,"CCRIS database,Toxnet databases",,,,,Bacterial Reverse Mutation Assay (e.g. Ames Test),,3670,Salmonella typhimurium,,Romualdo Benigni,,,,,,,,,,,,,,,,,,,,,,,,,,,,,,,,,,,,,,,,,,,,,,,,,,,,,,,,,,,,,,,,,,,,,,,,,,,,,,,,,,,,,,,,,,,,,,,,,,,,,,,,,,,,,,TA 1535,,in Vitro,Without S9,Gene Mutation,,Negative,1644,,,,,,,,,,,,,,,,,,,,,,,,,,,,,,,,,,,,,,,,,,,,,,,,,,,,,,,,,,,,,,,,,,,,,,,,,,,,Negative,,,Gene mutation I,,,Negative,,,Gene mutation I,,
84-61-7,"1,2-Benzenedicarboxylic acid, 1,2-dicyclohexyl ester;1,2-Benzenedicarboxylic acid, dicyclohexyl ester;1,2-dicyclohexyl benzene-1,2-dicarboxylate;dicyclohexyl benzene-1,2-dicarboxylate;Dicyclohexyl phthalate;dicyclohexyl phthalate (1,2-benzenedicarboxylic acid, dicyclohexyl ester);Dicyclohexyl phthalate [DCHP];Dicyclohexyl_Phthalate;Phthalic acid, dicyclohexyl ester",,,,,,,,,,,,,,,,,,,,,,,,,,,,,,,,,,,,,,,,,,,,,,,,,,,,,,,,,,,,,,,,,,,,,,,,,,,,,,,,,,,,,,,,,,,,,,,,,,,,,,,,,,,,,,,,,,,,,,,,,,,,,,,,Human Health Hazards#Genetic Toxicity,Genotoxicity OASIS,,,Gene mutation,,False,Categorical data,Equal,,,,,,Bacterial Reverse Mutation Assay (e.g. Ames Test),,4394,Salmonella typhimurium,,P&G,,,,,,,,,,,,,,,,,,,,,,,,,,,,,,,,,,,,,,,,,,,,,,,,,,,,,,,,,,,,,,,,,,,,,,,,,,,,,,,,,,,,,,,,,,,,,,,,,,,,,,,,,,,,,,TA 1537,,in Vitro,Without S9,Gene Mutation,,,,,,,,,,,,,,,,,,,,,,,,,,,,,,,,,,,,,,,,,,,,,,,,,,,,,,,,,,,,,,,,,,,,,,,,,,,,,,,Negative,,,Gene mutation I,,,Negative,,,Gene mutation I,,
84-61-7,"1,2-Benzenedicarboxylic acid, 1,2-dicyclohexyl ester;1,2-Benzenedicarboxylic acid, dicyclohexyl ester;1,2-dicyclohexyl benzene-1,2-dicarboxylate;dicyclohexyl benzene-1,2-dicarboxylate;Dicyclohexyl phthalate;dicyclohexyl phthalate (1,2-benzenedicarboxylic acid, dicyclohexyl ester);Dicyclohexyl phthalate [DCHP];Dicyclohexyl_Phthalate;Phthalic acid, dicyclohexyl ester",,,,,,,,,,,,,,,,,,,,,,,,,,,,,,,,,,,,,,,,,,,,,,,,,,,,,,,,,,,,,,,,,,,,,,,,,,,,,,,,,,,,,,,,,,,,,,,,,,,,,,,,,,,,,,,,,,,,,,,,,,,,,,,,Human Health Hazards#Genetic Toxicity,Bacterial mutagenicity ISSSTY,02.5.2011,,Gene mutation,,False,Categorical data,Equal,"CCRIS database,Toxnet databases",,,,,Bacterial Reverse Mutation Assay (e.g. Ames Test),,3671,Salmonella typhimurium,,Romualdo Benigni,,,,,,,,,,,,,,,,,,,,,,,,,,,,,,,,,,,,,,,,,,,,,,,,,,,,,,,,,,,,,,,,,,,,,,,,,,,,,,,,,,,,,,,,,,,,,,,,,,,,,,,,,,,,,,TA 1537,,in Vitro,Without S9,Gene Mutation,,Negative,1644,,,,,,,,,,,,,,,,,,,,,,,,,,,,,,,,,,,,,,,,,,,,,,,,,,,,,,,,,,,,,,,,,,,,,,,,,,,,Negative,,,Gene mutation I,,,Negative,,,Gene mutation I,,
84-61-7,"1,2-Benzenedicarboxylic acid, 1,2-dicyclohexyl ester;1,2-Benzenedicarboxylic acid, dicyclohexyl ester;1,2-dicyclohexyl benzene-1,2-dicarboxylate;dicyclohexyl benzene-1,2-dicarboxylate;Dicyclohexyl phthalate;dicyclohexyl phthalate (1,2-benzenedicarboxylic acid, dicyclohexyl ester);Dicyclohexyl phthalate [DCHP];Dicyclohexyl_Phthalate;Phthalic acid, dicyclohexyl ester",,,,,,,,,,,,,,,,,,,,,,,,,,,,,,,,,,,,,,,,,,,,,,,,,,,,,,,,,,,,,,,,,,,,,,,,,,,,,,,,,,,,,,,,,,,,,,,,,,,,,,,,,,,,,,,,,,,,,,,,,,,,,,,,Human Health Hazards#Genetic Toxicity,Genotoxicity OASIS,,,Gene mutation,,False,Categorical data,Equal,,,,,,Bacterial Reverse Mutation Assay (e.g. Ames Test),,4395,Salmonella typhimurium,,P&G,,,,,,,,,,,,,,,,,,,,,,,,,,,,,,,,,,,,,,,,,,,,,,,,,,,,,,,,,,,,,,,,,,,,,,,,,,,,,,,,,,,,,,,,,,,,,,,,,,,,,,,,,,,,,,TA 1538,,in Vitro,Without S9,Gene Mutation,,,,,,,,,,,,,,,,,,,,,,,,,,,,,,,,,,,,,,,,,,,,,,,,,,,,,,,,,,,,,,,,,,,,,,,,,,,,,,,Negative,,,Gene mutation I,,,Negative,,,Gene mutation I,,
84-61-7,"1,2-Benzenedicarboxylic acid, 1,2-dicyclohexyl ester;1,2-Benzenedicarboxylic acid, dicyclohexyl ester;1,2-dicyclohexyl benzene-1,2-dicarboxylate;dicyclohexyl benzene-1,2-dicarboxylate;Dicyclohexyl phthalate;dicyclohexyl phthalate (1,2-benzenedicarboxylic acid, dicyclohexyl ester);Dicyclohexyl phthalate [DCHP];Dicyclohexyl_Phthalate;Phthalic acid, dicyclohexyl ester",,,,,,,,,,,,,,,,,,,,,,,,,,,,,,,,,,,,,,,,,,,,,,,,,,,,,,,,,,,,,,,,,,,,,,,,,,,,,,,,,,,,,,,,,,,,,,,,,,,,,,,,,,,,,,,,,,,,,,,,,,,,,,,,Human Health Hazards#Genetic Toxicity,Genotoxicity OASIS,,,Gene mutation,,False,Categorical data,Equal,,,,,,Bacterial Reverse Mutation Assay (e.g. Ames Test),,4390,Salmonella typhimurium,,P&G,,,,,,,,,,,,,,,,,,,,,,,,,,,,,,,,,,,,,,,,,,,,,,,,,,,,,,,,,,,,,,,,,,,,,,,,,,,,,,,,,,,,,,,,,,,,,,,,,,,,,,,,,,,,,,TA 97,,in Vitro,Without S9,Gene Mutation,,,,,,,,,,,,,,,,,,,,,,,,,,,,,,,,,,,,,,,,,,,,,,,,,,,,,,,,,,,,,,,,,,,,,,,,,,,,,,,Negative,,,Gene mutation I,,,Negative,,,Gene mutation I,,
84-61-7,"1,2-Benzenedicarboxylic acid, 1,2-dicyclohexyl ester;1,2-Benzenedicarboxylic acid, dicyclohexyl ester;1,2-dicyclohexyl benzene-1,2-dicarboxylate;dicyclohexyl benzene-1,2-dicarboxylate;Dicyclohexyl phthalate;dicyclohexyl phthalate (1,2-benzenedicarboxylic acid, dicyclohexyl ester);Dicyclohexyl phthalate [DCHP];Dicyclohexyl_Phthalate;Phthalic acid, dicyclohexyl ester",,,,,,,,,,,,,,,,,,,,,,,,,,,,,,,,,,,,,,,,,,,,,,,,,,,,,,,,,,,,,,,,,,,,,,,,,,,,,,,,,,,,,,,,,,,,,,,,,,,,,,,,,,,,,,,,,,,,,,,,,,,,,,,,Human Health Hazards#Genetic Toxicity,Genotoxicity OASIS,,,Gene mutation,,False,Categorical data,Equal,,,,,,Bacterial Reverse Mutation Assay (e.g. Ames Test),,4391,Salmonella typhimurium,,P&G,,,,,,,,,,,,,,,,,,,,,,,,,,,,,,,,,,,,,,,,,,,,,,,,,,,,,,,,,,,,,,,,,,,,,,,,,,,,,,,,,,,,,,,,,,,,,,,,,,,,,,,,,,,,,,TA 98,,in Vitro,Without S9,Gene Mutation,,,,,,,,,,,,,,,,,,,,,,,,,,,,,,,,,,,,,,,,,,,,,,,,,,,,,,,,,,,,,,,,,,,,,,,,,,,,,,,Negative,,,Gene mutation I,,,Negative,,,Gene mutation I,,
84-61-7,"1,2-Benzenedicarboxylic acid, 1,2-dicyclohexyl ester;1,2-Benzenedicarboxylic acid, dicyclohexyl ester;1,2-dicyclohexyl benzene-1,2-dicarboxylate;dicyclohexyl benzene-1,2-dicarboxylate;Dicyclohexyl phthalate;dicyclohexyl phthalate (1,2-benzenedicarboxylic acid, dicyclohexyl ester);Dicyclohexyl phthalate [DCHP];Dicyclohexyl_Phthalate;Phthalic acid, dicyclohexyl ester",,,,,,,,,,,,,,,,,,,,,,,,,,,,,,,,,,,,,,,,,,,,,,,,,,,,,,,,,,,,,,,,,,,,,,,,,,,,,,,,,,,,,,,,,,,,,,,,,,,,,,,,,,,,,,,,,,,,,,,,,,,,,,,,Human Health Hazards#Genetic Toxicity,Bacterial mutagenicity ISSSTY,02.5.2011,,Gene mutation,,False,Categorical data,Equal,"CCRIS database,Toxnet databases",,,,,Bacterial Reverse Mutation Assay (e.g. Ames Test),,3672,Salmonella typhimurium,,Romualdo Benigni,,,,,,,,,,,,,,,,,,,,,,,,,,,,,,,,,,,,,,,,,,,,,,,,,,,,,,,,,,,,,,,,,,,,,,,,,,,,,,,,,,,,,,,,,,,,,,,,,,,,,,,,,,,,,,TA 98,,in Vitro,Without S9,Gene Mutation,,Negative,1644,,,,,,,,,,,,,,,,,,,,,,,,,,,,,,,,,,,,,,,,,,,,,,,,,,,,,,,,,,,,,,,,,,,,,,,,,,,,Negative,,,Gene mutation I,,,Negative,,,Gene mutation I,,
84-61-7,"1,2-Benzenedicarboxylic acid, 1,2-dicyclohexyl ester;1,2-Benzenedicarboxylic acid, dicyclohexyl ester;1,2-dicyclohexyl benzene-1,2-dicarboxylate;dicyclohexyl benzene-1,2-dicarboxylate;Dicyclohexyl phthalate;dicyclohexyl phthalate (1,2-benzenedicarboxylic acid, dicyclohexyl ester);Dicyclohexyl phthalate [DCHP];Dicyclohexyl_Phthalate;Phthalic acid, dicyclohexyl ester",,,,,,,,,,,,,,,,,,,,,,,,,,,,,,,,,,,,,,,,,,,,,,,,,,,,,,,,,,,,,,,,,,,,,,,,,,,,,,,,,,,,,,,,,,,,,,,,,,,,,,,,,,,,,,,,,,,,,,,,,,,,,,,,Human Health Hazards#ToxCast,ToxCastDB,,,AC50,,False,No qualifier,Equal,,,,,,,,,Homo sapiens,,,,,,,,,,,,,,,,,,,,,,,,,,,,,,,,,,Animalia (animals),Bilateria,Chordata (chordates),Vertebrata (vertebrates),Tetrapoda,Mammalia (mammals),Primates (primates),"Hominidae (man-like primates,Great Apes)",Homo (hominoids),Deuterostomia,Gnathostomata,,,,,,,,,,,,,,,,,,,,,,,,,,,,,Theria,Haplorrhini,Simiiformes,,,Homininae (African apes),,,,,Hominoidea,,,,,,,,,,,,,,,,,,,,,,,,,,,,,,,,,,,,,Attagene Factorial Cis Ahr,http://www.attagene.com/services.php,DNA sequencer,"Multiplexed reporter gene assay; Xenobiotic response, hypoxia.",AHR,Ahr Response Element,In vitro (Cellular),Attagene,Reporter gene assay,aryl hydrocarbon receptor,Factorial reporter gene assay,Transcription Factor,Cell line,"Dioxin, FIC",HepG2,196,Eutheria,,,,,,,,,,,,,,,,,,,,,,,,,,,,,,,,,,,,,,,,,,,,,,,,,,,,,,,,,,,9.38354276995994,,mg/L,Mass concentration,,,28.399999618530273,,µM,Molar concentration,,
84-61-7,"1,2-Benzenedicarboxylic acid, 1,2-dicyclohexyl ester;1,2-Benzenedicarboxylic acid, dicyclohexyl ester;1,2-dicyclohexyl benzene-1,2-dicarboxylate;dicyclohexyl benzene-1,2-dicarboxylate;Dicyclohexyl phthalate;dicyclohexyl phthalate (1,2-benzenedicarboxylic acid, dicyclohexyl ester);Dicyclohexyl phthalate [DCHP];Dicyclohexyl_Phthalate;Phthalic acid, dicyclohexyl ester",,,,,,,,,,,,,,,,,,,,,,,,,,,,,,,,,,,,,,,,,,,,,,,,,,,,,,,,,,,,,,,,,,,,,,,,,,,,,,,,,,,,,,,,,,,,,,,,,,,,,,,,,,,,,,,,,,,,,,,,,,,,,,,,Human Health Hazards#ToxCast,ToxCastDB,,,AC50,,False,No qualifier,Equal,,,,,,,,,Homo sapiens,,,,,,,,,,,,,,,,,,,,,,,,,,,,,,,,,,Animalia (animals),Bilateria,Chordata (chordates),Vertebrata (vertebrates),Tetrapoda,Mammalia (mammals),Primates (primates),"Hominidae (man-like primates,Great Apes)",Homo (hominoids),Deuterostomia,Gnathostomata,,,,,,,,,,,,,,,,,,,,,,,,,,,,,Theria,Haplorrhini,Simiiformes,,,Homininae (African apes),,,,,Hominoidea,,,,,,,,,,,,,,,,,,,,,,,,,,,,,,,,,,,,,Attagene Factorial Cis Ahr,http://www.attagene.com/services.php,DNA sequencer,"Multiplexed reporter gene assay; Xenobiotic response, hypoxia.",AHR,Ahr Response Element,In vitro (Cellular),Attagene,Reporter gene assay,aryl hydrocarbon receptor,Factorial reporter gene assay,Transcription Factor,Cell line,"Dioxin, FIC",HepG2,196,Eutheria,liver,cell line,microplate: 24-well plate,HepG2,adherent,DMSO,inducible reporter,cell-based,"Attagene Inc. is a CRO offering a unique screening service using its proprietary multiplexed pathway profiling platform, the FACTORIAL.",ATG,AhRE RTU,positive,reporter gene,multiplexed,RT-PCR and Capillary electrophoresis,protein,fold_induction,mRNA induction,cell-based,Attagene,dna binding,inducer,196,transcription factor,regulation of transcription factor activity,Fluorescence,gain,rna,0,0,basic helix-loop-helix protein,6-formylindolo carbazole,"ATG_Ahr_CIS was designed to target dna binding (basic helix-loop-helix protein) activity at the protein (transcription factor) level, specifically mapping to AHR gene(s) using a positive control of 6-formylindolo carbazole",AHR,0,0,196,Fluorescence intensity,mRNA,AHR,24,h,Time,,,,,,,,,,,,,,,,9.38354276995994,,mg/L,Mass concentration,,,28.399999618530273,,µM,Molar concentration,,
84-61-7,"1,2-Benzenedicarboxylic acid, 1,2-dicyclohexyl ester;1,2-Benzenedicarboxylic acid, dicyclohexyl ester;1,2-dicyclohexyl benzene-1,2-dicarboxylate;dicyclohexyl benzene-1,2-dicarboxylate;Dicyclohexyl phthalate;dicyclohexyl phthalate (1,2-benzenedicarboxylic acid, dicyclohexyl ester);Dicyclohexyl phthalate [DCHP];Dicyclohexyl_Phthalate;Phthalic acid, dicyclohexyl ester",,,,,,,,,,,,,,,,,,,,,,,,,,,,,,,,,,,,,,,,,,,,,,,,,,,,,,,,,,,,,,,,,,,,,,,,,,,,,,,,,,,,,,,,,,,,,,,,,,,,,,,,,,,,,,,,,,,,,,,,,,,,,,,,Human Health Hazards#ToxCast,ToxCastDB,,,AC50,,False,No qualifier,Equal,,,,,,,,,Homo sapiens,,,,,,,,,,,,,,,,,,,,,,,,,,,,,,,,,,Animalia (animals),Bilateria,Chordata (chordates),Vertebrata (vertebrates),Tetrapoda,Mammalia (mammals),Primates (primates),"Hominidae (man-like primates,Great Apes)",Homo (hominoids),Deuterostomia,Gnathostomata,,,,,,,,,,,,,,,,,,,,,,,,,,,,,Theria,Haplorrhini,Simiiformes,,,Homininae (African apes),,,,,Hominoidea,,,,,,,,,,,,,,,,,,,,,,,,,,,,,,,,,,,,,Attagene Factorial Cis AP-1,http://www.attagene.com/services.php,DNA sequencer,"Multiplexed reporter gene assay; JNK pathway, stress responses",JUN,AP-1 Response Element,In vitro (Cellular),Attagene,Reporter gene assay,jun oncogene,Factorial reporter gene assay,Transcription Factor,Cell line,"c-fos, c-jun / PMA",HepG2,3725,Eutheria,liver,cell line,microplate: 24-well plate,HepG2,adherent,DMSO,inducible reporter,cell-based,"Attagene Inc. is a CRO offering a unique screening service using its proprietary multiplexed pathway profiling platform, the FACTORIAL.",ATG,AP-1 RTU,positive,reporter gene,multiplexed,RT-PCR and Capillary electrophoresis,protein,fold_induction,mRNA induction,cell-based,Attagene,dna binding,inducer,2353,transcription factor,regulation of transcription factor activity,Fluorescence,gain,rna,0,0,basic leucine zipper,,"ATG_AP_1_CIS was designed to target dna binding (basic leucine zipper) activity at the protein (transcription factor) level, specifically mapping to JUN & FOS gene(s) using a positive control of NA",FOS,0,0,2353,Fluorescence intensity,mRNA,FOS,24,h,Time,,,,,,,,,,,,,,,,16.222955699839773,,mg/L,Mass concentration,,,49.099998474121094,,µM,Molar concentration,,
84-61-7,"1,2-Benzenedicarboxylic acid, 1,2-dicyclohexyl ester;1,2-Benzenedicarboxylic acid, dicyclohexyl ester;1,2-dicyclohexyl benzene-1,2-dicarboxylate;dicyclohexyl benzene-1,2-dicarboxylate;Dicyclohexyl phthalate;dicyclohexyl phthalate (1,2-benzenedicarboxylic acid, dicyclohexyl ester);Dicyclohexyl phthalate [DCHP];Dicyclohexyl_Phthalate;Phthalic acid, dicyclohexyl ester",,,,,,,,,,,,,,,,,,,,,,,,,,,,,,,,,,,,,,,,,,,,,,,,,,,,,,,,,,,,,,,,,,,,,,,,,,,,,,,,,,,,,,,,,,,,,,,,,,,,,,,,,,,,,,,,,,,,,,,,,,,,,,,,Human Health Hazards#ToxCast,ToxCastDB,,,AC50,,False,No qualifier,Equal,,,,,,,,,Homo sapiens,,,,,,,,,,,,,,,,,,,,,,,,,,,,,,,,,,Animalia (animals),Bilateria,Chordata (chordates),Vertebrata (vertebrates),Tetrapoda,Mammalia (mammals),Primates (primates),"Hominidae (man-like primates,Great Apes)",Homo (hominoids),Deuterostomia,Gnathostomata,,,,,,,,,,,,,,,,,,,,,,,,,,,,,Theria,Haplorrhini,Simiiformes,,,Homininae (African apes),,,,,Hominoidea,,,,,,,,,,,,,,,,,,,,,,,,,,,,,,,,,,,,,Attagene Factorial Cis AP-1,http://www.attagene.com/services.php,DNA sequencer,"Multiplexed reporter gene assay; JNK pathway, stress responses",JUN,AP-1 Response Element,In vitro (Cellular),Attagene,Reporter gene assay,jun oncogene,Factorial reporter gene assay,Transcription Factor,Cell line,"c-fos, c-jun / PMA",HepG2,3725,Eutheria,,,,,,,,,,,,,,,,,,,,,,,,,,,,,,,,,,,,,,,,,,,,,,,,,,,,,,,,,,,16.222955699839773,,mg/L,Mass concentration,,,49.099998474121094,,µM,Molar concentration,,
84-61-7,"1,2-Benzenedicarboxylic acid, 1,2-dicyclohexyl ester;1,2-Benzenedicarboxylic acid, dicyclohexyl ester;1,2-dicyclohexyl benzene-1,2-dicarboxylate;dicyclohexyl benzene-1,2-dicarboxylate;Dicyclohexyl phthalate;dicyclohexyl phthalate (1,2-benzenedicarboxylic acid, dicyclohexyl ester);Dicyclohexyl phthalate [DCHP];Dicyclohexyl_Phthalate;Phthalic acid, dicyclohexyl ester",,,,,,,,,,,,,,,,,,,,,,,,,,,,,,,,,,,,,,,,,,,,,,,,,,,,,,,,,,,,,,,,,,,,,,,,,,,,,,,,,,,,,,,,,,,,,,,,,,,,,,,,,,,,,,,,,,,,,,,,,,,,,,,,Human Health Hazards#ToxCast,ToxCastDB,,,AC50,,False,No qualifier,Equal,,,,,,,,,Homo sapiens,,,,,,,,,,,,,,,,,,,,,,,,,,,,,,,,,,Animalia (animals),Bilateria,Chordata (chordates),Vertebrata (vertebrates),Tetrapoda,Mammalia (mammals),Primates (primates),"Hominidae (man-like primates,Great Apes)",Homo (hominoids),Deuterostomia,Gnathostomata,,,,,,,,,,,,,,,,,,,,,,,,,,,,,Theria,Haplorrhini,Simiiformes,,,Homininae (African apes),,,,,Hominoidea,,,,,,,,,,,,,,,,,,,,,,,,,,,,,,,,,,,,,Attagene Factorial Cis BRE,http://www.attagene.com/services.php,DNA sequencer,Multiplexed reporter gene assay; Osteoblast differentiation,BMPR2,BMP Receptor Response element,In vitro (Cellular),Attagene,Reporter gene assay,"bone morphogenetic protein receptor, type II (serine/threonine kinase)",Factorial reporter gene assay,Transcription Factor,Cell line,BMPs,HepG2,659,Eutheria,,,,,,,,,,,,,,,,,,,,,,,,,,,,,,,,,,,,,,,,,,,,,,,,,,,,,,,,,,,24.747442860160202,,mg/L,Mass concentration,,,74.9000015258789,,µM,Molar concentration,,
84-61-7,"1,2-Benzenedicarboxylic acid, 1,2-dicyclohexyl ester;1,2-Benzenedicarboxylic acid, dicyclohexyl ester;1,2-dicyclohexyl benzene-1,2-dicarboxylate;dicyclohexyl benzene-1,2-dicarboxylate;Dicyclohexyl phthalate;dicyclohexyl phthalate (1,2-benzenedicarboxylic acid, dicyclohexyl ester);Dicyclohexyl phthalate [DCHP];Dicyclohexyl_Phthalate;Phthalic acid, dicyclohexyl ester",,,,,,,,,,,,,,,,,,,,,,,,,,,,,,,,,,,,,,,,,,,,,,,,,,,,,,,,,,,,,,,,,,,,,,,,,,,,,,,,,,,,,,,,,,,,,,,,,,,,,,,,,,,,,,,,,,,,,,,,,,,,,,,,Human Health Hazards#ToxCast,ToxCastDB,,,AC50,,False,No qualifier,Equal,,,,,,,,,Homo sapiens,,,,,,,,,,,,,,,,,,,,,,,,,,,,,,,,,,Animalia (animals),Bilateria,Chordata (chordates),Vertebrata (vertebrates),Tetrapoda,Mammalia (mammals),Primates (primates),"Hominidae (man-like primates,Great Apes)",Homo (hominoids),Deuterostomia,Gnathostomata,,,,,,,,,,,,,,,,,,,,,,,,,,,,,Theria,Haplorrhini,Simiiformes,,,Homininae (African apes),,,,,Hominoidea,,,,,,,,,,,,,,,,,,,,,,,,,,,,,,,,,,,,,Attagene Factorial Cis BRE,http://www.attagene.com/services.php,DNA sequencer,Multiplexed reporter gene assay; Osteoblast differentiation,BMPR2,BMP Receptor Response element,In vitro (Cellular),Attagene,Reporter gene assay,"bone morphogenetic protein receptor, type II (serine/threonine kinase)",Factorial reporter gene assay,Transcription Factor,Cell line,BMPs,HepG2,659,Eutheria,liver,cell line,microplate: 24-well plate,HepG2,adherent,DMSO,inducible reporter,cell-based,"Attagene Inc. is a CRO offering a unique screening service using its proprietary multiplexed pathway profiling platform, the FACTORIAL.",ATG,BRE RTU,positive,reporter gene,multiplexed,RT-PCR and Capillary electrophoresis,protein,fold_induction,mRNA induction,cell-based,Attagene,dna binding,inducer,4086,transcription factor,regulation of transcription factor activity,Fluorescence,gain,rna,0,0,nuclear factor 1,,"ATG_BRE_CIS was designed to target kinase (serine/threonine kinase) activity at the protein (transcription factor) level, specifically mapping to BMPR2 gene(s) using a positive control of NA",SMAD1,0,0,4086,Fluorescence intensity,mRNA,SMAD1,24,h,Time,,,,,,,,,,,,,,,,24.747442860160202,,mg/L,Mass concentration,,,74.9000015258789,,µM,Molar concentration,,
84-61-7,"1,2-Benzenedicarboxylic acid, 1,2-dicyclohexyl ester;1,2-Benzenedicarboxylic acid, dicyclohexyl ester;1,2-dicyclohexyl benzene-1,2-dicarboxylate;dicyclohexyl benzene-1,2-dicarboxylate;Dicyclohexyl phthalate;dicyclohexyl phthalate (1,2-benzenedicarboxylic acid, dicyclohexyl ester);Dicyclohexyl phthalate [DCHP];Dicyclohexyl_Phthalate;Phthalic acid, dicyclohexyl ester",,,,,,,,,,,,,,,,,,,,,,,,,,,,,,,,,,,,,,,,,,,,,,,,,,,,,,,,,,,,,,,,,,,,,,,,,,,,,,,,,,,,,,,,,,,,,,,,,,,,,,,,,,,,,,,,,,,,,,,,,,,,,,,,Human Health Hazards#ToxCast,ToxCastDB,,,AC50,,False,No qualifier,Equal,,,,,,,,,Homo sapiens,,,,,,,,,,,,,,,,,,,,,,,,,,,,,,,,,,Animalia (animals),Bilateria,Chordata (chordates),Vertebrata (vertebrates),Tetrapoda,Mammalia (mammals),Primates (primates),"Hominidae (man-like primates,Great Apes)",Homo (hominoids),Deuterostomia,Gnathostomata,,,,,,,,,,,,,,,,,,,,,,,,,,,,,Theria,Haplorrhini,Simiiformes,,,Homininae (African apes),,,,,Hominoidea,,,,,,,,,,,,,,,,,,,,,,,,,,,,,,,,,,,,,Attagene Factorial Cis CMV,http://www.attagene.com/services.php,DNA sequencer,Multiplexed reporter gene assay; Viral promoter,,viral promoter,In vitro (Cellular),Attagene,Reporter gene assay,,Factorial reporter gene assay,Transcription Factor,Cell line,N/A,HepG2,,Eutheria,,,,,,,,,,,,,,,,,,,,,,,,,,,,,,,,,,,,,,,,,,,,,,,,,,,,,,,,,,,33.70145687999998,,mg/L,Mass concentration,,,102,,µM,Molar concentration,,
84-61-7,"1,2-Benzenedicarboxylic acid, 1,2-dicyclohexyl ester;1,2-Benzenedicarboxylic acid, dicyclohexyl ester;1,2-dicyclohexyl benzene-1,2-dicarboxylate;dicyclohexyl benzene-1,2-dicarboxylate;Dicyclohexyl phthalate;dicyclohexyl phthalate (1,2-benzenedicarboxylic acid, dicyclohexyl ester);Dicyclohexyl phthalate [DCHP];Dicyclohexyl_Phthalate;Phthalic acid, dicyclohexyl ester",,,,,,,,,,,,,,,,,,,,,,,,,,,,,,,,,,,,,,,,,,,,,,,,,,,,,,,,,,,,,,,,,,,,,,,,,,,,,,,,,,,,,,,,,,,,,,,,,,,,,,,,,,,,,,,,,,,,,,,,,,,,,,,,Human Health Hazards#ToxCast,ToxCastDB,,,AC50,,False,No qualifier,Equal,,,,,,,,,Homo sapiens,,,,,,,,,,,,,,,,,,,,,,,,,,,,,,,,,,Animalia (animals),Bilateria,Chordata (chordates),Vertebrata (vertebrates),Tetrapoda,Mammalia (mammals),Primates (primates),"Hominidae (man-like primates,Great Apes)",Homo (hominoids),Deuterostomia,Gnathostomata,,,,,,,,,,,,,,,,,,,,,,,,,,,,,Theria,Haplorrhini,Simiiformes,,,Homininae (African apes),,,,,Hominoidea,,,,,,,,,,,,,,,,,,,,,,,,,,,,,,,,,,,,,Attagene Factorial Cis CMV,http://www.attagene.com/services.php,DNA sequencer,Multiplexed reporter gene assay; Viral promoter,,viral promoter,In vitro (Cellular),Attagene,Reporter gene assay,,Factorial reporter gene assay,Transcription Factor,Cell line,N/A,HepG2,,Eutheria,liver,cell line,microplate: 24-well plate,HepG2,adherent,DMSO,inducible reporter,cell-based,"Attagene Inc. is a CRO offering a unique screening service using its proprietary multiplexed pathway profiling platform, the FACTORIAL.",ATG,CMV RTU,positive,background control,multiplexed,RT-PCR and Capillary electrophoresis,protein,fold_induction,mRNA induction,cell-based,Attagene,background measurement,inducer,0,transcription factor,regulation of transcription factor activity,Fluorescence,none,rna,0,0,internal marker,,"ATG_CMV_CIS was designed to target NA (NA) activity at the protein (transcription factor) level, specifically mapping to NA gene(s) using a positive control of NA",,0,0,0,Fluorescence intensity,mRNA,,24,h,Time,,,,,,,,,,,,,,,,33.70145687999998,,mg/L,Mass concentration,,,102,,µM,Molar concentration,,
84-61-7,"1,2-Benzenedicarboxylic acid, 1,2-dicyclohexyl ester;1,2-Benzenedicarboxylic acid, dicyclohexyl ester;1,2-dicyclohexyl benzene-1,2-dicarboxylate;dicyclohexyl benzene-1,2-dicarboxylate;Dicyclohexyl phthalate;dicyclohexyl phthalate (1,2-benzenedicarboxylic acid, dicyclohexyl ester);Dicyclohexyl phthalate [DCHP];Dicyclohexyl_Phthalate;Phthalic acid, dicyclohexyl ester",,,,,,,,,,,,,,,,,,,,,,,,,,,,,,,,,,,,,,,,,,,,,,,,,,,,,,,,,,,,,,,,,,,,,,,,,,,,,,,,,,,,,,,,,,,,,,,,,,,,,,,,,,,,,,,,,,,,,,,,,,,,,,,,Human Health Hazards#ToxCast,ToxCastDB,,,AC50,,False,No qualifier,Equal,,,,,,,,,Homo sapiens,,,,,,,,,,,,,,,,,,,,,,,,,,,,,,,,,,Animalia (animals),Bilateria,Chordata (chordates),Vertebrata (vertebrates),Tetrapoda,Mammalia (mammals),Primates (primates),"Hominidae (man-like primates,Great Apes)",Homo (hominoids),Deuterostomia,Gnathostomata,,,,,,,,,,,,,,,,,,,,,,,,,,,,,Theria,Haplorrhini,Simiiformes,,,Homininae (African apes),,,,,Hominoidea,,,,,,,,,,,,,,,,,,,,,,,,,,,,,,,,,,,,,Attagene Factorial Cis NRF2/ARE,http://www.attagene.com/services.php,DNA sequencer,Multiplexed reporter gene assay; Antioxidative Responses,NFE2L2,NRF2/AR Response Element,In vitro (Cellular),Attagene,Reporter gene assay,nuclear factor (erythroid-derived 2)-like 2,Factorial reporter gene assay,Transcription Factor,Cell line,NRF2,HepG2,4780,Eutheria,,,,,,,,,,,,,,,,,,,,,,,,,,,,,,,,,,,,,,,,,,,,,,,,,,,,,,,,,,,11.035575600160211,,mg/L,Mass concentration,,,33.400001525878906,,µM,Molar concentration,,
84-61-7,"1,2-Benzenedicarboxylic acid, 1,2-dicyclohexyl ester;1,2-Benzenedicarboxylic acid, dicyclohexyl ester;1,2-dicyclohexyl benzene-1,2-dicarboxylate;dicyclohexyl benzene-1,2-dicarboxylate;Dicyclohexyl phthalate;dicyclohexyl phthalate (1,2-benzenedicarboxylic acid, dicyclohexyl ester);Dicyclohexyl phthalate [DCHP];Dicyclohexyl_Phthalate;Phthalic acid, dicyclohexyl ester",,,,,,,,,,,,,,,,,,,,,,,,,,,,,,,,,,,,,,,,,,,,,,,,,,,,,,,,,,,,,,,,,,,,,,,,,,,,,,,,,,,,,,,,,,,,,,,,,,,,,,,,,,,,,,,,,,,,,,,,,,,,,,,,Human Health Hazards#ToxCast,ToxCastDB,,,AC50,,False,No qualifier,Equal,,,,,,,,,Homo sapiens,,,,,,,,,,,,,,,,,,,,,,,,,,,,,,,,,,Animalia (animals),Bilateria,Chordata (chordates),Vertebrata (vertebrates),Tetrapoda,Mammalia (mammals),Primates (primates),"Hominidae (man-like primates,Great Apes)",Homo (hominoids),Deuterostomia,Gnathostomata,,,,,,,,,,,,,,,,,,,,,,,,,,,,,Theria,Haplorrhini,Simiiformes,,,Homininae (African apes),,,,,Hominoidea,,,,,,,,,,,,,,,,,,,,,,,,,,,,,,,,,,,,,Attagene Factorial Cis NRF2/ARE,http://www.attagene.com/services.php,DNA sequencer,Multiplexed reporter gene assay; Antioxidative Responses,NFE2L2,NRF2/AR Response Element,In vitro (Cellular),Attagene,Reporter gene assay,nuclear factor (erythroid-derived 2)-like 2,Factorial reporter gene assay,Transcription Factor,Cell line,NRF2,HepG2,4780,Eutheria,liver,cell line,microplate: 24-well plate,HepG2,adherent,DMSO,inducible reporter,cell-based,"Attagene Inc. is a CRO offering a unique screening service using its proprietary multiplexed pathway profiling platform, the FACTORIAL.",ATG,ARE RTU,positive,reporter gene,multiplexed,RT-PCR and Capillary electrophoresis,protein,fold_induction,mRNA induction,cell-based,Attagene,dna binding,inducer,4780,transcription factor,regulation of transcription factor activity,Fluorescence,gain,rna,0,0,basic leucine zipper,,"ATG_NRF2_ARE_CIS was designed to target dna binding (basic leucine zipper) activity at the protein (transcription factor) level, specifically mapping to NFE2L2 gene(s) using a positive control of NA",NFE2L2,0,0,4780,Fluorescence intensity,mRNA,NFE2L2,24,h,Time,,,,,,,,,,,,,,,,11.035575600160211,,mg/L,Mass concentration,,,33.400001525878906,,µM,Molar concentration,,
84-61-7,"1,2-Benzenedicarboxylic acid, 1,2-dicyclohexyl ester;1,2-Benzenedicarboxylic acid, dicyclohexyl ester;1,2-dicyclohexyl benzene-1,2-dicarboxylate;dicyclohexyl benzene-1,2-dicarboxylate;Dicyclohexyl phthalate;dicyclohexyl phthalate (1,2-benzenedicarboxylic acid, dicyclohexyl ester);Dicyclohexyl phthalate [DCHP];Dicyclohexyl_Phthalate;Phthalic acid, dicyclohexyl ester",,,,,,,,,,,,,,,,,,,,,,,,,,,,,,,,,,,,,,,,,,,,,,,,,,,,,,,,,,,,,,,,,,,,,,,,,,,,,,,,,,,,,,,,,,,,,,,,,,,,,,,,,,,,,,,,,,,,,,,,,,,,,,,,Human Health Hazards#ToxCast,ToxCastDB,,,AC50,,False,No qualifier,Equal,,,,,,,,,Homo sapiens,,,,,,,,,,,,,,,,,,,,,,,,,,,,,,,,,,Animalia (animals),Bilateria,Chordata (chordates),Vertebrata (vertebrates),Tetrapoda,Mammalia (mammals),Primates (primates),"Hominidae (man-like primates,Great Apes)",Homo (hominoids),Deuterostomia,Gnathostomata,,,,,,,,,,,,,,,,,,,,,,,,,,,,,Theria,Haplorrhini,Simiiformes,,,Homininae (African apes),,,,,Hominoidea,,,,,,,,,,,,,,,,,,,,,,,,,,,,,,,,,,,,,Attagene Factorial Cis PPRE,http://www.attagene.com/services.php,DNA sequencer,Multiplexed reporter gene assay; Nuclear receptor pathway,PPARA,PPR Response Element,In vitro (Cellular),Attagene,Reporter gene assay,peroxisome proliferator-activated receptor alpha,Factorial reporter gene assay,Transcription Factor,Cell line,Rosiglitazone,HepG2,5465,Eutheria,,,,,,,,,,,,,,,,,,,,,,,,,,,,,,,,,,,,,,,,,,,,,,,,,,,,,,,,,,,8.821852200080103,,mg/L,Mass concentration,,,26.700000762939453,,µM,Molar concentration,,
84-61-7,"1,2-Benzenedicarboxylic acid, 1,2-dicyclohexyl ester;1,2-Benzenedicarboxylic acid, dicyclohexyl ester;1,2-dicyclohexyl benzene-1,2-dicarboxylate;dicyclohexyl benzene-1,2-dicarboxylate;Dicyclohexyl phthalate;dicyclohexyl phthalate (1,2-benzenedicarboxylic acid, dicyclohexyl ester);Dicyclohexyl phthalate [DCHP];Dicyclohexyl_Phthalate;Phthalic acid, dicyclohexyl ester",,,,,,,,,,,,,,,,,,,,,,,,,,,,,,,,,,,,,,,,,,,,,,,,,,,,,,,,,,,,,,,,,,,,,,,,,,,,,,,,,,,,,,,,,,,,,,,,,,,,,,,,,,,,,,,,,,,,,,,,,,,,,,,,Human Health Hazards#ToxCast,ToxCastDB,,,AC50,,False,No qualifier,Equal,,,,,,,,,Homo sapiens,,,,,,,,,,,,,,,,,,,,,,,,,,,,,,,,,,Animalia (animals),Bilateria,Chordata (chordates),Vertebrata (vertebrates),Tetrapoda,Mammalia (mammals),Primates (primates),"Hominidae (man-like primates,Great Apes)",Homo (hominoids),Deuterostomia,Gnathostomata,,,,,,,,,,,,,,,,,,,,,,,,,,,,,Theria,Haplorrhini,Simiiformes,,,Homininae (African apes),,,,,Hominoidea,,,,,,,,,,,,,,,,,,,,,,,,,,,,,,,,,,,,,Attagene Factorial Cis PPRE,http://www.attagene.com/services.php,DNA sequencer,Multiplexed reporter gene assay; Nuclear receptor pathway,PPARA,PPR Response Element,In vitro (Cellular),Attagene,Reporter gene assay,peroxisome proliferator-activated receptor alpha,Factorial reporter gene assay,Transcription Factor,Cell line,Rosiglitazone,HepG2,5465,Eutheria,liver,cell line,microplate: 24-well plate,HepG2,adherent,DMSO,inducible reporter,cell-based,"Attagene Inc. is a CRO offering a unique screening service using its proprietary multiplexed pathway profiling platform, the FACTORIAL.",ATG,PPRE RTU,positive,reporter gene,multiplexed,RT-PCR and Capillary electrophoresis,protein,fold_induction,mRNA induction,cell-based,Attagene,nuclear receptor,inducer,5465,transcription factor,regulation of transcription factor activity,Fluorescence,gain,rna,0,0,non-steroidal,Rosiglitazone,"ATG_PPRE_CIS was designed to target nuclear receptor (non-steroidal) activity at the protein (transcription factor) level, specifically mapping to PPARA & PPARD & PPARG gene(s) using a positive control of Rosiglitazone",PPARA,0,0,5465,Fluorescence intensity,mRNA,PPARA,24,h,Time,,,,,,,,,,,,,,,,8.821852200080103,,mg/L,Mass concentration,,,26.700000762939453,,µM,Molar concentration,,
84-61-7,"1,2-Benzenedicarboxylic acid, 1,2-dicyclohexyl ester;1,2-Benzenedicarboxylic acid, dicyclohexyl ester;1,2-dicyclohexyl benzene-1,2-dicarboxylate;dicyclohexyl benzene-1,2-dicarboxylate;Dicyclohexyl phthalate;dicyclohexyl phthalate (1,2-benzenedicarboxylic acid, dicyclohexyl ester);Dicyclohexyl phthalate [DCHP];Dicyclohexyl_Phthalate;Phthalic acid, dicyclohexyl ester",,,,,,,,,,,,,,,,,,,,,,,,,,,,,,,,,,,,,,,,,,,,,,,,,,,,,,,,,,,,,,,,,,,,,,,,,,,,,,,,,,,,,,,,,,,,,,,,,,,,,,,,,,,,,,,,,,,,,,,,,,,,,,,,Human Health Hazards#ToxCast,ToxCastDB,,,AC50,,False,No qualifier,Equal,,,,,,,,,Homo sapiens,,,,,,,,,,,,,,,,,,,,,,,,,,,,,,,,,,Animalia (animals),Bilateria,Chordata (chordates),Vertebrata (vertebrates),Tetrapoda,Mammalia (mammals),Primates (primates),"Hominidae (man-like primates,Great Apes)",Homo (hominoids),Deuterostomia,Gnathostomata,,,,,,,,,,,,,,,,,,,,,,,,,,,,,Theria,Haplorrhini,Simiiformes,,,Homininae (African apes),,,,,Hominoidea,,,,,,,,,,,,,,,,,,,,,,,,,,,,,,,,,,,,,Attagene Factorial Cis PXRE,http://www.attagene.com/services.php,DNA sequencer,Multiplexed reporter gene assay; Nuclear receptor pathway,NR1I2,PXR Response Element,In vitro (Cellular),Attagene,Reporter gene assay,"nuclear receptor subfamily 1, group I, member 2",Factorial reporter gene assay,Transcription Factor,Cell line,Rifampicin,HepG2,8856,Eutheria,,,,,,,,,,,,,,,,,,,,,,,,,,,,,,,,,,,,,,,,,,,,,,,,,,,,,,,,,,,0.2960441793779038,,mg/L,Mass concentration,,,0.8960000276565552,,µM,Molar concentration,,
84-61-7,"1,2-Benzenedicarboxylic acid, 1,2-dicyclohexyl ester;1,2-Benzenedicarboxylic acid, dicyclohexyl ester;1,2-dicyclohexyl benzene-1,2-dicarboxylate;dicyclohexyl benzene-1,2-dicarboxylate;Dicyclohexyl phthalate;dicyclohexyl phthalate (1,2-benzenedicarboxylic acid, dicyclohexyl ester);Dicyclohexyl phthalate [DCHP];Dicyclohexyl_Phthalate;Phthalic acid, dicyclohexyl ester",,,,,,,,,,,,,,,,,,,,,,,,,,,,,,,,,,,,,,,,,,,,,,,,,,,,,,,,,,,,,,,,,,,,,,,,,,,,,,,,,,,,,,,,,,,,,,,,,,,,,,,,,,,,,,,,,,,,,,,,,,,,,,,,Human Health Hazards#ToxCast,ToxCastDB,,,AC50,,False,No qualifier,Equal,,,,,,,,,Homo sapiens,,,,,,,,,,,,,,,,,,,,,,,,,,,,,,,,,,Animalia (animals),Bilateria,Chordata (chordates),Vertebrata (vertebrates),Tetrapoda,Mammalia (mammals),Primates (primates),"Hominidae (man-like primates,Great Apes)",Homo (hominoids),Deuterostomia,Gnathostomata,,,,,,,,,,,,,,,,,,,,,,,,,,,,,Theria,Haplorrhini,Simiiformes,,,Homininae (African apes),,,,,Hominoidea,,,,,,,,,,,,,,,,,,,,,,,,,,,,,,,,,,,,,Attagene Factorial Cis PXRE,http://www.attagene.com/services.php,DNA sequencer,Multiplexed reporter gene assay; Nuclear receptor pathway,NR1I2,PXR Response Element,In vitro (Cellular),Attagene,Reporter gene assay,"nuclear receptor subfamily 1, group I, member 2",Factorial reporter gene assay,Transcription Factor,Cell line,Rifampicin,HepG2,8856,Eutheria,liver,cell line,microplate: 24-well plate,HepG2,adherent,DMSO,inducible reporter,cell-based,"Attagene Inc. is a CRO offering a unique screening service using its proprietary multiplexed pathway profiling platform, the FACTORIAL.",ATG,PXRE RTU,positive,reporter gene,multiplexed,RT-PCR and Capillary electrophoresis,protein,fold_induction,mRNA induction,cell-based,Attagene,nuclear receptor,inducer,8856,transcription factor,regulation of transcription factor activity,Fluorescence,gain,rna,0,0,non-steroidal,Rifampicin,"ATG_PXRE_CIS was designed to target nuclear receptor (non-steroidal) activity at the protein (transcription factor) level, specifically mapping to NR1I2 gene(s) using a positive control of Rifampicin",NR1I2,0,0,8856,Fluorescence intensity,mRNA,NR1I2,24,h,Time,,,,,,,,,,,,,,,,0.2960441793779038,,mg/L,Mass concentration,,,0.8960000276565552,,µM,Molar concentration,,
84-61-7,"1,2-Benzenedicarboxylic acid, 1,2-dicyclohexyl ester;1,2-Benzenedicarboxylic acid, dicyclohexyl ester;1,2-dicyclohexyl benzene-1,2-dicarboxylate;dicyclohexyl benzene-1,2-dicarboxylate;Dicyclohexyl phthalate;dicyclohexyl phthalate (1,2-benzenedicarboxylic acid, dicyclohexyl ester);Dicyclohexyl phthalate [DCHP];Dicyclohexyl_Phthalate;Phthalic acid, dicyclohexyl ester",,,,,,,,,,,,,,,,,,,,,,,,,,,,,,,,,,,,,,,,,,,,,,,,,,,,,,,,,,,,,,,,,,,,,,,,,,,,,,,,,,,,,,,,,,,,,,,,,,,,,,,,,,,,,,,,,,,,,,,,,,,,,,,,Human Health Hazards#ToxCast,ToxCastDB,,,AC50,,False,No qualifier,Equal,,,,,,,,,Homo sapiens,,,,,,,,,,,,,,,,,,,,,,,,,,,,,,,,,,Animalia (animals),Bilateria,Chordata (chordates),Vertebrata (vertebrates),Tetrapoda,Mammalia (mammals),Primates (primates),"Hominidae (man-like primates,Great Apes)",Homo (hominoids),Deuterostomia,Gnathostomata,,,,,,,,,,,,,,,,,,,,,,,,,,,,,Theria,Haplorrhini,Simiiformes,,,Homininae (African apes),,,,,Hominoidea,,,,,,,,,,,,,,,,,,,,,,,,,,,,,,,,,,,,,Attagene Factorial Cis TGFb,http://www.attagene.com/services.php,DNA sequencer,"Multiplexed reporter gene assay;Cell Growth and differentiation, TGFb pathway",TGFB1,TGFb Response Element,In vitro (Cellular),Attagene,Reporter gene assay,"transforming growth factor, beta 1",Factorial reporter gene assay,Transcription Factor,Cell line,TGFb,HepG2,7040,Eutheria,,,,,,,,,,,,,,,,,,,,,,,,,,,,,,,,,,,,,,,,,,,,,,,,,,,,,,,,,,,27.82022123967955,,mg/L,Mass concentration,,,84.19999694824219,,µM,Molar concentration,,
84-61-7,"1,2-Benzenedicarboxylic acid, 1,2-dicyclohexyl ester;1,2-Benzenedicarboxylic acid, dicyclohexyl ester;1,2-dicyclohexyl benzene-1,2-dicarboxylate;dicyclohexyl benzene-1,2-dicarboxylate;Dicyclohexyl phthalate;dicyclohexyl phthalate (1,2-benzenedicarboxylic acid, dicyclohexyl ester);Dicyclohexyl phthalate [DCHP];Dicyclohexyl_Phthalate;Phthalic acid, dicyclohexyl ester",,,,,,,,,,,,,,,,,,,,,,,,,,,,,,,,,,,,,,,,,,,,,,,,,,,,,,,,,,,,,,,,,,,,,,,,,,,,,,,,,,,,,,,,,,,,,,,,,,,,,,,,,,,,,,,,,,,,,,,,,,,,,,,,Human Health Hazards#ToxCast,ToxCastDB,,,AC50,,False,No qualifier,Equal,,,,,,,,,Homo sapiens,,,,,,,,,,,,,,,,,,,,,,,,,,,,,,,,,,Animalia (animals),Bilateria,Chordata (chordates),Vertebrata (vertebrates),Tetrapoda,Mammalia (mammals),Primates (primates),"Hominidae (man-like primates,Great Apes)",Homo (hominoids),Deuterostomia,Gnathostomata,,,,,,,,,,,,,,,,,,,,,,,,,,,,,Theria,Haplorrhini,Simiiformes,,,Homininae (African apes),,,,,Hominoidea,,,,,,,,,,,,,,,,,,,,,,,,,,,,,,,,,,,,,Attagene Factorial Cis TGFb,http://www.attagene.com/services.php,DNA sequencer,"Multiplexed reporter gene assay;Cell Growth and differentiation, TGFb pathway",TGFB1,TGFb Response Element,In vitro (Cellular),Attagene,Reporter gene assay,"transforming growth factor, beta 1",Factorial reporter gene assay,Transcription Factor,Cell line,TGFb,HepG2,7040,Eutheria,liver,cell line,microplate: 24-well plate,HepG2,adherent,DMSO,inducible reporter,cell-based,"Attagene Inc. is a CRO offering a unique screening service using its proprietary multiplexed pathway profiling platform, the FACTORIAL.",ATG,TGF RTU,positive,reporter gene,multiplexed,RT-PCR and Capillary electrophoresis,protein,fold_induction,mRNA induction,cell-based,Attagene,growth factor,inducer,7040,transcription factor,regulation of transcription factor activity,Fluorescence,gain,rna,0,0,transforming growth factor beta,,"ATG_TGFb_CIS was designed to target cytokine (growth factor) activity at the protein (transcription factor) level, specifically mapping to TGFB1 gene(s) using a positive control of NA",TGFB1,0,0,7040,Fluorescence intensity,mRNA,TGFB1,24,h,Time,,,,,,,,,,,,,,,,27.82022123967955,,mg/L,Mass concentration,,,84.19999694824219,,µM,Molar concentration,,
84-61-7,"1,2-Benzenedicarboxylic acid, 1,2-dicyclohexyl ester;1,2-Benzenedicarboxylic acid, dicyclohexyl ester;1,2-dicyclohexyl benzene-1,2-dicarboxylate;dicyclohexyl benzene-1,2-dicarboxylate;Dicyclohexyl phthalate;dicyclohexyl phthalate (1,2-benzenedicarboxylic acid, dicyclohexyl ester);Dicyclohexyl phthalate [DCHP];Dicyclohexyl_Phthalate;Phthalic acid, dicyclohexyl ester",,,,,,,,,,,,,,,,,,,,,,,,,,,,,,,,,,,,,,,,,,,,,,,,,,,,,,,,,,,,,,,,,,,,,,,,,,,,,,,,,,,,,,,,,,,,,,,,,,,,,,,,,,,,,,,,,,,,,,,,,,,,,,,,Human Health Hazards#ToxCast,ToxCastDB,,,AC50,,False,No qualifier,Equal,,,,,,,,,Homo sapiens,,,,,,,,,,,,,,,,,,,,,,,,,,,,,,,,,,Animalia (animals),Bilateria,Chordata (chordates),Vertebrata (vertebrates),Tetrapoda,Mammalia (mammals),Primates (primates),"Hominidae (man-like primates,Great Apes)",Homo (hominoids),Deuterostomia,Gnathostomata,,,,,,,,,,,,,,,,,,,,,,,,,,,,,Theria,Haplorrhini,Simiiformes,,,Homininae (African apes),,,,,Hominoidea,,,,,,,,,,,,,,,,,,,,,,,,,,,,,,,,,,,,,Attagene Factorial Cis VDRE,http://www.attagene.com/services.php,DNA sequencer,Multiplexed reporter gene assay; Nuclear receptor pathway,CYP27B1,VDR response element,In vitro (Cellular),Attagene,Reporter gene assay,"cytochrome P450, family 27, subfamily B, polypeptide 1",Factorial reporter gene assay,Transcription Factor,Cell line,"1a, 25-Dihydroxyvitamin D3",HepG2,1594,Eutheria,,,,,,,,,,,,,,,,,,,,,,,,,,,,,,,,,,,,,,,,,,,,,,,,,,,,,,,,,,,1.5463020824819746,,mg/L,Mass concentration,,,4.679999828338623,,µM,Molar concentration,,
84-61-7,"1,2-Benzenedicarboxylic acid, 1,2-dicyclohexyl ester;1,2-Benzenedicarboxylic acid, dicyclohexyl ester;1,2-dicyclohexyl benzene-1,2-dicarboxylate;dicyclohexyl benzene-1,2-dicarboxylate;Dicyclohexyl phthalate;dicyclohexyl phthalate (1,2-benzenedicarboxylic acid, dicyclohexyl ester);Dicyclohexyl phthalate [DCHP];Dicyclohexyl_Phthalate;Phthalic acid, dicyclohexyl ester",,,,,,,,,,,,,,,,,,,,,,,,,,,,,,,,,,,,,,,,,,,,,,,,,,,,,,,,,,,,,,,,,,,,,,,,,,,,,,,,,,,,,,,,,,,,,,,,,,,,,,,,,,,,,,,,,,,,,,,,,,,,,,,,Human Health Hazards#ToxCast,ToxCastDB,,,AC50,,False,No qualifier,Equal,,,,,,,,,Homo sapiens,,,,,,,,,,,,,,,,,,,,,,,,,,,,,,,,,,Animalia (animals),Bilateria,Chordata (chordates),Vertebrata (vertebrates),Tetrapoda,Mammalia (mammals),Primates (primates),"Hominidae (man-like primates,Great Apes)",Homo (hominoids),Deuterostomia,Gnathostomata,,,,,,,,,,,,,,,,,,,,,,,,,,,,,Theria,Haplorrhini,Simiiformes,,,Homininae (African apes),,,,,Hominoidea,,,,,,,,,,,,,,,,,,,,,,,,,,,,,,,,,,,,,Attagene Factorial Cis VDRE,http://www.attagene.com/services.php,DNA sequencer,Multiplexed reporter gene assay; Nuclear receptor pathway,CYP27B1,VDR response element,In vitro (Cellular),Attagene,Reporter gene assay,"cytochrome P450, family 27, subfamily B, polypeptide 1",Factorial reporter gene assay,Transcription Factor,Cell line,"1a, 25-Dihydroxyvitamin D3",HepG2,1594,Eutheria,liver,cell line,microplate: 24-well plate,HepG2,adherent,DMSO,inducible reporter,cell-based,"Attagene Inc. is a CRO offering a unique screening service using its proprietary multiplexed pathway profiling platform, the FACTORIAL.",ATG,VDRE RTU,positive,reporter gene,multiplexed,RT-PCR and Capillary electrophoresis,protein,fold_induction,mRNA induction,cell-based,Attagene,nuclear receptor,inducer,7421,transcription factor,regulation of transcription factor activity,Fluorescence,gain,rna,0,0,non-steroidal,,"ATG_VDRE_CIS was designed to target nuclear receptor (non-steroidal) activity at the protein (transcription factor) level, specifically mapping to NR1I1 gene(s) using a positive control of NA",NR1I1,0,0,7421,Fluorescence intensity,mRNA,NR1I1,24,h,Time,,,,,,,,,,,,,,,,1.5463020824819746,,mg/L,Mass concentration,,,4.679999828338623,,µM,Molar concentration,,
84-61-7,"1,2-Benzenedicarboxylic acid, 1,2-dicyclohexyl ester;1,2-Benzenedicarboxylic acid, dicyclohexyl ester;1,2-dicyclohexyl benzene-1,2-dicarboxylate;dicyclohexyl benzene-1,2-dicarboxylate;Dicyclohexyl phthalate;dicyclohexyl phthalate (1,2-benzenedicarboxylic acid, dicyclohexyl ester);Dicyclohexyl phthalate [DCHP];Dicyclohexyl_Phthalate;Phthalic acid, dicyclohexyl ester",,,,,,,,,,,,,,,,,,,,,,,,,,,,,,,,,,,,,,,,,,,,,,,,,,,,,,,,,,,,,,,,,,,,,,,,,,,,,,,,,,,,,,,,,,,,,,,,,,,,,,,,,,,,,,,,,,,,,,,,,,,,,,,,Human Health Hazards#ToxCast,ToxCastDB,,,AC50,,False,No qualifier,Equal,,,,,,,,,Homo sapiens,,,,,,,,,,,,,,,,,,,,,,,,,,,,,,,,,,Animalia (animals),Bilateria,Chordata (chordates),Vertebrata (vertebrates),Tetrapoda,Mammalia (mammals),Primates (primates),"Hominidae (man-like primates,Great Apes)",Homo (hominoids),Deuterostomia,Gnathostomata,,,,,,,,,,,,,,,,,,,,,,,,,,,,,Theria,Haplorrhini,Simiiformes,,,Homininae (African apes),,,,,Hominoidea,,,,,,,,,,,,,,,,,,,,,,,,,,,,,,,,,,,,,Attagene Factorial Trans Era,http://www.attagene.com/services.php,DNA sequencer,Multiplexed reporter gene assay; Nuclear receptor pathway,ESR1,ERa,In vitro (Cellular),Attagene,Reporter gene assay,estrogen receptor 1,Factorial reporter gene assay,Transcription Factor,Cell line,"17b-Estradiol, Diethylstilbestrol(DES)",HepG2,2099,Eutheria,,,,,,,,,,,,,,,,,,,,,,,,,,,,,,,,,,,,,,,,,,,,,,,,,,,,,,,,,,,0.9218339549959941,,mg/L,Mass concentration,,,2.7899999618530273,,µM,Molar concentration,,
84-61-7,"1,2-Benzenedicarboxylic acid, 1,2-dicyclohexyl ester;1,2-Benzenedicarboxylic acid, dicyclohexyl ester;1,2-dicyclohexyl benzene-1,2-dicarboxylate;dicyclohexyl benzene-1,2-dicarboxylate;Dicyclohexyl phthalate;dicyclohexyl phthalate (1,2-benzenedicarboxylic acid, dicyclohexyl ester);Dicyclohexyl phthalate [DCHP];Dicyclohexyl_Phthalate;Phthalic acid, dicyclohexyl ester",,,,,,,,,,,,,,,,,,,,,,,,,,,,,,,,,,,,,,,,,,,,,,,,,,,,,,,,,,,,,,,,,,,,,,,,,,,,,,,,,,,,,,,,,,,,,,,,,,,,,,,,,,,,,,,,,,,,,,,,,,,,,,,,Human Health Hazards#ToxCast,ToxCastDB,,,AC50,,False,No qualifier,Equal,,,,,,,,,Homo sapiens,,,,,,,,,,,,,,,,,,,,,,,,,,,,,,,,,,Animalia (animals),Bilateria,Chordata (chordates),Vertebrata (vertebrates),Tetrapoda,Mammalia (mammals),Primates (primates),"Hominidae (man-like primates,Great Apes)",Homo (hominoids),Deuterostomia,Gnathostomata,,,,,,,,,,,,,,,,,,,,,,,,,,,,,Theria,Haplorrhini,Simiiformes,,,Homininae (African apes),,,,,Hominoidea,,,,,,,,,,,,,,,,,,,,,,,,,,,,,,,,,,,,,Attagene Factorial Trans Era,http://www.attagene.com/services.php,DNA sequencer,Multiplexed reporter gene assay; Nuclear receptor pathway,ESR1,ERa,In vitro (Cellular),Attagene,Reporter gene assay,estrogen receptor 1,Factorial reporter gene assay,Transcription Factor,Cell line,"17b-Estradiol, Diethylstilbestrol(DES)",HepG2,2099,Eutheria,liver,cell line,microplate: 24-well plate,HepG2,adherent,DMSO,inducible reporter,cell-based,"Attagene Inc. is a CRO offering a unique screening service using its proprietary multiplexed pathway profiling platform, the FACTORIAL.",ATG,gal4-ERa RTU,positive,reporter gene,multiplexed,RT-PCR and Capillary electrophoresis,protein,percent_activity,mRNA induction,cell-based,Attagene,nuclear receptor,inducer,2099,transcription factor,regulation of transcription factor activity,Fluorescence,gain,rna,0,0,steroidal,17b-estradiol,"ATG_ERa_TRANS was designed to target nuclear receptor (steroidal) activity at the protein (transcription factor) level, specifically mapping to ESR1 gene(s) using a positive control of 17b-estradiol",ESR1,0,0,2099,Fluorescence intensity,mRNA,ESR1,24,h,Time,,,,,,,,,,,,,,,,1.1035574812409872,,mg/L,Mass concentration,,,3.3399999141693115,,µM,Molar concentration,,
84-61-7,"1,2-Benzenedicarboxylic acid, 1,2-dicyclohexyl ester;1,2-Benzenedicarboxylic acid, dicyclohexyl ester;1,2-dicyclohexyl benzene-1,2-dicarboxylate;dicyclohexyl benzene-1,2-dicarboxylate;Dicyclohexyl phthalate;dicyclohexyl phthalate (1,2-benzenedicarboxylic acid, dicyclohexyl ester);Dicyclohexyl phthalate [DCHP];Dicyclohexyl_Phthalate;Phthalic acid, dicyclohexyl ester",,,,,,,,,,,,,,,,,,,,,,,,,,,,,,,,,,,,,,,,,,,,,,,,,,,,,,,,,,,,,,,,,,,,,,,,,,,,,,,,,,,,,,,,,,,,,,,,,,,,,,,,,,,,,,,,,,,,,,,,,,,,,,,,Human Health Hazards#ToxCast,ToxCastDB,,,AC50,,False,No qualifier,Equal,,,,,,,,,Homo sapiens,,,,,,,,,,,,,,,,,,,,,,,,,,,,,,,,,,Animalia (animals),Bilateria,Chordata (chordates),Vertebrata (vertebrates),Tetrapoda,Mammalia (mammals),Primates (primates),"Hominidae (man-like primates,Great Apes)",Homo (hominoids),Deuterostomia,Gnathostomata,,,,,,,,,,,,,,,,,,,,,,,,,,,,,Theria,Haplorrhini,Simiiformes,,,Homininae (African apes),,,,,Hominoidea,,,,,,,,,,,,,,,,,,,,,,,,,,,,,,,,,,,,,Attagene Factorial Trans FXR,http://www.attagene.com/services.php,DNA sequencer,Multiplexed reporter gene assay; nuclear receptor pathway,NR1H4,FXR,In vitro (Cellular),Attagene,Reporter gene assay,"nuclear receptor subfamily 1, group H, member 4",Factorial reporter gene assay,Transcription Factor,Cell line,CDCA,HepG2,9971,Eutheria,liver,cell line,microplate: 24-well plate,HepG2,adherent,DMSO,inducible reporter,cell-based,"Attagene Inc. is a CRO offering a unique screening service using its proprietary multiplexed pathway profiling platform, the FACTORIAL.",ATG,gal4-FXR RTU,positive,reporter gene,multiplexed,RT-PCR and Capillary electrophoresis,protein,fold_induction,mRNA induction,cell-based,Attagene,nuclear receptor,inducer,9971,transcription factor,regulation of transcription factor activity,Fluorescence,gain,rna,0,0,non-steroidal,CDCA,"ATG_FXR_TRANS was designed to target nuclear receptor (non-steroidal) activity at the protein (transcription factor) level, specifically mapping to NR1H4 gene(s) using a positive control of CDCA",NR1H4,0,0,9971,Fluorescence intensity,mRNA,NR1H4,24,h,Time,,,,,,,,,,,,,,,,4.229202495020025,,mg/L,Mass concentration,,,12.800000190734863,,µM,Molar concentration,,
84-61-7,"1,2-Benzenedicarboxylic acid, 1,2-dicyclohexyl ester;1,2-Benzenedicarboxylic acid, dicyclohexyl ester;1,2-dicyclohexyl benzene-1,2-dicarboxylate;dicyclohexyl benzene-1,2-dicarboxylate;Dicyclohexyl phthalate;dicyclohexyl phthalate (1,2-benzenedicarboxylic acid, dicyclohexyl ester);Dicyclohexyl phthalate [DCHP];Dicyclohexyl_Phthalate;Phthalic acid, dicyclohexyl ester",,,,,,,,,,,,,,,,,,,,,,,,,,,,,,,,,,,,,,,,,,,,,,,,,,,,,,,,,,,,,,,,,,,,,,,,,,,,,,,,,,,,,,,,,,,,,,,,,,,,,,,,,,,,,,,,,,,,,,,,,,,,,,,,Human Health Hazards#ToxCast,ToxCastDB,,,AC50,,False,No qualifier,Equal,,,,,,,,,Homo sapiens,,,,,,,,,,,,,,,,,,,,,,,,,,,,,,,,,,Animalia (animals),Bilateria,Chordata (chordates),Vertebrata (vertebrates),Tetrapoda,Mammalia (mammals),Primates (primates),"Hominidae (man-like primates,Great Apes)",Homo (hominoids),Deuterostomia,Gnathostomata,,,,,,,,,,,,,,,,,,,,,,,,,,,,,Theria,Haplorrhini,Simiiformes,,,Homininae (African apes),,,,,Hominoidea,,,,,,,,,,,,,,,,,,,,,,,,,,,,,,,,,,,,,Attagene Factorial Trans FXR,http://www.attagene.com/services.php,DNA sequencer,Multiplexed reporter gene assay; nuclear receptor pathway,NR1H4,FXR,In vitro (Cellular),Attagene,Reporter gene assay,"nuclear receptor subfamily 1, group H, member 4",Factorial reporter gene assay,Transcription Factor,Cell line,CDCA,HepG2,9971,Eutheria,,,,,,,,,,,,,,,,,,,,,,,,,,,,,,,,,,,,,,,,,,,,,,,,,,,,,,,,,,,4.229202495020025,,mg/L,Mass concentration,,,12.800000190734863,,µM,Molar concentration,,
84-61-7,"1,2-Benzenedicarboxylic acid, 1,2-dicyclohexyl ester;1,2-Benzenedicarboxylic acid, dicyclohexyl ester;1,2-dicyclohexyl benzene-1,2-dicarboxylate;dicyclohexyl benzene-1,2-dicarboxylate;Dicyclohexyl phthalate;dicyclohexyl phthalate (1,2-benzenedicarboxylic acid, dicyclohexyl ester);Dicyclohexyl phthalate [DCHP];Dicyclohexyl_Phthalate;Phthalic acid, dicyclohexyl ester",,,,,,,,,,,,,,,,,,,,,,,,,,,,,,,,,,,,,,,,,,,,,,,,,,,,,,,,,,,,,,,,,,,,,,,,,,,,,,,,,,,,,,,,,,,,,,,,,,,,,,,,,,,,,,,,,,,,,,,,,,,,,,,,Human Health Hazards#ToxCast,ToxCastDB,,,AC50,,False,No qualifier,Equal,,,,,,,,,Homo sapiens,,,,,,,,,,,,,,,,,,,,,,,,,,,,,,,,,,Animalia (animals),Bilateria,Chordata (chordates),Vertebrata (vertebrates),Tetrapoda,Mammalia (mammals),Primates (primates),"Hominidae (man-like primates,Great Apes)",Homo (hominoids),Deuterostomia,Gnathostomata,,,,,,,,,,,,,,,,,,,,,,,,,,,,,Theria,Haplorrhini,Simiiformes,,,Homininae (African apes),,,,,Hominoidea,,,,,,,,,,,,,,,,,,,,,,,,,,,,,,,,,,,,,Attagene Factorial Trans PPARg,http://www.attagene.com/services.php,DNA sequencer,Multiplexed reporter gene assay; nuclear receptor pathway,PPARG,PPARg,In vitro (Cellular),Attagene,Reporter gene assay,peroxisome proliferator-activated receptor gamma,Factorial reporter gene assay,Transcription Factor,Cell line,Rosiglitazone,HepG2,5468,Eutheria,,,,,,,,,,,,,,,,,,,,,,,,,,,,,,,,,,,,,,,,,,,,,,,,,,,,,,,,,,,4.724812155020024,,mg/L,Mass concentration,,,14.300000190734863,,µM,Molar concentration,,
84-61-7,"1,2-Benzenedicarboxylic acid, 1,2-dicyclohexyl ester;1,2-Benzenedicarboxylic acid, dicyclohexyl ester;1,2-dicyclohexyl benzene-1,2-dicarboxylate;dicyclohexyl benzene-1,2-dicarboxylate;Dicyclohexyl phthalate;dicyclohexyl phthalate (1,2-benzenedicarboxylic acid, dicyclohexyl ester);Dicyclohexyl phthalate [DCHP];Dicyclohexyl_Phthalate;Phthalic acid, dicyclohexyl ester",,,,,,,,,,,,,,,,,,,,,,,,,,,,,,,,,,,,,,,,,,,,,,,,,,,,,,,,,,,,,,,,,,,,,,,,,,,,,,,,,,,,,,,,,,,,,,,,,,,,,,,,,,,,,,,,,,,,,,,,,,,,,,,,Human Health Hazards#ToxCast,ToxCastDB,,,AC50,,False,No qualifier,Equal,,,,,,,,,Homo sapiens,,,,,,,,,,,,,,,,,,,,,,,,,,,,,,,,,,Animalia (animals),Bilateria,Chordata (chordates),Vertebrata (vertebrates),Tetrapoda,Mammalia (mammals),Primates (primates),"Hominidae (man-like primates,Great Apes)",Homo (hominoids),Deuterostomia,Gnathostomata,,,,,,,,,,,,,,,,,,,,,,,,,,,,,Theria,Haplorrhini,Simiiformes,,,Homininae (African apes),,,,,Hominoidea,,,,,,,,,,,,,,,,,,,,,,,,,,,,,,,,,,,,,Attagene Factorial Trans PPARg,http://www.attagene.com/services.php,DNA sequencer,Multiplexed reporter gene assay; nuclear receptor pathway,PPARG,PPARg,In vitro (Cellular),Attagene,Reporter gene assay,peroxisome proliferator-activated receptor gamma,Factorial reporter gene assay,Transcription Factor,Cell line,Rosiglitazone,HepG2,5468,Eutheria,liver,cell line,microplate: 24-well plate,HepG2,adherent,DMSO,inducible reporter,cell-based,"Attagene Inc. is a CRO offering a unique screening service using its proprietary multiplexed pathway profiling platform, the FACTORIAL.",ATG,gal4-PPARg RTU,positive,reporter gene,multiplexed,RT-PCR and Capillary electrophoresis,protein,fold_induction,mRNA induction,cell-based,Attagene,nuclear receptor,inducer,5468,transcription factor,regulation of transcription factor activity,Fluorescence,gain,rna,0,0,non-steroidal,GW7647,"ATG_PPARg_TRANS was designed to target nuclear receptor (non-steroidal) activity at the protein (transcription factor) level, specifically mapping to PPARG gene(s) using a positive control of GW7647",PPARG,0,0,5468,Fluorescence intensity,mRNA,PPARG,24,h,Time,,,,,,,,,,,,,,,,4.724812155020024,,mg/L,Mass concentration,,,14.300000190734863,,µM,Molar concentration,,
84-61-7,"1,2-Benzenedicarboxylic acid, 1,2-dicyclohexyl ester;1,2-Benzenedicarboxylic acid, dicyclohexyl ester;1,2-dicyclohexyl benzene-1,2-dicarboxylate;dicyclohexyl benzene-1,2-dicarboxylate;Dicyclohexyl phthalate;dicyclohexyl phthalate (1,2-benzenedicarboxylic acid, dicyclohexyl ester);Dicyclohexyl phthalate [DCHP];Dicyclohexyl_Phthalate;Phthalic acid, dicyclohexyl ester",,,,,,,,,,,,,,,,,,,,,,,,,,,,,,,,,,,,,,,,,,,,,,,,,,,,,,,,,,,,,,,,,,,,,,,,,,,,,,,,,,,,,,,,,,,,,,,,,,,,,,,,,,,,,,,,,,,,,,,,,,,,,,,,Human Health Hazards#ToxCast,ToxCastDB,,,AC50,,False,No qualifier,Equal,,,,,,,,,Homo sapiens,,,,,,,,,,,,,,,,,,,,,,,,,,,,,,,,,,Animalia (animals),Bilateria,Chordata (chordates),Vertebrata (vertebrates),Tetrapoda,Mammalia (mammals),Primates (primates),"Hominidae (man-like primates,Great Apes)",Homo (hominoids),Deuterostomia,Gnathostomata,,,,,,,,,,,,,,,,,,,,,,,,,,,,,Theria,Haplorrhini,Simiiformes,,,Homininae (African apes),,,,,Hominoidea,,,,,,,,,,,,,,,,,,,,,,,,,,,,,,,,,,,,,Attagene Factorial Trans PXR,http://www.attagene.com/services.php,DNA sequencer,Multiplexed reporter gene assay; Nuclear receptor pathway,NR1I2,PXR,In vitro (Cellular),Attagene,Reporter gene assay,"nuclear receptor subfamily 1, group I, member 2",Factorial reporter gene assay,Transcription Factor,Cell line,Rifampicin,HepG2,8856,Eutheria,,,,,,,,,,,,,,,,,,,,,,,,,,,,,,,,,,,,,,,,,,,,,,,,,,,,,,,,,,,0.4097039887510011,,mg/L,Mass concentration,,,1.2400000095367432,,µM,Molar concentration,,
84-61-7,"1,2-Benzenedicarboxylic acid, 1,2-dicyclohexyl ester;1,2-Benzenedicarboxylic acid, dicyclohexyl ester;1,2-dicyclohexyl benzene-1,2-dicarboxylate;dicyclohexyl benzene-1,2-dicarboxylate;Dicyclohexyl phthalate;dicyclohexyl phthalate (1,2-benzenedicarboxylic acid, dicyclohexyl ester);Dicyclohexyl phthalate [DCHP];Dicyclohexyl_Phthalate;Phthalic acid, dicyclohexyl ester",,,,,,,,,,,,,,,,,,,,,,,,,,,,,,,,,,,,,,,,,,,,,,,,,,,,,,,,,,,,,,,,,,,,,,,,,,,,,,,,,,,,,,,,,,,,,,,,,,,,,,,,,,,,,,,,,,,,,,,,,,,,,,,,Human Health Hazards#ToxCast,ToxCastDB,,,AC50,,False,No qualifier,Equal,,,,,,,,,Homo sapiens,,,,,,,,,,,,,,,,,,,,,,,,,,,,,,,,,,Animalia (animals),Bilateria,Chordata (chordates),Vertebrata (vertebrates),Tetrapoda,Mammalia (mammals),Primates (primates),"Hominidae (man-like primates,Great Apes)",Homo (hominoids),Deuterostomia,Gnathostomata,,,,,,,,,,,,,,,,,,,,,,,,,,,,,Theria,Haplorrhini,Simiiformes,,,Homininae (African apes),,,,,Hominoidea,,,,,,,,,,,,,,,,,,,,,,,,,,,,,,,,,,,,,Attagene Factorial Trans PXR,http://www.attagene.com/services.php,DNA sequencer,Multiplexed reporter gene assay; Nuclear receptor pathway,NR1I2,PXR,In vitro (Cellular),Attagene,Reporter gene assay,"nuclear receptor subfamily 1, group I, member 2",Factorial reporter gene assay,Transcription Factor,Cell line,Rifampicin,HepG2,8856,Eutheria,liver,cell line,microplate: 24-well plate,HepG2,adherent,DMSO,inducible reporter,cell-based,"Attagene Inc. is a CRO offering a unique screening service using its proprietary multiplexed pathway profiling platform, the FACTORIAL.",ATG,gal4-PXR RTU,positive,reporter gene,multiplexed,RT-PCR and Capillary electrophoresis,protein,fold_induction,mRNA induction,cell-based,Attagene,nuclear receptor,inducer,8856,transcription factor,regulation of transcription factor activity,Fluorescence,gain,rna,0,0,non-steroidal,,"ATG_PXR_TRANS was designed to target nuclear receptor (non-steroidal) activity at the protein (transcription factor) level, specifically mapping to NR1I2 gene(s) using a positive control of NA",NR1I2,0,0,8856,Fluorescence intensity,mRNA,NR1I2,24,h,Time,,,,,,,,,,,,,,,,0.4097039887510011,,mg/L,Mass concentration,,,1.2400000095367432,,µM,Molar concentration,,
84-61-7,"1,2-Benzenedicarboxylic acid, 1,2-dicyclohexyl ester;1,2-Benzenedicarboxylic acid, dicyclohexyl ester;1,2-dicyclohexyl benzene-1,2-dicarboxylate;dicyclohexyl benzene-1,2-dicarboxylate;Dicyclohexyl phthalate;dicyclohexyl phthalate (1,2-benzenedicarboxylic acid, dicyclohexyl ester);Dicyclohexyl phthalate [DCHP];Dicyclohexyl_Phthalate;Phthalic acid, dicyclohexyl ester",,,,,,,,,,,,,,,,,,,,,,,,,,,,,,,,,,,,,,,,,,,,,,,,,,,,,,,,,,,,,,,,,,,,,,,,,,,,,,,,,,,,,,,,,,,,,,,,,,,,,,,,,,,,,,,,,,,,,,,,,,,,,,,,Human Health Hazards#ToxCast,ToxCastDB,,,AC50,,False,No qualifier,Equal,,,,,,,,,Homo sapiens,,,,,,,,,,,,,,,,,,,,,,,,,,,,,,,,,,Animalia (animals),Bilateria,Chordata (chordates),Vertebrata (vertebrates),Tetrapoda,Mammalia (mammals),Primates (primates),"Hominidae (man-like primates,Great Apes)",Homo (hominoids),Deuterostomia,Gnathostomata,,,,,,,,,,,,,,,,,,,,,,,,,,,,,Theria,Haplorrhini,Simiiformes,,,Homininae (African apes),,,,,Hominoidea,,,,,,,,,,,,,,,,,,,,,,,,,,,,,,,,,,,,,Attagene Factorial Trans RXRb,http://www.attagene.com/services.php,DNA sequencer,Multiplexed reporter gene assay; Nuclear receptor pathway,RXRB,RXRb,In vitro (Cellular),Attagene,Reporter gene assay,"retinoid X receptor, beta",Factorial reporter gene assay,Transcription Factor,Cell line,9-cis-Retinoic acid,HepG2,6257,Eutheria,,,,,,,,,,,,,,,,,,,,,,,,,,,,,,,,,,,,,,,,,,,,,,,,,,,,,,,,,,,2.58047427749399,,mg/L,Mass concentration,,,7.809999942779541,,µM,Molar concentration,,
84-61-7,"1,2-Benzenedicarboxylic acid, 1,2-dicyclohexyl ester;1,2-Benzenedicarboxylic acid, dicyclohexyl ester;1,2-dicyclohexyl benzene-1,2-dicarboxylate;dicyclohexyl benzene-1,2-dicarboxylate;Dicyclohexyl phthalate;dicyclohexyl phthalate (1,2-benzenedicarboxylic acid, dicyclohexyl ester);Dicyclohexyl phthalate [DCHP];Dicyclohexyl_Phthalate;Phthalic acid, dicyclohexyl ester",,,,,,,,,,,,,,,,,,,,,,,,,,,,,,,,,,,,,,,,,,,,,,,,,,,,,,,,,,,,,,,,,,,,,,,,,,,,,,,,,,,,,,,,,,,,,,,,,,,,,,,,,,,,,,,,,,,,,,,,,,,,,,,,Human Health Hazards#ToxCast,ToxCastDB,,,AC50,,False,No qualifier,Equal,,,,,,,,,Homo sapiens,,,,,,,,,,,,,,,,,,,,,,,,,,,,,,,,,,Animalia (animals),Bilateria,Chordata (chordates),Vertebrata (vertebrates),Tetrapoda,Mammalia (mammals),Primates (primates),"Hominidae (man-like primates,Great Apes)",Homo (hominoids),Deuterostomia,Gnathostomata,,,,,,,,,,,,,,,,,,,,,,,,,,,,,Theria,Haplorrhini,Simiiformes,,,Homininae (African apes),,,,,Hominoidea,,,,,,,,,,,,,,,,,,,,,,,,,,,,,,,,,,,,,Attagene Factorial Trans RXRb,http://www.attagene.com/services.php,DNA sequencer,Multiplexed reporter gene assay; Nuclear receptor pathway,RXRB,RXRb,In vitro (Cellular),Attagene,Reporter gene assay,"retinoid X receptor, beta",Factorial reporter gene assay,Transcription Factor,Cell line,9-cis-Retinoic acid,HepG2,6257,Eutheria,liver,cell line,microplate: 24-well plate,HepG2,adherent,DMSO,inducible reporter,cell-based,"Attagene Inc. is a CRO offering a unique screening service using its proprietary multiplexed pathway profiling platform, the FACTORIAL.",ATG,gal4-RXRb RTU,positive,reporter gene,multiplexed,RT-PCR and Capillary electrophoresis,protein,fold_induction,mRNA induction,cell-based,Attagene,nuclear receptor,inducer,6257,transcription factor,regulation of transcription factor activity,Fluorescence,gain,rna,0,0,non-steroidal,,"ATG_RXRb_TRANS was designed to target nuclear receptor (non-steroidal) activity at the protein (transcription factor) level, specifically mapping to RXRB gene(s) using a positive control of NA",RXRB,0,0,6257,Fluorescence intensity,mRNA,RXRB,24,h,Time,,,,,,,,,,,,,,,,2.58047427749399,,mg/L,Mass concentration,,,7.809999942779541,,µM,Molar concentration,,
84-61-7,"1,2-Benzenedicarboxylic acid, 1,2-dicyclohexyl ester;1,2-Benzenedicarboxylic acid, dicyclohexyl ester;1,2-dicyclohexyl benzene-1,2-dicarboxylate;dicyclohexyl benzene-1,2-dicarboxylate;Dicyclohexyl phthalate;dicyclohexyl phthalate (1,2-benzenedicarboxylic acid, dicyclohexyl ester);Dicyclohexyl phthalate [DCHP];Dicyclohexyl_Phthalate;Phthalic acid, dicyclohexyl ester",,,,,,,,,,,,,,,,,,,,,,,,,,,,,,,,,,,,,,,,,,,,,,,,,,,,,,,,,,,,,,,,,,,,,,,,,,,,,,,,,,,,,,,,,,,,,,,,,,,,,,,,,,,,,,,,,,,,,,,,,,,,,,,,Human Health Hazards#ToxCast,ToxCastDB,,,AC50,,False,No qualifier,Equal,,,,,,,,,Homo sapiens,,,,,,,,,,,,,,,,,,,,,,,,,,,,,,,,,,Animalia (animals),Bilateria,Chordata (chordates),Vertebrata (vertebrates),Tetrapoda,Mammalia (mammals),Primates (primates),"Hominidae (man-like primates,Great Apes)",Homo (hominoids),Deuterostomia,Gnathostomata,,,,,,,,,,,,,,,,,,,,,,,,,,,,,Theria,Haplorrhini,Simiiformes,,,Homininae (African apes),,,,,Hominoidea,,,,,,,,,,,,,,,,,,,,,,,,,,,,,,,,,,,,,Tox21_AR_BLA_Antagonist_ratio,http://www.ncgc.nih.gov/,Antagonist,Invitrogen GeneGLAzer: SKU# 1393,AR,AR,In vitro (Cellular),NCGC,Reporter gene assay,androgen receptor,Tox21_AR_BLA_Antagonist_ratio,Nuclear Receptor,Cell line,,HEK293H,,Eutheria,kidney,cell line,microplate: 1536-well plate,HEK293T,adherent,DMSO,inducible reporter,cell-based,"Tox21 is an interagency agreement between the NIH, NTP, FDA and EPA. NIH Chemical Genomics Center (NCGC) is the primary screening facility running ultra high throughput screening assays across a large interagency-developed chemical library.",Tox21,GAL4,positive,reporter gene,single,GAL4 b-lactamase reporter gene,protein,percent_activity,beta lactamase induction,cell-based,Tox21/NCGC,nuclear receptor,substrate,367,receptor,regulation of gene expression,Fluorescence,loss,protein,460,530,steroidal,Cyproterone acetate,"Tox21_AR_BLA_Antagonist_ratio was designed to target nuclear receptor (steroidal) activity at the protein (receptor) level, specifically mapping to AR gene(s) using a positive control of Cyproterone acetate",AR,0,0,367,Fluorescence intensity,receptor,AR,24,h,Time,,,,,,,,,,,,,,,,13.216257599999992,,mg/L,Mass concentration,,,40,,µM,Molar concentration,,
84-61-7,"1,2-Benzenedicarboxylic acid, 1,2-dicyclohexyl ester;1,2-Benzenedicarboxylic acid, dicyclohexyl ester;1,2-dicyclohexyl benzene-1,2-dicarboxylate;dicyclohexyl benzene-1,2-dicarboxylate;Dicyclohexyl phthalate;dicyclohexyl phthalate (1,2-benzenedicarboxylic acid, dicyclohexyl ester);Dicyclohexyl phthalate [DCHP];Dicyclohexyl_Phthalate;Phthalic acid, dicyclohexyl ester",,,,,,,,,,,,,,,,,,,,,,,,,,,,,,,,,,,,,,,,,,,,,,,,,,,,,,,,,,,,,,,,,,,,,,,,,,,,,,,,,,,,,,,,,,,,,,,,,,,,,,,,,,,,,,,,,,,,,,,,,,,,,,,,Human Health Hazards#ToxCast,ToxCastDB,,,AC50,,False,No qualifier,Equal,,,,,,,,,Homo sapiens,,,,,,,,,,,,,,,,,,,,,,,,,,,,,,,,,,Animalia (animals),Bilateria,Chordata (chordates),Vertebrata (vertebrates),Tetrapoda,Mammalia (mammals),Primates (primates),"Hominidae (man-like primates,Great Apes)",Homo (hominoids),Deuterostomia,Gnathostomata,,,,,,,,,,,,,,,,,,,,,,,,,,,,,Theria,Haplorrhini,Simiiformes,,,Homininae (African apes),,,,,Hominoidea,,,,,,,,,,,,,,,,,,,,,,,,,,,,,,,,,,,,,Tox21_MitochondrialToxicity_ratio,http://www.ncgc.nih.gov/,,,,,In vitro (Cellular),NCGC,Reporter gene assay,,Tox21_MitochondrialToxicity_ratio,Nuclear Receptor,Cell line,,Tox21_MitochondrialToxicity_ratio,,Eutheria,liver,cell line,microplate: 1536-well plate,HepG2,adherent,DMSO,membrane potential reporter,cell-based,"Tox21 is an interagency agreement between the NIH, NTP, FDA and EPA. NIH Chemical Genomics Center (NCGC) is the primary screening facility running ultra high throughput screening assays across a large interagency-developed chemical library.",Tox21,Mito-MPS,positive,signaling,single,homogenous mitochondrial membrane potential assay,cellular,percent_activity,dye binding,cell-based,Tox21/NCGC,cell morphology,stain,0,mitochondria,mitochondrial depolarization,Fluorescence,gain,cellular,593,535,organelle conformation,FCCP,"Tox21_MitochondrialToxicity_ratio was designed to target cell morphology (organelle conformation) activity at the cellular (cellular) level, specifically mapping to NA gene(s) using a positive control of FCCP",,540,0,0,Fluorescence intensity,mitochondria,,24,h,Time,,,,,,,,,,,,,,,,10.143477960080103,,mg/L,Mass concentration,,,30.700000762939453,,µM,Molar concentration,,
84-61-7,"1,2-Benzenedicarboxylic acid, 1,2-dicyclohexyl ester;1,2-Benzenedicarboxylic acid, dicyclohexyl ester;1,2-dicyclohexyl benzene-1,2-dicarboxylate;dicyclohexyl benzene-1,2-dicarboxylate;Dicyclohexyl phthalate;dicyclohexyl phthalate (1,2-benzenedicarboxylic acid, dicyclohexyl ester);Dicyclohexyl phthalate [DCHP];Dicyclohexyl_Phthalate;Phthalic acid, dicyclohexyl ester",,,,,,,,,,,,,,,,,,,,,,,,,,,,,,,,,,,,,,,,,,,,,,,,,,,,,,,,,,,,,,,,,,,,,,,,,,,,,,,,,,,,,,,,,,,,,,,,,,,,,,,,,,,,,,,,,,,,,,,,,,,,,,,,Human Health Hazards#ToxCast,ToxCastDB,,,AC50,,False,No qualifier,Equal,,,,,,,,,Homo sapiens,,,,,,,,,,,,,,,,,,,,,,,,,,,,,,,,,,Animalia (animals),Bilateria,Chordata (chordates),Vertebrata (vertebrates),Tetrapoda,Mammalia (mammals),Primates (primates),"Hominidae (man-like primates,Great Apes)",Homo (hominoids),Deuterostomia,Gnathostomata,,,,,,,,,,,,,,,,,,,,,,,,,,,,,Theria,Haplorrhini,Simiiformes,,,Homininae (African apes),,,,,Hominoidea,,,,,,,,,,,,,,,,,,,,,,,,,,,,,,,,,,,,,Tox21_MitochondrialToxicity_rhodamine,http://www.ncgc.nih.gov/,,,,,In vitro (Cellular),NCGC,Reporter gene assay,,Tox21_MitochondrialToxicity_rhodamine,Nuclear Receptor,Cell line,,Tox21_MitochondrialToxicity_rhodamine,,Eutheria,,,,,,,,,,,,,,,,,,,,,,,,,,,,,,,,,,,,,,,,,,,,,,,,,,,,,,,,,,,11.630306940080104,,mg/L,Mass concentration,,,35.20000076293945,,µM,Molar concentration,,
84-61-7,"1,2-Benzenedicarboxylic acid, 1,2-dicyclohexyl ester;1,2-Benzenedicarboxylic acid, dicyclohexyl ester;1,2-dicyclohexyl benzene-1,2-dicarboxylate;dicyclohexyl benzene-1,2-dicarboxylate;Dicyclohexyl phthalate;dicyclohexyl phthalate (1,2-benzenedicarboxylic acid, dicyclohexyl ester);Dicyclohexyl phthalate [DCHP];Dicyclohexyl_Phthalate;Phthalic acid, dicyclohexyl ester",,,,,,,,,,,,,,,,,,,,,,,,,,,,,,,,,,,,,,,,,,,,,,,,,,,,,,,,,,,,,,,,,,,,,,,,,,,,,,,,,,,,,,,,,,,,,,,,,,,,,,,,,,,,,,,,,,,,,,,,,,,,,,,,Human Health Hazards#ToxCast,ToxCastDB,,,AC50,,False,No qualifier,Equal,,,,,,,,,Homo sapiens,,,,,,,,,,,,,,,,,,,,,,,,,,,,,,,,,,Animalia (animals),Bilateria,Chordata (chordates),Vertebrata (vertebrates),Tetrapoda,Mammalia (mammals),Primates (primates),"Hominidae (man-like primates,Great Apes)",Homo (hominoids),Deuterostomia,Gnathostomata,,,,,,,,,,,,,,,,,,,,,,,,,,,,,Theria,Haplorrhini,Simiiformes,,,Homininae (African apes),,,,,Hominoidea,,,,,,,,,,,,,,,,,,,,,,,,,,,,,,,,,,,,,Novascreen Human Peripheral-type Benzodiazepine Receptor (PBR),,,TRANSPORTER,TSPO,PBR,Competitive Binding,Novascreen,Radioactivity,translocator protein (18kDa),Human PBR 3H-PK11195,Membrane Protein,Primary Cell,PK11195,Colonic cell membranes,706,Eutheria,intestinal,tissue-based cell-free,microplate: 48-well plate,,,DMSO,binding reporter,biochemical,"NovaScreen Biosciences Corporation, a biotechnology company, provides a large diverse suite of cell-free binding and biochemical assays.",NVS,[3H]-PK11195,positive,binding,single,Filter-based radiodetection,protein,percent_activity,radioligand binding,protein single,Novascreen,transporter,ligand,706,transporter,receptor binding,Radiometry,loss,protein,0,0,cholesterol transporter,PK11195,"NVS_MP_hPBR was designed to target transporter (cholesterol transporter) activity at the protein (transporter) level, specifically mapping to TSPO gene(s) using a positive control of PK11195",TSPO,0,0,706,Scintillation counting,transporter,TSPO,1,h,Time,mitochondrial,PK11195,100-0111,Human colonic cell membranes,NCCT_v2,,,,,,,,,,,2.3524938149879824,,mg/L,Mass concentration,,,7.119999885559082,,µM,Molar concentration,,
84-61-7,"1,2-Benzenedicarboxylic acid, 1,2-dicyclohexyl ester;1,2-Benzenedicarboxylic acid, dicyclohexyl ester;1,2-dicyclohexyl benzene-1,2-dicarboxylate;dicyclohexyl benzene-1,2-dicarboxylate;Dicyclohexyl phthalate;dicyclohexyl phthalate (1,2-benzenedicarboxylic acid, dicyclohexyl ester);Dicyclohexyl phthalate [DCHP];Dicyclohexyl_Phthalate;Phthalic acid, dicyclohexyl ester",,,,,,,,,,,,,,,,,,,,,,,,,,,,,,,,,,,,,,,,,,,,,,,,,,,,,,,,,,,,,,,,,,,,,,,,,,,,,,,,,,,,,,,,,,,,,,,,,,,,,,,,,,,,,,,,,,,,,,,,,,,,,,,,Human Health Hazards#ToxCast,ToxCastDB,,,AC50,,False,No qualifier,Equal,,,,,,,,,Homo sapiens,,,,,,,,,,,,,,,,,,,,,,,,,,,,,,,,,,Animalia (animals),Bilateria,Chordata (chordates),Vertebrata (vertebrates),Tetrapoda,Mammalia (mammals),Primates (primates),"Hominidae (man-like primates,Great Apes)",Homo (hominoids),Deuterostomia,Gnathostomata,,,,,,,,,,,,,,,,,,,,,,,,,,,,,Theria,Haplorrhini,Simiiformes,,,Homininae (African apes),,,,,Hominoidea,,,,,,,,,,,,,,,,,,,,,,,,,,,,,,,,,,,,,OT_ER_ERaERa_0480,,,384-well plate,ESR1,ESR1,Cell Based,Odyssey Thera,Protein-fragment Complementation Assay +/- 5% S9 activation,,OT_ER_ERaERa_0480,ESR1/ESR1 homodimerization,Cell line,,HEK293T,2099,Eutheria,kidney,cell line,microplate: 384-well plate,HEK293T,adherent,DMSO,binding reporter,cell-based,Odyssey Thera is a drug discovery company focusing on high throughput screening with a particular focus on developing novel protein-fragment complementation assays.,OT,,positive,binding,single,Protein-fragment Complementation,pathway,percent_activity,protein fragment complementation assay,cell-based,Odyssey Thera,nuclear receptor,,2099,pathway-specified,protein stabilization,Fluorescence,gain,protein,488,635,steroidal,17b-Estradiol,"OT_ER_ERaERa_0480 was designed to target nuclear receptor (steroidal) activity at the pathway (pathway-specified) level, specifically mapping to ESR1 gene(s) using a positive control of 17b-Estradiol",ESR1,0,0.5,2099,Fluorescence intensity,receptor,ESR1,8,h,Time,,,,,,Fluorescence intensity,DMSO,,,,,,,,,10.308681180080102,,mg/L,Mass concentration,,,31.200000762939453,,µM,Molar concentration,,
84-61-7,"1,2-Benzenedicarboxylic acid, 1,2-dicyclohexyl ester;1,2-Benzenedicarboxylic acid, dicyclohexyl ester;1,2-dicyclohexyl benzene-1,2-dicarboxylate;dicyclohexyl benzene-1,2-dicarboxylate;Dicyclohexyl phthalate;dicyclohexyl phthalate (1,2-benzenedicarboxylic acid, dicyclohexyl ester);Dicyclohexyl phthalate [DCHP];Dicyclohexyl_Phthalate;Phthalic acid, dicyclohexyl ester",,,,,,,,,,,,,,,,,,,,,,,,,,,,,,,,,,,,,,,,,,,,,,,,,,,,,,,,,,,,,,,,,,,,,,,,,,,,,,,,,,,,,,,,,,,,,,,,,,,,,,,,,,,,,,,,,,,,,,,,,,,,,,,,Human Health Hazards#ToxCast,ToxCastDB,,,AC50,,False,No qualifier,Equal,,,,,,,,,Homo sapiens,,,,,,,,,,,,,,,,,,,,,,,,,,,,,,,,,,Animalia (animals),Bilateria,Chordata (chordates),Vertebrata (vertebrates),Tetrapoda,Mammalia (mammals),Primates (primates),"Hominidae (man-like primates,Great Apes)",Homo (hominoids),Deuterostomia,Gnathostomata,,,,,,,,,,,,,,,,,,,,,,,,,,,,,Theria,Haplorrhini,Simiiformes,,,Homininae (African apes),,,,,Hominoidea,,,,,,,,,,,,,,,,,,,,,,,,,,,,,,,,,,,,,OT_ER_ERaERb_0480,,,384-well plate,"ESR1, ESR2",ESR1.ESR2,Cell Based,Odyssey Thera,Protein-fragment Complementation Assay +/- 5% S9 activation,,OT_ER_ERaERb_0480,ESR1/ESR2 heterodimerization,Cell line,,HEK293T,2099,Eutheria,kidney,cell line,microplate: 384-well plate,HEK293T,adherent,DMSO,binding reporter,cell-based,Odyssey Thera is a drug discovery company focusing on high throughput screening with a particular focus on developing novel protein-fragment complementation assays.,OT,,positive,binding,single,Protein-fragment Complementation,pathway,percent_activity,protein fragment complementation assay,cell-based,Odyssey Thera,nuclear receptor,,2100,pathway-specified,protein stabilization,Fluorescence,gain,protein,488,635,steroidal,17b-Estradiol,"OT_ER_ERaERb_0480 was designed to target nuclear receptor (steroidal) activity at the pathway (pathway-specified) level, specifically mapping to ESR1 & ESR2 gene(s) using a positive control of 17b-Estradiol",ESR2,0,0.5,2100,Fluorescence intensity,receptor,ESR2,8,h,Time,,,,,,Fluorescence intensity,DMSO,,,,,,,,,12.85281102016021,,mg/L,Mass concentration,,,38.900001525878906,,µM,Molar concentration,,
84-61-7,"1,2-Benzenedicarboxylic acid, 1,2-dicyclohexyl ester;1,2-Benzenedicarboxylic acid, dicyclohexyl ester;1,2-dicyclohexyl benzene-1,2-dicarboxylate;dicyclohexyl benzene-1,2-dicarboxylate;Dicyclohexyl phthalate;dicyclohexyl phthalate (1,2-benzenedicarboxylic acid, dicyclohexyl ester);Dicyclohexyl phthalate [DCHP];Dicyclohexyl_Phthalate;Phthalic acid, dicyclohexyl ester",,,,,,,,,,,,,,,,,,,,,,,,,,,,,,,,,,,,,,,,,,,,,,,,,,,,,,,,,,,,,,,,,,,,,,,,,,,,,,,,,,,,,,,,,,,,,,,,,,,,,,,,,,,,,,,,,,,,,,,,,,,,,,,,Human Health Hazards#ToxCast,ToxCastDB,,,AC50,,False,No qualifier,Equal,,,,,,,,,Homo sapiens,,,,,,,,,,,,,,,,,,,,,,,,,,,,,,,,,,Animalia (animals),Bilateria,Chordata (chordates),Vertebrata (vertebrates),Tetrapoda,Mammalia (mammals),Primates (primates),"Hominidae (man-like primates,Great Apes)",Homo (hominoids),Deuterostomia,Gnathostomata,,,,,,,,,,,,,,,,,,,,,,,,,,,,,Theria,Haplorrhini,Simiiformes,,,Homininae (African apes),,,,,Hominoidea,,,,,,,,,,,,,,,,,,,,,,,,,,,,,,,,,,,,,OT_ER_ERbERb_0480,,,384-well plate,ESR2,ESR2,Cell Based,Odyssey Thera,Protein-fragment Complementation Assay +/- 5% S9 activation,,OT_ER_ERbERb_0480,ESR2/ESR2 homodimerization,Cell line,,HEK293T,2099,Eutheria,kidney,cell line,microplate: 384-well plate,HEK293T,adherent,DMSO,binding reporter,cell-based,Odyssey Thera is a drug discovery company focusing on high throughput screening with a particular focus on developing novel protein-fragment complementation assays.,OT,,positive,binding,single,Protein-fragment Complementation,pathway,percent_activity,protein fragment complementation assay,cell-based,Odyssey Thera,nuclear receptor,,2100,pathway-specified,protein stabilization,Fluorescence,gain,protein,488,635,steroidal,17b-Estradiol,"OT_ER_ERbERb_0480 was designed to target nuclear receptor (steroidal) activity at the pathway (pathway-specified) level, specifically mapping to ESR2 gene(s) using a positive control of 17b-Estradiol",ESR2,0,0.5,2100,Fluorescence intensity,receptor,ESR2,8,h,Time,,,,,,Fluorescence intensity,DMSO,,,,,,,,,4.097039729959944,,mg/L,Mass concentration,,,12.399999618530273,,µM,Molar concentration,,
84-61-7,"1,2-Benzenedicarboxylic acid, 1,2-dicyclohexyl ester;1,2-Benzenedicarboxylic acid, dicyclohexyl ester;1,2-dicyclohexyl benzene-1,2-dicarboxylate;dicyclohexyl benzene-1,2-dicarboxylate;Dicyclohexyl phthalate;dicyclohexyl phthalate (1,2-benzenedicarboxylic acid, dicyclohexyl ester);Dicyclohexyl phthalate [DCHP];Dicyclohexyl_Phthalate;Phthalic acid, dicyclohexyl ester",,,,,,,,,,,,,,,,,,,,,,,,,,,,,,,,,,,,,,,,,,,,,,,,,,,,,,,,,,,,,,,,,,,,,,,,,,,,,,,,,,,,,,,,,,,,,,,,,,,,,,,,,,,,,,,,,,,,,,,,,,,,,,,,Human Health Hazards#ToxCast,ToxCastDB,,,AC50,,False,No qualifier,Equal,,,,,,,,,Homo sapiens,,,,,,,,,,,,,,,,,,,,,,,,,,,,,,,,,,Animalia (animals),Bilateria,Chordata (chordates),Vertebrata (vertebrates),Tetrapoda,Mammalia (mammals),Primates (primates),"Hominidae (man-like primates,Great Apes)",Homo (hominoids),Deuterostomia,Gnathostomata,,,,,,,,,,,,,,,,,,,,,,,,,,,,,Theria,Haplorrhini,Simiiformes,,,Homininae (African apes),,,,,Hominoidea,,,,,,,,,,,,,,,,,,,,,,,,,,,,,,,,,,,,,OT_NURR1_NURR1RXRa_0480,,,384-well plate,"NURR1, RXRa",NURR1.RXRa,Cell Based,Odyssey Thera,Protein-fragment Complementation Assay,,OT_NURR1_NURR1RXRa_0480,NURR1,Cell line,,HEK293T,,Eutheria,kidney,cell line,microplate: 384-well plate,HEK293T,adherent,DMSO,binding reporter,cell-based,Odyssey Thera is a drug discovery company focusing on high throughput screening with a particular focus on developing novel protein-fragment complementation assays.,OT,,positive,binding,single,Protein-fragment Complementation,pathway,percent_activity,protein fragment complementation assay,cell-based,Odyssey Thera,nuclear receptor,,6256,pathway-specified,protein stabilization,Fluorescence,gain,protein,488,635,non-steroidal,Isoproterenol,"OT_NURR1_NURR1RXRa_0480 was designed to target nuclear receptor (non-steroidal) activity at the pathway (pathway-specified) level, specifically mapping to NR4A2 & NR4A2 gene(s) using a positive control of Isoproterenol",RXRA,0,0.5,4929,Fluorescence intensity,receptor,NR4A2,8,h,Time,,,,,,Fluorescence intensity,DMSO,,,,,,,,,11.795510160080102,,mg/L,Mass concentration,,,35.70000076293945,,µM,Molar concentration,,
84-61-7,"1,2-Benzenedicarboxylic acid, 1,2-dicyclohexyl ester;1,2-Benzenedicarboxylic acid, dicyclohexyl ester;1,2-dicyclohexyl benzene-1,2-dicarboxylate;dicyclohexyl benzene-1,2-dicarboxylate;Dicyclohexyl phthalate;dicyclohexyl phthalate (1,2-benzenedicarboxylic acid, dicyclohexyl ester);Dicyclohexyl phthalate [DCHP];Dicyclohexyl_Phthalate;Phthalic acid, dicyclohexyl ester",,,,,,,,,,,,,,,,,,,,,,,,,,,,,,,,,,,,,,,,,,,,,,,,,,,,,,,,,,,,,,,,,,,,,,,,,,,,,,,,,,,,,,,,,,,,,,,,,,,,,,,,,,,,,,,,,,,,,,,,,,,,,,,,Human Health Hazards#ToxCast,ToxCastDB,,,AC50,,False,No qualifier,Equal,,,,,,,,,Homo sapiens,,,,,,,,,,,,,,,,,,,,,,,,,,,,,,,,,,Animalia (animals),Bilateria,Chordata (chordates),Vertebrata (vertebrates),Tetrapoda,Mammalia (mammals),Primates (primates),"Hominidae (man-like primates,Great Apes)",Homo (hominoids),Deuterostomia,Gnathostomata,,,,,,,,,,,,,,,,,,,,,,,,,,,,,Theria,Haplorrhini,Simiiformes,,,Homininae (African apes),,,,,Hominoidea,,,,,,,,,,,,,,,,,,,,,,,,,,,,,,,,,,,,,OT_SRC1_SRC1FXR_0480,,,384-well plate,"FXR, SRC-1",FXR.SRC-1,Cell Based,Odyssey Thera,Protein-fragment Complementation Assay,,OT_SRC1_SRC1FXR_0480,FXR/SRC-1 heterodimerization,Cell line,,HEK293T,,Eutheria,kidney,cell line,microplate: 384-well plate,HEK293T,adherent,DMSO,binding reporter,cell-based,Odyssey Thera is a drug discovery company focusing on high throughput screening with a particular focus on developing novel protein-fragment complementation assays.,OT,,positive,binding,single,Protein-fragment Complementation,pathway,percent_activity,protein fragment complementation assay,cell-based,Odyssey Thera,nuclear receptor,,30614,pathway-specified,protein stabilization,Fluorescence,gain,protein,488,635,non-steroidal,GW4064,"OT_FXR_FXRSRC1_0480 was designed to target nuclear receptor (non-steroidal) activity at the pathway (pathway-specified) level, specifically mapping to FXR & SRC1 gene(s) using a positive control of GW4064",FXR,0,0.5,30614,Fluorescence intensity,receptor,FXR,8,h,Time,,,,,,Fluorescence intensity,DMSO,,,,,,,,,11.068615739999995,,mg/L,Mass concentration,,,33.5,,µM,Molar concentration,,
84-61-7,"1,2-Benzenedicarboxylic acid, 1,2-dicyclohexyl ester;1,2-Benzenedicarboxylic acid, dicyclohexyl ester;1,2-dicyclohexyl benzene-1,2-dicarboxylate;dicyclohexyl benzene-1,2-dicarboxylate;Dicyclohexyl phthalate;dicyclohexyl phthalate (1,2-benzenedicarboxylic acid, dicyclohexyl ester);Dicyclohexyl phthalate [DCHP];Dicyclohexyl_Phthalate;Phthalic acid, dicyclohexyl ester",,,,,,,,,,,,,,,,,,,,,,,,,,,,,,,,,,,,,,,,,,,,,,,,,,,,,,,,,,,,,,,,,,,,,,,,,,,,,,,,,,,,,,,,,,,,,,,,,,,,,,,,,,,,,,,,,,,,,,,,,,,,,,,,Human Health Hazards#ToxCast,ToxCastDB,,,AC50,,False,No qualifier,Equal,,,,,,,,,Homo sapiens,,,,,,,,,,,,,,,,,,,,,,,,,,,,,,,,,,Animalia (animals),Bilateria,Chordata (chordates),Vertebrata (vertebrates),Tetrapoda,Mammalia (mammals),Primates (primates),"Hominidae (man-like primates,Great Apes)",Homo (hominoids),Deuterostomia,Gnathostomata,,,,,,,,,,,,,,,,,,,,,,,,,,,,,Theria,Haplorrhini,Simiiformes,,,Homininae (African apes),,,,,Hominoidea,,,,,,,,,,,,,,,,,,,,,,,,,,,,,,,,,,,,,OT_SRC1_SRC1FXR_1440,,,384-well plate,"FXR, SRC-1",FXR.SRC-1,Cell Based,Odyssey Thera,Protein-fragment Complementation Assay,,OT_SRC1_SRC1FXR_1440,FXR/SRC-1 heterodimerization,Cell line,,HEK293T,,Eutheria,kidney,cell line,microplate: 384-well plate,HEK293T,adherent,DMSO,binding reporter,cell-based,Odyssey Thera is a drug discovery company focusing on high throughput screening with a particular focus on developing novel protein-fragment complementation assays.,OT,,positive,binding,single,Protein-fragment Complementation,pathway,percent_activity,protein fragment complementation assay,cell-based,Odyssey Thera,nuclear receptor,,30614,pathway-specified,protein stabilization,Fluorescence,gain,protein,488,635,non-steroidal,GW4064,"OT_FXR_FXRSRC1_1440 was designed to target nuclear receptor (non-steroidal) activity at the pathway (pathway-specified) level, specifically mapping to FXR & SRC1 gene(s) using a positive control of GW4064",FXR,0,0.5,30614,Fluorescence intensity,receptor,FXR,24,h,Time,,,,,,Fluorescence intensity,DMSO,,,,,,,,,4.757852609959943,,mg/L,Mass concentration,,,14.399999618530273,,µM,Molar concentration,,
84-61-7,"1,2-Benzenedicarboxylic acid, 1,2-dicyclohexyl ester;1,2-Benzenedicarboxylic acid, dicyclohexyl ester;1,2-dicyclohexyl benzene-1,2-dicarboxylate;dicyclohexyl benzene-1,2-dicarboxylate;Dicyclohexyl phthalate;dicyclohexyl phthalate (1,2-benzenedicarboxylic acid, dicyclohexyl ester);Dicyclohexyl phthalate [DCHP];Dicyclohexyl_Phthalate;Phthalic acid, dicyclohexyl ester",,,,,,,,,,,,,,,,,,,,,,,,,,,,,,,,,,,,,,,,,,,,,,,,,,,,,,,,,,,,,,,,,,,,,,,,,,,,,,,,,,,,,,,,,,,,,,,,,,,,,,,,,,,,,,,,,,,,,,,,,,,,,,,,Human Health Hazards#Toxicity to Reproduction,ToxRefDB US-EPA,2009,Profiling the Reproductive Toxicity of Chemicals from Multigeneration Studies in the Toxicity Reference Database (ToxRefDB),LOEL,,True,No qualifier,Equal,"Toxicological Sciences 110(1), pp 181-190",,,,Prostate Pathology and Weight ; Second generation adult parental animals or first generation juvenile (young) offspring from P1 adult animals (specific to effect)( F1),,,,Rattus norvegicus,,"Matthew T. Martin, Elizabeth Mendez, Daniel G. Corum, Richard S. Judson, Robert J. Kavlock, Daniel M. Rotroff, David J. Dix",Prostate Pathology and Weight,,,,,,,,,,,,,,,,,,,,,,,,,,,,,,,Animalia (animals),Bilateria,Chordata (chordates),Vertebrata (vertebrates),Tetrapoda,Mammalia (mammals),Rodentia (rodents),"Muridae (mice,rats,voles)",Rattus (Old World Rats),Deuterostomia,Gnathostomata,,,,,,,,,,,,,,,,,,,,,,,,,,,,,Theria,"Myomorpha (Mice,Rats,Voles,Gerbils,Hamsters,Lemmings)",,,,"Murinae (Old World rats,Old World mice)",,,,,Muroidea,,,,,,,,,,,,,,,,,,,,,,,,,,,,,,,in Vivo,,,,,,,,,,,,,,,,,,,,,,Eutheria,,,,,,,,,,,,,,,,,,,,,,,,,,,,,,,,,,,,,,,,,,,,,,,,,,,http://www.epa.gov/ncct/toxrefdb,Prostate,,,,,,,17.799999237060547,,mg/kg bdwt/d,Administered dose(mass),,,17.799999237060547,,mg/kg bdwt/d,Administered dose(mass),,
84-61-7,"1,2-Benzenedicarboxylic acid, 1,2-dicyclohexyl ester;1,2-Benzenedicarboxylic acid, dicyclohexyl ester;1,2-dicyclohexyl benzene-1,2-dicarboxylate;dicyclohexyl benzene-1,2-dicarboxylate;Dicyclohexyl phthalate;dicyclohexyl phthalate (1,2-benzenedicarboxylic acid, dicyclohexyl ester);Dicyclohexyl phthalate [DCHP];Dicyclohexyl_Phthalate;Phthalic acid, dicyclohexyl ester",,,,,,,,,,,,,,,,,,,,,,,,,,,,,,,,,,,,,,,,,,,,,,,,,,,,,,,,,,,,,,,,,,,,,,,,,,,,,,,,,,,,,,,,,,,,,,,,,,,,,,,,,,,,,,,,,,,,,,,,,,,,,,,,Human Health Hazards#Toxicity to Reproduction,ToxRefDB US-EPA,2009,Profiling the Reproductive Toxicity of Chemicals from Multigeneration Studies in the Toxicity Reference Database (ToxRefDB),LOEL,,True,No qualifier,Equal,"Toxicological Sciences 110(1), pp 181-190",,,,Liver Pathology and Weight ; Second generation adult parental animals or first generation juvenile (young) offspring from P1 adult animals (specific to effect)( F1),,,,Rattus norvegicus,,"Matthew T. Martin, Elizabeth Mendez, Daniel G. Corum, Richard S. Judson, Robert J. Kavlock, Daniel M. Rotroff, David J. Dix",Liver Pathology and Weight,,,,,,,,,,,,,,,,,,,,,,,,,,,,,,,Animalia (animals),Bilateria,Chordata (chordates),Vertebrata (vertebrates),Tetrapoda,Mammalia (mammals),Rodentia (rodents),"Muridae (mice,rats,voles)",Rattus (Old World Rats),Deuterostomia,Gnathostomata,,,,,,,,,,,,,,,,,,,,,,,,,,,,,Theria,"Myomorpha (Mice,Rats,Voles,Gerbils,Hamsters,Lemmings)",,,,"Murinae (Old World rats,Old World mice)",,,,,Muroidea,,,,,,,,,,,,,,,,,,,,,,,,,,,,,,,in Vivo,,,,,,,,,,,,,,,,,,,,,,Eutheria,,,,,,,,,,,,,,,,,,,,,,,,,,,,,,,,,,,,,,,,,,,,,,,,,,,http://www.epa.gov/ncct/toxrefdb,Liver,,,,,,,457,,mg/kg bdwt/d,Administered dose(mass),,,457,,mg/kg bdwt/d,Administered dose(mass),,
84-61-7,"1,2-Benzenedicarboxylic acid, 1,2-dicyclohexyl ester;1,2-Benzenedicarboxylic acid, dicyclohexyl ester;1,2-dicyclohexyl benzene-1,2-dicarboxylate;dicyclohexyl benzene-1,2-dicarboxylate;Dicyclohexyl phthalate;dicyclohexyl phthalate (1,2-benzenedicarboxylic acid, dicyclohexyl ester);Dicyclohexyl phthalate [DCHP];Dicyclohexyl_Phthalate;Phthalic acid, dicyclohexyl ester",,,,,,,,,,,,,,,,,,,,,,,,,,,,,,,,,,,,,,,,,,,,,,,,,,,,,,,,,,,,,,,,,,,,,,,,,,,,,,,,,,,,,,,,,,,,,,,,,,,,,,,,,,,,,,,,,,,,,,,,,,,,,,,,Human Health Hazards#Toxicity to Reproduction,ToxRefDB US-EPA,2009,Profiling the Reproductive Toxicity of Chemicals from Multigeneration Studies in the Toxicity Reference Database (ToxRefDB),LOEL,,True,No qualifier,Equal,"Toxicological Sciences 110(1), pp 181-190",,,,Kidney Pathology and Weight ; Second generation adult parental animals or first generation juvenile (young) offspring from P1 adult animals (specific to effect)( F1),,,,Rattus norvegicus,,"Matthew T. Martin, Elizabeth Mendez, Daniel G. Corum, Richard S. Judson, Robert J. Kavlock, Daniel M. Rotroff, David J. Dix",Kidney Pathology and Weight,,,,,,,,,,,,,,,,,,,,,,,,,,,,,,,Animalia (animals),Bilateria,Chordata (chordates),Vertebrata (vertebrates),Tetrapoda,Mammalia (mammals),Rodentia (rodents),"Muridae (mice,rats,voles)",Rattus (Old World Rats),Deuterostomia,Gnathostomata,,,,,,,,,,,,,,,,,,,,,,,,,,,,,Theria,"Myomorpha (Mice,Rats,Voles,Gerbils,Hamsters,Lemmings)",,,,"Murinae (Old World rats,Old World mice)",,,,,Muroidea,,,,,,,,,,,,,,,,,,,,,,,,,,,,,,,in Vivo,,,,,,,,,,,,,,,,,,,,,,Eutheria,,,,,,,,,,,,,,,,,,,,,,,,,,,,,,,,,,,,,,,,,,,,,,,,,,,http://www.epa.gov/ncct/toxrefdb,Kidney,,,,,,,457,,mg/kg bdwt/d,Administered dose(mass),,,457,,mg/kg bdwt/d,Administered dose(mass),,
84-61-7,"1,2-Benzenedicarboxylic acid, 1,2-dicyclohexyl ester;1,2-Benzenedicarboxylic acid, dicyclohexyl ester;1,2-dicyclohexyl benzene-1,2-dicarboxylate;dicyclohexyl benzene-1,2-dicarboxylate;Dicyclohexyl phthalate;dicyclohexyl phthalate (1,2-benzenedicarboxylic acid, dicyclohexyl ester);Dicyclohexyl phthalate [DCHP];Dicyclohexyl_Phthalate;Phthalic acid, dicyclohexyl ester",,,,,,,,,,,,,,,,,,,,,,,,,,,,,,,,,,,,,,,,,,,,,,,,,,,,,,,,,,,,,,,,,,,,,,,,,,,,,,,,,,,,,,,,,,,,,,,,,,,,,,,,,,,,,,,,,,,,,,,,,,,,,,,,Human Health Hazards#Toxicity to Reproduction,ToxRefDB US-EPA,2009,Profiling the Reproductive Toxicity of Chemicals from Multigeneration Studies in the Toxicity Reference Database (ToxRefDB),LOEL,,True,No qualifier,Equal,"Toxicological Sciences 110(1), pp 181-190",,,,Thyroid Pathology and Weight ; Second generation adult parental animals or first generation juvenile (young) offspring from P1 adult animals (specific to effect)( F1),,,,Rattus norvegicus,,"Matthew T. Martin, Elizabeth Mendez, Daniel G. Corum, Richard S. Judson, Robert J. Kavlock, Daniel M. Rotroff, David J. Dix",Thyroid Pathology and Weight,,,,,,,,,,,,,,,,,,,,,,,,,,,,,,,Animalia (animals),Bilateria,Chordata (chordates),Vertebrata (vertebrates),Tetrapoda,Mammalia (mammals),Rodentia (rodents),"Muridae (mice,rats,voles)",Rattus (Old World Rats),Deuterostomia,Gnathostomata,,,,,,,,,,,,,,,,,,,,,,,,,,,,,Theria,"Myomorpha (Mice,Rats,Voles,Gerbils,Hamsters,Lemmings)",,,,"Murinae (Old World rats,Old World mice)",,,,,Muroidea,,,,,,,,,,,,,,,,,,,,,,,,,,,,,,,in Vivo,,,,,,,,,,,,,,,,,,,,,,Eutheria,,,,,,,,,,,,,,,,,,,,,,,,,,,,,,,,,,,,,,,,,,,,,,,,,,,http://www.epa.gov/ncct/toxrefdb,Thyroid,,,,,,,457,,mg/kg bdwt/d,Administered dose(mass),,,457,,mg/kg bdwt/d,Administered dose(mass),,
84-61-7,"1,2-Benzenedicarboxylic acid, 1,2-dicyclohexyl ester;1,2-Benzenedicarboxylic acid, dicyclohexyl ester;1,2-dicyclohexyl benzene-1,2-dicarboxylate;dicyclohexyl benzene-1,2-dicarboxylate;Dicyclohexyl phthalate;dicyclohexyl phthalate (1,2-benzenedicarboxylic acid, dicyclohexyl ester);Dicyclohexyl phthalate [DCHP];Dicyclohexyl_Phthalate;Phthalic acid, dicyclohexyl ester",,,,,,,,,,,,,,,,,,,,,,,,,,,,,,,,,,,,,,,,,,,,,,,,,,,,,,,,,,,,,,,,,,,,,,,,,,,,,,,,,,,,,,,,,,,,,,,,,,,,,,,,,,,,,,,,,,,,,,,,,,,,,,,,Human Health Hazards#Toxicity to Reproduction,ToxRefDB US-EPA,2009,Profiling the Reproductive Toxicity of Chemicals from Multigeneration Studies in the Toxicity Reference Database (ToxRefDB),LOEL,,True,No qualifier,Equal,"Toxicological Sciences 110(1), pp 181-190",,,,Testis Pathology and Weight ; Second generation adult parental animals or first generation juvenile (young) offspring from P1 adult animals (specific to effect)( F1),,,,Rattus norvegicus,,"Matthew T. Martin, Elizabeth Mendez, Daniel G. Corum, Richard S. Judson, Robert J. Kavlock, Daniel M. Rotroff, David J. Dix",Testis Pathology and Weight,,,,,,,,,,,,,,,,,,,,,,,,,,,,,,,Animalia (animals),Bilateria,Chordata (chordates),Vertebrata (vertebrates),Tetrapoda,Mammalia (mammals),Rodentia (rodents),"Muridae (mice,rats,voles)",Rattus (Old World Rats),Deuterostomia,Gnathostomata,,,,,,,,,,,,,,,,,,,,,,,,,,,,,Theria,"Myomorpha (Mice,Rats,Voles,Gerbils,Hamsters,Lemmings)",,,,"Murinae (Old World rats,Old World mice)",,,,,Muroidea,,,,,,,,,,,,,,,,,,,,,,,,,,,,,,,in Vivo,,,,,,,,,,,,,,,,,,,,,,Eutheria,,,,,,,,,,,,,,,,,,,,,,,,,,,,,,,,,,,,,,,,,,,,,,,,,,,http://www.epa.gov/ncct/toxrefdb,Testis,,,,,,,457,,mg/kg bdwt/d,Administered dose(mass),,,457,,mg/kg bdwt/d,Administered dose(mass),,
84-61-7,"1,2-Benzenedicarboxylic acid, 1,2-dicyclohexyl ester;1,2-Benzenedicarboxylic acid, dicyclohexyl ester;1,2-dicyclohexyl benzene-1,2-dicarboxylate;dicyclohexyl benzene-1,2-dicarboxylate;Dicyclohexyl phthalate;dicyclohexyl phthalate (1,2-benzenedicarboxylic acid, dicyclohexyl ester);Dicyclohexyl phthalate [DCHP];Dicyclohexyl_Phthalate;Phthalic acid, dicyclohexyl ester",,,,,,,,,,,,,,,,,,,,,,,,,,,,,,,,,,,,,,,,,,,,,,,,,,,,,,,,,,,,,,,,,,,,,,,,,,,,,,,,,,,,,,,,,,,,,,,,,,,,,,,,,,,,,,,,,,,,,,,,,,,,,,,,Human Health Hazards#Toxicity to Reproduction,ToxRefDB US-EPA,2009,Profiling the Reproductive Toxicity of Chemicals from Multigeneration Studies in the Toxicity Reference Database (ToxRefDB),LOEL,,True,No qualifier,Equal,"Toxicological Sciences 110(1), pp 181-190",,,,Liver Pathology and Weight ; First generation adult parental animals( P1),,,,Rattus norvegicus,,"Matthew T. Martin, Elizabeth Mendez, Daniel G. Corum, Richard S. Judson, Robert J. Kavlock, Daniel M. Rotroff, David J. Dix",Liver Pathology and Weight,,,,,,,,,,,,,,,,,,,,,,,,,,,,,,,Animalia (animals),Bilateria,Chordata (chordates),Vertebrata (vertebrates),Tetrapoda,Mammalia (mammals),Rodentia (rodents),"Muridae (mice,rats,voles)",Rattus (Old World Rats),Deuterostomia,Gnathostomata,,,,,,,,,,,,,,,,,,,,,,,,,,,,,Theria,"Myomorpha (Mice,Rats,Voles,Gerbils,Hamsters,Lemmings)",,,,"Murinae (Old World rats,Old World mice)",,,,,Muroidea,,,,,,,,,,,,,,,,,,,,,,,,,,,,,,,in Vivo,,,,,,,,,,,,,,,,,,,,,,Eutheria,,,,,,,,,,,,,,,,,,,,,,,,,,,,,,,,,,,,,,,,,,,,,,,,,,,http://www.epa.gov/ncct/toxrefdb,Liver,,,,,,,402,,mg/kg bdwt/d,Administered dose(mass),,,402,,mg/kg bdwt/d,Administered dose(mass),,
84-61-7,"1,2-Benzenedicarboxylic acid, 1,2-dicyclohexyl ester;1,2-Benzenedicarboxylic acid, dicyclohexyl ester;1,2-dicyclohexyl benzene-1,2-dicarboxylate;dicyclohexyl benzene-1,2-dicarboxylate;Dicyclohexyl phthalate;dicyclohexyl phthalate (1,2-benzenedicarboxylic acid, dicyclohexyl ester);Dicyclohexyl phthalate [DCHP];Dicyclohexyl_Phthalate;Phthalic acid, dicyclohexyl ester",,,,,,,,,,,,,,,,,,,,,,,,,,,,,,,,,,,,,,,,,,,,,,,,,,,,,,,,,,,,,,,,,,,,,,,,,,,,,,,,,,,,,,,,,,,,,,,,,,,,,,,,,,,,,,,,,,,,,,,,,,,,,,,,Human Health Hazards#Toxicity to Reproduction,ToxRefDB US-EPA,2009,Profiling the Reproductive Toxicity of Chemicals from Multigeneration Studies in the Toxicity Reference Database (ToxRefDB),LOEL,,True,No qualifier,Equal,"Toxicological Sciences 110(1), pp 181-190",,,,Kidney Pathology and Weight ; First generation adult parental animals( P1),,,,Rattus norvegicus,,"Matthew T. Martin, Elizabeth Mendez, Daniel G. Corum, Richard S. Judson, Robert J. Kavlock, Daniel M. Rotroff, David J. Dix",Kidney Pathology and Weight,,,,,,,,,,,,,,,,,,,,,,,,,,,,,,,Animalia (animals),Bilateria,Chordata (chordates),Vertebrata (vertebrates),Tetrapoda,Mammalia (mammals),Rodentia (rodents),"Muridae (mice,rats,voles)",Rattus (Old World Rats),Deuterostomia,Gnathostomata,,,,,,,,,,,,,,,,,,,,,,,,,,,,,Theria,"Myomorpha (Mice,Rats,Voles,Gerbils,Hamsters,Lemmings)",,,,"Murinae (Old World rats,Old World mice)",,,,,Muroidea,,,,,,,,,,,,,,,,,,,,,,,,,,,,,,,in Vivo,,,,,,,,,,,,,,,,,,,,,,Eutheria,,,,,,,,,,,,,,,,,,,,,,,,,,,,,,,,,,,,,,,,,,,,,,,,,,,http://www.epa.gov/ncct/toxrefdb,Kidney,,,,,,,402,,mg/kg bdwt/d,Administered dose(mass),,,402,,mg/kg bdwt/d,Administered dose(mass),,
84-61-7,"1,2-Benzenedicarboxylic acid, 1,2-dicyclohexyl ester;1,2-Benzenedicarboxylic acid, dicyclohexyl ester;1,2-dicyclohexyl benzene-1,2-dicarboxylate;dicyclohexyl benzene-1,2-dicarboxylate;Dicyclohexyl phthalate;dicyclohexyl phthalate (1,2-benzenedicarboxylic acid, dicyclohexyl ester);Dicyclohexyl phthalate [DCHP];Dicyclohexyl_Phthalate;Phthalic acid, dicyclohexyl ester",,,,,,,,,,,,,,,,,,,,,,,,,,,,,,,,,,,,,,,,,,,,,,,,,,,,,,,,,,,,,,,,,,,,,,,,,,,,,,,,,,,,,,,,,,,,,,,,,,,,,,,,,,,,,,,,,,,,,,,,,,,,,,,,Human Health Hazards#Toxicity to Reproduction,ToxRefDB US-EPA,2009,Profiling the Reproductive Toxicity of Chemicals from Multigeneration Studies in the Toxicity Reference Database (ToxRefDB),LOEL,,True,No qualifier,Equal,"Toxicological Sciences 110(1), pp 181-190",,,,Thyroid Pathology and Weight ; First generation adult parental animals( P1),,,,Rattus norvegicus,,"Matthew T. Martin, Elizabeth Mendez, Daniel G. Corum, Richard S. Judson, Robert J. Kavlock, Daniel M. Rotroff, David J. Dix",Thyroid Pathology and Weight,,,,,,,,,,,,,,,,,,,,,,,,,,,,,,,Animalia (animals),Bilateria,Chordata (chordates),Vertebrata (vertebrates),Tetrapoda,Mammalia (mammals),Rodentia (rodents),"Muridae (mice,rats,voles)",Rattus (Old World Rats),Deuterostomia,Gnathostomata,,,,,,,,,,,,,,,,,,,,,,,,,,,,,Theria,"Myomorpha (Mice,Rats,Voles,Gerbils,Hamsters,Lemmings)",,,,"Murinae (Old World rats,Old World mice)",,,,,Muroidea,,,,,,,,,,,,,,,,,,,,,,,,,,,,,,,in Vivo,,,,,,,,,,,,,,,,,,,,,,Eutheria,,,,,,,,,,,,,,,,,,,,,,,,,,,,,,,,,,,,,,,,,,,,,,,,,,,http://www.epa.gov/ncct/toxrefdb,Thyroid,,,,,,,402,,mg/kg bdwt/d,Administered dose(mass),,,402,,mg/kg bdwt/d,Administered dose(mass),,
84-61-7,"1,2-Benzenedicarboxylic acid, 1,2-dicyclohexyl ester;1,2-Benzenedicarboxylic acid, dicyclohexyl ester;1,2-dicyclohexyl benzene-1,2-dicarboxylate;dicyclohexyl benzene-1,2-dicarboxylate;Dicyclohexyl phthalate;dicyclohexyl phthalate (1,2-benzenedicarboxylic acid, dicyclohexyl ester);Dicyclohexyl phthalate [DCHP];Dicyclohexyl_Phthalate;Phthalic acid, dicyclohexyl ester",,,,,,,,,,,,,,,,,,,,,,,,,,,,,,,,,,,,,,,,,,,,,,,,,,,,,,,,,,,,,,,,,,,,,,,,,,,,,,,,,,,,,,,,,,,,,,,,,,,,,,,,,,,,,,,,,,,,,,,,,,,,,,,,Human Health Hazards#Toxicity to Reproduction,Receptor Mediated Effects,2015,,Relative ARBA,,True,No qualifier,Equal,METI/CERI-Japan,,,,,,,1943,Recombinant human androgen receptor,,,,,,,,,,,,,,,,,,,,,,,,,,,,,,,,,,,,,,,,,,,,,,,,,,,,,,,,,,,,,,,,,,,,,,,,,,,,,,,,,,,,,,,,,,,,,,,,,,,,,,,,,,,,,,,,,,in Vitro,,,,,,,,,,,,,,,,,,,,,,,,,,,,,,,,,,,,,,,,,,,,,,,,,,,,,,,,,,,,,,,,,,,,,,,,,,,HTS00158,3-176,,,,,0.004540000110864639,,%,Relative binding affinity (ratio),,,0.004540000110864639,,%,Relative binding affinity (ratio),,
84-61-7,"1,2-Benzenedicarboxylic acid, 1,2-dicyclohexyl ester;1,2-Benzenedicarboxylic acid, dicyclohexyl ester;1,2-dicyclohexyl benzene-1,2-dicarboxylate;dicyclohexyl benzene-1,2-dicarboxylate;Dicyclohexyl phthalate;dicyclohexyl phthalate (1,2-benzenedicarboxylic acid, dicyclohexyl ester);Dicyclohexyl phthalate [DCHP];Dicyclohexyl_Phthalate;Phthalic acid, dicyclohexyl ester",,,,,,,,,,,,,,,,,,,,,,,,,,,,,,,,,,,,,,,,,,,,,,,,,,,,,,,,,,,,,,,,,,,,,,,,,,,,,,,,,,,,,,,,,,,,,,,,,,,,,,,,,,,,,,,,,,,,,,,,,,,,,,,,Human Health Hazards#Toxicity to Reproduction,Receptor Mediated Effects,2005,,Relative ERBA,,False,No qualifier,Equal,CERI-Japan,,,,Japan human database,,,,Human,,Akahori Y,,,,,,,,,,,,,,,,,,,,,,,,,,,,,,,,Animalia (animals),Bilateria,Chordata (chordates),Vertebrata (vertebrates),Tetrapoda,Mammalia (mammals),Primates (primates),"Hominidae (man-like primates,Great Apes)",Homo (hominoids),Deuterostomia,Gnathostomata,,,,,,,,,,,,,,,,,,,,,,,,,,,,,Theria,Haplorrhini,Simiiformes,,,Homininae (African apes),,,,,Hominoidea,,,,,,,,,,,,,,,,,,,,,,,,,,,,,,,in Vitro,,,,,,,,,,,,,,,,,,,,,,Eutheria,,,,,,,,,,,,,,,,,,,,,,,,,,,,,,,,,,,,,,,,,,,,,,,,,,,,,,,CERI-Japan,,,,0.0010499999625608325,,%,Relative binding affinity (ratio),,,0.0010499999625608325,,%,Relative binding affinity (ratio),,
84-61-7,"1,2-Benzenedicarboxylic acid, 1,2-dicyclohexyl ester;1,2-Benzenedicarboxylic acid, dicyclohexyl ester;1,2-dicyclohexyl benzene-1,2-dicarboxylate;dicyclohexyl benzene-1,2-dicarboxylate;Dicyclohexyl phthalate;dicyclohexyl phthalate (1,2-benzenedicarboxylic acid, dicyclohexyl ester);Dicyclohexyl phthalate [DCHP];Dicyclohexyl_Phthalate;Phthalic acid, dicyclohexyl ester",,,,,,,,,,,,,,,,,,,,,,,,,,,,,,,,,,,,,,,,,,,,,,,,,,,,,,,,,,,,,,,,,,,,,,,,,,,,,,,,,,,,,,,,,,,,,,,,,,,,,,,,,,,,,,,,,,,,,,,,,,,,,,,,Human Health Hazards#Toxicity to Reproduction,Receptor Mediated Effects,2015,,Relative ERBA,,True,No qualifier,Equal,METI/CERI-Japan,,,,,,,1822,Recombinant human estrogen receptor,,,,,,,,,,,,,,,,,,,,,,,,,,,,,,,,,,,,,,,,,,,,,,,,,,,,,,,,,,,,,,,,,,,,,,,,,,,,,,,,,,,,,,,,,,,,,,,,,,,,,,,,,,,,,,,,,,in Vitro,,,,,,,,,,,,,,,,,,,,,,,,,,,,,,,,,,,,,,,,,,,,,,,,,,,,,,,,,,,,,,,,,,,,,,,,,,,HTS00158,3-176,,,,,0.0010499999625608325,,%,Relative binding affinity (ratio),,,0.0010499999625608325,,%,Relative binding affinity (ratio),,







